gene	chemical_row	fitness_row	PARPi_xlsx_row	PARPi_transcript	WEE1i_xlsx_row	WEE1i_transcript
A1BG	15757	0	4	P1	4	P1
A1CF	8130	1	5	P1P2	5	P1P2
A2M	9538	2	6	P1P2	6	P1P2
A2ML1	10126	3	7	P1P2	7	P1P2
A3GALT2	6093	4	8	ENST00000442999.3	8	ENST00000442999.3
A4GALT	16088	5	9	P1P2	9	P1P2
A4GNT	3921	6	10	P1P2	10	P1P2
AAAS	18723	7	11	P1P2	11	P1P2
AACS	1828	8	12	P1P2	12	P1P2
AADAC	5019	9	13	P1P2	13	P1P2
AADACL2	15502	10	14	P1P2	14	P1P2
AADACL3	11462	11	15	P1P2	15	P1P2
AADACL4	18055	12	16	P1P2	16	P1P2
AADAT	6963	13	17	P1P2	17	P1P2
AAGAB	11437	15	19	P1P2	19	P1P2
AAK1	4010	16	20	P1P2	20	P1P2
AAMDC	14802	17	21	P1P2	21	P1P2
AAMP	15106	18	22	P1P2	22	P1P2
AANAT	1678	19	23	P1P2	23	P1P2
AAR2	3811	20	24	P1P2	24	P1P2
AARD	16777	21	25	P1P2	25	P1P2
AARS2	12222	23	27	P1P2	27	P1P2
AASDH	15971	24	29	P1P2	29	P1P2
AASDHPPT	14248	25	30	P1P2	30	P1P2
AASS	4855	26	31	P1P2	31	P1P2
AATF	2882	27	32	P1P2	32	P1P2
AATK	17962	28	33	ENST00000326724.4	33	ENST00000326724.4
ABAT	2140	29	34	P1	34	P1
ABCA1	3488	30	35	P1P2	35	P1P2
ABCA10	1294	31	36	P1P2	36	P1P2
ABCA12	4835	32	37	P1P2	37	P1P2
ABCA13	56	33	38	P1P2	38	P1P2
ABCA2	392	34	39	P1P2	39	P1P2
ABCA3	14253	35	40	P1P2	40	P1P2
ABCA4	16287	36	41	P1P2	41	P1P2
ABCA5	6052	37	42	P1P2	42	P1P2
ABCA6	12199	38	43	P1P2	43	P1P2
ABCA7	9026	39	44	P1	44	P2
ABCA8	12400	40	45	P1P2	45	P1P2
ABCA9	2491	41	46	P1P2	46	P1P2
ABCB1	321	42	47	ENST00000265724.3	47	ENST00000265724.3
ABCB10	14495	43	48	P1P2	48	P1P2
ABCB11	5169	44	49	P1P2	49	P1P2
ABCB4	3576	45	50	P1P2	50	P1P2
ABCB5	18260	46	51	P1P2	51	P1P2
ABCB6	12821	47	52	P1P2	52	P1P2
ABCB8	12797	49	53	P1P2	53	P1P2
ABCB9	7413	50	54	P1	54	P1
ABCC1	1160	51	55	P1P2	55	P1P2
ABCC10	18193	52	56	P1P2	56	P1P2
ABCC11	13068	53	57	P1	57	P2
ABCC12	8143	54	58	ENST00000311303.3	58	ENST00000311303.3
ABCC2	13071	55	59	P1P2	59	P1P2
ABCC3	6719	56	60	P1P2	60	P1P2
ABCC4	12021	57	61	P1P2	61	P1P2
ABCC5	17768	58	62	P1P2	62	P1P2
ABCC6	10363	59	63	ENST00000205557.7	63	ENST00000205557.7
ABCC8	8509	60	64	P1P2	64	P1P2
ABCC9	2850	61	65	P1P2	65	P1P2
ABCD1	4427	62	66	P1P2	66	P1P2
ABCD2	6084	63	67	P1P2	67	P1P2
ABCD3	5384	64	68	P1P2	68	P1P2
ABCD4	8720	65	69	P1P2	69	P1P2
ABCE1	5961	66	70	P1P2	70	P1P2
ABCF1	9973	67	71	P2	71	P1
ABCF2	432	68	72	P1P2	72	P1P2
ABCF3	12327	69	73	P1P2	73	P1P2
ABCG1	16482	70	74	P1P2	74	P1P2
ABCG2	17591	71	75	P1P2	75	P1P2
ABCG4	13065	72	76	P1P2	76	P1P2
ABCG5	14472	73	77	P1P2	77	P1P2
ABCG8	15119	74	78	P1P2	78	P1P2
ABHD1	11875	75	79	P1P2	79	P1P2
ABHD10	17640	76	80	P1P2	80	P1P2
ABHD11	11204	77	81	P1P2	81	P1P2
ABHD12	5240	78	82	P1P2	82	P1P2
ABHD12B	3872	79	83	P1P2	83	P1P2
ABHD13	5708	80	84	P1P2	84	P1P2
ABHD14A	3941	81	85	P1P2	85	P1P2
ABHD14B	630	82	86	P1	86	P1
ABHD15	3044	83	87	P1P2	87	P1P2
ABHD16A	1097	84	88	P1P2	88	P1P2
ABHD16B	3546	85	89	P1P2	89	P1P2
ABHD17A	16371	86	90	P1P2	90	P1P2
ABHD17B	7328	87	91	P1P2	91	P1P2
ABHD17C	18043	88	92	P1P2	92	P1P2
ABHD2	16061	90	93	P1P2	93	P1P2
ABHD3	4053	91	94	P1P2	94	P1P2
ABHD4	11921	92	95	P1P2	95	P1P2
ABHD5	2281	93	96	P1P2	96	P1P2
ABHD6	16733	94	97	P1P2	97	P1P2
ABHD8	17734	95	98	P1P2	98	P1P2
ABI1	445	96	99	P1P2	99	P1P2
ABI2	3911	97	100	P1P2	100	P1P2
ABI3	8171	98	101	P1P2	101	P1P2
ABI3BP	6909	99	102	P1P2	102	P1P2
ABL1	5400	100	103	ENST00000372348.2	103	ENST00000372348.2
ABL2	9100	101	104	P1	104	P2
ABLIM1	5152	102	105	ENST00000277895.5	105	ENST00000277895.5
ABLIM2	14924	103	106	P1P2	106	P1P2
ABLIM3	11559	104	107	P1P2	107	P1P2
ABR	2821	105	109	P1P2	109	P1P2
ABRA	12860	106	110	P1P2	110	P1P2
ABRACL	18297	107	111	P1P2	111	P1P2
ABT1	928	108	112	P1P2	112	P1P2
ABTB1	18633	109	113	P1P2	113	P1P2
ABTB2	8241	110	114	P1P2	114	P1P2
ACAA1	2057	120	115	P1P2	115	P1P2
ACAA2	16792	121	116	P1P2	116	P1P2
ACACA	18969	122	117	P1P2	117	P1P2
ACACB	5790	123	118	P1	118	P1
ACAD10	5006	124	119	P1P2	119	P1P2
ACAD11	3792	125	120	P1P2	120	P1P2
ACAD8	2405	126	121	P1P2	121	P1P2
ACAD9	6545	127	122	P1P2	122	P1P2
ACADL	2392	128	123	P1P2	123	P1P2
ACADM	18031	129	124	P1P2	124	P1P2
ACADS	11358	130	125	P1P2	125	P1P2
ACADSB	6799	131	126	P1P2	126	P1P2
ACADVL	2855	132	127	P1P2	127	P1P2
ACAN	13400	133	128	P1P2	128	P1P2
ACAP1	18821	134	129	P1P2	129	P1P2
ACAP2	8043	135	130	P1P2	130	P1P2
ACAP3	10896	136	131	P1P2	131	P1P2
ACAT1	14482	137	132	P1P2	132	P1P2
ACAT2	8901	138	133	P1P2	133	P1P2
ACBD3	12623	139	134	P1P2	134	P1P2
ACBD4	7648	140	135	P1	135	P1
ACBD5	172	141	136	P1P2	136	P1P2
ACBD6	18375	142	137	P1P2	137	P1P2
ACBD7	9502	143	138	P1P2	138	P1P2
ACCS	15549	144	139	P1P2	139	P1P2
ACCSL	12191	145	140	ENST00000378832.1	140	ENST00000378832.1
ACD	17242	146	141	P1P2	141	P1P2
ACE	18693	147	142	P1	142	P2
ACE2	9876	148	143	P1P2	143	P1P2
ACER1	9777	149	144	P1P2	144	P1P2
ACER2	15344	150	145	P1P2	145	P1P2
ACER3	10318	151	146	P1P2	146	P1P2
ACHE	18516	152	147	P1	147	P2
ACIN1	8077	153	148	P2	148	P1
ACKR2	4775	154	149	P1P2	149	P1P2
ACKR3	17779	155	150	P1	150	P2
ACKR4	16930	156	151	P1P2	151	P1P2
ACLY	2721	157	152	P1P2	152	P1P2
ACMSD	12621	158	153	P1P2	153	P1P2
ACO1	12193	160	155	P1P2	155	P1P2
ACO2	14234	161	156	P1P2	156	P1P2
ACOT11	10448	162	158	P2	158	P1
ACOT12	10062	163	159	P1P2	159	P1P2
ACOT13	18361	164	160	P1P2	160	P1P2
ACOT2	4709	165	161	P1P2	161	P1P2
ACOT4	12200	166	162	P1P2	162	P1P2
ACOT6	15951	167	163	P1P2	163	P1P2
ACOT7	2695	168	164	P1P2	164	P1P2
ACOT8	4130	169	165	P1P2	165	P1P2
ACOT9	695	170	166	P1P2	166	P1P2
ACOX1	16078	171	167	P1P2	167	P1P2
ACOX2	3205	172	168	P1	168	P2
ACOX3	1655	173	169	P2	169	P2
ACOXL	17403	174	170	P1P2	170	P1P2
ACP1	2985	175	171	P1P2	171	P1P2
ACP2	12904	176	172	P1P2	172	P1P2
ACP5	8117	177	173	P2	173	P2
ACP6	4396	178	174	P1P2	174	P1P2
ACR	15874	182	178	P1P2	178	P1P2
ACRBP	5265	183	179	P1P2	179	P1P2
ACRV1	661	185	181	P1P2	181	P1P2
ACSBG1	12203	186	182	P1P2	182	P1P2
ACSBG2	5397	187	183	P1P2	183	P1P2
ACSF2	13574	188	184	P1P2	184	P1P2
ACSF3	15124	189	185	P1P2	185	P1P2
ACSL1	12675	190	186	P1P2	186	P1P2
ACSL3	5648	191	187	P1P2	187	P1P2
ACSL4	6433	192	188	P1P2	188	P1P2
ACSL5	15159	193	189	P1	189	P2
ACSL6	15778	194	190	P1	190	P2
ACSM1	17908	195	191	P1P2	191	P1P2
ACSM2A	1805	196	192	P1P2	192	P1P2
ACSM2B	14567	197	193	P1P2	193	P1P2
ACSM3	4033	198	194	P1P2	194	P1P2
ACSM4	16100	199	195	ENST00000399422.4	195	ENST00000399422.4
ACSM5	2437	200	196	P1P2	196	P1P2
ACSS1	2613	201	197	P1P2	197	P1P2
ACSS2	11263	202	198	P1P2	198	P1P2
ACSS3	18531	203	199	P1P2	199	P1P2
ACTA1	2754	204	200	P2	200	P2
ACTA2	17154	205	201	P2	201	P2
ACTB	12140	206	202	P1P2	202	P1P2
ACTBL2	17753	207	203	P1P2	203	P1P2
ACTC1	18662	208	204	P1P2	204	P1P2
ACTG1	10635	209	205	P1P2	205	P1P2
ACTG2	3431	210	206	P1	206	P1
ACTL10	8812	211	207	P1P2	207	P1P2
ACTL6A	11870	212	208	P1P2	208	P1P2
ACTL6B	335	213	209	P1P2	209	P1P2
ACTL7A	14594	214	210	P1P2	210	P1P2
ACTL7B	11823	215	211	P1P2	211	P1P2
ACTL8	18428	216	212	P1P2	212	P1P2
ACTL9	14179	217	213	P1P2	213	P1P2
ACTN1	6170	218	214	P1P2	214	P1P2
ACTN2	8701	219	215	P1P2	215	P1P2
ACTN4	18205	220	217	P1P2	217	P1P2
ACTR10	5550	221	218	P1P2	218	P1P2
ACTR1A	5339	222	219	P1P2	219	P1P2
ACTR1B	14617	223	220	P1P2	220	P1P2
ACTR2	6607	224	221	P1P2	221	P1P2
ACTR3	17130	225	222	P1P2	222	P1P2
ACTR3B	2297	226	223	P1P2	223	P1P2
ACTR3C	11849	227	224	P1P2	224	P1P2
ACTR5	5502	228	225	P1P2	225	P1P2
ACTR6	1212	229	226	P1P2	226	P1P2
ACTR8	3126	230	227	P1P2	227	P1P2
ACTRT1	7929	231	228	P1P2	228	P1P2
ACTRT2	14338	232	229	P1P2	229	P1P2
ACTRT3	250	233	230	P1P2	230	P1P2
ACVR1	13300	234	231	P1P2	231	P1P2
ACVR1B	4343	235	232	P1P2	232	P1P2
ACVR1C	16468	236	233	P1P2	233	P1P2
ACVR2A	13178	237	234	P1P2	234	P1P2
ACVR2B	10962	238	235	P1P2	235	P1P2
ACVRL1	6882	239	236	P1P2	236	P1P2
ACY1	5056	240	237	P1P2	237	P1P2
ACY3	9776	241	238	P2	238	P2
ACYP1	13633	242	239	P2	239	P1
ACYP2	5497	243	240	P1P2	240	P1P2
ADA	7687	244	241	P1P2	241	P1P2
ADAD1	9343	245	242	P1P2	242	P1P2
ADAD2	12754	246	243	P1P2	243	P1P2
ADAL	7509	247	244	P1P2	244	P1P2
ADAM10	5514	248	245	P1P2	245	P1P2
ADAM11	11286	249	246	P1P2	246	P1P2
ADAM12	13782	250	247	P1P2	247	P1P2
ADAM15	7996	251	248	P1P2	248	P1P2
ADAM17	17637	252	249	P1P2	249	P1P2
ADAM18	6324	253	250	P1P2	250	P1P2
ADAM19	16376	254	251	P1P2	251	P1P2
ADAM2	14574	255	252	P1P2	252	P1P2
ADAM20	7722	256	253	P1P2	253	P1P2
ADAM21	8745	257	254	P1P2	254	P1P2
ADAM22	9801	258	255	P1P2	255	P1P2
ADAM23	17727	259	256	P1P2	256	P1P2
ADAM28	4108	260	257	P1P2	257	P1P2
ADAM29	15288	261	258	P1P2	258	P1P2
ADAM30	595	262	259	P1P2	259	P1P2
ADAM32	15620	263	260	P1P2	260	P1P2
ADAM33	4135	264	261	P1P2	261	P1P2
ADAM7	7131	265	262	P1P2	262	P1P2
ADAM8	9276	266	263	P1P2	263	P1P2
ADAM9	16559	267	264	P1P2	264	P1P2
ADAMDEC1	17026	268	265	P1P2	265	P1P2
ADAMTS1	17407	269	266	P2	266	P2
ADAMTS10	5366	270	267	P1P2	267	P1P2
ADAMTS12	15107	271	268	P1P2	268	P1P2
ADAMTS13	15699	272	269	P1P2	269	P1P2
ADAMTS14	8406	273	270	P1P2	270	P1P2
ADAMTS15	5066	274	271	P1P2	271	P1P2
ADAMTS16	6199	275	272	P1	272	P1
ADAMTS17	13985	276	273	P1P2	273	P1P2
ADAMTS18	122	277	274	P1P2	274	P1P2
ADAMTS19	8399	278	275	P1P2	275	P1P2
ADAMTS2	7438	279	276	P1P2	276	P1P2
ADAMTS20	10789	280	277	P1P2	277	P1P2
ADAMTS3	13195	281	278	P1P2	278	P1P2
ADAMTS4	11371	282	279	P1P2	279	P1P2
ADAMTS5	85	283	280	P1P2	280	P1P2
ADAMTS7	5868	284	282	P1P2	282	P1P2
ADAMTS8	12453	285	283	P1P2	283	P1P2
ADAMTS9	15130	286	284	P1P2	284	P1P2
ADAMTSL1	13420	287	285	P1P2	285	P1P2
ADAMTSL2	2388	288	286	P1P2	286	P1P2
ADAMTSL3	14052	289	287	P1P2	287	P1P2
ADAMTSL4	5733	290	288	P1P2	288	P1P2
ADAMTSL5	18021	292	289	P1P2	289	P1P2
ADAP1	6896	293	290	P1P2	290	P1P2
ADAP2	10479	294	291	P1P2	291	P1P2
ADAR	11209	295	292	P2	292	P1
ADARB1	1784	296	293	P1P2	293	P1P2
ADARB2	14113	297	294	ENST00000381312.1	294	ENST00000381312.1
ADAT1	3301	298	295	P1P2	295	P1P2
ADAT2	9687	299	296	P1P2	296	P1P2
ADAT3	4603	300	297	P1	297	P1
ADCK1	10711	302	299	P1P2	299	P1P2
ADCK2	5142	303	300	P1P2	300	P1P2
ADCK5	5563	306	303	P1P2	303	P1P2
ADCY1	8521	307	304	P1P2	304	P1P2
ADCY10	10270	308	305	P1P2	305	P1P2
ADCY2	14590	309	306	P1P2	306	P1P2
ADCY3	292	310	307	P1P2	307	P1P2
ADCY4	14063	311	308	P1P2	308	P1P2
ADCY5	222	312	309	P1P2	309	P1P2
ADCY6	2865	313	310	P1P2	310	P1P2
ADCY7	17835	314	311	P1P2	311	P1P2
ADCY8	4716	315	312	P1P2	312	P1P2
ADCY9	14645	316	313	P1P2	313	P1P2
ADCYAP1	12262	317	314	P1P2	314	P1P2
ADCYAP1R1	17709	318	315	P1P2	315	P1P2
ADD1	15196	319	316	P1P2	316	P1P2
ADD2	16273	320	317	P1P2	317	P1P2
ADD3	14377	321	318	P1P2	318	P1P2
ADGB	669	322	319	P1P2	319	P1P2
ADH1A	7941	323	320	P1P2	320	P1P2
ADH1B	14980	324	321	P1P2	321	P1P2
ADH4	6721	325	323	P1P2	323	P1P2
ADH5	8489	326	324	P1P2	324	P1P2
ADH6	14401	327	325	P1P2	325	P1P2
ADH7	4149	328	326	P1P2	326	P1P2
ADHFE1	888	329	327	P1P2	327	P1P2
ADI1	17611	330	328	P1P2	328	P1P2
ADIG	1750	331	329	P1P2	329	P1P2
ADIPOQ	12921	332	330	P1P2	330	P1P2
ADIPOR1	7038	333	331	P1P2	331	P1P2
ADIPOR2	11591	334	332	P1P2	332	P1P2
ADIRF	1903	335	333	P1P2	333	P1P2
ADK	15791	336	334	P1	334	P1
ADM	13954	337	335	P1P2	335	P1P2
ADM2	3520	338	336	P1P2	336	P1P2
ADM5	10280	339	337	P1P2	337	P1P2
ADNP	93	340	338	P1P2	338	P1P2
ADNP2	16799	341	339	P1P2	339	P1P2
ADO	4397	342	340	P1P2	340	P1P2
ADORA1	1521	343	341	P1P2	341	P1P2
ADORA2A	17391	344	342	P1P2	342	P1P2
ADORA2B	1055	345	343	P1P2	343	P1P2
ADORA3	6907	346	344	P1	344	P1
ADPGK	7364	347	345	P1P2	345	P1P2
ADPRH	11816	348	346	P1P2	346	P1P2
ADPRHL1	12163	349	347	P1	347	P2
ADPRM	16849	351	349	P1P2	349	P1P2
ADRA1A	6057	352	350	P1P2	350	P1P2
ADRA1B	2109	353	351	P1P2	351	P1P2
ADRA1D	10104	354	352	P1P2	352	P1P2
ADRA2A	1733	355	353	P1P2	353	P1P2
ADRA2B	9232	356	354	P1P2	354	P1P2
ADRA2C	18451	357	355	P1P2	355	P1P2
ADRB1	2616	358	356	P1P2	356	P1P2
ADRB2	1257	359	357	P1P2	357	P1P2
ADRB3	9963	360	358	P1P2	358	P1P2
ADRM1	6138	363	361	P1P2	361	P1P2
ADSL	11981	364	362	P1P2	362	P1P2
ADTRP	2085	367	365	P1P2	365	P1P2
AEBP1	12756	368	366	P1P2	366	P1P2
AEBP2	12777	369	367	P1P2	367	P1P2
AEN	12202	370	368	P1P2	368	P1P2
AFAP1	5193	372	370	P1P2	370	P1P2
AFAP1L1	2740	373	371	P1P2	371	P1P2
AFAP1L2	6479	374	372	P1P2	372	P1P2
AFF1	13896	375	373	P1P2	373	P1P2
AFF2	18948	376	374	P1P2	374	P1P2
AFF3	12972	377	375	P1P2	375	P1P2
AFF4	4220	378	376	P1P2	376	P1P2
AFG3L2	14817	379	377	P1P2	377	P1P2
AFM	17894	380	378	P1P2	378	P1P2
AFMID	12187	381	379	P1P2	379	P1P2
AFP	18010	382	380	P2	380	P2
AFTPH	4452	383	381	P1P2	381	P1P2
AGA	16702	384	382	P1P2	382	P1P2
AGAP1	797	385	383	P1P2	383	P1P2
AGAP2	15069	386	386	P1P2	386	P1P2
AGAP3	12966	387	387	P1P2	387	P1P2
AGBL1	8051	388	388	ENST00000421325.2	388	ENST00000441037.2
AGBL2	11856	389	389	P1P2	389	P1P2
AGBL3	12169	390	390	P1P2	390	P1P2
AGBL4	8183	391	391	P1P2	391	P1P2
AGBL5	17522	392	392	P1	392	P1
AGER	3944	393	393	P1P2	393	P1P2
AGFG1	4467	394	394	P1P2	394	P1P2
AGFG2	9186	395	395	P1P2	395	P1P2
AGGF1	8654	396	396	P1P2	396	P1P2
AGK	18238	397	397	P1P2	397	P1P2
AGL	6354	398	398	P1P2	398	P1P2
AGMAT	18012	399	399	P1P2	399	P1P2
AGMO	18462	400	400	P1P2	400	P1P2
AGO1	4242	401	401	P1P2	401	P1P2
AGO2	4996	402	402	P1P2	402	P1P2
AGO3	13180	403	403	P1P2	403	P1P2
AGO4	16390	404	404	P1P2	404	P1P2
AGPAT1	2205	405	405	P1	405	P1
AGPAT2	5998	406	406	P1P2	406	P1P2
AGPAT3	15621	407	407	P1P2	407	P1P2
AGPAT4	15378	408	408	P1P2	408	P1P2
AGPAT5	4328	409	409	P1P2	409	P1P2
AGPS	6323	412	412	P1P2	412	P1P2
AGR2	7578	413	413	P1P2	413	P1P2
AGR3	8181	414	414	P1P2	414	P1P2
AGRN	15353	415	415	P1P2	415	P1P2
AGRP	17205	416	416	P1P2	416	P1P2
AGT	1342	417	417	P1P2	417	P1P2
AGTPBP1	687	418	418	P1P2	418	P1P2
AGTR1	2193	419	419	P1P2	419	P1P2
AGTR2	13614	420	420	P1P2	420	P1P2
AGTRAP	9785	421	421	P1P2	421	P1P2
AGXT	7693	422	422	P1P2	422	P1P2
AGXT2	11604	423	423	P1P2	423	P1P2
AHCTF1	9552	424	424	P1P2	424	P1P2
AHCY	8722	425	425	P1P2	425	P1P2
AHCYL1	6030	426	426	P2	426	P1
AHCYL2	15399	427	427	P1P2	427	P1P2
AHDC1	16399	428	428	P1P2	428	P1P2
AHI1	11945	429	429	P1P2	429	P1P2
AHNAK	9184	430	430	P1	430	P2
AHNAK2	17424	431	431	P1	431	P2
AHR	7772	432	432	P1P2	432	P1P2
AHRR	9335	433	433	P1P2	433	P1P2
AHSA1	8675	434	434	P1P2	434	P1P2
AHSA2	2150	435	435	P1P2	435	P1P2
AHSG	10131	436	436	P1P2	436	P1P2
AHSP	12552	437	437	P1P2	437	P1P2
AICDA	8328	438	438	P1P2	438	P1P2
AIDA	18024	439	439	P1P2	439	P1P2
AIF1	5631	440	440	P1P2	440	P1P2
AIF1L	6167	441	441	P1P2	441	P1P2
AIFM1	18588	442	442	P1P2	442	P1P2
AIFM2	18813	443	443	P1P2	443	P1P2
AIFM3	6581	444	444	P2	444	P1
AIG1	10338	445	445	P1P2	445	P1P2
AIM2	10367	448	448	P1P2	448	P1P2
AIMP1	1941	449	449	P1P2	449	P1P2
AIMP2	6816	450	450	P1P2	450	P1P2
AIP	11397	451	451	P1P2	451	P1P2
AIPL1	18175	452	452	P1P2	452	P1P2
AIRE	882	453	453	P1P2	453	P1P2
AJAP1	1800	454	454	P1P2	454	P1P2
AJUBA	19014	455	455	P1P2	455	P1P2
AK1	13904	456	456	P1P2	456	P1P2
AK2	11032	457	457	P1P2	457	P1P2
AK3	6335	458	458	P1P2	458	P1P2
AK4	11100	459	459	P1P2	459	P1P2
AK5	14728	460	460	P1P2	460	P1P2
AK7	5857	461	461	P1P2	461	P1P2
AK8	15248	462	462	P1P2	462	P1P2
AK9	5123	463	463	P1P2	463	P1P2
AKAP1	10619	464	464	P1P2	464	P1P2
AKAP10	2964	465	465	P1P2	465	P1P2
AKAP11	1358	466	466	P1P2	466	P1P2
AKAP12	855	467	467	P2	467	P1
AKAP13	15040	468	468	P1P2	468	P1P2
AKAP14	1032	469	469	P1P2	469	P1P2
AKAP2	9006	470	471	P1P2	471	P1P2
AKAP3	17496	471	472	P1	472	P1
AKAP4	8814	472	473	P1P2	473	P1P2
AKAP5	1697	473	474	P1P2	474	P1P2
AKAP6	804	474	475	P1P2	475	P1P2
AKAP7	5596	475	476	P1P2	476	P1P2
AKAP8	4723	476	477	P1P2	477	P1P2
AKAP8L	15769	477	478	P1P2	478	P1P2
AKAP9	10735	478	479	P1P2	479	P1P2
AKIP1	3473	479	480	P1P2	480	P1P2
AKIRIN1	6418	480	481	P1P2	481	P1P2
AKIRIN2	15147	481	482	P1P2	482	P1P2
AKNA	18945	482	483	P1	483	P1
AKNAD1	5131	483	484	ENST00000370001.3	484	ENST00000370001.3
AKR1A1	13607	484	485	P1P2	485	P1P2
AKR1B1	15496	485	486	P1P2	486	P1P2
AKR1B10	9214	486	487	P1P2	487	P1P2
AKR1B15	11854	487	488	P1P2	488	P1P2
AKR1C3	5212	488	491	P1P2	491	P1P2
AKR1C4	11752	489	492	P1P2	492	P1P2
AKR1D1	933	490	493	P1P2	493	P1P2
AKR1E2	13747	491	494	P1P2	494	P1P2
AKR7A2	13666	492	495	P1P2	495	P1P2
AKR7A3	17562	493	496	P1P2	496	P1P2
AKT1	1731	494	497	P1P2	497	P1P2
AKT1S1	6114	495	498	P1P2	498	P1P2
AKT2	11777	496	499	P1P2	499	P1P2
AKT3	7383	497	500	P1P2	500	P1P2
AKTIP	3683	498	501	P1P2	501	P1P2
ALAD	5313	499	502	P1P2	502	P1P2
ALAS1	253	500	503	P1P2	503	P1P2
ALAS2	14279	501	504	P1P2	504	P1P2
ALB	15632	502	505	P2	505	P2
ALCAM	4292	503	506	P1P2	506	P1P2
ALDH16A1	7460	504	507	P1P2	507	P1P2
ALDH18A1	3233	505	508	P1P2	508	P1P2
ALDH1A1	16626	506	509	P1P2	509	P1P2
ALDH1A2	6744	507	510	P1P2	510	P1P2
ALDH1A3	1794	508	511	P1	511	P2
ALDH1B1	3130	509	512	P1P2	512	P1P2
ALDH1L1	3978	510	513	P1P2	513	P1P2
ALDH1L2	13681	511	514	P1P2	514	P1P2
ALDH2	3852	512	515	P1P2	515	P1P2
ALDH3A1	16711	513	516	P1P2	516	P1P2
ALDH3A2	3699	514	517	P1P2	517	P1P2
ALDH3B2	3827	515	519	P1P2	519	P1P2
ALDH4A1	12204	516	520	P1P2	520	P1P2
ALDH5A1	18349	517	521	P1P2	521	P1P2
ALDH6A1	16336	518	522	P1P2	522	P1P2
ALDH7A1	1992	519	523	P1P2	523	P1P2
ALDH8A1	1644	520	524	P1P2	524	P1P2
ALDH9A1	922	521	525	P1P2	525	P1P2
ALDOB	14660	523	527	P2	527	P1
ALDOC	1819	524	528	P1P2	528	P1P2
ALG1	6916	525	529	P1P2	529	P1P2
ALG11	10355	526	532	P1P2	532	P1P2
ALG12	11064	527	533	P1P2	533	P1P2
ALG13	3481	528	534	P1P2	534	P1P2
ALG14	14771	529	535	P1P2	535	P1P2
ALG2	6954	530	537	P1P2	537	P1P2
ALG3	5448	531	538	P1P2	538	P1P2
ALG5	10923	532	539	P1P2	539	P1P2
ALG6	964	533	540	P1P2	540	P1P2
ALG8	7533	534	541	P1P2	541	P1P2
ALG9	7434	535	542	P1P2	542	P1P2
ALK	4555	536	543	P1P2	543	P1P2
ALKBH1	11681	537	544	P1P2	544	P1P2
ALKBH2	4080	538	545	P1P2	545	P1P2
ALKBH3	5041	539	546	P1P2	546	P1P2
ALKBH4	12376	540	547	P1P2	547	P1P2
ALKBH5	14328	541	548	P1P2	548	P1P2
ALKBH6	2036	542	549	P1P2	549	P1P2
ALKBH7	16816	543	550	P1P2	550	P1P2
ALKBH8	4624	544	551	P1P2	551	P1P2
ALLC	11207	545	552	P1P2	552	P1P2
ALMS1	11036	546	553	P1P2	553	P1P2
ALOX12	11333	547	554	P1P2	554	P1P2
ALOX12B	11830	548	555	P1P2	555	P1P2
ALOX15	2451	549	556	P1P2	556	P1P2
ALOX15B	1428	550	557	P1P2	557	P1P2
ALOX5	15803	551	558	P1P2	558	P1P2
ALOX5AP	15481	552	559	P1P2	559	P1P2
ALOXE3	17302	553	560	P1P2	560	P1P2
ALPI	9889	554	561	P1P2	561	P1P2
ALPK1	11474	555	562	P1P2	562	P1P2
ALPK2	17040	556	563	ENST00000361673.3	563	ENST00000361673.3
ALPK3	16431	557	564	P1P2	564	P1P2
ALPL	13247	558	565	P2	565	P1
ALPP	17297	559	566	P1P2	566	P1P2
ALS2	16251	561	568	P1P2	568	P1P2
ALS2CL	3831	562	569	P1P2	569	P1P2
ALX1	10471	565	572	P1P2	572	P1P2
ALX3	10935	566	573	P1P2	573	P1P2
ALX4	14000	567	574	P1P2	574	P1P2
ALYREF	4953	568	575	P1P2	575	P1P2
AMACR	3364	569	576	P1P2	576	P1P2
AMBN	16552	570	577	P1P2	577	P1P2
AMBP	16015	571	578	P1P2	578	P1P2
AMBRA1	11763	572	579	P1P2	579	P1P2
AMD1	9165	573	580	P1P2	580	P1P2
AMDHD1	1754	574	581	P1P2	581	P1P2
AMDHD2	1987	575	582	P1P2	582	P1P2
AMELX	12941	576	583	P1P2	583	P1P2
AMELY	192	577	584	P1P2	584	P1P2
AMER1	10402	578	585	P1P2	585	P1P2
AMER2	4435	579	586	P1P2	586	P1P2
AMER3	14885	580	587	P1P2	587	P1P2
AMFR	13362	581	588	P1P2	588	P1P2
AMH	18091	582	589	P1P2	589	P1P2
AMHR2	9365	583	590	P1P2	590	P1P2
AMIGO1	163	585	592	P1P2	592	P1P2
AMIGO2	4967	586	593	P1P2	593	P1P2
AMMECR1	11483	587	595	P1P2	595	P1P2
AMMECR1L	4246	588	596	P1P2	596	P1P2
AMN	7045	589	597	P2	597	P1
AMN1	3410	590	598	P1P2	598	P1P2
AMOT	16814	591	599	P1P2	599	P1P2
AMOTL1	15544	592	600	P1P2	600	P1P2
AMOTL2	13167	593	601	P1P2	601	P1P2
AMPD1	11806	594	602	P1P2	602	P1P2
AMPD2	18077	595	603	P1	603	P2
AMPD3	16472	596	604	P1P2	604	P1P2
AMPH	10934	597	605	P1P2	605	P1P2
AMT	10995	598	606	P1P2	606	P1P2
AMTN	345	599	607	P1P2	607	P1P2
AMZ1	4832	600	611	P1P2	611	P1P2
AMZ2	12	601	612	P1P2	612	P1P2
ANAPC1	14719	602	613	P1P2	613	P1P2
ANAPC10	12084	603	614	P1P2	614	P1P2
ANAPC11	1134	604	615	P1P2	615	P1P2
ANAPC13	9781	605	616	P1P2	616	P1P2
ANAPC15	15568	606	617	P1P2	617	P1P2
ANAPC16	15719	607	618	P1P2	618	P1P2
ANAPC2	6990	608	619	P1P2	619	P1P2
ANAPC4	17909	609	620	P1P2	620	P1P2
ANAPC5	12692	610	621	P1P2	621	P1P2
ANAPC7	19018	611	622	P1P2	622	P1P2
ANG	11970	612	623	P1P2	623	P1P2
ANGEL1	6246	613	624	P1P2	624	P1P2
ANGEL2	2079	614	625	P1P2	625	P1P2
ANGPT1	16211	615	626	P1P2	626	P1P2
ANGPT2	16896	616	627	P1P2	627	P1P2
ANGPT4	13528	617	628	P1P2	628	P1P2
ANGPTL1	9590	618	629	P1P2	629	P1P2
ANGPTL2	6674	619	630	P1P2	630	P1P2
ANGPTL3	12298	620	631	P1P2	631	P1P2
ANGPTL4	3243	621	632	P1P2	632	P1P2
ANGPTL5	13758	622	633	P1P2	633	P1P2
ANGPTL6	13455	623	634	P1P2	634	P1P2
ANGPTL7	14304	624	635	P1P2	635	P1P2
ANHX	9061	625	636	P1P2	636	P1P2
ANK1	2226	626	637	P1P2	637	P1P2
ANK2	10846	627	638	ENST00000264366.6	638	ENST00000264366.6
ANK3	16415	628	639	P1P2	639	P1P2
ANKAR	15713	629	640	P1P2	640	P1P2
ANKDD1A	14488	630	641	P1P2	641	P1P2
ANKDD1B	2930	631	642	P1P2	642	P1P2
ANKEF1	3658	632	643	P1P2	643	P1P2
ANKFN1	17364	633	644	P1P2	644	P1P2
ANKFY1	6955	634	645	P1P2	645	P1P2
ANKH	2534	635	646	P1P2	646	P1P2
ANKIB1	14571	637	648	P1P2	648	P1P2
ANKK1	11406	638	649	P1P2	649	P1P2
ANKLE1	3954	639	650	P1P2	650	P1P2
ANKLE2	9439	640	651	P1P2	651	P1P2
ANKMY1	14042	641	652	P1P2	652	P1P2
ANKMY2	3038	642	653	P1P2	653	P1P2
ANKRA2	14553	643	654	P1P2	654	P1P2
ANKRD1	10186	644	655	P1P2	655	P1P2
ANKRD10	23	645	656	P1P2	656	P1P2
ANKRD11	15696	646	657	P1P2	657	P1P2
ANKRD12	9284	647	658	P1P2	658	P1P2
ANKRD13A	6800	648	659	P1P2	659	P1P2
ANKRD13B	12033	649	660	P1P2	660	P1P2
ANKRD13C	8266	650	661	P1P2	661	P1P2
ANKRD13D	14880	651	662	P1P2	662	P1P2
ANKRD16	9852	652	663	P1P2	663	P1P2
ANKRD17	9840	653	664	P1P2	664	P1P2
ANKRD2	14908	654	667	P1P2	667	P1P2
ANKRD22	9515	655	668	P1P2	668	P1P2
ANKRD23	11594	656	669	P2	669	P1
ANKRD24	7079	657	670	P1P2	670	P1P2
ANKRD26	8746	658	671	P1P2	671	P1P2
ANKRD27	14892	659	672	P1P2	672	P1P2
ANKRD28	6252	660	673	P1P2	673	P1P2
ANKRD29	1560	661	674	P1P2	674	P1P2
ANKRD30A	18345	662	675	P1P2	675	P1P2
ANKRD30B	3943	663	676	P1P2	676	P1P2
ANKRD31	4994	664	677	P1P2	677	P1P2
ANKRD33	13865	666	679	P1P2	679	P1P2
ANKRD33B	10014	667	680	P1P2	680	P1P2
ANKRD34A	7853	668	681	P1	681	P1
ANKRD34B	8505	669	682	P2	682	P2
ANKRD34C	11869	670	683	P1P2	683	P1P2
ANKRD35	2507	671	684	P1P2	684	P1P2
ANKRD36	18109	672	685	P1P2	685	P1P2
ANKRD36C	6193	673	686	P1P2	686	P1P2
ANKRD37	11185	674	687	P1P2	687	P1P2
ANKRD39	127	675	688	P1P2	688	P1P2
ANKRD40	17566	676	689	P1P2	689	P1P2
ANKRD42	12152	677	690	P1P2	690	P1P2
ANKRD44	15292	678	691	ENST00000450567.1	691	ENST00000450567.1
ANKRD45	7628	679	692	P1P2	692	P1P2
ANKRD46	11166	680	693	P1P2	693	P1P2
ANKRD49	17196	681	694	P1P2	694	P1P2
ANKRD50	13088	682	695	P1P2	695	P1P2
ANKRD52	759	683	696	P1P2	696	P1P2
ANKRD53	18378	684	697	P1P2	697	P1P2
ANKRD54	6190	685	698	P1P2	698	P1P2
ANKRD55	16773	686	699	ENST00000341048.4	699	ENST00000341048.4
ANKRD6	2800	687	700	P1P2	700	P1P2
ANKRD62	16932	689	703	P1P2	703	P1P2
ANKRD63	5917	690	704	P1P2	704	P1P2
ANKRD65	14588	691	705	P2	705	P2
ANKRD66	1218	692	706	P1P2	706	P1P2
ANKRD7	17122	693	707	P2	707	P1
ANKRD9	5210	694	708	P1P2	708	P1P2
ANKS1A	7946	695	709	P1P2	709	P1P2
ANKS1B	5635	696	710	ENST00000329257.7,ENST00000547776.2	710	ENST00000329257.7,ENST00000547776.2
ANKS3	3621	697	711	P1P2	711	P1P2
ANKS4B	1365	698	712	P1P2	712	P1P2
ANKS6	1460	699	713	P1P2	713	P1P2
ANKZF1	9718	701	715	P1P2	715	P1P2
ANO1	4417	703	716	P1P2	716	P1P2
ANO10	6301	704	717	P1P2	717	P1P2
ANO2	3424	705	718	P1P2	718	P1P2
ANO3	1789	706	719	P1P2	719	P1P2
ANO4	3945	707	720	P1P2	720	P1P2
ANO5	11401	708	721	P1P2	721	P1P2
ANO6	9162	709	722	P1P2	722	P1P2
ANO7	17170	710	723	P1P2	723	P1P2
ANO8	7448	711	724	P1P2	724	P1P2
ANO9	18480	712	725	P1P2	725	P1P2
ANP32A	3614	713	726	P1P2	726	P1P2
ANP32B	8902	714	727	P1P2	727	P1P2
ANP32E	18801	715	729	P1P2	729	P1P2
ANPEP	1751	716	730	P1	730	P2
ANTXR1	9948	717	731	P1P2	731	P1P2
ANTXR2	13005	718	732	P1P2	732	P1P2
ANXA1	3637	720	733	P1P2	733	P1P2
ANXA10	7024	721	734	P1P2	734	P1P2
ANXA11	4370	722	735	P1P2	735	P1P2
ANXA13	10960	723	736	P1P2	736	P1P2
ANXA2	15947	724	737	P1P2	737	P1P2
ANXA2R	15926	725	738	P1P2	738	P1P2
ANXA3	18079	726	739	P1P2	739	P1P2
ANXA4	6718	727	740	P1P2	740	P1P2
ANXA5	6705	728	741	P1P2	741	P1P2
ANXA6	8601	729	742	P1P2	742	P1P2
ANXA7	16001	730	743	P1P2	743	P1P2
ANXA9	6830	731	746	P1P2	746	P1P2
AOAH	18557	732	747	P1P2	747	P1P2
AOC1	6142	733	748	P2	748	P2
AOC2	9865	734	749	P1P2	749	P1P2
AOC3	14317	735	750	P1P2	750	P1P2
AOX1	989	736	751	P1	751	P1
AP1AR	6964	739	752	P1P2	752	P1P2
AP1B1	12274	740	753	P1P2	753	P1P2
AP1G1	10815	741	754	P1P2	754	P1P2
AP1G2	16024	742	755	P1P2	755	P1P2
AP1M1	16739	743	756	P1P2	756	P1P2
AP1M2	15814	744	757	P1P2	757	P1P2
AP1S1	2371	745	758	P1P2	758	P1P2
AP1S2	17033	746	759	P1P2	759	P1P2
AP1S3	9913	747	760	P1P2	760	P1P2
AP2A1	15052	748	761	P1P2	761	P1P2
AP2A2	11079	749	762	P1P2	762	P1P2
AP2B1	15537	750	763	P1P2	763	P1P2
AP2M1	15254	751	764	P1	764	P2
AP2S1	10130	752	765	P1P2	765	P1P2
AP3B1	11269	753	766	P1P2	766	P1P2
AP3B2	14247	754	767	P1P2	767	P1P2
AP3D1	16546	755	768	P1P2	768	P1P2
AP3M1	17274	756	769	P1P2	769	P1P2
AP3M2	9247	757	770	P1P2	770	P1P2
AP3S1	11908	758	771	P1P2	771	P1P2
AP3S2	14165	759	772	P1P2	772	P1P2
AP4B1	1461	760	773	P1P2	773	P1P2
AP4E1	14508	761	774	P1P2	774	P1P2
AP4M1	16301	762	775	P1P2	775	P1P2
AP4S1	2294	763	776	P1P2	776	P1P2
AP5B1	17915	764	777	P1P2	777	P1P2
AP5M1	10885	765	778	P1P2	778	P1P2
AP5S1	11139	766	779	P1P2	779	P1P2
AP5Z1	2961	767	780	P1P2	780	P1P2
APAF1	24	768	781	P1P2	781	P1P2
APBA1	11581	769	782	P1P2	782	P1P2
APBA2	18910	770	783	P1P2	783	P1P2
APBA3	7875	771	784	P1P2	784	P1P2
APBB1	15031	772	785	P1P2	785	P1P2
APBB1IP	7884	773	786	P1P2	786	P1P2
APBB2	18555	774	787	P1P2	787	P1P2
APBB3	17780	775	788	P1P2	788	P1P2
APC	206	776	789	P2	789	P1
APC2	8791	777	790	P2	790	P1
APCDD1	8457	778	791	P1P2	791	P1P2
APCDD1L	12135	779	792	P1P2	792	P1P2
APCS	15274	780	793	P1P2	793	P1P2
APEH	16277	781	794	P1P2	794	P1P2
APEX1	1638	782	795	P1P2	795	P1P2
APEX2	1324	783	796	P1P2	796	P1P2
APH1A	4986	784	797	P1P2	797	P1P2
APH1B	12744	785	798	P1P2	798	P1P2
API5	8053	786	799	P1P2	799	P1P2
APIP	4812	787	800	P1P2	800	P1P2
APLF	12128	788	802	P1P2	802	P1P2
APLN	12076	789	803	P1P2	803	P1P2
APLNR	12224	790	804	P1P2	804	P1P2
APLP1	13755	791	805	P1P2	805	P1P2
APLP2	18294	792	806	P1P2	806	P1P2
APMAP	2485	793	807	P1P2	807	P1P2
APOA1	16728	794	808	P1P2	808	P1P2
APOA2	11369	796	810	P1P2	810	P1P2
APOA4	11542	797	811	P1P2	811	P1P2
APOA5	15132	798	812	P1P2	812	P1P2
APOB	6659	799	813	P1P2	813	P1P2
APOBEC1	1209	800	814	P1P2	814	P1P2
APOBEC2	8569	801	815	P1P2	815	P1P2
APOBEC3A	4698	802	816	P1P2	816	P1P2
APOBEC3B	9111	803	817	P1P2	817	P1P2
APOBEC3C	5256	804	818	P1P2	818	P1P2
APOBEC3F	3026	806	819	P1P2	819	P1P2
APOBEC3G	17359	807	820	P1P2	820	P1P2
APOBEC3H	17556	808	821	P1P2	821	P1P2
APOBEC4	10335	809	822	P1P2	822	P1P2
APOBR	14718	810	823	P1	823	P2
APOC1	1571	811	824	P1P2	824	P1P2
APOC3	9049	812	826	P1P2	826	P1P2
APOC4	1687	813	827	P1P2	827	P1P2
APOD	8558	814	828	P1P2	828	P1P2
APOE	992	815	829	P1P2	829	P1P2
APOF	5804	816	830	P1P2	830	P1P2
APOH	15178	817	831	P2	831	P1
APOL1	91	818	832	P1P2	832	P1P2
APOL2	375	819	833	P1P2	833	P1P2
APOL3	15231	820	834	P1P2	834	P1P2
APOL5	8683	821	836	ENST00000249044.2	836	ENST00000249044.2
APOL6	4131	822	837	P1P2	837	P1P2
APOLD1	10321	823	838	P1P2	838	P1P2
APOM	1847	824	839	P1P2	839	P1P2
APOO	8879	825	840	P1P2	840	P1P2
APOOL	7625	826	841	P1P2	841	P1P2
APP	18400	828	843	P1P2	843	P1P2
APPBP2	8415	829	844	P1P2	844	P1P2
APPL1	8024	830	845	P1P2	845	P1P2
APPL2	16271	831	846	P1P2	846	P1P2
APRT	18729	832	847	P1P2	847	P1P2
APTX	11385	833	848	P2	848	P1
AQP1	1522	834	849	ENST00000509504.1	849	ENST00000509504.1
AQP10	3335	835	850	P1P2	850	P1P2
AQP11	7502	836	851	P1P2	851	P1P2
AQP2	15082	837	854	P1P2	854	P1P2
AQP3	9756	838	855	P2	855	P1
AQP4	4571	839	856	P1P2	856	P1P2
AQP5	3820	840	857	P1P2	857	P1P2
AQP6	2233	841	858	P1P2	858	P1P2
AQP8	17976	842	860	P1P2	860	P1P2
AQP9	9076	843	861	P1P2	861	P1P2
AQR	13581	845	863	P1P2	863	P1P2
AR	12067	846	864	P1P2	864	P1P2
ARAF	1416	847	865	P1P2	865	P1P2
ARAP1	12421	848	866	P2	866	P2
ARAP2	770	849	867	P1P2	867	P1P2
ARAP3	10047	850	868	P1P2	868	P1P2
ARC	10328	851	869	P1P2	869	P1P2
AREL1	13172	853	871	P1P2	871	P1P2
ARF1	1132	854	872	P1P2	872	P1P2
ARF3	16269	855	873	P1P2	873	P1P2
ARF4	13012	856	874	P1P2	874	P1P2
ARF5	6623	857	875	P1	875	P2
ARF6	14151	858	876	P2	876	P1
ARFGAP1	13516	859	877	P1P2	877	P1P2
ARFGAP2	13104	860	878	P1P2	878	P1P2
ARFGAP3	342	861	879	P1P2	879	P1P2
ARFGEF1	6507	862	880	P1P2	880	P1P2
ARFGEF2	16490	863	881	P1P2	881	P1P2
ARFIP1	8689	864	882	P1P2	882	P1P2
ARFIP2	14899	865	883	P1P2	883	P1P2
ARFRP1	16063	866	884	P1P2	884	P1P2
ARG1	15683	867	885	P1P2	885	P1P2
ARG2	9955	868	886	P1P2	886	P1P2
ARGFX	9810	869	887	P1P2	887	P1P2
ARGLU1	5566	870	888	P1P2	888	P1P2
ARHGAP1	8898	871	889	P1P2	889	P1P2
ARHGAP10	9451	872	890	P1P2	890	P1P2
ARHGAP11A	10258	873	891	P1P2	891	P1P2
ARHGAP12	8108	874	893	P1P2	893	P1P2
ARHGAP15	5953	875	894	P1P2	894	P1P2
ARHGAP17	13967	876	895	P1P2	895	P1P2
ARHGAP18	7494	877	896	P1P2	896	P1P2
ARHGAP19	10767	878	897	P1P2	897	P1P2
ARHGAP20	7070	879	898	P1P2	898	P1P2
ARHGAP21	2327	880	899	P1P2	899	P1P2
ARHGAP22	11961	881	900	P1P2	900	P1P2
ARHGAP23	13052	882	901	P1P2	901	P1P2
ARHGAP24	10643	883	902	P1P2	902	P1P2
ARHGAP25	15636	884	903	P1P2	903	P1P2
ARHGAP26	13419	885	904	P1P2	904	P1P2
ARHGAP27	6372	886	905	P1	905	P2
ARHGAP28	8026	887	906	P1P2	906	P1P2
ARHGAP29	14053	888	907	P1P2	907	P1P2
ARHGAP30	8597	889	908	P1P2	908	P1P2
ARHGAP31	5474	890	909	P1P2	909	P1P2
ARHGAP32	8440	891	910	ENST00000310343.9	910	ENST00000310343.9
ARHGAP33	4337	892	911	P1P2	911	P1P2
ARHGAP35	2005	893	912	ENST00000404338.3	912	ENST00000404338.3
ARHGAP36	14153	894	913	P1P2	913	P1P2
ARHGAP39	17604	895	914	P1P2	914	P1P2
ARHGAP4	2197	896	915	P1	915	P1
ARHGAP44	7631	898	918	P1P2	918	P1P2
ARHGAP5	7641	899	919	P1P2	919	P1P2
ARHGAP6	10625	900	920	P1P2	920	P1P2
ARHGAP8	9424	901	921	P2	921	P2
ARHGAP9	10920	902	922	P1P2	922	P1P2
ARHGDIA	17162	903	923	P1P2	923	P1P2
ARHGDIB	18745	904	924	P1P2	924	P1P2
ARHGDIG	9490	905	925	P1P2	925	P1P2
ARHGEF1	15678	906	926	P1	926	P2
ARHGEF10	3188	907	927	P1P2	927	P1P2
ARHGEF10L	8268	908	928	P1P2	928	P1P2
ARHGEF11	14096	909	929	P1P2	929	P1P2
ARHGEF12	9644	910	930	P1P2	930	P1P2
ARHGEF15	17226	911	931	P1P2	931	P1P2
ARHGEF16	8140	912	932	P1P2	932	P1P2
ARHGEF17	7453	913	933	P1P2	933	P1P2
ARHGEF18	9057	914	934	P1P2	934	P1P2
ARHGEF19	18594	915	935	P1P2	935	P1P2
ARHGEF2	6381	916	936	P1P2	936	P1P2
ARHGEF25	17823	917	937	P1P2	937	P1P2
ARHGEF26	11446	918	938	P1P2	938	P1P2
ARHGEF28	8088	919	939	P1P2	939	P1P2
ARHGEF3	9667	920	940	P1P2	940	P1P2
ARHGEF33	9993	921	941	ENST00000398800.4	941	ENST00000398800.4
ARHGEF37	1798	922	943	P2	943	P2
ARHGEF38	59	923	944	P1P2	944	P1P2
ARHGEF39	15293	924	945	P1P2	945	P1P2
ARHGEF4	16245	925	946	P1P2	946	P1P2
ARHGEF40	13641	926	947	P1P2	947	P1P2
ARHGEF5	886	927	948	P1P2	948	P1P2
ARHGEF6	3399	928	949	P1P2	949	P1P2
ARHGEF7	5883	929	950	ENST00000370623.3	950	ENST00000370623.3
ARHGEF9	4418	930	951	P1P2	951	P1P2
ARID1A	16293	931	952	P1P2	952	P1P2
ARID1B	2932	932	953	P2	953	P2
ARID2	5411	933	954	P1P2	954	P1P2
ARID3A	4991	934	955	P1P2	955	P1P2
ARID3B	4587	935	956	P1P2	956	P1P2
ARID3C	17623	936	957	P1P2	957	P1P2
ARID4A	2661	937	958	P1P2	958	P1P2
ARID4B	18167	938	959	P1P2	959	P1P2
ARID5A	6730	939	960	P1P2	960	P1P2
ARID5B	2186	940	961	ENST00000279873.7	961	ENST00000279873.7
ARIH1	8770	941	962	P1P2	962	P1P2
ARIH2	15401	942	963	P1P2	963	P1P2
ARIH2OS	6387	943	964	P1P2	964	P1P2
ARL1	10482	944	965	P1P2	965	P1P2
ARL10	18927	945	966	P1P2	966	P1P2
ARL11	11257	946	967	P1P2	967	P1P2
ARL13A	7544	947	968	P1P2	968	P1P2
ARL13B	1772	948	969	P1P2	969	P1P2
ARL14	11338	949	970	P1P2	970	P1P2
ARL14EP	2610	950	971	P1P2	971	P1P2
ARL15	234	951	973	P1P2	973	P1P2
ARL16	10773	952	974	P1P2	974	P1P2
ARL2	4016	953	976	P1P2	976	P1P2
ARL2BP	4100	954	977	P1P2	977	P1P2
ARL3	6927	955	978	P1P2	978	P1P2
ARL4A	12994	956	979	P1P2	979	P1P2
ARL4C	15653	957	980	P1P2	980	P1P2
ARL4D	15608	958	981	P1P2	981	P1P2
ARL5A	2344	959	982	P1P2	982	P1P2
ARL5B	11709	960	983	P1P2	983	P1P2
ARL5C	324	961	984	P1P2	984	P1P2
ARL6	15658	962	985	P1P2	985	P1P2
ARL6IP1	1894	963	986	P1	986	P2
ARL6IP4	18000	964	987	P1P2	987	P1P2
ARL6IP5	7821	965	988	P1P2	988	P1P2
ARL6IP6	13356	966	989	P1P2	989	P1P2
ARL8A	1910	967	990	P1P2	990	P1P2
ARL8B	15076	968	991	P1P2	991	P1P2
ARL9	14141	969	992	P1P2	992	P1P2
ARMC1	3404	970	993	P1P2	993	P1P2
ARMC10	17299	971	994	P1P2	994	P1P2
ARMC12	1291	972	995	P1P2	995	P1P2
ARMC2	14012	973	996	P1P2	996	P1P2
ARMC3	9430	974	997	P1P2	997	P1P2
ARMC4	4887	975	998	P1P2	998	P1P2
ARMC5	4176	976	999	P1P2	999	P1P2
ARMC6	1115	977	1000	P1P2	1000	P1P2
ARMC7	13520	978	1001	P1P2	1001	P1P2
ARMC8	17618	979	1002	P1P2	1002	P1P2
ARMC9	1256	980	1003	P1P2	1003	P1P2
ARMCX1	18025	981	1004	P1P2	1004	P1P2
ARMCX2	14804	982	1005	P1P2	1005	P1P2
ARMCX3	7357	983	1006	P1P2	1006	P1P2
ARMCX4	13844	984	1007	P1P2	1007	P1P2
ARMCX5	3697	985	1008	P1P2	1008	P1P2
ARMCX6	16523	986	1009	P1P2	1009	P1P2
ARMS2	680	987	1010	P1P2	1010	P1P2
ARNT	3612	988	1011	P1P2	1011	P1P2
ARNT2	15070	989	1012	P1P2	1012	P1P2
ARNTL	16554	990	1013	P1P2	1013	P1P2
ARNTL2	18650	991	1014	P1P2	1014	P1P2
ARPC1A	8397	992	1015	P1P2	1015	P1P2
ARPC1B	7807	993	1016	P1P2	1016	P1P2
ARPC2	12284	994	1017	P1	1017	P1
ARPC3	8780	995	1018	P1	1018	P1
ARPC4	17778	996	1019	P1P2	1019	P1P2
ARPC5	4234	997	1021	P1P2	1021	P1P2
ARPC5L	7484	998	1022	P2	1022	P2
ARPP19	4049	999	1023	P1P2	1023	P1P2
ARPP21	5922	1000	1024	ENST00000187397.4	1024	ENST00000187397.4
ARR3	6791	1001	1025	P1P2	1025	P1P2
ARRB1	10474	1002	1026	P1P2	1026	P1P2
ARRB2	555	1003	1027	P1P2	1027	P1P2
ARRDC1	9816	1004	1028	P1P2	1028	P1P2
ARRDC2	5653	1005	1029	P1	1029	P1
ARRDC3	11844	1006	1030	P1P2	1030	P1P2
ARRDC4	16607	1007	1031	P1P2	1031	P1P2
ARRDC5	18295	1008	1032	P1P2	1032	P1P2
ARSA	8587	1009	1033	P1P2	1033	P1P2
ARSB	565	1010	1034	P1P2	1034	P1P2
ARSD	14652	1011	1035	P1P2	1035	P1P2
ARSF	13660	1013	1037	P1P2	1037	P1P2
ARSG	12074	1014	1038	ENST00000448504.2	1038	ENST00000448504.2
ARSH	11060	1015	1039	ENST00000381130.2	1039	ENST00000381130.2
ARSI	5362	1016	1040	P1P2	1040	P1P2
ARSJ	4188	1017	1041	P1P2	1041	P1P2
ARSK	14543	1018	1042	P1P2	1042	P1P2
ART1	328	1019	1043	P1P2	1043	P1P2
ART3	248	1020	1044	P2	1044	P2
ART4	2195	1021	1045	P1P2	1045	P1P2
ART5	7898	1022	1046	P1P2	1046	P1P2
ARTN	5341	1023	1047	P2	1047	P1
ARV1	4028	1024	1048	P1P2	1048	P1P2
ARVCF	17486	1025	1049	P2	1049	P2
ARX	16813	1026	1050	P2	1050	P2
AS3MT	1749	1027	1051	P1P2	1051	P1P2
ASAH1	17110	1028	1052	P1P2	1052	P1P2
ASAH2	15317	1029	1053	ENST00000395526.4	1053	ENST00000395526.4
ASAP1	8820	1030	1055	P1P2	1055	P1P2
ASAP2	15325	1031	1056	P1P2	1056	P1P2
ASAP3	7223	1032	1057	P1P2	1057	P1P2
ASB1	15758	1033	1058	P1P2	1058	P1P2
ASB10	4460	1034	1059	P1P2	1059	P1P2
ASB11	17229	1035	1060	P2	1060	P1
ASB12	12499	1036	1061	ENST00000396130.2	1061	ENST00000362002.2
ASB13	2087	1037	1062	P1P2	1062	P1P2
ASB14	8536	1038	1063	P1P2	1063	P1P2
ASB15	9070	1039	1064	P1P2	1064	P1P2
ASB16	6384	1040	1065	P1P2	1065	P1P2
ASB17	11412	1041	1066	P1P2	1066	P1P2
ASB18	7385	1042	1067	P1P2	1067	P1P2
ASB2	16873	1043	1068	P1P2	1068	P1P2
ASB4	6899	1044	1070	P1P2	1070	P1P2
ASB5	593	1045	1071	P1P2	1071	P1P2
ASB6	6009	1046	1072	P1P2	1072	P1P2
ASB7	9308	1047	1073	P1P2	1073	P1P2
ASB8	14442	1048	1074	P1P2	1074	P1P2
ASB9	14677	1049	1075	P1P2	1075	P1P2
ASCC1	13946	1050	1076	P1P2	1076	P1P2
ASCC2	8378	1051	1077	P1P2	1077	P1P2
ASCC3	5813	1052	1078	P1P2	1078	P1P2
ASCL1	16370	1053	1079	P1P2	1079	P1P2
ASCL2	5690	1054	1080	P1P2	1080	P1P2
ASCL3	8276	1055	1081	P1P2	1081	P1P2
ASCL4	7217	1056	1082	ENST00000342331.4	1082	ENST00000342331.4
ASCL5	7218	1057	1083	P1P2	1083	P1P2
ASF1A	12949	1058	1084	P1P2	1084	P1P2
ASF1B	10808	1059	1085	P1P2	1085	P1P2
ASGR1	3594	1060	1086	P1P2	1086	P1P2
ASGR2	755	1061	1087	P1P2	1087	P1P2
ASH1L	14904	1062	1088	P1P2	1088	P1P2
ASH2L	4314	1063	1089	P1P2	1089	P1P2
ASIC1	417	1064	1090	P1P2	1090	P1P2
ASIC2	10597	1065	1091	ENST00000359872.6	1091	ENST00000359872.6
ASIC3	14743	1066	1092	P1P2	1092	P1P2
ASIC4	4874	1067	1093	P1P2	1093	P1P2
ASIC5	1227	1068	1094	P1P2	1094	P1P2
ASIP	5605	1069	1095	P1P2	1095	P1P2
ASL	17144	1070	1096	P1P2	1096	P1P2
ASNS	11248	1072	1100	P1P2	1100	P1P2
ASNSD1	17455	1073	1101	P1P2	1101	P1P2
ASPA	16712	1074	1102	P1P2	1102	P1P2
ASPDH	4551	1075	1103	P1P2	1103	P1P2
ASPG	5783	1076	1104	P1	1104	P2
ASPH	14132	1077	1105	P1P2	1105	P1P2
ASPHD1	31	1078	1106	P1P2	1106	P1P2
ASPHD2	8756	1079	1107	P1P2	1107	P1P2
ASPM	9147	1080	1108	P1P2	1108	P1P2
ASPN	2221	1081	1109	P1P2	1109	P1P2
ASPRV1	2196	1082	1110	ENST00000320256.4	1110	ENST00000320256.4
ASPSCR1	568	1083	1111	P1P2	1111	P1P2
ASRGL1	11009	1084	1112	P1P2	1112	P1P2
ASS1	15656	1085	1113	P1P2	1113	P1P2
ASTE1	7924	1086	1114	P1P2	1114	P1P2
ASTL	1545	1087	1115	ENST00000342380.2	1115	ENST00000342380.2
ASTN1	17692	1088	1116	P1P2	1116	P1P2
ASTN2	9573	1089	1117	P1P2	1117	P1P2
ASXL1	16917	1091	1119	P1P2	1119	P1P2
ASXL2	18129	1092	1120	P1P2	1120	P1P2
ASXL3	13565	1093	1121	P1P2	1121	P1P2
ASZ1	5266	1094	1122	P1P2	1122	P1P2
ATAD1	17356	1095	1123	P1P2	1123	P1P2
ATAD2	6350	1096	1124	P1P2	1124	P1P2
ATAD2B	6060	1097	1125	P1P2	1125	P1P2
ATAD3A	9174	1098	1126	P1P2	1126	P1P2
ATAD3B	18968	1099	1127	P1	1127	P1
ATAD3C	14320	1100	1128	P1P2	1128	P1P2
ATAD5	5070	1101	1129	P1P2	1129	P1P2
ATAT1	3995	1102	1130	P1P2	1130	P1P2
ATCAY	588	1103	1131	P1P2	1131	P1P2
ATE1	9073	1104	1132	P1P2	1132	P1P2
ATF1	7588	1105	1133	P1P2	1133	P1P2
ATF2	857	1106	1134	P1P2	1134	P1P2
ATF3	5235	1107	1135	P1P2	1135	P1P2
ATF4	17837	1108	1136	P1P2	1136	P1P2
ATF5	9564	1109	1137	P1P2	1137	P1P2
ATF6	1940	1110	1138	P1P2	1138	P1P2
ATF6B	12196	1111	1139	P1P2	1139	P1P2
ATF7	2826	1112	1140	P1P2	1140	P1P2
ATF7IP	7426	1113	1141	P1	1141	P1
ATF7IP2	15881	1114	1142	P1P2	1142	P1P2
ATG10	3055	1115	1143	P1P2	1143	P1P2
ATG12	6657	1116	1144	P1P2	1144	P1P2
ATG13	8802	1117	1145	P1P2	1145	P1P2
ATG14	1059	1118	1146	P1P2	1146	P1P2
ATG16L1	17867	1119	1147	P1P2	1147	P1P2
ATG16L2	13156	1120	1148	P1P2	1148	P1P2
ATG2A	3587	1121	1149	P1P2	1149	P1P2
ATG2B	18790	1122	1150	P1P2	1150	P1P2
ATG3	8883	1123	1151	P1P2	1151	P1P2
ATG4A	10179	1124	1152	P1P2	1152	P1P2
ATG4B	11491	1125	1153	P1P2	1153	P1P2
ATG4C	15619	1126	1154	P1P2	1154	P1P2
ATG4D	15669	1127	1155	P1P2	1155	P1P2
ATG5	5955	1128	1156	P1P2	1156	P1P2
ATG7	2956	1129	1157	P1P2	1157	P1P2
ATG9A	16393	1130	1158	P1P2	1158	P1P2
ATIC	407	1132	1161	P1P2	1161	P1P2
ATL1	15730	1133	1162	P1P2	1162	P1P2
ATL2	13862	1134	1163	P1P2	1163	P1P2
ATL3	9189	1135	1164	P1P2	1164	P1P2
ATM	3641	1136	1165	P1P2	1165	P1P2
ATMIN	10240	1137	1166	P1P2	1166	P1P2
ATN1	2722	1138	1167	P1P2	1167	P1P2
ATOH1	16029	1139	1168	P1P2	1168	P1P2
ATOH7	1850	1140	1169	P1P2	1169	P1P2
ATOH8	9106	1141	1170	P1P2	1170	P1P2
ATOX1	15956	1142	1171	P1P2	1171	P1P2
ATP10A	11304	1143	1172	P1P2	1172	P1P2
ATP10B	18515	1144	1173	P1P2	1173	P1P2
ATP10D	13487	1145	1174	P1P2	1174	P1P2
ATP11A	8693	1146	1175	P1P2	1175	P1P2
ATP11B	4212	1147	1176	P1P2	1176	P1P2
ATP11C	6130	1148	1177	ENST00000361648.2	1177	ENST00000361648.2
ATP12A	13827	1149	1178	P1P2	1178	P1P2
ATP13A1	15922	1150	1179	P1P2	1179	P1P2
ATP13A2	9131	1151	1180	P1P2	1180	P1P2
ATP13A3	1862	1152	1181	P1P2	1181	P1P2
ATP13A4	3076	1153	1182	P1P2	1182	P1P2
ATP13A5	5203	1154	1183	P1P2	1183	P1P2
ATP1A1	2198	1155	1184	P1P2	1184	P1P2
ATP1A2	13988	1156	1185	P2	1185	P1
ATP1A3	10791	1157	1186	P1P2	1186	P1P2
ATP1A4	11292	1158	1187	P1	1187	P2
ATP1B1	6858	1159	1188	P1P2	1188	P1P2
ATP1B2	17453	1160	1189	P1P2	1189	P1P2
ATP1B3	4911	1161	1190	P1P2	1190	P1P2
ATP1B4	2554	1162	1191	P1P2	1191	P1P2
ATP2A1	10078	1163	1192	P1P2	1192	P1P2
ATP2A2	6687	1164	1193	P1P2	1193	P1P2
ATP2A3	14029	1165	1194	P1P2	1194	P1P2
ATP2B1	11983	1166	1195	P1P2	1195	P1P2
ATP2B2	5146	1167	1196	P2	1196	P1
ATP2B3	11435	1168	1197	P1P2	1197	P1P2
ATP2B4	18340	1169	1198	P1P2	1198	P1P2
ATP2C1	16441	1170	1199	P1P2	1199	P1P2
ATP2C2	15790	1171	1200	P1P2	1200	P1P2
ATP4A	2296	1172	1201	P2	1201	P2
ATP4B	4925	1173	1202	P1P2	1202	P1P2
ATP6AP1	9707	1189	1222	P1P2	1222	P1P2
ATP6AP1L	14696	1190	1223	P1P2	1223	P1P2
ATP6AP2	2515	1191	1224	P1P2	1224	P1P2
ATP6V0A1	17083	1192	1225	P1P2	1225	P1P2
ATP6V0A2	16444	1193	1226	P1P2	1226	P1P2
ATP6V0A4	13292	1194	1227	P2	1227	P1
ATP6V0B	15279	1195	1228	P1P2	1228	P1P2
ATP6V0C	10949	1196	1229	P1P2	1229	P1P2
ATP6V0D1	13340	1197	1230	P1P2	1230	P1P2
ATP6V0D2	7793	1198	1231	P1P2	1231	P1P2
ATP6V0E1	3011	1199	1232	P1P2	1232	P1P2
ATP6V0E2	14085	1200	1233	P1P2	1233	P1P2
ATP6V1A	622	1201	1234	P1P2	1234	P1P2
ATP6V1B1	2900	1202	1235	P1P2	1235	P1P2
ATP6V1B2	2382	1203	1236	P1P2	1236	P1P2
ATP6V1C1	13091	1204	1237	P1P2	1237	P1P2
ATP6V1C2	4277	1205	1238	P1P2	1238	P1P2
ATP6V1D	2271	1206	1239	P1P2	1239	P1P2
ATP6V1E1	9630	1207	1240	P1P2	1240	P1P2
ATP6V1E2	7937	1208	1241	P1P2	1241	P1P2
ATP6V1F	18722	1209	1242	P1P2	1242	P1P2
ATP6V1G1	1320	1210	1243	P1P2	1243	P1P2
ATP6V1G2	18377	1211	1244	P1P2	1244	P1P2
ATP6V1G3	1393	1212	1245	P1P2	1245	P1P2
ATP6V1H	9746	1213	1246	P1P2	1246	P1P2
ATP7A	3094	1214	1247	P1P2	1247	P1P2
ATP7B	16791	1215	1248	P1P2	1248	P1P2
ATP8A1	11631	1216	1249	P1P2	1249	P1P2
ATP8A2	8416	1217	1250	P1P2	1250	P1P2
ATP8B1	1063	1218	1251	P1P2	1251	P1P2
ATP8B2	3730	1219	1252	P2	1252	P2
ATP8B3	17474	1220	1253	P1P2	1253	P1P2
ATP8B4	7265	1221	1254	P1P2	1254	P1P2
ATP9A	6296	1222	1255	P1P2	1255	P1P2
ATP9B	9	1223	1256	P1P2	1256	P1P2
ATPAF1	10374	1224	1257	P1P2	1257	P1P2
ATPAF2	141	1225	1258	P1P2	1258	P1P2
ATR	3569	1227	1260	P1P2	1260	P1P2
ATRAID	1909	1228	1261	P1P2	1261	P1P2
ATRIP	15131	1229	1262	P1P2	1262	P1P2
ATRN	10404	1230	1263	P1P2	1263	P1P2
ATRNL1	469	1231	1264	P1P2	1264	P1P2
ATRX	13394	1232	1265	P1P2	1265	P1P2
ATXN1	6447	1233	1266	P1P2	1266	P1P2
ATXN10	12165	1234	1267	P1P2	1267	P1P2
ATXN1L	1962	1235	1268	P1P2	1268	P1P2
ATXN2	5852	1236	1269	P1P2	1269	P1P2
ATXN2L	4892	1237	1270	P1P2	1270	P1P2
ATXN3	17979	1238	1271	P1P2	1271	P1P2
ATXN3L	5500	1239	1272	P1P2	1272	P1P2
ATXN7	9301	1240	1273	ENST00000398590.3	1273	ENST00000538065.1
ATXN7L1	3030	1241	1274	P1P2	1274	P1P2
ATXN7L2	5425	1242	1275	P1P2	1275	P1P2
ATXN7L3	4619	1243	1276	P1P2	1276	P1P2
ATXN7L3B	17750	1244	1277	P1P2	1277	P1P2
AUH	3923	1245	1278	P1P2	1278	P1P2
AUNIP	18605	1246	1279	P1P2	1279	P1P2
AUP1	11045	1247	1280	P1P2	1280	P1P2
AURKA	18668	1248	1281	P1P2	1281	P1P2
AURKAIP1	5545	1249	1282	P1P2	1282	P1P2
AURKC	9304	1251	1283	P1P2	1283	P1P2
AUTS2	6320	1252	1284	P1P2	1284	P1P2
AVEN	13221	1253	1285	P1P2	1285	P1P2
AVIL	8716	1254	1286	P1P2	1286	P1P2
AVL9	16906	1255	1287	P1P2	1287	P1P2
AVP	2071	1256	1288	P1P2	1288	P1P2
AVPI1	11951	1257	1289	P1P2	1289	P1P2
AVPR1A	10671	1258	1290	P1P2	1290	P1P2
AVPR1B	3396	1259	1291	P1P2	1291	P1P2
AVPR2	6248	1260	1292	P1P2	1292	P1P2
AWAT1	7069	1261	1293	P1P2	1293	P1P2
AWAT2	12727	1262	1294	P1P2	1294	P1P2
AXDND1	11127	1263	1295	P1P2	1295	P1P2
AXIN1	17933	1264	1296	P1P2	1296	P1P2
AXIN2	7562	1265	1297	P1	1297	P2
AXL	4167	1266	1298	P1P2	1298	P1P2
AZGP1	17495	1267	1299	P1P2	1299	P1P2
AZI2	12013	1269	1301	P1P2	1301	P1P2
AZIN1	16634	1270	1302	P1P2	1302	P1P2
AZU1	2798	1271	1303	P1	1303	P1
B2M	18236	1272	1304	P2	1304	P2
B3GALNT1	13413	1273	1305	P1P2	1305	P1P2
B3GALNT2	7058	1274	1306	P1P2	1306	P1P2
B3GALT1	9782	1275	1307	P1P2	1307	P1P2
B3GALT2	3247	1276	1308	P1P2	1308	P1P2
B3GALT4	3509	1277	1309	P1P2	1309	P1P2
B3GALT5	9387	1278	1310	ENST00000380620.4	1310	ENST00000380618.1
B3GALT6	9142	1279	1311	P1P2	1311	P1P2
B3GAT1	9959	1281	1313	P1P2	1313	P1P2
B3GAT2	11638	1282	1314	P1P2	1314	P1P2
B3GAT3	1486	1283	1315	P1P2	1315	P1P2
B3GNT2	18616	1285	1317	P1P2	1317	P1P2
B3GNT3	12240	1286	1318	P1P2	1318	P1P2
B3GNT4	7622	1287	1319	P1P2	1319	P1P2
B3GNT5	12688	1288	1320	P1P2	1320	P1P2
B3GNT6	7572	1289	1321	P1P2	1321	P1P2
B3GNT7	14318	1290	1322	P1P2	1322	P1P2
B3GNT8	6373	1291	1323	P1P2	1323	P1P2
B3GNT9	4545	1292	1324	P1P2	1324	P1P2
B3GNTL1	11545	1293	1325	P1	1325	P2
B4GALNT1	4612	1294	1326	P1P2	1326	P1P2
B4GALNT2	602	1295	1327	P1P2	1327	P1P2
B4GALNT3	1349	1296	1328	P1P2	1328	P1P2
B4GALNT4	13021	1297	1329	P1P2	1329	P1P2
B4GALT1	16475	1298	1330	P1P2	1330	P1P2
B4GALT2	10917	1299	1331	P1P2	1331	P1P2
B4GALT3	11642	1300	1332	P1P2	1332	P1P2
B4GALT4	12223	1301	1333	P1P2	1333	P1P2
B4GALT5	1377	1302	1334	P1P2	1334	P1P2
B4GALT6	14655	1303	1335	P1P2	1335	P1P2
B4GALT7	14363	1304	1336	P1P2	1336	P1P2
B9D1	3158	1305	1337	P1P2	1337	P1P2
B9D2	13407	1306	1338	P1P2	1338	P1P2
BAALC	13593	1307	1339	P1P2	1339	P1P2
BAAT	6867	1308	1340	P2	1340	P1
BABAM1	17675	1309	1341	P1P2	1341	P1P2
BACE1	4513	1310	1342	P1P2	1342	P1P2
BACE2	15199	1311	1343	P1P2	1343	P1P2
BACH1	8808	1312	1344	P1P2	1344	P1P2
BACH2	16582	1313	1345	P1P2	1345	P1P2
BAD	6727	1314	1346	P1P2	1346	P1P2
BAG1	11186	1315	1347	P1P2	1347	P1P2
BAG2	6437	1316	1348	P1P2	1348	P1P2
BAG3	12923	1317	1349	P1P2	1349	P1P2
BAG4	9853	1318	1350	P1P2	1350	P1P2
BAG5	17624	1319	1351	P1P2	1351	P1P2
BAG6	7930	1320	1352	P1P2	1352	P1P2
BAHD1	9310	1321	1355	P1P2	1355	P1P2
BAIAP2	4891	1325	1359	P1P2	1359	P1P2
BAIAP2L1	14956	1326	1360	P1P2	1360	P1P2
BAIAP2L2	8094	1327	1361	P1	1361	P1
BAIAP3	12497	1328	1362	P1P2	1362	P1P2
BAK1	13134	1329	1363	P1P2	1363	P1P2
BAMBI	3707	1330	1364	P1P2	1364	P1P2
BANF1	14242	1331	1365	P1P2	1365	P1P2
BANF2	13938	1332	1366	P1P2	1366	P1P2
BANK1	611	1333	1367	P1P2	1367	P1P2
BANP	15831	1334	1368	P1P2	1368	P1P2
BAP1	18310	1335	1369	P1P2	1369	P1P2
BARD1	12768	1336	1370	P1P2	1370	P1P2
BARHL1	8827	1337	1371	P1P2	1371	P1P2
BARHL2	11743	1338	1372	P1P2	1372	P1P2
BARX1	15592	1339	1373	P1P2	1373	P1P2
BARX2	18797	1340	1374	P1P2	1374	P1P2
BASP1	1849	1341	1375	P1P2	1375	P1P2
BATF	7306	1342	1376	P1P2	1376	P1P2
BATF2	15245	1343	1377	P1P2	1377	P1P2
BATF3	11883	1344	1378	P1P2	1378	P1P2
BAX	18918	1345	1379	P1P2	1379	P1P2
BAZ1A	1300	1346	1380	P1P2	1380	P1P2
BAZ1B	6615	1347	1381	P1P2	1381	P1P2
BAZ2A	5911	1348	1382	P2	1382	P2
BAZ2B	15195	1349	1383	P1P2	1383	P1P2
BBC3	9028	1350	1384	P1P2	1384	P1P2
BBIP1	8730	1351	1385	P1P2	1385	P1P2
BBOX1	16030	1352	1386	P2	1386	P1
BBS1	1609	1353	1387	P1P2	1387	P1P2
BBS10	16616	1354	1388	P1P2	1388	P1P2
BBS12	12524	1355	1389	P1P2	1389	P1P2
BBS2	1642	1356	1390	P1P2	1390	P1P2
BBS4	18015	1357	1391	P1P2	1391	P1P2
BBS5	18348	1358	1392	P1P2	1392	P1P2
BBS7	18695	1359	1393	P1P2	1393	P1P2
BBS9	294	1360	1394	P1P2	1394	P1P2
BBX	18115	1361	1395	P1P2	1395	P1P2
BCAM	2814	1362	1396	P1P2	1396	P1P2
BCAN	2828	1363	1397	P1P2	1397	P1P2
BCAP29	17927	1364	1398	P1P2	1398	P1P2
BCAP31	3245	1365	1399	P1P2	1399	P1P2
BCAR1	17099	1366	1400	P2	1400	P2
BCAR3	13851	1367	1401	P1	1401	P2
BCAS1	7655	1368	1402	ENST00000395961.3	1402	ENST00000395961.3
BCAS2	6019	1369	1403	P1P2	1403	P1P2
BCAS3	13243	1370	1404	P1P2	1404	P1P2
BCAS4	12481	1371	1405	P1P2	1405	P1P2
BCAT1	2874	1372	1406	P1P2	1406	P1P2
BCAT2	9775	1373	1407	P1P2	1407	P1P2
BCCIP	12536	1374	1408	P1P2	1408	P1P2
BCDIN3D	18416	1375	1409	P1P2	1409	P1P2
BCHE	16039	1376	1410	P1P2	1410	P1P2
BCKDHA	1948	1377	1411	P1	1411	P1
BCKDHB	467	1378	1412	P1P2	1412	P1P2
BCKDK	4926	1379	1413	P1P2	1413	P1P2
BCL10	3046	1380	1414	P1P2	1414	P1P2
BCL11A	1555	1381	1415	P1P2	1415	P1P2
BCL11B	14340	1382	1416	P1P2	1416	P1P2
BCL2	15347	1383	1417	P1P2	1417	P1P2
BCL2A1	10673	1384	1418	P1P2	1418	P1P2
BCL2L1	13561	1385	1419	P1	1419	P2
BCL2L10	18076	1386	1420	P1P2	1420	P1P2
BCL2L11	7513	1387	1421	P1	1421	P1
BCL2L12	16569	1388	1422	P1P2	1422	P1P2
BCL2L13	4635	1389	1423	P1P2	1423	P1P2
BCL2L14	13712	1390	1424	P1	1424	P2
BCL2L15	10148	1391	1425	P1P2	1425	P1P2
BCL2L2	4744	1392	1426	P1P2	1426	P1P2
BCL3	7809	1393	1427	P1P2	1427	P1P2
BCL6	17855	1394	1428	P1P2	1428	P1P2
BCL6B	12851	1395	1429	P1P2	1429	P1P2
BCL7A	12998	1396	1430	P1P2	1430	P1P2
BCL7B	4026	1397	1431	P1P2	1431	P1P2
BCL7C	3926	1398	1432	P1P2	1432	P1P2
BCL9	15579	1399	1433	P1P2	1433	P1P2
BCL9L	2183	1400	1434	P1P2	1434	P1P2
BCLAF1	1178	1401	1435	P1P2	1435	P1P2
BCO2	17193	1403	1437	P1P2	1437	P1P2
BCOR	15395	1404	1438	P1P2	1438	P1P2
BCORL1	12520	1405	1439	P1P2	1439	P1P2
BCR	7298	1406	1440	P1P2	1440	P1P2
BCS1L	4078	1407	1441	P1P2	1441	P1P2
BDH1	17999	1408	1442	P2	1442	P1
BDH2	15958	1409	1443	P1P2	1443	P1P2
BDKRB1	2646	1410	1444	P1P2	1444	P1P2
BDKRB2	3390	1411	1445	P1P2	1445	P1P2
BDNF	15936	1412	1446	P1P2	1446	P1P2
BDP1	13730	1413	1447	P1P2	1447	P1P2
BEAN1	12822	1414	1448	P1P2	1448	P1P2
BECN1	14529	1415	1449	P1P2	1449	P1P2
BEGAIN	15063	1416	1450	P1	1450	P1
BEND2	14043	1417	1451	P1P2	1451	P1P2
BEND3	9160	1418	1452	P1P2	1452	P1P2
BEND4	13992	1419	1453	P1P2	1453	P1P2
BEND5	11599	1420	1454	P1P2	1454	P1P2
BEND6	13444	1421	1455	P1P2	1455	P1P2
BEND7	1030	1422	1456	P1P2	1456	P1P2
BEST1	9126	1423	1457	P2	1457	P2
BEST2	15969	1424	1458	P1P2	1458	P1P2
BEST3	1467	1425	1459	P1P2	1459	P1P2
BEST4	6692	1426	1460	P1P2	1460	P1P2
BET1	14269	1427	1461	P1P2	1461	P1P2
BET1L	14108	1428	1462	P1P2	1462	P1P2
BEX1	15156	1429	1463	P1P2	1463	P1P2
BEX2	12132	1430	1464	P1P2	1464	P1P2
BEX4	7380	1431	1465	P1P2	1465	P1P2
BEX5	1608	1432	1466	P1P2	1466	P1P2
BFAR	12053	1433	1467	P1P2	1467	P1P2
BFSP1	6239	1434	1468	P1	1468	P1
BFSP2	11268	1435	1469	P1P2	1469	P1P2
BGLAP	1505	1436	1470	P1P2	1470	P1P2
BGN	18438	1437	1471	P1P2	1471	P1P2
BHLHA15	14938	1438	1472	P1P2	1472	P1P2
BHLHA9	2940	1439	1473	P1P2	1473	P1P2
BHLHB9	990	1440	1474	P1P2	1474	P1P2
BHLHE22	8500	1441	1475	P1P2	1475	P1P2
BHLHE23	13854	1442	1476	P1P2	1476	P1P2
BHLHE40	17678	1443	1477	P1P2	1477	P1P2
BHLHE41	6188	1444	1478	P1P2	1478	P1P2
BHMT	3457	1445	1479	P1P2	1479	P1P2
BHMT2	11173	1446	1480	P1P2	1480	P1P2
BICC1	9627	1447	1481	P1P2	1481	P1P2
BICD1	7858	1448	1482	P1P2	1482	P1P2
BICD2	2208	1449	1483	P1P2	1483	P1P2
BID	5945	1450	1484	P1P2	1484	P1P2
BIK	17158	1451	1485	P1P2	1485	P1P2
BIN1	11608	1452	1486	P1P2	1486	P1P2
BIN2	16364	1453	1487	P1P2	1487	P1P2
BIN3	8928	1454	1488	P1P2	1488	P1P2
BIRC2	18292	1455	1489	P1P2	1489	P1P2
BIRC3	10236	1456	1490	P1P2	1490	P1P2
BIRC6	7604	1458	1491	P1P2	1491	P1P2
BIRC7	2013	1459	1492	P1P2	1492	P1P2
BIRC8	15260	1460	1493	P1P2	1493	P1P2
BIVM	9759	1461	1494	P1	1494	P2
BLCAP	92	1463	1496	P1P2	1496	P1P2
BLID	530	1464	1497	ENST00000560104.1	1497	ENST00000560104.1
BLK	10533	1465	1498	P1P2	1498	P1P2
BLM	8941	1466	1499	P1P2	1499	P1P2
BLMH	3292	1467	1500	P1P2	1500	P1P2
BLNK	277	1468	1501	P1P2	1501	P1P2
BLOC1S1	5204	1469	1502	P1P2	1502	P1P2
BLOC1S2	15694	1470	1503	P1P2	1503	P1P2
BLOC1S3	5496	1471	1504	P1	1504	P1
BLOC1S4	10063	1472	1505	P1P2	1505	P1P2
BLOC1S5	1317	1473	1506	P1P2	1506	P1P2
BLOC1S6	5222	1474	1507	P1P2	1507	P1P2
BLVRA	18913	1475	1508	P2	1508	P2
BLVRB	10323	1476	1509	P1P2	1509	P1P2
BLZF1	3705	1477	1510	P1P2	1510	P1P2
BMF	874	1478	1511	P1P2	1511	P1P2
BMI1	11025	1479	1512	P1P2	1512	P1P2
BMP1	14657	1480	1513	P1P2	1513	P1P2
BMP10	1939	1481	1514	P1P2	1514	P1P2
BMP15	7029	1482	1515	ENST00000252677.3	1515	ENST00000252677.3
BMP2	684	1483	1516	P2	1516	P1
BMP2K	7462	1484	1517	P1P2	1517	P1P2
BMP3	8590	1485	1518	P1P2	1518	P1P2
BMP4	4614	1486	1519	P2	1519	P2
BMP5	10027	1487	1520	P1P2	1520	P1P2
BMP6	17219	1488	1521	P1P2	1521	P1P2
BMP7	14587	1489	1522	P1P2	1522	P1P2
BMP8A	17724	1490	1523	P1P2	1523	P1P2
BMPER	16296	1491	1525	P1P2	1525	P1P2
BMPR1A	12264	1492	1526	P1P2	1526	P1P2
BMPR1B	1739	1493	1527	P1P2	1527	P1P2
BMPR2	12338	1494	1528	P1P2	1528	P1P2
BNC1	4254	1496	1530	P1P2	1530	P1P2
BNC2	18966	1497	1531	P1P2	1531	P1P2
BNIP1	17751	1498	1532	P1P2	1532	P1P2
BNIP2	16570	1499	1533	P1P2	1533	P1P2
BNIP3	2342	1500	1534	P1P2	1534	P1P2
BNIP3L	3564	1501	1535	P1P2	1535	P1P2
BNIPL	5151	1502	1536	P1P2	1536	P1P2
BOC	165	1503	1537	P1P2	1537	P1P2
BOD1L1	9149	1504	1539	P2	1539	P2
BOD1L2	7425	1505	1540	P1P2	1540	P1P2
BOK	17654	1506	1541	P1P2	1541	P1P2
BOLA1	1530	1507	1542	P1	1542	P1
BOLA3	11934	1508	1544	P1P2	1544	P1P2
BOLL	8952	1509	1545	P1P2	1545	P1P2
BOP1	13591	1510	1546	P2	1546	P1
BORA	4865	1511	1547	P1P2	1547	P1P2
BPGM	14416	1512	1548	P1P2	1548	P1P2
BPHL	18872	1513	1549	P1P2	1549	P1P2
BPI	14542	1514	1550	P1P2	1550	P1P2
BPIFA1	18958	1515	1551	P2	1551	P1
BPIFA2	4673	1516	1552	P1P2	1552	P1P2
BPIFA3	18437	1517	1553	P1P2	1553	P1P2
BPIFB1	2571	1518	1554	P1P2	1554	P1P2
BPIFB2	11193	1519	1555	P1P2	1555	P1P2
BPIFB3	14161	1520	1556	ENST00000375494.3	1556	ENST00000375494.3
BPIFB4	8740	1521	1557	P1P2	1557	P1P2
BPIFB6	11094	1522	1558	P1P2	1558	P1P2
BPIFC	15168	1523	1559	P1P2	1559	P1P2
BPNT1	7967	1524	1560	P1P2	1560	P1P2
BPTF	16672	1525	1561	P1P2	1561	P1P2
BRAF	6232	1526	1563	P1P2	1563	P1P2
BRAP	5038	1527	1564	P1P2	1564	P1P2
BRAT1	744	1528	1565	P1P2	1565	P1P2
BRCA1	14040	1529	1566	P1P2	1566	P1P2
BRCA2	8275	1530	1567	P1P2	1567	P1P2
BRCC3	13228	1531	1568	P1P2	1568	P1P2
BRD1	18834	1532	1569	P1P2	1569	P1P2
BRD2	14207	1533	1570	P1	1570	P2
BRD3	9789	1534	1571	P1P2	1571	P1P2
BRD4	14989	1535	1572	ENST00000263377.2,ENST00000371835.4	1572	ENST00000263377.2,ENST00000371835.4
BRD7	6600	1536	1573	P1P2	1573	P1P2
BRD8	7269	1537	1574	P1P2	1574	P1P2
BRD9	14209	1538	1575	P1P2	1575	P1P2
BRDT	5098	1539	1576	P1P2	1576	P1P2
BRF1	3400	1541	1578	P1P2	1578	P1P2
BRF2	17686	1542	1579	P1P2	1579	P1P2
BRI3	3470	1543	1580	P1P2	1580	P1P2
BRI3BP	15236	1544	1581	P1P2	1581	P1P2
BRICD5	11802	1545	1582	P1P2	1582	P1P2
BRINP1	10915	1546	1583	P1P2	1583	P1P2
BRINP2	3436	1547	1584	P1P2	1584	P1P2
BRINP3	12275	1548	1585	P2	1585	P1
BRIP1	12373	1549	1586	P1P2	1586	P1P2
BRIX1	379	1550	1587	P1P2	1587	P1P2
BRK1	6754	1551	1588	P1P2	1588	P1P2
BRMS1	14971	1552	1589	P1P2	1589	P1P2
BRMS1L	8174	1553	1590	P1P2	1590	P1P2
BROX	3157	1554	1591	P1P2	1591	P1P2
BRPF1	18009	1555	1592	P1P2	1592	P1P2
BRPF3	14623	1556	1593	P1P2	1593	P1P2
BRS3	11925	1557	1594	P1P2	1594	P1P2
BRSK1	19030	1558	1595	P1P2	1595	P1P2
BRSK2	2306	1559	1596	P1P2	1596	P1P2
BRWD1	13281	1560	1597	P1P2	1597	P1P2
BRWD3	9484	1561	1598	P1P2	1598	P1P2
BSCL2	16987	1562	1599	P1	1599	P1
BSDC1	12977	1563	1600	P1P2	1600	P1P2
BSG	18680	1564	1601	P1P2	1601	P1P2
BSN	11318	1565	1602	P1P2	1602	P1P2
BSND	9765	1566	1603	P1P2	1603	P1P2
BSPH1	7486	1567	1604	P1P2	1604	P1P2
BSPRY	136	1568	1605	P1P2	1605	P1P2
BST1	16698	1569	1606	P1P2	1606	P1P2
BST2	13601	1570	1607	P1P2	1607	P1P2
BSX	13344	1571	1608	P1P2	1608	P1P2
BTAF1	17833	1572	1609	P1P2	1609	P1P2
BTBD1	2401	1573	1610	P1P2	1610	P1P2
BTBD10	8749	1574	1611	P2	1611	P1
BTBD11	7420	1575	1612	P1	1612	P1
BTBD16	9375	1576	1613	ENST00000260723.4,ENST00000368994.2	1613	ENST00000260723.4,ENST00000368994.2
BTBD17	13957	1577	1614	P1P2	1614	P1P2
BTBD18	16957	1578	1615	ENST00000436147.3	1615	ENST00000436147.3
BTBD19	14379	1579	1616	P1P2	1616	P1P2
BTBD2	14028	1580	1617	P1P2	1617	P1P2
BTBD3	16218	1581	1618	P1P2	1618	P1P2
BTBD6	8846	1582	1619	P1P2	1619	P1P2
BTBD7	16148	1583	1620	P1P2	1620	P1P2
BTBD8	2585	1584	1621	P1P2	1621	P1P2
BTBD9	17034	1585	1622	P1P2	1622	P1P2
BTC	17448	1586	1623	P1P2	1623	P1P2
BTD	2795	1587	1624	P1P2	1624	P1P2
BTF3	2858	1588	1625	P1P2	1625	P1P2
BTF3L4	4992	1589	1626	P1P2	1626	P1P2
BTG1	16003	1590	1627	P1P2	1627	P1P2
BTG2	15571	1591	1628	P1P2	1628	P1P2
BTG3	10383	1592	1629	P1P2	1629	P1P2
BTG4	5789	1593	1630	P1P2	1630	P1P2
BTK	17333	1594	1631	P1P2	1631	P1P2
BTLA	18464	1595	1632	P1P2	1632	P1P2
BTN1A1	4019	1596	1633	ENST00000244513.6	1633	ENST00000244513.6
BTN2A1	17481	1597	1634	P1P2	1634	P1P2
BTN2A2	12424	1598	1635	P1P2	1635	P1P2
BTN3A1	8594	1599	1636	P1P2	1636	P1P2
BTN3A2	9280	1600	1637	P1P2	1637	P1P2
BTN3A3	6475	1601	1638	P1P2	1638	P1P2
BTNL3	3232	1602	1640	P1P2	1640	P1P2
BTNL8	15543	1603	1641	P1P2	1641	P1P2
BTNL9	9544	1604	1642	P1	1642	P1
BTRC	5470	1605	1643	P1P2	1643	P1P2
BUB1	18322	1606	1644	P1P2	1644	P1P2
BUD31	4163	1610	1645	P1P2	1645	P1P2
BVES	12390	1611	1646	P1P2	1646	P1P2
BYSL	474	1612	1647	P1P2	1647	P1P2
BZW1	12065	1614	1649	P1P2	1649	P1P2
BZW2	3939	1615	1650	P1P2	1650	P1P2
C10orf105	1618	1617	1652	P1P2	1652	P1P2
C10orf111	17684	1620	1655	P1P2	1655	P1P2
C10orf120	12752	1625	1660	P1P2	1660	P1P2
C10orf126	15112	1626	1661	ENST00000375520.1	1661	ENST00000375520.1
C10orf25	15098	1632	1667	P1P2	1667	P1P2
C10orf53	11299	1636	1670	P1P2	1670	P1P2
C10orf55	11112	1638	1672	P1P2	1672	P1P2
C10orf62	46	1639	1673	P1P2	1673	P1P2
C10orf67	6233	1640	1674	P1P2	1674	P1P2
C10orf71	369	1642	1675	P1P2	1675	P1P2
C10orf82	6984	1644	1677	P1P2	1677	P1P2
C10orf88	5986	1646	1678	P1P2	1678	P1P2
C10orf90	3934	1647	1679	ENST00000284694.7	1679	ENST00000284694.7
C10orf91	12987	1648	1680	P1P2	1680	P1P2
C10orf95	3003	1649	1681	P1P2	1681	P1P2
C10orf99	875	1650	1682	P1P2	1682	P1P2
C11orf1	8602	1651	1683	P1P2	1683	P1P2
C11orf16	18401	1652	1684	P1P2	1684	P1P2
C11orf21	6389	1653	1685	P1P2	1685	P1P2
C11orf40	11835	1657	1691	ENST00000307616.1	1691	ENST00000307616.1
C11orf42	13722	1658	1692	P1P2	1692	P1P2
C11orf44	6412	1659	1693	ENST00000317019.2	1693	ENST00000317019.2
C11orf45	2425	1660	1694	P2	1694	P1
C11orf49	5983	1662	1696	P1P2	1696	P1P2
C11orf52	18183	1663	1697	P2	1697	P2
C11orf53	15810	1664	1698	P1P2	1698	P1P2
C11orf54	17256	1665	1699	P1P2	1699	P1P2
C11orf58	15552	1667	1701	P1P2	1701	P1P2
C11orf65	9414	1669	1703	P1P2	1703	P1P2
C11orf68	639	1670	1704	P1P2	1704	P1P2
C11orf71	17244	1672	1706	P1P2	1706	P1P2
C11orf80	13867	1676	1709	P1P2	1709	P1P2
C11orf86	7073	1681	1714	P1P2	1714	P1P2
C11orf87	355	1682	1715	P1P2	1715	P1P2
C11orf88	8093	1683	1716	P1P2	1716	P1P2
C11orf91	18475	1685	1717	P1P2	1717	P1P2
C11orf94	446	1686	1718	P1P2	1718	P1P2
C11orf96	15763	1687	1720	P1P2	1720	P1P2
C12orf29	18026	1690	1723	P1P2	1723	P1P2
C12orf4	8799	1693	1725	P1P2	1725	P1P2
C12orf40	257	1694	1726	P1P2	1726	P1P2
C12orf42	18056	1695	1727	ENST00000378113.2,ENST00000548883.1	1727	ENST00000378113.2,ENST00000548883.1
C12orf43	9381	1696	1728	P1P2	1728	P1P2
C12orf49	13227	1699	1730	P1P2	1730	P1P2
C12orf50	12078	1701	1732	P1P2	1732	P1P2
C12orf54	7087	1703	1734	P1P2	1734	P1P2
C12orf56	18001	1705	1736	P1P2	1736	P1P2
C12orf57	4701	1706	1737	P1P2	1737	P1P2
C12orf60	16452	1707	1738	P1P2	1738	P1P2
C12orf61	15652	1708	1739	P1P2	1739	P1P2
C12orf65	10154	1709	1740	P1P2	1740	P1P2
C12orf66	12726	1710	1741	P1P2	1741	P1P2
C12orf71	1046	1712	1743	ENST00000429849.2	1743	ENST00000429849.2
C12orf73	12205	1713	1744	P2	1744	P1
C12orf74	2022	1714	1745	P1P2	1745	P1P2
C12orf75	2559	1715	1746	P1P2	1746	P1P2
C12orf76	11099	1716	1747	P1P2	1747	P1P2
C12orf77	2866	1717	1748	P1P2	1748	P1P2
C13orf35	14231	1718	1751	ENST00000356049.1	1751	ENST00000356049.1
C14orf119	134	1721	1755	P1P2	1755	P1P2
C14orf132	11030	1722	1756	P1P2	1756	P1P2
C14orf177	13761	1728	1763	ENST00000325812.2	1763	ENST00000325812.2
C14orf178	6958	1729	1764	P1P2	1764	P1P2
C14orf180	18934	1730	1765	P2	1765	P1
C14orf182	12665	1731	1766	P1P2	1766	P1P2
C14orf183	3077	1732	1767	ENST00000305273.1	1767	ENST00000305273.1
C14orf28	8309	1735	1769	P1P2	1769	P1P2
C14orf39	6738	1737	1771	P1P2	1771	P1P2
C14orf93	6591	1740	1774	P2	1774	P2
C15orf32	9353	1743	1777	P1P2	1777	P1P2
C15orf39	15913	1746	1779	P1P2	1779	P1P2
C15orf40	8497	1747	1780	P1P2	1780	P1P2
C15orf41	10769	1748	1781	P1P2	1781	P1P2
C15orf48	16909	1750	1783	P1P2	1783	P1P2
C15orf53	12824	1752	1785	P1P2	1785	P1P2
C15orf54	18603	1753	1786	P1P2	1786	P1P2
C15orf56	17275	1754	1787	P1P2	1787	P1P2
C15orf61	979	1758	1791	P1P2	1791	P1P2
C15orf62	12192	1759	1792	P1P2	1792	P1P2
C16orf3	4901	1762	1796	ENST00000408886.2	1796	ENST00000408886.2
C16orf46	17557	1764	1798	P1P2	1798	P1P2
C16orf54	14596	1767	1801	P1P2	1801	P1P2
C16orf70	6523	1771	1805	P1P2	1805	P1P2
C16orf71	1235	1772	1806	P1P2	1806	P1P2
C16orf72	6844	1773	1807	P2	1807	P2
C16orf74	6054	1774	1808	P1P2	1808	P1P2
C16orf78	9750	1775	1809	P1P2	1809	P1P2
C16orf86	2484	1777	1812	P1P2	1812	P1P2
C16orf87	7832	1778	1813	P1P2	1813	P1P2
C16orf89	8837	1779	1814	P1P2	1814	P1P2
C16orf90	13155	1780	1815	P1P2	1815	P1P2
C16orf91	9968	1781	1816	P1P2	1816	P1P2
C16orf92	12682	1782	1817	P1P2	1817	P1P2
C16orf95	17567	1784	1819	P1P2	1819	P1P2
C16orf96	9684	1785	1820	P1P2	1820	P1P2
C16orf97	2711	1786	1821	ENST00000566628.1	1821	ENST00000566314.1
C17orf100	9245	1788	1822	P1P2	1822	P1P2
C17orf102	10301	1789	1823	P1P2	1823	P1P2
C17orf107	14672	1792	1827	P1P2	1827	P1P2
C17orf112	1680	1793	1828	P1P2	1828	P1P2
C17orf47	12107	1794	1829	P1P2	1829	P1P2
C17orf50	12166	1795	1831	P1P2	1831	P1P2
C17orf51	16716	1796	1832	P1	1832	P2
C17orf58	14364	1798	1834	P1P2	1834	P1P2
C17orf64	4060	1801	1837	P1	1837	P1
C17orf67	9920	1803	1839	P1P2	1839	P1P2
C17orf75	12931	1807	1843	P1P2	1843	P1P2
C17orf77	14550	1808	1844	ENST00000392620.1	1844	ENST00000328023.2
C17orf78	2402	1809	1845	P1P2	1845	P1P2
C17orf80	2641	1810	1846	P1P2	1846	P1P2
C17orf82	16654	1811	1847	P1P2	1847	P1P2
C17orf97	8805	1815	1851	P1P2	1851	P1P2
C17orf98	16458	1816	1852	P1P2	1852	P1P2
C17orf99	7874	1817	1853	P1P2	1853	P1P2
C18orf21	7833	1818	1854	P1P2	1854	P1P2
C18orf25	10099	1819	1855	P1P2	1855	P1P2
C18orf54	14373	1821	1858	P1P2	1858	P1P2
C18orf63	9257	1822	1860	P1P2	1860	P1P2
C19orf12	11699	1825	1863	P1P2	1863	P1P2
C19orf18	891	1826	1864	P1P2	1864	P1P2
C19orf25	1904	1828	1866	P1P2	1866	P1P2
C19orf33	15691	1830	1868	P1P2	1868	P1P2
C19orf38	2935	1832	1870	P1P2	1870	P1P2
C19orf44	9712	1835	1873	P1P2	1873	P1P2
C19orf47	1822	1837	1875	P1	1875	P1
C19orf48	6284	1838	1876	P1P2	1876	P1P2
C19orf53	9013	1840	1878	P1P2	1878	P1P2
C19orf54	12864	1841	1879	P1P2	1879	P1P2
C19orf57	6143	1843	1881	P1P2	1881	P1P2
C19orf67	6645	1847	1885	P1P2	1885	P1P2
C19orf71	17349	1850	1889	P1P2	1889	P1P2
C19orf73	15781	1851	1890	P1P2	1890	P1P2
C19orf81	10218	1854	1893	P1P2	1893	P1P2
C1D	10718	1855	1895	P1P2	1895	P1P2
C1GALT1	16343	1856	1896	P1P2	1896	P1P2
C1GALT1C1	14738	1857	1897	P1P2	1897	P1P2
C1QA	11698	1924	1898	P1P2	1898	P1P2
C1QB	11466	1925	1899	P1P2	1899	P1P2
C1QBP	12730	1926	1900	P1P2	1900	P1P2
C1QC	5250	1927	1901	P1P2	1901	P1P2
C1QL1	7245	1928	1902	P1P2	1902	P1P2
C1QL2	11496	1929	1903	P1P2	1903	P1P2
C1QL3	4585	1930	1904	P1P2	1904	P1P2
C1QL4	5147	1931	1905	P1P2	1905	P1P2
C1QTNF1	16840	1932	1906	P1P2	1906	P1P2
C1QTNF2	18137	1933	1907	P1P2	1907	P1P2
C1QTNF3	1016	1934	1908	P1P2	1908	P1P2
C1QTNF4	14282	1935	1909	P1P2	1909	P1P2
C1QTNF5	8240	1936	1910	P1	1910	P1
C1QTNF6	13991	1937	1911	P1P2	1911	P1P2
C1QTNF7	6822	1938	1912	ENST00000429690.1	1912	ENST00000444304.2
C1QTNF8	2176	1939	1913	P1P2	1913	P1P2
C1RL	15508	1940	1918	P1P2	1918	P1P2
C1S	8936	1941	1919	P1P2	1919	P1P2
C1orf100	8197	1858	1920	P1P2	1920	P1P2
C1orf105	8339	1860	1922	ENST00000367727.4	1922	ENST00000367727.4
C1orf109	9676	1862	1924	P2	1924	P2
C1orf112	17548	1865	1927	P1P2	1927	P1P2
C1orf115	5687	1866	1928	P1P2	1928	P1P2
C1orf116	8445	1867	1929	P1P2	1929	P1P2
C1orf122	16921	1868	1930	P1P2	1930	P1P2
C1orf131	4050	1870	1933	P1P2	1933	P1P2
C1orf137	6588	1871	1935	ENST00000369482.1	1935	ENST00000369482.1
C1orf141	2366	1872	1936	P1P2	1936	P1P2
C1orf146	12077	1873	1937	P1P2	1937	P1P2
C1orf158	12579	1875	1938	P1P2	1938	P1P2
C1orf159	7107	1876	1939	P1P2	1939	P1P2
C1orf162	8896	1877	1940	P1P2	1940	P1P2
C1orf174	2892	1882	1945	P1P2	1945	P1P2
C1orf185	14641	1885	1947	P1P2	1947	P1P2
C1orf189	10820	1887	1949	P1P2	1949	P1P2
C1orf194	12428	1889	1951	P2	1951	P1
C1orf195	8609	1890	1952	P1P2	1952	P1P2
C1orf198	18496	1891	1953	P2	1953	P1
C1orf204	6010	1893	1954	P1P2	1954	P1P2
C1orf21	1834	1894	1955	P1P2	1955	P1P2
C1orf210	4715	1895	1956	P1P2	1956	P1P2
C1orf216	7016	1897	1957	P1P2	1957	P1P2
C1orf226	15108	1899	1959	P1	1959	P2
C1orf229	15185	1902	1962	P1P2	1962	P1P2
C1orf35	8596	1905	1966	P1P2	1966	P1P2
C1orf43	12344	1906	1967	P1P2	1967	P1P2
C1orf50	10113	1907	1968	P1P2	1968	P1P2
C1orf52	701	1909	1970	P1P2	1970	P1P2
C1orf53	6056	1910	1971	P1P2	1971	P1P2
C1orf54	11315	1911	1972	P1P2	1972	P1P2
C1orf56	11225	1912	1973	P1P2	1973	P1P2
C1orf61	17639	1913	1974	P1	1974	P2
C1orf68	14196	1917	1978	P1P2	1978	P1P2
C1orf74	4353	1918	1979	P1P2	1979	P1P2
C1orf87	319	1921	1982	P1P2	1982	P1P2
C1orf94	3291	1922	1983	P2	1983	P1
C2	7999	1942	1985	P2	1985	P2
C20orf141	5475	1944	1987	P1P2	1987	P1P2
C20orf144	9039	1945	1988	P1P2	1988	P1P2
C20orf166	17430	1946	1989	P1P2	1989	P1P2
C20orf173	13955	1947	1990	P1P2	1990	P1P2
C20orf194	12315	1949	1991	P1P2	1991	P1P2
C20orf197	2763	1952	1994	P1P2	1994	P1P2
C20orf202	5095	1954	1996	P1P2	1996	P1P2
C20orf27	13659	1957	2000	P1P2	2000	P1P2
C20orf78	12733	1959	2001	P1P2	2001	P1P2
C20orf85	8288	1960	2002	P1P2	2002	P1P2
C20orf96	9471	1961	2003	P1P2	2003	P1P2
C21orf58	11762	1968	2006	P1	2006	P2
C21orf62	9361	1970	2008	P1P2	2008	P1P2
C21orf91	11244	1974	2009	P1P2	2009	P1P2
C22orf15	14906	1975	2010	P1P2	2010	P1P2
C22orf23	2184	1976	2011	P1P2	2011	P1P2
C22orf24	8158	1977	2012	P1P2	2012	P1P2
C22orf26	17845	1978	2013	P1P2	2013	P1P2
C22orf31	13563	1980	2015	P1P2	2015	P1P2
C22orf39	9434	1982	2016	P1P2	2016	P1P2
C22orf42	1705	1983	2017	P1P2	2017	P1P2
C22orf46	7621	1985	2019	P1P2	2019	P1P2
C2CD2	6388	1986	2020	P1P2	2020	P1P2
C2CD2L	1535	1987	2021	P2	2021	P1
C2CD3	13768	1988	2022	P1P2	2022	P1P2
C2CD4A	3887	1989	2023	P1P2	2023	P1P2
C2CD4B	11240	1990	2024	P1P2	2024	P1P2
C2CD4C	15875	1991	2025	P1P2	2025	P1P2
C2CD4D	1028	1992	2026	P1P2	2026	P1P2
C2CD5	13843	1993	2027	P1P2	2027	P1P2
C2orf16	10992	1995	2029	ENST00000408964.2	2029	ENST00000408964.2
C2orf42	14167	1997	2033	ENST00000264434.2	2033	ENST00000264434.2
C2orf49	7268	2002	2038	P1P2	2038	P1P2
C2orf50	10512	2003	2039	P1P2	2039	P1P2
C2orf66	12030	2009	2045	P1P2	2045	P1P2
C2orf68	10614	2010	2046	P1P2	2046	P1P2
C2orf69	8514	2011	2047	P1P2	2047	P1P2
C2orf72	18698	2014	2050	P1P2	2050	P1P2
C2orf73	13793	2015	2051	P1P2	2051	P1P2
C2orf76	4287	2016	2053	P1P2	2053	P1P2
C2orf78	18824	2017	2054	ENST00000409561.1	2054	ENST00000409561.1
C2orf80	8116	2018	2055	P1P2	2055	P1P2
C2orf81	7019	2019	2056	P1	2056	P1
C2orf83	9982	2021	2058	P1P2	2058	P1P2
C2orf88	8503	2022	2059	P1P2	2059	P1P2
C2orf91	15307	2023	2060	P1P2	2060	P1P2
C3	5660	2024	2061	P1P2	2061	P1P2
C3AR1	12942	2025	2062	P1P2	2062	P1P2
C3orf14	8656	2026	2063	P1P2	2063	P1P2
C3orf18	501	2028	2065	P1P2	2065	P1P2
C3orf20	14972	2029	2066	ENST00000253697.3	2066	ENST00000253697.3
C3orf22	15007	2030	2067	P1P2	2067	P1P2
C3orf27	10088	2031	2068	ENST00000356020.2	2068	ENST00000356020.2
C3orf33	18886	2033	2070	P1P2	2070	P1P2
C3orf35	8217	2034	2071	ENST00000426078.1	2071	ENST00000426078.1
C3orf38	9143	2035	2073	P1P2	2073	P1P2
C3orf52	14485	2037	2074	P1P2	2074	P1P2
C3orf56	3740	2039	2076	P1P2	2076	P1P2
C3orf62	9027	2041	2078	P1P2	2078	P1P2
C3orf70	16012	2044	2080	P1P2	2080	P1P2
C3orf79	17760	2046	2082	ENST00000446603.2	2082	ENST00000446603.2
C3orf84	1972	2048	2085	P1P2	2085	P1P2
C4A	18117	2049	2086	ENST00000428956.2	2086	ENST00000428956.2
C4BPA	15011	2050	2087	P1P2	2087	P1P2
C4BPB	11949	2051	2088	P1P2	2088	P1P2
C4orf17	16887	2052	2090	P1P2	2090	P1P2
C4orf19	15907	2053	2091	P1P2	2091	P1P2
C4orf3	2411	2058	2097	P1P2	2097	P1P2
C4orf33	13895	2060	2099	P1	2099	P2
C4orf36	8229	2061	2100	P1	2100	P1
C4orf45	11085	2063	2102	ENST00000434826.2	2102	ENST00000434826.2
C4orf46	15166	2064	2103	P1P2	2103	P1P2
C4orf47	15441	2065	2104	P1P2	2104	P1P2
C4orf48	3653	2066	2105	P1P2	2105	P1P2
C4orf6	4040	2068	2108	P1P2	2108	P1P2
C5	8729	2069	2109	P1P2	2109	P1P2
C5AR1	18738	2070	2110	P1P2	2110	P1P2
C5AR2	17614	2071	2111	P2	2111	P2
C5orf15	13701	2072	2112	P1P2	2112	P1P2
C5orf22	10843	2074	2115	P1P2	2115	P1P2
C5orf24	17111	2075	2116	P1P2	2116	P1P2
C5orf34	12245	2079	2119	P1P2	2119	P1P2
C5orf38	14003	2080	2120	P1P2	2120	P1P2
C5orf46	5170	2083	2123	P1P2	2123	P1P2
C5orf47	16421	2084	2124	P1P2	2124	P1P2
C5orf49	13209	2086	2126	P1P2	2126	P1P2
C5orf51	13054	2087	2128	P1P2	2128	P1P2
C5orf52	3812	2088	2129	P1P2	2129	P1P2
C5orf55	9591	2090	2131	P1P2	2131	P1P2
C5orf60	14202	2092	2133	P1P2	2133	P1P2
C5orf63	15109	2093	2134	P1P2	2134	P1P2
C5orf64	8905	2094	2135	P1P2	2135	P1P2
C6	2518	2095	2136	P1P2	2136	P1P2
C6orf118	3850	2100	2140	P1P2	2140	P1P2
C6orf120	2791	2101	2141	P1P2	2141	P1P2
C6orf132	17255	2103	2142	P1P2	2142	P1P2
C6orf136	6026	2104	2143	P1P2	2143	P1P2
C6orf141	10694	2105	2144	P1P2	2144	P1P2
C6orf15	2097	2106	2145	P1P2	2145	P1P2
C6orf163	11974	2107	2146	P1P2	2146	P1P2
C6orf195	517	2110	2149	P1P2	2149	P1P2
C6orf201	3093	2111	2150	P1	2150	P2
C6orf223	6552	2115	2154	P1P2	2154	P1P2
C6orf226	15739	2116	2155	P1P2	2155	P1P2
C6orf47	15218	2118	2157	P1P2	2157	P1P2
C6orf52	1049	2120	2159	P1P2	2159	P1P2
C6orf58	16795	2122	2161	P1P2	2161	P1P2
C6orf62	18407	2123	2162	P2	2162	P1
C6orf89	15289	2124	2164	P1P2	2164	P1P2
C6orf99	1318	2125	2165	P1P2	2165	P1P2
C7	1811	2126	2166	P1P2	2166	P1P2
C7orf25	12922	2129	2168	P1P2	2168	P1P2
C7orf26	17155	2130	2169	P1P2	2169	P1P2
C7orf31	419	2131	2170	P1P2	2170	P1P2
C7orf33	11914	2132	2171	P1P2	2171	P1P2
C7orf50	2483	2137	2176	ENST00000357429.6,ENST00000397098.3,ENST00000397100.2	2176	ENST00000357429.6,ENST00000397098.3,ENST00000397100.2
C7orf55-LUC7L2	1282	2138	2178	P1P2	2178	P1P2
C7orf57	5171	2139	2179	P1P2	2179	P1P2
C7orf61	15601	2141	2181	P1P2	2181	P1P2
C7orf65	14236	2144	2184	ENST00000408988.2	2184	ENST00000408988.2
C7orf66	3369	2145	2185	ENST00000379007.2	2185	ENST00000379007.2
C7orf69	8576	2146	2186	P1P2	2186	P1P2
C7orf71	2655	2147	2187	P1P2	2187	P1P2
C8A	269	2150	2191	P1P2	2191	P1P2
C8B	6386	2151	2192	P1P2	2192	P1P2
C8G	7735	2152	2193	P1P2	2193	P1P2
C8orf31	18946	2156	2195	P1P2	2195	P1P2
C8orf33	5580	2157	2196	P1P2	2196	P1P2
C8orf34	15431	2158	2197	P1P2	2197	P1P2
C8orf37	18484	2159	2198	P1P2	2198	P1P2
C8orf44	4024	2161	2200	P1P2	2200	P1P2
C8orf48	6688	2164	2203	P1P2	2203	P1P2
C8orf58	12737	2167	2204	P1P2	2204	P1P2
C8orf74	8664	2168	2206	P1P2	2206	P1P2
C8orf76	15448	2169	2207	P1P2	2207	P1P2
C8orf82	4004	2170	2208	P1P2	2208	P1P2
C8orf86	16524	2171	2209	P1P2	2209	P1P2
C8orf87	872	2172	2210	P1P2	2210	P1P2
C9	18450	2173	2211	ENST00000263408.4	2211	ENST00000263408.4
C9orf116	17954	2175	2214	P1P2	2214	P1P2
C9orf129	3515	2177	2216	P1P2	2216	P1P2
C9orf131	18213	2178	2217	P1P2	2217	P1P2
C9orf135	11445	2179	2218	P1P2	2218	P1P2
C9orf139	14692	2180	2219	P1P2	2219	P1P2
C9orf152	17235	2183	2221	P1P2	2221	P1P2
C9orf153	13577	2184	2222	P1P2	2222	P1P2
C9orf16	13200	2186	2224	P1P2	2224	P1P2
C9orf163	7266	2187	2225	P1P2	2225	P1P2
C9orf170	16282	2189	2227	P1P2	2227	P1P2
C9orf24	2895	2191	2231	P1P2	2231	P1P2
C9orf37	12707	2193	2233	P1P2	2233	P1P2
C9orf40	6163	2194	2234	P1P2	2234	P1P2
C9orf43	233	2196	2236	P1P2	2236	P1P2
C9orf47	6213	2197	2237	P1P2	2237	P1P2
C9orf50	16724	2198	2238	P1P2	2238	P1P2
C9orf57	1376	2200	2239	P1P2	2239	P1P2
C9orf62	6629	2201	2240	ENST00000320778.2	2240	ENST00000320778.2
C9orf64	410	2202	2241	P1P2	2241	P1P2
C9orf66	5443	2203	2242	P1P2	2242	P1P2
C9orf72	2091	2205	2244	P1P2	2244	P1P2
C9orf78	17558	2206	2245	P1P2	2245	P1P2
C9orf85	14284	2208	2247	P1P2	2247	P1P2
C9orf92	12324	2212	2251	ENST00000380685.1	2251	ENST00000380685.1
CA1	11323	2214	2253	P1P2	2253	P1P2
CA10	13829	2215	2254	P1P2	2254	P1P2
CA11	16653	2216	2255	P1P2	2255	P1P2
CA12	6596	2217	2256	P1P2	2256	P1P2
CA13	9727	2218	2257	P1P2	2257	P1P2
CA14	12230	2219	2258	P1P2	2258	P1P2
CA2	7736	2220	2259	P1P2	2259	P1P2
CA3	8428	2221	2260	P1P2	2260	P1P2
CA4	18093	2222	2261	P1P2	2261	P1P2
CA5A	4172	2223	2262	P1P2	2262	P1P2
CA5B	8671	2224	2263	P1P2	2263	P1P2
CA6	15720	2225	2264	P1P2	2264	P1P2
CA7	14504	2226	2265	P1P2	2265	P1P2
CA8	5693	2227	2266	P1P2	2266	P1P2
CA9	10497	2228	2267	P1P2	2267	P1P2
CAAP1	352	2229	2268	P1P2	2268	P1P2
CAB39	11857	2230	2269	P1P2	2269	P1P2
CAB39L	1876	2231	2270	P1	2270	P2
CABIN1	8709	2232	2271	P1P2	2271	P1P2
CABLES1	9978	2233	2272	P1P2	2272	P1P2
CABLES2	4667	2234	2273	P1P2	2273	P1P2
CABP1	15973	2235	2274	P1P2	2274	P1P2
CABP2	12620	2236	2275	P1P2	2275	P1P2
CABP4	17484	2237	2276	P2	2276	P1
CABP5	12907	2238	2277	P1P2	2277	P1P2
CABP7	10538	2239	2278	P1P2	2278	P1P2
CABS1	3580	2240	2279	P1P2	2279	P1P2
CABYR	9291	2241	2280	P1P2	2280	P1P2
CACFD1	10221	2242	2281	P1P2	2281	P1P2
CACHD1	4935	2243	2282	P1P2	2282	P1P2
CACNA1A	2883	2244	2283	P1P2	2283	P1P2
CACNA1B	5419	2245	2284	P1P2	2284	P1P2
CACNA1C	18719	2246	2285	P1P2	2285	P1P2
CACNA1D	18740	2247	2286	P1P2	2286	P1P2
CACNA1E	1775	2248	2287	P1P2	2287	P1P2
CACNA1F	10501	2249	2288	P1P2	2288	P1P2
CACNA1G	5747	2250	2289	P1P2	2289	P1P2
CACNA1H	2851	2251	2290	P1P2	2290	P1P2
CACNA1I	3229	2252	2291	P1P2	2291	P1P2
CACNA1S	13570	2253	2292	P1P2	2292	P1P2
CACNA2D1	746	2254	2293	P1P2	2293	P1P2
CACNA2D2	9433	2255	2294	P1P2	2294	P1P2
CACNA2D3	3287	2256	2295	P1P2	2295	P1P2
CACNA2D4	7993	2257	2296	ENST00000382722.5	2296	ENST00000382722.5
CACNB1	98	2258	2297	P1P2	2297	P1P2
CACNB2	14708	2259	2298	P2	2298	P1
CACNB3	17957	2260	2299	P1	2299	P2
CACNB4	17215	2261	2300	ENST00000360283.6,ENST00000534999.1	2300	ENST00000360283.6,ENST00000534999.1
CACNG1	640	2262	2301	P1P2	2301	P1P2
CACNG2	2418	2263	2302	P1P2	2302	P1P2
CACNG3	15467	2264	2303	P1P2	2303	P1P2
CACNG4	14258	2265	2304	P1P2	2304	P1P2
CACNG5	585	2266	2305	P1P2	2305	P1P2
CACNG6	13751	2267	2306	P1P2	2306	P1P2
CACNG7	14772	2268	2307	P1P2	2307	P1P2
CACTIN	8129	2269	2309	P1P2	2309	P1P2
CACUL1	4888	2270	2310	P1P2	2310	P1P2
CACYBP	4733	2271	2311	P1P2	2311	P1P2
CAD	15782	2272	2312	P1P2	2312	P1P2
CADM1	13244	2273	2313	P1P2	2313	P1P2
CADM2	4112	2274	2314	P1P2	2314	P1P2
CADM3	12112	2275	2315	P1P2	2315	P1P2
CADM4	16324	2276	2316	P1P2	2316	P1P2
CADPS	9121	2277	2317	P1P2	2317	P1P2
CADPS2	16740	2278	2318	P1P2	2318	P1P2
CAGE1	11379	2279	2319	P1P2	2319	P1P2
CALB1	10243	2280	2320	P1P2	2320	P1P2
CALB2	8997	2281	2321	P1P2	2321	P1P2
CALCA	6154	2282	2322	P1	2322	P2
CALCB	11717	2283	2323	P1P2	2323	P1P2
CALCOCO1	11899	2284	2324	P1P2	2324	P1P2
CALCOCO2	16045	2285	2325	P1	2325	P1
CALCR	17553	2286	2326	P1P2	2326	P1P2
CALCRL	14419	2287	2327	P1P2	2327	P1P2
CALD1	225	2288	2328	P1P2	2328	P1P2
CALHM1	268	2289	2329	P1P2	2329	P1P2
CALHM2	1554	2290	2330	P1P2	2330	P1P2
CALHM3	13573	2291	2331	P1P2	2331	P1P2
CALM1	4485	2292	2332	P1P2	2332	P1P2
CALM3	1004	2293	2334	ENST00000291295.9	2334	ENST00000291295.9
CALML3	11785	2294	2335	P1P2	2335	P1P2
CALML4	16140	2295	2336	P1P2	2336	P1P2
CALML5	13536	2296	2337	P1P2	2337	P1P2
CALML6	11705	2297	2338	P1P2	2338	P1P2
CALN1	7835	2298	2339	P1	2339	P1
CALR	16745	2299	2340	P1P2	2340	P1P2
CALR3	4867	2300	2341	ENST00000269881.3	2341	ENST00000269881.3
CALU	3676	2301	2342	P1P2	2342	P1P2
CALY	16368	2302	2343	P1	2343	P2
CAMK1	14415	2303	2344	P1P2	2344	P1P2
CAMK1D	17687	2304	2345	P1P2	2345	P1P2
CAMK1G	4679	2305	2346	P2	2346	P1
CAMK2A	12770	2306	2347	P1P2	2347	P1P2
CAMK2B	14016	2307	2348	P1P2	2348	P1P2
CAMK2D	14297	2308	2349	P1P2	2349	P1P2
CAMK2G	15281	2309	2350	P1P2	2350	P1P2
CAMK2N1	18388	2310	2351	P1P2	2351	P1P2
CAMK2N2	13145	2311	2352	P1P2	2352	P1P2
CAMK4	17928	2312	2353	P1P2	2353	P1P2
CAMKK1	16687	2313	2354	P1P2	2354	P1P2
CAMKK2	15731	2314	2355	P1P2	2355	P1P2
CAMKMT	2340	2315	2356	P1P2	2356	P1P2
CAMKV	12282	2316	2357	P1P2	2357	P1P2
CAMLG	1481	2317	2358	P1P2	2358	P1P2
CAMP	6448	2318	2359	P1P2	2359	P1P2
CAMSAP1	4058	2319	2360	P1P2	2360	P1P2
CAMSAP2	14516	2320	2361	P1P2	2361	P1P2
CAMSAP3	2649	2321	2362	P1P2	2362	P1P2
CAMTA1	694	2322	2363	P1P2	2363	P1P2
CAMTA2	13891	2323	2364	P1P2	2364	P1P2
CAND1	3264	2324	2365	P1P2	2365	P1P2
CAND2	17499	2325	2366	P1P2	2366	P1P2
CANT1	5281	2326	2367	P1P2	2367	P1P2
CANX	14398	2327	2368	P2	2368	P2
CAP1	10942	2328	2369	P1P2	2369	P1P2
CAP2	17398	2329	2370	P1P2	2370	P1P2
CAPG	6500	2330	2371	P2	2371	P2
CAPN1	1708	2331	2372	P1P2	2372	P1P2
CAPN10	8974	2332	2373	P1P2	2373	P1P2
CAPN11	11029	2333	2374	P2	2374	P1
CAPN12	17871	2334	2375	P1P2	2375	P1P2
CAPN13	2270	2335	2376	P2	2376	P2
CAPN14	7234	2336	2377	P1P2	2377	P1P2
CAPN15	11764	2337	2378	P1P2	2378	P1P2
CAPN2	17365	2338	2379	P1P2	2379	P1P2
CAPN3	2266	2339	2380	ENST00000349748.3	2380	ENST00000349748.3
CAPN5	6432	2340	2381	P1P2	2381	P1P2
CAPN6	13324	2341	2382	P1P2	2382	P1P2
CAPN7	7370	2342	2383	P1P2	2383	P1P2
CAPN9	7367	2343	2385	P1P2	2385	P1P2
CAPNS1	16630	2344	2386	P1P2	2386	P1P2
CAPNS2	13650	2345	2387	P1P2	2387	P1P2
CAPRIN1	14381	2346	2388	P1P2	2388	P1P2
CAPRIN2	8333	2347	2389	P1P2	2389	P1P2
CAPS	6181	2348	2390	P1P2	2390	P1P2
CAPS2	3070	2349	2391	P1P2	2391	P1P2
CAPSL	6110	2350	2392	P1P2	2392	P1P2
CAPZA1	18045	2351	2393	P1P2	2393	P1P2
CAPZA2	12322	2352	2394	P1P2	2394	P1P2
CAPZA3	5527	2353	2395	P1P2	2395	P1P2
CAPZB	3763	2354	2396	P1P2	2396	P1P2
CARD10	12180	2355	2397	P1P2	2397	P1P2
CARD11	13494	2356	2398	P1P2	2398	P1P2
CARD14	11123	2357	2399	P1P2	2399	P1P2
CARD17	11109	2358	2401	P1P2	2401	P1P2
CARD18	10951	2359	2402	P1P2	2402	P1P2
CARD6	14562	2360	2403	P1P2	2403	P1P2
CARD8	861	2361	2404	P2	2404	P2
CARD9	6023	2362	2405	P1P2	2405	P1P2
CARF	9393	2363	2406	P1P2	2406	P1P2
CARHSP1	713	2364	2407	P1P2	2407	P1P2
CARM1	14397	2366	2409	P1P2	2409	P1P2
CARNS1	17490	2367	2410	P1P2	2410	P1P2
CARS2	10201	2369	2412	P1P2	2412	P1P2
CARTPT	10487	2370	2413	P1P2	2413	P1P2
CASC1	13542	2371	2414	P1P2	2414	P1P2
CASC10	11583	2372	2415	P1P2	2415	P1P2
CASC3	4804	2373	2416	P1P2	2416	P1P2
CASD1	14940	2376	2419	P1P2	2419	P1P2
CASK	10665	2377	2420	P1P2	2420	P1P2
CASKIN1	3893	2378	2421	P1P2	2421	P1P2
CASKIN2	7552	2379	2422	P1P2	2422	P1P2
CASP1	9814	2380	2423	P1P2	2423	P1P2
CASP10	13037	2381	2424	P1P2	2424	P1P2
CASP12	11801	2382	2425	P1P2	2425	P1P2
CASP14	16247	2383	2426	P1P2	2426	P1P2
CASP2	13112	2385	2428	P1P2	2428	P1P2
CASP3	16152	2386	2429	P1P2	2429	P1P2
CASP4	3714	2387	2430	P1	2430	P2
CASP5	11197	2388	2431	P1P2	2431	P1P2
CASP6	6636	2389	2432	P1P2	2432	P1P2
CASP7	12188	2390	2433	P1P2	2433	P1P2
CASP8	13489	2391	2434	P2	2434	P1
CASP9	1313	2392	2435	P1P2	2435	P1P2
CASQ1	7378	2393	2436	P1P2	2436	P1P2
CASQ2	14998	2394	2437	P1P2	2437	P1P2
CASR	3719	2395	2438	P1P2	2438	P1P2
CASS4	18057	2396	2439	P1P2	2439	P1P2
CAST	12118	2397	2440	P2	2440	P2
CASZ1	15380	2398	2441	ENST00000377022.3	2441	ENST00000377022.3
CAT	12149	2399	2442	P1	2442	P1
CATSPER1	15323	2400	2443	P1P2	2443	P1P2
CATSPER2	16410	2401	2444	P1P2	2444	P1P2
CATSPER3	12647	2402	2445	P1P2	2445	P1P2
CATSPER4	824	2403	2446	P1P2	2446	P1P2
CATSPERB	10589	2404	2447	P1P2	2447	P1P2
CATSPERD	12746	2405	2448	P1P2	2448	P1P2
CATSPERG	14306	2406	2449	P1P2	2449	P1P2
CAV1	13928	2407	2450	P1	2450	P2
CAV2	4564	2408	2451	P1P2	2451	P1P2
CAV3	14405	2409	2452	P1P2	2452	P1P2
CBFA2T2	16818	2410	2453	P1P2	2453	P1P2
CBFA2T3	13203	2411	2454	P2	2454	P2
CBFB	11314	2412	2455	P1P2	2455	P1P2
CBL	16292	2413	2456	P1P2	2456	P1P2
CBLB	3460	2414	2457	P1P2	2457	P1P2
CBLC	9971	2415	2458	P1P2	2458	P1P2
CBLL1	14295	2416	2459	P1P2	2459	P1P2
CBLN1	8232	2417	2460	P1P2	2460	P1P2
CBLN2	15438	2418	2461	P1P2	2461	P1P2
CBLN3	16008	2419	2462	P1P2	2462	P1P2
CBLN4	1679	2420	2463	P1P2	2463	P1P2
CBR1	13225	2421	2464	P1P2	2464	P1P2
CBR3	17726	2422	2465	P1P2	2465	P1P2
CBR4	4368	2423	2466	P1P2	2466	P1P2
CBS	7351	2424	2467	P1P2	2467	P1P2
CBX1	17917	2425	2469	P1P2	2469	P1P2
CBX2	18243	2426	2470	P1P2	2470	P1P2
CBX3	3819	2427	2471	P1P2	2471	P1P2
CBX4	11417	2428	2472	P1P2	2472	P1P2
CBX5	748	2429	2473	P1P2	2473	P1P2
CBX6	17926	2430	2474	P1P2	2474	P1P2
CBX7	13042	2431	2475	P1P2	2475	P1P2
CBX8	12451	2432	2476	P1P2	2476	P1P2
CBY1	6622	2433	2477	P1P2	2477	P1P2
CBY3	6079	2434	2478	P1P2	2478	P1P2
CC2D1A	3071	2435	2479	P1P2	2479	P1P2
CC2D1B	6886	2436	2480	P1P2	2480	P1P2
CC2D2A	16235	2437	2481	P1P2	2481	P1P2
CCAR1	11295	2439	2482	P1P2	2482	P1P2
CCAR2	5323	2440	2483	P1P2	2483	P1P2
CCBE1	14176	2441	2484	P1P2	2484	P1P2
CCDC102A	16477	2445	2488	P1P2	2488	P1P2
CCDC102B	4462	2446	2489	P1P2	2489	P1P2
CCDC105	17066	2448	2492	P1P2	2492	P1P2
CCDC106	15607	2449	2493	P1P2	2493	P1P2
CCDC107	15898	2450	2494	P1P2	2494	P1P2
CCDC110	5126	2454	2498	P1P2	2498	P1P2
CCDC112	3381	2455	2499	P1P2	2499	P1P2
CCDC113	14857	2456	2500	P1P2	2500	P1P2
CCDC114	16888	2457	2501	P1	2501	P2
CCDC115	11264	2458	2502	P1P2	2502	P1P2
CCDC116	17329	2459	2503	P1P2	2503	P1P2
CCDC117	12382	2460	2504	P1P2	2504	P1P2
CCDC12	7627	2461	2505	P1	2505	P2
CCDC120	69	2462	2506	P2	2506	P2
CCDC121	5267	2463	2507	P1P2	2507	P1P2
CCDC122	9146	2464	2508	P1P2	2508	P1P2
CCDC124	13687	2465	2509	P1	2509	P1
CCDC125	8570	2466	2510	P1P2	2510	P1P2
CCDC126	6327	2467	2511	P1P2	2511	P1P2
CCDC127	15736	2468	2512	P1P2	2512	P1P2
CCDC13	18660	2470	2514	P1P2	2514	P1P2
CCDC130	4301	2471	2515	P1	2515	P2
CCDC134	3727	2473	2517	P1P2	2517	P1P2
CCDC136	18706	2475	2519	P1P2	2519	P1P2
CCDC137	1584	2476	2520	P1P2	2520	P1P2
CCDC138	18158	2477	2521	P1P2	2521	P1P2
CCDC14	4463	2478	2522	P1P2	2522	P1P2
CCDC140	15899	2479	2523	P1P2	2523	P1P2
CCDC142	18309	2481	2525	P1P2	2525	P1P2
CCDC144A	12858	2482	2526	P1P2	2526	P1P2
CCDC144NL	16926	2483	2527	P1	2527	P1
CCDC146	17314	2484	2528	P1P2	2528	P1P2
CCDC148	17087	2486	2530	ENST00000409187.1	2530	ENST00000409187.1
CCDC149	8334	2487	2531	P1P2	2531	P1P2
CCDC15	16965	2488	2532	P1P2	2532	P1P2
CCDC150	14800	2489	2533	P1P2	2533	P1P2
CCDC151	12137	2490	2534	P1P2	2534	P1P2
CCDC152	10701	2491	2535	P1P2	2535	P1P2
CCDC153	4505	2492	2536	P1	2536	P1
CCDC154	10745	2493	2537	P1P2	2537	P1P2
CCDC157	16101	2495	2539	P1P2	2539	P1P2
CCDC158	18028	2496	2540	P1P2	2540	P1P2
CCDC159	10827	2497	2541	P1P2	2541	P1P2
CCDC160	6584	2498	2542	P1P2	2542	P1P2
CCDC167	8429	2500	2544	P1P2	2544	P1P2
CCDC169	12270	2501	2546	P1P2	2546	P1P2
CCDC17	2324	2502	2547	P1P2	2547	P1P2
CCDC170	10260	2503	2548	P1P2	2548	P1P2
CCDC171	11531	2504	2549	P1P2	2549	P1P2
CCDC172	16394	2505	2550	P1P2	2550	P1P2
CCDC173	17337	2506	2551	P1P2	2551	P1P2
CCDC174	7085	2507	2552	P1P2	2552	P1P2
CCDC175	14255	2508	2553	P1P2	2553	P1P2
CCDC178	16774	2510	2556	ENST00000403303.1	2556	ENST00000300227.8,ENST00000383096.3
CCDC18	4096	2511	2558	P1P2	2558	P1P2
CCDC180	10936	2512	2559	P1P2	2559	P1P2
CCDC181	14310	2513	2560	P1P2	2560	P1P2
CCDC22	4910	2515	2562	P1P2	2562	P1P2
CCDC24	749	2517	2564	P1P2	2564	P1P2
CCDC25	7246	2518	2565	P1P2	2565	P1P2
CCDC27	1548	2519	2566	P1P2	2566	P1P2
CCDC28A	4961	2520	2567	P1P2	2567	P1P2
CCDC28B	16885	2521	2568	P2	2568	P1
CCDC3	2688	2522	2569	P1P2	2569	P1P2
CCDC30	9972	2523	2570	P1P2	2570	P1P2
CCDC33	5645	2524	2571	P2	2571	P2
CCDC34	9351	2525	2572	P1P2	2572	P1P2
CCDC36	7546	2526	2573	P1P2	2573	P1P2
CCDC38	18556	2528	2575	P1P2	2575	P1P2
CCDC39	15821	2529	2576	ENST00000442201.2	2576	ENST00000442201.2
CCDC40	11147	2530	2577	P1P2	2577	P1P2
CCDC42	13984	2532	2579	P1P2	2579	P1P2
CCDC43	3162	2534	2581	P1P2	2581	P1P2
CCDC47	4751	2535	2582	P1P2	2582	P1P2
CCDC50	288	2536	2583	P1P2	2583	P1P2
CCDC51	412	2537	2584	P1P2	2584	P1P2
CCDC54	3989	2539	2586	P1P2	2586	P1P2
CCDC57	10453	2540	2587	P1P2	2587	P1P2
CCDC59	7745	2541	2589	P1P2	2589	P1P2
CCDC6	2541	2542	2590	P1P2	2590	P1P2
CCDC60	7549	2543	2591	P1P2	2591	P1P2
CCDC61	8455	2544	2592	P1P2	2592	P1P2
CCDC62	9084	2545	2593	P1P2	2593	P1P2
CCDC63	6357	2546	2594	P1P2	2594	P1P2
CCDC65	11019	2549	2597	P2	2597	P2
CCDC66	2707	2550	2598	P1P2	2598	P1P2
CCDC68	17632	2552	2600	P1P2	2600	P1P2
CCDC69	2075	2553	2601	P1P2	2601	P1P2
CCDC70	2974	2555	2603	P1P2	2603	P1P2
CCDC71	12174	2556	2604	P1P2	2604	P1P2
CCDC71L	17730	2557	2605	P1P2	2605	P1P2
CCDC73	9537	2558	2606	P1P2	2606	P1P2
CCDC74B	8446	2559	2608	P1P2	2608	P1P2
CCDC77	16998	2560	2609	P1	2609	P1
CCDC78	13307	2561	2610	P1P2	2610	P1P2
CCDC8	18625	2563	2612	P1P2	2612	P1P2
CCDC80	11054	2564	2613	P1P2	2613	P1P2
CCDC81	1872	2565	2614	P1P2	2614	P1P2
CCDC82	14454	2566	2615	P1P2	2615	P1P2
CCDC83	15265	2567	2616	P1P2	2616	P1P2
CCDC84	18104	2568	2617	P1P2	2617	P1P2
CCDC85A	9610	2569	2618	P1P2	2618	P1P2
CCDC85B	10892	2570	2619	P1P2	2619	P1P2
CCDC85C	10048	2571	2620	P1P2	2620	P1P2
CCDC86	16970	2572	2621	P1P2	2621	P1P2
CCDC87	18994	2573	2622	P1P2	2622	P1P2
CCDC88A	9222	2574	2623	P1P2	2623	P1P2
CCDC88B	11831	2575	2624	P1P2	2624	P1P2
CCDC88C	4549	2576	2625	P1P2	2625	P1P2
CCDC89	2833	2577	2626	P1P2	2626	P1P2
CCDC9	14556	2578	2627	P1P2	2627	P1P2
CCDC90B	3197	2579	2628	P1P2	2628	P1P2
CCDC91	9313	2580	2629	P1P2	2629	P1P2
CCDC92	16358	2581	2630	P1P2	2630	P1P2
CCDC93	1274	2582	2631	P1P2	2631	P1P2
CCDC96	4979	2584	2633	P1P2	2633	P1P2
CCDC97	6513	2585	2634	P1P2	2634	P1P2
CCER1	7519	2586	2635	P1P2	2635	P1P2
CCHCR1	2007	2587	2636	P1P2	2636	P1P2
CCIN	496	2588	2637	P1P2	2637	P1P2
CCK	14099	2589	2638	P1	2638	P1
CCKAR	2041	2590	2639	P1P2	2639	P1P2
CCKBR	16466	2591	2640	P1P2	2640	P1P2
CCL1	5940	2592	2641	P1P2	2641	P1P2
CCL11	11988	2593	2642	P1P2	2642	P1P2
CCL13	935	2594	2643	P1P2	2643	P1P2
CCL14	418	2595	2644	P1	2644	P2
CCL15	6361	2596	2645	P1P2	2645	P1P2
CCL16	17540	2597	2646	P1P2	2646	P1P2
CCL17	3413	2598	2647	P1P2	2647	P1P2
CCL18	2901	2599	2648	P1P2	2648	P1P2
CCL19	5936	2600	2649	P1P2	2649	P1P2
CCL2	13255	2601	2650	P1P2	2650	P1P2
CCL20	10373	2602	2651	P2	2651	P2
CCL21	15555	2603	2652	P1P2	2652	P1P2
CCL22	13474	2604	2653	P1P2	2653	P1P2
CCL23	18279	2605	2654	P1P2	2654	P1P2
CCL24	9071	2606	2655	P1P2	2655	P1P2
CCL25	7976	2607	2656	P1P2	2656	P1P2
CCL26	306	2608	2657	P1P2	2657	P1P2
CCL27	16681	2609	2658	P1P2	2658	P1P2
CCL28	5103	2610	2659	P1P2	2659	P1P2
CCL5	13014	2611	2665	P1P2	2665	P1P2
CCL7	15723	2612	2666	P1P2	2666	P1P2
CCL8	14446	2613	2667	P1P2	2667	P1P2
CCM2	428	2614	2668	P1P2	2668	P1P2
CCM2L	7825	2615	2669	P2	2669	P1
CCNA1	15086	2616	2670	P1P2	2670	P1P2
CCNA2	1838	2617	2671	P1P2	2671	P1P2
CCNB1	15836	2618	2672	P1P2	2672	P1P2
CCNB1IP1	1732	2619	2673	P1P2	2673	P1P2
CCNB2	16919	2620	2674	P1P2	2674	P1P2
CCNB3	8474	2621	2675	P1P2	2675	P1P2
CCNC	10208	2622	2676	P1P2	2676	P1P2
CCND1	4306	2623	2677	P2	2677	P1
CCND2	18971	2624	2678	P1P2	2678	P1P2
CCND3	18285	2625	2679	P1P2	2679	P1P2
CCNDBP1	10095	2626	2680	P1P2	2680	P1P2
CCNE1	9058	2627	2681	P1P2	2681	P1P2
CCNE2	4884	2628	2682	P1P2	2682	P1P2
CCNF	7777	2629	2683	P1P2	2683	P1P2
CCNG1	3149	2630	2684	P1P2	2684	P1P2
CCNG2	864	2631	2685	P1P2	2685	P1P2
CCNH	5462	2632	2686	P1P2	2686	P1P2
CCNI	5793	2633	2687	P1P2	2687	P1P2
CCNI2	1837	2634	2688	P1P2	2688	P1P2
CCNJ	13592	2635	2689	P1P2	2689	P1P2
CCNJL	11443	2636	2690	P1P2	2690	P1P2
CCNK	3212	2637	2691	P1	2691	P2
CCNL1	6207	2638	2692	P1P2	2692	P1P2
CCNL2	14311	2639	2693	P1P2	2693	P1P2
CCNO	7737	2640	2694	P1P2	2694	P1P2
CCNT1	589	2641	2695	P1P2	2695	P1P2
CCNT2	6036	2642	2696	P1P2	2696	P1P2
CCNY	3249	2643	2697	P1P2	2697	P1P2
CCNYL1	7315	2644	2698	P1P2	2698	P1P2
CCP110	18302	2645	2699	P1P2	2699	P1P2
CCPG1	7794	2646	2700	P1P2	2700	P1P2
CCR1	13130	2647	2701	P1P2	2701	P1P2
CCR10	8617	2648	2702	P1P2	2702	P1P2
CCR2	13680	2649	2703	P1P2	2703	P1P2
CCR3	10854	2650	2704	P1P2	2704	P1P2
CCR4	104	2651	2705	P1P2	2705	P1P2
CCR5	9864	2652	2706	P1P2	2706	P1P2
CCR6	11584	2653	2707	ENST00000400926.2	2707	ENST00000400926.2
CCR7	1406	2654	2708	P1	2708	P2
CCR8	12151	2655	2709	P1P2	2709	P1P2
CCR9	12900	2656	2710	P1P2	2710	P1P2
CCRL2	15465	2657	2711	P1P2	2711	P1P2
CCS	5175	2659	2713	P1P2	2713	P1P2
CCSAP	2872	2660	2714	P1P2	2714	P1P2
CCSER1	2752	2661	2715	P1P2	2715	P1P2
CCSER2	11650	2662	2716	P1P2	2716	P1P2
CCT2	4664	2663	2717	P1P2	2717	P1P2
CCT3	14361	2664	2718	P1P2	2718	P1P2
CCT4	15476	2665	2719	P1P2	2719	P1P2
CCT5	15493	2666	2720	P1P2	2720	P1P2
CCT6A	15591	2667	2721	P1P2	2721	P1P2
CCT6B	2535	2668	2722	P1P2	2722	P1P2
CCT7	18103	2669	2723	P1P2	2723	P1P2
CCT8	4652	2670	2724	P1P2	2724	P1P2
CCT8L2	4310	2671	2725	ENST00000359963.3	2725	ENST00000359963.3
CD101	7629	2672	2728	P1P2	2728	P1P2
CD109	155	2673	2729	P1P2	2729	P1P2
CD14	16588	2674	2730	P1P2	2730	P1P2
CD151	16169	2675	2731	P1P2	2731	P1P2
CD160	7750	2676	2732	P1P2	2732	P1P2
CD163	996	2677	2733	P1P2	2733	P1P2
CD163L1	17435	2678	2734	ENST00000313599.3,ENST00000416109.2	2734	ENST00000313599.3,ENST00000416109.2
CD164	8715	2679	2735	P1P2	2735	P1P2
CD164L2	18230	2680	2736	P1P2	2736	P1P2
CD180	10495	2681	2738	P1P2	2738	P1P2
CD19	16894	2682	2739	P1P2	2739	P1P2
CD1A	12624	2683	2740	P1P2	2740	P1P2
CD1B	13223	2684	2741	P1P2	2741	P1P2
CD1C	13634	2685	2742	P1P2	2742	P1P2
CD1D	8762	2686	2743	P1P2	2743	P1P2
CD1E	3716	2687	2744	P1P2	2744	P1P2
CD2	2073	2688	2745	P1P2	2745	P1P2
CD200	10622	2689	2746	P1P2	2746	P1P2
CD200R1	5875	2690	2747	P1P2	2747	P1P2
CD200R1L	8797	2691	2748	P1P2	2748	P1P2
CD207	7553	2692	2749	P1P2	2749	P1P2
CD209	18312	2693	2750	P1P2	2750	P1P2
CD22	3361	2694	2751	P1P2	2751	P1P2
CD226	5322	2695	2752	P1P2	2752	P1P2
CD244	3925	2696	2754	P1P2	2754	P1P2
CD247	12098	2697	2755	P1P2	2755	P1P2
CD248	14249	2698	2756	P1P2	2756	P1P2
CD27	8119	2699	2757	P1P2	2757	P1P2
CD274	9009	2700	2758	P1P2	2758	P1P2
CD276	16416	2701	2759	P1P2	2759	P1P2
CD28	4749	2702	2760	P1P2	2760	P1P2
CD2AP	6328	2703	2761	P1P2	2761	P1P2
CD2BP2	12488	2704	2762	P1P2	2762	P1P2
CD300A	2190	2705	2763	P1P2	2763	P1P2
CD300C	8467	2706	2764	P1P2	2764	P1P2
CD300E	3959	2707	2765	P1P2	2765	P1P2
CD300LB	18638	2708	2766	P1P2	2766	P1P2
CD300LD	338	2709	2767	P1P2	2767	P1P2
CD300LF	2512	2710	2768	P1P2	2768	P1P2
CD300LG	1116	2711	2769	P1P2	2769	P1P2
CD302	9450	2712	2770	P1P2	2770	P1P2
CD320	12190	2713	2771	P1P2	2771	P1P2
CD33	13764	2714	2772	P1P2	2772	P1P2
CD34	6598	2715	2773	P1P2	2773	P1P2
CD36	17923	2716	2774	P1P2	2774	P1P2
CD37	16238	2717	2775	P1P2	2775	P1P2
CD38	13169	2718	2776	P1P2	2776	P1P2
CD3D	8931	2719	2777	P1P2	2777	P1P2
CD3E	3394	2720	2778	P1P2	2778	P1P2
CD3EAP	449	2721	2779	P1P2	2779	P1P2
CD3G	2723	2722	2780	P1P2	2780	P1P2
CD4	12584	2723	2781	P1P2	2781	P1P2
CD40	5382	2724	2782	P1P2	2782	P1P2
CD40LG	1936	2725	2783	P1P2	2783	P1P2
CD44	7978	2726	2784	P1P2	2784	P1P2
CD46	14627	2727	2785	P1P2	2785	P1P2
CD47	9271	2728	2786	P1P2	2786	P1P2
CD48	17243	2729	2787	P1P2	2787	P1P2
CD5	18775	2730	2788	P1P2	2788	P1P2
CD52	15472	2731	2789	P1P2	2789	P1P2
CD53	8994	2732	2790	P1P2	2790	P1P2
CD55	6367	2733	2791	P1P2	2791	P1P2
CD58	4031	2734	2792	P1P2	2792	P1P2
CD59	12072	2735	2793	P1	2793	P1
CD5L	2088	2736	2794	P1P2	2794	P1P2
CD6	2128	2737	2795	P1P2	2795	P1P2
CD63	14044	2738	2796	P1P2	2796	P1P2
CD68	10392	2739	2797	P1P2	2797	P1P2
CD69	8977	2740	2798	P1P2	2798	P1P2
CD7	4862	2741	2799	P1P2	2799	P1P2
CD70	10077	2742	2800	P1P2	2800	P1P2
CD72	8180	2743	2801	P1	2801	P2
CD74	16264	2744	2802	P1P2	2802	P1P2
CD79A	15081	2745	2803	P1P2	2803	P1P2
CD79B	3858	2746	2804	P1P2	2804	P1P2
CD80	11897	2747	2805	P1P2	2805	P1P2
CD81	4497	2748	2806	P2	2806	P2
CD82	17716	2749	2807	P1P2	2807	P1P2
CD83	12749	2750	2808	P1P2	2808	P1P2
CD84	5314	2751	2809	P1P2	2809	P1P2
CD86	5099	2752	2810	P1	2810	P1
CD8A	5035	2753	2811	P1P2	2811	P1P2
CD8B	4408	2754	2812	P1P2	2812	P1P2
CD9	653	2755	2813	P1P2	2813	P1P2
CD93	17594	2756	2814	P1P2	2814	P1P2
CD96	7105	2757	2815	P1P2	2815	P1P2
CD99L2	10519	2759	2818	P1P2	2818	P1P2
CDA	4970	2760	2819	P1P2	2819	P1P2
CDADC1	16850	2761	2820	P1P2	2820	P1P2
CDAN1	16084	2762	2821	P1P2	2821	P1P2
CDC123	5900	2763	2822	P1P2	2822	P1P2
CDC14A	8875	2764	2823	P1P2	2823	P1P2
CDC14B	473	2765	2824	P1P2	2824	P1P2
CDC16	14407	2766	2825	P1P2	2825	P1P2
CDC20B	6255	2768	2826	P1P2	2826	P1P2
CDC23	18306	2769	2827	P1P2	2827	P1P2
CDC25A	14350	2770	2828	P1P2	2828	P1P2
CDC25B	4507	2771	2829	P1P2	2829	P1P2
CDC25C	7033	2772	2830	P1P2	2830	P1P2
CDC26	14798	2773	2831	P1P2	2831	P1P2
CDC27	2203	2774	2832	P1P2	2832	P1P2
CDC34	4803	2775	2833	P1P2	2833	P1P2
CDC37	4514	2776	2834	P1P2	2834	P1P2
CDC37L1	13726	2777	2835	P1P2	2835	P1P2
CDC40	3839	2778	2836	P1P2	2836	P1P2
CDC42	16879	2779	2837	P1P2	2837	P1P2
CDC42BPA	14663	2780	2838	P1P2	2838	P1P2
CDC42BPB	18014	2781	2839	P1P2	2839	P1P2
CDC42BPG	10145	2782	2840	P1P2	2840	P1P2
CDC42EP1	13595	2783	2841	P1P2	2841	P1P2
CDC42EP2	11105	2784	2842	P1P2	2842	P1P2
CDC42EP3	7769	2785	2843	P1P2	2843	P1P2
CDC42EP4	512	2786	2844	P1P2	2844	P1P2
CDC42EP5	6673	2787	2845	P1P2	2845	P1P2
CDC42SE1	7671	2788	2846	P1P2	2846	P1P2
CDC42SE2	4255	2789	2847	P1P2	2847	P1P2
CDC45	8904	2790	2848	P1P2	2848	P1P2
CDC6	9083	2792	2849	P1P2	2849	P1P2
CDC7	16189	2793	2850	P1P2	2850	P1P2
CDC73	16112	2794	2851	P1P2	2851	P1P2
CDCA2	12709	2795	2852	P1P2	2852	P1P2
CDCA3	13460	2796	2853	P1P2	2853	P1P2
CDCA4	15160	2797	2854	P1P2	2854	P1P2
CDCA5	867	2798	2855	P1P2	2855	P1P2
CDCA7	7694	2799	2856	P1P2	2856	P1P2
CDCA7L	17294	2800	2857	P1P2	2857	P1P2
CDCP1	11189	2802	2858	P1P2	2858	P1P2
CDCP2	4763	2803	2859	ENST00000371330.1	2859	ENST00000371330.1
CDH1	12473	2804	2860	P1P2	2860	P1P2
CDH10	2687	2805	2861	P1P2	2861	P1P2
CDH11	10034	2806	2862	P1P2	2862	P1P2
CDH12	33	2807	2863	P1P2	2863	P1P2
CDH13	9615	2808	2864	P1P2	2864	P1P2
CDH15	5865	2809	2865	P1P2	2865	P1P2
CDH16	4420	2810	2866	P1P2	2866	P1P2
CDH17	7678	2811	2867	P1	2867	P1
CDH18	14142	2812	2868	P1P2	2868	P1P2
CDH19	15918	2813	2869	P1P2	2869	P1P2
CDH2	16752	2814	2870	P1P2	2870	P1P2
CDH20	14838	2815	2871	P1P2	2871	P1P2
CDH22	5555	2816	2872	P1P2	2872	P1P2
CDH23	16099	2817	2873	P1P2	2873	P1P2
CDH24	5954	2818	2874	P1P2	2874	P1P2
CDH26	3365	2819	2875	ENST00000348616.4	2875	ENST00000348616.4
CDH3	18689	2820	2876	P1P2	2876	P1P2
CDH4	1098	2821	2877	P1P2	2877	P1P2
CDH5	16489	2822	2878	P1P2	2878	P1P2
CDH6	3828	2823	2879	P1P2	2879	P1P2
CDH7	2081	2824	2880	P1P2	2880	P1P2
CDH8	3841	2825	2881	P1P2	2881	P1P2
CDH9	9670	2826	2882	P1P2	2882	P1P2
CDHR1	1516	2827	2883	P1P2	2883	P1P2
CDHR2	15190	2828	2884	P2	2884	P2
CDHR3	113	2829	2885	ENST00000317716.9,ENST00000542731.1	2885	ENST00000317716.9,ENST00000542731.1
CDHR4	1808	2830	2886	P1P2	2886	P1P2
CDHR5	18112	2831	2887	P1P2	2887	P1P2
CDIP1	17211	2832	2888	P1P2	2888	P1P2
CDIPT	6528	2833	2889	P1P2	2889	P1P2
CDK1	13290	2834	2890	P1P2	2890	P1P2
CDK10	4822	2835	2891	P1P2	2891	P1P2
CDK11A	1140	2836	2892	P1P2	2892	P1P2
CDK12	15033	2837	2894	P1P2	2894	P1P2
CDK13	5132	2838	2895	P1P2	2895	P1P2
CDK14	5493	2839	2896	P1P2	2896	P1P2
CDK15	17568	2840	2897	ENST00000374598.4	2897	ENST00000374598.4
CDK16	7954	2841	2898	P1P2	2898	P1P2
CDK17	11639	2842	2899	P1P2	2899	P1P2
CDK18	13806	2843	2900	P1P2	2900	P1P2
CDK19	2829	2844	2901	P1P2	2901	P1P2
CDK2	3290	2845	2902	P1P2	2902	P1P2
CDK20	2873	2846	2903	P1P2	2903	P1P2
CDK2AP1	3675	2847	2904	P1P2	2904	P1P2
CDK2AP2	6442	2848	2905	P1P2	2905	P1P2
CDK3	17571	2849	2906	P1P2	2906	P1P2
CDK4	13363	2850	2907	P1P2	2907	P1P2
CDK5	8757	2851	2908	P1P2	2908	P1P2
CDK5R1	12908	2852	2909	P1P2	2909	P1P2
CDK5R2	10968	2853	2910	P1P2	2910	P1P2
CDK5RAP1	4685	2854	2911	P1	2911	P1
CDK5RAP2	14683	2855	2912	P1P2	2912	P1P2
CDK5RAP3	6427	2856	2913	P1P2	2913	P1P2
CDK6	18165	2857	2914	P1	2914	P1
CDK7	3475	2858	2915	P1P2	2915	P1P2
CDK8	13185	2859	2916	P1P2	2916	P1P2
CDK9	11093	2860	2917	P1P2	2917	P1P2
CDKAL1	4196	2861	2918	P1P2	2918	P1P2
CDKL1	13173	2862	2919	P1P2	2919	P1P2
CDKL2	1122	2863	2920	P1P2	2920	P1P2
CDKL3	17129	2864	2921	P1	2921	P2
CDKL4	13401	2865	2922	ENST00000378803.1,ENST00000395035.3	2922	ENST00000378803.1,ENST00000395035.3
CDKL5	18606	2866	2923	P1P2	2923	P1P2
CDKN1A	1199	2867	2924	P1P2	2924	P1P2
CDKN1B	5835	2868	2925	P1P2	2925	P1P2
CDKN1C	2753	2869	2926	P1P2	2926	P1P2
CDKN2A	7277	2870	2927	P2	2927	P1
CDKN2AIP	16767	2871	2928	P1P2	2928	P1P2
CDKN2AIPNL	11410	2872	2929	P1P2	2929	P1P2
CDKN2B	3485	2873	2930	P1P2	2930	P1P2
CDKN2C	8294	2874	2931	P2	2931	P2
CDKN2D	10457	2875	2932	P1P2	2932	P1P2
CDKN3	8726	2876	2933	P1P2	2933	P1P2
CDO1	1186	2877	2935	P1P2	2935	P1P2
CDON	2034	2878	2936	P1P2	2936	P1P2
CDPF1	2946	2879	2937	P1P2	2937	P1P2
CDR1	83	2880	2938	P1P2	2938	P1P2
CDR2	15593	2881	2939	P1P2	2939	P1P2
CDR2L	7784	2882	2940	P1P2	2940	P1P2
CDRT1	18598	2883	2941	ENST00000395906.3	2941	ENST00000395906.3
CDRT15	15783	2884	2942	P1P2	2942	P1P2
CDRT15L2	3225	2885	2943	ENST00000399044.1	2943	ENST00000399044.1
CDS1	14821	2886	2945	P1P2	2945	P1P2
CDS2	4666	2887	2946	P1P2	2946	P1P2
CDSN	15097	2888	2947	P1P2	2947	P1P2
CDT1	488	2889	2948	P1P2	2948	P1P2
CDV3	12794	2890	2949	P1P2	2949	P1P2
CDX1	1167	2891	2950	P1P2	2950	P1P2
CDX2	9786	2892	2951	P1P2	2951	P1P2
CDX4	41	2893	2952	P1P2	2952	P1P2
CDYL	18402	2894	2953	P1	2953	P2
CDYL2	17650	2895	2954	P1P2	2954	P1P2
CEACAM1	15635	2896	2955	P1	2955	P1
CEACAM16	17536	2897	2956	ENST00000405314.2	2956	ENST00000587331.1
CEACAM18	14763	2898	2957	P1P2	2957	P1P2
CEACAM19	1487	2899	2958	P1P2	2958	P1P2
CEACAM21	14125	2900	2960	P1P2	2960	P1P2
CEACAM3	12903	2901	2961	P1P2	2961	P1P2
CEACAM4	5109	2902	2962	P1P2	2962	P1P2
CEACAM5	4492	2903	2963	P1P2	2963	P1P2
CEACAM6	2963	2904	2964	P1P2	2964	P1P2
CEACAM7	7931	2905	2965	P1P2	2965	P1P2
CEACAM8	1823	2906	2966	P1P2	2966	P1P2
CEBPA	17445	2907	2967	P1P2	2967	P1P2
CEBPB	16968	2908	2968	P1P2	2968	P1P2
CEBPD	9780	2909	2969	P1P2	2969	P1P2
CEBPE	11136	2910	2970	P1P2	2970	P1P2
CEBPG	16982	2911	2971	P1P2	2971	P1P2
CEBPZ	12321	2912	2972	P1P2	2972	P1P2
CECR2	15411	2914	2974	P1P2	2974	P1P2
CEL	12655	2917	2977	P1P2	2977	P1P2
CELA1	8530	2918	2978	ENST00000293636.1	2978	ENST00000293636.1
CELA2A	10097	2919	2979	P1P2	2979	P1P2
CELA2B	3970	2920	2980	P1P2	2980	P1P2
CELA3A	6405	2921	2981	P1P2	2981	P1P2
CELF1	13604	2922	2983	P1P2	2983	P1P2
CELF2	18774	2923	2984	P1P2	2984	P1P2
CELF3	10185	2924	2985	P1P2	2985	P1P2
CELF4	8371	2925	2986	P1P2	2986	P1P2
CELF5	651	2926	2987	P1P2	2987	P1P2
CELF6	16299	2927	2988	P1P2	2988	P1P2
CELSR1	5386	2928	2989	P1P2	2989	P1P2
CELSR2	16236	2929	2990	P1	2990	P1
CELSR3	6839	2930	2991	P1P2	2991	P1P2
CEMP1	1306	2931	2992	P1P2	2992	P1P2
CEND1	832	2932	2993	P1	2993	P2
CENPA	7953	2933	2994	P1	2994	P1
CENPB	5224	2934	2995	P1P2	2995	P1P2
CENPBD1	1335	2935	2996	P1P2	2996	P1P2
CENPC	2636	2936	2997	P1P2	2997	P1P2
CENPE	9800	2937	2998	P1P2	2998	P1P2
CENPF	18862	2938	2999	P1P2	2999	P1P2
CENPH	17402	2939	3000	P1P2	3000	P1P2
CENPI	750	2940	3001	P1P2	3001	P1P2
CENPJ	9729	2941	3002	P1P2	3002	P1P2
CENPK	6849	2942	3003	P1P2	3003	P1P2
CENPL	299	2943	3004	P1P2	3004	P1P2
CENPM	4840	2944	3005	P1P2	3005	P1P2
CENPN	11128	2945	3006	P1P2	3006	P1P2
CENPO	13784	2946	3007	P1P2	3007	P1P2
CENPP	4465	2947	3008	P1P2	3008	P1P2
CENPQ	15037	2948	3009	P1P2	3009	P1P2
CENPT	10577	2949	3010	P1P2	3010	P1P2
CENPV	18577	2950	3011	P1P2	3011	P1P2
CEP104	6279	2952	3012	P1P2	3012	P1P2
CEP112	13303	2953	3013	P1P2	3013	P1P2
CEP120	14889	2954	3014	P1P2	3014	P1P2
CEP128	14104	2955	3015	P1P2	3015	P1P2
CEP135	13860	2956	3016	P1P2	3016	P1P2
CEP152	17952	2957	3017	P1P2	3017	P1P2
CEP164	5010	2958	3018	P1P2	3018	P1P2
CEP170	16487	2959	3019	P1P2	3019	P1P2
CEP170B	10054	2960	3020	P1P2	3020	P1P2
CEP19	10607	2961	3021	P1P2	3021	P1P2
CEP250	9225	2963	3022	P1P2	3022	P1P2
CEP290	4457	2964	3023	P1P2	3023	P1P2
CEP350	1103	2965	3024	P1P2	3024	P1P2
CEP41	6144	2966	3025	P1P2	3025	P1P2
CEP44	11725	2967	3026	P1P2	3026	P1P2
CEP55	6004	2968	3027	P1P2	3027	P1P2
CEP57	10807	2969	3028	P1P2	3028	P1P2
CEP57L1	2624	2970	3029	P1P2	3029	P1P2
CEP63	5458	2971	3030	P1P2	3030	P1P2
CEP68	10593	2972	3031	P1P2	3031	P1P2
CEP70	3897	2973	3032	P1P2	3032	P1P2
CEP72	3651	2974	3033	P1P2	3033	P1P2
CEP76	14604	2975	3034	P1P2	3034	P1P2
CEP78	600	2976	3035	P1P2	3035	P1P2
CEP85L	6966	2978	3036	P1P2	3036	P1P2
CEP89	4646	2979	3037	P1P2	3037	P1P2
CEP95	15471	2980	3038	P1P2	3038	P1P2
CEP97	18624	2981	3039	P1P2	3039	P1P2
CEPT1	1221	2982	3040	P1P2	3040	P1P2
CER1	4964	2983	3041	P1P2	3041	P1P2
CERCAM	2929	2984	3042	P1P2	3042	P1P2
CERK	1756	2985	3043	P1P2	3043	P1P2
CERKL	540	2986	3044	P1	3044	P1
CERS2	7717	2987	3046	P1P2	3046	P1P2
CERS3	13157	2988	3047	P1P2	3047	P1P2
CERS4	17683	2989	3048	P1P2	3048	P1P2
CERS5	8927	2990	3049	P1P2	3049	P1P2
CERS6	12686	2991	3050	P1P2	3050	P1P2
CES1	13759	2992	3051	P1P2	3051	P1P2
CES2	11168	2993	3052	P1	3052	P1
CES3	12271	2994	3053	P1P2	3053	P1P2
CES4A	7962	2995	3054	P1P2	3054	P1P2
CES5A	7309	2996	3055	P1P2	3055	P1P2
CETN1	15930	2997	3056	P1P2	3056	P1P2
CETN2	10772	2998	3057	P1	3057	P1
CETN3	15366	2999	3058	P1P2	3058	P1P2
CETP	405	3000	3059	P1P2	3059	P1P2
CFB	12609	3001	3060	P1P2	3060	P1P2
CFD	15717	3002	3062	P1P2	3062	P1P2
CFDP1	15004	3003	3063	P2	3063	P1
CFH	5447	3004	3064	P1P2	3064	P1P2
CFHR4	13306	3005	3068	P1P2	3068	P1P2
CFHR5	11938	3006	3069	P1P2	3069	P1P2
CFI	17384	3007	3070	P1P2	3070	P1P2
CFL1	9546	3008	3071	P1P2	3071	P1P2
CFL2	6904	3009	3072	P1P2	3072	P1P2
CFLAR	11153	3010	3073	P1	3073	P2
CFP	376	3011	3074	P1P2	3074	P1P2
CFTR	2119	3012	3075	P1P2	3075	P1P2
CGA	7868	3013	3076	P1	3076	P1
CGGBP1	13493	3014	3082	P1	3082	P1
CGN	4426	3015	3083	P1P2	3083	P1P2
CGNL1	14675	3016	3084	P1P2	3084	P1P2
CGREF1	17759	3017	3085	P1P2	3085	P1P2
CGRRF1	14586	3018	3086	P1P2	3086	P1P2
CH25H	16164	3019	3087	P1P2	3087	P1P2
CHAC1	8013	3020	3088	P1P2	3088	P1P2
CHAC2	620	3021	3089	P1P2	3089	P1P2
CHAD	1069	3022	3090	P1P2	3090	P1P2
CHADL	8065	3023	3091	P1P2	3091	P1P2
CHAF1A	16996	3024	3092	P1P2	3092	P1P2
CHAMP1	2439	3026	3093	P1P2	3093	P1P2
CHAT	5978	3027	3094	P1	3094	P1
CHCHD1	16882	3028	3095	P1P2	3095	P1P2
CHCHD10	16860	3029	3096	P1P2	3096	P1P2
CHCHD2	18143	3030	3097	P1P2	3097	P1P2
CHCHD3	10781	3031	3098	P1P2	3098	P1P2
CHCHD4	16868	3032	3099	P1P2	3099	P1P2
CHCHD5	8718	3033	3100	P1P2	3100	P1P2
CHCHD6	5003	3034	3101	P1P2	3101	P1P2
CHCHD7	13349	3035	3102	P1P2	3102	P1P2
CHD1	10174	3036	3103	P1P2	3103	P1P2
CHD1L	9481	3037	3104	P1P2	3104	P1P2
CHD2	280	3038	3105	P2	3105	P1
CHD3	3950	3039	3106	P1P2	3106	P1P2
CHD4	7206	3040	3107	P1P2	3107	P1P2
CHD5	18691	3041	3108	P1P2	3108	P1P2
CHD6	15789	3042	3109	P1P2	3109	P1P2
CHD7	14615	3043	3110	P1P2	3110	P1P2
CHD8	18354	3044	3111	P1	3111	P1
CHD9	14811	3045	3112	P2	3112	P2
CHDH	18961	3046	3114	P1P2	3114	P1P2
CHEK2	9886	3048	3115	P1P2	3115	P1P2
CHERP	4779	3049	3116	P1P2	3116	P1P2
CHFR	3973	3050	3117	P1P2	3117	P1P2
CHGA	3299	3051	3118	P1P2	3118	P1P2
CHGB	14262	3052	3119	P1P2	3119	P1P2
CHI3L1	7666	3053	3120	P1P2	3120	P1P2
CHI3L2	14221	3054	3121	P2	3121	P1
CHIA	4831	3055	3122	P1P2	3122	P1P2
CHIC1	10964	3056	3123	P1P2	3123	P1P2
CHIC2	17267	3057	3124	P1P2	3124	P1P2
CHID1	11792	3058	3125	P1P2	3125	P1P2
CHIT1	10963	3059	3126	P1P2	3126	P1P2
CHKA	6192	3060	3127	P1P2	3127	P1P2
CHKB	9157	3061	3128	P1P2	3128	P1P2
CHL1	9961	3062	3129	P1P2	3129	P1P2
CHM	13897	3063	3130	P1P2	3130	P1P2
CHML	1500	3064	3131	P1P2	3131	P1P2
CHMP1A	12573	3065	3132	P1P2	3132	P1P2
CHMP1B	2352	3066	3133	P1P2	3133	P1P2
CHMP2A	2950	3067	3134	P1P2	3134	P1P2
CHMP2B	6277	3068	3135	P1P2	3135	P1P2
CHMP4A	11682	3069	3137	P2	3137	P2
CHMP4B	8250	3070	3138	P1P2	3138	P1P2
CHMP4C	3309	3071	3139	P1P2	3139	P1P2
CHMP5	10991	3072	3140	P1P2	3140	P1P2
CHMP6	13191	3073	3141	P1P2	3141	P1P2
CHMP7	9255	3074	3142	P1P2	3142	P1P2
CHN1	1112	3075	3143	ENST00000409900.3	3143	ENST00000409900.3
CHN2	18820	3076	3144	P2	3144	P2
CHODL	18058	3077	3145	P1P2	3145	P1P2
CHORDC1	3377	3078	3146	P1P2	3146	P1P2
CHP1	18338	3079	3147	P1P2	3147	P1P2
CHP2	12761	3080	3148	P1P2	3148	P1P2
CHPF	13978	3081	3149	P1P2	3149	P1P2
CHPF2	8330	3082	3150	P1P2	3150	P1P2
CHPT1	11610	3083	3151	P1P2	3151	P1P2
CHRAC1	6353	3084	3152	P1P2	3152	P1P2
CHRD	3265	3085	3153	P1P2	3153	P1P2
CHRDL1	7819	3086	3154	P1P2	3154	P1P2
CHRDL2	16978	3087	3155	P1P2	3155	P1P2
CHRM1	8611	3088	3156	P1P2	3156	P1P2
CHRM2	11223	3089	3157	P1P2	3157	P1P2
CHRM4	11646	3091	3158	P1P2	3158	P1P2
CHRM5	9269	3092	3159	P1P2	3159	P1P2
CHRNA1	7148	3093	3160	P1P2	3160	P1P2
CHRNA10	9055	3094	3161	ENST00000250699.2	3161	ENST00000250699.2
CHRNA2	7763	3095	3162	P1P2	3162	P1P2
CHRNA3	14101	3096	3163	P1P2	3163	P1P2
CHRNA4	8473	3097	3164	P1P2	3164	P1P2
CHRNA5	5814	3098	3165	P1P2	3165	P1P2
CHRNA6	6894	3099	3166	P1P2	3166	P1P2
CHRNA7	15435	3100	3167	P1P2	3167	P1P2
CHRNA9	18154	3101	3168	P1P2	3168	P1P2
CHRNB1	11087	3102	3169	P1P2	3169	P1P2
CHRNB2	13033	3103	3170	P1P2	3170	P1P2
CHRNB3	7013	3104	3171	P1P2	3171	P1P2
CHRNB4	5959	3105	3172	P1P2	3172	P1P2
CHRND	5090	3106	3173	P1P2	3173	P1P2
CHRNE	13115	3107	3174	P1P2	3174	P1P2
CHRNG	11285	3108	3175	P1P2	3175	P1P2
CHST1	5357	3109	3176	P1P2	3176	P1P2
CHST10	8494	3110	3177	P1P2	3177	P1P2
CHST11	14715	3111	3178	P1P2	3178	P1P2
CHST12	18053	3112	3179	P1P2	3179	P1P2
CHST13	13087	3113	3180	P1P2	3180	P1P2
CHST14	2912	3114	3181	P1P2	3181	P1P2
CHST15	18707	3115	3182	P1	3182	P2
CHST2	5699	3116	3183	P1P2	3183	P1P2
CHST3	1247	3117	3184	P1P2	3184	P1P2
CHST4	6697	3118	3185	P1P2	3185	P1P2
CHST5	884	3119	3186	P1P2	3186	P1P2
CHST6	3579	3120	3187	P1P2	3187	P1P2
CHST7	5324	3121	3188	P1P2	3188	P1P2
CHST8	18752	3122	3189	P1P2	3189	P1P2
CHST9	12895	3123	3190	P1P2	3190	P1P2
CHSY1	5136	3124	3191	P1P2	3191	P1P2
CHSY3	9881	3125	3192	P1P2	3192	P1P2
CHTF18	16071	3126	3193	P1P2	3193	P1P2
CHTF8	14881	3127	3194	P1P2	3194	P1P2
CHTOP	10289	3128	3195	P1P2	3195	P1P2
CHUK	7174	3129	3196	P1P2	3196	P1P2
CHURC1	18116	3130	3197	P1P2	3197	P1P2
CIAO1	10847	3131	3198	P1P2	3198	P1P2
CIAPIN1	15859	3132	3199	P1P2	3199	P1P2
CIB1	15412	3133	3200	P1P2	3200	P1P2
CIB2	14775	3134	3201	P1P2	3201	P1P2
CIB3	16186	3135	3202	ENST00000269878.4	3202	ENST00000269878.4
CIB4	15205	3136	3203	P1P2	3203	P1P2
CIC	5168	3137	3204	P1P2	3204	P1P2
CIDEA	11532	3138	3205	P1P2	3205	P1P2
CIDEC	1389	3139	3207	P1	3207	P1
CIITA	17772	3140	3208	P1P2	3208	P1P2
CILP	3018	3141	3209	P1P2	3209	P1P2
CILP2	5119	3142	3210	P1P2	3210	P1P2
CINP	15342	3143	3211	P1P2	3211	P1P2
CIR1	5060	3144	3212	P1P2	3212	P1P2
CIRBP	2014	3145	3213	P1P2	3213	P1P2
CISD2	17084	3147	3216	P1P2	3216	P1P2
CISD3	12890	3148	3217	P1P2	3217	P1P2
CISH	5965	3149	3218	P1P2	3218	P1P2
CIT	236	3150	3219	P1P2	3219	P1P2
CITED1	4413	3151	3220	P2	3220	P2
CITED2	2843	3152	3221	P1P2	3221	P1P2
CITED4	3345	3153	3222	P1P2	3222	P1P2
CIZ1	3039	3154	3223	P1P2	3223	P1P2
CKAP2	16453	3155	3224	P1P2	3224	P1P2
CKAP2L	6249	3156	3225	P1P2	3225	P1P2
CKAP4	12341	3157	3226	P1P2	3226	P1P2
CKAP5	17543	3158	3227	P2	3227	P1
CKB	11345	3159	3228	P1P2	3228	P1P2
CKLF	16657	3160	3229	P1P2	3229	P1P2
CKM	9493	3161	3230	P1	3230	P1
CKMT2	8352	3162	3233	P1P2	3233	P1P2
CKS2	3435	3163	3234	P1P2	3234	P1P2
CLASP1	5778	3164	3235	P1P2	3235	P1P2
CLASP2	7143	3165	3236	P2	3236	P1
CLASRP	18848	3166	3237	P1P2	3237	P1P2
CLC	12059	3167	3238	P1P2	3238	P1P2
CLCA1	5592	3168	3239	P1P2	3239	P1P2
CLCA2	11368	3169	3240	P1P2	3240	P1P2
CLCA4	4269	3170	3241	P1P2	3241	P1P2
CLCC1	10324	3171	3242	P1P2	3242	P1P2
CLCF1	9376	3172	3243	P1P2	3243	P1P2
CLCN1	6236	3173	3244	P1P2	3244	P1P2
CLCN2	18597	3174	3245	P1P2	3245	P1P2
CLCN3	14070	3175	3246	P1P2	3246	P1P2
CLCN4	13783	3176	3247	P2	3247	P2
CLCN5	11637	3177	3248	ENST00000376108.3	3248	ENST00000376108.3
CLCN6	16875	3178	3249	P1P2	3249	P1P2
CLCN7	1272	3179	3250	P1P2	3250	P1P2
CLCNKA	9312	3180	3251	P2	3251	P2
CLCNKB	16808	3181	3252	P1P2	3252	P1P2
CLDN1	12676	3182	3253	P1P2	3253	P1P2
CLDN10	17393	3183	3254	P1P2	3254	P1P2
CLDN11	2172	3184	3255	P1P2	3255	P1P2
CLDN12	15305	3185	3256	P1P2	3256	P1P2
CLDN14	2322	3186	3257	P1	3257	P2
CLDN15	10207	3187	3258	P1P2	3258	P1P2
CLDN16	2194	3188	3259	P1P2	3259	P1P2
CLDN17	9062	3189	3260	P1P2	3260	P1P2
CLDN18	6062	3190	3261	P2	3261	P2
CLDN19	18540	3191	3262	P1P2	3262	P1P2
CLDN2	15515	3192	3263	P1	3263	P1
CLDN20	17849	3193	3264	P1P2	3264	P1P2
CLDN23	16056	3194	3266	P1P2	3266	P1P2
CLDN25	12171	3195	3268	ENST00000453129.2	3268	ENST00000453129.2
CLDN3	9038	3196	3269	P1P2	3269	P1P2
CLDN4	4581	3197	3270	P1P2	3270	P1P2
CLDN5	18888	3198	3271	P1P2	3271	P1P2
CLDN6	14417	3199	3272	P1P2	3272	P1P2
CLDN7	13392	3200	3273	P1P2	3273	P1P2
CLDN8	16350	3201	3274	P1P2	3274	P1P2
CLDN9	968	3202	3275	P1P2	3275	P1P2
CLDND1	12831	3203	3276	P1P2	3276	P1P2
CLDND2	16857	3204	3277	P1P2	3277	P1P2
CLEC10A	6420	3205	3278	P1P2	3278	P1P2
CLEC11A	497	3206	3279	P1P2	3279	P1P2
CLEC12A	6773	3207	3280	P1P2	3280	P1P2
CLEC12B	2135	3208	3281	P1P2	3281	P1P2
CLEC14A	4963	3209	3282	P1P2	3282	P1P2
CLEC16A	583	3210	3283	P1P2	3283	P1P2
CLEC17A	11083	3211	3284	P1P2	3284	P1P2
CLEC19A	12964	3212	3288	P1P2	3288	P1P2
CLEC1A	18461	3213	3289	P1P2	3289	P1P2
CLEC1B	3754	3214	3290	P1P2	3290	P1P2
CLEC2A	12308	3215	3291	P1P2	3291	P1P2
CLEC2B	3538	3216	3292	P1P2	3292	P1P2
CLEC2D	16470	3217	3293	P1P2	3293	P1P2
CLEC2L	5752	3218	3294	P1P2	3294	P1P2
CLEC3A	8234	3219	3295	P1P2	3295	P1P2
CLEC3B	6518	3220	3296	P1P2	3296	P1P2
CLEC4A	9145	3221	3297	P1P2	3297	P1P2
CLEC4C	14267	3222	3298	P1P2	3298	P1P2
CLEC4D	18871	3223	3299	P1P2	3299	P1P2
CLEC4E	4756	3224	3300	P1P2	3300	P1P2
CLEC4F	17659	3225	3301	P1P2	3301	P1P2
CLEC4G	18583	3226	3302	P1P2	3302	P1P2
CLEC4M	5724	3227	3303	P1P2	3303	P1P2
CLEC5A	11860	3228	3304	P1P2	3304	P1P2
CLEC6A	8203	3229	3305	P1P2	3305	P1P2
CLEC7A	3331	3230	3306	P1P2	3306	P1P2
CLEC9A	2995	3231	3307	P2	3307	P1
CLECL1	15566	3232	3308	P1P2	3308	P1P2
CLGN	4663	3233	3309	P1P2	3309	P1P2
CLHC1	3505	3234	3310	P1P2	3310	P1P2
CLIC1	4671	3235	3311	P1P2	3311	P1P2
CLIC2	7089	3236	3312	P1P2	3312	P1P2
CLIC3	14422	3237	3313	P1P2	3313	P1P2
CLIC4	7441	3238	3314	P1P2	3314	P1P2
CLIC5	14470	3239	3315	P1P2	3315	P1P2
CLIC6	14402	3240	3316	P1P2	3316	P1P2
CLINT1	6394	3241	3317	P1P2	3317	P1P2
CLIP1	4159	3242	3318	P1P2	3318	P1P2
CLIP2	4710	3243	3319	P1P2	3319	P1P2
CLIP3	3755	3244	3320	P1P2	3320	P1P2
CLIP4	7498	3245	3321	P1P2	3321	P1P2
CLK1	9097	3246	3322	P1P2	3322	P1P2
CLK2	13825	3247	3323	P1P2	3323	P1P2
CLK3	13380	3248	3324	P1	3324	P2
CLK4	18323	3249	3325	P1P2	3325	P1P2
CLLU1	16683	3250	3326	ENST00000378485.1	3326	ENST00000378485.1
CLLU1OS	16361	3251	3327	ENST00000378487.2,ENST00000538965.1	3327	ENST00000378487.2,ENST00000538965.1
CLMN	14833	3252	3328	P1P2	3328	P1P2
CLMP	411	3253	3329	P1P2	3329	P1P2
CLN3	9435	3254	3330	P1P2	3330	P1P2
CLN5	1600	3255	3331	P1P2	3331	P1P2
CLN6	18651	3256	3332	P1P2	3332	P1P2
CLN8	16904	3257	3333	P1P2	3333	P1P2
CLNK	10925	3258	3334	P1P2	3334	P1P2
CLNS1A	12175	3259	3335	P1P2	3335	P1P2
CLOCK	3490	3260	3336	P1P2	3336	P1P2
CLP1	6832	3261	3337	P1P2	3337	P1P2
CLPB	16137	3262	3338	P1P2	3338	P1P2
CLPP	12518	3263	3339	P1P2	3339	P1P2
CLPS	15376	3264	3340	P1P2	3340	P1P2
CLPSL1	8809	3265	3341	P1	3341	P1
CLPSL2	10549	3266	3342	P1P2	3342	P1P2
CLPTM1	3097	3267	3343	P1P2	3343	P1P2
CLPTM1L	998	3268	3344	P1P2	3344	P1P2
CLPX	18761	3269	3345	P1P2	3345	P1P2
CLRN1	5450	3270	3346	P1P2	3346	P1P2
CLRN2	6543	3271	3347	ENST00000511148.2	3347	ENST00000511148.2
CLRN3	2625	3272	3348	P1P2	3348	P1P2
CLSPN	14018	3273	3349	P1P2	3349	P1P2
CLSTN1	18658	3274	3350	P1P2	3350	P1P2
CLSTN2	4980	3275	3351	P1P2	3351	P1P2
CLSTN3	15855	3276	3352	P2	3352	P1
CLTA	9444	3277	3353	P1P2	3353	P1P2
CLTB	13282	3278	3354	P1P2	3354	P1P2
CLTC	5117	3279	3355	P1P2	3355	P1P2
CLTCL1	12894	3280	3356	P1P2	3356	P1P2
CLU	6634	3281	3357	P2	3357	P2
CLUAP1	8563	3282	3358	P1P2	3358	P1P2
CLUH	9769	3283	3359	P1P2	3359	P1P2
CLUL1	16513	3284	3360	P1	3360	P1
CLVS1	10211	3285	3361	P1P2	3361	P1P2
CLVS2	9470	3286	3362	P1P2	3362	P1P2
CLYBL	15679	3287	3363	P1P2	3363	P1P2
CMA1	14741	3288	3364	P1P2	3364	P1P2
CMAS	9007	3289	3365	P1P2	3365	P1P2
CMBL	13709	3290	3366	P1P2	3366	P1P2
CMC1	14217	3291	3367	P1P2	3367	P1P2
CMC4	18585	3292	3369	P1P2	3369	P1P2
CMIP	200	3293	3370	P1P2	3370	P1P2
CMKLR1	17752	3294	3371	P1	3371	P1
CMPK1	646	3295	3372	P1P2	3372	P1P2
CMPK2	9611	3296	3373	P1P2	3373	P1P2
CMSS1	18907	3297	3374	P1P2	3374	P1P2
CMTM1	6180	3298	3375	P1P2	3375	P1P2
CMTM2	2664	3299	3376	P2	3376	P2
CMTM3	1447	3300	3377	P1P2	3377	P1P2
CMTM4	4958	3301	3378	P1P2	3378	P1P2
CMTM5	18965	3302	3379	P1P2	3379	P1P2
CMTM6	12184	3303	3380	P1P2	3380	P1P2
CMTM7	11144	3304	3381	P1P2	3381	P1P2
CMTM8	18542	3305	3382	P1P2	3382	P1P2
CMTR1	17517	3306	3383	P1P2	3383	P1P2
CMTR2	9894	3307	3384	P1P2	3384	P1P2
CMYA5	10368	3308	3385	P1P2	3385	P1P2
CNBD1	2058	3309	3386	P1P2	3386	P1P2
CNBD2	9856	3310	3387	P1P2	3387	P1P2
CNBP	18128	3311	3388	P1P2	3388	P1P2
CNDP1	11476	3312	3389	P1P2	3389	P1P2
CNDP2	18396	3313	3390	P2	3390	P1
CNEP1R1	14916	3314	3391	P1P2	3391	P1P2
CNFN	9260	3315	3392	P1P2	3392	P1P2
CNGA1	12305	3316	3393	P1P2	3393	P1P2
CNGA2	12288	3317	3394	ENST00000329903.4	3394	ENST00000329903.4
CNGA3	18418	3318	3395	P1P2	3395	P1P2
CNGA4	2586	3319	3396	P1	3396	P2
CNGB1	5435	3320	3397	P1P2	3397	P1P2
CNGB3	5021	3321	3398	P1P2	3398	P1P2
CNIH1	14774	3322	3399	P1P2	3399	P1P2
CNIH2	3793	3323	3400	P1	3400	P1
CNIH3	15343	3324	3401	P1P2	3401	P1P2
CNIH4	16561	3325	3402	P1P2	3402	P1P2
CNKSR1	8430	3326	3403	P1P2	3403	P1P2
CNKSR2	2845	3327	3404	P1P2	3404	P1P2
CNKSR3	10305	3328	3405	P1P2	3405	P1P2
CNN1	14737	3329	3406	P1	3406	P1
CNN2	2285	3330	3407	P1P2	3407	P1P2
CNN3	3567	3331	3408	P1P2	3408	P1P2
CNNM1	8219	3332	3409	P1P2	3409	P1P2
CNNM2	15212	3333	3410	P1P2	3410	P1P2
CNNM3	16960	3334	3411	P1P2	3411	P1P2
CNNM4	2737	3335	3412	P1P2	3412	P1P2
CNOT1	871	3336	3413	P1P2	3413	P1P2
CNOT10	1347	3337	3414	P1P2	3414	P1P2
CNOT11	181	3338	3415	P1P2	3415	P1P2
CNOT2	9542	3339	3416	P1P2	3416	P1P2
CNOT3	5864	3340	3417	P1P2	3417	P1P2
CNOT4	7044	3341	3418	P1P2	3418	P1P2
CNOT6	3198	3342	3419	P1P2	3419	P1P2
CNOT6L	13019	3343	3420	P1P2	3420	P1P2
CNOT7	3590	3344	3421	P1P2	3421	P1P2
CNOT8	11451	3345	3422	P1P2	3422	P1P2
CNP	16750	3346	3423	P1P2	3423	P1P2
CNPPD1	5504	3347	3424	P2	3424	P2
CNPY1	14777	3348	3425	P1P2	3425	P1P2
CNPY2	10541	3349	3426	P1P2	3426	P1P2
CNPY3	10263	3350	3427	P1P2	3427	P1P2
CNPY4	13164	3351	3428	P1P2	3428	P1P2
CNR1	16206	3352	3429	P1P2	3429	P1P2
CNR2	4375	3353	3430	P1P2	3430	P1P2
CNRIP1	15440	3354	3431	P1P2	3431	P1P2
CNST	4238	3355	3432	P1P2	3432	P1P2
CNTD1	8592	3356	3433	P1P2	3433	P1P2
CNTF	2259	3358	3435	P1P2	3435	P1P2
CNTFR	8923	3359	3436	P1P2	3436	P1P2
CNTLN	12782	3360	3437	P1P2	3437	P1P2
CNTN1	3336	3361	3438	P1P2	3438	P1P2
CNTN2	17005	3362	3439	P1P2	3439	P1P2
CNTN3	15210	3363	3440	ENST00000263665.6	3440	ENST00000263665.6
CNTN4	16995	3364	3441	P1P2	3441	P1P2
CNTN5	15259	3365	3442	P1P2	3442	P1P2
CNTN6	471	3366	3443	P1P2	3443	P1P2
CNTNAP1	12422	3367	3444	P1P2	3444	P1P2
CNTNAP2	7756	3368	3445	P1P2	3445	P1P2
CNTNAP4	17602	3369	3446	P1P2	3446	P1P2
CNTNAP5	458	3370	3447	P1P2	3447	P1P2
CNTRL	5947	3371	3448	P1P2	3448	P1P2
CNTROB	2787	3372	3449	P1P2	3449	P1P2
COA1	17720	3373	3450	P1P2	3450	P1P2
COA3	7149	3374	3451	P1P2	3451	P1P2
COA4	1604	3375	3452	P1P2	3452	P1P2
COA5	12838	3376	3453	P1P2	3453	P1P2
COA6	1206	3377	3454	P1P2	3454	P1P2
COASY	9044	3378	3455	P1P2	3455	P1P2
COBL	8341	3379	3456	P1P2	3456	P1P2
COBLL1	15787	3380	3457	P1P2	3457	P1P2
COCH	12443	3381	3458	P1P2	3458	P1P2
COG1	9068	3382	3459	P1P2	3459	P1P2
COG2	15327	3383	3460	P1P2	3460	P1P2
COG3	16127	3384	3461	P1P2	3461	P1P2
COG4	5197	3385	3462	P1P2	3462	P1P2
COG5	12930	3386	3463	P1P2	3463	P1P2
COG6	13810	3387	3464	P1P2	3464	P1P2
COG7	17073	3388	3465	P1P2	3465	P1P2
COG8	10010	3389	3466	P1P2	3466	P1P2
COIL	18082	3390	3467	P1P2	3467	P1P2
COL10A1	15687	3391	3468	P1P2	3468	P1P2
COL11A1	10912	3392	3469	P1P2	3469	P1P2
COL11A2	13670	3393	3470	P1P2	3470	P1P2
COL12A1	2629	3394	3471	P1P2	3471	P1P2
COL13A1	1864	3395	3472	P1P2	3472	P1P2
COL14A1	4175	3396	3473	P1P2	3473	P1P2
COL15A1	6231	3397	3474	P1P2	3474	P1P2
COL16A1	5646	3398	3475	P1P2	3475	P1P2
COL17A1	16749	3399	3476	P1P2	3476	P1P2
COL18A1	3164	3400	3477	P1P2	3477	P1P2
COL19A1	391	3401	3478	P1P2	3478	P1P2
COL1A1	5941	3402	3479	P1P2	3479	P1P2
COL1A2	8632	3403	3480	P1P2	3480	P1P2
COL20A1	11986	3404	3481	P1P2	3481	P1P2
COL21A1	5237	3405	3482	P1P2	3482	P1P2
COL22A1	6116	3406	3483	P1P2	3483	P1P2
COL23A1	12036	3407	3484	P1P2	3484	P1P2
COL24A1	7748	3408	3485	P1P2	3485	P1P2
COL25A1	4326	3409	3486	P1P2	3486	P1P2
COL27A1	16518	3410	3488	P1P2	3488	P1P2
COL28A1	1175	3411	3489	P1P2	3489	P1P2
COL2A1	1236	3412	3490	P1P2	3490	P1P2
COL3A1	17949	3413	3491	P1P2	3491	P1P2
COL4A1	12816	3414	3492	P1P2	3492	P1P2
COL4A2	10412	3415	3493	P1P2	3493	P1P2
COL4A3	10336	3416	3494	P1P2	3494	P1P2
COL4A4	12580	3418	3496	P1P2	3496	P1P2
COL4A5	5191	3419	3497	P1P2	3497	P1P2
COL4A6	17018	3420	3498	P1	3498	P1
COL5A1	9677	3421	3499	P1P2	3499	P1P2
COL5A2	5829	3422	3500	P1P2	3500	P1P2
COL5A3	8842	3423	3501	P1P2	3501	P1P2
COL6A1	9558	3424	3502	P1P2	3502	P1P2
COL6A2	12585	3425	3503	P1P2	3503	P1P2
COL6A3	9107	3426	3504	P1P2	3504	P1P2
COL6A6	7617	3427	3506	P1P2	3506	P1P2
COL7A1	14368	3428	3507	P1P2	3507	P1P2
COL8A1	6000	3429	3508	P1P2	3508	P1P2
COL8A2	2669	3430	3509	P1P2	3509	P1P2
COL9A1	6393	3431	3510	P1P2	3510	P1P2
COL9A2	15014	3432	3511	P2	3511	P2
COL9A3	14055	3433	3512	P1P2	3512	P1P2
COLCA2	958	3435	3513	P1P2	3513	P1P2
COLEC10	6579	3436	3514	P1P2	3514	P1P2
COLEC11	37	3437	3515	P2	3515	P1
COLEC12	16051	3438	3516	P1P2	3516	P1P2
COLGALT1	14155	3439	3517	P1P2	3517	P1P2
COLGALT2	8732	3440	3518	P1P2	3518	P1P2
COLQ	4227	3441	3519	P1P2	3519	P1P2
COMMD1	2171	3442	3520	P1P2	3520	P1P2
COMMD10	5355	3443	3521	P1P2	3521	P1P2
COMMD2	5452	3444	3522	P1P2	3522	P1P2
COMMD3	838	3445	3523	P1P2	3523	P1P2
COMMD4	1454	3446	3524	P1P2	3524	P1P2
COMMD5	5611	3447	3525	ENST00000450361.2	3525	ENST00000450361.2
COMMD6	15115	3448	3526	P1	3526	P2
COMMD7	16043	3449	3527	P1P2	3527	P1P2
COMMD8	7616	3450	3528	P1P2	3528	P1P2
COMMD9	6625	3451	3529	P1P2	3529	P1P2
COMP	12144	3452	3530	P1P2	3530	P1P2
COMT	14091	3453	3531	P1P2	3531	P1P2
COMTD1	3347	3454	3532	P1P2	3532	P1P2
COPB1	14686	3456	3533	P1P2	3533	P1P2
COPE	5854	3458	3534	P1P2	3534	P1P2
COPG1	13690	3459	3535	P2	3535	P2
COPRS	9002	3460	3537	P1P2	3537	P1P2
COPS2	16337	3461	3538	P1P2	3538	P1P2
COPS3	2910	3462	3539	P1P2	3539	P1P2
COPS4	7171	3463	3540	P1P2	3540	P1P2
COPS5	12695	3464	3541	P1P2	3541	P1P2
COPS6	17547	3465	3542	P1P2	3542	P1P2
COPS7A	9903	3466	3543	P1P2	3543	P1P2
COPS7B	10135	3467	3544	P2	3544	P1
COPS8	13153	3468	3545	P1P2	3545	P1P2
COPZ1	4124	3469	3546	P2	3546	P2
COQ10A	14919	3470	3548	P1P2	3548	P1P2
COQ10B	14215	3471	3549	P1P2	3549	P1P2
COQ2	8292	3472	3550	P1P2	3550	P1P2
COQ3	7103	3473	3551	P1P2	3551	P1P2
COQ4	18097	3474	3552	P1P2	3552	P1P2
COQ5	915	3475	3553	P1P2	3553	P1P2
COQ6	18891	3476	3554	P1P2	3554	P1P2
COQ7	18743	3477	3555	P1P2	3555	P1P2
COQ9	13121	3478	3556	P1P2	3556	P1P2
CORIN	7308	3479	3557	P1P2	3557	P1P2
CORO1A	11050	3480	3558	P1P2	3558	P1P2
CORO1B	5389	3481	3559	P1	3559	P1
CORO1C	3115	3482	3560	P1P2	3560	P1P2
CORO2A	7098	3483	3561	P1P2	3561	P1P2
CORO2B	211	3484	3562	P1P2	3562	P1P2
CORO6	12366	3485	3563	P1P2	3563	P1P2
CORT	11321	3486	3565	P1P2	3565	P1P2
COTL1	5796	3487	3566	P1P2	3566	P1P2
COX10	16133	3488	3567	P1P2	3567	P1P2
COX11	17194	3489	3568	P1P2	3568	P1P2
COX14	5029	3490	3569	P1P2	3569	P1P2
COX15	16832	3491	3570	P1P2	3570	P1P2
COX16	14265	3492	3571	P1P2	3571	P1P2
COX17	7159	3493	3572	P1P2	3572	P1P2
COX18	15420	3494	3573	P1P2	3573	P1P2
COX19	10780	3495	3574	P1P2	3574	P1P2
COX4I1	12401	3496	3576	P1P2	3576	P1P2
COX4I2	4784	3497	3577	P1P2	3577	P1P2
COX5A	1224	3498	3578	P1P2	3578	P1P2
COX5B	11178	3499	3579	P1P2	3579	P1P2
COX6A1	10751	3500	3580	P1P2	3580	P1P2
COX6A2	6913	3502	3581	P1P2	3581	P1P2
COX6B1	12367	3503	3582	P1P2	3582	P1P2
COX6B2	3009	3504	3583	P1P2	3583	P1P2
COX6C	6458	3505	3584	P1P2	3584	P1P2
COX7A1	17230	3506	3585	P1P2	3585	P1P2
COX7A2	6099	3507	3586	P1P2	3586	P1P2
COX7A2L	4125	3508	3587	P1P2	3587	P1P2
COX7B2	15204	3509	3589	P1P2	3589	P1P2
COX7C	7686	3510	3590	P1P2	3590	P1P2
COX8A	6131	3511	3591	P1P2	3591	P1P2
COX8C	5657	3512	3592	P1P2	3592	P1P2
CP	5977	3513	3593	P1P2	3593	P1P2
CPA1	3804	3514	3594	P1P2	3594	P1P2
CPA2	12164	3515	3595	P1P2	3595	P1P2
CPA3	14375	3516	3596	P1P2	3596	P1P2
CPA4	16318	3517	3597	P2	3597	P1
CPA5	17449	3518	3598	P2	3598	P2
CPA6	7068	3519	3599	P1P2	3599	P1P2
CPAMD8	9890	3520	3600	ENST00000443236.1	3600	ENST00000443236.1
CPB1	13809	3521	3601	P1P2	3601	P1P2
CPB2	15027	3522	3602	P1P2	3602	P1P2
CPD	12221	3523	3603	P1P2	3603	P1P2
CPE	14460	3524	3604	P1P2	3604	P1P2
CPEB1	9001	3525	3605	ENST00000568128.1	3605	ENST00000562019.1
CPEB2	12731	3526	3606	P1	3606	P1
CPEB3	13138	3527	3607	P1P2	3607	P1P2
CPEB4	2474	3528	3608	P1P2	3608	P1P2
CPED1	8087	3529	3609	P1P2	3609	P1P2
CPLX1	1517	3530	3610	P1P2	3610	P1P2
CPLX2	3251	3531	3611	P2	3611	P2
CPLX3	3250	3532	3612	P1P2	3612	P1P2
CPLX4	1745	3533	3613	P1P2	3613	P1P2
CPM	7733	3534	3614	P1P2	3614	P1P2
CPN1	4280	3535	3615	P1P2	3615	P1P2
CPN2	3537	3536	3616	P1P2	3616	P1P2
CPNE1	17065	3537	3617	P1P2	3617	P1P2
CPNE2	18607	3538	3618	P1P2	3618	P1P2
CPNE3	7635	3539	3619	P1P2	3619	P1P2
CPNE4	16911	3540	3620	P1P2	3620	P1P2
CPNE5	5573	3541	3621	P1P2	3621	P1P2
CPNE6	14335	3542	3622	P1P2	3622	P1P2
CPNE7	7527	3543	3623	P1P2	3623	P1P2
CPNE8	7480	3544	3624	P1P2	3624	P1P2
CPNE9	4349	3545	3625	P1P2	3625	P1P2
CPO	11815	3546	3626	P1P2	3626	P1P2
CPOX	4936	3547	3627	P1P2	3627	P1P2
CPPED1	6157	3548	3628	P1P2	3628	P1P2
CPQ	15183	3549	3629	P1P2	3629	P1P2
CPS1	4480	3550	3630	P1P2	3630	P1P2
CPSF1	7208	3551	3631	P1P2	3631	P1P2
CPSF2	2803	3552	3632	P1P2	3632	P1P2
CPSF3	8566	3553	3633	P1P2	3633	P1P2
CPSF4	8955	3555	3635	P1P2	3635	P1P2
CPSF4L	5315	3556	3636	P1P2	3636	P1P2
CPSF6	14343	3557	3637	P1P2	3637	P1P2
CPSF7	3685	3558	3638	P1P2	3638	P1P2
CPT1A	16737	3559	3639	P1P2	3639	P1P2
CPT1B	1630	3560	3640	P1P2	3640	P1P2
CPT1C	8413	3561	3641	P1P2	3641	P1P2
CPT2	17888	3562	3642	P1P2	3642	P1P2
CPVL	16081	3563	3643	P1P2	3643	P1P2
CPXCR1	14406	3564	3644	P1P2	3644	P1P2
CPXM1	2242	3565	3645	P1P2	3645	P1P2
CPXM2	5764	3566	3646	P1P2	3646	P1P2
CPZ	11641	3567	3647	P1P2	3647	P1P2
CR1	17236	3568	3648	P1P2	3648	P1P2
CR1L	9208	3569	3649	P1P2	3649	P1P2
CRABP1	3469	3570	3651	P1P2	3651	P1P2
CRABP2	11517	3571	3652	P1P2	3652	P1P2
CRADD	6553	3572	3653	P1P2	3653	P1P2
CRAT	11580	3574	3655	P1P2	3655	P1P2
CRB1	17181	3575	3656	ENST00000367400.3	3656	ENST00000367400.3
CRB2	10650	3576	3657	P2	3657	P2
CRB3	5972	3577	3658	P1P2	3658	P1P2
CRBN	10181	3578	3659	P1P2	3659	P1P2
CRCP	1853	3579	3660	P1P2	3660	P1P2
CRCT1	13757	3580	3661	P1P2	3661	P1P2
CREB1	13774	3581	3662	P1P2	3662	P1P2
CREB3	17465	3582	3663	P1P2	3663	P1P2
CREB3L1	2468	3583	3664	P1P2	3664	P1P2
CREB3L2	3791	3584	3665	P1P2	3665	P1P2
CREB3L3	658	3585	3666	P1P2	3666	P1P2
CREB3L4	13318	3586	3667	P1P2	3667	P1P2
CREB5	1512	3587	3668	ENST00000396300.2	3668	ENST00000396300.2
CREBBP	11924	3588	3669	P1P2	3669	P1P2
CREBL2	13583	3589	3670	P1P2	3670	P1P2
CREBRF	15181	3590	3671	P1	3671	P1
CREBZF	3803	3591	3672	P1P2	3672	P1P2
CREG1	10168	3592	3673	P1P2	3673	P1P2
CREG2	5487	3593	3674	P1P2	3674	P1P2
CRELD1	14664	3594	3675	P1P2	3675	P1P2
CRELD2	7376	3595	3676	P1P2	3676	P1P2
CREM	7605	3596	3677	ENST00000395895.2	3677	ENST00000395895.2
CRH	6741	3597	3678	P1P2	3678	P1P2
CRHBP	9045	3598	3679	P1P2	3679	P1P2
CRHR1	11737	3599	3680	P1P2	3680	P1P2
CRHR2	12961	3600	3681	P1P2	3681	P1P2
CRIM1	13963	3601	3682	P1P2	3682	P1P2
CRIP1	15884	3602	3683	P1P2	3683	P1P2
CRIP2	16319	3603	3684	P1P2	3684	P1P2
CRIP3	4785	3604	3685	P1P2	3685	P1P2
CRIPAK	16126	3605	3686	P1P2	3686	P1P2
CRIPT	16772	3606	3687	P1P2	3687	P1P2
CRISP1	6728	3607	3688	P1P2	3688	P1P2
CRISP2	3082	3608	3689	P1P2	3689	P1P2
CRISP3	12877	3609	3690	P1P2	3690	P1P2
CRISPLD1	18998	3610	3691	P1P2	3691	P1P2
CRISPLD2	9739	3611	3692	P1P2	3692	P1P2
CRK	6135	3612	3693	P1P2	3693	P1P2
CRKL	9508	3613	3694	P1P2	3694	P1P2
CRLF1	7095	3614	3695	P1P2	3695	P1P2
CRLF3	12138	3615	3697	P1P2	3697	P1P2
CRLS1	8914	3616	3698	P1P2	3698	P1P2
CRMP1	10140	3617	3699	P2	3699	P1
CRNKL1	282	3618	3700	P1P2	3700	P1P2
CRNN	11141	3619	3701	P1P2	3701	P1P2
CROCC	4724	3620	3702	P1P2	3702	P1P2
CROT	5608	3621	3703	P1P2	3703	P1P2
CRP	11129	3622	3704	P1P2	3704	P1P2
CRTAC1	16102	3623	3705	P1P2	3705	P1P2
CRTAM	2742	3624	3706	P1P2	3706	P1P2
CRTAP	14991	3625	3707	P1P2	3707	P1P2
CRTC1	1932	3626	3708	P1P2	3708	P1P2
CRTC2	15331	3627	3709	P1P2	3709	P1P2
CRTC3	16310	3628	3710	P1P2	3710	P1P2
CRX	3401	3629	3711	P1P2	3711	P1P2
CRY1	18131	3630	3712	P1P2	3712	P1P2
CRY2	11834	3631	3713	P1P2	3713	P1P2
CRYAA	7587	3632	3714	P1	3714	P2
CRYAB	10721	3633	3715	P1	3715	P1
CRYBA1	16308	3634	3716	P1P2	3716	P1P2
CRYBA2	2805	3635	3717	P1P2	3717	P1P2
CRYBA4	11747	3636	3718	P1P2	3718	P1P2
CRYBB1	13107	3637	3719	P1P2	3719	P1P2
CRYBB2	2151	3638	3720	P1P2	3720	P1P2
CRYBB3	12575	3639	3721	P1P2	3721	P1P2
CRYBG3	13831	3640	3722	ENST00000182096.4	3722	ENST00000182096.4
CRYGA	2476	3641	3723	P1P2	3723	P1P2
CRYGB	11455	3642	3724	P1P2	3724	P1P2
CRYGC	9618	3643	3725	P1P2	3725	P1P2
CRYGD	17836	3644	3726	P1P2	3726	P1P2
CRYGN	12351	3645	3727	P1P2	3727	P1P2
CRYGS	7193	3646	3728	P1P2	3728	P1P2
CRYL1	15590	3647	3729	P1P2	3729	P1P2
CRYM	13679	3648	3730	P1P2	3730	P1P2
CRYZ	9708	3649	3731	P1P2	3731	P1P2
CRYZL1	18751	3650	3732	P1P2	3732	P1P2
CS	6356	3651	3733	P1P2	3733	P1P2
CSAD	2670	3652	3734	P1P2	3734	P1P2
CSDC2	10203	3653	3738	P1P2	3738	P1P2
CSDE1	7958	3654	3739	P1P2	3739	P1P2
CSE1L	14512	3655	3740	P1P2	3740	P1P2
CSF1	11237	3656	3741	P1P2	3741	P1P2
CSF1R	13158	3657	3742	P1P2	3742	P1P2
CSF2	3777	3658	3743	P1P2	3743	P1P2
CSF2RB	12540	3659	3745	P1P2	3745	P1P2
CSF3	6809	3660	3746	P1P2	3746	P1P2
CSF3R	4860	3661	3747	P1P2	3747	P1P2
CSGALNACT1	12148	3662	3748	P2	3748	P2
CSGALNACT2	7275	3663	3749	P1P2	3749	P1P2
CSHL1	17035	3664	3752	P2	3752	P1
CSK	6599	3665	3753	P1P2	3753	P1P2
CSMD1	9964	3666	3754	P1P2	3754	P1P2
CSMD2	6240	3667	3755	P1P2	3755	P1P2
CSMD3	2219	3668	3756	P1P2	3756	P1P2
CSN1S1	8274	3669	3757	P1P2	3757	P1P2
CSN2	6261	3670	3758	ENST00000353151.3	3758	ENST00000353151.3
CSN3	7314	3671	3759	P1P2	3759	P1P2
CSNK1A1	2312	3672	3760	P1P2	3760	P1P2
CSNK1A1L	18078	3673	3761	P1P2	3761	P1P2
CSNK1D	9737	3674	3762	P1P2	3762	P1P2
CSNK1E	2562	3675	3763	P1P2	3763	P1P2
CSNK1G1	9410	3676	3764	P1P2	3764	P1P2
CSNK1G2	13746	3677	3765	P1P2	3765	P1P2
CSNK1G3	351	3678	3766	P1P2	3766	P1P2
CSNK2A1	12699	3679	3767	P1P2	3767	P1P2
CSNK2A2	8670	3680	3768	P1P2	3768	P1P2
CSNK2A3	8477	3681	3769	P1P2	3769	P1P2
CSNK2B	3677	3682	3770	P1P2	3770	P1P2
CSPG4	18806	3683	3771	P1P2	3771	P1P2
CSPG5	8917	3684	3772	P1P2	3772	P1P2
CSPP1	372	3685	3773	P1P2	3773	P1P2
CSRNP1	16125	3686	3774	P1P2	3774	P1P2
CSRNP2	8881	3687	3775	P1P2	3775	P1P2
CSRNP3	15490	3688	3776	P2	3776	P2
CSRP1	16806	3689	3777	P1P2	3777	P1P2
CSRP2	14386	3690	3778	P1P2	3778	P1P2
CSRP3	4059	3692	3780	P1P2	3780	P1P2
CST1	15988	3693	3781	P1P2	3781	P1P2
CST11	18331	3694	3782	P1P2	3782	P1P2
CST2	8546	3695	3783	P1P2	3783	P1P2
CST3	13916	3696	3784	P1P2	3784	P1P2
CST4	16079	3697	3785	P1P2	3785	P1P2
CST5	9585	3698	3786	P1P2	3786	P1P2
CST6	2846	3699	3787	P1P2	3787	P1P2
CST7	18168	3700	3788	P1P2	3788	P1P2
CST8	13006	3701	3789	P1P2	3789	P1P2
CST9	12080	3702	3790	P1P2	3790	P1P2
CST9L	10293	3703	3791	P1P2	3791	P1P2
CSTA	14700	3704	3792	P1P2	3792	P1P2
CSTB	4206	3705	3793	P1P2	3793	P1P2
CSTF1	17508	3706	3794	P1P2	3794	P1P2
CSTF2	7974	3707	3795	P1P2	3795	P1P2
CSTF2T	14409	3708	3796	P1P2	3796	P1P2
CSTF3	7134	3709	3797	P1P2	3797	P1P2
CSTL1	12051	3710	3798	ENST00000246020.2	3798	ENST00000347397.1
CT47B1	7511	3711	3803	ENST00000371311.3	3803	ENST00000371311.3
CT62	6140	3712	3804	P1P2	3804	P1P2
CTAG2	1703	3713	3807	ENST00000369585.3	3807	ENST00000369585.3
CTAGE1	18002	3714	3808	P1P2	3808	P1P2
CTBP1	934	3716	3810	P1P2	3810	P1P2
CTBP2	3645	3717	3811	P1P2	3811	P1P2
CTBS	1345	3718	3812	P1P2	3812	P1P2
CTC1	9516	3720	3813	P1P2	3813	P1P2
CTCF	11294	3721	3814	P1P2	3814	P1P2
CTCFL	9446	3722	3815	P1P2	3815	P1P2
CTDNEP1	3752	3725	3816	P1P2	3816	P1P2
CTDP1	1541	3726	3817	P1P2	3817	P1P2
CTDSP1	1501	3727	3818	P1P2	3818	P1P2
CTDSP2	14453	3728	3819	P1P2	3819	P1P2
CTDSPL	17818	3729	3820	P1P2	3820	P1P2
CTDSPL2	7289	3730	3821	P1P2	3821	P1P2
CTF1	13149	3731	3822	P1P2	3822	P1P2
CTH	15377	3733	3824	P1P2	3824	P1P2
CTHRC1	4224	3734	3825	P1P2	3825	P1P2
CTIF	15614	3735	3826	P1P2	3826	P1P2
CTLA4	811	3736	3827	P1P2	3827	P1P2
CTNNA1	16590	3737	3828	P1P2	3828	P1P2
CTNNA2	1912	3738	3829	P1P2	3829	P1P2
CTNNA3	2996	3739	3830	P1P2	3830	P1P2
CTNNAL1	245	3740	3831	P1P2	3831	P1P2
CTNNB1	11233	3741	3832	P1P2	3832	P1P2
CTNNBIP1	2262	3742	3833	P1P2	3833	P1P2
CTNNBL1	17938	3743	3834	P1P2	3834	P1P2
CTNND1	11896	3744	3835	P1P2	3835	P1P2
CTNND2	17498	3745	3836	ENST00000304623.8	3836	ENST00000304623.8
CTNS	12034	3746	3837	P1P2	3837	P1P2
CTPS1	17149	3747	3838	P1P2	3838	P1P2
CTPS2	3574	3748	3839	P1P2	3839	P1P2
CTR9	5798	3749	3840	P1P2	3840	P1P2
CTRB1	10879	3750	3841	P1P2	3841	P1P2
CTRB2	624	3751	3842	P1P2	3842	P1P2
CTRC	17305	3752	3843	P2	3843	P2
CTRL	12276	3753	3844	P1P2	3844	P1P2
CTSA	18578	3754	3845	P1P2	3845	P1P2
CTSB	2898	3755	3846	P1P2	3846	P1P2
CTSC	1168	3756	3847	P1P2	3847	P1P2
CTSD	12430	3757	3848	P1P2	3848	P1P2
CTSE	8224	3758	3849	P1P2	3849	P1P2
CTSF	15700	3759	3850	P1P2	3850	P1P2
CTSG	1959	3760	3851	P1P2	3851	P1P2
CTSH	16521	3761	3852	P1P2	3852	P1P2
CTSK	1727	3762	3853	P1P2	3853	P1P2
CTSL	14724	3763	3854	P1	3854	P1
CTSO	5715	3764	3855	P1P2	3855	P1P2
CTSS	3040	3765	3856	P1P2	3856	P1P2
CTSV	8354	3766	3857	P1P2	3857	P1P2
CTSW	599	3767	3858	P1P2	3858	P1P2
CTSZ	3586	3768	3859	P1P2	3859	P1P2
CTTN	12039	3769	3860	P1P2	3860	P1P2
CTTNBP2	3238	3770	3861	P1P2	3861	P1P2
CTTNBP2NL	955	3771	3862	P1P2	3862	P1P2
CTU1	5186	3772	3863	P1P2	3863	P1P2
CTU2	14849	3773	3864	P1P2	3864	P1P2
CTXN1	12547	3774	3865	P1P2	3865	P1P2
CTXN2	8644	3775	3866	P1P2	3866	P1P2
CTXN3	13544	3776	3867	P1P2	3867	P1P2
CUBN	8807	3777	3868	P1P2	3868	P1P2
CUEDC1	10866	3778	3869	P1P2	3869	P1P2
CUEDC2	6488	3779	3870	P1P2	3870	P1P2
CUL1	10825	3780	3871	P1P2	3871	P1P2
CUL2	3271	3781	3872	P1P2	3872	P1P2
CUL3	14272	3782	3873	P1P2	3873	P1P2
CUL4A	10514	3783	3874	P1P2	3874	P1P2
CUL4B	8057	3784	3875	P1P2	3875	P1P2
CUL5	8719	3785	3876	P1P2	3876	P1P2
CUL7	9797	3786	3877	P1P2	3877	P1P2
CUL9	12252	3787	3878	P1	3878	P2
CUTA	327	3788	3879	P1P2	3879	P1P2
CUTC	1791	3789	3880	P1P2	3880	P1P2
CUX1	7899	3790	3881	P1P2	3881	P1P2
CUX2	11261	3791	3882	P1P2	3882	P1P2
CUZD1	3523	3792	3883	P1P2	3883	P1P2
CWC22	3061	3793	3885	P1P2	3885	P1P2
CWC25	16718	3794	3886	P1P2	3886	P1P2
CWC27	1381	3795	3887	P1P2	3887	P1P2
CWF19L2	8365	3796	3889	P1P2	3889	P1P2
CWH43	9294	3797	3890	P1P2	3890	P1P2
CX3CL1	447	3798	3891	P1P2	3891	P1P2
CX3CR1	11607	3799	3892	P1P2	3892	P1P2
CXADR	5712	3800	3893	P1P2	3893	P1P2
CXCL1	18559	3801	3894	P1P2	3894	P1P2
CXCL10	4071	3802	3895	P1P2	3895	P1P2
CXCL11	14241	3803	3896	P1P2	3896	P1P2
CXCL12	1153	3804	3897	P1P2	3897	P1P2
CXCL13	14436	3805	3898	ENST00000286758.4	3898	ENST00000286758.4
CXCL16	302	3806	3900	P1P2	3900	P1P2
CXCL17	14126	3807	3901	P1P2	3901	P1P2
CXCL5	8628	3808	3904	P1P2	3904	P1P2
CXCL9	17101	3809	3906	P1P2	3906	P1P2
CXCR1	3324	3810	3907	P1P2	3907	P1P2
CXCR2	4085	3811	3908	P1P2	3908	P1P2
CXCR3	9258	3812	3909	P1P2	3909	P1P2
CXCR4	17419	3813	3910	P1P2	3910	P1P2
CXCR5	15538	3814	3911	P1P2	3911	P1P2
CXCR6	15193	3815	3912	P1P2	3912	P1P2
CXXC1	5703	3833	3913	P1P2	3913	P1P2
CXXC4	5480	3835	3915	P1P2	3915	P1P2
CXXC5	14430	3836	3916	P1P2	3916	P1P2
CXorf21	15065	3816	3917	P1P2	3917	P1P2
CXorf22	8806	3817	3918	P1P2	3918	P1P2
CXorf38	865	3824	3923	P1P2	3923	P1P2
CXorf56	4973	3826	3929	P1P2	3929	P1P2
CXorf58	13302	3828	3931	P1P2	3931	P1P2
CXorf65	10346	3831	3934	P1P2	3934	P1P2
CXorf66	8044	3832	3935	P1P2	3935	P1P2
CYB561	329	3837	3936	P1P2	3936	P1P2
CYB561A3	8979	3838	3937	P1P2	3937	P1P2
CYB561D1	15387	3839	3938	P1P2	3938	P1P2
CYB561D2	13027	3840	3939	P1P2	3939	P1P2
CYB5A	8819	3841	3940	P1P2	3940	P1P2
CYB5B	15197	3842	3941	P1P2	3941	P1P2
CYB5D1	9229	3843	3942	P1P2	3942	P1P2
CYB5D2	5610	3844	3943	P1P2	3943	P1P2
CYB5R1	13586	3845	3944	P1P2	3944	P1P2
CYB5R2	15562	3846	3945	P1P2	3945	P1P2
CYB5R3	11895	3847	3946	P1P2	3946	P1P2
CYB5R4	787	3848	3947	P1P2	3947	P1P2
CYB5RL	9406	3849	3948	P1P2	3948	P1P2
CYBA	7550	3850	3949	P1P2	3949	P1P2
CYBB	8025	3851	3950	P1P2	3950	P1P2
CYBRD1	781	3852	3951	P1P2	3951	P1P2
CYC1	13470	3853	3952	P1P2	3952	P1P2
CYFIP1	12973	3854	3954	P1P2	3954	P1P2
CYFIP2	14323	3855	3955	P1P2	3955	P1P2
CYGB	1893	3856	3956	P1P2	3956	P1P2
CYHR1	15840	3857	3957	P2	3957	P1
CYLC1	16197	3858	3958	P1P2	3958	P1P2
CYLC2	10532	3859	3959	P1P2	3959	P1P2
CYLD	13327	3860	3960	P1P2	3960	P1P2
CYP11A1	7795	3862	3961	P1	3961	P1
CYP11B1	6198	3863	3962	P2	3962	P2
CYP11B2	15277	3864	3963	ENST00000323110.2	3963	ENST00000323110.2
CYP17A1	18284	3865	3964	P1P2	3964	P1P2
CYP19A1	8944	3866	3965	P1	3965	P2
CYP1A1	6936	3867	3966	P1P2	3966	P1P2
CYP1A2	16223	3868	3967	P1P2	3967	P1P2
CYP1B1	12741	3869	3968	P1P2	3968	P1P2
CYP20A1	18044	3870	3969	P1P2	3969	P1P2
CYP21A2	1029	3871	3970	P1P2	3970	P1P2
CYP24A1	6575	3872	3971	P1P2	3971	P1P2
CYP26A1	14809	3873	3972	P1P2	3972	P1P2
CYP26B1	13269	3874	3973	P2	3973	P1
CYP26C1	115	3875	3974	P1P2	3974	P1P2
CYP27A1	16912	3876	3975	P1P2	3975	P1P2
CYP27B1	8170	3877	3976	P1P2	3976	P1P2
CYP27C1	11647	3878	3977	P1P2	3977	P1P2
CYP2A13	5622	3879	3978	P1P2	3978	P1P2
CYP2B6	18011	3880	3981	P1P2	3981	P1P2
CYP2C18	1676	3881	3982	P1P2	3982	P1P2
CYP2C19	5682	3882	3983	P1P2	3983	P1P2
CYP2C8	3220	3883	3984	P1P2	3984	P1P2
CYP2C9	11670	3884	3985	P1P2	3985	P1P2
CYP2D6	7124	3885	3986	P1P2	3986	P1P2
CYP2E1	9557	3886	3987	P1P2	3987	P1P2
CYP2F1	6861	3887	3988	P1P2	3988	P1P2
CYP2J2	17531	3888	3989	P1P2	3989	P1P2
CYP2R1	11624	3889	3990	P1P2	3990	P1P2
CYP2S1	4300	3890	3991	P1P2	3991	P1P2
CYP2U1	13845	3891	3992	P1P2	3992	P1P2
CYP2W1	7638	3892	3993	P1P2	3993	P1P2
CYP39A1	685	3893	3994	P1P2	3994	P1P2
CYP3A43	848	3894	3996	P1P2	3996	P1P2
CYP3A5	11350	3895	3997	P1P2	3997	P1P2
CYP3A7	1171	3896	3998	P1P2	3998	P1P2
CYP46A1	1595	3897	3999	P1P2	3999	P1P2
CYP4A11	3784	3898	4000	P1P2	4000	P1P2
CYP4B1	7652	3899	4002	P1	4002	P1
CYP4F11	14443	3900	4003	P1P2	4003	P1P2
CYP4F12	10000	3901	4004	P1P2	4004	P1P2
CYP4F2	1859	3902	4005	P1P2	4005	P1P2
CYP4F22	15586	3903	4006	P1P2	4006	P1P2
CYP4F3	6421	3904	4007	P1P2	4007	P1P2
CYP4V2	14729	3905	4009	P1P2	4009	P1P2
CYP4X1	9868	3906	4010	P1P2	4010	P1P2
CYP4Z1	3672	3907	4011	P1P2	4011	P1P2
CYP51A1	17157	3908	4012	P1P2	4012	P1P2
CYP7A1	7052	3909	4013	P1P2	4013	P1P2
CYP7B1	9266	3910	4014	P1P2	4014	P1P2
CYP8B1	3005	3911	4015	P1P2	4015	P1P2
CYS1	7872	3913	4017	P1P2	4017	P1P2
CYSLTR1	13698	3914	4018	P1P2	4018	P1P2
CYSLTR2	13892	3915	4019	ENST00000282018.3	4019	ENST00000282018.3
CYSTM1	4070	3916	4020	P1P2	4020	P1P2
CYTH1	8645	3917	4021	P1P2	4021	P1P2
CYTH2	4216	3918	4022	P1P2	4022	P1P2
CYTH3	4814	3919	4023	P1P2	4023	P1P2
CYTH4	3571	3920	4024	P1P2	4024	P1P2
CYTIP	3169	3921	4025	P1P2	4025	P1P2
CYTL1	7528	3922	4026	P1P2	4026	P1P2
CYYR1	3168	3923	4027	P1P2	4027	P1P2
D2HGDH	15005	3924	4029	P1P2	4029	P1P2
DAAM1	2138	3925	4030	P1P2	4030	P1P2
DAAM2	15077	3926	4031	P1P2	4031	P1P2
DAB1	11196	3927	4032	ENST00000371234.4	4032	ENST00000371236.2
DAB2	7759	3928	4033	P1P2	4033	P1P2
DAB2IP	6700	3929	4034	P1P2	4034	P1P2
DACH1	18246	3930	4035	P1P2	4035	P1P2
DACH2	2375	3931	4036	ENST00000373125.4,ENST00000373131.1	4036	ENST00000373125.4,ENST00000373131.1
DACT1	18449	3932	4037	P1P2	4037	P1P2
DACT2	18359	3933	4038	P1P2	4038	P1P2
DACT3	6812	3934	4039	P1P2	4039	P1P2
DAD1	9926	3935	4040	P1P2	4040	P1P2
DAG1	4565	3936	4041	P1P2	4041	P1P2
DAGLA	1677	3937	4042	P1P2	4042	P1P2
DAGLB	17125	3938	4043	ENST00000297056.6	4043	ENST00000297056.6
DALRD3	7536	3940	4045	P1	4045	P2
DAND5	16185	3941	4046	P1P2	4046	P1P2
DAO	2458	3942	4047	P1P2	4047	P1P2
DAOA	14118	3943	4048	ENST00000329625.5,ENST00000375936.3	4048	ENST00000329625.5,ENST00000375936.3
DAP	17331	3944	4049	P1P2	4049	P1P2
DAP3	9129	3945	4050	P1P2	4050	P1P2
DAPK1	4618	3946	4051	P1P2	4051	P1P2
DAPK2	2394	3947	4052	P1P2	4052	P1P2
DAPK3	7118	3948	4053	P1P2	4053	P1P2
DAPP1	10304	3949	4055	P1P2	4055	P1P2
DARS2	5791	3952	4058	P1P2	4058	P1P2
DAW1	4906	3953	4059	P1P2	4059	P1P2
DAXX	6734	3954	4060	P2	4060	P1
DAZAP1	638	3955	4061	P1P2	4061	P1P2
DAZAP2	13717	3956	4062	P1P2	4062	P1P2
DAZL	982	3957	4063	P1P2	4063	P1P2
DBF4	12906	3958	4064	P1P2	4064	P1P2
DBF4B	10852	3959	4065	P1P2	4065	P1P2
DBH	5627	3960	4066	P1P2	4066	P1P2
DBI	6908	3961	4067	P1	4067	P2
DBN1	14970	3962	4068	P1P2	4068	P1P2
DBNDD1	8089	3963	4069	P1P2	4069	P1P2
DBNDD2	13555	3964	4070	P2	4070	P1
DBNL	9826	3965	4071	P1P2	4071	P1P2
DBP	12314	3966	4072	P1P2	4072	P1P2
DBR1	18859	3967	4073	P1P2	4073	P1P2
DBT	9643	3968	4074	P1P2	4074	P1P2
DBX1	11623	3969	4075	P1P2	4075	P1P2
DBX2	17457	3970	4076	P1P2	4076	P1P2
DCAF10	12346	3971	4077	P1P2	4077	P1P2
DCAF11	5298	3972	4078	P1P2	4078	P1P2
DCAF12	9960	3973	4079	P1P2	4079	P1P2
DCAF12L1	3964	3974	4080	P1P2	4080	P1P2
DCAF12L2	8427	3975	4081	P1P2	4081	P1P2
DCAF13	6077	3976	4082	P1P2	4082	P1P2
DCAF15	12433	3977	4083	P1P2	4083	P1P2
DCAF16	12976	3978	4084	P1P2	4084	P1P2
DCAF17	16976	3979	4085	P1P2	4085	P1P2
DCAF4	16432	3980	4086	P1P2	4086	P1P2
DCAF4L1	28	3981	4087	P1P2	4087	P1P2
DCAF4L2	13188	3982	4088	P1P2	4088	P1P2
DCAF5	18518	3983	4089	P1P2	4089	P1P2
DCAF6	6274	3984	4090	P1P2	4090	P1P2
DCAF8	11090	3985	4092	P2	4092	P2
DCAF8L1	8308	3986	4093	P1P2	4093	P1P2
DCAF8L2	15580	3987	4094	P1P2	4094	P1P2
DCAKD	14503	3988	4095	P1	4095	P1
DCBLD1	19028	3989	4096	P1P2	4096	P1P2
DCBLD2	13840	3990	4097	P1P2	4097	P1P2
DCC	9901	3991	4098	P1P2	4098	P1P2
DCD	8449	3992	4099	P1P2	4099	P1P2
DCDC1	18902	3993	4100	P1P2	4100	P1P2
DCDC2	12049	3994	4101	P1P2	4101	P1P2
DCDC2B	5914	3995	4102	P1P2	4102	P1P2
DCHS1	238	3996	4105	P1P2	4105	P1P2
DCHS2	5691	3997	4106	ENST00000357232.4	4106	ENST00000357232.4
DCK	15133	3998	4107	P1P2	4107	P1P2
DCLK1	6929	3999	4108	ENST00000255448.4	4108	ENST00000255448.4
DCLK2	16107	4000	4109	P1P2	4109	P1P2
DCLK3	1372	4001	4110	P1P2	4110	P1P2
DCLRE1A	8682	4002	4111	P1P2	4111	P1P2
DCLRE1B	1181	4003	4112	P1P2	4112	P1P2
DCLRE1C	11148	4004	4113	P1P2	4113	P1P2
DCN	12286	4005	4114	P1	4114	P2
DCP1B	14399	4006	4116	P1P2	4116	P1P2
DCP2	13540	4007	4117	P1P2	4117	P1P2
DCPS	10344	4008	4118	P1P2	4118	P1P2
DCST1	4877	4009	4119	P1P2	4119	P1P2
DCST2	9621	4010	4120	P1	4120	P2
DCSTAMP	4392	4011	4121	P1P2	4121	P1P2
DCT	10170	4012	4122	P1P2	4122	P1P2
DCTD	6654	4013	4123	P1P2	4123	P1P2
DCTN1	14854	4014	4124	P1P2	4124	P1P2
DCTN2	13556	4015	4125	P1P2	4125	P1P2
DCTN3	11468	4016	4126	P1P2	4126	P1P2
DCTN4	12410	4017	4127	P1P2	4127	P1P2
DCTN5	14753	4018	4128	P1P2	4128	P1P2
DCTN6	8069	4019	4129	P1P2	4129	P1P2
DCTPP1	11453	4020	4130	P1P2	4130	P1P2
DCUN1D1	9744	4021	4131	P1P2	4131	P1P2
DCUN1D2	2786	4022	4132	P1P2	4132	P1P2
DCUN1D3	11283	4023	4133	P1P2	4133	P1P2
DCUN1D4	11552	4024	4134	P1P2	4134	P1P2
DCUN1D5	16843	4025	4135	P1P2	4135	P1P2
DCX	17702	4026	4136	P1P2	4136	P1P2
DCXR	12365	4027	4137	P1P2	4137	P1P2
DDA1	2110	4028	4138	P1P2	4138	P1P2
DDAH1	5616	4029	4139	P1P2	4139	P1P2
DDAH2	9063	4030	4140	P1P2	4140	P1P2
DDB1	2561	4031	4141	P2	4141	P2
DDC	3467	4032	4143	P1P2	4143	P1P2
DDHD1	14090	4033	4144	P1P2	4144	P1P2
DDHD2	4032	4034	4145	P1P2	4145	P1P2
DDI1	9128	4035	4146	P1P2	4146	P1P2
DDI2	2379	4036	4147	P1P2	4147	P1P2
DDIT3	7236	4037	4148	P1P2	4148	P1P2
DDIT4	1420	4038	4149	P1P2	4149	P1P2
DDIT4L	8305	4039	4150	P1P2	4150	P1P2
DDN	1490	4040	4151	P1P2	4151	P1P2
DDO	242	4041	4152	P1P2	4152	P1P2
DDOST	2854	4042	4153	P1P2	4153	P1P2
DDR1	6377	4043	4154	P2	4154	P1
DDR2	18159	4044	4155	P1P2	4155	P1P2
DDRGK1	13480	4045	4156	P1P2	4156	P1P2
DDTL	17782	4046	4158	P1P2	4158	P1P2
DDX1	10666	4047	4159	P1P2	4159	P1P2
DDX10	9464	4048	4160	P1P2	4160	P1P2
DDX11	2792	4049	4161	P1P2	4161	P1P2
DDX18	794	4050	4163	P1P2	4163	P1P2
DDX19A	16388	4051	4164	P1P2	4164	P1P2
DDX19B	11798	4052	4165	P1	4165	P2
DDX20	11161	4053	4166	P1P2	4166	P1P2
DDX21	2269	4054	4167	P1P2	4167	P1P2
DDX23	11259	4055	4168	P1P2	4168	P1P2
DDX24	1552	4056	4169	P1P2	4169	P1P2
DDX25	12855	4057	4170	P1	4170	P1
DDX27	15283	4059	4172	P1P2	4172	P1P2
DDX28	5325	4060	4173	P1P2	4173	P1P2
DDX31	230	4061	4174	P1P2	4174	P1P2
DDX39A	3966	4062	4175	P1P2	4175	P1P2
DDX39B	3781	4063	4176	P1P2	4176	P1P2
DDX3X	19013	4064	4177	P1P2	4177	P1P2
DDX3Y	17975	4065	4178	P1P2	4178	P1P2
DDX4	18139	4066	4179	P1P2	4179	P1P2
DDX41	9296	4067	4180	P1P2	4180	P1P2
DDX42	9354	4068	4181	P1P2	4181	P1P2
DDX43	9328	4069	4182	P1P2	4182	P1P2
DDX46	13692	4070	4183	P2	4183	P1
DDX47	6136	4071	4184	P1P2	4184	P1P2
DDX49	8036	4072	4185	P1P2	4185	P1P2
DDX5	12563	4073	4186	P1P2	4186	P1P2
DDX50	15501	4074	4187	P1P2	4187	P1P2
DDX51	8595	4075	4188	P1P2	4188	P1P2
DDX52	6145	4076	4189	P1P2	4189	P1P2
DDX53	6724	4077	4190	P1P2	4190	P1P2
DDX54	5434	4078	4191	P1	4191	P2
DDX55	6873	4079	4192	P1P2	4192	P1P2
DDX56	13436	4080	4193	P1P2	4193	P1P2
DDX58	14389	4081	4194	P1P2	4194	P1P2
DDX59	16914	4082	4195	P1P2	4195	P1P2
DDX6	16877	4083	4196	P1P2	4196	P1P2
DDX60	8289	4084	4197	P1P2	4197	P1P2
DDX60L	1770	4085	4198	P1P2	4198	P1P2
DEAF1	16074	4086	4199	P1P2	4199	P1P2
DECR1	13559	4088	4201	P1P2	4201	P1P2
DECR2	15670	4089	4202	P1P2	4202	P1P2
DEDD	11138	4090	4203	P1P2	4203	P1P2
DEDD2	5827	4091	4204	P2	4204	P1
DEF6	10052	4092	4205	P1P2	4205	P1P2
DEF8	756	4093	4206	P1P2	4206	P1P2
DEFA4	16828	4094	4209	P1P2	4209	P1P2
DEFA5	14281	4095	4210	P1P2	4210	P1P2
DEFA6	2566	4096	4211	P1P2	4211	P1P2
DEFB1	12566	4097	4212	P1P2	4212	P1P2
DEFB112	8123	4098	4222	ENST00000322246.4	4222	ENST00000322246.4
DEFB113	2678	4099	4223	ENST00000398718.1	4223	ENST00000398718.1
DEFB115	2560	4100	4225	ENST00000400552.1	4225	ENST00000400552.1
DEFB116	17311	4101	4226	P1P2	4226	P1P2
DEFB118	604	4102	4227	P1P2	4227	P1P2
DEFB119	16660	4103	4228	P1P2	4228	P1P2
DEFB121	12589	4104	4229	P1P2	4229	P1P2
DEFB123	13933	4105	4230	P1P2	4230	P1P2
DEFB124	6854	4106	4231	P1P2	4231	P1P2
DEFB125	7412	4107	4232	P1P2	4232	P1P2
DEFB126	15520	4108	4233	P1P2	4233	P1P2
DEFB127	6156	4109	4234	P1P2	4234	P1P2
DEFB128	11600	4110	4235	P1P2	4235	P1P2
DEFB129	18915	4111	4236	P1P2	4236	P1P2
DEFB132	2179	4112	4239	P1P2	4239	P1P2
DEFB134	13941	4113	4241	P1P2	4241	P1P2
DEFB135	17935	4114	4242	P1P2	4242	P1P2
DEFB136	12717	4115	4243	ENST00000382209.2	4243	ENST00000382209.2
DEGS1	5943	4116	4246	P1P2	4246	P1P2
DEGS2	10869	4117	4247	P1P2	4247	P1P2
DEK	9272	4118	4248	P1P2	4248	P1P2
DENND1A	10451	4119	4249	P1P2	4249	P1P2
DENND1B	11125	4120	4250	P1P2	4250	P1P2
DENND1C	2767	4121	4251	P1P2	4251	P1P2
DENND2A	4048	4122	4252	P1P2	4252	P1P2
DENND2C	6282	4123	4253	P1P2	4253	P1P2
DENND2D	9586	4124	4254	P1	4254	P1
DENND3	13040	4125	4255	P1P2	4255	P1P2
DENND4A	7181	4126	4256	P1P2	4256	P1P2
DENND4B	2993	4127	4257	P1	4257	P1
DENND4C	13113	4128	4258	ENST00000602925.1	4258	ENST00000602925.1
DENND5A	9475	4129	4259	P1P2	4259	P1P2
DENND5B	235	4130	4260	P1P2	4260	P1P2
DENND6A	13562	4131	4261	P1P2	4261	P1P2
DENND6B	9366	4132	4262	P1P2	4262	P1P2
DENR	15114	4133	4263	P1P2	4263	P1P2
DEPDC1	15162	4134	4264	P1P2	4264	P1P2
DEPDC1B	18084	4135	4265	P1P2	4265	P1P2
DEPDC4	2299	4136	4266	P1P2	4266	P1P2
DEPDC5	12463	4137	4267	P1P2	4267	P1P2
DEPDC7	14324	4138	4268	P1P2	4268	P1P2
DEPTOR	10906	4139	4269	P1P2	4269	P1P2
DERA	3585	4140	4270	P1P2	4270	P1P2
DERL1	3202	4141	4271	P1P2	4271	P1P2
DERL2	8481	4142	4272	P1P2	4272	P1P2
DERL3	6757	4143	4273	P1P2	4273	P1P2
DES	17934	4144	4274	P2	4274	P2
DESI1	14648	4145	4275	P1P2	4275	P1P2
DESI2	13721	4146	4276	P1P2	4276	P1P2
DET1	5993	4147	4277	P1P2	4277	P1P2
DEXI	10567	4148	4278	P1P2	4278	P1P2
DFFA	14334	4149	4279	P1P2	4279	P1P2
DFFB	5533	4150	4280	P1P2	4280	P1P2
DGAT1	7749	4154	4284	P1P2	4284	P1P2
DGAT2	11809	4155	4285	P1P2	4285	P1P2
DGAT2L6	15611	4156	4286	P1P2	4286	P1P2
DGCR2	7556	4158	4288	P1P2	4288	P1P2
DGCR8	17221	4159	4291	P1P2	4291	P1P2
DGKA	7815	4160	4292	P1P2	4292	P1P2
DGKB	12431	4161	4293	P1P2	4293	P1P2
DGKD	4933	4162	4294	P1P2	4294	P1P2
DGKE	4546	4163	4295	P1P2	4295	P1P2
DGKG	11051	4164	4296	P1P2	4296	P1P2
DGKH	10723	4165	4297	P2	4297	P2
DGKI	7369	4166	4298	P1P2	4298	P1P2
DGKQ	14620	4167	4300	P2	4300	P2
DGKZ	4473	4168	4301	P1P2	4301	P1P2
DGUOK	9458	4169	4302	P1P2	4302	P1P2
DHCR24	16895	4170	4303	P1P2	4303	P1P2
DHCR7	6549	4171	4304	P1P2	4304	P1P2
DHDDS	18391	4172	4305	P1P2	4305	P1P2
DHDH	13277	4173	4306	P1P2	4306	P1P2
DHFR	414	4174	4307	P1P2	4307	P1P2
DHH	5822	4175	4309	P1P2	4309	P1P2
DHODH	3615	4176	4310	P2	4310	P2
DHPS	14214	4177	4311	P1P2	4311	P1P2
DHRS1	2200	4178	4312	P1P2	4312	P1P2
DHRS11	14598	4179	4313	P1P2	4313	P1P2
DHRS12	18517	4180	4314	P1P2	4314	P1P2
DHRS13	3102	4181	4315	P1P2	4315	P1P2
DHRS2	8958	4182	4316	P1P2	4316	P1P2
DHRS3	4164	4183	4317	P1P2	4317	P1P2
DHRS4	10132	4184	4318	P1P2	4318	P1P2
DHRS4L2	10520	4185	4320	ENST00000382755.4	4320	ENST00000382755.4
DHRS7	8515	4186	4321	P1P2	4321	P1P2
DHRS7B	2921	4187	4322	P1P2	4322	P1P2
DHRS7C	14330	4188	4323	P1P2	4323	P1P2
DHRS9	8524	4189	4324	P1P2	4324	P1P2
DHTKD1	3285	4190	4326	P1P2	4326	P1P2
DHX15	18466	4191	4327	P1P2	4327	P1P2
DHX16	3217	4192	4328	P1P2	4328	P1P2
DHX29	18390	4193	4329	P1P2	4329	P1P2
DHX30	6492	4194	4330	P1	4330	P1
DHX32	145	4195	4331	P1P2	4331	P1P2
DHX33	2461	4196	4332	P1P2	4332	P1P2
DHX34	17781	4197	4333	P1P2	4333	P1P2
DHX35	17971	4198	4334	P1P2	4334	P1P2
DHX36	18508	4199	4335	P1P2	4335	P1P2
DHX37	10212	4200	4336	P1P2	4336	P1P2
DHX38	18858	4201	4337	P1P2	4337	P1P2
DHX40	14872	4202	4338	P1P2	4338	P1P2
DHX57	14613	4203	4339	P1P2	4339	P1P2
DHX58	4385	4204	4340	P1P2	4340	P1P2
DHX8	12839	4205	4341	P1P2	4341	P1P2
DHX9	13626	4206	4342	P1P2	4342	P1P2
DIABLO	16032	4207	4343	P1P2	4343	P1P2
DIAPH1	16340	4208	4344	P1P2	4344	P1P2
DIAPH2	17886	4209	4345	P1P2	4345	P1P2
DIAPH3	14921	4210	4346	P1P2	4346	P1P2
DICER1	13309	4211	4347	P1P2	4347	P1P2
DIDO1	18853	4212	4348	P2	4348	P1
DIMT1	10874	4214	4350	P1P2	4350	P1P2
DIO1	8786	4215	4351	P1P2	4351	P1P2
DIO2	18485	4216	4352	P1P2	4352	P1P2
DIO3	14448	4217	4353	P1P2	4353	P1P2
DIP2A	13152	4218	4354	P1P2	4354	P1P2
DIP2B	16073	4219	4355	P1P2	4355	P1P2
DIP2C	12023	4220	4356	P1P2	4356	P1P2
DIRAS1	17271	4221	4357	P1P2	4357	P1P2
DIRAS2	16825	4222	4358	P1P2	4358	P1P2
DIRAS3	17045	4223	4359	P1P2	4359	P1P2
DIRC1	10139	4224	4360	P1P2	4360	P1P2
DIS3	15001	4227	4362	P1P2	4362	P1P2
DIS3L	5156	4228	4363	P1P2	4363	P1P2
DIS3L2	168	4229	4364	P1P2	4364	P1P2
DISC1	6316	4230	4365	P1P2	4365	P1P2
DISP1	6649	4231	4366	ENST00000284476.6	4366	ENST00000284476.6
DISP2	13084	4232	4367	P1P2	4367	P1P2
DIXDC1	12361	4233	4368	ENST00000440460.2	4368	ENST00000440460.2
DKC1	15398	4234	4369	P1P2	4369	P1P2
DKK1	12226	4235	4370	P1P2	4370	P1P2
DKK2	17945	4236	4371	P1P2	4371	P1P2
DKK3	9166	4237	4372	P1P2	4372	P1P2
DKK4	2928	4238	4373	P1P2	4373	P1P2
DKKL1	10845	4239	4374	P1P2	4374	P1P2
DLAT	10350	4240	4375	P1P2	4375	P1P2
DLC1	5975	4241	4376	P1P2	4376	P1P2
DLD	6665	4242	4377	P1P2	4377	P1P2
DLEC1	10217	4243	4378	P1P2	4378	P1P2
DLEU7	10683	4245	4379	P1P2	4379	P1P2
DLG1	16028	4246	4380	P1P2	4380	P1P2
DLG2	17216	4247	4381	P1P2	4381	P1P2
DLG3	18190	4248	4382	P2	4382	P2
DLG4	8251	4249	4383	P1	4383	P1
DLG5	12505	4250	4384	P1P2	4384	P1P2
DLGAP1	4706	4251	4385	ENST00000315677.3	4385	ENST00000315677.3
DLGAP2	17454	4252	4386	ENST00000421627.2	4386	ENST00000421627.2
DLGAP3	17920	4253	4387	P1P2	4387	P1P2
DLGAP4	11004	4254	4388	P1P2	4388	P1P2
DLGAP5	10117	4255	4389	P1P2	4389	P1P2
DLK1	13830	4256	4390	P1P2	4390	P1P2
DLK2	6029	4257	4391	P1P2	4391	P1P2
DLL1	11373	4258	4392	P1P2	4392	P1P2
DLL3	15291	4259	4393	P1P2	4393	P1P2
DLL4	7896	4260	4394	P1P2	4394	P1P2
DLST	6399	4261	4395	P1P2	4395	P1P2
DLX1	7096	4262	4396	P1P2	4396	P1P2
DLX2	4244	4263	4397	P1P2	4397	P1P2
DLX3	12596	4264	4398	P1P2	4398	P1P2
DLX4	18694	4265	4399	P1P2	4399	P1P2
DLX5	16714	4266	4400	P1P2	4400	P1P2
DLX6	12652	4267	4401	P1P2	4401	P1P2
DMAP1	5707	4268	4402	P1P2	4402	P1P2
DMBT1	5065	4269	4403	P1P2	4403	P1P2
DMBX1	18659	4270	4404	P1P2	4404	P1P2
DMC1	18822	4271	4405	P1P2	4405	P1P2
DMD	7168	4272	4406	ENST00000357033.4	4406	ENST00000357033.4
DMGDH	7399	4273	4407	ENST00000255189.3	4407	ENST00000255189.3
DMKN	18126	4274	4408	P1P2	4408	P1P2
DMP1	7365	4275	4409	P1P2	4409	P1P2
DMPK	3451	4276	4410	P1P2	4410	P1P2
DMRT1	7059	4277	4411	P1P2	4411	P1P2
DMRT2	15336	4278	4412	P1P2	4412	P1P2
DMRT3	13753	4279	4413	P1P2	4413	P1P2
DMRTA1	13097	4280	4414	P1P2	4414	P1P2
DMRTA2	10388	4281	4415	P1P2	4415	P1P2
DMRTB1	11575	4282	4416	P1P2	4416	P1P2
DMRTC2	17825	4283	4419	P1P2	4419	P1P2
DMTF1	16790	4284	4420	P1P2	4420	P1P2
DMTN	10574	4285	4421	P1	4421	P1
DMWD	6225	4286	4422	P1P2	4422	P1P2
DMXL1	18075	4287	4423	P1P2	4423	P1P2
DMXL2	1031	4288	4424	P1P2	4424	P1P2
DNA2	4154	4289	4425	P1P2	4425	P1P2
DNAAF1	339	4290	4426	P1P2	4426	P1P2
DNAAF2	18682	4291	4427	P1P2	4427	P1P2
DNAAF3	17665	4292	4428	P2	4428	P1
DNAH1	6105	4293	4429	P1P2	4429	P1P2
DNAH10	8800	4294	4430	P1P2	4430	P1P2
DNAH11	1150	4296	4431	P1P2	4431	P1P2
DNAH12	6436	4297	4432	P1P2	4432	P1P2
DNAH14	4022	4298	4433	P1P2	4433	P1P2
DNAH17	9528	4299	4434	ENST00000389840.5	4434	ENST00000389840.5
DNAH2	13181	4300	4435	P1P2	4435	P1P2
DNAH3	415	4301	4436	P1P2	4436	P1P2
DNAH5	1250	4302	4437	ENST00000265104.4	4437	ENST00000265104.4
DNAH6	5150	4303	4438	P1P2	4438	P1P2
DNAH7	15268	4304	4439	P1P2	4439	P1P2
DNAH8	12541	4305	4440	P1	4440	P1
DNAH9	3529	4306	4441	P1P2	4441	P1P2
DNAI1	13770	4307	4442	P1P2	4442	P1P2
DNAI2	12773	4308	4443	P1P2	4443	P1P2
DNAJA1	5882	4309	4444	P1	4444	P1
DNAJA2	11605	4310	4445	P1P2	4445	P1P2
DNAJA3	13267	4311	4446	P1P2	4446	P1P2
DNAJA4	8932	4312	4447	P1P2	4447	P1P2
DNAJB1	17801	4313	4448	P1P2	4448	P1P2
DNAJB11	9377	4314	4449	P1P2	4449	P1P2
DNAJB12	18776	4315	4450	P1P2	4450	P1P2
DNAJB13	3708	4316	4451	P1P2	4451	P1P2
DNAJB14	11396	4317	4452	P1P2	4452	P1P2
DNAJB2	12884	4318	4453	P1P2	4453	P1P2
DNAJB4	10427	4319	4454	P1P2	4454	P1P2
DNAJB5	13887	4320	4455	P2	4455	P1
DNAJB6	6941	4321	4456	P1P2	4456	P1P2
DNAJB7	14531	4322	4457	P1P2	4457	P1P2
DNAJB8	6051	4323	4458	P1P2	4458	P1P2
DNAJB9	4183	4324	4459	P1P2	4459	P1P2
DNAJC1	13365	4325	4460	P1P2	4460	P1P2
DNAJC10	9264	4326	4461	P1P2	4461	P1P2
DNAJC11	6385	4327	4462	P1P2	4462	P1P2
DNAJC12	9562	4328	4463	P1P2	4463	P1P2
DNAJC13	14564	4329	4464	P1P2	4464	P1P2
DNAJC14	8527	4330	4465	P1P2	4465	P1P2
DNAJC15	5372	4331	4466	P1P2	4466	P1P2
DNAJC16	519	4332	4467	P1P2	4467	P1P2
DNAJC17	6115	4333	4468	P1P2	4468	P1P2
DNAJC18	17478	4334	4469	P1P2	4469	P1P2
DNAJC2	16178	4336	4470	P1P2	4470	P1P2
DNAJC21	13298	4337	4471	P1P2	4471	P1P2
DNAJC22	16425	4338	4472	P1P2	4472	P1P2
DNAJC24	11471	4339	4473	P1P2	4473	P1P2
DNAJC25	14530	4340	4474	P1P2	4474	P1P2
DNAJC27	492	4341	4475	P1P2	4475	P1P2
DNAJC28	18064	4342	4476	P1P2	4476	P1P2
DNAJC3	7202	4343	4477	P1P2	4477	P1P2
DNAJC30	7668	4344	4478	P1P2	4478	P1P2
DNAJC4	14396	4345	4479	P1P2	4479	P1P2
DNAJC5	1529	4346	4480	P1P2	4480	P1P2
DNAJC5B	8315	4347	4481	P1	4481	P2
DNAJC5G	4782	4348	4482	P1P2	4482	P1P2
DNAJC6	13672	4349	4483	P1P2	4483	P1P2
DNAJC7	14731	4350	4484	P1P2	4484	P1P2
DNAJC8	5908	4351	4485	P1P2	4485	P1P2
DNAJC9	12512	4352	4486	P1P2	4486	P1P2
DNAL1	7871	4353	4487	P1P2	4487	P1P2
DNAL4	2841	4354	4488	P2	4488	P1
DNALI1	1564	4355	4489	P1P2	4489	P1P2
DNASE1	2770	4356	4490	P1P2	4490	P1P2
DNASE1L1	3311	4357	4491	P2	4491	P2
DNASE1L2	148	4358	4492	P1P2	4492	P1P2
DNASE1L3	16499	4359	4493	P1P2	4493	P1P2
DNASE2	14469	4360	4494	P1P2	4494	P1P2
DNASE2B	10257	4361	4495	P1P2	4495	P1P2
DND1	403	4362	4496	P1P2	4496	P1P2
DNER	11724	4363	4497	P1P2	4497	P1P2
DNHD1	18669	4364	4498	P1P2	4498	P1P2
DNLZ	11047	4365	4499	P1P2	4499	P1P2
DNM1	16446	4366	4500	P1P2	4500	P1P2
DNM1L	15533	4367	4501	P1P2	4501	P1P2
DNM2	166	4368	4502	P1P2	4502	P1P2
DNM3	5614	4369	4503	P1P2	4503	P1P2
DNMBP	6263	4370	4504	P1P2	4504	P1P2
DNMT1	10905	4371	4505	P1P2	4505	P1P2
DNMT3A	12533	4372	4506	ENST00000402667.1	4506	ENST00000402667.1
DNMT3B	7468	4373	4507	P2	4507	P2
DNMT3L	15564	4374	4508	P1P2	4508	P1P2
DNPEP	6258	4375	4509	P1P2	4509	P1P2
DNPH1	11735	4376	4510	P1P2	4510	P1P2
DNTT	4913	4377	4511	P1P2	4511	P1P2
DNTTIP1	9216	4378	4512	P1P2	4512	P1P2
DNTTIP2	7585	4379	4513	P1P2	4513	P1P2
DOC2A	30	4380	4514	P2	4514	P2
DOC2B	16196	4381	4515	P1P2	4515	P1P2
DOCK1	10033	4382	4516	P1P2	4516	P1P2
DOCK10	7435	4383	4517	P1P2	4517	P1P2
DOCK11	362	4384	4518	P1P2	4518	P1P2
DOCK2	17080	4385	4519	P1P2	4519	P1P2
DOCK3	3370	4386	4520	P1P2	4520	P1P2
DOCK4	13304	4387	4521	P1P2	4521	P1P2
DOCK5	13144	4388	4522	P1P2	4522	P1P2
DOCK6	6975	4389	4523	P1P2	4523	P1P2
DOCK7	18510	4390	4524	P1P2	4524	P1P2
DOCK8	13521	4391	4525	P1P2	4525	P1P2
DOCK9	9857	4392	4526	P1P2	4526	P1P2
DOHH	12523	4393	4527	P1P2	4527	P1P2
DOK1	11346	4394	4528	P1P2	4528	P1P2
DOK2	7704	4395	4529	P1P2	4529	P1P2
DOK3	1041	4396	4530	P1P2	4530	P1P2
DOK4	5904	4397	4531	P1	4531	P2
DOK5	3605	4398	4532	P1P2	4532	P1P2
DOK6	17202	4399	4533	P1P2	4533	P1P2
DOK7	1626	4400	4534	P1P2	4534	P1P2
DOLK	8290	4401	4535	P1P2	4535	P1P2
DOLPP1	2863	4402	4536	P1P2	4536	P1P2
DONSON	7099	4403	4537	P1P2	4537	P1P2
DOT1L	10707	4406	4540	P1P2	4540	P1P2
DPAGT1	9661	4407	4541	P1P2	4541	P1P2
DPCD	16274	4408	4542	P1P2	4542	P1P2
DPEP1	6517	4409	4544	P1	4544	P1
DPEP2	16187	4410	4545	P2	4545	P1
DPEP3	2902	4411	4546	P1P2	4546	P1P2
DPF1	16243	4412	4547	P2	4547	P2
DPF2	2364	4413	4548	P1	4548	P1
DPF3	12404	4414	4549	P1P2	4549	P1P2
DPH1	147	4415	4550	P1	4550	P1
DPH2	5246	4416	4551	P1P2	4551	P1P2
DPH3	12513	4417	4552	P1P2	4552	P1P2
DPH5	5335	4418	4553	P1P2	4553	P1P2
DPH6	3728	4419	4554	P1P2	4554	P1P2
DPH7	3059	4420	4555	P1P2	4555	P1P2
DPM1	13409	4421	4556	P1P2	4556	P1P2
DPM2	13231	4422	4557	P1P2	4557	P1P2
DPM3	7135	4423	4558	P1P2	4558	P1P2
DPP10	4179	4424	4559	P1P2	4559	P1P2
DPP3	1583	4425	4560	P1P2	4560	P1P2
DPP4	3531	4426	4561	P1P2	4561	P1P2
DPP6	4204	4427	4562	ENST00000377770.3	4562	ENST00000377770.3
DPP7	10265	4428	4563	P1	4563	P2
DPP8	15539	4429	4564	P1P2	4564	P1P2
DPP9	9854	4430	4565	P2	4565	P2
DPPA2	9916	4431	4566	P1P2	4566	P1P2
DPPA3	1261	4432	4567	P1P2	4567	P1P2
DPPA4	5984	4433	4568	P1P2	4568	P1P2
DPPA5	10688	4434	4569	P1P2	4569	P1P2
DPRX	2529	4435	4570	ENST00000376650.1	4570	ENST00000376650.1
DPT	8631	4436	4571	P1P2	4571	P1P2
DPY19L1	11977	4437	4572	ENST00000310974.4	4572	ENST00000310974.4
DPY19L2	14662	4438	4573	P1P2	4573	P1P2
DPY19L3	14238	4439	4574	P1P2	4574	P1P2
DPY19L4	10860	4440	4575	P1P2	4575	P1P2
DPY30	11774	4441	4576	P1P2	4576	P1P2
DPYD	17436	4442	4577	P1P2	4577	P1P2
DPYS	16424	4443	4578	P1P2	4578	P1P2
DPYSL2	16529	4444	4579	P1P2	4579	P1P2
DPYSL3	16448	4445	4580	P1P2	4580	P1P2
DPYSL4	7741	4446	4581	P1P2	4581	P1P2
DPYSL5	9207	4447	4582	P1P2	4582	P1P2
DQX1	13126	4448	4583	P1P2	4583	P1P2
DR1	8986	4449	4584	P1P2	4584	P1P2
DRAM1	5048	4450	4585	P1P2	4585	P1P2
DRAM2	11929	4451	4586	P1P2	4586	P1P2
DRAP1	1177	4452	4587	P1P2	4587	P1P2
DRAXIN	15684	4453	4588	P1P2	4588	P1P2
DRC1	9417	4454	4589	P1P2	4589	P1P2
DRD1	12627	4455	4590	P1P2	4590	P1P2
DRD2	1878	4456	4591	P1P2	4591	P1P2
DRD3	1730	4457	4592	P1P2	4592	P1P2
DRD4	10588	4458	4593	P1P2	4593	P1P2
DRD5	16096	4459	4594	P1P2	4594	P1P2
DRG1	518	4460	4595	P1P2	4595	P1P2
DRG2	1222	4461	4596	P1P2	4596	P1P2
DRGX	11671	4462	4597	P1P2	4597	P1P2
DROSHA	11767	4463	4598	P1P2	4598	P1P2
DRP2	13723	4464	4599	P1P2	4599	P1P2
DSC1	11326	4465	4600	P1P2	4600	P1P2
DSC2	18429	4466	4601	P1P2	4601	P1P2
DSC3	13461	4467	4602	P1P2	4602	P1P2
DSCAM	1433	4468	4603	P1P2	4603	P1P2
DSCAML1	6573	4469	4604	P1	4604	P1
DSCC1	2272	4470	4605	P1P2	4605	P1P2
DSCR4	8544	4472	4607	P1P2	4607	P1P2
DSE	10031	4474	4608	P1	4608	P2
DSEL	18665	4475	4609	P1P2	4609	P1P2
DSG1	4372	4476	4610	P1P2	4610	P1P2
DSG2	11182	4477	4611	P1P2	4611	P1P2
DSG3	4105	4478	4612	P1P2	4612	P1P2
DSG4	2631	4479	4613	P1P2	4613	P1P2
DSN1	8046	4480	4614	P1P2	4614	P1P2
DSP	6758	4481	4615	P1P2	4615	P1P2
DSPP	16993	4482	4616	ENST00000399271.1	4616	ENST00000399271.1
DST	13828	4483	4617	ENST00000361203.3,ENST00000370769.4	4617	ENST00000361203.3,ENST00000370769.4
DSTN	4962	4484	4618	P1P2	4618	P1P2
DSTYK	9942	4485	4619	P1P2	4619	P1P2
DTD1	17804	4486	4620	P1P2	4620	P1P2
DTD2	8921	4487	4621	P1P2	4621	P1P2
DTHD1	14524	4488	4622	P1P2	4622	P1P2
DTL	8512	4489	4623	P1P2	4623	P1P2
DTNA	17074	4490	4624	P1P2	4624	P1P2
DTNB	12396	4491	4625	P1P2	4625	P1P2
DTNBP1	16326	4492	4626	P1P2	4626	P1P2
DTWD1	16639	4493	4627	P1P2	4627	P1P2
DTWD2	9206	4494	4628	P1P2	4628	P1P2
DTX1	7650	4495	4629	P1P2	4629	P1P2
DTX2	2621	4496	4630	P1P2	4630	P1P2
DTX3	8534	4497	4631	P1P2	4631	P1P2
DTX3L	18843	4498	4632	P1P2	4632	P1P2
DTX4	5837	4499	4633	P1P2	4633	P1P2
DTYMK	18623	4500	4634	P1P2	4634	P1P2
DUOX1	5879	4501	4635	P1P2	4635	P1P2
DUOX2	13448	4502	4636	P1P2	4636	P1P2
DUOXA1	5729	4503	4637	P1P2	4637	P1P2
DUOXA2	1364	4504	4638	P1P2	4638	P1P2
DUPD1	17147	4505	4639	P1P2	4639	P1P2
DUS1L	6818	4506	4640	P1P2	4640	P1P2
DUS2	9403	4507	4641	P1P2	4641	P1P2
DUS3L	7624	4508	4642	P1P2	4642	P1P2
DUS4L	2177	4509	4643	P1P2	4643	P1P2
DUSP1	16837	4510	4644	P1P2	4644	P1P2
DUSP10	15100	4511	4645	P1P2	4645	P1P2
DUSP11	308	4512	4646	P1P2	4646	P1P2
DUSP12	11878	4513	4647	P1P2	4647	P1P2
DUSP13	10129	4514	4648	P1P2	4648	P1P2
DUSP14	15952	4515	4649	P1	4649	P1
DUSP15	13665	4516	4650	P1P2	4650	P1P2
DUSP16	3214	4517	4651	P1P2	4651	P1P2
DUSP18	12283	4518	4652	P1P2	4652	P1P2
DUSP19	4286	4519	4653	P1P2	4653	P1P2
DUSP2	17055	4520	4654	P1P2	4654	P1P2
DUSP21	18098	4521	4655	P1P2	4655	P1P2
DUSP22	5177	4522	4656	P1P2	4656	P1P2
DUSP23	7610	4523	4657	P1P2	4657	P1P2
DUSP26	7656	4524	4658	P1P2	4658	P1P2
DUSP27	7599	4525	4659	P1P2	4659	P1P2
DUSP28	18489	4526	4660	P1P2	4660	P1P2
DUSP3	2591	4527	4661	P1P2	4661	P1P2
DUSP4	14034	4528	4662	P1P2	4662	P1P2
DUSP5	18138	4529	4663	P1P2	4663	P1P2
DUSP6	13525	4530	4664	P1P2	4664	P1P2
DUSP7	14674	4531	4665	P2	4665	P1
DUSP8	16316	4532	4666	P1P2	4666	P1P2
DUSP9	17024	4533	4667	P1	4667	P1
DUT	536	4534	4668	P1P2	4668	P1P2
DUXA	18914	4535	4669	ENST00000554048.2	4669	ENST00000554048.2
DVL1	1148	4536	4670	P1P2	4670	P1P2
DVL2	8456	4537	4671	P1P2	4671	P1P2
DVL3	196	4538	4672	P1P2	4672	P1P2
DXO	1180	4539	4673	P1P2	4673	P1P2
DYDC1	5735	4540	4674	P1P2	4674	P1P2
DYDC2	6946	4541	4675	P1P2	4675	P1P2
DYM	15134	4542	4676	P1P2	4676	P1P2
DYNAP	1860	4543	4677	P1P2	4677	P1P2
DYNC1H1	18750	4544	4678	P1P2	4678	P1P2
DYNC1I1	11960	4545	4679	P1P2	4679	P1P2
DYNC1I2	12735	4546	4680	P1P2	4680	P1P2
DYNC1LI1	15751	4547	4681	P1P2	4681	P1P2
DYNC1LI2	13039	4548	4682	P1P2	4682	P1P2
DYNC2H1	16950	4549	4683	P1P2	4683	P1P2
DYNC2LI1	18281	4550	4684	P1P2	4684	P1P2
DYNLL2	10043	4551	4686	P1P2	4686	P1P2
DYNLRB1	16302	4552	4687	P2	4687	P2
DYNLRB2	9728	4553	4688	P1P2	4688	P1P2
DYNLT1	7731	4554	4689	P1P2	4689	P1P2
DYNLT3	14799	4555	4690	P1P2	4690	P1P2
DYRK1A	2107	4556	4691	ENST00000398960.2	4691	ENST00000398960.2
DYRK1B	7408	4557	4692	P1P2	4692	P1P2
DYRK2	6602	4558	4693	P1P2	4693	P1P2
DYRK3	14033	4559	4694	P1P2	4694	P1P2
DYRK4	8677	4560	4695	P1P2	4695	P1P2
DYSF	4027	4561	4696	P2	4696	P1
DYTN	17811	4562	4697	ENST00000452335.2	4697	ENST00000452335.2
DZANK1	11648	4564	4699	P1P2	4699	P1P2
DZIP1	14020	4565	4700	P1P2	4700	P1P2
DZIP1L	184	4566	4701	P1P2	4701	P1P2
DZIP3	9792	4567	4702	P1P2	4702	P1P2
E2F1	12967	4568	4703	P1P2	4703	P1P2
E2F2	15764	4569	4704	P1P2	4704	P1P2
E2F3	9574	4570	4705	P2	4705	P2
E2F4	4717	4571	4706	P1P2	4706	P1P2
E2F5	9034	4572	4707	P1P2	4707	P1P2
E2F6	17800	4573	4708	P1P2	4708	P1P2
E2F7	9112	4574	4709	P1P2	4709	P1P2
E2F8	8864	4575	4710	P1P2	4710	P1P2
E4F1	14451	4576	4711	P1P2	4711	P1P2
EAF1	2988	4577	4712	P1P2	4712	P1P2
EAF2	15278	4578	4713	P1P2	4713	P1P2
EAPP	2245	4579	4714	P1P2	4714	P1P2
EARS2	5254	4580	4715	P1P2	4715	P1P2
EBAG9	11218	4581	4716	P1P2	4716	P1P2
EBF1	12440	4582	4717	P1P2	4717	P1P2
EBF2	14127	4583	4718	P1P2	4718	P1P2
EBF3	70	4584	4719	P1P2	4719	P1P2
EBF4	1152	4585	4720	P1P2	4720	P1P2
EBI3	14699	4586	4721	P1P2	4721	P1P2
EBLN1	9452	4587	4722	ENST00000422359.2	4722	ENST00000422359.2
EBLN2	4879	4588	4723	P1P2	4723	P1P2
EBNA1BP2	8431	4589	4724	P1P2	4724	P1P2
EBP	13603	4590	4725	P1	4725	P2
EBPL	17064	4591	4726	P1P2	4726	P1P2
ECD	17693	4592	4727	P1P2	4727	P1P2
ECE1	18105	4593	4728	P1P2	4728	P1P2
ECE2	10986	4594	4729	P1P2	4729	P1P2
ECEL1	3522	4595	4730	P1P2	4730	P1P2
ECH1	2481	4596	4731	P1P2	4731	P1P2
ECHDC1	5937	4597	4732	P1P2	4732	P1P2
ECHDC2	16474	4598	4733	P1P2	4733	P1P2
ECHDC3	2153	4599	4734	P1P2	4734	P1P2
ECHS1	6125	4600	4735	P1P2	4735	P1P2
ECI1	16423	4601	4736	P1P2	4736	P1P2
ECI2	1587	4602	4737	P1P2	4737	P1P2
ECM1	6982	4603	4738	P1P2	4738	P1P2
ECM2	17903	4604	4739	P1P2	4739	P1P2
ECSIT	1748	4605	4741	P1P2	4741	P1P2
ECT2	18276	4606	4742	P1P2	4742	P1P2
ECT2L	4274	4607	4743	P1P2	4743	P1P2
EDA	1311	4608	4744	P1P2	4744	P1P2
EDA2R	11770	4609	4745	P1P2	4745	P1P2
EDAR	4324	4610	4746	P1P2	4746	P1P2
EDARADD	18970	4611	4747	P1	4747	P2
EDC3	1682	4612	4748	P1P2	4748	P1P2
EDC4	9545	4613	4749	P1P2	4749	P1P2
EDDM3A	5398	4614	4750	P1P2	4750	P1P2
EDDM3B	18539	4615	4751	P1P2	4751	P1P2
EDEM1	822	4616	4752	P1P2	4752	P1P2
EDEM2	18162	4617	4753	ENST00000374492.3	4753	ENST00000374492.3
EDEM3	5553	4618	4754	P1P2	4754	P1P2
EDF1	6053	4619	4755	P1P2	4755	P1P2
EDIL3	4199	4620	4756	P1P2	4756	P1P2
EDN1	6784	4621	4757	P1P2	4757	P1P2
EDN2	7903	4622	4758	P1P2	4758	P1P2
EDN3	11506	4623	4759	P1P2	4759	P1P2
EDNRA	3106	4624	4760	P1P2	4760	P1P2
EDNRB	10057	4625	4761	P1P2	4761	P1P2
EEA1	15386	4626	4762	P1P2	4762	P1P2
EED	791	4627	4763	P1P2	4763	P1P2
EEF1A1	4438	4628	4764	P1P2	4764	P1P2
EEF1A2	8498	4629	4765	P1P2	4765	P1P2
EEF1D	16476	4630	4767	P1P2	4767	P1P2
EEF1E1	11754	4631	4768	P1P2	4768	P1P2
EEF1G	6438	4632	4769	P1P2	4769	P1P2
EEF2K	2035	4634	4771	P1P2	4771	P1P2
EEFSEC	16713	4635	4772	P1P2	4772	P1P2
EEPD1	1109	4636	4773	P1P2	4773	P1P2
EFCAB1	2890	4637	4774	P1P2	4774	P1P2
EFCAB11	17085	4639	4775	P1P2	4775	P1P2
EFCAB12	18847	4640	4776	P1P2	4776	P1P2
EFCAB13	4776	4641	4777	P1P2	4777	P1P2
EFCAB14	3640	4642	4778	P1P2	4778	P1P2
EFCAB2	266	4643	4779	P1P2	4779	P1P2
EFCAB3	371	4644	4780	P1P2	4780	P1P2
EFCAB5	6698	4647	4783	P1P2	4783	P1P2
EFCAB6	15734	4648	4784	P1P2	4784	P1P2
EFCAB7	13621	4649	4785	P1P2	4785	P1P2
EFCAB9	18629	4650	4787	P1P2	4787	P1P2
EFCC1	707	4651	4788	P1P2	4788	P1P2
EFEMP1	1709	4652	4789	P1P2	4789	P1P2
EFEMP2	1588	4653	4790	P1P2	4790	P1P2
EFHB	14462	4654	4791	P1P2	4791	P1P2
EFHC1	6349	4655	4792	P1P2	4792	P1P2
EFHC2	6490	4656	4793	P1P2	4793	P1P2
EFHD1	8835	4657	4794	P1P2	4794	P1P2
EFHD2	1807	4658	4795	P1P2	4795	P1P2
EFNA1	9772	4659	4796	P1P2	4796	P1P2
EFNA2	18519	4660	4797	P1P2	4797	P1P2
EFNA3	13009	4661	4798	P2	4798	P2
EFNA4	12948	4662	4799	P1P2	4799	P1P2
EFNA5	5492	4663	4800	ENST00000333274.6	4800	ENST00000333274.6
EFNB1	10461	4664	4801	P1P2	4801	P1P2
EFNB2	836	4665	4802	P1P2	4802	P1P2
EFNB3	6920	4666	4803	P1P2	4803	P1P2
EFR3A	14766	4667	4804	P1P2	4804	P1P2
EFR3B	11886	4668	4805	P1P2	4805	P1P2
EFS	11928	4669	4806	P1P2	4806	P1P2
EGF	10489	4672	4808	P1P2	4808	P1P2
EGFL6	7054	4673	4809	P1P2	4809	P1P2
EGFL7	7730	4674	4810	P2	4810	P1
EGFL8	8900	4675	4811	P1P2	4811	P1P2
EGFLAM	2975	4676	4812	ENST00000322350.5	4812	ENST00000322350.5
EGFR	10141	4677	4813	P1P2	4813	P1P2
EGLN1	1415	4678	4814	P1P2	4814	P1P2
EGLN2	9941	4679	4815	P2	4815	P1
EGLN3	17355	4680	4816	P1P2	4816	P1P2
EGR1	11272	4681	4817	P2	4817	P1
EGR2	12700	4682	4818	P1P2	4818	P1P2
EGR3	17516	4683	4819	P1P2	4819	P1P2
EGR4	14313	4684	4820	P1P2	4820	P1P2
EHBP1	9173	4685	4821	P1P2	4821	P1P2
EHBP1L1	753	4686	4822	P1P2	4822	P1P2
EHD1	1578	4687	4823	P1P2	4823	P1P2
EHD2	17766	4688	4824	P1P2	4824	P1P2
EHD3	1946	4689	4825	P1P2	4825	P1P2
EHD4	8410	4690	4826	P1P2	4826	P1P2
EHF	10655	4691	4827	P1P2	4827	P1P2
EHHADH	10068	4692	4828	P1P2	4828	P1P2
EHMT1	3992	4693	4829	P1P2	4829	P1P2
EHMT2	13122	4694	4830	P1P2	4830	P1P2
EID1	11404	4695	4832	P1P2	4832	P1P2
EID2	18704	4696	4833	P1P2	4833	P1P2
EID2B	8911	4697	4834	P1P2	4834	P1P2
EID3	14933	4698	4835	P1P2	4835	P1P2
EIF1	6693	4699	4836	P1P2	4836	P1P2
EIF1AD	3596	4700	4837	P1P2	4837	P1P2
EIF1AX	2492	4701	4838	P1P2	4838	P1P2
EIF1AY	11582	4702	4839	P1P2	4839	P1P2
EIF1B	9482	4703	4840	P1P2	4840	P1P2
EIF2A	12208	4704	4841	P1P2	4841	P1P2
EIF2AK1	11683	4705	4842	P1P2	4842	P1P2
EIF2AK2	14145	4706	4843	P1P2	4843	P1P2
EIF2AK3	8963	4707	4844	P1P2	4844	P1P2
EIF2AK4	5928	4708	4845	P1P2	4845	P1P2
EIF2B1	11243	4709	4846	P1P2	4846	P1P2
EIF2B2	14441	4710	4847	P1P2	4847	P1P2
EIF2B4	19008	4712	4848	P1P2	4848	P1P2
EIF2B5	3279	4713	4849	P1P2	4849	P1P2
EIF2D	9951	4714	4850	P1P2	4850	P1P2
EIF2S1	12231	4715	4851	P1P2	4851	P1P2
EIF2S2	5819	4716	4852	P1P2	4852	P1P2
EIF2S3	3884	4717	4853	P1P2	4853	P1P2
EIF3A	10702	4719	4854	P1P2	4854	P1P2
EIF3B	11968	4720	4855	P1P2	4855	P1P2
EIF3D	12290	4721	4858	P1P2	4858	P1P2
EIF3E	14852	4722	4859	P1P2	4859	P1P2
EIF3F	10800	4723	4860	P1P2	4860	P1P2
EIF3H	7066	4725	4861	P1P2	4861	P1P2
EIF3I	13196	4726	4862	P1P2	4862	P1P2
EIF3J	780	4727	4863	P1P2	4863	P1P2
EIF3K	13582	4728	4864	P1P2	4864	P1P2
EIF3L	11696	4729	4865	P1P2	4865	P1P2
EIF3M	6423	4730	4866	P1P2	4866	P1P2
EIF4A2	15888	4732	4867	P1	4867	P2
EIF4A3	18747	4733	4868	P1P2	4868	P1P2
EIF4B	14778	4734	4869	P1P2	4869	P1P2
EIF4E	16870	4735	4870	P1P2	4870	P1P2
EIF4E1B	8634	4736	4871	P1P2	4871	P1P2
EIF4E2	8817	4737	4872	P1P2	4872	P1P2
EIF4E3	186	4738	4873	P1P2	4873	P1P2
EIF4EBP1	3443	4739	4874	P1P2	4874	P1P2
EIF4EBP2	64	4740	4875	P1P2	4875	P1P2
EIF4EBP3	1185	4741	4876	P1P2	4876	P1P2
EIF4ENIF1	3155	4742	4877	P1P2	4877	P1P2
EIF4G1	8535	4743	4878	P1P2	4878	P1P2
EIF4G3	1515	4744	4880	P2	4880	P1
EIF4H	3860	4745	4881	P1P2	4881	P1P2
EIF5	5464	4746	4882	P2	4882	P1
EIF5A	542	4747	4883	P1P2	4883	P1P2
EIF5A2	15714	4748	4884	P1P2	4884	P1P2
EIF5AL1	7144	4749	4885	P1P2	4885	P1P2
EIF6	627	4751	4887	P1P2	4887	P1P2
ELAC1	3014	4752	4888	P1P2	4888	P1P2
ELAC2	14883	4753	4889	P1P2	4889	P1P2
ELANE	10805	4754	4890	P1P2	4890	P1P2
ELAVL1	1713	4755	4891	P1P2	4891	P1P2
ELAVL2	2983	4756	4892	P2	4892	P2
ELAVL3	1354	4757	4893	P2	4893	P2
ELAVL4	16367	4758	4894	P1P2	4894	P1P2
ELF1	8097	4759	4895	P1P2	4895	P1P2
ELF2	4443	4760	4896	P1P2	4896	P1P2
ELF3	7436	4761	4897	P1P2	4897	P1P2
ELF4	6416	4762	4898	P1P2	4898	P1P2
ELF5	1717	4763	4899	P1P2	4899	P1P2
ELFN1	15413	4764	4900	ENST00000561626.1	4900	ENST00000424383.2
ELFN2	17246	4765	4901	P1P2	4901	P1P2
ELK1	7119	4766	4902	P1P2	4902	P1P2
ELK3	3874	4767	4903	P1P2	4903	P1P2
ELK4	17190	4768	4904	P1P2	4904	P1P2
ELL	3356	4769	4905	P1P2	4905	P1P2
ELL2	9791	4770	4906	P1P2	4906	P1P2
ELL3	535	4771	4907	P1P2	4907	P1P2
ELMO1	6049	4772	4908	P1P2	4908	P1P2
ELMO2	18657	4773	4909	P1P2	4909	P1P2
ELMO3	14301	4774	4910	P1P2	4910	P1P2
ELMOD1	18586	4775	4911	P1P2	4911	P1P2
ELMOD2	3536	4776	4912	P1P2	4912	P1P2
ELMOD3	18268	4777	4913	P1P2	4913	P1P2
ELN	18535	4779	4915	P1P2	4915	P1P2
ELOF1	2780	4780	4916	P1P2	4916	P1P2
ELOVL1	9176	4781	4917	P1P2	4917	P1P2
ELOVL2	9543	4782	4918	P1P2	4918	P1P2
ELOVL3	2103	4783	4919	P1P2	4919	P1P2
ELOVL4	9210	4784	4920	P1P2	4920	P1P2
ELOVL5	4684	4785	4921	P1P2	4921	P1P2
ELOVL6	12534	4786	4922	P1P2	4922	P1P2
ELOVL7	549	4787	4923	P1P2	4923	P1P2
ELP2	2831	4788	4924	P1P2	4924	P1P2
ELP3	14190	4789	4925	P1P2	4925	P1P2
ELP4	18194	4790	4926	P1P2	4926	P1P2
ELP5	4532	4791	4927	P1P2	4927	P1P2
ELP6	7837	4792	4928	P1P2	4928	P1P2
ELSPBP1	2979	4793	4929	P1P2	4929	P1P2
EMB	2215	4795	4931	P1P2	4931	P1P2
EMC1	2378	4796	4932	P1P2	4932	P1P2
EMC10	9934	4797	4933	P1P2	4933	P1P2
EMC2	4643	4798	4934	P1P2	4934	P1P2
EMC3	2691	4799	4935	P1	4935	P1
EMC4	17829	4800	4936	P1P2	4936	P1P2
EMC6	298	4801	4937	P1P2	4937	P1P2
EMC7	11926	4802	4938	P1P2	4938	P1P2
EMC8	10360	4803	4939	P1P2	4939	P1P2
EMC9	6148	4804	4940	P1P2	4940	P1P2
EMCN	5009	4805	4941	P1P2	4941	P1P2
EMD	11239	4806	4942	P1P2	4942	P1P2
EME1	5537	4807	4943	P1P2	4943	P1P2
EME2	15375	4808	4944	P1P2	4944	P1P2
EMID1	11330	4809	4946	P1P2	4946	P1P2
EMILIN1	4570	4810	4947	P1P2	4947	P1P2
EMILIN2	17028	4811	4948	P1P2	4948	P1P2
EMILIN3	5832	4812	4949	P1P2	4949	P1P2
EML1	305	4813	4950	P1P2	4950	P1P2
EML2	10385	4814	4951	P2	4951	P2
EML3	8813	4815	4952	P1P2	4952	P1P2
EML4	11553	4816	4953	P1P2	4953	P1P2
EML5	12491	4817	4954	P1P2	4954	P1P2
EML6	6529	4818	4955	P1P2	4955	P1P2
EMP1	9413	4819	4956	P1P2	4956	P1P2
EMP2	12743	4820	4957	P1P2	4957	P1P2
EMP3	12905	4821	4958	P1P2	4958	P1P2
EMX1	17254	4825	4962	P2	4962	P2
EMX2	12517	4826	4963	P1P2	4963	P1P2
EN1	7317	4827	4964	P1P2	4964	P1P2
EN2	11490	4828	4965	P1P2	4965	P1P2
ENAH	12729	4829	4966	P1P2	4966	P1P2
ENAM	18163	4830	4967	P1P2	4967	P1P2
ENC1	13839	4831	4968	P1P2	4968	P1P2
ENDOD1	522	4832	4969	P1P2	4969	P1P2
ENDOG	16621	4833	4970	P1P2	4970	P1P2
ENDOU	8484	4834	4971	P1P2	4971	P1P2
ENDOV	6879	4835	4972	P1P2	4972	P1P2
ENG	4830	4836	4973	P1P2	4973	P1P2
ENGASE	14414	4837	4974	P1P2	4974	P1P2
ENHO	3127	4838	4975	P1P2	4975	P1P2
ENKD1	12212	4839	4976	P1P2	4976	P1P2
ENKUR	15639	4840	4977	P1P2	4977	P1P2
ENO1	8021	4841	4978	P1P2	4978	P1P2
ENO2	11889	4842	4979	P1P2	4979	P1P2
ENO3	11845	4843	4980	P1	4980	P1
ENO4	7294	4844	4981	P1P2	4981	P1P2
ENOPH1	9357	4845	4982	P1P2	4982	P1P2
ENOSF1	13549	4846	4983	P1P2	4983	P1P2
ENOX1	6068	4847	4984	P1P2	4984	P1P2
ENOX2	2202	4848	4985	P1P2	4985	P1P2
ENPEP	10770	4849	4986	P1P2	4986	P1P2
ENPP1	2360	4850	4987	P1P2	4987	P1P2
ENPP2	18157	4851	4988	P1P2	4988	P1P2
ENPP3	14643	4852	4989	P2	4989	P2
ENPP4	15333	4853	4990	P1P2	4990	P1P2
ENPP5	17381	4854	4991	P1P2	4991	P1P2
ENPP6	3430	4855	4992	P1P2	4992	P1P2
ENPP7	13352	4856	4993	P1P2	4993	P1P2
ENSA	18784	4857	4994	P1P2	4994	P1P2
ENTHD1	6299	4858	4995	P1P2	4995	P1P2
ENTPD1	12362	4860	4997	P1P2	4997	P1P2
ENTPD2	14074	4861	4998	P1P2	4998	P1P2
ENTPD3	10137	4862	4999	P1P2	4999	P1P2
ENTPD4	12258	4863	5000	P1P2	5000	P1P2
ENTPD5	4157	4864	5001	P1P2	5001	P1P2
ENTPD6	768	4865	5002	P1P2	5002	P1P2
ENTPD7	12917	4866	5003	P1P2	5003	P1P2
ENTPD8	18846	4867	5004	P1P2	5004	P1P2
ENY2	5763	4868	5005	P1P2	5005	P1P2
EOGT	8956	4869	5006	P1P2	5006	P1P2
EOMES	5327	4870	5007	P1P2	5007	P1P2
EP300	3778	4871	5008	P1P2	5008	P1P2
EPAS1	10684	4873	5010	P1P2	5010	P1P2
EPB41	10849	4874	5011	P2	5011	P1
EPB41L1	3838	4875	5012	P1P2	5012	P1P2
EPB41L2	13636	4876	5013	P1P2	5013	P1P2
EPB41L3	8747	4877	5014	P1P2	5014	P1P2
EPB41L4A	8453	4878	5015	P1P2	5015	P1P2
EPB41L4B	13702	4879	5016	P1P2	5016	P1P2
EPB41L5	5432	4880	5017	P1P2	5017	P1P2
EPB42	4366	4881	5018	P1P2	5018	P1P2
EPC1	12010	4882	5019	P1P2	5019	P1P2
EPC2	2913	4883	5020	P1P2	5020	P1P2
EPCAM	8686	4884	5021	P1P2	5021	P1P2
EPDR1	12755	4885	5022	P1P2	5022	P1P2
EPG5	10268	4886	5023	P1P2	5023	P1P2
EPGN	9821	4887	5024	P1P2	5024	P1P2
EPHA1	11882	4888	5025	P1P2	5025	P1P2
EPHA10	12008	4889	5026	P2	5026	P1
EPHA2	13481	4890	5027	P1P2	5027	P1P2
EPHA3	3886	4891	5028	P1P2	5028	P1P2
EPHA4	2915	4892	5029	P1P2	5029	P1P2
EPHA5	1279	4893	5030	P1P2	5030	P1P2
EPHA6	7725	4894	5031	P1P2	5031	P1P2
EPHA7	15216	4895	5032	P1P2	5032	P1P2
EPHA8	18975	4896	5033	P1P2	5033	P1P2
EPHB1	18537	4897	5034	P1P2	5034	P1P2
EPHB2	2111	4898	5035	P1P2	5035	P1P2
EPHB3	16449	4899	5036	P1P2	5036	P1P2
EPHB4	8115	4900	5037	P1P2	5037	P1P2
EPHB6	12898	4901	5038	P1P2	5038	P1P2
EPHX1	3073	4902	5039	P1P2	5039	P1P2
EPHX2	18584	4903	5040	P1P2	5040	P1P2
EPHX3	10264	4904	5041	P1P2	5041	P1P2
EPHX4	10509	4905	5042	P1P2	5042	P1P2
EPM2A	11482	4906	5043	P1P2	5043	P1P2
EPM2AIP1	12608	4907	5044	P1P2	5044	P1P2
EPN1	3560	4908	5045	P1P2	5045	P1P2
EPN2	14274	4909	5046	P2	5046	P2
EPN3	2686	4910	5047	P1	5047	P2
EPO	5641	4911	5048	P1P2	5048	P1P2
EPOR	3627	4912	5049	P1	5049	P1
EPPK1	8338	4913	5051	P1P2	5051	P1P2
EPS15	5273	4915	5053	P1P2	5053	P1P2
EPS15L1	967	4916	5054	P1P2	5054	P1P2
EPS8	6783	4917	5055	P1P2	5055	P1P2
EPS8L1	12229	4918	5056	P2	5056	P1
EPS8L2	2332	4919	5057	P1P2	5057	P1P2
EPS8L3	3416	4920	5058	P1P2	5058	P1P2
EPSTI1	12757	4921	5059	P1P2	5059	P1P2
EPX	8176	4923	5061	P1P2	5061	P1P2
EPYC	678	4924	5062	P1P2	5062	P1P2
EQTN	18221	4925	5063	P1P2	5063	P1P2
ERAL1	2599	4926	5064	P1P2	5064	P1P2
ERAP1	18749	4927	5065	P1P2	5065	P1P2
ERAP2	10669	4928	5066	P1P2	5066	P1P2
ERAS	5721	4929	5067	ENST00000338270.1	5067	ENST00000338270.1
ERBB2	10167	4930	5068	P1P2	5068	P1P2
ERBB3	16480	4932	5070	P1P2	5070	P1P2
ERBB4	6510	4933	5071	P1P2	5071	P1P2
ERC1	7905	4934	5072	P1P2	5072	P1P2
ERC2	1011	4935	5073	P1P2	5073	P1P2
ERCC1	3880	4936	5074	P1P2	5074	P1P2
ERCC2	16067	4937	5075	P1P2	5075	P1P2
ERCC3	13675	4938	5076	P1P2	5076	P1P2
ERCC4	10832	4939	5077	P1	5077	P2
ERCC5	11613	4940	5078	P1P2	5078	P1P2
ERCC6	13254	4941	5079	P1P2	5079	P1P2
ERCC6L	5127	4942	5080	P1P2	5080	P1P2
ERCC6L2	18855	4943	5081	P1P2	5081	P1P2
ERCC8	13558	4944	5082	P1P2	5082	P1P2
EREG	17423	4945	5083	P1P2	5083	P1P2
ERF	7789	4946	5084	P1P2	5084	P1P2
ERG	8423	4947	5085	P1	5085	P1
ERGIC1	13674	4948	5086	P1P2	5086	P1P2
ERGIC2	18471	4949	5087	P1P2	5087	P1P2
ERGIC3	18027	4950	5088	P1P2	5088	P1P2
ERH	485	4951	5089	P1P2	5089	P1P2
ERI1	4219	4952	5090	P1P2	5090	P1P2
ERI2	10157	4953	5091	P1P2	5091	P1P2
ERI3	15432	4954	5092	P1P2	5092	P1P2
ERICH1	7914	4955	5093	P1P2	5093	P1P2
ERICH2	12724	4956	5094	P1P2	5094	P1P2
ERLEC1	9374	4957	5095	P1P2	5095	P1P2
ERLIN1	9234	4958	5096	P1P2	5096	P1P2
ERLIN2	11216	4959	5097	P1P2	5097	P1P2
ERMAP	6417	4960	5098	P1	5098	P2
ERMARD	4691	4961	5099	P1P2	5099	P1P2
ERMN	1888	4962	5100	P1P2	5100	P1P2
ERMP1	8838	4963	5101	P1P2	5101	P1P2
ERN1	2823	4964	5102	P1P2	5102	P1P2
ERN2	18826	4965	5103	P1P2	5103	P1P2
ERP27	16638	4968	5106	P1P2	5106	P1P2
ERP29	7162	4969	5107	P1P2	5107	P1P2
ERP44	2415	4970	5108	P1P2	5108	P1P2
ERRFI1	15157	4971	5109	P1P2	5109	P1P2
ERV3-1	6746	4972	5110	P1P2	5110	P1P2
ERVFRD-1	15316	4973	5111	P1P2	5111	P1P2
ERVMER34-1	6551	4974	5112	P1P2	5112	P1P2
ERVV-1	6298	4975	5113	P1P2	5113	P1P2
ERVV-2	16596	4976	5114	P1P2	5114	P1P2
ESAM	15035	4977	5116	P2	5116	P2
ESCO1	3630	4978	5117	P1P2	5117	P1P2
ESCO2	14612	4979	5118	P1P2	5118	P1P2
ESD	9805	4980	5119	P1P2	5119	P1P2
ESF1	10798	4981	5120	P2	5120	P2
ESM1	10317	4982	5121	P1P2	5121	P1P2
ESPL1	13250	4983	5122	P1P2	5122	P1P2
ESPN	1039	4984	5123	P1	5123	P2
ESPNL	4978	4985	5124	P1	5124	P2
ESR1	6667	4986	5125	P1	5125	P2
ESR2	15118	4987	5126	P1P2	5126	P1P2
ESRP1	15523	4988	5127	P1P2	5127	P1P2
ESRP2	4030	4989	5128	P1P2	5128	P1P2
ESRRA	4330	4990	5129	P1P2	5129	P1P2
ESRRB	12849	4991	5130	ENST00000556177.1	5130	ENST00000556177.1
ESRRG	5577	4992	5131	ENST00000366940.2,ENST00000493603.1	5131	ENST00000359162.2,ENST00000361525.3
ESX1	3052	4993	5132	P1P2	5132	P1P2
ESYT1	10242	4994	5133	P1	5133	P2
ESYT2	4700	4995	5134	P1P2	5134	P1P2
ESYT3	7618	4996	5135	P1P2	5135	P1P2
ETAA1	17732	4997	5136	P1P2	5136	P1P2
ETF1	4229	4998	5137	P1P2	5137	P1P2
ETFA	18684	4999	5138	P1P2	5138	P1P2
ETFB	12515	5000	5139	P1	5139	P2
ETFDH	4627	5001	5140	P1P2	5140	P1P2
ETHE1	17816	5002	5141	P1P2	5141	P1P2
ETNK1	14107	5003	5142	P1P2	5142	P1P2
ETNK2	7276	5004	5143	P1P2	5143	P1P2
ETNPPL	17422	5005	5144	P1P2	5144	P1P2
ETS1	5967	5006	5145	P1P2	5145	P1P2
ETS2	9090	5007	5146	P1P2	5146	P1P2
ETV1	18911	5008	5147	P1P2	5147	P1P2
ETV2	6547	5009	5148	P1P2	5148	P1P2
ETV3	7961	5010	5149	P1P2	5149	P1P2
ETV3L	16348	5011	5150	P1P2	5150	P1P2
ETV4	3592	5012	5151	P1P2	5151	P1P2
ETV5	3114	5013	5152	P1P2	5152	P1P2
ETV6	13222	5014	5153	P1P2	5153	P1P2
ETV7	16862	5015	5154	P1P2	5154	P1P2
EVA1A	3099	5016	5155	P1P2	5155	P1P2
EVA1B	9734	5017	5156	P1P2	5156	P1P2
EVA1C	2048	5018	5157	P1P2	5157	P1P2
EVC	917	5019	5158	P1P2	5158	P1P2
EVC2	3270	5020	5159	P1P2	5159	P1P2
EVI2A	16641	5021	5160	P1P2	5160	P1P2
EVI2B	8949	5022	5161	P1P2	5161	P1P2
EVI5	14983	5023	5162	P1P2	5162	P1P2
EVI5L	4616	5024	5163	P1P2	5163	P1P2
EVL	11391	5025	5164	P1	5164	P2
EVPL	18819	5026	5165	P1P2	5165	P1P2
EVPLL	7104	5027	5166	P1P2	5166	P1P2
EVX1	10873	5028	5167	P1P2	5167	P1P2
EVX2	4123	5029	5168	P1P2	5168	P1P2
EWSR1	11922	5030	5169	P1P2	5169	P1P2
EXD1	7330	5031	5170	P1P2	5170	P1P2
EXD2	4557	5032	5171	P1P2	5171	P1P2
EXD3	5258	5033	5172	P1P2	5172	P1P2
EXO1	2051	5034	5173	P1P2	5173	P1P2
EXO5	7028	5035	5174	P1P2	5174	P1P2
EXOC1	551	5036	5175	P1P2	5175	P1P2
EXOC2	6460	5037	5176	P1P2	5176	P1P2
EXOC3	10226	5038	5177	P1P2	5177	P1P2
EXOC3L1	14929	5039	5178	P1P2	5178	P1P2
EXOC3L2	9025	5040	5179	P2	5179	P2
EXOC3L4	15085	5041	5180	P1P2	5180	P1P2
EXOC4	8854	5042	5181	P1P2	5181	P1P2
EXOC5	16760	5043	5182	P1P2	5182	P1P2
EXOC6	16613	5044	5183	P1P2	5183	P1P2
EXOC6B	4118	5045	5184	P1P2	5184	P1P2
EXOC7	11439	5046	5185	P1P2	5185	P1P2
EXOC8	10755	5047	5186	P1P2	5186	P1P2
EXOG	7824	5048	5187	P1P2	5187	P1P2
EXOSC1	3275	5049	5188	P1P2	5188	P1P2
EXOSC10	3241	5050	5189	P1P2	5189	P1P2
EXOSC2	6980	5051	5190	P1P2	5190	P1P2
EXOSC3	4477	5052	5191	P1P2	5191	P1P2
EXOSC4	16486	5053	5192	P1P2	5192	P1P2
EXOSC5	8564	5054	5193	P1P2	5193	P1P2
EXOSC6	9277	5055	5194	P1P2	5194	P1P2
EXOSC7	18245	5056	5195	P1P2	5195	P1P2
EXOSC8	4431	5057	5196	P1P2	5196	P1P2
EXOSC9	9767	5058	5197	P1P2	5197	P1P2
EXPH5	7297	5059	5198	P1P2	5198	P1P2
EXT1	1622	5060	5199	P1P2	5199	P1P2
EXT2	12492	5061	5200	P1P2	5200	P1P2
EXTL1	1543	5062	5201	P1P2	5201	P1P2
EXTL2	17866	5063	5202	P1P2	5202	P1P2
EXTL3	7373	5064	5203	P1P2	5203	P1P2
EYA1	2676	5065	5204	P2	5204	P1
EYA2	14006	5066	5205	P1P2	5205	P1P2
EYA3	12795	5067	5206	P1P2	5206	P1P2
EYA4	13859	5068	5207	P1P2	5207	P1P2
EYS	5762	5069	5208	P1P2	5208	P1P2
EZH1	1042	5070	5209	P1P2	5209	P1P2
EZH2	7043	5071	5210	P1P2	5210	P1P2
EZR	8918	5072	5211	P2	5211	P2
F10	5274	5073	5212	P1P2	5212	P1P2
F11	13804	5074	5213	P1P2	5213	P1P2
F11R	11416	5075	5214	P1	5214	P2
F12	16822	5076	5215	P2	5215	P2
F13A1	331	5077	5216	P1P2	5216	P1P2
F13B	13808	5078	5217	P1P2	5217	P1P2
F2	4500	5079	5218	P1P2	5218	P1P2
F2R	6477	5080	5219	P1P2	5219	P1P2
F2RL1	7402	5081	5220	P1P2	5220	P1P2
F2RL2	11249	5082	5221	P1P2	5221	P1P2
F2RL3	17031	5083	5222	P1P2	5222	P1P2
F3	13708	5084	5223	P1	5223	P2
F5	10348	5085	5224	P1P2	5224	P1P2
F7	10834	5086	5225	P1P2	5225	P1P2
F8	4333	5087	5226	P2	5226	P1
F9	18368	5088	5229	P1P2	5229	P1P2
FA2H	4729	5089	5230	P1P2	5230	P1P2
FAAH	13100	5090	5231	P1P2	5231	P1P2
FAAH2	7154	5091	5232	P1P2	5232	P1P2
FABP1	1975	5092	5233	P1P2	5233	P1P2
FABP12	9576	5093	5234	ENST00000360464.4	5234	ENST00000360464.4
FABP2	6539	5094	5235	P1P2	5235	P1P2
FABP3	9441	5095	5236	P1P2	5236	P1P2
FABP4	8815	5096	5237	P1P2	5237	P1P2
FABP6	13293	5097	5239	P1P2	5239	P1P2
FABP7	18474	5098	5240	P1P2	5240	P1P2
FABP9	2500	5099	5241	P1P2	5241	P1P2
FADD	6397	5100	5242	P1P2	5242	P1P2
FADS1	7659	5101	5243	P1P2	5243	P1P2
FADS2	2042	5102	5244	P2	5244	P2
FADS3	3916	5103	5245	P1P2	5245	P1P2
FADS6	18690	5104	5246	P1P2	5246	P1P2
FAF1	18363	5105	5247	P1P2	5247	P1P2
FAF2	6930	5106	5248	P1P2	5248	P1P2
FAH	10980	5107	5249	P1P2	5249	P1P2
FAHD1	5438	5108	5250	P1P2	5250	P1P2
FAHD2B	9011	5109	5252	P1P2	5252	P1P2
FAIM	8295	5110	5253	P1P2	5253	P1P2
FAIM2	3776	5111	5254	P1P2	5254	P1P2
FAM102A	15943	5114	5258	P1P2	5258	P1P2
FAM102B	13909	5115	5259	P1P2	5259	P1P2
FAM104A	8578	5117	5261	P1P2	5261	P1P2
FAM104B	9390	5118	5262	P1P2	5262	P1P2
FAM107A	13820	5122	5265	P1P2	5265	P1P2
FAM107B	1646	5123	5266	P1	5266	P2
FAM110A	1348	5126	5269	P1P2	5269	P1P2
FAM110B	17014	5127	5270	P1P2	5270	P1P2
FAM110C	2287	5128	5271	P1P2	5271	P1P2
FAM110D	1000	5129	5272	P1P2	5272	P1P2
FAM111A	18257	5130	5273	P1	5273	P2
FAM111B	15648	5131	5274	P1P2	5274	P1P2
FAM114A1	4912	5132	5275	P1P2	5275	P1P2
FAM114A2	13996	5133	5276	P1P2	5276	P1P2
FAM117A	16977	5136	5279	P2	5279	P1
FAM117B	11037	5137	5280	P1P2	5280	P1P2
FAM118A	8073	5138	5281	P1P2	5281	P1P2
FAM118B	3062	5139	5282	P1P2	5282	P1P2
FAM120A	12883	5140	5283	P1P2	5283	P1P2
FAM120AOS	252	5141	5284	P1P2	5284	P1P2
FAM120B	2926	5142	5285	P1P2	5285	P1P2
FAM120C	3829	5143	5286	P1P2	5286	P1P2
FAM122A	12846	5144	5287	P1P2	5287	P1P2
FAM122B	567	5145	5288	P1P2	5288	P1P2
FAM122C	7191	5146	5289	P1P2	5289	P1P2
FAM124A	18593	5147	5290	P1P2	5290	P1P2
FAM124B	6903	5148	5291	P1P2	5291	P1P2
FAM126A	7740	5149	5292	P1P2	5292	P1P2
FAM126B	16558	5150	5293	P1P2	5293	P1P2
FAM131A	7684	5155	5300	P1P2	5300	P1P2
FAM131B	17058	5156	5301	P1P2	5301	P1P2
FAM131C	11015	5157	5302	P1P2	5302	P1P2
FAM133A	830	5160	5305	P1P2	5305	P1P2
FAM135A	1728	5164	5310	P1P2	5310	P1P2
FAM135B	18274	5165	5311	P1P2	5311	P1P2
FAM136A	970	5166	5312	P1P2	5312	P1P2
FAM13A	9822	5167	5313	ENST00000264344.5	5313	ENST00000264344.5
FAM13B	716	5168	5314	P1P2	5314	P1P2
FAM13C	11219	5169	5315	P1P2	5315	P1P2
FAM149A	6129	5170	5316	P1P2	5316	P1P2
FAM149B1	15461	5171	5317	P1P2	5317	P1P2
FAM151A	4850	5174	5320	P1P2	5320	P1P2
FAM151B	2736	5175	5321	P1P2	5321	P1P2
FAM155A	14502	5177	5326	P1P2	5326	P1P2
FAM155B	14936	5178	5327	ENST00000252338.4	5327	ENST00000252338.4
FAM160A1	11876	5181	5334	P1P2	5334	P1P2
FAM160A2	4974	5182	5335	P1P2	5335	P1P2
FAM160B1	17446	5183	5336	P1P2	5336	P1P2
FAM160B2	3408	5184	5337	P1P2	5337	P1P2
FAM161A	17875	5185	5338	P1P2	5338	P1P2
FAM161B	9689	5186	5339	P1P2	5339	P1P2
FAM162A	11738	5187	5340	P1P2	5340	P1P2
FAM162B	9917	5188	5341	P1P2	5341	P1P2
FAM163A	584	5189	5342	P1P2	5342	P1P2
FAM163B	5158	5190	5343	P2	5343	P2
FAM166A	6280	5191	5344	P1P2	5344	P1P2
FAM166B	14342	5192	5345	P1P2	5345	P1P2
FAM167A	5859	5193	5346	P1	5346	P1
FAM167B	11212	5194	5347	P1P2	5347	P1P2
FAM168A	14219	5195	5348	P1P2	5348	P1P2
FAM168B	1973	5196	5349	P1P2	5349	P1P2
FAM169A	9536	5197	5350	P1P2	5350	P1P2
FAM169B	2406	5198	5351	P1P2	5351	P1P2
FAM170A	152	5199	5352	P1P2	5352	P1P2
FAM170B	5850	5200	5353	P1P2	5353	P1P2
FAM171A1	17266	5201	5354	P1P2	5354	P1P2
FAM171A2	4985	5202	5355	P1P2	5355	P1P2
FAM171B	18986	5203	5356	P1P2	5356	P1P2
FAM172A	4579	5204	5357	P1P2	5357	P1P2
FAM174A	10592	5207	5360	P1P2	5360	P1P2
FAM174B	5381	5208	5361	P1P2	5361	P1P2
FAM177A1	4139	5211	5364	P1P2	5364	P1P2
FAM177B	6230	5212	5365	P1	5365	P1
FAM178B	13320	5214	5367	P1P2	5367	P1P2
FAM180A	7751	5217	5370	P1P2	5370	P1P2
FAM180B	4378	5218	5371	P1P2	5371	P1P2
FAM181A	7688	5219	5372	P2	5372	P1
FAM181B	8984	5220	5373	P1P2	5373	P1P2
FAM183A	10554	5222	5374	P1P2	5374	P1P2
FAM184A	5490	5224	5375	P1P2	5375	P1P2
FAM184B	7632	5225	5376	P1P2	5376	P1P2
FAM185A	14566	5226	5377	P1P2	5377	P1P2
FAM186A	9221	5227	5378	P1P2	5378	P1P2
FAM186B	14111	5228	5379	P1P2	5379	P1P2
FAM187B	6134	5229	5381	P1P2	5381	P1P2
FAM189A1	4815	5232	5385	P1P2	5385	P1P2
FAM189A2	1631	5233	5386	P1P2	5386	P1P2
FAM189B	15622	5234	5387	P1P2	5387	P1P2
FAM193A	1480	5236	5389	ENST00000324666.5,ENST00000382839.3,ENST00000502458.1,ENST00000545951.1	5389	ENST00000324666.5,ENST00000382839.3,ENST00000502458.1,ENST00000545951.1
FAM193B	11205	5237	5390	P1P2	5390	P1P2
FAM199X	10496	5246	5400	P1P2	5400	P1P2
FAM200A	8668	5252	5406	P2	5406	P1
FAM200B	15171	5253	5407	P1P2	5407	P1P2
FAM204A	6310	5254	5409	P1P2	5409	P1P2
FAM205A	1956	5255	5410	P1P2	5410	P1P2
FAM207A	8279	5257	5412	P1P2	5412	P1P2
FAM209B	10204	5260	5416	P1P2	5416	P1P2
FAM20A	6473	5261	5417	P1P2	5417	P1P2
FAM20B	3986	5262	5418	P1P2	5418	P1P2
FAM20C	2658	5263	5419	P1P2	5419	P1P2
FAM210A	654	5264	5420	P1P2	5420	P1P2
FAM210B	18185	5265	5421	P1P2	5421	P1P2
FAM214A	9204	5272	5428	P1P2	5428	P1P2
FAM214B	13199	5273	5429	P1	5429	P1
FAM216A	18697	5275	5430	P1P2	5430	P1P2
FAM216B	2684	5276	5431	P1P2	5431	P1P2
FAM217A	13366	5277	5432	P1P2	5432	P1P2
FAM217B	8803	5278	5433	P1	5433	P2
FAM218A	9599	5279	5434	P1P2	5434	P1P2
FAM219A	13103	5280	5435	P1P2	5435	P1P2
FAM219B	9396	5281	5436	P1P2	5436	P1P2
FAM220A	11656	5282	5439	P1P2	5439	P1P2
FAM221A	12530	5283	5440	P1P2	5440	P1P2
FAM221B	2286	5284	5441	P1P2	5441	P1P2
FAM222A	7346	5285	5442	P1P2	5442	P1P2
FAM222B	16321	5286	5443	P2	5443	P2
FAM227A	15864	5287	5444	P1P2	5444	P1P2
FAM227B	15075	5288	5445	P1P2	5445	P1P2
FAM228A	7027	5289	5446	P1P2	5446	P1P2
FAM229A	6643	5291	5448	P1P2	5448	P1P2
FAM229B	18311	5292	5449	P1P2	5449	P1P2
FAM24A	3935	5294	5450	P1P2	5450	P1P2
FAM32A	14934	5299	5457	P1P2	5457	P1P2
FAM3A	14915	5301	5459	P1P2	5459	P1P2
FAM3B	11084	5302	5460	P1P2	5460	P1P2
FAM3C	2836	5303	5461	P1P2	5461	P1P2
FAM3D	5598	5304	5462	P2	5462	P1
FAM43A	5011	5305	5463	P1P2	5463	P1P2
FAM43B	1827	5306	5464	P1P2	5464	P1P2
FAM47A	7301	5312	5470	P1P2	5470	P1P2
FAM47B	5288	5313	5471	P1P2	5471	P1P2
FAM47C	4282	5314	5472	P1P2	5472	P1P2
FAM47E	9773	5315	5473	P1P2	5473	P1P2
FAM47E-STBD1	15332	5316	5474	ENST00000237642.6	5474	ENST00000237642.6
FAM50A	6774	5319	5477	P1P2	5477	P1P2
FAM50B	8113	5320	5478	P1P2	5478	P1P2
FAM53A	11324	5321	5479	P1P2	5479	P1P2
FAM53B	14229	5322	5480	P1P2	5480	P1P2
FAM53C	7444	5323	5481	P1P2	5481	P1P2
FAM71A	4957	5336	5495	P1P2	5495	P1P2
FAM71B	14577	5337	5496	P1P2	5496	P1P2
FAM71C	3142	5338	5497	P1P2	5497	P1P2
FAM71E1	17853	5339	5499	P1P2	5499	P1P2
FAM71E2	13649	5340	5500	P1	5500	P1
FAM71F1	18371	5341	5501	P2	5501	P2
FAM71F2	9730	5342	5502	P1P2	5502	P1P2
FAM76A	3741	5345	5508	P1P2	5508	P1P2
FAM76B	11143	5346	5509	P1P2	5509	P1P2
FAM78A	3650	5347	5510	P1P2	5510	P1P2
FAM78B	8317	5348	5511	P1P2	5511	P1P2
FAM81A	8925	5349	5512	P1P2	5512	P1P2
FAM81B	15638	5350	5513	P1P2	5513	P1P2
FAM83A	12335	5351	5514	P1P2	5514	P1P2
FAM83B	7669	5352	5515	P1P2	5515	P1P2
FAM83C	6717	5353	5516	P1P2	5516	P1P2
FAM83D	1137	5354	5517	P1P2	5517	P1P2
FAM83E	6271	5355	5518	ENST00000263266.3	5518	ENST00000263266.3
FAM83F	3161	5356	5519	P1P2	5519	P1P2
FAM83G	11538	5357	5520	P1P2	5520	P1P2
FAM83H	11685	5358	5521	P1P2	5521	P1P2
FAM89A	14159	5362	5527	P1P2	5527	P1P2
FAM89B	18140	5363	5528	P1P2	5528	P1P2
FAM8A1	3606	5364	5529	P1P2	5529	P1P2
FAM90A1	3403	5365	5530	ENST00000307435.6,ENST00000538603.1	5530	ENST00000307435.6,ENST00000538603.1
FAM91A1	9423	5367	5531	P1P2	5531	P1P2
FAM98A	12638	5371	5536	P1P2	5536	P1P2
FAM98C	2604	5373	5537	P1P2	5537	P1P2
FAM9A	57	5374	5538	P1P2	5538	P1P2
FAM9B	17444	5375	5539	ENST00000428477.1	5539	ENST00000327220.5
FAM9C	10539	5376	5540	P1P2	5540	P1P2
FAN1	1240	5377	5541	P1P2	5541	P1P2
FANCA	10150	5378	5542	P1P2	5542	P1P2
FANCB	11040	5379	5543	P1P2	5543	P1P2
FANCC	11810	5380	5544	P1P2	5544	P1P2
FANCD2	12243	5381	5545	P1P2	5545	P1P2
FANCD2OS	5674	5382	5546	P1P2	5546	P1P2
FANCE	1649	5383	5547	P1P2	5547	P1P2
FANCF	16005	5384	5548	P1P2	5548	P1P2
FANCG	17332	5385	5549	P1P2	5549	P1P2
FANCI	16729	5386	5550	P1P2	5550	P1P2
FANCL	13240	5387	5551	P1P2	5551	P1P2
FANCM	8131	5388	5552	P1P2	5552	P1P2
FAP	3058	5389	5554	P1P2	5554	P1P2
FAR1	12711	5390	5555	P1P2	5555	P1P2
FAR2	11132	5391	5556	P1P2	5556	P1P2
FARP1	13930	5392	5557	P1P2	5557	P1P2
FARP2	11035	5393	5558	P1P2	5558	P1P2
FARS2	6435	5394	5559	P1P2	5559	P1P2
FARSA	8230	5395	5560	P1P2	5560	P1P2
FAS	2894	5397	5561	P1P2	5561	P1P2
FASLG	5663	5398	5562	P1P2	5562	P1P2
FASN	8009	5399	5563	P1P2	5563	P1P2
FASTK	10266	5400	5564	P1P2	5564	P1P2
FASTKD1	16025	5401	5565	P1P2	5565	P1P2
FASTKD2	164	5402	5566	P1P2	5566	P1P2
FASTKD3	15364	5403	5567	P1P2	5567	P1P2
FASTKD5	5907	5404	5568	P1P2	5568	P1P2
FAT1	6872	5405	5569	P2	5569	P1
FAT2	3398	5406	5570	P1P2	5570	P1P2
FAT3	547	5407	5571	P1P2	5571	P1P2
FAT4	5054	5408	5572	ENST00000394329.3	5572	ENST00000394329.3
FATE1	8201	5409	5573	P1P2	5573	P1P2
FAU	690	5410	5574	P1P2	5574	P1P2
FAXC	2936	5411	5575	P1P2	5575	P1P2
FAXDC2	14958	5412	5576	P2	5576	P2
FBF1	5364	5413	5577	P1P2	5577	P1P2
FBL	16312	5414	5578	P1P2	5578	P1P2
FBLIM1	18308	5415	5579	P1P2	5579	P1P2
FBLN1	3691	5417	5580	P1P2	5580	P1P2
FBLN2	3789	5418	5581	P1P2	5581	P1P2
FBLN5	3524	5419	5582	P1P2	5582	P1P2
FBLN7	18792	5420	5583	P1P2	5583	P1P2
FBN1	12101	5421	5584	P1P2	5584	P1P2
FBN2	8528	5422	5585	P1P2	5585	P1P2
FBN3	3049	5423	5586	P1P2	5586	P1P2
FBP1	15870	5424	5587	P1P2	5587	P1P2
FBP2	11675	5425	5588	P1P2	5588	P1P2
FBRS	13979	5426	5589	P1P2	5589	P1P2
FBRSL1	5551	5427	5590	P1P2	5590	P1P2
FBXL12	2899	5428	5591	P1P2	5591	P1P2
FBXL13	3423	5429	5592	P1P2	5592	P1P2
FBXL14	393	5430	5593	P1P2	5593	P1P2
FBXL15	6646	5431	5594	P1P2	5594	P1P2
FBXL16	15062	5432	5595	P1P2	5595	P1P2
FBXL17	1158	5433	5596	P1P2	5596	P1P2
FBXL18	13168	5434	5597	P1P2	5597	P1P2
FBXL19	10737	5435	5598	P1P2	5598	P1P2
FBXL2	17742	5436	5599	P1P2	5599	P1P2
FBXL20	18420	5437	5600	P1P2	5600	P1P2
FBXL22	12097	5438	5602	P1P2	5602	P1P2
FBXL3	9048	5439	5603	P1P2	5603	P1P2
FBXL4	17072	5440	5604	P1P2	5604	P1P2
FBXL5	15826	5441	5605	P2	5605	P1
FBXL6	18384	5442	5606	P1P2	5606	P1P2
FBXL7	2279	5443	5607	P1P2	5607	P1P2
FBXL8	6997	5444	5608	P1P2	5608	P1P2
FBXO10	6021	5445	5609	P1P2	5609	P1P2
FBXO11	3660	5446	5610	P1P2	5610	P1P2
FBXO15	17292	5447	5611	P1P2	5611	P1P2
FBXO16	6870	5448	5612	P1P2	5612	P1P2
FBXO17	7820	5449	5613	P1	5613	P1
FBXO2	10406	5451	5615	P1P2	5615	P1P2
FBXO21	7151	5452	5616	P1P2	5616	P1P2
FBXO22	16669	5453	5617	P1P2	5617	P1P2
FBXO24	8878	5454	5618	P1P2	5618	P1P2
FBXO25	6868	5455	5619	P1P2	5619	P1P2
FBXO27	2704	5456	5620	P1P2	5620	P1P2
FBXO28	12519	5457	5621	P1P2	5621	P1P2
FBXO3	13257	5458	5622	P2	5622	P1
FBXO30	11340	5459	5623	P1P2	5623	P1P2
FBXO31	3125	5460	5624	P1	5624	P2
FBXO32	10746	5461	5625	P1P2	5625	P1P2
FBXO33	12929	5462	5626	P1P2	5626	P1P2
FBXO34	2182	5463	5627	P1P2	5627	P1P2
FBXO36	12343	5464	5628	P1P2	5628	P1P2
FBXO38	6217	5465	5629	P1P2	5629	P1P2
FBXO39	10331	5466	5630	P1P2	5630	P1P2
FBXO4	11254	5467	5631	P1P2	5631	P1P2
FBXO40	3095	5468	5632	P1P2	5632	P1P2
FBXO41	17978	5469	5633	P1P2	5633	P1P2
FBXO42	13220	5470	5634	P1P2	5634	P1P2
FBXO43	13096	5471	5635	P1P2	5635	P1P2
FBXO44	16272	5472	5636	P1P2	5636	P1P2
FBXO45	443	5473	5637	P1P2	5637	P1P2
FBXO46	6139	5474	5638	P1P2	5638	P1P2
FBXO47	6253	5475	5639	P1P2	5639	P1P2
FBXO48	14489	5476	5640	P1P2	5640	P1P2
FBXO5	18409	5477	5641	P1P2	5641	P1P2
FBXO6	11558	5478	5642	P1P2	5642	P1P2
FBXO7	6884	5479	5643	P1P2	5643	P1P2
FBXO8	9827	5480	5644	P1	5644	P2
FBXO9	4687	5481	5645	P1P2	5645	P1P2
FBXW10	4068	5482	5646	ENST00000395665.4,ENST00000395667.1	5646	ENST00000395665.4,ENST00000395667.1
FBXW11	14875	5483	5647	P1P2	5647	P1P2
FBXW12	42	5484	5648	P1P2	5648	P1P2
FBXW2	8353	5485	5649	P1P2	5649	P1P2
FBXW4	11134	5486	5650	P1P2	5650	P1P2
FBXW5	8825	5487	5651	P1P2	5651	P1P2
FBXW7	13798	5488	5652	ENST00000281708.4	5652	ENST00000603548.1
FBXW8	9745	5489	5653	P1P2	5653	P1P2
FBXW9	14162	5490	5654	P1P2	5654	P1P2
FCAMR	1970	5491	5655	P1P2	5655	P1P2
FCAR	15430	5492	5656	P1P2	5656	P1P2
FCER1A	14759	5493	5657	P1P2	5657	P1P2
FCER1G	8248	5494	5658	P1P2	5658	P1P2
FCER2	17126	5495	5659	P1	5659	P2
FCF1	12732	5496	5660	P1P2	5660	P1P2
FCGBP	5260	5497	5661	P1P2	5661	P1P2
FCGR1A	4568	5498	5662	P1P2	5662	P1P2
FCGR2A	10839	5499	5664	P1P2	5664	P1P2
FCGR2B	6987	5500	5665	ENST00000236937.9	5665	ENST00000236937.9
FCGRT	1245	5501	5669	P1P2	5669	P1P2
FCHO1	14633	5502	5670	P1P2	5670	P1P2
FCHO2	10051	5503	5671	P1P2	5671	P1P2
FCHSD1	14960	5504	5672	P1P2	5672	P1P2
FCHSD2	8209	5505	5673	P1P2	5673	P1P2
FCN1	7923	5506	5674	P1P2	5674	P1P2
FCN2	1418	5507	5675	P1P2	5675	P1P2
FCN3	11363	5508	5676	P1P2	5676	P1P2
FCRL1	18666	5509	5677	P1P2	5677	P1P2
FCRL2	7922	5510	5678	P1P2	5678	P1P2
FCRL3	13154	5511	5679	P1P2	5679	P1P2
FCRL4	4191	5512	5680	P1P2	5680	P1P2
FCRL5	8853	5513	5681	P1P2	5681	P1P2
FCRL6	12158	5514	5682	P1	5682	P2
FCRLA	12320	5515	5683	P1P2	5683	P1P2
FCRLB	7680	5516	5684	P2	5684	P1
FDCSP	4995	5517	5685	P1P2	5685	P1P2
FDFT1	12506	5518	5686	P2	5686	P2
FDPS	14075	5519	5687	P1P2	5687	P1P2
FDX1	3120	5520	5688	P1P2	5688	P1P2
FDXACB1	2777	5522	5689	P1P2	5689	P1P2
FDXR	2757	5523	5690	P1P2	5690	P1P2
FECH	17864	5524	5691	P1P2	5691	P1P2
FEM1A	3955	5525	5692	P1P2	5692	P1P2
FEM1B	18003	5526	5693	P1P2	5693	P1P2
FEM1C	12411	5527	5694	P1P2	5694	P1P2
FEN1	218	5528	5695	P1P2	5695	P1P2
FER	10850	5529	5696	P2	5696	P1
FER1L6	16807	5530	5697	ENST00000399018.1	5697	ENST00000399018.1
FERD3L	6924	5531	5698	P1P2	5698	P1P2
FERMT1	14886	5532	5699	P1P2	5699	P1P2
FERMT2	2273	5533	5700	P1P2	5700	P1P2
FERMT3	7331	5534	5701	P1	5701	P1
FES	10972	5535	5702	P1P2	5702	P1P2
FETUB	6111	5536	5703	P1P2	5703	P1P2
FEV	16700	5537	5704	P1P2	5704	P1P2
FEZ1	10028	5538	5705	P1P2	5705	P1P2
FEZ2	16031	5539	5706	P1P2	5706	P1P2
FEZF1	14473	5540	5707	P1P2	5707	P1P2
FEZF2	3556	5541	5708	P1P2	5708	P1P2
FFAR1	16503	5542	5709	ENST00000246553.2	5709	ENST00000246553.2
FFAR2	12582	5543	5710	P1P2	5710	P1P2
FFAR4	6425	5544	5712	P1P2	5712	P1P2
FGA	17959	5545	5713	P1P2	5713	P1P2
FGB	14218	5546	5714	P1P2	5714	P1P2
FGD1	15512	5547	5715	P1P2	5715	P1P2
FGD2	18818	5548	5716	P1P2	5716	P1P2
FGD3	1322	5549	5717	P1P2	5717	P1P2
FGD4	8975	5550	5718	P1P2	5718	P1P2
FGD5	7220	5551	5719	P1P2	5719	P1P2
FGD6	2907	5552	5720	P1P2	5720	P1P2
FGF1	1065	5553	5721	P1P2	5721	P1P2
FGF10	3952	5554	5722	P1P2	5722	P1P2
FGF11	18793	5555	5723	P2	5723	P1
FGF12	3322	5556	5724	ENST00000454309.2	5724	ENST00000454309.2
FGF13	773	5557	5725	ENST00000315930.6	5725	ENST00000315930.6
FGF14	13567	5558	5726	ENST00000376143.4	5726	ENST00000376143.4
FGF17	11718	5559	5728	P1P2	5728	P1P2
FGF18	7863	5560	5729	P1P2	5729	P1P2
FGF19	2545	5561	5730	P1P2	5730	P1P2
FGF2	10279	5562	5731	P1P2	5731	P1P2
FGF20	12414	5563	5732	P1P2	5732	P1P2
FGF21	14072	5564	5733	P1P2	5733	P1P2
FGF22	14082	5565	5734	P1P2	5734	P1P2
FGF23	17245	5566	5735	P1P2	5735	P1P2
FGF3	8619	5567	5736	P1P2	5736	P1P2
FGF4	1686	5568	5737	P1P2	5737	P1P2
FGF5	14618	5569	5738	P1P2	5738	P1P2
FGF6	12265	5570	5739	P1P2	5739	P1P2
FGF7	18107	5571	5740	P1P2	5740	P1P2
FGF8	16642	5572	5741	P1P2	5741	P1P2
FGF9	3119	5573	5742	P1P2	5742	P1P2
FGFBP1	6321	5574	5743	P1P2	5743	P1P2
FGFBP2	9711	5575	5744	P1P2	5744	P1P2
FGFBP3	16000	5576	5745	P1P2	5745	P1P2
FGFR1	16892	5577	5746	P1P2	5746	P1P2
FGFR1OP2	7952	5579	5748	P1P2	5748	P1P2
FGFR2	5898	5580	5749	P1P2	5749	P1P2
FGFR3	9295	5581	5750	P1P2	5750	P1P2
FGFR4	8513	5582	5751	P1P2	5751	P1P2
FGFRL1	7534	5583	5752	P1P2	5752	P1P2
FGG	13866	5584	5753	P1P2	5753	P1P2
FGGY	1572	5585	5754	P1P2	5754	P1P2
FGL1	7901	5586	5755	P1P2	5755	P1P2
FGL2	12237	5587	5756	P1P2	5756	P1P2
FGR	6211	5588	5757	P1P2	5757	P1P2
FH	13408	5589	5758	P1P2	5758	P1P2
FHAD1	9491	5590	5759	P1P2	5759	P1P2
FHDC1	15754	5591	5760	P1P2	5760	P1P2
FHIT	18917	5592	5761	P1P2	5761	P1P2
FHL1	16481	5593	5762	P1P2	5762	P1P2
FHL2	11505	5594	5763	P1P2	5763	P1P2
FHL3	11423	5595	5764	P1P2	5764	P1P2
FHL5	2774	5596	5765	P1P2	5765	P1P2
FHOD1	18454	5597	5766	P1P2	5766	P1P2
FHOD3	2410	5598	5767	P1P2	5767	P1P2
FIBCD1	14679	5599	5768	P1P2	5768	P1P2
FIBIN	17977	5600	5769	P1P2	5769	P1P2
FIBP	8894	5601	5770	P1P2	5770	P1P2
FICD	13644	5602	5771	P1P2	5771	P1P2
FIG4	14356	5603	5772	P1P2	5772	P1P2
FIGLA	366	5605	5774	P1P2	5774	P1P2
FIGN	7723	5606	5775	P1P2	5775	P1P2
FIGNL1	14997	5607	5776	P1P2	5776	P1P2
FILIP1	2395	5608	5778	P1P2	5778	P1P2
FILIP1L	15479	5609	5779	ENST00000331335.5	5779	ENST00000331335.5
FIP1L1	7163	5610	5780	P1P2	5780	P1P2
FIS1	18710	5611	5781	P1	5781	P2
FITM1	2656	5612	5782	P1P2	5782	P1P2
FITM2	12342	5613	5783	P1P2	5783	P1P2
FIZ1	15825	5614	5784	P1P2	5784	P1P2
FJX1	17824	5615	5785	P1P2	5785	P1P2
FKBP10	9379	5616	5786	P1P2	5786	P1P2
FKBP11	4218	5617	5787	P1P2	5787	P1P2
FKBP14	17696	5618	5788	P1P2	5788	P1P2
FKBP1B	17936	5619	5791	P1P2	5791	P1P2
FKBP2	4088	5621	5792	P1P2	5792	P1P2
FKBP3	8877	5622	5793	P1P2	5793	P1P2
FKBP4	17414	5623	5794	P1P2	5794	P1P2
FKBP5	11672	5624	5795	P1P2	5795	P1P2
FKBP6	15368	5625	5796	P1P2	5796	P1P2
FKBP7	11110	5626	5797	P1P2	5797	P1P2
FKBP8	15116	5627	5798	P1P2	5798	P1P2
FKBP9	5642	5628	5799	P1P2	5799	P1P2
FKBPL	840	5629	5800	P1P2	5800	P1P2
FKRP	2918	5630	5801	P1P2	5801	P1P2
FKTN	281	5631	5802	P1P2	5802	P1P2
FLAD1	11776	5632	5803	P1P2	5803	P1P2
FLCN	18611	5633	5804	P1P2	5804	P1P2
FLG	7597	5634	5805	P1P2	5805	P1P2
FLG2	3890	5635	5806	P1P2	5806	P1P2
FLI1	2565	5636	5807	P1P2	5807	P1P2
FLII	18219	5637	5808	P1P2	5808	P1P2
FLNA	16810	5639	5814	P1P2	5814	P1P2
FLNB	3787	5640	5815	P1P2	5815	P1P2
FLNC	17792	5641	5816	P1P2	5816	P1P2
FLOT1	15863	5642	5817	P1P2	5817	P1P2
FLOT2	12273	5643	5818	P1P2	5818	P1P2
FLRT1	8547	5644	5819	P1P2	5819	P1P2
FLRT2	7366	5645	5820	P1P2	5820	P1P2
FLRT3	15474	5646	5821	P1P2	5821	P1P2
FLT1	1022	5647	5822	P1P2	5822	P1P2
FLT3	8973	5648	5823	P1P2	5823	P1P2
FLT3LG	13211	5649	5824	P1P2	5824	P1P2
FLT4	14062	5650	5825	P1P2	5825	P1P2
FLVCR1	7728	5651	5826	P1P2	5826	P1P2
FLVCR2	1911	5652	5827	P1P2	5827	P1P2
FLYWCH1	3353	5653	5828	P1P2	5828	P1P2
FLYWCH2	4158	5654	5829	P1P2	5829	P1P2
FMN1	14871	5655	5830	ENST00000334528.9	5830	ENST00000334528.9
FMN2	17883	5656	5831	P1P2	5831	P1P2
FMNL1	17395	5657	5832	P1P2	5832	P1P2
FMNL2	14092	5658	5833	P1P2	5833	P1P2
FMNL3	957	5659	5834	P1P2	5834	P1P2
FMO1	4416	5660	5835	P1P2	5835	P1P2
FMO2	3496	5661	5836	P1P2	5836	P1P2
FMO3	12278	5662	5837	P1P2	5837	P1P2
FMO4	12333	5663	5838	P1P2	5838	P1P2
FMO5	16867	5664	5839	P1P2	5839	P1P2
FMOD	7003	5666	5840	P1P2	5840	P1P2
FMR1	6715	5667	5841	P1P2	5841	P1P2
FMR1NB	6223	5668	5842	P1P2	5842	P1P2
FN1	14105	5669	5843	P1P2	5843	P1P2
FN3K	5728	5670	5844	P1P2	5844	P1P2
FN3KRP	9999	5671	5845	P1P2	5845	P1P2
FNBP1	9674	5672	5846	P1P2	5846	P1P2
FNBP1L	523	5673	5847	P1P2	5847	P1P2
FNBP4	4828	5674	5848	P1P2	5848	P1P2
FNDC1	4262	5675	5849	P1P2	5849	P1P2
FNDC3A	13929	5676	5850	ENST00000492622.2	5850	ENST00000541916.1
FNDC3B	3418	5677	5851	P1P2	5851	P1P2
FNDC4	7972	5678	5852	P1P2	5852	P1P2
FNDC7	11966	5679	5854	P1	5854	P2
FNDC8	6166	5680	5855	P1P2	5855	P1P2
FNDC9	18937	5681	5856	P1P2	5856	P1P2
FNIP1	7944	5682	5857	P1P2	5857	P1P2
FNIP2	14549	5683	5858	P1P2	5858	P1P2
FNTA	15421	5684	5859	P1P2	5859	P1P2
FOCAD	18477	5686	5860	P1P2	5860	P1P2
FOLH1	15577	5687	5861	P1P2	5861	P1P2
FOLR1	3668	5688	5862	P1P2	5862	P1P2
FOLR2	8947	5689	5863	P1P2	5863	P1P2
FOLR3	12141	5690	5864	P2	5864	P1
FOS	7852	5693	5867	P1	5867	P1
FOSB	10120	5694	5868	P1	5868	P1
FOSL1	16167	5695	5869	P1P2	5869	P1P2
FOSL2	3608	5696	5870	P1P2	5870	P1P2
FOXA1	8121	5697	5871	P1P2	5871	P1P2
FOXA2	17506	5698	5872	P1P2	5872	P1P2
FOXA3	12249	5699	5873	P1P2	5873	P1P2
FOXB1	5154	5700	5874	P1P2	5874	P1P2
FOXB2	9326	5701	5875	ENST00000376708.1	5875	ENST00000376708.1
FOXC1	2462	5702	5876	P1P2	5876	P1P2
FOXC2	10540	5703	5877	P1P2	5877	P1P2
FOXD1	15091	5704	5878	P1P2	5878	P1P2
FOXD2	18825	5705	5879	P1P2	5879	P1P2
FOXD3	16162	5706	5880	P1	5880	P2
FOXE1	15768	5707	5883	P1P2	5883	P1P2
FOXE3	3189	5708	5884	P1P2	5884	P1P2
FOXF1	10967	5709	5885	P1P2	5885	P1P2
FOXF2	13476	5710	5886	P1P2	5886	P1P2
FOXG1	9117	5711	5887	P1P2	5887	P1P2
FOXH1	11288	5712	5888	P1P2	5888	P1P2
FOXI1	463	5713	5889	P1P2	5889	P1P2
FOXI2	1402	5714	5890	P1P2	5890	P1P2
FOXJ1	5722	5715	5892	P1P2	5892	P1P2
FOXJ2	12150	5716	5893	P1P2	5893	P1P2
FOXJ3	8109	5717	5894	P1P2	5894	P1P2
FOXK1	616	5718	5895	P1P2	5895	P1P2
FOXK2	16553	5719	5896	P1P2	5896	P1P2
FOXL1	18118	5720	5897	P1P2	5897	P1P2
FOXL2	18976	5721	5898	P1P2	5898	P1P2
FOXM1	17651	5722	5899	P1P2	5899	P1P2
FOXN1	2657	5723	5900	P1P2	5900	P1P2
FOXN2	9888	5724	5901	P1P2	5901	P1P2
FOXN3	8325	5725	5902	P2	5902	P1
FOXN4	7057	5726	5903	P1P2	5903	P1P2
FOXO1	12980	5727	5904	P1P2	5904	P1P2
FOXO3	4628	5728	5905	P1	5905	P2
FOXO4	9648	5729	5906	P1P2	5906	P1P2
FOXO6	9588	5730	5907	P1P2	5907	P1P2
FOXP1	10947	5731	5908	ENST00000318789.4	5908	ENST00000498215.1
FOXP2	6338	5732	5909	ENST00000393494.2	5909	ENST00000393494.2
FOXP3	15287	5733	5910	P1P2	5910	P1P2
FOXP4	10841	5734	5911	P1P2	5911	P1P2
FOXQ1	2446	5735	5912	P1P2	5912	P1P2
FOXR1	949	5736	5913	P1P2	5913	P1P2
FOXR2	17188	5737	5914	ENST00000339140.3	5914	ENST00000339140.3
FOXRED1	2640	5738	5915	P1P2	5915	P1P2
FOXRED2	4356	5739	5916	P1P2	5916	P1P2
FOXS1	14288	5740	5917	P1P2	5917	P1P2
FPGS	17277	5741	5918	P1P2	5918	P1P2
FPR1	13479	5742	5920	P1P2	5920	P1P2
FPR2	15429	5743	5921	P1P2	5921	P1P2
FPR3	8391	5744	5922	P1P2	5922	P1P2
FRA10AC1	15820	5745	5923	P1P2	5923	P1P2
FRAS1	16684	5746	5924	P1P2	5924	P1P2
FRAT1	16383	5747	5925	P1P2	5925	P1P2
FRAT2	16629	5748	5926	P1P2	5926	P1P2
FREM1	1934	5749	5927	P1P2	5927	P1P2
FREM2	17128	5750	5928	P1P2	5928	P1P2
FREM3	17580	5751	5929	P1P2	5929	P1P2
FRK	17573	5752	5933	P1P2	5933	P1P2
FRMD1	12170	5753	5934	P2	5934	P2
FRMD3	2847	5754	5935	P1P2	5935	P1P2
FRMD4A	2639	5755	5936	ENST00000357447.2	5936	ENST00000378503.1
FRMD4B	11034	5756	5937	ENST00000398540.3	5937	ENST00000398540.3
FRMD5	11982	5757	5938	P1P2	5938	P1P2
FRMD6	2776	5758	5939	P1P2	5939	P1P2
FRMD7	11964	5759	5940	P1P2	5940	P1P2
FRMD8	10296	5760	5941	P1P2	5941	P1P2
FRMPD1	176	5761	5942	P2	5942	P2
FRMPD2	4577	5762	5943	P1P2	5943	P1P2
FRMPD4	17382	5763	5945	P1P2	5945	P1P2
FRRS1	7691	5764	5946	P1P2	5946	P1P2
FRRS1L	18640	5765	5947	P1P2	5947	P1P2
FRS2	15861	5766	5948	P1P2	5948	P1P2
FRS3	6013	5767	5949	P1P2	5949	P1P2
FRY	8418	5768	5950	P1P2	5950	P1P2
FRYL	1036	5769	5951	P1P2	5951	P1P2
FRZB	3288	5770	5952	P1P2	5952	P1P2
FSBP	13094	5771	5953	ENST00000481490.2	5953	ENST00000481490.2
FSCB	12654	5772	5954	P1P2	5954	P1P2
FSCN1	6755	5773	5955	P2	5955	P1
FSCN2	7829	5774	5956	P1P2	5956	P1P2
FSCN3	7864	5775	5957	P1P2	5957	P1P2
FSD1	5176	5776	5958	P1P2	5958	P1P2
FSD1L	9721	5777	5959	P1P2	5959	P1P2
FSD2	12040	5778	5960	P1P2	5960	P1P2
FSHB	4767	5779	5961	P1P2	5961	P1P2
FSHR	9559	5780	5962	P1P2	5962	P1P2
FSIP1	2149	5781	5963	P1P2	5963	P1P2
FSIP2	6926	5782	5964	P1	5964	P1
FST	2968	5783	5965	P1P2	5965	P1P2
FSTL1	6515	5784	5966	P1P2	5966	P1P2
FSTL3	5465	5785	5967	P1	5967	P2
FSTL4	607	5786	5968	P1P2	5968	P1P2
FSTL5	14685	5787	5969	P1P2	5969	P1P2
FTCD	2720	5788	5970	P1	5970	P2
FTHL17	4321	5790	5972	P1P2	5972	P1P2
FTL	5740	5791	5973	P1P2	5973	P1P2
FTMT	12178	5792	5974	P1P2	5974	P1P2
FTO	6189	5793	5975	P1P2	5975	P1P2
FTSJ1	6401	5794	5976	P1P2	5976	P1P2
FTSJ3	11788	5796	5978	P1P2	5978	P1P2
FUBP1	4789	5797	5979	P1P2	5979	P1P2
FUBP3	17387	5798	5980	P1P2	5980	P1P2
FUCA1	9421	5799	5981	P1P2	5981	P1P2
FUCA2	6640	5800	5982	P1P2	5982	P1P2
FUNDC1	3201	5802	5984	P1P2	5984	P1P2
FUNDC2	7720	5803	5985	P1P2	5985	P1P2
FUOM	15745	5804	5986	P1P2	5986	P1P2
FURIN	10725	5805	5987	P1	5987	P2
FUS	12669	5806	5988	P1P2	5988	P1P2
FUT1	11415	5807	5989	P1P2	5989	P1P2
FUT10	4772	5808	5990	P1P2	5990	P1P2
FUT11	7443	5809	5991	P1P2	5991	P1P2
FUT2	10579	5810	5992	P1P2	5992	P1P2
FUT3	8389	5811	5993	P1P2	5993	P1P2
FUT4	17911	5812	5994	P1P2	5994	P1P2
FUT5	8144	5813	5995	P1P2	5995	P1P2
FUT6	6104	5814	5996	P1P2	5996	P1P2
FUT7	1125	5815	5997	P1P2	5997	P1P2
FUT8	5669	5816	5998	P1P2	5998	P1P2
FUT9	5184	5817	5999	P1P2	5999	P1P2
FUZ	11933	5818	6000	P1	6000	P2
FXN	12862	5819	6001	P1P2	6001	P1P2
FXR1	15235	5820	6002	P1P2	6002	P1P2
FXR2	7790	5821	6003	P1P2	6003	P1P2
FXYD1	18146	5822	6004	P1P2	6004	P1P2
FXYD2	10478	5823	6005	P2	6005	P2
FXYD3	15264	5824	6006	P1P2	6006	P1P2
FXYD4	5612	5825	6007	P1P2	6007	P1P2
FXYD5	11375	5826	6008	P1P2	6008	P1P2
FXYD7	6411	5827	6011	P1P2	6011	P1P2
FYCO1	16566	5829	6013	P1P2	6013	P1P2
FYN	10358	5830	6014	P1P2	6014	P1P2
FYTTD1	9004	5831	6015	P1P2	6015	P1P2
FZD1	17309	5832	6016	P1P2	6016	P1P2
FZD10	11344	5833	6017	P1P2	6017	P1P2
FZD2	14704	5834	6018	P1P2	6018	P1P2
FZD3	8262	5835	6019	P1P2	6019	P1P2
FZD4	17817	5836	6020	P1P2	6020	P1P2
FZD5	12155	5837	6021	P1P2	6021	P1P2
FZD6	18627	5838	6022	P1P2	6022	P1P2
FZD7	503	5839	6023	P1P2	6023	P1P2
FZD8	15103	5840	6024	P1P2	6024	P1P2
FZD9	3187	5841	6025	P1P2	6025	P1P2
FZR1	7916	5842	6026	P1P2	6026	P1P2
G0S2	10982	5843	6027	P1P2	6027	P1P2
G2E3	11422	5844	6028	P1P2	6028	P1P2
G3BP1	8349	5845	6029	P1P2	6029	P1P2
G3BP2	7823	5846	6030	P1P2	6030	P1P2
G6PC	2743	5847	6031	P1P2	6031	P1P2
G6PC2	10940	5848	6032	P1P2	6032	P1P2
G6PC3	13452	5849	6033	P1P2	6033	P1P2
G6PD	11031	5850	6034	P1P2	6034	P1P2
GAA	5446	5851	6035	P1P2	6035	P1P2
GAB1	130	5852	6036	P1P2	6036	P1P2
GAB2	18433	5853	6037	P1P2	6037	P1P2
GAB3	16165	5854	6038	P1P2	6038	P1P2
GAB4	18317	5855	6039	P1P2	6039	P1P2
GABARAP	6726	5856	6040	P1P2	6040	P1P2
GABARAPL1	18943	5857	6041	P1P2	6041	P1P2
GABARAPL2	3456	5858	6042	P1P2	6042	P1P2
GABBR1	312	5859	6043	P2	6043	P1
GABBR2	16314	5860	6044	P1P2	6044	P1P2
GABPA	10249	5861	6045	P1P2	6045	P1P2
GABPB1	6178	5862	6046	P1P2	6046	P1P2
GABPB2	14027	5863	6047	P1P2	6047	P1P2
GABRA1	4464	5864	6048	P1P2	6048	P1P2
GABRA2	5820	5865	6049	P1P2	6049	P1P2
GABRA3	13568	5866	6050	P1P2	6050	P1P2
GABRA4	13105	5867	6051	P1P2	6051	P1P2
GABRA5	14513	5868	6052	P1P2	6052	P1P2
GABRA6	7083	5869	6053	P1P2	6053	P1P2
GABRB1	2156	5870	6054	P1P2	6054	P1P2
GABRB2	13699	5871	6055	P1P2	6055	P1P2
GABRB3	4693	5872	6056	P1P2	6056	P1P2
GABRD	431	5873	6057	P1P2	6057	P1P2
GABRE	12758	5874	6058	P1P2	6058	P1P2
GABRG1	11390	5875	6059	P1P2	6059	P1P2
GABRG2	15374	5876	6060	P1P2	6060	P1P2
GABRG3	591	5877	6061	P1P2	6061	P1P2
GABRP	16744	5878	6062	P1P2	6062	P1P2
GABRQ	12712	5879	6063	P1P2	6063	P1P2
GABRR1	17195	5880	6064	P1P2	6064	P1P2
GABRR2	4012	5881	6065	P1P2	6065	P1P2
GAD1	2820	5882	6067	P1P2	6067	P1P2
GAD2	11521	5883	6068	P1P2	6068	P1P2
GADD45A	9226	5884	6069	P1P2	6069	P1P2
GADD45B	12725	5885	6070	P1P2	6070	P1P2
GADD45G	18086	5886	6071	P1P2	6071	P1P2
GADD45GIP1	15003	5887	6072	P1P2	6072	P1P2
GADL1	4336	5888	6073	P1P2	6073	P1P2
GAK	12714	5889	6076	P1P2	6076	P1P2
GAL	14525	5890	6077	P1P2	6077	P1P2
GAL3ST1	3937	5891	6078	P1P2	6078	P1P2
GAL3ST2	11408	5892	6079	P1P2	6079	P1P2
GAL3ST3	3993	5893	6080	P1P2	6080	P1P2
GAL3ST4	6877	5894	6081	P1	6081	P1
GALC	11457	5895	6082	P1P2	6082	P1P2
GALE	11953	5896	6083	P1P2	6083	P1P2
GALK1	11213	5897	6084	P1P2	6084	P1P2
GALK2	7548	5898	6085	P1	6085	P2
GALM	6159	5899	6086	P1P2	6086	P1P2
GALNS	1509	5900	6087	P1P2	6087	P1P2
GALNT1	10801	5901	6088	ENST00000269195.5	6088	ENST00000269195.5
GALNT10	18352	5902	6089	P1P2	6089	P1P2
GALNT11	2884	5903	6090	P1P2	6090	P1P2
GALNT12	16068	5904	6091	P1P2	6091	P1P2
GALNT13	7222	5905	6092	P1P2	6092	P1P2
GALNT14	8252	5906	6093	P1P2	6093	P1P2
GALNT15	16145	5907	6094	P1P2	6094	P1P2
GALNT16	11312	5908	6095	P1P2	6095	P1P2
GALNT18	8711	5909	6096	P1P2	6096	P1P2
GALNT2	14787	5910	6097	P1P2	6097	P1P2
GALNT3	13248	5911	6098	P1P2	6098	P1P2
GALNT4	12134	5912	6099	P1	6099	P2
GALNT5	17761	5913	6100	P1P2	6100	P1P2
GALNT6	9755	5914	6101	P1P2	6101	P1P2
GALNT7	9052	5915	6102	P1P2	6102	P1P2
GALNT8	6878	5916	6103	ENST00000252318.2	6103	ENST00000252318.2
GALNT9	15743	5917	6104	P1P2	6104	P1P2
GALNTL5	1145	5918	6105	P1P2	6105	P1P2
GALNTL6	14172	5919	6106	P1P2	6106	P1P2
GALR1	15832	5921	6107	P1P2	6107	P1P2
GALR2	12207	5922	6108	P1P2	6108	P1P2
GALR3	14393	5923	6109	ENST00000249041.2	6109	ENST00000249041.2
GALT	6028	5924	6110	P1P2	6110	P1P2
GAMT	8987	5925	6111	P1P2	6111	P1P2
GAN	16121	5926	6112	P1P2	6112	P1P2
GANAB	2819	5927	6113	P1P2	6113	P1P2
GANC	1321	5928	6114	P1P2	6114	P1P2
GAP43	18037	5929	6115	P1P2	6115	P1P2
GAPDH	2028	5930	6116	P1	6116	P2
GAPDHS	2217	5931	6117	P1P2	6117	P1P2
GAPT	4598	5932	6118	P1P2	6118	P1P2
GAPVD1	10281	5933	6119	P1P2	6119	P1P2
GARNL3	18742	5937	6122	ENST00000373387.4	6122	ENST00000373387.4
GART	18263	5939	6124	P1P2	6124	P1P2
GAS1	6768	5940	6125	P1P2	6125	P1P2
GAS2	12859	5941	6126	ENST00000278187.3	6126	ENST00000454584.2
GAS2L1	9589	5942	6127	P1P2	6127	P1P2
GAS2L2	6974	5943	6128	P1P2	6128	P1P2
GAS2L3	11180	5944	6129	P1P2	6129	P1P2
GAS6	3133	5945	6130	P1P2	6130	P1P2
GAS7	5489	5946	6131	ENST00000432992.2	6131	ENST00000432992.2
GAS8	3166	5947	6132	P2	6132	P1
GAST	9923	5948	6133	P1P2	6133	P1P2
GATA1	11247	5949	6134	P1P2	6134	P1P2
GATA2	17621	5950	6135	P1	6135	P1
GATA3	14115	5951	6136	P1P2	6136	P1P2
GATA4	13918	5952	6137	P1P2	6137	P1P2
GATA5	425	5953	6138	P1P2	6138	P1P2
GATA6	3463	5954	6139	P1P2	6139	P1P2
GATAD1	17631	5955	6140	P1P2	6140	P1P2
GATAD2A	14458	5956	6141	P1	6141	P1
GATAD2B	275	5957	6142	P1P2	6142	P1P2
GATC	11874	5958	6143	P1P2	6143	P1P2
GATM	11741	5959	6144	P2	6144	P2
GBA	8659	5961	6147	P2	6147	P1
GBA2	13270	5962	6148	P1P2	6148	P1P2
GBE1	3662	5964	6151	P1P2	6151	P1P2
GBF1	15270	5965	6152	P1P2	6152	P1P2
GBGT1	3548	5966	6153	P1P2	6153	P1P2
GBP1	5549	5967	6154	P1P2	6154	P1P2
GBP2	5257	5968	6155	P1P2	6155	P1P2
GBP3	1445	5969	6156	P1P2	6156	P1P2
GBP4	14920	5970	6157	P1P2	6157	P1P2
GBP5	10159	5971	6158	P1P2	6158	P1P2
GBP6	13515	5972	6159	P1P2	6159	P1P2
GBP7	5242	5973	6160	P1P2	6160	P1P2
GBX1	12309	5974	6161	P1	6161	P2
GBX2	27	5975	6162	P1P2	6162	P1P2
GC	14755	5976	6163	P1P2	6163	P1P2
GCA	5172	5977	6164	P1P2	6164	P1P2
GCAT	9570	5978	6165	P1P2	6165	P1P2
GCC1	5694	5979	6166	P1P2	6166	P1P2
GCC2	9219	5980	6167	P1P2	6167	P1P2
GCDH	8282	5981	6168	P1P2	6168	P1P2
GCFC2	9467	5982	6169	P1P2	6169	P1P2
GCG	8818	5983	6170	P1	6170	P1
GCGR	656	5984	6171	P1P2	6171	P1P2
GCH1	11436	5985	6172	P1P2	6172	P1P2
GCHFR	2214	5986	6173	P1P2	6173	P1P2
GCK	13923	5987	6174	P1P2	6174	P1P2
GCKR	4638	5988	6175	P1P2	6175	P1P2
GCLC	12063	5989	6176	P1P2	6176	P1P2
GCLM	623	5990	6177	P1P2	6177	P1P2
GCM1	17317	5991	6178	P1P2	6178	P1P2
GCM2	6526	5992	6179	P1P2	6179	P1P2
GCNT1	18081	5994	6181	P1P2	6181	P1P2
GCNT2	6842	5995	6182	P1	6182	P2
GCNT3	13915	5996	6183	P1P2	6183	P1P2
GCNT4	15267	5997	6184	P1P2	6184	P1P2
GCNT7	12713	5998	6186	ENST00000243913.4	6186	ENST00000243913.4
GCSAM	7076	5999	6188	P1P2	6188	P1P2
GCSAML	1110	6000	6189	P1P2	6189	P1P2
GCSH	11343	6001	6190	P1P2	6190	P1P2
GDA	17450	6002	6191	P1P2	6191	P1P2
GDAP1	188	6003	6192	P1P2	6192	P1P2
GDAP1L1	18357	6004	6193	P1P2	6193	P1P2
GDAP2	17564	6005	6194	P1P2	6194	P1P2
GDE1	17525	6006	6195	P1P2	6195	P1P2
GDF10	128	6008	6196	P1P2	6196	P1P2
GDF11	14911	6009	6197	P1P2	6197	P1P2
GDF15	19022	6010	6198	P1P2	6198	P1P2
GDF2	16738	6011	6199	P1P2	6199	P1P2
GDF3	10267	6012	6200	P1P2	6200	P1P2
GDF5	8126	6013	6201	P1P2	6201	P1P2
GDF6	9671	6015	6202	P2	6202	P2
GDF7	18735	6016	6203	P1P2	6203	P1P2
GDF9	13120	6017	6204	P1P2	6204	P1P2
GDI1	3642	6018	6205	P1P2	6205	P1P2
GDI2	15458	6019	6206	P2	6206	P1
GDNF	16114	6020	6207	P1P2	6207	P1P2
GDPD1	13849	6021	6209	P1P2	6209	P1P2
GDPD2	7563	6022	6210	P1P2	6210	P1P2
GDPD3	4178	6023	6211	P1P2	6211	P1P2
GDPD4	6855	6024	6212	P1P2	6212	P1P2
GDPD5	8543	6025	6213	P1P2	6213	P1P2
GDPGP1	18184	6026	6214	P1P2	6214	P1P2
GEM	11528	6027	6215	P2	6215	P2
GEMIN2	17291	6028	6216	P1P2	6216	P1P2
GEMIN4	126	6029	6217	P1P2	6217	P1P2
GEMIN5	16233	6030	6218	P1P2	6218	P1P2
GEMIN6	11678	6031	6219	P1P2	6219	P1P2
GEMIN7	17293	6032	6220	P1P2	6220	P1P2
GEMIN8	5080	6033	6221	P1P2	6221	P1P2
GEN1	7969	6034	6222	P1P2	6222	P1P2
GET4	13384	6035	6223	P1P2	6223	P1P2
GFAP	5353	6036	6224	P2	6224	P2
GFER	6151	6037	6225	P1P2	6225	P1P2
GFI1	15071	6038	6226	P1	6226	P2
GFI1B	12825	6039	6227	P1P2	6227	P1P2
GFM1	7278	6040	6228	P1P2	6228	P1P2
GFM2	12269	6041	6229	P1P2	6229	P1P2
GFOD1	8768	6042	6230	P1P2	6230	P1P2
GFOD2	12197	6043	6231	P1P2	6231	P1P2
GFPT1	18399	6044	6232	P1P2	6232	P1P2
GFPT2	406	6045	6233	P2	6233	P1
GFRA1	5299	6046	6234	P1P2	6234	P1P2
GFRA2	11364	6047	6235	P1P2	6235	P1P2
GFRA3	2708	6048	6236	P1P2	6236	P1P2
GFRA4	6632	6049	6237	ENST00000290417.2,ENST00000319242.3	6237	ENST00000290417.2,ENST00000319242.3
GFRAL	11465	6050	6238	P1P2	6238	P1P2
GGA1	17281	6051	6239	P1P2	6239	P1P2
GGA2	4111	6052	6240	P1P2	6240	P1P2
GGA3	3248	6053	6241	P1P2	6241	P1P2
GGACT	13308	6054	6242	P1P2	6242	P1P2
GGCT	6669	6055	6243	P1P2	6243	P1P2
GGCX	6312	6056	6244	P1P2	6244	P1P2
GGH	15499	6057	6245	P1P2	6245	P1P2
GGN	17442	6058	6246	P1P2	6246	P1P2
GGNBP2	1989	6059	6247	P1P2	6247	P1P2
GGPS1	13328	6060	6248	P1P2	6248	P1P2
GGT5	6569	6061	6251	P1P2	6251	P1P2
GGT6	11341	6062	6252	P1P2	6252	P1P2
GGT7	11133	6063	6253	P1P2	6253	P1P2
GH1	7203	6064	6254	P1P2	6254	P1P2
GH2	10976	6065	6255	P1P2	6255	P1P2
GHDC	2527	6066	6256	P1P2	6256	P1P2
GHITM	15920	6067	6257	P1P2	6257	P1P2
GHR	784	6068	6258	P1P2	6258	P1P2
GHRH	6153	6069	6259	P1P2	6259	P1P2
GHRHR	13743	6070	6260	P1	6260	P2
GHRL	15715	6071	6261	P1P2	6261	P1P2
GHSR	12323	6072	6262	P1P2	6262	P1P2
GID4	18674	6073	6263	P1P2	6263	P1P2
GID8	16710	6074	6264	P1P2	6264	P1P2
GIGYF1	7093	6076	6266	P1	6266	P2
GIGYF2	10329	6077	6267	P1P2	6267	P1P2
GIMAP1	17733	6078	6268	ENST00000307194.5	6268	ENST00000307194.5
GIMAP2	5594	6079	6269	P1P2	6269	P1P2
GIMAP4	215	6080	6270	P1P2	6270	P1P2
GIMAP5	628	6081	6271	P1P2	6271	P1P2
GIMAP6	10606	6082	6272	P1P2	6272	P1P2
GIMAP7	17834	6083	6273	P1P2	6273	P1P2
GIMAP8	9638	6084	6274	P1P2	6274	P1P2
GIN1	9693	6085	6276	P1P2	6276	P1P2
GINM1	3340	6086	6277	P1P2	6277	P1P2
GINS1	9175	6087	6278	P1P2	6278	P1P2
GINS3	6521	6089	6279	P1P2	6279	P1P2
GIP	4965	6091	6280	P1P2	6280	P1P2
GIPC1	10433	6092	6281	P1P2	6281	P1P2
GIPC2	6892	6093	6282	P1P2	6282	P1P2
GIPC3	15550	6094	6283	P1P2	6283	P1P2
GIPR	16120	6095	6284	P1P2	6284	P1P2
GIT1	10595	6096	6285	P1P2	6285	P1P2
GIT2	2434	6097	6286	P1P2	6286	P1P2
GJA1	2582	6098	6287	P1P2	6287	P1P2
GJA10	18286	6099	6288	ENST00000369352.1	6288	ENST00000369352.1
GJA3	12394	6100	6289	P1P2	6289	P1P2
GJA4	16531	6101	6290	P1P2	6290	P1P2
GJA5	15209	6102	6291	P1	6291	P1
GJA8	15013	6103	6292	P1P2	6292	P1P2
GJA9	8945	6104	6293	P1P2	6293	P1P2
GJB1	1234	6105	6294	P2	6294	P1
GJB2	2455	6106	6295	P2	6295	P1
GJB3	9642	6107	6296	P1P2	6296	P1P2
GJB4	1923	6108	6297	P1P2	6297	P1P2
GJB5	14709	6109	6298	P1P2	6298	P1P2
GJB6	12073	6110	6299	P1	6299	P1
GJB7	2181	6111	6300	ENST00000525899.1	6300	ENST00000525899.1
GJC1	9440	6112	6301	P1P2	6301	P1P2
GJC2	17826	6113	6302	P1P2	6302	P1P2
GJC3	10283	6114	6303	P1P2	6303	P1P2
GJD2	11381	6115	6304	P1P2	6304	P1P2
GJD3	2644	6116	6305	P1	6305	P1
GJD4	14748	6117	6306	ENST00000321660.1	6306	ENST00000321660.1
GK	1193	6119	6308	P1P2	6308	P1P2
GK2	7032	6120	6309	P1P2	6309	P1P2
GK5	18387	6121	6310	P1P2	6310	P1P2
GKAP1	17714	6122	6311	P1P2	6311	P1P2
GKN1	3817	6123	6312	P1P2	6312	P1P2
GKN2	11250	6124	6313	P1P2	6313	P1P2
GLA	1950	6125	6314	P1P2	6314	P1P2
GLB1	9251	6126	6315	P1P2	6315	P1P2
GLB1L	6535	6127	6316	P1	6316	P1
GLB1L2	8425	6128	6317	P1P2	6317	P1P2
GLB1L3	2947	6129	6318	P1P2	6318	P1P2
GLCCI1	2525	6130	6319	P1P2	6319	P1P2
GLCE	7912	6131	6320	P1P2	6320	P1P2
GLDC	8107	6132	6321	P1P2	6321	P1P2
GLDN	18486	6133	6322	P1P2	6322	P1P2
GLE1	6313	6134	6323	P1P2	6323	P1P2
GLG1	14225	6135	6324	P1P2	6324	P1P2
GLI1	13301	6136	6325	P1P2	6325	P1P2
GLI2	9309	6137	6326	ENST00000452319.1	6326	ENST00000452319.1
GLI3	14644	6138	6327	P1P2	6327	P1P2
GLI4	6906	6139	6328	P1P2	6328	P1P2
GLIPR1	6905	6140	6329	P1P2	6329	P1P2
GLIPR1L1	4210	6141	6330	P1P2	6330	P1P2
GLIPR1L2	6294	6142	6331	P1P2	6331	P1P2
GLIPR2	11241	6143	6332	P1P2	6332	P1P2
GLIS1	5567	6144	6333	ENST00000312233.2	6333	ENST00000312233.2
GLIS2	2000	6145	6334	P1P2	6334	P1P2
GLIS3	6983	6146	6335	P1P2	6335	P1P2
GLMN	14926	6147	6336	P1P2	6336	P1P2
GLO1	18501	6148	6337	P1P2	6337	P1P2
GLOD4	6082	6149	6338	P1P2	6338	P1P2
GLP1R	377	6150	6340	P1P2	6340	P1P2
GLP2R	9016	6151	6341	P1P2	6341	P1P2
GLRA1	11684	6152	6342	P1P2	6342	P1P2
GLRA2	12246	6153	6343	P1P2	6343	P1P2
GLRA3	3008	6154	6344	P1P2	6344	P1P2
GLRA4	18217	6155	6345	P1P2	6345	P1P2
GLRB	12503	6156	6346	P1P2	6346	P1P2
GLRX	12236	6157	6347	P1P2	6347	P1P2
GLRX2	16327	6158	6348	P1P2	6348	P1P2
GLRX3	15937	6159	6349	P1P2	6349	P1P2
GLRX5	12227	6160	6350	P1P2	6350	P1P2
GLS	9420	6161	6351	P1P2	6351	P1P2
GLS2	10760	6162	6352	P1P2	6352	P1P2
GLT1D1	11781	6163	6353	P1P2	6353	P1P2
GLT6D1	1952	6164	6354	ENST00000371763.1	6354	ENST00000371763.1
GLT8D1	9764	6165	6355	P1P2	6355	P1P2
GLT8D2	13497	6166	6356	P1P2	6356	P1P2
GLTP	13337	6167	6357	P1P2	6357	P1P2
GLTPD2	15548	6169	6359	P1P2	6359	P1P2
GLUD1	11497	6173	6363	P1P2	6363	P1P2
GLUD2	13543	6174	6364	P1P2	6364	P1P2
GLUL	11702	6175	6365	P1P2	6365	P1P2
GLYAT	11353	6176	6366	P1P2	6366	P1P2
GLYATL1	9445	6177	6367	P2	6367	P2
GLYATL2	16722	6178	6368	P1P2	6368	P1P2
GLYATL3	12995	6179	6369	P1P2	6369	P1P2
GLYCTK	3553	6180	6370	P1	6370	P1
GLYR1	15477	6181	6371	P1P2	6371	P1P2
GM2A	2813	6182	6372	P1P2	6372	P1P2
GMCL1	12495	6183	6373	P1P2	6373	P1P2
GMDS	17429	6184	6374	P1P2	6374	P1P2
GMEB1	11164	6185	6375	P1P2	6375	P1P2
GMEB2	12997	6186	6376	P1P2	6376	P1P2
GMFB	8663	6187	6377	P1P2	6377	P1P2
GMFG	10432	6188	6378	P1P2	6378	P1P2
GMIP	214	6189	6379	P1P2	6379	P1P2
GML	730	6190	6380	P1	6380	P2
GMNC	18444	6191	6381	P1P2	6381	P1P2
GMNN	11836	6192	6382	P1P2	6382	P1P2
GMPPA	11163	6193	6383	P1P2	6383	P1P2
GMPR	7187	6195	6384	P1P2	6384	P1P2
GMPR2	1273	6196	6385	P1P2	6385	P1P2
GMPS	1299	6197	6386	P1P2	6386	P1P2
GNA11	7	6198	6387	P1P2	6387	P1P2
GNA12	8707	6199	6388	P1P2	6388	P1P2
GNA13	15794	6200	6389	P1P2	6389	P1P2
GNA14	17021	6201	6390	P1P2	6390	P1P2
GNA15	11310	6202	6391	P1P2	6391	P1P2
GNAI1	5356	6203	6392	P1P2	6392	P1P2
GNAI2	18467	6204	6393	P1P2	6393	P1P2
GNAI3	14976	6205	6394	P1P2	6394	P1P2
GNAL	9709	6206	6395	ENST00000269162.5,ENST00000535121.1	6395	ENST00000423027.3
GNAO1	14087	6207	6396	P1P2	6396	P1P2
GNAQ	16827	6208	6397	P1P2	6397	P1P2
GNAS	18497	6209	6398	P1P2	6398	P1P2
GNAT1	15247	6210	6399	P2	6399	P1
GNAT2	14484	6211	6400	P1P2	6400	P1P2
GNAT3	1880	6212	6401	P1P2	6401	P1P2
GNAZ	5858	6213	6402	P1P2	6402	P1P2
GNB1	17209	6214	6403	P1P2	6403	P1P2
GNB1L	10472	6215	6404	P1P2	6404	P1P2
GNB2	16191	6216	6405	P1P2	6405	P1P2
GNB3	10037	6218	6407	P1P2	6407	P1P2
GNB4	9686	6219	6408	P1P2	6408	P1P2
GNB5	16536	6220	6409	P1P2	6409	P1P2
GNE	1383	6221	6410	P1P2	6410	P1P2
GNG10	9324	6222	6411	P1P2	6411	P1P2
GNG11	3680	6223	6412	P1P2	6412	P1P2
GNG12	5920	6224	6413	P1P2	6413	P1P2
GNG13	7374	6225	6414	P1P2	6414	P1P2
GNG2	8794	6226	6415	P1P2	6415	P1P2
GNG3	2020	6227	6416	P1P2	6416	P1P2
GNG4	18439	6228	6417	P1P2	6417	P1P2
GNG7	3402	6229	6419	P1P2	6419	P1P2
GNG8	4690	6230	6420	P1P2	6420	P1P2
GNGT1	3969	6231	6421	P1P2	6421	P1P2
GNGT2	18828	6232	6422	P1	6422	P1
GNL1	5623	6233	6423	P1P2	6423	P1P2
GNL3	10996	6235	6424	P1P2	6424	P1P2
GNL3L	7525	6236	6425	P1P2	6425	P1P2
GNLY	8737	6237	6426	P1P2	6426	P1P2
GNMT	13417	6238	6427	P1P2	6427	P1P2
GNPAT	7990	6239	6428	P1P2	6428	P1P2
GNPDA1	13733	6240	6429	P1P2	6429	P1P2
GNPDA2	12597	6241	6430	P1P2	6430	P1P2
GNPNAT1	1765	6242	6431	P1P2	6431	P1P2
GNPTAB	14769	6243	6432	P1P2	6432	P1P2
GNPTG	6017	6244	6433	P1P2	6433	P1P2
GNRH1	1899	6245	6434	P1P2	6434	P1P2
GNRH2	2746	6246	6435	P1P2	6435	P1P2
GNRHR	16035	6247	6436	P1P2	6436	P1P2
GNS	18887	6248	6437	P1P2	6437	P1P2
GOLGA1	4517	6249	6438	P1P2	6438	P1P2
GOLGA2	9010	6250	6439	P1P2	6439	P1P2
GOLGA3	5046	6251	6440	P1P2	6440	P1P2
GOLGA4	18884	6252	6441	P1P2	6441	P1P2
GOLGA5	3050	6253	6442	P1P2	6442	P1P2
GOLGA6L2	10103	6254	6444	P1P2	6444	P1P2
GOLGA7	13769	6255	6445	P1P2	6445	P1P2
GOLGA7B	18852	6256	6446	P1P2	6446	P1P2
GOLGB1	3386	6258	6449	P1P2	6449	P1P2
GOLIM4	12558	6259	6450	P1P2	6450	P1P2
GOLM1	14412	6260	6451	P1P2	6451	P1P2
GOLPH3	6429	6261	6452	P1P2	6452	P1P2
GOLPH3L	16601	6262	6453	P1P2	6453	P1P2
GOLT1A	5924	6263	6454	P1P2	6454	P1P2
GOLT1B	9991	6264	6455	P1P2	6455	P1P2
GON4L	18525	6265	6456	P1	6456	P1
GOPC	13142	6266	6457	P1P2	6457	P1P2
GORAB	6208	6267	6458	P1P2	6458	P1P2
GORASP1	1788	6268	6459	P1P2	6459	P1P2
GORASP2	5921	6269	6460	P1P2	6460	P1P2
GOSR1	11313	6270	6461	P1P2	6461	P1P2
GOSR2	16564	6271	6462	P1P2	6462	P1P2
GOT1	17030	6272	6463	P1P2	6463	P1P2
GOT1L1	5939	6273	6464	P1P2	6464	P1P2
GOT2	7229	6274	6465	P1P2	6465	P1P2
GP1BA	12881	6275	6466	P1P2	6466	P1P2
GP1BB	6281	6276	6467	P1P2	6467	P1P2
GP2	6067	6277	6468	P2	6468	P1
GP5	5842	6278	6469	P1P2	6469	P1P2
GP6	18089	6279	6470	P1P2	6470	P1P2
GP9	8470	6280	6471	P1P2	6471	P1P2
GPA33	5673	6281	6472	P1P2	6472	P1P2
GPAA1	10299	6282	6473	P1P2	6473	P1P2
GPALPP1	10615	6283	6474	P1P2	6474	P1P2
GPAM	12444	6284	6475	P1P2	6475	P1P2
GPANK1	5249	6285	6476	P1P2	6476	P1P2
GPAT2	9089	6286	6477	ENST00000434632.1	6477	ENST00000434632.1
GPATCH1	18234	6287	6478	P1P2	6478	P1P2
GPATCH11	8676	6288	6479	P1P2	6479	P1P2
GPATCH2	9583	6289	6480	P1P2	6480	P1P2
GPATCH2L	15705	6290	6481	P1P2	6481	P1P2
GPATCH3	14839	6291	6482	P1P2	6482	P1P2
GPATCH4	2095	6292	6483	P1P2	6483	P1P2
GPATCH8	10082	6293	6484	P1P2	6484	P1P2
GPBAR1	18169	6294	6485	P1P2	6485	P1P2
GPBP1	1430	6295	6486	P1P2	6486	P1P2
GPBP1L1	12845	6296	6487	P1P2	6487	P1P2
GPC1	11846	6297	6488	P1P2	6488	P1P2
GPC2	3427	6298	6489	P1P2	6489	P1P2
GPC3	8978	6299	6490	P1P2	6490	P1P2
GPC4	16055	6300	6491	P1P2	6491	P1P2
GPC5	16473	6301	6492	P1P2	6492	P1P2
GPC6	2997	6302	6493	P1P2	6493	P1P2
GPCPD1	12447	6303	6494	P1P2	6494	P1P2
GPD1	6007	6304	6495	P1P2	6495	P1P2
GPD1L	15575	6305	6496	P1P2	6496	P1P2
GPD2	7354	6306	6497	P1P2	6497	P1P2
GPER1	4788	6307	6498	P1P2	6498	P1P2
GPHA2	18161	6308	6499	P1P2	6499	P1P2
GPHN	15142	6309	6501	P1P2	6501	P1P2
GPI	533	6310	6502	P1P2	6502	P1P2
GPIHBP1	16730	6311	6503	P1P2	6503	P1P2
GPKOW	15310	6312	6504	P1P2	6504	P1P2
GPLD1	12612	6313	6505	P1P2	6505	P1P2
GPM6A	13703	6314	6506	P2	6506	P2
GPM6B	5486	6315	6507	ENST00000356942.5	6507	ENST00000356942.5
GPN1	7734	6316	6508	P1P2	6508	P1P2
GPN2	7081	6317	6509	P1P2	6509	P1P2
GPN3	11282	6318	6510	P1P2	6510	P1P2
GPNMB	9325	6319	6511	P2	6511	P2
GPR1	16929	6320	6512	P1P2	6512	P1P2
GPR101	16138	6321	6513	P1P2	6513	P1P2
GPR107	4839	6322	6514	P1P2	6514	P1P2
GPR108	6444	6323	6515	P1P2	6515	P1P2
GPR119	13599	6331	6523	P1P2	6523	P1P2
GPR12	18164	6332	6524	P1P2	6524	P1P2
GPR132	6694	6338	6530	P1P2	6530	P1P2
GPR135	1653	6340	6532	P1P2	6532	P1P2
GPR137	12066	6341	6533	P1	6533	P2
GPR137B	2747	6342	6534	P1P2	6534	P1P2
GPR137C	9105	6343	6535	P1P2	6535	P1P2
GPR139	577	6344	6536	P1P2	6536	P1P2
GPR141	10274	6345	6537	P1P2	6537	P1P2
GPR142	6919	6346	6538	ENST00000335666.4	6538	ENST00000335666.4
GPR143	5509	6347	6539	P1P2	6539	P1P2
GPR146	2579	6349	6541	P2	6541	P1
GPR148	5091	6350	6542	ENST00000309926.4	6542	ENST00000309926.4
GPR149	18398	6351	6543	P1P2	6543	P1P2
GPR15	16985	6352	6544	P1P2	6544	P1P2
GPR150	14359	6353	6545	P1P2	6545	P1P2
GPR151	4240	6354	6546	ENST00000311104.2	6546	ENST00000311104.2
GPR152	3507	6355	6547	ENST00000312457.2	6547	ENST00000312457.2
GPR153	13587	6356	6548	P1P2	6548	P1P2
GPR155	18997	6357	6549	P1P2	6549	P1P2
GPR156	17098	6358	6550	P1P2	6550	P1P2
GPR157	2592	6359	6551	P1P2	6551	P1P2
GPR158	1848	6360	6552	P1P2	6552	P1P2
GPR160	4818	6361	6553	P1P2	6553	P1P2
GPR161	17208	6362	6554	P1P2	6554	P1P2
GPR162	8466	6363	6555	P1P2	6555	P1P2
GPR17	15862	6364	6556	P1P2	6556	P1P2
GPR171	6209	6365	6557	P1P2	6557	P1P2
GPR173	1693	6366	6558	P1P2	6558	P1P2
GPR174	13347	6367	6559	P1P2	6559	P1P2
GPR176	3017	6368	6560	P1P2	6560	P1P2
GPR179	4202	6369	6561	P1P2	6561	P1P2
GPR18	14781	6370	6562	P1P2	6562	P1P2
GPR180	5377	6371	6563	P1P2	6563	P1P2
GPR182	12402	6372	6564	P1P2	6564	P1P2
GPR183	5471	6373	6565	P1P2	6565	P1P2
GPR19	6295	6374	6566	P1	6566	P2
GPR20	16580	6375	6567	P1P2	6567	P1P2
GPR21	8045	6376	6568	P1P2	6568	P1P2
GPR22	8157	6377	6569	P1P2	6569	P1P2
GPR25	12257	6378	6570	P1P2	6570	P1P2
GPR26	17914	6379	6571	P1P2	6571	P1P2
GPR27	13022	6380	6572	P1P2	6572	P1P2
GPR3	1201	6381	6573	P1P2	6573	P1P2
GPR31	2409	6382	6574	P1P2	6574	P1P2
GPR32	15482	6383	6575	P1P2	6575	P1P2
GPR34	13229	6384	6577	P1P2	6577	P1P2
GPR35	12293	6385	6578	P2	6578	P1
GPR37	5239	6386	6579	P1P2	6579	P1P2
GPR37L1	4283	6387	6580	P1P2	6580	P1P2
GPR39	17990	6388	6581	P1P2	6581	P1P2
GPR4	11674	6389	6582	P1P2	6582	P1P2
GPR45	13187	6390	6583	P1P2	6583	P1P2
GPR50	5259	6391	6584	P1P2	6584	P1P2
GPR52	16382	6392	6585	P1P2	6585	P1P2
GPR55	5957	6393	6586	P1P2	6586	P1P2
GPR6	2590	6395	6588	P1P2	6588	P1P2
GPR61	12038	6396	6589	P1P2	6589	P1P2
GPR62	17239	6397	6590	P1P2	6590	P1P2
GPR63	7006	6398	6591	P1P2	6591	P1P2
GPR65	14797	6400	6593	P1P2	6593	P1P2
GPR68	7292	6401	6594	P1P2	6594	P1P2
GPR78	16174	6403	6596	P1P2	6596	P1P2
GPR82	17032	6404	6597	P1P2	6597	P1P2
GPR83	3258	6405	6598	P1P2	6598	P1P2
GPR84	2934	6406	6599	P1P2	6599	P1P2
GPR85	4061	6407	6600	P1P2	6600	P1P2
GPR87	2732	6408	6601	P1P2	6601	P1P2
GPR88	14308	6409	6602	P1P2	6602	P1P2
GPRASP1	6092	6412	6607	P1P2	6607	P1P2
GPRASP2	7198	6413	6608	P1P2	6608	P1P2
GPRC5A	12805	6414	6609	P1	6609	P2
GPRC5B	1010	6415	6610	P1P2	6610	P1P2
GPRC5C	17529	6416	6611	P1P2	6611	P1P2
GPRC5D	3373	6417	6612	P1P2	6612	P1P2
GPRC6A	13888	6418	6613	P1P2	6613	P1P2
GPRIN1	13734	6419	6614	P1P2	6614	P1P2
GPRIN2	386	6420	6615	P1P2	6615	P1P2
GPRIN3	3486	6421	6616	P1P2	6616	P1P2
GPS1	8574	6422	6617	P1P2	6617	P1P2
GPS2	3700	6423	6618	P1P2	6618	P1P2
GPSM1	1882	6424	6619	P1P2	6619	P1P2
GPSM2	17984	6425	6620	P1P2	6620	P1P2
GPSM3	6396	6426	6621	P1P2	6621	P1P2
GPT	5542	6427	6622	P1	6622	P2
GPT2	2115	6428	6623	P1P2	6623	P1P2
GPX1	5030	6429	6624	P1P2	6624	P1P2
GPX2	4008	6430	6625	P1P2	6625	P1P2
GPX3	12567	6431	6626	P1P2	6626	P1P2
GPX4	10004	6432	6627	P1P2	6627	P1P2
GPX5	6760	6433	6628	P1P2	6628	P1P2
GPX6	15365	6434	6629	ENST00000361902.1	6629	ENST00000361902.1
GPX7	9124	6435	6630	P1P2	6630	P1P2
GPX8	3495	6436	6631	P1P2	6631	P1P2
GRAMD1A	8573	6437	6632	P1P2	6632	P1P2
GRAMD1B	3625	6438	6633	ENST00000322282.7,ENST00000529750.1	6633	ENST00000322282.7,ENST00000529750.1
GRAMD1C	17304	6439	6634	P1P2	6634	P1P2
GRAMD4	2334	6442	6637	ENST00000361034.3	6637	ENST00000361034.3
GRAP	2611	6443	6638	ENST00000284154.5	6638	ENST00000284154.5
GRAP2	7039	6444	6639	P1P2	6639	P1P2
GRB10	9944	6446	6642	P2	6642	P1
GRB14	4800	6447	6643	P1P2	6643	P1P2
GRB2	1264	6448	6644	P1	6644	P1
GRB7	1473	6449	6645	P1P2	6645	P1P2
GREB1	10556	6450	6646	P1P2	6646	P1P2
GREB1L	1914	6451	6647	P1P2	6647	P1P2
GREM1	14634	6452	6648	P1P2	6648	P1P2
GREM2	13183	6453	6649	P1P2	6649	P1P2
GRHL1	1027	6454	6650	P1P2	6650	P1P2
GRHL2	2355	6455	6651	P1P2	6651	P1P2
GRHL3	9579	6456	6652	P1P2	6652	P1P2
GRHPR	12330	6457	6653	P2	6653	P2
GRIA1	8953	6458	6654	P1P2	6654	P1P2
GRIA2	16286	6459	6655	P1P2	6655	P1P2
GRIA3	10516	6460	6656	P1P2	6656	P1P2
GRIA4	18005	6461	6657	P1P2	6657	P1P2
GRID1	10292	6462	6658	P1P2	6658	P1P2
GRID2	16889	6463	6659	P1P2	6659	P1P2
GRID2IP	1190	6464	6660	P1	6660	P2
GRIK1	7487	6465	6661	P1P2	6661	P1P2
GRIK2	10853	6466	6662	P1P2	6662	P1P2
GRIK3	5401	6467	6663	P1P2	6663	P1P2
GRIK4	5862	6468	6664	P1P2	6664	P1P2
GRIK5	3032	6469	6665	P1P2	6665	P1P2
GRIN1	13781	6470	6666	P1P2	6666	P1P2
GRIN2A	180	6471	6667	P1P2	6667	P1P2
GRIN2B	4949	6472	6668	P1P2	6668	P1P2
GRIN2C	13791	6473	6669	P1P2	6669	P1P2
GRIN2D	17059	6474	6670	P1P2	6670	P1P2
GRIN3A	1995	6475	6671	P1P2	6671	P1P2
GRIN3B	3448	6476	6672	P1P2	6672	P1P2
GRINA	18963	6477	6673	P1P2	6673	P1P2
GRIP1	5838	6478	6674	ENST00000398016.3	6674	ENST00000398016.3
GRIPAP1	2062	6479	6676	P1P2	6676	P1P2
GRK1	16335	6480	6677	P1P2	6677	P1P2
GRK4	4083	6481	6678	P1P2	6678	P1P2
GRK5	11289	6482	6679	P1P2	6679	P1P2
GRK6	2505	6483	6680	P1P2	6680	P1P2
GRK7	9480	6484	6681	P1P2	6681	P1P2
GRM1	764	6485	6682	P1P2	6682	P1P2
GRM2	3484	6486	6683	P1P2	6683	P1P2
GRM3	1722	6487	6684	P1P2	6684	P1P2
GRM4	3499	6488	6685	P1	6685	P1
GRM5	1214	6489	6686	P2	6686	P1
GRM6	304	6490	6687	P1P2	6687	P1P2
GRM7	1920	6491	6688	P1	6688	P1
GRM8	4036	6492	6689	P1P2	6689	P1P2
GRN	1092	6493	6690	P1P2	6690	P1P2
GRP	16010	6494	6691	P1P2	6691	P1P2
GRPEL1	10437	6495	6692	P1P2	6692	P1P2
GRPEL2	18472	6496	6693	P1P2	6693	P1P2
GRPR	13447	6497	6694	P1P2	6694	P1P2
GRSF1	17150	6498	6695	P1P2	6695	P1P2
GRTP1	16057	6499	6696	P1P2	6696	P1P2
GRWD1	13508	6500	6697	P1P2	6697	P1P2
GRXCR1	8112	6501	6698	P1P2	6698	P1P2
GRXCR2	17777	6502	6699	ENST00000377976.1	6699	ENST00000377976.1
GSAP	610	6503	6700	P1P2	6700	P1P2
GSC	16380	6504	6701	P1P2	6701	P1P2
GSC2	15446	6505	6702	P1P2	6702	P1P2
GSDMA	14299	6506	6703	P1P2	6703	P1P2
GSDMB	11996	6507	6704	P1P2	6704	P1P2
GSDMC	2431	6508	6705	P1P2	6705	P1P2
GSDMD	543	6509	6706	P1P2	6706	P1P2
GSE1	9820	6510	6707	P1P2	6707	P1P2
GSG1	4918	6511	6708	P1P2	6708	P1P2
GSG1L	16519	6512	6709	P1P2	6709	P1P2
GSK3A	4265	6514	6711	P1P2	6711	P1P2
GSK3B	11651	6515	6712	P1P2	6712	P1P2
GSKIP	9367	6516	6713	P1P2	6713	P1P2
GSN	18304	6517	6714	P1P2	6714	P1P2
GSPT1	1603	6518	6715	P1P2	6715	P1P2
GSPT2	18675	6519	6716	P1P2	6716	P1P2
GSR	8522	6520	6717	P1P2	6717	P1P2
GSS	8495	6521	6718	P1P2	6718	P1P2
GSTA1	16863	6522	6719	P1P2	6719	P1P2
GSTA4	13575	6523	6722	P1	6722	P1
GSTA5	10887	6524	6723	P1P2	6723	P1P2
GSTCD	6161	6525	6724	P1P2	6724	P1P2
GSTK1	9098	6526	6725	P1P2	6725	P1P2
GSTM2	10508	6527	6727	P1	6727	P1
GSTM3	15012	6528	6728	P1P2	6728	P1P2
GSTM5	13325	6530	6729	P1P2	6729	P1P2
GSTO1	8204	6531	6730	P1P2	6730	P1P2
GSTO2	15244	6532	6731	P1P2	6731	P1P2
GSTP1	582	6533	6732	P1P2	6732	P1P2
GSTT1	8618	6534	6733	P1P2	6733	P1P2
GSTZ1	14761	6535	6735	P1P2	6735	P1P2
GSX1	4523	6536	6736	P1P2	6736	P1P2
GSX2	2520	6537	6737	P1P2	6737	P1P2
GTDC1	18343	6538	6738	P1P2	6738	P1P2
GTF2A1	13767	6539	6739	P1P2	6739	P1P2
GTF2A2	15771	6540	6741	P1P2	6741	P1P2
GTF2B	12932	6541	6742	P1P2	6742	P1P2
GTF2E1	8502	6542	6743	P1P2	6743	P1P2
GTF2E2	4057	6543	6744	P1P2	6744	P1P2
GTF2F1	4720	6544	6745	P1P2	6745	P1P2
GTF2F2	14314	6545	6746	P1P2	6746	P1P2
GTF2H1	7893	6546	6747	P1P2	6747	P1P2
GTF2H3	12340	6547	6750	P1P2	6750	P1P2
GTF2H4	3441	6548	6751	P1P2	6751	P1P2
GTF2H5	7339	6549	6752	P1P2	6752	P1P2
GTF2I	3629	6550	6753	P1P2	6753	P1P2
GTF2IRD1	2141	6551	6754	P1P2	6754	P1P2
GTF3C1	2643	6552	6758	P1P2	6758	P1P2
GTF3C2	2351	6553	6759	P1P2	6759	P1P2
GTF3C3	11256	6554	6760	P1P2	6760	P1P2
GTF3C4	17029	6555	6761	P1P2	6761	P1P2
GTF3C5	17576	6556	6762	P1P2	6762	P1P2
GTF3C6	13049	6557	6763	P1P2	6763	P1P2
GTPBP1	17338	6558	6764	P1P2	6764	P1P2
GTPBP10	6723	6559	6765	P1P2	6765	P1P2
GTPBP2	14982	6560	6766	P1P2	6766	P1P2
GTPBP3	7569	6561	6767	P1P2	6767	P1P2
GTPBP4	14124	6562	6768	P1P2	6768	P1P2
GTPBP8	15313	6563	6770	P1P2	6770	P1P2
GTSE1	9859	6564	6772	P1P2	6772	P1P2
GTSF1	14211	6565	6773	P1P2	6773	P1P2
GTSF1L	3583	6566	6774	P1P2	6774	P1P2
GUCA1A	10757	6567	6775	P2	6775	P2
GUCA1B	9018	6568	6776	P1P2	6776	P1P2
GUCA1C	9523	6569	6777	P1P2	6777	P1P2
GUCA2A	6561	6570	6778	P1P2	6778	P1P2
GUCA2B	6103	6571	6779	P1P2	6779	P1P2
GUCD1	3087	6572	6780	P1P2	6780	P1P2
GUCY1A2	2436	6573	6781	P1P2	6781	P1P2
GUCY2C	6583	6576	6784	P1P2	6784	P1P2
GUCY2D	14636	6577	6785	P1P2	6785	P1P2
GUCY2F	387	6578	6786	P1P2	6786	P1P2
GUF1	3091	6579	6787	P1P2	6787	P1P2
GUK1	15980	6580	6788	P1P2	6788	P1P2
GULP1	1741	6581	6789	P1P2	6789	P1P2
GUSB	17220	6582	6790	P1P2	6790	P1P2
GXYLT1	693	6584	6792	P1P2	6792	P1P2
GXYLT2	8394	6585	6793	P1P2	6793	P1P2
GYG1	14713	6586	6794	P1P2	6794	P1P2
GYG2	13661	6587	6795	P1P2	6795	P1P2
GYPA	6306	6589	6797	P1P2	6797	P1P2
GYPC	6055	6590	6799	P1P2	6799	P1P2
GYPE	16685	6591	6800	P1P2	6800	P1P2
GYS1	16514	6592	6801	P1P2	6801	P1P2
GYS2	15370	6593	6802	P1P2	6802	P1P2
GZF1	9672	6594	6803	P1P2	6803	P1P2
GZMA	14810	6595	6804	P1P2	6804	P1P2
GZMB	8767	6596	6805	P1P2	6805	P1P2
GZMH	3474	6597	6806	P1P2	6806	P1P2
GZMK	3644	6598	6807	P1P2	6807	P1P2
GZMM	18944	6599	6808	P1P2	6808	P1P2
H6PD	18329	6614	6825	P2	6825	P2
HAAO	18125	6615	6826	P1P2	6826	P1P2
HABP2	2617	6616	6827	P1P2	6827	P1P2
HABP4	11794	6617	6828	P1P2	6828	P1P2
HACE1	14283	6618	6829	P1P2	6829	P1P2
HACL1	11766	6619	6830	P1P2	6830	P1P2
HADH	12687	6620	6831	P1P2	6831	P1P2
HADHA	17062	6621	6832	P1P2	6832	P1P2
HADHB	943	6622	6833	P1P2	6833	P1P2
HAGH	16151	6623	6834	P1P2	6834	P1P2
HAGHL	14650	6624	6835	P1P2	6835	P1P2
HAL	11232	6625	6836	P1P2	6836	P1P2
HAMP	1525	6626	6837	P1P2	6837	P1P2
HAND1	17953	6627	6838	P1P2	6838	P1P2
HAND2	2040	6628	6839	P2	6839	P1
HAO1	8541	6629	6840	P1P2	6840	P1P2
HAO2	4117	6630	6841	P1P2	6841	P1P2
HAP1	10364	6631	6842	P1P2	6842	P1P2
HAPLN1	11818	6632	6843	P1P2	6843	P1P2
HAPLN2	8962	6633	6844	P1P2	6844	P1P2
HAPLN3	2867	6634	6845	P1	6845	P1
HAPLN4	401	6635	6846	P2	6846	P1
HARBI1	6711	6636	6847	P1P2	6847	P1P2
HARS2	5711	6638	6849	P1P2	6849	P1P2
HAS1	4955	6639	6850	P1	6850	P1
HAS2	6256	6640	6851	P1P2	6851	P1P2
HAS3	14649	6641	6852	P1P2	6852	P1P2
HAT1	19015	6642	6853	P1P2	6853	P1P2
HAUS1	4711	6643	6854	P1P2	6854	P1P2
HAUS2	809	6644	6855	P1P2	6855	P1P2
HAUS3	6069	6645	6856	P1P2	6856	P1P2
HAUS4	3765	6646	6857	P1P2	6857	P1P2
HAUS5	13132	6647	6858	P1P2	6858	P1P2
HAUS6	507	6648	6859	P1P2	6859	P1P2
HAUS8	2990	6649	6861	P1P2	6861	P1P2
HAVCR1	18406	6650	6862	P1P2	6862	P1P2
HAVCR2	15227	6651	6863	ENST00000307851.4	6863	ENST00000307851.4
HAX1	1590	6652	6864	P1P2	6864	P1P2
HBB	9373	6653	6866	P1	6866	P2
HBE1	453	6655	6867	P1P2	6867	P1P2
HBEGF	207	6656	6868	P1P2	6868	P1P2
HBM	11703	6657	6871	P1P2	6871	P1P2
HBP1	1997	6658	6872	P1P2	6872	P1P2
HBQ1	17404	6659	6873	P1P2	6873	P1P2
HBS1L	17518	6660	6874	P1P2	6874	P1P2
HBZ	7524	6661	6875	P1P2	6875	P1P2
HCAR1	15994	6662	6876	P1P2	6876	P1P2
HCAR2	11081	6663	6877	P1P2	6877	P1P2
HCCS	9101	6664	6879	P1P2	6879	P1P2
HCFC1	2690	6665	6880	P1P2	6880	P1P2
HCFC1R1	16605	6666	6881	P1P2	6881	P1P2
HCFC2	2949	6667	6882	P1P2	6882	P1P2
HCK	9612	6668	6883	P1P2	6883	P1P2
HCLS1	5825	6669	6884	P1P2	6884	P1P2
HCN1	8895	6670	6885	P1P2	6885	P1P2
HCN2	11303	6671	6886	P1P2	6886	P1P2
HCN3	10744	6672	6887	P1P2	6887	P1P2
HCN4	626	6673	6888	P1P2	6888	P1P2
HCRT	4311	6674	6889	P1P2	6889	P1P2
HCRTR1	1821	6675	6890	P1P2	6890	P1P2
HCRTR2	2969	6676	6891	P1P2	6891	P1P2
HCST	12989	6677	6892	P1P2	6892	P1P2
HDAC1	6254	6678	6893	P1P2	6893	P1P2
HDAC10	5981	6679	6894	P1P2	6894	P1P2
HDAC11	2977	6680	6895	P1P2	6895	P1P2
HDAC2	12753	6681	6896	P1P2	6896	P1P2
HDAC3	18305	6682	6897	P1P2	6897	P1P2
HDAC4	6243	6683	6898	P1P2	6898	P1P2
HDAC5	18699	6684	6899	P1P2	6899	P1P2
HDAC6	17388	6685	6900	P1P2	6900	P1P2
HDAC7	1450	6686	6901	P1P2	6901	P1P2
HDAC8	14806	6687	6902	P1P2	6902	P1P2
HDAC9	681	6688	6903	P2	6903	P2
HDC	15026	6689	6904	P1P2	6904	P1P2
HDDC2	11167	6690	6905	P1P2	6905	P1P2
HDDC3	13056	6691	6906	P1P2	6906	P1P2
HDGF	8192	6692	6907	P1P2	6907	P1P2
HDGFL1	13775	6693	6908	P1P2	6908	P1P2
HDGFRP2	14626	6694	6909	P2	6909	P1
HDGFRP3	9102	6695	6910	P1P2	6910	P1P2
HDHD2	17868	6697	6912	P1P2	6912	P1P2
HDHD3	7542	6698	6913	P1P2	6913	P1P2
HDLBP	2893	6699	6914	P1	6914	P1
HDX	13317	6700	6915	P1P2	6915	P1P2
HEATR3	14736	6703	6917	P1P2	6917	P1P2
HEATR4	19002	6704	6918	P1P2	6918	P1P2
HEATR5B	2976	6706	6920	P1P2	6920	P1P2
HEATR6	15503	6707	6921	P1P2	6921	P1P2
HEBP1	3717	6708	6922	P1P2	6922	P1P2
HEBP2	5112	6709	6923	P1P2	6923	P1P2
HECA	16869	6710	6924	P1P2	6924	P1P2
HECTD1	12218	6711	6925	P1P2	6925	P1P2
HECTD2	18412	6712	6926	P1P2	6926	P1P2
HECTD3	15303	6713	6927	P1P2	6927	P1P2
HECW1	11547	6714	6929	P1	6929	P2
HECW2	8600	6715	6930	P1P2	6930	P1P2
HEG1	13917	6716	6931	P1P2	6931	P1P2
HELB	9666	6717	6932	P1P2	6932	P1P2
HELLS	6542	6718	6933	P1P2	6933	P1P2
HELQ	11693	6719	6934	P1P2	6934	P1P2
HELT	3533	6720	6935	P1P2	6935	P1P2
HELZ	1868	6721	6936	P1P2	6936	P1P2
HELZ2	18120	6722	6937	P2	6937	P2
HEMGN	10811	6723	6938	P1P2	6938	P1P2
HEMK1	1712	6724	6939	P1P2	6939	P1P2
HENMT1	14261	6725	6940	P1P2	6940	P1P2
HEPACAM	15315	6726	6941	P2	6941	P2
HEPACAM2	6426	6727	6942	P2	6942	P2
HEPH	2633	6728	6943	P1P2	6943	P1P2
HEPHL1	8151	6729	6944	P1P2	6944	P1P2
HERC1	5043	6730	6946	P1P2	6946	P1P2
HERC3	2330	6732	6947	P1P2	6947	P1P2
HERC4	18785	6733	6948	P1P2	6948	P1P2
HERC5	737	6734	6949	P1P2	6949	P1P2
HERC6	17819	6735	6950	P1P2	6950	P1P2
HERPUD1	9341	6736	6951	P1P2	6951	P1P2
HERPUD2	8403	6737	6952	P1P2	6952	P1P2
HES1	16019	6738	6953	P1P2	6953	P1P2
HES2	10036	6739	6954	P1	6954	P1
HES3	2556	6740	6955	P1P2	6955	P1P2
HES4	6364	6741	6956	P1P2	6956	P1P2
HES5	15505	6742	6957	P1P2	6957	P1P2
HES6	14079	6743	6958	P1P2	6958	P1P2
HES7	3085	6744	6959	P1P2	6959	P1P2
HESX1	3635	6745	6960	P1	6960	P1
HEXA	13364	6746	6961	P1P2	6961	P1P2
HEXB	17038	6747	6962	P1P2	6962	P1P2
HEXIM1	8052	6749	6964	P1P2	6964	P1P2
HEXIM2	10777	6750	6965	P2	6965	P1
HEY1	5844	6751	6966	P1P2	6966	P1P2
HEY2	10074	6752	6967	P1P2	6967	P1P2
HEYL	9613	6753	6968	P1P2	6968	P1P2
HFE	11502	6754	6969	P1P2	6969	P1P2
HFM1	2188	6756	6971	P1P2	6971	P1P2
HGD	5241	6757	6973	P1P2	6973	P1P2
HGF	12317	6758	6974	P1P2	6974	P1P2
HGFAC	18882	6759	6975	P1P2	6975	P1P2
HGS	3480	6760	6976	P1P2	6976	P1P2
HGSNAT	340	6761	6977	P1P2	6977	P1P2
HHAT	3388	6762	6978	P1P2	6978	P1P2
HHATL	9352	6763	6979	P1P2	6979	P1P2
HHEX	14691	6764	6980	P1P2	6980	P1P2
HHIP	4674	6765	6981	P1P2	6981	P1P2
HHIPL1	12412	6766	6982	P1P2	6982	P1P2
HHIPL2	3298	6767	6983	P1P2	6983	P1P2
HHLA2	12383	6768	6985	P1P2	6985	P1P2
HHLA3	10287	6769	6986	P1P2	6986	P1P2
HIBADH	13177	6772	6989	P1P2	6989	P1P2
HIBCH	18426	6773	6990	P1P2	6990	P1P2
HIC1	6491	6774	6991	P1P2	6991	P1P2
HIC2	14467	6775	6992	P1	6992	P1
HID1	15246	6776	6993	P1P2	6993	P1P2
HIF1A	11589	6777	6994	P1P2	6994	P1P2
HIF1AN	12046	6778	6995	P1P2	6995	P1P2
HIF3A	14789	6779	6996	P2	6996	P1
HIGD1A	11393	6780	6997	P1P2	6997	P1P2
HIGD1B	1033	6781	6998	P1P2	6998	P1P2
HIGD1C	11429	6782	6999	ENST00000398455.3	6999	ENST00000398455.3
HIGD2A	2906	6783	7000	P1P2	7000	P1P2
HILPDA	8286	6785	7001	P1P2	7001	P1P2
HINT1	14122	6787	7002	P1P2	7002	P1P2
HINT2	17589	6788	7003	P1P2	7003	P1P2
HINT3	1309	6789	7004	P1P2	7004	P1P2
HIP1	9770	6790	7005	P1P2	7005	P1P2
HIP1R	16155	6791	7006	P1P2	7006	P1P2
HIPK1	12629	6792	7007	P1P2	7007	P1P2
HIPK2	15750	6793	7008	P1P2	7008	P1P2
HIPK3	9205	6794	7009	P2	7009	P2
HIPK4	9212	6795	7010	P1P2	7010	P1P2
HIRA	12419	6796	7011	P2	7011	P2
HIRIP3	10423	6797	7012	P1P2	7012	P1P2
HIVEP1	2564	6839	7080	P1P2	7080	P1P2
HIVEP2	17051	6840	7081	P1P2	7081	P1P2
HIVEP3	2106	6841	7082	ENST00000372584.1	7082	ENST00000372583.1
HJURP	18272	6842	7083	P1P2	7083	P1P2
HK1	2472	6843	7084	P1	7084	P1
HK2	17563	6844	7085	P1P2	7085	P1P2
HK3	14404	6845	7086	P1P2	7086	P1P2
HKDC1	11627	6846	7087	P1P2	7087	P1P2
HLA-B	17007	6848	7090	P1P2	7090	P1P2
HLA-DMA	3355	6849	7092	P2	7092	P1
HLA-DMB	1268	6850	7093	P1P2	7093	P1P2
HLA-DOA	11392	6851	7094	P1P2	7094	P1P2
HLA-DOB	5139	6852	7095	P1P2	7095	P1P2
HLA-DPA1	11665	6853	7096	P2	7096	P1
HLA-DPB1	6446	6854	7097	P1	7097	P2
HLA-DQA2	6949	6855	7099	P1P2	7099	P1P2
HLA-DQB2	7959	6856	7101	P1P2	7101	P1P2
HLA-DRA	10452	6857	7102	P2	7102	P2
HLA-E	6733	6858	7105	P1P2	7105	P1P2
HLA-F	17541	6859	7106	P1P2	7106	P1P2
HLA-G	9724	6860	7107	P1P2	7107	P1P2
HLCS	17443	6861	7108	P1	7108	P1
HLF	1405	6862	7109	P2	7109	P1
HLTF	634	6863	7110	P1P2	7110	P1P2
HLX	14735	6864	7111	P1P2	7111	P1P2
HM13	11309	6865	7112	P1P2	7112	P1P2
HMBOX1	13878	6866	7113	P1P2	7113	P1P2
HMBS	7817	6867	7114	P2	7114	P2
HMCES	3844	6868	7115	P1P2	7115	P1P2
HMCN1	189	6869	7116	P1P2	7116	P1P2
HMG20A	11067	6870	7118	P1P2	7118	P1P2
HMG20B	9703	6871	7119	P2	7119	P1
HMGA1	14273	6872	7120	P1P2	7120	P1P2
HMGA2	16949	6873	7121	P1P2	7121	P1P2
HMGB2	1666	6874	7123	P1P2	7123	P1P2
HMGB4	13579	6875	7125	P1P2	7125	P1P2
HMGCL	78	6876	7126	P1P2	7126	P1P2
HMGCLL1	10277	6877	7127	P1P2	7127	P1P2
HMGCR	18018	6878	7128	P1P2	7128	P1P2
HMGCS1	3723	6879	7129	P1P2	7129	P1P2
HMGCS2	5089	6880	7130	P1P2	7130	P1P2
HMGN2	10678	6881	7132	P1P2	7132	P1P2
HMGN3	17152	6882	7133	P1P2	7133	P1P2
HMGN4	984	6883	7134	P1P2	7134	P1P2
HMGN5	9384	6884	7135	ENST00000358130.2	7135	ENST00000358130.2
HMGXB3	9504	6885	7136	P1P2	7136	P1P2
HMGXB4	15873	6886	7137	P1P2	7137	P1P2
HMMR	10913	6888	7140	P1P2	7140	P1P2
HMOX1	8297	6889	7141	P2	7141	P1
HMOX2	271	6890	7142	P1	7142	P2
HMSD	15975	6891	7144	P1P2	7144	P1P2
HMX1	13406	6892	7145	P1P2	7145	P1P2
HMX2	9869	6893	7146	P1P2	7146	P1P2
HMX3	15587	6894	7147	P1P2	7147	P1P2
HNF1A	17970	6897	7150	P1P2	7150	P1P2
HNF4A	13046	6899	7151	P1P2	7151	P1P2
HNF4G	6786	6900	7152	P1	7152	P2
HNMT	14102	6901	7153	P1P2	7153	P1P2
HNRNPA0	14204	6902	7154	P1P2	7154	P1P2
HNRNPA1	3851	6903	7155	P1P2	7155	P1P2
HNRNPA2B1	900	6904	7157	P1P2	7157	P1P2
HNRNPA3	1735	6905	7158	P1P2	7158	P1P2
HNRNPAB	16122	6906	7159	P1P2	7159	P1P2
HNRNPD	1814	6907	7162	P1P2	7162	P1P2
HNRNPDL	7419	6908	7163	P1P2	7163	P1P2
HNRNPF	7579	6909	7164	P2	7164	P2
HNRNPH1	2310	6910	7165	P1P2	7165	P1P2
HNRNPH2	10053	6911	7166	P1P2	7166	P1P2
HNRNPH3	9072	6912	7167	P1P2	7167	P1P2
HNRNPK	12863	6913	7168	P1P2	7168	P1P2
HNRNPL	7410	6914	7169	P1	7169	P1
HNRNPLL	10313	6915	7170	P1P2	7170	P1P2
HNRNPM	5037	6916	7171	P2	7171	P1
HNRNPR	5638	6917	7172	P1P2	7172	P1P2
HNRNPU	10030	6918	7173	P1P2	7173	P1P2
HNRNPUL1	5656	6919	7174	P1P2	7174	P1P2
HNRNPUL2	10631	6920	7175	P1P2	7175	P1P2
HOGA1	6075	6921	7176	P1P2	7176	P1P2
HOMER1	9875	6922	7177	P1P2	7177	P1P2
HOMER2	17334	6923	7178	P1P2	7178	P1P2
HOMER3	12527	6924	7179	P1P2	7179	P1P2
HOMEZ	9568	6925	7180	P1P2	7180	P1P2
HOOK1	7782	6926	7181	P1P2	7181	P1P2
HOOK2	10903	6927	7182	P1	7182	P1
HOOK3	15574	6928	7183	P1P2	7183	P1P2
HOPX	8705	6929	7184	P1	7184	P1
HORMAD1	8085	6930	7185	P1P2	7185	P1P2
HORMAD2	4448	6931	7186	P1P2	7186	P1P2
HOXA1	16119	6932	7187	P1P2	7187	P1P2
HOXA10	786	6933	7188	P1P2	7188	P1P2
HOXA11	11987	6934	7189	P1P2	7189	P1P2
HOXA13	1099	6935	7190	P1P2	7190	P1P2
HOXA2	8662	6936	7191	P1P2	7191	P1P2
HOXA3	2986	6937	7192	P2	7192	P2
HOXA4	1674	6938	7193	P1P2	7193	P1P2
HOXA5	5664	6939	7194	P1P2	7194	P1P2
HOXA6	10356	6940	7195	P1P2	7195	P1P2
HOXA7	17164	6941	7196	P1P2	7196	P1P2
HOXA9	13945	6942	7197	P1P2	7197	P1P2
HOXB1	8042	6943	7198	P1P2	7198	P1P2
HOXB13	5743	6944	7199	P1P2	7199	P1P2
HOXB2	7322	6945	7200	P1P2	7200	P1P2
HOXB3	6430	6946	7201	P1P2	7201	P1P2
HOXB4	17546	6947	7202	P1P2	7202	P1P2
HOXB5	16506	6948	7203	P1P2	7203	P1P2
HOXB6	439	6949	7204	P2	7204	P1
HOXB7	2744	6950	7205	P1P2	7205	P1P2
HOXB8	1518	6951	7206	P2	7206	P1
HOXB9	9550	6952	7207	P1P2	7207	P1P2
HOXC10	10370	6953	7208	P1P2	7208	P1P2
HOXC11	7327	6954	7209	P1P2	7209	P1P2
HOXC12	10276	6955	7210	P1P2	7210	P1P2
HOXC13	13676	6956	7211	P1P2	7211	P1P2
HOXC4	6395	6957	7212	ENST00000430889.2	7212	ENST00000430889.2
HOXC5	12498	6958	7213	P1P2	7213	P1P2
HOXC8	5115	6960	7214	P1P2	7214	P1P2
HOXC9	18670	6961	7215	P1P2	7215	P1P2
HOXD1	17526	6962	7216	P1P2	7216	P1P2
HOXD10	17178	6963	7217	P1	7217	P1
HOXD11	6745	6964	7218	P1P2	7218	P1P2
HOXD12	3330	6965	7219	P1P2	7219	P1P2
HOXD13	18850	6966	7220	P1P2	7220	P1P2
HOXD3	1514	6967	7221	P1P2	7221	P1P2
HOXD4	3506	6968	7222	P1P2	7222	P1P2
HOXD8	10173	6969	7223	P1P2	7223	P1P2
HOXD9	10682	6970	7224	P1P2	7224	P1P2
HP	4437	6971	7225	P1P2	7225	P1P2
HP1BP3	16409	6972	7226	P1P2	7226	P1P2
HPCA	4982	6973	7227	P1P2	7227	P1P2
HPCAL1	5517	6974	7228	P1P2	7228	P1P2
HPCAL4	8245	6975	7229	P1P2	7229	P1P2
HPD	10929	6976	7230	P1P2	7230	P1P2
HPDL	15695	6977	7231	P1P2	7231	P1P2
HPGD	688	6978	7232	P1P2	7232	P1P2
HPGDS	17972	6979	7233	P1P2	7233	P1P2
HPN	4055	6980	7234	P2	7234	P1
HPRT1	3489	6981	7236	P1P2	7236	P1P2
HPS1	14515	6982	7237	P1P2	7237	P1P2
HPS3	13529	6983	7238	P1P2	7238	P1P2
HPS4	12791	6984	7239	P1P2	7239	P1P2
HPS5	17655	6985	7240	P1P2	7240	P1P2
HPS6	7401	6986	7241	P1P2	7241	P1P2
HPSE	5433	6987	7242	P1P2	7242	P1P2
HPSE2	5225	6988	7243	P1P2	7243	P1P2
HPX	18069	6989	7244	P1P2	7244	P1P2
HR	4757	6990	7245	P2	7245	P2
HRAS	8345	6991	7246	P2	7246	P2
HRC	10953	6995	7250	P1P2	7250	P1P2
HRCT1	2981	6996	7251	P1P2	7251	P1P2
HRG	10698	6997	7252	P1	7252	P1
HRH1	3193	6998	7253	P2	7253	P1
HRH2	12413	6999	7254	P1P2	7254	P1P2
HRH3	10922	7000	7255	P1P2	7255	P1P2
HRH4	7882	7001	7256	P1P2	7256	P1P2
HRK	2647	7002	7257	P1P2	7257	P1P2
HRNR	18174	7003	7258	P1P2	7258	P1P2
HS1BP3	642	7005	7260	P1P2	7260	P1P2
HS2ST1	3562	7006	7261	P1P2	7261	P1P2
HS3ST1	7514	7007	7262	P1P2	7262	P1P2
HS3ST2	15262	7008	7263	P1P2	7263	P1P2
HS3ST3A1	2112	7009	7264	P1P2	7264	P1P2
HS3ST3B1	8525	7010	7265	P1P2	7265	P1P2
HS3ST4	9093	7011	7266	P1P2	7266	P1P2
HS3ST5	5311	7012	7267	P1P2	7267	P1P2
HS3ST6	8272	7013	7268	P1P2	7268	P1P2
HS6ST1	4223	7014	7269	P1P2	7269	P1P2
HS6ST2	13067	7015	7270	P2	7270	P1
HS6ST3	17754	7016	7271	P1P2	7271	P1P2
HSBP1	4954	7017	7272	P1P2	7272	P1P2
HSCB	10032	7018	7274	P1P2	7274	P1P2
HSD11B1	8459	7019	7275	P1P2	7275	P1P2
HSD11B1L	13276	7020	7276	P1P2	7276	P1P2
HSD11B2	12085	7021	7277	P1P2	7277	P1P2
HSD17B1	1283	7022	7278	P1P2	7278	P1P2
HSD17B10	2486	7023	7279	P1P2	7279	P1P2
HSD17B11	14697	7024	7280	P1P2	7280	P1P2
HSD17B12	15463	7025	7281	P1P2	7281	P1P2
HSD17B13	1297	7026	7282	P1P2	7282	P1P2
HSD17B14	3129	7027	7283	P1P2	7283	P1P2
HSD17B2	17685	7028	7284	P1P2	7284	P1P2
HSD17B3	7047	7029	7285	P1P2	7285	P1P2
HSD17B4	17217	7030	7286	P1P2	7286	P1P2
HSD17B6	10546	7031	7287	P1P2	7287	P1P2
HSD17B7	1361	7032	7288	P2	7288	P1
HSD17B8	8133	7033	7289	P1P2	7289	P1P2
HSD3B1	8005	7034	7290	P1P2	7290	P1P2
HSD3B2	11266	7035	7291	P1P2	7291	P1P2
HSD3B7	4401	7036	7292	P1P2	7292	P1P2
HSDL1	18933	7037	7293	P1P2	7293	P1P2
HSDL2	17698	7038	7294	P1P2	7294	P1P2
HSF1	270	7039	7295	P1P2	7295	P1P2
HSF2	110	7040	7296	P1P2	7296	P1P2
HSF2BP	17919	7041	7297	P2	7297	P1
HSF4	5293	7042	7298	P1P2	7298	P1P2
HSF5	16194	7043	7299	P1P2	7299	P1P2
HSP90AA1	14977	7045	7303	P1P2	7303	P1P2
HSP90AB1	5522	7046	7304	P1P2	7304	P1P2
HSP90B1	1492	7047	7305	P1P2	7305	P1P2
HSPA12A	6848	7048	7306	P1P2	7306	P1P2
HSPA12B	17426	7049	7307	P1P2	7307	P1P2
HSPA13	7674	7050	7308	P1P2	7308	P1P2
HSPA14	11120	7051	7309	P1P2	7309	P1P2
HSPA1L	12836	7052	7311	P1P2	7311	P1P2
HSPA2	15521	7053	7312	P1P2	7312	P1P2
HSPA4	11	7054	7313	P1P2	7313	P1P2
HSPA4L	15946	7055	7314	P1P2	7314	P1P2
HSPA5	6241	7056	7315	P1P2	7315	P1P2
HSPA6	798	7057	7316	P1P2	7316	P1P2
HSPA8	14640	7058	7317	P1P2	7317	P1P2
HSPB1	10045	7060	7318	P2	7318	P1
HSPB11	18808	7061	7319	P1P2	7319	P1P2
HSPB3	4208	7063	7320	P1P2	7320	P1P2
HSPB6	11359	7064	7321	P1P2	7321	P1P2
HSPB7	13338	7065	7322	P1P2	7322	P1P2
HSPB8	15878	7066	7323	P1P2	7323	P1P2
HSPB9	18571	7067	7324	P1P2	7324	P1P2
HSPBAP1	4377	7068	7325	P1P2	7325	P1P2
HSPBP1	7657	7069	7326	P1P2	7326	P1P2
HSPG2	10011	7070	7329	P1P2	7329	P1P2
HSPH1	18355	7071	7330	P1P2	7330	P1P2
HTATIP2	12105	7072	7331	P1P2	7331	P1P2
HTATSF1	4607	7073	7332	P1P2	7332	P1P2
HTR1A	3359	7074	7335	P1P2	7335	P1P2
HTR1B	9832	7075	7336	P1P2	7336	P1P2
HTR1D	3053	7076	7337	P1P2	7337	P1P2
HTR1E	510	7077	7338	P1P2	7338	P1P2
HTR1F	16628	7078	7339	ENST00000319595.4	7339	ENST00000319595.4
HTR2A	10189	7079	7340	P1P2	7340	P1P2
HTR2B	9842	7080	7341	P1P2	7341	P1P2
HTR2C	16915	7081	7342	P1P2	7342	P1P2
HTR3A	17666	7082	7343	P2	7343	P1
HTR3B	9510	7083	7344	P1P2	7344	P1P2
HTR3C	13295	7084	7345	P1P2	7345	P1P2
HTR3D	8003	7085	7346	ENST00000428798.2	7346	ENST00000428798.2
HTR3E	11853	7086	7347	P1P2	7347	P1P2
HTR4	17120	7087	7348	P1P2	7348	P1P2
HTR5A	15483	7088	7349	P2	7349	P1
HTR6	17974	7089	7350	P1P2	7350	P1P2
HTR7	18350	7090	7351	P1P2	7351	P1P2
HTRA1	7744	7091	7352	P1P2	7352	P1P2
HTRA2	5788	7092	7353	P1P2	7353	P1P2
HTRA3	3565	7093	7354	P1P2	7354	P1P2
HTRA4	3613	7094	7355	P1P2	7355	P1P2
HTT	13123	7095	7356	P1P2	7356	P1P2
HUNK	10156	7096	7357	P1P2	7357	P1P2
HUS1	18367	7097	7358	P1P2	7358	P1P2
HUS1B	904	7098	7359	P1P2	7359	P1P2
HUWE1	16493	7099	7360	P1P2	7360	P1P2
HVCN1	2920	7100	7361	P1P2	7361	P1P2
HYAL1	17280	7101	7362	P2	7362	P2
HYAL2	14589	7102	7363	P1	7363	P1
HYAL4	4052	7104	7364	ENST00000223026.4	7364	ENST00000223026.4
HYDIN	18524	7105	7365	P1P2	7365	P1P2
HYI	7150	7106	7366	P1P2	7366	P1P2
HYKK	4098	7107	7367	P1P2	7367	P1P2
HYLS1	10582	7108	7368	P1P2	7368	P1P2
HYOU1	17535	7109	7369	P1P2	7369	P1P2
HYPK	10868	7110	7370	P1P2	7370	P1P2
IAH1	6419	7111	7371	P1P2	7371	P1P2
IAPP	1852	7112	7372	P1P2	7372	P1P2
IARS2	947	7114	7374	P1P2	7374	P1P2
IBA57	2315	7115	7375	P1P2	7375	P1P2
IBSP	18386	7117	7376	P1P2	7376	P1P2
IBTK	17721	7118	7377	P1	7377	P2
ICA1	9321	7119	7378	P1P2	7378	P1P2
ICA1L	11398	7120	7379	P1P2	7379	P1P2
ICAM1	9460	7121	7380	P1P2	7380	P1P2
ICAM2	15813	7122	7381	P1P2	7381	P1P2
ICAM3	14354	7123	7382	P1P2	7382	P1P2
ICAM4	9372	7124	7383	P1P2	7383	P1P2
ICAM5	17204	7125	7384	P1	7384	P1
ICMT	7661	7127	7386	P1P2	7386	P1P2
ICOS	3932	7128	7387	P1P2	7387	P1P2
ICOSLG	12454	7129	7388	P1P2	7388	P1P2
ID1	9659	7131	7390	P1P2	7390	P1P2
ID2	9969	7132	7391	P2	7391	P1
ID3	16157	7133	7392	P1P2	7392	P1P2
ID4	9289	7134	7393	P1P2	7393	P1P2
IDE	14832	7135	7394	P1P2	7394	P1P2
IDH1	2397	7136	7395	P1P2	7395	P1P2
IDH2	14160	7137	7396	P1P2	7396	P1P2
IDH3A	12769	7138	7397	P1	7397	P1
IDH3B	5501	7139	7398	P1P2	7398	P1P2
IDH3G	9194	7140	7399	P1P2	7399	P1P2
IDI1	7699	7141	7400	P1P2	7400	P1P2
IDI2	6216	7142	7401	P1P2	7401	P1P2
IDNK	7984	7143	7402	P1P2	7402	P1P2
IDO1	8694	7144	7403	P1P2	7403	P1P2
IDO2	15006	7145	7404	P1P2	7404	P1P2
IDS	15752	7146	7405	P1P2	7405	P1P2
IDUA	8166	7147	7406	P1P2	7406	P1P2
IER2	13253	7148	7407	P1P2	7407	P1P2
IER3	1634	7149	7408	P1P2	7408	P1P2
IER3IP1	5004	7150	7409	P1P2	7409	P1P2
IER5	9138	7151	7410	P1P2	7410	P1P2
IER5L	1661	7152	7411	P1P2	7411	P1P2
IFFO1	5218	7153	7412	P2	7412	P1
IFFO2	3409	7154	7413	P1P2	7413	P1P2
IFI16	14367	7155	7414	P1P2	7414	P1P2
IFI27	17348	7156	7415	P1P2	7415	P1P2
IFI27L1	13993	7157	7416	P1P2	7416	P1P2
IFI27L2	10387	7158	7417	P1P2	7417	P1P2
IFI30	13609	7159	7418	P1P2	7418	P1P2
IFI35	10342	7160	7419	P1P2	7419	P1P2
IFI44	15595	7161	7420	P1P2	7420	P1P2
IFI44L	7155	7162	7421	P1P2	7421	P1P2
IFI6	4260	7163	7422	P1	7422	P1
IFIH1	13953	7164	7423	P1P2	7423	P1P2
IFIT1	5439	7165	7424	P1P2	7424	P1P2
IFIT1B	14395	7166	7425	P1P2	7425	P1P2
IFIT2	11790	7167	7426	P1P2	7426	P1P2
IFIT3	13030	7168	7427	P1P2	7427	P1P2
IFIT5	16113	7169	7428	P1P2	7428	P1P2
IFITM1	18385	7170	7429	P1P2	7429	P1P2
IFITM10	747	7171	7430	P1	7430	P2
IFITM2	13192	7172	7431	P1P2	7431	P1P2
IFITM3	11352	7173	7432	P1P2	7432	P1P2
IFITM5	111	7174	7433	P1P2	7433	P1P2
IFNA2	6215	7176	7439	P1P2	7439	P1P2
IFNA7	18256	7177	7442	ENST00000239347.3	7442	ENST00000239347.3
IFNAR1	17001	7178	7444	P1P2	7444	P1P2
IFNAR2	3570	7179	7445	P1P2	7445	P1P2
IFNB1	7935	7180	7446	P1P2	7446	P1P2
IFNE	10302	7181	7447	ENST00000448696.3	7447	ENST00000448696.3
IFNG	16671	7182	7448	P1P2	7448	P1P2
IFNGR1	8059	7183	7449	P1P2	7449	P1P2
IFNGR2	10812	7184	7450	P1P2	7450	P1P2
IFNK	12570	7185	7451	P1P2	7451	P1P2
IFNL1	4382	7186	7452	P1P2	7452	P1P2
IFNLR1	5284	7187	7456	P1P2	7456	P1P2
IFNW1	2113	7188	7457	ENST00000380229.2	7457	ENST00000380229.2
IFRD1	6032	7189	7458	P1	7458	P2
IFRD2	13133	7190	7459	P1P2	7459	P1P2
IFT122	3351	7191	7460	P1P2	7460	P1P2
IFT140	14842	7192	7461	P1	7461	P1
IFT172	13189	7193	7462	P1P2	7462	P1P2
IFT20	16117	7194	7463	P1P2	7463	P1P2
IFT27	10123	7195	7464	P1P2	7464	P1P2
IFT46	10979	7196	7466	P1P2	7466	P1P2
IFT52	16183	7197	7467	P1P2	7467	P1P2
IFT57	1462	7198	7468	P1P2	7468	P1P2
IFT74	11441	7199	7469	P2	7469	P2
IFT80	10792	7200	7470	P1P2	7470	P1P2
IFT81	2837	7201	7471	P1P2	7471	P1P2
IFT88	9227	7202	7472	P1P2	7472	P1P2
IGBP1	11720	7203	7473	P1P2	7473	P1P2
IGDCC3	12082	7204	7474	P1P2	7474	P1P2
IGDCC4	1969	7205	7475	P1P2	7475	P1P2
IGF1	5395	7206	7476	P1P2	7476	P1P2
IGF1R	5853	7207	7477	P2	7477	P1
IGF2	6685	7208	7478	P1P2	7478	P1P2
IGF2BP1	4550	7209	7479	P1P2	7479	P1P2
IGF2BP2	11881	7210	7480	P1P2	7480	P1P2
IGF2BP3	9133	7211	7481	P1P2	7481	P1P2
IGF2R	9578	7212	7482	P1P2	7482	P1P2
IGFALS	3360	7213	7483	P1P2	7483	P1P2
IGFBP1	3303	7214	7484	P1P2	7484	P1P2
IGFBP2	12704	7215	7485	P1P2	7485	P1P2
IGFBP3	12281	7216	7486	P1P2	7486	P1P2
IGFBP4	6302	7217	7487	P1P2	7487	P1P2
IGFBP5	13694	7218	7488	P1P2	7488	P1P2
IGFBP6	18266	7219	7489	P1P2	7489	P1P2
IGFBP7	17301	7220	7490	P1P2	7490	P1P2
IGFBPL1	398	7221	7491	P1P2	7491	P1P2
IGFL1	11782	7222	7492	P1P2	7492	P1P2
IGFL2	15443	7223	7493	P1P2	7493	P1P2
IGFL3	17168	7224	7494	P1P2	7494	P1P2
IGFL4	2320	7225	7495	P1P2	7495	P1P2
IGFLR1	1386	7226	7496	P1	7496	P2
IGHMBP2	7122	7227	7498	P1P2	7498	P1P2
IGIP	10254	7228	7499	P1P2	7499	P1P2
IGLL1	10598	7230	7501	P1P2	7501	P1P2
IGLL5	2667	7231	7502	P1P2	7502	P1P2
IGLON5	2037	7232	7503	P1P2	7503	P1P2
IGSF1	18957	7233	7504	P1P2	7504	P1P2
IGSF10	18457	7234	7505	P1P2	7505	P1P2
IGSF11	4446	7235	7506	P1P2	7506	P1P2
IGSF21	15746	7236	7507	P1P2	7507	P1P2
IGSF22	6196	7237	7508	P1P2	7508	P1P2
IGSF23	7244	7238	7509	P1P2	7509	P1P2
IGSF3	18900	7239	7510	P1P2	7510	P1P2
IGSF5	11308	7240	7511	P1P2	7511	P1P2
IGSF6	1497	7241	7512	P1P2	7512	P1P2
IGSF8	14303	7242	7513	P1P2	7513	P1P2
IGSF9	1350	7243	7514	P1P2	7514	P1P2
IGSF9B	15140	7244	7515	P1P2	7515	P1P2
IHH	1172	7245	7516	P1P2	7516	P1P2
IK	15280	7246	7517	P2	7517	P2
IKBIP	8657	7247	7518	P1P2	7518	P1P2
IKBKB	14014	7249	7520	P1P2	7520	P1P2
IKBKE	2495	7250	7521	P1P2	7521	P1P2
IKBKG	17237	7251	7522	P1P2	7522	P1P2
IKZF1	9418	7252	7523	P1P2	7523	P1P2
IKZF2	5909	7253	7524	P1	7524	P1
IKZF3	11267	7254	7525	P1P2	7525	P1P2
IKZF4	4916	7255	7526	P1	7526	P1
IKZF5	6363	7256	7527	P1P2	7527	P1P2
IL10	1067	7257	7528	P2	7528	P1
IL10RA	674	7258	7529	P1P2	7529	P1P2
IL10RB	12693	7259	7530	P1P2	7530	P1P2
IL11	337	7260	7531	P1P2	7531	P1P2
IL11RA	4414	7261	7532	P2	7532	P2
IL12A	12664	7262	7533	P1P2	7533	P1P2
IL12B	3622	7263	7534	P1P2	7534	P1P2
IL12RB1	2227	7264	7535	P1P2	7535	P1P2
IL12RB2	17352	7265	7536	P1P2	7536	P1P2
IL13	3846	7266	7537	P2	7537	P1
IL13RA1	8188	7267	7538	P1P2	7538	P1P2
IL13RA2	15979	7268	7539	P1	7539	P1
IL15RA	18488	7269	7541	P1P2	7541	P1P2
IL16	2607	7270	7542	ENST00000394660.2	7542	ENST00000302987.4
IL17A	10163	7271	7543	P1P2	7543	P1P2
IL17B	17796	7272	7544	P1P2	7544	P1P2
IL17C	9867	7273	7545	P1P2	7545	P1P2
IL17D	5291	7274	7546	P2	7546	P1
IL17F	472	7275	7547	P1P2	7547	P1P2
IL17RA	8607	7276	7548	P1P2	7548	P1P2
IL17RB	8031	7277	7549	P1P2	7549	P1P2
IL17RC	3822	7278	7550	P1P2	7550	P1P2
IL17RD	7665	7279	7551	P1P2	7551	P1P2
IL17RE	4703	7280	7552	P1P2	7552	P1P2
IL17REL	9303	7281	7553	P1P2	7553	P1P2
IL18	2250	7282	7554	P1P2	7554	P1P2
IL18BP	15436	7283	7555	P1P2	7555	P1P2
IL18R1	15630	7284	7556	P1	7556	P1
IL18RAP	12811	7285	7557	P2	7557	P1
IL19	5346	7286	7558	P1P2	7558	P1P2
IL1A	7224	7287	7559	P1P2	7559	P1P2
IL1B	1817	7288	7560	P1P2	7560	P1P2
IL1F10	4871	7289	7561	P1P2	7561	P1P2
IL1R1	4875	7290	7562	P1P2	7562	P1P2
IL1R2	1362	7291	7563	P2	7563	P1
IL1RAP	16541	7292	7564	P1P2	7564	P1P2
IL1RAPL1	10409	7293	7565	P1P2	7565	P1P2
IL1RAPL2	6018	7294	7566	P1P2	7566	P1P2
IL1RL1	12220	7295	7567	P1	7567	P1
IL1RL2	1216	7296	7568	P1P2	7568	P1P2
IL1RN	10644	7297	7569	P2	7569	P2
IL2	7614	7298	7570	P1P2	7570	P1P2
IL20	8589	7299	7571	P1P2	7571	P1P2
IL20RA	18827	7300	7572	P1P2	7572	P1P2
IL20RB	1417	7301	7573	P1P2	7573	P1P2
IL21	3483	7302	7574	P1P2	7574	P1P2
IL21R	18316	7303	7575	P1P2	7575	P1P2
IL22	5287	7304	7576	ENST00000328087.4,ENST00000538666.1	7576	ENST00000328087.4,ENST00000538666.1
IL22RA1	10438	7305	7577	P1P2	7577	P1P2
IL22RA2	18925	7306	7578	P1P2	7578	P1P2
IL23R	16766	7307	7580	P1P2	7580	P1P2
IL24	15266	7308	7581	P1P2	7581	P1P2
IL25	9150	7309	7582	ENST00000329715.2,ENST00000397242.2	7582	ENST00000329715.2,ENST00000397242.2
IL26	16759	7310	7583	P1P2	7583	P1P2
IL27	4284	7311	7584	P1P2	7584	P1P2
IL27RA	18065	7312	7585	P1P2	7585	P1P2
IL2RA	3633	7313	7586	P1P2	7586	P1P2
IL2RB	660	7314	7587	P1P2	7587	P1P2
IL2RG	13310	7315	7588	P1	7588	P1
IL3	17748	7316	7589	P1P2	7589	P1P2
IL31	18581	7317	7590	P1P2	7590	P1P2
IL31RA	7995	7318	7591	P1	7591	P2
IL32	5215	7319	7592	P1P2	7592	P1P2
IL33	3649	7320	7593	P1P2	7593	P1P2
IL34	2349	7321	7594	P1	7594	P2
IL36A	4556	7322	7595	P1P2	7595	P1P2
IL36B	14213	7323	7596	P1P2	7596	P1P2
IL36G	16041	7324	7597	P1P2	7597	P1P2
IL36RN	5534	7325	7598	P1P2	7598	P1P2
IL37	2414	7326	7599	ENST00000263326.3,ENST00000349806.3,ENST00000352179.3,ENST00000353225.3	7599	ENST00000311328.2
IL4	13210	7327	7601	P1P2	7601	P1P2
IL4I1	3180	7328	7602	ENST00000391826.2	7602	ENST00000391826.2
IL4R	4972	7329	7603	P1P2	7603	P1P2
IL5	6222	7330	7604	P2	7604	P2
IL5RA	18898	7331	7605	P1P2	7605	P1P2
IL6	16285	7332	7606	P1P2	7606	P1P2
IL6R	12606	7333	7607	P1P2	7607	P1P2
IL6ST	8774	7334	7608	P1P2	7608	P1P2
IL7	590	7335	7609	P1P2	7609	P1P2
IL7R	2853	7336	7610	P1P2	7610	P1P2
IL9	8907	7338	7612	P1P2	7612	P1P2
ILDR1	13491	7339	7614	P1P2	7614	P1P2
ILDR2	3100	7340	7615	P1P2	7615	P1P2
ILF2	2164	7341	7616	P1P2	7616	P1P2
ILF3	18395	7342	7617	P1P2	7617	P1P2
ILK	10411	7343	7618	P1P2	7618	P1P2
ILKAP	13538	7344	7619	P1P2	7619	P1P2
ILVBL	17363	7345	7620	P1P2	7620	P1P2
IMMP1L	9371	7346	7621	P1P2	7621	P1P2
IMMP2L	4857	7347	7622	P1P2	7622	P1P2
IMMT	3739	7348	7623	P1P2	7623	P1P2
IMP3	702	7349	7624	P1P2	7624	P1P2
IMP4	13454	7350	7625	P1P2	7625	P1P2
IMPA1	455	7351	7626	P1P2	7626	P1P2
IMPA2	6337	7352	7627	P1P2	7627	P1P2
IMPACT	1621	7353	7628	P1P2	7628	P1P2
IMPDH1	3148	7355	7630	P1	7630	P1
IMPDH2	13179	7356	7631	P1P2	7631	P1P2
IMPG1	2862	7357	7632	P1P2	7632	P1P2
IMPG2	3834	7358	7633	P1P2	7633	P1P2
INA	16674	7359	7634	P1P2	7634	P1P2
INCA1	4359	7361	7636	P1P2	7636	P1P2
INCENP	1113	7362	7637	P1P2	7637	P1P2
INF2	10504	7363	7638	P1P2	7638	P1P2
ING1	2201	7364	7639	P1	7639	P1
ING2	4329	7365	7640	P1P2	7640	P1P2
ING3	18999	7366	7641	P1P2	7641	P1P2
ING4	14270	7367	7642	P1P2	7642	P1P2
ING5	9455	7368	7643	P1P2	7643	P1P2
INHA	17735	7369	7644	P1P2	7644	P1P2
INHBA	5768	7370	7645	P1P2	7645	P1P2
INHBB	15090	7371	7646	P1P2	7646	P1P2
INHBC	2875	7372	7647	P1P2	7647	P1P2
INHBE	7926	7373	7648	P1P2	7648	P1P2
INIP	3304	7374	7649	P1P2	7649	P1P2
INMT	8016	7375	7650	P1P2	7650	P1P2
INO80	4390	7376	7651	P1P2	7651	P1P2
INO80B	9732	7377	7652	P1P2	7652	P1P2
INO80C	7138	7378	7653	P1P2	7653	P1P2
INO80D	13110	7379	7654	P1P2	7654	P1P2
INO80E	4293	7380	7655	P1P2	7655	P1P2
INPP1	5330	7381	7656	P1P2	7656	P1P2
INPP4A	5155	7382	7657	P1P2	7657	P1P2
INPP4B	15221	7383	7658	P1	7658	P1
INPP5A	14352	7384	7659	P1P2	7659	P1P2
INPP5B	4294	7385	7660	P1	7660	P1
INPP5E	14149	7386	7662	P1P2	7662	P1P2
INPP5F	1266	7387	7663	ENST00000361976.2	7663	ENST00000361976.2
INPP5J	6641	7388	7664	P1P2	7664	P1P2
INPP5K	16089	7389	7665	P1P2	7665	P1P2
INPPL1	14910	7390	7666	P1P2	7666	P1P2
INS	14973	7391	7667	P1P2	7667	P1P2
INS-IGF2	7012	7392	7668	P2	7668	P2
INSC	3688	7393	7669	P1P2	7669	P1P2
INSIG1	2765	7394	7670	P1P2	7670	P1P2
INSIG2	16824	7395	7671	P1P2	7671	P1P2
INSL3	7724	7396	7672	P1P2	7672	P1P2
INSL4	1719	7397	7673	P1P2	7673	P1P2
INSL5	1287	7398	7674	P1P2	7674	P1P2
INSL6	11394	7399	7675	P1P2	7675	P1P2
INSM1	3555	7400	7676	P1P2	7676	P1P2
INSM2	15524	7401	7677	P1P2	7677	P1P2
INSR	7288	7402	7678	P1P2	7678	P1P2
INSRR	1144	7403	7679	P1P2	7679	P1P2
INTS1	8106	7404	7680	P1P2	7680	P1P2
INTS10	17249	7405	7681	P1P2	7681	P1P2
INTS12	4959	7406	7682	P1P2	7682	P1P2
INTS2	15010	7407	7683	P1P2	7683	P1P2
INTS3	671	7408	7684	P1P2	7684	P1P2
INTS4	15360	7409	7685	P1P2	7685	P1P2
INTS5	3211	7410	7686	P1P2	7686	P1P2
INTS6	3983	7411	7687	P1P2	7687	P1P2
INTS7	9239	7412	7688	P1P2	7688	P1P2
INTS8	6260	7413	7689	P1P2	7689	P1P2
INTS9	16462	7414	7690	P1P2	7690	P1P2
INTU	11271	7415	7691	P2	7691	P2
INVS	3990	7416	7692	P1P2	7692	P1P2
IP6K1	17729	7417	7693	P1P2	7693	P1P2
IP6K2	12307	7418	7694	P1P2	7694	P1P2
IP6K3	2422	7419	7695	P1P2	7695	P1P2
IPCEF1	2635	7420	7696	P1P2	7696	P1P2
IPMK	8940	7421	7697	P1P2	7697	P1P2
IPO11	10788	7422	7698	P1P2	7698	P1P2
IPO13	6197	7423	7699	P1P2	7699	P1P2
IPO4	8508	7424	7700	P1P2	7700	P1P2
IPO5	9282	7425	7701	P1P2	7701	P1P2
IPO7	12299	7426	7702	P1P2	7702	P1P2
IPO8	11652	7427	7703	P1P2	7703	P1P2
IPO9	12391	7428	7704	P1P2	7704	P1P2
IPP	17025	7429	7705	P1P2	7705	P1P2
IPPK	2809	7430	7706	P1P2	7706	P1P2
IQCA1	8915	7431	7707	P1P2	7707	P1P2
IQCB1	666	7432	7708	P1P2	7708	P1P2
IQCC	409	7433	7709	P1P2	7709	P1P2
IQCD	11187	7434	7710	P1P2	7710	P1P2
IQCE	17482	7435	7711	P1P2	7711	P1P2
IQCF1	15869	7436	7712	P1P2	7712	P1P2
IQCF2	10182	7437	7713	P1P2	7713	P1P2
IQCF3	9079	7438	7714	P2	7714	P2
IQCF5	6931	7439	7715	P1P2	7715	P1P2
IQCG	6441	7440	7717	P1	7717	P2
IQCH	767	7441	7718	P1P2	7718	P1P2
IQCJ	7873	7442	7719	P1P2	7719	P1P2
IQCJ-SCHIP1	12521	7443	7720	P1P2	7720	P1P2
IQCK	8159	7444	7721	P1P2	7721	P1P2
IQGAP1	7092	7445	7722	P1P2	7722	P1P2
IQGAP2	7838	7446	7723	P1P2	7723	P1P2
IQGAP3	1404	7447	7724	P1P2	7724	P1P2
IQSEC1	7036	7448	7725	P1P2	7725	P1P2
IQSEC2	5456	7449	7726	P2	7726	P2
IQSEC3	8788	7450	7727	ENST00000326261.4,ENST00000538872.1	7727	ENST00000326261.4,ENST00000538872.1
IQUB	12050	7451	7728	P1P2	7728	P1P2
IRAK1	18869	7452	7729	P2	7729	P1
IRAK2	18988	7453	7731	P1P2	7731	P1P2
IRAK3	8678	7454	7732	P1P2	7732	P1P2
IRAK4	6406	7455	7733	P1P2	7733	P1P2
IREB2	3019	7456	7734	P1P2	7734	P1P2
IRF1	8523	7457	7735	P1P2	7735	P1P2
IRF2	12696	7458	7736	P1P2	7736	P1P2
IRF2BP1	388	7459	7737	P1P2	7737	P1P2
IRF2BP2	18929	7460	7738	P1	7738	P2
IRF2BPL	11473	7461	7739	P1P2	7739	P1P2
IRF3	3405	7462	7740	P1P2	7740	P1P2
IRF4	17022	7463	7741	P2	7741	P2
IRF5	10661	7464	7742	P1	7742	P1
IRF6	6603	7465	7743	P1P2	7743	P1P2
IRF7	11891	7466	7744	P1P2	7744	P1P2
IRF8	12617	7467	7745	P1P2	7745	P1P2
IRF9	13947	7468	7746	P1P2	7746	P1P2
IRGC	9990	7470	7748	P1P2	7748	P1P2
IRGM	15576	7471	7749	P1P2	7749	P1P2
IRGQ	6770	7472	7750	P1P2	7750	P1P2
IRS1	7918	7473	7751	P1P2	7751	P1P2
IRS2	10919	7474	7752	P1P2	7752	P1P2
IRS4	13038	7475	7753	P1P2	7753	P1P2
IRX1	16715	7476	7754	P1P2	7754	P1P2
IRX2	5057	7477	7755	P1P2	7755	P1P2
IRX3	13949	7478	7756	P1P2	7756	P1P2
IRX4	7757	7479	7757	P1P2	7757	P1P2
IRX5	1943	7480	7758	P1P2	7758	P1P2
IRX6	11784	7481	7759	P1P2	7759	P1P2
ISCA2	7449	7482	7761	P1P2	7761	P1P2
ISCU	3767	7483	7762	P1P2	7762	P1P2
ISG15	16027	7484	7763	P1P2	7763	P1P2
ISG20	2232	7485	7764	P1P2	7764	P1P2
ISG20L2	13934	7486	7765	P1P2	7765	P1P2
ISL1	9604	7487	7766	P1	7766	P1
ISL2	18554	7488	7767	P1P2	7767	P1P2
ISLR	3559	7489	7768	P1P2	7768	P1P2
ISLR2	5996	7490	7769	P1P2	7769	P1P2
ISM1	4563	7491	7770	P1P2	7770	P1P2
ISM2	14173	7492	7771	P1P2	7771	P1P2
ISOC1	13519	7493	7772	P1P2	7772	P1P2
ISOC2	8296	7494	7773	P2	7773	P2
IST1	18574	7496	7775	P1P2	7775	P1P2
ISX	2376	7497	7776	P1P2	7776	P1P2
ISYNA1	8419	7498	7779	P1P2	7779	P1P2
ITCH	9637	7499	7780	P1P2	7780	P1P2
ITFG1	8638	7500	7781	P1P2	7781	P1P2
ITFG2	13410	7501	7782	P1P2	7782	P1P2
ITGA1	15261	7503	7784	P1P2	7784	P1P2
ITGA10	1734	7504	7785	P1P2	7785	P1P2
ITGA11	11715	7505	7786	P1P2	7786	P1P2
ITGA2	4116	7506	7787	P1P2	7787	P1P2
ITGA2B	8383	7507	7788	P1P2	7788	P1P2
ITGA3	16224	7508	7789	P1P2	7789	P1P2
ITGA4	12198	7509	7790	P1P2	7790	P1P2
ITGA5	4983	7510	7791	P1P2	7791	P1P2
ITGA6	9036	7511	7792	P1P2	7792	P1P2
ITGA7	6472	7512	7793	P1	7793	P2
ITGA8	17468	7513	7794	P1P2	7794	P1P2
ITGA9	4295	7514	7795	P1P2	7795	P1P2
ITGAD	5188	7515	7796	P1P2	7796	P1P2
ITGAE	16004	7516	7797	ENST00000263087.4	7797	ENST00000263087.4
ITGAL	16294	7517	7798	P1P2	7798	P1P2
ITGAM	16751	7518	7799	P1P2	7799	P1P2
ITGAV	14319	7519	7800	P1P2	7800	P1P2
ITGAX	6512	7520	7801	P1P2	7801	P1P2
ITGB1	16784	7521	7802	P1P2	7802	P1P2
ITGB1BP1	4171	7522	7803	P1P2	7803	P1P2
ITGB1BP2	10581	7523	7804	P1P2	7804	P1P2
ITGB2	15798	7524	7805	P1P2	7805	P1P2
ITGB3	8555	7525	7806	P1P2	7806	P1P2
ITGB3BP	239	7526	7807	P1P2	7807	P1P2
ITGB4	18324	7527	7808	P1P2	7808	P1P2
ITGB5	1803	7528	7809	P1P2	7809	P1P2
ITGB6	14387	7529	7810	P1P2	7810	P1P2
ITGB7	15469	7530	7811	P1P2	7811	P1P2
ITGB8	2129	7531	7812	P1P2	7812	P1P2
ITGBL1	3525	7532	7813	P1P2	7813	P1P2
ITIH1	2118	7533	7814	P1P2	7814	P1P2
ITIH2	13777	7534	7815	P1P2	7815	P1P2
ITIH3	14505	7535	7816	P1	7816	P1
ITIH4	14744	7536	7817	P2	7817	P2
ITIH5	4217	7537	7818	P1P2	7818	P1P2
ITIH6	12173	7538	7819	P1P2	7819	P1P2
ITK	1664	7539	7820	P1P2	7820	P1P2
ITLN1	16086	7540	7821	P1P2	7821	P1P2
ITLN2	18896	7541	7822	P1	7822	P2
ITM2A	1623	7542	7823	P1P2	7823	P1P2
ITM2B	785	7543	7824	P1P2	7824	P1P2
ITM2C	814	7544	7825	P1P2	7825	P1P2
ITPA	2618	7545	7826	P1P2	7826	P1P2
ITPK1	14666	7546	7827	P1P2	7827	P1P2
ITPKA	2230	7547	7828	P1P2	7828	P1P2
ITPKB	2218	7548	7829	P1P2	7829	P1P2
ITPKC	15793	7549	7830	P1P2	7830	P1P2
ITPR1	5478	7550	7831	P1P2	7831	P1P2
ITPR2	15450	7551	7832	P1P2	7832	P1P2
ITPR3	14041	7552	7833	P1P2	7833	P1P2
ITPRIP	4909	7553	7834	P1P2	7834	P1P2
ITPRIPL1	6003	7554	7835	P1P2	7835	P1P2
ITPRIPL2	2008	7555	7836	P1P2	7836	P1P2
ITSN1	6326	7556	7837	P1P2	7837	P1P2
ITSN2	14305	7557	7838	P1P2	7838	P1P2
IVD	9717	7558	7839	P1P2	7839	P1P2
IVL	8855	7559	7840	P1P2	7840	P1P2
IVNS1ABP	12553	7560	7841	P1P2	7841	P1P2
IWS1	16209	7561	7842	P1P2	7842	P1P2
IYD	12780	7562	7843	P1P2	7843	P1P2
IZUMO1	11619	7563	7844	P1P2	7844	P1P2
IZUMO2	1242	7564	7845	P1P2	7845	P1P2
IZUMO3	4625	7565	7846	P1P2	7846	P1P2
IZUMO4	2612	7566	7847	P1P2	7847	P1P2
JAG2	17371	7567	7849	P1P2	7849	P1P2
JAGN1	9499	7568	7850	P1P2	7850	P1P2
JAK1	13440	7569	7851	P1P2	7851	P1P2
JAK2	18815	7570	7852	P1P2	7852	P1P2
JAK3	563	7571	7853	P1P2	7853	P1P2
JAKMIP1	11159	7572	7854	P1P2	7854	P1P2
JAKMIP2	16753	7573	7855	P1P2	7855	P1P2
JAKMIP3	169	7574	7856	P1P2	7856	P1P2
JAM2	12892	7575	7857	P1P2	7857	P1P2
JAM3	2053	7576	7858	P1P2	7858	P1P2
JARID2	13959	7577	7859	P1P2	7859	P1P2
JAZF1	13870	7578	7860	P1P2	7860	P1P2
JDP2	5765	7579	7861	P1P2	7861	P1P2
JKAMP	14616	7581	7863	P1P2	7863	P1P2
JMJD1C	9200	7582	7864	P1P2	7864	P1P2
JMJD4	14093	7583	7865	P1P2	7865	P1P2
JMJD6	3936	7584	7866	P1P2	7866	P1P2
JMJD7	16758	7585	7867	P1	7867	P1
JMJD8	6149	7586	7868	P1P2	7868	P1P2
JMY	1720	7587	7869	P1P2	7869	P1P2
JOSD1	11440	7588	7870	P1P2	7870	P1P2
JOSD2	15957	7589	7871	P1P2	7871	P1P2
JPH1	17089	7590	7872	P1P2	7872	P1P2
JPH2	12641	7591	7873	P1P2	7873	P1P2
JPH3	17502	7592	7874	P1P2	7874	P1P2
JPH4	12172	7593	7875	P1P2	7875	P1P2
JRKL	6742	7594	7877	P1P2	7877	P1P2
JSRP1	13139	7595	7878	P1P2	7878	P1P2
JTB	9307	7596	7879	P1P2	7879	P1P2
JUN	8226	7597	7880	P1P2	7880	P1P2
JUNB	11993	7598	7881	P1P2	7881	P1P2
JUND	1958	7599	7882	P1P2	7882	P1P2
JUP	14932	7600	7883	P1P2	7883	P1P2
KALRN	4988	7602	7885	ENST00000360013.3	7885	ENST00000360013.3
KANK1	18839	7603	7886	P1P2	7886	P1P2
KANK2	16325	7604	7887	P1P2	7887	P1P2
KANK3	2942	7605	7888	P1P2	7888	P1P2
KANK4	3870	7606	7889	P1P2	7889	P1P2
KANSL1	18123	7607	7890	P1P2	7890	P1P2
KANSL1L	14114	7608	7891	P1P2	7891	P1P2
KANSL2	12345	7609	7892	P1P2	7892	P1P2
KANSL3	3976	7610	7893	P1P2	7893	P1P2
KAT2A	17127	7612	7895	P1P2	7895	P1P2
KAT2B	13819	7613	7896	P1P2	7896	P1P2
KAT5	2094	7614	7897	P1P2	7897	P1P2
KAT6A	18721	7615	7898	P1P2	7898	P1P2
KAT6B	8798	7616	7899	P1P2	7899	P1P2
KAT7	8501	7617	7900	P1P2	7900	P1P2
KAT8	6094	7618	7901	P2	7901	P2
KATNA1	1229	7619	7902	P1P2	7902	P1P2
KATNAL1	18733	7620	7903	P1P2	7903	P1P2
KATNAL2	5422	7621	7904	P1P2	7904	P1P2
KATNB1	17662	7622	7905	P1P2	7905	P1P2
KATNBL1	5084	7623	7906	P1P2	7906	P1P2
KAZALD1	10970	7624	7907	P1P2	7907	P1P2
KAZN	3153	7625	7908	ENST00000376030.2	7908	ENST00000376030.2
KBTBD11	18783	7626	7909	P1P2	7909	P1P2
KBTBD12	6752	7627	7910	P1P2	7910	P1P2
KBTBD13	5606	7628	7911	P1P2	7911	P1P2
KBTBD2	7051	7629	7912	P1P2	7912	P1P2
KBTBD3	2136	7630	7913	P1P2	7913	P1P2
KBTBD4	8537	7631	7914	ENST00000450908.1	7914	ENST00000450908.1
KBTBD6	15584	7632	7915	P1P2	7915	P1P2
KBTBD7	10180	7633	7916	P1P2	7916	P1P2
KBTBD8	11469	7634	7917	P1P2	7917	P1P2
KCMF1	8091	7635	7918	P1P2	7918	P1P2
KCNA1	11544	7636	7919	P1P2	7919	P1P2
KCNA10	13818	7637	7920	ENST00000369771.2	7920	ENST00000369771.2
KCNA2	18756	7638	7921	P1	7921	P1
KCNA3	15045	7639	7922	P1P2	7922	P1P2
KCNA4	16242	7640	7923	P1P2	7923	P1P2
KCNA5	1561	7641	7924	P1P2	7924	P1P2
KCNA6	16939	7642	7925	P1P2	7925	P1P2
KCNA7	11222	7643	7926	P1P2	7926	P1P2
KCNAB1	9067	7644	7927	P1P2	7927	P1P2
KCNAB2	15857	7645	7928	P2	7928	P2
KCNAB3	9679	7646	7929	P1P2	7929	P1P2
KCNB1	3079	7647	7930	P1P2	7930	P1P2
KCNB2	11033	7648	7931	P1P2	7931	P1P2
KCNC1	8444	7649	7932	P2	7932	P2
KCNC2	1296	7650	7933	P1P2	7933	P1P2
KCNC3	859	7651	7934	P2	7934	P2
KCNC4	13128	7652	7935	P1P2	7935	P1P2
KCND1	7564	7653	7936	P1P2	7936	P1P2
KCND2	9927	7654	7937	P1P2	7937	P1P2
KCND3	476	7655	7938	P1P2	7938	P1P2
KCNE1	18366	7656	7939	P1P2	7939	P1P2
KCNE2	4248	7658	7941	P1P2	7941	P1P2
KCNE3	15457	7659	7942	P1	7942	P2
KCNE4	905	7660	7943	P1P2	7943	P1P2
KCNF1	6798	7661	7944	P1P2	7944	P1P2
KCNG1	10467	7662	7945	P1P2	7945	P1P2
KCNG2	13735	7663	7946	P1P2	7946	P1P2
KCNG3	10695	7664	7947	P1P2	7947	P1P2
KCNG4	9577	7665	7948	P1P2	7948	P1P2
KCNH1	17078	7666	7949	P1P2	7949	P1P2
KCNH2	1232	7667	7950	P1	7950	P2
KCNH3	14433	7668	7951	P1P2	7951	P1P2
KCNH4	4524	7669	7952	P1P2	7952	P1P2
KCNH5	5023	7670	7953	P1P2	7953	P1P2
KCNH6	244	7671	7954	P1P2	7954	P1P2
KCNH7	10183	7672	7955	P1P2	7955	P1P2
KCNH8	16240	7673	7956	P1P2	7956	P1P2
KCNIP1	95	7674	7957	P1P2	7957	P1P2
KCNIP2	1337	7675	7958	P1P2	7958	P1P2
KCNIP3	16115	7676	7959	ENST00000468529.1	7959	ENST00000468529.1
KCNIP4	15092	7677	7960	ENST00000382150.4	7960	ENST00000382150.4
KCNJ1	6605	7678	7961	P1P2	7961	P1P2
KCNJ10	10075	7679	7962	P1P2	7962	P1P2
KCNJ11	12678	7680	7963	P1P2	7963	P1P2
KCNJ12	7877	7681	7964	P1P2	7964	P1P2
KCNJ13	14378	7682	7965	P1P2	7965	P1P2
KCNJ14	18799	7683	7966	P1P2	7966	P1P2
KCNJ15	4421	7684	7967	P1P2	7967	P1P2
KCNJ16	160	7685	7968	P1P2	7968	P1P2
KCNJ2	592	7686	7969	P1P2	7969	P1P2
KCNJ3	3517	7687	7970	P1P2	7970	P1P2
KCNJ4	1327	7688	7971	P1P2	7971	P1P2
KCNJ5	10070	7689	7972	P1P2	7972	P1P2
KCNJ6	5926	7690	7973	P1P2	7973	P1P2
KCNJ8	1414	7691	7974	P1P2	7974	P1P2
KCNJ9	16451	7692	7975	P1P2	7975	P1P2
KCNK1	2158	7693	7976	P1P2	7976	P1P2
KCNK10	11824	7694	7977	P1P2	7977	P1P2
KCNK12	5873	7695	7978	P1P2	7978	P1P2
KCNK13	572	7696	7979	P1P2	7979	P1P2
KCNK15	2448	7697	7980	P1P2	7980	P1P2
KCNK16	11420	7698	7981	P1P2	7981	P1P2
KCNK17	17192	7699	7982	P1P2	7982	P1P2
KCNK18	10696	7700	7983	ENST00000334549.1	7983	ENST00000334549.1
KCNK2	1136	7701	7984	P1P2	7984	P1P2
KCNK3	9486	7702	7985	P1P2	7985	P1P2
KCNK4	3056	7703	7986	P1P2	7986	P1P2
KCNK5	6314	7704	7987	P1P2	7987	P1P2
KCNK6	15165	7705	7988	P1P2	7988	P1P2
KCNK7	12925	7706	7989	P1P2	7989	P1P2
KCNK9	1773	7707	7990	ENST00000303015.1,ENST00000520439.1	7990	ENST00000303015.1,ENST00000520439.1
KCNMA1	7803	7708	7991	P1P2	7991	P1P2
KCNMB1	4948	7709	7992	P1P2	7992	P1P2
KCNMB2	5956	7710	7993	P1	7993	P2
KCNMB3	4271	7711	7994	P1P2	7994	P1P2
KCNMB4	14851	7712	7995	P1P2	7995	P1P2
KCNN1	562	7713	7996	P1P2	7996	P1P2
KCNN2	16942	7714	7997	P1P2	7997	P1P2
KCNN3	8934	7715	7998	P1P2	7998	P1P2
KCNN4	17512	7716	7999	P1P2	7999	P1P2
KCNQ1	8125	7717	8000	P1P2	8000	P1P2
KCNQ2	13488	7718	8001	P1P2	8001	P1P2
KCNQ3	12241	7719	8002	P1P2	8002	P1P2
KCNQ4	4630	7720	8003	P1P2	8003	P1P2
KCNQ5	3598	7721	8004	P1P2	8004	P1P2
KCNRG	5227	7722	8005	P1P2	8005	P1P2
KCNS1	3806	7723	8006	P1P2	8006	P1P2
KCNS2	14526	7724	8007	P1P2	8007	P1P2
KCNS3	897	7725	8008	P1P2	8008	P1P2
KCNT1	6736	7726	8009	P1	8009	P1
KCNT2	9253	7727	8010	P1P2	8010	P1P2
KCNU1	12086	7728	8011	P1P2	8011	P1P2
KCNV1	18369	7729	8012	P1P2	8012	P1P2
KCNV2	1285	7730	8013	P1P2	8013	P1P2
KCTD1	17052	7731	8015	P1P2	8015	P1P2
KCTD10	12615	7732	8016	P1P2	8016	P1P2
KCTD11	14246	7733	8017	P1P2	8017	P1P2
KCTD12	15835	7734	8018	P1P2	8018	P1P2
KCTD13	12092	7735	8019	P1P2	8019	P1P2
KCTD14	13101	7736	8020	P1P2	8020	P1P2
KCTD15	13475	7737	8021	P1P2	8021	P1P2
KCTD16	10239	7738	8022	P1P2	8022	P1P2
KCTD17	9288	7739	8023	P1P2	8023	P1P2
KCTD18	16537	7740	8024	P1P2	8024	P1P2
KCTD19	800	7741	8025	P1P2	8025	P1P2
KCTD2	8926	7742	8026	P1P2	8026	P1P2
KCTD20	16123	7743	8027	P1P2	8027	P1P2
KCTD21	18446	7744	8028	P1P2	8028	P1P2
KCTD3	18216	7745	8029	P1P2	8029	P1P2
KCTD4	14019	7746	8030	P1P2	8030	P1P2
KCTD5	10353	7747	8031	P1P2	8031	P1P2
KCTD6	17550	7748	8032	P1P2	8032	P1P2
KCTD7	7979	7749	8033	P1P2	8033	P1P2
KCTD8	5990	7750	8034	P1P2	8034	P1P2
KCTD9	7395	7751	8035	P1P2	8035	P1P2
KDELR1	6158	7754	8038	P1P2	8038	P1P2
KDELR2	14939	7755	8039	P1P2	8039	P1P2
KDELR3	7227	7756	8040	P1P2	8040	P1P2
KDM1A	12455	7757	8041	P1P2	8041	P1P2
KDM1B	6453	7758	8042	P1P2	8042	P1P2
KDM2A	6071	7759	8043	P1P2	8043	P1P2
KDM2B	11228	7760	8044	ENST00000377071.4	8044	ENST00000377069.4
KDM3A	4810	7761	8045	P1P2	8045	P1P2
KDM3B	14047	7762	8046	P1P2	8046	P1P2
KDM4A	11940	7763	8047	P1P2	8047	P1P2
KDM4B	16844	7764	8048	P1P2	8048	P1P2
KDM4C	14068	7765	8049	P1P2	8049	P1P2
KDM4D	1568	7766	8050	P1P2	8050	P1P2
KDM4E	18410	7767	8051	ENST00000450979.2	8051	ENST00000450979.2
KDM5A	4344	7768	8052	P1P2	8052	P1P2
KDM5B	9937	7769	8053	P1P2	8053	P1P2
KDM5C	5969	7770	8054	P1P2	8054	P1P2
KDM5D	2308	7771	8055	P1P2	8055	P1P2
KDM6A	8710	7772	8056	P1P2	8056	P1P2
KDM6B	2154	7773	8057	P1P2	8057	P1P2
KDM8	6276	7774	8058	P1P2	8058	P1P2
KDR	14193	7775	8059	P1P2	8059	P1P2
KDSR	11026	7776	8060	P1P2	8060	P1P2
KEAP1	10752	7777	8061	P1P2	8061	P1P2
KEL	18370	7778	8062	P1	8062	P1
KERA	14200	7779	8063	P1P2	8063	P1P2
KHDC1	3371	7780	8064	ENST00000257765.5	8064	ENST00000257765.5
KHDC1L	7495	7781	8065	P1P2	8065	P1P2
KHDC3L	8996	7782	8066	P1P2	8066	P1P2
KHDRBS1	1443	7783	8067	P1P2	8067	P1P2
KHDRBS2	13459	7784	8068	P1P2	8068	P1P2
KHDRBS3	11130	7785	8069	P1P2	8069	P1P2
KHK	6969	7786	8070	P1P2	8070	P1P2
KHNYN	2705	7787	8071	P1P2	8071	P1P2
KHSRP	11236	7788	8072	P1P2	8072	P1P2
KIAA0040	9635	7790	8074	P1P2	8074	P1P2
KIAA0100	1891	7792	8075	P1P2	8075	P1P2
KIAA0232	11126	7800	8082	P1P2	8082	P1P2
KIAA0319	9370	7802	8084	P1P2	8084	P1P2
KIAA0319L	2973	7803	8085	P1P2	8085	P1P2
KIAA0355	7839	7804	8086	P1P2	8086	P1P2
KIAA0408	2102	7807	8089	P1P2	8089	P1P2
KIAA0513	4699	7809	8091	P1P2	8091	P1P2
KIAA0556	1607	7810	8092	P1P2	8092	P1P2
KIAA0586	10397	7811	8093	P1P2	8093	P1P2
KIAA0753	16381	7812	8094	P1P2	8094	P1P2
KIAA0825	12535	7813	8096	P1P2	8096	P1P2
KIAA0895	10365	7814	8097	P1	8097	P1
KIAA0895L	460	7815	8098	P1P2	8098	P1P2
KIAA0930	15025	7818	8101	P2	8101	P1
KIAA1107	12303	7823	8108	P1P2	8108	P1P2
KIAA1109	18874	7824	8109	P1P2	8109	P1P2
KIAA1143	12385	7825	8110	P1P2	8110	P1P2
KIAA1191	2954	7828	8113	P1P2	8113	P1P2
KIAA1210	5255	7830	8115	ENST00000402510.2	8115	ENST00000402510.2
KIAA1217	8851	7833	8118	ENST00000376454.3	8118	ENST00000376454.3
KIAA1324	13719	7838	8123	P1P2	8123	P1P2
KIAA1324L	16053	7839	8124	P1P2	8124	P1P2
KIAA1328	15596	7840	8125	P1P2	8125	P1P2
KIAA1522	8007	7850	8135	P1	8135	P1
KIAA1549	11409	7852	8137	P1P2	8137	P1P2
KIAA1549L	18071	7853	8138	P1P2	8138	P1P2
KIAA1586	6333	7855	8140	P1P2	8140	P1P2
KIAA1614	5332	7857	8142	P1P2	8142	P1P2
KIAA1671	11789	7859	8144	ENST00000358431.3	8144	ENST00000406486.4
KIAA1755	15419	7864	8149	P1P2	8149	P1P2
KIAA1841	6739	7865	8151	ENST00000356719.2	8151	ENST00000402291.1
KIAA1958	12986	7868	8153	P1P2	8153	P1P2
KIAA2013	2588	7870	8155	P1P2	8155	P1P2
KIAA2026	7814	7873	8158	P1P2	8158	P1P2
KIDINS220	7113	7874	8159	P1P2	8159	P1P2
KIF11	18293	7875	8160	P1P2	8160	P1P2
KIF12	6451	7876	8161	P1P2	8161	P1P2
KIF13A	1371	7877	8162	P1P2	8162	P1P2
KIF13B	12867	7878	8163	P1P2	8163	P1P2
KIF14	2622	7879	8164	P1P2	8164	P1P2
KIF15	14862	7880	8165	P1P2	8165	P1P2
KIF16B	14372	7881	8166	P1P2	8166	P1P2
KIF17	9389	7882	8167	ENST00000400463.3	8167	ENST00000400463.3
KIF18A	2178	7883	8168	P1P2	8168	P1P2
KIF18B	9050	7884	8169	P1P2	8169	P1P2
KIF19	8517	7885	8170	P1P2	8170	P1P2
KIF1A	18008	7886	8171	P1P2	8171	P1P2
KIF1B	1990	7887	8172	P1P2	8172	P1P2
KIF1C	2794	7888	8173	P1P2	8173	P1P2
KIF20A	12603	7889	8174	P1P2	8174	P1P2
KIF20B	3510	7890	8175	P1P2	8175	P1P2
KIF21A	2779	7891	8176	P1P2	8176	P1P2
KIF21B	7398	7892	8177	P1P2	8177	P1P2
KIF22	2025	7893	8178	P1	8178	P2
KIF24	12181	7895	8179	P1P2	8179	P1P2
KIF25	12267	7896	8180	P1P2	8180	P1P2
KIF26A	14370	7897	8181	P1P2	8181	P1P2
KIF26B	11024	7898	8182	P1P2	8182	P1P2
KIF27	14965	7899	8183	P1P2	8183	P1P2
KIF2A	12153	7900	8184	P1P2	8184	P1P2
KIF2B	14805	7901	8185	P1P2	8185	P1P2
KIF2C	18964	7902	8186	P1P2	8186	P1P2
KIF3A	2960	7903	8187	P1P2	8187	P1P2
KIF3B	16219	7904	8188	P1P2	8188	P1P2
KIF3C	15598	7905	8189	P1P2	8189	P1P2
KIF4A	13750	7906	8190	P1P2	8190	P1P2
KIF4B	8916	7907	8191	P1P2	8191	P1P2
KIF5A	911	7908	8192	P1P2	8192	P1P2
KIF5B	10194	7909	8193	P1P2	8193	P1P2
KIF5C	6546	7910	8194	P1P2	8194	P1P2
KIF6	8796	7911	8195	P1P2	8195	P1P2
KIF7	16646	7912	8196	P1P2	8196	P1P2
KIF9	13837	7913	8197	P1P2	8197	P1P2
KIFAP3	14584	7914	8198	P1P2	8198	P1P2
KIFC1	8754	7915	8199	P1P2	8199	P1P2
KIFC2	8398	7916	8200	P1P2	8200	P1P2
KIFC3	13841	7917	8201	P1P2	8201	P1P2
KIN	5806	7918	8202	P1P2	8202	P1P2
KIR2DL1	16252	7919	8203	P1P2	8203	P1P2
KIR2DL4	3666	7920	8205	P1P2	8205	P1P2
KIR3DL1	8824	7921	8207	ENST00000402254.2,ENST00000538269.1,ENST00000541392.1	8207	ENST00000402254.2,ENST00000538269.1,ENST00000541392.1
KIR3DL2	10147	7922	8208	P1P2	8208	P1P2
KIRREL2	11707	7926	8210	P2	8210	P2
KIRREL3	16550	7927	8211	P1P2	8211	P1P2
KISS1	10160	7928	8212	P1P2	8212	P1P2
KISS1R	2229	7929	8213	P1P2	8213	P1P2
KIT	3284	7930	8214	P1P2	8214	P1P2
KITLG	4945	7931	8215	P1P2	8215	P1P2
KL	17998	7932	8216	P1P2	8216	P1P2
KLB	10100	7933	8217	P1P2	8217	P1P2
KLC1	8909	7934	8218	P1P2	8218	P1P2
KLC2	16255	7935	8219	P1P2	8219	P1P2
KLC3	3927	7936	8220	P1P2	8220	P1P2
KLC4	7023	7937	8221	P1P2	8221	P1P2
KLF1	11812	7938	8222	P1P2	8222	P1P2
KLF10	9249	7939	8223	P2	8223	P2
KLF11	12876	7940	8224	P1P2	8224	P1P2
KLF12	5761	7941	8225	P1P2	8225	P1P2
KLF13	16831	7942	8226	P1P2	8226	P1P2
KLF14	10612	7943	8227	P1P2	8227	P1P2
KLF15	470	7944	8228	P1P2	8228	P1P2
KLF16	10454	7945	8229	P1P2	8229	P1P2
KLF17	13345	7946	8230	ENST00000372299.3	8230	ENST00000372299.3
KLF2	3771	7947	8231	P1P2	8231	P1P2
KLF3	12902	7948	8232	P1P2	8232	P1P2
KLF4	12762	7949	8233	P2	8233	P1
KLF5	9408	7950	8234	P1P2	8234	P1P2
KLF6	3328	7951	8235	P1P2	8235	P1P2
KLF7	13771	7952	8236	P1P2	8236	P1P2
KLF8	2697	7953	8237	P1P2	8237	P1P2
KLF9	9681	7954	8238	P1P2	8238	P1P2
KLHDC1	137	7955	8239	P1P2	8239	P1P2
KLHDC10	14942	7956	8240	P1P2	8240	P1P2
KLHDC2	7126	7957	8241	P1P2	8241	P1P2
KLHDC3	14948	7958	8242	P2	8242	P2
KLHDC4	7140	7959	8243	P1P2	8243	P1P2
KLHDC7A	18319	7960	8244	P1P2	8244	P1P2
KLHDC7B	18521	7961	8245	P1P2	8245	P1P2
KLHDC8A	1663	7962	8246	P1P2	8246	P1P2
KLHDC8B	7490	7963	8247	P1P2	8247	P1P2
KLHDC9	1566	7964	8248	P1P2	8248	P1P2
KLHL1	9794	7965	8249	P1P2	8249	P1P2
KLHL10	11296	7966	8250	P1P2	8250	P1P2
KLHL11	4352	7967	8251	P1P2	8251	P1P2
KLHL12	2246	7968	8252	P1P2	8252	P1P2
KLHL13	18851	7969	8253	P1P2	8253	P1P2
KLHL14	8082	7970	8254	P1P2	8254	P1P2
KLHL15	2504	7971	8255	ENST00000328046.8	8255	ENST00000328046.8
KLHL17	6346	7972	8256	P1P2	8256	P1P2
KLHL18	18573	7973	8257	P1P2	8257	P1P2
KLHL2	15188	7974	8258	P1P2	8258	P1P2
KLHL20	15553	7975	8259	P1P2	8259	P1P2
KLHL21	4669	7976	8260	P1P2	8260	P1P2
KLHL22	14059	7977	8261	P1P2	8261	P1P2
KLHL23	1575	7978	8262	P1	8262	P2
KLHL24	12195	7979	8263	P1P2	8263	P1P2
KLHL25	782	7980	8264	P1P2	8264	P1P2
KLHL26	10753	7981	8265	P1P2	8265	P1P2
KLHL28	18954	7982	8266	P1P2	8266	P1P2
KLHL29	1090	7983	8267	P1P2	8267	P1P2
KLHL3	18741	7984	8268	P1P2	8268	P1P2
KLHL30	8149	7985	8269	P1P2	8269	P1P2
KLHL31	6985	7986	8270	P1P2	8270	P1P2
KLHL32	18265	7987	8271	P1P2	8271	P1P2
KLHL33	5359	7988	8272	P1P2	8272	P1P2
KLHL34	11609	7989	8273	P1P2	8273	P1P2
KLHL35	14233	7990	8274	P1P2	8274	P1P2
KLHL36	5044	7991	8275	P2	8275	P1
KLHL38	17488	7992	8276	P1P2	8276	P1P2
KLHL4	1640	7993	8277	P1P2	8277	P1P2
KLHL40	4423	7994	8278	P1P2	8278	P1P2
KLHL41	18949	7995	8279	P1P2	8279	P1P2
KLHL42	4120	7996	8280	P1P2	8280	P1P2
KLHL5	9342	7997	8281	P1P2	8281	P1P2
KLHL6	5508	7998	8282	P1P2	8282	P1P2
KLHL7	7392	7999	8283	P1P2	8283	P1P2
KLHL8	1408	8000	8284	P1P2	8284	P1P2
KLHL9	15300	8001	8285	P1P2	8285	P1P2
KLK1	14949	8002	8286	P2	8286	P2
KLK10	11564	8003	8287	P1P2	8287	P1P2
KLK11	14481	8004	8288	P2	8288	P2
KLK12	7451	8005	8289	P1P2	8289	P1P2
KLK13	9267	8006	8290	P1P2	8290	P1P2
KLK14	3842	8007	8291	P1P2	8291	P1P2
KLK15	5609	8008	8292	P1P2	8292	P1P2
KLK2	10978	8009	8293	P1P2	8293	P1P2
KLK3	1289	8010	8294	P1P2	8294	P1P2
KLK4	5700	8011	8295	P1P2	8295	P1P2
KLK5	10315	8012	8296	P1P2	8296	P1P2
KLK6	18448	8013	8297	P1P2	8297	P1P2
KLK7	15797	8014	8298	P1P2	8298	P1P2
KLK8	15417	8015	8299	P1P2	8299	P1P2
KLK9	15072	8016	8300	P1P2	8300	P1P2
KLKB1	12348	8017	8301	P1P2	8301	P1P2
KLLN	8412	8018	8302	P1P2	8302	P1P2
KLRB1	15876	8019	8303	P1P2	8303	P1P2
KLRC1	11492	8020	8304	P1	8304	P1
KLRC3	17082	8021	8306	P1P2	8306	P1P2
KLRC4	444	8022	8307	P1P2	8307	P1P2
KLRD1	9647	8023	8309	P1P2	8309	P1P2
KLRF1	156	8024	8310	P1P2	8310	P1P2
KLRG1	10352	8025	8312	P1P2	8312	P1P2
KLRG2	8989	8026	8313	P1P2	8313	P1P2
KLRK1	11018	8027	8314	P1P2	8314	P1P2
KMO	6085	8028	8315	P1P2	8315	P1P2
KMT2A	8344	8029	8316	P1P2	8316	P1P2
KMT2C	11596	8030	8318	P1P2	8318	P1P2
KMT2D	7372	8031	8319	P1P2	8319	P1P2
KMT2E	18923	8032	8320	P1P2	8320	P1P2
KNCN	6804	8033	8321	P1P2	8321	P1P2
KNDC1	9675	8034	8322	P1P2	8322	P1P2
KNG1	10977	8035	8323	P1P2	8323	P1P2
KNOP1	18901	8036	8324	P1P2	8324	P1P2
KNSTRN	1166	8037	8325	P1P2	8325	P1P2
KNTC1	15578	8038	8326	P1P2	8326	P1P2
KPNA1	6597	8039	8327	P2	8327	P1
KPNA2	12605	8040	8328	P1P2	8328	P1P2
KPNA3	9996	8041	8329	P1P2	8329	P1P2
KPNA4	6610	8042	8330	P1P2	8330	P1P2
KPNA5	3289	8043	8331	P1P2	8331	P1P2
KPNA6	14427	8044	8332	P1P2	8332	P1P2
KPNA7	7773	8045	8333	ENST00000327442.6	8333	ENST00000327442.6
KPNB1	5024	8046	8334	P1P2	8334	P1P2
KPRP	13450	8047	8335	P1P2	8335	P1P2
KPTN	3868	8048	8336	P1P2	8336	P1P2
KRAS	18991	8049	8337	P1P2	8337	P1P2
KRBA1	7856	8050	8338	P1P2	8338	P1P2
KRBA2	1857	8051	8339	P1P2	8339	P1P2
KRBOX1	2275	8052	8340	P1P2	8340	P1P2
KRCC1	7670	8053	8342	P1P2	8342	P1P2
KREMEN1	2146	8054	8343	P1P2	8343	P1P2
KREMEN2	9336	8055	8344	P1P2	8344	P1P2
KRIT1	12593	8057	8346	P1P2	8346	P1P2
KRR1	4291	8058	8347	P1P2	8347	P1P2
KRT1	307	8059	8348	P1P2	8348	P1P2
KRT12	10420	8060	8350	P1P2	8350	P1P2
KRT13	5059	8061	8351	P1P2	8351	P1P2
KRT14	9632	8062	8352	P1P2	8352	P1P2
KRT15	7496	8063	8353	P1	8353	P1
KRT16	15138	8064	8354	P1P2	8354	P1P2
KRT17	1385	8065	8355	P1P2	8355	P1P2
KRT18	6496	8066	8356	P1P2	8356	P1P2
KRT19	14080	8067	8357	P1P2	8357	P1P2
KRT2	613	8068	8358	P1P2	8358	P1P2
KRT20	6815	8069	8359	P1P2	8359	P1P2
KRT222	18794	8070	8360	P1P2	8360	P1P2
KRT23	14945	8071	8361	P1P2	8361	P1P2
KRT24	7535	8072	8362	P1P2	8362	P1P2
KRT25	3702	8073	8363	P1P2	8363	P1P2
KRT26	13206	8074	8364	P1P2	8364	P1P2
KRT27	17980	8075	8365	P1P2	8365	P1P2
KRT28	4783	8076	8366	P1P2	8366	P1P2
KRT3	16573	8077	8367	P1P2	8367	P1P2
KRT31	14622	8078	8368	P1P2	8368	P1P2
KRT32	11511	8079	8369	P1P2	8369	P1P2
KRT33A	16595	8080	8370	P1P2	8370	P1P2
KRT33B	7005	8081	8371	P1P2	8371	P1P2
KRT34	8172	8082	8372	P1P2	8372	P1P2
KRT35	5979	8083	8373	P1P2	8373	P1P2
KRT36	18780	8084	8374	P1P2	8374	P1P2
KRT37	4997	8085	8375	P1P2	8375	P1P2
KRT38	9488	8086	8376	P1P2	8376	P1P2
KRT39	12885	8087	8377	P1P2	8377	P1P2
KRT4	4360	8088	8378	P1	8378	P2
KRT40	18942	8089	8379	P2	8379	P1
KRT6A	12959	8090	8381	P1	8381	P2
KRT7	5108	8091	8384	P1P2	8384	P1P2
KRT71	15223	8092	8385	P1P2	8385	P1P2
KRT72	16090	8093	8386	P1P2	8386	P1P2
KRT73	1955	8094	8387	P1P2	8387	P1P2
KRT74	14897	8095	8388	P1P2	8388	P1P2
KRT75	575	8096	8389	P1P2	8389	P1P2
KRT76	14673	8097	8390	P1P2	8390	P1P2
KRT77	1562	8098	8391	P1P2	8391	P1P2
KRT78	1210	8099	8392	P1P2	8392	P1P2
KRT79	10700	8100	8393	P2	8393	P1
KRT80	1628	8101	8395	P1P2	8395	P1P2
KRT81	18241	8102	8396	P1P2	8396	P1P2
KRT82	6040	8103	8397	P1P2	8397	P1P2
KRT83	3859	8104	8398	P1P2	8398	P1P2
KRT84	17002	8105	8399	P1P2	8399	P1P2
KRT85	13857	8106	8400	P1P2	8400	P1P2
KRT86	14271	8107	8401	P1P2	8401	P1P2
KRT9	3487	8108	8402	P1P2	8402	P1P2
KRTAP1-4	5230	8109	8405	ENST00000377747.4	8405	ENST00000377747.4
KRTAP1-5	808	8110	8406	P1P2	8406	P1P2
KRTAP10-10	4739	8111	8407	P1P2	8407	P1P2
KRTAP10-3	12355	8113	8409	P1P2	8409	P1P2
KRTAP10-5	4905	8114	8411	P1P2	8411	P1P2
KRTAP10-7	10550	8115	8412	P1P2	8412	P1P2
KRTAP10-8	11758	8116	8413	P1P2	8413	P1P2
KRTAP11-1	13170	8117	8414	P1P2	8414	P1P2
KRTAP12-1	18990	8118	8415	ENST00000391617.1	8415	ENST00000391617.1
KRTAP12-2	5049	8119	8416	ENST00000360770.3	8416	ENST00000360770.3
KRTAP12-3	13912	8120	8417	P1P2	8417	P1P2
KRTAP12-4	1237	8121	8418	ENST00000391618.1	8418	ENST00000391618.1
KRTAP13-1	6731	8122	8419	P1P2	8419	P1P2
KRTAP13-2	16757	8123	8420	P1P2	8420	P1P2
KRTAP13-3	3766	8124	8421	ENST00000390690.2	8421	ENST00000390690.2
KRTAP13-4	18499	8125	8422	ENST00000334068.2	8422	ENST00000334068.2
KRTAP15-1	6307	8126	8423	ENST00000334067.3	8423	ENST00000334067.3
KRTAP16-1	8479	8127	8424	P1P2	8424	P1P2
KRTAP17-1	6206	8128	8425	P1P2	8425	P1P2
KRTAP19-4	4846	8129	8429	ENST00000334058.2	8429	ENST00000334058.2
KRTAP19-7	4658	8130	8432	ENST00000334849.2	8432	ENST00000334849.2
KRTAP19-8	5148	8131	8433	ENST00000382822.2	8433	ENST00000382822.2
KRTAP20-1	4267	8132	8436	ENST00000334664.2	8436	ENST00000334664.2
KRTAP20-2	1301	8133	8437	P1P2	8437	P1P2
KRTAP20-3	5082	8134	8438	ENST00000382826.2	8438	ENST00000382826.2
KRTAP21-1	11907	8136	8439	ENST00000335093.3	8439	ENST00000335093.3
KRTAP21-2	18006	8137	8440	P1P2	8440	P1P2
KRTAP21-3	7854	8138	8441	ENST00000444335.1	8441	ENST00000444335.1
KRTAP22-1	1333	8139	8442	ENST00000334680.2	8442	ENST00000334680.2
KRTAP22-2	9787	8140	8443	ENST00000382830.2	8443	ENST00000382830.2
KRTAP23-1	16574	8141	8444	ENST00000334160.4	8444	ENST00000334160.4
KRTAP24-1	17913	8142	8445	P1P2	8445	P1P2
KRTAP25-1	17088	8143	8446	ENST00000416044.1	8446	ENST00000416044.1
KRTAP26-1	5343	8144	8447	P1P2	8447	P1P2
KRTAP27-1	14500	8145	8448	ENST00000382835.2	8448	ENST00000382835.2
KRTAP29-1	7489	8146	8449	ENST00000391353.1	8449	ENST00000391353.1
KRTAP3-1	7363	8147	8450	P1P2	8450	P1P2
KRTAP4-1	15282	8148	8453	P1P2	8453	P1P2
KRTAP4-3	12659	8149	8456	P1P2	8456	P1P2
KRTAP4-5	1981	8150	8458	P1P2	8458	P1P2
KRTAP5-1	5869	8151	8462	ENST00000382171.2	8462	ENST00000382171.2
KRTAP6-1	12808	8153	8468	ENST00000329122.2	8468	ENST00000329122.2
KRTAP6-2	5861	8154	8469	ENST00000334897.3	8469	ENST00000334897.3
KRTAP6-3	4020	8155	8470	ENST00000391624.1	8470	ENST00000391624.1
KRTAP8-1	16254	8156	8472	P1P2	8472	P1P2
KRTAP9-1	10804	8157	8473	ENST00000398470.1	8473	ENST00000398470.1
KRTCAP2	10877	8158	8475	P1P2	8475	P1P2
KRTCAP3	16851	8159	8476	P1P2	8476	P1P2
KRTDAP	18678	8160	8477	P1P2	8477	P1P2
KSR1	15838	8161	8478	P1P2	8478	P1P2
KSR2	9182	8162	8479	P1P2	8479	P1P2
KTI12	12087	8163	8480	P1P2	8480	P1P2
KTN1	15174	8164	8481	P2	8481	P2
KXD1	10573	8165	8482	P1P2	8482	P1P2
KY	615	8166	8483	P1P2	8483	P1P2
KYNU	17901	8167	8484	P1P2	8484	P1P2
L1CAM	10616	8168	8485	P2	8485	P1
L1TD1	3252	8169	8486	P2	8486	P2
L2HGDH	11757	8170	8487	P1P2	8487	P1P2
L3HYPDH	1670	8171	8488	P1P2	8488	P1P2
L3MBTL1	3713	8172	8489	P1	8489	P2
L3MBTL2	3634	8173	8490	P1P2	8490	P1P2
L3MBTL3	16050	8174	8491	P1P2	8491	P1P2
L3MBTL4	15547	8175	8492	P1P2	8492	P1P2
LACC1	86	8176	8493	P1P2	8493	P1P2
LACRT	7598	8178	8495	P1P2	8495	P1P2
LACTB	17400	8179	8496	P1P2	8496	P1P2
LACTB2	18250	8180	8497	P1P2	8497	P1P2
LACTBL1	15506	8181	8498	ENST00000426928.2	8498	ENST00000426928.2
LAD1	15833	8182	8499	P1P2	8499	P1P2
LAG3	8823	8183	8500	P1P2	8500	P1P2
LAGE3	10969	8184	8501	P1P2	8501	P1P2
LAIR1	9103	8185	8502	P1P2	8502	P1P2
LALBA	974	8186	8504	ENST00000301046.2	8504	ENST00000301046.2
LAMA1	2558	8187	8505	P1P2	8505	P1P2
LAMA2	11800	8188	8506	P1P2	8506	P1P2
LAMA3	15202	8189	8507	ENST00000313654.9	8507	ENST00000313654.9
LAMA4	10421	8190	8508	P1P2	8508	P1P2
LAMA5	7557	8191	8509	P1P2	8509	P1P2
LAMB1	17117	8192	8510	P1P2	8510	P1P2
LAMB2	13431	8193	8511	P1P2	8511	P1P2
LAMB3	3419	8194	8512	P1P2	8512	P1P2
LAMB4	16331	8195	8513	P1P2	8513	P1P2
LAMC1	13002	8196	8514	P1P2	8514	P1P2
LAMC2	12694	8197	8515	P1P2	8515	P1P2
LAMC3	1382	8198	8516	P1P2	8516	P1P2
LAMP1	17447	8199	8517	P1P2	8517	P1P2
LAMP2	3953	8200	8518	P1P2	8518	P1P2
LAMP3	5659	8201	8519	P1P2	8519	P1P2
LAMP5	4792	8202	8520	P1P2	8520	P1P2
LAMTOR1	4338	8203	8521	P1P2	8521	P1P2
LAMTOR2	5571	8204	8522	P1P2	8522	P1P2
LAMTOR3	5968	8205	8523	P1P2	8523	P1P2
LAMTOR4	7233	8206	8524	P1P2	8524	P1P2
LAMTOR5	2668	8207	8525	P1P2	8525	P1P2
LANCL1	725	8208	8526	P1P2	8526	P1P2
LANCL2	9152	8209	8527	P1P2	8527	P1P2
LANCL3	3857	8210	8528	P1P2	8528	P1P2
LAP3	11258	8211	8529	P1P2	8529	P1P2
LAPTM4A	7596	8212	8530	P1P2	8530	P1P2
LAPTM4B	10898	8213	8531	P1P2	8531	P1P2
LAPTM5	9400	8214	8532	P1P2	8532	P1P2
LARP1	3785	8216	8534	ENST00000336314.4	8534	ENST00000336314.4
LARP1B	683	8217	8535	P1P2	8535	P1P2
LARP4	10656	8218	8536	P1P2	8536	P1P2
LARP4B	16353	8219	8537	ENST00000316157.3	8537	ENST00000316157.3
LARP6	11645	8220	8538	P1P2	8538	P1P2
LARP7	10932	8221	8539	P1P2	8539	P1P2
LARS2	19009	8223	8541	P1P2	8541	P1P2
LAS1L	12297	8224	8542	P1P2	8542	P1P2
LASP1	1459	8225	8543	P1P2	8543	P1P2
LAT	10443	8226	8544	P1P2	8544	P1P2
LAT2	9462	8227	8545	P1P2	8545	P1P2
LATS1	3947	8228	8546	P1P2	8546	P1P2
LATS2	7225	8229	8547	P1P2	8547	P1P2
LAX1	2267	8230	8548	P1P2	8548	P1P2
LAYN	6484	8231	8549	P1P2	8549	P1P2
LBH	15492	8232	8550	P1P2	8550	P1P2
LBP	554	8233	8551	P1P2	8551	P1P2
LBR	16797	8234	8552	P1P2	8552	P1P2
LBX1	2027	8235	8553	P1P2	8553	P1P2
LBX2	5163	8236	8554	P1P2	8554	P1P2
LCA5	8593	8237	8555	P1P2	8555	P1P2
LCA5L	2659	8238	8556	P1P2	8556	P1P2
LCAT	11170	8239	8557	P1P2	8557	P1P2
LCE3A	14191	8240	8567	ENST00000335674.1	8567	ENST00000335674.1
LCE3B	15403	8241	8568	ENST00000335633.1	8568	ENST00000335633.1
LCE3C	12631	8242	8569	P1P2	8569	P1P2
LCE4A	15135	8243	8572	ENST00000368777.1	8572	ENST00000335535.3
LCE5A	4746	8244	8573	P1P2	8573	P1P2
LCE6A	9907	8245	8574	P1P2	8574	P1P2
LCK	3159	8246	8575	P1P2	8575	P1P2
LCLAT1	1842	8247	8576	P1P2	8576	P1P2
LCMT1	3871	8248	8577	P1P2	8577	P1P2
LCMT2	3745	8249	8578	P1P2	8578	P1P2
LCN1	450	8250	8579	P1P2	8579	P1P2
LCN10	8833	8251	8580	P1P2	8580	P1P2
LCN12	13642	8252	8581	P1P2	8581	P1P2
LCN15	18671	8253	8582	P1P2	8582	P1P2
LCN2	10124	8254	8583	P1P2	8583	P1P2
LCN6	13663	8255	8584	P1	8584	P2
LCN8	9690	8256	8585	P1P2	8585	P1P2
LCN9	7256	8257	8586	P1P2	8586	P1P2
LCNL1	17037	8258	8587	P1P2	8587	P1P2
LCORL	11905	8260	8589	P1P2	8589	P1P2
LCP1	9495	8261	8590	P1P2	8590	P1P2
LCP2	12706	8262	8591	P1P2	8591	P1P2
LCT	17857	8263	8592	P1P2	8592	P1P2
LCTL	10618	8264	8593	P1P2	8593	P1P2
LDB1	961	8265	8594	P2	8594	P2
LDB2	16118	8266	8595	P1P2	8595	P1P2
LDB3	1436	8267	8596	P1P2	8596	P1P2
LDHA	13907	8268	8597	P1P2	8597	P1P2
LDHAL6A	2651	8269	8598	P1P2	8598	P1P2
LDHAL6B	1831	8270	8599	P1P2	8599	P1P2
LDHB	12123	8271	8600	P1P2	8600	P1P2
LDHC	16124	8272	8601	P1P2	8601	P1P2
LDHD	17460	8273	8602	P1P2	8602	P1P2
LDLR	4536	8274	8603	P1P2	8603	P1P2
LDLRAD1	14720	8275	8604	P1P2	8604	P1P2
LDLRAD2	10021	8276	8605	P1P2	8605	P1P2
LDLRAD3	6859	8277	8606	P1P2	8606	P1P2
LDLRAD4	6790	8278	8607	P1P2	8607	P1P2
LDLRAP1	4373	8279	8608	P2	8608	P2
LDOC1	5337	8280	8609	P1P2	8609	P1P2
LEAP2	13086	8282	8611	P1P2	8611	P1P2
LECT2	4939	8284	8613	P1P2	8613	P1P2
LEF1	6866	8285	8614	P1	8614	P1
LEFTY1	10119	8286	8615	ENST00000272134.5	8615	ENST00000272134.5
LELP1	12088	8288	8618	P1P2	8618	P1P2
LEMD1	9298	8289	8619	P1P2	8619	P1P2
LEMD2	2098	8290	8620	P1P2	8620	P1P2
LEMD3	2018	8291	8621	P1P2	8621	P1P2
LENEP	2998	8292	8622	P1P2	8622	P1P2
LENG1	7834	8293	8623	P1P2	8623	P1P2
LENG8	18861	8294	8624	P1P2	8624	P1P2
LENG9	11472	8295	8625	P1P2	8625	P1P2
LEO1	11649	8296	8626	P1P2	8626	P1P2
LEP	18767	8297	8627	P1P2	8627	P1P2
LEPR	8661	8298	8628	P1P2	8628	P1P2
LEPROTL1	8293	8303	8633	P1P2	8633	P1P2
LETM1	2105	8304	8634	P1P2	8634	P1P2
LETM2	11277	8305	8635	P2	8635	P1
LETMD1	7064	8306	8636	P1P2	8636	P1P2
LEUTX	17890	8307	8637	ENST00000396841.4	8637	ENST00000396841.4
LFNG	4211	8308	8638	P1P2	8638	P1P2
LGALS1	12844	8309	8639	P1	8639	P1
LGALS12	13330	8310	8640	P1P2	8640	P1P2
LGALS14	4470	8311	8642	P1P2	8642	P1P2
LGALS16	2517	8312	8643	P1P2	8643	P1P2
LGALS2	11745	8313	8644	P1P2	8644	P1P2
LGALS3	11917	8314	8645	P1P2	8645	P1P2
LGALS3BP	1777	8315	8646	P1P2	8646	P1P2
LGALS4	12159	8316	8647	P1P2	8647	P1P2
LGALS8	13968	8317	8650	P1P2	8650	P1P2
LGALS9	6779	8318	8651	P1P2	8651	P1P2
LGALSL	4369	8319	8654	P1P2	8654	P1P2
LGI1	9945	8320	8655	P1P2	8655	P1P2
LGI2	1422	8321	8656	P1P2	8656	P1P2
LGI3	5124	8322	8657	P1P2	8657	P1P2
LGI4	7201	8323	8658	P1P2	8658	P1P2
LGMN	15238	8324	8659	P1P2	8659	P1P2
LGR4	3535	8325	8660	P1P2	8660	P1P2
LGR5	2021	8326	8661	P1P2	8661	P1P2
LGR6	394	8327	8662	P2	8662	P1
LGSN	16585	8328	8663	P1P2	8663	P1P2
LHB	12793	8329	8664	P1P2	8664	P1P2
LHCGR	17951	8330	8665	P1P2	8665	P1P2
LHFPL1	8888	8332	8667	P1P2	8667	P1P2
LHFPL2	7600	8333	8668	P1P2	8668	P1P2
LHFPL3	231	8334	8669	P1P2	8669	P1P2
LHFPL4	1614	8335	8670	P1P2	8670	P1P2
LHPP	14486	8336	8672	P1P2	8672	P1P2
LHX1	237	8337	8673	P1P2	8673	P1P2
LHX2	18687	8338	8674	P1P2	8674	P1P2
LHX3	14429	8339	8675	P1	8675	P2
LHX4	6011	8340	8676	P1P2	8676	P1P2
LHX5	13285	8341	8677	P1P2	8677	P1P2
LHX6	5760	8342	8678	P2	8678	P2
LHX8	8122	8343	8679	P1P2	8679	P1P2
LHX9	11101	8344	8680	P1P2	8680	P1P2
LIAS	13958	8345	8681	P1P2	8681	P1P2
LIF	862	8346	8682	P1P2	8682	P1P2
LIFR	12799	8347	8683	P1P2	8683	P1P2
LIG3	3021	8349	8685	P1P2	8685	P1P2
LIG4	2359	8350	8686	P2	8686	P2
LILRA1	4347	8351	8687	P1P2	8687	P1P2
LILRA2	12708	8352	8688	P1P2	8688	P1P2
LILRA3	10372	8353	8689	P1P2	8689	P1P2
LILRA4	15612	8354	8690	P1P2	8690	P1P2
LILRA5	6095	8355	8691	P1P2	8691	P1P2
LILRB1	2685	8356	8693	P1P2	8693	P1P2
LILRB2	4187	8357	8694	P1P2	8694	P1P2
LILRB4	11028	8358	8696	P1	8696	P2
LILRB5	14400	8359	8697	P1P2	8697	P1P2
LIM2	18209	8360	8698	P1P2	8698	P1P2
LIMA1	18860	8361	8699	P2	8699	P2
LIMCH1	17477	8362	8700	P1P2	8700	P1P2
LIMD1	16386	8363	8701	P1P2	8701	P1P2
LIMD2	2715	8364	8702	P1P2	8702	P1P2
LIME1	1062	8365	8703	P1	8703	P2
LIMK1	16692	8366	8704	P1	8704	P2
LIMK2	4145	8367	8705	P1P2	8705	P1P2
LIMS1	11621	8368	8706	P1P2	8706	P1P2
LIMS2	3551	8369	8707	P1P2	8707	P1P2
LIN28A	8447	8370	8709	P1P2	8709	P1P2
LIN28B	9631	8371	8710	P1P2	8710	P1P2
LIN52	17722	8373	8712	P1P2	8712	P1P2
LIN54	7580	8374	8713	P1	8713	P2
LIN7A	2012	8375	8714	P1P2	8714	P1P2
LIN7B	3673	8376	8715	P1P2	8715	P1P2
LIN7C	9457	8377	8716	P1P2	8716	P1P2
LIN9	9340	8378	8717	P1P2	8717	P1P2
LINGO1	2713	8381	8719	P1P2	8719	P1P2
LINGO2	1792	8382	8720	ENST00000308675.3	8720	ENST00000308675.3
LINGO3	7778	8383	8721	P1P2	8721	P1P2
LINGO4	15998	8384	8722	P1P2	8722	P1P2
LIPA	4194	8386	8724	P1P2	8724	P1P2
LIPC	14264	8387	8725	P1	8725	P2
LIPE	10118	8388	8726	P2	8726	P2
LIPF	8039	8389	8727	P1P2	8727	P1P2
LIPG	17456	8390	8728	P1P2	8728	P1P2
LIPH	6047	8391	8729	P1P2	8729	P1P2
LIPI	8280	8392	8730	P1P2	8730	P1P2
LIPJ	7506	8393	8731	P1P2	8731	P1P2
LIPK	10106	8394	8732	ENST00000404190.1	8732	ENST00000404190.1
LIPM	11616	8395	8733	P1P2	8733	P1P2
LIPN	10114	8396	8734	P1P2	8734	P1P2
LIPT1	7531	8397	8735	P1P2	8735	P1P2
LIPT2	8358	8398	8736	P1P2	8736	P1P2
LITAF	3764	8399	8737	P1P2	8737	P1P2
LIX1	2812	8400	8738	P1P2	8738	P1P2
LIX1L	6680	8401	8739	P1P2	8739	P1P2
LLGL1	18141	8402	8740	P1P2	8740	P1P2
LLGL2	5297	8403	8741	P2	8741	P1
LLPH	6041	8404	8742	P1P2	8742	P1P2
LMAN1	13333	8405	8743	P1P2	8743	P1P2
LMAN1L	15665	8406	8744	P1P2	8744	P1P2
LMAN2	15309	8407	8745	P1P2	8745	P1P2
LMAN2L	2390	8408	8746	P1P2	8746	P1P2
LMBR1	3174	8409	8747	P1P2	8747	P1P2
LMBR1L	14758	8410	8748	P1P2	8748	P1P2
LMBRD1	18984	8411	8749	P1P2	8749	P1P2
LMBRD2	9871	8412	8750	P1P2	8750	P1P2
LMCD1	4270	8413	8751	P1P2	8751	P1P2
LMF1	17827	8414	8752	P1	8752	P2
LMF2	3274	8415	8753	P2	8753	P2
LMLN	17643	8416	8754	P1P2	8754	P1P2
LMNA	9555	8417	8755	P1P2	8755	P1P2
LMNB1	15923	8418	8756	P1P2	8756	P1P2
LMNB2	16589	8419	8757	P1P2	8757	P1P2
LMO1	220	8420	8758	P1	8758	P1
LMO2	12946	8421	8759	P1P2	8759	P1P2
LMO3	12014	8422	8760	P1	8760	P1
LMO4	10761	8423	8761	P1P2	8761	P1P2
LMO7	15997	8424	8762	P1P2	8762	P1P2
LMOD1	6893	8425	8763	P1P2	8763	P1P2
LMOD2	3421	8426	8764	P1P2	8764	P1P2
LMOD3	6959	8427	8765	P1P2	8765	P1P2
LMTK2	2532	8428	8766	P1P2	8766	P1P2
LMTK3	9757	8429	8767	P1P2	8767	P1P2
LMX1A	3086	8430	8768	P1P2	8768	P1P2
LMX1B	10890	8431	8769	P1P2	8769	P1P2
LNP1	6242	8432	8770	P1P2	8770	P1P2
LNPEP	18240	8433	8771	P1P2	8771	P1P2
LNX1	4760	8434	8772	ENST00000263925.7	8772	ENST00000263925.7
LNX2	8648	8435	8773	P1P2	8773	P1P2
LONP1	12378	8437	8846	P1P2	8846	P1P2
LONP2	6502	8438	8847	P2	8847	P1
LONRF1	14592	8439	8848	P1P2	8848	P1P2
LONRF2	14703	8440	8849	P1P2	8849	P1P2
LONRF3	67	8441	8850	P1P2	8850	P1P2
LOX	14038	8443	8852	P1P2	8852	P1P2
LOXHD1	6390	8444	8853	ENST00000536736.1	8853	ENST00000536736.1
LOXL1	7775	8445	8854	P1P2	8854	P1P2
LOXL2	1507	8446	8855	P1P2	8855	P1P2
LOXL3	8581	8447	8856	P1P2	8856	P1P2
LOXL4	2377	8448	8857	P1P2	8857	P1P2
LPA	18795	8449	8858	P1P2	8858	P1P2
LPAR1	17308	8450	8859	P1P2	8859	P1P2
LPAR2	7716	8451	8860	P1P2	8860	P1P2
LPAR3	18895	8452	8861	P1P2	8861	P1P2
LPAR4	6171	8453	8862	P1P2	8862	P1P2
LPAR5	285	8454	8863	P1	8863	P1
LPAR6	11252	8455	8864	P1P2	8864	P1P2
LPCAT1	7100	8456	8865	P1	8865	P1
LPCAT2	18835	8457	8866	P1P2	8866	P1P2
LPCAT3	117	8458	8867	P1P2	8867	P1P2
LPCAT4	10876	8459	8868	P1P2	8868	P1P2
LPGAT1	13311	8460	8869	P1P2	8869	P1P2
LPIN1	2304	8464	8873	P1P2	8873	P1P2
LPIN2	778	8465	8874	P1P2	8874	P1P2
LPIN3	6315	8466	8875	P1P2	8875	P1P2
LPL	12194	8467	8876	P1P2	8876	P1P2
LPO	17250	8468	8877	P1P2	8877	P1P2
LPP	8379	8469	8878	ENST00000543006.1	8878	ENST00000312675.4
LPXN	16435	8474	8884	P1	8884	P2
LRAT	18226	8475	8885	P1P2	8885	P1P2
LRBA	17467	8476	8886	P1P2	8886	P1P2
LRCH1	4067	8477	8887	P1P2	8887	P1P2
LRCH2	11916	8478	8888	P1P2	8888	P1P2
LRCH3	6835	8479	8889	P1P2	8889	P1P2
LRCH4	13051	8480	8890	P2	8890	P2
LRFN1	4320	8481	8892	P1P2	8892	P1P2
LRFN2	5671	8482	8893	P1P2	8893	P1P2
LRFN3	8937	8483	8894	P1P2	8894	P1P2
LRFN4	4502	8484	8895	P1P2	8895	P1P2
LRFN5	10468	8485	8896	P1P2	8896	P1P2
LRG1	6292	8486	8897	P1P2	8897	P1P2
LRGUK	9135	8487	8898	P1P2	8898	P1P2
LRIF1	8128	8488	8899	P1P2	8899	P1P2
LRIG1	11389	8489	8900	P1P2	8900	P1P2
LRIG2	14208	8490	8901	P1P2	8901	P1P2
LRIG3	11548	8491	8902	P1P2	8902	P1P2
LRIT1	3477	8492	8903	P1P2	8903	P1P2
LRIT2	17401	8493	8904	P1P2	8904	P1P2
LRIT3	2671	8494	8905	ENST00000594814.1	8905	ENST00000594814.1
LRMP	17004	8495	8906	P1P2	8906	P1P2
LRP1	13903	8496	8907	P1P2	8907	P1P2
LRP10	16463	8497	8908	P1P2	8908	P1P2
LRP11	11634	8498	8909	P1P2	8909	P1P2
LRP12	13249	8499	8910	P1P2	8910	P1P2
LRP1B	7805	8500	8911	P1P2	8911	P1P2
LRP2	13931	8501	8912	P1P2	8912	P1P2
LRP2BP	4915	8502	8913	P1P2	8913	P1P2
LRP3	359	8503	8914	P1P2	8914	P1P2
LRP4	18223	8504	8915	P1P2	8915	P1P2
LRP5	2050	8505	8916	P1P2	8916	P1P2
LRP5L	1072	8506	8917	P1P2	8917	P1P2
LRP6	8575	8507	8918	P1P2	8918	P1P2
LRP8	16602	8508	8919	P1P2	8919	P1P2
LRPAP1	179	8509	8920	P1P2	8920	P1P2
LRPPRC	16742	8510	8921	P1P2	8921	P1P2
LRR1	11622	8511	8922	P1P2	8922	P1P2
LRRC1	17790	8512	8923	P1P2	8923	P1P2
LRRC10	6606	8513	8924	P1P2	8924	P1P2
LRRC10B	367	8514	8925	P1P2	8925	P1P2
LRRC14	2594	8515	8926	P2	8926	P1
LRRC14B	17523	8516	8927	P1P2	8927	P1P2
LRRC15	12581	8517	8928	P1P2	8928	P1P2
LRRC17	17288	8520	8931	P1P2	8931	P1P2
LRRC18	7216	8521	8932	P1P2	8932	P1P2
LRRC2	2454	8522	8934	P1P2	8934	P1P2
LRRC20	5101	8523	8935	P1P2	8935	P1P2
LRRC23	10122	8524	8936	P1P2	8936	P1P2
LRRC25	14408	8525	8938	P1P2	8938	P1P2
LRRC26	9123	8526	8939	P1P2	8939	P1P2
LRRC27	18622	8527	8940	P1P2	8940	P1P2
LRRC28	12748	8528	8941	P1P2	8941	P1P2
LRRC29	10706	8529	8942	P1P2	8942	P1P2
LRRC3	15509	8530	8943	P1P2	8943	P1P2
LRRC30	17921	8531	8944	P1P2	8944	P1P2
LRRC31	9967	8532	8945	P1P2	8945	P1P2
LRRC32	13990	8533	8946	P1P2	8946	P1P2
LRRC34	2605	8534	8947	P1P2	8947	P1P2
LRRC36	8741	8535	8948	P2	8948	P1
LRRC37B	14170	8536	8951	P1P2	8951	P1P2
LRRC38	11221	8537	8952	P1P2	8952	P1P2
LRRC39	1504	8538	8953	P1P2	8953	P1P2
LRRC3B	3267	8539	8954	P1P2	8954	P1P2
LRRC3C	8542	8540	8955	ENST00000377924.4	8955	ENST00000377924.4
LRRC4	17050	8541	8956	P1P2	8956	P1P2
LRRC40	3332	8542	8957	P1P2	8957	P1P2
LRRC41	3903	8543	8958	P1P2	8958	P1P2
LRRC42	12830	8544	8959	P1P2	8959	P1P2
LRRC43	12408	8545	8960	P1P2	8960	P1P2
LRRC45	12852	8546	8961	P1P2	8961	P1P2
LRRC46	7388	8547	8962	P1P2	8962	P1P2
LRRC47	5818	8548	8963	P2	8963	P2
LRRC49	2992	8550	8965	P1P2	8965	P1P2
LRRC4B	13117	8551	8966	P1P2	8966	P1P2
LRRC4C	15009	8552	8967	P2	8967	P2
LRRC52	5209	8553	8968	P1P2	8968	P1P2
LRRC55	6006	8555	8970	P1P2	8970	P1P2
LRRC56	84	8556	8971	P1P2	8971	P1P2
LRRC57	10699	8557	8972	P1P2	8972	P1P2
LRRC58	3060	8558	8973	P1P2	8973	P1P2
LRRC59	14794	8559	8974	P1	8974	P1
LRRC6	11586	8560	8975	P1P2	8975	P1P2
LRRC61	13671	8561	8976	P1P2	8976	P1P2
LRRC63	12981	8562	8977	P1P2	8977	P1P2
LRRC66	524	8563	8978	P1P2	8978	P1P2
LRRC7	1596	8565	8980	ENST00000035383.5	8980	ENST00000035383.5
LRRC70	6620	8566	8981	P1P2	8981	P1P2
LRRC71	12660	8567	8982	P1P2	8982	P1P2
LRRC72	1576	8568	8983	P1P2	8983	P1P2
LRRC73	7988	8569	8984	P1P2	8984	P1P2
LRRC8A	5134	8570	8985	P1P2	8985	P1P2
LRRC8B	7316	8571	8986	P1P2	8986	P1P2
LRRC8C	14825	8572	8987	P1P2	8987	P1P2
LRRC8D	5277	8573	8988	P1	8988	P1
LRRC8E	14554	8574	8989	P1P2	8989	P1P2
LRRCC1	12186	8576	8990	P1P2	8990	P1P2
LRRD1	10320	8577	8991	P1P2	8991	P1P2
LRRFIP1	16391	8578	8992	P1P2	8992	P1P2
LRRFIP2	7338	8579	8993	P1P2	8993	P1P2
LRRIQ1	3837	8580	8994	P1P2	8994	P1P2
LRRIQ3	16357	8581	8995	P1P2	8995	P1P2
LRRIQ4	13902	8582	8996	ENST00000340806.6	8996	ENST00000340806.6
LRRK1	5303	8583	8997	P1P2	8997	P1P2
LRRK2	6689	8584	8998	P1P2	8998	P1P2
LRRN1	1523	8585	8999	P1P2	8999	P1P2
LRRN2	12117	8586	9000	P1P2	9000	P1P2
LRRN3	16775	8587	9001	P1P2	9001	P1P2
LRRN4	5652	8588	9002	P1P2	9002	P1P2
LRRN4CL	5473	8589	9003	P1P2	9003	P1P2
LRRTM1	10946	8590	9004	P1P2	9004	P1P2
LRRTM2	14788	8591	9005	P1P2	9005	P1P2
LRRTM4	12209	8592	9007	P1P2	9007	P1P2
LRSAM1	5515	8593	9008	P1P2	9008	P1P2
LRTM1	7878	8594	9009	P1P2	9009	P1P2
LRTM2	12042	8595	9010	P1P2	9010	P1P2
LRTOMT	201	8596	9011	P1P2	9011	P1P2
LRWD1	9710	8597	9012	P1P2	9012	P1P2
LSAMP	561	8598	9013	P1P2	9013	P1P2
LSG1	13795	8599	9014	P1P2	9014	P1P2
LSM1	8518	8600	9015	P1P2	9015	P1P2
LSM10	4594	8601	9016	P1P2	9016	P1P2
LSM11	14784	8602	9017	P1P2	9017	P1P2
LSM12	1804	8603	9018	P1P2	9018	P1P2
LSM14A	6002	8604	9019	P1P2	9019	P1P2
LSM14B	18074	8605	9020	P1P2	9020	P1P2
LSM3	15583	8607	9021	P1P2	9021	P1P2
LSM4	9731	8608	9022	P1P2	9022	P1P2
LSM5	3146	8609	9023	P2	9023	P2
LSM6	4268	8610	9024	P1P2	9024	P1P2
LSM7	11712	8611	9025	P1P2	9025	P1P2
LSMEM1	1787	8613	9026	P1P2	9026	P1P2
LSMEM2	2972	8614	9027	P1P2	9027	P1P2
LSP1	16706	8615	9028	ENST00000599825.1	9028	ENST00000599825.1
LSR	459	8616	9029	P1P2	9029	P1P2
LSS	18879	8617	9030	P1P2	9030	P1P2
LST1	9540	8618	9031	P1	9031	P2
LTA	6563	8619	9032	P1P2	9032	P1P2
LTA4H	17340	8620	9033	P1P2	9033	P1P2
LTB	4107	8621	9034	P1P2	9034	P1P2
LTB4R	12015	8622	9035	P1P2	9035	P1P2
LTB4R2	2339	8623	9036	P1P2	9036	P1P2
LTBP1	9404	8624	9037	P1P2	9037	P1P2
LTBP2	8148	8625	9038	P1P2	9038	P1P2
LTBP3	11253	8626	9039	P1P2	9039	P1P2
LTBR	573	8627	9041	P1P2	9041	P1P2
LTC4S	12935	8628	9042	P1P2	9042	P1P2
LTF	4207	8629	9043	P1P2	9043	P1P2
LTK	6487	8630	9044	P1P2	9044	P1P2
LTN1	1544	8631	9045	P1P2	9045	P1P2
LTV1	198	8632	9046	P1P2	9046	P1P2
LUC7L	13950	8633	9047	P1P2	9047	P1P2
LUC7L3	287	8634	9049	P1P2	9049	P1P2
LUM	15371	8635	9050	P1P2	9050	P1P2
LURAP1	2393	8636	9051	P1P2	9051	P1P2
LURAP1L	11808	8637	9052	P1P2	9052	P1P2
LUZP1	4173	8638	9053	P1P2	9053	P1P2
LUZP2	1035	8639	9054	P1P2	9054	P1P2
LUZP4	13744	8640	9055	P1P2	9055	P1P2
LXN	4543	8641	9057	P1P2	9057	P1P2
LY6D	2596	8642	9058	P1P2	9058	P1P2
LY6E	18094	8643	9059	P1P2	9059	P1P2
LY6G5B	12017	8644	9060	P1P2	9060	P1P2
LY6G5C	15320	8645	9061	P1P2	9061	P1P2
LY6G6C	13389	8646	9062	P1P2	9062	P1P2
LY6G6D	17357	8647	9063	P1P2	9063	P1P2
LY6G6F	9582	8648	9064	P1P2	9064	P1P2
LY6H	13976	8649	9065	P1P2	9065	P1P2
LY6K	13041	8650	9066	P1P2	9066	P1P2
LY75	2978	8651	9067	P1P2	9067	P1P2
LY86	2165	8652	9068	P1P2	9068	P1P2
LY9	363	8653	9069	P1P2	9069	P1P2
LY96	2301	8654	9070	P1P2	9070	P1P2
LYAR	1963	8655	9071	P1P2	9071	P1P2
LYG1	10434	8656	9072	P1P2	9072	P1P2
LYG2	16341	8657	9073	ENST00000409238.1	9073	ENST00000333017.2
LYL1	12450	8658	9074	P1P2	9074	P1P2
LYN	5457	8659	9075	P1P2	9075	P1P2
LYNX1	18924	8660	9076	P1P2	9076	P1P2
LYPD1	7705	8661	9077	P2	9077	P1
LYPD2	16011	8662	9078	P1P2	9078	P1P2
LYPD3	8067	8663	9079	P1P2	9079	P1P2
LYPD4	15514	8664	9080	P1P2	9080	P1P2
LYPD5	9183	8665	9081	P2	9081	P1
LYPD6	11694	8666	9082	P1P2	9082	P1P2
LYPD6B	9850	8667	9083	P1P2	9083	P1P2
LYPLA1	11413	8668	9085	P1P2	9085	P1P2
LYPLA2	11971	8669	9086	P1P2	9086	P1P2
LYPLAL1	4695	8670	9087	P1P2	9087	P1P2
LYRM1	2276	8671	9088	P1P2	9088	P1P2
LYRM2	15970	8672	9089	P1P2	9089	P1P2
LYRM4	16139	8673	9090	P1P2	9090	P1P2
LYRM7	12253	8674	9092	P1P2	9092	P1P2
LYRM9	6910	8675	9093	P1P2	9093	P1P2
LYSMD1	5306	8676	9094	P1P2	9094	P1P2
LYSMD2	2490	8677	9095	P1P2	9095	P1P2
LYSMD3	12000	8678	9096	P1P2	9096	P1P2
LYSMD4	2623	8679	9097	P1P2	9097	P1P2
LYST	5113	8680	9098	P1P2	9098	P1P2
LYVE1	12113	8681	9099	P1P2	9099	P1P2
LYZ	10547	8682	9100	P1P2	9100	P1P2
LYZL4	908	8683	9103	P1P2	9103	P1P2
LYZL6	3260	8684	9104	P1P2	9104	P1P2
LZIC	5466	8685	9105	P1P2	9105	P1P2
LZTFL1	3639	8686	9106	P1P2	9106	P1P2
LZTR1	1752	8687	9107	P1P2	9107	P1P2
LZTS1	63	8688	9108	P1P2	9108	P1P2
LZTS2	4809	8689	9109	P1	9109	P2
LZTS3	12599	8690	9110	P1P2	9110	P1P2
M1AP	2933	8691	9111	P1P2	9111	P1P2
M6PR	18487	8692	9112	P1P2	9112	P1P2
MAB21L1	11374	8694	9114	P1P2	9114	P1P2
MAB21L2	3879	8695	9115	P1P2	9115	P1P2
MAB21L3	13847	8696	9116	P1P2	9116	P1P2
MACC1	9882	8697	9117	P1P2	9117	P1P2
MACF1	3514	8698	9118	P1P2	9118	P1P2
MACROD1	4702	8699	9119	P1P2	9119	P1P2
MACROD2	3632	8700	9120	P1P2	9120	P1P2
MAD1L1	17053	8701	9121	P1P2	9121	P1P2
MAD2L1	13000	8702	9122	P1P2	9122	P1P2
MAD2L1BP	5058	8703	9123	P1P2	9123	P1P2
MAD2L2	1086	8704	9124	P1P2	9124	P1P2
MADCAM1	11430	8705	9125	P1P2	9125	P1P2
MADD	13357	8706	9126	P1P2	9126	P1P2
MAEA	12480	8707	9127	P1	9127	P2
MAEL	6101	8708	9128	P1P2	9128	P1P2
MAF	4748	8709	9129	P1P2	9129	P1P2
MAF1	6194	8710	9130	P1P2	9130	P1P2
MAFA	5094	8711	9131	P1P2	9131	P1P2
MAFB	17848	8712	9132	P1P2	9132	P1P2
MAFF	19026	8713	9133	P1P2	9133	P1P2
MAFG	17520	8714	9134	P1P2	9134	P1P2
MAFK	18995	8715	9135	P1P2	9135	P1P2
MAG	2191	8716	9136	P1P2	9136	P1P2
MAGEA1	11850	8717	9137	P1P2	9137	P1P2
MAGEA10	7429	8718	9138	P1P2	9138	P1P2
MAGEA11	5949	8719	9139	P1	9139	P1
MAGEA12	4076	8720	9140	P1P2	9140	P1P2
MAGEA4	1476	8721	9144	P1P2	9144	P1P2
MAGEA8	10369	8722	9146	P1P2	9146	P1P2
MAGEB1	11339	8723	9148	P2	9148	P2
MAGEB10	9021	8724	9149	P1P2	9149	P1P2
MAGEB16	3465	8725	9150	P1P2	9150	P1P2
MAGEB17	11172	8726	9151	P1P2	9151	P1P2
MAGEB18	2134	8727	9152	P1P2	9152	P1P2
MAGEB2	12357	8728	9153	P1P2	9153	P1P2
MAGEB3	6345	8729	9154	P1P2	9154	P1P2
MAGEB4	4182	8730	9155	P1P2	9155	P1P2
MAGEB6	8647	8732	9157	P1P2	9157	P1P2
MAGEC1	772	8733	9158	P1P2	9158	P1P2
MAGEC2	3602	8734	9159	P1P2	9159	P1P2
MAGEC3	6682	8735	9160	ENST00000298296.1	9160	ENST00000443323.2,ENST00000536088.1
MAGED1	13534	8736	9161	P2	9161	P2
MAGED2	18676	8737	9162	P2	9162	P1
MAGEE1	490	8738	9164	P1P2	9164	P1P2
MAGEE2	7114	8739	9165	P1P2	9165	P1P2
MAGEF1	4656	8740	9166	P1P2	9166	P1P2
MAGEH1	7547	8741	9167	P1P2	9167	P1P2
MAGEL2	18505	8742	9168	P1P2	9168	P1P2
MAGI1	13234	8743	9169	P1P2	9169	P1P2
MAGI2	11366	8744	9170	P1P2	9170	P1P2
MAGI3	5279	8745	9171	P1P2	9171	P1P2
MAGIX	15624	8746	9172	P1P2	9172	P1P2
MAGOH	16812	8747	9173	P1P2	9173	P1P2
MAGOHB	6048	8748	9174	P1P2	9174	P1P2
MAGT1	7767	8749	9175	P1P2	9175	P1P2
MAK	18672	8750	9176	P1P2	9176	P1P2
MAK16	7802	8751	9177	P1P2	9177	P1P2
MAL	17574	8752	9178	P1P2	9178	P1P2
MALL	8836	8753	9180	P1P2	9180	P1P2
MALSU1	2426	8754	9181	P1P2	9181	P1P2
MALT1	11347	8755	9182	P1P2	9182	P1P2
MAMDC2	12772	8756	9183	P1P2	9183	P1P2
MAMDC4	12075	8757	9184	P1P2	9184	P1P2
MAML1	18336	8758	9185	P1P2	9185	P1P2
MAML2	4592	8759	9186	P1P2	9186	P1P2
MAML3	15043	8760	9187	P1P2	9187	P1P2
MAMLD1	11322	8761	9188	P1P2	9188	P1P2
MAMSTR	14380	8762	9189	P1	9189	P1
MAN1A1	1253	8763	9190	P1P2	9190	P1P2
MAN1A2	6662	8764	9191	P1P2	9191	P1P2
MAN1B1	5704	8765	9192	P1P2	9192	P1P2
MAN1C1	8852	8766	9193	ENST00000374332.4	9193	ENST00000374332.4
MAN2A1	7774	8767	9194	P1P2	9194	P1P2
MAN2A2	8206	8768	9195	P1P2	9195	P1P2
MAN2B1	950	8769	9196	P2	9196	P2
MAN2B2	9244	8770	9197	P1P2	9197	P1P2
MAN2C1	6478	8771	9198	P1P2	9198	P1P2
MANBA	18812	8772	9199	P1P2	9199	P1P2
MANBAL	18529	8773	9200	P1P2	9200	P1P2
MANEA	1051	8774	9201	P1P2	9201	P1P2
MANEAL	2346	8775	9202	P1P2	9202	P1P2
MANF	4665	8776	9203	P1P2	9203	P1P2
MANSC1	8971	8777	9204	P1P2	9204	P1P2
MANSC4	5888	8778	9205	P1P2	9205	P1P2
MAOA	8142	8779	9206	P1	9206	P2
MAOB	16878	8780	9207	P1P2	9207	P1P2
MAP10	10347	8781	9208	P1P2	9208	P1P2
MAP1A	4852	8782	9209	P1P2	9209	P1P2
MAP1B	9122	8783	9210	P1P2	9210	P1P2
MAP1LC3A	6871	8784	9211	P1P2	9211	P1P2
MAP1LC3C	10945	8785	9214	P1P2	9214	P1P2
MAP1S	3128	8786	9215	P1P2	9215	P1P2
MAP2	10469	8787	9216	P1	9216	P2
MAP2K1	11191	8788	9217	P1P2	9217	P1P2
MAP2K2	17094	8789	9218	P1P2	9218	P1P2
MAP2K3	2533	8790	9219	P1P2	9219	P1P2
MAP2K4	6127	8791	9220	P1P2	9220	P1P2
MAP2K5	15651	8792	9221	P1P2	9221	P1P2
MAP2K6	1006	8793	9222	P1P2	9222	P1P2
MAP2K7	14820	8794	9223	P1P2	9223	P1P2
MAP3K1	727	8795	9224	P1P2	9224	P1P2
MAP3K10	4680	8796	9225	P1P2	9225	P1P2
MAP3K11	12465	8797	9226	P1	9226	P1
MAP3K12	16788	8798	9227	P1P2	9227	P1P2
MAP3K13	2216	8799	9228	P2	9228	P1
MAP3K15	8205	8800	9230	P1P2	9230	P1P2
MAP3K19	10187	8801	9231	P1P2	9231	P1P2
MAP3K2	6005	8802	9232	P1P2	9232	P1P2
MAP3K3	9492	8803	9233	P1P2	9233	P1P2
MAP3K4	4730	8804	9234	P1P2	9234	P1P2
MAP3K5	17636	8805	9235	P1P2	9235	P1P2
MAP3K6	7771	8806	9236	P1P2	9236	P1P2
MAP3K7	2717	8807	9237	P1P2	9237	P1P2
MAP3K7CL	16545	8808	9238	P1	9238	P1
MAP3K8	7574	8809	9239	P1P2	9239	P1P2
MAP3K9	4043	8810	9240	P1P2	9240	P1P2
MAP4	8062	8811	9241	P1P2	9241	P1P2
MAP4K1	4346	8812	9242	P1P2	9242	P1P2
MAP4K2	12120	8813	9243	P1P2	9243	P1P2
MAP4K3	17438	8814	9244	P1P2	9244	P1P2
MAP4K4	18912	8815	9245	P1P2	9245	P1P2
MAP4K5	1329	8816	9246	P1P2	9246	P1P2
MAP6	2391	8817	9247	P1P2	9247	P1P2
MAP6D1	8037	8818	9248	P1P2	9248	P1P2
MAP7	1374	8819	9249	P1	9249	P2
MAP7D1	9114	8820	9250	P1P2	9250	P1P2
MAP7D2	4890	8821	9251	P1P2	9251	P1P2
MAP7D3	17260	8822	9252	P1P2	9252	P1P2
MAP9	1431	8823	9253	P1P2	9253	P1P2
MAPK1	16013	8824	9254	P1P2	9254	P1P2
MAPK10	7464	8825	9255	P1P2	9255	P1P2
MAPK11	18032	8826	9256	P1P2	9256	P1P2
MAPK12	14065	8827	9257	P1P2	9257	P1P2
MAPK13	10019	8828	9258	P2	9258	P1
MAPK14	6392	8829	9259	P1P2	9259	P1P2
MAPK15	18981	8830	9260	P1P2	9260	P1P2
MAPK1IP1L	2235	8831	9261	P1P2	9261	P1P2
MAPK3	13486	8832	9262	P1P2	9262	P1P2
MAPK4	8278	8833	9263	P1P2	9263	P1P2
MAPK6	13108	8834	9264	P1P2	9264	P1P2
MAPK7	3323	8835	9265	P1P2	9265	P1P2
MAPK8	6837	8836	9266	P1P2	9266	P1P2
MAPK8IP1	7934	8837	9267	P1	9267	P1
MAPK8IP2	5536	8838	9268	P1P2	9268	P1P2
MAPK8IP3	3695	8839	9269	P1P2	9269	P1P2
MAPK9	13787	8840	9270	P1P2	9270	P1P2
MAPKAP1	17593	8841	9271	P1	9271	P1
MAPKAPK2	2459	8842	9272	P1P2	9272	P1P2
MAPKAPK3	259	8843	9273	P1P2	9273	P1P2
MAPKAPK5	12896	8844	9274	P1P2	9274	P1P2
MAPKBP1	17386	8845	9275	P1P2	9275	P1P2
MAPRE1	13477	8846	9276	P1P2	9276	P1P2
MAPRE2	1128	8847	9277	P2	9277	P2
MAPRE3	5802	8848	9278	P1P2	9278	P1P2
MAPT	14905	8849	9279	P1P2	9279	P1P2
MARCKS	368	8863	9293	P1P2	9293	P1P2
MARCKSL1	10623	8864	9294	P1P2	9294	P1P2
MARCO	14608	8865	9295	P1P2	9295	P1P2
MARK1	14078	8866	9296	P1P2	9296	P1P2
MARK2	5349	8867	9297	P2	9297	P1
MARK3	9725	8868	9298	P1	9298	P2
MARK4	13532	8869	9299	P1P2	9299	P1P2
MARS2	18063	8871	9301	P1P2	9301	P1P2
MARVELD1	8665	8872	9302	P1P2	9302	P1P2
MARVELD2	9196	8873	9303	P1P2	9303	P1P2
MARVELD3	6286	8874	9304	P1P2	9304	P1P2
MAS1	4075	8875	9305	ENST00000252660.4	9305	ENST00000252660.4
MAS1L	2471	8876	9306	ENST00000377127.3	9306	ENST00000377127.3
MASP1	15690	8877	9307	P1P2	9307	P1P2
MASP2	580	8878	9308	P1P2	9308	P1P2
MAST1	17745	8879	9309	P2	9309	P2
MAST2	14110	8880	9310	P1P2	9310	P1P2
MAST3	10690	8881	9311	P1P2	9311	P1P2
MAST4	11654	8882	9312	ENST00000403625.2,ENST00000404260.3	9312	ENST00000403625.2,ENST00000404260.3
MASTL	5591	8883	9313	P1P2	9313	P1P2
MAT1A	8604	8884	9314	P1P2	9314	P1P2
MAT2A	6915	8885	9315	P1P2	9315	P1P2
MAT2B	4275	8886	9316	P2	9316	P2
MATK	7540	8887	9317	P1P2	9317	P1P2
MATN1	12776	8888	9318	P2	9318	P2
MATN2	17339	8889	9319	P1	9319	P2
MATN3	68	8890	9320	P1P2	9320	P1P2
MATN4	14770	8891	9321	P1P2	9321	P1P2
MATR3	17987	8892	9322	P1P2	9322	P1P2
MAU2	15796	8893	9323	P1P2	9323	P1P2
MAVS	9054	8894	9324	P2	9324	P1
MAX	8777	8895	9325	P1P2	9325	P1P2
MAZ	4034	8896	9326	P1P2	9326	P1P2
MB	5451	8897	9327	P1P2	9327	P1P2
MB21D2	18575	8899	9329	P1P2	9329	P1P2
MBD1	5245	8900	9330	P1P2	9330	P1P2
MBD2	14900	8901	9331	P1P2	9331	P1P2
MBD3	1017	8902	9332	P1P2	9332	P1P2
MBD3L1	15812	8903	9333	ENST00000305625.2	9333	ENST00000595891.1
MBD4	10973	8904	9338	P1P2	9338	P1P2
MBD5	4155	8905	9339	P1P2	9339	P1P2
MBD6	13226	8906	9340	P1P2	9340	P1P2
MBIP	322	8907	9341	P1P2	9341	P1P2
MBL2	11183	8908	9342	P1P2	9342	P1P2
MBLAC1	7963	8909	9343	P1P2	9343	P1P2
MBLAC2	7086	8910	9344	P1P2	9344	P1P2
MBNL1	4110	8911	9345	P1P2	9345	P1P2
MBNL2	15966	8912	9346	P1P2	9346	P1P2
MBNL3	9394	8913	9347	ENST00000370839.3,ENST00000370853.3	9347	ENST00000370839.3,ENST00000370853.3
MBOAT1	1162	8914	9348	P1P2	9348	P1P2
MBOAT2	14967	8915	9349	P1P2	9349	P1P2
MBOAT4	10630	8916	9350	P1P2	9350	P1P2
MBOAT7	4351	8917	9351	P1P2	9351	P1P2
MBP	14134	8918	9352	P1P2	9352	P1P2
MBTD1	2501	8919	9353	P1P2	9353	P1P2
MBTPS1	16575	8920	9354	P1P2	9354	P1P2
MBTPS2	9751	8921	9355	P1P2	9355	P1P2
MC1R	8946	8922	9356	P1P2	9356	P1P2
MC2R	7173	8923	9357	P1P2	9357	P1P2
MC3R	3139	8924	9358	ENST00000243911.2	9358	ENST00000243911.2
MC4R	16538	8925	9359	P1P2	9359	P1P2
MC5R	7287	8926	9360	ENST00000324750.3	9360	ENST00000324750.3
MCAM	5360	8927	9361	P1P2	9361	P1P2
MCAT	15186	8928	9362	P1P2	9362	P1P2
MCC	985	8929	9363	P1P2	9363	P1P2
MCCC1	11487	8930	9364	P1P2	9364	P1P2
MCCC2	4235	8931	9365	P1P2	9365	P1P2
MCCD1	17214	8932	9366	P1P2	9366	P1P2
MCEE	1429	8933	9367	P1P2	9367	P1P2
MCF2	8351	8934	9368	P1P2	9368	P1P2
MCF2L	1477	8935	9369	ENST00000535094.2	9369	ENST00000535094.2
MCF2L2	2642	8936	9370	P1P2	9370	P1P2
MCFD2	6259	8937	9371	P1	9371	P1
MCHR1	15046	8938	9372	P1P2	9372	P1P2
MCHR2	16986	8939	9373	P1P2	9373	P1P2
MCIDAS	15239	8940	9374	P1P2	9374	P1P2
MCL1	4597	8941	9375	P1P2	9375	P1P2
MCM10	5028	8942	9376	P1P2	9376	P1P2
MCM3	10572	8944	9377	P1P2	9377	P1P2
MCM3AP	18177	8945	9378	P1P2	9378	P1P2
MCM4	2024	8946	9379	P1P2	9379	P1P2
MCM5	10670	8947	9380	P1P2	9380	P1P2
MCM7	14169	8949	9381	P1P2	9381	P1P2
MCM8	448	8950	9382	P1P2	9382	P1P2
MCM9	14480	8951	9383	P1P2	9383	P1P2
MCMBP	5430	8952	9384	P1P2	9384	P1P2
MCMDC2	6150	8953	9385	P1P2	9385	P1P2
MCOLN1	8373	8954	9386	P1P2	9386	P1P2
MCOLN2	18273	8955	9387	P1P2	9387	P1P2
MCOLN3	3664	8956	9388	P1P2	9388	P1P2
MCPH1	16443	8957	9389	P1P2	9389	P1P2
MCRS1	11454	8958	9390	P1P2	9390	P1P2
MCTP1	16508	8959	9391	P1P2	9391	P1P2
MCTP2	18145	8960	9392	ENST00000357742.4	9392	ENST00000357742.4
MCTS1	7711	8961	9393	P1P2	9393	P1P2
MCU	4897	8962	9394	P1P2	9394	P1P2
MCUR1	1104	8963	9395	P1P2	9395	P1P2
MDC1	11842	8964	9396	P1P2	9396	P1P2
MDFI	11069	8965	9397	P1P2	9397	P1P2
MDFIC	978	8966	9398	P1P2	9398	P1P2
MDGA1	17039	8967	9399	P1P2	9399	P1P2
MDGA2	16963	8968	9400	P1P2	9400	P1P2
MDH1	2168	8969	9401	P1P2	9401	P1P2
MDH1B	4813	8970	9402	P1P2	9402	P1P2
MDH2	6651	8971	9403	P1P2	9403	P1P2
MDK	16640	8972	9404	P1P2	9404	P1P2
MDM1	5826	8973	9405	P1P2	9405	P1P2
MDM2	9688	8974	9406	P1P2	9406	P1P2
MDM4	1295	8975	9407	P1P2	9407	P1P2
MDN1	11972	8976	9408	P1P2	9408	P1P2
MDP1	13922	8977	9409	P1P2	9409	P1P2
ME1	4927	8979	9410	P1P2	9410	P1P2
ME2	2970	8980	9411	P1P2	9411	P1P2
ME3	11008	8981	9412	P1P2	9412	P1P2
MEA1	15504	8982	9413	P1P2	9413	P1P2
MEAF6	14089	8983	9414	P1P2	9414	P1P2
MECOM	16279	8984	9415	P1P2	9415	P1P2
MECP2	18736	8985	9416	P1P2	9416	P1P2
MECR	3150	8986	9417	P1P2	9417	P1P2
MED1	4753	8987	9418	P1P2	9418	P1P2
MED10	8068	8988	9419	P1P2	9419	P1P2
MED11	944	8989	9420	P1P2	9420	P1P2
MED12	9209	8990	9421	P1P2	9421	P1P2
MED12L	6218	8991	9422	P1P2	9422	P1P2
MED13	14413	8992	9423	P1P2	9423	P1P2
MED13L	2277	8993	9424	P1P2	9424	P1P2
MED14	3163	8994	9425	P1P2	9425	P1P2
MED15	9899	8995	9426	P1	9426	P1
MED16	15351	8996	9427	P1P2	9427	P1P2
MED17	2407	8997	9428	P1P2	9428	P1P2
MED18	16060	8998	9429	P1P2	9429	P1P2
MED19	7786	8999	9430	P1P2	9430	P1P2
MED20	12633	9000	9431	P1P2	9431	P1P2
MED21	13321	9001	9432	P1P2	9432	P1P2
MED22	7812	9002	9433	P1P2	9433	P1P2
MED23	18890	9003	9434	P1P2	9434	P1P2
MED24	1665	9004	9435	P1P2	9435	P1P2
MED25	1478	9005	9436	P1P2	9436	P1P2
MED26	15032	9006	9437	P1P2	9437	P1P2
MED27	7273	9007	9438	P1P2	9438	P1P2
MED28	9858	9008	9439	P1P2	9439	P1P2
MED29	2914	9009	9440	P1P2	9440	P1P2
MED30	2645	9010	9441	P1P2	9441	P1P2
MED31	15999	9011	9442	P1P2	9442	P1P2
MED4	11731	9012	9443	P1P2	9443	P1P2
MED6	7311	9013	9444	P1P2	9444	P1P2
MED7	10312	9014	9445	P1P2	9445	P1P2
MED8	14714	9015	9446	P1P2	9446	P1P2
MED9	13630	9016	9447	P1P2	9447	P1P2
MEDAG	38	9017	9448	P1P2	9448	P1P2
MEF2A	15451	9018	9449	P1P2	9449	P1P2
MEF2B	11334	9019	9450	P1P2	9450	P1P2
MEF2C	7361	9021	9452	P1P2	9452	P1P2
MEF2D	16597	9022	9453	P1P2	9453	P1P2
MEFV	16330	9023	9454	P1P2	9454	P1P2
MEGF10	15761	9024	9455	P1P2	9455	P1P2
MEGF11	16412	9025	9456	P1P2	9456	P1P2
MEGF6	426	9026	9457	ENST00000356575.4	9457	ENST00000356575.4
MEGF8	2600	9027	9458	P1P2	9458	P1P2
MEGF9	6	9028	9459	P1P2	9459	P1P2
MEI1	7210	9029	9460	ENST00000401548.3	9460	ENST00000401548.3
MEIOB	16928	9030	9462	P1P2	9462	P1P2
MEIS1	12476	9031	9463	P1P2	9463	P1P2
MEIS2	10870	9032	9464	P1P2	9464	P1P2
MEIS3	1738	9033	9465	P1	9465	P1
MELK	17681	9034	9466	P1P2	9466	P1P2
MEMO1	1511	9035	9467	P2	9467	P2
MEN1	2117	9036	9468	P1P2	9468	P1P2
MEOX1	18034	9037	9469	P1P2	9469	P1P2
MEOX2	8458	9038	9470	P1P2	9470	P1P2
MEP1A	6885	9039	9471	P1P2	9471	P1P2
MEP1B	12026	9040	9472	P1P2	9472	P1P2
MEPCE	16696	9041	9473	P1P2	9473	P1P2
MEPE	15786	9042	9474	P1P2	9474	P1P2
MERTK	2257	9043	9475	P1P2	9475	P1P2
MESP1	2463	9046	9478	P1P2	9478	P1P2
MESP2	13972	9047	9479	P1P2	9479	P1P2
MEST	901	9048	9480	P2	9480	P2
MET	3067	9049	9481	P1P2	9481	P1P2
METAP1	16756	9050	9482	P1P2	9482	P1P2
METAP1D	8284	9051	9483	P1P2	9483	P1P2
METAP2	17771	9052	9484	P1P2	9484	P1P2
METRN	8409	9053	9485	P1P2	9485	P1P2
METRNL	4042	9054	9486	P1P2	9486	P1P2
METTL1	11734	9055	9487	P1P2	9487	P1P2
METTL11B	4561	9057	9489	P1P2	9489	P1P2
METTL14	12259	9060	9492	P1P2	9492	P1P2
METTL15	4615	9061	9493	P1	9493	P2
METTL16	5929	9062	9494	P1P2	9494	P1P2
METTL17	2321	9063	9495	P1P2	9495	P1P2
METTL18	7467	9064	9496	P1P2	9496	P1P2
METTL21A	12810	9066	9498	P1P2	9498	P1P2
METTL21C	13882	9068	9500	P1P2	9500	P1P2
METTL22	4440	9069	9501	P1P2	9501	P1P2
METTL23	18533	9070	9502	P1P2	9502	P1P2
METTL24	17842	9071	9503	P1P2	9503	P1P2
METTL25	12870	9072	9504	P1P2	9504	P1P2
METTL2A	14444	9073	9505	P1P2	9505	P1P2
METTL3	15711	9074	9507	P1P2	9507	P1P2
METTL4	14005	9075	9508	P1P2	9508	P1P2
METTL5	16	9076	9509	P1P2	9509	P1P2
METTL6	6843	9077	9510	P1P2	9510	P1P2
METTL7A	16103	9078	9511	P1P2	9511	P1P2
METTL7B	4634	9079	9512	P1P2	9512	P1P2
METTL8	821	9080	9513	P1P2	9513	P1P2
METTL9	14745	9081	9514	P1P2	9514	P1P2
MEX3A	10530	9082	9515	P1P2	9515	P1P2
MEX3B	1779	9083	9516	P2	9516	P1
MEX3D	1551	9084	9518	P1P2	9518	P1P2
MFAP1	13246	9085	9519	P1P2	9519	P1P2
MFAP2	15433	9086	9520	P1P2	9520	P1P2
MFAP3	12910	9087	9521	P1P2	9521	P1P2
MFAP3L	696	9088	9522	P1P2	9522	P1P2
MFAP4	1195	9089	9523	P1P2	9523	P1P2
MFAP5	7475	9090	9524	P1P2	9524	P1P2
MFF	18989	9091	9525	P1P2	9525	P1P2
MFGE8	3151	9092	9526	P1P2	9526	P1P2
MFHAS1	8386	9093	9527	P1P2	9527	P1P2
MFN1	3588	9095	9529	P1P2	9529	P1P2
MFN2	4843	9096	9530	P2	9530	P1
MFNG	14750	9097	9531	P1P2	9531	P1P2
MFRP	18422	9098	9532	P1P2	9532	P1P2
MFSD1	18590	9099	9533	P1P2	9533	P1P2
MFSD10	13346	9100	9534	P1P2	9534	P1P2
MFSD11	4442	9101	9535	P1P2	9535	P1P2
MFSD12	2101	9102	9536	P1P2	9536	P1P2
MFSD2A	5578	9103	9537	P1P2	9537	P1P2
MFSD2B	6031	9104	9538	P1P2	9538	P1P2
MFSD3	9560	9105	9539	P1P2	9539	P1P2
MFSD5	11851	9107	9541	P1P2	9541	P1P2
MFSD6	11994	9108	9542	P1P2	9542	P1P2
MFSD6L	17451	9109	9543	P1P2	9543	P1P2
MFSD8	18883	9111	9545	P1P2	9545	P1P2
MFSD9	3894	9112	9546	P1P2	9546	P1P2
MGA	5135	9113	9547	P1P2	9547	P1P2
MGAM	1767	9114	9548	P1P2	9548	P1P2
MGARP	2368	9115	9549	P1P2	9549	P1P2
MGAT1	2127	9116	9550	P1	9550	P2
MGAT2	16747	9117	9551	P1P2	9551	P1P2
MGAT3	6671	9118	9552	P1P2	9552	P1P2
MGAT4A	1310	9119	9553	P1P2	9553	P1P2
MGAT4B	18181	9120	9554	P1P2	9554	P1P2
MGAT4C	17343	9121	9555	P1P2	9555	P1P2
MGAT5	5912	9122	9556	P1P2	9556	P1P2
MGAT5B	2675	9123	9557	P1P2	9557	P1P2
MGLL	5	9125	9559	P1P2	9559	P1P2
MGME1	6571	9126	9560	P1P2	9560	P1P2
MGMT	6137	9127	9561	P1P2	9561	P1P2
MGP	2385	9128	9562	P1P2	9562	P1P2
MGRN1	1702	9129	9563	P1P2	9563	P1P2
MGST1	5745	9130	9564	P1P2	9564	P1P2
MGST2	3440	9131	9565	P1P2	9565	P1P2
MGST3	15104	9132	9566	P1P2	9566	P1P2
MIA	2762	9133	9567	P2	9567	P2
MIA3	15290	9135	9569	P1	9569	P1
MIB1	14860	9136	9570	P1P2	9570	P1P2
MIB2	8849	9137	9571	P1P2	9571	P1P2
MICA	10327	9138	9572	P1P2	9572	P1P2
MICAL1	3065	9139	9573	P1P2	9573	P1P2
MICAL2	2551	9140	9574	P1P2	9574	P1P2
MICAL3	4341	9141	9575	P1	9575	P1
MICALCL	17306	9142	9576	ENST00000256186.2	9576	ENST00000256186.2
MICALL1	12460	9143	9577	P1P2	9577	P1P2
MICALL2	3881	9144	9578	P1P2	9578	P1P2
MICB	5744	9145	9579	P1	9579	P2
MICU1	6014	9146	9580	P1P2	9580	P1P2
MICU2	1710	9147	9581	P1P2	9581	P1P2
MICU3	14081	9148	9582	P1P2	9582	P1P2
MID1	18708	9149	9583	P1P2	9583	P1P2
MID1IP1	2749	9150	9584	P1P2	9584	P1P2
MID2	1087	9151	9585	P1P2	9585	P1P2
MIDN	12643	9152	9586	P2	9586	P2
MIEF1	16188	9153	9587	P1P2	9587	P1P2
MIEF2	3428	9154	9588	P1P2	9588	P1P2
MIEN1	7184	9155	9589	P1P2	9589	P1P2
MIER1	16217	9156	9590	P2	9590	P2
MIER2	738	9157	9591	P1P2	9591	P1P2
MIER3	1685	9158	9592	P1P2	9592	P1P2
MIF	12891	9159	9593	P1P2	9593	P1P2
MIF4GD	10645	9160	9594	P1P2	9594	P1P2
MIIP	6914	9161	9595	P1P2	9595	P1P2
MINK1	4777	9163	9598	P1P2	9598	P1P2
MINPP1	2987	9164	9600	P1P2	9600	P1P2
MIOS	10634	9165	9601	P1P2	9601	P1P2
MIOX	4526	9166	9602	P1P2	9602	P1P2
MIP	2373	9167	9603	P1P2	9603	P1P2
MIPEP	3747	9168	9604	P1P2	9604	P1P2
MIPOL1	11395	9169	9605	P1P2	9605	P1P2
MIS12	13256	9170	9607	P1P2	9607	P1P2
MIS18A	9980	9171	9608	P1P2	9608	P1P2
MIS18BP1	14177	9172	9609	P1P2	9609	P1P2
MISP	12667	9173	9610	P1P2	9610	P1P2
MITD1	4491	9174	9611	P1P2	9611	P1P2
MITF	9976	9175	9612	P1	9612	P2
MIXL1	4332	9176	9613	P1P2	9613	P1P2
MKI67	10558	9177	9614	P1P2	9614	P1P2
MKKS	10717	9179	9616	P1P2	9616	P1P2
MKLN1	263	9182	9619	P1P2	9619	P1P2
MKNK1	2464	9183	9620	P2	9620	P2
MKNK2	13814	9184	9621	P1	9621	P1
MKRN1	9060	9185	9622	P1P2	9622	P1P2
MKRN2	15540	9186	9623	P1P2	9623	P1P2
MKRN3	4296	9187	9624	P1P2	9624	P1P2
MKS1	3643	9188	9625	P1P2	9625	P1P2
MKX	9706	9189	9626	P2	9626	P1
MLANA	5834	9190	9627	P2	9627	P2
MLC1	8261	9191	9628	P1P2	9628	P1P2
MLEC	10600	9192	9629	P1	9629	P2
MLF1	14194	9193	9630	P1P2	9630	P1P2
MLF2	9812	9195	9632	P1P2	9632	P1P2
MLH1	1813	9196	9633	P1P2	9633	P1P2
MLH3	5774	9197	9634	P1P2	9634	P1P2
MLIP	13003	9198	9635	P1P2	9635	P1P2
MLKL	15811	9200	9636	P1P2	9636	P1P2
MLLT1	12384	9201	9637	P1P2	9637	P1P2
MLLT10	17295	9202	9638	P1P2	9638	P1P2
MLLT11	2139	9203	9639	P1P2	9639	P1P2
MLLT3	5350	9204	9640	P1P2	9640	P1P2
MLLT6	8146	9206	9642	P1P2	9642	P1P2
MLN	7158	9207	9643	P1P2	9643	P1P2
MLNR	12474	9208	9644	P1P2	9644	P1P2
MLPH	1246	9209	9645	P1P2	9645	P1P2
MLST8	15021	9210	9646	P1P2	9646	P1P2
MLX	6379	9212	9647	P1P2	9647	P1P2
MLXIP	18947	9213	9648	P1P2	9648	P1P2
MLXIPL	18922	9214	9649	P1P2	9649	P1P2
MLYCD	15129	9215	9650	P1P2	9650	P1P2
MMAA	12564	9216	9651	P1P2	9651	P1P2
MMAB	8861	9217	9652	P1P2	9652	P1P2
MMACHC	14944	9218	9653	P1P2	9653	P1P2
MMADHC	16201	9219	9654	P1P2	9654	P1P2
MMD	12657	9220	9655	P1P2	9655	P1P2
MMD2	4677	9221	9656	P1P2	9656	P1P2
MME	4503	9222	9657	P1P2	9657	P1P2
MMEL1	4114	9223	9658	ENST00000378412.3	9658	ENST00000378412.3
MMGT1	9110	9224	9659	P1P2	9659	P1P2
MMP1	5726	9225	9660	P1P2	9660	P1P2
MMP10	18224	9226	9661	P1P2	9661	P1P2
MMP11	9211	9227	9662	P1P2	9662	P1P2
MMP13	1292	9228	9664	P1P2	9664	P1P2
MMP14	10738	9229	9665	P1P2	9665	P1P2
MMP15	7335	9230	9666	P1P2	9666	P1P2
MMP16	9651	9231	9667	P1P2	9667	P1P2
MMP17	9454	9232	9668	P1P2	9668	P1P2
MMP19	6454	9233	9669	P1P2	9669	P1P2
MMP2	12285	9234	9670	P1P2	9670	P1P2
MMP21	18262	9235	9672	ENST00000368808.3	9672	ENST00000368808.3
MMP23B	1018	9236	9673	P1P2	9673	P1P2
MMP24	4327	9237	9674	P1P2	9674	P1P2
MMP25	8858	9238	9675	P1P2	9675	P1P2
MMP26	3826	9239	9676	ENST00000300762.1	9676	ENST00000380390.1
MMP27	13143	9240	9677	P1P2	9677	P1P2
MMP28	7611	9241	9678	P1P2	9678	P1P2
MMP3	16066	9242	9679	P1P2	9679	P1P2
MMP7	7415	9243	9680	P1P2	9680	P1P2
MMP8	14792	9244	9681	P1P2	9681	P1P2
MMP9	12216	9245	9682	P1P2	9682	P1P2
MMRN1	6305	9246	9683	P1P2	9683	P1P2
MMRN2	1021	9247	9684	P1P2	9684	P1P2
MMS19	18218	9248	9685	P1P2	9685	P1P2
MMS22L	9465	9249	9686	P1P2	9686	P1P2
MN1	4232	9250	9687	P1P2	9687	P1P2
MNAT1	18759	9251	9688	P1P2	9688	P1P2
MND1	14909	9252	9689	P1P2	9689	P1P2
MNDA	4752	9253	9690	P1P2	9690	P1P2
MNS1	12380	9254	9691	P1P2	9691	P1P2
MNT	5064	9255	9692	P1P2	9692	P1P2
MNX1	4313	9256	9693	P1P2	9693	P1P2
MOAP1	2124	9257	9694	P1P2	9694	P1P2
MOB1A	11124	9258	9695	P1P2	9695	P1P2
MOB1B	2615	9259	9696	P1P2	9696	P1P2
MOB2	16309	9260	9697	P1P2	9697	P1P2
MOB3A	14625	9261	9698	P1	9698	P2
MOB3B	6376	9262	9699	P1P2	9699	P1P2
MOB3C	4003	9263	9700	P1P2	9700	P1P2
MOB4	10205	9264	9701	P1P2	9701	P1P2
MOBP	14716	9265	9702	P1P2	9702	P1P2
MOCOS	18491	9266	9703	P1P2	9703	P1P2
MOCS1	4654	9267	9704	P1P2	9704	P1P2
MOCS2	7822	9268	9705	P1P2	9705	P1P2
MOCS3	8623	9269	9706	P1P2	9706	P1P2
MOG	3678	9270	9707	P1P2	9707	P1P2
MOGAT1	930	9271	9708	P1P2	9708	P1P2
MOGAT2	1594	9272	9709	P1P2	9709	P1P2
MOGAT3	6921	9273	9710	P1P2	9710	P1P2
MOGS	18716	9274	9711	P1P2	9711	P1P2
MOK	17500	9275	9712	P1P2	9712	P1P2
MON1A	10621	9276	9713	P1P2	9713	P1P2
MON1B	14551	9277	9714	P1P2	9714	P1P2
MON2	10229	9278	9715	P1P2	9715	P1P2
MORC1	14706	9279	9716	P1P2	9716	P1P2
MORC2	16177	9280	9717	P1P2	9717	P1P2
MORC3	240	9281	9718	P1P2	9718	P1P2
MORC4	7323	9282	9719	P1P2	9719	P1P2
MORF4L1	17713	9283	9720	P1P2	9720	P1P2
MORF4L2	12055	9284	9721	P1	9721	P1
MORN1	5780	9285	9722	P1P2	9722	P1P2
MORN2	17776	9286	9723	P1P2	9723	P1P2
MORN3	16288	9287	9724	P1P2	9724	P1P2
MORN4	569	9288	9725	P1P2	9725	P1P2
MORN5	12058	9289	9726	P1P2	9726	P1P2
MOS	7046	9290	9727	P1P2	9727	P1P2
MOSPD1	17705	9291	9728	P1P2	9728	P1P2
MOSPD2	13414	9292	9729	P1P2	9729	P1P2
MOSPD3	2856	9293	9730	P1P2	9730	P1P2
MOV10	5213	9294	9731	P1P2	9731	P1P2
MOV10L1	11246	9295	9732	P1P2	9732	P1P2
MOXD1	4450	9296	9733	P1P2	9733	P1P2
MPC1	6676	9297	9734	P1P2	9734	P1P2
MPC2	3975	9298	9735	P1P2	9735	P1P2
MPDU1	826	9299	9736	P1P2	9736	P1P2
MPDZ	16037	9300	9737	P1P2	9737	P1P2
MPEG1	7332	9301	9738	P1P2	9738	P1P2
MPG	17224	9302	9739	P1P2	9739	P1P2
MPHOSPH10	16612	9303	9740	P1P2	9740	P1P2
MPHOSPH6	9415	9304	9741	P1P2	9741	P1P2
MPHOSPH8	15383	9305	9742	P2	9742	P2
MPHOSPH9	6686	9306	9743	P1P2	9743	P1P2
MPI	1384	9307	9744	P1P2	9744	P1P2
MPL	10111	9308	9745	P1P2	9745	P1P2
MPLKIP	10862	9309	9746	P1P2	9746	P1P2
MPND	17608	9310	9747	P1P2	9747	P1P2
MPO	10526	9311	9748	P1P2	9748	P1P2
MPP1	10436	9312	9749	P1P2	9749	P1P2
MPP2	2509	9313	9750	P1P2	9750	P1P2
MPP3	8256	9314	9751	P1P2	9751	P1P2
MPP4	5363	9315	9752	P1P2	9752	P1P2
MPP5	7715	9316	9753	P1P2	9753	P1P2
MPP6	3815	9317	9754	P1P2	9754	P1P2
MPP7	11278	9318	9755	P1P2	9755	P1P2
MPPE1	18903	9319	9756	P1P2	9756	P1P2
MPPED1	10024	9320	9757	P1P2	9757	P1P2
MPPED2	15155	9321	9758	P1P2	9758	P1P2
MPRIP	16289	9322	9759	P1P2	9759	P1P2
MPST	18614	9323	9760	P1P2	9760	P1P2
MPV17	11533	9324	9761	P1P2	9761	P1P2
MPV17L	5369	9325	9762	P1P2	9762	P1P2
MPV17L2	720	9326	9763	P1P2	9763	P1P2
MPZ	5165	9327	9764	P2	9764	P1
MPZL1	2469	9328	9765	P1P2	9765	P1P2
MPZL2	18762	9329	9766	P1P2	9766	P1P2
MPZL3	9625	9330	9767	P1P2	9767	P1P2
MR1	10151	9331	9768	P1P2	9768	P1P2
MRAP	14874	9332	9769	P1P2	9769	P1P2
MRAP2	15650	9333	9770	P1P2	9770	P1P2
MRAS	1895	9334	9771	P1P2	9771	P1P2
MRC2	11570	9335	9773	P1P2	9773	P1P2
MREG	10500	9337	9775	P1P2	9775	P1P2
MRFAP1	6235	9338	9776	P1P2	9776	P1P2
MRFAP1L1	7707	9339	9777	P1P2	9777	P1P2
MRGBP	3518	9340	9778	P1P2	9778	P1P2
MRGPRD	5342	9341	9779	ENST00000309106.3	9779	ENST00000309106.3
MRGPRE	12983	9342	9780	P1P2	9780	P1P2
MRGPRF	1323	9343	9781	P1P2	9781	P1P2
MRGPRG	2580	9344	9782	ENST00000332314.3	9782	ENST00000332314.3
MRGPRX1	4023	9345	9783	P1P2	9783	P1P2
MRGPRX2	2796	9346	9784	P1P2	9784	P1P2
MRGPRX3	11270	9347	9785	P1P2	9785	P1P2
MRGPRX4	6341	9348	9786	ENST00000314254.3	9786	ENST00000314254.3
MRI1	2734	9349	9787	P1P2	9787	P1P2
MRM1	7788	9350	9788	P1P2	9788	P1P2
MRO	8400	9351	9789	P1P2	9789	P1P2
MROH1	11088	9352	9790	P1P2	9790	P1P2
MROH2A	4533	9353	9791	ENST00000389758.3	9791	ENST00000389758.3
MROH2B	3048	9354	9792	P1P2	9792	P1P2
MROH6	8346	9355	9794	P1	9794	P2
MROH7	10477	9356	9795	P1P2	9795	P1P2
MROH9	5801	9357	9797	P1P2	9797	P1P2
MRPL1	4941	9359	9799	P1P2	9799	P1P2
MRPL10	9673	9360	9800	P1P2	9800	P1P2
MRPL11	14658	9361	9801	P1P2	9801	P1P2
MRPL12	11920	9362	9802	P1P2	9802	P1P2
MRPL13	14599	9363	9803	P1P2	9803	P1P2
MRPL14	8653	9364	9804	P1P2	9804	P1P2
MRPL15	3908	9365	9805	P1P2	9805	P1P2
MRPL16	5278	9366	9806	P1P2	9806	P1P2
MRPL17	13778	9367	9807	P1P2	9807	P1P2
MRPL18	13531	9368	9808	P1P2	9808	P1P2
MRPL19	9170	9369	9809	P1P2	9809	P1P2
MRPL2	10505	9370	9810	P1P2	9810	P1P2
MRPL20	7450	9371	9811	P1P2	9811	P1P2
MRPL21	12854	9372	9812	P1P2	9812	P1P2
MRPL22	1917	9373	9813	P1P2	9813	P1P2
MRPL23	2775	9374	9814	P1P2	9814	P1P2
MRPL24	14732	9375	9815	P1P2	9815	P1P2
MRPL27	1785	9376	9816	P1P2	9816	P1P2
MRPL28	14671	9377	9817	P1P2	9817	P1P2
MRPL3	6339	9378	9818	P1P2	9818	P1P2
MRPL30	12545	9379	9819	P1	9819	P1
MRPL32	13371	9380	9820	P1P2	9820	P1P2
MRPL33	3218	9381	9821	P1P2	9821	P1P2
MRPL34	4758	9382	9822	P1P2	9822	P1P2
MRPL35	11555	9383	9823	P1P2	9823	P1P2
MRPL36	17664	9384	9824	P1P2	9824	P1P2
MRPL37	4596	9385	9825	P1P2	9825	P1P2
MRPL38	3358	9386	9826	P1P2	9826	P1P2
MRPL39	643	9387	9827	P1P2	9827	P1P2
MRPL4	14876	9388	9828	P1P2	9828	P1P2
MRPL40	11467	9389	9829	P1P2	9829	P1P2
MRPL41	17389	9390	9830	P1P2	9830	P1P2
MRPL42	8377	9391	9831	P1P2	9831	P1P2
MRPL43	10838	9392	9832	P1P2	9832	P1P2
MRPL44	15243	9393	9833	P1P2	9833	P1P2
MRPL45	8970	9394	9834	P1P2	9834	P1P2
MRPL46	11181	9395	9835	P1P2	9835	P1P2
MRPL47	12090	9396	9836	P1P2	9836	P1P2
MRPL48	9918	9397	9837	P1P2	9837	P1P2
MRPL49	17950	9398	9838	P1P2	9838	P1P2
MRPL50	10609	9399	9839	P1P2	9839	P1P2
MRPL51	12272	9400	9840	P1P2	9840	P1P2
MRPL52	17425	9401	9841	P1P2	9841	P1P2
MRPL53	9355	9402	9842	P1P2	9842	P1P2
MRPL54	14437	9403	9843	P1P2	9843	P1P2
MRPL55	3796	9404	9844	P1P2	9844	P1P2
MRPL9	10108	9405	9845	P1P2	9845	P1P2
MRPS10	3731	9406	9846	P1P2	9846	P1P2
MRPS11	17383	9407	9847	P1P2	9847	P1P2
MRPS12	6155	9408	9848	P1P2	9848	P1P2
MRPS14	13643	9409	9849	P1P2	9849	P1P2
MRPS15	10005	9410	9850	P1P2	9850	P1P2
MRPS16	6889	9411	9851	P1P2	9851	P1P2
MRPS17	12960	9412	9852	P1P2	9852	P1P2
MRPS18A	76	9413	9853	P1P2	9853	P1P2
MRPS18B	8557	9414	9854	P1P2	9854	P1P2
MRPS18C	10184	9415	9855	P1P2	9855	P1P2
MRPS2	6268	9416	9856	P1P2	9856	P1P2
MRPS21	15819	9417	9857	P1P2	9857	P1P2
MRPS22	14557	9418	9858	P1P2	9858	P1P2
MRPS23	4560	9419	9859	P1P2	9859	P1P2
MRPS24	13259	9420	9860	P1P2	9860	P1P2
MRPS25	8783	9421	9861	P1P2	9861	P1P2
MRPS26	15061	9422	9862	P1P2	9862	P1P2
MRPS27	7894	9423	9863	P1P2	9863	P1P2
MRPS28	6371	9424	9864	P1P2	9864	P1P2
MRPS30	4471	9425	9865	P1P2	9865	P1P2
MRPS31	1980	9426	9866	P1P2	9866	P1P2
MRPS33	3942	9427	9867	P1P2	9867	P1P2
MRPS34	5164	9428	9868	P1P2	9868	P1P2
MRPS35	4350	9429	9869	P1P2	9869	P1P2
MRPS5	4415	9430	9871	P1P2	9871	P1P2
MRPS6	14853	9431	9872	P1P2	9872	P1P2
MRPS7	4633	9432	9873	P1P2	9873	P1P2
MRPS9	5488	9433	9874	P1P2	9874	P1P2
MRRF	7870	9434	9875	P1P2	9875	P1P2
MRS2	9879	9435	9876	P1P2	9876	P1P2
MRTO4	18831	9436	9877	P1P2	9877	P1P2
MRVI1	9290	9437	9878	P1P2	9878	P1P2
MS4A1	12363	9438	9879	P1P2	9879	P1P2
MS4A10	6968	9439	9880	P1P2	9880	P1P2
MS4A12	7998	9440	9881	P1P2	9881	P1P2
MS4A13	14986	9441	9882	P1P2	9882	P1P2
MS4A14	13794	9442	9883	P1P2	9883	P1P2
MS4A15	6063	9443	9884	P1P2	9884	P1P2
MS4A2	17320	9444	9886	P1P2	9886	P1P2
MS4A3	4006	9445	9887	P1P2	9887	P1P2
MS4A4A	15640	9446	9888	P1P2	9888	P1P2
MS4A5	9385	9448	9890	P1P2	9890	P1P2
MS4A6A	6133	9449	9891	P1P2	9891	P1P2
MS4A6E	14450	9450	9892	P1P2	9892	P1P2
MS4A8	10818	9452	9893	P1P2	9893	P1P2
MSANTD1	13350	9453	9894	P1P2	9894	P1P2
MSANTD2	587	9454	9895	P1P2	9895	P1P2
MSANTD3	1931	9455	9896	P1P2	9896	P1P2
MSANTD4	6228	9456	9898	P1P2	9898	P1P2
MSC	325	9457	9899	P1P2	9899	P1P2
MSGN1	8023	9458	9900	P1P2	9900	P1P2
MSH2	16592	9459	9901	P1P2	9901	P1P2
MSH3	7242	9460	9902	P1P2	9902	P1P2
MSH4	14069	9461	9903	P1P2	9903	P1P2
MSH5	2638	9462	9904	P1P2	9904	P1P2
MSH6	14459	9463	9905	P1P2	9905	P1P2
MSI1	17318	9464	9906	P1P2	9906	P1P2
MSI2	846	9465	9907	P1P2	9907	P1P2
MSL1	12160	9466	9908	P1P2	9908	P1P2
MSL2	2353	9467	9909	P1P2	9909	P1P2
MSL3	11053	9468	9910	P1P2	9910	P1P2
MSLN	6091	9469	9911	P1P2	9911	P1P2
MSMB	3337	9470	9912	P2	9912	P2
MSMO1	5418	9471	9913	P1P2	9913	P1P2
MSN	18122	9472	9915	P1P2	9915	P1P2
MSR1	8060	9473	9916	P1P2	9916	P1P2
MSRA	14653	9474	9917	P1P2	9917	P1P2
MSRB1	7247	9475	9918	P1P2	9918	P1P2
MSRB2	273	9476	9919	P1P2	9919	P1P2
MSRB3	796	9477	9920	P1P2	9920	P1P2
MSS51	8627	9478	9921	P1P2	9921	P1P2
MST1	12668	9479	9922	ENST00000449682.2	9922	ENST00000449682.2
MST1R	14850	9480	9923	P1P2	9923	P1P2
MSTN	9620	9482	9925	P1P2	9925	P1P2
MSTO1	14037	9483	9926	P1P2	9926	P1P2
MSX1	11332	9484	9927	P1P2	9927	P1P2
MSX2	12432	9485	9928	P1P2	9928	P1P2
MT1HL1	1332	9486	9935	P1P2	9935	P1P2
MT3	13280	9487	9939	P1P2	9939	P1P2
MT4	9623	9488	9940	P1P2	9940	P1P2
MTA1	18894	9489	9941	P1P2	9941	P1P2
MTA2	44	9490	9942	P1P2	9942	P1P2
MTA3	15674	9491	9943	P1P2	9943	P1P2
MTAP	8772	9492	9944	P1P2	9944	P1P2
MTBP	9163	9493	9945	P1P2	9945	P1P2
MTCH1	336	9494	9946	P1P2	9946	P1P2
MTCH2	16275	9495	9947	P1P2	9947	P1P2
MTCP1	14203	9496	9948	P1P2	9948	P1P2
MTDH	9429	9497	9949	P1P2	9949	P1P2
MTF1	9029	9502	9954	P1P2	9954	P1P2
MTF2	12939	9503	9955	P1P2	9955	P1P2
MTFMT	8520	9504	9956	P1P2	9956	P1P2
MTFP1	11603	9505	9957	P1P2	9957	P1P2
MTFR1	5629	9506	9958	P1P2	9958	P1P2
MTFR1L	16227	9507	9959	P1P2	9959	P1P2
MTFR2	2729	9508	9960	P1P2	9960	P1P2
MTG1	11066	9509	9961	P1P2	9961	P1P2
MTG2	121	9510	9962	P1P2	9962	P1P2
MTHFD1L	885	9512	9964	P1P2	9964	P1P2
MTHFD2	15234	9513	9965	P1	9965	P2
MTHFR	9179	9514	9967	P2	9967	P1
MTHFS	3779	9515	9968	P2	9968	P2
MTHFSD	4520	9516	9969	P1P2	9969	P1P2
MTIF2	1589	9517	9970	P1P2	9970	P1P2
MTIF3	6977	9518	9971	P1P2	9971	P1P2
MTM1	9120	9520	9973	P1P2	9973	P1P2
MTMR1	7965	9521	9974	P1P2	9974	P1P2
MTMR10	11214	9522	9975	P1P2	9975	P1P2
MTMR11	2522	9523	9976	P1P2	9976	P1P2
MTMR12	7358	9524	9977	P1P2	9977	P1P2
MTMR14	3196	9525	9978	P1P2	9978	P1P2
MTMR2	14544	9526	9979	P1P2	9979	P1P2
MTMR3	8903	9527	9980	P1P2	9980	P1P2
MTMR4	217	9528	9981	P1	9981	P1
MTMR6	2398	9529	9982	P1P2	9982	P1P2
MTMR7	11657	9530	9983	P1P2	9983	P1P2
MTMR8	5243	9531	9984	P1P2	9984	P1P2
MTMR9	16163	9532	9985	P1P2	9985	P1P2
MTNR1A	18463	9533	9986	P1P2	9986	P1P2
MTNR1B	9813	9534	9987	P1P2	9987	P1P2
MTO1	11156	9535	9988	P1P2	9988	P1P2
MTOR	4488	9536	9989	P1P2	9989	P1P2
MTPAP	5644	9537	9990	P1P2	9990	P1P2
MTPN	7850	9538	9991	P1P2	9991	P1P2
MTR	5424	9539	9992	P1P2	9992	P1P2
MTRF1	3997	9540	9993	P1P2	9993	P1P2
MTRF1L	11424	9541	9994	P1P2	9994	P1P2
MTRR	18239	9542	10003	P1P2	10003	P1P2
MTSS1	18760	9543	10004	P1P2	10004	P1P2
MTTP	5234	9545	10006	P1P2	10006	P1P2
MTUS1	18048	9546	10007	P1P2	10007	P1P2
MTUS2	3996	9547	10008	P1P2	10008	P1P2
MTX1	12145	9548	10009	P1P2	10009	P1P2
MTX2	691	9549	10010	P1P2	10010	P1P2
MTX3	7950	9550	10011	P1P2	10011	P1P2
MUC1	7355	9551	10012	P1P2	10012	P1P2
MUC12	2017	9552	10013	ENST00000379442.3,ENST00000536621.1	10013	ENST00000379442.3,ENST00000536621.1
MUC13	12710	9553	10014	P2	10014	P1
MUC15	11152	9554	10015	P1P2	10015	P1P2
MUC16	14722	9555	10016	ENST00000397910.4	10016	ENST00000397910.4
MUC17	18754	9556	10017	P1P2	10017	P1P2
MUC19	18493	9557	10018	P1P2	10018	P1P2
MUC2	3101	9558	10019	P1P2	10019	P1P2
MUC21	3034	9560	10021	P1P2	10021	P1P2
MUC22	8269	9561	10022	P1P2	10022	P1P2
MUC4	18703	9562	10024	P1P2	10024	P1P2
MUC5B	14360	9563	10026	P1P2	10026	P1P2
MUC6	8862	9564	10027	P1	10027	P1
MUC7	9986	9565	10028	P2	10028	P1
MUCL1	17489	9566	10030	P1P2	10030	P1P2
MUL1	4934	9567	10031	P1P2	10031	P1P2
MUS81	7522	9571	10035	P1P2	10035	P1P2
MUSK	6065	9572	10036	P1P2	10036	P1P2
MUTYH	17104	9574	10039	P1P2	10039	P1P2
MVB12A	13871	9575	10040	P1P2	10040	P1P2
MVB12B	763	9576	10041	P1P2	10041	P1P2
MVD	6038	9577	10042	P1P2	10042	P1P2
MVK	9954	9578	10043	P1P2	10043	P1P2
MVP	4290	9579	10044	P1P2	10044	P1P2
MX1	6911	9580	10045	P1P2	10045	P1P2
MX2	15319	9581	10046	P2	10046	P1
MXD1	11049	9582	10047	P1P2	10047	P1P2
MXD3	5863	9583	10048	P1P2	10048	P1P2
MXD4	7518	9584	10049	P1P2	10049	P1P2
MXI1	17538	9585	10050	P2	10050	P1
MXRA5	9332	9586	10051	P1P2	10051	P1P2
MXRA7	14576	9587	10052	P1P2	10052	P1P2
MXRA8	18845	9588	10053	P1P2	10053	P1P2
MYADM	18626	9589	10054	P1	10054	P1
MYADML2	7075	9590	10055	P1P2	10055	P1P2
MYB	1549	9591	10056	P1P2	10056	P1P2
MYBBP1A	4165	9592	10057	P1P2	10057	P1P2
MYBL1	8613	9593	10058	P1P2	10058	P1P2
MYBL2	4676	9594	10059	P1P2	10059	P1P2
MYBPC1	9320	9595	10060	P1P2	10060	P1P2
MYBPC2	8743	9596	10061	P1P2	10061	P1P2
MYBPC3	15902	9597	10062	P1P2	10062	P1P2
MYBPH	14201	9598	10063	P1P2	10063	P1P2
MYBPHL	16512	9599	10064	P1P2	10064	P1P2
MYCBP	5206	9601	10066	P1P2	10066	P1P2
MYCBP2	18483	9602	10067	P1P2	10067	P1P2
MYCBPAP	16984	9603	10068	P1P2	10068	P1P2
MYCL	10557	9604	10069	P1P2	10069	P1P2
MYCN	15470	9605	10070	P2	10070	P2
MYCT1	13109	9606	10071	P1P2	10071	P1P2
MYD88	3273	9607	10072	P1	10072	P1
MYEF2	18655	9608	10073	P1P2	10073	P1P2
MYEOV	7041	9609	10074	P1P2	10074	P1P2
MYF5	1951	9611	10076	P1P2	10076	P1P2
MYF6	2864	9612	10077	P1P2	10077	P1P2
MYH1	6960	9613	10078	P1P2	10078	P1P2
MYH10	5889	9614	10079	P1P2	10079	P1P2
MYH11	10901	9615	10080	P1P2	10080	P1P2
MYH13	16880	9616	10081	P1P2	10081	P1P2
MYH14	15405	9617	10082	P1P2	10082	P1P2
MYH15	14447	9618	10083	P1P2	10083	P1P2
MYH2	15099	9619	10084	P1P2	10084	P1P2
MYH3	7469	9620	10085	P1	10085	P1
MYH4	6881	9621	10086	P1P2	10086	P1P2
MYH6	7255	9622	10087	P2	10087	P2
MYH7	6483	9623	10088	P2	10088	P2
MYH7B	15144	9624	10089	P1P2	10089	P1P2
MYH8	14067	9625	10090	P1P2	10090	P1P2
MYH9	4600	9626	10091	P1P2	10091	P1P2
MYL1	14727	9627	10092	P1P2	10092	P1P2
MYL10	14746	9628	10093	ENST00000223167.4	10093	ENST00000223167.4
MYL2	7031	9629	10096	P2	10096	P1
MYL3	14762	9630	10097	P2	10097	P2
MYL4	12502	9631	10098	P1P2	10098	P1P2
MYL5	5775	9632	10099	P1P2	10099	P1P2
MYL6	16624	9633	10100	P1P2	10100	P1P2
MYL6B	6656	9634	10101	P1P2	10101	P1P2
MYL7	16363	9635	10102	P1P2	10102	P1P2
MYL9	15330	9636	10103	P1P2	10103	P1P2
MYLIP	14355	9637	10104	P1P2	10104	P1P2
MYLK	13495	9638	10105	ENST00000360304.3	10105	ENST00000360304.3
MYLK2	15518	9639	10106	P1P2	10106	P1P2
MYLK3	1498	9640	10107	P1	10107	P2
MYLK4	9947	9641	10108	P1P2	10108	P1P2
MYLPF	4737	9642	10109	P1	10109	P1
MYNN	14121	9643	10110	P1P2	10110	P1P2
MYO10	8531	9644	10111	P1P2	10111	P1P2
MYO15A	13881	9645	10112	P1P2	10112	P1P2
MYO16	3940	9646	10113	ENST00000356711.2	10113	ENST00000357550.2
MYO18A	2052	9647	10114	P1P2	10114	P1P2
MYO18B	7334	9648	10115	P1P2	10115	P1P2
MYO19	16886	9649	10116	P1P2	10116	P1P2
MYO1A	16438	9650	10117	P2	10117	P2
MYO1B	12319	9651	10118	P1P2	10118	P1P2
MYO1C	12364	9652	10119	P1	10119	P2
MYO1D	11796	9653	10120	P1P2	10120	P1P2
MYO1E	6947	9654	10121	P1P2	10121	P1P2
MYO1F	8899	9655	10122	P1P2	10122	P1P2
MYO1G	7501	9656	10123	P1P2	10123	P1P2
MYO1H	8020	9657	10124	ENST00000431443.2	10124	ENST00000431443.2
MYO3A	17505	9658	10125	P1P2	10125	P1P2
MYO3B	7459	9659	10126	P1P2	10126	P1P2
MYO5A	4482	9660	10127	P1P2	10127	P1P2
MYO5B	5725	9661	10128	P1P2	10128	P1P2
MYO5C	921	9662	10129	P1P2	10129	P1P2
MYO6	7319	9663	10130	P1P2	10130	P1P2
MYO7A	15489	9664	10131	P1P2	10131	P1P2
MYO7B	12759	9665	10132	P1P2	10132	P1P2
MYO9A	7491	9666	10133	P1P2	10133	P1P2
MYO9B	15294	9667	10134	P1P2	10134	P1P2
MYOC	1009	9668	10135	P1P2	10135	P1P2
MYOCD	16693	9669	10136	P1P2	10136	P1P2
MYOD1	4515	9670	10137	P1P2	10137	P1P2
MYOF	14752	9671	10138	P1P2	10138	P1P2
MYOG	3466	9672	10139	P1P2	10139	P1P2
MYOM1	9154	9673	10140	P1P2	10140	P1P2
MYOM2	13171	9674	10141	P1P2	10141	P1P2
MYOM3	7887	9675	10142	P2	10142	P2
MYOT	3261	9676	10143	P1P2	10143	P1P2
MYOZ1	1991	9677	10144	P1P2	10144	P1P2
MYOZ2	7284	9678	10145	P1P2	10145	P1P2
MYOZ3	5615	9679	10146	P1P2	10146	P1P2
MYPN	7282	9680	10147	P1	10147	P2
MYPOP	2516	9681	10148	P1P2	10148	P1P2
MYRF	8929	9682	10149	P1	10149	P1
MYRFL	16199	9683	10150	ENST00000299350.4,ENST00000548892.1	10150	ENST00000299350.4,ENST00000548892.1
MYRIP	3482	9684	10151	P1P2	10151	P1P2
MYSM1	484	9685	10152	P1P2	10152	P1P2
MYT1	12377	9686	10153	P1P2	10153	P1P2
MYT1L	15618	9687	10154	P1P2	10154	P1P2
MZB1	3346	9688	10155	P1P2	10155	P1P2
MZF1	3338	9689	10156	P1P2	10156	P1P2
MZT1	13092	9690	10157	P1P2	10157	P1P2
MZT2B	14545	9691	10159	P1P2	10159	P1P2
N4BP1	3434	9692	10160	P1P2	10160	P1P2
N4BP2	3906	9693	10161	P1P2	10161	P1P2
N4BP2L1	5848	9694	10162	P1P2	10162	P1P2
N4BP2L2	2576	9695	10163	P1P2	10163	P1P2
N4BP3	205	9696	10164	P1P2	10164	P1P2
N6AMT1	4993	9697	10165	P1P2	10165	P1P2
NAA11	5544	9700	10167	P1P2	10167	P1P2
NAA15	8472	9701	10168	P1P2	10168	P1P2
NAA16	19023	9702	10169	P1P2	10169	P1P2
NAA20	3835	9703	10170	P1P2	10170	P1P2
NAA25	18036	9704	10171	P1P2	10171	P1P2
NAA30	18083	9705	10172	P1P2	10172	P1P2
NAA35	9346	9706	10173	P1P2	10173	P1P2
NAA40	5781	9708	10175	P1P2	10175	P1P2
NAA50	10552	9709	10176	P1P2	10176	P1P2
NAA60	16517	9710	10177	P1P2	10177	P1P2
NAAA	14017	9711	10178	P1P2	10178	P1P2
NAALAD2	15541	9712	10179	P1P2	10179	P1P2
NAALADL1	5934	9713	10180	P1P2	10180	P1P2
NAALADL2	5647	9714	10181	ENST00000454872.1	10181	ENST00000454872.1
NAB1	608	9715	10182	P1P2	10182	P1P2
NAB2	6707	9716	10183	P1P2	10183	P1P2
NABP1	10548	9717	10184	P1P2	10184	P1P2
NABP2	5429	9718	10185	P1	10185	P1
NACA	6794	9719	10186	P1P2	10186	P1P2
NACA2	16695	9720	10187	P1P2	10187	P1P2
NACAD	5695	9721	10188	P1P2	10188	P1P2
NACC1	15883	9722	10189	P1P2	10189	P1P2
NACC2	17417	9723	10190	P1P2	10190	P1P2
NADK	18393	9724	10191	P2	10191	P2
NADK2	9405	9725	10192	P1P2	10192	P1P2
NADSYN1	17680	9726	10193	P1P2	10193	P1P2
NAE1	13578	9727	10194	P1P2	10194	P1P2
NAF1	14376	9728	10195	P1P2	10195	P1P2
NAGA	16997	9729	10196	P1P2	10196	P1P2
NAGK	11335	9730	10197	P1P2	10197	P1P2
NAGLU	2524	9731	10198	P1P2	10198	P1P2
NAGPA	9081	9732	10199	P1P2	10199	P1P2
NAGS	13028	9733	10200	P1	10200	P1
NAIF1	10138	9734	10201	P1P2	10201	P1P2
NAIP	16794	9735	10202	ENST00000194097.4	10202	ENST00000194097.4
NALCN	17048	9736	10203	P1P2	10203	P1P2
NAMPT	2067	9737	10204	P1P2	10204	P1P2
NANOG	13741	9738	10205	P1P2	10205	P1P2
NANOGNB	13423	9739	10206	ENST00000382119.1	10206	ENST00000382119.1
NANOS1	7841	9740	10207	P1P2	10207	P1P2
NANOS2	10565	9741	10208	P1P2	10208	P1P2
NANOS3	14315	9742	10209	P1P2	10209	P1P2
NANP	9904	9743	10210	P1P2	10210	P1P2
NANS	3967	9744	10211	P1P2	10211	P1P2
NAP1L1	18500	9745	10212	P1P2	10212	P1P2
NAP1L2	17432	9746	10213	P1P2	10213	P1P2
NAP1L3	9329	9747	10214	P1P2	10214	P1P2
NAP1L4	1513	9748	10215	P1P2	10215	P1P2
NAP1L5	16543	9749	10216	P1P2	10216	P1P2
NAPA	3659	9751	10217	P1P2	10217	P1P2
NAPB	5925	9752	10218	P1P2	10218	P1P2
NAPEPLD	3257	9753	10219	P1P2	10219	P1P2
NAPG	3724	9754	10220	P1P2	10220	P1P2
NAPSA	9699	9756	10222	P1P2	10222	P1P2
NARF	5347	9757	10223	P1P2	10223	P1P2
NARS2	2955	9761	10228	P1P2	10228	P1P2
NASP	9254	9762	10229	P1P2	10229	P1P2
NAT1	4483	9763	10230	P1P2	10230	P1P2
NAT10	8301	9764	10231	P1P2	10231	P1P2
NAT14	1288	9765	10232	P1P2	10232	P1P2
NAT16	762	9766	10233	P1	10233	P1
NAT2	18667	9767	10234	P1P2	10234	P1P2
NAT8	4148	9769	10236	P1P2	10236	P1P2
NAT9	3836	9770	10239	P1P2	10239	P1P2
NAV1	7867	9771	10240	ENST00000295624.6,ENST00000367296.4	10240	ENST00000295624.6,ENST00000367296.4
NAV2	5125	9772	10241	ENST00000360655.4	10241	ENST00000360655.4
NAV3	16614	9773	10242	ENST00000228327.6,ENST00000536525.2	10242	ENST00000228327.6,ENST00000536525.2
NBAS	15760	9774	10243	P1P2	10243	P1P2
NBEA	714	9775	10244	P1P2	10244	P1P2
NBEAL1	1520	9776	10245	P1P2	10245	P1P2
NBEAL2	14877	9777	10246	P2	10246	P1
NBN	16560	9778	10248	P1P2	10248	P1P2
NBPF3	8658	9779	10254	P1P2	10254	P1P2
NBR1	5511	9780	10257	P1P2	10257	P1P2
NCALD	9065	9781	10258	ENST00000311028.3,ENST00000521599.1	10258	ENST00000395923.1
NCAM1	3593	9782	10259	P1P2	10259	P1P2
NCAM2	14045	9783	10260	P1P2	10260	P1P2
NCAN	13385	9784	10261	P1P2	10261	P1P2
NCAPD2	11522	9785	10262	P1P2	10262	P1P2
NCAPD3	3732	9786	10263	P1P2	10263	P1P2
NCAPG2	18618	9788	10264	P1P2	10264	P1P2
NCAPH2	5202	9790	10265	P1P2	10265	P1P2
NCBP1	4143	9791	10266	P1P2	10266	P1P2
NCBP2	4932	9792	10267	P1P2	10267	P1P2
NCCRP1	9085	9794	10268	P1P2	10268	P1P2
NCDN	16146	9795	10269	P1P2	10269	P1P2
NCEH1	13518	9796	10270	P1P2	10270	P1P2
NCF1	15096	9797	10271	ENST00000289473.4	10271	ENST00000289473.4
NCF2	1466	9798	10272	P1P2	10272	P1P2
NCF4	7921	9799	10273	P1P2	10273	P1P2
NCK1	9231	9800	10274	P1P2	10274	P1P2
NCK2	2061	9801	10275	P1P2	10275	P1P2
NCKAP1	8375	9802	10276	P1P2	10276	P1P2
NCKAP1L	9202	9803	10277	P1P2	10277	P1P2
NCKAP5	11459	9804	10278	P1P2	10278	P1P2
NCKAP5L	5897	9805	10279	P1P2	10279	P1P2
NCKIPSD	17718	9806	10280	P1P2	10280	P1P2
NCL	10536	9807	10281	P2	10281	P2
NCLN	2430	9808	10282	P1P2	10282	P1P2
NCMAP	15785	9809	10283	P1P2	10283	P1P2
NCOA1	4781	9810	10284	P1P2	10284	P1P2
NCOA2	6787	9811	10285	P1P2	10285	P1P2
NCOA3	6380	9812	10286	P1P2	10286	P1P2
NCOA4	4266	9813	10287	P1P2	10287	P1P2
NCOA5	3066	9814	10288	P1P2	10288	P1P2
NCOA6	4466	9815	10289	P1P2	10289	P1P2
NCOA7	475	9816	10290	P1P2	10290	P1P2
NCOR1	17839	9817	10291	P1P2	10291	P1P2
NCOR2	11918	9818	10292	ENST00000405201.1	10292	ENST00000405201.1
NCR1	8560	9819	10293	P1P2	10293	P1P2
NCR2	17183	9820	10294	P1P2	10294	P1P2
NCR3	14152	9821	10295	P1P2	10295	P1P2
NCR3LG1	5247	9822	10296	P1P2	10296	P1P2
NCS1	4668	9823	10297	P1P2	10297	P1P2
NCSTN	2724	9824	10298	P1P2	10298	P1P2
NDC1	4754	9825	10299	P1P2	10299	P1P2
NDE1	14831	9827	10300	P2	10300	P2
NDEL1	9896	9828	10301	P1P2	10301	P1P2
NDFIP1	13697	9829	10302	P1P2	10302	P1P2
NDFIP2	14520	9830	10303	P1P2	10303	P1P2
NDN	13610	9831	10304	P1P2	10304	P1P2
NDNF	1542	9832	10305	P1P2	10305	P1P2
NDOR1	4798	9834	10307	P1P2	10307	P1P2
NDP	15029	9835	10308	P1P2	10308	P1P2
NDRG1	3684	9836	10309	P1P2	10309	P1P2
NDRG2	3883	9837	10310	P1P2	10310	P1P2
NDRG3	7433	9838	10311	P1P2	10311	P1P2
NDRG4	1874	9839	10312	P1P2	10312	P1P2
NDST1	14351	9840	10313	P1P2	10313	P1P2
NDST2	10455	9841	10314	P1P2	10314	P1P2
NDST3	5352	9842	10315	P1P2	10315	P1P2
NDST4	5720	9843	10316	P1P2	10316	P1P2
NDUFA1	13441	9844	10317	P1P2	10317	P1P2
NDUFA10	9236	9845	10318	P1P2	10318	P1P2
NDUFA12	5847	9847	10319	P1P2	10319	P1P2
NDUFA13	3047	9848	10320	P1P2	10320	P1P2
NDUFA2	8405	9849	10321	P1P2	10321	P1P2
NDUFA3	390	9850	10322	P1P2	10322	P1P2
NDUFA4	14156	9851	10323	P1P2	10323	P1P2
NDUFA4L2	18909	9852	10324	P1P2	10324	P1P2
NDUFA5	10507	9853	10325	P1P2	10325	P1P2
NDUFA6	3300	9854	10326	P1P2	10326	P1P2
NDUFA7	13335	9855	10327	P1P2	10327	P1P2
NDUFA8	4089	9856	10328	P1P2	10328	P1P2
NDUFA9	5564	9857	10329	ENST00000266544.5	10329	ENST00000266544.5
NDUFAB1	1619	9858	10330	P1P2	10330	P1P2
NDUFAF1	16764	9859	10331	P1P2	10331	P1P2
NDUFAF2	7416	9860	10332	P1P2	10332	P1P2
NDUFAF3	6587	9861	10333	P1P2	10333	P1P2
NDUFAF4	7634	9862	10334	P1P2	10334	P1P2
NDUFAF5	9233	9863	10335	P1P2	10335	P1P2
NDUFAF6	15511	9864	10336	P1P2	10336	P1P2
NDUFAF7	8697	9865	10337	P1P2	10337	P1P2
NDUFB1	13786	9866	10338	P1P2	10338	P1P2
NDUFB10	11760	9867	10339	P1P2	10339	P1P2
NDUFB11	10022	9868	10340	P1P2	10340	P1P2
NDUFB2	7917	9869	10341	P1P2	10341	P1P2
NDUFB4	7091	9870	10343	P1P2	10343	P1P2
NDUFB5	8480	9871	10344	P1P2	10344	P1P2
NDUFB6	12052	9872	10345	P1P2	10345	P1P2
NDUFB7	7252	9873	10346	P1P2	10346	P1P2
NDUFB8	3757	9874	10347	P1P2	10347	P1P2
NDUFB9	5884	9875	10348	P1P2	10348	P1P2
NDUFC1	7049	9876	10349	P1	10349	P1
NDUFS1	5272	9877	10352	P1P2	10352	P1P2
NDUFS2	7690	9878	10353	P1P2	10353	P1P2
NDUFS3	1565	9879	10354	P1P2	10354	P1P2
NDUFS4	6944	9880	10355	P1P2	10355	P1P2
NDUFS5	3195	9881	10356	P1	10356	P2
NDUFS6	6740	9882	10357	P1P2	10357	P1P2
NDUFS7	10	9883	10358	P1P2	10358	P1P2
NDUFS8	3432	9884	10359	P1P2	10359	P1P2
NDUFV1	4885	9885	10360	P1	10360	P1
NDUFV2	15912	9886	10361	P1P2	10361	P1P2
NDUFV3	12677	9887	10362	P1P2	10362	P1P2
NEB	16329	9888	10363	P1P2	10363	P1P2
NECAB1	14689	9890	10365	P1P2	10365	P1P2
NECAB2	16076	9891	10366	P1P2	10366	P1P2
NECAB3	8766	9892	10367	P1	10367	P2
NECAP1	7966	9893	10368	P1P2	10368	P1P2
NECAP2	3029	9894	10369	P1P2	10369	P1P2
NEDD1	14681	9895	10370	P1P2	10370	P1P2
NEDD4	8713	9896	10371	P1P2	10371	P1P2
NEDD4L	16220	9897	10372	ENST00000400345.3	10372	ENST00000400345.3
NEDD8	5008	9898	10373	P1P2	10373	P1P2
NEDD9	15904	9899	10375	P2	10375	P1
NEFH	17642	9900	10376	P1P2	10376	P1P2
NEFM	2699	9901	10378	P2	10378	P2
NEGR1	12206	9902	10379	P1P2	10379	P1P2
NEIL1	18717	9903	10380	P1P2	10380	P1P2
NEIL2	4977	9904	10381	P1P2	10381	P1P2
NEIL3	1050	9905	10382	P1P2	10382	P1P2
NEK1	1047	9906	10383	P1P2	10383	P1P2
NEK10	6627	9907	10384	P1P2	10384	P1P2
NEK11	4567	9908	10385	P1P2	10385	P1P2
NEK2	2498	9909	10386	P1P2	10386	P1P2
NEK3	16054	9910	10387	P1P2	10387	P1P2
NEK4	16786	9911	10388	P1P2	10388	P1P2
NEK5	3758	9912	10389	P1P2	10389	P1P2
NEK6	6264	9913	10390	P1P2	10390	P1P2
NEK7	4802	9914	10391	P1P2	10391	P1P2
NEK8	7141	9915	10392	P1P2	10392	P1P2
NEK9	10241	9916	10393	P1P2	10393	P1P2
NELFA	16622	9917	10394	P1P2	10394	P1P2
NELFB	7664	9918	10395	P1P2	10395	P1P2
NELFCD	12715	9919	10396	P1P2	10396	P1P2
NELFE	13906	9920	10397	P1P2	10397	P1P2
NELL1	9981	9921	10398	P1P2	10398	P1P2
NELL2	9669	9922	10399	P1P2	10399	P1P2
NEMF	3072	9923	10400	P1P2	10400	P1P2
NENF	9077	9924	10401	P1P2	10401	P1P2
NEO1	9525	9925	10402	P1P2	10402	P1P2
NES	7589	9926	10403	P1	10403	P1
NET1	8137	9927	10404	P1P2	10404	P1P2
NETO1	212	9928	10405	P1P2	10405	P1P2
NETO2	3751	9929	10406	P1P2	10406	P1P2
NEU1	8321	9930	10407	P1P2	10407	P1P2
NEU2	1740	9931	10408	ENST00000233840.3	10408	ENST00000233840.3
NEU3	8019	9932	10409	P1P2	10409	P1P2
NEU4	10018	9933	10410	P1	10410	P1
NEURL1B	1809	9935	10412	P1P2	10412	P1P2
NEURL2	11626	9936	10413	P1P2	10413	P1P2
NEUROD1	4722	9937	10415	P1P2	10415	P1P2
NEUROD2	408	9938	10416	P1P2	10416	P1P2
NEUROD4	3296	9939	10417	P1P2	10417	P1P2
NEUROD6	12331	9940	10418	P1P2	10418	P1P2
NEUROG1	11403	9941	10419	P1P2	10419	P1P2
NEUROG2	3554	9942	10420	P1P2	10420	P1P2
NEUROG3	17121	9943	10421	P1P2	10421	P1P2
NEXN	18447	9944	10422	P1P2	10422	P1P2
NF1	3928	9945	10423	P1P2	10423	P1P2
NF2	17143	9946	10424	P1P2	10424	P1P2
NFAM1	4237	9947	10425	P1P2	10425	P1P2
NFASC	4525	9948	10426	P1P2	10426	P1P2
NFAT5	16195	9949	10427	P1P2	10427	P1P2
NFATC1	10636	9950	10428	P2	10428	P1
NFATC2	6434	9951	10429	P2	10429	P2
NFATC2IP	11377	9952	10430	P1P2	10430	P1P2
NFATC3	16743	9953	10431	P1P2	10431	P1P2
NFATC4	18494	9954	10432	P1P2	10432	P1P2
NFE2	18023	9955	10433	P1P2	10433	P1P2
NFE2L1	15692	9956	10434	P1P2	10434	P1P2
NFE2L2	13943	9957	10435	P1	10435	P1
NFE2L3	4582	9958	10436	P1P2	10436	P1P2
NFIA	5280	9959	10438	P1P2	10438	P1P2
NFIB	896	9960	10439	P1P2	10439	P1P2
NFIC	10246	9961	10440	P1	10440	P1
NFIL3	12434	9962	10441	P1P2	10441	P1P2
NFIX	11452	9963	10442	P1	10442	P1
NFKB1	4345	9964	10443	P1P2	10443	P1P2
NFKB2	4511	9965	10444	P1P2	10444	P1P2
NFKBIA	1945	9966	10445	P2	10445	P1
NFKBIB	5302	9967	10446	P1P2	10446	P1P2
NFKBID	4651	9968	10447	P2	10447	P1
NFKBIE	7919	9969	10448	P1P2	10448	P1P2
NFKBIL1	16901	9970	10449	P1P2	10449	P1P2
NFKBIZ	12771	9971	10450	P2	10450	P1
NFRKB	852	9972	10451	P1P2	10451	P1P2
NFS1	4121	9973	10452	P1P2	10452	P1P2
NFU1	5958	9974	10453	P1P2	10453	P1P2
NFX1	12037	9975	10454	P1P2	10454	P1P2
NFXL1	16283	9976	10455	P1P2	10455	P1P2
NFYA	10416	9977	10456	P1P2	10456	P1P2
NFYB	2400	9978	10457	P1P2	10457	P1P2
NFYC	3134	9979	10458	P1P2	10458	P1P2
NGB	11419	9980	10459	P1P2	10459	P1P2
NGDN	17587	9981	10460	P1P2	10460	P1P2
NGEF	3698	9982	10461	P1P2	10461	P1P2
NGF	6008	9983	10462	P1P2	10462	P1P2
NGFR	7455	9984	10463	P1P2	10463	P1P2
NGLY1	3393	9986	10465	P1P2	10465	P1P2
NGRN	11900	9987	10466	P1P2	10466	P1P2
NHEJ1	6962	9988	10467	P1P2	10467	P1P2
NHLH1	9485	9989	10468	P1P2	10468	P1P2
NHLH2	6020	9990	10469	P1P2	10469	P1P2
NHLRC1	13752	9991	10470	P1P2	10470	P1P2
NHLRC2	7264	9992	10471	P1P2	10471	P1P2
NHLRC3	5576	9993	10472	P1P2	10472	P1P2
NHLRC4	9503	9994	10473	P1P2	10473	P1P2
NHP2	15681	9995	10474	P1P2	10474	P1P2
NHS	2155	9997	10476	P1P2	10476	P1P2
NHSL1	12569	9998	10477	P1	10477	P1
NHSL2	90	9999	10478	P1P2	10478	P1P2
NICN1	9958	10000	10479	P1P2	10479	P1P2
NID1	2354	10001	10480	P1P2	10480	P1P2
NID2	10897	10002	10481	P1P2	10481	P1P2
NIF3L1	15427	10003	10482	P1P2	10482	P1P2
NIN	14835	10005	10484	P1P2	10484	P1P2
NINJ1	16823	10006	10485	P1P2	10485	P1P2
NINJ2	2380	10007	10486	P1	10486	P1
NINL	11560	10008	10487	P1P2	10487	P1P2
NIPA1	13106	10010	10488	P1P2	10488	P1P2
NIPA2	10910	10011	10489	P1P2	10489	P1P2
NIPAL1	11089	10012	10490	P1P2	10490	P1P2
NIPAL2	7797	10013	10491	P1P2	10491	P1P2
NIPAL3	7231	10014	10492	P1P2	10492	P1P2
NIPAL4	9297	10015	10493	P1P2	10493	P1P2
NIPBL	13911	10016	10494	P1P2	10494	P1P2
NIPSNAP1	6589	10017	10495	P1P2	10495	P1P2
NIPSNAP3A	9132	10018	10496	P1P2	10496	P1P2
NIPSNAP3B	10629	10019	10497	P1P2	10497	P1P2
NISCH	6902	10020	10498	P1P2	10498	P1P2
NIT1	6580	10021	10499	P1P2	10499	P1P2
NIT2	16378	10022	10500	P1P2	10500	P1P2
NKAIN1	6072	10023	10501	P1P2	10501	P1P2
NKAIN2	2677	10024	10502	P1P2	10502	P1P2
NKAIN3	4588	10025	10503	P1P2	10503	P1P2
NKAIN4	14547	10026	10504	P2	10504	P2
NKAP	7571	10027	10505	P1P2	10505	P1P2
NKAPL	12600	10028	10506	P1P2	10506	P1P2
NKD1	9849	10029	10507	P1P2	10507	P1P2
NKD2	16735	10030	10508	P1P2	10508	P1P2
NKG7	801	10031	10509	P1P2	10509	P1P2
NKIRAS1	5133	10032	10510	P1P2	10510	P1P2
NKIRAS2	18020	10033	10511	P1P2	10511	P1P2
NKPD1	18130	10034	10512	P1P2	10512	P1P2
NKRF	6214	10035	10513	P1P2	10513	P1P2
NKTR	7761	10036	10514	P1P2	10514	P1P2
NKX1-1	4247	10037	10515	ENST00000422806.1	10515	ENST00000422806.1
NKX1-2	14477	10038	10516	P1P2	10516	P1P2
NKX2-1	15909	10039	10517	P1P2	10517	P1P2
NKX2-2	2122	10040	10518	P1P2	10518	P1P2
NKX2-3	1397	10041	10519	P1P2	10519	P1P2
NKX2-4	261	10042	10520	P1P2	10520	P1P2
NKX2-5	7630	10043	10521	P1P2	10521	P1P2
NKX2-6	9338	10044	10522	P1P2	10522	P1P2
NKX2-8	1170	10045	10523	P1P2	10523	P1P2
NKX3-1	1151	10046	10524	P1P2	10524	P1P2
NKX3-2	9074	10047	10525	P1P2	10525	P1P2
NKX6-1	15807	10048	10526	P1P2	10526	P1P2
NKX6-2	14693	10049	10527	P1P2	10527	P1P2
NKX6-3	9567	10050	10528	P1P2	10528	P1P2
NLE1	2100	10051	10529	P1P2	10529	P1P2
NLGN1	17257	10052	10530	ENST00000401917.3	10530	ENST00000401917.3
NLGN2	7169	10053	10531	P1P2	10531	P1P2
NLGN3	15497	10054	10532	P1P2	10532	P1P2
NLGN4X	10009	10055	10533	P1	10533	P2
NLK	17043	10056	10535	P1P2	10535	P1P2
NLN	18534	10057	10536	P1P2	10536	P1P2
NLRC4	15516	10058	10538	P1P2	10538	P1P2
NLRC5	15995	10059	10539	P1P2	10539	P1P2
NLRP1	10768	10060	10540	P1P2	10540	P1P2
NLRP10	11078	10061	10541	P1P2	10541	P1P2
NLRP11	18019	10062	10542	P1	10542	P2
NLRP12	6283	10063	10543	P1P2	10543	P1P2
NLRP13	15528	10064	10544	ENST00000342929.3,ENST00000588751.1	10544	ENST00000342929.3,ENST00000588751.1
NLRP14	4307	10065	10545	P1P2	10545	P1P2
NLRP2	13677	10066	10546	P1P2	10546	P1P2
NLRP3	14990	10067	10547	P1P2	10547	P1P2
NLRP4	4833	10068	10548	P1P2	10548	P1P2
NLRP5	4829	10069	10549	ENST00000390649.3	10549	ENST00000390649.3
NLRP6	14280	10070	10550	P1P2	10550	P1P2
NLRP7	1683	10071	10551	P1	10551	P1
NLRP8	924	10072	10552	ENST00000291971.3	10552	ENST00000291971.3
NLRP9	16445	10073	10553	ENST00000332836.2	10553	ENST00000332836.2
NLRX1	5307	10074	10554	P1P2	10554	P1P2
NMB	11527	10075	10555	P1P2	10555	P1P2
NMBR	7088	10076	10556	P1P2	10556	P1P2
NME1	3759	10078	10557	P2	10557	P2
NME3	430	10080	10559	P1P2	10559	P1P2
NME4	4922	10081	10560	P1P2	10560	P1P2
NME5	9761	10082	10561	P1P2	10561	P1P2
NME6	3222	10083	10562	P1P2	10562	P1P2
NME7	3263	10084	10563	P1P2	10563	P1P2
NME8	8340	10085	10564	P1P2	10564	P1P2
NME9	17000	10086	10565	P1P2	10565	P1P2
NMI	17427	10087	10566	P1P2	10566	P1P2
NMNAT1	4904	10088	10567	P1P2	10567	P1P2
NMNAT2	4718	10089	10568	P1P2	10568	P1P2
NMNAT3	16154	10090	10569	P1P2	10569	P1P2
NMRAL1	15494	10091	10570	P1P2	10570	P1P2
NMRK1	14651	10092	10571	P1P2	10571	P1P2
NMRK2	18513	10093	10572	P1P2	10572	P1P2
NMS	8621	10094	10573	P1P2	10573	P1P2
NMT1	7865	10095	10574	P1P2	10574	P1P2
NMT2	4509	10096	10575	P1P2	10575	P1P2
NMU	16658	10097	10576	P1P2	10576	P1P2
NMUR1	8504	10098	10577	P1P2	10577	P1P2
NMUR2	9818	10099	10578	P1P2	10578	P1P2
NNAT	16303	10100	10579	P1P2	10579	P1P2
NNMT	9517	10101	10580	P1P2	10580	P1P2
NNT	13066	10102	10581	P1P2	10581	P1P2
NOA1	10575	10103	10582	P1P2	10582	P1P2
NOB1	17791	10104	10583	P1P2	10583	P1P2
NOBOX	7109	10105	10584	ENST00000483238.1	10584	ENST00000483238.1
NOC2L	2523	10106	10585	P1P2	10585	P1P2
NOC3L	6078	10107	10586	P1P2	10586	P1P2
NOC4L	2824	10108	10587	P1P2	10587	P1P2
NOD1	10888	10109	10588	P1P2	10588	P1P2
NOD2	8626	10110	10589	P1P2	10589	P1P2
NODAL	14757	10111	10590	P1P2	10590	P1P2
NOG	11104	10112	10591	P1P2	10591	P1P2
NOL10	10993	10113	10592	P1P2	10592	P1P2
NOL11	18054	10114	10593	P1P2	10593	P1P2
NOL12	14250	10115	10594	P1P2	10594	P1P2
NOL3	9518	10116	10595	P1	10595	P2
NOL4	16940	10117	10596	P1P2	10596	P1P2
NOL6	6527	10118	10597	P1P2	10597	P1P2
NOL7	9909	10119	10598	P1P2	10598	P1P2
NOL8	13427	10120	10599	P1P2	10599	P1P2
NOL9	13654	10121	10600	P1P2	10600	P1P2
NOM1	7422	10123	10601	P1P2	10601	P1P2
NONO	11118	10124	10605	P1P2	10605	P1P2
NOP10	7261	10125	10606	P1P2	10606	P1P2
NOP14	1423	10126	10607	P1P2	10607	P1P2
NOP16	17762	10127	10608	P1P2	10608	P1P2
NOP56	11935	10129	10609	P1P2	10609	P1P2
NOP58	12601	10130	10610	P1P2	10610	P1P2
NOP9	3107	10131	10611	P1P2	10611	P1P2
NOS1	12778	10132	10612	ENST00000317775.6	10612	ENST00000317775.6
NOS1AP	868	10133	10613	P1P2	10613	P1P2
NOS2	3422	10134	10614	P1P2	10614	P1P2
NOS3	12360	10135	10615	P1P2	10615	P1P2
NOSIP	7115	10136	10616	P1P2	10616	P1P2
NOSTRIN	1557	10137	10617	P1P2	10617	P1P2
NOTCH1	14322	10138	10618	P2	10618	P1
NOTCH2	232	10139	10619	P1P2	10619	P1P2
NOTCH3	16461	10140	10621	P1P2	10621	P1P2
NOTCH4	11847	10141	10622	P2	10622	P1
NOTO	16962	10142	10623	P1P2	10623	P1P2
NOTUM	3144	10143	10624	P1P2	10624	P1P2
NOVA1	2816	10145	10626	P1P2	10626	P1P2
NOVA2	17418	10146	10627	P1P2	10627	P1P2
NOX1	12399	10147	10628	P1P2	10628	P1P2
NOX3	138	10148	10629	P1P2	10629	P1P2
NOX4	4712	10149	10630	P1P2	10630	P1P2
NOX5	18473	10150	10631	P1P2	10631	P1P2
NOXA1	5717	10151	10632	P1P2	10632	P1P2
NOXRED1	9931	10152	10634	P1P2	10634	P1P2
NPAP1	12395	10153	10635	P1P2	10635	P1P2
NPAS1	18814	10154	10636	P1P2	10636	P1P2
NPAS2	3375	10155	10637	P1P2	10637	P1P2
NPAS3	341	10156	10638	P1P2	10638	P1P2
NPAS4	558	10157	10639	P1P2	10639	P1P2
NPAT	11894	10158	10640	P1P2	10640	P1P2
NPBWR1	709	10159	10642	P1P2	10642	P1P2
NPBWR2	2710	10160	10643	P1P2	10643	P1P2
NPC1	17809	10161	10644	P1P2	10644	P1P2
NPC1L1	4856	10162	10645	P1P2	10645	P1P2
NPC2	6655	10163	10646	P1P2	10646	P1P2
NPDC1	7492	10164	10647	P1P2	10647	P1P2
NPEPL1	13073	10165	10648	P1P2	10648	P1P2
NPEPPS	10835	10166	10649	P1P2	10649	P1P2
NPFF	913	10167	10650	P1P2	10650	P1P2
NPFFR1	13524	10168	10651	P1P2	10651	P1P2
NPFFR2	11529	10169	10652	P1P2	10652	P1P2
NPHP1	4468	10170	10653	P1P2	10653	P1P2
NPHP3	18865	10171	10654	P1P2	10654	P1P2
NPHP4	12551	10172	10655	P1P2	10655	P1P2
NPHS1	2162	10173	10656	P2	10656	P2
NPHS2	4864	10174	10657	P1P2	10657	P1P2
NPL	14793	10176	10659	P1P2	10659	P1P2
NPLOC4	2756	10177	10660	P1P2	10660	P1P2
NPM2	16433	10178	10662	P1P2	10662	P1P2
NPM3	14538	10179	10663	P1P2	10663	P1P2
NPNT	6776	10180	10664	P1P2	10664	P1P2
NPPA	1413	10181	10665	P1P2	10665	P1P2
NPPB	11493	10182	10666	P1P2	10666	P1P2
NPPC	5552	10183	10667	P1P2	10667	P1P2
NPR1	1778	10184	10668	P1P2	10668	P1P2
NPR2	1281	10185	10669	P1P2	10669	P1P2
NPR3	17503	10186	10670	P1P2	10670	P1P2
NPRL2	7213	10187	10671	P1P2	10671	P1P2
NPSR1	6366	10188	10674	P1P2	10674	P1P2
NPTN	12469	10189	10675	P1P2	10675	P1P2
NPTX1	11380	10190	10676	P1P2	10676	P1P2
NPTX2	4530	10191	10677	P1P2	10677	P1P2
NPVF	7237	10192	10679	P1P2	10679	P1P2
NPW	12663	10193	10680	P1P2	10680	P1P2
NPY	15255	10194	10681	P1	10681	P1
NPY1R	10410	10195	10682	P1P2	10682	P1P2
NPY2R	5096	10196	10683	P1P2	10683	P1P2
NPY4R	8095	10197	10684	P1P2	10684	P1P2
NPY5R	17615	10198	10685	P1P2	10685	P1P2
NQO1	4595	10199	10686	P1	10686	P1
NQO2	5678	10200	10687	P1P2	10687	P1P2
NR0B1	13336	10201	10688	P1P2	10688	P1P2
NR0B2	644	10202	10689	P1P2	10689	P1P2
NR1D1	3286	10203	10690	P1P2	10690	P1P2
NR1D2	1929	10204	10691	P1P2	10691	P1P2
NR1H2	15846	10205	10692	P1P2	10692	P1P2
NR1H3	105	10206	10693	P1	10693	P2
NR1H4	5738	10207	10694	P1P2	10694	P1P2
NR1I2	4063	10208	10695	P1P2	10695	P1P2
NR1I3	2606	10209	10696	P1P2	10696	P1P2
NR2C1	553	10210	10697	P1P2	10697	P1P2
NR2C2	15616	10211	10698	P1P2	10698	P1P2
NR2C2AP	5026	10212	10699	P1P2	10699	P1P2
NR2E1	18726	10213	10700	P1P2	10700	P1P2
NR2F1	10096	10214	10702	P1P2	10702	P1P2
NR2F2	8396	10215	10703	P1P2	10703	P1P2
NR2F6	13635	10216	10704	P1P2	10704	P1P2
NR3C1	8225	10217	10705	P1P2	10705	P1P2
NR3C2	14112	10218	10706	P1P2	10706	P1P2
NR4A1	10275	10219	10707	P1P2	10707	P1P2
NR4A2	16226	10220	10708	P1	10708	P2
NR4A3	13937	10221	10709	P1P2	10709	P1P2
NR5A1	142	10222	10710	P1P2	10710	P1P2
NR5A2	18360	10223	10711	P2	10711	P2
NR6A1	12786	10224	10712	P1P2	10712	P1P2
NRAP	15755	10225	10713	P1	10713	P1
NRARP	13826	10226	10714	P1P2	10714	P1P2
NRAS	348	10227	10715	P1P2	10715	P1P2
NRBP1	11448	10228	10717	P1P2	10717	P1P2
NRBP2	2120	10229	10718	P1P2	10718	P1P2
NRCAM	980	10230	10719	P1P2	10719	P1P2
NRDE2	546	10232	10721	P1P2	10721	P1P2
NREP	17985	10233	10722	P1P2	10722	P1P2
NRF1	14268	10234	10723	P1P2	10723	P1P2
NRG1	15145	10235	10724	P1P2	10724	P1P2
NRG2	668	10236	10725	P1P2	10725	P1P2
NRG3	13935	10237	10726	P1P2	10726	P1P2
NRG4	11884	10238	10727	P1P2	10727	P1P2
NRGN	2574	10239	10728	P1P2	10728	P1P2
NRIP1	246	10240	10729	P1P2	10729	P1P2
NRIP2	10291	10241	10730	P1P2	10730	P1P2
NRIP3	1974	10242	10731	P1P2	10731	P1P2
NRK	2148	10243	10732	P1P2	10732	P1P2
NRL	13048	10244	10733	P2	10733	P2
NRM	16551	10245	10734	P1P2	10734	P1P2
NRN1	7989	10246	10735	P1	10735	P1
NRN1L	18653	10247	10736	P1P2	10736	P1P2
NRP1	9477	10248	10737	P1P2	10737	P1P2
NRP2	7004	10249	10738	P1P2	10738	P1P2
NRROS	32	10250	10739	P1P2	10739	P1P2
NRSN1	17184	10251	10740	P1P2	10740	P1P2
NRSN2	13557	10252	10741	P1P2	10741	P1P2
NRTN	5872	10253	10742	ENST00000303212.2	10742	ENST00000303212.2
NRXN1	11157	10254	10743	P1P2	10743	P1P2
NRXN2	6329	10255	10744	ENST00000265459.6	10744	ENST00000265459.6
NRXN3	2019	10256	10745	ENST00000554719.1	10745	ENST00000554719.1
NSD1	645	10257	10747	P1P2	10747	P1P2
NSDHL	2989	10258	10748	P1P2	10748	P1P2
NSF	890	10259	10749	ENST00000398238.4	10749	ENST00000398238.4
NSFL1C	1094	10260	10750	P1P2	10750	P1P2
NSG1	17805	10261	10751	NM_001040101,NM_014392	10751	NM_001040101,NM_014392
NSL1	5328	10263	10752	P1P2	10752	P1P2
NSMAF	6989	10264	10753	P1P2	10753	P1P2
NSMCE1	936	10265	10754	P1P2	10754	P1P2
NSMCE2	7908	10266	10755	P1P2	10755	P1P2
NSMCE4A	4428	10267	10756	P1P2	10756	P1P2
NSMF	18134	10268	10757	P1P2	10757	P1P2
NSUN2	12940	10270	10758	P1P2	10758	P1P2
NSUN3	11414	10271	10759	P1P2	10759	P1P2
NSUN4	8056	10272	10760	P1P2	10760	P1P2
NSUN5	5773	10273	10761	P1P2	10761	P1P2
NSUN6	8329	10274	10762	P1P2	10762	P1P2
NSUN7	11238	10275	10763	P1P2	10763	P1P2
NT5C	16411	10276	10764	P1P2	10764	P1P2
NT5C1A	9286	10277	10765	P1P2	10765	P1P2
NT5C2	6465	10278	10767	P1P2	10767	P1P2
NT5C3A	13496	10279	10768	P2	10768	P1
NT5C3B	18247	10280	10769	P1P2	10769	P1P2
NT5DC1	11932	10281	10770	P1P2	10770	P1P2
NT5DC2	13594	10282	10771	P1P2	10771	P1P2
NT5DC3	8199	10283	10772	P1P2	10772	P1P2
NT5E	18136	10285	10774	P1P2	10774	P1P2
NT5M	4276	10286	10775	P1P2	10775	P1P2
NTAN1	8959	10287	10776	P1P2	10776	P1P2
NTF3	16144	10288	10777	P1P2	10777	P1P2
NTF4	13482	10289	10778	ENST00000593537.1	10778	ENST00000593537.1
NTHL1	13284	10290	10779	P1P2	10779	P1P2
NTM	721	10291	10780	ENST00000374786.1	10780	ENST00000374786.1
NTMT1	18673	10292	10781	P1P2	10781	P1P2
NTN1	14394	10293	10782	P1P2	10782	P1P2
NTN3	3801	10294	10783	P1P2	10783	P1P2
NTN4	3624	10295	10784	P1P2	10784	P1P2
NTN5	1147	10296	10785	ENST00000270235.4	10785	ENST00000270235.4
NTNG1	9262	10297	10786	P1	10786	P1
NTNG2	2925	10298	10787	P1P2	10787	P1P2
NTPCR	894	10299	10788	P1P2	10788	P1P2
NTRK1	6996	10300	10789	P1P2	10789	P1P2
NTRK2	4819	10301	10790	P1P2	10790	P1P2
NTRK3	317	10302	10791	P1P2	10791	P1P2
NTS	15774	10303	10792	P1P2	10792	P1P2
NTSR1	13057	10304	10793	P1P2	10793	P1P2
NTSR2	5036	10305	10794	P1P2	10794	P1P2
NUAK1	11245	10306	10795	P1P2	10795	P1P2
NUAK2	11632	10307	10796	P1P2	10796	P1P2
NUB1	12318	10308	10797	P1P2	10797	P1P2
NUBP1	8343	10309	10798	P1P2	10798	P1P2
NUBP2	6548	10310	10799	P1P2	10799	P1P2
NUBPL	993	10311	10800	P1P2	10800	P1P2
NUCB1	14294	10312	10801	P1P2	10801	P1P2
NUCB2	4644	10313	10802	P1P2	10802	P1P2
NUCKS1	8154	10314	10803	P1P2	10803	P1P2
NUDC	11662	10315	10804	P1P2	10804	P1P2
NUDCD1	16181	10316	10805	P1P2	10805	P1P2
NUDCD2	16426	10317	10806	P1P2	10806	P1P2
NUDCD3	3736	10318	10807	P1P2	10807	P1P2
NUDT1	8672	10319	10808	P1P2	10808	P1P2
NUDT12	8424	10320	10811	P1P2	10811	P1P2
NUDT13	9641	10321	10812	P1P2	10812	P1P2
NUDT14	10739	10322	10813	P1P2	10813	P1P2
NUDT15	1832	10323	10814	P1P2	10814	P1P2
NUDT16	17627	10324	10815	P1P2	10815	P1P2
NUDT16L1	15959	10325	10816	P1P2	10816	P1P2
NUDT17	11458	10326	10817	P1P2	10817	P1P2
NUDT19	16565	10327	10819	P1P2	10819	P1P2
NUDT2	16429	10328	10820	P1P2	10820	P1P2
NUDT21	12806	10329	10821	P1P2	10821	P1P2
NUDT22	187	10330	10822	P1P2	10822	P1P2
NUDT3	10810	10331	10823	P1P2	10823	P1P2
NUDT4	2726	10332	10824	P1P2	10824	P1P2
NUDT5	16763	10333	10825	P1P2	10825	P1P2
NUDT6	3749	10334	10826	P1P2	10826	P1P2
NUDT7	5794	10335	10827	P1P2	10827	P1P2
NUDT8	15868	10336	10828	P1P2	10828	P1P2
NUDT9	5032	10337	10829	P1P2	10829	P1P2
NUFIP1	7721	10339	10830	P1P2	10830	P1P2
NUFIP2	4847	10340	10831	P1P2	10831	P1P2
NUGGC	3327	10341	10832	P1P2	10832	P1P2
NUMA1	8493	10342	10833	ENST00000393695.3	10833	ENST00000393695.3
NUMB	8312	10343	10834	P2	10834	P1
NUMBL	11162	10344	10835	P1P2	10835	P1P2
NUP107	8326	10345	10836	P1P2	10836	P1P2
NUP133	8630	10346	10837	P1P2	10837	P1P2
NUP153	8556	10347	10838	P1P2	10838	P1P2
NUP155	1539	10348	10839	P1P2	10839	P1P2
NUP160	12841	10349	10840	P1P2	10840	P1P2
NUP188	9662	10350	10841	P1P2	10841	P1P2
NUP205	12956	10351	10842	P1P2	10842	P1P2
NUP210	8487	10352	10843	P1P2	10843	P1P2
NUP210L	9391	10353	10844	P1P2	10844	P1P2
NUP214	2284	10354	10845	P1P2	10845	P1P2
NUP35	12557	10355	10846	P1P2	10846	P1P2
NUP37	1825	10356	10847	P1P2	10847	P1P2
NUP43	17114	10357	10848	P1P2	10848	P1P2
NUP50	4726	10358	10849	P1P2	10849	P1P2
NUP54	4495	10359	10850	P1P2	10850	P1P2
NUP62CL	11911	10361	10851	P1P2	10851	P1P2
NUP85	2567	10362	10852	P1P2	10852	P1P2
NUP88	14518	10363	10853	P1P2	10853	P1P2
NUP93	13029	10364	10854	P1P2	10854	P1P2
NUP98	4077	10365	10855	P1P2	10855	P1P2
NUPR1	7576	10368	10857	P1P2	10857	P1P2
NUS1	1617	10370	10859	P1P2	10859	P1P2
NUSAP1	9305	10371	10860	P1P2	10860	P1P2
NUTF2	9151	10372	10861	P1P2	10861	P1P2
NVL	17092	10374	10864	P1P2	10864	P1P2
NWD1	190	10375	10865	P1P2	10865	P1P2
NXF1	12016	10376	10866	P2	10866	P1
NXF3	17561	10377	10868	P1P2	10868	P1P2
NXF5	1275	10378	10869	ENST00000473265.2	10869	ENST00000473265.2
NXN	17577	10379	10870	P1P2	10870	P1P2
NXNL1	12329	10380	10871	P1P2	10871	P1P2
NXNL2	4593	10381	10872	P1P2	10872	P1P2
NXPE1	1058	10382	10873	P1P2	10873	P1P2
NXPE2	6681	10383	10874	P1P2	10874	P1P2
NXPE3	18291	10384	10875	P1P2	10875	P1P2
NXPE4	8469	10385	10876	P1P2	10876	P1P2
NXPH1	10883	10386	10877	P1P2	10877	P1P2
NXPH2	15304	10387	10878	P1P2	10878	P1P2
NXPH3	16648	10388	10879	P1P2	10879	P1P2
NXPH4	14084	10389	10880	P1	10880	P2
NXT1	12982	10390	10881	P1P2	10881	P1P2
NXT2	5015	10391	10882	P1P2	10882	P1P2
NYAP1	5962	10392	10883	P1P2	10883	P1P2
NYAP2	8844	10393	10884	P1P2	10884	P1P2
NYNRIN	11307	10394	10885	P1P2	10885	P1P2
NYX	1184	10395	10886	P1P2	10886	P1P2
OAF	3491	10396	10887	P1P2	10887	P1P2
OARD1	13686	10397	10888	P1P2	10888	P1P2
OAS1	6782	10398	10889	P1P2	10889	P1P2
OAS2	9292	10399	10890	P1P2	10890	P1P2
OAS3	9830	10400	10891	P1P2	10891	P1P2
OASL	5846	10401	10892	P1P2	10892	P1P2
OAT	17103	10402	10893	P1P2	10893	P1P2
OAZ1	12571	10403	10894	P1P2	10894	P1P2
OAZ2	10093	10404	10895	P1P2	10895	P1P2
OAZ3	1830	10405	10896	P1	10896	P2
OBSCN	14619	10407	10900	P1P2	10900	P1P2
OBSL1	14182	10408	10901	P1P2	10901	P1P2
OC90	4129	10409	10902	P1P2	10902	P1P2
OCA2	5317	10410	10903	P1P2	10903	P1P2
OCEL1	6043	10411	10904	P1P2	10904	P1P2
OCIAD1	11425	10412	10905	P1P2	10905	P1P2
OCIAD2	14570	10413	10906	P1P2	10906	P1P2
OCLN	9601	10414	10908	P1P2	10908	P1P2
OCRL	2761	10415	10911	P1P2	10911	P1P2
OCSTAMP	11203	10416	10912	P1P2	10912	P1P2
ODAM	15792	10417	10913	P1P2	10913	P1P2
ODC1	7702	10418	10914	P1P2	10914	P1P2
ODF1	6995	10419	10915	P1P2	10915	P1P2
ODF2	7195	10420	10916	P1P2	10916	P1P2
ODF2L	3454	10421	10917	P1P2	10917	P1P2
ODF3	9817	10422	10918	P1P2	10918	P1P2
ODF3B	18264	10423	10919	P1P2	10919	P1P2
ODF3L1	11956	10424	10920	P1P2	10920	P1P2
ODF3L2	3722	10425	10921	P1P2	10921	P1P2
ODF4	12406	10426	10922	P1P2	10922	P1P2
OFD1	8981	10427	10924	P1P2	10924	P1P2
OGDH	17633	10428	10925	P1P2	10925	P1P2
OGDHL	9977	10429	10926	P1P2	10926	P1P2
OGFOD1	3924	10430	10927	P1P2	10927	P1P2
OGFOD2	2945	10431	10928	P1P2	10928	P1P2
OGFOD3	12002	10432	10929	P1P2	10929	P1P2
OGFR	8969	10433	10930	P1P2	10930	P1P2
OGFRL1	4371	10434	10931	P1P2	10931	P1P2
OGG1	7025	10435	10932	P1P2	10932	P1P2
OGN	3530	10436	10933	P1	10933	P1
OGT	10583	10437	10934	P1P2	10934	P1P2
OIP5	12871	10438	10935	P1P2	10935	P1P2
OIT3	1121	10439	10936	P1P2	10936	P1P2
OLA1	8202	10440	10937	P1P2	10937	P1P2
OLAH	16666	10441	10938	P1P2	10938	P1P2
OLFM1	3694	10442	10939	P2	10939	P1
OLFM2	17884	10443	10940	P1P2	10940	P1P2
OLFM3	8584	10444	10941	ENST00000338858.5	10941	ENST00000338858.5
OLFM4	16934	10445	10942	P1P2	10942	P1P2
OLFML1	14031	10446	10943	P1P2	10943	P1P2
OLFML2A	7607	10447	10944	P1P2	10944	P1P2
OLFML2B	14100	10448	10945	P1P2	10945	P1P2
OLFML3	7881	10449	10946	P1P2	10946	P1P2
OLIG1	5877	10450	10947	P1P2	10947	P1P2
OLIG2	8829	10451	10948	P1P2	10948	P1P2
OLIG3	15017	10452	10949	P1P2	10949	P1P2
OLR1	8703	10453	10950	P1P2	10950	P1P2
OMA1	539	10454	10951	P1P2	10951	P1P2
OMD	9386	10455	10952	P1P2	10952	P1P2
OMG	8132	10456	10953	P1P2	10953	P1P2
OMP	17597	10457	10954	ENST00000529803.1	10954	ENST00000529803.1
ONECUT1	7766	10458	10955	P1P2	10955	P1P2
ONECUT2	6343	10459	10956	P1P2	10956	P1P2
ONECUT3	3020	10460	10957	P1P2	10957	P1P2
OOEP	10490	10461	10958	P1P2	10958	P1P2
OPA1	17270	10462	10960	P1P2	10960	P1P2
OPA3	12999	10463	10961	P1	10961	P1
OPALIN	15424	10464	10962	P1P2	10962	P1P2
OPCML	13745	10465	10963	ENST00000331898.7	10963	ENST00000331898.7
OPHN1	9733	10466	10964	P1P2	10964	P1P2
OPN1SW	15146	10467	10968	P1P2	10968	P1P2
OPN3	9479	10468	10969	P1P2	10969	P1P2
OPN4	17132	10469	10970	P1P2	10970	P1P2
OPN5	7179	10470	10971	P1P2	10971	P1P2
OPRD1	17861	10471	10972	P1P2	10972	P1P2
OPRK1	5319	10472	10973	P1P2	10973	P1P2
OPRL1	11351	10473	10974	P1	10974	P2
OPRM1	8471	10474	10975	P1P2	10975	P1P2
OPTC	6660	10475	10976	P2	10976	P2
OPTN	4355	10476	10977	P1P2	10977	P1P2
OR10A2	7551	10477	10978	ENST00000307322.4	10978	ENST00000307322.4
OR10A3	18930	10478	10979	ENST00000360759.3	10979	ENST00000360759.3
OR10A4	1647	10479	10980	ENST00000379829.2	10980	ENST00000379829.2
OR10A5	12100	10480	10981	ENST00000299454.4	10981	ENST00000299454.4
OR10A6	9344	10481	10982	ENST00000309838.2	10982	ENST00000309838.2
OR10A7	10842	10482	10983	ENST00000326258.1	10983	ENST00000326258.1
OR10AD1	11383	10483	10984	ENST00000310248.2	10984	ENST00000310248.2
OR10AG1	899	10484	10985	ENST00000312345.2	10985	ENST00000312345.2
OR10C1	5572	10485	10986	ENST00000444197.2	10986	ENST00000444197.2
OR10G2	15901	10487	10987	ENST00000542433.1	10987	ENST00000542433.1
OR10G3	13085	10488	10988	ENST00000303532.1	10988	ENST00000303532.1
OR10G4	8876	10489	10989	ENST00000320891.4	10989	ENST00000320891.4
OR10G7	1684	10491	10990	ENST00000330487.5	10990	ENST00000330487.5
OR10G8	167	10492	10991	ENST00000431524.1	10991	ENST00000431524.1
OR10H1	4109	10493	10993	ENST00000334920.2	10993	ENST00000334920.2
OR10H2	8134	10494	10994	ENST00000305899.3	10994	ENST00000305899.3
OR10H3	8639	10495	10995	ENST00000305892.1	10995	ENST00000305892.1
OR10H4	7539	10496	10996	ENST00000322107.1	10996	ENST00000322107.1
OR10H5	14861	10497	10997	ENST00000308940.8	10997	ENST00000308940.8
OR10J1	2298	10498	10998	ENST00000423932.3	10998	ENST00000423932.3
OR10J3	15180	10499	10999	ENST00000332217.5	10999	ENST00000332217.5
OR10J5	1356	10500	11000	ENST00000334857.2	11000	ENST00000334857.2
OR10K1	5192	10501	11001	ENST00000289451.2	11001	ENST00000289451.2
OR10K2	9691	10502	11002	ENST00000314902.2	11002	ENST00000314902.2
OR10P1	18148	10503	11003	ENST00000309675.2	11003	ENST00000309675.2
OR10Q1	1075	10504	11004	ENST00000316770.2	11004	ENST00000316770.2
OR10R2	13426	10505	11005	ENST00000368152.1	11005	ENST00000368152.1
OR10S1	17431	10506	11006	P1P2	11006	P1P2
OR10T2	9012	10507	11007	ENST00000334438.1	11007	ENST00000334438.1
OR10V1	8011	10508	11008	ENST00000307552.2	11008	ENST00000307552.2
OR10W1	13501	10509	11009	ENST00000395079.2	11009	ENST00000395079.2
OR10X1	5414	10510	11010	ENST00000368150.1	11010	ENST00000368150.1
OR10Z1	6699	10511	11011	ENST00000361284.1	11011	ENST00000361284.1
OR11A1	13554	10512	11012	P1P2	11012	P1P2
OR11G2	4727	10513	11013	ENST00000357366.3	11013	ENST00000357366.3
OR11H4	8804	10514	11014	ENST00000315409.2	11014	ENST00000315409.2
OR11H6	17649	10515	11015	ENST00000315519.2	11015	ENST00000315519.2
OR11L1	12006	10516	11016	ENST00000355784.2	11016	ENST00000355784.2
OR12D2	15740	10517	11017	ENST00000383555.2	11017	ENST00000383555.2
OR12D3	15817	10518	11018	ENST00000396806.3	11018	ENST00000396806.3
OR13A1	17485	10519	11019	ENST00000553795.1	11019	ENST00000374401.2
OR13C3	18380	10520	11021	ENST00000374781.2	11021	ENST00000374781.2
OR13C4	12255	10521	11022	ENST00000277216.3	11022	ENST00000277216.3
OR13C8	3043	10522	11024	ENST00000335040.1	11024	ENST00000335040.1
OR13C9	9362	10523	11025	ENST00000259362.1	11025	ENST00000259362.1
OR13D1	14721	10524	11026	ENST00000318763.5	11026	ENST00000318763.5
OR13F1	597	10525	11027	ENST00000334726.2	11027	ENST00000334726.2
OR13G1	16918	10526	11028	ENST00000359688.2	11028	ENST00000359688.2
OR13H1	17200	10527	11029	ENST00000338616.3	11029	ENST00000338616.3
OR13J1	14135	10528	11030	ENST00000377981.2	11030	ENST00000377981.2
OR14A16	3511	10529	11031	ENST00000357627.1	11031	ENST00000357627.1
OR14C36	12116	10531	11032	ENST00000317861.1	11032	ENST00000317861.1
OR14I1	3984	10532	11033	ENST00000342623.3	11033	ENST00000342623.3
OR14J1	11566	10533	11034	ENST00000377160.2	11034	ENST00000377160.2
OR1A1	13374	10535	11035	ENST00000304094.1	11035	ENST00000304094.1
OR1A2	1093	10536	11036	ENST00000381951.1	11036	ENST00000381951.1
OR1B1	11617	10537	11037	ENST00000304833.3	11037	ENST00000304833.3
OR1C1	17289	10538	11038	ENST00000408896.2	11038	ENST00000408896.2
OR1D2	887	10539	11039	ENST00000331459.1	11039	ENST00000331459.1
OR1D5	15962	10540	11040	ENST00000575751.1	11040	ENST00000575751.1
OR1E1	15038	10541	11041	ENST00000322608.2	11041	ENST00000322608.2
OR1E2	3015	10542	11042	ENST00000248384.1	11042	ENST00000248384.1
OR1F1	1182	10543	11043	ENST00000304646.2	11043	ENST00000304646.2
OR1G1	17552	10544	11044	ENST00000328890.2	11044	ENST00000328890.2
OR1I1	1100	10545	11045	ENST00000209540.2	11045	ENST00000209540.2
OR1J1	12398	10546	11046	ENST00000259357.2	11046	ENST00000259357.2
OR1J2	2316	10547	11047	ENST00000335302.5	11047	ENST00000335302.5
OR1J4	11516	10548	11048	ENST00000340750.1	11048	ENST00000340750.1
OR1K1	1108	10549	11049	ENST00000277309.2	11049	ENST00000277309.2
OR1L1	8032	10550	11050	ENST00000309623.1	11050	ENST00000309623.1
OR1L3	11906	10551	11051	ENST00000304820.2	11051	ENST00000304820.2
OR1L4	17452	10552	11052	ENST00000259466.1	11052	ENST00000259466.1
OR1L6	17533	10553	11053	ENST00000304720.2	11053	ENST00000304720.2
OR1L8	14296	10554	11054	ENST00000304865.2	11054	ENST00000304865.2
OR1M1	10617	10555	11055	ENST00000429566.3	11055	ENST00000429566.3
OR1N1	7529	10556	11056	ENST00000304880.2	11056	ENST00000304880.2
OR1N2	5891	10557	11057	ENST00000373688.2	11057	ENST00000373688.2
OR1Q1	8150	10558	11058	ENST00000297913.2	11058	ENST00000297913.2
OR1S2	17967	10559	11060	ENST00000302592.6	11060	ENST00000302592.6
OR2A12	9043	10560	11062	ENST00000408949.2	11062	ENST00000408949.2
OR2A14	13522	10561	11063	ENST00000408899.2	11063	ENST00000408899.2
OR2A2	6470	10562	11064	ENST00000408979.2	11064	ENST00000408979.2
OR2A25	17362	10563	11065	ENST00000408898.2	11065	ENST00000408898.2
OR2A5	18800	10564	11067	ENST00000408906.2	11067	ENST00000408906.2
OR2AE1	603	10565	11069	ENST00000316368.2	11069	ENST00000316368.2
OR2AG1	7886	10566	11070	ENST00000307401.4	11070	ENST00000307401.4
OR2AG2	927	10567	11071	ENST00000338569.2	11071	ENST00000338569.2
OR2AK2	4552	10569	11072	ENST00000366480.3	11072	ENST00000366480.3
OR2AP1	18919	10570	11073	ENST00000321688.1	11073	ENST00000321688.1
OR2AT4	8982	10571	11074	ENST00000305159.3	11074	ENST00000305159.3
OR2B11	14785	10572	11075	ENST00000318749.6	11075	ENST00000318749.6
OR2B2	7512	10573	11076	ENST00000303324.2	11076	ENST00000303324.2
OR2B3	4558	10574	11077	ENST00000377173.2	11077	ENST00000377173.2
OR2C1	6948	10576	11079	ENST00000304936.2	11079	ENST00000304936.2
OR2C3	3994	10577	11080	ENST00000366487.3	11080	ENST00000366487.3
OR2D2	5073	10578	11081	ENST00000299459.2	11081	ENST00000299459.2
OR2D3	18225	10579	11082	ENST00000317834.3	11082	ENST00000317834.3
OR2F1	15298	10580	11083	ENST00000392899.1	11083	ENST00000392899.1
OR2F2	18215	10581	11084	ENST00000408955.2	11084	ENST00000408955.2
OR2G2	16608	10582	11085	ENST00000320065.1	11085	ENST00000320065.1
OR2G3	7827	10583	11086	ENST00000320002.2	11086	ENST00000320002.2
OR2G6	15882	10584	11087	ENST00000343414.4	11087	ENST00000343414.4
OR2H1	18696	10585	11088	P1P2	11088	P1P2
OR2H2	6965	10586	11089	ENST00000383640.2	11089	ENST00000383640.2
OR2J3	15623	10587	11091	ENST00000377169.1	11091	ENST00000377169.1
OR2L13	10779	10589	11093	P1P2	11093	P1P2
OR2L2	10142	10590	11094	ENST00000366479.2	11094	ENST00000366479.2
OR2L5	1411	10591	11096	ENST00000355281.1	11096	ENST00000355281.1
OR2M3	16491	10592	11099	P1P2	11099	P1P2
OR2M4	2497	10593	11100	ENST00000306687.1	11100	ENST00000306687.1
OR2M5	3001	10594	11101	ENST00000366476.1	11101	ENST00000366476.1
OR2S2	14498	10595	11103	ENST00000341959.2	11103	ENST00000341959.2
OR2T1	10225	10596	11104	ENST00000366474.1	11104	ENST00000366474.1
OR2T10	7590	10597	11105	ENST00000330500.2	11105	ENST00000330500.2
OR2T11	629	10598	11106	ENST00000330803.2	11106	ENST00000330803.2
OR2T4	10685	10599	11115	ENST00000366475.1	11115	ENST00000366475.1
OR2T6	15275	10600	11117	ENST00000355728.2	11117	ENST00000355728.2
OR2V1	11210	10602	11119	ENST00000329365.2	11119	ENST00000329365.2
OR2V2	8001	10603	11120	ENST00000328275.1	11120	ENST00000328275.1
OR2W1	783	10604	11121	ENST00000377175.1	11121	ENST00000377175.1
OR2Y1	8739	10606	11123	ENST00000307832.2	11123	ENST00000307832.2
OR2Z1	2842	10607	11124	ENST00000324060.2	11124	ENST00000324060.2
OR3A1	8298	10608	11125	ENST00000323404.1	11125	ENST00000323404.1
OR3A2	9646	10609	11126	ENST00000408891.2	11126	ENST00000408891.2
OR3A3	1919	10610	11127	ENST00000291231.1	11127	ENST00000291231.1
OR4A15	751	10611	11128	ENST00000314706.3	11128	ENST00000314706.3
OR4A16	1339	10612	11129	ENST00000314721.2	11129	ENST00000314721.2
OR4A47	15891	10613	11130	ENST00000446524.1	11130	ENST00000446524.1
OR4A5	13894	10614	11131	ENST00000319760.6	11131	ENST00000319760.6
OR4B1	3084	10615	11132	ENST00000309562.2	11132	ENST00000309562.2
OR4C11	11571	10616	11133	ENST00000302231.4	11133	ENST00000302231.4
OR4C12	16676	10617	11134	ENST00000335238.4	11134	ENST00000335238.4
OR4C13	1111	10618	11135	ENST00000555099.1	11135	ENST00000555099.1
OR4C15	3329	10619	11136	ENST00000314644.2	11136	ENST00000314644.2
OR4C16	17873	10620	11137	ENST00000314634.3	11137	ENST00000314634.3
OR4C3	4599	10621	11138	ENST00000319856.4	11138	ENST00000319856.4
OR4C46	14867	10622	11140	ENST00000328188.1	11140	ENST00000328188.1
OR4C6	4456	10624	11141	P1P2	11141	P1P2
OR4D1	15018	10625	11142	ENST00000268912.5	11142	ENST00000268912.5
OR4D10	2404	10626	11143	ENST00000530162.1	11143	ENST00000530162.1
OR4D11	16130	10627	11144	ENST00000313253.1	11144	ENST00000313253.1
OR4D2	1605	10628	11145	ENST00000545221.1	11145	ENST00000545221.1
OR4D5	3372	10629	11146	ENST00000307033.2	11146	ENST00000307033.2
OR4D6	13678	10630	11147	ENST00000300127.2	11147	ENST00000300127.2
OR4D9	5734	10631	11148	ENST00000329328.3	11148	ENST00000329328.3
OR4E2	12815	10632	11149	ENST00000408935.1	11149	ENST00000408935.1
OR4F15	10463	10633	11150	ENST00000332238.4	11150	ENST00000332238.4
OR4F6	16999	10634	11154	ENST00000328882.4	11154	ENST00000328882.4
OR4K1	2011	10635	11155	ENST00000285600.4	11155	ENST00000285600.4
OR4K13	13618	10636	11156	ENST00000315693.2	11156	ENST00000315693.2
OR4K14	8153	10637	11157	ENST00000305045.2	11157	ENST00000305045.2
OR4K15	8387	10638	11158	ENST00000305051.5	11158	ENST00000305051.5
OR4K17	14008	10639	11159	ENST00000315543.4	11159	ENST00000315543.4
OR4K2	12375	10640	11160	ENST00000298642.2	11160	ENST00000298642.2
OR4K5	10511	10641	11161	ENST00000315915.4	11161	ENST00000315915.4
OR4L1	5995	10642	11162	ENST00000315683.1	11162	ENST00000315683.1
OR4N2	12093	10643	11165	ENST00000315947.1	11165	ENST00000315947.1
OR4N5	8239	10645	11167	ENST00000333629.1	11167	ENST00000333629.1
OR4P4	2173	10646	11168	ENST00000314612.2	11168	ENST00000314612.2
OR4Q3	6917	10647	11169	ENST00000331723.1	11169	ENST00000331723.1
OR4S1	8448	10648	11170	ENST00000319988.1	11170	ENST00000319988.1
OR4S2	6887	10649	11171	ENST00000312422.2	11171	ENST00000312422.2
OR4X1	6201	10650	11172	ENST00000320048.1	11172	ENST00000320048.1
OR4X2	15167	10651	11173	ENST00000302329.3	11173	ENST00000302329.3
OR51A7	17584	10652	11176	ENST00000359350.4	11176	ENST00000359350.4
OR51B2	13729	10653	11177	ENST00000328813.2	11177	ENST00000328813.2
OR51B4	7414	10654	11178	ENST00000380224.1	11178	ENST00000380224.1
OR51B6	15485	10656	11180	ENST00000380219.1	11180	ENST00000380219.1
OR51D1	16069	10657	11181	ENST00000357605.2	11181	ENST00000357605.2
OR51E1	3307	10658	11182	P1P2	11182	P1P2
OR51E2	1854	10659	11183	P1P2	11183	P1P2
OR51F1	16020	10660	11184	ENST00000380383.1	11184	ENST00000380383.1
OR51F2	7787	10661	11185	ENST00000322110.5	11185	ENST00000322110.5
OR51G1	15799	10662	11186	ENST00000321961.2	11186	ENST00000321961.2
OR51G2	6455	10663	11187	ENST00000322013.3	11187	ENST00000322013.3
OR51I1	4331	10665	11188	ENST00000380211.1	11188	ENST00000380211.1
OR51I2	12263	10666	11189	ENST00000341449.2	11189	ENST00000341449.2
OR51L1	7968	10668	11190	ENST00000321543.1	11190	ENST00000321543.1
OR51M1	12458	10669	11191	ENST00000328611.3	11191	ENST00000328611.3
OR51Q1	9188	10670	11192	ENST00000300778.4	11192	ENST00000300778.4
OR51S1	7619	10671	11193	ENST00000322101.2	11193	ENST00000322101.2
OR51T1	9608	10672	11194	ENST00000322049.1,ENST00000380378.1	11194	ENST00000322049.1,ENST00000380378.1
OR51V1	10674	10673	11195	ENST00000321255.1	11195	ENST00000321255.1
OR52A1	15879	10674	11196	ENST00000328942.1	11196	ENST00000380367.1
OR52A5	8643	10675	11197	ENST00000307388.1	11197	ENST00000307388.1
OR52B2	8030	10676	11198	ENST00000530810.1	11198	ENST00000530810.1
OR52B4	4486	10677	11199	ENST00000408920.2	11199	ENST00000408920.2
OR52B6	1983	10678	11200	ENST00000345043.2	11200	ENST00000345043.2
OR52D1	13114	10679	11201	ENST00000322641.5	11201	ENST00000322641.5
OR52E2	1863	10680	11202	ENST00000321522.2	11202	ENST00000321522.2
OR52E4	9095	10681	11203	ENST00000316987.2	11203	ENST00000316987.2
OR52E6	5264	10682	11204	ENST00000329322.5	11204	ENST00000329322.5
OR52E8	13608	10683	11205	ENST00000537935.1	11205	ENST00000537935.1
OR52H1	4387	10684	11206	ENST00000322653.4	11206	ENST00000322653.4
OR52I1	11540	10685	11207	ENST00000530443.2	11207	ENST00000530443.2
OR52I2	14912	10686	11208	ENST00000312614.4	11208	ENST00000312614.4
OR52J3	5800	10687	11209	ENST00000380370.1	11209	ENST00000380370.1
OR52K1	9624	10688	11210	ENST00000307632.3	11210	ENST00000307632.3
OR52K2	6564	10689	11211	ENST00000325719.4	11211	ENST00000325719.4
OR52L1	10017	10690	11212	ENST00000332249.4	11212	ENST00000332249.4
OR52M1	13319	10691	11213	ENST00000360213.1	11213	ENST00000360213.1
OR52N1	12765	10692	11214	ENST00000317078.1	11214	ENST00000317078.1
OR52N2	1197	10693	11215	ENST00000317037.2	11215	ENST00000317037.2
OR52N4	7909	10694	11216	ENST00000317254.3	11216	ENST00000317254.3
OR52N5	11399	10695	11217	ENST00000317093.2	11217	ENST00000317093.2
OR52R1	382	10696	11218	ENST00000356069.2	11218	ENST00000356069.2
OR52W1	18160	10697	11219	ENST00000311352.2	11219	ENST00000311352.2
OR56A1	10861	10698	11220	ENST00000316650.5	11220	ENST00000316650.5
OR56A3	15357	10699	11221	ENST00000329564.6	11221	ENST00000329564.6
OR56A4	8865	10700	11222	ENST00000330728.4	11222	ENST00000330728.4
OR56B4	9407	10702	11225	ENST00000316529.3	11225	ENST00000316529.3
OR5A1	17641	10703	11226	ENST00000302030.2	11226	ENST00000302030.2
OR5A2	4084	10704	11227	ENST00000302040.4	11227	ENST00000302040.4
OR5AC2	303	10705	11228	ENST00000358642.2	11228	ENST00000358642.2
OR5AK2	7594	10706	11229	ENST00000326855.2	11229	ENST00000326855.2
OR5AN1	1056	10707	11230	ENST00000313940.2	11230	ENST00000313940.2
OR5AP2	2951	10708	11231	ENST00000302981.1,ENST00000544374.1	11231	ENST00000302981.1,ENST00000544374.1
OR5AR1	1858	10709	11232	ENST00000302969.2	11232	ENST00000302969.2
OR5AS1	4608	10710	11233	ENST00000313555.1	11233	ENST00000313555.1
OR5AU1	7293	10711	11234	ENST00000304418.3	11234	ENST00000304418.3
OR5B12	3689	10712	11235	ENST00000302572.2	11235	ENST00000302572.2
OR5B17	6456	10713	11236	ENST00000357377.3	11236	ENST00000357377.3
OR5B2	9594	10714	11237	ENST00000302581.2	11237	ENST00000302581.2
OR5B21	8160	10715	11238	ENST00000360374.2	11238	ENST00000360374.2
OR5B3	4990	10716	11239	ENST00000309403.2	11239	ENST00000309403.2
OR5C1	8361	10717	11240	P1P2	11240	P1P2
OR5D13	17609	10718	11241	ENST00000361760.1	11241	ENST00000361760.1
OR5D14	6933	10719	11242	ENST00000335605.1	11242	ENST00000335605.1
OR5D16	16284	10720	11243	ENST00000378396.1	11243	ENST00000378396.1
OR5D18	5739	10721	11244	ENST00000333976.4	11244	ENST00000333976.4
OR5F1	5887	10722	11245	ENST00000278409.1	11245	ENST00000278409.1
OR5H2	9220	10724	11246	ENST00000355273.2	11246	ENST00000355273.2
OR5I1	7719	10725	11248	ENST00000301532.3	11248	ENST00000301532.3
OR5J2	13846	10726	11249	ENST00000312298.1	11249	ENST00000312298.1
OR5K3	5093	10727	11252	ENST00000383695.1	11252	ENST00000383695.1
OR5K4	1881	10728	11253	ENST00000354924.2	11253	ENST00000354924.2
OR5L1	15809	10729	11254	ENST00000333973.2	11254	ENST00000333973.2
OR5L2	4623	10730	11255	ENST00000378397.1	11255	ENST00000378397.1
OR5M11	11937	10731	11258	ENST00000528616.2	11258	ENST00000528616.2
OR5M3	18788	10732	11259	ENST00000312240.2	11259	ENST00000312240.2
OR5M8	13442	10733	11260	ENST00000327216.2	11260	ENST00000327216.2
OR5M9	3853	10734	11261	ENST00000279791.1	11261	ENST00000279791.1
OR5P2	9456	10735	11262	ENST00000329434.2	11262	ENST00000329434.2
OR5P3	17697	10736	11263	ENST00000328375.1	11263	ENST00000328375.1
OR5R1	11279	10737	11264	ENST00000312253.1	11264	ENST00000312253.1
OR5T1	16345	10738	11265	ENST00000313033.2	11265	ENST00000313033.2
OR5T2	4091	10739	11266	ENST00000313264.4	11266	ENST00000313264.4
OR5T3	6414	10740	11267	ENST00000303059.3	11267	ENST00000303059.3
OR5W2	5376	10742	11269	ENST00000344514.1	11269	ENST00000344514.1
OR6A2	9561	10743	11270	ENST00000332601.3	11270	ENST00000332601.3
OR6B1	12478	10744	11271	ENST00000408922.2	11271	ENST00000408922.2
OR6B2	3919	10745	11272	ENST00000402971.2	11272	ENST00000402971.2
OR6B3	1624	10746	11273	ENST00000319423.4	11273	ENST00000319423.4
OR6C1	7658	10747	11274	ENST00000379668.2	11274	ENST00000379668.2
OR6C2	8035	10748	11275	ENST00000322678.1	11275	ENST00000322678.1
OR6C3	7421	10749	11276	ENST00000379667.1	11276	ENST00000379667.1
OR6C4	17285	10750	11277	ENST00000394256.2	11277	ENST00000394256.2
OR6C6	7738	10751	11278	ENST00000358433.2	11278	ENST00000358433.2
OR6C65	15179	10752	11279	ENST00000379665.2	11279	ENST00000379665.2
OR6C68	15531	10753	11280	ENST00000548615.1	11280	ENST00000548615.1
OR6C70	13566	10754	11281	ENST00000327335.4	11281	ENST00000327335.4
OR6C74	2665	10755	11282	ENST00000343870.4	11282	ENST00000343870.4
OR6C75	12850	10756	11283	ENST00000343399.3	11283	ENST00000343399.3
OR6C76	3597	10757	11284	ENST00000328314.3	11284	ENST00000328314.3
OR6F1	9330	10758	11285	ENST00000302084.2	11285	ENST00000302084.2
OR6K2	2311	10760	11286	ENST00000359610.2	11286	ENST00000359610.2
OR6K3	15219	10761	11287	ENST00000368145.1	11287	ENST00000368145.1
OR6K6	6168	10762	11288	ENST00000368144.2	11288	ENST00000368144.2
OR6M1	5769	10763	11289	ENST00000309154.2	11289	ENST00000309154.2
OR6N1	17046	10764	11290	ENST00000335094.2	11290	ENST00000335094.2
OR6N2	15610	10765	11291	ENST00000339258.1	11291	ENST00000339258.1
OR6P1	3302	10766	11292	ENST00000334632.1	11292	ENST00000334632.1
OR6Q1	12803	10767	11293	ENST00000302622.3	11293	ENST00000302622.3
OR6S1	15141	10768	11294	ENST00000320704.3	11294	ENST00000320704.3
OR6T1	11562	10769	11295	ENST00000321252.2	11295	ENST00000321252.2
OR6V1	1344	10770	11296	ENST00000418316.1	11296	ENST00000418316.1
OR6X1	2478	10771	11297	ENST00000327930.2	11297	ENST00000327930.2
OR6Y1	12834	10772	11298	ENST00000302617.3	11298	ENST00000302617.3
OR7A10	765	10773	11299	ENST00000248058.1	11299	ENST00000248058.1
OR7A17	2370	10774	11300	ENST00000327462.2	11300	ENST00000327462.2
OR7A5	14205	10775	11301	P1P2	11301	P1P2
OR7C1	15350	10776	11302	P1P2	11302	P1P2
OR7C2	1316	10777	11303	ENST00000248072.3	11303	ENST00000248072.3
OR7D2	15519	10778	11304	ENST00000344248.2	11304	ENST00000344248.2
OR7D4	10889	10779	11305	ENST00000308682.2	11305	ENST00000308682.2
OR7E24	213	10780	11306	ENST00000456448.1	11306	ENST00000456448.1
OR7G1	757	10781	11307	ENST00000541538.1	11307	ENST00000541538.1
OR7G2	194	10782	11308	ENST00000305456.2	11308	ENST00000305456.2
OR7G3	15400	10783	11309	ENST00000305444.2	11309	ENST00000305444.2
OR8A1	12189	10784	11310	ENST00000284287.3	11310	ENST00000284287.3
OR8B12	3281	10785	11311	ENST00000306842.2	11311	ENST00000306842.2
OR8B4	6244	10786	11314	ENST00000356130.3	11314	ENST00000356130.3
OR8B8	12975	10787	11315	ENST00000328064.2	11315	ENST00000328064.2
OR8D1	2917	10788	11316	ENST00000357821.2	11316	ENST00000357821.2
OR8D2	12012	10789	11317	ENST00000357438.2	11317	ENST00000357438.2
OR8D4	8784	10790	11318	ENST00000321355.2	11318	ENST00000321355.2
OR8G5	18381	10791	11321	ENST00000524943.2	11321	ENST00000524943.2
OR8H1	18547	10792	11322	ENST00000313022.2	11322	ENST00000313022.2
OR8J3	13605	10793	11327	ENST00000301529.1	11327	ENST00000301529.1
OR8K1	12843	10794	11328	ENST00000279783.2	11328	ENST00000279783.2
OR8K3	12974	10795	11329	ENST00000312711.1	11329	ENST00000312711.1
OR8K5	14927	10796	11330	ENST00000313447.1	11330	ENST00000313447.1
OR8S1	18755	10797	11331	P1P2	11331	P1P2
OR8U1	10944	10798	11332	ENST00000302270.1	11332	ENST00000302270.1
OR9A2	9033	10799	11333	ENST00000350513.2	11333	ENST00000350513.2
OR9A4	1271	10800	11334	ENST00000548136.1	11334	ENST00000548136.1
OR9G1	3543	10801	11335	ENST00000312153.1	11335	ENST00000312153.1
OR9G4	3603	10802	11336	ENST00000302957.3	11336	ENST00000302957.3
OR9I1	11160	10803	11337	ENST00000302610.1	11337	ENST00000302610.1
OR9K2	11206	10804	11338	ENST00000305377.5	11338	ENST00000305377.5
OR9Q1	11660	10805	11339	ENST00000335397.3	11339	ENST00000335397.3
OR9Q2	12723	10806	11340	ENST00000311591.3	11340	ENST00000311591.3
ORAI1	17027	10807	11341	P1P2	11341	P1P2
ORAI2	18445	10808	11342	P1P2	11342	P1P2
ORAI3	6690	10809	11343	P1P2	11343	P1P2
ORC1	10026	10811	11345	P1P2	11345	P1P2
ORC2	8880	10812	11346	P1P2	11346	P1P2
ORC3	17509	10813	11347	P1P2	11347	P1P2
ORC4	11316	10814	11348	P1P2	11348	P1P2
ORC5	13970	10815	11349	P1P2	11349	P1P2
ORC6	3450	10816	11350	P1P2	11350	P1P2
ORM1	14326	10817	11351	P1P2	11351	P1P2
ORM2	16854	10818	11352	ENST00000431067.2	11352	ENST00000431067.2
ORMDL1	5079	10819	11353	P1P2	11353	P1P2
ORMDL2	10911	10820	11354	P1P2	11354	P1P2
ORMDL3	18220	10821	11355	P1P2	11355	P1P2
OS9	6616	10822	11356	P1P2	11356	P1P2
OSBP	116	10823	11357	P1P2	11357	P1P2
OSBP2	14158	10824	11358	ENST00000332585.6,ENST00000446658.2	11358	ENST00000332585.6,ENST00000446658.2
OSBPL10	14216	10825	11359	P1P2	11359	P1P2
OSBPL11	3297	10826	11360	P1P2	11360	P1P2
OSBPL1A	17012	10827	11361	P1P2	11361	P1P2
OSBPL2	4743	10828	11362	P1P2	11362	P1P2
OSBPL3	3780	10829	11363	P1P2	11363	P1P2
OSBPL5	7180	10830	11364	P1P2	11364	P1P2
OSBPL6	3985	10831	11365	P1P2	11365	P1P2
OSBPL7	9037	10832	11366	P1P2	11366	P1P2
OSBPL8	17555	10833	11367	P1P2	11367	P1P2
OSBPL9	4141	10834	11368	P1P2	11368	P1P2
OSCAR	866	10835	11369	P2	11369	P2
OSCP1	13313	10836	11370	P1P2	11370	P1P2
OSER1	5472	10837	11371	P1P2	11371	P1P2
OSGEP	477	10838	11372	P1P2	11372	P1P2
OSGEPL1	11297	10839	11373	P1P2	11373	P1P2
OSGIN1	9983	10840	11374	P1P2	11374	P1P2
OSGIN2	5613	10841	11375	P1P2	11375	P1P2
OSM	4734	10842	11376	P1P2	11376	P1P2
OSMR	14133	10843	11377	P1P2	11377	P1P2
OSR1	11569	10844	11378	P1P2	11378	P1P2
OSR2	5531	10845	11379	P1P2	11379	P1P2
OSTC	11689	10846	11381	P1P2	11381	P1P2
OSTF1	550	10847	11382	P1P2	11382	P1P2
OSTM1	17743	10848	11383	P1P2	11383	P1P2
OSTN	6956	10849	11384	P1P2	11384	P1P2
OTC	1451	10850	11385	P1P2	11385	P1P2
OTOA	975	10851	11386	ENST00000388958.3	11386	ENST00000388958.3
OTOF	10401	10852	11387	P1P2	11387	P1P2
OTOG	926	10853	11388	P1P2	11388	P1P2
OTOGL	2068	10854	11389	P1P2	11389	P1P2
OTOL1	6066	10855	11390	ENST00000327928.4	11390	ENST00000327928.4
OTOP1	14434	10856	11391	P1P2	11391	P1P2
OTOP2	9447	10857	11392	P1P2	11392	P1P2
OTOP3	9181	10858	11393	P1P2	11393	P1P2
OTOR	6044	10859	11394	P1P2	11394	P1P2
OTOS	14830	10860	11395	P1P2	11395	P1P2
OTP	3558	10861	11396	P1P2	11396	P1P2
OTUB1	11475	10862	11397	P1P2	11397	P1P2
OTUB2	834	10863	11398	P1P2	11398	P1P2
OTUD1	5503	10864	11399	P1P2	11399	P1P2
OTUD3	52	10865	11400	P1P2	11400	P1P2
OTUD4	5236	10866	11401	P1P2	11401	P1P2
OTUD5	10884	10867	11402	P1P2	11402	P1P2
OTUD6A	29	10868	11403	P1P2	11403	P1P2
OTUD6B	11855	10869	11404	P1P2	11404	P1P2
OTUD7A	9895	10870	11405	ENST00000307050.4	11405	ENST00000307050.4
OTUD7B	9720	10871	11406	P1P2	11406	P1P2
OTX1	14023	10872	11407	P1P2	11407	P1P2
OTX2	9924	10873	11408	P1P2	11408	P1P2
OVCA2	16158	10874	11409	P1P2	11409	P1P2
OVCH1	7940	10875	11410	ENST00000318184.5	11410	ENST00000318184.5
OVGP1	929	10876	11412	P2	11412	P2
OVOL1	7291	10877	11413	P1P2	11413	P1P2
OVOL2	13053	10878	11414	P1P2	11414	P1P2
OVOL3	10604	10879	11415	ENST00000262637.4	11415	ENST00000262637.4
OXA1L	11442	10880	11416	P1P2	11416	P1P2
OXCT1	15079	10881	11417	P1P2	11417	P1P2
OXCT2	4544	10882	11418	P1P2	11418	P1P2
OXER1	1231	10883	11419	P1P2	11419	P1P2
OXGR1	6251	10884	11420	P1P2	11420	P1P2
OXLD1	14187	10885	11421	P1P2	11421	P1P2
OXNAD1	12644	10886	11422	P1	11422	P1
OXR1	332	10887	11423	ENST00000312046.6	11423	ENST00000312046.6
OXSM	19019	10888	11424	P1P2	11424	P1P2
OXSR1	16116	10889	11425	P1P2	11425	P1P2
OXT	704	10890	11426	P1P2	11426	P1P2
OXTR	2614	10891	11427	P1P2	11427	P1P2
P2RX1	9580	10892	11428	P1P2	11428	P1P2
P2RX2	5525	10893	11429	P1P2	11429	P1P2
P2RX3	1820	10894	11430	P1P2	11430	P1P2
P2RX4	5754	10895	11431	P1P2	11431	P1P2
P2RX5	16362	10896	11432	P1P2	11432	P1P2
P2RX6	3154	10897	11433	P1P2	11433	P1P2
P2RX7	17995	10898	11434	P1P2	11434	P1P2
P2RY1	8139	10899	11435	P1P2	11435	P1P2
P2RY10	2145	10900	11436	P1P2	11436	P1P2
P2RY12	6485	10901	11438	P1P2	11438	P1P2
P2RY13	5407	10902	11439	P1P2	11439	P1P2
P2RY14	7683	10903	11440	P1P2	11440	P1P2
P2RY2	291	10904	11441	P1P2	11441	P1P2
P2RY4	8951	10905	11442	P1P2	11442	P1P2
P2RY6	12032	10906	11443	P1P2	11443	P1P2
P4HA1	14558	10907	11445	P1P2	11445	P1P2
P4HA2	17707	10908	11446	P1P2	11446	P1P2
P4HA3	17527	10909	11447	P1P2	11447	P1P2
P4HB	1645	10910	11448	P1P2	11448	P1P2
P4HTM	12658	10911	11449	P1P2	11449	P1P2
PA2G4	7712	10912	11450	P1P2	11450	P1P2
PAAF1	2984	10913	11451	P1P2	11451	P1P2
PABPC1	16734	10914	11452	P1P2	11452	P1P2
PABPC1L	5579	10915	11453	P1P2	11453	P1P2
PABPC3	15122	10916	11456	P1P2	11456	P1P2
PABPC4	16804	10917	11457	P1P2	11457	P1P2
PABPC4L	909	10918	11458	P1P2	11458	P1P2
PABPC5	10697	10919	11459	P1P2	11459	P1P2
PABPN1	2389	10920	11460	P1P2	11460	P1P2
PABPN1L	219	10921	11461	ENST00000419291.2	11461	ENST00000419291.2
PACRG	2260	10922	11462	P1P2	11462	P1P2
PACRGL	12763	10923	11463	P1P2	11463	P1P2
PACS1	14357	10924	11464	P1P2	11464	P1P2
PACS2	18744	10925	11465	P1P2	11465	P1P2
PACSIN1	16958	10926	11466	P2	11466	P2
PACSIN2	6864	10927	11467	P1P2	11467	P1P2
PACSIN3	6331	10928	11468	P1P2	11468	P1P2
PADI1	4554	10929	11469	P1P2	11469	P1P2
PADI2	7257	10930	11470	P1P2	11470	P1P2
PADI3	11515	10931	11471	P1P2	11471	P1P2
PADI4	6303	10932	11472	P1P2	11472	P1P2
PAEP	13207	10933	11474	P1P2	11474	P1P2
PAF1	5617	10934	11475	P1P2	11475	P1P2
PAFAH1B1	11751	10935	11476	P1P2	11476	P1P2
PAFAH1B2	13632	10936	11477	P1P2	11477	P1P2
PAFAH1B3	9940	10937	11478	P1P2	11478	P1P2
PAFAH2	18443	10938	11479	P1P2	11479	P1P2
PAG1	16332	10939	11480	P1P2	11480	P1P2
PAGE1	17251	10940	11481	P1P2	11481	P1P2
PAGE4	4402	10942	11484	P1P2	11484	P1P2
PAGE5	8376	10943	11485	P1P2	11485	P1P2
PAGR1	2750	10944	11486	P1P2	11486	P1P2
PAH	12812	10945	11487	P1P2	11487	P1P2
PAICS	8727	10946	11488	P1P2	11488	P1P2
PAIP1	3814	10947	11489	P1P2	11489	P1P2
PAIP2	5062	10948	11490	P1P2	11490	P1P2
PAIP2B	1810	10949	11491	P1P2	11491	P1P2
PAK1	9762	10950	11492	ENST00000356341.3	11492	ENST00000356341.3
PAK1IP1	11898	10951	11493	P1P2	11493	P1P2
PAK2	8014	10952	11494	P1P2	11494	P1P2
PAK3	11721	10953	11495	P1P2	11495	P1P2
PAK4	12509	10954	11496	P1P2	11496	P1P2
PAK6	2374	10955	11497	P1	11497	P2
PALB2	16136	10957	11499	P1P2	11499	P1P2
PALD1	11730	10958	11500	P1P2	11500	P1P2
PALLD	2962	10959	11501	ENST00000261509.6,ENST00000505667.1	11501	ENST00000261509.6,ENST00000505667.1
PALM	18476	10960	11502	P1P2	11502	P1P2
PALM2	1052	10961	11503	P1P2	11503	P1P2
PALM3	5569	10963	11504	ENST00000340790.4	11504	ENST00000340790.4
PALMD	5895	10964	11505	P1P2	11505	P1P2
PAM	15455	10965	11506	ENST00000438793.3	11506	ENST00000438793.3
PAMR1	9031	10966	11508	P1P2	11508	P1P2
PAN2	12525	10967	11509	P1P2	11509	P1P2
PAN3	8750	10968	11510	P1P2	11510	P1P2
PANK1	1249	10969	11511	P2	11511	P1
PANK2	13975	10970	11512	P1P2	11512	P1P2
PANK3	15546	10971	11513	P1P2	11513	P1P2
PANK4	15841	10972	11514	P1P2	11514	P1P2
PANX1	5932	10973	11515	P1P2	11515	P1P2
PANX2	5628	10974	11516	P1P2	11516	P1P2
PANX3	5860	10975	11517	P1P2	11517	P1P2
PAOX	11056	10976	11518	P1P2	11518	P1P2
PAPLN	3534	10981	11523	P1	11523	P1
PAPOLA	16627	10982	11524	P1P2	11524	P1P2
PAPOLB	6750	10983	11525	P1P2	11525	P1P2
PAPOLG	11947	10984	11526	P1P2	11526	P1P2
PAPPA	760	10985	11527	P1P2	11527	P1P2
PAPPA2	4825	10986	11528	P1P2	11528	P1P2
PAPSS1	6562	10987	11529	P1P2	11529	P1P2
PAPSS2	162	10988	11530	P1P2	11530	P1P2
PAQR3	13977	10989	11531	P1P2	11531	P1P2
PAQR4	10599	10990	11532	P1P2	11532	P1P2
PAQR5	15964	10991	11533	P1P2	11533	P1P2
PAQR6	4168	10992	11534	P1P2	11534	P1P2
PAQR7	4837	10993	11535	P1P2	11535	P1P2
PAQR8	15020	10994	11536	P1P2	11536	P1P2
PAQR9	3137	10995	11537	P1P2	11537	P1P2
PARD3	11500	10996	11538	P1P2	11538	P1P2
PARD3B	11463	10997	11539	P1P2	11539	P1P2
PARD6A	15784	10998	11540	P1P2	11540	P1P2
PARD6B	8860	10999	11541	P1P2	11541	P1P2
PARD6G	10488	11000	11542	P1P2	11542	P1P2
PARK7	10938	11002	11545	P1P2	11545	P1P2
PARL	7120	11003	11546	P1P2	11546	P1P2
PARM1	5361	11004	11547	P1P2	11547	P1P2
PARN	11287	11005	11548	P1P2	11548	P1P2
PARP1	17231	11006	11549	P1P2	11549	P1P2
PARP10	11962	11007	11550	P1P2	11550	P1P2
PARP11	5071	11008	11551	P1P2	11551	P1P2
PARP12	11265	11009	11552	P1P2	11552	P1P2
PARP14	3832	11010	11553	P1P2	11553	P1P2
PARP15	14240	11011	11554	P1P2	11554	P1P2
PARP16	2911	11012	11555	P1	11555	P2
PARP2	8735	11013	11556	P1P2	11556	P1P2
PARP3	17532	11014	11557	P1P2	11557	P1P2
PARP4	14327	11015	11558	P1P2	11558	P1P2
PARP6	13926	11016	11559	P1P2	11559	P1P2
PARP8	6716	11017	11560	P1P2	11560	P1P2
PARP9	8078	11018	11561	P1P2	11561	P1P2
PARPBP	6677	11019	11562	P1P2	11562	P1P2
PARS2	6355	11020	11563	P1P2	11563	P1P2
PARVA	422	11021	11564	P1P2	11564	P1P2
PARVB	1885	11022	11565	P1P2	11565	P1P2
PARVG	3912	11023	11566	P1P2	11566	P1P2
PASD1	10440	11024	11567	P1P2	11567	P1P2
PASK	5214	11025	11568	P1P2	11568	P1P2
PATE1	5675	11026	11569	P1P2	11569	P1P2
PATE2	1458	11027	11570	P1P2	11570	P1P2
PATE3	1346	11028	11571	P1P2	11571	P1P2
PATE4	3382	11029	11572	P1P2	11572	P1P2
PATL1	16686	11030	11573	P1P2	11573	P1P2
PATL2	15428	11031	11574	ENST00000434130.1	11574	ENST00000560775.1
PATZ1	13589	11032	11575	P2	11575	P2
PAWR	5828	11033	11576	P1P2	11576	P1P2
PAX1	9478	11034	11577	P1P2	11577	P1P2
PAX2	13905	11035	11578	P1P2	11578	P1P2
PAX3	1966	11036	11579	P1P2	11579	P1P2
PAX4	13462	11037	11580	ENST00000341640.2	11580	ENST00000341640.2
PAX5	7907	11038	11581	P1P2	11581	P1P2
PAX6	3521	11039	11582	P1P2	11582	P1P2
PAX7	6440	11040	11583	P1P2	11583	P1P2
PAX8	15	11041	11584	P1P2	11584	P1P2
PAX9	9224	11042	11585	P2	11585	P2
PAXBP1	17943	11043	11586	P1P2	11586	P1P2
PAXIP1	4430	11044	11587	P1P2	11587	P1P2
PBDC1	5391	11045	11588	P1P2	11588	P1P2
PBK	5012	11046	11589	P1P2	11589	P1P2
PBLD	3636	11047	11590	P1	11590	P1
PBOV1	9198	11048	11591	ENST00000527246.2	11591	ENST00000527246.2
PBRM1	16594	11049	11592	P1P2	11592	P1P2
PBX1	15042	11050	11593	P1P2	11593	P1P2
PBX2	6525	11051	11594	P1P2	11594	P1P2
PBX3	17544	11052	11595	P1P2	11595	P1P2
PBX4	15895	11053	11596	P1P2	11596	P1P2
PBXIP1	4386	11054	11597	P1P2	11597	P1P2
PC	17682	11055	11598	P1P2	11598	P1P2
PCBD1	11146	11056	11599	P1P2	11599	P1P2
PCBD2	12639	11057	11600	P1P2	11600	P1P2
PCBP1	11149	11058	11601	P1P2	11601	P1P2
PCBP2	9118	11059	11602	P1	11602	P2
PCBP3	9883	11060	11603	ENST00000400304.1	11603	ENST00000400304.1
PCBP4	2755	11061	11604	P2	11604	P2
PCCA	2712	11062	11605	P1P2	11605	P1P2
PCCB	12213	11063	11606	P1	11606	P2
PCDH1	11716	11064	11607	P1P2	11607	P1P2
PCDH10	8874	11065	11608	P1	11608	P2
PCDH11X	14955	11066	11609	P1P2	11609	P1P2
PCDH11Y	11551	11067	11610	P1P2	11610	P1P2
PCDH12	6869	11068	11611	P1P2	11611	P1P2
PCDH15	8483	11069	11612	P1P2	11612	P1P2
PCDH17	12291	11070	11613	P1P2	11613	P1P2
PCDH18	6351	11071	11614	P1P2	11614	P1P2
PCDH19	7254	11072	11615	P1P2	11615	P1P2
PCDH20	15384	11073	11616	P1P2	11616	P1P2
PCDH7	2783	11074	11617	P1P2	11617	P1P2
PCDH8	676	11075	11618	P1P2	11618	P1P2
PCDH9	15676	11076	11619	P1P2	11619	P1P2
PCDHA1	789	11077	11620	P1P2	11620	P1P2
PCDHA10	3385	11078	11621	P1P2	11621	P1P2
PCDHA11	17798	11079	11622	P1P2	11622	P1P2
PCDHA12	13008	11080	11623	P1P2	11623	P1P2
PCDHA13	6015	11081	11624	P1P2	11624	P1P2
PCDHA2	1786	11082	11625	P1P2	11625	P1P2
PCDHA3	5120	11083	11626	P1P2	11626	P1P2
PCDHA4	1390	11084	11627	P1P2	11627	P1P2
PCDHA5	15487	11085	11628	P1P2	11628	P1P2
PCDHA6	9563	11086	11629	P1P2	11629	P1P2
PCDHA7	5737	11087	11630	P1P2	11630	P1P2
PCDHA8	14925	11088	11631	P1P2	11631	P1P2
PCDHA9	17233	11089	11632	P1P2	11632	P1P2
PCDHAC1	1088	11090	11633	P1P2	11633	P1P2
PCDHAC2	10333	11091	11634	P1P2	11634	P1P2
PCDHB1	9437	11092	11635	ENST00000306549.3	11635	ENST00000306549.3
PCDHB10	619	11093	11636	P1P2	11636	P1P2
PCDHB11	7785	11094	11637	P1P2	11637	P1P2
PCDHB12	12594	11095	11638	P1P2	11638	P1P2
PCDHB13	494	11096	11639	ENST00000341948.4	11639	ENST00000341948.4
PCDHB14	18932	11097	11640	P1P2	11640	P1P2
PCDHB15	9571	11098	11641	P1P2	11641	P1P2
PCDHB16	16230	11099	11642	P1P2	11642	P1P2
PCDHB2	3255	11100	11643	P1P2	11643	P1P2
PCDHB3	18849	11101	11644	P1P2	11644	P1P2
PCDHB4	14166	11102	11645	P1P2	11645	P1P2
PCDHB5	19003	11103	11646	P1P2	11646	P1P2
PCDHB6	15747	11104	11647	P1P2	11647	P1P2
PCDHB7	16787	11105	11648	P1P2	11648	P1P2
PCDHB8	18648	11106	11649	ENST00000239444.2	11649	ENST00000239444.2
PCDHGA1	5312	11107	11650	P1P2	11650	P1P2
PCDHGA10	4708	11108	11651	P1P2	11651	P1P2
PCDHGA11	2465	11109	11652	P1P2	11652	P1P2
PCDHGA12	5988	11110	11653	P1P2	11653	P1P2
PCDHGA2	3892	11111	11654	P1P2	11654	P1P2
PCDHGA3	5116	11112	11655	P1P2	11655	P1P2
PCDHGA4	5583	11113	11656	P1P2	11656	P1P2
PCDHGA5	9506	11114	11657	P1P2	11657	P1P2
PCDHGA6	10393	11115	11658	P1P2	11658	P1P2
PCDHGA7	2991	11116	11659	P1P2	11659	P1P2
PCDHGA8	8752	11117	11660	P1P2	11660	P1P2
PCDHGA9	6247	11118	11661	P1P2	11661	P1P2
PCDHGB1	8369	11119	11662	P1P2	11662	P1P2
PCDHGB2	902	11120	11663	P1P2	11663	P1P2
PCDHGB3	769	11121	11664	P1P2	11664	P1P2
PCDHGB4	16221	11122	11665	P1P2	11665	P1P2
PCDHGB6	10003	11123	11667	P1P2	11667	P1P2
PCDHGB7	17017	11124	11668	P1P2	11668	P1P2
PCDHGC3	16344	11125	11669	P1P2	11669	P1P2
PCDHGC4	11655	11126	11670	P1P2	11670	P1P2
PCDHGC5	16796	11127	11671	P1P2	11671	P1P2
PCED1A	4319	11129	11673	P1P2	11673	P1P2
PCED1B	4924	11130	11674	P2	11674	P2
PCF11	8789	11131	11675	P1P2	11675	P1P2
PCGF1	12662	11132	11676	P1P2	11676	P1P2
PCGF2	9548	11133	11677	P1	11677	P1
PCGF3	440	11134	11678	P1P2	11678	P1P2
PCGF5	10192	11135	11679	ENST00000336126.5	11679	ENST00000543648.1
PCGF6	13910	11136	11680	P1P2	11680	P1P2
PCID2	6352	11137	11681	P1	11681	P1
PCIF1	8247	11138	11682	P1P2	11682	P1P2
PCK1	5782	11139	11683	P1P2	11683	P1P2
PCK2	7517	11140	11684	P1P2	11684	P1P2
PCLO	3152	11141	11685	P1P2	11685	P1P2
PCM1	11057	11142	11686	P1P2	11686	P1P2
PCMT1	9003	11143	11687	P1P2	11687	P1P2
PCMTD1	10989	11144	11688	P1P2	11688	P1P2
PCMTD2	6814	11145	11689	P1P2	11689	P1P2
PCNP	16953	11147	11691	P1P2	11691	P1P2
PCNT	15339	11148	11692	P1P2	11692	P1P2
PCOLCE	9119	11153	11697	P1P2	11697	P1P2
PCOLCE2	18325	11154	11698	P1P2	11698	P1P2
PCP2	10705	11155	11699	P1P2	11699	P1P2
PCP4	15871	11156	11700	P1P2	11700	P1P2
PCP4L1	6245	11157	11701	P1P2	11701	P1P2
PCSK1	16290	11158	11702	P1P2	11702	P1P2
PCSK1N	12978	11159	11703	P1P2	11703	P1P2
PCSK2	12446	11160	11704	P1P2	11704	P1P2
PCSK4	7248	11161	11705	P1P2	11705	P1P2
PCSK5	7017	11162	11706	P1P2	11706	P1P2
PCSK7	18769	11163	11708	P1P2	11708	P1P2
PCSK9	3706	11164	11709	P1P2	11709	P1P2
PCTP	11750	11165	11710	P1P2	11710	P1P2
PCYOX1	2033	11166	11711	P1P2	11711	P1P2
PCYOX1L	842	11167	11712	P1P2	11712	P1P2
PCYT1A	8244	11168	11713	P1P2	11713	P1P2
PCYT1B	9592	11169	11714	P1P2	11714	P1P2
PCYT2	15834	11170	11715	P1P2	11715	P1P2
PDAP1	15068	11171	11716	P1P2	11716	P1P2
PDC	8058	11172	11717	P1P2	11717	P1P2
PDCD1	8759	11173	11718	P1P2	11718	P1P2
PDCD10	1762	11174	11719	P1P2	11719	P1P2
PDCD1LG2	4362	11176	11720	P1P2	11720	P1P2
PDCD2	4907	11177	11721	P1P2	11721	P1P2
PDCD2L	17146	11178	11722	P1P2	11722	P1P2
PDCD4	53	11179	11723	P1	11723	P2
PDCD5	18652	11180	11724	P1P2	11724	P1P2
PDCD6	10175	11181	11725	P1P2	11725	P1P2
PDCD6IP	18200	11182	11726	P1P2	11726	P1P2
PDCD7	10802	11183	11727	P1P2	11727	P1P2
PDCL	14057	11184	11728	P1P2	11728	P1P2
PDCL2	3963	11185	11729	P1P2	11729	P1P2
PDCL3	16265	11186	11730	P1P2	11730	P1P2
PDE10A	2784	11188	11732	P1P2	11732	P1P2
PDE11A	5271	11189	11733	P1P2	11733	P1P2
PDE12	10481	11190	11734	P1P2	11734	P1P2
PDE1A	15728	11191	11735	ENST00000331935.6	11735	ENST00000331935.6
PDE1B	11119	11192	11736	P1	11736	P2
PDE1C	5985	11193	11737	P1P2	11737	P1P2
PDE2A	527	11194	11738	ENST00000334456.5	11738	ENST00000334456.5
PDE3A	7407	11195	11739	P1P2	11739	P1P2
PDE3B	3931	11196	11740	P1P2	11740	P1P2
PDE4A	16964	11197	11741	P2	11741	P2
PDE4B	15986	11198	11742	ENST00000423207.2	11742	ENST00000423207.2
PDE4C	16105	11199	11743	P2	11743	P1
PDE4D	3768	11200	11744	P1P2	11744	P1P2
PDE4DIP	5428	11201	11745	ENST00000313431.9	11745	ENST00000313431.9
PDE5A	11549	11202	11746	P1P2	11746	P1P2
PDE6A	4494	11203	11747	P1P2	11747	P1P2
PDE6B	4134	11204	11748	ENST00000255622.6,ENST00000496514.1	11748	ENST00000255622.6,ENST00000496514.1
PDE6C	17222	11205	11749	P1P2	11749	P1P2
PDE6D	2741	11206	11750	P1P2	11750	P1P2
PDE6G	10134	11207	11751	P1P2	11751	P1P2
PDE6H	18916	11208	11752	P1P2	11752	P1P2
PDE7A	18187	11209	11753	P1P2	11753	P1P2
PDE7B	18503	11210	11754	P1P2	11754	P1P2
PDE8A	6039	11211	11755	P2	11755	P1
PDE8B	4686	11212	11756	P1P2	11756	P1P2
PDE9A	6630	11213	11757	P1P2	11757	P1P2
PDF	11372	11214	11758	P1P2	11758	P1P2
PDGFA	80	11215	11759	P1P2	11759	P1P2
PDGFB	17992	11216	11760	P2	11760	P1
PDGFC	10778	11217	11761	P1P2	11761	P1P2
PDGFD	7183	11218	11762	P1P2	11762	P1P2
PDGFRA	9483	11219	11763	ENST00000257290.5	11763	ENST00000257290.5
PDGFRB	14243	11220	11764	P1P2	11764	P1P2
PDGFRL	16765	11221	11765	P1P2	11765	P1P2
PDHA1	4971	11222	11766	P1P2	11766	P1P2
PDHA2	11885	11223	11767	P1P2	11767	P1P2
PDHB	513	11224	11768	P1P2	11768	P1P2
PDHX	9841	11225	11769	P1P2	11769	P1P2
PDIA3	3657	11227	11770	P1P2	11770	P1P2
PDIA4	11017	11228	11771	P1P2	11771	P1P2
PDIA5	3891	11229	11772	P1P2	11772	P1P2
PDIA6	10339	11230	11773	P1P2	11773	P1P2
PDIK1L	15885	11231	11774	P1P2	11774	P1P2
PDILT	9804	11232	11775	P1P2	11775	P1P2
PDK1	2852	11233	11776	P1P2	11776	P1P2
PDK2	12154	11234	11777	P1P2	11777	P1P2
PDK3	17941	11235	11778	P1P2	11778	P1P2
PDK4	301	11236	11779	P1P2	11779	P1P2
PDLIM1	2731	11237	11780	P1P2	11780	P1P2
PDLIM2	7290	11238	11781	P1	11781	P1
PDLIM3	2919	11239	11782	P1P2	11782	P1P2
PDLIM4	14325	11240	11783	P1P2	11783	P1P2
PDLIM5	10930	11241	11784	P1P2	11784	P1P2
PDLIM7	14123	11242	11785	P2	11785	P2
PDP1	10191	11243	11786	P1P2	11786	P1P2
PDP2	2347	11244	11787	P1P2	11787	P1P2
PDPK1	15414	11245	11788	P1P2	11788	P1P2
PDPN	6505	11246	11789	P1P2	11789	P1P2
PDPR	6664	11247	11790	P1P2	11790	P1P2
PDRG1	18228	11248	11791	P1P2	11791	P1P2
PDS5A	837	11249	11792	P1P2	11792	P1P2
PDS5B	14499	11250	11793	P1P2	11793	P1P2
PDSS1	4655	11251	11794	P1P2	11794	P1P2
PDSS2	7465	11252	11795	P1P2	11795	P1P2
PDX1	5263	11253	11796	P1P2	11796	P1P2
PDXDC1	18601	11254	11797	P1P2	11797	P1P2
PDXK	1488	11255	11798	P1P2	11798	P1P2
PDXP	2204	11256	11799	P1P2	11799	P1P2
PDYN	12069	11257	11800	P1P2	11800	P1P2
PDZD11	8731	11258	11801	P1P2	11801	P1P2
PDZD2	3269	11259	11802	P1P2	11802	P1P2
PDZD3	17661	11260	11803	P1P2	11803	P1P2
PDZD4	7176	11261	11804	P1P2	11804	P1P2
PDZD7	2818	11262	11805	P1P2	11805	P1P2
PDZD8	10013	11263	11806	P1P2	11806	P1P2
PDZD9	4025	11264	11807	P1P2	11807	P1P2
PDZK1	10864	11265	11808	P1P2	11808	P1P2
PDZK1IP1	15439	11266	11809	P1P2	11809	P1P2
PDZRN3	9541	11267	11810	P1P2	11810	P1P2
PDZRN4	8475	11268	11811	P1P2	11811	P1P2
PEA15	10232	11269	11812	P1P2	11812	P1P2
PEAK1	1091	11270	11813	P1P2	11813	P1P2
PEAR1	942	11271	11814	P1P2	11814	P1P2
PEBP1	4475	11272	11815	P1P2	11815	P1P2
PEBP4	16239	11273	11816	P1P2	11816	P1P2
PECR	12586	11274	11818	P1P2	11818	P1P2
PEF1	4539	11275	11819	P1P2	11819	P1P2
PEG10	1967	11276	11820	P1	11820	P2
PEG3	6509	11277	11821	P1P2	11821	P1P2
PELI1	15929	11278	11822	P1P2	11822	P1P2
PELI2	14232	11279	11823	P1P2	11823	P1P2
PELI3	16202	11280	11824	P1P2	11824	P1P2
PELO	17182	11281	11825	P1	11825	P1
PELP1	5526	11282	11826	P1P2	11826	P1P2
PEMT	1078	11283	11827	P1P2	11827	P1P2
PENK	2069	11284	11828	P1P2	11828	P1P2
PEPD	2199	11285	11829	P1P2	11829	P1P2
PER1	11007	11286	11830	P2	11830	P1
PER2	10762	11287	11831	P1P2	11831	P1P2
PER3	10872	11288	11832	P1P2	11832	P1P2
PERP	10441	11289	11833	P1P2	11833	P1P2
PES1	8887	11290	11834	P1P2	11834	P1P2
PET100	16270	11291	11835	P1P2	11835	P1P2
PET117	5396	11293	11837	P1P2	11837	P1P2
PEX1	14676	11294	11838	P1P2	11838	P1P2
PEX10	15452	11295	11839	P2	11839	P1
PEX11A	13700	11296	11840	P1P2	11840	P1P2
PEX11B	5393	11297	11841	P1P2	11841	P1P2
PEX11G	586	11298	11842	P1P2	11842	P1P2
PEX12	6601	11299	11843	P1P2	11843	P1P2
PEX13	13237	11300	11844	P1P2	11844	P1P2
PEX14	18106	11301	11845	P1P2	11845	P1P2
PEX16	18868	11302	11846	P1P2	11846	P1P2
PEX2	16835	11304	11847	P1P2	11847	P1P2
PEX26	1650	11305	11848	P1P2	11848	P1P2
PEX3	8640	11306	11849	P1P2	11849	P1P2
PEX5	18522	11307	11850	P1P2	11850	P1P2
PEX5L	7980	11308	11851	ENST00000392649.3	11851	ENST00000392649.3
PEX6	7796	11309	11852	P1P2	11852	P1P2
PEX7	16095	11310	11853	P1P2	11853	P1P2
PF4	16955	11311	11854	P1P2	11854	P1P2
PF4V1	17983	11312	11855	P1P2	11855	P1P2
PFAS	13861	11313	11856	P1P2	11856	P1P2
PFDN1	10424	11314	11857	P1P2	11857	P1P2
PFDN2	381	11315	11858	P1P2	11858	P1P2
PFDN4	13472	11316	11859	P1P2	11859	P1P2
PFDN5	973	11317	11860	P1P2	11860	P1P2
PFDN6	729	11318	11861	P1P2	11861	P1P2
PFKFB1	11311	11319	11862	P1P2	11862	P1P2
PFKFB2	7260	11320	11863	P1P2	11863	P1P2
PFKFB3	6925	11321	11864	P1P2	11864	P1P2
PFKFB4	13530	11322	11865	P1P2	11865	P1P2
PFKL	10153	11323	11866	P2	11866	P1
PFKM	15682	11324	11867	P1	11867	P2
PFKP	15349	11325	11868	P1P2	11868	P1P2
PFN1	15385	11326	11869	P1P2	11869	P1P2
PFN2	18502	11327	11870	P1P2	11870	P1P2
PFN3	17874	11328	11871	P1P2	11871	P1P2
PFN4	13011	11329	11872	P1P2	11872	P1P2
PGAM2	17396	11330	11877	P1P2	11877	P1P2
PGAM5	5730	11331	11878	P1P2	11878	P1P2
PGAP1	17137	11332	11879	P1P2	11879	P1P2
PGAP2	13547	11333	11880	P2	11880	P2
PGAP3	13615	11334	11881	P1P2	11881	P1P2
PGBD1	1439	11335	11882	P1P2	11882	P1P2
PGBD2	17086	11336	11883	P1P2	11883	P1P2
PGBD4	10341	11338	11884	P1P2	11884	P1P2
PGBD5	7010	11339	11885	P1P2	11885	P1P2
PGC	10689	11340	11886	P1	11886	P1
PGD	9600	11341	11887	P1P2	11887	P1P2
PGF	11595	11342	11888	P1P2	11888	P1P2
PGGT1B	12386	11343	11889	P1P2	11889	P1P2
PGK1	10939	11344	11890	P1P2	11890	P1P2
PGK2	5677	11345	11891	P1P2	11891	P1P2
PGLS	65	11346	11892	P1P2	11892	P1P2
PGLYRP1	17140	11347	11893	P1P2	11893	P1P2
PGLYRP2	17929	11348	11894	P1P2	11894	P1P2
PGLYRP3	4512	11349	11895	ENST00000290722.1	11895	ENST00000290722.1
PGLYRP4	8461	11350	11896	P1P2	11896	P1P2
PGM1	16897	11351	11897	P1P2	11897	P1P2
PGM2	5902	11352	11898	P1P2	11898	P1P2
PGM2L1	9327	11353	11899	P1P2	11899	P1P2
PGM3	2628	11354	11900	P1P2	11900	P1P2
PGM5	1613	11355	11901	P1P2	11901	P1P2
PGP	17667	11356	11902	P1P2	11902	P1P2
PGPEP1	15215	11357	11903	P1P2	11903	P1P2
PGPEP1L	8433	11358	11904	P1	11904	P2
PGR	4617	11359	11905	P1P2	11905	P1P2
PGRMC1	16916	11360	11906	P1P2	11906	P1P2
PGRMC2	4039	11361	11907	P1P2	11907	P1P2
PGS1	18346	11362	11908	P1P2	11908	P1P2
PHACTR1	6112	11363	11909	P1	11909	P1
PHACTR2	18320	11364	11910	P1P2	11910	P1P2
PHACTR3	3899	11365	11911	P1P2	11911	P1P2
PHACTR4	4765	11366	11912	P1P2	11912	P1P2
PHAX	2799	11367	11913	P2	11913	P1
PHB2	4834	11369	11914	P1P2	11914	P1P2
PHC1	3407	11370	11915	P1P2	11915	P1P2
PHC2	6609	11371	11916	P1P2	11916	P1P2
PHC3	8532	11372	11917	P1P2	11917	P1P2
PHEX	4478	11373	11918	P1P2	11918	P1P2
PHF1	8304	11374	11919	P1P2	11919	P1P2
PHF10	87	11375	11920	P1P2	11920	P1P2
PHF11	16527	11376	11921	P1P2	11921	P1P2
PHF12	6325	11377	11922	P1P2	11922	P1P2
PHF13	1524	11378	11923	P1P2	11923	P1P2
PHF14	16817	11379	11924	P1P2	11924	P1P2
PHF19	16159	11383	11928	P1P2	11928	P1P2
PHF2	2263	11384	11929	P1P2	11929	P1P2
PHF20	4648	11385	11930	P1P2	11930	P1P2
PHF20L1	18113	11386	11931	P1P2	11931	P1P2
PHF21A	4170	11387	11932	P1P2	11932	P1P2
PHF21B	1700	11388	11933	P2	11933	P2
PHF23	13998	11389	11934	P1P2	11934	P1P2
PHF3	2449	11390	11935	P1P2	11935	P1P2
PHF5A	3132	11391	11936	P1P2	11936	P1P2
PHF6	14523	11392	11937	P1P2	11937	P1P2
PHF7	15822	11393	11938	P1P2	11938	P1P2
PHF8	13668	11394	11939	P1P2	11939	P1P2
PHGDH	18936	11395	11940	P1P2	11940	P1P2
PHGR1	5047	11396	11941	P1P2	11941	P1P2
PHIP	7983	11397	11942	P1P2	11942	P1P2
PHKA1	7602	11398	11943	P1P2	11943	P1P2
PHKA2	16583	11399	11944	P1P2	11944	P1P2
PHKB	9178	11400	11945	P1P2	11945	P1P2
PHKG1	833	11401	11946	P1P2	11946	P1P2
PHKG2	18854	11402	11947	P1P2	11947	P1P2
PHLDA1	4007	11403	11948	P1P2	11948	P1P2
PHLDA2	8277	11404	11949	P1P2	11949	P1P2
PHLDA3	13230	11405	11950	P1P2	11950	P1P2
PHLDB1	13342	11406	11951	P2	11951	P2
PHLDB2	10007	11407	11952	P1P2	11952	P1P2
PHLDB3	6334	11408	11953	P1P2	11953	P1P2
PHLPP1	10613	11409	11954	P1P2	11954	P1P2
PHLPP2	18442	11410	11955	P1P2	11955	P1P2
PHOSPHO1	4900	11411	11956	P1P2	11956	P1P2
PHOX2A	15660	11413	11957	P1P2	11957	P1P2
PHOX2B	384	11414	11958	P1P2	11958	P1P2
PHPT1	210	11415	11959	P1P2	11959	P1P2
PHRF1	910	11416	11960	P1P2	11960	P1P2
PHTF1	9606	11417	11961	P1P2	11961	P1P2
PHTF2	13147	11418	11962	P1P2	11962	P1P2
PHYH	3037	11419	11963	P1P2	11963	P1P2
PHYHD1	16456	11420	11964	P1P2	11964	P1P2
PHYHIP	13612	11421	11965	P1P2	11965	P1P2
PHYHIPL	9378	11422	11966	P1P2	11966	P1P2
PHYKPL	7992	11423	11967	P1P2	11967	P1P2
PI15	11489	11424	11968	P1P2	11968	P1P2
PI16	3750	11425	11969	P2	11969	P2
PI3	11434	11426	11970	P1P2	11970	P1P2
PI4K2B	10252	11428	11971	P1P2	11971	P1P2
PI4KA	4429	11429	11972	P1P2	11972	P1P2
PI4KB	6120	11430	11973	P1P2	11973	P1P2
PIANP	14659	11431	11974	P1P2	11974	P1P2
PIAS1	16533	11432	11975	P1P2	11975	P1P2
PIAS2	12251	11433	11976	P1	11976	P2
PIAS3	13823	11434	11977	P1P2	11977	P1P2
PIAS4	19006	11435	11978	P1P2	11978	P1P2
PIBF1	18278	11436	11979	P1P2	11979	P1P2
PICALM	12802	11437	11980	P1P2	11980	P1P2
PICK1	7645	11438	11981	P1P2	11981	P1P2
PID1	1652	11439	11982	P1P2	11982	P1P2
PIEZO1	7347	11441	11984	P1P2	11984	P1P2
PIEZO2	9534	11442	11985	ENST00000503781.3	11985	ENST00000503781.3
PIF1	8957	11443	11986	P1	11986	P1
PIFO	18261	11444	11987	P1P2	11987	P1P2
PIGA	10687	11445	11988	P1P2	11988	P1P2
PIGB	4537	11446	11989	P1P2	11989	P1P2
PIGC	8913	11447	11990	P1P2	11990	P1P2
PIGF	229	11448	11991	P1P2	11991	P1P2
PIGG	16959	11449	11992	P1P2	11992	P1P2
PIGH	17075	11450	11993	P1P2	11993	P1P2
PIGK	10080	11451	11994	P1P2	11994	P1P2
PIGL	3665	11452	11995	P1P2	11995	P1P2
PIGM	11819	11453	11996	P1P2	11996	P1P2
PIGN	1188	11454	11997	P1P2	11997	P1P2
PIGO	10891	11455	11998	P1P2	11998	P1P2
PIGP	18373	11456	11999	P1P2	11999	P1P2
PIGQ	12869	11457	12000	P1P2	12000	P1P2
PIGR	9167	11458	12001	P1P2	12001	P1P2
PIGS	7844	11459	12002	P2	12002	P2
PIGT	5906	11460	12003	P1P2	12003	P1P2
PIGV	3453	11461	12005	P1P2	12005	P1P2
PIGW	1869	11462	12006	P1P2	12006	P1P2
PIGZ	4731	11463	12009	P1P2	12009	P1P2
PIH1D1	2167	11464	12010	P1P2	12010	P1P2
PIH1D2	775	11465	12011	P1P2	12011	P1P2
PIK3AP1	8582	11467	12013	P2	12013	P2
PIK3C2A	15842	11468	12014	ENST00000265970.7	12014	ENST00000265970.7
PIK3C2B	17173	11469	12015	P1P2	12015	P1P2
PIK3C2G	5375	11470	12016	P1P2	12016	P1P2
PIK3C3	17629	11471	12017	P1P2	12017	P1P2
PIK3CA	6147	11472	12018	P1P2	12018	P1P2
PIK3CB	2730	11473	12019	P1P2	12019	P1P2
PIK3CD	4882	11474	12020	P1P2	12020	P1P2
PIK3CG	14602	11475	12021	P1P2	12021	P1P2
PIK3IP1	1260	11476	12022	P2	12022	P1
PIK3R1	13691	11477	12023	P1P2	12023	P1P2
PIK3R2	8734	11478	12024	P1	12024	P2
PIK3R3	4496	11479	12025	P1P2	12025	P1P2
PIK3R4	15051	11480	12026	P1P2	12026	P1P2
PIK3R5	515	11481	12027	P1P2	12027	P1P2
PIKFYVE	8063	11482	12029	P1P2	12029	P1P2
PILRA	2318	11483	12030	P1P2	12030	P1P2
PILRB	5469	11484	12031	P1P2	12031	P1P2
PIM1	16581	11485	12032	P1P2	12032	P1P2
PIM2	13874	11486	12033	P1P2	12033	P1P2
PIM3	17385	11487	12034	P1P2	12034	P1P2
PIN1	2937	11488	12035	P1P2	12035	P1P2
PIN4	13266	11489	12036	P1P2	12036	P1P2
PINK1	2718	11490	12037	P1P2	12037	P1P2
PINLYP	13513	11491	12038	ENST00000599207.1	12038	ENST00000599207.1
PIP	3504	11492	12040	P1P2	12040	P1P2
PIP4K2A	2445	11493	12041	P1P2	12041	P1P2
PIP4K2B	15925	11494	12042	P1P2	12042	P1P2
PIP4K2C	11873	11495	12043	P1P2	12043	P1P2
PIP5K1A	11954	11496	12044	P1P2	12044	P1P2
PIP5K1B	618	11497	12045	P1P2	12045	P1P2
PIP5K1C	15916	11498	12046	P1P2	12046	P1P2
PIP5KL1	14669	11499	12047	P1P2	12047	P1P2
PIPOX	9754	11500	12048	P1P2	12048	P1P2
PIR	752	11501	12049	P1P2	12049	P1P2
PIRT	10638	11502	12050	P1P2	12050	P1P2
PISD	17560	11503	12051	ENST00000382151.2	12051	ENST00000266095.5
PITHD1	7791	11504	12052	P1P2	12052	P1P2
PITPNA	14333	11505	12053	P1P2	12053	P1P2
PITPNB	15572	11506	12054	P1P2	12054	P1P2
PITPNC1	5481	11507	12055	P1P2	12055	P1P2
PITPNM1	6994	11508	12056	P1P2	12056	P1P2
PITPNM2	10660	11509	12057	ENST00000542749.1	12057	ENST00000542749.1
PITPNM3	16182	11510	12058	P1P2	12058	P1P2
PITRM1	9497	11511	12059	P1P2	12059	P1P2
PITX1	13360	11512	12060	P1P2	12060	P1P2
PITX2	10668	11513	12061	P2	12061	P2
PITX3	8867	11514	12062	P1P2	12062	P1P2
PIWIL1	16355	11515	12063	P1P2	12063	P1P2
PIWIL2	17657	11516	12064	P1P2	12064	P1P2
PIWIL3	1616	11517	12065	ENST00000332271.5	12065	ENST00000332271.5
PIWIL4	1801	11518	12066	P1P2	12066	P1P2
PJA1	4146	11519	12067	P1P2	12067	P1P2
PJA2	13204	11520	12068	P1P2	12068	P1P2
PKD1L1	14539	11522	12069	P1P2	12069	P1P2
PKD2	11867	11523	12072	P1P2	12072	P1P2
PKD2L1	10878	11524	12073	P1P2	12073	P1P2
PKD2L2	11901	11525	12074	P1P2	12074	P1P2
PKDCC	73	11526	12075	P1P2	12075	P1P2
PKDREJ	9616	11527	12076	P1P2	12076	P1P2
PKHD1	5546	11528	12077	P1P2	12077	P1P2
PKHD1L1	11117	11529	12078	P1P2	12078	P1P2
PKIA	0	11530	12079	P1P2	12079	P1P2
PKIB	2849	11531	12080	P2	12080	P2
PKIG	131	11532	12081	P1P2	12081	P1P2
PKLR	1211	11533	12082	P1P2	12082	P1P2
PKM	17841	11534	12083	P1	12083	P1
PKMYT1	18248	11535	12084	P1P2	12084	P1P2
PKN1	2577	11536	12085	P2	12085	P2
PKN2	17946	11537	12086	P1P2	12086	P1P2
PKN3	4285	11538	12087	P1P2	12087	P1P2
PKNOX1	10486	11539	12088	P1P2	12088	P1P2
PKNOX2	631	11540	12089	P1P2	12089	P1P2
PKP1	15437	11541	12090	P1P2	12090	P1P2
PKP2	17606	11542	12091	P1P2	12091	P1P2
PKP3	612	11543	12092	P1	12092	P1
PKP4	13425	11544	12093	P1P2	12093	P1P2
PLA1A	8260	11545	12094	P1P2	12094	P1P2
PLA2G10	4222	11546	12095	ENST00000438167.3	12095	ENST00000438167.3
PLA2G12A	10076	11547	12096	P1P2	12096	P1P2
PLA2G12B	16072	11548	12097	P1P2	12097	P1P2
PLA2G15	6762	11549	12098	P1P2	12098	P1P2
PLA2G1B	10055	11551	12100	P1	12100	P1
PLA2G2A	7281	11552	12101	P1P2	12101	P1P2
PLA2G2C	4357	11553	12102	P1P2	12102	P1P2
PLA2G2D	18237	11554	12103	P1P2	12103	P1P2
PLA2G2E	3234	11555	12104	P1P2	12104	P1P2
PLA2G2F	276	11556	12105	P1P2	12105	P1P2
PLA2G3	2313	11557	12106	P1P2	12106	P1P2
PLA2G4A	9696	11558	12107	P1P2	12107	P1P2
PLA2G4C	7543	11559	12108	P1P2	12108	P1P2
PLA2G4D	3254	11560	12109	P1P2	12109	P1P2
PLA2G4E	938	11561	12110	ENST00000399518.3	12110	ENST00000399518.3
PLA2G4F	13271	11562	12111	P1P2	12111	P1P2
PLA2G5	5104	11563	12112	P1P2	12112	P1P2
PLA2G6	2971	11564	12113	P1P2	12113	P1P2
PLA2G7	4696	11565	12114	P1P2	12114	P1P2
PLA2R1	6895	11566	12115	P1P2	12115	P1P2
PLAA	8228	11567	12116	P1P2	12116	P1P2
PLAC1	3875	11568	12117	P1P2	12117	P1P2
PLAC8	2187	11570	12120	P1P2	12120	P1P2
PLAC8L1	1025	11571	12121	P1P2	12121	P1P2
PLAC9	1305	11572	12122	P1P2	12122	P1P2
PLAG1	10651	11573	12123	P1P2	12123	P1P2
PLAGL1	2674	11574	12124	P2	12124	P2
PLAGL2	14568	11575	12125	P1P2	12125	P1P2
PLAT	16430	11576	12126	P1P2	12126	P1P2
PLAU	3681	11577	12127	P1P2	12127	P1P2
PLAUR	16440	11578	12128	P1P2	12128	P1P2
PLB1	16149	11579	12129	ENST00000327757.5,ENST00000422425.2	12129	ENST00000327757.5,ENST00000422425.2
PLBD1	18039	11580	12130	P1P2	12130	P1P2
PLBD2	10101	11581	12131	P1P2	12131	P1P2
PLCB1	12156	11582	12132	P1P2	12132	P1P2
PLCB2	13969	11583	12133	P1P2	12133	P1P2
PLCB3	7653	11584	12134	P1P2	12134	P1P2
PLCB4	1370	11585	12135	P1P2	12135	P1P2
PLCD1	13093	11586	12136	P1P2	12136	P1P2
PLCD4	4081	11587	12138	P1P2	12138	P1P2
PLCE1	12833	11588	12139	P1P2	12139	P1P2
PLCG1	17965	11589	12140	P1P2	12140	P1P2
PLCG2	6534	11590	12141	P1P2	12141	P1P2
PLCH1	10956	11591	12142	P2	12142	P2
PLCH2	15960	11592	12143	P1	12143	P2
PLCL1	3549	11593	12144	P1P2	12144	P1P2
PLCL2	13023	11594	12145	P1P2	12145	P1P2
PLCXD2	4510	11595	12147	P1P2	12147	P1P2
PLCXD3	9834	11596	12148	P1P2	12148	P1P2
PLCZ1	6761	11597	12149	P1P2	12149	P1P2
PLD1	11074	11598	12150	P1P2	12150	P1P2
PLD2	12381	11599	12151	P1P2	12151	P1P2
PLD3	12705	11600	12152	P1	12152	P1
PLD4	18685	11601	12153	P1P2	12153	P1P2
PLD5	7970	11602	12154	P1P2	12154	P1P2
PLD6	9066	11603	12155	ENST00000321560.3	12155	ENST00000321560.3
PLEC	8167	11604	12156	P1	12156	P2
PLEK	10200	11605	12157	P1P2	12157	P1P2
PLEK2	15258	11606	12158	P1P2	12158	P1P2
PLEKHA1	2832	11607	12159	P1P2	12159	P1P2
PLEKHA2	11302	11608	12160	P1P2	12160	P1P2
PLEKHA3	12897	11609	12161	P1P2	12161	P1P2
PLEKHA4	13299	11610	12162	P1P2	12162	P1P2
PLEKHA5	15664	11611	12163	P1P2	12163	P1P2
PLEKHA6	4861	11612	12164	P1P2	12164	P1P2
PLEKHA7	1696	11613	12165	P1P2	12165	P1P2
PLEKHA8	9315	11614	12166	P1P2	12166	P1P2
PLEKHB1	17412	11615	12167	P1P2	12167	P1P2
PLEKHB2	15662	11616	12168	P1P2	12168	P1P2
PLEKHD1	4522	11617	12169	P1P2	12169	P1P2
PLEKHF1	1927	11618	12170	P1P2	12170	P1P2
PLEKHF2	1084	11619	12171	P1P2	12171	P1P2
PLEKHG1	6845	11620	12172	P1	12172	P1
PLEKHG2	17524	11621	12173	P1P2	12173	P1P2
PLEKHG3	17822	11622	12174	P1P2	12174	P1P2
PLEKHG4	18199	11623	12175	P2	12175	P2
PLEKHG4B	3527	11624	12176	P1P2	12176	P1P2
PLEKHG5	12611	11625	12177	P2	12177	P2
PLEKHG6	6981	11626	12178	P1P2	12178	P1P2
PLEKHG7	3160	11627	12179	ENST00000344636.3	12179	ENST00000344636.3
PLEKHH1	3417	11628	12180	P1P2	12180	P1P2
PLEKHH2	5217	11629	12181	P1P2	12181	P1P2
PLEKHH3	149	11630	12182	P1P2	12182	P1P2
PLEKHJ1	17986	11631	12183	P1P2	12183	P1P2
PLEKHM1	17003	11632	12184	P1P2	12184	P1P2
PLEKHM2	13684	11633	12185	P1P2	12185	P1P2
PLEKHM3	10376	11634	12186	P1P2	12186	P1P2
PLEKHN1	18389	11635	12187	P1P2	12187	P1P2
PLEKHO1	2123	11636	12188	P1P2	12188	P1P2
PLEKHO2	7249	11637	12189	P1P2	12189	P1P2
PLEKHS1	10941	11638	12190	P1P2	12190	P1P2
PLG	6086	11639	12191	P2	12191	P2
PLGRKT	14963	11640	12192	P1P2	12192	P1P2
PLIN1	286	11641	12193	P1P2	12193	P1P2
PLIN2	4065	11642	12194	P1	12194	P1
PLIN3	17723	11643	12195	P1P2	12195	P1P2
PLIN4	4786	11644	12196	P1P2	12196	P1P2
PLIN5	6097	11645	12197	P1P2	12197	P1P2
PLK2	15324	11647	12199	P1	12199	P2
PLK3	662	11648	12200	P1P2	12200	P1P2
PLK4	16532	11649	12201	P1P2	12201	P1P2
PLK5	16903	11650	12202	P1P2	12202	P1P2
PLLP	15067	11651	12203	P1P2	12203	P1P2
PLOD1	17124	11652	12205	P1P2	12205	P1P2
PLOD2	1968	11653	12206	P1P2	12206	P1P2
PLOD3	7102	11654	12207	P1P2	12207	P1P2
PLP1	1484	11655	12208	P1P2	12208	P1P2
PLP2	5285	11656	12209	P1P2	12209	P1P2
PLRG1	4859	11657	12210	P1P2	12210	P1P2
PLS1	11284	11658	12211	P2	12211	P1
PLS3	13652	11659	12212	P1P2	12212	P1P2
PLSCR1	16841	11660	12213	P1P2	12213	P1P2
PLSCR2	15853	11661	12214	P1P2	12214	P1P2
PLSCR4	16360	11662	12216	P1P2	12216	P1P2
PLSCR5	9640	11663	12217	P1P2	12217	P1P2
PLTP	1491	11664	12218	P2	12218	P2
PLVAP	4762	11665	12219	P1	12219	P1
PLXDC1	17887	11666	12220	P1	12220	P1
PLXDC2	559	11667	12221	P1P2	12221	P1P2
PLXNA1	14975	11668	12222	ENST00000393409.2	12222	ENST00000393409.2
PLXNA2	17406	11669	12223	P1P2	12223	P1P2
PLXNA3	1463	11670	12224	P2	12224	P2
PLXNA4	13162	11671	12225	P1P2	12225	P1P2
PLXNB1	7007	11672	12226	P1P2	12226	P1P2
PLXNB2	14578	11673	12227	P1P2	12227	P1P2
PLXNB3	13622	11674	12228	P1P2	12228	P1P2
PLXNC1	1352	11675	12229	P1P2	12229	P1P2
PLXND1	15390	11676	12230	P1P2	12230	P1P2
PM20D1	1898	11677	12231	P1P2	12231	P1P2
PMAIP1	16771	11678	12233	P1P2	12233	P1P2
PMCH	679	11679	12234	P1P2	12234	P1P2
PMEL	10983	11680	12235	P1P2	12235	P1P2
PMEPA1	5244	11681	12236	P1P2	12236	P1P2
PMFBP1	17008	11683	12237	ENST00000237353.10	12237	ENST00000237353.10
PML	18007	11684	12238	P1P2	12238	P1P2
PMM1	11635	11685	12239	P1P2	12239	P1P2
PMM2	6058	11686	12240	P1P2	12240	P1P2
PMP2	18857	11687	12241	P1P2	12241	P1P2
PMP22	12279	11688	12242	P1P2	12242	P1P2
PMPCA	15151	11689	12243	P1P2	12243	P1P2
PMPCB	12645	11690	12244	P1	12244	P1
PMS1	11281	11691	12245	P1P2	12245	P1P2
PMS2	5933	11692	12246	P1P2	12246	P1P2
PMVK	11692	11693	12247	P1P2	12247	P1P2
PNCK	2002	11694	12248	P1P2	12248	P1P2
PNISR	13624	11695	12249	P2	12249	P1
PNKD	12020	11696	12250	ENST00000258362.3	12250	ENST00000258362.3
PNKP	18530	11697	12251	P1P2	12251	P1P2
PNLDC1	13035	11698	12252	P1P2	12252	P1P2
PNLIP	1244	11699	12253	P1P2	12253	P1P2
PNLIPRP1	14275	11700	12254	P1P2	12254	P1P2
PNLIPRP3	13625	11701	12256	P1P2	12256	P1P2
PNMA1	173	11702	12257	P1P2	12257	P1P2
PNMA2	12649	11703	12258	P1P2	12258	P1P2
PNMA3	365	11704	12259	P1P2	12259	P1P2
PNMA5	10828	11705	12260	P1P2	12260	P1P2
PNMT	8704	11708	12263	P1P2	12263	P1P2
PNN	2830	11709	12264	P1P2	12264	P1P2
PNO1	3646	11710	12265	P1P2	12265	P1P2
PNOC	566	11711	12266	P2	12266	P1
PNP	6875	11712	12267	P1P2	12267	P1P2
PNPLA1	12018	11713	12268	P1P2	12268	P1P2
PNPLA2	14452	11714	12269	P1P2	12269	P1P2
PNPLA3	12242	11715	12270	P1P2	12270	P1P2
PNPLA4	8588	11716	12271	P1P2	12271	P1P2
PNPLA5	5535	11717	12272	P1P2	12272	P1P2
PNPLA6	16610	11718	12273	P1P2	12273	P1P2
PNPLA7	6489	11719	12274	P1P2	12274	P1P2
PNPLA8	8966	11720	12275	P1P2	12275	P1P2
PNPO	9380	11721	12276	P1P2	12276	P1P2
PNPT1	13076	11722	12277	P1P2	12277	P1P2
PNRC1	12618	11723	12278	P1P2	12278	P1P2
PNRC2	12124	11724	12279	P1P2	12279	P1P2
POC1A	8810	11725	12280	P1P2	12280	P1P2
POC5	18551	11727	12282	P1P2	12282	P1P2
PODN	17622	11728	12283	P2	12283	P2
PODNL1	124	11729	12284	P1P2	12284	P1P2
PODXL	17600	11730	12285	P1P2	12285	P1P2
PODXL2	4620	11731	12286	P1P2	12286	P1P2
POF1B	7902	11732	12287	P1P2	12287	P1P2
POFUT1	12742	11733	12288	P1P2	12288	P1P2
POFUT2	18353	11734	12289	P1P2	12289	P1P2
POGK	15567	11735	12290	P1P2	12290	P1P2
POGLUT1	13731	11736	12291	P1P2	12291	P1P2
POGZ	8291	11737	12292	P1P2	12292	P1P2
POLA1	1438	11738	12293	P1P2	12293	P1P2
POLA2	11541	11739	12294	P1P2	12294	P1P2
POLB	3910	11740	12295	P1P2	12295	P1P2
POLD1	13705	11741	12296	P1P2	12296	P1P2
POLD2	8755	11742	12297	P1P2	12297	P1P2
POLD3	3041	11743	12298	P1P2	12298	P1P2
POLD4	10413	11744	12299	P1P2	12299	P1P2
POLDIP3	11688	11745	12301	P1P2	12301	P1P2
POLE2	5686	11747	12302	P1P2	12302	P1P2
POLE3	7682	11748	12303	P1P2	12303	P1P2
POLE4	15024	11749	12304	P1P2	12304	P1P2
POLG	15355	11750	12305	P1P2	12305	P1P2
POLG2	17646	11751	12306	P1P2	12306	P1P2
POLH	14698	11752	12307	P1P2	12307	P1P2
POLI	14344	11753	12308	P1P2	12308	P1P2
POLK	353	11754	12309	P1P2	12309	P1P2
POLL	18724	11755	12310	P1P2	12310	P1P2
POLM	2506	11756	12311	P1	12311	P1
POLQ	13718	11758	12312	P1P2	12312	P1P2
POLR1A	3343	11759	12313	P1P2	12313	P1P2
POLR1B	1373	11760	12314	P1P2	12314	P1P2
POLR1C	11690	11761	12315	P1	12315	P1
POLR1D	11863	11762	12316	P1	12316	P2
POLR1E	14230	11763	12317	P1P2	12317	P1P2
POLR2A	3856	11764	12318	P1P2	12318	P1P2
POLR2B	13402	11765	12319	P1P2	12319	P1P2
POLR2C	14051	11766	12320	P1P2	12320	P1P2
POLR2D	7913	11767	12321	P2	12321	P1
POLR2E	9108	11768	12322	P1	12322	P1
POLR2F	5767	11769	12323	P1P2	12323	P1P2
POLR2G	15594	11770	12324	P1P2	12324	P1P2
POLR2I	13799	11772	12325	P1P2	12325	P1P2
POLR2K	424	11774	12328	P1P2	12328	P1P2
POLR2L	4950	11775	12329	P1P2	12329	P1P2
POLR2M	7271	11776	12330	P1P2	12330	P1P2
POLR3A	14765	11777	12331	P1P2	12331	P1P2
POLR3B	18498	11778	12332	P1P2	12332	P1P2
POLR3C	2082	11779	12333	P1P2	12333	P1P2
POLR3D	12886	11780	12334	P1P2	12334	P1P2
POLR3E	5283	11781	12335	P1P2	12335	P1P2
POLR3F	10349	11782	12336	P1P2	12336	P1P2
POLR3GL	5025	11783	12338	P1P2	12338	P1P2
POLR3H	16509	11784	12339	P1P2	12339	P1P2
POLR3K	9683	11785	12340	P1P2	12340	P1P2
POLRMT	14259	11786	12341	P1P2	12341	P1P2
POM121	6540	11787	12342	P1P2	12342	P1P2
POM121L12	17198	11788	12344	P1P2	12344	P1P2
POM121L2	17997	11789	12345	P1P2	12345	P1P2
POMC	10997	11790	12346	P1P2	12346	P1P2
POMGNT1	4584	11791	12347	P1P2	12347	P1P2
POMGNT2	12041	11792	12348	P1P2	12348	P1P2
POMP	10085	11794	12349	P1P2	12349	P1P2
POMT1	3	11795	12350	P1P2	12350	P1P2
POMT2	13789	11796	12351	P1P2	12351	P1P2
PON1	17483	11797	12353	P1P2	12353	P1P2
PON2	18558	11798	12354	P1P2	12354	P1P2
PON3	7732	11799	12355	P1P2	12355	P1P2
POP1	15815	11800	12356	P1P2	12356	P1P2
POP4	6398	11801	12357	P1P2	12357	P1P2
POP5	10730	11802	12358	P1P2	12358	P1P2
POP7	5300	11803	12359	P1P2	12359	P1P2
POPDC2	2470	11804	12360	P1P2	12360	P1P2
POPDC3	18770	11805	12361	P1	12361	P1
POR	6083	11806	12362	P1P2	12362	P1P2
PORCN	16520	11807	12363	P2	12363	P2
POSTN	4400	11808	12364	P2	12364	P2
POT1	18959	11809	12365	P1P2	12365	P1P2
POU1F1	16694	11810	12370	P1P2	12370	P1P2
POU2AF1	11179	11811	12371	P1P2	12371	P1P2
POU2F1	11706	11812	12372	P2	12372	P2
POU2F2	6469	11813	12373	P1P2	12373	P1P2
POU2F3	4459	11814	12374	P2	12374	P2
POU3F1	8163	11815	12375	P1P2	12375	P1P2
POU3F2	1965	11816	12376	P1P2	12376	P1P2
POU3F3	15044	11817	12377	P1P2	12377	P1P2
POU3F4	16418	11818	12378	P1P2	12378	P1P2
POU4F1	10235	11819	12379	P1P2	12379	P1P2
POU4F2	4518	11820	12380	P1P2	12380	P1P2
POU4F3	4365	11821	12381	P1P2	12381	P1P2
POU5F2	2049	11822	12384	P1P2	12384	P1P2
POU6F1	7117	11823	12385	P1P2	12385	P1P2
POU6F2	4258	11824	12386	ENST00000518318.2	12386	ENST00000518318.2
PP2D1	14807	11825	12387	P1P2	12387	P1P2
PPA1	15710	11826	12388	P1P2	12388	P1P2
PPA2	11376	11827	12389	P1P2	12389	P1P2
PPAN	14257	11828	12390	P1P2	12390	P1P2
PPARA	17856	11836	12398	P1P2	12398	P1P2
PPARD	12842	11837	12399	P1P2	12399	P1P2
PPARG	8460	11838	12400	P2	12400	P1
PPARGC1A	15982	11839	12401	P2	12401	P2
PPARGC1B	8231	11840	12402	P1P2	12402	P1P2
PPAT	6722	11841	12403	P1P2	12403	P1P2
PPBP	14836	11842	12404	P1P2	12404	P1P2
PPCDC	14517	11843	12405	P2	12405	P2
PPCS	3145	11844	12406	P1P2	12406	P1P2
PPDPF	11677	11845	12407	P1P2	12407	P1P2
PPEF1	17605	11846	12408	P1P2	12408	P1P2
PPEF2	17172	11847	12409	P1P2	12409	P1P2
PPFIA1	4899	11848	12410	P1P2	12410	P1P2
PPFIA2	8221	11849	12411	ENST00000549396.1	12411	ENST00000548586.1
PPFIA3	82	11850	12412	P2	12412	P2
PPFIA4	13598	11851	12413	P1P2	12413	P1P2
PPFIBP1	16094	11852	12414	P1P2	12414	P1P2
PPFIBP2	15000	11853	12415	P1P2	12415	P1P2
PPHLN1	16625	11854	12416	P1P2	12416	P1P2
PPIA	14603	11855	12417	P1P2	12417	P1P2
PPIB	16014	11856	12418	P1P2	12418	P1P2
PPIC	10559	11857	12419	P1P2	12419	P1P2
PPID	4340	11858	12420	P1P2	12420	P1P2
PPIE	15609	11859	12421	P1P2	12421	P1P2
PPIF	17330	11860	12422	P1P2	12422	P1P2
PPIG	2908	11861	12423	P1P2	12423	P1P2
PPIH	799	11862	12424	P1P2	12424	P1P2
PPIL1	8198	11863	12425	P1P2	12425	P1P2
PPIL2	2207	11864	12426	P1P2	12426	P1P2
PPIL3	3889	11865	12427	P1P2	12427	P1P2
PPIL4	12372	11866	12428	P1P2	12428	P1P2
PPIL6	8691	11867	12429	P1P2	12429	P1P2
PPIP5K1	11965	11868	12430	ENST00000334933.4,ENST00000360135.4,ENST00000360301.4,ENST00000420765.1	12430	ENST00000381885.1,ENST00000396923.3
PPIP5K2	7478	11869	12431	P1P2	12431	P1P2
PPL	881	11870	12432	P1P2	12432	P1P2
PPM1A	15105	11871	12433	P1P2	12433	P1P2
PPM1B	14610	11872	12434	P1P2	12434	P1P2
PPM1D	9201	11873	12435	P1P2	12435	P1P2
PPM1E	10084	11874	12436	P1P2	12436	P1P2
PPM1F	10480	11875	12437	P1P2	12437	P1P2
PPM1G	9829	11876	12438	P1	12438	P1
PPM1H	4017	11877	12439	P1P2	12439	P1P2
PPM1J	1368	11878	12440	P1P2	12440	P1P2
PPM1K	4506	11879	12441	P1P2	12441	P1P2
PPM1L	12954	11880	12442	P1P2	12442	P1P2
PPM1M	5182	11881	12443	P1P2	12443	P1P2
PPM1N	2096	11882	12444	P1P2	12444	P1P2
PPME1	10763	11883	12445	P1P2	12445	P1P2
PPOX	9788	11884	12446	P1P2	12446	P1P2
PPP1CA	8620	11885	12447	P1	12447	P2
PPP1CB	17213	11886	12448	P1P2	12448	P1P2
PPP1CC	13359	11887	12449	P1P2	12449	P1P2
PPP1R11	5812	11888	12451	P1P2	12451	P1P2
PPP1R12A	17	11889	12452	P1P2	12452	P1P2
PPP1R12B	3092	11890	12453	P1P2	12453	P1P2
PPP1R12C	15338	11891	12454	P1P2	12454	P1P2
PPP1R13B	3002	11892	12455	P1P2	12455	P1P2
PPP1R13L	14609	11893	12456	P2	12456	P2
PPP1R14A	9607	11894	12457	P1P2	12457	P1P2
PPP1R14C	8733	11895	12459	P1P2	12459	P1P2
PPP1R14D	13198	11896	12460	P1P2	12460	P1P2
PPP1R15A	932	11897	12461	P1P2	12461	P1P2
PPP1R15B	16853	11898	12462	P1P2	12462	P1P2
PPP1R16A	3204	11899	12463	P1P2	12463	P1P2
PPP1R16B	14668	11900	12464	P1P2	12464	P1P2
PPP1R17	2802	11901	12465	P1P2	12465	P1P2
PPP1R18	995	11902	12466	P2	12466	P1
PPP1R1A	7810	11903	12467	P1P2	12467	P1P2
PPP1R1B	6829	11904	12468	P1P2	12468	P1P2
PPP1R1C	15645	11905	12469	ENST00000409137.3,ENST00000409702.1,ENST00000452904.1	12469	ENST00000409137.3,ENST00000409702.1,ENST00000452904.1
PPP1R2	17492	11906	12470	P1P2	12470	P1P2
PPP1R21	11062	11907	12471	P1P2	12471	P1P2
PPP1R26	12809	11908	12472	P1P2	12472	P1P2
PPP1R27	16847	11909	12473	P1P2	12473	P1P2
PPP1R32	15967	11910	12474	P1P2	12474	P1P2
PPP1R35	8583	11911	12475	P1P2	12475	P1P2
PPP1R36	8283	11912	12476	P1P2	12476	P1P2
PPP1R37	13526	11913	12477	P1P2	12477	P1P2
PPP1R3A	2192	11914	12478	P1P2	12478	P1P2
PPP1R3B	3877	11915	12479	P1P2	12479	P1P2
PPP1R3C	16587	11916	12480	P1P2	12480	P1P2
PPP1R3D	10071	11917	12481	P1P2	12481	P1P2
PPP1R3F	3239	11919	12483	P1P2	12483	P1P2
PPP1R3G	7157	11920	12484	P1P2	12484	P1P2
PPP1R42	6439	11921	12485	P1P2	12485	P1P2
PPP1R7	11877	11922	12486	P1P2	12486	P1P2
PPP1R8	17303	11923	12487	P1P2	12487	P1P2
PPP1R9A	10449	11924	12488	P1P2	12488	P1P2
PPP2CA	18807	11925	12490	P1P2	12490	P1P2
PPP2CB	16098	11926	12491	P1P2	12491	P1P2
PPP2R1A	17206	11927	12492	P2	12492	P2
PPP2R1B	940	11928	12493	P1P2	12493	P1P2
PPP2R2A	2811	11929	12494	P1P2	12494	P1P2
PPP2R2B	4637	11930	12495	P2	12495	P1
PPP2R2C	10462	11931	12496	P1P2	12496	P1P2
PPP2R3A	5973	11932	12498	P1P2	12498	P1P2
PPP2R3C	14890	11933	12500	P1P2	12500	P1P2
PPP2R5A	706	11935	12502	P1P2	12502	P1P2
PPP2R5B	10837	11936	12503	P1	12503	P2
PPP2R5C	17459	11937	12504	P1P2	12504	P1P2
PPP2R5D	12837	11938	12505	P1P2	12505	P1P2
PPP2R5E	5556	11939	12506	P1P2	12506	P1P2
PPP3CA	7457	11940	12507	P1P2	12507	P1P2
PPP3CB	4322	11941	12508	P1P2	12508	P1P2
PPP3CC	5618	11942	12509	P1P2	12509	P1P2
PPP3R1	13118	11943	12510	P1P2	12510	P1P2
PPP3R2	10611	11944	12511	P1P2	12511	P1P2
PPP4C	11739	11945	12512	P1P2	12512	P1P2
PPP4R1	11615	11946	12513	P1P2	12513	P1P2
PPP4R4	16109	11948	12515	P1P2	12515	P1P2
PPP5C	2403	11949	12516	P1P2	12516	P1P2
PPP5D1	18702	11950	12517	P1P2	12517	P1P2
PPP6C	323	11951	12518	P1P2	12518	P1P2
PPP6R1	8650	11952	12519	P1P2	12519	P1P2
PPP6R2	7106	11953	12520	P1P2	12520	P1P2
PPP6R3	6592	11954	12521	P1P2	12521	P1P2
PPRC1	17787	11955	12522	P1P2	12522	P1P2
PPT1	12131	11956	12523	P1P2	12523	P1P2
PPTC7	8422	11958	12524	P1P2	12524	P1P2
PPWD1	17717	11959	12525	P1P2	12525	P1P2
PPY	7211	11960	12526	P1P2	12526	P1P2
PQBP1	13140	11961	12527	P1P2	12527	P1P2
PRAC1	14285	11965	12531	P1P2	12531	P1P2
PRADC1	14829	11966	12532	P1P2	12532	P1P2
PRAF2	4576	11967	12533	P1	12533	P2
PRAM1	3253	11968	12534	P1P2	12534	P1P2
PRAME	15647	11969	12535	P1P2	12535	P1P2
PRAMEF10	16821	11970	12536	P1P2	12536	P1P2
PRAMEF12	15373	11971	12537	ENST00000357726.4	12537	ENST00000357726.4
PRAMEF8	5964	11973	12542	ENST00000357367.2	12542	ENST00000357367.2
PRAP1	1844	11974	12543	P1P2	12543	P1P2
PRB4	8988	11975	12547	P1P2	12547	P1P2
PRC1	15321	11976	12548	P1P2	12548	P1P2
PRCC	2362	11977	12549	P1P2	12549	P1P2
PRCD	17081	11978	12550	P2	12550	P1
PRCP	11038	11979	12551	P2	12551	P2
PRDM1	14891	11980	12552	P1P2	12552	P1P2
PRDM10	6474	11981	12553	P1P2	12553	P1P2
PRDM11	3185	11982	12554	ENST00000263765.4	12554	ENST00000530656.1
PRDM12	5463	11983	12555	P1P2	12555	P1P2
PRDM13	1776	11984	12556	P1P2	12556	P1P2
PRDM14	14742	11985	12557	P1P2	12557	P1P2
PRDM15	10803	11986	12558	P1P2	12558	P1P2
PRDM16	2419	11987	12559	P1P2	12559	P1P2
PRDM2	9168	11988	12560	ENST00000235372.7,ENST00000311066.5	12560	ENST00000235372.7,ENST00000311066.5
PRDM4	17991	11989	12561	P1P2	12561	P1P2
PRDM5	7851	11990	12562	P1P2	12562	P1P2
PRDM6	7714	11991	12563	P1P2	12563	P1P2
PRDM8	17416	11992	12565	P1	12565	P2
PRDM9	1146	11993	12566	P1P2	12566	P1P2
PRDX1	4969	11994	12567	P1P2	12567	P1P2
PRDX2	12796	11995	12568	P1P2	12568	P1P2
PRDX3	14302	11996	12569	P1P2	12569	P1P2
PRDX4	8463	11997	12570	P1P2	12570	P1P2
PRDX5	17076	11998	12571	P1P2	12571	P1P2
PRDX6	5187	11999	12572	P1P2	12572	P1P2
PREB	12671	12000	12573	P1P2	12573	P1P2
PRELID1	548	12001	12574	P1P2	12574	P1P2
PRELID2	2758	12002	12575	P1P2	12575	P1P2
PRELP	3808	12003	12576	P1P2	12576	P1P2
PREP	1531	12004	12577	P1P2	12577	P1P2
PREPL	9339	12005	12578	P1P2	12578	P1P2
PREX1	13855	12006	12579	P1P2	12579	P1P2
PREX2	9409	12007	12580	P1P2	12580	P1P2
PRF1	18173	12008	12581	P1P2	12581	P1P2
PRG2	5208	12009	12582	P1P2	12582	P1P2
PRG3	6400	12010	12583	P1P2	12583	P1P2
PRG4	3224	12011	12584	P1P2	12584	P1P2
PRH2	2175	12012	12586	P1P2	12586	P1P2
PRICKLE1	13738	12013	12587	P1P2	12587	P1P2
PRICKLE2	11077	12014	12588	P1P2	12588	P1P2
PRICKLE3	17882	12015	12589	P1P2	12589	P1P2
PRICKLE4	6187	12016	12590	P1P2	12590	P1P2
PRIMA1	2241	12018	12592	P1P2	12592	P1P2
PRIMPOL	7651	12019	12593	P1P2	12593	P1P2
PRKAA1	11486	12020	12594	P1P2	12594	P1P2
PRKAA2	1135	12021	12595	P1P2	12595	P1P2
PRKAB1	499	12022	12596	P1P2	12596	P1P2
PRKAB2	15602	12023	12597	P1P2	12597	P1P2
PRKACA	6633	12024	12598	P1P2	12598	P1P2
PRKACB	12485	12025	12599	ENST00000370685.3	12599	ENST00000370685.3
PRKACG	5173	12026	12600	P1P2	12600	P1P2
PRKAG1	13017	12027	12601	P1P2	12601	P1P2
PRKAG2	18591	12028	12602	ENST00000287878.4	12602	ENST00000287878.4
PRKAG3	5684	12029	12603	P1P2	12603	P1P2
PRKAR1A	16586	12030	12604	P1P2	12604	P1P2
PRKAR1B	12029	12031	12605	P2	12605	P1
PRKAR2A	9137	12032	12606	P1P2	12606	P1P2
PRKAR2B	7573	12033	12607	P1P2	12607	P1P2
PRKCA	11092	12034	12608	P1P2	12608	P1P2
PRKCB	1489	12035	12609	P1P2	12609	P1P2
PRKCD	15203	12036	12610	P1P2	12610	P1P2
PRKCE	11317	12038	12612	P1P2	12612	P1P2
PRKCG	7263	12039	12613	P1P2	12613	P1P2
PRKCH	15083	12040	12614	P1P2	12614	P1P2
PRKCI	511	12041	12615	P1P2	12615	P1P2
PRKCQ	4169	12042	12616	P1P2	12616	P1P2
PRKCSH	14254	12043	12617	P1P2	12617	P1P2
PRKCZ	16902	12044	12618	P1	12618	P2
PRKD1	2922	12045	12619	P1P2	12619	P1P2
PRKD2	3541	12046	12620	P2	12620	P1
PRKD3	7235	12047	12621	P1P2	12621	P1P2
PRKG1	12417	12048	12623	ENST00000401604.2	12623	ENST00000401604.2
PRKG2	2223	12049	12624	P1P2	12624	P1P2
PRKRA	11620	12050	12625	P1P2	12625	P1P2
PRKRIP1	735	12051	12626	P1	12626	P1
PRKX	2860	12053	12628	P1P2	12628	P1P2
PRL	13962	12054	12629	P1	12629	P1
PRLH	10585	12055	12630	ENST00000165524.1	12630	ENST00000165524.1
PRLHR	17881	12056	12631	P1P2	12631	P1P2
PRLR	77	12057	12632	P1P2	12632	P1P2
PRM1	12538	12058	12633	P1P2	12633	P1P2
PRM2	15074	12059	12634	P1P2	12634	P1P2
PRMT1	13685	12060	12636	P1P2	12636	P1P2
PRMT2	4249	12062	12638	P1P2	12638	P1P2
PRMT3	16465	12063	12639	P1P2	12639	P1P2
PRMT5	389	12064	12640	P2	12640	P2
PRMT6	10133	12065	12641	P1P2	12641	P1P2
PRMT7	8781	12066	12642	P1P2	12642	P1P2
PRMT8	6368	12067	12643	P1P2	12643	P1P2
PRND	18637	12068	12644	P1P2	12644	P1P2
PRNP	925	12069	12645	P1P2	12645	P1P2
PROB1	13927	12071	12646	P1P2	12646	P1P2
PROC	247	12072	12647	P1	12647	P2
PROCA1	51	12073	12648	P1P2	12648	P1P2
PROCR	9416	12074	12649	P1P2	12649	P1P2
PRODH	11190	12075	12650	P1	12650	P1
PRODH2	16704	12076	12651	P1P2	12651	P1P2
PROK1	12415	12077	12652	P1P2	12652	P1P2
PROK2	11852	12078	12653	P1P2	12653	P1P2
PROKR1	12781	12079	12654	P1P2	12654	P1P2
PROKR2	2438	12080	12655	P1P2	12655	P1P2
PROM1	4432	12082	12657	P2	12657	P1
PROM2	4747	12083	12658	P1P2	12658	P1P2
PROP1	1890	12084	12659	P1P2	12659	P1P2
PROS1	5821	12085	12660	P1P2	12660	P1P2
PROSER1	4454	12087	12662	P1P2	12662	P1P2
PROSER2	6880	12088	12663	P1P2	12663	P1P2
PROX1	2283	12089	12664	P1P2	12664	P1P2
PROX2	16479	12090	12665	ENST00000445876.1,ENST00000556489.2	12665	ENST00000445876.1,ENST00000556489.2
PROZ	11554	12091	12666	P1P2	12666	P1P2
PRPF18	6358	12092	12667	P1P2	12667	P1P2
PRPF19	1601	12093	12668	P1P2	12668	P1P2
PRPF3	10322	12094	12669	P1P2	12669	P1P2
PRPF31	18133	12095	12670	P1P2	12670	P1P2
PRPF38A	14423	12096	12671	P1P2	12671	P1P2
PRPF38B	16975	12097	12672	P1P2	12672	P1P2
PRPF39	6319	12098	12673	P1P2	12673	P1P2
PRPF4	6408	12099	12674	P1P2	12674	P1P2
PRPF40A	209	12100	12675	P1P2	12675	P1P2
PRPF40B	4193	12101	12676	P1P2	12676	P1P2
PRPF4B	6590	12102	12677	P1P2	12677	P1P2
PRPF8	1196	12103	12679	P1P2	12679	P1P2
PRPH	1744	12104	12680	P1P2	12680	P1P2
PRPH2	9331	12105	12681	P1P2	12681	P1P2
PRPS1	11534	12106	12682	P1P2	12682	P1P2
PRPS2	17054	12107	12684	P1P2	12684	P1P2
PRPSAP1	3022	12108	12685	P1P2	12685	P1P2
PRPSAP2	1034	12109	12686	P1	12686	P1
PRR11	11628	12110	12687	P1P2	12687	P1P2
PRR12	8380	12111	12688	P1P2	12688	P1P2
PRR14	6499	12113	12689	P1P2	12689	P1P2
PRR14L	5916	12114	12690	P1P2	12690	P1P2
PRR15	16214	12115	12691	P1P2	12691	P1P2
PRR15L	3027	12116	12692	P1P2	12692	P1P2
PRR16	16352	12117	12693	P2	12693	P2
PRR18	17421	12118	12694	P1P2	12694	P1P2
PRR19	15498	12119	12695	P1P2	12695	P1P2
PRR22	18258	12120	12698	P1P2	12698	P1P2
PRR23B	15827	12121	12700	P1P2	12700	P1P2
PRR25	13089	12123	12703	ENST00000301698.1	12703	ENST00000301698.1
PRR3	2587	12125	12704	P1P2	12704	P1P2
PRR4	18840	12126	12705	P1P2	12705	P1P2
PRR5L	10435	12128	12706	P1P2	12706	P1P2
PRR7	6467	12129	12707	P1P2	12707	P1P2
PRR9	18092	12130	12708	P1P2	12708	P1P2
PRRC1	18977	12131	12709	P1P2	12709	P1P2
PRRC2A	11255	12132	12710	P1P2	12710	P1P2
PRRC2B	5992	12133	12711	P1P2	12711	P1P2
PRRC2C	13706	12134	12712	P1P2	12712	P1P2
PRRG1	18661	12135	12713	P1P2	12713	P1P2
PRRG2	2980	12136	12714	P1P2	12714	P1P2
PRRG3	13382	12137	12715	P1P2	12715	P1P2
PRRG4	5680	12138	12716	P1P2	12716	P1P2
PRRT1	17700	12139	12717	P2	12717	P2
PRRT2	10957	12140	12718	P1P2	12718	P1P2
PRRT3	17859	12141	12719	P1P2	12719	P1P2
PRRT4	9825	12142	12720	P1P2	12720	P1P2
PRRX1	731	12143	12721	P1	12721	P1
PRRX2	2090	12144	12722	P1P2	12722	P1P2
PRSS1	71	12145	12723	P1	12723	P1
PRSS12	18468	12146	12724	P1P2	12724	P1P2
PRSS16	17497	12147	12725	P2	12725	P1
PRSS21	3131	12148	12727	P1P2	12727	P1P2
PRSS22	7904	12149	12728	P1P2	12728	P1P2
PRSS23	8742	12150	12729	P1P2	12729	P1P2
PRSS27	11866	12151	12730	P1P2	12730	P1P2
PRSS3	10587	12152	12731	ENST00000379405.3	12731	ENST00000379405.3
PRSS33	10086	12153	12732	ENST00000570702.1	12732	ENST00000570702.1
PRSS35	13175	12154	12733	P1P2	12733	P1P2
PRSS36	12701	12155	12734	P1P2	12734	P1P2
PRSS37	15865	12156	12735	P1P2	12735	P1P2
PRSS38	18364	12157	12736	P1P2	12736	P1P2
PRSS42	10676	12158	12737	ENST00000429665.1	12737	ENST00000429665.1
PRSS45	14572	12159	12738	ENST00000442359.2	12738	ENST00000442359.2
PRSS46	7145	12160	12739	ENST00000463091.2	12739	ENST00000463091.2
PRSS48	18771	12161	12740	ENST00000455694.2	12740	ENST00000455694.2
PRSS50	18734	12162	12741	P1	12741	P2
PRSS53	7002	12163	12743	P1P2	12743	P1P2
PRSS54	17892	12164	12744	P1P2	12744	P1P2
PRSS55	3798	12165	12745	P1P2	12745	P1P2
PRSS56	4930	12166	12746	P1P2	12746	P1P2
PRSS57	4021	12167	12747	P1P2	12747	P1P2
PRSS58	11744	12168	12748	P1P2	12748	P1P2
PRSS8	17872	12169	12749	P1P2	12749	P1P2
PRTFDC1	16048	12170	12750	P1P2	12750	P1P2
PRTG	1330	12171	12751	P1P2	12751	P1P2
PRTN3	8848	12172	12752	P1	12752	P2
PRUNE2	8434	12174	12754	P1P2	12754	P1P2
PRX	3929	12175	12755	P1P2	12755	P1P2
PSAP	17090	12176	12758	P1P2	12758	P1P2
PSAPL1	6663	12177	12759	P1P2	12759	P1P2
PSAT1	10748	12178	12760	P1P2	12760	P1P2
PSCA	7692	12179	12761	P1	12761	P1
PSD	3805	12180	12762	P2	12762	P1
PSD2	1861	12181	12763	P1P2	12763	P1P2
PSD3	7194	12182	12764	P1P2	12764	P1P2
PSD4	14426	12183	12765	P1P2	12765	P1P2
PSEN1	7942	12184	12766	P1P2	12766	P1P2
PSEN2	12350	12185	12767	P1P2	12767	P1P2
PSENEN	13848	12186	12768	P1P2	12768	P1P2
PSIP1	1465	12187	12772	P1P2	12772	P1P2
PSKH1	667	12188	12773	P1P2	12773	P1P2
PSKH2	16062	12189	12774	P1P2	12774	P1P2
PSMA1	17228	12190	12775	P1P2	12775	P1P2
PSMA2	3794	12191	12776	P1P2	12776	P1P2
PSMA3	6544	12192	12777	P1P2	12777	P1P2
PSMA6	16328	12195	12778	P1P2	12778	P1P2
PSMA7	4697	12196	12779	P1P2	12779	P1P2
PSMA8	14440	12197	12780	P1P2	12780	P1P2
PSMB1	3184	12198	12781	P1P2	12781	P1P2
PSMB10	2827	12199	12782	P1P2	12782	P1P2
PSMB11	15659	12200	12783	P1P2	12783	P1P2
PSMB3	12901	12202	12784	P1P2	12784	P1P2
PSMB4	4132	12203	12785	P1P2	12785	P1P2
PSMB5	3628	12204	12786	P1P2	12786	P1P2
PSMB6	14879	12205	12787	P1	12787	P2
PSMB7	3619	12206	12788	P1P2	12788	P1P2
PSMB8	2361	12207	12789	P1P2	12789	P1P2
PSMB9	15034	12208	12790	P2	12790	P1
PSMC1	7477	12209	12791	P1P2	12791	P1P2
PSMC2	15557	12210	12792	P1P2	12792	P1P2
PSMC3	12625	12211	12793	P1P2	12793	P1P2
PSMC3IP	8568	12212	12794	P1P2	12794	P1P2
PSMC4	12514	12213	12795	P1P2	12795	P1P2
PSMC5	7320	12214	12796	P1P2	12796	P1P2
PSMC6	182	12215	12797	P1P2	12797	P1P2
PSMD1	3042	12216	12798	P1P2	12798	P1P2
PSMD10	11919	12217	12799	P1P2	12799	P1P2
PSMD11	8012	12218	12800	P1P2	12800	P1P2
PSMD12	8342	12219	12801	P1P2	12801	P1P2
PSMD13	5061	12220	12802	P1P2	12802	P1P2
PSMD14	10121	12221	12803	P1P2	12803	P1P2
PSMD2	14870	12222	12804	P1P2	12804	P1P2
PSMD3	6445	12223	12805	P1P2	12805	P1P2
PSMD4	16083	12224	12806	P1P2	12806	P1P2
PSMD5	10250	12225	12807	P1P2	12807	P1P2
PSMD8	6642	12228	12808	P1P2	12808	P1P2
PSMD9	7409	12229	12809	P1P2	12809	P1P2
PSME1	10199	12230	12810	P1P2	12810	P1P2
PSME2	2896	12231	12811	P1P2	12811	P1P2
PSME3	5520	12232	12812	P1P2	12812	P1P2
PSME4	3949	12233	12813	P1P2	12813	P1P2
PSMF1	11797	12234	12814	P1P2	12814	P1P2
PSMG1	12019	12235	12815	P1P2	12815	P1P2
PSMG2	2815	12236	12816	P1P2	12816	P1P2
PSMG3	18419	12237	12817	P1	12817	P1
PSMG4	12379	12238	12818	P1P2	12818	P1P2
PSORS1C1	686	12239	12819	P1P2	12819	P1P2
PSORS1C2	1579	12240	12820	P1P2	12820	P1P2
PSPC1	1139	12241	12821	P1P2	12821	P1P2
PSPH	5982	12242	12822	P1	12822	P1
PSPN	10178	12243	12823	ENST00000245810.1	12823	ENST00000245810.1
PSRC1	15362	12244	12824	P1P2	12824	P1P2
PSTK	3276	12245	12825	P1	12825	P2
PSTPIP1	8964	12246	12826	P1P2	12826	P1P2
PSTPIP2	3326	12247	12827	P1P2	12827	P1P2
PTAFR	13877	12248	12828	P1P2	12828	P1P2
PTAR1	17554	12249	12829	P1P2	12829	P1P2
PTBP1	2785	12250	12830	P1P2	12830	P1P2
PTBP2	9723	12251	12831	P1P2	12831	P1P2
PTBP3	3718	12252	12832	P1P2	12832	P1P2
PTCD2	2880	12253	12834	P1P2	12834	P1P2
PTCD3	11915	12254	12835	P1P2	12835	P1P2
PTCH1	3795	12255	12836	P1P2	12836	P1P2
PTCH2	15569	12256	12837	P1P2	12837	P1P2
PTCHD1	17042	12257	12838	P1P2	12838	P1P2
PTCHD3	5282	12259	12840	P1P2	12840	P1P2
PTCHD4	17581	12260	12841	ENST00000339488.4	12841	ENST00000339488.4
PTCRA	1537	12261	12842	P1P2	12842	P1P2
PTDSS1	10943	12262	12843	P1P2	12843	P1P2
PTDSS2	1879	12263	12844	P1P2	12844	P1P2
PTEN	6463	12264	12845	P1P2	12845	P1P2
PTER	11432	12265	12846	P1P2	12846	P1P2
PTF1A	6998	12266	12847	P1P2	12847	P1P2
PTGDR	9116	12267	12848	P1P2	12848	P1P2
PTGDR2	12416	12268	12849	P1P2	12849	P1P2
PTGDS	10330	12269	12850	P1	12850	P1
PTGER1	5587	12270	12851	P1P2	12851	P1P2
PTGER2	6098	12271	12852	P1P2	12852	P1P2
PTGER3	6810	12272	12853	P1P2	12853	P1P2
PTGER4	17259	12273	12854	P2	12854	P2
PTGES	18495	12274	12855	P1P2	12855	P1P2
PTGES2	17264	12275	12856	P1P2	12856	P1P2
PTGES3	4688	12276	12857	P1P2	12857	P1P2
PTGFR	17013	12277	12860	P1	12860	P1
PTGFRN	16900	12278	12861	P1P2	12861	P1P2
PTGIR	6287	12279	12862	P1P2	12862	P1P2
PTGIS	11973	12280	12863	P1P2	12863	P1P2
PTGR1	251	12281	12864	P1P2	12864	P1P2
PTGR2	16379	12282	12865	P1P2	12865	P1P2
PTGS1	12467	12283	12866	P1P2	12866	P1P2
PTGS2	6714	12284	12867	P2	12867	P2
PTH	15359	12285	12868	P1P2	12868	P1P2
PTH1R	9912	12286	12869	P1P2	12869	P1P2
PTH2	8370	12287	12870	P1P2	12870	P1P2
PTH2R	2	12288	12871	ENST00000272847.2	12871	ENST00000272847.2
PTHLH	18941	12289	12872	P1	12872	P2
PTK2	4162	12290	12873	P1P2	12873	P1P2
PTK2B	3873	12291	12874	P1P2	12874	P1P2
PTK6	1277	12292	12875	P1P2	12875	P1P2
PTK7	16922	12293	12876	P1P2	12876	P1P2
PTMS	1658	12294	12878	P1P2	12878	P1P2
PTN	14536	12295	12879	P1P2	12879	P1P2
PTOV1	8314	12296	12880	P1P2	12880	P1P2
PTP4A1	16699	12297	12881	P1P2	12881	P1P2
PTP4A2	14747	12298	12882	P1P2	12882	P1P2
PTP4A3	10783	12299	12883	P1P2	12883	P1P2
PTPDC1	18683	12300	12884	P1P2	12884	P1P2
PTPMT1	14278	12305	12889	P1P2	12889	P1P2
PTPN1	6511	12306	12890	P1P2	12890	P1P2
PTPN11	17440	12307	12891	P1P2	12891	P1P2
PTPN12	4863	12308	12892	P1P2	12892	P1P2
PTPN13	16150	12309	12893	P1P2	12893	P1P2
PTPN14	2268	12310	12894	P1P2	12894	P1P2
PTPN18	2531	12311	12895	P2	12895	P1
PTPN2	7250	12312	12896	P1P2	12896	P1P2
PTPN21	4405	12313	12898	P1P2	12898	P1P2
PTPN22	18030	12314	12899	P1P2	12899	P1P2
PTPN23	8050	12315	12900	P1P2	12900	P1P2
PTPN3	3528	12316	12901	P1P2	12901	P1P2
PTPN4	17096	12317	12902	P1P2	12902	P1P2
PTPN5	13856	12318	12903	P1P2	12903	P1P2
PTPN6	8680	12319	12904	P1P2	12904	P1P2
PTPN7	11903	12320	12905	P1P2	12905	P1P2
PTPN9	1615	12321	12906	P1P2	12906	P1P2
PTPRA	17335	12322	12907	P1P2	12907	P1P2
PTPRB	8891	12323	12908	P1P2	12908	P1P2
PTPRC	6555	12324	12909	P1P2	12909	P1P2
PTPRCAP	15269	12325	12910	P1P2	12910	P1P2
PTPRD	9779	12326	12911	ENST00000381196.4	12911	ENST00000381196.4
PTPRE	6317	12327	12912	ENST00000419012.2	12912	ENST00000254667.3
PTPRF	15854	12328	12913	P1P2	12913	P1P2
PTPRG	8510	12329	12914	P1P2	12914	P1P2
PTPRH	5705	12330	12915	P1P2	12915	P1P2
PTPRJ	17647	12331	12916	P1P2	12916	P1P2
PTPRK	7221	12332	12917	P2	12917	P1
PTPRM	13720	12333	12918	P1P2	12918	P1P2
PTPRN	6586	12334	12919	P1P2	12919	P1P2
PTPRN2	9241	12335	12920	ENST00000389416.4,ENST00000389418.4,ENST00000409483.1	12920	ENST00000389416.4,ENST00000389418.4,ENST00000409483.1
PTPRO	3663	12336	12921	P1P2	12921	P1P2
PTPRR	9736	12337	12923	P1P2	12923	P1P2
PTPRS	7377	12338	12924	P1P2	12924	P1P2
PTPRT	2237	12339	12925	P1P2	12925	P1P2
PTPRU	8763	12340	12926	P1	12926	P1
PTPRZ1	16785	12341	12927	P1P2	12927	P1P2
PTRH1	178	12343	12929	P1P2	12929	P1P2
PTRH2	17466	12344	12930	P1P2	12930	P1P2
PTRHD1	18953	12345	12931	P1P2	12931	P1P2
PTS	8337	12346	12932	P1P2	12932	P1P2
PTTG1	14712	12347	12933	P1P2	12933	P1P2
PTTG1IP	14521	12348	12934	P1P2	12934	P1P2
PTX3	4230	12349	12936	P1P2	12936	P1P2
PTX4	15224	12350	12937	P1P2	12937	P1P2
PUF60	3207	12351	12938	P1P2	12938	P1P2
PUM1	3753	12352	12939	P1P2	12939	P1P2
PUM2	9614	12353	12940	P1P2	12940	P1P2
PURA	11508	12354	12941	P2	12941	P2
PURB	9187	12355	12942	P1P2	12942	P1P2
PURG	14435	12356	12943	P1P2	12943	P1P2
PUS1	14893	12357	12944	P1P2	12944	P1P2
PUS10	502	12358	12945	P1P2	12945	P1P2
PUS3	14834	12359	12946	P1P2	12946	P1P2
PUS7	11042	12360	12947	P1P2	12947	P1P2
PUS7L	15326	12361	12948	P1P2	12948	P1P2
PUSL1	14024	12362	12949	P1P2	12949	P1P2
PVALB	17586	12363	12950	P1P2	12950	P1P2
PVR	16180	12364	12951	P1P2	12951	P1P2
PVRIG	13886	12365	12952	P1P2	12952	P1P2
PWP1	208	12370	12957	P1P2	12957	P1P2
PWWP2A	16754	12372	12958	P1P2	12958	P1P2
PWWP2B	17749	12373	12959	P1	12959	P2
PXDC1	6203	12374	12960	P1P2	12960	P1P2
PXDN	15759	12375	12961	P1P2	12961	P1P2
PXDNL	12595	12376	12962	P1P2	12962	P1P2
PXK	9553	12377	12963	P1P2	12963	P1P2
PXMP2	14139	12378	12964	P1P2	12964	P1P2
PXMP4	383	12379	12965	P1P2	12965	P1P2
PXN	7964	12380	12966	P1P2	12966	P1P2
PXT1	10895	12381	12967	P1P2	12967	P1P2
PYCARD	5122	12382	12968	P1P2	12968	P1P2
PYCR1	3512	12383	12969	P1P2	12969	P1P2
PYCR2	9566	12384	12970	P1P2	12970	P1P2
PYDC1	15416	12386	12972	P1P2	12972	P1P2
PYDC2	2909	12387	12973	ENST00000518817.1	12973	ENST00000518817.1
PYGB	17070	12388	12974	P1P2	12974	P1P2
PYGL	6468	12389	12975	P1P2	12975	P1P2
PYGM	18630	12390	12976	P1P2	12976	P1P2
PYGO1	8220	12391	12977	P1P2	12977	P1P2
PYGO2	9987	12392	12978	P1P2	12978	P1P2
PYHIN1	6696	12393	12979	P1P2	12979	P1P2
PYROXD1	4119	12394	12980	P1P2	12980	P1P2
PYROXD2	7030	12395	12981	P1P2	12981	P1P2
PYY	17361	12397	12982	ENST00000360085.2	12982	ENST00000360085.2
PZP	16591	12398	12983	P1P2	12983	P1P2
QDPR	8382	12400	12985	P1P2	12985	P1P2
QKI	7831	12401	12986	P1P2	12986	P1P2
QPCT	10306	12402	12987	P1P2	12987	P1P2
QPCTL	6173	12403	12988	P1P2	12988	P1P2
QPRT	8985	12404	12989	P1	12989	P2
QRFP	617	12405	12990	P1P2	12990	P1P2
QRFPR	9742	12406	12991	P1P2	12991	P1P2
QRICH1	13742	12407	12992	P1P2	12992	P1P2
QRICH2	254	12408	12993	ENST00000262765.5	12993	ENST00000262765.5
QRSL1	10653	12409	12994	P1P2	12994	P1P2
QSER1	15211	12410	12995	P1P2	12995	P1P2
QSOX1	8561	12411	12996	P1P2	12996	P1P2
QSOX2	9697	12412	12997	P1P2	12997	P1P2
QTRT1	14667	12413	12998	P1P2	12998	P1P2
R3HCC1	3320	12415	13000	P1	13000	P2
R3HCC1L	17272	12416	13001	P1P2	13001	P1P2
R3HDM1	9910	12417	13002	P1	13002	P2
R3HDM2	2170	12418	13003	P1P2	13003	P1P2
R3HDM4	16497	12419	13004	P1	13004	P2
R3HDML	3979	12420	13005	ENST00000217043.2	13005	ENST00000217043.2
RAB10	1435	12421	13006	P1P2	13006	P1P2
RAB11A	12313	12422	13007	P1P2	13007	P1P2
RAB11B	11546	12423	13008	P1P2	13008	P1P2
RAB11FIP1	5305	12424	13009	P1P2	13009	P1P2
RAB11FIP2	2793	12425	13010	P1P2	13010	P1P2
RAB11FIP3	3028	12426	13011	P1P2	13011	P1P2
RAB11FIP4	13889	12427	13012	ENST00000325874.8	13012	ENST00000325874.8
RAB11FIP5	7011	12428	13013	P1P2	13013	P1P2
RAB12	621	12429	13014	P1P2	13014	P1P2
RAB13	3244	12430	13015	P1P2	13015	P1P2
RAB14	16374	12431	13016	P1P2	13016	P1P2
RAB15	4241	12432	13017	P1P2	13017	P1P2
RAB17	3171	12433	13018	P1P2	13018	P1P2
RAB18	2503	12434	13019	P1P2	13019	P1P2
RAB19	18549	12435	13020	P1P2	13020	P1P2
RAB1A	4508	12436	13021	P1P2	13021	P1P2
RAB1B	16662	12437	13022	P1P2	13022	P1P2
RAB20	13278	12438	13023	P1P2	13023	P1P2
RAB21	15080	12439	13024	P1P2	13024	P1P2
RAB22A	15753	12440	13025	P1P2	13025	P1P2
RAB23	9125	12441	13026	P1P2	13026	P1P2
RAB24	7156	12442	13027	P1P2	13027	P1P2
RAB25	9279	12443	13028	P1P2	13028	P1P2
RAB26	13236	12444	13029	P1P2	13029	P1P2
RAB27A	14701	12445	13030	P1P2	13030	P1P2
RAB27B	15765	12446	13031	P1P2	13031	P1P2
RAB28	7613	12447	13032	P1P2	13032	P1P2
RAB2A	9281	12448	13033	P1P2	13033	P1P2
RAB2B	17380	12449	13034	P1P2	13034	P1P2
RAB30	6560	12450	13035	P1P2	13035	P1P2
RAB31	5709	12451	13036	P1P2	13036	P1P2
RAB32	12407	12452	13037	P1P2	13037	P1P2
RAB33A	11154	12453	13038	P1P2	13038	P1P2
RAB33B	12468	12454	13039	P1P2	13039	P1P2
RAB35	13707	12456	13040	P1P2	13040	P1P2
RAB36	15661	12457	13041	P1P2	13041	P1P2
RAB37	3712	12458	13042	P1P2	13042	P1P2
RAB38	16838	12459	13043	P1P2	13043	P1P2
RAB39A	15249	12460	13044	P1P2	13044	P1P2
RAB39B	10176	12461	13045	P1P2	13045	P1P2
RAB3A	14656	12462	13046	P1P2	13046	P1P2
RAB3B	18339	12463	13047	P1P2	13047	P1P2
RAB3C	14614	12464	13048	P1P2	13048	P1P2
RAB3D	14527	12465	13049	P1P2	13049	P1P2
RAB3GAP1	8642	12466	13050	P1P2	13050	P1P2
RAB3GAP2	13194	12467	13051	P1P2	13051	P1P2
RAB3IL1	1577	12468	13052	P1P2	13052	P1P2
RAB3IP	7446	12469	13053	P1P2	13053	P1P2
RAB40A	15673	12470	13054	P1P2	13054	P1P2
RAB40B	17808	12471	13056	P1P2	13056	P1P2
RAB40C	4870	12472	13057	P1P2	13057	P1P2
RAB41	2603	12473	13058	P1P2	13058	P1P2
RAB42	18017	12474	13059	P1P2	13059	P1P2
RAB43	7048	12475	13060	P1P2	13060	P1P2
RAB4A	12626	12476	13062	P1P2	13062	P1P2
RAB5A	2121	12478	13063	P1P2	13063	P1P2
RAB5B	5668	12479	13064	P1P2	13064	P1P2
RAB5C	6759	12480	13065	P1	13065	P2
RAB6B	17831	12481	13067	P1P2	13067	P1P2
RAB6C	5521	12482	13068	P1P2	13068	P1P2
RAB7A	16280	12483	13069	P1P2	13069	P1P2
RAB8A	6683	12485	13071	P1P2	13071	P1P2
RAB8B	13159	12486	13072	P1P2	13072	P1P2
RAB9A	8790	12487	13073	P1P2	13073	P1P2
RAB9B	12302	12488	13074	P1P2	13074	P1P2
RABAC1	5650	12489	13075	P1P2	13075	P1P2
RABEP1	7986	12490	13076	P1P2	13076	P1P2
RABEP2	5321	12491	13077	P1P2	13077	P1P2
RABEPK	7186	12492	13078	P1P2	13078	P1P2
RABGAP1	13372	12493	13079	P1P2	13079	P1P2
RABGAP1L	7341	12494	13080	P1P2	13080	P1P2
RABGGTA	16848	12496	13081	P1P2	13081	P1P2
RABIF	12522	12498	13082	P1P2	13082	P1P2
RABL3	18127	12499	13085	P1P2	13085	P1P2
RABL6	8930	12501	13087	P1P2	13087	P1P2
RAC1	14749	12502	13088	P1P2	13088	P1P2
RAC2	6737	12503	13089	P1P2	13089	P1P2
RAC3	17699	12504	13090	P1P2	13090	P1P2
RACGAP1	10314	12505	13091	P1P2	13091	P1P2
RAD1	8216	12506	13092	P1P2	13092	P1P2
RAD17	8363	12507	13093	P1P2	13093	P1P2
RAD18	15880	12508	13094	P1P2	13094	P1P2
RAD21	5052	12509	13095	P1P2	13095	P1P2
RAD21L1	8173	12510	13096	P1P2	13096	P1P2
RAD23A	18382	12511	13097	P1P2	13097	P1P2
RAD23B	14593	12512	13098	P1P2	13098	P1P2
RAD50	14726	12513	13099	P1P2	13099	P1P2
RAD51AP1	14431	12515	13100	P1P2	13100	P1P2
RAD51AP2	7386	12516	13101	P1P2	13101	P1P2
RAD51B	1599	12517	13102	P1P2	13102	P1P2
RAD51C	10210	12518	13103	P1P2	13103	P1P2
RAD51D	16333	12519	13104	P1P2	13104	P1P2
RAD52	17658	12520	13105	P1	13105	P2
RAD54B	637	12521	13106	P1P2	13106	P1P2
RAD54L	318	12522	13107	P1P2	13107	P1P2
RAD54L2	9649	12523	13108	ENST00000409535.2	13108	ENST00000409535.2
RAD9A	10564	12524	13109	P1P2	13109	P1P2
RAD9B	2544	12525	13110	P1P2	13110	P1P2
RADIL	4038	12526	13111	P1P2	13111	P1P2
RAE1	10998	12527	13112	P1P2	13112	P1P2
RAET1E	15055	12528	13113	P1	13113	P1
RAET1G	13080	12529	13114	P1P2	13114	P1P2
RAF1	18939	12530	13116	P1P2	13116	P1P2
RAG1	12280	12531	13117	P1P2	13117	P1P2
RAG2	3933	12532	13118	P1P2	13118	P1P2
RAI1	5792	12533	13119	P1P2	13119	P1P2
RAI14	10107	12534	13120	P1P2	13120	P1P2
RAI2	12510	12535	13121	P1P2	13121	P1P2
RALA	17409	12536	13122	P1P2	13122	P1P2
RALB	13016	12537	13123	P1P2	13123	P1P2
RALBP1	1341	12538	13124	P1P2	13124	P1P2
RALGAPA1	18536	12539	13125	P1P2	13125	P1P2
RALGAPA2	11235	12540	13126	P1P2	13126	P1P2
RALGAPB	665	12541	13127	P1P2	13127	P1P2
RALGDS	2357	12542	13128	P2	13128	P2
RALGPS1	3124	12543	13129	P1P2	13129	P1P2
RALGPS2	14289	12544	13130	P1P2	13130	P1P2
RALY	9203	12545	13131	P1P2	13131	P1P2
RALYL	5532	12546	13132	P1P2	13132	P1P2
RAMP1	6582	12547	13133	P1P2	13133	P1P2
RAMP2	1625	12548	13134	P1P2	13134	P1P2
RAMP3	18315	12549	13135	P1P2	13135	P1P2
RAN	8215	12550	13136	P1P2	13136	P1P2
RANBP1	17148	12551	13137	P1P2	13137	P1P2
RANBP10	9685	12552	13138	P1P2	13138	P1P2
RANBP17	12798	12553	13139	P1P2	13139	P1P2
RANBP2	2634	12554	13140	P1P2	13140	P1P2
RANBP3	14639	12555	13141	P1P2	13141	P1P2
RANBP3L	14966	12556	13142	P1P2	13142	P1P2
RANBP6	1508	12557	13143	P1P2	13143	P1P2
RANBP9	10219	12558	13144	P1P2	13144	P1P2
RANGAP1	5477	12559	13145	P1P2	13145	P1P2
RANGRF	3595	12560	13146	P1P2	13146	P1P2
RAP1A	10590	12561	13147	P1P2	13147	P1P2
RAP1GAP	9946	12562	13149	P2	13149	P2
RAP1GAP2	12009	12563	13150	P1P2	13150	P1P2
RAP1GDS1	12438	12564	13151	P1P2	13151	P1P2
RAP2A	8552	12565	13152	P1P2	13152	P1P2
RAP2B	9505	12566	13153	P1P2	13153	P1P2
RAP2C	2432	12567	13154	P1P2	13154	P1P2
RAPGEF1	13429	12568	13155	ENST00000372190.3	13155	ENST00000372190.3
RAPGEF2	5799	12569	13156	ENST00000264431.4	13156	ENST00000264431.4
RAPGEF3	12024	12570	13157	P1P2	13157	P1P2
RAPGEF4	17739	12571	13158	P1P2	13158	P1P2
RAPGEF5	11227	12572	13159	ENST00000344041.6	13159	ENST00000344041.6
RAPGEF6	17814	12573	13160	P1P2	13160	P1P2
RAPGEFL1	14143	12574	13161	P1P2	13161	P1P2
RAPH1	8933	12575	13162	P1P2	13162	P1P2
RAPSN	10379	12576	13163	P1P2	13163	P1P2
RARA	17973	12577	13164	P2	13164	P2
RARB	2457	12578	13165	P1P2	13165	P1P2
RARG	6691	12579	13166	P1	13166	P2
RARRES1	14307	12580	13167	P1P2	13167	P1P2
RARRES2	13081	12581	13168	P1P2	13168	P1P2
RARS2	14931	12584	13171	P1P2	13171	P1P2
RASA1	16842	12585	13172	P2	13172	P2
RASA2	14951	12586	13173	P1P2	13173	P1P2
RASA3	9115	12587	13174	P1P2	13174	P1P2
RASAL1	10833	12588	13177	P1P2	13177	P1P2
RASAL2	13613	12589	13178	P1P2	13178	P1P2
RASAL3	16437	12590	13179	P1P2	13179	P1P2
RASD1	11503	12591	13180	P1P2	13180	P1P2
RASD2	11568	12592	13181	P1P2	13181	P1P2
RASEF	10464	12593	13182	P1P2	13182	P1P2
RASGEF1A	3147	12594	13183	P1P2	13183	P1P2
RASGEF1B	16516	12595	13184	P1P2	13184	P1P2
RASGEF1C	7325	12596	13185	P1P2	13185	P1P2
RASGRF1	16655	12597	13186	P1P2	13186	P1P2
RASGRF2	14077	12598	13187	P1P2	13187	P1P2
RASGRP1	8145	12599	13188	P2	13188	P2
RASGRP2	3557	12600	13189	P2	13189	P1
RASGRP3	9584	12601	13190	P1P2	13190	P1P2
RASGRP4	11775	12602	13191	P1P2	13191	P1P2
RASIP1	13473	12603	13192	P1P2	13192	P1P2
RASL10A	18985	12604	13193	P1P2	13193	P1P2
RASL10B	4195	12605	13194	P1P2	13194	P1P2
RASL11A	641	12606	13195	P1P2	13195	P1P2
RASL11B	15226	12607	13196	P1P2	13196	P1P2
RASL12	97	12608	13197	P1P2	13197	P1P2
RASSF1	15121	12609	13198	P1	13198	P1
RASSF2	1758	12610	13199	P1P2	13199	P1P2
RASSF3	10680	12611	13200	P1P2	13200	P1P2
RASSF4	6811	12612	13201	P1P2	13201	P1P2
RASSF5	15928	12613	13202	P1P2	13202	P1P2
RASSF6	2289	12614	13203	P1P2	13203	P1P2
RASSF7	6486	12615	13204	P1P2	13204	P1P2
RASSF8	9345	12616	13205	P1P2	13205	P1P2
RASSF9	8124	12617	13206	P1P2	13206	P1P2
RAVER1	15847	12618	13207	P2	13207	P2
RAVER2	15073	12619	13208	P1P2	13208	P1P2
RAX	18878	12620	13209	P1P2	13209	P1P2
RAX2	9938	12621	13210	P1P2	13210	P1P2
RB1	5672	12622	13211	P1P2	13211	P1P2
RB1CC1	16865	12623	13212	P2	13212	P2
RBAK	18589	12624	13213	P1	13213	P2
RBAK-RBAKDN	10758	12625	13214	ENST00000407184.1	13214	ENST00000407184.1
RBBP4	12549	12626	13215	P1P2	13215	P1P2
RBBP5	12616	12627	13216	P1P2	13216	P1P2
RBBP6	16092	12628	13217	P1P2	13217	P1P2
RBBP7	18580	12629	13218	P1P2	13218	P1P2
RBBP8	18206	12630	13219	P1P2	13219	P1P2
RBBP8NL	1014	12631	13220	P1P2	13220	P1P2
RBBP9	1865	12632	13221	P1P2	13221	P1P2
RBCK1	495	12633	13222	P1P2	13222	P1P2
RBFA	2255	12634	13223	P1P2	13223	P1P2
RBFOX1	1918	12635	13224	ENST00000311745.5	13224	ENST00000311745.5
RBFOX2	16469	12636	13225	P2	13225	P1
RBFOX3	2004	12637	13226	P1P2	13226	P1P2
RBKS	16200	12638	13227	P1P2	13227	P1P2
RBL1	2473	12639	13228	P1P2	13228	P1P2
RBL2	898	12640	13229	P1	13229	P1
RBM10	10677	12641	13230	P1P2	13230	P1P2
RBM11	12312	12642	13231	P1P2	13231	P1P2
RBM12	11387	12643	13232	P1P2	13232	P1P2
RBM12B	16667	12644	13233	P1P2	13233	P1P2
RBM14	10756	12645	13234	P1P2	13234	P1P2
RBM15	12083	12646	13236	P1P2	13236	P1P2
RBM15B	5878	12647	13237	P2	13237	P2
RBM17	3589	12648	13238	P1P2	13238	P1P2
RBM18	12767	12649	13239	P1P2	13239	P1P2
RBM19	5811	12650	13240	P1P2	13240	P1P2
RBM20	18996	12651	13241	P1P2	13241	P1P2
RBM22	2903	12652	13242	P1P2	13242	P1P2
RBM23	16682	12653	13243	P1P2	13243	P1P2
RBM24	4917	12654	13244	P1P2	13244	P1P2
RBM25	399	12655	13245	P1P2	13245	P1P2
RBM26	529	12656	13246	P1P2	13246	P1P2
RBM27	16231	12657	13247	P1P2	13247	P1P2
RBM28	15766	12658	13248	P1P2	13248	P1P2
RBM3	4087	12659	13249	P1P2	13249	P1P2
RBM33	2078	12660	13250	P1P2	13250	P1P2
RBM34	14678	12661	13251	P1P2	13251	P1P2
RBM38	1672	12662	13252	P1P2	13252	P1P2
RBM39	16422	12663	13253	P1P2	13253	P1P2
RBM4	311	12664	13254	P2	13254	P2
RBM41	14464	12665	13255	P1P2	13255	P1P2
RBM42	15030	12666	13256	P1P2	13256	P1P2
RBM43	10340	12667	13257	P1P2	13257	P1P2
RBM44	6628	12668	13258	P1P2	13258	P1P2
RBM45	717	12669	13259	P1P2	13259	P1P2
RBM46	1165	12670	13260	P1P2	13260	P1P2
RBM47	7960	12671	13261	P1P2	13261	P1P2
RBM48	5351	12672	13262	P1P2	13262	P1P2
RBM4B	10127	12673	13263	P1P2	13263	P1P2
RBM5	14339	12674	13264	P1P2	13264	P1P2
RBM6	1085	12675	13265	P1P2	13265	P1P2
RBM7	10641	12676	13266	P1P2	13266	P1P2
RBMS1	18298	12678	13267	P1P2	13267	P1P2
RBMS2	5731	12679	13268	P1P2	13268	P1P2
RBMS3	16618	12680	13269	P1P2	13269	P1P2
RBMX2	6614	12681	13271	P1P2	13271	P1P2
RBMXL2	5033	12682	13273	P1P2	13273	P1P2
RBP1	15532	12683	13275	P1P2	13275	P1P2
RBP2	13111	12684	13276	P1	13276	P1
RBP3	6661	12685	13277	P1P2	13277	P1P2
RBP4	5390	12686	13278	P1P2	13278	P1P2
RBP5	13047	12687	13279	P1P2	13279	P1P2
RBP7	11704	12688	13280	P1P2	13280	P1P2
RBPJ	11976	12689	13281	P1P2	13281	P1P2
RBPJL	14869	12690	13282	P1P2	13282	P1P2
RBPMS	13667	12691	13283	P1P2	13283	P1P2
RBPMS2	16859	12692	13284	P1P2	13284	P1P2
RBX1	12436	12693	13285	P1P2	13285	P1P2
RC3H1	10098	12694	13286	P1P2	13286	P1P2
RC3H2	2001	12695	13287	P1P2	13287	P1P2
RCAN1	3800	12696	13288	P1P2	13288	P1P2
RCAN2	3016	12697	13289	P1P2	13289	P1P2
RCAN3	2696	12698	13290	P1P2	13290	P1P2
RCBTB1	13260	12699	13291	P1P2	13291	P1P2
RCBTB2	13219	12700	13292	P1P2	13292	P1P2
RCC1	14390	12701	13293	P1	13293	P1
RCC2	12899	12702	13294	P1	13294	P2
RCCD1	6593	12703	13295	P2	13295	P1
RCE1	9498	12704	13296	P1P2	13296	P1P2
RCHY1	4547	12705	13297	P1P2	13297	P1P2
RCL1	11756	12706	13298	P1P2	13298	P1P2
RCN1	12950	12707	13299	P1P2	13299	P1P2
RCN2	7826	12708	13300	P1P2	13300	P1P2
RCN3	2435	12709	13301	P1P2	13301	P1P2
RCOR1	2569	12710	13302	P1P2	13302	P1P2
RCOR2	1567	12711	13303	P1P2	13303	P1P2
RCOR3	9507	12712	13304	P1P2	13304	P1P2
RCSD1	1698	12713	13305	P1P2	13305	P1P2
RCVRN	2778	12714	13306	P1P2	13306	P1P2
RD3	15241	12715	13307	P1P2	13307	P1P2
RD3L	10072	12716	13308	P1P2	13308	P1P2
RDH10	224	12717	13309	P1P2	13309	P1P2
RDH11	15036	12718	13310	P1P2	13310	P1P2
RDH12	17668	12719	13311	P1P2	13311	P1P2
RDH13	15671	12720	13312	P1	13312	P1
RDH14	1071	12721	13313	P1P2	13313	P1P2
RDH16	15534	12722	13314	P1P2	13314	P1P2
RDH5	17616	12723	13315	P1P2	13315	P1P2
RDH8	12056	12724	13316	P1P2	13316	P1P2
RDM1	16567	12725	13317	P1P2	13317	P1P2
RDX	8847	12726	13318	P1P2	13318	P1P2
REC8	719	12727	13319	P1P2	13319	P1P2
RECK	10747	12728	13320	P1P2	13320	P1P2
RECQL	17916	12729	13321	P1P2	13321	P1P2
RECQL5	9246	12730	13323	P1P2	13323	P1P2
REEP1	10908	12731	13324	P1P2	13324	P1P2
REEP2	7362	12732	13325	P1P2	13325	P1P2
REEP4	15194	12733	13327	P1P2	13327	P1P2
REEP5	7241	12734	13328	P1P2	13328	P1P2
REEP6	8207	12735	13329	P1P2	13329	P1P2
REG1A	16467	12736	13330	P1P2	13330	P1P2
REG1B	15896	12737	13331	P1P2	13331	P1P2
REG3A	10649	12738	13332	P1P2	13332	P1P2
REG3G	4334	12739	13333	P1P2	13333	P1P2
REG4	11043	12740	13334	P1P2	13334	P1P2
REL	8417	12741	13335	P1P2	13335	P1P2
RELA	4056	12742	13336	P1P2	13336	P1P2
RELB	17583	12743	13337	P1P2	13337	P1P2
RELL1	1293	12744	13338	P1P2	13338	P1P2
RELL2	869	12745	13339	P1P2	13339	P1P2
RELN	12439	12746	13340	P1P2	13340	P1P2
RELT	3186	12747	13341	P1P2	13341	P1P2
REM1	114	12748	13342	P1P2	13342	P1P2
REM2	3438	12749	13343	P1P2	13343	P1P2
REN	10719	12750	13344	P1P2	13344	P1P2
RENBP	4236	12751	13345	P1P2	13345	P1P2
REP15	9657	12752	13346	P1P2	13346	P1P2
REPIN1	3083	12753	13347	P1P2	13347	P1P2
REPS1	11174	12754	13348	P1P2	13348	P1P2
REPS2	17964	12755	13349	P1P2	13349	P1P2
RER1	1202	12756	13350	P1P2	13350	P1P2
RERE	5510	12757	13351	P1P2	13351	P1P2
RERG	3513	12758	13352	P1P2	13352	P1P2
RERGL	1053	12759	13353	P1P2	13353	P1P2
RESP18	2738	12760	13354	P1P2	13354	P1P2
REST	11598	12761	13355	P1	13355	P1
RET	3744	12762	13356	P2	13356	P1
RETN	6297	12763	13357	P1P2	13357	P1P2
RETNLB	4493	12764	13358	P1P2	13358	P1P2
RETSAT	4999	12765	13359	P1P2	13359	P1P2
REV1	11510	12766	13360	P1P2	13360	P1P2
REV3L	14782	12767	13361	P1P2	13361	P1P2
REXO1	12462	12768	13362	P1P2	13362	P1P2
REXO2	125	12769	13363	P1P2	13363	P1P2
REXO4	12099	12770	13364	P1P2	13364	P1P2
RFC1	11477	12771	13365	P1P2	13365	P1P2
RFC2	9878	12772	13366	P1P2	13366	P1P2
RFC3	7165	12773	13367	P1P2	13367	P1P2
RFC5	3310	12775	13368	P1P2	13368	P1P2
RFESD	3761	12776	13369	P1P2	13369	P1P2
RFFL	2423	12777	13370	P1P2	13370	P1P2
RFK	19020	12778	13371	P1P2	13371	P1P2
RFNG	14224	12779	13372	P1P2	13372	P1P2
RFPL1	9015	12780	13373	ENST00000354373.2	13373	ENST00000354373.2
RFPL2	7333	12781	13374	P1P2	13374	P1P2
RFPL4B	4226	12783	13378	P1P2	13378	P1P2
RFTN1	6670	12785	13379	P1P2	13379	P1P2
RFTN2	6743	12786	13380	P1P2	13380	P1P2
RFWD3	5068	12788	13382	P1P2	13382	P1P2
RFX1	16038	12789	13383	P1P2	13383	P1P2
RFX2	9597	12790	13384	P1P2	13384	P1P2
RFX3	7018	12791	13385	P1P2	13385	P1P2
RFX4	17201	12792	13386	P1P2	13386	P1P2
RFX5	5562	12793	13387	P1P2	13387	P1P2
RFX6	17769	12794	13388	P1P2	13388	P1P2
RFX7	12356	12795	13389	P1P2	13389	P1P2
RFX8	10724	12796	13390	P1P2	13390	P1P2
RFXANK	5570	12797	13391	P1P2	13391	P1P2
RFXAP	1721	12798	13392	P1P2	13392	P1P2
RGCC	13619	12801	13395	P1P2	13395	P1P2
RGL1	6621	12802	13396	P1	13396	P1
RGL2	13553	12803	13397	P1	13397	P2
RGL3	16781	12804	13398	P1P2	13398	P1P2
RGL4	7973	12805	13399	P2	13399	P2
RGMA	17360	12806	13400	P2	13400	P2
RGMB	6780	12807	13401	P1	13401	P1
RGN	2291	12808	13402	P1P2	13402	P1P2
RGP1	5252	12809	13403	P1P2	13403	P1P2
RGPD2	5742	12810	13405	P1P2	13405	P1P2
RGR	10248	12811	13411	P1P2	13411	P1P2
RGS1	8652	12812	13412	P1P2	13412	P1P2
RGS10	15041	12813	13413	P1P2	13413	P1P2
RGS11	13821	12814	13414	P1P2	13414	P1P2
RGS12	16141	12815	13415	P1P2	13415	P1P2
RGS13	12745	12816	13416	P1P2	13416	P1P2
RGS14	3183	12817	13417	P1	13417	P1
RGS16	1131	12818	13418	P1P2	13418	P1P2
RGS17	6578	12819	13419	P1P2	13419	P1P2
RGS18	18035	12820	13420	P1P2	13420	P1P2
RGS19	11010	12821	13421	P1P2	13421	P1P2
RGS2	635	12822	13422	P1P2	13422	P1P2
RGS20	3389	12823	13423	P2	13423	P2
RGS21	10442	12824	13424	P1P2	13424	P1P2
RGS22	16800	12825	13425	P1P2	13425	P1P2
RGS3	7199	12826	13426	ENST00000350696.5	13426	ENST00000350696.5
RGS4	4444	12827	13427	P1P2	13427	P1P2
RGS5	14541	12828	13428	P1P2	13428	P1P2
RGS6	4490	12829	13429	P1P2	13429	P1P2
RGS7	5736	12830	13430	P1P2	13430	P1P2
RGS7BP	7582	12831	13431	P1P2	13431	P1P2
RGS8	12568	12832	13432	P2	13432	P2
RGS9	5880	12833	13433	P1P2	13433	P1P2
RGS9BP	545	12834	13434	P1P2	13434	P1P2
RGSL1	11107	12835	13435	P1P2	13435	P1P2
RHAG	7226	12836	13436	P1P2	13436	P1P2
RHBDD1	1747	12837	13437	P1P2	13437	P1P2
RHBDD2	8408	12838	13438	P1P2	13438	P1P2
RHBDD3	191	12839	13439	P1P2	13439	P1P2
RHBDF1	10829	12840	13440	P1P2	13440	P1P2
RHBDF2	5085	12841	13441	P1P2	13441	P1P2
RHBDL1	3901	12842	13442	P1P2	13442	P1P2
RHBDL2	16047	12843	13443	P1	13443	P2
RHBDL3	4214	12844	13444	P1P2	13444	P1P2
RHBG	16632	12845	13445	P1P2	13445	P1P2
RHCE	12457	12846	13446	P1P2	13446	P1P2
RHCG	58	12847	13447	P1P2	13447	P1P2
RHD	9803	12848	13448	P1P2	13448	P1P2
RHEB	15389	12849	13449	P1P2	13449	P1P2
RHEBL1	170	12850	13450	P1P2	13450	P1P2
RHNO1	13822	12851	13451	P1P2	13451	P1P2
RHO	724	12852	13452	P1P2	13452	P1P2
RHOA	14496	12853	13453	P1P2	13453	P1P2
RHOB	11839	12854	13454	P1P2	13454	P1P2
RHOBTB1	2868	12855	13455	P1P2	13455	P1P2
RHOBTB2	7743	12856	13456	P1P2	13456	P1P2
RHOBTB3	14	12857	13457	P1P2	13457	P1P2
RHOC	13832	12858	13458	P1P2	13458	P1P2
RHOD	17366	12859	13459	P1P2	13459	P1P2
RHOF	7537	12860	13460	P1P2	13460	P1P2
RHOG	8355	12861	13461	P1P2	13461	P1P2
RHOH	987	12862	13462	P1P2	13462	P1P2
RHOJ	8960	12863	13463	P1P2	13463	P1P2
RHOQ	15657	12864	13464	P1P2	13464	P1P2
RHOT1	5987	12865	13465	P1P2	13465	P1P2
RHOT2	7633	12866	13466	P1P2	13466	P1P2
RHOU	14783	12867	13467	P1P2	13467	P1P2
RHOV	11991	12868	13468	P1P2	13468	P1P2
RHOXF1	197	12869	13469	P1P2	13469	P1P2
RHPN1	7483	12870	13471	P1P2	13471	P1P2
RHPN2	6210	12871	13472	P1P2	13472	P1P2
RIBC1	6132	12872	13473	P1P2	13473	P1P2
RIBC2	16544	12873	13474	P1P2	13474	P1P2
RIC3	18144	12874	13475	P1P2	13475	P1P2
RIC8A	15897	12875	13476	P2	13476	P2
RIC8B	3626	12876	13477	P1P2	13477	P1P2
RICTOR	13944	12877	13478	P1P2	13478	P1P2
RIF1	15329	12878	13479	P1P2	13479	P1P2
RIIAD1	14163	12879	13480	P1	13480	P1
RILP	1494	12880	13481	P1P2	13481	P1P2
RILPL1	10284	12881	13482	P1P2	13482	P1P2
RIMBP2	320	12882	13484	ENST00000261655.4	13484	ENST00000261655.4
RIMKLA	13732	12883	13488	P1P2	13488	P1P2
RIMKLB	18617	12884	13489	P1P2	13489	P1P2
RIMS1	16617	12885	13490	P1P2	13490	P1P2
RIMS2	4253	12886	13491	ENST00000406091.3	13491	ENST00000406091.3
RIMS3	2694	12887	13492	P1P2	13492	P1P2
RIMS4	12464	12888	13493	P1P2	13493	P1P2
RIN1	16981	12889	13494	P1P2	13494	P1P2
RIN2	10765	12890	13495	ENST00000255006.6	13495	ENST00000255006.6
RIN3	3526	12891	13496	P1P2	13496	P1P2
RING1	13218	12892	13497	P1P2	13497	P1P2
RINL	9702	12893	13498	P1	13498	P1
RINT1	14535	12894	13499	P1P2	13499	P1P2
RIOK1	17091	12895	13500	P1P2	13500	P1P2
RIOK2	7798	12896	13501	P1P2	13501	P1P2
RIOK3	1532	12897	13502	P1P2	13502	P1P2
RIPK1	1915	12898	13503	P1	13503	P1
RIPK2	3334	12899	13504	P1P2	13504	P1P2
RIPK3	13069	12900	13505	P1P2	13505	P1P2
RIPK4	204	12901	13506	P1P2	13506	P1P2
RIPPLY1	15454	12902	13507	P1P2	13507	P1P2
RIPPLY2	6874	12903	13508	P1P2	13508	P1P2
RIPPLY3	10384	12904	13509	P1P2	13509	P1P2
RIT1	6403	12905	13510	P1P2	13510	P1P2
RIT2	16609	12906	13511	P1P2	13511	P1P2
RLBP1	19004	12907	13512	P1P2	13512	P1P2
RLF	193	12908	13513	P1P2	13513	P1P2
RLIM	8773	12909	13514	P1P2	13514	P1P2
RLN1	18842	12910	13515	P1P2	13515	P1P2
RLN2	1440	12911	13516	P1P2	13516	P1P2
RLN3	3830	12912	13517	ENST00000431365.2	13517	ENST00000431365.2
RMDN1	15991	12913	13519	P1P2	13519	P1P2
RMDN2	14682	12914	13520	P1P2	13520	P1P2
RMDN3	14540	12915	13521	P1P2	13521	P1P2
RMI1	6160	12916	13522	P1P2	13522	P1P2
RMI2	8098	12917	13523	P1P2	13523	P1P2
RMND1	1379	12918	13524	P1P2	13524	P1P2
RMND5A	11629	12919	13525	P1P2	13525	P1P2
RMND5B	12817	12920	13526	P1P2	13526	P1P2
RNASE1	1475	12921	13527	P1P2	13527	P1P2
RNASE10	8186	12922	13528	ENST00000328444.5	13528	ENST00000328444.5
RNASE11	6769	12923	13529	P1P2	13529	P1P2
RNASE12	659	12924	13530	P1P2	13530	P1P2
RNASE13	15890	12925	13531	P1P2	13531	P1P2
RNASE2	2331	12926	13532	P1P2	13532	P1P2
RNASE3	6050	12927	13533	P1P2	13533	P1P2
RNASE6	13216	12929	13534	P1P2	13534	P1P2
RNASE7	6410	12930	13535	P1P2	13535	P1P2
RNASE8	16405	12931	13536	ENST00000308227.2	13536	ENST00000308227.2
RNASE9	13377	12932	13537	P1P2	13537	P1P2
RNASEH1	12985	12933	13538	P1P2	13538	P1P2
RNASEH2A	11826	12934	13539	P1P2	13539	P1P2
RNASEH2B	2539	12935	13540	P1P2	13540	P1P2
RNASEH2C	18709	12936	13541	P1P2	13541	P1P2
RNASEK	14157	12937	13542	P1P2	13542	P1P2
RNASEL	17060	12938	13543	P1P2	13543	P1P2
RNASET2	10422	12939	13544	P1P2	13544	P1P2
RND1	1755	12940	13545	P1P2	13545	P1P2
RND2	9905	12941	13546	P1P2	13546	P1P2
RND3	3342	12942	13547	P1P2	13547	P1P2
RNF10	14129	12943	13548	P1P2	13548	P1P2
RNF103	11402	12944	13549	P1P2	13549	P1P2
RNF11	13803	12945	13551	P1P2	13551	P1P2
RNF111	9334	12946	13552	P1P2	13552	P1P2
RNF112	19010	12947	13553	P1P2	13553	P1P2
RNF113A	13788	12948	13554	P1P2	13554	P1P2
RNF113B	7836	12949	13555	P1P2	13555	P1P2
RNF114	14723	12950	13556	P1P2	13556	P1P2
RNF115	17223	12951	13557	P1P2	13557	P1P2
RNF121	18376	12952	13558	P1P2	13558	P1P2
RNF122	18838	12953	13559	P1P2	13559	P1P2
RNF123	10485	12954	13560	P1P2	13560	P1P2
RNF125	4528	12955	13561	P1P2	13561	P1P2
RNF126	17009	12956	13562	P1P2	13562	P1P2
RNF128	3118	12957	13563	P1P2	13563	P1P2
RNF13	17159	12958	13564	P1P2	13564	P1P2
RNF130	6976	12959	13565	P1P2	13565	P1P2
RNF133	11557	12960	13566	P1P2	13566	P1P2
RNF135	16944	12961	13567	P1P2	13567	P1P2
RNF138	12546	12962	13568	P1P2	13568	P1P2
RNF139	13415	12963	13569	P1P2	13569	P1P2
RNF14	2467	12964	13570	P1P2	13570	P1P2
RNF141	7532	12965	13571	P1P2	13571	P1P2
RNF144A	3848	12966	13572	P2	13572	P2
RNF144B	16046	12967	13573	P1P2	13573	P1P2
RNF145	15480	12968	13574	P1	13574	P2
RNF146	2653	12969	13575	P1P2	13575	P1P2
RNF148	10146	12970	13576	P1P2	13576	P1P2
RNF149	1241	12971	13577	P1P2	13577	P1P2
RNF150	5697	12972	13578	P1P2	13578	P1P2
RNF151	8083	12973	13579	P1P2	13579	P1P2
RNF152	1355	12974	13580	P1	13580	P2
RNF157	15703	12975	13581	P1P2	13581	P1P2
RNF165	12590	12976	13582	P1P2	13582	P1P2
RNF166	11488	12977	13583	P2	13583	P1
RNF167	6833	12978	13584	P1P2	13584	P1P2
RNF168	5310	12979	13585	P1P2	13585	P1P2
RNF169	965	12980	13586	P1P2	13586	P1P2
RNF17	9337	12981	13587	P1P2	13587	P1P2
RNF170	16419	12982	13588	P1P2	13588	P1P2
RNF175	12490	12983	13589	P1P2	13589	P1P2
RNF180	18038	12984	13590	P1P2	13590	P1P2
RNF181	8608	12985	13591	P1P2	13591	P1P2
RNF182	14445	12986	13592	P1P2	13592	P1P2
RNF183	7285	12987	13593	P1P2	13593	P1P2
RNF185	9285	12988	13594	P1P2	13594	P1P2
RNF186	9645	12989	13595	P1P2	13595	P1P2
RNF187	17374	12990	13596	P1	13596	P1
RNF19A	15726	12991	13597	P1P2	13597	P1P2
RNF19B	6102	12992	13598	P1P2	13598	P1P2
RNF2	3387	12993	13599	P1P2	13599	P1P2
RNF20	8884	12994	13600	P1P2	13600	P1P2
RNF207	16205	12995	13601	P2	13601	P2
RNF208	296	12996	13602	P1P2	13602	P1P2
RNF212	14826	12997	13603	P1P2	13603	P1P2
RNF213	19012	12998	13604	P1	13604	P2
RNF214	34	12999	13605	P1P2	13605	P1P2
RNF215	17476	13000	13606	P1P2	13606	P1P2
RNF216	16920	13001	13607	P1P2	13607	P1P2
RNF217	8259	13002	13608	P1P2	13608	P1P2
RNF220	1610	13004	13610	ENST00000443020.2	13610	ENST00000443020.2
RNF222	14776	13005	13611	P1P2	13611	P1P2
RNF223	8897	13006	13612	P1P2	13612	P1P2
RNF24	16988	13007	13614	P1P2	13614	P1P2
RNF25	8227	13008	13615	P2	13615	P1
RNF26	14688	13009	13616	P1P2	13616	P1P2
RNF31	1366	13010	13617	P1P2	13617	P1P2
RNF32	12248	13011	13618	P1P2	13618	P1P2
RNF34	89	13012	13619	P1P2	13619	P1P2
RNF38	11887	13013	13620	ENST00000350199.4,ENST00000357058.3	13620	ENST00000350199.4,ENST00000357058.3
RNF39	15644	13014	13621	P1P2	13621	P1P2
RNF4	18070	13015	13622	P1P2	13622	P1P2
RNF40	4714	13016	13623	P1P2	13623	P1P2
RNF41	16317	13017	13624	P1P2	13624	P1P2
RNF43	11957	13018	13625	P1P2	13625	P1P2
RNF44	18877	13019	13626	P1P2	13626	P1P2
RNF5	6278	13020	13627	P1P2	13627	P1P2
RNF6	11328	13021	13628	P1P2	13628	P1P2
RNF7	4403	13022	13629	P1P2	13629	P1P2
RNF8	10491	13023	13630	P1P2	13630	P1P2
RNFT1	14740	13024	13631	P1P2	13631	P1P2
RNFT2	15993	13025	13632	P1P2	13632	P1P2
RNGTT	3582	13026	13633	P1P2	13633	P1P2
RNH1	5087	13027	13634	P1P2	13634	P1P2
RNLS	18956	13028	13635	P1P2	13635	P1P2
RNMT	11543	13029	13636	P1P2	13636	P1P2
RNPC3	10816	13031	13638	P1P2	13638	P1P2
RNPEP	2982	13032	13639	P1P2	13639	P1P2
RNPEPL1	10271	13033	13640	P1P2	13640	P1P2
RNPS1	3308	13034	13641	P1P2	13641	P1P2
ROBO1	18967	13035	13642	ENST00000464233.1	13642	ENST00000464233.1
ROBO2	15950	13036	13643	P1P2	13643	P1P2
ROBO3	18470	13037	13644	P1P2	13644	P1P2
ROBO4	14868	13038	13645	P1P2	13645	P1P2
ROCK1	16670	13039	13646	P1P2	13646	P1P2
ROCK2	5270	13040	13647	P1P2	13647	P1P2
ROGDI	17336	13041	13648	P1P2	13648	P1P2
ROM1	13141	13042	13649	P1P2	13649	P1P2
ROMO1	8270	13043	13650	P1P2	13650	P1P2
ROPN1	7439	13044	13651	P1P2	13651	P1P2
ROPN1B	2511	13045	13652	P1P2	13652	P1P2
ROPN1L	2247	13046	13653	P1P2	13653	P1P2
ROR1	9472	13047	13654	P1P2	13654	P1P2
ROR2	6360	13048	13655	P1P2	13655	P1P2
RORA	2264	13049	13656	ENST00000335670.6	13656	ENST00000335670.6
RORB	8961	13050	13657	P1P2	13657	P1P2
RORC	5590	13051	13658	P1	13658	P1
ROS1	16571	13052	13659	P1P2	13659	P1P2
RP1	11771	13053	13660	P1P2	13660	P1P2
RP1L1	9333	13064	13661	P1P2	13661	P1P2
RP2	8243	13065	13662	P1P2	13662	P1P2
RP9	13711	13066	13663	P1P2	13663	P1P2
RPA1	5741	13067	13664	P1P2	13664	P1P2
RPA3	9388	13069	13665	P1P2	13665	P1P2
RPA4	13537	13071	13666	P1P2	13666	P1P2
RPAIN	15716	13072	13667	P1P2	13667	P1P2
RPAP1	1559	13073	13668	P1P2	13668	P1P2
RPAP2	10648	13074	13669	P1P2	13669	P1P2
RPAP3	7479	13075	13670	P1P2	13670	P1P2
RPE	15322	13076	13671	P1P2	13671	P1P2
RPE65	3833	13077	13672	P1P2	13672	P1P2
RPF1	732	13078	13673	P1P2	13673	P1P2
RPF2	18299	13079	13674	P1P2	13674	P1P2
RPGR	12539	13080	13675	P1P2	13675	P1P2
RPGRIP1	8257	13081	13676	P1	13676	P2
RPGRIP1L	6422	13082	13677	P1P2	13677	P1P2
RPH3A	5874	13083	13678	P1P2	13678	P1P2
RPH3AL	7760	13084	13679	P1P2	13679	P1P2
RPIA	11861	13085	13680	P1P2	13680	P1P2
RPL10L	6027	13088	13681	P1P2	13681	P1P2
RPL11	17996	13089	13682	P1P2	13682	P1P2
RPL12	18562	13090	13683	P1P2	13683	P1P2
RPL13	4391	13091	13684	P1P2	13684	P1P2
RPL13A	7804	13092	13685	P2	13685	P2
RPL14	1768	13093	13686	P1P2	13686	P1P2
RPL18	17551	13094	13689	P1P2	13689	P1P2
RPL18A	18904	13095	13690	P1P2	13690	P1P2
RPL22	466	13097	13692	P1	13692	P1
RPL22L1	711	13098	13693	P1P2	13693	P1P2
RPL26L1	8717	13100	13696	P1P2	13696	P1P2
RPL27	3177	13101	13697	P1P2	13697	P1P2
RPL28	5626	13103	13698	P1P2	13698	P1P2
RPL3	2878	13104	13700	P1P2	13700	P1P2
RPL30	2728	13105	13701	P1P2	13701	P1P2
RPL31	11989	13106	13702	P1P2	13702	P1P2
RPL35	5354	13107	13703	P1P2	13703	P1P2
RPL35A	10988	13108	13704	P1P2	13704	P1P2
RPL36	3471	13109	13705	P1P2	13705	P1P2
RPL36A	10782	13110	13706	P1P2	13706	P1P2
RPL37	397	13111	13708	P1P2	13708	P1P2
RPL3L	883	13114	13712	P1P2	13712	P1P2
RPL4	14803	13115	13713	P1P2	13713	P1P2
RPL5	10152	13116	13715	P1P2	13715	P1P2
RPL7	15297	13117	13716	P1P2	13716	P1P2
RPL8	5716	13119	13718	P1P2	13718	P1P2
RPLP0	5166	13120	13720	P1P2	13720	P1P2
RPLP1	13146	13121	13721	P1P2	13721	P1P2
RPLP2	8616	13122	13722	P1P2	13722	P1P2
RPN1	12979	13123	13723	P1P2	13723	P1P2
RPN2	16881	13124	13724	P1P2	13724	P1P2
RPP14	2456	13125	13725	P1P2	13725	P1P2
RPP21	13940	13126	13726	P1P2	13726	P1P2
RPP25	3617	13127	13727	P1P2	13727	P1P2
RPP25L	16365	13128	13728	P1P2	13728	P1P2
RPP30	7925	13129	13729	P1P2	13729	P1P2
RPP38	14858	13130	13730	P1P2	13730	P1P2
RPP40	8152	13131	13731	P1P2	13731	P1P2
RPRD1A	18232	13132	13732	P1P2	13732	P1P2
RPRD1B	9275	13133	13733	P1P2	13733	P1P2
RPRD2	3230	13134	13734	P1P2	13734	P1P2
RPRM	12477	13135	13735	P1P2	13735	P1P2
RPRML	7021	13136	13736	P1P2	13736	P1P2
RPS10	5394	13137	13737	P1P2	13737	P1P2
RPS11	9998	13138	13738	P1P2	13738	P1P2
RPS12	14533	13139	13739	P1P2	13739	P1P2
RPS13	1403	13140	13740	P1P2	13740	P1P2
RPS14	7188	13141	13741	P1P2	13741	P1P2
RPS15A	11832	13142	13743	P1P2	13743	P1P2
RPS16	15617	13143	13744	P1P2	13744	P1P2
RPS19	3802	13145	13746	P1P2	13746	P1P2
RPS19BP1	5453	13146	13747	P1P2	13747	P1P2
RPS21	10231	13148	13749	P1P2	13749	P1P2
RPS25	17695	13150	13751	P1P2	13751	P1P2
RPS27L	5976	13151	13754	P1P2	13754	P1P2
RPS29	8910	13152	13755	P1	13755	P2
RPS3	5839	13153	13756	P1	13756	P2
RPS3A	2180	13154	13757	P1P2	13757	P1P2
RPS4Y1	5296	13155	13759	P1P2	13759	P1P2
RPS5	10042	13156	13761	P1P2	13761	P1P2
RPS6KA1	15663	13157	13762	P1	13762	P1
RPS6KA2	1314	13158	13763	P1P2	13763	P1P2
RPS6KA3	2356	13159	13764	P1P2	13764	P1P2
RPS6KA4	8464	13160	13765	P1P2	13765	P1P2
RPS6KA5	18664	13161	13766	P1P2	13766	P1P2
RPS6KA6	18326	13162	13767	P1P2	13767	P1P2
RPS6KB1	1233	13163	13768	P1P2	13768	P1P2
RPS6KB2	9634	13164	13769	P1P2	13769	P1P2
RPS6KC1	1716	13165	13770	P1P2	13770	P1P2
RPS6KL1	8303	13166	13771	P1P2	13771	P1P2
RPS8	7397	13167	13773	P1P2	13773	P1P2
RPS9	7274	13168	13774	P1P2	13774	P1P2
RPSA	16237	13169	13775	P1P2	13775	P1P2
RPTN	6226	13170	13776	P1P2	13776	P1P2
RPTOR	4411	13171	13777	P1P2	13777	P1P2
RPUSD1	1667	13172	13778	P1	13778	P1
RPUSD2	2637	13173	13779	P1P2	13779	P1P2
RPUSD3	7384	13174	13780	P1P2	13780	P1P2
RPUSD4	14266	13175	13781	P1P2	13781	P1P2
RRAD	17354	13177	13783	P1P2	13783	P1P2
RRAGA	5053	13178	13784	P1P2	13784	P1P2
RRAGB	4893	13179	13785	P1P2	13785	P1P2
RRAGC	776	13180	13786	P1P2	13786	P1P2
RRAGD	11280	13181	13787	P1P2	13787	P1P2
RRAS	877	13182	13788	P1P2	13788	P1P2
RRAS2	13951	13183	13789	P1P2	13789	P1P2
RRBP1	18926	13184	13790	P1P2	13790	P1P2
RREB1	1746	13185	13791	P1P2	13791	P1P2
RRH	6541	13186	13792	P1P2	13792	P1P2
RRM2B	16677	13189	13794	P1P2	13794	P1P2
RRN3	4138	13190	13795	P1P2	13795	P1P2
RRNAD1	13997	13191	13796	P1P2	13796	P1P2
RRP1	2552	13192	13797	P1P2	13797	P1P2
RRP12	9177	13193	13798	P1P2	13798	P1P2
RRP15	4103	13194	13799	P1P2	13799	P1P2
RRP1B	15340	13195	13800	P1P2	13800	P1P2
RRP36	11902	13196	13801	P1P2	13801	P1P2
RRP7A	16893	13197	13802	P1P2	13802	P1P2
RRP8	13873	13198	13803	P1P2	13803	P1P2
RRP9	18731	13199	13804	P1P2	13804	P1P2
RRS1	9501	13200	13805	P1P2	13805	P1P2
RS1	16507	13201	13806	P1P2	13806	P1P2
RSAD1	9069	13202	13807	P1P2	13807	P1P2
RSAD2	13386	13203	13808	P1	13808	P1
RSBN1	13438	13204	13809	P1P2	13809	P1P2
RSBN1L	12640	13205	13810	P1P2	13810	P1P2
RSF1	13657	13206	13812	P1P2	13812	P1P2
RSL1D1	4602	13208	13814	P1	13814	P2
RSPH1	10425	13209	13816	P1P2	13816	P1P2
RSPH3	9086	13210	13819	P1P2	13819	P1P2
RSPH4A	5129	13211	13820	P1P2	13820	P1P2
RSPH6A	6789	13212	13821	P1P2	13821	P1P2
RSPH9	18764	13213	13822	P1P2	13822	P1P2
RSPO1	6100	13214	13823	P1P2	13823	P1P2
RSPO2	1142	13215	13824	P1P2	13824	P1P2
RSPO3	15633	13216	13825	P1P2	13825	P1P2
RSPO4	18772	13217	13826	P1P2	13826	P1P2
RSPRY1	15939	13218	13827	P1P2	13827	P1P2
RSRC1	14175	13219	13828	P1P2	13828	P1P2
RSRC2	14514	13220	13829	P1P2	13829	P1P2
RSU1	396	13221	13830	P1P2	13830	P1P2
RTBDN	10158	13222	13831	P2	13831	P2
RTCA	4318	13223	13832	P1P2	13832	P1P2
RTCB	10568	13224	13833	P1P2	13833	P1P2
RTEL1	18553	13226	13835	P1P2	13835	P1P2
RTF1	13858	13227	13836	P1P2	13836	P1P2
RTKN	18182	13229	13838	P2	13838	P2
RTKN2	17958	13230	13839	P1P2	13839	P1P2
RTL1	16947	13231	13840	ENST00000534062.1	13840	ENST00000534062.1
RTN1	17746	13232	13841	P1P2	13841	P1P2
RTN2	5159	13233	13842	P1	13842	P1
RTN3	18087	13234	13843	P1P2	13843	P1P2
RTN4	4841	13235	13844	ENST00000394609.2	13844	ENST00000394609.2
RTN4IP1	4868	13236	13845	P1P2	13845	P1P2
RTN4R	10222	13237	13846	P1P2	13846	P1P2
RTN4RL1	14025	13238	13847	P1P2	13847	P1P2
RTN4RL2	11000	13239	13848	P1P2	13848	P1P2
RTP1	2428	13240	13849	P1P2	13849	P1P2
RTP2	14222	13241	13850	ENST00000358241.1	13850	ENST00000358241.1
RTP3	14150	13242	13851	P1P2	13851	P1P2
RTP4	12368	13243	13852	P1P2	13852	P1P2
RTTN	17797	13244	13853	P1P2	13853	P1P2
RUFY1	7710	13245	13854	P2	13854	P1
RUFY2	5512	13246	13855	P1P2	13855	P1P2
RUFY3	8179	13247	13856	P1	13856	P1
RUFY4	13232	13248	13857	P1P2	13857	P1P2
RUNDC1	5295	13249	13858	P1P2	13858	P1P2
RUNDC3A	14148	13250	13859	P1P2	13859	P1P2
RUNDC3B	17218	13251	13860	P1P2	13860	P1P2
RUNX1	4873	13252	13861	ENST00000300305.3,ENST00000437180.1	13861	ENST00000300305.3,ENST00000437180.1
RUNX1T1	6141	13253	13862	P1	13862	P2
RUNX2	2733	13254	13863	P1	13863	P1
RUNX3	4944	13255	13864	P2	13864	P1
RUSC1	9088	13256	13865	P1	13865	P1
RUSC2	12225	13257	13867	P2	13867	P1
RWDD1	14095	13260	13869	P1P2	13869	P1P2
RWDD2A	15525	13261	13870	P1P2	13870	P1P2
RWDD2B	11096	13262	13871	P1P2	13871	P1P2
RWDD3	10325	13263	13872	P1P2	13872	P1P2
RWDD4	9705	13264	13873	P1P2	13873	P1P2
RXFP1	17479	13265	13874	P1P2	13874	P1P2
RXFP2	2967	13266	13875	P1P2	13875	P1P2
RXFP3	18040	13267	13876	P1P2	13876	P1P2
RXFP4	16372	13268	13877	P1P2	13877	P1P2
RXRA	8775	13269	13878	P1P2	13878	P1P2
RXRB	9808	13270	13879	P1P2	13879	P1P2
RXRG	16354	13271	13880	P1P2	13880	P1P2
RYR1	11305	13272	13883	P1P2	13883	P1P2
RYR2	4639	13273	13884	P1P2	13884	P1P2
RYR3	12951	13274	13885	P1P2	13885	P1P2
S100A1	1901	13275	13886	P1	13886	P2
S100A10	9521	13276	13887	P1	13887	P1
S100A11	7391	13277	13888	P1P2	13888	P1P2
S100A12	3616	13278	13889	P2	13889	P2
S100A13	5000	13279	13890	P1P2	13890	P1P2
S100A14	1493	13280	13891	P1P2	13891	P1P2
S100A16	7701	13281	13892	P1P2	13892	P1P2
S100A2	2543	13282	13893	P1P2	13893	P1P2
S100A3	9766	13283	13894	P1P2	13894	P1P2
S100A4	10020	13284	13895	P1P2	13895	P1P2
S100A5	6973	13285	13896	P1P2	13896	P1P2
S100A6	9195	13286	13897	P1P2	13897	P1P2
S100A7L2	11910	13287	13900	ENST00000368725.2	13900	ENST00000368725.2
S100A8	16703	13288	13901	P1P2	13901	P1P2
S100A9	5719	13289	13902	P1P2	13902	P1P2
S100B	9469	13290	13903	P1P2	13903	P1P2
S100G	7403	13291	13904	P1P2	13904	P1P2
S100P	15526	13292	13905	P1P2	13905	P1P2
S100PBP	1485	13293	13906	P1P2	13906	P1P2
S100Z	4161	13294	13907	P1P2	13907	P1P2
S1PR1	10375	13295	13908	P1P2	13908	P1P2
S1PR2	2258	13296	13909	P1P2	13909	P1P2
S1PR3	8099	13297	13910	P1P2	13910	P1P2
S1PR4	13956	13298	13911	P1P2	13911	P1P2
S1PR5	17537	13299	13912	P1P2	13912	P1P2
SAA4	11748	13300	13916	P1P2	13916	P1P2
SAAL1	11913	13301	13917	P1	13917	P1
SAC3D1	10909	13302	13918	P1P2	13918	P1P2
SACM1L	11535	13303	13919	P1P2	13919	P1P2
SACS	7555	13304	13920	ENST00000382292.3	13920	ENST00000382298.3
SAE1	9652	13305	13921	P1P2	13921	P1P2
SAFB	15256	13306	13922	P1P2	13922	P1P2
SAFB2	11176	13307	13923	P1P2	13923	P1P2
SAG	15565	13308	13924	P1P2	13924	P1P2
SAGE1	11194	13309	13925	P1P2	13925	P1P2
SALL1	5076	13310	13926	P1P2	13926	P1P2
SALL2	7108	13311	13927	P1P2	13927	P1P2
SALL3	18415	13312	13928	P1P2	13928	P1P2
SALL4	10245	13313	13929	P1P2	13929	P1P2
SAMD1	18960	13314	13930	P1P2	13930	P1P2
SAMD10	3306	13315	13931	P1P2	13931	P1P2
SAMD11	10712	13316	13932	P1	13932	P2
SAMD12	13925	13317	13933	P1P2	13933	P1P2
SAMD13	2595	13318	13934	P1	13934	P2
SAMD14	3773	13319	13935	P1P2	13935	P1P2
SAMD15	18460	13320	13936	P1P2	13936	P1P2
SAMD3	5387	13321	13937	P1	13937	P1
SAMD4A	18612	13322	13938	P1P2	13938	P1P2
SAMD4B	7768	13323	13939	P1P2	13939	P1P2
SAMD5	18645	13324	13940	P1P2	13940	P1P2
SAMD7	13812	13325	13941	P1P2	13941	P1P2
SAMD8	3111	13326	13942	P1P2	13942	P1P2
SAMD9	7672	13327	13943	P1P2	13943	P1P2
SAMD9L	5174	13328	13944	P1P2	13944	P1P2
SAMHD1	17559	13329	13945	P1P2	13945	P1P2
SAMM50	15207	13330	13946	P1P2	13946	P1P2
SAMSN1	3437	13331	13947	P1P2	13947	P1P2
SAP130	14120	13332	13948	P1P2	13948	P1P2
SAP18	15725	13333	13949	P1P2	13949	P1P2
SAP30	14013	13334	13951	P1P2	13951	P1P2
SAP30BP	11362	13335	13952	P1P2	13952	P1P2
SAP30L	11820	13336	13953	P1P2	13953	P1P2
SAPCD1	9906	13337	13954	P1P2	13954	P1P2
SAPCD2	1398	13338	13955	P1P2	13955	P1P2
SAR1A	10813	13339	13956	P1P2	13956	P1P2
SAR1B	10658	13340	13957	P1P2	13957	P1P2
SARDH	3561	13341	13958	P1P2	13958	P1P2
SARNP	15410	13343	13960	P1P2	13960	P1P2
SART1	2689	13346	13961	P1P2	13961	P1P2
SART3	13913	13347	13962	P1P2	13962	P1P2
SASH1	15641	13348	13963	P1P2	13963	P1P2
SASH3	12783	13349	13964	P1P2	13964	P1P2
SASS6	6923	13350	13965	P1P2	13965	P1P2
SAT1	9032	13351	13966	P1P2	13966	P1P2
SAT2	11103	13352	13967	P1P2	13967	P1P2
SATB1	3098	13353	13968	P1	13968	P2
SATB2	2252	13354	13969	P1P2	13969	P1P2
SATL1	11013	13355	13970	P1P2	13970	P1P2
SAV1	2514	13356	13971	P1P2	13971	P1P2
SAYSD1	9799	13357	13972	P1P2	13972	P1P2
SBDS	18538	13358	13973	P1P2	13973	P1P2
SBF1	9547	13359	13974	P1P2	13974	P1P2
SBF2	14580	13360	13975	P1P2	13975	P1P2
SBK1	8450	13361	13976	P1P2	13976	P1P2
SBK2	7595	13362	13977	P1P2	13977	P1P2
SBNO1	10927	13363	13978	P1P2	13978	P1P2
SBNO2	421	13364	13979	P1	13979	P1
SBSN	8414	13365	13980	P1P2	13980	P1P2
SBSPON	14638	13366	13981	P1P2	13981	P1P2
SC5D	2300	13367	13982	P1P2	13982	P1P2
SCAF1	4659	13368	13983	P1P2	13983	P1P2
SCAF11	1155	13369	13984	P1P2	13984	P1P2
SCAF4	18208	13370	13985	P1P2	13985	P1P2
SCAF8	14058	13371	13986	P1P2	13986	P1P2
SCAI	1503	13372	13987	P1P2	13987	P1P2
SCAMP2	8191	13373	13989	P1	13989	P1
SCAMP3	10822	13374	13990	P1P2	13990	P1P2
SCAMP5	17174	13376	13991	P1P2	13991	P1P2
SCAND1	11859	13377	13992	P1P2	13992	P1P2
SCAP	13765	13379	13994	P1P2	13994	P1P2
SCAPER	9845	13380	13995	P1P2	13995	P1P2
SCARA3	6481	13381	13996	P1P2	13996	P1P2
SCARA5	16442	13382	13997	P1P2	13997	P1P2
SCARB1	6945	13383	13998	P1P2	13998	P1P2
SCARB2	13572	13384	13999	P1P2	13999	P1P2
SCARF1	11941	13385	14000	P1P2	14000	P1P2
SCARF2	7558	13386	14001	P1P2	14001	P1P2
SCCPDH	6089	13387	14002	P1P2	14002	P1P2
SCD	17507	13388	14003	P1P2	14003	P1P2
SCD5	18379	13389	14004	P1P2	14004	P1P2
SCEL	5161	13390	14005	P1P2	14005	P1P2
SCFD1	11828	13391	14006	P1P2	14006	P1P2
SCFD2	6022	13392	14007	P1P2	14007	P1P2
SCG2	528	13393	14008	P1P2	14008	P1P2
SCG3	10545	13394	14009	P1P2	14009	P1P2
SCG5	4097	13395	14010	P1P2	14010	P1P2
SCGB1A1	2745	13396	14011	P1P2	14011	P1P2
SCGB1D1	14497	13398	14012	P1P2	14012	P1P2
SCGB1D2	15626	13399	14013	P1P2	14013	P1P2
SCGB1D4	478	13400	14014	P1P2	14014	P1P2
SCGB2A1	11736	13401	14015	P1P2	14015	P1P2
SCGB2A2	8871	13402	14016	P1P2	14016	P1P2
SCGB2B2	11086	13403	14017	P1P2	14017	P1P2
SCGB3A1	15721	13404	14018	P1P2	14018	P1P2
SCGB3A2	2825	13405	14019	P1P2	14019	P1P2
SCGN	10709	13406	14020	P1P2	14020	P1P2
SCIMP	15230	13407	14022	P1P2	14022	P1P2
SCIN	8906	13408	14023	P1P2	14023	P1P2
SCLT1	3406	13409	14024	P1P2	14024	P1P2
SCLY	11644	13410	14025	ENST00000254663.6,ENST00000555827.1	14025	ENST00000254663.6,ENST00000555827.1
SCMH1	1259	13411	14026	ENST00000402904.2	14026	ENST00000402904.2
SCML1	10881	13412	14027	P1P2	14027	P1P2
SCML2	3354	13413	14028	P1P2	14028	P1P2
SCML4	18047	13414	14029	P1P2	14029	P1P2
SCN10A	12061	13415	14030	ENST00000449082.2	14030	ENST00000449082.2
SCN11A	11175	13416	14031	ENST00000302328.3,ENST00000450244.1	14031	ENST00000302328.3,ENST00000450244.1
SCN1A	13233	13417	14032	ENST00000303395.4,ENST00000423058.2	14032	ENST00000303395.4,ENST00000423058.2
SCN1B	3004	13418	14033	P1P2	14033	P1P2
SCN2A	17397	13419	14034	P1P2	14034	P1P2
SCN2B	8965	13420	14035	P1P2	14035	P1P2
SCN3A	18255	13421	14036	P1P2	14036	P1P2
SCN3B	14887	13422	14037	P1P2	14037	P1P2
SCN4A	6508	13423	14038	P1P2	14038	P1P2
SCN4B	5149	13424	14039	P1P2	14039	P1P2
SCN5A	12666	13425	14040	P1P2	14040	P1P2
SCN7A	1671	13426	14041	P1P2	14041	P1P2
SCN8A	3415	13427	14042	P1P2	14042	P1P2
SCN9A	5600	13428	14043	P1P2	14043	P1P2
SCNM1	12614	13429	14044	P1P2	14044	P1P2
SCNN1A	7008	13430	14045	P1P2	14045	P1P2
SCNN1B	17595	13431	14046	P1P2	14046	P1P2
SCNN1D	2399	13432	14047	P2	14047	P2
SCNN1G	12814	13433	14048	P1P2	14048	P1P2
SCO1	556	13434	14049	P1P2	14049	P1P2
SCO2	5786	13435	14050	P1P2	14050	P1P2
SCOC	8120	13436	14051	P1P2	14051	P1P2
SCP2	1889	13437	14052	ENST00000371514.3	14052	ENST00000371514.3
SCP2D1	4419	13438	14053	P1P2	14053	P1P2
SCPEP1	159	13439	14054	P1P2	14054	P1P2
SCRG1	18296	13440	14055	P1P2	14055	P1P2
SCRIB	264	13441	14056	P1P2	14056	P1P2
SCRN1	11769	13442	14057	P1P2	14057	P1P2
SCRN2	2282	13443	14058	P1P2	14058	P1P2
SCRN3	14532	13444	14059	P1P2	14059	P1P2
SCRT1	7515	13445	14060	P1P2	14060	P1P2
SCRT2	16147	13446	14061	P1P2	14061	P1P2
SCT	11224	13447	14062	P1P2	14062	P1P2
SCTR	12471	13448	14063	P1P2	14063	P1P2
SCUBE1	16631	13449	14064	P1P2	14064	P1P2
SCUBE2	12873	13450	14065	P1P2	14065	P1P2
SCXA	841	13451	14067	ENST00000340695.2	14067	ENST00000340695.2
SCYL1	16033	13452	14069	P1P2	14069	P1P2
SCYL2	17757	13453	14070	P1P2	14070	P1P2
SCYL3	1957	13454	14071	P1P2	14071	P1P2
SDC1	2944	13456	14072	P1P2	14072	P1P2
SDC2	9994	13457	14073	P1P2	14073	P1P2
SDC3	1902	13458	14074	P1P2	14074	P1P2
SDC4	12878	13459	14075	P1P2	14075	P1P2
SDCBP	17895	13460	14076	P1P2	14076	P1P2
SDCBP2	5595	13461	14077	P1P2	14077	P1P2
SDCCAG8	7955	13463	14079	P1P2	14079	P1P2
SDE2	17708	13464	14080	P1P2	14080	P1P2
SDF2	1764	13465	14081	P1P2	14081	P1P2
SDF2L1	5179	13466	14082	P1P2	14082	P1P2
SDF4	3961	13467	14083	P1P2	14083	P1P2
SDHA	878	13468	14084	P1P2	14084	P1P2
SDHAF1	17347	13469	14085	P1P2	14085	P1P2
SDHAF2	18615	13470	14086	P1P2	14086	P1P2
SDHB	3631	13471	14087	P1P2	14087	P1P2
SDHC	13127	13472	14088	P1P2	14088	P1P2
SDHD	6045	13473	14089	P1P2	14089	P1P2
SDK1	14999	13474	14090	P1P2	14090	P1P2
SDK2	13010	13475	14091	P1P2	14091	P1P2
SDR16C5	16134	13477	14093	P1P2	14093	P1P2
SDR39U1	6275	13478	14094	P1P2	14094	P1P2
SDR42E1	9287	13479	14095	P1P2	14095	P1P2
SDR9C7	3568	13480	14097	P1P2	14097	P1P2
SDS	4838	13481	14098	P1P2	14098	P1P2
SDSL	18102	13482	14099	P1P2	14099	P1P2
SEC11A	5893	13483	14101	P1P2	14101	P1P2
SEC11C	5092	13484	14102	P1P2	14102	P1P2
SEC13	10594	13485	14103	P1P2	14103	P1P2
SEC14L1	18244	13486	14104	P2	14104	P2
SEC14L2	12718	13487	14105	P1P2	14105	P1P2
SEC14L3	1096	13488	14106	P1P2	14106	P1P2
SEC14L4	11361	13489	14107	P1P2	14107	P1P2
SEC14L5	4106	13490	14108	P1P2	14108	P1P2
SEC14L6	13090	13491	14109	P1P2	14109	P1P2
SEC16A	18823	13492	14110	P1P2	14110	P1P2
SEC16B	5849	13493	14111	P1P2	14111	P1P2
SEC22A	4069	13494	14112	P1P2	14112	P1P2
SEC22C	17603	13495	14114	P1P2	14114	P1P2
SEC23A	15915	13496	14115	P1P2	14115	P1P2
SEC23B	1412	13497	14116	P1P2	14116	P1P2
SEC23IP	17931	13498	14117	P1P2	14117	P1P2
SEC24A	3738	13499	14118	P1P2	14118	P1P2
SEC24B	14534	13500	14119	P1P2	14119	P1P2
SEC24C	17565	13501	14120	P1P2	14120	P1P2
SEC24D	17471	13502	14121	P1P2	14121	P1P2
SEC31A	5102	13503	14122	P2	14122	P1
SEC31B	1191	13504	14123	P2	14123	P2
SEC61A1	18782	13505	14124	P2	14124	P2
SEC61A2	18271	13506	14125	P1P2	14125	P1P2
SEC61B	17579	13507	14126	P1P2	14126	P1P2
SEC61G	10958	13508	14127	P1P2	14127	P1P2
SEC62	8585	13509	14128	P1P2	14128	P1P2
SEC63	16656	13510	14129	P1P2	14129	P1P2
SECISBP2	3669	13511	14130	P1P2	14130	P1P2
SECISBP2L	8712	13512	14131	P1P2	14131	P1P2
SECTM1	10734	13513	14132	P1P2	14132	P1P2
SEH1L	5516	13514	14133	P1P2	14133	P1P2
SEL1L	10529	13515	14134	P1P2	14134	P1P2
SEL1L2	7139	13516	14135	ENST00000284951.5	14135	ENST00000284951.5
SEL1L3	16036	13517	14136	P1P2	14136	P1P2
SELE	10197	13518	14137	P1P2	14137	P1P2
SELENBP1	17156	13519	14138	P1P2	14138	P1P2
SELL	6501	13521	14140	P1P2	14140	P1P2
SELP	3412	13524	14143	P1P2	14143	P1P2
SELPLG	6524	13525	14144	P1P2	14144	P1P2
SEMA3A	13024	13529	14148	P1P2	14148	P1P2
SEMA3C	3581	13530	14150	P1P2	14150	P1P2
SEMA3D	4797	13531	14151	ENST00000284136.6	14151	ENST00000284136.6
SEMA3E	6862	13532	14152	P1P2	14152	P1P2
SEMA3F	6449	13533	14153	P1P2	14153	P1P2
SEMA3G	16305	13534	14154	P1P2	14154	P1P2
SEMA4A	4213	13535	14155	P1P2	14155	P1P2
SEMA4B	4759	13536	14156	P2	14156	P2
SEMA4C	16193	13537	14157	P1	14157	P2
SEMA4D	18876	13538	14158	P2	14158	P1
SEMA4F	11865	13539	14159	P1P2	14159	P1P2
SEMA4G	16087	13540	14160	P1P2	14160	P1P2
SEMA5A	14846	13541	14161	P1P2	14161	P1P2
SEMA5B	11524	13542	14162	ENST00000451055.2	14162	ENST00000451055.2
SEMA6A	728	13543	14163	P1P2	14163	P1P2
SEMA6B	12648	13544	14164	P1P2	14164	P1P2
SEMA6C	1761	13545	14165	P1P2	14165	P1P2
SEMA6D	5495	13546	14166	P1P2	14166	P1P2
SEMA7A	13815	13547	14167	P1P2	14167	P1P2
SEMG1	13315	13548	14168	P1P2	14168	P1P2
SENP1	3788	13550	14169	P1P2	14169	P1P2
SENP2	11726	13551	14170	P1P2	14170	P1P2
SENP5	133	13552	14172	P1P2	14172	P1P2
SENP6	8516	13553	14173	P1P2	14173	P1P2
SENP7	1118	13554	14174	P1P2	14174	P1P2
SENP8	15128	13555	14175	P1P2	14175	P1P2
SEPHS1	11431	13557	14177	P1P2	14177	P1P2
SEPHS2	1922	13558	14178	P1P2	14178	P1P2
SEPSECS	5232	13561	14181	P1P2	14181	P1P2
SERAC1	9988	13575	14196	P1P2	14196	P1P2
SERBP1	11984	13576	14197	P1P2	14197	P1P2
SERF2	17599	13577	14199	P1	14199	P1
SERGEF	18599	13578	14200	P1P2	14200	P1P2
SERHL2	8990	13579	14201	P1P2	14201	P1P2
SERINC1	8511	13580	14202	P1P2	14202	P1P2
SERINC2	4745	13581	14203	P1P2	14203	P1P2
SERINC3	7948	13582	14204	P1P2	14204	P1P2
SERINC4	7153	13583	14205	P1P2	14205	P1P2
SERINC5	6838	13584	14206	P1P2	14206	P1P2
SERP1	13724	13585	14207	P1P2	14207	P1P2
SERP2	8364	13586	14208	P1P2	14208	P1P2
SERPINA1	15453	13587	14209	P2	14209	P1
SERPINA10	4521	13588	14210	P1P2	14210	P1P2
SERPINA11	12807	13589	14211	P1P2	14211	P1P2
SERPINA12	13079	13590	14212	P1P2	14212	P1P2
SERPINA3	395	13591	14213	P2	14213	P2
SERPINA4	5575	13592	14214	P1P2	14214	P1P2
SERPINA5	14917	13593	14215	P1	14215	P1
SERPINA6	19007	13594	14216	P1P2	14216	P1P2
SERPINA7	9892	13595	14217	P1P2	14217	P1P2
SERPINA9	7971	13596	14218	P1P2	14218	P1P2
SERPINB1	3704	13597	14219	P1P2	14219	P1P2
SERPINB10	2372	13598	14220	P1P2	14220	P1P2
SERPINB12	17515	13599	14222	ENST00000269491.1	14222	ENST00000269491.1
SERPINB13	2125	13600	14223	P1P2	14223	P1P2
SERPINB2	1040	13601	14224	P2	14224	P2
SERPINB3	16534	13602	14225	P1P2	14225	P1P2
SERPINB4	6595	13603	14226	P1P2	14226	P1P2
SERPINB5	13571	13604	14227	P1P2	14227	P1P2
SERPINB6	777	13605	14228	P1P2	14228	P1P2
SERPINB7	3500	13606	14229	P1	14229	P2
SERPINB8	3930	13607	14230	P1P2	14230	P1P2
SERPINB9	12766	13608	14231	P1P2	14231	P1P2
SERPINC1	6182	13609	14232	P1P2	14232	P1P2
SERPIND1	9860	13610	14233	P1P2	14233	P1P2
SERPINE1	12214	13611	14234	P1P2	14234	P1P2
SERPINE2	2555	13612	14235	P1P2	14235	P1P2
SERPINE3	15685	13613	14236	P1P2	14236	P1P2
SERPINF1	5651	13614	14237	P1P2	14237	P1P2
SERPINF2	7189	13615	14238	P1P2	14238	P1P2
SERPING1	12109	13616	14239	P1P2	14239	P1P2
SERPINH1	16161	13617	14240	P1P2	14240	P1P2
SERPINI1	15932	13618	14241	P1P2	14241	P1P2
SERPINI2	15273	13619	14242	P1P2	14242	P1P2
SERTAD1	805	13620	14243	P1P2	14243	P1P2
SERTAD2	13842	13621	14244	P1P2	14244	P1P2
SERTAD3	2771	13622	14245	P1P2	14245	P1P2
SERTAD4	9274	13623	14246	P1P2	14246	P1P2
SERTM1	13611	13624	14247	P1P2	14247	P1P2
SESN1	6828	13625	14248	ENST00000436639.2	14248	ENST00000436639.2
SESN2	8538	13626	14249	P1P2	14249	P1P2
SESN3	14316	13627	14250	P1P2	14250	P1P2
SESTD1	216	13628	14251	P1P2	14251	P1P2
SET	4844	13629	14252	P1P2	14252	P1P2
SETBP1	1081	13630	14253	P1P2	14253	P1P2
SETD1A	5455	13631	14254	P1P2	14254	P1P2
SETD1B	14565	13632	14255	P1P2	14255	P1P2
SETD2	13796	13633	14256	P1P2	14256	P1P2
SETD3	1994	13634	14257	P1P2	14257	P1P2
SETD4	7642	13635	14258	P1P2	14258	P1P2
SETD5	16080	13636	14259	P1P2	14259	P1P2
SETD6	2350	13637	14260	P1P2	14260	P1P2
SETD7	16913	13638	14261	P1P2	14261	P1P2
SETD9	15473	13640	14263	P1P2	14263	P1P2
SETDB1	5935	13641	14264	P1P2	14264	P1P2
SETDB2	18149	13642	14265	P1P2	14265	P1P2
SETMAR	3816	13643	14266	P1P2	14266	P1P2
SETX	13939	13644	14267	P1P2	14267	P1P2
SEZ6	9694	13645	14268	P2	14268	P1
SEZ6L	12388	13646	14269	P1P2	14269	P1P2
SEZ6L2	17049	13647	14270	P1P2	14270	P1P2
SF1	13294	13648	14271	P1P2	14271	P1P2
SF3A1	7482	13649	14272	P2	14272	P2
SF3A2	11231	13650	14273	P2	14273	P2
SF3A3	18100	13651	14274	P1P2	14274	P1P2
SF3B1	17351	13652	14275	P1P2	14275	P1P2
SF3B2	6836	13653	14277	P1P2	14277	P1P2
SF3B3	17068	13654	14278	P1P2	14278	P1P2
SF3B4	10657	13655	14279	P1P2	14279	P1P2
SF3B5	7806	13656	14280	P1P2	14280	P1P2
SFI1	12911	13657	14281	P1P2	14281	P1P2
SFMBT1	9520	13658	14282	P1P2	14282	P1P2
SFMBT2	6821	13659	14283	P2	14283	P2
SFN	17628	13660	14284	P1P2	14284	P1P2
SFPQ	12919	13661	14285	P1P2	14285	P1P2
SFR1	7927	13662	14286	P1P2	14286	P1P2
SFRP1	9997	13663	14287	P1P2	14287	P1P2
SFRP2	12914	13664	14288	P1P2	14288	P1P2
SFRP4	13361	13665	14289	P1P2	14289	P1P2
SFRP5	6709	13666	14290	P1P2	14290	P1P2
SFSWAP	7071	13667	14291	P1P2	14291	P1P2
SFT2D1	11211	13668	14292	P1P2	14292	P1P2
SFT2D2	16833	13669	14293	P1P2	14293	P1P2
SFTA2	17521	13670	14295	P1P2	14295	P1P2
SFTA3	13817	13671	14296	P1P2	14296	P1P2
SFTPB	8214	13672	14299	P2	14299	P2
SFTPC	17373	13673	14300	P1P2	14300	P1P2
SFTPD	7161	13674	14301	P1P2	14301	P1P2
SFXN1	14493	13675	14302	P1P2	14302	P1P2
SFXN2	6519	13676	14303	P1P2	14303	P1P2
SFXN3	12962	13677	14304	P2	14304	P2
SFXN4	18358	13678	14305	P1P2	14305	P1P2
SFXN5	15530	13679	14306	P1P2	14306	P1P2
SGCA	2453	13680	14307	P2	14307	P2
SGCB	13989	13681	14308	P1P2	14308	P1P2
SGCD	742	13682	14309	P1P2	14309	P1P2
SGCE	7676	13683	14310	P1P2	14310	P1P2
SGCG	2292	13684	14311	P1P2	14311	P1P2
SGCZ	17569	13685	14312	P1P2	14312	P1P2
SGIP1	15777	13686	14313	P1P2	14313	P1P2
SGK1	10298	13687	14314	P2	14314	P1
SGK2	6785	13688	14315	P1P2	14315	P1P2
SGK223	9431	13689	14316	P1P2	14316	P1P2
SGK3	18417	13690	14317	ENST00000396596.1,ENST00000522398.1	14317	ENST00000521198.2
SGMS1	9442	13692	14319	P1P2	14319	P1P2
SGMS2	12459	13693	14320	P1P2	14320	P1P2
SGPL1	3813	13696	14323	P1P2	14323	P1P2
SGPP1	10334	13697	14324	P1P2	14324	P1P2
SGPP2	11005	13698	14325	P1P2	14325	P1P2
SGSH	520	13699	14326	P1P2	14326	P1P2
SGSM1	8866	13700	14327	P1P2	14327	P1P2
SGSM2	5417	13701	14328	P1P2	14328	P1P2
SGSM3	16225	13702	14329	P1P2	14329	P1P2
SGTA	15733	13703	14330	P1P2	14330	P1P2
SGTB	11611	13704	14331	P1P2	14331	P1P2
SH2B1	870	13705	14332	P1P2	14332	P1P2
SH2B3	601	13706	14334	P1P2	14334	P1P2
SH2D1A	7035	13707	14335	P1P2	14335	P1P2
SH2D1B	19000	13708	14336	P1P2	14336	P1P2
SH2D2A	4880	13709	14337	P1	14337	P1
SH2D3A	18188	13710	14338	P1P2	14338	P1P2
SH2D3C	17795	13711	14339	P2	14339	P1
SH2D4A	16923	13712	14340	P1P2	14340	P1P2
SH2D4B	17704	13713	14341	P1P2	14341	P1P2
SH2D5	3057	13714	14342	P1P2	14342	P1P2
SH2D6	9192	13715	14343	P1P2	14343	P1P2
SH2D7	13580	13716	14344	P1P2	14344	P1P2
SH3BGR	17115	13717	14345	P2	14345	P2
SH3BGRL	15829	13718	14346	P1P2	14346	P1P2
SH3BGRL2	14263	13719	14347	P1P2	14347	P1P2
SH3BGRL3	6514	13720	14348	P1P2	14348	P1P2
SH3BP1	14981	13721	14349	P1P2	14349	P1P2
SH3BP2	18718	13722	14350	P2	14350	P1
SH3BP4	5144	13723	14351	P1P2	14351	P1P2
SH3BP5	9127	13724	14352	P2	14352	P2
SH3BP5L	16770	13725	14353	P1P2	14353	P1P2
SH3D19	10091	13726	14354	P2	14354	P2
SH3D21	8006	13727	14355	P1P2	14355	P1P2
SH3GL1	15756	13728	14356	P1P2	14356	P1P2
SH3GL2	5289	13729	14357	P1P2	14357	P1P2
SH3GL3	10602	13730	14358	P1P2	14358	P1P2
SH3GLB1	11950	13731	14359	P1P2	14359	P1P2
SH3GLB2	14964	13732	14360	P1P2	14360	P1P2
SH3KBP1	16110	13733	14361	P1P2	14361	P1P2
SH3PXD2A	7371	13734	14362	ENST00000355946.2	14362	ENST00000355946.2
SH3PXD2B	5223	13735	14363	P1P2	14363	P1P2
SH3RF1	8942	13736	14364	P1P2	14364	P1P2
SH3RF2	13262	13737	14365	P1P2	14365	P1P2
SH3TC1	10332	13738	14367	P1P2	14367	P1P2
SH3TC2	8439	13739	14368	P1P2	14368	P1P2
SH3YL1	10759	13740	14369	P1P2	14369	P1P2
SHANK1	509	13741	14370	P1P2	14370	P1P2
SHANK2	9823	13742	14371	ENST00000338508.4	14371	ENST00000338508.4
SHANK3	4425	13743	14372	P1P2	14372	P1P2
SHARPIN	7843	13744	14373	P1P2	14373	P1P2
SHB	7985	13745	14374	P1P2	14374	P1P2
SHBG	2030	13746	14375	P1P2	14375	P1P2
SHC1	1419	13747	14376	P2	14376	P2
SHC2	17345	13748	14377	P1P2	14377	P1P2
SHC3	516	13749	14378	P1P2	14378	P1P2
SHC4	416	13750	14379	ENST00000332408.4	14379	ENST00000332408.4
SHCBP1	18520	13751	14380	P1P2	14380	P1P2
SHCBP1L	2336	13752	14381	P1P2	14381	P1P2
SHD	850	13753	14382	P1P2	14382	P1P2
SHE	8669	13754	14383	P1P2	14383	P1P2
SHF	13326	13755	14384	P2	14384	P2
SHH	13391	13757	14385	P1	14385	P2
SHISA2	11773	13758	14386	P1P2	14386	P1P2
SHISA3	7639	13759	14387	P1P2	14387	P1P2
SHISA4	8322	13760	14388	P1P2	14388	P1P2
SHISA5	14901	13761	14389	P1P2	14389	P1P2
SHISA6	3445	13762	14390	P1P2	14390	P1P2
SHISA7	15510	13763	14391	P1P2	14391	P1P2
SHISA9	10775	13764	14393	P1P2	14393	P1P2
SHKBP1	14383	13765	14394	P1P2	14394	P1P2
SHMT1	16210	13766	14395	P1P2	14395	P1P2
SHMT2	14969	13767	14396	P1P2	14396	P1P2
SHOC2	9919	13768	14397	P1P2	14397	P1P2
SHOX2	3898	13769	14399	P1P2	14399	P1P2
SHPK	8603	13770	14400	P1P2	14400	P1P2
SHPRH	17847	13771	14401	P1P2	14401	P1P2
SHQ1	6164	13772	14402	P1P2	14402	P1P2
SHROOM1	15064	13773	14403	P1P2	14403	P1P2
SHROOM2	4589	13774	14404	P1P2	14404	P1P2
SHROOM3	13885	13775	14405	ENST00000296043.6	14405	ENST00000296043.6
SHROOM4	9811	13776	14406	P1P2	14406	P1P2
SI	5756	13777	14407	P1P2	14407	P1P2
SIAE	13875	13778	14408	P1P2	14408	P1P2
SIAH1	2760	13779	14409	P1P2	14409	P1P2
SIAH2	4302	13780	14410	P1P2	14410	P1P2
SIAH3	12239	13781	14411	P1P2	14411	P1P2
SIDT1	873	13782	14412	P1P2	14412	P1P2
SIDT2	8919	13783	14413	P1P2	14413	P1P2
SIGIRR	7910	13784	14414	P1	14414	P2
SIGLEC1	2420	13785	14415	P1P2	14415	P1P2
SIGLEC10	11963	13786	14416	P1P2	14416	P1P2
SIGLEC11	6626	13787	14417	P1P2	14417	P1P2
SIGLEC12	7860	13788	14418	P1P2	14418	P1P2
SIGLEC14	9524	13789	14419	P1P2	14419	P1P2
SIGLEC15	9774	13790	14420	P2	14420	P2
SIGLEC5	8194	13791	14421	P1P2	14421	P1P2
SIGLEC6	14597	13792	14422	P1P2	14422	P1P2
SIGLEC7	15058	13793	14423	P1P2	14423	P1P2
SIGLEC8	10228	13794	14424	P1P2	14424	P1P2
SIGLEC9	5637	13795	14425	P1P2	14425	P1P2
SIGLECL1	7713	13796	14426	P1P2	14426	P1P2
SIGMAR1	3907	13797	14427	P1P2	14427	P1P2
SIK1	16261	13798	14428	P1P2	14428	P1P2
SIK2	9104	13799	14429	P1P2	14429	P1P2
SIK3	3600	13800	14430	P1P2	14430	P1P2
SIKE1	2719	13801	14431	P1P2	14431	P1P2
SIL1	6883	13802	14432	P1P2	14432	P1P2
SIM1	17207	13803	14433	P1P2	14433	P1P2
SIM2	16428	13804	14434	P1P2	14434	P1P2
SIMC1	8491	13805	14435	P1P2	14435	P1P2
SIN3A	2295	13806	14436	P1	14436	P1
SIN3B	15914	13807	14437	P1P2	14437	P1P2
SIPA1	16258	13808	14438	P1	14438	P2
SIPA1L1	12452	13809	14439	ENST00000358550.2	14439	ENST00000358550.2
SIPA1L2	18993	13810	14440	P1P2	14440	P1P2
SIPA1L3	14353	13811	14441	P1P2	14441	P1P2
SIRPA	11728	13812	14442	P1P2	14442	P1P2
SIRPB1	11357	13813	14443	P1P2	14443	P1P2
SIRPB2	9113	13814	14444	P1P2	14444	P1P2
SIRPD	6227	13815	14445	P1P2	14445	P1P2
SIRPG	17897	13816	14446	P1P2	14446	P1P2
SIRT1	15460	13817	14447	P1P2	14447	P1P2
SIRT2	9714	13818	14448	P1P2	14448	P1P2
SIRT3	4853	13819	14449	P1P2	14449	P1P2
SIRT4	12804	13820	14450	P1P2	14450	P1P2
SIRT5	4956	13821	14451	P1P2	14451	P1P2
SIRT6	9873	13822	14452	P1P2	14452	P1P2
SIRT7	5787	13823	14453	P1P2	14453	P1P2
SIT1	12760	13824	14454	P1P2	14454	P1P2
SIVA1	8801	13825	14455	P1P2	14455	P1P2
SIX1	11803	13826	14456	P1P2	14456	P1P2
SIX2	5388	13827	14457	P1P2	14457	P1P2
SIX3	12719	13828	14458	P1P2	14458	P1P2
SIX4	9844	13829	14459	P1P2	14459	P1P2
SIX5	5539	13830	14460	P1P2	14460	P1P2
SIX6	11862	13831	14461	P1P2	14461	P1P2
SKA1	8395	13832	14462	P1P2	14462	P1P2
SKA2	5216	13833	14463	P1P2	14463	P1P2
SKAP1	8273	13835	14464	P1P2	14464	P1P2
SKAP2	13756	13836	14465	P1P2	14465	P1P2
SKI	13061	13837	14466	ENST00000378536.4	14466	ENST00000378536.4
SKIDA1	8935	13838	14467	P1	14467	P2
SKIL	11912	13839	14468	P1P2	14468	P1P2
SKIV2L	6184	13840	14469	P1P2	14469	P1P2
SKOR1	15169	13842	14471	P1P2	14471	P1P2
SKOR2	1198	13843	14472	ENST00000400404.1,ENST00000425639.1	14472	ENST00000400404.1,ENST00000425639.1
SKP1	4928	13844	14473	P1P2	14473	P1P2
SKP2	18189	13845	14474	P1P2	14474	P1P2
SLA	9753	13846	14475	P1P2	14475	P1P2
SLA2	4604	13847	14476	P1P2	14476	P1P2
SLAIN1	5797	13848	14477	ENST00000358679.3	14477	ENST00000314070.5,ENST00000351546.3
SLAIN2	7997	13849	14478	P1P2	14478	P1P2
SLAMF1	7939	13850	14479	P1P2	14479	P1P2
SLAMF6	3696	13851	14480	P1P2	14480	P1P2
SLAMF7	7626	13852	14481	P1P2	14481	P1P2
SLAMF8	17703	13853	14482	P1P2	14482	P1P2
SLAMF9	6404	13854	14483	P1P2	14483	P1P2
SLBP	2773	13855	14484	P1P2	14484	P1P2
SLC10A1	4278	13856	14485	P1P2	14485	P1P2
SLC10A2	15996	13857	14486	P1P2	14486	P1P2
SLC10A3	14164	13858	14487	P1P2	14487	P1P2
SLC10A4	15101	13859	14488	P1P2	14488	P1P2
SLC10A5	8948	13860	14489	P1P2	14489	P1P2
SLC10A6	9682	13861	14490	P1P2	14490	P1P2
SLC10A7	5262	13862	14491	P1P2	14491	P1P2
SLC11A1	5459	13863	14492	P1P2	14492	P1P2
SLC11A2	7493	13864	14493	P2	14493	P2
SLC12A1	16891	13865	14494	P1	14494	P1
SLC12A2	860	13866	14495	P1P2	14495	P1P2
SLC12A3	12800	13867	14496	P1P2	14496	P1P2
SLC12A4	15276	13868	14497	P1	14497	P2
SLC12A5	6701	13869	14498	P1	14498	P1
SLC12A6	12441	13870	14499	P1	14499	P1
SLC12A7	14843	13871	14500	P1P2	14500	P1P2
SLC12A8	17376	13872	14501	ENST00000393469.4	14501	ENST00000393469.4
SLC12A9	14631	13873	14502	P2	14502	P1
SLC13A1	6498	13874	14503	P1P2	14503	P1P2
SLC13A2	5896	13875	14504	P1P2	14504	P1P2
SLC13A3	11319	13876	14505	P1P2	14505	P1P2
SLC13A4	2626	13877	14506	P1P2	14506	P1P2
SLC13A5	13015	13878	14507	P1P2	14507	P1P2
SLC14A1	15563	13879	14508	P1P2	14508	P1P2
SLC14A2	15066	13880	14509	P1P2	14509	P1P2
SLC15A1	8404	13881	14510	P1P2	14510	P1P2
SLC15A2	1399	13882	14511	P1P2	14511	P1P2
SLC15A3	15773	13883	14512	P1P2	14512	P1P2
SLC15A4	2887	13884	14513	P1P2	14513	P1P2
SLC15A5	7981	13885	14514	P1P2	14514	P1P2
SLC16A1	4233	13886	14515	P2	14515	P1
SLC16A10	4447	13887	14516	P1P2	14516	P1P2
SLC16A11	2609	13888	14517	P1P2	14517	P1P2
SLC16A12	4574	13889	14518	P1P2	14518	P1P2
SLC16A13	14388	13890	14519	P1P2	14519	P1P2
SLC16A14	16042	13891	14520	P1P2	14520	P1P2
SLC16A2	12389	13892	14521	P1P2	14521	P1P2
SLC16A3	12656	13893	14522	P1P2	14522	P1P2
SLC16A4	10596	13894	14523	P1P2	14523	P1P2
SLC16A5	5785	13895	14524	P1P2	14524	P1P2
SLC16A6	5599	13896	14525	P1P2	14525	P1P2
SLC16A7	16342	13897	14526	P1P2	14526	P1P2
SLC16A8	9831	13898	14527	P1P2	14527	P1P2
SLC16A9	5758	13899	14528	P1P2	14528	P1P2
SLC17A1	16131	13900	14529	P1P2	14529	P1P2
SLC17A2	1782	13901	14530	P1P2	14530	P1P2
SLC17A3	9848	13902	14531	P1P2	14531	P1P2
SLC17A4	13116	13903	14532	P1P2	14532	P1P2
SLC17A5	2450	13904	14533	P1P2	14533	P1P2
SLC17A6	436	13905	14534	P1P2	14534	P1P2
SLC17A7	3237	13906	14535	P1P2	14535	P1P2
SLC17A8	15900	13907	14536	P1P2	14536	P1P2
SLC17A9	718	13908	14537	P1P2	14537	P1P2
SLC18A1	18829	13909	14538	P1P2	14538	P1P2
SLC18A2	13314	13910	14539	P1P2	14539	P1P2
SLC18A3	11021	13911	14540	P1P2	14540	P1P2
SLC18B1	15191	13912	14541	P1P2	14541	P1P2
SLC19A1	6788	13913	14542	P1P2	14542	P1P2
SLC19A2	18374	13914	14543	P1P2	14543	P1P2
SLC19A3	11428	13915	14544	P1P2	14544	P1P2
SLC1A1	538	13916	14545	P1P2	14545	P1P2
SLC1A2	7726	13917	14546	P1P2	14546	P1P2
SLC1A3	8721	13918	14547	P2	14547	P1
SLC1A4	17947	13919	14548	P1P2	14548	P1P2
SLC1A5	10856	13920	14549	P2	14549	P1
SLC1A6	15056	13921	14550	P1P2	14550	P1P2
SLC1A7	10466	13922	14551	P1P2	14551	P1P2
SLC20A1	7859	13923	14552	P1P2	14552	P1P2
SLC20A2	14994	13924	14553	P1P2	14553	P1P2
SLC22A1	10214	13925	14554	P1P2	14554	P1P2
SLC22A10	15422	13926	14555	P1P2	14555	P1P2
SLC22A11	9023	13927	14556	P1P2	14556	P1P2
SLC22A12	10743	13928	14557	P1P2	14557	P1P2
SLC22A13	10094	13929	14558	P1P2	14558	P1P2
SLC22A14	15894	13930	14559	P1P2	14559	P1P2
SLC22A15	5207	13931	14560	P1P2	14560	P1P2
SLC22A16	8983	13932	14561	P1P2	14561	P1P2
SLC22A17	15418	13933	14562	P1P2	14562	P1P2
SLC22A18	4678	13934	14563	P2	14563	P1
SLC22A18AS	12548	13935	14564	P1P2	14564	P1P2
SLC22A2	4398	13936	14565	P1P2	14565	P1P2
SLC22A23	17296	13937	14566	P1P2	14566	P1P2
SLC22A24	983	13938	14567	P1P2	14567	P1P2
SLC22A25	15625	13939	14568	ENST00000306494.6	14568	ENST00000306494.6
SLC22A3	959	13940	14569	P1P2	14569	P1P2
SLC22A31	5604	13941	14570	P1P2	14570	P1P2
SLC22A4	13265	13942	14571	P1P2	14571	P1P2
SLC22A5	5683	13943	14572	P1P2	14572	P1P2
SLC22A6	14573	13944	14573	P1P2	14573	P1P2
SLC22A7	4192	13945	14574	P1P2	14574	P1P2
SLC22A8	15906	13946	14575	P1P2	14575	P1P2
SLC22A9	17298	13947	14576	P1P2	14576	P1P2
SLC23A1	2844	13948	14577	P1P2	14577	P1P2
SLC23A2	2904	13949	14578	P1P2	14578	P1P2
SLC23A3	3690	13950	14579	P1P2	14579	P1P2
SLC24A1	3623	13951	14580	P2	14580	P1
SLC24A2	1203	13952	14581	P1P2	14581	P1P2
SLC24A3	12690	13953	14582	P1P2	14582	P1P2
SLC24A4	17899	13954	14583	P1P2	14583	P1P2
SLC24A5	7770	13955	14584	P1P2	14584	P1P2
SLC25A1	2568	13956	14585	P1P2	14585	P1P2
SLC25A10	17113	13957	14586	P1P2	14586	P1P2
SLC25A11	5308	13958	14587	P1P2	14587	P1P2
SLC25A12	13725	13959	14588	P1P2	14588	P1P2
SLC25A13	736	13960	14589	P1P2	14589	P1P2
SLC25A14	8426	13961	14590	P1P2	14590	P1P2
SLC25A15	8072	13962	14591	P1P2	14591	P1P2
SLC25A16	202	13963	14592	P1P2	14592	P1P2
SLC25A17	14168	13964	14593	P1P2	14593	P1P2
SLC25A18	9191	13965	14594	P1P2	14594	P1P2
SLC25A19	15613	13966	14595	P1P2	14595	P1P2
SLC25A2	6857	13967	14596	P1P2	14596	P1P2
SLC25A20	4140	13968	14597	P1P2	14597	P1P2
SLC25A21	6558	13969	14598	P1P2	14598	P1P2
SLC25A22	17767	13970	14599	P1P2	14599	P1P2
SLC25A23	11995	13971	14600	P1P2	14600	P1P2
SLC25A24	10060	13972	14601	P1P2	14601	P1P2
SLC25A25	12106	13973	14602	ENST00000373064.5	14602	ENST00000373064.5
SLC25A26	14961	13974	14603	ENST00000354883.6	14603	ENST00000354883.6
SLC25A27	16557	13975	14604	P1P2	14604	P1P2
SLC25A28	3199	13976	14605	P1P2	14605	P1P2
SLC25A29	1597	13977	14606	P1P2	14606	P1P2
SLC25A3	8893	13978	14607	P1P2	14607	P1P2
SLC25A31	13503	13979	14609	P1P2	14609	P1P2
SLC25A32	1024	13980	14610	P1P2	14610	P1P2
SLC25A33	17493	13981	14611	P1P2	14611	P1P2
SLC25A34	6494	13982	14612	P1P2	14612	P1P2
SLC25A35	17810	13983	14613	P1P2	14613	P1P2
SLC25A36	4160	13984	14614	P1P2	14614	P1P2
SLC25A37	1267	13985	14615	P1P2	14615	P1P2
SLC25A38	8402	13986	14616	P1P2	14616	P1P2
SLC25A39	11115	13987	14617	P2	14617	P2
SLC25A4	14896	13988	14618	P1P2	14618	P1P2
SLC25A40	2249	13989	14619	P1P2	14619	P1P2
SLC25A41	10230	13990	14620	P1P2	14620	P1P2
SLC25A42	12672	13991	14621	P1P2	14621	P1P2
SLC25A43	9356	13992	14622	P1P2	14622	P1P2
SLC25A44	3283	13993	14623	P1P2	14623	P1P2
SLC25A45	10378	13994	14624	P1P2	14624	P1P2
SLC25A46	12232	13995	14625	P1P2	14625	P1P2
SLC25A47	18804	13996	14626	P1P2	14626	P1P2
SLC25A48	7554	13997	14627	P1P2	14627	P1P2
SLC25A5	18152	13998	14628	P1P2	14628	P1P2
SLC25A53	17912	13999	14631	P1P2	14631	P1P2
SLC26A1	4225	14000	14633	P1P2	14633	P1P2
SLC26A10	8559	14001	14634	P1P2	14634	P1P2
SLC26A11	15462	14002	14635	P1P2	14635	P1P2
SLC26A2	2952	14003	14636	P1P2	14636	P1P2
SLC26A3	17227	14004	14637	P1P2	14637	P1P2
SLC26A4	13981	14005	14638	P1P2	14638	P1P2
SLC26A5	11242	14006	14639	P1P2	14639	P1P2
SLC26A6	11536	14007	14640	P1P2	14640	P1P2
SLC26A7	7400	14008	14641	P1P2	14641	P1P2
SLC26A8	15059	14009	14642	P1P2	14642	P1P2
SLC26A9	2781	14010	14643	P1P2	14643	P1P2
SLC27A1	8492	14011	14644	P1P2	14644	P1P2
SLC27A2	12300	14012	14645	P1P2	14645	P1P2
SLC27A3	1632	14013	14646	P1P2	14646	P1P2
SLC27A4	16016	14014	14647	P1P2	14647	P1P2
SLC27A5	13890	14015	14648	P1P2	14648	P1P2
SLC27A6	4177	14016	14649	P1P2	14649	P1P2
SLC28A1	1351	14017	14650	P2	14650	P1
SLC28A2	13242	14018	14651	P1P2	14651	P1P2
SLC28A3	633	14019	14652	P1P2	14652	P1P2
SLC29A1	16091	14020	14653	P1	14653	P1
SLC29A2	6652	14021	14654	P1P2	14654	P1P2
SLC29A3	2228	14022	14655	P1P2	14655	P1P2
SLC29A4	7240	14023	14656	P1P2	14656	P1P2
SLC2A1	7185	14024	14657	P1P2	14657	P1P2
SLC2A10	15978	14025	14658	P1P2	14658	P1P2
SLC2A11	8367	14026	14659	P1P2	14659	P1P2
SLC2A12	1225	14027	14660	P1P2	14660	P1P2
SLC2A13	823	14028	14661	P1P2	14661	P1P2
SLC2A2	10499	14029	14663	P1P2	14663	P1P2
SLC2A4	13716	14030	14665	P1P2	14665	P1P2
SLC2A4RG	6012	14031	14666	P1P2	14666	P1P2
SLC2A5	3991	14032	14667	P1P2	14667	P1P2
SLC2A6	4484	14033	14668	P1P2	14668	P1P2
SLC2A7	15805	14034	14669	P1P2	14669	P1P2
SLC2A8	12955	14035	14670	P1P2	14670	P1P2
SLC2A9	3081	14036	14671	P1P2	14671	P1P2
SLC30A1	3902	14037	14672	P1P2	14672	P1P2
SLC30A10	9957	14038	14673	P1P2	14673	P1P2
SLC30A2	17494	14039	14674	P1P2	14674	P1P2
SLC30A3	18458	14040	14675	P1P2	14675	P1P2
SLC30A4	12560	14041	14676	P1P2	14676	P1P2
SLC30A5	1126	14042	14677	P1P2	14677	P1P2
SLC30A6	14950	14043	14678	P1P2	14678	P1P2
SLC30A7	12426	14044	14679	P1P2	14679	P1P2
SLC30A8	10742	14045	14680	P1P2	14680	P1P2
SLC30A9	8868	14046	14681	P1P2	14681	P1P2
SLC31A1	12104	14047	14682	P1P2	14682	P1P2
SLC31A2	11679	14048	14683	P1P2	14683	P1P2
SLC32A1	10817	14049	14684	P1P2	14684	P1P2
SLC33A1	17880	14050	14685	P1P2	14685	P1P2
SLC34A1	10571	14051	14686	P1	14686	P2
SLC34A2	18042	14052	14687	P1P2	14687	P1P2
SLC34A3	1816	14053	14688	P1P2	14688	P1P2
SLC35A1	3221	14054	14689	P1P2	14689	P1P2
SLC35A2	15655	14055	14690	P1P2	14690	P1P2
SLC35A3	18049	14056	14691	P1P2	14691	P1P2
SLC35A4	5952	14057	14692	P1P2	14692	P1P2
SLC35A5	1690	14058	14693	P1P2	14693	P1P2
SLC35B1	3980	14059	14694	P1P2	14694	P1P2
SLC35B2	16762	14060	14695	P1P2	14695	P1P2
SLC35B3	8064	14061	14696	P1P2	14696	P1P2
SLC35B4	14309	14062	14697	P1P2	14697	P1P2
SLC35C1	16522	14063	14698	P1P2	14698	P1P2
SLC35C2	1258	14064	14699	P1P2	14699	P1P2
SLC35D1	5494	14065	14700	P1P2	14700	P1P2
SLC35D2	13286	14066	14701	P1P2	14701	P1P2
SLC35D3	16017	14067	14702	P1P2	14702	P1P2
SLC35E1	11444	14068	14703	P1P2	14703	P1P2
SLC35E2B	1378	14069	14705	P1P2	14705	P1P2
SLC35E3	2358	14070	14706	P1P2	14706	P1P2
SLC35E4	4921	14071	14707	P1P2	14707	P1P2
SLC35F1	10561	14072	14708	P1P2	14708	P1P2
SLC35F2	923	14073	14709	P1P2	14709	P1P2
SLC35F3	2513	14074	14710	P1	14710	P2
SLC35F4	15744	14075	14711	P1P2	14711	P1P2
SLC35F5	10974	14076	14712	P1P2	14712	P1P2
SLC35G1	2288	14078	14713	P1P2	14713	P1P2
SLC35G2	14575	14079	14714	P1P2	14714	P1P2
SLC35G3	5588	14080	14715	ENST00000297307.5	14715	ENST00000297307.5
SLC36A1	14840	14081	14719	P1	14719	P2
SLC36A2	6619	14082	14720	P1P2	14720	P1P2
SLC36A3	5018	14083	14721	P1P2	14721	P1P2
SLC36A4	14962	14084	14722	P1P2	14722	P1P2
SLC37A1	11958	14085	14723	P1P2	14723	P1P2
SLC37A2	4660	14086	14724	P1P2	14724	P1P2
SLC37A3	11525	14087	14725	P1P2	14725	P1P2
SLC38A1	3227	14088	14727	P1P2	14727	P1P2
SLC38A10	10858	14089	14728	P1P2	14728	P1P2
SLC38A11	18029	14090	14729	P1P2	14729	P1P2
SLC38A2	18405	14091	14730	P1P2	14730	P1P2
SLC38A4	11691	14092	14732	P2	14732	P2
SLC38A5	15078	14093	14733	P1P2	14733	P1P2
SLC38A6	16811	14094	14734	P1P2	14734	P1P2
SLC38A7	10357	14095	14735	P1P2	14735	P1P2
SLC38A8	9322	14096	14736	P1P2	14736	P1P2
SLC38A9	18135	14097	14737	P1P2	14737	P1P2
SLC39A1	4180	14098	14738	P1P2	14738	P1P2
SLC39A10	1207	14099	14739	P1P2	14739	P1P2
SLC39A11	2692	14100	14740	P1P2	14740	P1P2
SLC39A12	17924	14101	14741	P2	14741	P1
SLC39A13	17232	14102	14742	P1P2	14742	P1P2
SLC39A14	11923	14103	14743	P1P2	14743	P1P2
SLC39A2	290	14104	14744	P1P2	14744	P1P2
SLC39A3	4441	14105	14745	P1P2	14745	P1P2
SLC39A4	16664	14106	14746	P1	14746	P2
SLC39A5	17789	14107	14747	P1P2	14747	P1P2
SLC39A6	5200	14108	14748	P1P2	14748	P1P2
SLC39A7	1635	14109	14749	P1P2	14749	P1P2
SLC39A8	7456	14110	14750	P1P2	14750	P1P2
SLC39A9	14522	14111	14751	P1P2	14751	P1P2
SLC3A1	6175	14112	14752	P1P2	14752	P1P2
SLC3A2	6538	14113	14753	P1P2	14753	P1P2
SLC40A1	6940	14114	14754	P1	14754	P2
SLC41A1	5275	14115	14755	P1P2	14755	P1P2
SLC41A2	272	14116	14756	P1P2	14756	P1P2
SLC41A3	1120	14117	14757	P1P2	14757	P1P2
SLC43A1	17411	14118	14758	P1P2	14758	P1P2
SLC43A2	8054	14119	14759	P1P2	14759	P1P2
SLC43A3	9654	14120	14760	P1P2	14760	P1P2
SLC44A1	12095	14121	14761	P1P2	14761	P1P2
SLC44A2	1319	14122	14762	P1	14762	P1
SLC44A3	7262	14123	14763	P1P2	14763	P1P2
SLC44A4	14710	14124	14764	P1P2	14764	P1P2
SLC44A5	7526	14125	14765	P1P2	14765	P1P2
SLC45A1	13623	14126	14766	P1P2	14766	P1P2
SLC45A2	3818	14127	14767	P1P2	14767	P1P2
SLC45A3	8061	14128	14768	P1P2	14768	P1P2
SLC45A4	4499	14129	14769	ENST00000024061.3	14769	ENST00000024061.3
SLC46A2	4393	14130	14771	P1P2	14771	P1P2
SLC46A3	16755	14131	14772	P1P2	14772	P1P2
SLC47A1	5748	14132	14773	P1P2	14773	P1P2
SLC47A2	16504	14133	14774	P1P2	14774	P1P2
SLC48A1	18569	14134	14775	P2	14775	P2
SLC4A1	8816	14135	14776	P1P2	14776	P1P2
SLC4A10	3282	14136	14777	P1P2	14777	P1P2
SLC4A11	6823	14137	14778	P1P2	14778	P1P2
SLC4A1AP	8841	14138	14779	P1P2	14779	P1P2
SLC4A2	13165	14139	14780	P2	14780	P2
SLC4A3	9425	14140	14781	P1P2	14781	P1P2
SLC4A4	5416	14141	14782	P1P2	14782	P1P2
SLC4A5	17020	14142	14783	P2	14783	P2
SLC4A7	13792	14143	14784	P1P2	14784	P1P2
SLC4A8	18512	14144	14785	P1P2	14785	P1P2
SLC4A9	14206	14145	14786	P1P2	14786	P1P2
SLC50A1	17061	14146	14787	P1P2	14787	P1P2
SLC51A	10754	14147	14788	P1P2	14788	P1P2
SLC51B	8357	14148	14789	P1P2	14789	P1P2
SLC52A1	6121	14149	14790	P1P2	14790	P1P2
SLC52A2	10931	14150	14791	P1P2	14791	P1P2
SLC52A3	17625	14151	14792	P1P2	14792	P1P2
SLC5A1	7567	14152	14793	P1P2	14793	P1P2
SLC5A10	6073	14153	14794	P1P2	14794	P1P2
SLC5A11	17989	14154	14795	P1P2	14795	P1P2
SLC5A12	10046	14155	14796	P1P2	14796	P1P2
SLC5A2	4203	14156	14797	P1	14797	P1
SLC5A3	12445	14157	14798	P1P2	14798	P1P2
SLC5A4	10918	14158	14799	P1P2	14799	P1P2
SLC5A5	8138	14159	14800	P1P2	14800	P1P2
SLC5A6	4445	14160	14801	P1P2	14801	P1P2
SLC5A7	10069	14161	14802	P1P2	14802	P1P2
SLC5A8	14457	14162	14803	P1P2	14803	P1P2
SLC5A9	999	14163	14804	P1P2	14804	P1P2
SLC6A1	10040	14164	14805	P1P2	14805	P1P2
SLC6A11	14349	14165	14806	P1P2	14806	P1P2
SLC6A12	7933	14166	14807	P1P2	14807	P1P2
SLC6A13	835	14167	14808	P1P2	14808	P1P2
SLC6A14	11102	14168	14809	P1P2	14809	P1P2
SLC6A15	17676	14169	14810	P1P2	14810	P1P2
SLC6A16	2489	14170	14811	P1P2	14811	P1P2
SLC6A17	14382	14171	14812	P1P2	14812	P1P2
SLC6A18	18252	14172	14813	P1P2	14813	P1P2
SLC6A19	3620	14173	14814	P1P2	14814	P1P2
SLC6A2	13980	14174	14815	P1P2	14815	P1P2
SLC6A20	9140	14175	14816	P1P2	14816	P1P2
SLC6A3	2965	14176	14817	P1P2	14817	P1P2
SLC6A4	8080	14177	14818	P1P2	14818	P1P2
SLC6A5	11449	14178	14819	P1P2	14819	P1P2
SLC6A6	16680	14179	14820	P1P2	14820	P1P2
SLC6A7	4791	14180	14821	P1P2	14821	P1P2
SLC6A8	13268	14181	14822	P1P2	14822	P1P2
SLC6A9	9046	14182	14823	P1P2	14823	P1P2
SLC7A1	2583	14183	14824	P1P2	14824	P1P2
SLC7A10	4409	14184	14825	P1P2	14825	P1P2
SLC7A11	9530	14185	14826	P1P2	14826	P1P2
SLC7A13	10796	14186	14827	P1P2	14827	P1P2
SLC7A14	2494	14187	14828	P1P2	14828	P1P2
SLC7A2	5198	14188	14829	P1P2	14829	P1P2
SLC7A3	14048	14189	14830	P1P2	14830	P1P2
SLC7A4	17044	14190	14831	P1P2	14831	P1P2
SLC7A5	4264	14191	14832	P1P2	14832	P1P2
SLC7A6	5016	14192	14833	P1P2	14833	P1P2
SLC7A6OS	3956	14193	14834	P1P2	14834	P1P2
SLC7A7	5344	14194	14835	P1P2	14835	P1P2
SLC7A8	18356	14195	14836	P1P2	14836	P1P2
SLC7A9	15019	14196	14837	P1P2	14837	P1P2
SLC8A1	11787	14197	14838	P2	14838	P2
SLC8A2	11485	14198	14839	P1P2	14839	P1P2
SLC8A3	15666	14199	14840	P1P2	14840	P1P2
SLC8B1	15589	14200	14841	P1	14841	P1
SLC9A1	14046	14201	14842	P1P2	14842	P1P2
SLC9A2	18921	14202	14843	P1P2	14843	P1P2
SLC9A3	17310	14203	14844	P1P2	14844	P1P2
SLC9A3R1	1947	14204	14845	P1P2	14845	P1P2
SLC9A3R2	13443	14205	14846	P2	14846	P1
SLC9A4	11184	14206	14847	P1P2	14847	P1P2
SLC9A5	17136	14207	14848	P1P2	14848	P1P2
SLC9A6	14559	14208	14849	P1P2	14849	P1P2
SLC9A7	10981	14209	14850	P1P2	14850	P1P2
SLC9A8	18067	14210	14851	P1P2	14851	P1P2
SLC9A9	5702	14211	14852	P1P2	14852	P1P2
SLC9B2	7890	14212	14854	P1P2	14854	P1P2
SLC9C1	12868	14213	14855	P1P2	14855	P1P2
SLC9C2	8478	14214	14856	P1P2	14856	P1P2
SLCO1A2	1533	14215	14857	P1P2	14857	P1P2
SLCO1B1	11768	14216	14858	P1P2	14858	P1P2
SLCO1B3	715	14217	14859	P1P2	14859	P1P2
SLCO1B7	1409	14218	14860	ENST00000554957.1	14860	ENST00000554957.1
SLCO1C1	16323	14219	14861	P1P2	14861	P1P2
SLCO2A1	14913	14220	14862	P1P2	14862	P1P2
SLCO2B1	10513	14221	14863	P1P2	14863	P1P2
SLCO3A1	16778	14222	14864	P1P2	14864	P1P2
SLCO4A1	14251	14223	14865	P1P2	14865	P1P2
SLCO4C1	9595	14224	14866	P1P2	14866	P1P2
SLCO5A1	16484	14225	14867	P2	14867	P2
SLCO6A1	5221	14226	14868	P1P2	14868	P1P2
SLFN11	9636	14227	14869	P1P2	14869	P1P2
SLFN12	11065	14228	14870	P1P2	14870	P1P2
SLFN12L	5565	14229	14871	P1P2	14871	P1P2
SLFN13	17344	14230	14872	P1P2	14872	P1P2
SLFN14	13797	14231	14873	ENST00000415846.3	14873	ENST00000415846.3
SLFN5	17514	14232	14874	P1P2	14874	P1P2
SLFNL1	7137	14233	14875	P1P2	14875	P1P2
SLIRP	17313	14234	14876	P1P2	14876	P1P2
SLIT1	5482	14235	14877	P1P2	14877	P1P2
SLIT2	4137	14236	14878	P1P2	14878	P1P2
SLIT3	5772	14237	14879	P1P2	14879	P1P2
SLITRK1	4516	14238	14880	P1P2	14880	P1P2
SLITRK3	13689	14240	14882	P1P2	14882	P1P2
SLITRK4	7130	14241	14883	P1P2	14883	P1P2
SLITRK5	5199	14242	14884	P1	14884	P1
SLITRK6	1534	14243	14885	P1P2	14885	P1P2
SLK	1797	14244	14886	P1P2	14886	P1P2
SLMAP	283	14245	14887	P1P2	14887	P1P2
SLN	18313	14248	14890	P1P2	14890	P1P2
SLPI	7074	14249	14891	P1P2	14891	P1P2
SLTM	9436	14250	14892	P1P2	14892	P1P2
SLU7	13785	14251	14893	P1P2	14893	P1P2
SLURP1	14894	14252	14894	P1P2	14894	P1P2
SLX4	2345	14253	14896	P1P2	14896	P1P2
SLX4IP	461	14254	14897	P1P2	14897	P1P2
SMAD1	912	14255	14898	P1P2	14898	P1P2
SMAD2	7428	14256	14899	P1P2	14899	P1P2
SMAD3	1239	14257	14900	P1P2	14900	P1P2
SMAD4	14847	14258	14901	P1P2	14901	P1P2
SMAD6	13273	14259	14903	P1P2	14903	P1P2
SMAD7	14184	14260	14904	P1P2	14904	P1P2
SMAD9	14993	14261	14905	P1P2	14905	P1P2
SMAGP	10955	14262	14906	P1P2	14906	P1P2
SMAP1	4540	14263	14907	P1P2	14907	P1P2
SMARCA1	11573	14264	14909	P1P2	14909	P1P2
SMARCA2	16801	14265	14910	P1P2	14910	P1P2
SMARCA4	3552	14266	14911	P1P2	14911	P1P2
SMARCA5	6234	14267	14912	P1P2	14912	P1P2
SMARCAD1	3720	14268	14913	P1P2	14913	P1P2
SMARCAL1	13790	14269	14914	P1P2	14914	P1P2
SMARCB1	14136	14270	14915	P2	14915	P1
SMARCC1	6797	14271	14916	P1P2	14916	P1P2
SMARCC2	18287	14272	14917	P1P2	14917	P1P2
SMARCD1	6347	14273	14918	P1P2	14918	P1P2
SMARCD2	11400	14274	14919	P1P2	14919	P1P2
SMARCD3	2133	14275	14920	P1	14920	P1
SMARCE1	13710	14276	14921	P1P2	14921	P1P2
SMC1A	9655	14277	14922	P1P2	14922	P1P2
SMC1B	1424	14278	14923	P1P2	14923	P1P2
SMC2	7259	14279	14924	P1P2	14924	P1P2
SMC3	4186	14280	14925	P1P2	14925	P1P2
SMC4	11075	14281	14926	P2	14926	P1
SMC5	10300	14282	14927	P1P2	14927	P1P2
SMC6	1795	14283	14928	P1P2	14928	P1P2
SMCHD1	12936	14284	14929	P1P2	14929	P1P2
SMCO1	10603	14285	14930	P1P2	14930	P1P2
SMCO2	13174	14286	14931	P1P2	14931	P1P2
SMCO3	9278	14287	14932	P1P2	14932	P1P2
SMCO4	1089	14288	14933	P1P2	14933	P1P2
SMCP	16208	14289	14934	P1P2	14934	P1P2
SMCR8	3272	14290	14935	P1P2	14935	P1P2
SMDT1	9217	14291	14937	P1P2	14937	P1P2
SMG1	15149	14294	14940	P1P2	14940	P1P2
SMG5	10073	14295	14941	P1P2	14941	P1P2
SMG6	15742	14296	14942	P1P2	14942	P1P2
SMG7	9314	14297	14943	P1P2	14943	P1P2
SMG8	1446	14298	14944	P1P2	14944	P1P2
SMG9	8666	14299	14945	P1P2	14945	P1P2
SMIM1	14341	14300	14946	P1P2	14946	P1P2
SMIM12	18344	14302	14949	P1P2	14949	P1P2
SMIM13	18088	14303	14950	P1P2	14950	P1P2
SMIM14	16417	14304	14951	P1P2	14951	P1P2
SMIM15	10787	14305	14952	P1P2	14952	P1P2
SMIM18	13388	14306	14954	P1P2	14954	P1P2
SMIM19	5640	14307	14955	P1P2	14955	P1P2
SMIM2	564	14308	14956	ENST00000400419.1	14956	ENST00000400419.1
SMIM20	12915	14309	14957	P1P2	14957	P1P2
SMIM21	11044	14310	14958	P1P2	14958	P1P2
SMIM3	14818	14311	14960	P1P2	14960	P1P2
SMIM4	13334	14312	14961	P1P2	14961	P1P2
SMIM5	17378	14313	14962	P1	14962	P1
SMIM6	14959	14314	14963	P1P2	14963	P1P2
SMIM7	8507	14315	14964	P1P2	14964	P1P2
SMIM9	3503	14317	14965	ENST00000369529.1	14965	ENST00000369529.1
SMKR1	7077	14318	14966	P1P2	14966	P1P2
SMLR1	7848	14319	14967	P1P2	14967	P1P2
SMNDC1	16789	14320	14969	P1P2	14969	P1P2
SMO	2240	14321	14970	P1P2	14970	P1P2
SMOC1	10428	14322	14971	P1P2	14971	P1P2
SMOC2	18080	14323	14972	P1P2	14972	P1P2
SMOX	3885	14324	14973	P1P2	14973	P1P2
SMPD1	1729	14325	14974	P1P2	14974	P1P2
SMPD2	8299	14326	14975	P1P2	14975	P1P2
SMPD3	14922	14327	14976	P1P2	14976	P1P2
SMPD4	15345	14328	14977	P1P2	14977	P1P2
SMPDL3A	6767	14329	14978	P1P2	14978	P1P2
SMPDL3B	12943	14330	14979	P1P2	14979	P1P2
SMPX	14466	14331	14980	P1P2	14980	P1P2
SMR3A	373	14332	14981	P1P2	14981	P1P2
SMR3B	6766	14333	14982	P1P2	14982	P1P2
SMS	3895	14334	14983	P1P2	14983	P1P2
SMTN	18413	14335	14984	P1P2	14984	P1P2
SMTNL1	15801	14336	14985	ENST00000399154.2	14985	ENST00000399154.2
SMTNL2	13466	14337	14986	P1P2	14986	P1P2
SMU1	11478	14338	14987	P1P2	14987	P1P2
SMUG1	12079	14339	14988	P1P2	14988	P1P2
SMURF1	5190	14340	14989	P1P2	14989	P1P2
SMURF2	5392	14341	14990	P1P2	14990	P1P2
SMYD1	16623	14342	14991	P1P2	14991	P1P2
SMYD2	9134	14343	14992	P1P2	14992	P1P2
SMYD3	60	14344	14993	P1P2	14993	P1P2
SMYD4	4778	14345	14994	P1P2	14994	P1P2
SMYD5	1602	14346	14995	P1P2	14995	P1P2
SNAI1	18321	14347	14996	P1P2	14996	P1P2
SNAI2	4903	14348	14997	P1P2	14997	P1P2
SNAI3	10990	14349	14998	P1P2	14998	P1P2
SNAP23	11158	14350	14999	P1P2	14999	P1P2
SNAP25	4363	14351	15000	P1P2	15000	P1P2
SNAP29	8779	14352	15001	P1P2	15001	P1P2
SNAP47	17939	14353	15002	P2	15002	P2
SNAP91	465	14354	15003	P1P2	15003	P1P2
SNAPC1	9877	14355	15004	P1P2	15004	P1P2
SNAPC2	13258	14356	15005	P1P2	15005	P1P2
SNAPC3	14371	14357	15006	P1P2	15006	P1P2
SNAPC4	16483	14358	15007	P1P2	15007	P1P2
SNAPC5	7303	14359	15008	P1P2	15008	P1P2
SNAPIN	3182	14360	15009	P1P2	15009	P1P2
SNCA	17740	14361	15010	P1P2	15010	P1P2
SNCAIP	3825	14362	15011	P1P2	15011	P1P2
SNCB	10620	14363	15012	P1P2	15012	P1P2
SNCG	7129	14364	15013	P1P2	15013	P1P2
SND1	16542	14365	15014	P1P2	15014	P1P2
SNED1	18242	14366	15015	P1P2	15015	P1P2
SNF8	15286	14367	15016	P1P2	15016	P1P2
SNIP1	11113	14368	15017	P1P2	15017	P1P2
SNN	6565	14369	15018	P1P2	15018	P1P2
SNPH	10950	14370	15019	P1P2	15019	P1P2
SNRK	15449	14371	15020	P1P2	15020	P1P2
SNRNP200	16392	14372	15021	P1P2	15021	P1P2
SNRNP27	8235	14373	15023	P1P2	15023	P1P2
SNRNP35	4101	14374	15024	P1P2	15024	P1P2
SNRNP40	5710	14375	15025	P1P2	15025	P1P2
SNRNP48	6212	14376	15026	P1P2	15026	P1P2
SNRNP70	3117	14377	15027	P1P2	15027	P1P2
SNRPA	10008	14378	15028	P1P2	15028	P1P2
SNRPA1	9650	14379	15029	P1P2	15029	P1P2
SNRPB	6113	14380	15030	P1P2	15030	P1P2
SNRPB2	8002	14381	15031	P1P2	15031	P1P2
SNRPC	17187	14382	15032	P1P2	15032	P1P2
SNRPD2	7742	14384	15033	P1P2	15033	P1P2
SNRPD3	15404	14385	15034	P1P2	15034	P1P2
SNRPF	13456	14386	15036	P1P2	15036	P1P2
SNRPN	5100	14387	15038	P1P2	15038	P1P2
SNTA1	7497	14388	15039	P1P2	15039	P1P2
SNTB1	15560	14389	15040	P1P2	15040	P1P2
SNTB2	6516	14390	15041	P1P2	15041	P1P2
SNTG1	9984	14391	15042	P1P2	15042	P1P2
SNTG2	13560	14392	15043	P1P2	15043	P1P2
SNTN	10662	14393	15044	P1P2	15044	P1P2
SNUPN	14841	14394	15045	P1P2	15045	P1P2
SNW1	10166	14395	15047	P2	15047	P1
SNX1	10038	14396	15048	P1P2	15048	P1P2
SNX10	13639	14397	15049	P1P2	15049	P1P2
SNX11	13533	14398	15050	P1P2	15050	P1P2
SNX12	5666	14399	15051	P1P2	15051	P1P2
SNX13	6559	14400	15052	P1P2	15052	P1P2
SNX14	6712	14401	15053	P1P2	15053	P1P2
SNX15	15113	14402	15054	P2	15054	P2
SNX16	102	14403	15055	P1P2	15055	P1P2
SNX17	15352	14404	15056	P1P2	15056	P1P2
SNX18	5238	14405	15057	P1P2	15057	P1P2
SNX19	11122	14406	15058	P1P2	15058	P1P2
SNX2	5078	14407	15059	P1P2	15059	P1P2
SNX20	14585	14408	15060	P1P2	15060	P1P2
SNX21	12529	14409	15061	P1P2	15061	P1P2
SNX22	18532	14410	15062	P1P2	15062	P1P2
SNX24	11076	14411	15063	P1P2	15063	P1P2
SNX25	4404	14412	15064	P1P2	15064	P1P2
SNX27	12722	14413	15065	P1P2	15065	P1P2
SNX29	18050	14414	15066	ENST00000306030.3,ENST00000323433.4	15066	ENST00000306030.3,ENST00000323433.4
SNX3	14463	14415	15067	P1P2	15067	P1P2
SNX30	8885	14416	15068	P1P2	15068	P1P2
SNX31	2530	14417	15069	P1P2	15069	P1P2
SNX32	18810	14418	15070	P1P2	15070	P1P2
SNX33	2553	14419	15071	P1P2	15071	P1P2
SNX4	16455	14420	15072	P1P2	15072	P1P2
SNX5	14780	14421	15073	P1P2	15073	P1P2
SNX6	853	14422	15074	P1P2	15074	P1P2
SNX7	17191	14423	15075	P1P2	15075	P1P2
SNX8	18881	14424	15076	P1P2	15076	P1P2
SNX9	15741	14425	15077	P1P2	15077	P1P2
SOAT1	10272	14426	15078	P1P2	15078	P1P2
SOAT2	3266	14427	15079	P1P2	15079	P1P2
SOBP	10316	14428	15080	P1P2	15080	P1P2
SOCS1	18639	14429	15081	P1P2	15081	P1P2
SOCS2	16007	14430	15082	P1P2	15082	P1P2
SOCS3	1334	14431	15083	P1P2	15083	P1P2
SOCS4	17741	14432	15084	P1P2	15084	P1P2
SOCS5	18111	14433	15085	P1P2	15085	P1P2
SOCS6	1553	14434	15086	P1P2	15086	P1P2
SOCS7	17956	14435	15087	P1P2	15087	P1P2
SOD1	7689	14436	15088	P1P2	15088	P1P2
SOD2	7424	14437	15089	P1P2	15089	P1P2
SOD3	9824	14438	15090	P1P2	15090	P1P2
SOGA1	2888	14439	15091	P1P2	15091	P1P2
SOGA3	12254	14441	15093	P1P2	15093	P1P2
SOHLH1	8246	14442	15094	P1P2	15094	P1P2
SOHLH2	3231	14443	15095	ENST00000379881.3	15095	ENST00000379881.3
SON	17135	14444	15096	P1	15096	P1
SORBS1	4919	14445	15097	P1	15097	P1
SORBS2	3601	14446	15098	P1	15098	P2
SORBS3	657	14447	15099	P1P2	15099	P1P2
SORCS1	4051	14448	15100	P1P2	15100	P1P2
SORCS2	976	14449	15101	P1P2	15101	P1P2
SORCS3	2261	14450	15102	P1P2	15102	P1P2
SORD	123	14451	15103	P1P2	15103	P1P2
SORL1	3611	14452	15104	P1P2	15104	P1P2
SORT1	5358	14453	15105	P1P2	15105	P1P2
SOS1	17069	14454	15106	P1P2	15106	P1P2
SOS2	956	14455	15107	P1P2	15107	P1P2
SOST	48	14456	15108	P1P2	15108	P1P2
SOSTDC1	5485	14457	15109	P1P2	15109	P1P2
SOWAHA	9719	14458	15110	P1P2	15110	P1P2
SOWAHB	14474	14459	15111	P1P2	15111	P1P2
SOWAHC	9885	14460	15112	P1P2	15112	P1P2
SOWAHD	11433	14461	15113	P1P2	15113	P1P2
SOX1	11039	14462	15114	P1P2	15114	P1P2
SOX10	5997	14463	15115	P1P2	15115	P1P2
SOX11	9663	14464	15116	P1P2	15116	P1P2
SOX12	9438	14465	15117	P1P2	15117	P1P2
SOX13	15535	14466	15118	P1P2	15118	P1P2
SOX14	2817	14467	15119	P1P2	15119	P1P2
SOX15	309	14468	15120	P1P2	15120	P1P2
SOX17	13102	14469	15121	P1P2	15121	P1P2
SOX18	6269	14470	15122	P1P2	15122	P1P2
SOX2	4519	14471	15123	P1P2	15123	P1P2
SOX21	9965	14472	15124	P1P2	15124	P1P2
SOX3	5338	14473	15125	P1P2	15125	P1P2
SOX30	4434	14474	15126	P2	15126	P2
SOX4	3674	14475	15127	P2	15127	P1
SOX5	14866	14476	15128	ENST00000546136.1	15128	ENST00000546136.1
SOX6	13535	14477	15129	ENST00000352083.6,ENST00000396356.3	15129	ENST00000352083.6,ENST00000396356.3
SOX8	2923	14479	15130	P1P2	15130	P1P2
SOX9	2839	14480	15131	P1P2	15131	P1P2
SP1	4736	14481	15132	P1P2	15132	P1P2
SP100	7305	14482	15133	P1P2	15133	P1P2
SP110	6174	14483	15134	P1P2	15134	P1P2
SP140	13552	14484	15135	P1P2	15135	P1P2
SP140L	6424	14485	15136	P1P2	15136	P1P2
SP2	8285	14486	15137	P1P2	15137	P1P2
SP3	14345	14487	15138	P1P2	15138	P1P2
SP4	4144	14488	15139	P1P2	15139	P1P2
SP5	12139	14489	15140	P1P2	15140	P1P2
SP6	13658	14490	15141	P1P2	15141	P1P2
SP7	8572	14491	15142	P1P2	15142	P1P2
SP8	1897	14492	15143	P1P2	15143	P1P2
SP9	3228	14493	15144	P1P2	15144	P1P2
SPA17	10209	14494	15145	P1P2	15145	P1P2
SPACA1	8196	14495	15146	P1P2	15146	P1P2
SPACA3	1796	14496	15147	P1P2	15147	P1P2
SPACA4	5667	14497	15148	P1P2	15148	P1P2
SPACA7	17793	14498	15151	P1P2	15151	P1P2
SPAG1	265	14499	15152	ENST00000388798.2	15152	ENST00000251809.3
SPAG16	13901	14500	15155	P1P2	15155	P1P2
SPAG17	11298	14501	15156	P1P2	15156	P1P2
SPAG4	5856	14502	15157	P1	15157	P2
SPAG5	6942	14503	15158	P1P2	15158	P1P2
SPAG6	8411	14504	15159	P1P2	15159	P1P2
SPAG7	13932	14505	15160	P1P2	15160	P1P2
SPAG8	8890	14506	15161	P1P2	15161	P1P2
SPAG9	2328	14507	15162	P1P2	15162	P1P2
SPAM1	10914	14508	15163	P1P2	15163	P1P2
SPANXN3	5746	14510	15168	P1P2	15168	P1P2
SPANXN4	3384	14511	15169	P1P2	15169	P1P2
SPARC	13517	14512	15171	P1P2	15171	P1P2
SPARCL1	16366	14513	15172	P1P2	15172	P1P2
SPAST	7516	14514	15173	P1P2	15173	P1P2
SPATA12	7792	14515	15174	P1P2	15174	P1P2
SPATA13	17225	14516	15175	ENST00000382095.4,ENST00000382108.3	15175	ENST00000382095.4,ENST00000382108.3
SPATA16	10172	14517	15176	P1P2	15176	P1P2
SPATA17	4966	14518	15177	P1P2	15177	P1P2
SPATA18	15804	14519	15178	P1P2	15178	P1P2
SPATA19	9598	14520	15179	P1P2	15179	P1P2
SPATA2	14076	14521	15180	P1P2	15180	P1P2
SPATA20	1707	14522	15181	P1P2	15181	P1P2
SPATA21	2870	14523	15182	P1P2	15182	P1P2
SPATA22	18170	14524	15183	P1P2	15183	P1P2
SPATA24	13205	14525	15184	P1P2	15184	P1P2
SPATA25	6124	14526	15185	P1P2	15185	P1P2
SPATA2L	5634	14527	15186	P1P2	15186	P1P2
SPATA3	11355	14528	15187	P1P2	15187	P1P2
SPATA31D1	1961	14530	15188	P1P2	15188	P1P2
SPATA31E1	6118	14531	15189	P1P2	15189	P1P2
SPATA32	2598	14532	15190	P1P2	15190	P1P2
SPATA33	13445	14533	15191	P1P2	15191	P1P2
SPATA4	14478	14534	15192	P1P2	15192	P1P2
SPATA5	9887	14535	15193	P1P2	15193	P1P2
SPATA5L1	315	14536	15194	P1P2	15194	P1P2
SPATA6	103	14537	15195	P1P2	15195	P1P2
SPATA6L	10049	14538	15196	P1P2	15196	P1P2
SPATA7	15175	14539	15197	P1P2	15197	P1P2
SPATA9	15060	14541	15199	P1P2	15199	P1P2
SPATC1	17619	14542	15200	P1P2	15200	P1P2
SPATC1L	4774	14543	15201	P1	15201	P1
SPATS2	9261	14545	15203	P1P2	15203	P1P2
SPATS2L	18430	14546	15204	P1P2	15204	P1P2
SPCS1	6763	14549	15205	P1P2	15205	P1P2
SPCS2	4185	14550	15206	P1P2	15206	P1P2
SPCS3	15795	14551	15207	P2	15207	P2
SPDEF	12628	14552	15208	P1P2	15208	P1P2
SPDYA	6285	14554	15209	P2	15209	P1
SPDYC	2578	14555	15210	P1P2	15210	P1P2
SPDYE4	16651	14557	15212	P1P2	15212	P1P2
SPECC1	17851	14558	15213	ENST00000261503.5	15213	ENST00000395527.4
SPECC1L	1400	14559	15214	P1P2	15214	P1P2
SPEF1	18634	14560	15215	P1P2	15215	P1P2
SPEF2	5013	14561	15216	P1P2	15216	P1P2
SPEG	427	14562	15217	P1	15217	P2
SPEM1	16501	14563	15218	P1P2	15218	P1P2
SPEN	2157	14564	15219	P1P2	15219	P1P2
SPG11	14002	14567	15221	P1P2	15221	P1P2
SPG21	4805	14570	15223	P1P2	15223	P1P2
SPG7	4535	14571	15224	P1P2	15224	P1P2
SPHK1	18732	14572	15226	P1P2	15226	P1P2
SPHK2	5751	14573	15227	P1P2	15227	P1P2
SPHKAP	2387	14574	15228	P1P2	15228	P1P2
SPI1	12115	14575	15229	P1P2	15229	P1P2
SPIB	11526	14576	15230	P1P2	15230	P1P2
SPIC	5180	14577	15231	P1P2	15231	P1P2
SPICE1	8748	14578	15232	P1P2	15232	P1P2
SPIDR	1806	14579	15233	P1P2	15233	P1P2
SPIN1	9109	14580	15234	P1P2	15234	P1P2
SPIN3	13936	14581	15237	P1P2	15237	P1P2
SPIN4	3136	14582	15238	P1P2	15238	P1P2
SPINK1	10470	14583	15239	P1P2	15239	P1P2
SPINK13	895	14584	15240	P1P2	15240	P1P2
SPINK14	16505	14585	15241	ENST00000356972.1	15241	ENST00000356972.1
SPINK2	3313	14586	15242	P1P2	15242	P1P2
SPINK4	14902	14587	15243	P1P2	15243	P1P2
SPINK5	374	14588	15244	P1	15244	P2
SPINK6	994	14589	15245	P1P2	15245	P1P2
SPINK7	18068	14590	15246	P1P2	15246	P1P2
SPINK8	15456	14591	15247	ENST00000434006.1	15247	ENST00000434006.1
SPINK9	12234	14592	15248	P1P2	15248	P1P2
SPINT1	15972	14593	15249	P1P2	15249	P1P2
SPINT2	7272	14594	15250	P1P2	15250	P1P2
SPINT3	14501	14595	15251	P1P2	15251	P1P2
SPINT4	10522	14596	15252	P1P2	15252	P1P2
SPIRE1	9622	14597	15253	P1P2	15253	P1P2
SPIRE2	20	14598	15254	P1P2	15254	P1P2
SPN	161	14599	15255	P1P2	15255	P1P2
SPNS1	17258	14600	15256	P1P2	15256	P1P2
SPNS2	5442	14601	15257	P1P2	15257	P1P2
SPNS3	6937	14602	15258	P1P2	15258	P1P2
SPO11	5636	14603	15259	P1P2	15259	P1P2
SPOCD1	16815	14604	15260	P1P2	15260	P1P2
SPOCK1	12108	14605	15261	P1P2	15261	P1P2
SPOCK2	7040	14606	15262	P1P2	15262	P1P2
SPOCK3	6237	14607	15263	P1P2	15263	P1P2
SPON2	12470	14608	15265	P1P2	15265	P1P2
SPOP	17324	14609	15266	P1P2	15266	P1P2
SPOPL	6567	14610	15267	P1P2	15267	P1P2
SPP1	17711	14611	15268	P2	15268	P1
SPP2	854	14612	15269	P1P2	15269	P1P2
SPPL2A	10261	14613	15270	P1P2	15270	P1P2
SPPL2C	6803	14614	15272	P1P2	15272	P1P2
SPPL3	15220	14615	15273	P1P2	15273	P1P2
SPR	6650	14616	15274	P1P2	15274	P1P2
SPRED1	6853	14617	15275	P1P2	15275	P1P2
SPRED2	7147	14618	15276	ENST00000443619.2	15276	ENST00000443619.2
SPRED3	7228	14619	15277	P1P2	15277	P1P2
SPRN	10237	14620	15278	P1P2	15278	P1P2
SPRR2G	4740	14621	15286	P1P2	15286	P1P2
SPRR3	13197	14622	15287	P2	15287	P2
SPRR4	8843	14623	15288	P1P2	15288	P1P2
SPRTN	13287	14624	15289	P1P2	15289	P1P2
SPRY1	11071	14625	15290	P1P2	15290	P1P2
SPRY2	4250	14626	15291	P1P2	15291	P1P2
SPRY4	15927	14627	15293	P1P2	15293	P1P2
SPRYD3	11944	14628	15294	P1P2	15294	P1P2
SPRYD7	12336	14629	15296	P1P2	15296	P1P2
SPSB1	10591	14630	15297	P1P2	15297	P1P2
SPSB2	4621	14631	15298	P1P2	15298	P1P2
SPSB3	6585	14632	15299	P1P2	15299	P1P2
SPSB4	3572	14633	15300	P1P2	15300	P1P2
SPTA1	4713	14634	15301	P1P2	15301	P1P2
SPTAN1	12674	14635	15302	P1P2	15302	P1P2
SPTB	7747	14636	15303	P1P2	15303	P1P2
SPTBN1	8253	14637	15304	P1P2	15304	P1P2
SPTBN2	14144	14638	15305	P1P2	15305	P1P2
SPTBN4	17433	14639	15306	ENST00000598249.1	15306	ENST00000352632.3
SPTBN5	4610	14640	15307	P1P2	15307	P1P2
SPTLC1	1263	14641	15308	P1P2	15308	P1P2
SPTLC2	12738	14642	15309	P1P2	15309	P1P2
SPTLC3	17652	14643	15310	P1P2	15310	P1P2
SPTSSA	16369	14644	15311	P1P2	15311	P1P2
SPTSSB	7463	14645	15312	P1P2	15312	P1P2
SPTY2D1	11765	14646	15313	P1P2	15313	P1P2
SPZ1	15992	14647	15314	P1P2	15314	P1P2
SQLE	17504	14648	15315	P1P2	15315	P1P2
SQSTM1	18179	14650	15317	P1	15317	P1
SRA1	8104	14651	15318	P1P2	15318	P1P2
SRBD1	14130	14652	15319	P1P2	15319	P1P2
SRC	9952	14653	15320	P1P2	15320	P1P2
SRCAP	16761	14654	15321	P1P2	15321	P1P2
SRCIN1	4406	14655	15322	P1P2	15322	P1P2
SRD5A1	10475	14657	15324	P1P2	15324	P1P2
SRD5A3	10345	14658	15326	P1P2	15326	P1P2
SREBF1	18938	14659	15327	P2	15327	P2
SREBF2	17263	14660	15328	P1P2	15328	P1P2
SREK1	4092	14661	15329	P1P2	15329	P1P2
SRF	8551	14662	15331	P1P2	15331	P1P2
SRFBP1	15318	14663	15332	P1P2	15332	P1P2
SRGAP1	10029	14664	15333	P1P2	15333	P1P2
SRGAP3	5309	14665	15335	P1P2	15335	P1P2
SRGN	1723	14666	15336	P2	15336	P2
SRI	5518	14667	15337	P2	15337	P1
SRL	5269	14668	15338	P1P2	15338	P1P2
SRM	11530	14669	15339	P1P2	15339	P1P2
SRMS	10282	14670	15340	P1P2	15340	P1P2
SRP14	16991	14671	15341	P1P2	15341	P1P2
SRP19	6482	14672	15342	P1P2	15342	P1P2
SRP54	17638	14673	15343	P1P2	15343	P1P2
SRP68	10531	14674	15344	P1P2	15344	P1P2
SRP72	18803	14675	15345	P1P2	15345	P1P2
SRP9	17994	14676	15346	P1P2	15346	P1P2
SRPK1	6999	14677	15347	P1P2	15347	P1P2
SRPK2	4259	14678	15348	P2	15348	P2
SRPK3	14760	14679	15349	P1P2	15349	P1P2
SRPRB	4975	14681	15351	P1P2	15351	P1P2
SRPX	380	14682	15352	P1P2	15352	P1P2
SRPX2	3671	14683	15353	P1P2	15353	P1P2
SRR	18073	14684	15354	P1P2	15354	P1P2
SRRD	6637	14685	15355	P1P2	15355	P1P2
SRRM1	745	14686	15356	P1P2	15356	P1P2
SRRM2	17844	14687	15357	P1P2	15357	P1P2
SRRM3	4312	14688	15358	P1P2	15358	P1P2
SRRM4	10308	14689	15359	P1P2	15359	P1P2
SRRM5	8210	14690	15360	P1	15360	P2
SRRT	226	14691	15361	P1P2	15361	P1P2
SRSF1	9665	14692	15362	P1P2	15362	P1P2
SRSF10	16989	14693	15363	P1P2	15363	P1P2
SRSF11	3256	14694	15364	P2	15364	P1
SRSF12	10534	14695	15365	P1P2	15365	P1P2
SRSF2	17006	14696	15366	P1P2	15366	P1P2
SRSF3	14479	14697	15367	P1P2	15367	P1P2
SRSF4	7204	14698	15368	P1P2	15368	P1P2
SRSF5	7160	14699	15369	P1P2	15369	P1P2
SRSF6	16059	14700	15370	P1	15370	P1
SRSF7	17869	14701	15371	P1P2	15371	P1P2
SRSF9	10483	14702	15373	P1P2	15373	P1P2
SRXN1	4534	14703	15374	P1P2	15374	P1P2
SRY	11171	14704	15375	P1P2	15375	P1P2
SS18	8454	14705	15376	P1P2	15376	P1P2
SS18L1	13393	14706	15377	P1P2	15377	P1P2
SS18L2	953	14707	15378	P1P2	15378	P1P2
SSB	3604	14708	15379	P1P2	15379	P1P2
SSBP1	12418	14709	15380	P1P2	15380	P1P2
SSBP2	16598	14710	15381	P1P2	15381	P1P2
SSBP3	13893	14711	15382	P1P2	15382	P1P2
SSBP4	12483	14713	15383	P1P2	15383	P1P2
SSC5D	14751	14714	15384	P1P2	15384	P1P2
SSH1	10601	14716	15386	P1P2	15386	P1P2
SSH2	1986	14717	15387	P1P2	15387	P1P2
SSH3	15057	14718	15388	P1P2	15388	P1P2
SSMEM1	6413	14719	15389	P1P2	15389	P1P2
SSNA1	16172	14720	15390	P1P2	15390	P1P2
SSPN	10821	14721	15391	P1P2	15391	P1P2
SSR1	5107	14722	15393	P1P2	15393	P1P2
SSR2	8641	14723	15394	P1P2	15394	P1P2
SSR3	8980	14724	15395	P1P2	15395	P1P2
SSR4	2325	14725	15396	P1P2	15396	P1P2
SSRP1	2460	14726	15397	P1P2	15397	P1P2
SST	1887	14728	15399	P1P2	15399	P1P2
SSTR1	1427	14729	15400	P1P2	15400	P1P2
SSTR2	5830	14730	15401	P1P2	15401	P1P2
SSTR3	5370	14731	15402	P1P2	15402	P1P2
SSTR4	17802	14732	15403	P1P2	15403	P1P2
SSTR5	183	14733	15404	P2	15404	P2
SSU72	15527	14734	15405	P1P2	15405	P1P2
SSUH2	9629	14735	15406	P1P2	15406	P1P2
SSX1	14630	14736	15407	P1P2	15407	P1P2
SSX2IP	18147	14737	15408	P1P2	15408	P1P2
ST14	14290	14739	15414	P1P2	15414	P1P2
ST18	135	14740	15415	P1P2	15415	P1P2
ST3GAL1	10605	14741	15418	P1P2	15418	P1P2
ST3GAL2	15257	14742	15419	P2	15419	P1
ST3GAL3	16420	14743	15420	P1P2	15420	P1P2
ST3GAL4	13629	14744	15421	P1P2	15421	P1P2
ST3GAL5	1278	14745	15422	P1P2	15422	P1P2
ST3GAL6	1265	14746	15423	ENST00000483910.1	15423	ENST00000483910.1
ST6GAL1	4453	14748	15425	P1	15425	P1
ST6GAL2	7892	14749	15426	P1P2	15426	P1P2
ST6GALNAC1	9897	14750	15427	P1P2	15427	P1P2
ST6GALNAC2	36	14751	15428	P1P2	15428	P1P2
ST6GALNAC3	3960	14752	15429	P1P2	15429	P1P2
ST6GALNAC4	6033	14753	15430	P1P2	15430	P1P2
ST6GALNAC5	7636	14754	15431	P1P2	15431	P1P2
ST6GALNAC6	2381	14755	15432	P1P2	15432	P1P2
ST7	4883	14756	15433	P1P2	15433	P1P2
ST7L	1164	14758	15434	P1P2	15434	P1P2
ST8SIA1	11201	14759	15435	P1P2	15435	P1P2
ST8SIA2	2924	14760	15436	P1P2	15436	P1P2
ST8SIA3	7123	14761	15437	P1P2	15437	P1P2
ST8SIA4	14292	14762	15438	P1P2	15438	P1P2
ST8SIA5	8111	14763	15439	P1P2	15439	P1P2
ST8SIA6	2766	14764	15440	P1P2	15440	P1P2
STAB1	2239	14765	15441	P1P2	15441	P1P2
STAB2	9992	14766	15442	P1P2	15442	P1P2
STAC	3914	14767	15443	P1P2	15443	P1P2
STAC2	18436	14768	15444	P1P2	15444	P1P2
STAC3	10089	14769	15445	P1P2	15445	P1P2
STAG1	7166	14770	15446	P1P2	15446	P1P2
STAG2	15963	14771	15447	P1	15447	P1
STAG3	15102	14772	15448	P1P2	15448	P1P2
STAM	10882	14773	15449	P1P2	15449	P1P2
STAM2	5951	14774	15450	P1P2	15450	P1P2
STAMBP	6850	14775	15451	P1P2	15451	P1P2
STAMBPL1	7646	14776	15452	P1P2	15452	P1P2
STAP1	1841	14777	15453	P1P2	15453	P1P2
STAP2	4575	14778	15454	P1P2	15454	P1P2
STAR	8190	14779	15455	P1P2	15455	P1P2
STARD10	3395	14780	15456	P1P2	15456	P1P2
STARD13	15348	14781	15457	P1P2	15457	P1P2
STARD3	2126	14782	15458	P1P2	15458	P1P2
STARD3NL	4439	14783	15459	P1P2	15459	P1P2
STARD4	9898	14784	15460	P1P2	15460	P1P2
STARD5	10319	14785	15461	P1P2	15461	P1P2
STARD6	12835	14786	15462	ENST00000581310.1	15462	ENST00000307844.3
STARD7	12409	14787	15463	P1P2	15463	P1P2
STARD8	15459	14788	15464	ENST00000374599.3	15464	ENST00000374599.3
STARD9	9035	14789	15465	P1P2	15465	P1P2
STAT1	3348	14790	15466	P1P2	15466	P1P2
STAT2	364	14791	15467	P1P2	15467	P1P2
STAT3	4553	14792	15468	P1P2	15468	P1P2
STAT4	17542	14793	15469	P1P2	15469	P1P2
STAT5A	4573	14794	15470	P1P2	15470	P1P2
STAT5B	2810	14795	15471	P1P2	15471	P1P2
STAT6	8319	14796	15472	P1P2	15472	P1P2
STATH	18974	14797	15473	P1P2	15473	P1P2
STAU1	3341	14798	15474	P1P2	15474	P1P2
STAU2	9722	14799	15475	P1P2	15475	P1P2
STC1	12554	14800	15477	P1P2	15477	P1P2
STC2	10952	14801	15478	P1P2	15478	P1P2
STEAP1B	2293	14802	15480	P1P2	15480	P1P2
STEAP2	2840	14803	15481	P1P2	15481	P1P2
STEAP3	8821	14804	15482	P1P2	15482	P1P2
STEAP4	16829	14805	15483	P1P2	15483	P1P2
STH	655	14806	15484	ENST00000537309.1	15484	ENST00000537309.1
STIL	17937	14807	15485	P1P2	15485	P1P2
STIM1	1921	14808	15486	P1P2	15486	P1P2
STIP1	8034	14809	15488	P1P2	15488	P1P2
STK10	2916	14810	15489	P1P2	15489	P1P2
STK11	11587	14811	15490	P1	15490	P1
STK11IP	10654	14812	15491	P1P2	15491	P1P2
STK16	18548	14813	15492	P1P2	15492	P1P2
STK17A	1395	14814	15493	P1P2	15493	P1P2
STK17B	1083	14815	15494	P1P2	15494	P1P2
STK19	18753	14816	15495	P1P2	15495	P1P2
STK24	7888	14817	15496	P1P2	15496	P1P2
STK25	2161	14818	15497	P1P2	15497	P1P2
STK3	4820	14819	15498	P1P2	15498	P1P2
STK31	16408	14820	15499	P1P2	15499	P1P2
STK32A	6409	14821	15500	P1P2	15500	P1P2
STK32B	11195	14822	15501	P1P2	15501	P1P2
STK32C	3547	14823	15502	P1	15502	P1
STK33	9833	14824	15503	P1P2	15503	P1P2
STK35	17185	14825	15504	P1P2	15504	P1P2
STK36	2056	14826	15505	P1P2	15505	P1P2
STK38	13492	14827	15506	P1P2	15506	P1P2
STK38L	1873	14828	15507	P1P2	15507	P1P2
STK39	6950	14829	15508	P1P2	15508	P1P2
STK4	18602	14830	15509	P2	15509	P2
STK40	16931	14831	15510	P1P2	15510	P1P2
STMN1	10639	14832	15511	P1P2	15511	P1P2
STMN2	11137	14833	15512	P1P2	15512	P1P2
STMN3	7209	14834	15513	P1P2	15513	P1P2
STMN4	45	14835	15514	P1P2	15514	P1P2
STOM	12048	14836	15516	P1P2	15516	P1P2
STOML1	1960	14837	15517	P1P2	15517	P1P2
STOML2	1380	14838	15518	P1P2	15518	P1P2
STOML3	17677	14839	15519	P1P2	15519	P1P2
STON2	15192	14840	15522	ENST00000267540.2	15522	ENST00000267540.2
STOX1	15253	14841	15523	P1P2	15523	P1P2
STOX2	14873	14842	15524	P2	15524	P2
STPG1	8822	14843	15525	P1P2	15525	P1P2
STPG2	6046	14844	15526	P1P2	15526	P1P2
STRA6	1123	14846	15528	P1P2	15528	P1P2
STRA8	10473	14847	15529	ENST00000275764.3	15529	ENST00000275764.3
STRADA	5581	14848	15530	P1P2	15530	P1P2
STRADB	17112	14849	15531	P1P2	15531	P1P2
STRAP	12642	14850	15532	P1P2	15532	P1P2
STRBP	1763	14851	15533	P1P2	15533	P1P2
STRC	10295	14852	15534	ENST00000450892.2	15534	ENST00000450892.2
STRIP1	16492	14853	15535	P1P2	15535	P1P2
STRIP2	971	14854	15536	P1P2	15536	P1P2
STRN	18541	14855	15537	P1P2	15537	P1P2
STRN3	3088	14856	15538	P1P2	15538	P1P2
STRN4	12266	14857	15539	P1P2	15539	P1P2
STS	6675	14858	15540	ENST00000217961.4	15540	ENST00000217961.4
STT3A	5014	14859	15541	P1P2	15541	P1P2
STT3B	12933	14860	15542	P1P2	15542	P1P2
STUB1	17139	14861	15543	P1P2	15543	P1P2
STX10	18526	14862	15544	P1P2	15544	P1P2
STX11	14601	14863	15545	P1P2	15545	P1P2
STX12	9092	14864	15546	P1P2	15546	P1P2
STX16	17434	14865	15547	P1P2	15547	P1P2
STX17	17067	14866	15548	P1P2	15548	P1P2
STX18	4399	14867	15549	P1P2	15549	P1P2
STX19	2143	14868	15550	P1P2	15550	P1P2
STX1A	14131	14869	15551	P1P2	15551	P1P2
STX1B	1255	14870	15552	P1P2	15552	P1P2
STX2	14943	14871	15553	P1P2	15553	P1P2
STX3	9933	14872	15554	P1P2	15554	P1P2
STX4	11356	14873	15555	P1P2	15555	P1P2
STX5	14816	14874	15556	P1P2	15556	P1P2
STX6	9962	14875	15557	P1P2	15557	P1P2
STX7	986	14876	15558	P1P2	15558	P1P2
STX8	3988	14877	15559	P1P2	15559	P1P2
STXBP1	14054	14878	15560	P1P2	15560	P1P2
STXBP2	9382	14879	15561	P1P2	15561	P1P2
STXBP3	18425	14880	15562	P1P2	15562	P1P2
STXBP4	11871	14881	15563	P1P2	15563	P1P2
STXBP5	14223	14882	15564	P1P2	15564	P1P2
STXBP5L	11680	14883	15565	P1P2	15565	P1P2
STXBP6	3455	14884	15566	P1P2	15566	P1P2
STYK1	1984	14885	15567	P1P2	15567	P1P2
STYX	1194	14886	15568	P1P2	15568	P1P2
STYXL1	2074	14887	15569	P1P2	15569	P1P2
SUB1	10381	14888	15570	P1	15570	P1
SUCLA2	5097	14889	15571	P1P2	15571	P1P2
SUCLG1	2054	14890	15572	P1P2	15572	P1P2
SUCLG2	8136	14891	15573	P1P2	15573	P1P2
SUCNR1	11011	14892	15574	P1P2	15574	P1P2
SUCO	15934	14893	15575	P1P2	15575	P1P2
SUDS3	2540	14894	15576	P1P2	15576	P1P2
SUFU	6572	14895	15577	P1P2	15577	P1P2
SUGP1	7752	14896	15578	P1P2	15578	P1P2
SUGP2	7695	14897	15579	P1P2	15579	P1P2
SUGT1	9161	14898	15580	P1P2	15580	P1P2
SULF1	13055	14899	15581	P2	15581	P1
SULF2	16856	14900	15582	P1P2	15582	P1P2
SULT1A1	11749	14901	15583	P1P2	15583	P1P2
SULT1A2	17663	14902	15584	P1P2	15584	P1P2
SULT1B1	9741	14903	15587	P1P2	15587	P1P2
SULT1C2	11930	14904	15588	P1P2	15588	P1P2
SULT1C3	4323	14905	15589	ENST00000329106.2,ENST00000376700.1	15589	ENST00000329106.2,ENST00000376700.1
SULT1C4	3962	14906	15590	P1P2	15590	P1P2
SULT1E1	17118	14907	15591	P1P2	15591	P1P2
SULT2A1	6653	14908	15592	P1P2	15592	P1P2
SULT2B1	5290	14909	15593	P1P2	15593	P1P2
SULT4A1	18318	14910	15594	P1P2	15594	P1P2
SULT6B1	15488	14911	15595	P1P2	15595	P1P2
SUMF1	1736	14912	15596	P1P2	15596	P1P2
SUMF2	1843	14913	15597	P1	15597	P1
SUMO3	16910	14914	15600	P1P2	15600	P1P2
SUMO4	16404	14915	15601	P1P2	15601	P1P2
SUN1	4704	14916	15602	P2	15602	P2
SUN2	12813	14917	15603	P1P2	15603	P1P2
SUN3	18394	14918	15604	P1	15604	P1
SUN5	3735	14919	15605	P1P2	15605	P1P2
SUOX	2070	14920	15606	P1P2	15606	P1P2
SUPT16H	14147	14921	15607	P1P2	15607	P1P2
SUPT20H	1651	14922	15608	P1P2	15608	P1P2
SUPT3H	2662	14923	15609	P1P2	15609	P1P2
SUPT4H1	18610	14924	15610	P1P2	15610	P1P2
SUPT6H	5367	14926	15611	P1P2	15611	P1P2
SUPT7L	3420	14927	15612	P1P2	15612	P1P2
SUPV3L1	15708	14928	15613	P1P2	15613	P1P2
SURF1	3105	14929	15614	P1P2	15614	P1P2
SURF2	7897	14930	15615	P1P2	15615	P1P2
SURF4	12785	14931	15616	P1P2	15616	P1P2
SURF6	831	14932	15617	P1P2	15617	P1P2
SUSD1	10580	14933	15618	P1P2	15618	P1P2
SUSD2	11753	14934	15619	P1P2	15619	P1P2
SUSD3	13490	14935	15620	P1P2	15620	P1P2
SUSD4	18905	14936	15621	P1P2	15621	P1P2
SUSD5	6554	14937	15622	P1P2	15622	P1P2
SUV39H1	11811	14938	15623	P1P2	15623	P1P2
SUV39H2	35	14939	15624	P1P2	15624	P1P2
SUZ12	2234	14942	15627	P1P2	15627	P1P2
SV2A	16502	14943	15628	P1P2	15628	P1P2
SV2B	16690	14944	15629	P1P2	15629	P1P2
SV2C	16884	14945	15630	P1P2	15630	P1P2
SVEP1	7828	14946	15631	P1P2	15631	P1P2
SVIL	9401	14947	15632	P2	15632	P1
SVIP	6890	14948	15633	P1P2	15633	P1P2
SVOPL	18509	14949	15635	ENST00000419765.3	15635	ENST00000419765.3
SWAP70	1845	14950	15636	P1P2	15636	P1P2
SWSAP1	4394	14951	15638	P1P2	15638	P1P2
SWT1	670	14952	15639	P1P2	15639	P1P2
SYAP1	10234	14953	15640	P1P2	15640	P1P2
SYBU	14864	14954	15641	P1	15641	P2
SYCE1	14665	14955	15642	P1P2	15642	P1P2
SYCE1L	2702	14956	15643	P1P2	15643	P1P2
SYCE2	500	14957	15644	P1P2	15644	P1P2
SYCE3	3209	14958	15645	P1P2	15645	P1P2
SYCN	7214	14959	15646	P1P2	15646	P1P2
SYCP1	9368	14960	15647	P1P2	15647	P1P2
SYCP2	10664	14961	15648	P1P2	15648	P1P2
SYCP2L	4824	14962	15649	ENST00000283141.6	15649	ENST00000283141.6
SYCP3	3493	14963	15650	P1P2	15650	P1P2
SYDE1	8586	14964	15651	P1P2	15651	P1P2
SYDE2	2429	14965	15652	P1P2	15652	P1P2
SYF2	13868	14966	15653	P1P2	15653	P1P2
SYK	8184	14967	15654	P1	15654	P1
SYMPK	1360	14968	15655	P1P2	15655	P1P2
SYN1	4854	14969	15656	P1P2	15656	P1P2
SYN3	15828	14970	15658	P1P2	15658	P1P2
SYNC	7175	14971	15659	P1P2	15659	P1P2
SYNCRIP	16222	14972	15660	P1P2	15660	P1P2
SYNDIG1	2660	14973	15661	P1P2	15661	P1P2
SYNDIG1L	6928	14974	15662	P1P2	15662	P1P2
SYNE1	4951	14975	15663	ENST00000423061.1	15663	ENST00000423061.1
SYNE2	3797	14976	15664	P1P2	15664	P1P2
SYNE3	9619	14977	15665	ENST00000334258.5,ENST00000557275.1	15665	ENST00000334258.5,ENST00000557275.1
SYNE4	17843	14978	15666	P1P2	15666	P1P2
SYNGAP1	17712	14979	15667	P1P2	15667	P1P2
SYNGR1	13546	14980	15668	P1P2	15668	P1P2
SYNGR2	12352	14981	15669	P1P2	15669	P1P2
SYNGR3	16457	14982	15670	P1P2	15670	P1P2
SYNGR4	4342	14983	15671	P1P2	15671	P1P2
SYNJ1	140	14984	15672	P1P2	15672	P1P2
SYNJ2	12651	14985	15673	P1P2	15673	P1P2
SYNJ2BP	10902	14986	15674	P1P2	15674	P1P2
SYNM	174	14987	15675	P1P2	15675	P1P2
SYNPO	9185	14988	15676	P2	15676	P1
SYNPO2	18950	14989	15677	ENST00000307142.4	15677	ENST00000307142.4
SYNPO2L	8323	14990	15678	P1	15678	P1
SYNPR	18456	14991	15679	P1P2	15679	P1P2
SYNRG	15649	14992	15680	P1P2	15680	P1P2
SYP	12747	14993	15681	P1P2	15681	P1P2
SYPL1	18875	14994	15682	P1P2	15682	P1P2
SYPL2	8700	14995	15683	P1P2	15683	P1P2
SYS1	4181	14996	15684	P1P2	15684	P1P2
SYT1	4046	14997	15685	P2	15685	P2
SYT10	17262	14998	15686	P1P2	15686	P1P2
SYT11	3742	14999	15687	P1P2	15687	P1P2
SYT12	10766	15000	15688	P1P2	15688	P1P2
SYT13	6751	15001	15689	P1P2	15689	P1P2
SYT14	5404	15002	15690	P1P2	15690	P1P2
SYT15	4886	15003	15691	P1P2	15691	P1P2
SYT16	10646	15004	15692	ENST00000430451.2	15692	ENST00000430451.2
SYT17	16203	15005	15693	P1P2	15693	P1P2
SYT2	5557	15006	15694	P1P2	15694	P1P2
SYT3	15475	15007	15695	P1P2	15695	P1P2
SYT4	11229	15008	15696	P1P2	15696	P1P2
SYT5	17392	15009	15697	P1P2	15697	P1P2
SYT6	16300	15010	15698	P1P2	15698	P1P2
SYT7	13500	15011	15699	P1P2	15699	P1P2
SYT8	771	15012	15700	P1P2	15700	P1P2
SYT9	3123	15013	15701	P1P2	15701	P1P2
SYTL1	11943	15014	15702	P2	15702	P1
SYTL2	14733	15015	15703	P1P2	15703	P1P2
SYTL3	333	15016	15704	P1	15704	P1
SYTL4	8920	15017	15705	P1P2	15705	P1P2
SYTL5	4054	15018	15706	P1P2	15706	P1P2
SYVN1	17728	15019	15707	P1P2	15707	P1P2
SZRD1	11833	15020	15708	P1P2	15708	P1P2
SZT2	9726	15021	15709	P1P2	15709	P1P2
TAAR1	1714	15023	15711	ENST00000275216.1	15711	ENST00000275216.1
TAAR2	16406	15024	15712	P1P2	15712	P1P2
TAAR5	15233	15025	15713	ENST00000258034.2	15713	ENST00000258034.2
TAAR6	2769	15026	15714	ENST00000275198.1	15714	ENST00000275198.1
TAAR8	15177	15027	15715	ENST00000275200.1	15715	ENST00000275200.1
TAB1	544	15028	15717	ENST00000216160.6	15717	ENST00000216160.6
TAB2	664	15029	15718	P1P2	15718	P1P2
TAB3	4908	15030	15719	P1P2	15719	P1P2
TAC1	10066	15031	15720	P1P2	15720	P1P2
TAC3	7063	15032	15721	P1P2	15721	P1P2
TAC4	12683	15033	15722	P1P2	15722	P1P2
TACC1	11952	15034	15723	P1P2	15723	P1P2
TACC2	5601	15035	15724	ENST00000260733.3	15724	ENST00000360561.3
TACC3	3181	15036	15725	P2	15725	P1
TACO1	1558	15037	15726	P1P2	15726	P1P2
TACR1	12094	15038	15727	P1P2	15727	P1P2
TACR2	7889	15039	15728	P2	15728	P2
TACR3	15445	15040	15729	P1P2	15729	P1P2
TACSTD2	18654	15041	15730	P1P2	15730	P1P2
TADA1	17910	15042	15731	P1P2	15731	P1P2
TADA2A	14624	15043	15732	P1P2	15732	P1P2
TADA2B	5340	15044	15733	P1P2	15733	P1P2
TADA3	14882	15045	15734	P1P2	15734	P1P2
TAF1	15839	15046	15735	P1P2	15735	P1P2
TAF10	5766	15047	15736	P1P2	15736	P1P2
TAF11	330	15048	15737	P1P2	15737	P1P2
TAF12	856	15049	15738	P1P2	15738	P1P2
TAF13	10012	15050	15739	P1P2	15739	P1P2
TAF15	1060	15051	15740	P1P2	15740	P1P2
TAF1A	14425	15052	15741	P1P2	15741	P1P2
TAF1B	5385	15053	15742	P1P2	15742	P1P2
TAF1C	12157	15054	15743	P1P2	15743	P1P2
TAF1D	16253	15055	15744	P2	15744	P2
TAF1L	16937	15056	15745	P1P2	15745	P1P2
TAF3	2538	15058	15746	P1P2	15746	P1P2
TAF4	6991	15059	15747	P1P2	15747	P1P2
TAF4B	5560	15060	15748	P1P2	15748	P1P2
TAF5	18196	15061	15749	P1P2	15749	P1P2
TAF5L	11927	15062	15750	P1P2	15750	P1P2
TAF6	6618	15063	15751	P1P2	15751	P1P2
TAF6L	11386	15064	15752	P1P2	15752	P1P2
TAF7	14365	15065	15753	P1P2	15753	P1P2
TAF7L	9427	15066	15754	P1P2	15754	P1P2
TAF8	12442	15067	15755	P1P2	15755	P1P2
TAF9	3774	15068	15756	P1P2	15756	P1P2
TAF9B	5841	15069	15757	P1P2	15757	P1P2
TAGAP	16198	15071	15758	P1P2	15758	P1P2
TAGLN	2891	15072	15759	P2	15759	P2
TAGLN3	7336	15074	15760	P1P2	15760	P1P2
TAL1	16082	15075	15761	ENST00000371884.2	15761	ENST00000371884.2
TAL2	5027	15076	15762	ENST00000334077.3	15762	ENST00000334077.3
TALDO1	11888	15077	15763	P1P2	15763	P1P2
TAMM41	16933	15078	15764	P1P2	15764	P1P2
TANC1	9740	15079	15765	P1P2	15765	P1P2
TANC2	6348	15080	15766	ENST00000424789.2	15766	ENST00000424789.2
TANGO2	13736	15081	15767	P1P2	15767	P1P2
TANK	14195	15083	15768	P1	15768	P2
TAOK1	10975	15084	15769	P1P2	15769	P1P2
TAOK2	14690	15085	15770	P1P2	15770	P1P2
TAOK3	11667	15086	15771	P1	15771	P1
TAP1	16143	15087	15772	P1P2	15772	P1P2
TAP2	3439	15088	15773	P1P2	15773	P1P2
TAPBP	12865	15089	15774	P1P2	15774	P1P2
TAPBPL	5817	15090	15775	P1P2	15775	P1P2
TAPT1	5408	15091	15776	P1P2	15776	P1P2
TARBP1	5461	15092	15777	P1P2	15777	P1P2
TARBP2	14128	15093	15778	P1P2	15778	P1P2
TARDBP	14331	15094	15779	P1P2	15779	P1P2
TARM1	10065	15095	15780	P1P2	15780	P1P2
TARS2	505	15097	15783	P1P2	15783	P1P2
TAS1R1	11342	15099	15785	P1P2	15785	P1P2
TAS1R2	10251	15100	15786	ENST00000375371.3	15786	ENST00000375371.3
TAS1R3	11260	15101	15787	P1P2	15787	P1P2
TAS2R1	18523	15102	15788	ENST00000382492.2	15788	ENST00000382492.2
TAS2R10	5732	15103	15789	ENST00000240619.2	15789	ENST00000240619.2
TAS2R13	18204	15104	15790	ENST00000390677.2	15790	ENST00000390677.2
TAS2R14	8335	15105	15791	ENST00000537503.1	15791	ENST00000537503.1
TAS2R16	819	15106	15792	ENST00000249284.2	15792	ENST00000249284.2
TAS2R3	5138	15107	15795	ENST00000247879.2	15795	ENST00000247879.2
TAS2R31	358	15108	15797	ENST00000390675.2	15797	ENST00000390675.2
TAS2R38	697	15109	15798	ENST00000547270.1	15798	ENST00000547270.1
TAS2R39	16798	15110	15799	ENST00000446620.1	15799	ENST00000446620.1
TAS2R4	11643	15111	15800	ENST00000247881.2	15800	ENST00000247881.2
TAS2R40	9193	15112	15801	ENST00000408947.3	15801	ENST00000408947.3
TAS2R41	8681	15113	15802	ENST00000408916.1	15802	ENST00000408916.1
TAS2R42	803	15114	15803	ENST00000334266.1	15803	ENST00000334266.1
TAS2R5	12339	15115	15806	ENST00000247883.4	15806	ENST00000247883.4
TAS2R50	5661	15116	15807	ENST00000506868.1	15807	ENST00000506868.1
TAS2R60	5110	15117	15808	ENST00000332690.1	15808	ENST00000332690.1
TAS2R7	18314	15118	15809	ENST00000240687.2	15809	ENST00000240687.2
TAS2R8	5960	15119	15810	ENST00000240615.2	15810	ENST00000240615.2
TAS2R9	11095	15120	15811	ENST00000240691.2	15811	ENST00000240691.2
TASP1	6169	15121	15812	P1P2	15812	P1P2
TAT	13291	15122	15813	P1P2	15813	P1P2
TATDN1	9237	15123	15814	P1P2	15814	P1P2
TATDN2	9369	15124	15815	P1P2	15815	P1P2
TATDN3	1107	15125	15816	P2	15816	P1
TAX1BP1	15688	15126	15817	P1P2	15817	P1P2
TAX1BP3	18587	15127	15818	P1P2	15818	P1P2
TBATA	8110	15128	15820	P1P2	15820	P1P2
TBC1D1	8744	15129	15821	ENST00000261439.4	15821	ENST00000261439.4
TBC1D10A	16153	15130	15822	P1P2	15822	P1P2
TBC1D10B	6777	15131	15823	P1P2	15823	P1P2
TBC1D10C	1871	15132	15824	P1P2	15824	P1P2
TBC1D12	16819	15133	15825	P1P2	15825	P1P2
TBC1D13	4801	15134	15826	P1P2	15826	P1P2
TBC1D14	228	15135	15827	P1P2	15827	P1P2
TBC1D15	385	15136	15828	P1P2	15828	P1P2
TBC1D16	14066	15137	15829	P1P2	15829	P1P2
TBC1D17	843	15138	15830	P1P2	15830	P1P2
TBC1D19	11509	15139	15831	P1P2	15831	P1P2
TBC1D2	8004	15140	15832	P1P2	15832	P1P2
TBC1D20	16905	15141	15833	P1P2	15833	P1P2
TBC1D21	14987	15142	15834	P1P2	15834	P1P2
TBC1D22A	13297	15143	15835	P1P2	15835	P1P2
TBC1D22B	14815	15144	15836	P1P2	15836	P1P2
TBC1D23	5412	15145	15837	P1P2	15837	P1P2
TBC1D24	7703	15146	15838	P1P2	15838	P1P2
TBC1D25	5630	15147	15839	P1P2	15839	P1P2
TBC1D28	15164	15148	15841	ENST00000405044.1	15841	ENST00000345096.4
TBC1D29	10899	15149	15842	ENST00000580161.1	15842	ENST00000580161.1
TBC1D2B	4263	15150	15843	P1P2	15843	P1P2
TBC1D30	15285	15151	15845	P1P2	15845	P1P2
TBC1D31	12953	15152	15846	P1P2	15846	P1P2
TBC1D32	14346	15153	15847	P1P2	15847	P1P2
TBC1D4	7440	15154	15849	P1P2	15849	P1P2
TBC1D5	16643	15155	15850	P1P2	15850	P1P2
TBC1D7	525	15156	15851	P1P2	15851	P1P2
TBC1D8	17041	15157	15852	P1P2	15852	P1P2
TBC1D8B	274	15158	15853	P1P2	15853	P1P2
TBC1D9	9565	15159	15854	P1P2	15854	P1P2
TBC1D9B	7215	15160	15855	P1P2	15855	P1P2
TBCA	4449	15161	15856	P1P2	15856	P1P2
TBCB	13025	15162	15857	P1P2	15857	P1P2
TBCC	10294	15163	15858	P1P2	15858	P1P2
TBCCD1	13760	15164	15859	P2	15859	P2
TBCD	16619	15165	15860	P1P2	15860	P1P2
TBCE	2452	15166	15861	P1P2	15861	P1P2
TBCEL	4	15167	15862	P1P2	15862	P1P2
TBCK	9735	15168	15863	P1P2	15863	P1P2
TBK1	11807	15169	15864	P1P2	15864	P1P2
TBKBP1	13816	15170	15865	P1P2	15865	P1P2
TBL1X	16414	15171	15866	P1P2	15866	P1P2
TBL1XR1	12027	15172	15867	P1P2	15867	P1P2
TBL1Y	1077	15173	15868	P1P2	15868	P1P2
TBL2	1905	15174	15869	P2	15869	P2
TBL3	11669	15175	15870	P1P2	15870	P1P2
TBP	25	15176	15871	P1P2	15871	P1P2
TBPL1	945	15177	15872	P1P2	15872	P1P2
TBPL2	16826	15178	15873	ENST00000247219.5	15873	ENST00000247219.5
TBR1	13728	15179	15874	P1P2	15874	P1P2
TBRG1	14119	15180	15875	P1P2	15875	P1P2
TBRG4	4601	15181	15876	P1P2	15876	P1P2
TBX1	15850	15182	15877	P1P2	15877	P1P2
TBX10	5624	15183	15878	P1P2	15878	P1P2
TBX15	15250	15184	15879	P1P2	15879	P1P2
TBX18	12543	15185	15880	P1	15880	P1
TBX19	18897	15186	15881	ENST00000367821.3	15881	ENST00000367821.3
TBX2	4501	15187	15882	P1P2	15882	P1P2
TBX20	2706	15188	15883	P1P2	15883	P1P2
TBX21	18176	15189	15884	P1P2	15884	P1P2
TBX22	16104	15190	15885	P1P2	15885	P1P2
TBX3	15002	15191	15886	P1P2	15886	P1P2
TBX4	18421	15192	15887	P2	15887	P2
TBX5	3734	15193	15888	P1	15888	P2
TBX6	606	15194	15889	P1P2	15889	P1P2
TBXA2R	3746	15195	15890	P1P2	15890	P1P2
TBXAS1	2326	15196	15891	P1P2	15891	P1P2
TC2N	5538	15197	15892	P2	15892	P1
TCAIM	6471	15198	15893	P1P2	15893	P1P2
TCAP	11301	15199	15894	P1P2	15894	P1P2
TCEA1	15198	15200	15895	P1P2	15895	P1P2
TCEA2	13077	15201	15896	P1P2	15896	P1P2
TCEA3	2877	15202	15897	P1P2	15897	P1P2
TCEAL1	5253	15203	15898	P1P2	15898	P1P2
TCEAL2	6443	15204	15899	P2	15899	P1
TCEAL4	18481	15205	15901	P2	15901	P2
TCEAL5	3352	15206	15902	P1P2	15902	P1P2
TCEAL7	1793	15207	15904	P1P2	15904	P1P2
TCEAL8	12043	15208	15905	P1P2	15905	P1P2
TCEANC	11198	15209	15906	P1P2	15906	P1P2
TCEANC2	14628	15210	15907	P1P2	15907	P1P2
TCERG1	7345	15214	15913	P1P2	15913	P1P2
TCERG1L	13469	15215	15914	P1P2	15914	P1P2
TCF12	5727	15216	15915	P1	15915	P2
TCF15	10149	15217	15916	P1P2	15916	P1P2
TCF19	1935	15218	15917	P2	15917	P1
TCF20	4645	15219	15918	P1P2	15918	P1P2
TCF21	15974	15220	15919	P1P2	15919	P1P2
TCF23	1003	15221	15920	P1P2	15920	P1P2
TCF24	2466	15222	15921	P1P2	15921	P1P2
TCF25	13463	15223	15922	P1P2	15922	P1P2
TCF3	487	15224	15923	P1P2	15923	P1P2
TCF4	16204	15225	15924	P1P2	15924	P1P2
TCF7	13464	15226	15925	P1P2	15925	P1P2
TCF7L1	8265	15227	15926	P1P2	15926	P1P2
TCF7L2	17922	15228	15927	P1P2	15927	P1P2
TCFL5	13129	15229	15928	P1P2	15928	P1P2
TCHH	16636	15230	15929	P1P2	15929	P1P2
TCHHL1	13737	15231	15930	P1P2	15930	P1P2
TCHP	15050	15232	15931	P1P2	15931	P1P2
TCIRG1	16805	15233	15932	P1P2	15932	P1P2
TCL1A	14824	15234	15933	P1P2	15933	P1P2
TCL1B	1452	15235	15934	P1P2	15934	P1P2
TCN1	6772	15236	15935	P1P2	15935	P1P2
TCN2	11676	15237	15936	P1P2	15936	P1P2
TCOF1	11822	15238	15937	P1P2	15937	P1P2
TCP1	851	15239	15938	P1P2	15938	P1P2
TCP10L	11384	15240	15940	P1	15940	P2
TCP11	16495	15241	15942	P1P2	15942	P1P2
TCP11L1	2630	15242	15943	P1P2	15943	P1P2
TCP11L2	10417	15243	15944	P1P2	15944	P1P2
TCTA	12874	15244	15945	P1P2	15945	P1P2
TCTE1	4303	15245	15946	P1P2	15946	P1P2
TCTE3	2782	15246	15947	P1P2	15947	P1P2
TCTEX1D1	8764	15247	15948	P1P2	15948	P1P2
TCTEX1D2	18342	15248	15949	P1P2	15949	P1P2
TCTN1	11959	15249	15951	P1P2	15951	P1P2
TCTN2	14898	15250	15952	P1P2	15952	P1P2
TCTN3	3866	15251	15953	P1P2	15953	P1P2
TDG	14021	15252	15954	P1P2	15954	P1P2
TDGF1	13355	15253	15955	P1P2	15955	P1P2
TDO2	16485	15254	15956	P1P2	15956	P1P2
TDP1	13669	15255	15957	P1P2	15957	P1P2
TDP2	15117	15256	15958	P1P2	15958	P1P2
TDRD1	16160	15257	15959	P1P2	15959	P1P2
TDRD10	11470	15258	15960	P1P2	15960	P1P2
TDRD12	10058	15259	15961	P1P2	15961	P1P2
TDRD15	10377	15260	15962	P1P2	15962	P1P2
TDRD3	10741	15261	15963	P1P2	15963	P1P2
TDRD5	997	15262	15964	P1P2	15964	P1P2
TDRD6	6807	15263	15965	P1P2	15965	P1P2
TDRD7	9928	15264	15966	P1P2	15966	P1P2
TDRD9	15272	15265	15967	P1P2	15967	P1P2
TDRKH	1585	15266	15968	P1P2	15968	P1P2
TDRP	12176	15267	15969	P1P2	15969	P1P2
TEAD1	15053	15268	15970	P1P2	15970	P1P2
TEAD2	7452	15269	15971	P1P2	15971	P1P2
TEAD3	1593	15270	15972	P1P2	15972	P1P2
TEAD4	5050	15271	15973	P1P2	15973	P1P2
TEC	10206	15272	15974	P1P2	15974	P1P2
TECPR1	4304	15273	15975	P1P2	15975	P1P2
TECPR2	11276	15274	15976	P1P2	15976	P1P2
TECR	4487	15275	15977	P1P2	15977	P1P2
TECRL	17273	15276	15978	P1P2	15978	P1P2
TECTA	12990	15277	15979	ENST00000264037.2	15979	ENST00000264037.2
TECTB	3729	15278	15980	P1P2	15980	P1P2
TEDDM1	7813	15279	15981	P1P2	15981	P1P2
TEF	7205	15280	15982	P2	15982	P2
TEFM	8336	15281	15983	P1P2	15983	P1P2
TEK	13483	15282	15984	P1P2	15984	P1P2
TEKT1	8873	15283	15985	P1P2	15985	P1P2
TEKT2	14418	15284	15986	P1P2	15986	P1P2
TEKT3	15949	15285	15987	P1P2	15987	P1P2
TEKT4	12685	15286	15988	P1P2	15988	P1P2
TEKT5	11251	15287	15989	P1P2	15989	P1P2
TELO2	8567	15288	15990	P1P2	15990	P1P2
TENM1	18714	15291	15992	P1P2	15992	P1P2
TENM2	13740	15292	15993	P1P2	15993	P1P2
TENM3	16135	15293	15994	P1P2	15994	P1P2
TENM4	2804	15294	15995	P1P2	15995	P1P2
TEP1	18595	15295	15996	P1P2	15996	P1P2
TEPP	18628	15296	15997	P1P2	15997	P1P2
TERF1	13390	15297	15998	P1P2	15998	P1P2
TERF2	3687	15298	15999	P1P2	15999	P1P2
TERF2IP	11799	15299	16000	P1P2	16000	P1P2
TERT	4198	15300	16001	P1P2	16001	P1P2
TES	75	15301	16002	P1P2	16002	P1P2
TESC	14015	15302	16003	P1P2	16003	P1P2
TESK1	18725	15303	16004	P1P2	16004	P1P2
TESK2	16899	15304	16005	P1P2	16005	P1P2
TESPA1	5479	15305	16006	P1	16006	P2
TET1	14256	15306	16007	P1P2	16007	P1P2
TET2	2015	15307	16008	P1P2	16008	P1P2
TET3	13682	15308	16009	ENST00000409262.3	16009	ENST00000409262.3
TEX10	9042	15309	16010	P1P2	16010	P1P2
TEX101	4104	15310	16011	P2	16011	P2
TEX11	18566	15311	16012	P1P2	16012	P1P2
TEX12	15551	15312	16013	P1P2	16013	P1P2
TEX13A	13001	15313	16014	P1P2	16014	P1P2
TEX13B	8101	15314	16015	P1P2	16015	P1P2
TEX14	14329	15315	16016	P1P2	16016	P1P2
TEX15	16809	15316	16017	ENST00000256246.2	16017	ENST00000256246.2
TEX19	7800	15317	16018	P1P2	16018	P1P2
TEX2	10215	15318	16019	P1P2	16019	P1P2
TEX22	16615	15319	16020	P1P2	16020	P1P2
TEX26	1407	15320	16021	P1P2	16021	P1P2
TEX261	14228	15321	16022	P1P2	16022	P1P2
TEX264	17261	15322	16023	P1P2	16023	P1P2
TEX29	12359	15323	16025	P1P2	16025	P1P2
TEX30	13050	15324	16026	P1P2	16026	P1P2
TEX33	14337	15325	16027	P1P2	16027	P1P2
TEX35	15023	15326	16028	P1P2	16028	P1P2
TEX36	13397	15327	16029	P1P2	16029	P1P2
TEX37	4842	15328	16030	P1P2	16030	P1P2
TEX38	2581	15329	16031	P1P2	16031	P1P2
TEX9	4851	15331	16033	P1P2	16033	P1P2
TF	9317	15332	16034	P1	16034	P2
TFAM	5460	15333	16035	P1P2	16035	P1P2
TFAP2A	5201	15334	16036	P1	16036	P2
TFAP2B	8679	15335	16037	P1P2	16037	P1P2
TFAP2C	692	15336	16038	P1P2	16038	P1P2
TFAP2E	13651	15337	16040	P1P2	16040	P1P2
TFAP4	15022	15338	16041	P1P2	16041	P1P2
TFB1M	12487	15339	16042	P1P2	16042	P1P2
TFB2M	4647	15340	16043	P1P2	16043	P1P2
TFCP2	8999	15341	16044	P1P2	16044	P1P2
TFCP2L1	15358	15342	16045	P1P2	16045	P1P2
TFDP1	8311	15343	16046	P1P2	16046	P1P2
TFDP2	17876	15344	16047	P2	16047	P2
TFDP3	13908	15345	16048	P1P2	16048	P1P2
TFE3	12217	15346	16049	P1P2	16049	P1P2
TFEB	19025	15347	16050	P2	16050	P1
TFEC	15084	15348	16051	P1P2	16051	P1P2
TFF1	10202	15349	16052	P1P2	16052	P1P2
TFF2	1303	15350	16053	P1P2	16053	P1P2
TFF3	18972	15351	16054	P1P2	16054	P1P2
TFG	13617	15352	16055	P1P2	16055	P1P2
TFIP11	18550	15353	16056	P1P2	16056	P1P2
TFPI	9628	15354	16057	P1P2	16057	P1P2
TFPI2	17690	15355	16058	P1P2	16058	P1P2
TFPT	18108	15356	16059	P1P2	16059	P1P2
TFR2	12947	15357	16060	P1P2	16060	P1P2
TG	10227	15359	16062	P2	16062	P2
TGDS	5602	15360	16063	P1P2	16063	P1P2
TGFA	4793	15361	16064	P1P2	16064	P1P2
TGFB1	17775	15362	16065	P1P2	16065	P1P2
TGFB1I1	1546	15363	16066	P1P2	16066	P1P2
TGFB2	15154	15364	16067	P1P2	16067	P1P2
TGFB3	11001	15365	16068	P1P2	16068	P1P2
TGFBI	5379	15366	16069	P1	16069	P1
TGFBR1	9096	15367	16070	P1P2	16070	P1P2
TGFBR2	2044	15368	16071	P1P2	16071	P1P2
TGFBR3	506	15369	16072	P1P2	16072	P1P2
TGFBR3L	10395	15370	16073	P1P2	16073	P1P2
TGFBRAP1	489	15371	16074	P1P2	16074	P1P2
TGIF1	15856	15372	16075	P1P2	16075	P1P2
TGIF2	5918	15373	16076	P1P2	16076	P1P2
TGM1	10632	15374	16080	P1P2	16080	P1P2
TGM2	9094	15375	16081	P1P2	16081	P1P2
TGM3	6165	15376	16082	P1P2	16082	P1P2
TGM4	17408	15377	16083	P1	16083	P1
TGM5	17469	15378	16084	P2	16084	P1
TGM6	10090	15379	16085	P1P2	16085	P1P2
TGM7	15301	15380	16086	P2	16086	P2
TGOLN2	5276	15381	16087	P1P2	16087	P1P2
TGS1	14060	15382	16088	P1P2	16088	P1P2
TH	13034	15383	16089	P2	16089	P1
THADA	8103	15384	16090	P1P2	16090	P1P2
THAP1	13656	15385	16091	P1P2	16091	P1P2
THAP10	8967	15386	16092	P1P2	16092	P1P2
THAP11	17138	15387	16093	P1P2	16093	P1P2
THAP2	3190	15388	16094	P2	16094	P1
THAP3	8580	15389	16095	P1P2	16095	P1P2
THAP4	12011	15390	16096	P1P2	16096	P1P2
THAP5	1998	15391	16097	P1P2	16097	P1P2
THAP6	3847	15392	16098	P1P2	16098	P1P2
THAP7	12774	15393	16099	P1P2	16099	P1P2
THAP8	14424	15394	16100	P1P2	16100	P1P2
THAP9	16320	15395	16101	P1P2	16101	P1P2
THBD	7662	15396	16102	P2	16102	P2
THBS1	18978	15397	16103	P2	16103	P1
THBS2	9763	15398	16104	P1P2	16104	P1P2
THBS3	14073	15399	16105	P2	16105	P2
THBS4	792	15400	16106	P1P2	16106	P1P2
THEG	15940	15401	16107	P1	16107	P2
THEGL	11464	15402	16109	P1P2	16109	P1P2
THEM4	12928	15403	16110	P1P2	16110	P1P2
THEM5	7762	15404	16111	P1P2	16111	P1P2
THEM6	708	15405	16112	P1P2	16112	P1P2
THEMIS	2881	15406	16113	P2	16113	P1
THEMIS2	13272	15407	16114	P1P2	16114	P1P2
THG1L	14548	15408	16115	P1P2	16115	P1P2
THNSL1	1401	15409	16116	P1P2	16116	P1P2
THNSL2	11226	15410	16117	P1P2	16117	P1P2
THOC1	8968	15411	16118	P1P2	16118	P1P2
THOC2	11630	15412	16119	P1P2	16119	P1P2
THOC3	16720	15413	16120	P1P2	16120	P1P2
THOC5	15392	15414	16121	P1P2	16121	P1P2
THOC6	13850	15415	16122	P1P2	16122	P1P2
THOC7	2039	15416	16123	P1P2	16123	P1P2
THOP1	17885	15417	16124	P1P2	16124	P1P2
THPO	8685	15418	16125	P1P2	16125	P1P2
THRA	5106	15419	16126	P1P2	16126	P1P2
THRAP3	11892	15420	16127	P1P2	16127	P1P2
THRB	10023	15421	16128	P1P2	16128	P1P2
THRSP	3316	15422	16129	P1P2	16129	P1P2
THSD1	6536	15423	16130	P1P2	16130	P1P2
THSD4	10844	15424	16131	ENST00000355327.3	16131	ENST00000261862.6
THSD7A	7644	15425	16132	P1P2	16132	P1P2
THSD7B	14779	15426	16133	P1P2	16133	P1P2
THTPA	12005	15427	16134	P1P2	16134	P1P2
THUMPD1	8041	15428	16135	P1P2	16135	P1P2
THUMPD2	17095	15429	16136	P1P2	16136	P1P2
THUMPD3	7470	15430	16137	P1P2	16137	P1P2
THY1	15976	15431	16138	P1P2	16138	P1P2
THYN1	15048	15432	16139	P1P2	16139	P1P2
TIA1	10115	15433	16140	P1P2	16140	P1P2
TIAL1	4150	15434	16142	P1P2	16142	P1P2
TIAM1	14680	15435	16143	ENST00000286827.3	16143	ENST00000286827.3
TIAM2	1444	15436	16144	ENST00000461783.3	16144	ENST00000461783.3
TICAM1	9075	15437	16145	P1P2	16145	P1P2
TICRR	2557	15438	16147	P1P2	16147	P1P2
TIE1	1737	15439	16148	P1P2	16148	P1P2
TIFA	9514	15440	16149	P1P2	16149	P1P2
TIFAB	9466	15441	16150	P1P2	16150	P1P2
TIGD2	13062	15442	16152	P1P2	16152	P1P2
TIGD3	7474	15443	16153	P1P2	16153	P1P2
TIGD4	12572	15444	16154	P1P2	16154	P1P2
TIGD5	26	15445	16155	P1P2	16155	P1P2
TIGD6	18202	15446	16156	P1P2	16156	P1P2
TIGD7	879	15447	16157	P1P2	16157	P1P2
TIGIT	2838	15448	16158	P1P2	16158	P1P2
TIMD4	9715	15449	16159	P1	16159	P1
TIMELESS	11817	15450	16160	P1P2	16160	P1P2
TIMM10	5431	15451	16161	P1P2	16161	P1P2
TIMM10B	4872	15452	16162	P1P2	16162	P1P2
TIMM13	8438	15453	16163	P1P2	16163	P1P2
TIMM17A	8488	15454	16164	P1P2	16164	P1P2
TIMM17B	94	15455	16165	P1P2	16165	P1P2
TIMM21	4650	15456	16166	P1P2	16166	P1P2
TIMM22	18251	15457	16167	P1P2	16167	P1P2
TIMM23	1570	15458	16168	ENST00000260867.4	16168	ENST00000260867.4
TIMM50	15948	15460	16169	P1P2	16169	P1P2
TIMM8A	889	15461	16170	P1P2	16170	P1P2
TIMM8B	13813	15462	16171	P1P2	16171	P1P2
TIMM9	10726	15463	16172	P1P2	16172	P1P2
TIMMDC1	12114	15464	16173	P1P2	16173	P1P2
TIMP1	1971	15465	16174	P1	16174	P2
TIMP2	4045	15466	16175	P1P2	16175	P1P2
TIMP3	9412	15467	16176	P1P2	16176	P1P2
TIMP4	243	15468	16177	P1P2	16177	P1P2
TINAG	15919	15469	16178	P1P2	16178	P1P2
TINAGL1	8161	15470	16179	P1P2	16179	P1P2
TINF2	6819	15471	16180	P1P2	16180	P1P2
TIPARP	9922	15472	16181	P1P2	16181	P1P2
TIPIN	3864	15473	16182	P1P2	16182	P1P2
TIPRL	1656	15474	16183	P1P2	16183	P1P2
TIRAP	14049	15475	16184	P1P2	16184	P1P2
TJAP1	6775	15476	16185	P2	16185	P2
TJP1	9914	15477	16186	P1P2	16186	P1P2
TJP2	5445	15478	16187	P2	16187	P1
TJP3	1620	15479	16188	P2	16188	P2
TK1	11063	15480	16189	P1P2	16189	P1P2
TK2	7855	15481	16190	P1P2	16190	P1P2
TKT	1163	15482	16191	P2	16191	P1
TKTL1	3498	15483	16192	P1P2	16192	P1P2
TKTL2	5229	15484	16193	P1P2	16193	P1P2
TLCD1	8549	15485	16194	P1P2	16194	P1P2
TLCD2	6802	15486	16195	P1P2	16195	P1P2
TLDC2	18928	15488	16197	P1P2	16197	P1P2
TLE1	6831	15489	16198	P1P2	16198	P1P2
TLE2	7608	15490	16199	P1P2	16199	P1P2
TLE3	10894	15491	16200	P1P2	16200	P1P2
TLE4	10528	15492	16201	P1P2	16201	P1P2
TLE6	10786	15493	16202	P1P2	16202	P1P2
TLK1	7915	15494	16203	P1P2	16203	P1P2
TLK2	66	15495	16204	P1P2	16204	P1P2
TLL1	13399	15496	16205	P1P2	16205	P1P2
TLL2	17019	15497	16206	P1P2	16206	P1P2
TLN1	18328	15498	16207	P1P2	16207	P1P2
TLN2	3179	15499	16208	ENST00000561311.1	16208	ENST00000561311.1
TLR1	8000	15500	16209	P1P2	16209	P1P2
TLR10	14790	15501	16210	P1P2	16210	P1P2
TLR2	18609	15502	16211	P1P2	16211	P1P2
TLR3	12102	15503	16212	P1P2	16212	P1P2
TLR4	12110	15504	16213	P1P2	16213	P1P2
TLR6	16779	15505	16215	P1P2	16215	P1P2
TLR7	1410	15506	16216	P1P2	16216	P1P2
TLR8	11016	15507	16217	P1P2	16217	P1P2
TLR9	9533	15508	16218	P1P2	16218	P1P2
TLX1	15770	15509	16219	P1P2	16219	P1P2
TLX2	2683	15511	16221	P1P2	16221	P1P2
TLX3	13422	15512	16222	P1P2	16222	P1P2
TM2D1	4657	15513	16223	P1P2	16223	P1P2
TM2D2	11360	15514	16224	P1P2	16224	P1P2
TM2D3	8533	15515	16225	P1P2	16225	P1P2
TM4SF1	13627	15516	16226	P1P2	16226	P1P2
TM4SF18	11664	15517	16227	P1P2	16227	P1P2
TM4SF19	12637	15518	16228	P1P2	16228	P1P2
TM4SF20	435	15519	16229	P1P2	16229	P1P2
TM4SF4	6185	15520	16230	P1P2	16230	P1P2
TM4SF5	8792	15521	16231	P1P2	16231	P1P2
TM6SF1	7142	15522	16232	P1P2	16232	P1P2
TM7SF2	1189	15524	16233	P1P2	16233	P1P2
TM7SF3	6266	15525	16234	P1P2	16234	P1P2
TM9SF1	17706	15526	16235	P2	16235	P1
TM9SF2	9936	15527	16236	P1P2	16236	P1P2
TM9SF3	5633	15528	16237	P1P2	16237	P1P2
TM9SF4	12827	15529	16238	P1P2	16238	P1P2
TMA16	11498	15530	16239	P1P2	16239	P1P2
TMA7	293	15531	16240	P1P2	16240	P1P2
TMBIM1	3069	15532	16241	P1P2	16241	P1P2
TMBIM4	15407	15533	16242	P1P2	16242	P1P2
TMBIM6	18649	15534	16243	P1P2	16243	P1P2
TMC1	451	15535	16244	ENST00000297784.5	16244	ENST00000340019.3
TMC2	15738	15536	16245	P1P2	16245	P1P2
TMC3	4976	15537	16246	P1P2	16246	P1P2
TMC4	17898	15538	16247	P1P2	16247	P1P2
TMC5	347	15539	16248	P1P2	16248	P1P2
TMC6	16402	15540	16249	P1P2	16249	P1P2
TMC7	7251	15541	16250	P1P2	16250	P1P2
TMC8	15311	15542	16251	P2	16251	P1
TMCC1	1434	15543	16252	P1P2	16252	P1P2
TMCC2	5771	15544	16253	P2	16253	P2
TMCC3	10784	15545	16254	P1P2	16254	P1P2
TMCO1	4474	15546	16255	P1P2	16255	P1P2
TMCO2	17462	15547	16256	P1P2	16256	P1P2
TMCO3	17116	15548	16257	P1P2	16257	P1P2
TMCO4	8331	15549	16258	P1P2	16258	P1P2
TMCO5A	12965	15550	16259	P1P2	16259	P1P2
TMCO6	5784	15551	16260	P1P2	16260	P1P2
TMED1	12610	15552	16261	P1P2	16261	P1P2
TMED10	12866	15553	16262	P1P2	16262	P1P2
TMED2	3024	15554	16263	P1P2	16263	P1P2
TMED3	16661	15555	16264	P1P2	16264	P1P2
TMED4	4742	15556	16265	P1P2	16265	P1P2
TMED5	1061	15557	16266	P1P2	16266	P1P2
TMED6	4631	15558	16267	P1P2	16267	P1P2
TMED7	13339	15559	16268	P1P2	16268	P1P2
TMED8	16142	15560	16270	P1P2	16270	P1P2
TMED9	3051	15561	16271	P1P2	16271	P1P2
TMEFF1	16635	15562	16272	P1P2	16272	P1P2
TMEFF2	12508	15563	16273	P1P2	16273	P1P2
TMEM100	6025	15564	16274	P2	16274	P1
TMEM101	9432	15565	16275	P1P2	16275	P1P2
TMEM102	7891	15566	16276	P1P2	16276	P1P2
TMEM104	16297	15567	16277	P1P2	16277	P1P2
TMEM105	14494	15568	16278	P1P2	16278	P1P2
TMEM106A	14764	15569	16279	P1P2	16279	P1P2
TMEM106B	12889	15570	16280	P1P2	16280	P1P2
TMEM106C	107	15571	16281	P1P2	16281	P1P2
TMEM107	14428	15572	16282	P1P2	16282	P1P2
TMEM108	5901	15573	16283	P1P2	16283	P1P2
TMEM109	8185	15574	16284	P1P2	16284	P1P2
TMEM11	7078	15575	16285	P1P2	16285	P1P2
TMEM115	16599	15576	16289	P1P2	16289	P1P2
TMEM116	10285	15577	16290	P1P2	16290	P1P2
TMEM117	7862	15578	16291	P1P2	16291	P1P2
TMEM119	8320	15579	16292	P1P2	16292	P1P2
TMEM120B	10389	15580	16294	P1P2	16294	P1P2
TMEM121	9364	15581	16295	P1	16295	P2
TMEM123	14819	15582	16296	P1P2	16296	P1P2
TMEM125	11640	15583	16297	P1P2	16297	P1P2
TMEM126A	12826	15584	16298	P1P2	16298	P1P2
TMEM126B	17276	15585	16299	P1P2	16299	P1P2
TMEM127	828	15586	16300	P1P2	16300	P1P2
TMEM128	16322	15587	16301	P1P2	16301	P1P2
TMEM129	15779	15588	16302	P1P2	16302	P1P2
TMEM130	6704	15589	16303	P1P2	16303	P1P2
TMEM131	3096	15590	16304	P1P2	16304	P1P2
TMEM132A	10959	15591	16305	P1P2	16305	P1P2
TMEM132B	2248	15592	16306	ENST00000299308.3	16306	ENST00000299308.3
TMEM132C	11012	15593	16307	P1P2	16307	P1P2
TMEM132D	2857	15594	16308	P1P2	16308	P1P2
TMEM132E	8625	15595	16309	P1P2	16309	P1P2
TMEM134	11821	15597	16311	P1P2	16311	P1P2
TMEM135	952	15598	16312	P1P2	16312	P1P2
TMEM138	15406	15600	16314	P1P2	16314	P1P2
TMEM139	816	15601	16315	P1P2	16315	P1P2
TMEM140	17592	15602	16316	P1P2	16316	P1P2
TMEM141	16488	15603	16317	P1P2	16317	P1P2
TMEM143	14106	15604	16318	P1P2	16318	P1P2
TMEM144	13045	15605	16319	P1P2	16319	P1P2
TMEM145	13509	15606	16320	P1P2	16320	P1P2
TMEM147	456	15607	16321	P1P2	16321	P1P2
TMEM14A	7001	15608	16322	P1P2	16322	P1P2
TMEM14B	12405	15609	16323	P1P2	16323	P1P2
TMEM14C	14086	15610	16324	P1P2	16324	P1P2
TMEM14E	15423	15611	16325	ENST00000408960.3	16325	ENST00000408960.3
TMEM150A	13383	15612	16326	P1P2	16326	P1P2
TMEM150B	14312	15613	16327	P1P2	16327	P1P2
TMEM150C	2941	15614	16328	P1P2	16328	P1P2
TMEM151A	18372	15615	16329	P1P2	16329	P1P2
TMEM151B	8998	15616	16330	P1P2	16330	P1P2
TMEM154	2748	15617	16331	P1P2	16331	P1P2
TMEM155	17278	15618	16332	P1P2	16332	P1P2
TMEM156	9862	15619	16333	P1P2	16333	P1P2
TMEM158	4379	15620	16334	P1P2	16334	P1P2
TMEM159	9874	15621	16335	P1P2	16335	P1P2
TMEM160	9758	15622	16336	P1P2	16336	P1P2
TMEM161A	2650	15623	16337	P1P2	16337	P1P2
TMEM161B	13083	15624	16338	P1P2	16338	P1P2
TMEM163	8310	15625	16339	P1P2	16339	P1P2
TMEM164	7238	15626	16340	P1P2	16340	P1P2
TMEM165	8598	15627	16341	P1P2	16341	P1P2
TMEM167B	8787	15628	16343	P1P2	16343	P1P2
TMEM168	13241	15629	16344	P1P2	16344	P1P2
TMEM169	12091	15630	16345	P1P2	16345	P1P2
TMEM17	3566	15631	16346	P1P2	16346	P1P2
TMEM170A	6106	15632	16347	P1P2	16347	P1P2
TMEM170B	1470	15633	16348	P1P2	16348	P1P2
TMEM171	16967	15634	16349	P1P2	16349	P1P2
TMEM174	6706	15636	16351	P1P2	16351	P1P2
TMEM175	3733	15637	16352	P1P2	16352	P1P2
TMEM176A	17744	15638	16353	P1P2	16353	P1P2
TMEM176B	1662	15639	16354	P1P2	16354	P1P2
TMEM177	2032	15640	16355	P1P2	16355	P1P2
TMEM178A	9428	15641	16356	P1P2	16356	P1P2
TMEM178B	9302	15642	16357	P1P2	16357	P1P2
TMEM179	15394	15643	16358	P1P2	16358	P1P2
TMEM179B	18701	15644	16359	P1P2	16359	P1P2
TMEM18	11931	15645	16360	P1P2	16360	P1P2
TMEM181	8356	15647	16362	P1P2	16362	P1P2
TMEM182	5662	15648	16363	P1	16363	P2
TMEM183A	18893	15649	16364	P1P2	16364	P1P2
TMEM184A	10626	15650	16365	P1	16365	P1
TMEM184B	4529	15651	16366	P1P2	16366	P1P2
TMEM184C	1449	15652	16367	P1P2	16367	P1P2
TMEM185A	13376	15653	16368	P1P2	16368	P1P2
TMEM185B	8135	15654	16369	P1P2	16369	P1P2
TMEM186	9319	15655	16370	P1P2	16370	P1P2
TMEM187	18249	15656	16371	P1P2	16371	P1P2
TMEM189	4653	15657	16372	P1P2	16372	P1P2
TMEM19	946	15658	16374	P1P2	16374	P1P2
TMEM190	18837	15659	16375	P1P2	16375	P1P2
TMEM192	9265	15660	16378	P1P2	16378	P1P2
TMEM196	7352	15663	16381	P1P2	16381	P1P2
TMEM198	13999	15664	16382	P1P2	16382	P1P2
TMEM199	790	15665	16383	P1P2	16383	P1P2
TMEM200A	4821	15667	16385	P1P2	16385	P1P2
TMEM200B	14647	15668	16386	P1	16386	P1
TMEM200C	3476	15669	16387	P1P2	16387	P1P2
TMEM201	11980	15670	16388	P1P2	16388	P1P2
TMEM202	10092	15671	16389	P1P2	16389	P1P2
TMEM203	11155	15672	16390	P1P2	16390	P1P2
TMEM204	14210	15673	16391	P1P2	16391	P1P2
TMEM205	13404	15674	16392	P1P2	16392	P1P2
TMEM207	8760	15676	16394	P1P2	16394	P1P2
TMEM208	7869	15677	16395	P1P2	16395	P1P2
TMEM209	18280	15678	16396	P1P2	16396	P1P2
TMEM211	12142	15680	16398	ENST00000423535.1	16398	ENST00000423535.1
TMEM212	4072	15681	16399	P1P2	16399	P1P2
TMEM213	16540	15682	16400	P1P2	16400	P1P2
TMEM214	5436	15683	16401	P1P2	16401	P1P2
TMEM215	3314	15684	16402	P1P2	16402	P1P2
TMEM216	7133	15685	16403	P1P2	16403	P1P2
TMEM217	9248	15686	16404	P1P2	16404	P1P2
TMEM218	571	15687	16405	P1P2	16405	P1P2
TMEM219	5823	15688	16406	P1P2	16406	P1P2
TMEM220	10465	15689	16407	P1P2	16407	P1P2
TMEM221	14702	15690	16408	P1P2	16408	P1P2
TMEM222	8347	15691	16409	P1P2	16409	P1P2
TMEM223	10642	15692	16410	P1P2	16410	P1P2
TMEM225	4308	15693	16411	P1P2	16411	P1P2
TMEM229A	18119	15694	16412	P1P2	16412	P1P2
TMEM229B	3609	15695	16413	P1	16413	P1
TMEM230	14185	15696	16414	P1P2	16414	P1P2
TMEM231	1217	15697	16415	P1P2	16415	P1P2
TMEM232	9453	15698	16416	P2	16416	P1
TMEM233	13208	15699	16417	P1P2	16417	P1P2
TMEM234	8307	15700	16418	P1P2	16418	P1P2
TMEM235	18778	15701	16419	P1P2	16419	P1P2
TMEM236	14300	15702	16420	ENST00000457860.1,ENST00000480516.1	16420	ENST00000457860.1,ENST00000480516.1
TMEM237	13507	15703	16421	P1P2	16421	P1P2
TMEM238	5440	15704	16422	P1P2	16422	P1P2
TMEM239	4531	15705	16423	P2	16423	P2
TMEM240	1357	15706	16424	P1P2	16424	P1P2
TMEM241	18867	15707	16425	P1P2	16425	P1P2
TMEM242	2093	15708	16426	P1P2	16426	P1P2
TMEM243	12926	15709	16427	P1P2	16427	P1P2
TMEM244	13648	15710	16428	P1P2	16428	P1P2
TMEM245	11786	15711	16429	P1P2	16429	P1P2
TMEM248	6901	15713	16432	P1P2	16432	P1P2
TMEM249	10351	15714	16433	ENST00000531225.1	16433	ENST00000531225.1
TMEM25	2244	15715	16434	P1P2	16434	P1P2
TMEM251	429	15716	16435	P1P2	16435	P1P2
TMEM252	6522	15717	16436	P1P2	16436	P1P2
TMEM253	9402	15718	16437	P1P2	16437	P1P2
TMEM254	2681	15719	16438	P1P2	16438	P1P2
TMEM255A	9252	15720	16439	P1P2	16439	P1P2
TMEM255B	10035	15721	16440	P1P2	16440	P1P2
TMEM258	297	15725	16442	P1P2	16442	P1P2
TMEM259	4548	15726	16443	P1P2	16443	P1P2
TMEM26	5851	15727	16444	P1P2	16444	P1P2
TMEM260	17786	15728	16445	P1P2	16445	P1P2
TMEM30A	5688	15731	16448	P1P2	16448	P1P2
TMEM30B	13960	15732	16449	P1P2	16449	P1P2
TMEM31	10857	15733	16450	P1P2	16450	P1P2
TMEM33	15837	15734	16451	P1P2	16451	P1P2
TMEM37	9300	15736	16453	P1P2	16453	P1P2
TMEM38A	8723	15737	16454	P1P2	16454	P1P2
TMEM38B	10652	15738	16455	P1P2	16455	P1P2
TMEM39A	7270	15739	16456	P1P2	16456	P1P2
TMEM39B	10359	15740	16457	P1P2	16457	P1P2
TMEM40	13369	15741	16458	P1P2	16458	P1P2
TMEM41A	4297	15742	16459	P1P2	16459	P1P2
TMEM41B	12179	15743	16460	P1P2	16460	P1P2
TMEM42	12501	15744	16461	P1P2	16461	P1P2
TMEM43	13252	15745	16462	P1P2	16462	P1P2
TMEM44	326	15746	16463	P1P2	16463	P1P2
TMEM45A	9535	15747	16464	P1P2	16464	P1P2
TMEM45B	3492	15748	16465	P1P2	16465	P1P2
TMEM47	2329	15749	16466	P1P2	16466	P1P2
TMEM50A	14439	15751	16468	P1P2	16468	P1P2
TMEM50B	16175	15752	16469	P1P2	16469	P1P2
TMEM51	1220	15753	16470	P2	16470	P1
TMEM52	334	15754	16471	P1P2	16471	P1P2
TMEM52B	1866	15755	16472	P1P2	16472	P1P2
TMEM53	457	15756	16473	P1P2	16473	P1P2
TMEM54	11220	15757	16474	P1P2	16474	P1P2
TMEM59	14490	15762	16479	P1P2	16479	P1P2
TMEM59L	5753	15763	16480	P1P2	16480	P1P2
TMEM60	4316	15764	16481	P1P2	16481	P1P2
TMEM61	8624	15765	16482	P1P2	16482	P1P2
TMEM62	3878	15766	16483	P1P2	16483	P1P2
TMEM63A	17731	15767	16484	P1	16484	P1
TMEM63B	1937	15768	16485	P1P2	16485	P1P2
TMEM63C	1213	15769	16486	P1P2	16486	P1P2
TMEM64	17123	15770	16487	P1P2	16487	P1P2
TMEM65	12887	15771	16488	P1P2	16488	P1P2
TMEM67	14064	15773	16490	P1P2	16490	P1P2
TMEM68	8318	15774	16491	P1P2	16491	P1P2
TMEM69	17852	15775	16492	P1P2	16492	P1P2
TMEM70	8249	15776	16493	P1P2	16493	P1P2
TMEM71	16649	15777	16494	P1P2	16494	P1P2
TMEM74	420	15778	16496	P1P2	16496	P1P2
TMEM74B	15849	15779	16497	P1P2	16497	P1P2
TMEM79	7583	15780	16498	P1P2	16498	P1P2
TMEM80	4866	15781	16499	P1P2	16499	P1P2
TMEM81	18072	15782	16500	ENST00000367167.3	16500	ENST00000367167.3
TMEM86A	10407	15783	16502	P1P2	16502	P1P2
TMEM86B	9051	15784	16503	P1P2	16503	P1P2
TMEM87A	3110	15785	16504	P1P2	16504	P1P2
TMEM87B	17904	15786	16505	P1P2	16505	P1P2
TMEM88	11114	15787	16506	P1P2	16506	P1P2
TMEM88B	594	15788	16507	P1P2	16507	P1P2
TMEM89	9141	15789	16508	P1P2	16508	P1P2
TMEM8B	15302	15791	16510	P1P2	16510	P1P2
TMEM9	1340	15793	16512	P1P2	16512	P1P2
TMEM91	14992	15794	16513	P1	16513	P1
TMEM92	5374	15795	16514	P1P2	16514	P1P2
TMEM95	8912	15796	16515	P1P2	16515	P1P2
TMEM97	2080	15797	16516	P1P2	16516	P1P2
TMEM98	3122	15798	16517	P1P2	16517	P1P2
TMEM99	12576	15799	16518	P1P2	16518	P1P2
TMEM9B	9024	15800	16519	P1P2	16519	P1P2
TMF1	17832	15801	16520	P1P2	16520	P1P2
TMIE	2652	15802	16521	P1P2	16521	P1P2
TMIGD1	13921	15803	16522	P1P2	16522	P1P2
TMIGD2	12235	15804	16523	P1P2	16523	P1P2
TMLHE	15702	15805	16524	P1P2	16524	P1P2
TMOD1	4094	15806	16525	P1P2	16525	P1P2
TMOD2	11447	15807	16526	P1P2	16526	P1P2
TMOD3	13416	15808	16527	P1P2	16527	P1P2
TMPO	5183	15809	16529	P1P2	16529	P1P2
TMPPE	12916	15810	16530	P1P2	16530	P1P2
TMPRSS11A	13201	15811	16531	P1P2	16531	P1P2
TMPRSS11B	3862	15812	16532	P1P2	16532	P1P2
TMPRSS11D	3869	15813	16534	P1P2	16534	P1P2
TMPRSS11E	9171	15814	16535	P1P2	16535	P1P2
TMPRSS11F	9242	15815	16536	P1P2	16536	P1P2
TMPRSS12	255	15816	16537	P1P2	16537	P1P2
TMPRSS13	5770	15817	16538	P1P2	16538	P1P2
TMPRSS15	8863	15818	16539	P1P2	16539	P1P2
TMPRSS2	18085	15819	16540	P1P2	16540	P1P2
TMPRSS3	16044	15820	16541	P1P2	16541	P1P2
TMPRSS4	3652	15821	16542	P1P2	16542	P1P2
TMPRSS5	15780	15822	16543	P1P2	16543	P1P2
TMPRSS6	11673	15823	16544	P1P2	16544	P1P2
TMPRSS7	14456	15824	16545	P1P2	16545	P1P2
TMPRSS9	8828	15825	16546	ENST00000332578.3	16546	ENST00000332578.3
TMSB10	10297	15826	16547	P1P2	16547	P1P2
TMSB4Y	4174	15827	16551	P1P2	16551	P1P2
TMTC1	15845	15828	16552	P1P2	16552	P1P2
TMTC2	15954	15829	16553	P1P2	16553	P1P2
TMTC3	14941	15830	16554	P1P2	16554	P1P2
TMTC4	12215	15831	16555	P1P2	16555	P1P2
TMUB1	2009	15832	16556	P1P2	16556	P1P2
TMUB2	5413	15833	16557	P1P2	16557	P1P2
TMX1	18197	15834	16558	P1P2	16558	P1P2
TMX2	3532	15835	16559	P1P2	16559	P1P2
TMX3	11783	15836	16560	P1P2	16560	P1P2
TMX4	4011	15837	16561	P1P2	16561	P1P2
TNC	6943	15838	16562	P1P2	16562	P1P2
TNF	10400	15839	16563	P1P2	16563	P1P2
TNFAIP1	7454	15840	16564	P1P2	16564	P1P2
TNFAIP2	3176	15841	16565	P1P2	16565	P1P2
TNFAIP3	10776	15842	16566	P1P2	16566	P1P2
TNFAIP6	18809	15843	16567	P1P2	16567	P1P2
TNFAIP8	5698	15844	16568	P1P2	16568	P1P2
TNFAIP8L1	9235	15845	16569	P1P2	16569	P1P2
TNFAIP8L2	8939	15846	16570	P1P2	16570	P1P2
TNFAIP8L3	12788	15847	16571	P1P2	16571	P1P2
TNFRSF10A	17079	15848	16572	P1P2	16572	P1P2
TNFRSF10B	15704	15849	16573	P1P2	16573	P1P2
TNFRSF10C	4816	15850	16574	P2	16574	P2
TNFRSF10D	1425	15851	16575	P1P2	16575	P1P2
TNFRSF11A	15933	15852	16576	P1P2	16576	P1P2
TNFRSF11B	3849	15853	16577	P1P2	16577	P1P2
TNFRSF12A	10446	15854	16578	P1P2	16578	P1P2
TNFRSF13B	8028	15855	16579	P1P2	16579	P1P2
TNFRSF13C	15346	15856	16580	P1P2	16580	P1P2
TNFRSF14	2043	15857	16581	P1P2	16581	P1P2
TNFRSF17	17346	15858	16582	P1P2	16582	P1P2
TNFRSF18	3063	15859	16583	P1P2	16583	P1P2
TNFRSF19	17598	15860	16584	P2	16584	P2
TNFRSF1A	10256	15861	16585	P1P2	16585	P1P2
TNFRSF1B	2137	15862	16586	P1	16586	P2
TNFRSF21	14878	15863	16587	P1P2	16587	P1P2
TNFRSF25	18290	15864	16588	P1P2	16588	P1P2
TNFRSF4	12550	15865	16589	P1P2	16589	P1P2
TNFRSF6B	3563	15866	16590	P1P2	16590	P1P2
TNFRSF8	2953	15867	16591	P1P2	16591	P1P2
TNFRSF9	7541	15868	16592	P1P2	16592	P1P2
TNFSF10	8579	15869	16593	P1P2	16593	P1P2
TNFSF11	12370	15870	16594	P1P2	16594	P1P2
TNFSF12	4001	15871	16595	P1P2	16595	P1P2
TNFSF13	15306	15872	16596	P1P2	16596	P1P2
TNFSF13B	10039	15873	16597	P1P2	16597	P1P2
TNFSF14	12219	15874	16598	P1P2	16598	P1P2
TNFSF15	8055	15875	16599	P1P2	16599	P1P2
TNFSF18	10515	15876	16600	P1P2	16600	P1P2
TNFSF4	9633	15877	16601	P2	16601	P2
TNFSF8	16228	15878	16602	P1P2	16602	P1P2
TNFSF9	8635	15879	16603	P1P2	16603	P1P2
TNIK	4721	15880	16604	P1P2	16604	P1P2
TNIP1	7127	15881	16605	P1	16605	P1
TNIP2	12420	15882	16606	P1P2	16606	P1P2
TNIP3	11484	15883	16607	P1P2	16607	P1P2
TNK1	12071	15884	16608	P1P2	16608	P1P2
TNK2	2759	15885	16609	P1	16609	P2
TNKS	4289	15886	16610	P1P2	16610	P1P2
TNKS1BP1	5948	15887	16611	P1	16611	P1
TNKS2	10740	15888	16612	P1P2	16612	P1P2
TNMD	3452	15889	16613	P1P2	16613	P1P2
TNN	8075	15890	16614	P1P2	16614	P1P2
TNNC1	8924	15891	16615	P1P2	16615	P1P2
TNNC2	941	15892	16616	P1P2	16616	P1P2
TNNI1	11518	15893	16617	P2	16617	P1
TNNI2	11813	15894	16618	P1	16618	P2
TNNI3	15513	15895	16619	P1P2	16619	P1P2
TNNT1	12127	15896	16621	P2	16621	P2
TNNT2	8785	15897	16622	P1P2	16622	P1P2
TNNT3	8238	15898	16623	P1	16623	P1
TNP1	6918	15899	16624	P1P2	16624	P1P2
TNP2	15686	15900	16625	P1P2	16625	P1P2
TNPO1	18210	15901	16626	P1P2	16626	P1P2
TNPO2	10161	15902	16627	P2	16627	P2
TNPO3	9360	15903	16628	P1P2	16628	P1P2
TNR	8443	15904	16629	P1P2	16629	P1P2
TNRC18	5345	15905	16630	P1P2	16630	P1P2
TNRC6A	10871	15906	16631	P1P2	16631	P1P2
TNRC6B	4147	15907	16632	P1P2	16632	P1P2
TNRC6C	13214	15908	16633	P1P2	16633	P1P2
TNS1	3737	15909	16634	P1P2	16634	P1P2
TNS3	6841	15910	16635	P1P2	16635	P1P2
TNS4	7232	15911	16636	P1P2	16636	P1P2
TNXB	10831	15912	16637	P1P2	16637	P1P2
TOB1	5899	15913	16638	P1P2	16638	P1P2
TOB2	6359	15914	16639	P1P2	16639	P1P2
TOE1	12022	15915	16640	P1P2	16640	P1P2
TOLLIP	14178	15916	16641	P1P2	16641	P1P2
TOM1	4672	15917	16642	P1P2	16642	P1P2
TOM1L1	5593	15918	16643	P1P2	16643	P1P2
TOM1L2	13527	15919	16644	P1P2	16644	P1P2
TOMM20	6666	15920	16645	P1P2	16645	P1P2
TOMM20L	4787	15921	16646	P1P2	16646	P1P2
TOMM22	3259	15922	16647	P1P2	16647	P1P2
TOMM34	11579	15923	16648	P1P2	16648	P1P2
TOMM40	4136	15924	16649	P1P2	16649	P1P2
TOMM40L	2222	15925	16650	P1P2	16650	P1P2
TOMM5	1988	15926	16651	P1P2	16651	P1P2
TOMM6	8127	15927	16652	P1P2	16652	P1P2
TOMM7	8316	15928	16653	P1P2	16653	P1P2
TOP1	15917	15931	16655	P1P2	16655	P1P2
TOP1MT	16166	15932	16656	P1P2	16656	P1P2
TOP2A	4002	15933	16657	P1P2	16657	P1P2
TOP2B	1976	15934	16658	P1P2	16658	P1P2
TOP3A	2055	15935	16659	P1P2	16659	P1P2
TOP3B	8421	15936	16660	P1P2	16660	P1P2
TOPAZ1	906	15937	16661	P1P2	16661	P1P2
TOPBP1	16611	15938	16662	P1P2	16662	P1P2
TOPORS	2144	15939	16663	P1P2	16663	P1P2
TOR1A	3035	15940	16664	P1P2	16664	P1P2
TOR1AIP1	6375	15941	16665	P1P2	16665	P1P2
TOR1AIP2	7677	15942	16666	P1P2	16666	P1P2
TOR1B	12622	15943	16667	P1P2	16667	P1P2
TOR2A	17948	15944	16668	P1P2	16668	P1P2
TOR3A	10542	15945	16669	P1P2	16669	P1P2
TOR4A	7167	15946	16670	P1P2	16670	P1P2
TOX	17863	15947	16671	P1P2	16671	P1P2
TOX2	3762	15948	16672	P1P2	16672	P1P2
TOX3	7764	15949	16673	P1P2	16673	P1P2
TOX4	5316	15950	16674	P1P2	16674	P1P2
TP53	18563	15951	16675	P1P2	16675	P1P2
TP53AIP1	1057	15952	16676	P1P2	16676	P1P2
TP53BP1	7866	15953	16677	P1	16677	P1
TP53BP2	442	15954	16678	P1P2	16678	P1P2
TP53I11	1183	15955	16679	P1P2	16679	P1P2
TP53I13	18728	15956	16680	P1P2	16680	P1P2
TP53I3	15965	15957	16681	P1P2	16681	P1P2
TP53INP1	18768	15958	16682	P1P2	16682	P1P2
TP53INP2	6224	15959	16683	P2	16683	P1
TP53TG5	5568	15960	16686	P1P2	16686	P1P2
TP63	17955	15961	16687	P1P2	16687	P1P2
TP73	12122	15962	16688	P1P2	16688	P1P2
TPBG	11779	15963	16689	P1P2	16689	P1P2
TPBGL	6703	15964	16690	P1P2	16690	P1P2
TPCN1	17764	15965	16691	P1P2	16691	P1P2
TPCN2	1455	15966	16692	P1P2	16692	P1P2
TPD52	7620	15967	16693	P1P2	16693	P1P2
TPD52L1	2131	15968	16694	P1P2	16694	P1P2
TPD52L2	16539	15969	16695	P1P2	16695	P1P2
TPD52L3	8550	15970	16696	P1P2	16696	P1P2
TPGS1	8324	15971	16697	P1P2	16697	P1P2
TPGS2	16192	15972	16698	P1P2	16698	P1P2
TPH1	5676	15973	16699	P1P2	16699	P1P2
TPH2	1179	15974	16700	P1P2	16700	P1P2
TPI1	812	15975	16701	P1P2	16701	P1P2
TPK1	18033	15976	16702	P1P2	16702	P1P2
TPM1	14237	15977	16703	P2	16703	P2
TPM2	12591	15978	16704	P1P2	16704	P1P2
TPM3	498	15979	16705	P1P2	16705	P1P2
TPM4	295	15980	16706	P1	16706	P1
TPMT	9240	15981	16707	P1P2	16707	P1P2
TPO	14844	15982	16708	P1P2	16708	P1P2
TPP1	13288	15983	16709	P1P2	16709	P1P2
TPP2	6939	15984	16710	P1P2	16710	P1P2
TPPP	39	15985	16711	P1P2	16711	P1P2
TPPP2	5843	15986	16712	P2	16712	P2
TPPP3	15816	15987	16713	P1P2	16713	P1P2
TPR	1302	15988	16714	P1P2	16714	P1P2
TPRA1	4205	15989	16715	P1P2	16715	P1P2
TPRG1	5831	15990	16716	ENST00000345063.3	16716	ENST00000345063.3
TPRG1L	4395	15991	16717	P1P2	16717	P1P2
TPRKB	17891	15992	16718	P1P2	16718	P1P2
TPRN	4766	15993	16719	P1P2	16719	P1P2
TPRX1	11636	15994	16720	ENST00000535759.1	16720	ENST00000535759.1
TPSAB1	10002	15997	16721	P1P2	16721	P1P2
TPSD1	7846	15998	16723	P1P2	16723	P1P2
TPSG1	10663	15999	16724	P1P2	16724	P1P2
TPST1	6672	16000	16725	P1P2	16725	P1P2
TPST2	17674	16001	16726	P1	16726	P1
TPT1	11438	16002	16727	P1P2	16727	P1P2
TPTE	10506	16003	16728	P1P2	16728	P1P2
TPTE2	14461	16004	16729	ENST00000400230.2	16729	ENST00000382977.4
TRA2A	892	16006	16730	P1	16730	P2
TRA2B	7727	16007	16731	P1P2	16731	P1P2
TRABD	11539	16008	16732	P2	16732	P2
TRABD2A	1161	16009	16733	P1P2	16733	P1P2
TRABD2B	10637	16010	16734	P1P2	16734	P1P2
TRADD	10823	16011	16735	P1P2	16735	P1P2
TRAF1	17268	16012	16736	P2	16736	P2
TRAF2	6608	16013	16737	P1	16737	P2
TRAF3	7609	16014	16738	P1P2	16738	P1P2
TRAF3IP1	2443	16015	16739	P1P2	16739	P1P2
TRAF3IP2	413	16016	16740	P1P2	16740	P1P2
TRAF3IP3	3686	16017	16741	P2	16741	P1
TRAF4	9716	16018	16742	P1P2	16742	P1P2
TRAF5	15361	16019	16743	P1P2	16743	P1P2
TRAF6	16679	16020	16744	P1P2	16744	P1P2
TRAF7	17858	16021	16745	P1	16745	P1
TRAFD1	12721	16022	16746	P1P2	16746	P1P2
TRAIP	15312	16023	16747	P1P2	16747	P1P2
TRAK1	11177	16024	16748	ENST00000341421.3,ENST00000396175.1	16748	ENST00000341421.3,ENST00000396175.1
TRAK2	11955	16025	16749	P1P2	16749	P1P2
TRAM1	15161	16026	16750	P1P2	16750	P1P2
TRAM1L1	9748	16027	16751	P1P2	16751	P1P2
TRAM2	11048	16028	16752	P1P2	16752	P1P2
TRANK1	4952	16029	16753	ENST00000429976.2	16753	ENST00000429976.2
TRAP1	17470	16030	16754	P1P2	16754	P1P2
TRAPPC1	1718	16031	16755	P1P2	16755	P1P2
TRAPPC10	7125	16032	16756	P1P2	16756	P1P2
TRAPPC11	4200	16033	16757	P1P2	16757	P1P2
TRAPPC12	8646	16034	16758	P1P2	16758	P1P2
TRAPPC13	10886	16035	16759	P1P2	16759	P1P2
TRAPPC2L	18787	16036	16761	P1P2	16761	P1P2
TRAPPC3	13074	16037	16762	P1P2	16762	P1P2
TRAPPC3L	16064	16038	16763	P1P2	16763	P1P2
TRAPPC4	8830	16039	16764	P1P2	16764	P1P2
TRAPPC6A	14291	16040	16766	P1P2	16766	P1P2
TRAPPC6B	14629	16041	16767	P1P2	16767	P1P2
TRAPPC8	526	16042	16768	P1P2	16768	P1P2
TRAPPC9	5621	16043	16769	P1P2	16769	P1P2
TRAT1	18191	16044	16770	P1P2	16770	P1P2
TRDMT1	9569	16045	16771	P1P2	16771	P1P2
TRDN	1949	16046	16772	P1P2	16772	P1P2
TREH	18059	16047	16773	P1P2	16773	P1P2
TREM1	9144	16048	16774	P1P2	16774	P1P2
TREM2	13275	16049	16775	P1P2	16775	P1P2
TREML1	18267	16050	16776	P1P2	16776	P1P2
TREML2	1985	16051	16777	P1P2	16777	P1P2
TREML4	16748	16052	16778	P1P2	16778	P1P2
TRERF1	16883	16053	16779	P1P2	16779	P1P2
TREX1	11593	16054	16780	P1P2	16780	P1P2
TREX2	15977	16055	16781	P1P2	16781	P1P2
TRH	13263	16056	16782	P1P2	16782	P1P2
TRHDE	1008	16057	16783	P1P2	16783	P1P2
TRHR	11513	16058	16784	P1P2	16784	P1P2
TRIAP1	13437	16059	16785	P1P2	16785	P1P2
TRIB1	12301	16060	16786	P1P2	16786	P1P2
TRIB2	15176	16061	16787	P1P2	16787	P1P2
TRIB3	12927	16062	16788	P1P2	16788	P1P2
TRIM10	16108	16063	16790	P1P2	16790	P1P2
TRIM11	8401	16064	16791	P1P2	16791	P1P2
TRIM13	2333	16065	16792	P1P2	16792	P1P2
TRIM14	9575	16066	16793	P1P2	16793	P1P2
TRIM15	16652	16067	16794	P1P2	16794	P1P2
TRIM16	16980	16068	16795	P1P2	16795	P1P2
TRIM17	9059	16069	16797	P1P2	16797	P1P2
TRIM2	12028	16070	16798	ENST00000437508.2	16798	ENST00000437508.2
TRIM21	6781	16071	16799	P1P2	16799	P1P2
TRIM22	15545	16072	16800	P1P2	16800	P1P2
TRIM23	16132	16073	16801	P1P2	16801	P1P2
TRIM24	13596	16074	16802	P1P2	16802	P1P2
TRIM25	18150	16075	16803	P1P2	16803	P1P2
TRIM26	8366	16076	16804	P1P2	16804	P1P2
TRIM27	10937	16077	16805	P1P2	16805	P1P2
TRIM28	15529	16078	16806	P1P2	16806	P1P2
TRIM29	7753	16079	16807	P1	16807	P2
TRIM3	16836	16080	16808	P1P2	16808	P1P2
TRIM31	4675	16081	16809	P1P2	16809	P1P2
TRIM32	6566	16082	16810	P1P2	16810	P1P2
TRIM33	1774	16083	16811	P1P2	16811	P1P2
TRIM35	1286	16084	16813	P1P2	16813	P1P2
TRIM36	8724	16085	16814	P1	16814	P2
TRIM37	12958	16086	16815	P1P2	16815	P1P2
TRIM38	13064	16087	16816	P1P2	16816	P1P2
TRIM39	6765	16088	16817	P1P2	16817	P1P2
TRIM4	16562	16089	16819	P1P2	16819	P1P2
TRIM40	9148	16090	16820	P1P2	16820	P1P2
TRIM41	7938	16091	16821	P1P2	16821	P1P2
TRIM42	7072	16092	16822	P1P2	16822	P1P2
TRIM43	1660	16093	16823	ENST00000272395.2	16823	ENST00000272395.2
TRIM44	17428	16094	16824	P1P2	16824	P1P2
TRIM45	6979	16095	16825	P1P2	16825	P1P2
TRIM46	11461	16096	16826	P1P2	16826	P1P2
TRIM47	18114	16097	16827	P1P2	16827	P1P2
TRIM5	920	16098	16831	P1P2	16831	P1P2
TRIM50	2280	16099	16832	P1P2	16832	P1P2
TRIM52	4472	16100	16834	P1P2	16834	P1P2
TRIM54	1659	16101	16835	P1P2	16835	P1P2
TRIM55	16494	16102	16836	P1P2	16836	P1P2
TRIM56	3278	16103	16837	P1P2	16837	P1P2
TRIM58	16259	16104	16838	P1P2	16838	P1P2
TRIM59	1074	16105	16839	P1P2	16839	P1P2
TRIM6	7521	16106	16840	P1P2	16840	P1P2
TRIM60	1815	16107	16841	P1P2	16841	P1P2
TRIM61	10795	16108	16842	P1P2	16842	P1P2
TRIM62	3863	16109	16843	P1P2	16843	P1P2
TRIM63	14088	16110	16844	P1P2	16844	P1P2
TRIM65	2416	16112	16845	P1P2	16845	P1P2
TRIM66	2822	16113	16846	P1P2	16846	P1P2
TRIM67	10774	16114	16847	P1P2	16847	P1P2
TRIM68	8033	16115	16848	P1P2	16848	P1P2
TRIM69	16768	16116	16849	P1P2	16849	P1P2
TRIM7	1208	16117	16850	P1P2	16850	P1P2
TRIM71	4578	16118	16851	P1P2	16851	P1P2
TRIM72	15749	16119	16852	P1P2	16852	P1P2
TRIM8	18567	16120	16856	P1P2	16856	P1P2
TRIM9	14822	16121	16857	P1P2	16857	P1P2
TRIML1	13312	16122	16858	P2	16858	P2
TRIML2	12728	16123	16859	P1P2	16859	P1P2
TRIO	13948	16124	16860	P1P2	16860	P1P2
TRIOBP	7192	16125	16861	P1	16861	P1
TRIP10	3277	16126	16862	P2	16862	P2
TRIP11	4299	16127	16863	P1P2	16863	P1P2
TRIP12	15561	16128	16864	P1P2	16864	P1P2
TRIP13	12392	16129	16865	P1P2	16865	P1P2
TRIP4	9323	16130	16866	P1P2	16866	P1P2
TRIP6	16769	16131	16867	P1P2	16867	P1P2
TRIT1	258	16132	16869	P1P2	16869	P1P2
TRMT1	18507	16133	16870	P1P2	16870	P1P2
TRMT10A	10309	16134	16871	P1P2	16871	P1P2
TRMT10B	6016	16135	16872	P1P2	16872	P1P2
TRMT10C	2537	16136	16873	P1P2	16873	P1P2
TRMT11	10859	16137	16874	P1P2	16874	P1P2
TRMT112	11407	16138	16875	P1P2	16875	P1P2
TRMT12	11601	16139	16876	P1P2	16876	P1P2
TRMT13	10502	16140	16877	P1P2	16877	P1P2
TRMT1L	6952	16141	16878	P1P2	16878	P1P2
TRMT2A	677	16142	16879	P1P2	16879	P1P2
TRMT2B	9489	16143	16880	P1P2	16880	P1P2
TRMT44	3109	16144	16881	P1P2	16881	P1P2
TRMT5	18337	16145	16882	P1P2	16882	P1P2
TRMT6	7906	16146	16883	P1P2	16883	P1P2
TRMT61A	5974	16147	16884	P1P2	16884	P1P2
TRMT61B	7090	16148	16885	P1P2	16885	P1P2
TRMU	2231	16149	16886	P1P2	16886	P1P2
TRNAU1AP	1540	16150	16887	P1P2	16887	P1P2
TRNP1	8778	16151	16888	P1P2	16888	P1P2
TRNT1	61	16152	16889	P1P2	16889	P1P2
TRO	15953	16153	16890	P2	16890	P1
TROAP	10736	16154	16891	P1P2	16891	P1P2
TRPA1	17071	16156	16893	P1P2	16893	P1P2
TRPC1	4251	16157	16894	P1P2	16894	P1P2
TRPC3	1483	16158	16895	P1P2	16895	P1P2
TRPC4	1591	16159	16896	P1P2	16896	P1P2
TRPC4AP	3200	16160	16897	P1P2	16897	P1P2
TRPC5	4358	16161	16898	P1P2	16898	P1P2
TRPC6	13727	16162	16900	P1P2	16900	P1P2
TRPC7	13095	16163	16901	P1P2	16901	P1P2
TRPM1	15872	16164	16902	ENST00000542188.1	16902	ENST00000542188.1
TRPM2	8591	16165	16903	P2	16903	P1
TRPM3	4836	16166	16904	ENST00000377110.3	16904	ENST00000377110.3
TRPM4	11188	16167	16905	P1P2	16905	P1P2
TRPM5	18235	16168	16906	ENST00000155858.6,ENST00000452833.1,ENST00000528453.1,ENST00000533060.1	16906	ENST00000155858.6,ENST00000452833.1,ENST00000528453.1,ENST00000533060.1
TRPM6	7164	16169	16907	P1P2	16907	P1P2
TRPM7	16407	16170	16908	P1P2	16908	P1P2
TRPM8	14739	16171	16909	P1P2	16909	P1P2
TRPS1	13421	16172	16910	P1P2	16910	P1P2
TRPT1	5405	16173	16911	P1P2	16911	P1P2
TRPV1	7811	16174	16912	P1P2	16912	P1P2
TRPV2	6466	16175	16913	P1P2	16913	P1P2
TRPV3	18940	16176	16914	P1	16914	P1
TRPV4	779	16177	16915	P1P2	16915	P1P2
TRPV5	11563	16178	16916	P1P2	16916	P1P2
TRPV6	13704	16179	16917	P1P2	16917	P1P2
TRRAP	15603	16180	16918	P1P2	16918	P1P2
TRUB1	8482	16181	16919	P1P2	16919	P1P2
TRUB2	10128	16182	16920	P1P2	16920	P1P2
TSACC	5189	16183	16921	P1P2	16921	P1P2
TSC1	14595	16184	16922	P1P2	16922	P1P2
TSC2	4476	16185	16923	P1P2	16923	P1P2
TSC22D1	3175	16186	16924	P1P2	16924	P1P2
TSC22D2	1526	16187	16925	P1P2	16925	P1P2
TSC22D3	8673	16188	16926	P1P2	16926	P1P2
TSC22D4	2433	16189	16927	P1P2	16927	P1P2
TSEN15	672	16190	16928	P1P2	16928	P1P2
TSEN2	11825	16191	16929	P1P2	16929	P1P2
TSEN34	5524	16192	16930	P1P2	16930	P1P2
TSEN54	11003	16193	16931	P1P2	16931	P1P2
TSFM	6064	16194	16932	P1P2	16932	P1P2
TSG101	3542	16195	16933	P1P2	16933	P1P2
TSGA10	12347	16196	16934	P1P2	16934	P1P2
TSGA13	17328	16197	16936	P1P2	16936	P1P2
TSHB	10647	16198	16937	P1P2	16937	P1P2
TSHR	14795	16199	16938	P1P2	16938	P1P2
TSHZ1	8086	16200	16939	P1P2	16939	P1P2
TSHZ2	1013	16201	16940	P1P2	16940	P1P2
TSHZ3	17461	16202	16941	P1P2	16941	P1P2
TSKS	9020	16203	16942	P1P2	16942	P1P2
TSKU	7437	16204	16943	P1P2	16943	P1P2
TSLP	11999	16205	16944	P1P2	16944	P1P2
TSN	17016	16206	16945	P1P2	16945	P1P2
TSNARE1	16459	16207	16946	P1P2	16946	P1P2
TSNAX	521	16208	16947	P1P2	16947	P1P2
TSNAXIP1	13523	16209	16948	P1P2	16948	P1P2
TSPAN1	14519	16210	16949	P2	16949	P2
TSPAN11	8769	16211	16951	P1P2	16951	P1P2
TSPAN12	3478	16212	16952	P1P2	16952	P1P2
TSPAN13	3682	16213	16953	P1P2	16953	P1P2
TSPAN14	17588	16214	16954	P1P2	16954	P1P2
TSPAN15	14859	16215	16955	P1P2	16955	P1P2
TSPAN16	7481	16216	16956	P1P2	16956	P1P2
TSPAN17	6846	16217	16957	P1P2	16957	P1P2
TSPAN18	13289	16218	16958	P1P2	16958	P1P2
TSPAN19	8018	16219	16959	P1P2	16959	P1P2
TSPAN2	8872	16220	16960	P1P2	16960	P1P2
TSPAN3	18222	16221	16961	P1P2	16961	P1P2
TSPAN31	5333	16222	16962	P1P2	16962	P1P2
TSPAN32	5970	16223	16963	P1P2	16963	P1P2
TSPAN33	14537	16224	16964	P1P2	16964	P1P2
TSPAN4	15727	16225	16965	P2	16965	P2
TSPAN5	7239	16226	16966	P1P2	16966	P1P2
TSPAN6	16876	16227	16967	P1P2	16967	P1P2
TSPAN7	11481	16228	16968	P1P2	16968	P1P2
TSPAN8	1629	16229	16969	P1P2	16969	P1P2
TSPAN9	12500	16230	16970	P1P2	16970	P1P2
TSPEAR	14455	16231	16971	P1P2	16971	P1P2
TSPO	13898	16232	16972	P1P2	16972	P1P2
TSPO2	6221	16233	16973	P1P2	16973	P1P2
TSPYL1	3350	16234	16975	P1P2	16975	P1P2
TSPYL2	6497	16235	16976	P1P2	16976	P1P2
TSPYL4	16229	16236	16977	P1P2	16977	P1P2
TSPYL5	15654	16237	16978	P1P2	16978	P1P2
TSPYL6	13545	16238	16979	P1P2	16979	P1P2
TSR1	7458	16239	16980	P1	16980	P1
TSR3	12507	16241	16981	P1P2	16981	P1P2
TSSC4	9256	16243	16983	P1P2	16983	P1P2
TSSK1B	3843	16244	16984	P1P2	16984	P1P2
TSSK3	2948	16245	16986	P1P2	16986	P1P2
TSSK4	404	16246	16987	P1P2	16987	P1P2
TSSK6	5454	16247	16988	P1P2	16988	P1P2
TST	2927	16248	16989	P1P2	16989	P1P2
TSTA3	17321	16249	16990	P1P2	16990	P1P2
TSTD2	8696	16251	16991	P1P2	16991	P1P2
TTBK1	12306	16252	16993	P1P2	16993	P1P2
TTBK2	11059	16253	16994	P1P2	16994	P1P2
TTC1	18423	16254	16995	P1P2	16995	P1P2
TTC12	7473	16255	16996	P1P2	16996	P1P2
TTC13	3701	16256	16997	P1P2	16997	P1P2
TTC14	15434	16257	16998	P1P2	16998	P1P2
TTC16	3721	16258	16999	P1P2	16999	P1P2
TTC17	5530	16259	17000	P1P2	17000	P1P2
TTC19	9587	16261	17002	P1P2	17002	P1P2
TTC21A	2510	16262	17003	P1P2	17003	P1P2
TTC21B	18041	16263	17004	P1P2	17004	P1P2
TTC22	18579	16264	17005	P1P2	17005	P1P2
TTC23	15111	16265	17006	P1	17006	P1
TTC23L	3318	16266	17007	P1P2	17007	P1P2
TTC24	17377	16267	17008	P1P2	17008	P1P2
TTC26	4412	16268	17010	P1P2	17010	P1P2
TTC27	4769	16269	17011	P1P2	17011	P1P2
TTC28	12736	16270	17012	ENST00000397906.2	17012	ENST00000397906.2
TTC29	845	16271	17013	P1P2	17013	P1P2
TTC3	1883	16272	17014	P1P2	17014	P1P2
TTC30A	6265	16273	17015	P1P2	17015	P1P2
TTC30B	7097	16274	17016	P1P2	17016	P1P2
TTC31	18066	16275	17017	P1P2	17017	P1P2
TTC32	649	16276	17018	P1P2	17018	P1P2
TTC33	7685	16277	17019	P1P2	17019	P1P2
TTC34	5051	16278	17020	ENST00000401094.6	17020	ENST00000401095.3
TTC36	12486	16279	17021	P1P2	17021	P1P2
TTC37	13099	16280	17022	P1P2	17022	P1P2
TTC38	5423	16281	17023	P1P2	17023	P1P2
TTC39A	3268	16282	17024	P1P2	17024	P1P2
TTC39B	1802	16283	17025	P1P2	17025	P1P2
TTC39C	13693	16284	17026	P1P2	17026	P1P2
TTC4	12429	16285	17027	P1P2	17027	P1P2
TTC5	15693	16287	17029	P1P2	17029	P1P2
TTC6	1102	16288	17030	P2	17030	P2
TTC7B	13367	16290	17031	P1P2	17031	P1P2
TTC8	7847	16291	17032	P1P2	17032	P1P2
TTC9	3982	16292	17033	P1P2	17033	P1P2
TTC9B	1875	16293	17034	P1P2	17034	P1P2
TTC9C	13974	16294	17035	P1P2	17035	P1P2
TTF1	5582	16295	17036	P1P2	17036	P1P2
TTF2	49	16296	17037	P1P2	17037	P1P2
TTI1	15556	16297	17038	P1P2	17038	P1P2
TTI2	4670	16298	17039	P1P2	17039	P1P2
TTK	1325	16299	17040	P1P2	17040	P1P2
TTL	7623	16300	17041	P1P2	17041	P1P2
TTLL1	3367	16301	17042	P1P2	17042	P1P2
TTLL10	1290	16302	17043	P1	17043	P1
TTLL11	17626	16303	17044	P1P2	17044	P1P2
TTLL12	5999	16304	17045	P1P2	17045	P1P2
TTLL13	13872	16305	17046	P1P2	17046	P1P2
TTLL2	6191	16306	17047	P1P2	17047	P1P2
TTLL3	17350	16307	17048	P1P2	17048	P1P2
TTLL4	11997	16308	17049	P1P2	17049	P1P2
TTLL5	4018	16309	17050	P1P2	17050	P1P2
TTLL6	7500	16310	17051	P1P2	17051	P1P2
TTLL7	5905	16311	17052	P1P2	17052	P1P2
TTN	11990	16312	17055	P2	17055	P2
TTPA	541	16313	17056	P1P2	17056	P1P2
TTPAL	5809	16314	17057	P1P2	17057	P1P2
TTR	10893	16315	17058	P1	17058	P2
TTYH1	16637	16316	17059	P1P2	17059	P1P2
TTYH2	8213	16317	17060	P1	17060	P1
TTYH3	1818	16318	17061	P1P2	17061	P1P2
TUB	5410	16319	17062	ENST00000305253.4	17062	ENST00000305253.4
TUBA1A	12944	16320	17063	P1P2	17063	P1P2
TUBA3C	12425	16321	17066	P1P2	17066	P1P2
TUBA4A	1900	16322	17069	P1P2	17069	P1P2
TUBA8	15522	16323	17070	P1P2	17070	P1P2
TUBAL3	3226	16324	17071	P1P2	17071	P1P2
TUBB	11625	16325	17072	P2	17072	P2
TUBB1	1812	16326	17073	P1P2	17073	P1P2
TUBB3	16535	16327	17076	P2	17076	P1
TUBB4A	10517	16328	17077	P1P2	17077	P1P2
TUBB4B	10162	16329	17078	P2	17078	P1
TUBB6	15208	16330	17079	P1P2	17079	P1P2
TUBD1	8577	16331	17081	P1P2	17081	P1P2
TUBE1	15388	16332	17082	P1P2	17082	P1P2
TUBG1	13354	16333	17083	P1P2	17083	P1P2
TUBG2	1080	16334	17084	P1P2	17084	P1P2
TUBGCP2	14332	16335	17085	P1P2	17085	P1P2
TUBGCP3	2620	16336	17086	P1P2	17086	P1P2
TUBGCP5	18156	16338	17087	P1P2	17087	P1P2
TUBGCP6	11135	16339	17088	P1P2	17088	P1P2
TUFM	4738	16340	17089	P1P2	17089	P1P2
TUFT1	2739	16341	17090	P1P2	17090	P1P2
TULP1	241	16342	17091	P1P2	17091	P1P2
TULP2	6122	16343	17092	P1P2	17092	P1P2
TULP3	15328	16344	17093	P2	17093	P2
TULP4	17134	16345	17094	P1P2	17094	P1P2
TUSC1	16097	16346	17095	P1P2	17095	P1P2
TUSC2	739	16347	17096	P1P2	17096	P1P2
TUSC3	8832	16348	17097	P1P2	17097	P1P2
TUT1	3715	16350	17099	P1	17099	P1
TVP23A	2871	16351	17100	P1P2	17100	P1P2
TWF1	11501	16352	17103	P1P2	17103	P1P2
TWF2	18705	16353	17104	P1P2	17104	P1P2
TWIST1	8384	16354	17105	P1P2	17105	P1P2
TWIST2	9172	16355	17106	P1P2	17106	P1P2
TWSG1	2413	16357	17107	P1P2	17107	P1P2
TXK	11151	16358	17108	P2	17108	P2
TXLNA	13412	16359	17109	P1P2	17109	P1P2
TXLNB	13576	16360	17110	P1P2	17110	P1P2
TXLNG	14188	16361	17111	P1P2	17111	P1P2
TXN2	18198	16362	17113	P1P2	17113	P1P2
TXNDC11	9932	16363	17114	P1P2	17114	P1P2
TXNDC12	16334	16364	17115	P1P2	17115	P1P2
TXNDC15	4013	16365	17116	P1P2	17116	P1P2
TXNDC16	552	16366	17117	P1P2	17117	P1P2
TXNDC17	1304	16367	17118	P1P2	17118	P1P2
TXNDC2	1159	16368	17119	P1P2	17119	P1P2
TXNDC5	15675	16369	17120	P1P2	17120	P1P2
TXNDC8	15968	16370	17121	P1P2	17121	P1P2
TXNDC9	8008	16371	17122	P1P2	17122	P1P2
TXNIP	356	16372	17123	P2	17123	P2
TXNL1	4461	16373	17124	P1P2	17124	P1P2
TXNL4A	1906	16374	17125	P1P2	17125	P1P2
TXNL4B	10216	16375	17126	P1P2	17126	P1P2
TXNRD1	17510	16376	17127	ENST00000429002.2,ENST00000525566.1	17127	ENST00000429002.2,ENST00000525566.1
TXNRD2	2386	16377	17128	P1P2	17128	P1P2
TYK2	2693	16380	17131	P1P2	17131	P1P2
TYMP	15573	16381	17132	P1P2	17132	P1P2
TYMS	9496	16382	17133	P1P2	17133	P1P2
TYR	5034	16383	17134	P1P2	17134	P1P2
TYRO3	3333	16384	17135	P1P2	17135	P1P2
TYROBP	5195	16385	17136	P1P2	17136	P1P2
TYRP1	13043	16386	17137	P1P2	17137	P1P2
TYSND1	18166	16387	17138	P1P2	17138	P1P2
TYW1	15905	16388	17139	P1P2	17139	P1P2
TYW3	11378	16389	17141	P1P2	17141	P1P2
TYW5	12670	16390	17142	P1P2	17142	P1P2
U2AF1	18619	16391	17143	P1P2	17143	P1P2
U2AF1L4	17097	16392	17144	P1P2	17144	P1P2
U2AF2	4796	16393	17145	P1P2	17145	P1P2
U2SURP	17610	16394	17146	P1P2	17146	P1P2
UACA	18596	16396	17147	P1P2	17147	P1P2
UAP1	13411	16397	17148	P1P2	17148	P1P2
UAP1L1	12853	16398	17149	P1P2	17149	P1P2
UBA1	14768	16399	17150	P2	17150	P2
UBA2	7050	16400	17151	P1P2	17151	P1P2
UBA3	11200	16401	17152	P1P2	17152	P1P2
UBA5	5499	16402	17153	P1P2	17153	P1P2
UBA52	4376	16403	17154	P1	17154	P1
UBA6	13900	16404	17155	P1P2	17155	P1P2
UBA7	3882	16405	17156	P1	17156	P2
UBAC1	4166	16406	17157	P1P2	17157	P1P2
UBAC2	6863	16407	17158	P1P2	17158	P1P2
UBALD1	17660	16408	17159	P1P2	17159	P1P2
UBALD2	6309	16409	17160	P1P2	17160	P1P2
UBAP1	2132	16410	17161	P1P2	17161	P1P2
UBAP2	802	16411	17163	P1P2	17163	P1P2
UBAP2L	4937	16412	17164	P1P2	17164	P1P2
UBASH3A	6834	16413	17165	P1P2	17165	P1P2
UBASH3B	1711	16414	17166	P1P2	17166	P1P2
UBC	17865	16415	17168	P1P2	17168	P1P2
UBD	8684	16416	17169	P1P2	17169	P1P2
UBE2A	8162	16417	17170	P1P2	17170	P1P2
UBE2B	13343	16418	17171	P1P2	17171	P1P2
UBE2C	15735	16419	17172	P1P2	17172	P1P2
UBE2D1	17670	16420	17173	P1P2	17173	P1P2
UBE2D2	4153	16421	17174	P1P2	17174	P1P2
UBE2D3	7781	16422	17175	P1P2	17175	P1P2
UBE2D4	7379	16423	17176	P1P2	17176	P1P2
UBE2E1	10797	16424	17177	P1P2	17177	P1P2
UBE2E2	3497	16425	17178	P1P2	17178	P1P2
UBE2E3	8540	16426	17179	P1P2	17179	P1P2
UBE2F	452	16427	17180	P1P2	17180	P1P2
UBE2G1	16173	16428	17181	P1P2	17181	P1P2
UBE2G2	4151	16429	17182	P1P2	17182	P1P2
UBE2H	284	16430	17183	P1P2	17183	P1P2
UBE2I	12516	16431	17184	P1P2	17184	P1P2
UBE2J1	12848	16432	17185	P1P2	17185	P1P2
UBE2J2	15314	16433	17186	P1P2	17186	P1P2
UBE2K	7746	16434	17187	P1P2	17187	P1P2
UBE2L3	18186	16435	17188	P1P2	17188	P1P2
UBE2L6	12296	16436	17189	P1P2	17189	P1P2
UBE2M	14061	16437	17190	P1P2	17190	P1P2
UBE2N	10566	16438	17191	P1P2	17191	P1P2
UBE2O	774	16439	17193	P1P2	17193	P1P2
UBE2Q1	12228	16440	17194	P1P2	17194	P1P2
UBE2Q2	6126	16441	17195	P1P2	17195	P1P2
UBE2QL1	12963	16442	17196	P1P2	17196	P1P2
UBE2R2	5513	16443	17197	P1P2	17197	P1P2
UBE2S	1095	16444	17198	P1P2	17198	P1P2
UBE2T	733	16445	17199	P1P2	17199	P1P2
UBE2U	1725	16446	17200	P1P2	17200	P1P2
UBE2V2	16793	16447	17202	P1P2	17202	P1P2
UBE2W	2727	16448	17203	P1P2	17203	P1P2
UBE2Z	4469	16449	17204	P1P2	17204	P1P2
UBE3A	13332	16450	17205	P1P2	17205	P1P2
UBE3B	11975	16451	17206	P1P2	17206	P1P2
UBE3C	18307	16452	17207	P1P2	17207	P1P2
UBE3D	5233	16453	17208	P1P2	17208	P1P2
UBE4A	598	16454	17209	P1P2	17209	P1P2
UBE4B	13807	16455	17210	P1P2	17210	P1P2
UBFD1	4705	16456	17211	P1P2	17211	P1P2
UBIAD1	723	16457	17212	P1P2	17212	P1P2
UBL3	106	16458	17213	P1P2	17213	P1P2
UBL4A	2943	16459	17214	P1P2	17214	P1P2
UBL4B	6934	16460	17215	P1P2	17215	P1P2
UBL5	1913	16461	17216	P1P2	17216	P1P2
UBL7	6900	16462	17217	P2	17217	P1
UBLCP1	17534	16463	17218	P1P2	17218	P1P2
UBN1	15372	16464	17219	P1P2	17219	P1P2
UBN2	10728	16465	17220	P1P2	17220	P1P2
UBP1	7394	16467	17221	P1P2	17221	P1P2
UBQLN1	2700	16468	17222	P1P2	17222	P1P2
UBQLN2	5248	16469	17223	P1P2	17223	P1P2
UBQLN3	15844	16470	17224	P1P2	17224	P1P2
UBQLN4	16268	16471	17225	P1P2	17225	P1P2
UBQLNL	2220	16472	17226	P1P2	17226	P1P2
UBR1	15187	16473	17227	P1P2	17227	P1P2
UBR2	14855	16474	17228	P1P2	17228	P1P2
UBR3	12448	16475	17229	P1P2	17229	P1P2
UBR4	6117	16476	17230	P1P2	17230	P1P2
UBR5	14923	16477	17231	P1P2	17231	P1P2
UBR7	10016	16478	17232	P1P2	17232	P1P2
UBTD1	7505	16479	17233	P1P2	17233	P1P2
UBTD2	8886	16480	17234	P1P2	17234	P1P2
UBTF	12025	16481	17235	P1P2	17235	P1P2
UBXN1	4768	16482	17236	P1P2	17236	P1P2
UBXN10	7507	16483	17237	P1P2	17237	P1P2
UBXN11	10692	16484	17238	P1P2	17238	P1P2
UBXN2A	15379	16485	17239	P1	17239	P1
UBXN2B	11192	16486	17240	P1P2	17240	P1P2
UBXN4	16375	16487	17241	P1P2	17241	P1P2
UBXN6	15049	16488	17242	P2	17242	P1
UBXN7	5081	16489	17243	P1P2	17243	P1P2
UCHL1	8452	16490	17245	P2	17245	P1
UCHL3	5373	16491	17246	P1P2	17246	P1P2
UCHL5	13952	16492	17247	P1P2	17247	P1P2
UCK1	7321	16493	17248	P1P2	17248	P1P2
UCK2	9843	16494	17249	P1P2	17249	P1P2
UCKL1	11936	16495	17250	P1P2	17250	P1P2
UCMA	1298	16496	17251	P1P2	17251	P1P2
UCN	6096	16497	17252	P1P2	17252	P1P2
UCN2	11572	16498	17253	P1P2	17253	P1P2
UCN3	703	16499	17254	P1P2	17254	P1P2
UCP1	4424	16500	17255	P1P2	17255	P1P2
UCP2	7568	16501	17256	P1P2	17256	P1P2
UCP3	4422	16502	17257	P1P2	17257	P1P2
UEVLD	13924	16503	17258	P1P2	17258	P1P2
UFC1	4239	16504	17259	P1P2	17259	P1P2
UFL1	3223	16506	17261	P1P2	17261	P1P2
UFM1	9602	16507	17262	P1P2	17262	P1P2
UFSP1	14036	16508	17263	P1P2	17263	P1P2
UFSP2	17981	16509	17264	P1P2	17264	P1P2
UGCG	18880	16510	17265	P1P2	17265	P1P2
UGDH	14828	16511	17266	P1P2	17266	P1P2
UGGT1	13994	16512	17267	P1P2	17267	P1P2
UGGT2	5086	16513	17268	P1P2	17268	P1P2
UGP2	10720	16514	17269	P1P2	17269	P1P2
UGT1A10	15148	16515	17271	P1P2	17271	P1P2
UGT1A3	5927	16516	17272	P1P2	17272	P1P2
UGT1A4	3208	16517	17273	P1P2	17273	P1P2
UGT1A6	12374	16518	17275	P1	17275	P1
UGT1A8	3584	16519	17277	P1P2	17277	P1P2
UGT2A1	13512	16520	17278	P1P2	17278	P1P2
UGT2A3	1176	16521	17279	P1P2	17279	P1P2
UGT2B4	4047	16523	17282	P1P2	17282	P1P2
UGT3A1	177	16524	17284	P1P2	17284	P1P2
UGT3A2	7196	16525	17285	P1P2	17285	P1P2
UGT8	5946	16526	17286	P1P2	17286	P1P2
UHMK1	7879	16527	17287	P1P2	17287	P1P2
UHRF1BP1	3981	16528	17289	P1P2	17289	P1P2
UHRF1BP1L	8193	16529	17290	P1P2	17290	P1P2
UHRF2	18051	16530	17291	P1P2	17291	P1P2
UIMC1	13673	16531	17292	P1P2	17292	P1P2
ULBP1	17279	16532	17293	P1P2	17293	P1P2
ULBP2	479	16533	17294	P1P2	17294	P1P2
ULBP3	4807	16534	17295	P1P2	17295	P1P2
ULK1	17635	16535	17296	P1P2	17296	P1P2
ULK2	17905	16536	17297	P1P2	17297	P1P2
ULK3	16577	16537	17298	P1P2	17298	P1P2
ULK4	682	16538	17299	P1P2	17299	P1P2
UMOD	8687	16539	17300	P2	17300	P2
UMODL1	3433	16540	17301	P1P2	17301	P1P2
UNC119	17077	16542	17303	P1	17303	P2
UNC119B	14988	16543	17304	P1P2	17304	P1P2
UNC13A	8839	16544	17305	P1P2	17305	P1P2
UNC13B	5228	16545	17306	P1P2	17306	P1P2
UNC13C	13135	16546	17307	P1P2	17307	P1P2
UNC13D	11578	16547	17308	P1P2	17308	P1P2
UNC45A	11723	16548	17309	P1	17309	P2
UNC45B	14097	16549	17310	P1P2	17310	P1P2
UNC50	15408	16550	17311	P1P2	17311	P1P2
UNC5A	10458	16551	17312	P1P2	17312	P1P2
UNC5B	4946	16552	17313	P1P2	17313	P1P2
UNC5C	8738	16553	17314	P1P2	17314	P1P2
UNC5D	13801	16554	17316	P1P2	17316	P1P2
UNC79	5749	16555	17317	ENST00000256339.4	17317	ENST00000256339.4
UNC80	10307	16556	17318	P1P2	17318	P1P2
UNC93A	6034	16557	17319	P1P2	17319	P1P2
UNCX	2479	16558	17321	P1P2	17321	P1P2
UNG	1836	16559	17322	P1P2	17322	P1P2
UNK	8795	16560	17323	P1P2	17323	P1P2
UNKL	10510	16561	17324	P1P2	17324	P1P2
UPB1	7368	16562	17325	P1P2	17325	P1P2
UPF1	1441	16563	17326	P1P2	17326	P1P2
UPF2	7302	16564	17327	P1P2	17327	P1P2
UPF3A	12971	16565	17328	P1P2	17328	P1P2
UPF3B	7977	16566	17329	P1P2	17329	P1P2
UPK1A	18383	16567	17330	P1P2	17330	P1P2
UPK1B	2703	16568	17331	P1P2	17331	P1P2
UPK2	310	16569	17332	P1P2	17332	P1P2
UPK3A	4086	16570	17333	P1P2	17333	P1P2
UPK3B	18832	16571	17334	P1P2	17334	P1P2
UPP1	7681	16573	17336	P1P2	17336	P1P2
UPP2	18677	16574	17337	P1P2	17337	P1P2
UPRT	7776	16575	17338	P1P2	17338	P1P2
UQCC1	15893	16576	17339	P1P2	17339	P1P2
UQCC2	2189	16577	17340	P1P2	17340	P1P2
UQCR10	13548	16578	17341	P1P2	17341	P1P2
UQCR11	18679	16579	17342	P1P2	17342	P1P2
UQCRC1	534	16580	17344	P1	17344	P2
UQCRC2	10311	16581	17345	P1P2	17345	P1P2
UQCRFS1	6229	16582	17346	P1P2	17346	P1P2
UQCRH	17011	16583	17347	P1P2	17347	P1P2
UQCRQ	7280	16584	17349	P1P2	17349	P1P2
URAD	11427	16585	17350	P1P2	17350	P1P2
URB1	13424	16586	17351	P1P2	17351	P1P2
URB2	15139	16587	17352	P1P2	17352	P1P2
URGCP	6257	16588	17353	P1	17353	P2
URI1	3461	16589	17354	P1P2	17354	P1P2
URM1	10155	16590	17355	P1P2	17355	P1P2
UROC1	15990	16591	17356	P1P2	17356	P1P2
UROD	7586	16592	17357	P1P2	17357	P1P2
UROS	16723	16593	17358	P1P2	17358	P1P2
USB1	8165	16594	17359	P1P2	17359	P1P2
USE1	16830	16595	17360	P1P2	17360	P1P2
USF1	2672	16596	17361	P1P2	17361	P1P2
USF2	361	16597	17362	P1P2	17362	P1P2
USH1C	13471	16598	17363	P1P2	17363	P1P2
USH1G	11421	16599	17364	P1P2	17364	P1P2
USH2A	7570	16600	17365	P1P2	17365	P1P2
USHBP1	3383	16601	17366	P1P2	17366	P1P2
USP1	1581	16602	17369	P1P2	17369	P1P2
USP10	3240	16603	17370	P1P2	17370	P1P2
USP11	1469	16604	17371	P1P2	17371	P1P2
USP12	15153	16605	17372	P1P2	17372	P1P2
USP13	1101	16606	17373	P1P2	17373	P1P2
USP14	3917	16607	17374	P1P2	17374	P1P2
USP15	11710	16608	17375	P1P2	17375	P1P2
USP16	16389	16609	17376	P1P2	17376	P1P2
USP18	13964	16610	17377	P1P2	17377	P1P2
USP19	2508	16611	17378	P1P2	17378	P1P2
USP2	11998	16612	17379	P1	17379	P1
USP20	14384	16613	17380	P1P2	17380	P1P2
USP21	1547	16614	17381	P1P2	17381	P1P2
USP22	1276	16615	17382	P1P2	17382	P1P2
USP24	16471	16616	17383	P1P2	17383	P1P2
USP25	15808	16617	17384	P1P2	17384	P1P2
USP26	7152	16618	17385	P1P2	17385	P1P2
USP28	2023	16620	17387	P1P2	17387	P1P2
USP29	10824	16621	17388	P1P2	17388	P1P2
USP3	18712	16622	17389	P1P2	17389	P1P2
USP30	7061	16623	17390	P1P2	17390	P1P2
USP31	1592	16624	17391	P1P2	17391	P1P2
USP32	10439	16625	17392	P1P2	17392	P1P2
USP33	3638	16626	17393	P1P2	17393	P1P2
USP34	14403	16627	17394	P1P2	17394	P1P2
USP35	9283	16628	17395	P1P2	17395	P1P2
USP36	11367	16629	17396	P1P2	17396	P1P2
USP37	17057	16630	17397	P1P2	17397	P1P2
USP38	14239	16631	17398	P1P2	17398	P1P2
USP39	2442	16632	17399	P2	17399	P2
USP4	6291	16633	17400	P1P2	17400	P1P2
USP40	18408	16634	17401	P1P2	17401	P1P2
USP42	12996	16635	17403	P1P2	17403	P1P2
USP43	2679	16636	17404	P1P2	17404	P1P2
USP44	3191	16637	17405	P1	17405	P1
USP45	9082	16638	17406	P1P2	17406	P1P2
USP46	13688	16639	17407	P1P2	17407	P1P2
USP47	10875	16640	17408	P1P2	17408	P1P2
USP48	4586	16641	17409	P1P2	17409	P1P2
USP49	1654	16642	17410	P1P2	17410	P1P2
USP5	4569	16643	17411	P2	17411	P1
USP50	8222	16644	17412	P1P2	17412	P1P2
USP51	4858	16645	17413	P1P2	17413	P1P2
USP53	15924	16646	17414	P1P2	17414	P1P2
USP54	11291	16647	17415	P2	17415	P2
USP6	740	16648	17416	P1P2	17416	P1P2
USP6NL	9798	16649	17417	ENST00000277575.5	17417	ENST00000277575.5
USP7	7178	16650	17418	P1P2	17418	P1P2
USP8	919	16651	17419	P1P2	17419	P1P2
USP9X	13749	16652	17420	P1P2	17420	P1P2
USP9Y	16604	16653	17421	ENST00000338981.3	17421	ENST00000338981.3
USPL1	10503	16654	17422	P1P2	17422	P1P2
UST	3379	16655	17423	P1P2	17423	P1P2
UTF1	17613	16656	17424	P1P2	17424	P1P2
UTP14A	5348	16658	17426	P1P2	17426	P1P2
UTP15	10079	16660	17427	P1P2	17427	P1P2
UTP18	17960	16661	17428	P1P2	17428	P1P2
UTP23	18060	16663	17429	P1P2	17429	P1P2
UTP3	11740	16664	17430	P1P2	17430	P1P2
UTRN	16579	16666	17431	ENST00000367545.3	17431	ENST00000367545.3
UTS2	8100	16667	17432	ENST00000361696.5	17432	ENST00000361696.5
UTS2B	18841	16668	17433	P1P2	17433	P1P2
UTS2R	6220	16669	17434	ENST00000313135.2	17434	ENST00000313135.2
UTY	2224	16670	17435	P1P2	17435	P1P2
UVRAG	5005	16671	17436	P1P2	17436	P1P2
UVSSA	2536	16672	17437	P1P2	17437	P1P2
UXS1	10576	16673	17438	P1P2	17438	P1P2
UXT	9609	16674	17439	P1P2	17439	P1P2
VAC14	8049	16675	17440	P1P2	17440	P1P2
VAMP1	3790	16676	17441	P1P2	17441	P1P2
VAMP2	5561	16677	17442	P1P2	17442	P1P2
VAMP3	11742	16678	17443	P1P2	17443	P1P2
VAMP4	16347	16679	17444	P1P2	17444	P1P2
VAMP5	3807	16680	17445	P1P2	17445	P1P2
VAMP8	17265	16681	17447	P1	17447	P2
VANGL1	9884	16682	17448	P1P2	17448	P1P2
VANGL2	13283	16683	17449	P1P2	17449	P1P2
VAPA	15093	16684	17450	P1P2	17450	P1P2
VAPB	14937	16685	17451	P1P2	17451	P1P2
VARS2	2897	16687	17452	P1P2	17452	P1P2
VASH1	16606	16688	17453	P1P2	17453	P1P2
VASH2	12634	16689	17454	P1P2	17454	P1P2
VASN	14244	16690	17455	P1P2	17455	P1P2
VASP	1668	16691	17456	P1P2	17456	P1P2
VAT1	16400	16692	17457	P1P2	17457	P1P2
VAT1L	16311	16693	17458	P1P2	17458	P1P2
VAV1	4005	16694	17459	P1P2	17459	P1P2
VAV2	3855	16695	17460	P1P2	17460	P1P2
VAV3	9855	16696	17461	P1P2	17461	P1P2
VAX1	3357	16697	17462	P1P2	17462	P1P2
VAX2	10729	16698	17463	P1P2	17463	P1P2
VCAM1	18663	16700	17464	P1P2	17464	P1P2
VCAN	8242	16701	17465	P1P2	17465	P1P2
VCL	6795	16702	17466	P1P2	17466	P1P2
VCP	13124	16703	17467	P1P2	17467	P1P2
VCPIP1	5491	16704	17468	P1P2	17468	P1P2
VCPKMT	8038	16705	17469	P1P2	17469	P1P2
VDAC1	581	16707	17471	P1P2	17471	P1P2
VDAC2	5467	16708	17472	P1P2	17472	P1P2
VDAC3	13213	16709	17473	P1P2	17473	P1P2
VDR	2412	16710	17474	P1P2	17474	P1P2
VEGFA	2593	16711	17475	P1P2	17475	P1P2
VEGFB	16691	16712	17476	P1P2	17476	P1P2
VEGFC	1573	16713	17477	P1P2	17477	P1P2
VENTX	6290	16714	17478	P1P2	17478	P1P2
VEPH1	5427	16715	17479	ENST00000392832.2	17479	ENST00000362010.2
VEZF1	1586	16716	17480	P1P2	17480	P1P2
VEZT	7673	16717	17481	P1P2	17481	P1P2
VGF	5294	16718	17482	P1P2	17482	P1P2
VGLL1	16736	16719	17483	P1P2	17483	P1P2
VGLL2	12292	16720	17484	P1P2	17484	P1P2
VGLL3	14199	16721	17485	P1P2	17485	P1P2
VGLL4	4115	16722	17486	P1P2	17486	P1P2
VHL	2303	16723	17487	P1P2	17487	P1P2
VHLL	5157	16724	17488	ENST00000339922.3	17488	ENST00000339922.3
VIL1	17390	16725	17489	P1P2	17489	P1P2
VILL	15955	16726	17490	P2	17490	P1
VIM	14391	16727	17491	P1P2	17491	P1P2
VIP	5088	16729	17493	P1P2	17493	P1P2
VIPAS39	3968	16730	17494	P1P2	17494	P1P2
VIPR1	17590	16731	17495	P1P2	17495	P1P2
VIPR2	9985	16732	17496	P1P2	17496	P1P2
VIT	1846	16733	17497	P1P2	17497	P1P2
VKORC1	14637	16734	17498	P1P2	17498	P1P2
VKORC1L1	9153	16735	17499	P1P2	17499	P1P2
VLDLR	7146	16736	17500	P1P2	17500	P1P2
VMA21	2632	16737	17501	P1P2	17501	P1P2
VMAC	5118	16738	17502	P1P2	17502	P1P2
VMO1	15689	16739	17503	P1P2	17503	P1P2
VMP1	11023	16740	17504	P1P2	17504	P1P2
VN1R1	18453	16741	17505	P1P2	17505	P1P2
VN1R2	5815	16742	17506	ENST00000341702.3	17506	ENST00000341702.3
VN1R4	5649	16743	17507	ENST00000311170.4	17507	ENST00000311170.4
VNN1	7603	16744	17508	P2	17508	P2
VNN2	18335	16745	17509	P2	17509	P1
VOPP1	6452	16746	17510	P1P2	17510	P1P2
VPREB1	15295	16747	17512	P1P2	17512	P1P2
VPREB3	3089	16748	17513	P1P2	17513	P1P2
VPS13A	17860	16749	17515	P1P2	17515	P1P2
VPS13B	5002	16750	17516	P1P2	17516	P1P2
VPS13C	8359	16751	17517	P1P2	17517	P1P2
VPS13D	6146	16752	17518	P1P2	17518	P1P2
VPS16	3449	16753	17519	P1P2	17519	P1P2
VPS18	18908	16754	17520	P1P2	17520	P1P2
VPS25	9617	16755	17521	P1P2	17521	P1P2
VPS26A	14506	16756	17522	P1P2	17522	P1P2
VPS26B	15981	16757	17523	P1P2	17523	P1P2
VPS28	12238	16758	17524	P1P2	17524	P1P2
VPS29	2323	16759	17525	P1P2	17525	P1P2
VPS33A	9397	16760	17526	P1P2	17526	P1P2
VPS33B	18935	16761	17527	P1P2	17527	P1P2
VPS35	112	16762	17528	P1P2	17528	P1P2
VPS36	9180	16763	17529	P1P2	17529	P1P2
VPS37A	9190	16764	17530	P1P2	17530	P1P2
VPS37B	5318	16765	17531	P1P2	17531	P1P2
VPS37C	14449	16766	17532	P1P2	17532	P1P2
VPS37D	9900	16767	17533	P1P2	17533	P1P2
VPS39	11108	16768	17534	P1P2	17534	P1P2
VPS41	13245	16769	17535	P1	17535	P1
VPS45	18096	16770	17536	P1P2	17536	P1P2
VPS4A	7381	16771	17537	P1P2	17537	P1P2
VPS4B	10819	16772	17538	P1P2	17538	P1P2
VPS51	13274	16773	17539	P1P2	17539	P1P2
VPS52	5540	16774	17540	P1P2	17540	P1P2
VPS53	3013	16775	17541	P1P2	17541	P1P2
VPS54	15772	16776	17542	P1P2	17542	P1P2
VPS72	3464	16777	17543	P1P2	17543	P1P2
VPS8	6771	16778	17544	P1P2	17544	P1P2
VPS9D1	2116	16779	17545	P1P2	17545	P1P2
VRK1	13879	16780	17546	P1P2	17546	P1P2
VRK2	13914	16781	17547	P1P2	17547	P1P2
VRK3	132	16782	17548	P1P2	17548	P1P2
VRTN	9047	16783	17549	P1P2	17549	P1P2
VSIG1	3392	16784	17550	P1P2	17550	P1P2
VSIG10	1343	16785	17551	P1P2	17551	P1P2
VSIG10L	14022	16786	17552	P1	17552	P2
VSIG2	3918	16787	17553	P1P2	17553	P1P2
VSIG4	6957	16788	17554	P1P2	17554	P1P2
VSIG8	1527	16789	17555	P1P2	17555	P1P2
VSNL1	17093	16790	17556	P1P2	17556	P1P2
VSTM1	10708	16791	17557	P1P2	17557	P1P2
VSTM2A	10288	16792	17558	P1P2	17558	P1P2
VSTM2B	3140	16793	17559	P1P2	17559	P1P2
VSTM2L	4361	16794	17560	P1P2	17560	P1P2
VSTM4	10259	16795	17561	P1P2	17561	P1P2
VSTM5	13075	16796	17562	P1P2	17562	P1P2
VSX1	6123	16797	17563	P1P2	17563	P1P2
VSX2	4082	16798	17564	P1P2	17564	P1P2
VTA1	9474	16799	17565	P1P2	17565	P1P2
VTCN1	15860	16800	17566	P1P2	17566	P1P2
VTI1A	18171	16801	17567	P1P2	17567	P1P2
VTI1B	4504	16802	17568	P1P2	17568	P1P2
VWA1	11727	16804	17569	P1P2	17569	P1P2
VWA2	433	16805	17570	P1P2	17570	P1P2
VWA3A	5334	16806	17571	P1P2	17571	P1P2
VWA3B	734	16807	17572	P1P2	17572	P1P2
VWA5A	15536	16808	17573	P1P2	17573	P1P2
VWA5B1	3429	16809	17574	P1P2	17574	P1P2
VWA5B2	13505	16810	17575	P1P2	17575	P1P2
VWA7	6035	16811	17576	P1P2	17576	P1P2
VWA8	16246	16812	17577	P1P2	17577	P1P2
VWC2	9668	16814	17579	P1P2	17579	P1P2
VWC2L	378	16815	17580	P1P2	17580	P1P2
VWCE	17238	16816	17581	P1P2	17581	P1P2
VWDE	8147	16817	17582	P1P2	17582	P1P2
VWF	2716	16818	17583	P1P2	17583	P1P2
WAC	9158	16819	17584	P1P2	17584	P1P2
WARS2	2307	16822	17587	P1P2	17587	P1P2
WAS	15047	16823	17588	P1P2	17588	P1P2
WASF1	13148	16824	17589	P1P2	17589	P1P2
WASF2	504	16825	17590	P1P2	17590	P1P2
WASF3	4126	16826	17591	P1P2	17591	P1P2
WASL	10419	16827	17592	P1P2	17592	P1P2
WBP1	722	16828	17593	P1P2	17593	P1P2
WBP11	4920	16829	17594	P1	17594	P2
WBP1L	6520	16830	17595	P1P2	17595	P1P2
WBP2	907	16831	17596	P1P2	17596	P1P2
WBP2NL	6961	16832	17597	P1P2	17597	P1P2
WBP4	13351	16833	17598	P1P2	17598	P1P2
WDFY1	5468	16840	17605	P1P2	17605	P1P2
WDFY2	17458	16841	17606	P1P2	17606	P1P2
WDFY3	14865	16842	17607	P1P2	17607	P1P2
WDFY4	10343	16843	17608	P1P2	17608	P1P2
WDHD1	10418	16844	17609	P1P2	17609	P1P2
WDPCP	8699	16845	17610	P1P2	17610	P1P2
WDR1	6932	16846	17611	P1P2	17611	P1P2
WDR11	17171	16847	17612	P1P2	17612	P1P2
WDR13	2572	16849	17613	P1P2	17613	P1P2
WDR17	4383	16851	17615	P1P2	17615	P1P2
WDR18	1639	16852	17616	P1P2	17616	P1P2
WDR19	278	16853	17617	P1P2	17617	P1P2
WDR20	13457	16854	17618	P1P2	17618	P1P2
WDR24	16650	16855	17619	P1P2	17619	P1P2
WDR25	2714	16856	17620	P1P2	17620	P1P2
WDR26	15054	16857	17621	P1P2	17621	P1P2
WDR27	5845	16858	17622	P1P2	17622	P1P2
WDR3	11759	16859	17623	P1P2	17623	P1P2
WDR31	1691	16860	17624	P1P2	17624	P1P2
WDR33	16732	16861	17625	P1P2	17625	P1P2
WDR34	7780	16862	17626	P1P2	17626	P1P2
WDR35	4923	16863	17627	P1P2	17627	P1P2
WDR36	5750	16864	17628	P1P2	17628	P1P2
WDR37	17756	16865	17629	P1P2	17629	P1P2
WDR38	16852	16866	17630	P1P2	17630	P1P2
WDR4	6796	16867	17631	P1P2	17631	P1P2
WDR41	10426	16868	17632	P1P2	17632	P1P2
WDR43	14791	16869	17633	P1P2	17633	P1P2
WDR44	4037	16870	17634	P1P2	17634	P1P2
WDR45B	3425	16872	17635	P1P2	17635	P1P2
WDR46	1892	16873	17636	P1P2	17636	P1P2
WDR47	14953	16874	17637	P1P2	17637	P1P2
WDR48	11567	16875	17638	P1P2	17638	P1P2
WDR49	13485	16876	17639	P1P2	17639	P1P2
WDR53	3920	16879	17641	P1P2	17641	P1P2
WDR54	12484	16880	17642	P1P2	17642	P1P2
WDR55	15748	16881	17643	P1P2	17643	P1P2
WDR59	7637	16882	17644	P1P2	17644	P1P2
WDR5B	12832	16883	17645	P1P2	17645	P1P2
WDR6	15367	16884	17646	P1P2	17646	P1P2
WDR60	2253	16885	17647	P1P2	17647	P1P2
WDR61	10627	16886	17648	P1P2	17648	P1P2
WDR62	3654	16887	17649	P1P2	17649	P1P2
WDR63	12167	16888	17650	P1P2	17650	P1P2
WDR66	4374	16890	17653	P1P2	17653	P1P2
WDR7	17203	16891	17654	P1P2	17654	P1P2
WDR70	12578	16892	17655	P1P2	17655	P1P2
WDR72	6195	16893	17656	P1P2	17656	P1P2
WDR73	7253	16894	17657	P1P2	17657	P1P2
WDR74	15677	16895	17658	P1	17658	P1
WDR76	171	16897	17659	P1P2	17659	P1P2
WDR77	7295	16898	17660	P1P2	17660	P1P2
WDR78	17063	16899	17661	P1P2	17661	P1P2
WDR81	11795	16900	17662	P2	17662	P2
WDR82	154	16901	17663	P1P2	17663	P1P2
WDR83	14607	16902	17664	P1	17664	P2
WDR83OS	14492	16903	17665	P1P2	17665	P1P2
WDR86	6778	16904	17666	P1P2	17666	P1P2
WDR87	15123	16905	17667	P1P2	17667	P1P2
WDR88	3368	16906	17668	P1P2	17668	P1P2
WDR89	17487	16907	17669	P1P2	17669	P1P2
WDR90	4771	16908	17670	P1P2	17670	P1P2
WDR91	1252	16909	17671	P1P2	17671	P1P2
WDR92	9872	16910	17672	P1P2	17672	P1P2
WDR93	15363	16911	17673	P1P2	17673	P1P2
WDSUB1	1157	16913	17675	P1P2	17675	P1P2
WDTC1	9930	16914	17676	P1P2	17676	P1P2
WDYHV1	2885	16915	17677	P1P2	17677	P1P2
WEE1	6219	16916	17678	P1P2	17678	P1P2
WEE2	15908	16917	17679	ENST00000397541.2	17679	ENST00000397541.2
WFDC1	12619	16918	17680	P1P2	17680	P1P2
WFDC10A	6865	16919	17681	P1P2	17681	P1P2
WFDC10B	1799	16920	17682	P1P2	17682	P1P2
WFDC11	7112	16921	17683	ENST00000324384.3,ENST00000356562.2	17683	ENST00000324384.3,ENST00000356562.2
WFDC12	699	16922	17684	P1P2	17684	P1P2
WFDC13	17519	16923	17685	P1P2	17685	P1P2
WFDC2	5714	16924	17686	P1P2	17686	P1P2
WFDC3	12574	16925	17687	P1P2	17687	P1P2
WFDC5	17747	16926	17688	P1P2	17688	P1P2
WFDC6	18836	16927	17689	P1P2	17689	P1P2
WFDC8	12691	16928	17690	P1P2	17690	P1P2
WFDC9	9014	16929	17691	P1P2	17691	P1P2
WFIKKN1	6793	16930	17692	P1P2	17692	P1P2
WFIKKN2	17015	16931	17693	P1P2	17693	P1P2
WFS1	1606	16932	17694	P1P2	17694	P1P2
WHAMM	9556	16933	17695	P1P2	17695	P1P2
WIF1	16620	16937	17699	P1P2	17699	P1P2
WIPF1	10444	16938	17700	P1P2	17700	P1P2
WIPF2	10727	16939	17701	P1P2	17701	P1P2
WIPF3	1954	16940	17702	P1P2	17702	P1P2
WIPI1	11722	16941	17703	P1P2	17703	P1P2
WIPI2	1519	16942	17704	P1P2	17704	P1P2
WIZ	7000	16946	17708	P1P2	17708	P1P2
WLS	4388	16947	17709	P1P2	17709	P1P2
WNK1	18440	16948	17710	P1P2	17710	P1P2
WNK2	4895	16949	17711	P1P2	17711	P1P2
WNK3	18560	16950	17712	P1P2	17712	P1P2
WNK4	8633	16951	17713	P1P2	17713	P1P2
WNT1	8565	16952	17714	P2	17714	P2
WNT10A	18465	16953	17715	P1P2	17715	P1P2
WNT10B	17630	16954	17716	P1P2	17716	P1P2
WNT11	3215	16955	17717	P1	17717	P1
WNT16	12133	16956	17718	P1P2	17718	P1P2
WNT2	4942	16957	17719	P1P2	17719	P1P2
WNT2B	144	16958	17720	P1P2	17720	P1P2
WNT3	8859	16959	17721	P1P2	17721	P1P2
WNT3A	3444	16960	17722	P1P2	17722	P1P2
WNT4	15558	16961	17723	P1P2	17723	P1P2
WNT5A	8313	16962	17724	P1P2	17724	P1P2
WNT5B	11585	16963	17725	ENST00000310594.3	17725	ENST00000310594.3
WNT6	3573	16964	17726	P1P2	17726	P1P2
WNT7A	12466	16965	17727	P1P2	17727	P1P2
WNT7B	5292	16966	17728	P1	17728	P2
WNT8A	14684	16967	17729	P1P2	17729	P1P2
WNT8B	14670	16968	17730	P1P2	17730	P1P2
WNT9A	3809	16969	17731	P1P2	17731	P1P2
WNT9B	17290	16970	17732	P2	17732	P1
WRAP53	8178	16971	17733	P1P2	17733	P1P2
WRAP73	10171	16972	17734	P1P2	17734	P1P2
WRN	10624	16974	17736	P1P2	17736	P1P2
WRNIP1	9943	16975	17737	P1P2	17737	P1P2
WSB1	16834	16976	17738	P1P2	17738	P1P2
WSB2	1044	16977	17739	P1P2	17739	P1P2
WSCD1	9658	16978	17740	P1P2	17740	P1P2
WSCD2	13620	16979	17741	P1P2	17741	P1P2
WT1	10390	16980	17742	P1P2	17742	P1P2
WTAP	4780	16981	17743	P1P2	17743	P1P2
WTIP	3900	16982	17745	P1P2	17745	P1P2
WWC1	12354	16983	17746	P1P2	17746	P1P2
WWC2	18635	16984	17747	P1P2	17747	P1P2
WWC3	4128	16985	17748	P1P2	17748	P1P2
WWOX	18227	16986	17749	P1P2	17749	P1P2
WWP1	2563	16987	17750	P1P2	17750	P1P2
WWP2	4622	16988	17751	P1P2	17751	P1P2
WWTR1	2808	16989	17752	P1P2	17752	P1P2
XAB2	13004	16990	17753	P1P2	17753	P1P2
XAF1	7615	16991	17754	P1P2	17754	P1P2
XAGE3	8850	16992	17757	P1P2	17757	P1P2
XBP1	16782	16993	17759	P1P2	17759	P1P2
XCR1	14786	16994	17762	P1P2	17762	P1P2
XDH	13193	16995	17763	P1P2	17763	P1P2
XG	15240	16996	17764	P1P2	17764	P1P2
XIAP	931	16997	17765	P1P2	17765	P1P2
XIRP1	5840	16998	17766	P1P2	17766	P1P2
XIRP2	17180	16999	17767	P1P2	17767	P1P2
XK	12991	17000	17768	P1P2	17768	P1P2
XKR3	12587	17001	17769	P1P2	17769	P1P2
XKR4	5211	17002	17770	P1P2	17770	P1P2
XKR6	15495	17003	17772	P1P2	17772	P1P2
XKR7	7110	17004	17773	P1P2	17773	P1P2
XKR8	3006	17005	17774	P1P2	17774	P1P2
XKR9	9270	17006	17775	P1P2	17775	P1P2
XKRX	16085	17007	17776	P1P2	17776	P1P2
XPA	3610	17008	17777	P1P2	17777	P1P2
XPC	6318	17009	17778	P2	17778	P2
XPNPEP1	12423	17010	17779	P1P2	17779	P1P2
XPNPEP2	4845	17011	17780	P1P2	17780	P1P2
XPNPEP3	17549	17012	17781	P1P2	17781	P1P2
XPO1	12031	17013	17782	P1P2	17782	P1P2
XPO4	9921	17014	17783	P1P2	17783	P1P2
XPO5	7928	17015	17784	P1P2	17784	P1P2
XPO6	16496	17016	17785	P1P2	17785	P1P2
XPO7	13646	17017	17786	P1P2	17786	P1P2
XPOT	2427	17018	17787	P1P2	17787	P1P2
XPR1	1942	17019	17788	P1P2	17788	P1P2
XRCC1	16216	17020	17789	P1P2	17789	P1P2
XRCC2	1106	17021	17790	P1P2	17790	P1P2
XRCC3	11979	17022	17791	P1P2	17791	P1P2
XRCC4	14198	17023	17792	P1P2	17792	P1P2
XRCC5	12268	17024	17793	P1P2	17793	P1P2
XRCC6	1432	17025	17794	P1P2	17794	P1P2
XRN1	8674	17027	17796	P1P2	17796	P1P2
XRN2	10826	17028	17797	P1P2	17797	P1P2
XRRA1	15369	17029	17798	P1P2	17798	P1P2
XXYLT1	5685	17030	17799	P1P2	17799	P1P2
XYLB	400	17031	17800	P1P2	17800	P1P2
XYLT1	18283	17032	17801	P1P2	17801	P1P2
XYLT2	1689	17033	17802	P1P2	17802	P1P2
YAF2	17691	17035	17804	P1P2	17804	P1P2
YAP1	6897	17036	17805	P1P2	17805	P1P2
YARS2	4261	17038	17807	P1P2	17807	P1P2
YBEY	18110	17039	17808	P1P2	17808	P1P2
YBX1	663	17040	17809	P1P2	17809	P1P2
YBX2	1870	17041	17810	P1P2	17810	P1P2
YBX3	349	17042	17811	P1P2	17811	P1P2
YDJC	12681	17043	17812	P1P2	17812	P1P2
YEATS2	18432	17044	17813	P1P2	17813	P1P2
YEATS4	12577	17045	17814	P1P2	17814	P1P2
YES1	1284	17046	17815	P1P2	17815	P1P2
YIF1A	7840	17047	17816	P1P2	17816	P1P2
YIF1B	14985	17048	17817	P1P2	17817	P1P2
YIPF1	16861	17049	17818	P1P2	17818	P1P2
YIPF2	596	17050	17819	P1P2	17819	P1P2
YIPF3	6756	17051	17820	P1P2	17820	P1P2
YIPF4	13150	17052	17821	P1P2	17821	P1P2
YIPF5	16515	17053	17822	P1P2	17822	P1P2
YIPF6	438	17054	17823	P1P2	17823	P1P2
YIPF7	6922	17055	17824	P1P2	17824	P1P2
YJEFN3	1326	17056	17825	P2	17825	P2
YKT6	14642	17057	17826	P1P2	17826	P1P2
YLPM1	8332	17058	17827	P1P2	17827	P1P2
YME1L1	4707	17059	17828	P1P2	17828	P1P2
YOD1	15628	17060	17829	P1P2	17829	P1P2
YPEL1	2999	17061	17830	P1P2	17830	P1P2
YPEL2	3888	17062	17831	P1P2	17831	P1P2
YPEL3	2038	17063	17832	P1P2	17832	P1P2
YPEL4	10136	17064	17833	P1P2	17833	P1P2
YPEL5	7808	17065	17834	P1P2	17834	P1P2
YRDC	13987	17066	17835	P1P2	17835	P1P2
YTHDC1	491	17067	17836	P1P2	17836	P1P2
YTHDC2	9519	17068	17837	P1P2	17837	P1P2
YTHDF1	3904	17069	17838	P1P2	17838	P1P2
YTHDF2	14298	17070	17839	P1P2	17839	P1P2
YWHAB	9443	17071	17841	P1P2	17841	P1P2
YWHAE	8066	17072	17842	P1P2	17842	P1P2
YWHAG	18333	17073	17843	P1P2	17843	P1P2
YWHAH	18643	17074	17844	P1P2	17844	P1P2
YWHAQ	10693	17075	17845	P1P2	17845	P1P2
YY1	13772	17076	17847	P1P2	17847	P1P2
YY1AP1	18270	17077	17848	P1P2	17848	P1P2
YY2	6888	17078	17849	P1P2	17849	P1P2
ZACN	9527	17079	17850	P1P2	17850	P1P2
ZADH2	7783	17080	17851	P1P2	17851	P1P2
ZAP70	118	17081	17854	P1P2	17854	P1P2
ZAR1	13766	17082	17855	ENST00000327939.4	17855	ENST00000327939.4
ZAR1L	15409	17083	17856	P1P2	17856	P1P2
ZBBX	2876	17084	17857	P1P2	17857	P1P2
ZBED2	12532	17085	17859	P1P2	17859	P1P2
ZBED3	8725	17086	17860	P1P2	17860	P1P2
ZBED4	10110	17087	17861	P1P2	17861	P1P2
ZBED6	531	17089	17863	P1P2	17863	P1P2
ZBED6CL	2060	17090	17864	ENST00000343855.4	17864	ENST00000343855.4
ZBP1	966	17091	17865	P1P2	17865	P1P2
ZBTB1	18397	17092	17866	P1P2	17866	P1P2
ZBTB10	10524	17093	17867	P1P2	17867	P1P2
ZBTB11	18479	17094	17868	P1P2	17868	P1P2
ZBTB12	4407	17095	17869	P1P2	17869	P1P2
ZBTB14	18781	17096	17870	P1P2	17870	P1P2
ZBTB16	1699	17097	17871	P1P2	17871	P1P2
ZBTB17	4989	17098	17872	P1P2	17872	P1P2
ZBTB18	7488	17099	17873	P1P2	17873	P1P2
ZBTB2	18514	17100	17874	P1P2	17874	P1P2
ZBTB20	6457	17101	17875	P2	17875	P2
ZBTB21	19005	17102	17876	P1P2	17876	P1P2
ZBTB22	15672	17103	17877	P1P2	17877	P1P2
ZBTB24	14555	17104	17878	P1P2	17878	P1P2
ZBTB25	5541	17105	17879	P1P2	17879	P1P2
ZBTB26	1315	17106	17880	P1P2	17880	P1P2
ZBTB3	14711	17107	17881	P1P2	17881	P1P2
ZBTB32	10430	17108	17882	P1P2	17882	P1P2
ZBTB33	16276	17109	17883	P1P2	17883	P1P2
ZBTB34	18192	17110	17884	P1P2	17884	P1P2
ZBTB37	10907	17111	17885	P1P2	17885	P1P2
ZBTB38	7593	17112	17886	P2	17886	P2
ZBTB39	5890	17113	17887	P1P2	17887	P1P2
ZBTB4	17472	17114	17888	P2	17888	P1
ZBTB40	16990	17115	17889	P1P2	17889	P1P2
ZBTB41	1331	17116	17890	P1P2	17890	P1P2
ZBTB42	12632	17117	17891	P1P2	17891	P1P2
ZBTB43	16295	17118	17892	P1P2	17892	P1P2
ZBTB44	1045	17119	17893	P1P2	17893	P1P2
ZBTB45	3670	17120	17894	P1P2	17894	P1P2
ZBTB46	10799	17121	17895	P1P2	17895	P1P2
ZBTB47	1701	17122	17896	P1P2	17896	P1P2
ZBTB48	6805	17123	17897	P1P2	17897	P1P2
ZBTB49	13606	17124	17898	P1P2	17898	P1P2
ZBTB5	4436	17125	17899	P1P2	17899	P1P2
ZBTB6	18885	17126	17900	P1P2	17900	P1P2
ZBTB7A	8177	17127	17901	P2	17901	P1
ZBTB7B	10681	17128	17902	P1P2	17902	P1P2
ZBTB7C	18153	17129	17903	P1	17903	P1
ZBTB8A	17464	17130	17904	P1P2	17904	P1P2
ZBTB8B	9392	17131	17905	P1P2	17905	P1P2
ZBTB8OS	636	17132	17906	P1P2	17906	P1P2
ZBTB9	9449	17133	17907	P1P2	17907	P1P2
ZC2HC1A	18570	17134	17908	P1P2	17908	P1P2
ZC2HC1C	12334	17135	17910	P1P2	17910	P1P2
ZC3H11A	5931	17137	17911	P1P2	17911	P1P2
ZC3H12A	7510	17138	17912	P1P2	17912	P1P2
ZC3H12B	17413	17139	17913	P1P2	17913	P1P2
ZC3H12C	15150	17140	17914	P1P2	17914	P1P2
ZC3H13	1759	17142	17916	P1P2	17916	P1P2
ZC3H14	1637	17143	17917	P1P2	17917	P1P2
ZC3H15	13453	17144	17918	P1P2	17918	P1P2
ZC3H18	14591	17145	17919	P1P2	17919	P1P2
ZC3H3	827	17146	17920	P1P2	17920	P1P2
ZC3H4	4981	17147	17921	P1	17921	P2
ZC3H6	12064	17148	17922	P1P2	17922	P1P2
ZC3H7A	16256	17149	17923	P1P2	17923	P1P2
ZC3H7B	3447	17150	17924	P1P2	17924	P1P2
ZC3H8	13683	17151	17925	P1P2	17925	P1P2
ZC3HAV1	11946	17152	17926	P1P2	17926	P1P2
ZC3HAV1L	17942	17153	17927	P1P2	17927	P1P2
ZC3HC1	7182	17154	17928	P1P2	17928	P1P2
ZC4H2	7442	17155	17929	P1P2	17929	P1P2
ZCCHC10	10303	17156	17930	P1P2	17930	P1P2
ZCCHC12	11514	17158	17932	P1P2	17932	P1P2
ZCCHC13	3112	17159	17933	P1P2	17933	P1P2
ZCCHC14	9639	17160	17934	P1P2	17934	P1P2
ZCCHC17	4156	17162	17936	P1P2	17936	P1P2
ZCCHC18	15732	17163	17937	P1P2	17937	P1P2
ZCCHC2	4764	17164	17938	P1P2	17938	P1P2
ZCCHC24	532	17165	17939	P1P2	17939	P1P2
ZCCHC3	557	17166	17940	P1P2	17940	P1P2
ZCCHC4	2343	17167	17941	P1P2	17941	P1P2
ZCCHC7	12070	17170	17944	P1P2	17944	P1P2
ZCCHC8	15984	17171	17945	P1P2	17945	P1P2
ZCCHC9	11565	17172	17946	P1P2	17946	P1P2
ZCRB1	10067	17173	17947	P1P2	17947	P1P2
ZCWPW1	11495	17174	17948	P1P2	17948	P1P2
ZCWPW2	11939	17175	17949	P1P2	17949	P1P2
ZDBF2	8437	17176	17950	P1P2	17950	P1P2
ZDHHC1	4735	17177	17951	P1P2	17951	P1P2
ZDHHC11	17784	17178	17952	P1P2	17952	P1P2
ZDHHC12	6792	17179	17954	P1P2	17954	P1P2
ZDHHC13	13224	17180	17955	P1P2	17955	P1P2
ZDHHC14	14583	17181	17956	P1P2	17956	P1P2
ZDHHC15	17179	17182	17957	P1P2	17957	P1P2
ZDHHC16	6550	17183	17958	P1P2	17958	P1P2
ZDHHC17	10586	17184	17959	P1P2	17959	P1P2
ZDHHC18	7009	17185	17960	P1P2	17960	P1P2
ZDHHC19	9250	17186	17961	P1P2	17961	P1P2
ZDHHC2	18844	17187	17962	P1P2	17962	P1P2
ZDHHC20	6493	17188	17963	P1P2	17963	P1P2
ZDHHC21	1141	17189	17964	P1P2	17964	P1P2
ZDHHC22	17175	17190	17965	P1P2	17965	P1P2
ZDHHC23	14632	17191	17966	P1P2	17966	P1P2
ZDHHC24	10855	17192	17967	P1P2	17967	P1P2
ZDHHC3	18327	17193	17968	P1P2	17968	P1P2
ZDHHC4	17828	17194	17969	P1P2	17969	P1P2
ZDHHC5	18576	17195	17970	P1P2	17970	P1P2
ZDHHC6	1464	17196	17971	P1P2	17971	P1P2
ZDHHC7	880	17197	17972	P1P2	17972	P1P2
ZDHHC8	3246	17198	17973	P1P2	17973	P1P2
ZDHHC9	2084	17199	17974	P1P2	17974	P1P2
ZEB1	5371	17200	17975	P1	17975	P2
ZEB2	13588	17201	17976	P1	17976	P2
ZER1	9880	17202	17977	P1P2	17977	P1P2
ZFAND1	15229	17203	17978	P2	17978	P2
ZFAND2A	13217	17204	17979	P1P2	17979	P1P2
ZFAND2B	12872	17205	17980	P1P2	17980	P1P2
ZFAND3	2160	17206	17981	P1P2	17981	P1P2
ZFAND4	16339	17207	17982	P1P2	17982	P1P2
ZFAND5	12938	17208	17983	P1P2	17983	P1P2
ZFAND6	12734	17209	17984	P1P2	17984	P1P2
ZFAT	10562	17210	17985	P2	17985	P2
ZFC3H1	54	17211	17986	P1P2	17986	P1P2
ZFHX2	12504	17212	17987	P2	17987	P2
ZFHX4	16633	17214	17989	P1P2	17989	P1P2
ZFP1	16307	17215	17990	P1P2	17990	P1P2
ZFP14	2608	17216	17991	P1P2	17991	P1P2
ZFP2	15931	17217	17992	P1P2	17992	P1P2
ZFP28	17282	17218	17993	P1P2	17993	P1P2
ZFP3	14094	17219	17994	P1P2	17994	P1P2
ZFP30	5881	17220	17995	P1P2	17995	P1P2
ZFP36	3775	17221	17996	P1P2	17996	P1P2
ZFP36L1	1353	17222	17997	P1	17997	P1
ZFP36L2	847	17223	17998	P1P2	17998	P1P2
ZFP37	13	17224	17999	P1P2	17999	P1P2
ZFP41	13176	17225	18000	P1P2	18000	P1P2
ZFP42	6631	17226	18001	P1	18001	P1
ZFP57	8105	17227	18002	P1P2	18002	P1P2
ZFP62	10640	17228	18003	P1P2	18003	P1P2
ZFP64	12125	17229	18004	P1P2	18004	P1P2
ZFP69	11504	17230	18005	P1P2	18005	P1P2
ZFP69B	16936	17231	18006	P1P2	18006	P1P2
ZFP82	7430	17232	18007	P1P2	18007	P1P2
ZFP90	14569	17233	18008	P2	18008	P1
ZFP91	7197	17234	18009	P1P2	18009	P1P2
ZFP92	13776	17235	18010	ENST00000338647.5	18010	ENST00000338647.5
ZFPL1	9459	17236	18011	P1P2	18011	P1P2
ZFPM1	4987	17237	18012	P1P2	18012	P1P2
ZFPM2	14276	17238	18013	P1P2	18013	P1P2
ZFR	6986	17239	18014	P1P2	18014	P1P2
ZFR2	1143	17240	18015	P1P2	18015	P1P2
ZFX	11068	17241	18016	P1P2	18016	P1P2
ZFY	3748	17242	18017	P1P2	18017	P1P2
ZFYVE1	8189	17243	18018	P1P2	18018	P1P2
ZFYVE16	18686	17244	18019	P1P2	18019	P1P2
ZFYVE19	256	17245	18020	P1P2	18020	P1P2
ZFYVE21	2488	17247	18022	P1P2	18022	P1P2
ZFYVE26	12969	17248	18023	P1P2	18023	P1P2
ZFYVE27	11827	17249	18024	P1P2	18024	P1P2
ZFYVE28	5950	17250	18025	P1P2	18025	P1P2
ZFYVE9	6531	17251	18026	P1P2	18026	P1P2
ZG16	7994	17252	18027	P1P2	18027	P1P2
ZG16B	11880	17253	18028	P1P2	18028	P1P2
ZGLP1	6967	17254	18029	P1P2	18029	P1P2
ZGPAT	18275	17255	18030	P1P2	18030	P1P2
ZHX1	12893	17256	18031	P1P2	18031	P1P2
ZHX1-C8ORF76	2089	17257	18032	P1P2	18032	P1P2
ZHX2	4773	17258	18033	P1P2	18033	P1P2
ZHX3	6503	17259	18034	P1P2	18034	P1P2
ZIC1	7654	17260	18035	P1P2	18035	P1P2
ZIC2	1528	17261	18036	P1P2	18036	P1P2
ZIC3	11426	17262	18037	P1P2	18037	P1P2
ZIC4	1457	17263	18038	P1	18038	P1
ZIC5	1369	17264	18039	P1P2	18039	P1P2
ZIK1	185	17265	18040	P1P2	18040	P1P2
ZIM3	10900	17267	18041	ENST00000269834.1	18041	ENST00000269834.1
ZKSCAN1	62	17268	18042	P1P2	18042	P1P2
ZKSCAN2	10006	17269	18043	P1P2	18043	P1P2
ZKSCAN3	14903	17270	18044	P1P2	18044	P1P2
ZKSCAN4	4190	17271	18045	P1P2	18045	P1P2
ZKSCAN5	1023	17272	18046	P1P2	18046	P1P2
ZKSCAN7	18789	17273	18047	P1P2	18047	P1P2
ZKSCAN8	4231	17274	18048	P1P2	18048	P1P2
ZMAT1	2502	17275	18049	P1P2	18049	P1P2
ZMAT2	462	17276	18050	P2	18050	P2
ZMAT3	8490	17277	18051	P1P2	18051	P1P2
ZMAT4	2086	17278	18052	P1P2	18052	P1P2
ZMAT5	15921	17279	18053	P1P2	18053	P1P2
ZMIZ1	698	17280	18054	P1P2	18054	P1P2
ZMIZ2	609	17281	18055	P1P2	18055	P1P2
ZMPSTE24	4197	17282	18056	P1P2	18056	P1P2
ZMYM1	16871	17283	18057	P1P2	18057	P1P2
ZMYM2	7390	17284	18058	P1P2	18058	P1P2
ZMYM3	11942	17285	18059	P1	18059	P1
ZMYM4	12679	17286	18060	P1P2	18060	P1P2
ZMYM5	16678	17287	18061	P1P2	18061	P1P2
ZMYM6	17372	17288	18062	P1P2	18062	P1P2
ZMYND10	17100	17290	18064	P1P2	18064	P1P2
ZMYND11	17820	17291	18065	P1P2	18065	P1P2
ZMYND12	4410	17292	18066	P1P2	18066	P1P2
ZMYND15	17473	17293	18067	P1P2	18067	P1P2
ZMYND19	9828	17294	18068	P1P2	18068	P1P2
ZMYND8	16128	17295	18069	P1P2	18069	P1P2
ZNF10	1580	17296	18070	P1P2	18070	P1P2
ZNF100	9551	17297	18071	P1P2	18071	P1P2
ZNF101	13653	17298	18072	P1P2	18072	P1P2
ZNF106	5045	17299	18073	ENST00000263805.4	18073	ENST00000263805.4
ZNF112	2772	17300	18075	P1P2	18075	P1P2
ZNF114	15627	17301	18076	P1P2	18076	P1P2
ZNF12	12613	17303	18077	P1P2	18077	P1P2
ZNF121	6162	17304	18078	P1P2	18078	P1P2
ZNF124	3344	17305	18079	P1P2	18079	P1P2
ZNF131	1375	17306	18080	P1P2	18080	P1P2
ZNF132	12857	17307	18081	P1P2	18081	P1P2
ZNF133	10044	17308	18082	P1P2	18082	P1P2
ZNF134	17165	17309	18083	P1P2	18083	P1P2
ZNF135	4794	17310	18084	P1P2	18084	P1P2
ZNF136	7880	17311	18085	P1P2	18085	P1P2
ZNF14	1037	17312	18087	P1P2	18087	P1P2
ZNF140	1657	17313	18088	P1P2	18088	P1P2
ZNF141	2440	17314	18089	P1P2	18089	P1P2
ZNF142	2341	17315	18090	P1P2	18090	P1P2
ZNF143	72	17316	18091	P1P2	18091	P1P2
ZNF146	6993	17317	18092	P1P2	18092	P1P2
ZNF148	6262	17318	18093	P1P2	18093	P1P2
ZNF154	8254	17319	18094	P1P2	18094	P1P2
ZNF155	14174	17320	18095	P1P2	18095	P1P2
ZNF157	3545	17321	18096	ENST00000377073.3	18096	ENST00000377073.3
ZNF16	4728	17322	18097	P1P2	18097	P1P2
ZNF160	5506	17323	18098	P1P2	18098	P1P2
ZNF165	6876	17324	18099	P1P2	18099	P1P2
ZNF169	6613	17325	18100	P1P2	18100	P1P2
ZNF17	16396	17326	18101	P1P2	18101	P1P2
ZNF174	14606	17327	18102	P1P2	18102	P1P2
ZNF175	17672	17328	18103	P1P2	18103	P1P2
ZNF177	2305	17329	18104	P1	18104	P2
ZNF18	14011	17330	18105	P1P2	18105	P1P2
ZNF180	12739	17331	18106	P1P2	18106	P1P2
ZNF181	260	17332	18107	P1P2	18107	P1P2
ZNF182	3743	17333	18108	P1P2	18108	P1P2
ZNF184	18636	17334	18109	P1P2	18109	P1P2
ZNF185	12143	17335	18110	P1P2	18110	P1P2
ZNF189	10041	17336	18111	P1P2	18111	P1P2
ZNF19	13965	17337	18112	P1P2	18112	P1P2
ZNF195	6856	17338	18113	P1P2	18113	P1P2
ZNF197	16726	17339	18114	P1P2	18114	P1P2
ZNF2	4914	17340	18115	P1P2	18115	P1P2
ZNF20	4606	17341	18116	P2	18116	P2
ZNF200	1169	17342	18117	P1P2	18117	P1P2
ZNF202	16234	17343	18118	P1P2	18118	P1P2
ZNF205	14411	17344	18119	P1P2	18119	P1P2
ZNF207	18506	17345	18120	P1	18120	P1
ZNF208	9511	17346	18121	P1P2	18121	P1P2
ZNF211	13942	17347	18122	P1P2	18122	P1P2
ZNF212	15724	17348	18123	P1P2	18123	P1P2
ZNF213	8486	17349	18124	P1P2	18124	P1P2
ZNF214	1238	17350	18125	P1P2	18125	P1P2
ZNF215	18004	17351	18126	P1P2	18126	P1P2
ZNF217	6847	17352	18127	P1	18127	P2
ZNF219	17812	17353	18128	P1P2	18128	P1P2
ZNF22	10985	17354	18129	P1P2	18129	P1P2
ZNF221	3861	17355	18130	P1P2	18130	P1P2
ZNF222	12358	17356	18131	P1P2	18131	P1P2
ZNF223	1692	17357	18132	P1P2	18132	P1P2
ZNF224	14695	17358	18133	P1P2	18133	P1P2
ZNF225	15466	17359	18134	P1P2	18134	P1P2
ZNF226	5444	17360	18135	P1	18135	P1
ZNF227	9513	17361	18136	P1P2	18136	P1P2
ZNF229	2408	17362	18137	P1P2	18137	P1P2
ZNF23	14483	17363	18138	P1	18138	P1
ZNF230	13082	17364	18139	P1P2	18139	P1P2
ZNF232	8614	17365	18140	P1	18140	P2
ZNF233	3103	17366	18141	P1P2	18141	P1P2
ZNF235	10050	17368	18142	P1P2	18142	P1P2
ZNF236	16526	17369	18143	P1P2	18143	P1P2
ZNF239	3655	17370	18144	P1P2	18144	P1P2
ZNF24	8622	17371	18145	P1P2	18145	P1P2
ZNF248	5892	17372	18146	P1P2	18146	P1P2
ZNF25	2424	17373	18147	P1P2	18147	P1P2
ZNF250	14010	17374	18148	P1P2	18148	P1P2
ZNF251	2319	17375	18149	P1P2	18149	P1P2
ZNF253	18608	17376	18150	P1P2	18150	P1P2
ZNF254	3516	17377	18151	ENST00000357002.4	18151	ENST00000357002.4
ZNF256	8208	17378	18152	P1P2	18152	P1P2
ZNF257	6204	17379	18153	P1P2	18153	P1P2
ZNF26	825	17381	18155	P1P2	18155	P1P2
ZNF260	4133	17382	18156	P1P2	18156	P1P2
ZNF263	11618	17383	18157	P2	18157	P2
ZNF264	8392	17384	18158	P1P2	18158	P1P2
ZNF266	4433	17385	18159	P1P2	18159	P1P2
ZNF267	16665	17386	18160	P1	18160	P1
ZNF268	16075	17387	18161	P1P2	18161	P1P2
ZNF275	13322	17388	18164	P1P2	18164	P1P2
ZNF276	5145	17389	18165	P1P2	18165	P1P2
ZNF277	2848	17390	18166	P1P2	18166	P1P2
ZNF28	9778	17391	18167	P1P2	18167	P1P2
ZNF280A	8655	17392	18168	P1P2	18168	P1P2
ZNF280B	7404	17393	18169	P1P2	18169	P1P2
ZNF280C	3770	17394	18170	P1P2	18170	P1P2
ZNF280D	15938	17395	18171	P1P2	18171	P1P2
ZNF281	7520	17396	18172	P1P2	18172	P1P2
ZNF282	3172	17397	18173	P1P2	18173	P1P2
ZNF283	9509	17398	18174	P1P2	18174	P1P2
ZNF284	15425	17399	18175	ENST00000421176.3	18175	ENST00000421176.3
ZNF285	8485	17400	18176	ENST00000330997.4,ENST00000544719.2	18176	ENST00000330997.4,ENST00000544719.2
ZNF286A	3378	17401	18177	P1P2	18177	P1P2
ZNF287	9656	17402	18179	P1P2	18179	P1P2
ZNF292	13884	17403	18180	P1P2	18180	P1P2
ZNF296	6024	17404	18181	P1P2	18181	P1P2
ZNF3	3068	17405	18182	P1P2	18182	P1P2
ZNF30	14186	17406	18183	P1P2	18183	P1P2
ZNF300	758	17407	18184	P1P2	18184	P1P2
ZNF304	9099	17408	18186	P1P2	18186	P1P2
ZNF311	4662	17409	18187	P1P2	18187	P1P2
ZNF317	2879	17410	18188	P1P2	18188	P1P2
ZNF318	7816	17411	18189	P1P2	18189	P1P2
ZNF319	2859	17412	18190	P1	18190	P1
ZNF32	11327	17413	18191	P1P2	18191	P1P2
ZNF320	18730	17414	18192	P1P2	18192	P1P2
ZNF322	10521	17415	18193	P1P2	18193	P1P2
ZNF324	3823	17416	18194	P1P2	18194	P1P2
ZNF324B	17353	17417	18195	P1P2	18195	P1P2
ZNF326	10213	17418	18196	P1P2	18196	P1P2
ZNF329	1387	17419	18197	P2	18197	P1
ZNF330	7307	17420	18198	P1P2	18198	P1P2
ZNF331	5971	17421	18199	P2	18199	P2
ZNF333	9692	17422	18200	P1P2	18200	P1P2
ZNF334	11365	17423	18201	P1P2	18201	P1P2
ZNF335	18748	17424	18202	P1P2	18202	P1P2
ZNF337	10715	17425	18203	P1P2	18203	P1P2
ZNF33A	18962	17426	18204	P1P2	18204	P1P2
ZNF34	15606	17427	18206	P1P2	18206	P1P2
ZNF341	7545	17428	18207	P2	18207	P1
ZNF343	5696	17429	18208	P1P2	18208	P1P2
ZNF345	8070	17430	18209	P1P2	18209	P1P2
ZNF346	8761	17431	18210	P1P2	18210	P1P2
ZNF347	10238	17432	18211	P1P2	18211	P1P2
ZNF35	5994	17433	18212	P1P2	18212	P1P2
ZNF350	2751	17434	18213	P1P2	18213	P1P2
ZNF354A	11868	17435	18214	P1P2	18214	P1P2
ZNF354B	6332	17436	18215	P1P2	18215	P1P2
ZNF354C	7561	17437	18216	P1P2	18216	P1P2
ZNF358	8169	17438	18217	P2	18217	P2
ZNF362	4389	17439	18218	P1P2	18218	P1P2
ZNF365	903	17440	18219	P1P2	18219	P1P2
ZNF366	17725	17441	18220	P1P2	18220	P1P2
ZNF367	17241	17442	18221	P1P2	18221	P1P2
ZNF37A	17287	17443	18222	P1P2	18222	P1P2
ZNF382	8698	17444	18223	P1P2	18223	P1P2
ZNF383	15722	17445	18224	P1P2	18224	P1P2
ZNF384	1694	17446	18225	P1P2	18225	P1P2
ZNF385A	17656	17447	18226	P2	18226	P1
ZNF385B	2889	17448	18227	P1P2	18227	P1P2
ZNF385D	1675	17449	18229	P1P2	18229	P1P2
ZNF391	18746	17450	18230	P1P2	18230	P1P2
ZNF394	17930	17451	18231	P1P2	18231	P1P2
ZNF395	10948	17452	18232	P1P2	18232	P1P2
ZNF396	13032	17453	18233	P1P2	18233	P1P2
ZNF397	11140	17454	18234	P1P2	18234	P1P2
ZNF398	2575	17455	18235	P1P2	18235	P1P2
ZNF404	16026	17456	18236	P1P2	18236	P1P2
ZNF407	101	17457	18237	ENST00000299687.5	18237	ENST00000299687.5
ZNF408	3210	17458	18238	P1P2	18238	P1P2
ZNF41	12968	17459	18239	P1P2	18239	P1P2
ZNF410	18811	17460	18240	P1P2	18240	P1P2
ZNF414	16018	17461	18241	P1P2	18241	P1P2
ZNF415	4755	17462	18242	P1P2	18242	P1P2
ZNF416	1156	17463	18243	P1P2	18243	P1P2
ZNF418	14116	17464	18245	P1P2	18245	P1P2
ZNF419	221	17465	18246	P1P2	18246	P1P2
ZNF420	9846	17466	18247	P1P2	18247	P1P2
ZNF423	15182	17467	18248	ENST00000561648.1	18248	ENST00000262383.2
ZNF425	16034	17468	18249	P1P2	18249	P1P2
ZNF426	4029	17469	18250	P1P2	18250	P1P2
ZNF428	17323	17470	18251	P1P2	18251	P1P2
ZNF432	7042	17471	18256	P1P2	18256	P1P2
ZNF433	17806	17472	18257	P1P2	18257	P1P2
ZNF436	8667	17473	18258	P1	18258	P1
ZNF438	3414	17474	18259	P1	18259	P1
ZNF439	605	17475	18260	P1P2	18260	P1P2
ZNF44	7951	17476	18261	P1P2	18261	P1P2
ZNF440	6532	17477	18262	P1P2	18262	P1P2
ZNF441	1019	17478	18263	P1P2	18263	P1P2
ZNF442	1835	17479	18264	P1P2	18264	P1P2
ZNF444	8348	17480	18266	P1P2	18266	P1P2
ZNF445	14007	17481	18267	P1P2	18267	P1P2
ZNF446	11804	17482	18268	P1P2	18268	P1P2
ZNF449	12565	17483	18269	P1P2	18269	P1P2
ZNF45	12559	17484	18270	P1P2	18270	P1P2
ZNF451	1124	17485	18271	P1P2	18271	P1P2
ZNF454	16673	17486	18272	P1P2	18272	P1P2
ZNF460	10865	17487	18273	P1P2	18273	P1P2
ZNF461	2010	17488	18274	P1P2	18274	P1P2
ZNF462	15213	17489	18275	P1P2	18275	P1P2
ZNF467	5498	17490	18276	P1P2	18276	P1P2
ZNF469	4902	17491	18278	ENST00000437464.1	18278	ENST00000437464.1
ZNF470	3167	17492	18279	P1P2	18279	P1P2
ZNF471	13378	17493	18280	P1P2	18280	P1P2
ZNF473	4591	17494	18281	P1P2	18281	P1P2
ZNF474	6825	17495	18282	P1P2	18282	P1P2
ZNF48	6205	17496	18284	P1P2	18284	P1P2
ZNF480	18727	17497	18285	P1P2	18285	P1P2
ZNF483	14171	17498	18286	P1P2	18286	P1P2
ZNF484	17163	17499	18287	P1P2	18287	P1P2
ZNF485	2367	17500	18288	P1P2	18288	P1P2
ZNF486	15604	17501	18289	P1P2	18289	P1P2
ZNF488	15987	17502	18290	P1	18290	P1
ZNF490	14293	17503	18291	P1P2	18291	P1P2
ZNF491	2065	17504	18292	P1P2	18292	P1P2
ZNF493	314	17505	18294	P1P2	18294	P1P2
ZNF496	1396	17506	18295	P1P2	18295	P1P2
ZNF497	16547	17507	18296	P1P2	18296	P1P2
ZNF500	17212	17508	18297	P1P2	18297	P1P2
ZNF501	16447	17509	18298	P1P2	18298	P1P2
ZNF502	16548	17510	18299	P1P2	18299	P1P2
ZNF503	195	17511	18300	P1P2	18300	P1P2
ZNF506	4073	17512	18301	P1P2	18301	P1P2
ZNF507	1073	17513	18302	P1P2	18302	P1P2
ZNF510	5383	17514	18303	P1P2	18303	P1P2
ZNF511	6374	17515	18304	P1P2	18304	P1P2
ZNF512	18231	17516	18305	P1P2	18305	P1P2
ZNF512B	11663	17517	18306	P1P2	18306	P1P2
ZNF513	8164	17518	18307	P1P2	18307	P1P2
ZNF514	16708	17519	18308	P2	18308	P2
ZNF516	15263	17520	18309	P1P2	18309	P1P2
ZNF517	3896	17521	18310	P1P2	18310	P1P2
ZNF518B	2064	17522	18312	P1P2	18312	P1P2
ZNF521	11331	17523	18314	P1P2	18314	P1P2
ZNF524	9939	17524	18315	P1P2	18315	P1P2
ZNF526	15447	17525	18316	P1P2	18316	P1P2
ZNF527	6152	17526	18317	P1P2	18317	P1P2
ZNF528	7504	17527	18318	P1P2	18318	P1P2
ZNF529	7718	17528	18319	P1P2	18319	P1P2
ZNF530	12475	17529	18320	P1P2	18320	P1P2
ZNF532	18392	17530	18321	P1	18321	P2
ZNF534	12001	17531	18322	P1P2	18322	P1P2
ZNF536	4228	17532	18323	P1P2	18323	P1P2
ZNF540	11978	17533	18324	P1	18324	P1
ZNF541	11098	17534	18325	P1P2	18325	P1P2
ZNF543	7084	17535	18326	P1P2	18326	P1P2
ZNF544	6953	17536	18327	P1P2	18327	P1P2
ZNF546	14528	17537	18328	P1P2	18328	P1P2
ZNF547	7530	17538	18329	P1P2	18329	P1P2
ZNF548	13880	17539	18330	P1P2	18330	P1P2
ZNF549	3293	17540	18331	P1P2	18331	P1P2
ZNF550	12129	17541	18332	P1P2	18332	P1P2
ZNF551	18805	17542	18333	P1P2	18333	P1P2
ZNF552	120	17543	18334	P1P2	18334	P1P2
ZNF554	5586	17544	18335	P1P2	18335	P1P2
ZNF555	12295	17545	18336	P1P2	18336	P1P2
ZNF556	16731	17546	18337	P1P2	18337	P1P2
ZNF557	3783	17547	18338	P1P2	18338	P1P2
ZNF558	6322	17548	18339	P1P2	18339	P1P2
ZNF559	5268	17549	18340	P1P2	18340	P1P2
ZNF560	1066	17550	18342	P1P2	18342	P1P2
ZNF561	2487	17551	18343	P1P2	18343	P1P2
ZNF562	13514	17552	18344	P1P2	18344	P1P2
ZNF563	1569	17553	18345	P1P2	18345	P1P2
ZNF564	9771	17554	18346	P1P2	18346	P1P2
ZNF565	10247	17555	18347	P1P2	18347	P1P2
ZNF566	6713	17556	18348	P1P2	18348	P1P2
ZNF567	4719	17557	18349	P1P2	18349	P1P2
ZNF568	7360	17558	18350	P1P2	18350	P1P2
ZNF569	2994	17559	18351	P1P2	18351	P1P2
ZNF57	6951	17560	18352	P1P2	18352	P1P2
ZNF570	14348	17561	18353	P1	18353	P2
ZNF571	17758	17562	18354	P1P2	18354	P1P2
ZNF572	441	17563	18355	P1P2	18355	P1P2
ZNF573	9815	17564	18356	P1P2	18356	P1P2
ZNF574	3550	17565	18357	P2	18357	P1
ZNF575	17578	17566	18358	P1P2	18358	P1P2
ZNF577	10403	17568	18359	P1P2	18359	P1P2
ZNF579	7230	17569	18361	P1P2	18361	P1P2
ZNF580	17969	17570	18362	P2	18362	P1
ZNF581	14725	17571	18363	P1	18363	P1
ZNF582	10414	17572	18364	P1P2	18364	P1P2
ZNF583	17369	17573	18365	P1P2	18365	P1P2
ZNF584	12397	17574	18366	P1P2	18366	P1P2
ZNF585A	15381	17575	18367	P1P2	18367	P1P2
ZNF585B	17530	17576	18368	P1P2	18368	P1P2
ZNF586	16802	17577	18369	P1P2	18369	P1P2
ZNF587B	6568	17578	18371	ENST00000594901.1	18371	ENST00000594901.1
ZNF589	4929	17579	18372	P1P2	18372	P1P2
ZNF592	12924	17580	18373	P1P2	18373	P1P2
ZNF593	17669	17581	18374	P1P2	18374	P1P2
ZNF594	10177	17582	18375	P1P2	18375	P1P2
ZNF596	8840	17583	18377	P1P2	18377	P1P2
ZNF597	9861	17584	18378	P1P2	18378	P1P2
ZNF598	15942	17585	18379	P1P2	18379	P1P2
ZNF599	12496	17586	18380	P1P2	18380	P1P2
ZNF600	8271	17587	18381	P1P2	18381	P1P2
ZNF605	11046	17588	18382	P1P2	18382	P1P2
ZNF606	10544	17589	18383	P1P2	18383	P1P2
ZNF607	10716	17590	18384	P1P2	18384	P1P2
ZNF608	2046	17591	18385	P1	18385	P1
ZNF609	8441	17592	18386	ENST00000326648.3	18386	ENST00000326648.3
ZNF610	9680	17593	18387	P1P2	18387	P1P2
ZNF613	916	17594	18389	P1P2	18389	P1P2
ZNF614	4661	17595	18390	P1P2	18390	P1P2
ZNF615	6186	17596	18391	P1P2	18391	P1P2
ZNF616	7343	17597	18392	P1P2	18392	P1P2
ZNF618	9529	17598	18393	P1P2	18393	P1P2
ZNF619	17601	17599	18394	P1P2	18394	P1P2
ZNF620	17673	17600	18395	P1P2	18395	P1P2
ZNF621	10394	17601	18396	P1P2	18396	P1P2
ZNF622	6461	17602	18397	P1P2	18397	P1P2
ZNF623	14004	17603	18398	P1P2	18398	P1P2
ZNF624	16839	17604	18399	P1P2	18399	P1P2
ZNF626	15830	17606	18400	P1P2	18400	P1P2
ZNF627	4066	17607	18401	P1P2	18401	P1P2
ZNF628	13370	17608	18402	P1P2	18402	P1P2
ZNF629	6087	17609	18403	P1P2	18403	P1P2
ZNF630	7396	17610	18404	P1P2	18404	P1P2
ZNF638	16278	17611	18405	P1P2	18405	P1P2
ZNF639	1127	17612	18406	P1P2	18406	P1P2
ZNF641	13638	17613	18407	P1P2	18407	P1P2
ZNF644	5619	17614	18408	P1P2	18408	P1P2
ZNF646	7936	17616	18410	P1P2	18410	P1P2
ZNF648	9259	17617	18411	P1P2	18411	P1P2
ZNF649	14220	17618	18412	P1P2	18412	P1P2
ZNF652	13063	17619	18413	P1P2	18413	P1P2
ZNF653	9448	17620	18414	P1P2	18414	P1P2
ZNF654	14979	17621	18415	P1P2	18415	P1P2
ZNF655	12602	17622	18416	P1P2	18416	P1P2
ZNF658	9363	17623	18417	ENST00000377626.3,ENST00000602553.1	18417	ENST00000377626.3,ENST00000602553.1
ZNF660	1612	17624	18418	P1P2	18418	P1P2
ZNF662	10429	17625	18419	P1P2	18419	P1P2
ZNF664	3213	17626	18420	P1P2	18420	P1P2
ZNF665	11215	17627	18421	P1P2	18421	P1P2
ZNF667	914	17628	18422	P1P2	18422	P1P2
ZNF668	14928	17629	18423	ENST00000417110.2	18423	ENST00000417110.2
ZNF669	16281	17630	18424	P1P2	18424	P1P2
ZNF670	815	17631	18425	P1P2	18425	P1P2
ZNF671	16709	17632	18426	P1P2	18426	P1P2
ZNF672	15478	17633	18427	P1P2	18427	P1P2
ZNF674	14907	17634	18428	P1P2	18428	P1P2
ZNF676	2059	17635	18430	ENST00000397121.2	18430	ENST00000397121.2
ZNF677	4826	17636	18431	P1P2	18431	P1P2
ZNF678	16129	17637	18432	P1P2	18432	P1P2
ZNF680	12328	17638	18434	P1P2	18434	P1P2
ZNF681	15015	17639	18435	P1P2	18435	P1P2
ZNF682	18452	17640	18436	P1P2	18436	P1P2
ZNF683	6001	17641	18437	P1P2	18437	P1P2
ZNF684	7349	17642	18438	P1P2	18438	P1P2
ZNF688	17879	17643	18440	P1P2	18440	P1P2
ZNF689	5128	17644	18441	P1P2	18441	P1P2
ZNF691	15646	17645	18443	P1P2	18443	P1P2
ZNF692	3599	17646	18444	P1P2	18444	P1P2
ZNF695	18758	17647	18445	ENST00000339986.7	18445	ENST00000339986.7
ZNF696	12856	17648	18446	P1P2	18446	P1P2
ZNF697	10220	17649	18447	P1P2	18447	P1P2
ZNF699	7801	17650	18448	ENST00000591998.1	18448	ENST00000591998.1
ZNF7	18982	17651	18449	P1P2	18449	P1P2
ZNF70	8393	17652	18450	P1P2	18450	P1P2
ZNF700	7200	17653	18451	P1P2	18451	P1P2
ZNF701	17900	17654	18452	P1P2	18452	P1P2
ZNF703	2807	17655	18453	P1P2	18453	P1P2
ZNF704	13973	17656	18454	P1P2	18454	P1P2
ZNF706	10244	17657	18459	P1P2	18459	P1P2
ZNF707	11202	17658	18460	P1P2	18460	P1P2
ZNF708	6407	17659	18461	P1P2	18461	P1P2
ZNF71	6898	17661	18462	P1P2	18462	P1P2
ZNF710	3194	17662	18463	P1P2	18463	P1P2
ZNF711	5421	17663	18464	P1P2	18464	P1P2
ZNF713	4541	17664	18465	P1P2	18465	P1P2
ZNF720	19016	17665	18470	P1P2	18470	P1P2
ZNF721	4931	17666	18471	P2	18471	P2
ZNF726	6978	17667	18472	P1P2	18472	P1P2
ZNF728	17988	17668	18474	ENST00000594710.1	18474	ENST00000594710.1
ZNF732	19027	17669	18477	P1P2	18477	P1P2
ZNF74	4489	17670	18481	P1P2	18481	P1P2
ZNF740	9925	17671	18482	P1P2	18482	P1P2
ZNF746	2528	17672	18483	P1P2	18483	P1P2
ZNF747	16864	17673	18484	P1P2	18484	P1P2
ZNF749	6330	17674	18485	P1P2	18485	P1P2
ZNF750	16065	17675	18486	P1P2	18486	P1P2
ZNF75A	7299	17676	18487	P1P2	18487	P1P2
ZNF75D	5915	17677	18488	P1P2	18488	P1P2
ZNF76	12111	17678	18489	P1P2	18489	P1P2
ZNF764	1840	17679	18491	P1P2	18491	P1P2
ZNF765	12740	17680	18492	P1	18492	P1
ZNF766	5655	17681	18493	P1P2	18493	P1P2
ZNF768	1204	17682	18494	P1	18494	P1
ZNF77	16077	17683	18495	P1P2	18495	P1P2
ZNF770	1538	17684	18496	P1P2	18496	P1P2
ZNF771	11320	17685	18497	P1P2	18497	P1P2
ZNF772	13430	17686	18498	P1P2	18498	P1P2
ZNF774	12561	17687	18500	P1P2	18500	P1P2
ZNF775	14432	17688	18501	P1P2	18501	P1P2
ZNF776	1856	17689	18502	P1P2	18502	P1P2
ZNF777	8237	17690	18503	P1P2	18503	P1P2
ZNF778	858	17691	18504	P1P2	18504	P1P2
ZNF780A	12970	17692	18505	P1P2	18505	P1P2
ZNF780B	16974	17693	18506	P1P2	18506	P1P2
ZNF781	939	17694	18507	P1P2	18507	P1P2
ZNF782	9626	17695	18508	P1P2	18508	P1P2
ZNF783	18779	17696	18509	P1P2	18509	P1P2
ZNF784	4245	17697	18510	P1P2	18510	P1P2
ZNF785	2185	17698	18511	P1P2	18511	P1P2
ZNF786	16460	17699	18512	P1P2	18512	P1P2
ZNF787	11121	17700	18513	P1P2	18513	P1P2
ZNF789	12537	17701	18514	P1P2	18514	P1P2
ZNF79	18565	17702	18515	P1P2	18515	P1P2
ZNF790	2076	17703	18516	P2	18516	P1
ZNF791	14888	17704	18517	P1P2	18517	P1P2
ZNF792	15944	17705	18518	P1P2	18518	P1P2
ZNF793	9019	17706	18519	P1P2	18519	P1P2
ZNF8	3692	17707	18521	P1P2	18521	P1P2
ZNF80	4580	17708	18522	ENST00000482457.2	18522	ENST00000482457.2
ZNF800	1769	17709	18523	P1P2	18523	P1P2
ZNF804A	8892	17710	18524	P1P2	18524	P1P2
ZNF804B	14026	17711	18525	P1P2	18525	P1P2
ZNF805	15668	17712	18526	P1P2	18526	P1P2
ZNF808	6611	17713	18527	P1	18527	P1
ZNF81	8976	17714	18528	P1P2	18528	P1P2
ZNF812	8071	17715	18529	P1P2	18529	P1P2
ZNF814	11293	17716	18531	P1P2	18531	P1P2
ZNF816	6658	17717	18532	P1	18532	P2
ZNF821	15570	17718	18533	P1P2	18533	P1P2
ZNF823	4750	17719	18534	P1P2	18534	P1P2
ZNF827	17410	17720	18535	P1P2	18535	P1P2
ZNF829	17399	17721	18536	P1P2	18536	P1P2
ZNF83	3203	17722	18537	ENST00000541777.2	18537	ENST00000541777.2
ZNF830	12250	17723	18538	P1P2	18538	P1P2
ZNF831	3810	17724	18539	ENST00000371030.2	18539	ENST00000371030.2
ZNF836	15941	17725	18541	P1P2	18541	P1P2
ZNF837	17694	17726	18542	P1P2	18542	P1P2
ZNF839	1766	17727	18543	P1P2	18543	P1P2
ZNF84	13368	17728	18544	P1P2	18544	P1P2
ZNF841	7697	17729	18545	P1P2	18545	P1P2
ZNF843	9000	17730	18546	P1P2	18546	P1P2
ZNF844	6617	17731	18547	P1P2	18547	P1P2
ZNF846	12875	17732	18549	P1P2	18549	P1P2
ZNF85	7411	17733	18550	P1P2	18550	P1P2
ZNF850	13136	17734	18551	P1P2	18551	P1P2
ZNF852	17511	17735	18552	P1P2	18552	P1P2
ZNF853	13551	17736	18553	P1	18553	P1
ZNF860	3938	17737	18554	P1P2	18554	P1P2
ZNF862	9078	17738	18555	P1P2	18555	P1P2
ZNF865	1757	17739	18556	P1P2	18556	P1P2
ZNF879	4122	17740	18558	P1P2	18558	P1P2
ZNF880	10672	17741	18559	P1P2	18559	P1P2
ZNF891	3074	17742	18562	P1P2	18562	P1P2
ZNF93	17634	17743	18566	P1P2	18566	P1P2
ZNFX1	7675	17744	18569	P1P2	18569	P1P2
ZNHIT1	6037	17745	18570	P1P2	18570	P1P2
ZNHIT2	10445	17746	18571	P1P2	18571	P1P2
ZNHIT3	2238	17747	18572	P1P2	18572	P1P2
ZNHIT6	9790	17748	18573	P1P2	18573	P1P2
ZNRD1	10286	17749	18574	P1P2	18574	P1P2
ZNRF1	5980	17750	18575	P1P2	18575	P1P2
ZNRF2	11507	17751	18576	P1P2	18576	P1P2
ZNRF3	15788	17752	18577	P1P2	18577	P1P2
ZNRF4	18441	17753	18578	P1P2	18578	P1P2
ZP1	18833	17754	18579	P1P2	18579	P1P2
ZP2	16966	17755	18580	P1P2	18580	P1P2
ZP3	9199	17756	18581	P1P2	18581	P1P2
ZP4	16924	17757	18582	P1P2	18582	P1P2
ZPBP	13762	17758	18583	P1P2	18583	P1P2
ZPBP2	14968	17759	18584	P1P2	18584	P1P2
ZPLD1	15500	17760	18585	ENST00000491959.1	18585	ENST00000466937.1
ZRANB1	6938	17761	18586	ENST00000359653.4	18586	ENST00000359653.4
ZRANB2	12047	17762	18587	P1P2	18587	P1P2
ZRANB3	8281	17763	18588	P1P2	18588	P1P2
ZRSR2	6820	17764	18589	P1P2	18589	P1P2
ZSCAN1	17420	17765	18590	P1P2	18590	P1P2
ZSCAN10	7312	17766	18591	P1P2	18591	P1P2
ZSCAN12	9908	17767	18592	P1P2	18592	P1P2
ZSCAN16	16021	17768	18593	P1P2	18593	P1P2
ZSCAN18	10551	17769	18594	P2	18594	P2
ZSCAN2	863	17770	18595	P1P2	18595	P1P2
ZSCAN20	18720	17771	18596	P1P2	18596	P1P2
ZSCAN21	16956	17772	18597	P1P2	18597	P1P2
ZSCAN22	7779	17773	18598	P1P2	18598	P1P2
ZSCAN23	16436	17774	18599	P1P2	18599	P1P2
ZSCAN25	12332	17775	18600	P1P2	18600	P1P2
ZSCAN29	4498	17776	18602	P1P2	18602	P1P2
ZSCAN30	316	17777	18603	P1P2	18603	P1P2
ZSCAN31	15605	17778	18604	P1	18604	P1
ZSCAN32	6827	17779	18605	P1P2	18605	P1P2
ZSCAN5A	14661	17781	18606	ENST00000587340.1	18606	ENST00000587340.1
ZSCAN5B	8200	17782	18607	ENST00000358992.3	18607	ENST00000358992.3
ZSCAN9	12121	17784	18609	P1P2	18609	P1P2
ZSWIM1	13329	17785	18610	P1P2	18610	P1P2
ZSWIM2	10061	17786	18611	P1P2	18611	P1P2
ZSWIM3	7949	17787	18612	P1P2	18612	P1P2
ZSWIM4	14654	17788	18613	P1P2	18613	P1P2
ZSWIM5	10679	17789	18614	P1P2	18614	P1P2
ZSWIM6	2278	17790	18615	P1P2	18615	P1P2
ZSWIM7	13655	17791	18616	P1P2	18616	P1P2
ZSWIM8	1681	17792	18617	P1P2	18617	P1P2
ZW10	3113	17794	18619	P1P2	18619	P1P2
ZWILCH	2159	17795	18620	P1P2	18620	P1P2
ZWINT	8258	17796	18621	P1P2	18621	P1P2
ZXDA	481	17797	18622	P1P2	18622	P1P2
ZXDC	8306	17798	18624	P1P2	18624	P1P2
ZYG11A	18259	17799	18625	P1P2	18625	P1P2
ZYG11B	16190	17800	18626	P1P2	18626	P1P2
ZYX	13451	17801	18627	P1P2	18627	P1P2
ZZEF1	15120	17802	18628	P1P2	18628	P1P2
ZZZ3	10527	17803	18629	P1P2	18629	P1P2
