source_row_id,canonical_pair,partner,source_score_finite,attribution_flag,R2_core_identity_present,R2_core_rows,R2_core_finite_rows,R2_core_missing_score_rows,R2_gamma_finite_rows,R2_rho_gamma_exact_target_transcript_contexts,R2_status,R3_core_identity_present,R3_core_rows,R3_core_finite_rows,R3_core_missing_score_rows,R3_gamma_finite_rows,R3_rho_gamma_exact_target_transcript_contexts,R3_status,three_way_symbol_support,three_way_finite_source_rho_support,three_way_finite_source_rho_gamma_support_gene_level,R2_all_specificity_drugs_finite_gene_level,R2_all_five_endpoints_same_target_transcript,three_way_all_required_endpoints_finite_gene_level,no_named_shared_promoter_flag_on_exact_symbol,R3_multiple_gene_records,R2_R3_same_published_transcript_label,same_transcript_caveat,three_way_finite_with_R2_controls_same_transcript
R1:18,PRKDC;XRCC6_mis,XRCC6_mis,True,,False,0,0,0,0,0,not_in_published_table_design_unknown,False,0,0,0,0,0,not_in_published_table_design_unknown,False,False,False,False,False,False,True,False,False,P1/P2 are library-local labels; equality does not prove same genomic TSS or guide target,False
R1:32,MCM4;PRKDC,MCM4,True,,True,1,1,0,1,1,present_all_core_rows_scored,True,1,1,0,1,1,present_all_core_rows_scored,True,True,True,True,True,True,True,False,True,P1/P2 are library-local labels; equality does not prove same genomic TSS or guide target,True
R1:150,HUS1_mis;PRKDC,HUS1_mis,True,,False,0,0,0,0,0,not_in_published_table_design_unknown,False,0,0,0,0,0,not_in_published_table_design_unknown,False,False,False,False,False,False,True,False,False,P1/P2 are library-local labels; equality does not prove same genomic TSS or guide target,False
R1:246,PCNA;PRKDC,PCNA,True,,True,1,1,0,1,1,present_all_core_rows_scored,False,0,0,0,0,0,not_in_published_table_design_unknown,False,False,False,True,True,False,True,False,False,P1/P2 are library-local labels; equality does not prove same genomic TSS or guide target,False
R1:488,CCNH_mis;PRKDC,CCNH_mis,True,,False,0,0,0,0,0,not_in_published_table_design_unknown,False,0,0,0,0,0,not_in_published_table_design_unknown,False,False,False,False,False,False,True,False,False,P1/P2 are library-local labels; equality does not prove same genomic TSS or guide target,False
R1:566,FANCF;PRKDC,FANCF,True,,True,1,1,0,1,1,present_all_core_rows_scored,True,1,1,0,1,1,present_all_core_rows_scored,True,True,True,True,True,True,True,False,True,P1/P2 are library-local labels; equality does not prove same genomic TSS or guide target,True
R1:569,GTF2H5;PRKDC,GTF2H5,True,,True,1,1,0,1,1,present_all_core_rows_scored,True,1,1,0,1,1,present_all_core_rows_scored,True,True,True,True,True,True,True,False,True,P1/P2 are library-local labels; equality does not prove same genomic TSS or guide target,True
R1:622,ERCC2_mis;PRKDC,ERCC2_mis,True,,False,0,0,0,0,0,not_in_published_table_design_unknown,False,0,0,0,0,0,not_in_published_table_design_unknown,False,False,False,False,False,False,True,False,False,P1/P2 are library-local labels; equality does not prove same genomic TSS or guide target,False
R1:651,PRKDC;VCP_mis,VCP_mis,True,,False,0,0,0,0,0,not_in_published_table_design_unknown,False,0,0,0,0,0,not_in_published_table_design_unknown,False,False,False,False,False,False,True,False,False,P1/P2 are library-local labels; equality does not prove same genomic TSS or guide target,False
R1:1136,PRKDC;RAD51,RAD51,True,,False,0,0,0,0,0,not_in_published_table_design_unknown,False,0,0,0,0,0,not_in_published_table_design_unknown,False,False,False,False,False,False,True,False,False,P1/P2 are library-local labels; equality does not prove same genomic TSS or guide target,False
R1:1150,DDX1;PRKDC,DDX1,True,,True,1,1,0,1,1,present_all_core_rows_scored,True,1,1,0,1,1,present_all_core_rows_scored,True,True,True,True,True,True,True,False,True,P1/P2 are library-local labels; equality does not prove same genomic TSS or guide target,True
R1:1261,BRCA2;PRKDC,BRCA2,True,,True,1,1,0,1,1,present_all_core_rows_scored,False,0,0,0,0,0,not_in_published_table_design_unknown,False,False,False,True,True,False,True,False,False,P1/P2 are library-local labels; equality does not prove same genomic TSS or guide target,False
R1:1325,MMS22L;PRKDC,MMS22L,True,,True,1,1,0,1,1,present_all_core_rows_scored,False,0,0,0,0,0,not_in_published_table_design_unknown,False,False,False,True,True,False,True,False,False,P1/P2 are library-local labels; equality does not prove same genomic TSS or guide target,False
R1:1512,ACTR5;PRKDC,ACTR5,True,,True,1,1,0,1,1,present_all_core_rows_scored,False,0,0,0,0,0,not_in_published_table_design_unknown,False,False,False,True,True,False,True,False,False,P1/P2 are library-local labels; equality does not prove same genomic TSS or guide target,False
R1:1513,PRKDC;RUVBL1_mis,RUVBL1_mis,True,,False,0,0,0,0,0,not_in_published_table_design_unknown,False,0,0,0,0,0,not_in_published_table_design_unknown,False,False,False,False,False,False,True,False,False,P1/P2 are library-local labels; equality does not prove same genomic TSS or guide target,False
R1:1626,PRKDC;SFPQ,SFPQ,True,,True,1,1,0,1,1,present_all_core_rows_scored,False,0,0,0,0,0,not_in_published_table_design_unknown,False,False,False,True,True,False,True,False,False,P1/P2 are library-local labels; equality does not prove same genomic TSS or guide target,False
R1:2281,MRE11A;PRKDC,MRE11A,True,,True,1,1,0,1,1,present_all_core_rows_scored,False,0,0,0,0,0,not_in_published_table_design_unknown,False,False,False,True,True,False,True,False,False,P1/P2 are library-local labels; equality does not prove same genomic TSS or guide target,False
R1:2291,PRKDC;PSMD14_mis,PSMD14_mis,True,,False,0,0,0,0,0,not_in_published_table_design_unknown,False,0,0,0,0,0,not_in_published_table_design_unknown,False,False,False,False,False,False,True,False,False,P1/P2 are library-local labels; equality does not prove same genomic TSS or guide target,False
R1:2636,POLR2B_mis;PRKDC,POLR2B_mis,True,,False,0,0,0,0,0,not_in_published_table_design_unknown,False,0,0,0,0,0,not_in_published_table_design_unknown,False,False,False,False,False,False,True,False,False,P1/P2 are library-local labels; equality does not prove same genomic TSS or guide target,False
R1:3031,DCLRE1B;PRKDC,DCLRE1B,True,,True,1,1,0,1,1,present_all_core_rows_scored,True,1,1,0,1,1,present_all_core_rows_scored,True,True,True,True,True,True,True,False,True,P1/P2 are library-local labels; equality does not prove same genomic TSS or guide target,True
R1:3248,PRKDC;TICRR_mis,TICRR_mis,True,,False,0,0,0,0,0,not_in_published_table_design_unknown,False,0,0,0,0,0,not_in_published_table_design_unknown,False,False,False,False,False,False,True,False,False,P1/P2 are library-local labels; equality does not prove same genomic TSS or guide target,False
R1:3428,POLA1;PRKDC,POLA1,True,,True,1,1,0,1,1,present_all_core_rows_scored,True,1,0,1,0,0,present_no_finite_core_score,True,False,False,True,True,False,True,False,False,P1/P2 are library-local labels; equality does not prove same genomic TSS or guide target,False
R1:3457,PRKDC;UBR5,UBR5,True,,True,1,1,0,1,1,present_all_core_rows_scored,True,1,1,0,1,1,present_all_core_rows_scored,True,True,True,True,True,True,True,False,True,P1/P2 are library-local labels; equality does not prove same genomic TSS or guide target,True
R1:3641,PRKDC;TRIP13,TRIP13,True,,True,1,1,0,1,1,present_all_core_rows_scored,True,1,1,0,1,1,present_all_core_rows_scored,True,True,True,True,True,True,True,False,True,P1/P2 are library-local labels; equality does not prove same genomic TSS or guide target,True
R1:3685,LIG1;PRKDC,LIG1,True,,True,1,1,0,1,1,present_all_core_rows_scored,False,0,0,0,0,0,not_in_published_table_design_unknown,False,False,False,True,True,False,True,False,False,P1/P2 are library-local labels; equality does not prove same genomic TSS or guide target,False
R1:3825,CHAF1B_mis;PRKDC,CHAF1B_mis,True,,False,0,0,0,0,0,not_in_published_table_design_unknown,False,0,0,0,0,0,not_in_published_table_design_unknown,False,False,False,False,False,False,True,False,False,P1/P2 are library-local labels; equality does not prove same genomic TSS or guide target,False
R1:3926,DOT1L;PRKDC,DOT1L,True,,True,1,1,0,1,1,present_all_core_rows_scored,True,1,1,0,1,1,present_all_core_rows_scored,True,True,True,True,True,True,True,False,True,P1/P2 are library-local labels; equality does not prove same genomic TSS or guide target,True
R1:4083,POLD3_mis;PRKDC,POLD3_mis,True,,False,0,0,0,0,0,not_in_published_table_design_unknown,False,0,0,0,0,0,not_in_published_table_design_unknown,False,False,False,False,False,False,True,False,False,P1/P2 are library-local labels; equality does not prove same genomic TSS or guide target,False
R1:4116,PRKDC;UHRF1,UHRF1,True,,True,1,1,0,1,1,present_all_core_rows_scored,True,1,1,0,1,1,present_all_core_rows_scored,True,True,True,True,True,True,True,False,True,P1/P2 are library-local labels; equality does not prove same genomic TSS or guide target,True
R1:4461,PRKDC;XRCC5_mis,XRCC5_mis,True,,False,0,0,0,0,0,not_in_published_table_design_unknown,False,0,0,0,0,0,not_in_published_table_design_unknown,False,False,False,False,False,False,True,False,False,P1/P2 are library-local labels; equality does not prove same genomic TSS or guide target,False
R1:4464,DHX9;PRKDC,DHX9,True,,True,1,1,0,1,1,present_all_core_rows_scored,True,1,0,1,0,0,present_no_finite_core_score,True,False,False,True,True,False,True,False,False,P1/P2 are library-local labels; equality does not prove same genomic TSS or guide target,False
R1:4495,GTF2H4_mis;PRKDC,GTF2H4_mis,True,,False,0,0,0,0,0,not_in_published_table_design_unknown,False,0,0,0,0,0,not_in_published_table_design_unknown,False,False,False,False,False,False,True,False,False,P1/P2 are library-local labels; equality does not prove same genomic TSS or guide target,False
R1:4749,PRKDC;UBE2V2,UBE2V2,True,,True,1,1,0,1,1,present_all_core_rows_scored,True,1,1,0,1,1,present_all_core_rows_scored,True,True,True,True,True,True,True,False,True,P1/P2 are library-local labels; equality does not prove same genomic TSS or guide target,True
R1:4880,PRKDC;RBM17_mis,RBM17_mis,True,,False,0,0,0,0,0,not_in_published_table_design_unknown,False,0,0,0,0,0,not_in_published_table_design_unknown,False,False,False,False,False,False,True,False,False,P1/P2 are library-local labels; equality does not prove same genomic TSS or guide target,False
R1:4940,PRKDC;UBE2N,UBE2N,True,,True,1,1,0,1,1,present_all_core_rows_scored,True,1,1,0,1,1,present_all_core_rows_scored,True,True,True,True,True,True,True,False,True,P1/P2 are library-local labels; equality does not prove same genomic TSS or guide target,True
R1:5088,PRKDC;RNF8,RNF8,True,,True,1,1,0,1,1,present_all_core_rows_scored,True,1,1,0,1,1,present_all_core_rows_scored,True,True,True,True,True,True,True,False,True,P1/P2 are library-local labels; equality does not prove same genomic TSS or guide target,True
R1:5141,NSMCE1_mis;PRKDC,NSMCE1_mis,True,,False,0,0,0,0,0,not_in_published_table_design_unknown,False,0,0,0,0,0,not_in_published_table_design_unknown,False,False,False,False,False,False,True,False,False,P1/P2 are library-local labels; equality does not prove same genomic TSS or guide target,False
R1:5203,MSH2;PRKDC,MSH2,True,,True,1,1,0,1,1,present_all_core_rows_scored,True,1,1,0,1,1,present_all_core_rows_scored,True,True,True,True,True,True,True,False,True,P1/P2 are library-local labels; equality does not prove same genomic TSS or guide target,True
R1:5363,CEBPG;PRKDC,CEBPG,True,,True,1,1,0,1,1,present_all_core_rows_scored,True,1,0,1,0,0,present_no_finite_core_score,True,False,False,True,True,False,True,False,False,P1/P2 are library-local labels; equality does not prove same genomic TSS or guide target,False
R1:5493,PRKDC;RFC2_mis,RFC2_mis,True,,False,0,0,0,0,0,not_in_published_table_design_unknown,False,0,0,0,0,0,not_in_published_table_design_unknown,False,False,False,False,False,False,True,False,False,P1/P2 are library-local labels; equality does not prove same genomic TSS or guide target,False
R1:5628,PRKDC;RPAIN,RPAIN,True,,True,1,1,0,1,1,present_all_core_rows_scored,True,1,0,1,0,0,present_no_finite_core_score,True,False,False,True,True,False,True,False,False,P1/P2 are library-local labels; equality does not prove same genomic TSS or guide target,False
R1:5637,PRKDC;TOPBP1_mis,TOPBP1_mis,True,,False,0,0,0,0,0,not_in_published_table_design_unknown,False,0,0,0,0,0,not_in_published_table_design_unknown,False,False,False,False,False,False,True,False,False,P1/P2 are library-local labels; equality does not prove same genomic TSS or guide target,False
R1:6141,PRKDC;TFPT,TFPT,True,,True,1,1,0,1,1,present_all_core_rows_scored,True,1,1,0,1,1,present_all_core_rows_scored,True,True,True,True,True,True,True,False,True,P1/P2 are library-local labels; equality does not prove same genomic TSS or guide target,True
R1:6361,CDC7;PRKDC,CDC7,True,,True,1,1,0,1,1,present_all_core_rows_scored,True,1,1,0,1,1,present_all_core_rows_scored,True,True,True,True,True,True,True,False,True,P1/P2 are library-local labels; equality does not prove same genomic TSS or guide target,True
R1:6480,PRKDC;RAD51C,RAD51C,True,,True,1,1,0,1,1,present_all_core_rows_scored,False,0,0,0,0,0,not_in_published_table_design_unknown,False,False,False,True,True,False,True,False,False,P1/P2 are library-local labels; equality does not prove same genomic TSS or guide target,False
R1:6789,PRKDC;UBE2D3,UBE2D3,True,,True,1,1,0,1,1,present_all_core_rows_scored,True,1,1,0,1,1,present_all_core_rows_scored,True,True,True,True,True,True,True,False,True,P1/P2 are library-local labels; equality does not prove same genomic TSS or guide target,True
R1:6987,CHAF1A;PRKDC,CHAF1A,True,,True,1,1,0,1,1,present_all_core_rows_scored,False,0,0,0,0,0,not_in_published_table_design_unknown,False,False,False,True,True,False,True,False,False,P1/P2 are library-local labels; equality does not prove same genomic TSS or guide target,False
R1:7146,PRKDC;PRPF19_mis,PRPF19_mis,True,,False,0,0,0,0,0,not_in_published_table_design_unknown,False,0,0,0,0,0,not_in_published_table_design_unknown,False,False,False,False,False,False,True,False,False,P1/P2 are library-local labels; equality does not prove same genomic TSS or guide target,False
R1:7158,NFRKB;PRKDC,NFRKB,True,,True,1,1,0,1,1,present_all_core_rows_scored,True,1,1,0,1,1,present_all_core_rows_scored,True,True,True,True,True,True,True,False,True,P1/P2 are library-local labels; equality does not prove same genomic TSS or guide target,True
R1:7666,PRKDC;RAD9B,RAD9B,True,,True,1,1,0,1,1,present_all_core_rows_scored,True,1,1,0,1,1,present_all_core_rows_scored,True,True,True,True,True,True,True,False,True,P1/P2 are library-local labels; equality does not prove same genomic TSS or guide target,True
R1:8249,INO80E;PRKDC,INO80E,True,,True,1,1,0,1,1,present_all_core_rows_scored,True,1,1,0,1,1,present_all_core_rows_scored,True,True,True,True,True,True,True,False,True,P1/P2 are library-local labels; equality does not prove same genomic TSS or guide target,True
R1:8284,PRKDC;PTTG1,PTTG1,True,,True,1,1,0,1,1,present_all_core_rows_scored,True,1,0,1,0,0,present_no_finite_core_score,True,False,False,True,True,False,True,False,False,P1/P2 are library-local labels; equality does not prove same genomic TSS or guide target,False
R1:8444,PRKDC;RECQL5,RECQL5,True,,True,1,1,0,1,1,present_all_core_rows_scored,True,1,1,0,1,1,present_all_core_rows_scored,True,True,True,True,True,True,True,False,True,P1/P2 are library-local labels; equality does not prove same genomic TSS or guide target,True
R1:8518,MCM7;PRKDC,MCM7,True,,True,1,1,0,1,1,present_all_core_rows_scored,True,1,1,0,1,1,present_all_core_rows_scored,True,True,True,True,True,True,True,False,True,P1/P2 are library-local labels; equality does not prove same genomic TSS or guide target,True
R1:8536,GINS4_mis;PRKDC,GINS4_mis,True,,False,0,0,0,0,0,not_in_published_table_design_unknown,False,0,0,0,0,0,not_in_published_table_design_unknown,False,False,False,False,False,False,True,False,False,P1/P2 are library-local labels; equality does not prove same genomic TSS or guide target,False
R1:8628,POLR2F;PRKDC,POLR2F,True,,True,1,1,0,1,1,present_all_core_rows_scored,True,1,0,1,0,0,present_no_finite_core_score,True,False,False,True,True,False,True,False,False,P1/P2 are library-local labels; equality does not prove same genomic TSS or guide target,False
R1:8804,ATM;PRKDC,ATM,True,,True,1,1,0,1,1,present_all_core_rows_scored,True,1,1,0,1,1,present_all_core_rows_scored,True,True,True,True,True,True,True,False,True,P1/P2 are library-local labels; equality does not prove same genomic TSS or guide target,True
R1:8960,PRKDC;TONSL_mis,TONSL_mis,True,,False,0,0,0,0,0,not_in_published_table_design_unknown,False,0,0,0,0,0,not_in_published_table_design_unknown,False,False,False,False,False,False,True,False,False,P1/P2 are library-local labels; equality does not prove same genomic TSS or guide target,False
R1:9161,FZR1;PRKDC,FZR1,True,,True,1,1,0,1,1,present_all_core_rows_scored,True,1,1,0,1,1,present_all_core_rows_scored,True,True,True,True,True,True,True,False,True,P1/P2 are library-local labels; equality does not prove same genomic TSS or guide target,True
R1:9189,FIGNL2;PRKDC,FIGNL2,True,,True,1,1,0,1,1,present_all_core_rows_scored,True,1,1,0,1,1,present_all_core_rows_scored,True,True,True,True,True,True,True,False,True,P1/P2 are library-local labels; equality does not prove same genomic TSS or guide target,True
R1:9244,NPLOC4;PRKDC,NPLOC4,True,,True,1,1,0,1,1,present_all_core_rows_scored,False,0,0,0,0,0,not_in_published_table_design_unknown,False,False,False,True,True,False,True,False,False,P1/P2 are library-local labels; equality does not prove same genomic TSS or guide target,False
R1:9340,CINP;PRKDC,CINP,True,,True,1,1,0,1,1,present_all_core_rows_scored,False,0,0,0,0,0,not_in_published_table_design_unknown,False,False,False,True,True,False,True,False,False,P1/P2 are library-local labels; equality does not prove same genomic TSS or guide target,False
R1:9477,AQR_mis;PRKDC,AQR_mis,True,,False,0,0,0,0,0,not_in_published_table_design_unknown,False,0,0,0,0,0,not_in_published_table_design_unknown,False,False,False,False,False,False,True,False,False,P1/P2 are library-local labels; equality does not prove same genomic TSS or guide target,False
R1:9832,CDK2;PRKDC,CDK2,True,,True,1,1,0,1,1,present_all_core_rows_scored,True,1,1,0,1,1,present_all_core_rows_scored,True,True,True,True,True,True,True,False,True,P1/P2 are library-local labels; equality does not prove same genomic TSS or guide target,True
R1:10042,PRKDC;RBX1_mis,RBX1_mis,True,,False,0,0,0,0,0,not_in_published_table_design_unknown,False,0,0,0,0,0,not_in_published_table_design_unknown,False,False,False,False,False,False,True,False,False,P1/P2 are library-local labels; equality does not prove same genomic TSS or guide target,False
R1:10712,PRKDC;SHFM1_mis,SHFM1_mis,True,,False,0,0,0,0,0,not_in_published_table_design_unknown,False,0,0,0,0,0,not_in_published_table_design_unknown,False,False,False,False,False,False,True,False,False,P1/P2 are library-local labels; equality does not prove same genomic TSS or guide target,False
R1:10713,POLR2E_mis;PRKDC,POLR2E_mis,True,,False,0,0,0,0,0,not_in_published_table_design_unknown,False,0,0,0,0,0,not_in_published_table_design_unknown,False,False,False,False,False,False,True,False,False,P1/P2 are library-local labels; equality does not prove same genomic TSS or guide target,False
R1:10770,ING3;PRKDC,ING3,True,,True,1,1,0,1,1,present_all_core_rows_scored,True,1,1,0,1,1,present_all_core_rows_scored,True,True,True,True,True,True,True,False,True,P1/P2 are library-local labels; equality does not prove same genomic TSS or guide target,True
R1:10804,HELB;PRKDC,HELB,True,,True,1,1,0,1,1,present_all_core_rows_scored,True,1,1,0,1,1,present_all_core_rows_scored,True,True,True,True,True,True,True,False,True,P1/P2 are library-local labels; equality does not prove same genomic TSS or guide target,True
R1:10839,PRKDC;SETD2,SETD2,True,,True,1,1,0,1,1,present_all_core_rows_scored,True,1,1,0,1,1,present_all_core_rows_scored,True,True,True,True,True,True,True,False,True,P1/P2 are library-local labels; equality does not prove same genomic TSS or guide target,True
R1:10879,ATRX_mis;PRKDC,ATRX_mis,True,,False,0,0,0,0,0,not_in_published_table_design_unknown,False,0,0,0,0,0,not_in_published_table_design_unknown,False,False,False,False,False,False,True,False,False,P1/P2 are library-local labels; equality does not prove same genomic TSS or guide target,False
R1:10950,FGF10;PRKDC,FGF10,True,,True,1,1,0,1,1,present_all_core_rows_scored,True,1,1,0,1,1,present_all_core_rows_scored,True,True,True,True,True,True,True,False,True,P1/P2 are library-local labels; equality does not prove same genomic TSS or guide target,True
R1:11241,MUM1;PRKDC,MUM1,True,,True,1,1,0,1,1,present_all_core_rows_scored,True,1,1,0,1,1,present_all_core_rows_scored,True,True,True,True,True,True,True,False,True,P1/P2 are library-local labels; equality does not prove same genomic TSS or guide target,True
R1:11264,ASCC3;PRKDC,ASCC3,True,,True,1,1,0,1,1,present_all_core_rows_scored,True,1,1,0,1,1,present_all_core_rows_scored,True,True,True,True,True,True,True,False,True,P1/P2 are library-local labels; equality does not prove same genomic TSS or guide target,True
R1:11852,MCM6_mis;PRKDC,MCM6_mis,True,,False,0,0,0,0,0,not_in_published_table_design_unknown,False,0,0,0,0,0,not_in_published_table_design_unknown,False,False,False,False,False,False,True,False,False,P1/P2 are library-local labels; equality does not prove same genomic TSS or guide target,False
R1:11859,PRKDC;UBE2B,UBE2B,True,,True,1,1,0,1,1,present_all_core_rows_scored,True,1,1,0,1,1,present_all_core_rows_scored,True,True,True,True,True,True,True,False,True,P1/P2 are library-local labels; equality does not prove same genomic TSS or guide target,True
R1:11927,PRKDC;RMI2,RMI2,True,,True,1,1,0,1,1,present_all_core_rows_scored,True,1,1,0,1,1,present_all_core_rows_scored,True,True,True,True,True,True,True,False,True,P1/P2 are library-local labels; equality does not prove same genomic TSS or guide target,True
R1:12240,PRKDC;ZNF365,ZNF365,True,,True,1,1,0,1,1,present_all_core_rows_scored,True,1,1,0,1,1,present_all_core_rows_scored,True,True,True,True,True,True,True,False,True,P1/P2 are library-local labels; equality does not prove same genomic TSS or guide target,True
R1:12408,ERCC3_mis;PRKDC,ERCC3_mis,True,,False,0,0,0,0,0,not_in_published_table_design_unknown,False,0,0,0,0,0,not_in_published_table_design_unknown,False,False,False,False,False,False,True,False,False,P1/P2 are library-local labels; equality does not prove same genomic TSS or guide target,False
R1:12793,CDC14B;PRKDC,CDC14B,True,,True,1,1,0,1,1,present_all_core_rows_scored,True,1,1,0,1,1,present_all_core_rows_scored,True,True,True,True,True,True,True,False,True,P1/P2 are library-local labels; equality does not prove same genomic TSS or guide target,True
R1:12927,EPC1;PRKDC,EPC1,True,,True,1,1,0,1,1,present_all_core_rows_scored,True,1,1,0,1,1,present_all_core_rows_scored,True,True,True,True,True,True,True,False,True,P1/P2 are library-local labels; equality does not prove same genomic TSS or guide target,True
R1:13644,FANCM;PRKDC,FANCM,True,,True,1,1,0,1,1,present_all_core_rows_scored,True,1,1,0,1,1,present_all_core_rows_scored,True,True,True,True,True,True,True,False,True,P1/P2 are library-local labels; equality does not prove same genomic TSS or guide target,True
R1:13721,FOXM1;PRKDC,FOXM1,True,,True,1,1,0,1,1,present_all_core_rows_scored,True,1,1,0,1,1,present_all_core_rows_scored,True,True,True,True,True,True,True,False,True,P1/P2 are library-local labels; equality does not prove same genomic TSS or guide target,True
R1:13770,FANCD2;PRKDC,FANCD2,True,,True,1,1,0,1,1,present_all_core_rows_scored,True,1,1,0,1,1,present_all_core_rows_scored,True,True,True,True,True,True,True,False,True,P1/P2 are library-local labels; equality does not prove same genomic TSS or guide target,True
R1:14114,PRKDC;TRIP12,TRIP12,True,,True,1,1,0,1,1,present_all_core_rows_scored,True,1,1,0,1,1,present_all_core_rows_scored,True,True,True,True,True,True,True,False,True,P1/P2 are library-local labels; equality does not prove same genomic TSS or guide target,True
R1:14678,EP400;PRKDC,EP400,True,,True,1,1,0,1,1,present_all_core_rows_scored,False,0,0,0,0,0,not_in_published_table_design_unknown,False,False,False,True,True,False,True,False,False,P1/P2 are library-local labels; equality does not prove same genomic TSS or guide target,False
R1:14908,PRKDC;XAB2_mis,XAB2_mis,True,,False,0,0,0,0,0,not_in_published_table_design_unknown,False,0,0,0,0,0,not_in_published_table_design_unknown,False,False,False,False,False,False,True,False,False,P1/P2 are library-local labels; equality does not prove same genomic TSS or guide target,False
R1:14957,PRKDC;RAD51D,RAD51D,True,,True,1,1,0,1,1,present_all_core_rows_scored,True,1,1,0,1,1,present_all_core_rows_scored,True,True,True,True,True,True,True,False,True,P1/P2 are library-local labels; equality does not prove same genomic TSS or guide target,True
R1:14960,BRD8;PRKDC,BRD8,True,,True,1,1,0,1,1,present_all_core_rows_scored,True,1,1,0,1,1,present_all_core_rows_scored,True,True,True,True,True,True,True,False,True,P1/P2 are library-local labels; equality does not prove same genomic TSS or guide target,True
R1:15028,ASCC2;PRKDC,ASCC2,True,,True,1,1,0,1,1,present_all_core_rows_scored,True,1,1,0,1,1,present_all_core_rows_scored,True,True,True,True,True,True,True,False,True,P1/P2 are library-local labels; equality does not prove same genomic TSS or guide target,True
R1:15181,CDK1_mis;PRKDC,CDK1_mis,True,,False,0,0,0,0,0,not_in_published_table_design_unknown,False,0,0,0,0,0,not_in_published_table_design_unknown,False,False,False,False,False,False,True,False,False,P1/P2 are library-local labels; equality does not prove same genomic TSS or guide target,False
R1:15283,CHRNA4;PRKDC,CHRNA4,True,,True,1,1,0,1,1,present_all_core_rows_scored,True,1,1,0,1,1,present_all_core_rows_scored,True,True,True,True,True,True,True,False,True,P1/P2 are library-local labels; equality does not prove same genomic TSS or guide target,True
R1:15663,ANKRD32;PRKDC,ANKRD32,True,,True,1,1,0,1,1,present_all_core_rows_scored,True,1,1,0,1,1,present_all_core_rows_scored,True,True,True,True,True,True,True,False,True,P1/P2 are library-local labels; equality does not prove same genomic TSS or guide target,True
R1:15936,HUS1B;PRKDC,HUS1B,True,,True,1,1,0,1,1,present_all_core_rows_scored,True,1,1,0,1,1,present_all_core_rows_scored,True,True,True,True,True,True,True,False,True,P1/P2 are library-local labels; equality does not prove same genomic TSS or guide target,True
R1:16032,PRKDC;XRCC6BP1,XRCC6BP1,True,,True,1,1,0,1,1,present_all_core_rows_scored,True,1,1,0,1,1,present_all_core_rows_scored,True,True,True,True,True,True,True,False,True,P1/P2 are library-local labels; equality does not prove same genomic TSS or guide target,True
R1:16219,NBN;PRKDC,NBN,True,,True,1,1,0,1,1,present_all_core_rows_scored,True,1,0,1,0,0,present_no_finite_core_score,True,False,False,True,True,False,True,False,False,P1/P2 are library-local labels; equality does not prove same genomic TSS or guide target,False
R1:16286,BOD1L1;PRKDC,BOD1L1,True,,True,1,1,0,1,1,present_all_core_rows_scored,True,2,2,0,2,2,present_all_core_rows_scored,True,True,True,True,False,True,True,True,True,P1/P2 are library-local labels; equality does not prove same genomic TSS or guide target,False
R1:16489,MMS19;PRKDC,MMS19,True,,True,1,1,0,1,1,present_all_core_rows_scored,True,1,0,1,0,0,present_no_finite_core_score,True,False,False,True,True,False,True,False,False,P1/P2 are library-local labels; equality does not prove same genomic TSS or guide target,False
R1:16702,HUWE1;PRKDC,HUWE1,True,,True,1,1,0,1,1,present_all_core_rows_scored,True,1,1,0,1,1,present_all_core_rows_scored,True,True,True,True,True,True,True,False,True,P1/P2 are library-local labels; equality does not prove same genomic TSS or guide target,True
R1:17051,ACTR8_mis;PRKDC,ACTR8_mis,True,,False,0,0,0,0,0,not_in_published_table_design_unknown,False,0,0,0,0,0,not_in_published_table_design_unknown,False,False,False,False,False,False,True,False,False,P1/P2 are library-local labels; equality does not prove same genomic TSS or guide target,False
R1:17124,MUTYH;PRKDC,MUTYH,True,,True,1,1,0,1,1,present_all_core_rows_scored,True,1,1,0,1,1,present_all_core_rows_scored,True,True,True,True,True,True,True,False,True,P1/P2 are library-local labels; equality does not prove same genomic TSS or guide target,True
R1:17250,OBFC1;PRKDC,OBFC1,True,,True,1,1,0,1,1,present_all_core_rows_scored,True,1,1,0,1,1,present_all_core_rows_scored,True,True,True,True,True,True,True,False,True,P1/P2 are library-local labels; equality does not prove same genomic TSS or guide target,True
R1:17345,GTF2H3;PRKDC,GTF2H3,True,,True,1,1,0,1,1,present_all_core_rows_scored,True,1,1,0,1,1,present_all_core_rows_scored,True,True,True,True,True,True,True,False,True,P1/P2 are library-local labels; equality does not prove same genomic TSS or guide target,True
R1:17559,KDM2A;PRKDC,KDM2A,True,,True,1,1,0,1,1,present_all_core_rows_scored,True,1,1,0,1,1,present_all_core_rows_scored,True,True,True,True,True,True,True,False,True,P1/P2 are library-local labels; equality does not prove same genomic TSS or guide target,True
R1:17711,PRKDC;REV1,REV1,True,,True,1,1,0,1,1,present_all_core_rows_scored,True,1,1,0,1,1,present_all_core_rows_scored,True,True,True,True,True,True,True,False,True,P1/P2 are library-local labels; equality does not prove same genomic TSS or guide target,True
R1:17779,ESCO2;PRKDC,ESCO2,True,,True,1,1,0,1,1,present_all_core_rows_scored,False,0,0,0,0,0,not_in_published_table_design_unknown,False,False,False,True,True,False,True,False,False,P1/P2 are library-local labels; equality does not prove same genomic TSS or guide target,False
R1:17812,PRKDC;PSME4,PSME4,True,,True,1,1,0,1,1,present_all_core_rows_scored,True,1,1,0,1,1,present_all_core_rows_scored,True,True,True,True,True,True,True,False,True,P1/P2 are library-local labels; equality does not prove same genomic TSS or guide target,True
R1:17844,FTO;PRKDC,FTO,True,,True,1,1,0,1,1,present_all_core_rows_scored,True,1,1,0,1,1,present_all_core_rows_scored,True,True,True,True,True,True,True,False,True,P1/P2 are library-local labels; equality does not prove same genomic TSS or guide target,True
R1:18202,PIF1;PRKDC,PIF1,True,,True,1,1,0,1,1,present_all_core_rows_scored,True,2,2,0,2,2,present_all_core_rows_scored,True,True,True,True,True,True,True,True,True,P1/P2 are library-local labels; equality does not prove same genomic TSS or guide target,True
R1:18292,HSF1;PRKDC,HSF1,True,,True,1,1,0,1,1,present_all_core_rows_scored,True,1,1,0,1,1,present_all_core_rows_scored,True,True,True,True,True,True,True,False,True,P1/P2 are library-local labels; equality does not prove same genomic TSS or guide target,True
R1:18321,PRKDC;SLX1A,SLX1A,True,,True,1,1,0,1,1,present_all_core_rows_scored,True,1,1,0,1,1,present_all_core_rows_scored,True,True,True,True,True,True,True,False,True,P1/P2 are library-local labels; equality does not prove same genomic TSS or guide target,True
R1:18379,PRKDC;UFD1L,UFD1L,True,,True,1,1,0,1,1,present_all_core_rows_scored,False,0,0,0,0,0,not_in_published_table_design_unknown,False,False,False,True,True,False,True,False,False,P1/P2 are library-local labels; equality does not prove same genomic TSS or guide target,False
R1:18460,PRKDC;RAD1,RAD1,True,,True,1,1,0,1,1,present_all_core_rows_scored,True,1,1,0,1,1,present_all_core_rows_scored,True,True,True,True,True,True,True,False,True,P1/P2 are library-local labels; equality does not prove same genomic TSS or guide target,True
R1:18706,PRKDC;RBBP8,RBBP8,True,,True,1,1,0,1,1,present_all_core_rows_scored,False,0,0,0,0,0,not_in_published_table_design_unknown,False,False,False,True,True,False,True,False,False,P1/P2 are library-local labels; equality does not prove same genomic TSS or guide target,False
R1:18840,PRKDC;SUMO1,SUMO1,True,,True,1,1,0,1,1,present_all_core_rows_scored,True,1,1,0,1,1,present_all_core_rows_scored,True,True,True,True,True,True,True,False,True,P1/P2 are library-local labels; equality does not prove same genomic TSS or guide target,True
R1:19213,KIF22;PRKDC,KIF22,True,,True,1,1,0,1,1,present_all_core_rows_scored,True,2,2,0,2,2,present_all_core_rows_scored,True,True,True,True,False,True,True,True,True,P1/P2 are library-local labels; equality does not prove same genomic TSS or guide target,False
R1:19379,CHEK2;PRKDC,CHEK2,True,,True,1,1,0,1,1,present_all_core_rows_scored,True,1,0,1,0,0,present_no_finite_core_score,True,False,False,True,True,False,True,False,False,P1/P2 are library-local labels; equality does not prove same genomic TSS or guide target,False
R1:19586,PRKDC;RNF113A_mis,RNF113A_mis,True,,False,0,0,0,0,0,not_in_published_table_design_unknown,False,0,0,0,0,0,not_in_published_table_design_unknown,False,False,False,False,False,False,True,False,False,P1/P2 are library-local labels; equality does not prove same genomic TSS or guide target,False
R1:19620,PRKDC;UNG,UNG,True,,True,1,1,0,1,1,present_all_core_rows_scored,True,1,1,0,1,1,present_all_core_rows_scored,True,True,True,True,True,True,True,False,True,P1/P2 are library-local labels; equality does not prove same genomic TSS or guide target,True
R1:19732,PRKDC;RECQL4_mis,RECQL4_mis,True,,False,0,0,0,0,0,not_in_published_table_design_unknown,False,0,0,0,0,0,not_in_published_table_design_unknown,False,False,False,False,False,False,True,False,False,P1/P2 are library-local labels; equality does not prove same genomic TSS or guide target,False
R1:19849,PRKDC;TOP3A,TOP3A,True,,True,1,1,0,1,1,present_all_core_rows_scored,True,1,1,0,1,1,present_all_core_rows_scored,True,True,True,True,True,True,True,False,True,P1/P2 are library-local labels; equality does not prove same genomic TSS or guide target,True
R1:19890,LIG3;PRKDC,LIG3,True,,True,1,1,0,1,1,present_all_core_rows_scored,True,1,1,0,1,1,present_all_core_rows_scored,True,True,True,True,True,True,True,False,True,P1/P2 are library-local labels; equality does not prove same genomic TSS or guide target,True
R1:19993,PRKDC;RAD17_mis,RAD17_mis,True,,False,0,0,0,0,0,not_in_published_table_design_unknown,False,0,0,0,0,0,not_in_published_table_design_unknown,False,False,False,False,False,False,True,False,False,P1/P2 are library-local labels; equality does not prove same genomic TSS or guide target,False
R1:20449,PRKDC;UPF1,UPF1,True,,True,1,1,0,1,1,present_all_core_rows_scored,False,0,0,0,0,0,not_in_published_table_design_unknown,False,False,False,True,True,False,True,False,False,P1/P2 are library-local labels; equality does not prove same genomic TSS or guide target,False
R1:20597,PRKDC;SMC6,SMC6,True,,True,1,1,0,1,1,present_all_core_rows_scored,False,0,0,0,0,0,not_in_published_table_design_unknown,False,False,False,True,True,False,True,False,False,P1/P2 are library-local labels; equality does not prove same genomic TSS or guide target,False
R1:20666,ERCC4;PRKDC,ERCC4,True,,True,1,1,0,1,1,present_all_core_rows_scored,True,2,2,0,2,2,present_all_core_rows_scored,True,True,True,True,False,True,True,True,True,P1/P2 are library-local labels; equality does not prove same genomic TSS or guide target,False
R1:20784,EID3;PRKDC,EID3,True,,True,1,1,0,1,1,present_all_core_rows_scored,True,1,1,0,1,1,present_all_core_rows_scored,True,True,True,True,True,True,True,False,True,P1/P2 are library-local labels; equality does not prove same genomic TSS or guide target,True
R1:21233,PRKDC;TERF2IP,TERF2IP,True,,True,1,1,0,1,1,present_all_core_rows_scored,True,1,1,0,1,1,present_all_core_rows_scored,True,True,True,True,True,True,True,False,True,P1/P2 are library-local labels; equality does not prove same genomic TSS or guide target,True
R1:21264,HELQ;PRKDC,HELQ,True,,True,1,1,0,1,1,present_all_core_rows_scored,True,1,1,0,1,1,present_all_core_rows_scored,True,True,True,True,True,True,True,False,True,P1/P2 are library-local labels; equality does not prove same genomic TSS or guide target,True
R1:21348,ERCC6;PRKDC,ERCC6,True,,True,1,1,0,1,1,present_all_core_rows_scored,True,1,1,0,1,1,present_all_core_rows_scored,True,True,True,True,True,True,True,False,True,P1/P2 are library-local labels; equality does not prove same genomic TSS or guide target,True
R1:21466,PRKDC;SMUG1,SMUG1,True,,True,1,1,0,1,1,present_all_core_rows_scored,True,1,1,0,1,1,present_all_core_rows_scored,True,True,True,True,True,True,True,False,True,P1/P2 are library-local labels; equality does not prove same genomic TSS or guide target,True
R1:21563,CLSPN;PRKDC,CLSPN,True,,True,1,1,0,1,1,present_all_core_rows_scored,False,0,0,0,0,0,not_in_published_table_design_unknown,False,False,False,True,True,False,True,False,False,P1/P2 are library-local labels; equality does not prove same genomic TSS or guide target,False
R1:21671,PRKDC;TDP2,TDP2,True,,True,1,1,0,1,1,present_all_core_rows_scored,True,1,1,0,1,1,present_all_core_rows_scored,True,True,True,True,True,True,True,False,True,P1/P2 are library-local labels; equality does not prove same genomic TSS or guide target,True
R1:21691,C19orf40;PRKDC,C19orf40,True,,True,1,1,0,1,1,present_all_core_rows_scored,True,1,1,0,1,1,present_all_core_rows_scored,True,True,True,True,True,True,True,False,True,P1/P2 are library-local labels; equality does not prove same genomic TSS or guide target,True
R1:21981,EPC2;PRKDC,EPC2,True,,True,1,1,0,1,1,present_all_core_rows_scored,True,1,1,0,1,1,present_all_core_rows_scored,True,True,True,True,True,True,True,False,True,P1/P2 are library-local labels; equality does not prove same genomic TSS or guide target,True
R1:22040,PRKDC;RAD50,RAD50,True,,True,1,1,0,1,1,present_all_core_rows_scored,True,1,1,0,1,1,present_all_core_rows_scored,True,True,True,True,True,True,True,False,True,P1/P2 are library-local labels; equality does not prove same genomic TSS or guide target,True
R1:22751,PRKDC;USP43,USP43,True,,True,1,1,0,1,1,present_all_core_rows_scored,True,1,1,0,1,1,present_all_core_rows_scored,True,True,True,True,True,True,True,False,True,P1/P2 are library-local labels; equality does not prove same genomic TSS or guide target,True
R1:22794,PRKDC;UCHL5,UCHL5,True,,True,1,1,0,1,1,present_all_core_rows_scored,True,1,1,0,1,1,present_all_core_rows_scored,True,True,True,True,True,True,True,False,True,P1/P2 are library-local labels; equality does not prove same genomic TSS or guide target,True
R1:23223,POLR2H_mis;PRKDC,POLR2H_mis,True,,False,0,0,0,0,0,not_in_published_table_design_unknown,False,0,0,0,0,0,not_in_published_table_design_unknown,False,False,False,False,False,False,True,False,False,P1/P2 are library-local labels; equality does not prove same genomic TSS or guide target,False
R1:23853,PRKDC;WRN,WRN,True,,True,1,1,0,1,1,present_all_core_rows_scored,True,1,1,0,1,1,present_all_core_rows_scored,True,True,True,True,True,True,True,False,True,P1/P2 are library-local labels; equality does not prove same genomic TSS or guide target,True
R1:23932,PRKDC;TIMELESS_mis,TIMELESS_mis,True,,False,0,0,0,0,0,not_in_published_table_design_unknown,False,0,0,0,0,0,not_in_published_table_design_unknown,False,False,False,False,False,False,True,False,False,P1/P2 are library-local labels; equality does not prove same genomic TSS or guide target,False
R1:23933,ASF1A;PRKDC,ASF1A,True,,True,1,1,0,1,1,present_all_core_rows_scored,True,1,1,0,1,1,present_all_core_rows_scored,True,True,True,True,True,True,True,False,True,P1/P2 are library-local labels; equality does not prove same genomic TSS or guide target,True
R1:23937,PRKDC;RNASEH2A,RNASEH2A,True,,True,1,1,0,1,1,present_all_core_rows_scored,True,1,1,0,1,1,present_all_core_rows_scored,True,True,True,True,True,True,True,False,True,P1/P2 are library-local labels; equality does not prove same genomic TSS or guide target,True
R1:24017,POLD1_mis;PRKDC,POLD1_mis,True,,False,0,0,0,0,0,not_in_published_table_design_unknown,False,0,0,0,0,0,not_in_published_table_design_unknown,False,False,False,False,False,False,True,False,False,P1/P2 are library-local labels; equality does not prove same genomic TSS or guide target,False
R1:24338,CETN2;PRKDC,CETN2,True,,True,1,1,0,1,0,present_all_core_rows_scored,True,2,2,0,2,2,present_all_core_rows_scored,True,True,True,True,False,True,True,True,True,P1/P2 are library-local labels; equality does not prove same genomic TSS or guide target,False
R1:24498,DCLRE1C;PRKDC,DCLRE1C,True,,True,1,1,0,1,1,present_all_core_rows_scored,True,1,1,0,1,1,present_all_core_rows_scored,True,True,True,True,True,True,True,False,True,P1/P2 are library-local labels; equality does not prove same genomic TSS or guide target,True
R1:24688,BRE;PRKDC,BRE,True,,True,1,1,0,1,1,present_all_core_rows_scored,True,1,1,0,1,1,present_all_core_rows_scored,True,True,True,True,True,True,True,False,True,P1/P2 are library-local labels; equality does not prove same genomic TSS or guide target,True
R1:24979,FANCA;PRKDC,FANCA,True,,True,1,1,0,1,1,present_all_core_rows_scored,True,1,1,0,1,1,present_all_core_rows_scored,True,True,True,True,True,True,True,False,True,P1/P2 are library-local labels; equality does not prove same genomic TSS or guide target,True
R1:25277,POLR2D_mis;PRKDC,POLR2D_mis,True,,False,0,0,0,0,0,not_in_published_table_design_unknown,False,0,0,0,0,0,not_in_published_table_design_unknown,False,False,False,False,False,False,True,False,False,P1/P2 are library-local labels; equality does not prove same genomic TSS or guide target,False
R1:25393,MNAT1;PRKDC,MNAT1,True,,True,1,1,0,1,1,present_all_core_rows_scored,False,0,0,0,0,0,not_in_published_table_design_unknown,False,False,False,True,True,False,True,False,False,P1/P2 are library-local labels; equality does not prove same genomic TSS or guide target,False
R1:25483,APEX1;PRKDC,APEX1,True,,True,1,1,0,1,1,present_all_core_rows_scored,True,1,1,0,1,1,present_all_core_rows_scored,True,True,True,True,True,True,True,False,True,P1/P2 are library-local labels; equality does not prove same genomic TSS or guide target,True
R1:25725,C14orf39;PRKDC,C14orf39,True,,True,1,1,0,1,1,present_all_core_rows_scored,True,1,1,0,1,1,present_all_core_rows_scored,True,True,True,True,True,True,True,False,True,P1/P2 are library-local labels; equality does not prove same genomic TSS or guide target,True
R1:25929,ACTL6A_mis;PRKDC,ACTL6A_mis,True,,False,0,0,0,0,0,not_in_published_table_design_unknown,False,0,0,0,0,0,not_in_published_table_design_unknown,False,False,False,False,False,False,True,False,False,P1/P2 are library-local labels; equality does not prove same genomic TSS or guide target,False
R1:26011,FANCB;PRKDC,FANCB,True,,True,1,1,0,1,1,present_all_core_rows_scored,True,1,1,0,1,1,present_all_core_rows_scored,True,True,True,True,True,True,True,False,True,P1/P2 are library-local labels; equality does not prove same genomic TSS or guide target,True
R1:26153,PRKDC;SMG1,SMG1,True,,True,1,1,0,1,1,present_all_core_rows_scored,True,1,1,0,1,1,present_all_core_rows_scored,True,True,True,True,True,True,True,False,True,P1/P2 are library-local labels; equality does not prove same genomic TSS or guide target,True
R1:26361,PRKDC;XPC,XPC,True,,True,1,1,0,1,1,present_all_core_rows_scored,True,2,1,1,1,1,present_partially_scored,True,True,True,True,False,True,True,True,False,P1/P2 are library-local labels; equality does not prove same genomic TSS or guide target,False
R1:26521,PRKDC;TAOK3,TAOK3,True,,True,1,1,0,1,0,present_all_core_rows_scored,True,2,2,0,2,2,present_all_core_rows_scored,True,True,True,True,False,True,True,True,True,P1/P2 are library-local labels; equality does not prove same genomic TSS or guide target,False
R1:26615,ALKBH5;PRKDC,ALKBH5,True,,True,1,1,0,1,1,present_all_core_rows_scored,True,1,1,0,1,1,present_all_core_rows_scored,True,True,True,True,True,True,True,False,True,P1/P2 are library-local labels; equality does not prove same genomic TSS or guide target,True
R1:26858,INO80_mis;PRKDC,INO80_mis,True,,False,0,0,0,0,0,not_in_published_table_design_unknown,False,0,0,0,0,0,not_in_published_table_design_unknown,False,False,False,False,False,False,True,False,False,P1/P2 are library-local labels; equality does not prove same genomic TSS or guide target,False
R1:26859,FBXO6;PRKDC,FBXO6,True,,True,1,1,0,1,1,present_all_core_rows_scored,True,1,1,0,1,1,present_all_core_rows_scored,True,True,True,True,True,True,True,False,True,P1/P2 are library-local labels; equality does not prove same genomic TSS or guide target,True
R1:26880,EME1;PRKDC,EME1,True,,True,1,1,0,1,1,present_all_core_rows_scored,True,1,1,0,1,1,present_all_core_rows_scored,True,True,True,True,True,True,True,False,True,P1/P2 are library-local labels; equality does not prove same genomic TSS or guide target,True
R1:27006,CHEK1_mis;PRKDC,CHEK1_mis,True,,False,0,0,0,0,0,not_in_published_table_design_unknown,False,0,0,0,0,0,not_in_published_table_design_unknown,False,False,False,False,False,False,True,False,False,P1/P2 are library-local labels; equality does not prove same genomic TSS or guide target,False
R1:27246,EEPD1;PRKDC,EEPD1,True,,True,1,1,0,1,1,present_all_core_rows_scored,True,1,1,0,1,1,present_all_core_rows_scored,True,True,True,True,True,True,True,False,True,P1/P2 are library-local labels; equality does not prove same genomic TSS or guide target,True
R1:27288,PRKDC;SIRT6,SIRT6,True,,True,1,1,0,1,1,present_all_core_rows_scored,True,1,1,0,1,1,present_all_core_rows_scored,True,True,True,True,True,True,True,False,True,P1/P2 are library-local labels; equality does not prove same genomic TSS or guide target,True
R1:27405,PAPD7;PRKDC,PAPD7,True,,True,1,1,0,1,1,present_all_core_rows_scored,True,1,1,0,1,1,present_all_core_rows_scored,True,True,True,True,True,True,True,False,True,P1/P2 are library-local labels; equality does not prove same genomic TSS or guide target,True
R1:27450,MBD4;PRKDC,MBD4,True,,True,1,1,0,1,1,present_all_core_rows_scored,True,1,1,0,1,1,present_all_core_rows_scored,True,True,True,True,True,True,True,False,True,P1/P2 are library-local labels; equality does not prove same genomic TSS or guide target,True
R1:27618,PPP4C;PRKDC,PPP4C,True,,True,1,1,0,1,1,present_all_core_rows_scored,True,1,1,0,1,1,present_all_core_rows_scored,True,True,True,True,True,True,True,False,True,P1/P2 are library-local labels; equality does not prove same genomic TSS or guide target,True
R1:27921,ERCC6L2;PRKDC,ERCC6L2,True,,True,1,1,0,1,1,present_all_core_rows_scored,True,1,1,0,1,1,present_all_core_rows_scored,True,True,True,True,True,True,True,False,True,P1/P2 are library-local labels; equality does not prove same genomic TSS or guide target,True
R1:28457,PRKDC;PRMT6,PRMT6,True,,True,1,1,0,1,1,present_all_core_rows_scored,True,1,1,0,1,1,present_all_core_rows_scored,True,True,True,True,True,True,True,False,True,P1/P2 are library-local labels; equality does not prove same genomic TSS or guide target,True
R1:28780,COPS5;PRKDC,COPS5,True,,True,1,1,0,1,1,present_all_core_rows_scored,True,1,0,1,0,0,present_no_finite_core_score,True,False,False,True,True,False,True,False,False,P1/P2 are library-local labels; equality does not prove same genomic TSS or guide target,False
R1:28804,OTUB1;PRKDC,OTUB1,True,,True,1,1,0,1,1,present_all_core_rows_scored,True,1,1,0,1,1,present_all_core_rows_scored,True,True,True,True,True,True,True,False,True,P1/P2 are library-local labels; equality does not prove same genomic TSS or guide target,True
R1:29300,KIN;PRKDC,KIN,True,,True,1,1,0,1,1,present_all_core_rows_scored,True,1,1,0,1,1,present_all_core_rows_scored,True,True,True,True,True,True,True,False,True,P1/P2 are library-local labels; equality does not prove same genomic TSS or guide target,True
R1:29313,PRKDC;SHPRH,SHPRH,True,,True,1,1,0,1,1,present_all_core_rows_scored,True,1,1,0,1,1,present_all_core_rows_scored,True,True,True,True,True,True,True,False,True,P1/P2 are library-local labels; equality does not prove same genomic TSS or guide target,True
R1:29528,COPS2;PRKDC,COPS2,True,,True,1,1,0,1,1,present_all_core_rows_scored,False,0,0,0,0,0,not_in_published_table_design_unknown,False,False,False,True,True,False,True,False,False,P1/P2 are library-local labels; equality does not prove same genomic TSS or guide target,False
R1:29572,HMGB2;PRKDC,HMGB2,True,,True,1,1,0,1,1,present_all_core_rows_scored,True,1,1,0,1,1,present_all_core_rows_scored,True,True,True,True,True,True,True,False,True,P1/P2 are library-local labels; equality does not prove same genomic TSS or guide target,True
R1:29972,PRKDC;RHNO1,RHNO1,True,,True,1,1,0,1,1,present_all_core_rows_scored,True,1,1,0,1,1,present_all_core_rows_scored,True,True,True,True,True,True,True,False,True,P1/P2 are library-local labels; equality does not prove same genomic TSS or guide target,True
R1:30024,MSH5;PRKDC,MSH5,True,,True,1,1,0,1,1,present_all_core_rows_scored,True,1,1,0,1,1,present_all_core_rows_scored,True,True,True,True,True,True,True,False,True,P1/P2 are library-local labels; equality does not prove same genomic TSS or guide target,True
R1:30583,ABL1;PRKDC,ABL1,True,,True,1,1,0,1,1,present_all_core_rows_scored,True,1,1,0,1,1,present_all_core_rows_scored,True,True,True,True,True,True,True,False,True,P1/P2 are library-local labels; equality does not prove same genomic TSS or guide target,True
R1:30985,PRKDC;XRCC2,XRCC2,True,,True,1,1,0,1,1,present_all_core_rows_scored,True,1,1,0,1,1,present_all_core_rows_scored,True,True,True,True,True,True,True,False,True,P1/P2 are library-local labels; equality does not prove same genomic TSS or guide target,True
R1:31035,LIG4;PRKDC,LIG4,True,,True,1,1,0,1,1,present_all_core_rows_scored,True,2,2,0,2,2,present_all_core_rows_scored,True,True,True,True,False,True,True,True,True,P1/P2 are library-local labels; equality does not prove same genomic TSS or guide target,False
R1:31452,PRKDC;STRA13,STRA13,True,,True,1,1,0,1,1,present_all_core_rows_scored,True,1,1,0,1,1,present_all_core_rows_scored,True,True,True,True,True,True,True,False,True,P1/P2 are library-local labels; equality does not prove same genomic TSS or guide target,True
R1:31852,C20orf196;PRKDC,C20orf196,True,,True,1,1,0,1,1,present_all_core_rows_scored,True,1,1,0,1,1,present_all_core_rows_scored,True,True,True,True,True,True,True,False,True,P1/P2 are library-local labels; equality does not prove same genomic TSS or guide target,True
R1:32323,EYA1;PRKDC,EYA1,True,,True,1,1,0,1,1,present_all_core_rows_scored,True,2,2,0,2,2,present_all_core_rows_scored,True,True,True,True,False,True,True,True,True,P1/P2 are library-local labels; equality does not prove same genomic TSS or guide target,False
R1:32382,PRKDC;SPATA22,SPATA22,True,,True,1,1,0,1,1,present_all_core_rows_scored,True,1,1,0,1,1,present_all_core_rows_scored,True,True,True,True,True,True,True,False,True,P1/P2 are library-local labels; equality does not prove same genomic TSS or guide target,True
R1:33071,FANCI_mis;PRKDC,FANCI_mis,True,,False,0,0,0,0,0,not_in_published_table_design_unknown,False,0,0,0,0,0,not_in_published_table_design_unknown,False,False,False,False,False,False,True,False,False,P1/P2 are library-local labels; equality does not prove same genomic TSS or guide target,False
R1:33219,ACTR2_mis;PRKDC,ACTR2_mis,True,,False,0,0,0,0,0,not_in_published_table_design_unknown,False,0,0,0,0,0,not_in_published_table_design_unknown,False,False,False,False,False,False,True,False,False,P1/P2 are library-local labels; equality does not prove same genomic TSS or guide target,False
R1:33243,POLG2;PRKDC,POLG2,True,,True,1,1,0,1,1,present_all_core_rows_scored,True,1,1,0,1,1,present_all_core_rows_scored,True,True,True,True,True,True,True,False,True,P1/P2 are library-local labels; equality does not prove same genomic TSS or guide target,True
R1:33251,APEX2;PRKDC,APEX2,True,,True,1,1,0,1,1,present_all_core_rows_scored,True,1,1,0,1,1,present_all_core_rows_scored,True,True,True,True,True,True,True,False,True,P1/P2 are library-local labels; equality does not prove same genomic TSS or guide target,True
R1:33306,PRKDC;SFR1,SFR1,True,,True,1,1,0,1,1,present_all_core_rows_scored,True,1,1,0,1,1,present_all_core_rows_scored,True,True,True,True,True,True,True,False,True,P1/P2 are library-local labels; equality does not prove same genomic TSS or guide target,True
R1:33706,NPM1;PRKDC,NPM1,True,,True,1,1,0,1,1,present_all_core_rows_scored,True,1,1,0,1,1,present_all_core_rows_scored,True,True,True,True,True,True,True,False,True,P1/P2 are library-local labels; equality does not prove same genomic TSS or guide target,True
R1:34085,MAD2L2;PRKDC,MAD2L2,True,,True,1,1,0,1,1,present_all_core_rows_scored,True,1,1,0,1,1,present_all_core_rows_scored,True,True,True,True,True,True,True,False,True,P1/P2 are library-local labels; equality does not prove same genomic TSS or guide target,True
R1:34371,C7orf49;PRKDC,C7orf49,True,,True,1,1,0,1,1,present_all_core_rows_scored,True,1,1,0,1,1,present_all_core_rows_scored,True,True,True,True,True,True,True,False,True,P1/P2 are library-local labels; equality does not prove same genomic TSS or guide target,True
R1:34521,PRKDC;TFIP11_mis,TFIP11_mis,True,,False,0,0,0,0,0,not_in_published_table_design_unknown,False,0,0,0,0,0,not_in_published_table_design_unknown,False,False,False,False,False,False,True,False,False,P1/P2 are library-local labels; equality does not prove same genomic TSS or guide target,False
R1:34921,PRKDC;REXO4,REXO4,True,,True,1,1,0,1,1,present_all_core_rows_scored,True,1,1,0,1,1,present_all_core_rows_scored,True,True,True,True,True,True,True,False,True,P1/P2 are library-local labels; equality does not prove same genomic TSS or guide target,True
R1:36087,DMAP1_mis;PRKDC,DMAP1_mis,True,,False,0,0,0,0,0,not_in_published_table_design_unknown,False,0,0,0,0,0,not_in_published_table_design_unknown,False,False,False,False,False,False,True,False,False,P1/P2 are library-local labels; equality does not prove same genomic TSS or guide target,False
R1:36206,PRKDC;SLX4,SLX4,True,,True,1,1,0,1,1,present_all_core_rows_scored,True,1,1,0,1,1,present_all_core_rows_scored,True,True,True,True,True,True,True,False,True,P1/P2 are library-local labels; equality does not prove same genomic TSS or guide target,True
R1:36469,PRKDC;SMC3,SMC3,True,,True,1,1,0,1,1,present_all_core_rows_scored,False,0,0,0,0,0,not_in_published_table_design_unknown,False,False,False,True,True,False,True,False,False,P1/P2 are library-local labels; equality does not prove same genomic TSS or guide target,False
R1:36528,PRKDC;STUB1,STUB1,True,,True,1,1,0,1,1,present_all_core_rows_scored,True,1,1,0,1,1,present_all_core_rows_scored,True,True,True,True,True,True,True,False,True,P1/P2 are library-local labels; equality does not prove same genomic TSS or guide target,True
R1:36638,BTG2;PRKDC,BTG2,True,,True,1,1,0,1,1,present_all_core_rows_scored,True,1,1,0,1,1,present_all_core_rows_scored,True,True,True,True,True,True,True,False,True,P1/P2 are library-local labels; equality does not prove same genomic TSS or guide target,True
R1:36643,PRKDC;UBA52_mis,UBA52_mis,True,,False,0,0,0,0,0,not_in_published_table_design_unknown,False,0,0,0,0,0,not_in_published_table_design_unknown,False,False,False,False,False,False,True,False,False,P1/P2 are library-local labels; equality does not prove same genomic TSS or guide target,False
R1:36773,CDK9;PRKDC,CDK9,True,,True,1,1,0,1,1,present_all_core_rows_scored,True,1,1,0,1,1,present_all_core_rows_scored,True,True,True,True,True,True,True,False,True,P1/P2 are library-local labels; equality does not prove same genomic TSS or guide target,True
R1:36918,HMGA1;PRKDC,HMGA1,True,,True,1,1,0,1,1,present_all_core_rows_scored,True,1,1,0,1,1,present_all_core_rows_scored,True,True,True,True,True,True,True,False,True,P1/P2 are library-local labels; equality does not prove same genomic TSS or guide target,True
R1:37364,CDC45;PRKDC,CDC45,True,,True,1,1,0,1,1,present_all_core_rows_scored,True,1,0,1,0,0,present_no_finite_core_score,True,False,False,True,True,False,True,False,False,P1/P2 are library-local labels; equality does not prove same genomic TSS or guide target,False
R1:37587,NABP2;PRKDC,NABP2,True,,True,1,1,0,1,1,present_all_core_rows_scored,True,2,2,0,2,2,present_all_core_rows_scored,True,True,True,True,False,True,True,True,True,P1/P2 are library-local labels; equality does not prove same genomic TSS or guide target,False
R1:37742,ADPRHL2;PRKDC,ADPRHL2,True,,True,1,1,0,1,1,present_all_core_rows_scored,True,1,1,0,1,1,present_all_core_rows_scored,True,True,True,True,True,True,True,False,True,P1/P2 are library-local labels; equality does not prove same genomic TSS or guide target,True
R1:37863,KDM1A;PRKDC,KDM1A,True,,True,1,1,0,1,1,present_all_core_rows_scored,True,1,1,0,1,1,present_all_core_rows_scored,True,True,True,True,True,True,True,False,True,P1/P2 are library-local labels; equality does not prove same genomic TSS or guide target,True
R1:37917,C5orf45;PRKDC,C5orf45,True,,True,1,1,0,1,1,present_all_core_rows_scored,True,1,1,0,1,1,present_all_core_rows_scored,True,True,True,True,True,True,True,False,True,P1/P2 are library-local labels; equality does not prove same genomic TSS or guide target,True
R1:38129,GLTSCR2_mis;PRKDC,GLTSCR2_mis,True,,False,0,0,0,0,0,not_in_published_table_design_unknown,False,0,0,0,0,0,not_in_published_table_design_unknown,False,False,False,False,False,False,True,False,False,P1/P2 are library-local labels; equality does not prove same genomic TSS or guide target,False
R1:38258,PALB2;PRKDC,PALB2,True,,True,1,1,0,1,1,present_all_core_rows_scored,False,0,0,0,0,0,not_in_published_table_design_unknown,False,False,False,True,True,False,True,False,False,P1/P2 are library-local labels; equality does not prove same genomic TSS or guide target,False
R1:38417,PRKDC;WHSC1,WHSC1,True,,True,1,1,0,1,1,present_all_core_rows_scored,True,1,1,0,1,1,present_all_core_rows_scored,True,True,True,True,True,True,True,False,True,P1/P2 are library-local labels; equality does not prove same genomic TSS or guide target,True
R1:38513,KIAA0430;PRKDC,KIAA0430,True,,True,1,1,0,1,1,present_all_core_rows_scored,True,1,1,0,1,1,present_all_core_rows_scored,True,True,True,True,True,True,True,False,True,P1/P2 are library-local labels; equality does not prove same genomic TSS or guide target,True
R1:38585,AP5Z1;PRKDC,AP5Z1,True,,True,1,1,0,1,1,present_all_core_rows_scored,True,1,1,0,1,1,present_all_core_rows_scored,True,True,True,True,True,True,True,False,True,P1/P2 are library-local labels; equality does not prove same genomic TSS or guide target,True
R1:39119,FAM178A;PRKDC,FAM178A,True,,True,1,1,0,1,1,present_all_core_rows_scored,True,1,1,0,1,1,present_all_core_rows_scored,True,True,True,True,True,True,True,False,True,P1/P2 are library-local labels; equality does not prove same genomic TSS or guide target,True
R1:39148,KAT5;PRKDC,KAT5,True,,True,1,1,0,1,1,present_all_core_rows_scored,True,1,1,0,1,1,present_all_core_rows_scored,True,True,True,True,True,True,True,False,True,P1/P2 are library-local labels; equality does not prove same genomic TSS or guide target,True
R1:39300,PRKDC;UVRAG,UVRAG,True,,True,1,1,0,1,1,present_all_core_rows_scored,True,1,1,0,1,1,present_all_core_rows_scored,True,True,True,True,True,True,True,False,True,P1/P2 are library-local labels; equality does not prove same genomic TSS or guide target,True
R1:39575,BIVM;PRKDC,BIVM,True,,True,1,1,0,1,0,present_all_core_rows_scored,True,2,2,0,2,2,present_all_core_rows_scored,True,True,True,True,False,True,True,True,True,P1/P2 are library-local labels; equality does not prove same genomic TSS or guide target,False
R1:39821,PRKDC;UBE2V1,UBE2V1,True,,True,1,1,0,1,1,present_all_core_rows_scored,True,1,1,0,1,1,present_all_core_rows_scored,True,True,True,True,True,True,True,False,True,P1/P2 are library-local labels; equality does not prove same genomic TSS or guide target,True
R1:39830,FAM35A;PRKDC,FAM35A,True,,True,1,1,0,1,1,present_all_core_rows_scored,True,1,1,0,1,1,present_all_core_rows_scored,True,True,True,True,True,True,True,False,True,P1/P2 are library-local labels; equality does not prove same genomic TSS or guide target,True
R1:39835,PRKDC;UVSSA,UVSSA,True,,True,1,1,0,1,1,present_all_core_rows_scored,True,1,0,1,0,0,present_no_finite_core_score,True,False,False,True,True,False,True,False,False,P1/P2 are library-local labels; equality does not prove same genomic TSS or guide target,False
R1:40244,PRKDC;TRRAP,TRRAP,True,,True,1,1,0,1,1,present_all_core_rows_scored,True,1,1,0,1,1,present_all_core_rows_scored,True,True,True,True,True,True,True,False,True,P1/P2 are library-local labels; equality does not prove same genomic TSS or guide target,True
R1:40358,MCMDC2;PRKDC,MCMDC2,True,,True,1,1,0,1,1,present_all_core_rows_scored,True,1,1,0,1,1,present_all_core_rows_scored,True,True,True,True,True,True,True,False,True,P1/P2 are library-local labels; equality does not prove same genomic TSS or guide target,True
R1:40382,POLD2_mis;PRKDC,POLD2_mis,True,,False,0,0,0,0,0,not_in_published_table_design_unknown,False,0,0,0,0,0,not_in_published_table_design_unknown,False,False,False,False,False,False,True,False,False,P1/P2 are library-local labels; equality does not prove same genomic TSS or guide target,False
R1:41958,POLQ;PRKDC,POLQ,True,,True,1,1,0,1,1,present_all_core_rows_scored,True,1,1,0,1,1,present_all_core_rows_scored,True,True,True,True,True,True,True,False,True,P1/P2 are library-local labels; equality does not prove same genomic TSS or guide target,True
R1:42092,FIGNL1;PRKDC,FIGNL1,True,,True,1,1,0,1,1,present_all_core_rows_scored,True,1,1,0,1,1,present_all_core_rows_scored,True,True,True,True,True,True,True,False,True,P1/P2 are library-local labels; equality does not prove same genomic TSS or guide target,True
R1:42218,PRKDC;TDP1,TDP1,True,,True,1,1,0,1,1,present_all_core_rows_scored,True,1,1,0,1,1,present_all_core_rows_scored,True,True,True,True,True,True,True,False,True,P1/P2 are library-local labels; equality does not prove same genomic TSS or guide target,True
R1:42477,PRKDC;USP10,USP10,True,,True,1,1,0,1,1,present_all_core_rows_scored,True,1,1,0,1,1,present_all_core_rows_scored,True,True,True,True,True,True,True,False,True,P1/P2 are library-local labels; equality does not prove same genomic TSS or guide target,True
R1:42559,DCLRE1A;PRKDC,DCLRE1A,True,,True,1,1,0,1,1,present_all_core_rows_scored,True,1,1,0,1,1,present_all_core_rows_scored,True,True,True,True,True,True,True,False,True,P1/P2 are library-local labels; equality does not prove same genomic TSS or guide target,True
R1:42903,EYA4;PRKDC,EYA4,True,,True,1,1,0,1,1,present_all_core_rows_scored,True,1,1,0,1,1,present_all_core_rows_scored,True,True,True,True,True,True,True,False,True,P1/P2 are library-local labels; equality does not prove same genomic TSS or guide target,True
R1:43733,MCM5;PRKDC,MCM5,True,,True,1,1,0,1,1,present_all_core_rows_scored,False,0,0,0,0,0,not_in_published_table_design_unknown,False,False,False,True,True,False,True,False,False,P1/P2 are library-local labels; equality does not prove same genomic TSS or guide target,False
R1:43806,EYA2;PRKDC,EYA2,True,,True,1,1,0,1,1,present_all_core_rows_scored,True,1,1,0,1,1,present_all_core_rows_scored,True,True,True,True,True,True,True,False,True,P1/P2 are library-local labels; equality does not prove same genomic TSS or guide target,True
R1:43900,MORF4L2;PRKDC,MORF4L2,True,,True,1,1,0,1,1,present_all_core_rows_scored,True,2,2,0,2,2,present_all_core_rows_scored,True,True,True,True,True,True,True,True,True,P1/P2 are library-local labels; equality does not prove same genomic TSS or guide target,True
R1:44055,PRKDC;RNF138,RNF138,True,,True,1,1,0,1,1,present_all_core_rows_scored,True,1,1,0,1,1,present_all_core_rows_scored,True,True,True,True,True,True,True,False,True,P1/P2 are library-local labels; equality does not prove same genomic TSS or guide target,True
R1:44311,ASCC1;PRKDC,ASCC1,True,,True,1,1,0,1,1,present_all_core_rows_scored,True,1,1,0,1,1,present_all_core_rows_scored,True,True,True,True,True,True,True,False,True,P1/P2 are library-local labels; equality does not prove same genomic TSS or guide target,True
R1:44889,COPS3;PRKDC,COPS3,True,,True,1,1,0,1,1,present_all_core_rows_scored,False,0,0,0,0,0,not_in_published_table_design_unknown,False,False,False,True,True,False,True,False,False,P1/P2 are library-local labels; equality does not prove same genomic TSS or guide target,False
R1:45022,PPIE_mis;PRKDC,PPIE_mis,True,,False,0,0,0,0,0,not_in_published_table_design_unknown,False,0,0,0,0,0,not_in_published_table_design_unknown,False,False,False,False,False,False,True,False,False,P1/P2 are library-local labels; equality does not prove same genomic TSS or guide target,False
R1:45041,CUL4A;PRKDC,CUL4A,True,,True,1,1,0,1,1,present_all_core_rows_scored,True,1,1,0,1,1,present_all_core_rows_scored,True,True,True,True,True,True,True,False,True,P1/P2 are library-local labels; equality does not prove same genomic TSS or guide target,True
R1:45461,DDB1_mis;PRKDC,DDB1_mis,True,,False,0,0,0,0,0,not_in_published_table_design_unknown,False,0,0,0,0,0,not_in_published_table_design_unknown,False,False,False,False,False,False,True,False,False,P1/P2 are library-local labels; equality does not prove same genomic TSS or guide target,False
R1:45479,PRKDC;RIF1,RIF1,True,,True,1,1,0,1,1,present_all_core_rows_scored,True,1,1,0,1,1,present_all_core_rows_scored,True,True,True,True,True,True,True,False,True,P1/P2 are library-local labels; equality does not prove same genomic TSS or guide target,True
R1:45654,PRKDC;VPS72_mis,VPS72_mis,True,,False,0,0,0,0,0,not_in_published_table_design_unknown,False,0,0,0,0,0,not_in_published_table_design_unknown,False,False,False,False,False,False,True,False,False,P1/P2 are library-local labels; equality does not prove same genomic TSS or guide target,False
R1:45752,PRKDC;RNF111,RNF111,True,,True,1,1,0,1,1,present_all_core_rows_scored,True,1,1,0,1,1,present_all_core_rows_scored,True,True,True,True,True,True,True,False,True,P1/P2 are library-local labels; equality does not prove same genomic TSS or guide target,True
R1:46165,NDNL2;PRKDC,NDNL2,True,,True,1,1,0,1,1,present_all_core_rows_scored,True,1,1,0,1,1,present_all_core_rows_scored,True,True,True,True,True,True,True,False,True,P1/P2 are library-local labels; equality does not prove same genomic TSS or guide target,True
R1:46648,PRKDC;SMARCAD1,SMARCAD1,True,,True,1,1,0,1,1,present_all_core_rows_scored,True,1,1,0,1,1,present_all_core_rows_scored,True,True,True,True,True,True,True,False,True,P1/P2 are library-local labels; equality does not prove same genomic TSS or guide target,True
R1:46683,PRKDC;USP51,USP51,True,,True,1,1,0,1,1,present_all_core_rows_scored,True,1,1,0,1,1,present_all_core_rows_scored,True,True,True,True,True,True,True,False,True,P1/P2 are library-local labels; equality does not prove same genomic TSS or guide target,True
R1:46774,PRKDC;USP7,USP7,True,,True,1,1,0,1,1,present_all_core_rows_scored,True,1,1,0,1,1,present_all_core_rows_scored,True,True,True,True,True,True,True,False,True,P1/P2 are library-local labels; equality does not prove same genomic TSS or guide target,True
R1:46808,HMGB1;PRKDC,HMGB1,True,,True,1,1,0,1,0,present_all_core_rows_scored,True,2,2,0,2,2,present_all_core_rows_scored,True,True,True,True,False,True,True,True,True,P1/P2 are library-local labels; equality does not prove same genomic TSS or guide target,False
R1:46906,MDC1;PRKDC,MDC1,True,,True,1,1,0,1,1,present_all_core_rows_scored,True,1,1,0,1,1,present_all_core_rows_scored,True,True,True,True,True,True,True,False,True,P1/P2 are library-local labels; equality does not prove same genomic TSS or guide target,True
R1:47221,COPS6_mis;PRKDC,COPS6_mis,True,,False,0,0,0,0,0,not_in_published_table_design_unknown,False,0,0,0,0,0,not_in_published_table_design_unknown,False,False,False,False,False,False,True,False,False,P1/P2 are library-local labels; equality does not prove same genomic TSS or guide target,False
R1:47438,MEAF6;PRKDC,MEAF6,True,,True,1,1,0,1,1,present_all_core_rows_scored,True,1,1,0,1,1,present_all_core_rows_scored,True,True,True,True,True,True,True,False,True,P1/P2 are library-local labels; equality does not prove same genomic TSS or guide target,True
R1:48025,FAM168A;PRKDC,FAM168A,True,,True,1,1,0,1,1,present_all_core_rows_scored,True,1,1,0,1,1,present_all_core_rows_scored,True,True,True,True,True,True,True,False,True,P1/P2 are library-local labels; equality does not prove same genomic TSS or guide target,True
R1:48245,PMS1;PRKDC,PMS1,True,,True,1,1,0,1,1,present_all_core_rows_scored,True,1,1,0,1,1,present_all_core_rows_scored,True,True,True,True,True,True,True,False,True,P1/P2 are library-local labels; equality does not prove same genomic TSS or guide target,True
R1:48422,PRKDC;RAD21L1,RAD21L1,True,,True,1,1,0,1,1,present_all_core_rows_scored,True,1,1,0,1,1,present_all_core_rows_scored,True,True,True,True,True,True,True,False,True,P1/P2 are library-local labels; equality does not prove same genomic TSS or guide target,True
R1:48485,MEIOB;PRKDC,MEIOB,True,,True,1,1,0,1,1,present_all_core_rows_scored,True,1,1,0,1,1,present_all_core_rows_scored,True,True,True,True,True,True,True,False,True,P1/P2 are library-local labels; equality does not prove same genomic TSS or guide target,True
R1:48860,CDK7_mis;PRKDC,CDK7_mis,True,,False,0,0,0,0,0,not_in_published_table_design_unknown,False,0,0,0,0,0,not_in_published_table_design_unknown,False,False,False,False,False,False,True,False,False,P1/P2 are library-local labels; equality does not prove same genomic TSS or guide target,False
R1:48904,PARP9;PRKDC,PARP9,True,,True,1,1,0,1,1,present_all_core_rows_scored,True,1,1,0,1,1,present_all_core_rows_scored,True,True,True,True,True,True,True,False,True,P1/P2 are library-local labels; equality does not prove same genomic TSS or guide target,True
R1:48920,PRKDC;RAD51B,RAD51B,True,,True,1,1,0,1,1,present_all_core_rows_scored,True,1,1,0,1,1,present_all_core_rows_scored,True,True,True,True,True,True,True,False,True,P1/P2 are library-local labels; equality does not prove same genomic TSS or guide target,True
R1:49005,PRKDC;SLC30A9,SLC30A9,True,,True,1,1,0,1,1,present_all_core_rows_scored,True,1,1,0,1,1,present_all_core_rows_scored,True,True,True,True,True,True,True,False,True,P1/P2 are library-local labels; equality does not prove same genomic TSS or guide target,True
R1:49810,MSH6;PRKDC,MSH6,True,,True,1,1,0,1,1,present_all_core_rows_scored,True,1,1,0,1,1,present_all_core_rows_scored,True,True,True,True,True,True,True,False,True,P1/P2 are library-local labels; equality does not prove same genomic TSS or guide target,True
R1:50361,CHD1L;PRKDC,CHD1L,True,,True,1,1,0,1,1,present_all_core_rows_scored,True,1,1,0,1,1,present_all_core_rows_scored,True,True,True,True,True,True,True,False,True,P1/P2 are library-local labels; equality does not prove same genomic TSS or guide target,True
R1:50721,NSMCE2;PRKDC,NSMCE2,True,,True,1,1,0,1,1,present_all_core_rows_scored,True,1,1,0,1,1,present_all_core_rows_scored,True,True,True,True,True,True,True,False,True,P1/P2 are library-local labels; equality does not prove same genomic TSS or guide target,True
R1:51428,MGME1;PRKDC,MGME1,True,,True,1,1,0,1,1,present_all_core_rows_scored,True,1,1,0,1,1,present_all_core_rows_scored,True,True,True,True,True,True,True,False,True,P1/P2 are library-local labels; equality does not prove same genomic TSS or guide target,True
R1:51602,PRKDC;UBE2A,UBE2A,True,,True,1,1,0,1,1,present_all_core_rows_scored,True,1,1,0,1,1,present_all_core_rows_scored,True,True,True,True,True,True,True,False,True,P1/P2 are library-local labels; equality does not prove same genomic TSS or guide target,True
R1:52738,NHEJ1;PRKDC,NHEJ1,True,,True,1,1,0,1,1,present_all_core_rows_scored,True,1,1,0,1,1,present_all_core_rows_scored,True,True,True,True,True,True,True,False,True,P1/P2 are library-local labels; equality does not prove same genomic TSS or guide target,True
R1:52865,PRKDC;SMARCAL1,SMARCAL1,True,,True,1,1,0,1,1,present_all_core_rows_scored,True,1,1,0,1,1,present_all_core_rows_scored,True,True,True,True,True,True,True,False,True,P1/P2 are library-local labels; equality does not prove same genomic TSS or guide target,True
R1:53107,PRKDC;TP53BP1,TP53BP1,True,,True,1,1,0,1,1,present_all_core_rows_scored,True,2,2,0,2,2,present_all_core_rows_scored,True,True,True,True,False,True,True,True,True,P1/P2 are library-local labels; equality does not prove same genomic TSS or guide target,False
R1:53115,PRKDC;RPA1_mis,RPA1_mis,True,,False,0,0,0,0,0,not_in_published_table_design_unknown,False,0,0,0,0,0,not_in_published_table_design_unknown,False,False,False,False,False,False,True,False,False,P1/P2 are library-local labels; equality does not prove same genomic TSS or guide target,False
R1:53210,PRKDC;WDR33_mis,WDR33_mis,True,,False,0,0,0,0,0,not_in_published_table_design_unknown,False,0,0,0,0,0,not_in_published_table_design_unknown,False,False,False,False,False,False,True,False,False,P1/P2 are library-local labels; equality does not prove same genomic TSS or guide target,False
R1:53390,PRKDC;SPIDR,SPIDR,True,,True,1,1,0,1,1,present_all_core_rows_scored,True,1,1,0,1,1,present_all_core_rows_scored,True,True,True,True,True,True,True,False,True,P1/P2 are library-local labels; equality does not prove same genomic TSS or guide target,True
R1:53649,PRKDC;RAD23A,RAD23A,True,,True,1,1,0,1,1,present_all_core_rows_scored,True,1,1,0,1,1,present_all_core_rows_scored,True,True,True,True,True,True,True,False,True,P1/P2 are library-local labels; equality does not prove same genomic TSS or guide target,True
R1:53998,C11orf30;PRKDC,C11orf30,True,,True,1,1,0,1,1,present_all_core_rows_scored,True,1,1,0,1,1,present_all_core_rows_scored,True,True,True,True,True,True,True,False,True,P1/P2 are library-local labels; equality does not prove same genomic TSS or guide target,True
R1:54176,PRKDC;ZMPSTE24,ZMPSTE24,True,,True,1,1,0,1,1,present_all_core_rows_scored,True,1,1,0,1,1,present_all_core_rows_scored,True,True,True,True,True,True,True,False,True,P1/P2 are library-local labels; equality does not prove same genomic TSS or guide target,True
R1:54640,PRKDC;RRM1_mis,RRM1_mis,True,,False,0,0,0,0,0,not_in_published_table_design_unknown,False,0,0,0,0,0,not_in_published_table_design_unknown,False,False,False,False,False,False,True,False,False,P1/P2 are library-local labels; equality does not prove same genomic TSS or guide target,False
R1:54752,ISG15;PRKDC,ISG15,True,,True,1,1,0,1,1,present_all_core_rows_scored,True,1,1,0,1,1,present_all_core_rows_scored,True,True,True,True,True,True,True,False,True,P1/P2 are library-local labels; equality does not prove same genomic TSS or guide target,True
R1:55051,CUL4B;PRKDC,CUL4B,True,,True,1,1,0,1,1,present_all_core_rows_scored,True,1,1,0,1,1,present_all_core_rows_scored,True,True,True,True,True,True,True,False,True,P1/P2 are library-local labels; equality does not prove same genomic TSS or guide target,True
R1:55135,PRKDC;RPS3_mis,RPS3_mis,True,,False,0,0,0,0,0,not_in_published_table_design_unknown,False,0,0,0,0,0,not_in_published_table_design_unknown,False,False,False,False,False,False,True,False,False,P1/P2 are library-local labels; equality does not prove same genomic TSS or guide target,False
R1:55232,MCM8;PRKDC,MCM8,True,,True,1,1,0,1,1,present_all_core_rows_scored,True,1,1,0,1,1,present_all_core_rows_scored,True,True,True,True,True,True,True,False,True,P1/P2 are library-local labels; equality does not prove same genomic TSS or guide target,True
R1:55247,MUS81;PRKDC,MUS81,True,,True,1,1,0,1,1,present_all_core_rows_scored,True,1,1,0,1,1,present_all_core_rows_scored,True,True,True,True,True,True,True,False,True,P1/P2 are library-local labels; equality does not prove same genomic TSS or guide target,True
R1:55496,FANCL;PRKDC,FANCL,True,,True,1,1,0,1,1,present_all_core_rows_scored,True,1,1,0,1,1,present_all_core_rows_scored,True,True,True,True,True,True,True,False,True,P1/P2 are library-local labels; equality does not prove same genomic TSS or guide target,True
R1:55768,PRKDC;RPA4,RPA4,True,,True,1,1,0,1,1,present_all_core_rows_scored,True,1,1,0,1,1,present_all_core_rows_scored,True,True,True,True,True,True,True,False,True,P1/P2 are library-local labels; equality does not prove same genomic TSS or guide target,True
R1:55829,NEIL2;PRKDC,NEIL2,True,,True,1,1,0,1,1,present_all_core_rows_scored,True,1,1,0,1,1,present_all_core_rows_scored,True,True,True,True,True,True,True,False,True,P1/P2 are library-local labels; equality does not prove same genomic TSS or guide target,True
R1:56170,PRKDC;XRCC1,XRCC1,True,,True,1,1,0,1,1,present_all_core_rows_scored,True,1,1,0,1,1,present_all_core_rows_scored,True,True,True,True,True,True,True,False,True,P1/P2 are library-local labels; equality does not prove same genomic TSS or guide target,True
R1:56987,ALKBH1;PRKDC,ALKBH1,True,,True,1,1,0,1,1,present_all_core_rows_scored,True,1,1,0,1,1,present_all_core_rows_scored,True,True,True,True,True,True,True,False,True,P1/P2 are library-local labels; equality does not prove same genomic TSS or guide target,True
R1:57350,PRDM9;PRKDC,PRDM9,True,,True,1,1,0,1,1,present_all_core_rows_scored,True,1,1,0,1,1,present_all_core_rows_scored,True,True,True,True,True,True,True,False,True,P1/P2 are library-local labels; equality does not prove same genomic TSS or guide target,True
R1:57394,PRKCG;PRKDC,PRKCG,True,,True,1,1,0,1,1,present_all_core_rows_scored,True,1,1,0,1,1,present_all_core_rows_scored,True,True,True,True,True,True,True,False,True,P1/P2 are library-local labels; equality does not prove same genomic TSS or guide target,True
R1:57568,MLH3;PRKDC,MLH3,True,,True,1,1,0,1,1,present_all_core_rows_scored,True,1,1,0,1,1,present_all_core_rows_scored,True,True,True,True,True,True,True,False,True,P1/P2 are library-local labels; equality does not prove same genomic TSS or guide target,True
R1:57744,PARK7;PRKDC,PARK7,True,,True,1,1,0,1,1,present_all_core_rows_scored,False,0,0,0,0,0,not_in_published_table_design_unknown,False,False,False,True,True,False,True,False,False,P1/P2 are library-local labels; equality does not prove same genomic TSS or guide target,False
R1:58248,PAGR1;PRKDC,PAGR1,True,,True,1,1,0,1,1,present_all_core_rows_scored,True,1,1,0,1,1,present_all_core_rows_scored,True,True,True,True,True,True,True,False,True,P1/P2 are library-local labels; equality does not prove same genomic TSS or guide target,True
R1:58415,PARP1;PRKDC,PARP1,True,,True,1,1,0,1,1,present_all_core_rows_scored,True,1,1,0,1,1,present_all_core_rows_scored,True,True,True,True,True,True,True,False,True,P1/P2 are library-local labels; equality does not prove same genomic TSS or guide target,True
R1:58445,C17orf70;PRKDC,C17orf70,True,,True,1,1,0,1,1,present_all_core_rows_scored,True,1,1,0,1,1,present_all_core_rows_scored,True,True,True,True,True,True,True,False,True,P1/P2 are library-local labels; equality does not prove same genomic TSS or guide target,True
R1:58562,PRKDC;RECQL,RECQL,True,,True,1,1,0,1,1,present_all_core_rows_scored,True,1,1,0,1,1,present_all_core_rows_scored,True,True,True,True,True,True,True,False,True,P1/P2 are library-local labels; equality does not prove same genomic TSS or guide target,True
R1:58599,HIST4H4;PRKDC,HIST4H4,True,,True,1,1,0,1,1,present_all_core_rows_scored,True,1,1,0,1,1,present_all_core_rows_scored,True,True,True,True,True,True,True,False,True,P1/P2 are library-local labels; equality does not prove same genomic TSS or guide target,True
R1:60360,BRCA1_mis;PRKDC,BRCA1_mis,True,,False,0,0,0,0,0,not_in_published_table_design_unknown,False,0,0,0,0,0,not_in_published_table_design_unknown,False,False,False,False,False,False,True,False,False,P1/P2 are library-local labels; equality does not prove same genomic TSS or guide target,False
R1:61082,NUCKS1;PRKDC,NUCKS1,True,,True,1,1,0,1,1,present_all_core_rows_scored,True,1,1,0,1,1,present_all_core_rows_scored,True,True,True,True,True,True,True,False,True,P1/P2 are library-local labels; equality does not prove same genomic TSS or guide target,True
R1:61253,INO80C;PRKDC,INO80C,True,,True,1,1,0,1,1,present_all_core_rows_scored,True,1,1,0,1,1,present_all_core_rows_scored,True,True,True,True,True,True,True,False,True,P1/P2 are library-local labels; equality does not prove same genomic TSS or guide target,True
R1:61604,NTHL1;PRKDC,NTHL1,True,,True,1,1,0,1,1,present_all_core_rows_scored,True,1,1,0,1,1,present_all_core_rows_scored,True,True,True,True,True,True,True,False,True,P1/P2 are library-local labels; equality does not prove same genomic TSS or guide target,True
R1:61895,NIPBL;PRKDC,NIPBL,True,,True,1,1,0,1,1,present_all_core_rows_scored,True,1,1,0,1,1,present_all_core_rows_scored,True,True,True,True,True,True,True,False,True,P1/P2 are library-local labels; equality does not prove same genomic TSS or guide target,True
R1:61986,POLK;PRKDC,POLK,True,,True,1,1,0,1,1,present_all_core_rows_scored,True,1,1,0,1,1,present_all_core_rows_scored,True,True,True,True,True,True,True,False,True,P1/P2 are library-local labels; equality does not prove same genomic TSS or guide target,True
R1:62862,ATR;PRKDC,ATR,True,,True,1,1,0,1,1,present_all_core_rows_scored,False,0,0,0,0,0,not_in_published_table_design_unknown,False,False,False,True,True,False,True,False,False,P1/P2 are library-local labels; equality does not prove same genomic TSS or guide target,False
R1:63844,PPP5C;PRKDC,PPP5C,True,,True,1,1,0,1,1,present_all_core_rows_scored,True,1,1,0,1,1,present_all_core_rows_scored,True,True,True,True,True,True,True,False,True,P1/P2 are library-local labels; equality does not prove same genomic TSS or guide target,True
R1:64193,PRKDC;RNF169,RNF169,True,,True,1,1,0,1,1,present_all_core_rows_scored,True,1,1,0,1,1,present_all_core_rows_scored,True,True,True,True,True,True,True,False,True,P1/P2 are library-local labels; equality does not prove same genomic TSS or guide target,True
R1:64686,CCDC155;PRKDC,CCDC155,True,,True,1,1,0,1,1,present_all_core_rows_scored,True,1,1,0,1,1,present_all_core_rows_scored,True,True,True,True,True,True,True,False,True,P1/P2 are library-local labels; equality does not prove same genomic TSS or guide target,True
R1:64809,MCRS1;PRKDC,MCRS1,True,,True,1,1,0,1,1,present_all_core_rows_scored,True,1,1,0,1,1,present_all_core_rows_scored,True,True,True,True,True,True,True,False,True,P1/P2 are library-local labels; equality does not prove same genomic TSS or guide target,True
R1:64818,PRKDC;USP28,USP28,True,,True,1,1,0,1,1,present_all_core_rows_scored,True,1,1,0,1,1,present_all_core_rows_scored,True,True,True,True,True,True,True,False,True,P1/P2 are library-local labels; equality does not prove same genomic TSS or guide target,True
R1:64850,OGG1;PRKDC,OGG1,True,,True,1,1,0,1,1,present_all_core_rows_scored,True,1,1,0,1,1,present_all_core_rows_scored,True,True,True,True,True,True,True,False,True,P1/P2 are library-local labels; equality does not prove same genomic TSS or guide target,True
R1:65173,IGHMBP2;PRKDC,IGHMBP2,True,,True,1,1,0,1,1,present_all_core_rows_scored,True,1,1,0,1,1,present_all_core_rows_scored,True,True,True,True,True,True,True,False,True,P1/P2 are library-local labels; equality does not prove same genomic TSS or guide target,True
R1:65736,PAXIP1;PRKDC,PAXIP1,True,,True,1,1,0,1,1,present_all_core_rows_scored,True,1,1,0,1,1,present_all_core_rows_scored,True,True,True,True,True,True,True,False,True,P1/P2 are library-local labels; equality does not prove same genomic TSS or guide target,True
R1:65901,EME2;PRKDC,EME2,True,,True,1,1,0,1,1,present_all_core_rows_scored,True,1,1,0,1,1,present_all_core_rows_scored,True,True,True,True,True,True,True,False,True,P1/P2 are library-local labels; equality does not prove same genomic TSS or guide target,True
R1:66316,ETAA1;PRKDC,ETAA1,True,,True,1,1,0,1,1,present_all_core_rows_scored,True,1,1,0,1,1,present_all_core_rows_scored,True,True,True,True,True,True,True,False,True,P1/P2 are library-local labels; equality does not prove same genomic TSS or guide target,True
R1:66930,INO80B_mis;PRKDC,INO80B_mis,True,,False,0,0,0,0,0,not_in_published_table_design_unknown,False,0,0,0,0,0,not_in_published_table_design_unknown,False,False,False,False,False,False,True,False,False,P1/P2 are library-local labels; equality does not prove same genomic TSS or guide target,False
R1:67168,PRKDC;SUPT16H,SUPT16H,True,,True,1,1,0,1,1,present_all_core_rows_scored,False,0,0,0,0,0,not_in_published_table_design_unknown,False,False,False,True,True,False,True,False,False,P1/P2 are library-local labels; equality does not prove same genomic TSS or guide target,False
R1:67317,MRGBP;PRKDC,MRGBP,True,,True,1,1,0,1,1,present_all_core_rows_scored,True,1,1,0,1,1,present_all_core_rows_scored,True,True,True,True,True,True,True,False,True,P1/P2 are library-local labels; equality does not prove same genomic TSS or guide target,True
R1:68192,INO80D;PRKDC,INO80D,True,,True,1,1,0,1,1,present_all_core_rows_scored,True,1,1,0,1,1,present_all_core_rows_scored,True,True,True,True,True,True,True,False,True,P1/P2 are library-local labels; equality does not prove same genomic TSS or guide target,True
R1:68395,FANCE;PRKDC,FANCE,True,,True,1,1,0,1,1,present_all_core_rows_scored,True,1,1,0,1,1,present_all_core_rows_scored,True,True,True,True,True,True,True,False,True,P1/P2 are library-local labels; equality does not prove same genomic TSS or guide target,True
R1:68763,PARP10;PRKDC,PARP10,True,,True,1,1,0,1,1,present_all_core_rows_scored,True,1,1,0,1,1,present_all_core_rows_scored,True,True,True,True,True,True,True,False,True,P1/P2 are library-local labels; equality does not prove same genomic TSS or guide target,True
R1:69311,DDB2;PRKDC,DDB2,True,,True,1,1,0,1,1,present_all_core_rows_scored,True,1,1,0,1,1,present_all_core_rows_scored,True,True,True,True,True,True,True,False,True,P1/P2 are library-local labels; equality does not prove same genomic TSS or guide target,True
R1:69379,CIB1;PRKDC,CIB1,True,,True,1,1,0,1,1,present_all_core_rows_scored,True,1,1,0,1,1,present_all_core_rows_scored,True,True,True,True,True,True,True,False,True,P1/P2 are library-local labels; equality does not prove same genomic TSS or guide target,True
R1:69824,PRKDC;SPIRE1,SPIRE1,True,,True,1,1,0,1,1,present_all_core_rows_scored,True,1,1,0,1,1,present_all_core_rows_scored,True,True,True,True,True,True,True,False,True,P1/P2 are library-local labels; equality does not prove same genomic TSS or guide target,True
R1:69972,MPG;PRKDC,MPG,True,,True,1,1,0,1,1,present_all_core_rows_scored,True,1,1,0,1,1,present_all_core_rows_scored,True,True,True,True,True,True,True,False,True,P1/P2 are library-local labels; equality does not prove same genomic TSS or guide target,True
R1:69989,PRKDC;TCEA1,TCEA1,True,,True,1,1,0,1,1,present_all_core_rows_scored,True,1,1,0,1,1,present_all_core_rows_scored,True,True,True,True,True,True,True,False,True,P1/P2 are library-local labels; equality does not prove same genomic TSS or guide target,True
R1:70141,MGMT;PRKDC,MGMT,True,,True,1,1,0,1,1,present_all_core_rows_scored,True,1,1,0,1,1,present_all_core_rows_scored,True,True,True,True,True,True,True,False,True,P1/P2 are library-local labels; equality does not prove same genomic TSS or guide target,True
R1:71182,PARP3;PRKDC,PARP3,True,,True,1,1,0,1,1,present_all_core_rows_scored,True,1,0,1,0,0,present_no_finite_core_score,True,False,False,True,True,False,True,False,False,P1/P2 are library-local labels; equality does not prove same genomic TSS or guide target,False
R1:71765,ACTB;PRKDC,ACTB,True,,True,1,1,0,1,1,present_all_core_rows_scored,True,1,1,0,1,1,present_all_core_rows_scored,True,True,True,True,True,True,True,False,True,P1/P2 are library-local labels; equality does not prove same genomic TSS or guide target,True
R1:72398,AXIN2;PRKDC,AXIN2,True,,True,1,1,0,1,1,present_all_core_rows_scored,True,2,2,0,2,2,present_all_core_rows_scored,True,True,True,True,False,True,True,True,True,P1/P2 are library-local labels; equality does not prove same genomic TSS or guide target,False
R1:72484,PMS2;PRKDC,PMS2,True,,True,1,1,0,1,1,present_all_core_rows_scored,True,1,1,0,1,1,present_all_core_rows_scored,True,True,True,True,True,True,True,False,True,P1/P2 are library-local labels; equality does not prove same genomic TSS or guide target,True
R1:72554,C1orf86;PRKDC,C1orf86,True,,True,1,1,0,1,1,present_all_core_rows_scored,True,1,1,0,1,1,present_all_core_rows_scored,True,True,True,True,True,True,True,False,True,P1/P2 are library-local labels; equality does not prove same genomic TSS or guide target,True
R1:73391,NPAS2;PRKDC,NPAS2,True,,True,1,1,0,1,1,present_all_core_rows_scored,True,1,1,0,1,1,present_all_core_rows_scored,True,True,True,True,True,True,True,False,True,P1/P2 are library-local labels; equality does not prove same genomic TSS or guide target,True
R1:73532,PIAS4;PRKDC,PIAS4,True,,True,1,1,0,1,1,present_all_core_rows_scored,True,1,0,1,0,0,present_no_finite_core_score,True,False,False,True,True,False,True,False,False,P1/P2 are library-local labels; equality does not prove same genomic TSS or guide target,False
R1:74159,PRKDC;USP45,USP45,True,,True,1,1,0,1,1,present_all_core_rows_scored,True,1,1,0,1,1,present_all_core_rows_scored,True,True,True,True,True,True,True,False,True,P1/P2 are library-local labels; equality does not prove same genomic TSS or guide target,True
R1:74222,GGN;PRKDC,GGN,True,,True,1,1,0,1,1,present_all_core_rows_scored,True,1,1,0,1,1,present_all_core_rows_scored,True,True,True,True,True,True,True,False,True,P1/P2 are library-local labels; equality does not prove same genomic TSS or guide target,True
R1:74376,MCM9;PRKDC,MCM9,True,,True,1,1,0,1,1,present_all_core_rows_scored,True,1,1,0,1,1,present_all_core_rows_scored,True,True,True,True,True,True,True,False,True,P1/P2 are library-local labels; equality does not prove same genomic TSS or guide target,True
R1:74457,DTL;PRKDC,DTL,True,,True,1,1,0,1,1,present_all_core_rows_scored,False,0,0,0,0,0,not_in_published_table_design_unknown,False,False,False,True,True,False,True,False,False,P1/P2 are library-local labels; equality does not prove same genomic TSS or guide target,False
R1:74777,KIAA0101;PRKDC,KIAA0101,True,,True,1,1,0,1,1,present_all_core_rows_scored,True,1,1,0,1,1,present_all_core_rows_scored,True,True,True,True,True,True,True,False,True,P1/P2 are library-local labels; equality does not prove same genomic TSS or guide target,True
R1:74861,NEIL3;PRKDC,NEIL3,True,,True,1,1,0,1,1,present_all_core_rows_scored,True,1,1,0,1,1,present_all_core_rows_scored,True,True,True,True,True,True,True,False,True,P1/P2 are library-local labels; equality does not prove same genomic TSS or guide target,True
R1:74882,HMGA2;PRKDC,HMGA2,True,,True,1,1,0,1,1,present_all_core_rows_scored,True,1,1,0,1,1,present_all_core_rows_scored,True,True,True,True,True,True,True,False,True,P1/P2 are library-local labels; equality does not prove same genomic TSS or guide target,True
R1:74990,FUS;PRKDC,FUS,True,,True,1,1,0,1,1,present_all_core_rows_scored,True,1,1,0,1,1,present_all_core_rows_scored,True,True,True,True,True,True,True,False,True,P1/P2 are library-local labels; equality does not prove same genomic TSS or guide target,True
R1:75014,CDKN2D;PRKDC,CDKN2D,True,,True,1,1,0,1,1,present_all_core_rows_scored,True,1,1,0,1,1,present_all_core_rows_scored,True,True,True,True,True,True,True,False,True,P1/P2 are library-local labels; equality does not prove same genomic TSS or guide target,True
R1:75441,PRKDC;ZSWIM7,ZSWIM7,True,,True,1,1,0,1,1,present_all_core_rows_scored,True,1,1,0,1,1,present_all_core_rows_scored,True,True,True,True,True,True,True,False,True,P1/P2 are library-local labels; equality does not prove same genomic TSS or guide target,True
R1:75583,PRIMPOL;PRKDC,PRIMPOL,True,,True,1,1,0,1,1,present_all_core_rows_scored,True,1,1,0,1,1,present_all_core_rows_scored,True,True,True,True,True,True,True,False,True,P1/P2 are library-local labels; equality does not prove same genomic TSS or guide target,True
R1:77579,ALKBH2;PRKDC,ALKBH2,True,,True,1,1,0,1,1,present_all_core_rows_scored,True,1,1,0,1,1,present_all_core_rows_scored,True,True,True,True,True,True,True,False,True,P1/P2 are library-local labels; equality does not prove same genomic TSS or guide target,True
R1:77883,ALKBH3;PRKDC,ALKBH3,True,,True,1,1,0,1,1,present_all_core_rows_scored,True,1,1,0,1,1,present_all_core_rows_scored,True,True,True,True,True,True,True,False,True,P1/P2 are library-local labels; equality does not prove same genomic TSS or guide target,True
R1:78410,ANKLE1;PRKDC,ANKLE1,True,,True,1,1,0,1,1,present_all_core_rows_scored,True,1,1,0,1,1,present_all_core_rows_scored,True,True,True,True,True,True,True,False,True,P1/P2 are library-local labels; equality does not prove same genomic TSS or guide target,True
R1:78894,AP5S1;PRKDC,AP5S1,True,,True,1,1,0,1,1,present_all_core_rows_scored,True,1,1,0,1,1,present_all_core_rows_scored,True,True,True,True,True,True,True,False,True,P1/P2 are library-local labels; equality does not prove same genomic TSS or guide target,True
R1:79392,APBB1;PRKDC,APBB1,True,,True,1,1,0,1,1,present_all_core_rows_scored,True,1,1,0,1,1,present_all_core_rows_scored,True,True,True,True,True,True,True,False,True,P1/P2 are library-local labels; equality does not prove same genomic TSS or guide target,True
R1:80016,APITD1;PRKDC,APITD1,True,,True,1,1,0,1,1,present_all_core_rows_scored,True,1,1,0,1,1,present_all_core_rows_scored,True,True,True,True,True,True,True,False,True,P1/P2 are library-local labels; equality does not prove same genomic TSS or guide target,True
R1:80252,APLF;PRKDC,APLF,True,,True,1,1,0,1,1,present_all_core_rows_scored,True,1,1,0,1,1,present_all_core_rows_scored,True,True,True,True,True,True,True,False,True,P1/P2 are library-local labels; equality does not prove same genomic TSS or guide target,True
R1:80520,APTX;PRKDC,APTX,True,,True,1,1,0,1,0,present_all_core_rows_scored,True,2,2,0,2,2,present_all_core_rows_scored,True,True,True,True,False,True,True,True,True,P1/P2 are library-local labels; equality does not prove same genomic TSS or guide target,False
R1:81545,ASTE1;PRKDC,ASTE1,True,,True,1,1,0,1,1,present_all_core_rows_scored,True,1,1,0,1,1,present_all_core_rows_scored,True,True,True,True,True,True,True,False,True,P1/P2 are library-local labels; equality does not prove same genomic TSS or guide target,True
R1:82231,ATXN3;PRKDC,ATXN3,True,,True,1,1,0,1,1,present_all_core_rows_scored,True,1,1,0,1,1,present_all_core_rows_scored,True,True,True,True,True,True,True,False,True,P1/P2 are library-local labels; equality does not prove same genomic TSS or guide target,True
R1:82474,AUNIP;PRKDC,AUNIP,True,,True,1,1,0,1,1,present_all_core_rows_scored,True,1,1,0,1,1,present_all_core_rows_scored,True,True,True,True,True,True,True,False,True,P1/P2 are library-local labels; equality does not prove same genomic TSS or guide target,True
R1:82925,BABAM1;PRKDC,BABAM1,True,,True,1,1,0,1,1,present_all_core_rows_scored,True,1,1,0,1,1,present_all_core_rows_scored,True,True,True,True,True,True,True,False,True,P1/P2 are library-local labels; equality does not prove same genomic TSS or guide target,True
R1:83198,BACH1;PRKDC,BACH1,True,,True,1,1,0,1,1,present_all_core_rows_scored,True,1,1,0,1,1,present_all_core_rows_scored,True,True,True,True,True,True,True,False,True,P1/P2 are library-local labels; equality does not prove same genomic TSS or guide target,True
R1:83409,BARD1;PRKDC,BARD1,True,,True,1,1,0,1,1,present_all_core_rows_scored,True,1,1,0,1,1,present_all_core_rows_scored,True,True,True,True,True,True,True,False,True,P1/P2 are library-local labels; equality does not prove same genomic TSS or guide target,True
R1:83865,BIVM.ERCC5;PRKDC,BIVM.ERCC5,True,,False,0,0,0,0,0,not_in_published_table_design_unknown,False,0,0,0,0,0,not_in_published_table_design_unknown,False,False,False,False,False,False,True,False,False,P1/P2 are library-local labels; equality does not prove same genomic TSS or guide target,False
R1:84101,BLM;PRKDC,BLM,True,,True,1,1,0,1,1,present_all_core_rows_scored,True,1,1,0,1,1,present_all_core_rows_scored,True,True,True,True,True,True,True,False,True,P1/P2 are library-local labels; equality does not prove same genomic TSS or guide target,True
R1:84693,BRCC3;PRKDC,BRCC3,True,,True,1,1,0,1,1,present_all_core_rows_scored,True,1,1,0,1,1,present_all_core_rows_scored,True,True,True,True,True,True,True,False,True,P1/P2 are library-local labels; equality does not prove same genomic TSS or guide target,True
R1:85518,BRIP1;PRKDC,BRIP1,True,,True,1,1,0,1,1,present_all_core_rows_scored,True,1,1,0,1,1,present_all_core_rows_scored,True,True,True,True,True,True,True,False,True,P1/P2 are library-local labels; equality does not prove same genomic TSS or guide target,True
R1:86222,C12orf5;PRKDC,C12orf5,True,,True,1,1,0,1,1,present_all_core_rows_scored,True,1,1,0,1,1,present_all_core_rows_scored,True,True,True,True,True,True,True,False,True,P1/P2 are library-local labels; equality does not prove same genomic TSS or guide target,True
R1:86614,C17orf104;PRKDC,C17orf104,True,,True,1,1,0,1,1,present_all_core_rows_scored,True,1,1,0,1,1,present_all_core_rows_scored,True,True,True,True,True,True,True,False,True,P1/P2 are library-local labels; equality does not prove same genomic TSS or guide target,True
R1:88050,C9orf142;PRKDC,C9orf142,True,,True,1,1,0,1,1,present_all_core_rows_scored,True,1,1,0,1,1,present_all_core_rows_scored,True,True,True,True,True,True,True,False,True,P1/P2 are library-local labels; equality does not prove same genomic TSS or guide target,True
R1:88285,CBX8;PRKDC,CBX8,True,,True,1,1,0,1,1,present_all_core_rows_scored,True,1,1,0,1,1,present_all_core_rows_scored,True,True,True,True,True,True,True,False,True,P1/P2 are library-local labels; equality does not prove same genomic TSS or guide target,True
R1:89960,CEP164;PRKDC,CEP164,True,,True,1,1,0,1,1,present_all_core_rows_scored,True,1,1,0,1,1,present_all_core_rows_scored,True,True,True,True,True,True,True,False,True,P1/P2 are library-local labels; equality does not prove same genomic TSS or guide target,True
R1:90148,CETN1;PRKDC,CETN1,True,,True,1,1,0,1,1,present_all_core_rows_scored,True,1,1,0,1,1,present_all_core_rows_scored,True,True,True,True,True,True,True,False,True,P1/P2 are library-local labels; equality does not prove same genomic TSS or guide target,True
R1:91906,COPS4;PRKDC,COPS4,True,,True,1,1,0,1,1,present_all_core_rows_scored,False,0,0,0,0,0,not_in_published_table_design_unknown,False,False,False,True,True,False,True,False,False,P1/P2 are library-local labels; equality does not prove same genomic TSS or guide target,False
R1:92287,COPS7A;PRKDC,COPS7A,True,,True,1,1,0,1,1,present_all_core_rows_scored,True,1,1,0,1,1,present_all_core_rows_scored,True,True,True,True,True,True,True,False,True,P1/P2 are library-local labels; equality does not prove same genomic TSS or guide target,True
R1:92519,COPS7B;PRKDC,COPS7B,True,,True,1,1,0,1,0,present_all_core_rows_scored,True,2,2,0,2,2,present_all_core_rows_scored,True,True,True,True,False,True,True,True,True,P1/P2 are library-local labels; equality does not prove same genomic TSS or guide target,False
R1:92719,COPS8;PRKDC,COPS8,True,,True,1,1,0,1,1,present_all_core_rows_scored,True,1,1,0,1,1,present_all_core_rows_scored,True,True,True,True,True,True,True,False,True,P1/P2 are library-local labels; equality does not prove same genomic TSS or guide target,True
R1:92914,CSNK1E;PRKDC,CSNK1E,True,,True,1,1,0,1,1,present_all_core_rows_scored,True,1,1,0,1,1,present_all_core_rows_scored,True,True,True,True,True,True,True,False,True,P1/P2 are library-local labels; equality does not prove same genomic TSS or guide target,True
R1:93475,CXorf57;PRKDC,CXorf57,True,,True,1,1,0,1,1,present_all_core_rows_scored,True,1,1,0,1,1,present_all_core_rows_scored,True,True,True,True,True,True,True,False,True,P1/P2 are library-local labels; equality does not prove same genomic TSS or guide target,True
R1:94482,DDX11;PRKDC,DDX11,True,,True,1,1,0,1,1,present_all_core_rows_scored,True,1,1,0,1,1,present_all_core_rows_scored,True,True,True,True,True,True,True,False,True,P1/P2 are library-local labels; equality does not prove same genomic TSS or guide target,True
R1:94656,DEK;PRKDC,DEK,True,,True,1,1,0,1,1,present_all_core_rows_scored,True,1,1,0,1,1,present_all_core_rows_scored,True,True,True,True,True,True,True,False,True,P1/P2 are library-local labels; equality does not prove same genomic TSS or guide target,True
R1:95125,DMC1;PRKDC,DMC1,True,,True,1,1,0,1,1,present_all_core_rows_scored,True,1,1,0,1,1,present_all_core_rows_scored,True,True,True,True,True,True,True,False,True,P1/P2 are library-local labels; equality does not prove same genomic TSS or guide target,True
R1:95301,DNA2_mis;PRKDC,DNA2_mis,True,,False,0,0,0,0,0,not_in_published_table_design_unknown,False,0,0,0,0,0,not_in_published_table_design_unknown,False,False,False,False,False,False,True,False,False,P1/P2 are library-local labels; equality does not prove same genomic TSS or guide target,False
R1:95518,DNTT;PRKDC,DNTT,True,,True,1,1,0,1,1,present_all_core_rows_scored,True,1,1,0,1,1,present_all_core_rows_scored,True,True,True,True,True,True,True,False,True,P1/P2 are library-local labels; equality does not prove same genomic TSS or guide target,True
R1:95853,DTX3L;PRKDC,DTX3L,True,,True,1,1,0,1,1,present_all_core_rows_scored,True,1,1,0,1,1,present_all_core_rows_scored,True,True,True,True,True,True,True,False,True,P1/P2 are library-local labels; equality does not prove same genomic TSS or guide target,True
R1:96259,EGFR;PRKDC,EGFR,True,,True,1,1,0,1,1,present_all_core_rows_scored,True,1,1,0,1,1,present_all_core_rows_scored,True,True,True,True,True,True,True,False,True,P1/P2 are library-local labels; equality does not prove same genomic TSS or guide target,True
R1:96869,ENDOV;PRKDC,ENDOV,True,,True,1,1,0,1,1,present_all_core_rows_scored,True,1,1,0,1,1,present_all_core_rows_scored,True,True,True,True,True,True,True,False,True,P1/P2 are library-local labels; equality does not prove same genomic TSS or guide target,True
R1:97078,EP300;PRKDC,EP300,True,,True,1,1,0,1,1,present_all_core_rows_scored,True,1,1,0,1,1,present_all_core_rows_scored,True,True,True,True,True,True,True,False,True,P1/P2 are library-local labels; equality does not prove same genomic TSS or guide target,True
R1:97697,ERCC1;PRKDC,ERCC1,True,,True,1,1,0,1,1,present_all_core_rows_scored,True,1,1,0,1,1,present_all_core_rows_scored,True,True,True,True,True,True,True,False,True,P1/P2 are library-local labels; equality does not prove same genomic TSS or guide target,True
R1:98198,ERCC5;PRKDC,ERCC5,True,,True,1,1,0,1,1,present_all_core_rows_scored,True,1,1,0,1,1,present_all_core_rows_scored,True,True,True,True,True,True,True,False,True,P1/P2 are library-local labels; equality does not prove same genomic TSS or guide target,True
R1:98738,ERCC8;PRKDC,ERCC8,True,,True,1,1,0,1,1,present_all_core_rows_scored,True,1,1,0,1,1,present_all_core_rows_scored,True,True,True,True,True,True,True,False,True,P1/P2 are library-local labels; equality does not prove same genomic TSS or guide target,True
R1:99270,EXD2;PRKDC,EXD2,True,,True,1,1,0,1,1,present_all_core_rows_scored,True,1,1,0,1,1,present_all_core_rows_scored,True,True,True,True,True,True,True,False,True,P1/P2 are library-local labels; equality does not prove same genomic TSS or guide target,True
R1:99511,EXO1;PRKDC,EXO1,True,,True,1,1,0,1,1,present_all_core_rows_scored,True,1,1,0,1,1,present_all_core_rows_scored,True,True,True,True,True,True,True,False,True,P1/P2 are library-local labels; equality does not prove same genomic TSS or guide target,True
R1:99741,EXO5;PRKDC,EXO5,True,,True,1,1,0,1,1,present_all_core_rows_scored,True,1,1,0,1,1,present_all_core_rows_scored,True,True,True,True,True,True,True,False,True,P1/P2 are library-local labels; equality does not prove same genomic TSS or guide target,True
R1:100274,EYA3;PRKDC,EYA3,True,,True,1,1,0,1,1,present_all_core_rows_scored,True,1,1,0,1,1,present_all_core_rows_scored,True,True,True,True,True,True,True,False,True,P1/P2 are library-local labels; equality does not prove same genomic TSS or guide target,True
R1:100675,FAM175A;PRKDC,FAM175A,True,,True,1,1,0,1,1,present_all_core_rows_scored,True,1,1,0,1,1,present_all_core_rows_scored,True,True,True,True,True,True,True,False,True,P1/P2 are library-local labels; equality does not prove same genomic TSS or guide target,True
R1:101244,FAN1;PRKDC,FAN1,True,,True,1,1,0,1,1,present_all_core_rows_scored,True,1,1,0,1,1,present_all_core_rows_scored,True,True,True,True,True,True,True,False,True,P1/P2 are library-local labels; equality does not prove same genomic TSS or guide target,True
R1:101616,FANCC;PRKDC,FANCC,True,,True,1,1,0,1,1,present_all_core_rows_scored,True,1,1,0,1,1,present_all_core_rows_scored,True,True,True,True,True,True,True,False,True,P1/P2 are library-local labels; equality does not prove same genomic TSS or guide target,True
R1:102059,FANCG;PRKDC,FANCG,True,,True,1,1,0,1,1,present_all_core_rows_scored,True,1,1,0,1,1,present_all_core_rows_scored,True,True,True,True,True,True,True,False,True,P1/P2 are library-local labels; equality does not prove same genomic TSS or guide target,True
R1:102699,FBXO18;PRKDC,FBXO18,True,,True,1,1,0,1,1,present_all_core_rows_scored,True,1,1,0,1,1,present_all_core_rows_scored,True,True,True,True,True,True,True,False,True,P1/P2 are library-local labels; equality does not prove same genomic TSS or guide target,True
R1:103080,FEN1;PRKDC,FEN1,True,,True,1,1,0,1,1,present_all_core_rows_scored,True,1,0,1,0,0,present_no_finite_core_score,True,False,False,True,True,False,True,False,False,P1/P2 are library-local labels; equality does not prove same genomic TSS or guide target,False
R1:103420,FH;PRKDC,FH,True,,True,1,1,0,1,1,present_all_core_rows_scored,True,1,1,0,1,1,present_all_core_rows_scored,True,True,True,True,True,True,True,False,True,P1/P2 are library-local labels; equality does not prove same genomic TSS or guide target,True
R1:103590,FIGN;PRKDC,FIGN,True,,True,1,1,0,1,1,present_all_core_rows_scored,True,1,1,0,1,1,present_all_core_rows_scored,True,True,True,True,True,True,True,False,True,P1/P2 are library-local labels; equality does not prove same genomic TSS or guide target,True
R1:104051,FMN2;PRKDC,FMN2,True,,True,1,1,0,1,1,present_all_core_rows_scored,True,1,1,0,1,1,present_all_core_rows_scored,True,True,True,True,True,True,True,False,True,P1/P2 are library-local labels; equality does not prove same genomic TSS or guide target,True
R1:104769,GADD45A;PRKDC,GADD45A,True,,True,1,1,0,1,1,present_all_core_rows_scored,True,1,1,0,1,1,present_all_core_rows_scored,True,True,True,True,True,True,True,False,True,P1/P2 are library-local labels; equality does not prove same genomic TSS or guide target,True
R1:104984,GEN1;PRKDC,GEN1,True,,True,1,1,0,1,1,present_all_core_rows_scored,True,1,1,0,1,1,present_all_core_rows_scored,True,True,True,True,True,True,True,False,True,P1/P2 are library-local labels; equality does not prove same genomic TSS or guide target,True
R1:105754,GPS1;PRKDC,GPS1,True,,True,1,1,0,1,1,present_all_core_rows_scored,True,1,1,0,1,1,present_all_core_rows_scored,True,True,True,True,True,True,True,False,True,P1/P2 are library-local labels; equality does not prove same genomic TSS or guide target,True
R1:105889,GTF2H2C_mis;PRKDC,GTF2H2C_mis,True,,False,0,0,0,0,0,not_in_published_table_design_unknown,False,0,0,0,0,0,not_in_published_table_design_unknown,False,False,False,False,False,False,True,False,False,P1/P2 are library-local labels; equality does not prove same genomic TSS or guide target,False
R1:106213,H2AFX;PRKDC,H2AFX,True,,True,1,1,0,1,1,present_all_core_rows_scored,True,1,1,0,1,1,present_all_core_rows_scored,True,True,True,True,True,True,True,False,True,P1/P2 are library-local labels; equality does not prove same genomic TSS or guide target,True
R1:106378,HDAC10;PRKDC,HDAC10,True,,True,1,1,0,1,1,present_all_core_rows_scored,True,1,1,0,1,1,present_all_core_rows_scored,True,True,True,True,True,True,True,False,True,P1/P2 are library-local labels; equality does not prove same genomic TSS or guide target,True
R1:106805,HIST3H2A;PRKDC,HIST3H2A,True,,True,1,1,0,1,1,present_all_core_rows_scored,True,1,1,0,1,1,present_all_core_rows_scored,True,True,True,True,True,True,True,False,True,P1/P2 are library-local labels; equality does not prove same genomic TSS or guide target,True
R1:106948,HIST3H3;PRKDC,HIST3H3,True,,True,1,1,0,1,1,present_all_core_rows_scored,True,1,1,0,1,1,present_all_core_rows_scored,True,True,True,True,True,True,True,False,True,P1/P2 are library-local labels; equality does not prove same genomic TSS or guide target,True
R1:107833,HMGN1;PRKDC,HMGN1,True,,True,1,1,0,1,1,present_all_core_rows_scored,True,1,1,0,1,1,present_all_core_rows_scored,True,True,True,True,True,True,True,False,True,P1/P2 are library-local labels; equality does not prove same genomic TSS or guide target,True
R1:108571,INIP;PRKDC,INIP,True,,True,1,1,0,1,1,present_all_core_rows_scored,True,1,1,0,1,1,present_all_core_rows_scored,True,True,True,True,True,True,True,False,True,P1/P2 are library-local labels; equality does not prove same genomic TSS or guide target,True
R1:109200,JMY;PRKDC,JMY,True,,True,1,1,0,1,1,present_all_core_rows_scored,True,1,1,0,1,1,present_all_core_rows_scored,True,True,True,True,True,True,True,False,True,P1/P2 are library-local labels; equality does not prove same genomic TSS or guide target,True
R1:109699,KDM4D;PRKDC,KDM4D,True,,True,1,1,0,1,1,present_all_core_rows_scored,True,1,1,0,1,1,present_all_core_rows_scored,True,True,True,True,True,True,True,False,True,P1/P2 are library-local labels; equality does not prove same genomic TSS or guide target,True
R1:110166,KLHL15;PRKDC,KLHL15,True,,True,1,1,0,1,1,present_all_core_rows_scored,True,1,1,0,1,1,present_all_core_rows_scored,True,True,True,True,True,True,True,False,True,P1/P2 are library-local labels; equality does not prove same genomic TSS or guide target,True
R1:110756,MAGEF1;PRKDC,MAGEF1,True,,True,1,1,0,1,1,present_all_core_rows_scored,True,1,1,0,1,1,present_all_core_rows_scored,True,True,True,True,True,True,True,False,True,P1/P2 are library-local labels; equality does not prove same genomic TSS or guide target,True
R1:110916,MB21D1;PRKDC,MB21D1,True,,True,1,1,0,1,1,present_all_core_rows_scored,True,1,1,0,1,1,present_all_core_rows_scored,True,True,True,True,True,True,True,False,True,P1/P2 are library-local labels; equality does not prove same genomic TSS or guide target,True
R1:111228,MBTD1;PRKDC,MBTD1,True,,True,1,1,0,1,1,present_all_core_rows_scored,True,1,1,0,1,1,present_all_core_rows_scored,True,True,True,True,True,True,True,False,True,P1/P2 are library-local labels; equality does not prove same genomic TSS or guide target,True
R1:111350,MC1R;PRKDC,MC1R,True,,True,1,1,0,1,1,present_all_core_rows_scored,True,1,1,0,1,1,present_all_core_rows_scored,True,True,True,True,True,True,True,False,True,P1/P2 are library-local labels; equality does not prove same genomic TSS or guide target,True
R1:111483,MCM2_mis;PRKDC,MCM2_mis,True,,False,0,0,0,0,0,not_in_published_table_design_unknown,False,0,0,0,0,0,not_in_published_table_design_unknown,False,False,False,False,False,False,True,False,False,P1/P2 are library-local labels; equality does not prove same genomic TSS or guide target,False
R1:112644,MEN1;PRKDC,MEN1,True,,True,1,1,0,1,1,present_all_core_rows_scored,True,1,1,0,1,1,present_all_core_rows_scored,True,True,True,True,True,True,True,False,True,P1/P2 are library-local labels; equality does not prove same genomic TSS or guide target,True
R1:112995,MLH1;PRKDC,MLH1,True,,True,1,1,0,1,1,present_all_core_rows_scored,True,1,1,0,1,1,present_all_core_rows_scored,True,True,True,True,True,True,True,False,True,P1/P2 are library-local labels; equality does not prove same genomic TSS or guide target,True
R1:113647,MORF4L1;PRKDC,MORF4L1,True,,True,1,1,0,1,1,present_all_core_rows_scored,True,1,1,0,1,1,present_all_core_rows_scored,True,True,True,True,True,True,True,False,True,P1/P2 are library-local labels; equality does not prove same genomic TSS or guide target,True
R1:114421,MSH3;PRKDC,MSH3,True,,True,1,1,0,1,1,present_all_core_rows_scored,True,1,1,0,1,1,present_all_core_rows_scored,True,True,True,True,True,True,True,False,True,P1/P2 are library-local labels; equality does not prove same genomic TSS or guide target,True
R1:114582,MSH4;PRKDC,MSH4,True,,True,1,1,0,1,1,present_all_core_rows_scored,True,1,1,0,1,1,present_all_core_rows_scored,True,True,True,True,True,True,True,False,True,P1/P2 are library-local labels; equality does not prove same genomic TSS or guide target,True
R1:114883,MTA1;PRKDC,MTA1,True,,True,1,1,0,1,1,present_all_core_rows_scored,True,1,0,1,0,0,present_no_finite_core_score,True,False,False,True,True,False,True,False,False,P1/P2 are library-local labels; equality does not prove same genomic TSS or guide target,False
R1:115311,NABP1;PRKDC,NABP1,True,,True,1,1,0,1,1,present_all_core_rows_scored,True,1,1,0,1,1,present_all_core_rows_scored,True,True,True,True,True,True,True,False,True,P1/P2 are library-local labels; equality does not prove same genomic TSS or guide target,True
R1:115720,NEIL1;PRKDC,NEIL1,True,,True,1,1,0,1,1,present_all_core_rows_scored,True,1,1,0,1,1,present_all_core_rows_scored,True,True,True,True,True,True,True,False,True,P1/P2 are library-local labels; equality does not prove same genomic TSS or guide target,True
R1:116337,NONO;PRKDC,NONO,True,,True,1,1,0,1,1,present_all_core_rows_scored,True,1,1,0,1,1,present_all_core_rows_scored,True,True,True,True,True,True,True,False,True,P1/P2 are library-local labels; equality does not prove same genomic TSS or guide target,True
R1:116893,NSMCE4A;PRKDC,NSMCE4A,True,,True,1,1,0,1,1,present_all_core_rows_scored,True,1,1,0,1,1,present_all_core_rows_scored,True,True,True,True,True,True,True,False,True,P1/P2 are library-local labels; equality does not prove same genomic TSS or guide target,True
R1:117249,NUDT1;PRKDC,NUDT1,True,,True,1,1,0,1,1,present_all_core_rows_scored,True,1,1,0,1,1,present_all_core_rows_scored,True,True,True,True,True,True,True,False,True,P1/P2 are library-local labels; equality does not prove same genomic TSS or guide target,True
R1:117371,NUDT16;PRKDC,NUDT16,True,,True,1,1,0,1,1,present_all_core_rows_scored,True,1,1,0,1,1,present_all_core_rows_scored,True,True,True,True,True,True,True,False,True,P1/P2 are library-local labels; equality does not prove same genomic TSS or guide target,True
R1:117510,NUDT16L1;PRKDC,NUDT16L1,True,,True,1,1,0,1,1,present_all_core_rows_scored,True,1,1,0,1,1,present_all_core_rows_scored,True,True,True,True,True,True,True,False,True,P1/P2 are library-local labels; equality does not prove same genomic TSS or guide target,True
R1:118099,PARG;PRKDC,PARG,True,,True,1,1,0,1,1,present_all_core_rows_scored,True,1,1,0,1,1,present_all_core_rows_scored,True,True,True,True,True,True,True,False,True,P1/P2 are library-local labels; equality does not prove same genomic TSS or guide target,True
R1:118522,PARP2;PRKDC,PARP2,True,,True,1,1,0,1,1,present_all_core_rows_scored,True,1,1,0,1,1,present_all_core_rows_scored,True,True,True,True,True,True,True,False,True,P1/P2 are library-local labels; equality does not prove same genomic TSS or guide target,True
R1:118719,PARP4;PRKDC,PARP4,True,,True,1,1,0,1,1,present_all_core_rows_scored,True,1,1,0,1,1,present_all_core_rows_scored,True,True,True,True,True,True,True,False,True,P1/P2 are library-local labels; equality does not prove same genomic TSS or guide target,True
R1:118914,PARPBP;PRKDC,PARPBP,True,,True,1,1,0,1,1,present_all_core_rows_scored,True,1,1,0,1,1,present_all_core_rows_scored,True,True,True,True,True,True,True,False,True,P1/P2 are library-local labels; equality does not prove same genomic TSS or guide target,True
R1:119175,PDS5A;PRKDC,PDS5A,True,,True,1,1,0,1,1,present_all_core_rows_scored,True,1,1,0,1,1,present_all_core_rows_scored,True,True,True,True,True,True,True,False,True,P1/P2 are library-local labels; equality does not prove same genomic TSS or guide target,True
R1:119304,PDS5B;PRKDC,PDS5B,True,,True,1,1,0,1,1,present_all_core_rows_scored,True,1,1,0,1,1,present_all_core_rows_scored,True,True,True,True,True,True,True,False,True,P1/P2 are library-local labels; equality does not prove same genomic TSS or guide target,True
R1:119548,PML;PRKDC,PML,True,,True,1,1,0,1,1,present_all_core_rows_scored,True,1,1,0,1,1,present_all_core_rows_scored,True,True,True,True,True,True,True,False,True,P1/P2 are library-local labels; equality does not prove same genomic TSS or guide target,True
R1:119843,PNKP;PRKDC,PNKP,True,,True,1,1,0,1,1,present_all_core_rows_scored,True,1,1,0,1,1,present_all_core_rows_scored,True,True,True,True,True,True,True,False,True,P1/P2 are library-local labels; equality does not prove same genomic TSS or guide target,True
R1:120014,POLB;PRKDC,POLB,True,,True,1,1,0,1,1,present_all_core_rows_scored,True,1,1,0,1,1,present_all_core_rows_scored,True,True,True,True,True,True,True,False,True,P1/P2 are library-local labels; equality does not prove same genomic TSS or guide target,True
R1:120124,POLD4;PRKDC,POLD4,True,,True,1,1,0,1,1,present_all_core_rows_scored,True,1,1,0,1,1,present_all_core_rows_scored,True,True,True,True,True,True,True,False,True,P1/P2 are library-local labels; equality does not prove same genomic TSS or guide target,True
R1:120263,POLG;PRKDC,POLG,True,,True,1,1,0,1,1,present_all_core_rows_scored,True,1,1,0,1,1,present_all_core_rows_scored,True,True,True,True,True,True,True,False,True,P1/P2 are library-local labels; equality does not prove same genomic TSS or guide target,True
R1:120442,POLH;PRKDC,POLH,True,,True,1,1,0,1,1,present_all_core_rows_scored,True,1,1,0,1,1,present_all_core_rows_scored,True,True,True,True,True,True,True,False,True,P1/P2 are library-local labels; equality does not prove same genomic TSS or guide target,True
R1:120553,POLI;PRKDC,POLI,True,,True,1,1,0,1,1,present_all_core_rows_scored,True,1,1,0,1,1,present_all_core_rows_scored,True,True,True,True,True,True,True,False,True,P1/P2 are library-local labels; equality does not prove same genomic TSS or guide target,True
R1:120737,POLL;PRKDC,POLL,True,,True,1,1,0,1,1,present_all_core_rows_scored,True,1,1,0,1,1,present_all_core_rows_scored,True,True,True,True,True,True,True,False,True,P1/P2 are library-local labels; equality does not prove same genomic TSS or guide target,True
R1:120813,POLM;PRKDC,POLM,True,,True,1,1,0,1,1,present_all_core_rows_scored,True,2,2,0,2,2,present_all_core_rows_scored,True,True,True,True,False,True,True,True,True,P1/P2 are library-local labels; equality does not prove same genomic TSS or guide target,False
R1:120906,POLN;PRKDC,POLN,True,,False,0,0,0,0,0,not_in_published_table_design_unknown,False,0,0,0,0,0,not_in_published_table_design_unknown,False,False,False,False,False,False,True,False,False,P1/P2 are library-local labels; equality does not prove same genomic TSS or guide target,False
R1:121059,POLR1A;PRKDC,POLR1A,True,,True,1,1,0,1,1,present_all_core_rows_scored,False,0,0,0,0,0,not_in_published_table_design_unknown,False,False,False,True,True,False,True,False,False,P1/P2 are library-local labels; equality does not prove same genomic TSS or guide target,False
R1:121206,POLR2L;PRKDC,POLR2L,True,,True,1,1,0,1,1,present_all_core_rows_scored,True,1,1,0,1,1,present_all_core_rows_scored,True,True,True,True,True,True,True,False,True,P1/P2 are library-local labels; equality does not prove same genomic TSS or guide target,True
R1:121298,PPP4R2;PRKDC,PPP4R2,True,,True,1,1,0,1,1,present_all_core_rows_scored,True,1,1,0,1,1,present_all_core_rows_scored,True,True,True,True,True,True,True,False,True,P1/P2 are library-local labels; equality does not prove same genomic TSS or guide target,True
R1:121750,PRKDC;RAB43,RAB43,True,,True,1,1,0,1,1,present_all_core_rows_scored,True,1,1,0,1,1,present_all_core_rows_scored,True,True,True,True,True,True,True,False,True,P1/P2 are library-local labels; equality does not prove same genomic TSS or guide target,True
R1:121751,PRKDC;RAD18,RAD18,True,,True,1,1,0,1,1,present_all_core_rows_scored,True,1,1,0,1,1,present_all_core_rows_scored,True,True,True,True,True,True,True,False,True,P1/P2 are library-local labels; equality does not prove same genomic TSS or guide target,True
R1:121752,PRKDC;RAD21,RAD21,True,,True,1,1,0,1,1,present_all_core_rows_scored,True,1,1,0,1,1,present_all_core_rows_scored,True,True,True,True,True,True,True,False,True,P1/P2 are library-local labels; equality does not prove same genomic TSS or guide target,True
R1:121753,PRKDC;RAD23B,RAD23B,True,,True,1,1,0,1,1,present_all_core_rows_scored,True,1,1,0,1,1,present_all_core_rows_scored,True,True,True,True,True,True,True,False,True,P1/P2 are library-local labels; equality does not prove same genomic TSS or guide target,True
R1:121754,PRKDC;RAD51AP1,RAD51AP1,True,,True,1,1,0,1,1,present_all_core_rows_scored,True,1,1,0,1,1,present_all_core_rows_scored,True,True,True,True,True,True,True,False,True,P1/P2 are library-local labels; equality does not prove same genomic TSS or guide target,True
R1:121755,PRKDC;RAD52,RAD52,True,,True,1,1,0,1,1,present_all_core_rows_scored,True,2,2,0,2,2,present_all_core_rows_scored,True,True,True,True,False,True,True,True,True,P1/P2 are library-local labels; equality does not prove same genomic TSS or guide target,False
R1:121756,PRKDC;RAD54B,RAD54B,True,,True,1,1,0,1,1,present_all_core_rows_scored,True,1,1,0,1,1,present_all_core_rows_scored,True,True,True,True,True,True,True,False,True,P1/P2 are library-local labels; equality does not prove same genomic TSS or guide target,True
R1:121757,PRKDC;RAD54L,RAD54L,True,,True,1,1,0,1,1,present_all_core_rows_scored,True,1,1,0,1,1,present_all_core_rows_scored,True,True,True,True,True,True,True,False,True,P1/P2 are library-local labels; equality does not prove same genomic TSS or guide target,True
R1:121758,PRKDC;RCHY1,RCHY1,True,,True,1,1,0,1,1,present_all_core_rows_scored,True,1,1,0,1,1,present_all_core_rows_scored,True,True,True,True,True,True,True,False,True,P1/P2 are library-local labels; equality does not prove same genomic TSS or guide target,True
R1:121759,PRKDC;REC8,REC8,True,,True,1,1,0,1,1,present_all_core_rows_scored,True,1,1,0,1,1,present_all_core_rows_scored,True,True,True,True,True,True,True,False,True,P1/P2 are library-local labels; equality does not prove same genomic TSS or guide target,True
R1:121760,PRKDC;REV3L,REV3L,True,,True,1,1,0,1,1,present_all_core_rows_scored,True,1,1,0,1,1,present_all_core_rows_scored,True,True,True,True,True,True,True,False,True,P1/P2 are library-local labels; equality does not prove same genomic TSS or guide target,True
R1:121761,PRKDC;RFC1,RFC1,True,,True,1,1,0,1,1,present_all_core_rows_scored,False,0,0,0,0,0,not_in_published_table_design_unknown,False,False,False,True,True,False,True,False,False,P1/P2 are library-local labels; equality does not prove same genomic TSS or guide target,False
R1:121762,PRKDC;RFC4_mis,RFC4_mis,True,,False,0,0,0,0,0,not_in_published_table_design_unknown,False,0,0,0,0,0,not_in_published_table_design_unknown,False,False,False,False,False,False,True,False,False,P1/P2 are library-local labels; equality does not prove same genomic TSS or guide target,False
R1:121763,PRKDC;RFWD3,RFWD3,True,,True,1,1,0,1,1,present_all_core_rows_scored,True,1,1,0,1,1,present_all_core_rows_scored,True,True,True,True,True,True,True,False,True,P1/P2 are library-local labels; equality does not prove same genomic TSS or guide target,True
R1:121764,PRKDC;RMI1,RMI1,True,,True,1,1,0,1,1,present_all_core_rows_scored,True,1,1,0,1,1,present_all_core_rows_scored,True,True,True,True,True,True,True,False,True,P1/P2 are library-local labels; equality does not prove same genomic TSS or guide target,True
R1:121765,PRKDC;RNF168,RNF168,True,,True,1,1,0,1,1,present_all_core_rows_scored,True,1,1,0,1,1,present_all_core_rows_scored,True,True,True,True,True,True,True,False,True,P1/P2 are library-local labels; equality does not prove same genomic TSS or guide target,True
R1:121766,PRKDC;RRM2B,RRM2B,True,,True,1,1,0,1,1,present_all_core_rows_scored,True,1,1,0,1,1,present_all_core_rows_scored,True,True,True,True,True,True,True,False,True,P1/P2 are library-local labels; equality does not prove same genomic TSS or guide target,True
R1:121767,PRKDC;RTEL1,RTEL1,True,,True,1,1,0,1,1,present_all_core_rows_scored,True,1,1,0,1,1,present_all_core_rows_scored,True,True,True,True,True,True,True,False,True,P1/P2 are library-local labels; equality does not prove same genomic TSS or guide target,True
R1:121768,PRKDC;SAMHD1,SAMHD1,True,,True,1,1,0,1,1,present_all_core_rows_scored,True,1,1,0,1,1,present_all_core_rows_scored,True,True,True,True,True,True,True,False,True,P1/P2 are library-local labels; equality does not prove same genomic TSS or guide target,True
R1:121769,PRKDC;SETMAR,SETMAR,True,,True,1,1,0,1,1,present_all_core_rows_scored,True,1,1,0,1,1,present_all_core_rows_scored,True,True,True,True,True,True,True,False,True,P1/P2 are library-local labels; equality does not prove same genomic TSS or guide target,True
R1:121770,PRKDC;SETX,SETX,True,,True,1,1,0,1,1,present_all_core_rows_scored,True,1,1,0,1,1,present_all_core_rows_scored,True,True,True,True,True,True,True,False,True,P1/P2 are library-local labels; equality does not prove same genomic TSS or guide target,True
R1:121771,PRKDC;SIRT1,SIRT1,True,,True,1,1,0,1,1,present_all_core_rows_scored,True,1,1,0,1,1,present_all_core_rows_scored,True,True,True,True,True,True,True,False,True,P1/P2 are library-local labels; equality does not prove same genomic TSS or guide target,True
R1:121772,PRKDC;SMARCB1,SMARCB1,True,,True,1,1,0,1,0,present_all_core_rows_scored,True,2,2,0,2,2,present_all_core_rows_scored,True,True,True,True,False,True,True,True,True,P1/P2 are library-local labels; equality does not prove same genomic TSS or guide target,False
R1:121773,PRKDC;SMC5,SMC5,True,,True,1,1,0,1,1,present_all_core_rows_scored,True,1,1,0,1,1,present_all_core_rows_scored,True,True,True,True,True,True,True,False,True,P1/P2 are library-local labels; equality does not prove same genomic TSS or guide target,True
R1:121774,PRKDC;SMCHD1,SMCHD1,True,,True,1,1,0,1,1,present_all_core_rows_scored,True,1,1,0,1,1,present_all_core_rows_scored,True,True,True,True,True,True,True,False,True,P1/P2 are library-local labels; equality does not prove same genomic TSS or guide target,True
R1:121775,PRKDC;SMEK2,SMEK2,True,,True,1,1,0,1,1,present_all_core_rows_scored,True,1,1,0,1,1,present_all_core_rows_scored,True,True,True,True,True,True,True,False,True,P1/P2 are library-local labels; equality does not prove same genomic TSS or guide target,True
R1:121776,PRKDC;SPIRE2,SPIRE2,True,,True,1,1,0,1,1,present_all_core_rows_scored,True,1,1,0,1,1,present_all_core_rows_scored,True,True,True,True,True,True,True,False,True,P1/P2 are library-local labels; equality does not prove same genomic TSS or guide target,True
R1:121777,PRKDC;SPO11,SPO11,True,,True,1,1,0,1,1,present_all_core_rows_scored,True,1,1,0,1,1,present_all_core_rows_scored,True,True,True,True,True,True,True,False,True,P1/P2 are library-local labels; equality does not prove same genomic TSS or guide target,True
R1:121778,PRKDC;SPRTN,SPRTN,True,,True,1,1,0,1,1,present_all_core_rows_scored,True,1,1,0,1,1,present_all_core_rows_scored,True,True,True,True,True,True,True,False,True,P1/P2 are library-local labels; equality does not prove same genomic TSS or guide target,True
R1:121779,PRKDC;SUV420H1,SUV420H1,True,,True,1,1,0,1,1,present_all_core_rows_scored,True,1,1,0,1,1,present_all_core_rows_scored,True,True,True,True,True,True,True,False,True,P1/P2 are library-local labels; equality does not prove same genomic TSS or guide target,True
R1:121780,PRKDC;SUV420H2,SUV420H2,True,,True,1,1,0,1,1,present_all_core_rows_scored,True,1,1,0,1,1,present_all_core_rows_scored,True,True,True,True,True,True,True,False,True,P1/P2 are library-local labels; equality does not prove same genomic TSS or guide target,True
R1:121781,PRKDC;SWI5,SWI5,True,,True,1,1,0,1,1,present_all_core_rows_scored,True,1,1,0,1,1,present_all_core_rows_scored,True,True,True,True,True,True,True,False,True,P1/P2 are library-local labels; equality does not prove same genomic TSS or guide target,True
R1:121782,PRKDC;SWSAP1,SWSAP1,True,,True,1,1,0,1,1,present_all_core_rows_scored,True,1,1,0,1,1,present_all_core_rows_scored,True,True,True,True,True,True,True,False,True,P1/P2 are library-local labels; equality does not prove same genomic TSS or guide target,True
R1:121783,PRKDC;SYCP1,SYCP1,True,,True,1,1,0,1,1,present_all_core_rows_scored,True,1,1,0,1,1,present_all_core_rows_scored,True,True,True,True,True,True,True,False,True,P1/P2 are library-local labels; equality does not prove same genomic TSS or guide target,True
R1:121784,PRKDC;TAOK1,TAOK1,True,,True,1,1,0,1,1,present_all_core_rows_scored,True,1,1,0,1,1,present_all_core_rows_scored,True,True,True,True,True,True,True,False,True,P1/P2 are library-local labels; equality does not prove same genomic TSS or guide target,True
R1:121785,PRKDC;TDG,TDG,True,,True,1,1,0,1,1,present_all_core_rows_scored,True,1,1,0,1,1,present_all_core_rows_scored,True,True,True,True,True,True,True,False,True,P1/P2 are library-local labels; equality does not prove same genomic TSS or guide target,True
R1:121786,PRKDC;TERF2,TERF2,True,,True,1,1,0,1,1,present_all_core_rows_scored,False,0,0,0,0,0,not_in_published_table_design_unknown,False,False,False,True,True,False,True,False,False,P1/P2 are library-local labels; equality does not prove same genomic TSS or guide target,False
R1:121787,PRKDC;TEX12,TEX12,True,,True,1,1,0,1,1,present_all_core_rows_scored,True,1,1,0,1,1,present_all_core_rows_scored,True,True,True,True,True,True,True,False,True,P1/P2 are library-local labels; equality does not prove same genomic TSS or guide target,True
R1:121788,PRKDC;TEX15,TEX15,True,,True,1,1,0,1,1,present_all_core_rows_scored,True,1,1,0,1,1,present_all_core_rows_scored,True,True,True,True,True,True,True,False,True,P1/P2 are library-local labels; equality does not prove same genomic TSS or guide target,True
R1:121789,PRKDC;TMEM161A,TMEM161A,True,,True,1,1,0,1,1,present_all_core_rows_scored,True,1,1,0,1,1,present_all_core_rows_scored,True,True,True,True,True,True,True,False,True,P1/P2 are library-local labels; equality does not prove same genomic TSS or guide target,True
R1:121790,PRKDC;TMEM189.UBE2V1,TMEM189.UBE2V1,True,,False,0,0,0,0,0,not_in_published_table_design_unknown,False,0,0,0,0,0,not_in_published_table_design_unknown,False,False,False,False,False,False,True,False,False,P1/P2 are library-local labels; equality does not prove same genomic TSS or guide target,False
R1:121791,PRKDC;TNKS1BP1,TNKS1BP1,True,,True,1,1,0,1,0,present_all_core_rows_scored,True,2,2,0,2,2,present_all_core_rows_scored,True,True,True,True,False,True,True,True,True,P1/P2 are library-local labels; equality does not prove same genomic TSS or guide target,False
R1:121792,PRKDC;TNP1,TNP1,True,,True,1,1,0,1,1,present_all_core_rows_scored,True,1,1,0,1,1,present_all_core_rows_scored,True,True,True,True,True,True,True,False,True,P1/P2 are library-local labels; equality does not prove same genomic TSS or guide target,True
R1:121793,PRKDC;TP53,TP53,True,,True,1,1,0,1,1,present_all_core_rows_scored,True,1,1,0,1,1,present_all_core_rows_scored,True,True,True,True,True,True,True,False,True,P1/P2 are library-local labels; equality does not prove same genomic TSS or guide target,True
R1:121794,PRKDC;TP73,TP73,True,,True,1,1,0,1,1,present_all_core_rows_scored,True,1,1,0,1,1,present_all_core_rows_scored,True,True,True,True,True,True,True,False,True,P1/P2 are library-local labels; equality does not prove same genomic TSS or guide target,True
R1:121795,PRKDC;TREX1,TREX1,True,,True,1,1,0,1,1,present_all_core_rows_scored,True,1,1,0,1,1,present_all_core_rows_scored,True,True,True,True,True,True,True,False,True,P1/P2 are library-local labels; equality does not prove same genomic TSS or guide target,True
R1:121796,PRKDC;TRIM25,TRIM25,True,,True,1,1,0,1,1,present_all_core_rows_scored,True,1,1,0,1,1,present_all_core_rows_scored,True,True,True,True,True,True,True,False,True,P1/P2 are library-local labels; equality does not prove same genomic TSS or guide target,True
R1:121797,PRKDC;TRIM28,TRIM28,True,,True,1,1,0,1,1,present_all_core_rows_scored,True,1,1,0,1,1,present_all_core_rows_scored,True,True,True,True,True,True,True,False,True,P1/P2 are library-local labels; equality does not prove same genomic TSS or guide target,True
R1:121798,PRKDC;TTC5,TTC5,True,,True,1,1,0,1,1,present_all_core_rows_scored,True,1,1,0,1,1,present_all_core_rows_scored,True,True,True,True,True,True,True,False,True,P1/P2 are library-local labels; equality does not prove same genomic TSS or guide target,True
R1:121799,PRKDC;TWIST1,TWIST1,True,,True,1,1,0,1,1,present_all_core_rows_scored,True,1,1,0,1,1,present_all_core_rows_scored,True,True,True,True,True,True,True,False,True,P1/P2 are library-local labels; equality does not prove same genomic TSS or guide target,True
R1:121800,PRKDC;UBB,UBB,True,,True,1,1,0,1,1,present_all_core_rows_scored,True,1,0,1,0,0,present_no_finite_core_score,True,False,False,True,True,False,True,False,False,P1/P2 are library-local labels; equality does not prove same genomic TSS or guide target,False
R1:121801,PRKDC;UBC,UBC,True,,True,1,1,0,1,1,present_all_core_rows_scored,True,1,1,0,1,1,present_all_core_rows_scored,True,True,True,True,True,True,True,False,True,P1/P2 are library-local labels; equality does not prove same genomic TSS or guide target,True
R1:121802,PRKDC;UBE2L6,UBE2L6,True,,True,1,1,0,1,1,present_all_core_rows_scored,True,1,1,0,1,1,present_all_core_rows_scored,True,True,True,True,True,True,True,False,True,P1/P2 are library-local labels; equality does not prove same genomic TSS or guide target,True
R1:121803,PRKDC;UBE2T,UBE2T,True,,True,1,1,0,1,1,present_all_core_rows_scored,True,1,1,0,1,1,present_all_core_rows_scored,True,True,True,True,True,True,True,False,True,P1/P2 are library-local labels; equality does not prove same genomic TSS or guide target,True
R1:121804,PRKDC;UBE2U,UBE2U,True,,True,1,1,0,1,1,present_all_core_rows_scored,True,1,1,0,1,1,present_all_core_rows_scored,True,True,True,True,True,True,True,False,True,P1/P2 are library-local labels; equality does not prove same genomic TSS or guide target,True
R1:121805,PRKDC;UBE2W,UBE2W,True,,True,1,1,0,1,1,present_all_core_rows_scored,True,1,1,0,1,1,present_all_core_rows_scored,True,True,True,True,True,True,True,False,True,P1/P2 are library-local labels; equality does not prove same genomic TSS or guide target,True
R1:121806,PRKDC;UBQLN4,UBQLN4,True,,True,1,1,0,1,1,present_all_core_rows_scored,True,1,0,1,0,0,present_no_finite_core_score,True,False,False,True,True,False,True,False,False,P1/P2 are library-local labels; equality does not prove same genomic TSS or guide target,False
R1:121807,PRKDC;UIMC1,UIMC1,True,,True,1,1,0,1,1,present_all_core_rows_scored,True,1,1,0,1,1,present_all_core_rows_scored,True,True,True,True,True,True,True,False,True,P1/P2 are library-local labels; equality does not prove same genomic TSS or guide target,True
R1:121808,PRKDC;USP1,USP1,True,,True,1,1,0,1,1,present_all_core_rows_scored,True,1,1,0,1,1,present_all_core_rows_scored,True,True,True,True,True,True,True,False,True,P1/P2 are library-local labels; equality does not prove same genomic TSS or guide target,True
R1:121809,PRKDC;USP3,USP3,True,,True,1,1,0,1,1,present_all_core_rows_scored,True,1,1,0,1,1,present_all_core_rows_scored,True,True,True,True,True,True,True,False,True,P1/P2 are library-local labels; equality does not prove same genomic TSS or guide target,True
R1:121810,PRKDC;USP47,USP47,True,,True,1,1,0,1,1,present_all_core_rows_scored,True,1,1,0,1,1,present_all_core_rows_scored,True,True,True,True,True,True,True,False,True,P1/P2 are library-local labels; equality does not prove same genomic TSS or guide target,True
R1:121811,PRKDC;WAS,WAS,True,,True,1,1,0,1,1,present_all_core_rows_scored,True,1,1,0,1,1,present_all_core_rows_scored,True,True,True,True,True,True,True,False,True,P1/P2 are library-local labels; equality does not prove same genomic TSS or guide target,True
R1:121812,PRKDC;WDR48,WDR48,True,,True,1,1,0,1,1,present_all_core_rows_scored,True,1,1,0,1,1,present_all_core_rows_scored,True,True,True,True,True,True,True,False,True,P1/P2 are library-local labels; equality does not prove same genomic TSS or guide target,True
R1:121813,PRKDC;WRAP53,WRAP53,True,,True,1,1,0,1,1,present_all_core_rows_scored,True,1,1,0,1,1,present_all_core_rows_scored,True,True,True,True,True,True,True,False,True,P1/P2 are library-local labels; equality does not prove same genomic TSS or guide target,True
R1:121814,PRKDC;WRNIP1,WRNIP1,True,,True,1,1,0,1,1,present_all_core_rows_scored,True,1,1,0,1,1,present_all_core_rows_scored,True,True,True,True,True,True,True,False,True,P1/P2 are library-local labels; equality does not prove same genomic TSS or guide target,True
R1:121815,PRKDC;XPA,XPA,True,,True,1,1,0,1,1,present_all_core_rows_scored,True,1,1,0,1,1,present_all_core_rows_scored,True,True,True,True,True,True,True,False,True,P1/P2 are library-local labels; equality does not prove same genomic TSS or guide target,True
R1:121816,PRKDC;XRCC3,XRCC3,True,,True,1,1,0,1,1,present_all_core_rows_scored,True,1,1,0,1,1,present_all_core_rows_scored,True,True,True,True,True,True,True,False,True,P1/P2 are library-local labels; equality does not prove same genomic TSS or guide target,True
R1:121817,PRKDC;XRCC4,XRCC4,True,,True,1,1,0,1,1,present_all_core_rows_scored,True,1,1,0,1,1,present_all_core_rows_scored,True,True,True,True,True,True,True,False,True,P1/P2 are library-local labels; equality does not prove same genomic TSS or guide target,True
R1:121818,PRKDC;YEATS4,YEATS4,True,,True,1,1,0,1,1,present_all_core_rows_scored,True,1,1,0,1,1,present_all_core_rows_scored,True,True,True,True,True,True,True,False,True,P1/P2 are library-local labels; equality does not prove same genomic TSS or guide target,True
R1:121819,PRKDC;YY1,YY1,True,,True,1,1,0,1,1,present_all_core_rows_scored,True,1,1,0,1,1,present_all_core_rows_scored,True,True,True,True,True,True,True,False,True,P1/P2 are library-local labels; equality does not prove same genomic TSS or guide target,True
R1:121820,PRKDC;ZBTB1,ZBTB1,True,,True,1,1,0,1,1,present_all_core_rows_scored,True,1,1,0,1,1,present_all_core_rows_scored,True,True,True,True,True,True,True,False,True,P1/P2 are library-local labels; equality does not prove same genomic TSS or guide target,True
R1:121821,PRKDC;ZBTB7A,ZBTB7A,True,,True,1,1,0,1,0,present_all_core_rows_scored,True,2,2,0,2,2,present_all_core_rows_scored,True,True,True,True,False,True,True,True,True,P1/P2 are library-local labels; equality does not prove same genomic TSS or guide target,False
R1:121822,PRKDC;ZFYVE26,ZFYVE26,True,,True,1,1,0,1,1,present_all_core_rows_scored,True,1,1,0,1,1,present_all_core_rows_scored,True,True,True,True,True,True,True,False,True,P1/P2 are library-local labels; equality does not prove same genomic TSS or guide target,True
R1:121823,PRKDC;ZRANB3,ZRANB3,True,,True,1,1,0,1,1,present_all_core_rows_scored,True,1,1,0,1,1,present_all_core_rows_scored,True,True,True,True,True,True,True,False,True,P1/P2 are library-local labels; equality does not prove same genomic TSS or guide target,True
R1:129439,PRKDC;RPA3_mis,RPA3_mis,True,,False,0,0,0,0,0,not_in_published_table_design_unknown,False,0,0,0,0,0,not_in_published_table_design_unknown,False,False,False,False,False,False,True,False,False,P1/P2 are library-local labels; equality does not prove same genomic TSS or guide target,False
R1:129846,HINFP_mis;PRKDC,HINFP_mis,True,,False,0,0,0,0,0,not_in_published_table_design_unknown,False,0,0,0,0,0,not_in_published_table_design_unknown,False,False,False,False,False,False,True,False,False,P1/P2 are library-local labels; equality does not prove same genomic TSS or guide target,False
R1:130275,PRKDC;SMC1A_mis,SMC1A_mis,True,,False,0,0,0,0,0,not_in_published_table_design_unknown,False,0,0,0,0,0,not_in_published_table_design_unknown,False,False,False,False,False,False,True,False,False,P1/P2 are library-local labels; equality does not prove same genomic TSS or guide target,False
R1:130759,POLR2C_mis;PRKDC,POLR2C_mis,True,,False,0,0,0,0,0,not_in_published_table_design_unknown,False,0,0,0,0,0,not_in_published_table_design_unknown,False,False,False,False,False,False,True,False,False,P1/P2 are library-local labels; equality does not prove same genomic TSS or guide target,False
R1:133429,PRKDC;RFC3_mis,RFC3_mis,True,,False,0,0,0,0,0,not_in_published_table_design_unknown,False,0,0,0,0,0,not_in_published_table_design_unknown,False,False,False,False,False,False,True,False,False,P1/P2 are library-local labels; equality does not prove same genomic TSS or guide target,False
R1:133849,MCM3_mis;PRKDC,MCM3_mis,True,,False,0,0,0,0,0,not_in_published_table_design_unknown,False,0,0,0,0,0,not_in_published_table_design_unknown,False,False,False,False,False,False,True,False,False,P1/P2 are library-local labels; equality does not prove same genomic TSS or guide target,False
R1:135199,PRKDC;RAD9A_mis,RAD9A_mis,True,,False,0,0,0,0,0,not_in_published_table_design_unknown,False,0,0,0,0,0,not_in_published_table_design_unknown,False,False,False,False,False,False,True,False,False,P1/P2 are library-local labels; equality does not prove same genomic TSS or guide target,False
R1:135257,PRKDC;TREX2,TREX2,True,,True,1,1,0,1,1,present_all_core_rows_scored,False,0,0,0,0,0,not_in_published_table_design_unknown,False,False,False,True,True,False,True,False,False,P1/P2 are library-local labels; equality does not prove same genomic TSS or guide target,False
R1:135375,POLR2G_mis;PRKDC,POLR2G_mis,True,,False,0,0,0,0,0,not_in_published_table_design_unknown,False,0,0,0,0,0,not_in_published_table_design_unknown,False,False,False,False,False,False,True,False,False,P1/P2 are library-local labels; equality does not prove same genomic TSS or guide target,False
R1:136555,ATRIP_mis;PRKDC,ATRIP_mis,True,,False,0,0,0,0,0,not_in_published_table_design_unknown,False,0,0,0,0,0,not_in_published_table_design_unknown,False,False,False,False,False,False,True,False,False,P1/P2 are library-local labels; equality does not prove same genomic TSS or guide target,False
R1:136876,CDCA5_mis;PRKDC,CDCA5_mis,True,,False,0,0,0,0,0,not_in_published_table_design_unknown,False,0,0,0,0,0,not_in_published_table_design_unknown,False,False,False,False,False,False,True,False,False,P1/P2 are library-local labels; equality does not prove same genomic TSS or guide target,False
R1:137702,PRKDC;WDHD1_mis,WDHD1_mis,True,,False,0,0,0,0,0,not_in_published_table_design_unknown,False,0,0,0,0,0,not_in_published_table_design_unknown,False,False,False,False,False,False,True,False,False,P1/P2 are library-local labels; equality does not prove same genomic TSS or guide target,False
R1:139615,PRKDC;RPS27A_mis,RPS27A_mis,True,,False,0,0,0,0,0,not_in_published_table_design_unknown,False,0,0,0,0,0,not_in_published_table_design_unknown,False,False,False,False,False,False,True,False,False,P1/P2 are library-local labels; equality does not prove same genomic TSS or guide target,False
R1:140335,INTS3_mis;PRKDC,INTS3_mis,True,,False,0,0,0,0,0,not_in_published_table_design_unknown,False,0,0,0,0,0,not_in_published_table_design_unknown,False,False,False,False,False,False,True,False,False,P1/P2 are library-local labels; equality does not prove same genomic TSS or guide target,False
R1:140767,POLR1B_mis;PRKDC,POLR1B_mis,True,,False,0,0,0,0,0,not_in_published_table_design_unknown,False,0,0,0,0,0,not_in_published_table_design_unknown,False,False,False,False,False,False,True,False,False,P1/P2 are library-local labels; equality does not prove same genomic TSS or guide target,False
R1:140793,PRKDC;RPA2_mis,RPA2_mis,True,,False,0,0,0,0,0,not_in_published_table_design_unknown,False,0,0,0,0,0,not_in_published_table_design_unknown,False,False,False,False,False,False,True,False,False,P1/P2 are library-local labels; equality does not prove same genomic TSS or guide target,False
R1:141314,POLE_mis;PRKDC,POLE_mis,True,,False,0,0,0,0,0,not_in_published_table_design_unknown,False,0,0,0,0,0,not_in_published_table_design_unknown,False,False,False,False,False,False,True,False,False,P1/P2 are library-local labels; equality does not prove same genomic TSS or guide target,False
R1:142711,PRKDC;SSRP1_mis,SSRP1_mis,True,,False,0,0,0,0,0,not_in_published_table_design_unknown,False,0,0,0,0,0,not_in_published_table_design_unknown,False,False,False,False,False,False,True,False,False,P1/P2 are library-local labels; equality does not prove same genomic TSS or guide target,False
R1:142887,GINS2_mis;PRKDC,GINS2_mis,True,,False,0,0,0,0,0,not_in_published_table_design_unknown,False,0,0,0,0,0,not_in_published_table_design_unknown,False,False,False,False,False,False,True,False,False,P1/P2 are library-local labels; equality does not prove same genomic TSS or guide target,False
R1:143368,PRKDC;WDR70_mis,WDR70_mis,True,,False,0,0,0,0,0,not_in_published_table_design_unknown,False,0,0,0,0,0,not_in_published_table_design_unknown,False,False,False,False,False,False,True,False,False,P1/P2 are library-local labels; equality does not prove same genomic TSS or guide target,False
R1:143796,CDC5L_mis;PRKDC,CDC5L_mis,True,,False,0,0,0,0,0,not_in_published_table_design_unknown,False,0,0,0,0,0,not_in_published_table_design_unknown,False,False,False,False,False,False,True,False,False,P1/P2 are library-local labels; equality does not prove same genomic TSS or guide target,False
R1:143799,PRKDC;ZNF830_mis,ZNF830_mis,True,,False,0,0,0,0,0,not_in_published_table_design_unknown,False,0,0,0,0,0,not_in_published_table_design_unknown,False,False,False,False,False,False,True,False,False,P1/P2 are library-local labels; equality does not prove same genomic TSS or guide target,False
R1:144464,GTF2H2_mis;PRKDC,GTF2H2_mis,True,,False,0,0,0,0,0,not_in_published_table_design_unknown,False,0,0,0,0,0,not_in_published_table_design_unknown,False,False,False,False,False,False,True,False,False,P1/P2 are library-local labels; equality does not prove same genomic TSS or guide target,False
R1:145480,GTF2H1;PRKDC,GTF2H1,True,,True,1,1,0,1,1,present_all_core_rows_scored,True,1,0,1,0,0,present_no_finite_core_score,True,False,False,True,True,False,True,False,False,P1/P2 are library-local labels; equality does not prove same genomic TSS or guide target,False
R1:146045,POLE2_mis;PRKDC,POLE2_mis,True,,False,0,0,0,0,0,not_in_published_table_design_unknown,False,0,0,0,0,0,not_in_published_table_design_unknown,False,False,False,False,False,False,True,False,False,P1/P2 are library-local labels; equality does not prove same genomic TSS or guide target,False
R1:146101,PRKDC;RUVBL2_mis,RUVBL2_mis,True,,False,0,0,0,0,0,not_in_published_table_design_unknown,False,0,0,0,0,0,not_in_published_table_design_unknown,False,False,False,False,False,False,True,False,False,P1/P2 are library-local labels; equality does not prove same genomic TSS or guide target,False
R1:146254,POLR2I_mis;PRKDC,POLR2I_mis,True,,False,0,0,0,0,0,not_in_published_table_design_unknown,False,0,0,0,0,0,not_in_published_table_design_unknown,False,False,False,False,False,False,True,False,False,P1/P2 are library-local labels; equality does not prove same genomic TSS or guide target,False
R1:147036,BCCIP_mis;PRKDC,BCCIP_mis,True,,False,0,0,0,0,0,not_in_published_table_design_unknown,False,0,0,0,0,0,not_in_published_table_design_unknown,False,False,False,False,False,False,True,False,False,P1/P2 are library-local labels; equality does not prove same genomic TSS or guide target,False
R1:147355,POLR2A_mis;PRKDC,POLR2A_mis,True,,False,0,0,0,0,0,not_in_published_table_design_unknown,False,0,0,0,0,0,not_in_published_table_design_unknown,False,False,False,False,False,False,True,False,False,P1/P2 are library-local labels; equality does not prove same genomic TSS or guide target,False
R1:148250,PRKDC;RFC5_mis,RFC5_mis,True,,False,0,0,0,0,0,not_in_published_table_design_unknown,False,0,0,0,0,0,not_in_published_table_design_unknown,False,False,False,False,False,False,True,False,False,P1/P2 are library-local labels; equality does not prove same genomic TSS or guide target,False
R1:149412,POLR2K_mis;PRKDC,POLR2K_mis,True,,False,0,0,0,0,0,not_in_published_table_design_unknown,False,0,0,0,0,0,not_in_published_table_design_unknown,False,False,False,False,False,False,True,False,False,P1/P2 are library-local labels; equality does not prove same genomic TSS or guide target,False
