gene,source_row_id,gene_combination,gemini_sensitive,source_called,in_exact419,in_support400,in_primary380,in_S2_single_R3_record,in_S3_no_missing_R3_records,r2_transcript_consistent,r2_transcripts,r2_original_rows,r3_n_records,r3_n_complete,r3_record_ids,r3_complete_record_ids,attribution_caveat,exclusion_reason,source_degree_numerator,source_degree_denominator,source_generic_fragility,rho_R2,rho_R2__published_score,rho_R2__published_transcript,rho_R2__published_ttest_pvalue,rho_R2__published_BH_adj_pvalue,rho_R2__published_number_of_guide_elements,rho_R2__published_combined_score,rho_R2__published_label,rho_R2__original_excel_row,gamma_R2,gamma_R2__published_score,gamma_R2__published_transcript,gamma_R2__published_ttest_pvalue,gamma_R2__published_BH_adj_pvalue,gamma_R2__published_number_of_guide_elements,gamma_R2__published_combined_score,gamma_R2__published_label,gamma_R2__original_excel_row,rho_ATMi_R2,rho_ATMi_R2__published_score,rho_ATMi_R2__published_transcript,rho_ATMi_R2__published_ttest_pvalue,rho_ATMi_R2__published_BH_adj_pvalue,rho_ATMi_R2__published_number_of_guide_elements,rho_ATMi_R2__published_combined_score,rho_ATMi_R2__published_label,rho_ATMi_R2__original_excel_row,rho_ATRi_R2,rho_ATRi_R2__published_score,rho_ATRi_R2__published_transcript,rho_ATRi_R2__published_ttest_pvalue,rho_ATRi_R2__published_BH_adj_pvalue,rho_ATRi_R2__published_number_of_guide_elements,rho_ATRi_R2__published_combined_score,rho_ATRi_R2__published_label,rho_ATRi_R2__original_excel_row,rho_WEE1i_R2,rho_WEE1i_R2__published_score,rho_WEE1i_R2__published_transcript,rho_WEE1i_R2__published_ttest_pvalue,rho_WEE1i_R2__published_BH_adj_pvalue,rho_WEE1i_R2__published_number_of_guide_elements,rho_WEE1i_R2__published_combined_score,rho_WEE1i_R2__published_label,rho_WEE1i_R2__original_excel_row,r3_any_missing,r3_sign_discordance,r3_all_observed_rho_negative,r3_single_original_paired_complete,r3_all_original_paired_complete,rho_R3_min,rho_R3_median,rho_R3_max,gamma_R3_min,gamma_R3_median,gamma_R3_max,r3_rho_sign_set,r3_transcripts,r3_element_ids,rho_R2_negative,rho_R3_median_negative,R2_R3_central_signs_disagree,R3_original_records_table
ABL1,R1:30583,ABL1;PRKDC,-0.356940028,False,True,True,True,True,True,True,"{""gamma_R2"": ""ENST00000372348.2"", ""rho_ATMi_R2"": ""ENST00000372348.2"", ""rho_ATRi_R2"": ""ENST00000372348.2"", ""rho_R2"": ""ENST00000372348.2"", ""rho_WEE1i_R2"": ""ENST00000372348.2""}","{""gamma_R2"": ""103"", ""rho_ATMi_R2"": ""103"", ""rho_ATRi_R2"": ""103"", ""rho_R2"": ""103"", ""rho_WEE1i_R2"": ""103""}",1,1,R3:103,R3:103,,included_primary,5,546,0.009157509157509158,-0.04531373682801343,-4.5313736828013429E-2,ENST00000372348.2,0.79057267040472556,0.96437659396924513,3,-2.795758733146007E-2,target_non_hit,103,0.2360658944937829,0.2360658944937829,ENST00000372348.2,3.2571612604085247E-2,0.33563412480046639,3,1.582559822666499,target_non_hit,103,-0.1275317497621865,-0.12753174976218651,ENST00000372348.2,0.32044133692147769,0.84017154014937612,3,-0.42282750954186721,target_non_hit,103,-0.1334935283972616,-0.13349352839726161,ENST00000372348.2,0.10529272882063891,0.91958512052694819,3,-1.0266311984476031,target_non_hit,103,-0.2617371879258045,-0.26173718792580453,ENST00000372348.2,8.9315743700213363E-2,0.87251870910919993,3,-1.931774961529064,target_non_hit,103,False,False,True,True,True,-0.1658023620413283,-0.1658023620413283,-0.1658023620413283,0.03042013537300133,0.03042013537300133,0.03042013537300133,[-1],"[""ENST00000372348.2""]","[""ABL1_-_133589228.23-ENST00000372348.2|ABL1_-_133589216.23-ENST00000372348.2""]",True,True,False,processed/original_r3_records.csv
ACTB,R1:71765,ACTB;PRKDC,-0.026338066,False,True,True,True,True,True,True,"{""gamma_R2"": ""P1P2"", ""rho_ATMi_R2"": ""P1P2"", ""rho_ATRi_R2"": ""P1P2"", ""rho_R2"": ""P1P2"", ""rho_WEE1i_R2"": ""P1P2""}","{""gamma_R2"": ""202"", ""rho_ATMi_R2"": ""202"", ""rho_ATRi_R2"": ""202"", ""rho_R2"": ""202"", ""rho_WEE1i_R2"": ""202""}",1,1,R3:216,R3:216,,included_primary,3,546,0.005494505494505495,-0.6004159501956892,-0.60041595019568916,P1P2,3.0922276681100902E-3,0.32456753099200691,3,-9.1096326630277282,sensitivity_hit,202,-0.8446716169666897,-0.84467161696668969,P1P2,7.6401013651442654E-3,0.16173550279705731,3,-8.0604149808183259,essential_hit,202,-0.5236875837813331,-0.52368758378133307,P1P2,4.5030186637845786E-3,0.49078809474350832,3,-8.243072010964946,sensitivity_hit,202,-0.1293703448306909,-0.1293703448306909,P1P2,0.59159429348998205,0.97491105931819066,3,-0.23201509669127571,target_non_hit,202,-0.1795078500954537,-0.1795078500954537,P1P2,0.46890767859427562,0.94819272489813466,3,-0.41538407463332472,target_non_hit,202,False,False,True,True,True,-0.8530845811155308,-0.8530845811155308,-0.8530845811155308,-0.1866540560613112,-0.1866540560613112,-0.1866540560613112,[-1],"[""P1P2""]","[""ACTB_-_5570191.23-P1P2|ACTB_+_5570130.23-P1P2""]",True,True,False,processed/original_r3_records.csv
ADPRHL2,R1:37742,ADPRHL2;PRKDC,-0.279559022,False,True,True,True,True,True,True,"{""gamma_R2"": ""P1P2"", ""rho_ATMi_R2"": ""P1P2"", ""rho_ATRi_R2"": ""P1P2"", ""rho_R2"": ""P1P2"", ""rho_WEE1i_R2"": ""P1P2""}","{""gamma_R2"": ""348"", ""rho_ATMi_R2"": ""348"", ""rho_ATRi_R2"": ""348"", ""rho_R2"": ""348"", ""rho_WEE1i_R2"": ""348""}",1,1,R3:369,R3:369,,included_primary,8,546,0.014652014652014652,-0.2425020204206388,-0.24250202042063879,P1P2,0.38268598539895088,0.8481722722440691,3,-0.61155743712133259,target_non_hit,348,-0.9410738459963746,-0.94107384599637456,P1P2,0.1163419240955753,0.53677026683632689,3,-3.9633477800366061,target_non_hit,348,-0.4619489579955852,-0.46194895799558522,P1P2,0.22151726563389779,0.79760878030250892,3,-2.0284388230222281,target_non_hit,348,0.04054991821110103,4.054991821110103E-2,P1P2,0.88039328651017601,0.99617198404185237,3,1.7647785644071299E-2,target_non_hit,348,-0.3005325318454921,-0.30053253184549211,P1P2,0.53959441431824695,0.9590623849937937,3,-0.5665037482287526,target_non_hit,348,False,False,True,True,True,-1.496940376081996,-1.496940376081996,-1.496940376081996,-0.1717847369432367,-0.1717847369432367,-0.1717847369432367,[-1],"[""P1P2""]","[""ADPRHL2_+_36554555.23-P1P2|ADPRHL2_-_36554523.23-P1P2""]",True,True,False,processed/original_r3_records.csv
ALKBH1,R1:56987,ALKBH1;PRKDC,-0.124967072,False,True,True,True,True,True,True,"{""gamma_R2"": ""P1P2"", ""rho_ATMi_R2"": ""P1P2"", ""rho_ATRi_R2"": ""P1P2"", ""rho_R2"": ""P1P2"", ""rho_WEE1i_R2"": ""P1P2""}","{""gamma_R2"": ""544"", ""rho_ATMi_R2"": ""544"", ""rho_ATRi_R2"": ""544"", ""rho_R2"": ""544"", ""rho_WEE1i_R2"": ""544""}",1,1,R3:578,R3:578,,included_primary,9,546,0.016483516483516484,0.08106970216315176,8.1069702163151763E-2,P1P2,0.51538663762041237,0.89388262832970833,3,0.14108216682171421,target_non_hit,544,-0.1989281733875249,-0.19892817338752489,P1P2,0.28928619774159442,0.66537074979094002,3,-0.48304757335285148,target_non_hit,544,0.1225355720015893,0.12253557200158929,P1P2,0.15634784408965449,0.76280868678303781,3,0.66243711385877613,target_non_hit,544,0.1835756341385585,0.18357563413855851,P1P2,4.8529478570591547E-2,0.89296232503556483,3,1.8975834194668959,target_non_hit,544,0.1032462452552985,0.1032462452552985,P1P2,0.48649237331509859,0.95174535236120705,3,0.22729972067524601,target_non_hit,544,False,False,True,True,True,-0.9299230412012219,-0.9299230412012219,-0.9299230412012219,-0.1586152484908082,-0.1586152484908082,-0.1586152484908082,[-1],"[""P1P2""]","[""ALKBH1_+_78174341.23-P1P2|ALKBH1_-_78174295.23-P1P2""]",False,True,True,processed/original_r3_records.csv
ALKBH2,R1:77579,ALKBH2;PRKDC,0.0,False,True,True,True,True,True,True,"{""gamma_R2"": ""P1P2"", ""rho_ATMi_R2"": ""P1P2"", ""rho_ATRi_R2"": ""P1P2"", ""rho_R2"": ""P1P2"", ""rho_WEE1i_R2"": ""P1P2""}","{""gamma_R2"": ""545"", ""rho_ATMi_R2"": ""545"", ""rho_ATRi_R2"": ""545"", ""rho_R2"": ""545"", ""rho_WEE1i_R2"": ""545""}",1,1,R3:579,R3:579,,included_primary,12,546,0.02197802197802198,-0.2488539694598854,-0.24885396945988539,P1P2,0.18281189440025189,0.75013766289893746,3,-1.1102485408559331,target_non_hit,545,0.1945460460256926,0.19454604602569259,P1P2,1.4257584199303579E-3,5.979609373211682E-2,3,2.495854536981609,target_non_hit,545,-0.08845846972701743,-8.845846972701743E-2,P1P2,0.89693647951109678,0.98747739874571627,3,-2.8030493695683611E-2,target_non_hit,545,-0.08375822496584492,-8.3758224965844924E-2,P1P2,0.1865655090884295,0.93489129238435131,3,-0.48044954076101343,target_non_hit,545,-0.2703934676531825,-0.27039346765318251,P1P2,2.9919814385645799E-2,0.78711763304554205,3,-2.8992034221060772,target_non_hit,545,False,False,True,True,True,-0.6883280610757555,-0.6883280610757555,-0.6883280610757555,0.06346739025343948,0.06346739025343948,0.06346739025343948,[-1],"[""P1P2""]","[""ALKBH2_+_109531250.23-P1P2|ALKBH2_+_109531240.23-P1P2""]",True,True,False,processed/original_r3_records.csv
ALKBH3,R1:77883,ALKBH3;PRKDC,0.0,False,True,True,True,True,True,True,"{""gamma_R2"": ""P1P2"", ""rho_ATMi_R2"": ""P1P2"", ""rho_ATRi_R2"": ""P1P2"", ""rho_R2"": ""P1P2"", ""rho_WEE1i_R2"": ""P1P2""}","{""gamma_R2"": ""546"", ""rho_ATMi_R2"": ""546"", ""rho_ATRi_R2"": ""546"", ""rho_R2"": ""546"", ""rho_WEE1i_R2"": ""546""}",1,1,R3:580,R3:580,,included_primary,2,546,0.003663003663003663,0.180933648809744,0.180933648809744,P1P2,0.17286998893536101,0.74568341431359375,3,0.83378866577977651,target_non_hit,546,-0.08020617387101166,-8.0206173871011657E-2,P1P2,0.59240675160727951,0.84104366975375267,3,-8.2210831280258578E-2,target_non_hit,546,0.1626409332496876,0.16264093324968759,P1P2,0.1714249688717504,0.77463575744069235,3,0.83562914049055137,target_non_hit,546,0.1800874836371369,0.18008748363713689,P1P2,0.1281700847912226,0.92728293622079505,3,1.2639927129330211,target_non_hit,546,0.174267305941956,0.174267305941956,P1P2,6.9383548091675656E-2,0.84676244089702779,3,1.4206563575744731,target_non_hit,546,False,False,False,True,True,0.8935133540208356,0.8935133540208356,0.8935133540208356,0.06396267096620928,0.06396267096620928,0.06396267096620928,[1],"[""P1P2""]","[""ALKBH3_-_43902421.23-P1P2|ALKBH3_+_43902434.23-P1P2""]",False,False,False,processed/original_r3_records.csv
ALKBH5,R1:26615,ALKBH5;PRKDC,-0.407509095,False,True,True,True,True,True,True,"{""gamma_R2"": ""P1P2"", ""rho_ATMi_R2"": ""P1P2"", ""rho_ATRi_R2"": ""P1P2"", ""rho_R2"": ""P1P2"", ""rho_WEE1i_R2"": ""P1P2""}","{""gamma_R2"": ""548"", ""rho_ATMi_R2"": ""548"", ""rho_ATRi_R2"": ""548"", ""rho_R2"": ""548"", ""rho_WEE1i_R2"": ""548""}",1,1,R3:582,R3:582,,included_primary,3,546,0.005494505494505495,0.3435064673611515,0.34350646736115148,P1P2,0.22829305183597501,0.78273022247868351,3,1.3321662292433829,target_non_hit,548,-0.3319328110667111,-0.33193281106671108,P1P2,0.25171299366712818,0.64245169913532163,3,-0.89642589985329435,target_non_hit,548,-0.2005108371668792,-0.2005108371668792,P1P2,0.26009650777563698,0.81726665121986297,3,-0.78666674246282708,target_non_hit,548,0.04506213689118092,4.5062136891180923E-2,P1P2,0.95687552674392085,1,3,6.7865545510668859E-3,target_non_hit,548,0.04453474438903005,4.4534744389030052E-2,P1P2,0.90270158428694258,0.9967645370326601,3,1.392878263185646E-2,target_non_hit,548,False,False,True,True,True,-0.07801334138820067,-0.07801334138820067,-0.07801334138820067,-0.05859350611698455,-0.05859350611698455,-0.05859350611698455,[-1],"[""P1P2""]","[""ALKBH5_-_18087161.23-P1P2|ALKBH5_-_18087178.23-P1P2""]",False,True,True,processed/original_r3_records.csv
ANKLE1,R1:78410,ANKLE1;PRKDC,0.0,False,True,True,True,True,True,True,"{""gamma_R2"": ""P1P2"", ""rho_ATMi_R2"": ""P1P2"", ""rho_ATRi_R2"": ""P1P2"", ""rho_R2"": ""P1P2"", ""rho_WEE1i_R2"": ""P1P2""}","{""gamma_R2"": ""650"", ""rho_ATMi_R2"": ""650"", ""rho_ATRi_R2"": ""650"", ""rho_R2"": ""650"", ""rho_WEE1i_R2"": ""650""}",1,1,R3:684,R3:684,,included_primary,2,546,0.003663003663003663,-0.3037041697343135,-0.30370416973431352,P1P2,0.37532469364210153,0.84584965912705068,3,-0.78138844401399099,target_non_hit,650,-0.7883484803387479,-0.78834848033874794,P1P2,0.1230720881280199,0.54415952361529463,3,-3.233347956358307,target_non_hit,650,-0.4788742598123264,-0.4788742598123264,P1P2,0.14982046565750931,0.75715426590728196,3,-2.648327133980839,target_non_hit,650,-0.01390333491970469,-1.3903334919704691E-2,P1P2,0.88967626687647405,0.99659567440361629,3,-5.5526631351760104E-3,target_non_hit,650,0.1037961097935489,0.1037961097935489,P1P2,0.75207461999950365,0.98150501801505285,3,9.0359480775091552E-2,target_non_hit,650,False,False,False,True,True,0.1312383589069524,0.1312383589069524,0.1312383589069524,-0.01875784584021314,-0.01875784584021314,-0.01875784584021314,[1],"[""P1P2""]","[""ANKLE1_-_17392727.23-P1P2|ANKLE1_+_17392722.23-P1P2""]",True,False,True,processed/original_r3_records.csv
ANKRD32,R1:15663,ANKRD32;PRKDC,-0.600609354,False,True,True,True,True,True,True,"{""gamma_R2"": ""P1P2"", ""rho_ATMi_R2"": ""P1P2"", ""rho_ATRi_R2"": ""P1P2"", ""rho_R2"": ""P1P2"", ""rho_WEE1i_R2"": ""P1P2""}","{""gamma_R2"": ""678"", ""rho_ATMi_R2"": ""678"", ""rho_ATRi_R2"": ""678"", ""rho_R2"": ""678"", ""rho_WEE1i_R2"": ""678""}",1,1,R3:712,R3:712,,included_primary,17,546,0.031135531135531136,-0.4575341233927146,-0.4575341233927146,P1P2,0.14828056981923579,0.72574988926340345,3,-2.2927451225008899,target_non_hit,678,-0.9259251255969743,-0.92592512559697426,P1P2,4.2632586562885967E-2,0.37781025304912519,3,-5.7193581494086754,target_non_hit,678,-0.2069419726917776,-0.20694197269177761,P1P2,0.30590612303566211,0.83402152006638963,3,-0.71409580842083364,target_non_hit,678,-0.1143178525318283,-0.1143178525318283,P1P2,0.35212424779649082,0.94958842379854158,3,-0.40765803582579141,target_non_hit,678,-0.3919052325453143,-0.39190523254531429,P1P2,3.2156348110610238E-2,0.78813223279316014,3,-4.1157509738078684,target_non_hit,678,False,False,True,True,True,-0.08847710107389768,-0.08847710107389768,-0.08847710107389768,-0.3186664533348578,-0.3186664533348578,-0.3186664533348578,[-1],"[""P1P2""]","[""ANKRD32_+_93954429.23-P1P2|ANKRD32_+_93954716.23-P1P2""]",True,True,False,processed/original_r3_records.csv
AP5S1,R1:78894,AP5S1;PRKDC,0.0,False,True,True,True,True,True,True,"{""gamma_R2"": ""P1P2"", ""rho_ATMi_R2"": ""P1P2"", ""rho_ATRi_R2"": ""P1P2"", ""rho_R2"": ""P1P2"", ""rho_WEE1i_R2"": ""P1P2""}","{""gamma_R2"": ""779"", ""rho_ATMi_R2"": ""779"", ""rho_ATRi_R2"": ""779"", ""rho_R2"": ""779"", ""rho_WEE1i_R2"": ""779""}",1,1,R3:820,R3:820,,included_primary,3,546,0.005494505494505495,-0.1173246827024038,-0.1173246827024038,P1P2,0.66366014684192298,0.9330731064418224,3,-0.12628845638304889,target_non_hit,779,0.09290242849784851,9.2902428497848508E-2,P1P2,0.17729546799675841,0.59606327220608135,3,0.31463773001968143,target_non_hit,779,0.01518483228110975,1.5184832281109751E-2,P1P2,0.99245145892259889,1,3,3.3519583127696452E-4,target_non_hit,779,-0.0288254369115221,-2.88254369115221E-2,P1P2,0.76736733177536121,0.98886734222361428,3,-2.6076757334457641E-2,target_non_hit,779,-0.03680662102821719,-3.680662102821719E-2,P1P2,0.74588536507187086,0.98145920689845034,3,-3.2971248028422287E-2,target_non_hit,779,False,False,True,True,True,-0.1446442857498023,-0.1446442857498023,-0.1446442857498023,-0.003233265544307052,-0.003233265544307052,-0.003233265544307052,[-1],"[""P1P2""]","[""AP5S1_-_3801224.23-P1P2|AP5S1_+_3801197.23-P1P2""]",True,True,False,processed/original_r3_records.csv
AP5Z1,R1:38585,AP5Z1;PRKDC,-0.271381459,False,True,True,True,True,True,True,"{""gamma_R2"": ""P1P2"", ""rho_ATMi_R2"": ""P1P2"", ""rho_ATRi_R2"": ""P1P2"", ""rho_R2"": ""P1P2"", ""rho_WEE1i_R2"": ""P1P2""}","{""gamma_R2"": ""780"", ""rho_ATMi_R2"": ""780"", ""rho_ATRi_R2"": ""780"", ""rho_R2"": ""780"", ""rho_WEE1i_R2"": ""780""}",1,1,R3:821,R3:821,,included_primary,3,546,0.005494505494505495,0.1335588695962337,0.1335588695962337,P1P2,0.17858684782337461,0.74786594381290028,3,0.60406492121413891,target_non_hit,780,-0.09219611062648037,-9.2196110626480365E-2,P1P2,0.79475694981200407,0.93062841315339584,3,-4.1463187169160247E-2,target_non_hit,780,0.109969243087625,0.109969243087625,P1P2,0.40747902479779352,0.86826089971311782,3,0.28761767132170468,target_non_hit,780,0.1002743739128403,0.1002743739128403,P1P2,0.53345185460754618,0.96583055127124895,3,0.21527491205438021,target_non_hit,780,0.05275719727641773,5.2757197276417728E-2,P1P2,0.42332150122536533,0.94305570001241068,3,0.13856707113695399,target_non_hit,780,False,False,True,True,True,-0.149877033565843,-0.149877033565843,-0.149877033565843,0.008987007909351334,0.008987007909351334,0.008987007909351334,[-1],"[""P1P2""]","[""AP5Z1_-_4815293.23-P1P2|AP5Z1_-_4815338.23-P1P2""]",False,True,True,processed/original_r3_records.csv
APBB1,R1:79392,APBB1;PRKDC,0.0,False,True,True,True,True,True,True,"{""gamma_R2"": ""P1P2"", ""rho_ATMi_R2"": ""P1P2"", ""rho_ATRi_R2"": ""P1P2"", ""rho_R2"": ""P1P2"", ""rho_WEE1i_R2"": ""P1P2""}","{""gamma_R2"": ""785"", ""rho_ATMi_R2"": ""785"", ""rho_ATRi_R2"": ""785"", ""rho_R2"": ""785"", ""rho_WEE1i_R2"": ""785""}",1,1,R3:826,R3:826,,included_primary,0,546,0.0,-0.1133916137236839,-0.11339161372368391,P1P2,0.52713968156834268,0.89747935282310054,3,-0.1906178944423324,target_non_hit,785,-0.4933952614557794,-0.49339526145577939,P1P2,0.215700456918234,0.61905476228073231,3,-1.481614737349626,target_non_hit,785,-0.2329514357620405,-0.2329514357620405,P1P2,0.31799726230101788,0.83876474551005464,3,-0.77753922567295164,target_non_hit,785,-0.1086988565964714,-0.1086988565964714,P1P2,0.43419660635563168,0.95705965795465298,3,-0.30981462579625019,target_non_hit,785,-0.07463784837169193,-7.4637848371691934E-2,P1P2,0.59815435514373427,0.9648416192564947,3,-0.1171961364512954,target_non_hit,785,False,False,False,True,True,0.5051092896498155,0.5051092896498155,0.5051092896498155,0.008248494062307484,0.008248494062307484,0.008248494062307484,[1],"[""P1P2""]","[""APBB1_-_6440248.23-P1P2|APBB1_-_6440251.23-P1P2""]",True,False,True,processed/original_r3_records.csv
APEX1,R1:25483,APEX1;PRKDC,-0.422963524,False,True,True,True,True,True,True,"{""gamma_R2"": ""P1P2"", ""rho_ATMi_R2"": ""P1P2"", ""rho_ATRi_R2"": ""P1P2"", ""rho_R2"": ""P1P2"", ""rho_WEE1i_R2"": ""P1P2""}","{""gamma_R2"": ""795"", ""rho_ATMi_R2"": ""795"", ""rho_ATRi_R2"": ""795"", ""rho_R2"": ""795"", ""rho_WEE1i_R2"": ""795""}",1,1,R3:838,R3:838,,included_primary,2,546,0.003663003663003663,-0.05682626794458759,-5.6826267944587588E-2,P1P2,0.75041407954348927,0.95466793137804895,3,-4.2838483823578417E-2,target_non_hit,795,-0.1111226334676741,-0.11112263346767411,P1P2,0.26701783778157301,0.65081014319720976,3,-0.2872595160328521,target_non_hit,795,-0.02744699506848362,-2.744699506848362E-2,P1P2,0.92869765641921953,0.99209898444471445,3,-5.914849309499268E-3,target_non_hit,795,0.08096940381235918,8.0969403812359175E-2,P1P2,0.31762599466153069,0.94481942392096563,3,0.31726037496949272,target_non_hit,795,-0.05737687667832484,-5.7376876678324841E-2,P1P2,0.72041412409323835,0.97956449385285516,3,-5.7489288225644718E-2,target_non_hit,795,False,False,True,True,True,-0.720063267031724,-0.720063267031724,-0.720063267031724,-0.01442311732565307,-0.01442311732565307,-0.01442311732565307,[-1],"[""P1P2""]","[""APEX1_-_20923425.23-P1P2|APEX1_+_20923418.23-P1P2""]",True,True,False,processed/original_r3_records.csv
APEX2,R1:33251,APEX2;PRKDC,-0.32570528,False,True,True,True,True,True,True,"{""gamma_R2"": ""P1P2"", ""rho_ATMi_R2"": ""P1P2"", ""rho_ATRi_R2"": ""P1P2"", ""rho_R2"": ""P1P2"", ""rho_WEE1i_R2"": ""P1P2""}","{""gamma_R2"": ""796"", ""rho_ATMi_R2"": ""796"", ""rho_ATRi_R2"": ""796"", ""rho_R2"": ""796"", ""rho_WEE1i_R2"": ""796""}",1,1,R3:839,R3:839,,included_primary,65,546,0.11904761904761904,0.1553964258376285,0.1553964258376285,P1P2,0.2776588148254267,0.80823219363827981,3,0.52278021301830901,target_non_hit,796,-0.2578968836752155,-0.25789688367521552,P1P2,3.496575883823605E-2,0.34718553754946618,3,-1.6931012548532489,target_non_hit,796,-0.04455338754760207,-4.4553387547602068E-2,P1P2,0.9005816790885377,0.98808902556173539,3,-1.3591533547490479E-2,target_non_hit,796,-0.4639780220095103,-0.46397802200951033,P1P2,7.0913101451898081E-3,0.69429156181565521,3,-7.8447919620872248,sensitivity_hit,796,-0.3260227156293468,-0.32602271562934682,P1P2,7.9763135450822836E-2,0.86965468980866423,3,-2.5189191936429829,target_non_hit,796,False,False,True,True,True,-0.8546930010357915,-0.8546930010357915,-0.8546930010357915,-0.02326539344949772,-0.02326539344949772,-0.02326539344949772,[-1],"[""P1P2""]","[""APEX2_+_55026846.23-P1P2|APEX2_+_55026814.23-P1P2""]",False,True,True,processed/original_r3_records.csv
APITD1,R1:80016,APITD1;PRKDC,0.0,False,True,True,True,True,True,True,"{""gamma_R2"": ""P1P2"", ""rho_ATMi_R2"": ""P1P2"", ""rho_ATRi_R2"": ""P1P2"", ""rho_R2"": ""P1P2"", ""rho_WEE1i_R2"": ""P1P2""}","{""gamma_R2"": ""801"", ""rho_ATMi_R2"": ""801"", ""rho_ATRi_R2"": ""801"", ""rho_R2"": ""801"", ""rho_WEE1i_R2"": ""801""}",1,1,R3:844,R3:844,,included_primary,6,546,0.01098901098901099,0.1196406651367208,0.11964066513672079,P1P2,7.3865745991537585E-2,0.63972867104134923,3,0.81842166131119931,target_non_hit,801,-0.4863073232799525,-0.48630732327995252,P1P2,0.16563163118458621,0.58748548615905061,3,-1.7117925798957849,target_non_hit,801,0.06389082812980183,6.3890828129801833E-2,P1P2,0.41395929059132719,0.86945975764761729,3,0.16416564606918019,target_non_hit,801,-0.1794114481213995,-0.1794114481213995,P1P2,0.30712483237352028,0.94481942392096563,3,-0.72359099551305273,target_non_hit,801,-0.05892151944287664,-5.8921519442876637E-2,P1P2,0.80721639003099799,0.98759927830449434,3,-3.8555783086433787E-2,target_non_hit,801,False,False,False,True,True,0.00784164754911961,0.00784164754911961,0.00784164754911961,-0.01792323272685141,-0.01792323272685141,-0.01792323272685141,[1],"[""P1P2""]","[""APITD1_-_10490853.23-P1P2|APITD1_-_10490864.23-P1P2""]",False,False,False,processed/original_r3_records.csv
APLF,R1:80252,APLF;PRKDC,0.0,False,True,True,True,True,True,True,"{""gamma_R2"": ""P1P2"", ""rho_ATMi_R2"": ""P1P2"", ""rho_ATRi_R2"": ""P1P2"", ""rho_R2"": ""P1P2"", ""rho_WEE1i_R2"": ""P1P2""}","{""gamma_R2"": ""802"", ""rho_ATMi_R2"": ""802"", ""rho_ATRi_R2"": ""802"", ""rho_R2"": ""802"", ""rho_WEE1i_R2"": ""802""}",1,1,R3:845,R3:845,,included_primary,3,546,0.005494505494505495,0.6556054630912833,0.65560546309128331,P1P2,3.9542417736007571E-2,0.57983253349392838,3,5.5603555106416547,target_non_hit,802,0.007784582318165846,7.7845823181658461E-3,P1P2,0.78014152476098686,0.92480095759199676,3,3.78381787674757E-3,target_non_hit,802,0.4413736599535314,0.44137365995353139,P1P2,1.7995803634525281E-2,0.59805470387906134,3,5.1660210714355488,target_non_hit,802,0.272306056947309,0.27230605694730903,P1P2,0.18375617981686271,0.93489129238435131,3,1.5761032177173631,target_non_hit,802,0.1747807622142878,0.17478076221428779,P1P2,0.26486387844544329,0.91097167189033423,3,0.70947670915259309,target_non_hit,802,False,False,False,True,True,0.1490475998492861,0.1490475998492861,0.1490475998492861,-0.01768079146208867,-0.01768079146208867,-0.01768079146208867,[1],"[""P1P2""]","[""APLF_-_68694726.23-P1P2|APLF_+_68694742.23-P1P2""]",False,False,False,processed/original_r3_records.csv
ASCC1,R1:44311,ASCC1;PRKDC,-0.220740488,False,True,True,True,True,True,True,"{""gamma_R2"": ""P1P2"", ""rho_ATMi_R2"": ""P1P2"", ""rho_ATRi_R2"": ""P1P2"", ""rho_R2"": ""P1P2"", ""rho_WEE1i_R2"": ""P1P2""}","{""gamma_R2"": ""1076"", ""rho_ATMi_R2"": ""1076"", ""rho_ATRi_R2"": ""1076"", ""rho_R2"": ""1076"", ""rho_WEE1i_R2"": ""1076""}",1,1,R3:1142,R3:1142,,included_primary,10,545,0.01834862385321101,0.09381110405856763,9.3811104058567629E-2,P1P2,0.29552469845141738,0.81824185787323267,3,0.30023766874200608,target_non_hit,1076,-0.1150401119609713,-0.1150401119609713,P1P2,0.68384237160615224,0.88190075772810461,3,-8.5589008622892232E-2,target_non_hit,1076,0.03236341699777645,3.2363416997776451E-2,P1P2,0.69601700041767955,0.94668325321435909,3,3.4166562169689253E-2,target_non_hit,1076,-0.2551338343558456,-0.25513383435584558,P1P2,0.35098222765951181,0.94958842379854158,3,-0.91264010655797867,target_non_hit,1076,-0.1603153270394889,-0.16031532703948889,P1P2,0.35708011060157152,0.93147342549929757,3,-0.50442429996117666,target_non_hit,1076,False,False,False,True,True,0.3483675563455401,0.3483675563455401,0.3483675563455401,0.01104859095253768,0.01104859095253768,0.01104859095253768,[1],"[""P1P2""]","[""ASCC1_-_73975994.23-P1P2|ASCC1_-_73975670.23-P1P2""]",False,False,False,processed/original_r3_records.csv
ASCC2,R1:15028,ASCC2;PRKDC,-0.616166978,False,True,True,True,True,True,True,"{""gamma_R2"": ""P1P2"", ""rho_ATMi_R2"": ""P1P2"", ""rho_ATRi_R2"": ""P1P2"", ""rho_R2"": ""P1P2"", ""rho_WEE1i_R2"": ""P1P2""}","{""gamma_R2"": ""1077"", ""rho_ATMi_R2"": ""1077"", ""rho_ATRi_R2"": ""1077"", ""rho_R2"": ""1077"", ""rho_WEE1i_R2"": ""1077""}",1,1,R3:1143,R3:1143,,included_primary,13,546,0.023809523809523808,-0.1028508330785158,-0.10285083307851579,P1P2,0.73324297103454761,0.95030467617555192,3,-8.3784797316719312E-2,target_non_hit,1077,-0.2952223309601832,-0.29522233096018319,P1P2,1.2255173857334319E-2,0.2036578574968014,3,-2.5440960139182378,target_non_hit,1077,-0.05761124610386952,-5.7611246103869522E-2,P1P2,0.59901819687642743,0.92648462267281084,3,-8.6010466428581581E-2,target_non_hit,1077,-0.1167762659325736,-0.11677626593257361,P1P2,0.31149570408072658,0.94481942392096563,3,-0.46533687609335889,target_non_hit,1077,-0.312173022198925,-0.31217302219892501,P1P2,0.16597584608591509,0.89700653739935565,3,-1.712974068855647,target_non_hit,1077,False,False,False,True,True,0.8417264995348028,0.8417264995348028,0.8417264995348028,-0.0541551720877072,-0.0541551720877072,-0.0541551720877072,[1],"[""P1P2""]","[""ASCC2_+_30234214.23-P1P2|ASCC2_+_30234208.23-P1P2""]",True,False,True,processed/original_r3_records.csv
ASCC3,R1:11264,ASCC3;PRKDC,-0.720797971,False,True,True,True,True,True,True,"{""gamma_R2"": ""P1P2"", ""rho_ATMi_R2"": ""P1P2"", ""rho_ATRi_R2"": ""P1P2"", ""rho_R2"": ""P1P2"", ""rho_WEE1i_R2"": ""P1P2""}","{""gamma_R2"": ""1078"", ""rho_ATMi_R2"": ""1078"", ""rho_ATRi_R2"": ""1078"", ""rho_R2"": ""1078"", ""rho_WEE1i_R2"": ""1078""}",1,1,R3:1144,R3:1144,,included_primary,56,546,0.10256410256410256,-1.158347963257171,-1.1583479632571709,P1P2,5.0407306129159092E-2,0.60918705848999699,3,-9.0859528814724069,sensitivity_hit,1078,-2.796288738951745,-2.7962887389517448,P1P2,7.4128246746919257E-3,0.15955061680206961,3,-26.849358388240208,essential_hit,1078,-0.3893567452352323,-0.38935674523523228,P1P2,0.31934923729337888,0.84006213653083983,3,-1.294772488051432,target_non_hit,1078,0.03850837551490793,3.8508375514907933E-2,P1P2,0.87408670628484897,0.99596968219699011,3,1.77051046108226E-2,target_non_hit,1078,-0.944665540795956,-0.94466554079595599,P1P2,0.16879269791513801,0.89700653739935565,3,-5.135049576329628,target_non_hit,1078,False,False,False,True,True,1.10562660272916,1.10562660272916,1.10562660272916,-0.3150238573448243,-0.3150238573448243,-0.3150238573448243,[1],"[""P1P2""]","[""ASCC3_-_101329197.23-P1P2|ASCC3_-_101329193.23-P1P2""]",True,False,True,processed/original_r3_records.csv
ASF1A,R1:23933,ASF1A;PRKDC,-0.445690758,False,True,True,True,True,True,True,"{""gamma_R2"": ""P1P2"", ""rho_ATMi_R2"": ""P1P2"", ""rho_ATRi_R2"": ""P1P2"", ""rho_R2"": ""P1P2"", ""rho_WEE1i_R2"": ""P1P2""}","{""gamma_R2"": ""1084"", ""rho_ATMi_R2"": ""1084"", ""rho_ATRi_R2"": ""1084"", ""rho_R2"": ""1084"", ""rho_WEE1i_R2"": ""1084""}",1,1,R3:1150,R3:1150,,included_primary,2,546,0.003663003663003663,0.3727514824429,0.37275148244290002,P1P2,7.1326729356706683E-2,0.63788902301007078,3,2.584099000693072,target_non_hit,1084,-0.7181739689980935,-0.71817396899809349,P1P2,1.4017570314249659E-3,5.9106916899588802E-2,3,-9.2374100356949835,essential_hit,1084,0.4533562093226114,0.45335620932261139,P1P2,3.3799148383610901E-2,0.63662399796742464,3,4.4738046396991482,target_non_hit,1084,-0.2257386323245865,-0.22573863232458649,P1P2,0.130557871318394,0.92862074578022791,3,-1.57017200733264,target_non_hit,1084,-0.438333753167172,-0.43833375316717199,P1P2,8.1825223487093632E-2,0.86965468980866423,3,-3.3524733636481741,target_non_hit,1084,False,False,True,True,True,-0.4949661539844946,-0.4949661539844946,-0.4949661539844946,0.01738617072478429,0.01738617072478429,0.01738617072478429,[-1],"[""P1P2""]","[""ASF1A_-_119215324.23-P1P2|ASF1A_-_119215607.23-P1P2""]",False,True,True,processed/original_r3_records.csv
ASTE1,R1:81545,ASTE1;PRKDC,0.0,False,True,True,True,True,True,True,"{""gamma_R2"": ""P1P2"", ""rho_ATMi_R2"": ""P1P2"", ""rho_ATRi_R2"": ""P1P2"", ""rho_R2"": ""P1P2"", ""rho_WEE1i_R2"": ""P1P2""}","{""gamma_R2"": ""1114"", ""rho_ATMi_R2"": ""1114"", ""rho_ATRi_R2"": ""1114"", ""rho_R2"": ""1114"", ""rho_WEE1i_R2"": ""1114""}",1,1,R3:1181,R3:1181,,included_primary,1,546,0.0018315018315018315,0.04387732170090328,4.3877321700903277E-2,P1P2,0.3963226310820781,0.85284117169740747,3,0.1066191599242329,target_non_hit,1114,-0.01705206061593337,-1.7052060615933371E-2,P1P2,0.61846071628327848,0.8539346203188547,3,-1.604142976001607E-2,target_non_hit,1114,0.0682169149107589,6.8216914910758902E-2,P1P2,0.37144652117668331,0.85759630427458722,3,0.19681681956991051,target_non_hit,1114,0.07533189741044102,7.5331897410441023E-2,P1P2,0.63796257178266802,0.97864229451300844,3,0.1156809196035871,target_non_hit,1114,0.1567378741872279,0.1567378741872279,P1P2,0.19013263534055849,0.90205324302628898,3,0.79498858787198989,target_non_hit,1114,False,False,True,True,True,-0.2896260086430449,-0.2896260086430449,-0.2896260086430449,0.00166978266865478,0.00166978266865478,0.00166978266865478,[-1],"[""P1P2""]","[""ASTE1_+_130745613.23-P1P2|ASTE1_-_130745586.23-P1P2""]",False,True,True,processed/original_r3_records.csv
ATM,R1:8804,ATM;PRKDC,-0.805176576,False,True,True,True,True,True,True,"{""gamma_R2"": ""P1P2"", ""rho_ATMi_R2"": ""P1P2"", ""rho_ATRi_R2"": ""P1P2"", ""rho_R2"": ""P1P2"", ""rho_WEE1i_R2"": ""P1P2""}","{""gamma_R2"": ""1165"", ""rho_ATMi_R2"": ""1165"", ""rho_ATRi_R2"": ""1165"", ""rho_R2"": ""1165"", ""rho_WEE1i_R2"": ""1165""}",1,1,R3:1232,R3:1232,,included_primary,7,546,0.01282051282051282,-0.7201583894483302,-0.72015838944833022,P1P2,1.7138801399023181E-2,0.48756070568141868,3,-7.6885674217944517,sensitivity_hit,1165,-0.1947548595025147,-0.1947548595025147,P1P2,0.25024439191459791,0.64143914702930405,3,-0.52819080926827366,target_non_hit,1165,-0.1017147146656132,-0.1017147146656132,P1P2,0.59420102406262609,0.92437508931393053,3,-0.15424714954715091,target_non_hit,1165,-0.773564980108661,-0.77356498010866104,P1P2,4.1319427437694562E-4,0.28304532697056523,3,-20.592054857971188,sensitivity_hit,1165,0.04256358974019658,4.2563589740196577E-2,P1P2,0.34201101038892562,0.93078178178317506,3,0.13953161343872059,target_non_hit,1165,False,False,True,True,True,-1.65301835913337,-1.65301835913337,-1.65301835913337,0.006982725133623645,0.006982725133623645,0.006982725133623645,[-1],"[""P1P2""]","[""ATM_-_108093829.23-P1P2|ATM_-_108093813.23-P1P2""]",True,True,False,processed/original_r3_records.csv
ATXN3,R1:82231,ATXN3;PRKDC,0.0,False,True,True,True,True,True,True,"{""gamma_R2"": ""P1P2"", ""rho_ATMi_R2"": ""P1P2"", ""rho_ATRi_R2"": ""P1P2"", ""rho_R2"": ""P1P2"", ""rho_WEE1i_R2"": ""P1P2""}","{""gamma_R2"": ""1271"", ""rho_ATMi_R2"": ""1271"", ""rho_ATRi_R2"": ""1271"", ""rho_R2"": ""1271"", ""rho_WEE1i_R2"": ""1271""}",1,1,R3:1337,R3:1337,,included_primary,0,546,0.0,0.3966064378206626,0.39660643782066263,P1P2,1.4895081411016159E-3,0.25131757844853753,3,6.7779892429218371,resistance_hit,1271,0.1436449814428029,0.14364498144280291,P1P2,0.16347450721312201,0.58544165564359962,3,0.50931415889574938,target_non_hit,1271,0.17369084041891,0.17369084041891,P1P2,0.11634324763407319,0.73533053188746567,3,1.0885316810006309,target_non_hit,1271,0.2769373340636573,0.27693733406365728,P1P2,8.250855356573019E-3,0.72310466388371775,3,4.5390771000786616,target_non_hit,1271,0.2683292798352466,0.26832927983524663,P1P2,7.578611036694073E-3,0.61906787978819411,3,4.0028913261069032,target_non_hit,1271,False,False,False,True,True,0.1798109117229164,0.1798109117229164,0.1798109117229164,0.03298271700685546,0.03298271700685546,0.03298271700685546,[1],"[""P1P2""]","[""ATXN3_+_92572912.23-P1P2|ATXN3_-_92572804.23-P1P2""]",False,False,False,processed/original_r3_records.csv
AUNIP,R1:82474,AUNIP;PRKDC,0.0,False,True,True,True,True,True,True,"{""gamma_R2"": ""P1P2"", ""rho_ATMi_R2"": ""P1P2"", ""rho_ATRi_R2"": ""P1P2"", ""rho_R2"": ""P1P2"", ""rho_WEE1i_R2"": ""P1P2""}","{""gamma_R2"": ""1279"", ""rho_ATMi_R2"": ""1279"", ""rho_ATRi_R2"": ""1279"", ""rho_R2"": ""1279"", ""rho_WEE1i_R2"": ""1279""}",1,1,R3:1346,R3:1346,,included_primary,3,546,0.005494505494505495,-0.01706273648409799,-1.7062736484097989E-2,P1P2,0.72539744043359367,0.9480080353315008,3,-1.4381628235515221E-2,target_non_hit,1279,-0.334248158419042,-0.33424815841904199,P1P2,5.9388768578481708E-2,0.42907087926839121,3,-1.8477074014188659,target_non_hit,1279,0.03133493216520729,3.1334932165207288E-2,P1P2,0.37033247505856132,0.85714296509404764,3,9.0680542242401685E-2,target_non_hit,1279,0.02841825142246446,2.8418251422464461E-2,P1P2,0.85672121100503951,0.99453093672288495,3,1.501424440040872E-2,target_non_hit,1279,0.05211166649760778,5.2111666497607782E-2,P1P2,0.60742882669468679,0.96678720620455882,3,7.9375761707980136E-2,target_non_hit,1279,False,False,False,True,True,0.2585027301708394,0.2585027301708394,0.2585027301708394,0.005174632712630575,0.005174632712630575,0.005174632712630575,[1],"[""P1P2""]","[""AUNIP_-_26185881.23-P1P2|AUNIP_+_26185653.23-P1P2""]",True,False,True,processed/original_r3_records.csv
BABAM1,R1:82925,BABAM1;PRKDC,0.0,False,True,True,True,True,True,True,"{""gamma_R2"": ""P1P2"", ""rho_ATMi_R2"": ""P1P2"", ""rho_ATRi_R2"": ""P1P2"", ""rho_R2"": ""P1P2"", ""rho_WEE1i_R2"": ""P1P2""}","{""gamma_R2"": ""1341"", ""rho_ATMi_R2"": ""1341"", ""rho_ATRi_R2"": ""1341"", ""rho_R2"": ""1341"", ""rho_WEE1i_R2"": ""1341""}",1,1,R3:1413,R3:1413,,included_primary,3,546,0.005494505494505495,0.05786289547354769,5.7862895473547692E-2,P1P2,0.59431419639949201,0.91530006606799541,3,7.9049576553219952E-2,target_non_hit,1341,0.2289947222655007,0.22899472226550069,P1P2,1.170195556684164E-2,0.19882697017407069,3,1.9940841090076671,target_non_hit,1341,0.3601334846063746,0.36013348460637462,P1P2,1.207881646692319E-2,0.57215294347317358,3,4.633439926053347,target_non_hit,1341,0.1088140890484376,0.1088140890484376,P1P2,0.54084983242150364,0.96699808775421714,3,0.2284882917348266,target_non_hit,1341,0.3020964706960613,0.30209647069606133,P1P2,1.8775628291541061E-2,0.74494277208833248,3,3.6692244643124678,target_non_hit,1341,False,False,True,True,True,-0.4413209459848379,-0.4413209459848379,-0.4413209459848379,0.04869854325210163,0.04869854325210163,0.04869854325210163,[-1],"[""P1P2""]","[""BABAM1_-_17378310.23-P1P2|BABAM1_-_17378297.23-P1P2""]",False,True,True,processed/original_r3_records.csv
BACH1,R1:83198,BACH1;PRKDC,0.0,False,True,True,True,True,True,True,"{""gamma_R2"": ""P1P2"", ""rho_ATMi_R2"": ""P1P2"", ""rho_ATRi_R2"": ""P1P2"", ""rho_R2"": ""P1P2"", ""rho_WEE1i_R2"": ""P1P2""}","{""gamma_R2"": ""1344"", ""rho_ATMi_R2"": ""1344"", ""rho_ATRi_R2"": ""1344"", ""rho_R2"": ""1344"", ""rho_WEE1i_R2"": ""1344""}",1,1,R3:1416,R3:1416,,included_primary,0,546,0.0,-0.09424504664164499,-9.4245046641644986E-2,P1P2,0.56671664991766402,0.90800095475695553,3,-0.14051847374221729,target_non_hit,1344,-0.1987906622915944,-0.19879066229159439,P1P2,0.15282815912832551,0.57831112701095022,3,-0.73104962443396704,target_non_hit,1344,-0.09364913268726069,-9.3649132687260689E-2,P1P2,0.37660827322789481,0.85886709762198477,3,-0.26642769718496517,target_non_hit,1344,-0.1086451843816324,-0.1086451843816324,P1P2,0.1106863694295475,0.92027016369044856,3,-0.81699225198540637,target_non_hit,1344,0.08582868973420539,8.5828689734205391E-2,P1P2,0.26877705555304587,0.91097167189033423,3,0.34455297600819851,target_non_hit,1344,False,False,False,True,True,0.5416685808928542,0.5416685808928542,0.5416685808928542,-0.03362231173470733,-0.03362231173470733,-0.03362231173470733,[1],"[""P1P2""]","[""BACH1_-_30671373.23-P1P2|BACH1_-_30671379.23-P1P2""]",True,False,True,processed/original_r3_records.csv
BARD1,R1:83409,BARD1;PRKDC,0.0,False,True,True,True,True,True,True,"{""gamma_R2"": ""P1P2"", ""rho_ATMi_R2"": ""P1P2"", ""rho_ATRi_R2"": ""P1P2"", ""rho_R2"": ""P1P2"", ""rho_WEE1i_R2"": ""P1P2""}","{""gamma_R2"": ""1370"", ""rho_ATMi_R2"": ""1370"", ""rho_ATRi_R2"": ""1370"", ""rho_R2"": ""1370"", ""rho_WEE1i_R2"": ""1370""}",1,1,R3:1444,R3:1444,,included_primary,89,546,0.163003663003663,-0.7738429756429498,-0.77384297564294979,P1P2,0.13337344622964031,0.71359564194698799,3,-4.0930623365922063,target_non_hit,1370,-1.840048949548535,-1.840048949548535,P1P2,8.8359262611138029E-4,4.4690100620654087E-2,3,-25.329786969909311,essential_hit,1370,-0.550156649392758,-0.55015664939275799,P1P2,8.6240533856747792E-2,0.71694284269962871,3,-3.927739835428139,target_non_hit,1370,-0.5658152149415325,-0.56581521494153253,P1P2,1.269739076869058E-3,0.4418746778804345,3,-12.89164469811112,sensitivity_hit,1370,0.07237032832778953,7.2370328327789529E-2,P1P2,0.53587736238884198,0.9590623849937937,3,0.13794653889688649,target_non_hit,1370,False,False,True,True,True,-2.181131162514744,-2.181131162514744,-2.181131162514744,-0.3455335671213193,-0.3455335671213193,-0.3455335671213193,[-1],"[""P1P2""]","[""BARD1_+_215674388.23-P1P2|BARD1_+_215674399.23-P1P2""]",True,True,False,processed/original_r3_records.csv
BLM,R1:84101,BLM;PRKDC,0.0,False,True,True,True,True,True,True,"{""gamma_R2"": ""P1P2"", ""rho_ATMi_R2"": ""P1P2"", ""rho_ATRi_R2"": ""P1P2"", ""rho_R2"": ""P1P2"", ""rho_WEE1i_R2"": ""P1P2""}","{""gamma_R2"": ""1499"", ""rho_ATMi_R2"": ""1499"", ""rho_ATRi_R2"": ""1499"", ""rho_R2"": ""1499"", ""rho_WEE1i_R2"": ""1499""}",1,1,R3:1584,R3:1584,,included_primary,24,546,0.04395604395604396,-0.0635543593989277,-6.3554359398927701E-2,P1P2,0.73754118008314418,0.95117976138993532,3,-5.0797669189836803E-2,target_non_hit,1499,-0.3947312308196688,-0.39473123081966882,P1P2,7.7741616404455455E-2,0.4714266331083522,3,-1.9739568616448999,target_non_hit,1499,-0.4392924486327884,-0.43929244863278838,P1P2,1.278771398334916E-2,0.57215294347317358,3,-5.5789030035396081,target_non_hit,1499,-0.6126288437549031,-0.61262884375490312,P1P2,1.8845656689603019E-2,0.84038900974055153,3,-8.3123855477599555,sensitivity_hit,1499,-0.1752210488692791,-0.17522104886927911,P1P2,0.44546993792239631,0.94496753844195269,3,-0.43291620200783548,target_non_hit,1499,False,False,False,True,True,0.9506836549339868,0.9506836549339868,0.9506836549339868,-0.1064122655126067,-0.1064122655126067,-0.1064122655126067,[1],"[""P1P2""]","[""BLM_-_91260635.23-P1P2|BLM_-_91260700.23-P1P2""]",True,False,True,processed/original_r3_records.csv
BRCC3,R1:84693,BRCC3;PRKDC,0.0,False,True,True,True,True,True,True,"{""gamma_R2"": ""P1P2"", ""rho_ATMi_R2"": ""P1P2"", ""rho_ATRi_R2"": ""P1P2"", ""rho_R2"": ""P1P2"", ""rho_WEE1i_R2"": ""P1P2""}","{""gamma_R2"": ""1568"", ""rho_ATMi_R2"": ""1568"", ""rho_ATRi_R2"": ""1568"", ""rho_R2"": ""1568"", ""rho_WEE1i_R2"": ""1568""}",1,1,R3:1657,R3:1657,,included_primary,3,546,0.005494505494505495,-0.2966094240531881,-0.29660942405318808,P1P2,0.34945559609604199,0.83765583193996529,3,-0.8187481980198491,target_non_hit,1568,-0.4164089395153733,-0.41640893951537328,P1P2,0.49291118458279243,0.78935947765384729,3,-0.57670606469915986,target_non_hit,1568,0.1118591290871408,0.1118591290871408,P1P2,0.3287173042433395,0.84370404554870393,3,0.36255594234921651,target_non_hit,1568,0.0695442887930205,6.9544288793020506E-2,P1P2,0.75471442768750108,0.98834196203571967,3,6.6863123122940266E-2,target_non_hit,1568,-0.2927827349032763,-0.29278273490327628,P1P2,0.53341765543162822,0.9590623849937937,3,-0.56219465238807698,target_non_hit,1568,False,False,True,True,True,-0.3501663517376647,-0.3501663517376647,-0.3501663517376647,-0.1037215298561846,-0.1037215298561846,-0.1037215298561846,[-1],"[""P1P2""]","[""BRCC3_-_154299791.23-P1P2|BRCC3_-_154299779.23-P1P2""]",True,True,False,processed/original_r3_records.csv
BRD8,R1:14960,BRD8;PRKDC,-0.617774112,False,True,True,True,True,True,True,"{""gamma_R2"": ""P1P2"", ""rho_ATMi_R2"": ""P1P2"", ""rho_ATRi_R2"": ""P1P2"", ""rho_R2"": ""P1P2"", ""rho_WEE1i_R2"": ""P1P2""}","{""gamma_R2"": ""1574"", ""rho_ATMi_R2"": ""1574"", ""rho_ATRi_R2"": ""1574"", ""rho_R2"": ""1574"", ""rho_WEE1i_R2"": ""1574""}",1,1,R3:1664,R3:1664,,included_primary,13,546,0.023809523809523808,-0.1120592750845688,-0.1120592750845688,P1P2,0.68504348715987518,0.93846775663618298,3,-0.1112908117618218,target_non_hit,1574,-1.41080293844296,-1.4108029384429599,P1P2,2.4094658065695111E-2,0.29207477043049851,3,-10.29046776517605,essential_hit,1574,-0.505721554472542,-0.50572155447254197,P1P2,0.1190314100853479,0.73671909308963512,3,-3.1357354895477432,target_non_hit,1574,0.1898194331287271,0.18981943312872709,P1P2,9.0500554387565171E-2,0.91517053186783004,3,1.557982267252974,target_non_hit,1574,0.2670882644459939,0.26708826444599387,P1P2,6.9770536605233274E-2,0.84813163709770012,3,2.1728094277516772,target_non_hit,1574,False,False,False,True,True,0.2551113182188627,0.2551113182188627,0.2551113182188627,-0.1080822402119398,-0.1080822402119398,-0.1080822402119398,[1],"[""P1P2""]","[""BRD8_+_137514287.23-P1P2|BRD8_+_137513959.23-P1P2""]",True,False,True,processed/original_r3_records.csv
BRE,R1:24688,BRE;PRKDC,-0.434240571,False,True,True,True,True,True,True,"{""gamma_R2"": ""P1P2"", ""rho_ATMi_R2"": ""P1P2"", ""rho_ATRi_R2"": ""P1P2"", ""rho_R2"": ""P1P2"", ""rho_WEE1i_R2"": ""P1P2""}","{""gamma_R2"": ""1577"", ""rho_ATMi_R2"": ""1577"", ""rho_ATRi_R2"": ""1577"", ""rho_R2"": ""1577"", ""rho_WEE1i_R2"": ""1577""}",1,1,R3:1667,R3:1667,,included_primary,1,545,0.001834862385321101,-0.2020319009401187,-0.20203190094011869,P1P2,0.25619289967866699,0.79627082867230747,3,-0.72234942698200022,target_non_hit,1577,0.1763811202014323,0.17638112020143229,P1P2,3.1914936424214682E-2,0.33319534963098568,3,1.189472521596904,target_non_hit,1577,0.1072535999895375,0.1072535999895375,P1P2,0.1417161494315943,0.75335165641537327,3,0.61052289866761311,target_non_hit,1577,-0.1637436841811253,-0.16374368418112531,P1P2,0.30989329529595028,0.94481942392096563,3,-0.65538062378042183,target_non_hit,1577,0.1667594767729745,0.16675947677297451,P1P2,0.1007779885142093,0.87492912126245792,3,1.169262906333111,target_non_hit,1577,False,False,False,True,True,0.4903348692327376,0.4903348692327376,0.4903348692327376,-0.009589719072825022,-0.009589719072825022,-0.009589719072825022,[1],"[""P1P2""]","[""BRE_-_28113815.23-P1P2|BRE_+_28113682.23-P1P2""]",True,False,True,processed/original_r3_records.csv
BRIP1,R1:85518,BRIP1;PRKDC,0.0,False,True,True,True,True,True,True,"{""gamma_R2"": ""P1P2"", ""rho_ATMi_R2"": ""P1P2"", ""rho_ATRi_R2"": ""P1P2"", ""rho_R2"": ""P1P2"", ""rho_WEE1i_R2"": ""P1P2""}","{""gamma_R2"": ""1586"", ""rho_ATMi_R2"": ""1586"", ""rho_ATRi_R2"": ""1586"", ""rho_R2"": ""1586"", ""rho_WEE1i_R2"": ""1586""}",1,1,R3:1677,R3:1677,,included_primary,8,545,0.014678899082568808,0.02198204696278501,2.198204696278501E-2,P1P2,0.47597200672983048,0.8809378388701451,3,4.2845981780869777E-2,target_non_hit,1586,-0.2427370441294867,-0.24273704412948671,P1P2,0.13022223371171521,0.55256002363699541,3,-0.96873009040724434,target_non_hit,1586,-0.04337267536956564,-4.3372675369565641E-2,P1P2,0.82287281173143989,0.9744968036872288,3,-2.4633652245035061E-2,target_non_hit,1586,0.01440992853269426,1.4409928532694259E-2,P1P2,0.60429650023379344,0.97616518933562746,3,2.4797166919195219E-2,target_non_hit,1586,-0.1985319383926673,-0.19853193839266731,P1P2,0.15644070119901521,0.89700653739935565,3,-1.1252855437774969,target_non_hit,1586,False,False,False,True,True,0.4709228193240758,0.4709228193240758,0.4709228193240758,-0.00303473378768251,-0.00303473378768251,-0.00303473378768251,[1],"[""P1P2""]","[""BRIP1_-_59940486.23-P1P2|BRIP1_+_59940833.23-P1P2""]",False,False,False,processed/original_r3_records.csv
BTG2,R1:36638,BTG2;PRKDC,-0.290265969,False,True,True,True,True,True,True,"{""gamma_R2"": ""P1P2"", ""rho_ATMi_R2"": ""P1P2"", ""rho_ATRi_R2"": ""P1P2"", ""rho_R2"": ""P1P2"", ""rho_WEE1i_R2"": ""P1P2""}","{""gamma_R2"": ""1628"", ""rho_ATMi_R2"": ""1628"", ""rho_ATRi_R2"": ""1628"", ""rho_R2"": ""1628"", ""rho_WEE1i_R2"": ""1628""}",1,1,R3:1721,R3:1721,,included_primary,5,546,0.009157509157509158,-0.04700766520128985,-4.700766520128985E-2,P1P2,0.96400922232982766,0.99650982805717236,3,-4.5237772436928182E-3,target_non_hit,1628,0.09991985283565694,9.9919852835656936E-2,P1P2,0.2096452229454788,0.61553594545978174,3,0.30561891853423617,target_non_hit,1628,-0.04420581121597571,-4.4205811215975707E-2,P1P2,0.98134490525151352,0.99956138671458483,3,-2.4251624408971112E-3,target_non_hit,1628,-0.1637878864586044,-0.1637878864586044,P1P2,0.3062373890526211,0.94481942392096563,3,-0.66219827100920858,target_non_hit,1628,-0.05189469600217741,-5.1894696002177408E-2,P1P2,0.69668796932407684,0.9772363449571384,3,-5.7306310435587447E-2,target_non_hit,1628,False,False,False,True,True,0.3653020156839604,0.3653020156839604,0.3653020156839604,-0.009161481956080875,-0.009161481956080875,-0.009161481956080875,[1],"[""P1P2""]","[""BTG2_+_203274694.23-P1P2|BTG2_-_203274644.23-P1P2""]",True,False,True,processed/original_r3_records.csv
C11orf30,R1:53998,C11orf30;PRKDC,-0.145572926,False,True,True,True,True,True,True,"{""gamma_R2"": ""P1P2"", ""rho_ATMi_R2"": ""P1P2"", ""rho_ATRi_R2"": ""P1P2"", ""rho_R2"": ""P1P2"", ""rho_WEE1i_R2"": ""P1P2""}","{""gamma_R2"": ""1687"", ""rho_ATMi_R2"": ""1687"", ""rho_ATRi_R2"": ""1687"", ""rho_R2"": ""1687"", ""rho_WEE1i_R2"": ""1687""}",1,1,R3:1781,R3:1781,,included_primary,29,546,0.05311355311355311,-0.4527236630790365,-0.4527236630790365,P1P2,0.13456068245920369,0.7140021341438556,3,-2.3840427516585079,target_non_hit,1687,-0.5273213764702869,-0.52732137647028687,P1P2,3.0307862108310902E-4,2.2909541412526289E-2,3,-8.3636352309630677,essential_hit,1687,-0.4987418333060144,-0.4987418333060144,P1P2,6.6063359698412261E-2,0.6981082389131813,3,-3.947928114634935,target_non_hit,1687,-0.3472889385517637,-0.34728893855176368,P1P2,2.6065552983851721E-2,0.86447264228200982,3,-4.3273309152481483,target_non_hit,1687,-0.3533350808173689,-0.35333508081736892,P1P2,4.2503671265111981E-2,0.79496265925318599,3,-3.4095076906640762,target_non_hit,1687,False,False,True,True,True,-0.7607066109320173,-0.7607066109320173,-0.7607066109320173,-0.08906895533177439,-0.08906895533177439,-0.08906895533177439,[-1],"[""P1P2""]","[""C11orf30_+_76156106.23-P1P2|C11orf30_+_76156112.23-P1P2""]",True,True,False,processed/original_r3_records.csv
C12orf5,R1:86222,C12orf5;PRKDC,0.0,False,True,True,True,True,True,True,"{""gamma_R2"": ""P1P2"", ""rho_ATMi_R2"": ""P1P2"", ""rho_ATRi_R2"": ""P1P2"", ""rho_R2"": ""P1P2"", ""rho_WEE1i_R2"": ""P1P2""}","{""gamma_R2"": ""1731"", ""rho_ATMi_R2"": ""1731"", ""rho_ATRi_R2"": ""1731"", ""rho_R2"": ""1731"", ""rho_WEE1i_R2"": ""1731""}",1,1,R3:1827,R3:1827,,included_primary,5,546,0.009157509157509158,0.00951668928957113,9.5166892895711293E-3,P1P2,0.68906674208518748,0.93910606400175678,3,9.3051153761535086E-3,target_non_hit,1731,-0.04002151551768766,-4.0021515517687657E-2,P1P2,0.7722456883479567,0.92144010936513743,3,-2.0250120286309781E-2,target_non_hit,1731,-0.1299441364702276,-0.12994413647022759,P1P2,0.29434294559337909,0.8297213592060827,3,-0.46298599625461467,target_non_hit,1731,0.05408998614531975,5.4089986145319749E-2,P1P2,0.66263138749931949,0.98001910888091892,3,7.6050450426726382E-2,target_non_hit,1731,-0.0338142518441907,-3.38142518441907E-2,P1P2,0.84822966458789084,0.99194482496961855,3,-1.7006302235246389E-2,target_non_hit,1731,False,False,False,True,True,0.4642248128794984,0.4642248128794984,0.4642248128794984,0.008204371061028943,0.008204371061028943,0.008204371061028943,[1],"[""P1P2""]","[""C12orf5_-_4430394.23-P1P2|C12orf5_-_4430419.23-P1P2""]",False,False,False,processed/original_r3_records.csv
C14orf39,R1:25725,C14orf39;PRKDC,-0.419959264,False,True,True,True,True,True,True,"{""gamma_R2"": ""P1P2"", ""rho_ATMi_R2"": ""P1P2"", ""rho_ATRi_R2"": ""P1P2"", ""rho_R2"": ""P1P2"", ""rho_WEE1i_R2"": ""P1P2""}","{""gamma_R2"": ""1771"", ""rho_ATMi_R2"": ""1771"", ""rho_ATRi_R2"": ""1771"", ""rho_R2"": ""1771"", ""rho_WEE1i_R2"": ""1771""}",1,1,R3:1867,R3:1867,,included_primary,2,546,0.003663003663003663,0.1164434129373073,0.1164434129373073,P1P2,0.31207325073081998,0.82601459197727589,3,0.35601401276313771,target_non_hit,1771,0.06249195410095269,6.2491954100952693E-2,P1P2,0.33313501289274,0.69465431118188714,3,0.13447979787013631,target_non_hit,1771,-0.08664369563580365,-8.6643695635803653E-2,P1P2,0.69113337233301975,0.94596228332149246,3,-9.3248429753067005E-2,target_non_hit,1771,-0.1301272644509498,-0.1301272644509498,P1P2,7.0519639003205015E-2,0.90290527743143645,3,-1.178952206153564,target_non_hit,1771,-0.02466139312238713,-2.4661393122387128E-2,P1P2,0.74233348510868746,0.98145920689845034,3,-2.2451268302010739E-2,target_non_hit,1771,False,False,False,True,True,0.03758292288157183,0.03758292288157183,0.03758292288157183,-0.04897518803443144,-0.04897518803443144,-0.04897518803443144,[1],"[""P1P2""]","[""C14orf39_-_60952739.23-P1P2|C14orf39_+_60952719.23-P1P2""]",False,False,False,processed/original_r3_records.csv
C17orf104,R1:86614,C17orf104;PRKDC,0.0,False,True,True,True,True,True,True,"{""gamma_R2"": ""P1P2"", ""rho_ATMi_R2"": ""P1P2"", ""rho_ATRi_R2"": ""P1P2"", ""rho_R2"": ""P1P2"", ""rho_WEE1i_R2"": ""P1P2""}","{""gamma_R2"": ""1825"", ""rho_ATMi_R2"": ""1825"", ""rho_ATRi_R2"": ""1825"", ""rho_R2"": ""1825"", ""rho_WEE1i_R2"": ""1825""}",1,1,R3:1927,R3:1927,,included_primary,3,546,0.005494505494505495,0.03568658299773538,3.5686582997735382E-2,P1P2,0.62721840809795126,0.92318249833434951,3,4.3704485219416771E-2,target_non_hit,1825,0.1912796619725285,0.19127966197252849,P1P2,2.6630822953536248E-2,0.3088121017784089,3,1.3577264256672701,target_non_hit,1825,0.02178474022624025,2.1784740226240249E-2,P1P2,0.43599129764659322,0.87370248058451527,3,5.2684313394452328E-2,target_non_hit,1825,-0.1192962846897427,-0.1192962846897427,P1P2,0.2484790890308228,0.94335209421842825,3,-0.56750084587593386,target_non_hit,1825,0.01824282346295489,1.8242823462954891E-2,P1P2,0.51355584940770993,0.95667003019501828,3,3.7144531282469397E-2,target_non_hit,1825,False,False,True,True,True,-0.1200467692482356,-0.1200467692482356,-0.1200467692482356,-0.02657094856404134,-0.02657094856404134,-0.02657094856404134,[-1],"[""P1P2""]","[""C17orf104_+_42733824.23-P1P2|C17orf104_-_42733841.23-P1P2""]",False,True,True,processed/original_r3_records.csv
C17orf70,R1:58445,C17orf70;PRKDC,-0.114807525,False,True,True,True,True,True,True,"{""gamma_R2"": ""P1P2"", ""rho_ATMi_R2"": ""P1P2"", ""rho_ATRi_R2"": ""P1P2"", ""rho_R2"": ""P1P2"", ""rho_WEE1i_R2"": ""P1P2""}","{""gamma_R2"": ""1840"", ""rho_ATMi_R2"": ""1840"", ""rho_ATRi_R2"": ""1840"", ""rho_R2"": ""1840"", ""rho_WEE1i_R2"": ""1840""}",1,1,R3:1945,R3:1945,,included_primary,1,546,0.0018315018315018315,-0.05597028643350328,-5.5970286433503283E-2,P1P2,0.8033972749914029,0.96661039121866887,3,-3.2167795531770009E-2,target_non_hit,1840,0.08021637644708511,8.0216376447085111E-2,P1P2,0.1939393774683166,0.60808464818819197,3,0.25758210781466051,target_non_hit,1840,-0.1038356734560465,-0.1038356734560465,P1P2,0.38641242092703992,0.86256203412590648,3,-0.28763376909967792,target_non_hit,1840,-0.02278645604024746,-2.2786456040247462E-2,P1P2,0.8279453731950005,0.99197975904290492,3,-1.4698535127989781E-2,target_non_hit,1840,-0.03412062067006587,-3.4120620670065868E-2,P1P2,0.58848250582195794,0.96450557718930896,3,-5.5275590131342638E-2,target_non_hit,1840,False,False,False,True,True,0.3836483013032999,0.3836483013032999,0.3836483013032999,0.008702349531436494,0.008702349531436494,0.008702349531436494,[1],"[""P1P2""]","[""C17orf70_-_79519326.23-P1P2|C17orf70_+_79519322.23-P1P2""]",True,False,True,processed/original_r3_records.csv
C19orf40,R1:21691,C19orf40;PRKDC,-0.481187494,False,True,True,True,True,True,True,"{""gamma_R2"": ""P1P2"", ""rho_ATMi_R2"": ""P1P2"", ""rho_ATRi_R2"": ""P1P2"", ""rho_R2"": ""P1P2"", ""rho_WEE1i_R2"": ""P1P2""}","{""gamma_R2"": ""1871"", ""rho_ATMi_R2"": ""1871"", ""rho_ATRi_R2"": ""1871"", ""rho_R2"": ""1871"", ""rho_WEE1i_R2"": ""1871""}",1,1,R3:1977,R3:1977,,included_primary,24,545,0.044036697247706424,-0.3231429447970893,-0.32314294479708933,P1P2,0.38459097768142159,0.84905296403653219,3,-0.81071016894811709,target_non_hit,1871,-0.2226322387647401,-0.22263223876474009,P1P2,0.17553746233781839,0.59473524118949495,3,-0.75834412843532972,target_non_hit,1871,-0.7670633795256355,-0.76706337952563552,P1P2,4.1923862853812582E-2,0.65467328191124941,3,-7.0881355191543847,sensitivity_hit,1871,-0.5963667588047211,-0.59636675880472112,P1P2,3.080944256714846E-2,0.8755212412457879,3,-7.0902424781539537,sensitivity_hit,1871,0.01053399048925992,1.0533990489259921E-2,P1P2,0.71372407327127552,0.97842324837851224,3,1.085491412631078E-2,target_non_hit,1871,False,False,True,True,True,-0.8736863255851848,-0.8736863255851848,-0.8736863255851848,-0.02732579069605027,-0.02732579069605027,-0.02732579069605027,[-1],"[""P1P2""]","[""C19orf40_+_33463208.23-P1P2|C19orf40_-_33463205.23-P1P2""]",True,True,False,processed/original_r3_records.csv
C1orf86,R1:72554,C1orf86;PRKDC,-0.021429801,False,True,True,True,True,True,True,"{""gamma_R2"": ""P1P2"", ""rho_ATMi_R2"": ""P1P2"", ""rho_ATRi_R2"": ""P1P2"", ""rho_R2"": ""P1P2"", ""rho_WEE1i_R2"": ""P1P2""}","{""gamma_R2"": ""1981"", ""rho_ATMi_R2"": ""1981"", ""rho_ATRi_R2"": ""1981"", ""rho_R2"": ""1981"", ""rho_WEE1i_R2"": ""1981""}",1,1,R3:2102,R3:2102,,included_primary,4,546,0.007326007326007326,-0.1831587103272896,-0.18315871032728959,P1P2,0.50156797478619353,0.8902807145868874,3,-0.33181272029511,target_non_hit,1981,0.08112391450296268,8.1123914502962677E-2,P1P2,0.49493437532326923,0.79039018656435855,3,0.1117021137347519,target_non_hit,1981,-0.2663509617902081,-0.26635096179020812,P1P2,0.33742946437581539,0.84589679880261448,3,-0.8429946208694411,target_non_hit,1981,0.06004242939372548,6.0042429393725477E-2,P1P2,0.74810763965042604,0.98758541400163447,3,5.9531234969721562E-2,target_non_hit,1981,-0.01367635175238391,-1.367635175238391E-2,P1P2,0.85857897698487551,0.99234403068429855,3,-6.3715282098184538E-3,target_non_hit,1981,False,False,False,True,True,0.6106535868833151,0.6106535868833151,0.6106535868833151,0.002944615386303064,0.002944615386303064,0.002944615386303064,[1],"[""P1P2""]","[""C1orf86_+_2130134.23-P1P2|C1orf86_+_2126199.23-P1P2""]",True,False,True,processed/original_r3_records.csv
C20orf196,R1:31852,C20orf196;PRKDC,-0.341797347,False,True,True,True,True,True,True,"{""gamma_R2"": ""P1P2"", ""rho_ATMi_R2"": ""P1P2"", ""rho_ATRi_R2"": ""P1P2"", ""rho_R2"": ""P1P2"", ""rho_WEE1i_R2"": ""P1P2""}","{""gamma_R2"": ""1993"", ""rho_ATMi_R2"": ""1993"", ""rho_ATRi_R2"": ""1993"", ""rho_R2"": ""1993"", ""rho_WEE1i_R2"": ""1993""}",1,1,R3:2116,R3:2116,,included_primary,5,546,0.009157509157509158,0.393894430624495,0.39389443062449497,P1P2,8.7368418125807201E-2,0.66013293073223056,3,2.520880751650997,target_non_hit,1993,-0.2688659563851385,-0.26886595638513849,P1P2,0.26593269629338823,0.65016833413292441,3,-0.69718014310838783,target_non_hit,1993,0.0843396226467769,8.4339622646776899E-2,P1P2,0.41677522371686088,0.87018904792516716,3,0.21504250550124709,target_non_hit,1993,-0.2257339557523972,-0.22573395575239719,P1P2,2.261187609249592E-2,0.859355916332601,3,-2.922336599415023,target_non_hit,1993,0.07150638303531591,7.150638303531591E-2,P1P2,0.71498939552364982,0.97890795391200369,3,7.3297871956543401E-2,target_non_hit,1993,False,False,False,True,True,1.299310399676481,1.299310399676481,1.299310399676481,-0.06688999597624469,-0.06688999597624469,-0.06688999597624469,[1],"[""P1P2""]","[""C20orf196_-_5731074.23-P1P2|C20orf196_-_5731086.23-P1P2""]",False,False,False,processed/original_r3_records.csv
C5orf45,R1:37917,C5orf45;PRKDC,-0.277697941,False,True,True,True,True,True,True,"{""gamma_R2"": ""P1P2"", ""rho_ATMi_R2"": ""P1P2"", ""rho_ATRi_R2"": ""P1P2"", ""rho_R2"": ""P1P2"", ""rho_WEE1i_R2"": ""P1P2""}","{""gamma_R2"": ""2122"", ""rho_ATMi_R2"": ""2122"", ""rho_ATRi_R2"": ""2122"", ""rho_R2"": ""2122"", ""rho_WEE1i_R2"": ""2122""}",1,1,R3:2253,R3:2253,,included_primary,4,546,0.007326007326007326,0.3434720171388739,0.34347201713887388,P1P2,9.2825272453824687E-2,0.66884767440443471,3,2.143548867325737,target_non_hit,2122,-0.6787246615319364,-0.67872466153193645,P1P2,0.16500767233346211,0.58694010235599259,3,-2.394113063115189,target_non_hit,2122,0.1864628844991055,0.1864628844991055,P1P2,9.5802304970004637E-2,0.72648995918795911,3,1.274099285344116,target_non_hit,2122,0.07258934978651481,7.2589349786514809E-2,P1P2,0.7729395509946354,0.98922782488376015,3,6.3873186436375906E-2,target_non_hit,2122,0.2482874517720357,0.24828745177203571,P1P2,0.19039941770316829,0.90205324302628898,3,1.2582725711593079,target_non_hit,2122,False,False,False,True,True,0.1725987138813439,0.1725987138813439,0.1725987138813439,-0.1052180489996511,-0.1052180489996511,-0.1052180489996511,[1],"[""P1P2""]","[""C5orf45_+_179285792.23-P1P2|C5orf45_-_179285748.23-P1P2""]",False,False,False,processed/original_r3_records.csv
C7orf49,R1:34371,C7orf49;PRKDC,-0.313875165,False,True,True,True,True,True,True,"{""gamma_R2"": ""P1P2"", ""rho_ATMi_R2"": ""P1P2"", ""rho_ATRi_R2"": ""P1P2"", ""rho_R2"": ""P1P2"", ""rho_WEE1i_R2"": ""P1P2""}","{""gamma_R2"": ""2175"", ""rho_ATMi_R2"": ""2175"", ""rho_ATRi_R2"": ""2175"", ""rho_R2"": ""2175"", ""rho_WEE1i_R2"": ""2175""}",1,1,R3:2308,R3:2308,,included_primary,11,546,0.020146520146520148,-0.600745542567487,-0.60074554256748702,P1P2,0.33271913481671828,0.8341692139497614,3,-1.735680068676752,target_non_hit,2175,-0.9234960808240469,-0.92349608082404688,P1P2,5.6788964501784207E-3,0.139370327337314,3,-9.3489480063992918,essential_hit,2175,-0.1601659344136565,-0.16016593441365651,P1P2,0.81749496247816889,0.97342423183384985,3,-9.4026263451232162E-2,target_non_hit,2175,-0.3034167401914358,-0.30341674019143577,P1P2,0.1230896957216972,0.92397556437258055,3,-2.1715380656189529,target_non_hit,2175,-0.6654633991702299,-0.6654633991702299,P1P2,3.9975605823649389E-2,0.79496265925318599,3,-6.5460726471287476,sensitivity_hit,2175,False,False,True,True,True,-0.6136673898944913,-0.6136673898944913,-0.6136673898944913,-0.1388018317350038,-0.1388018317350038,-0.1388018317350038,[-1],"[""P1P2""]","[""C7orf49_+_134854993.23-P1P2|C7orf49_+_134855108.23-P1P2""]",True,True,False,processed/original_r3_records.csv
C9orf142,R1:88050,C9orf142;PRKDC,0.0,False,True,True,True,True,True,True,"{""gamma_R2"": ""P1P2"", ""rho_ATMi_R2"": ""P1P2"", ""rho_ATRi_R2"": ""P1P2"", ""rho_R2"": ""P1P2"", ""rho_WEE1i_R2"": ""P1P2""}","{""gamma_R2"": ""2220"", ""rho_ATMi_R2"": ""2220"", ""rho_ATRi_R2"": ""2220"", ""rho_R2"": ""2220"", ""rho_WEE1i_R2"": ""2220""}",1,1,R3:2352,R3:2352,,included_primary,2,546,0.003663003663003663,-0.1123035689888526,-0.1123035689888526,P1P2,0.57030058443561482,0.90898988398106284,3,-0.16558479602604831,target_non_hit,2220,-0.008286084068831467,-8.2860840688314674E-3,P1P2,0.83507880742502572,0.94526444358552442,3,-2.9236657940070231E-3,target_non_hit,2220,-0.007002078593045954,-7.0020785930459536E-3,P1P2,0.99795164975096406,1,3,-4.1827088631684102E-5,target_non_hit,2220,-0.02835810657967874,-2.835810657967874E-2,P1P2,0.81693015003877301,0.99113237577158952,3,-1.9590189747429831E-2,target_non_hit,2220,0.1871249756966891,0.18712497569668909,P1P2,0.33834987267668359,0.92930175754863154,3,0.61958493892622479,target_non_hit,2220,False,False,False,True,True,0.122698652043553,0.122698652043553,0.122698652043553,-0.0002151867279322573,-0.0002151867279322573,-0.0002151867279322573,[1],"[""P1P2""]","[""C9orf142_+_139886913.23-P1P2|C9orf142_+_139886943.23-P1P2""]",True,False,True,processed/original_r3_records.csv
CBX8,R1:88285,CBX8;PRKDC,0.0,False,True,True,True,True,True,True,"{""gamma_R2"": ""P1P2"", ""rho_ATMi_R2"": ""P1P2"", ""rho_ATRi_R2"": ""P1P2"", ""rho_R2"": ""P1P2"", ""rho_WEE1i_R2"": ""P1P2""}","{""gamma_R2"": ""2476"", ""rho_ATMi_R2"": ""2476"", ""rho_ATRi_R2"": ""2476"", ""rho_R2"": ""2476"", ""rho_WEE1i_R2"": ""2476""}",1,1,R3:2623,R3:2623,,included_primary,2,546,0.003663003663003663,0.2183359230315163,0.2183359230315163,P1P2,0.24424367447902359,0.79208791642092646,3,0.80802327282574005,target_non_hit,2476,0.01833921272683714,1.833921272683714E-2,P1P2,0.34216452594583668,0.69927365145339648,3,3.8504947223627933E-2,target_non_hit,2476,0.07386101733554969,7.3861017335549686E-2,P1P2,0.49455696589105391,0.89532520064948251,3,0.15150484970334629,target_non_hit,2476,-0.001954803734990268,-1.954803734990268E-3,P1P2,0.97692465985230836,1,3,-1.5591486325418349E-4,target_non_hit,2476,0.3165990441840371,0.31659904418403712,P1P2,0.16045503992542209,0.89700653739935565,3,1.769984494469693,target_non_hit,2476,False,False,False,True,True,0.4056635686283491,0.4056635686283491,0.4056635686283491,0.02302067258787023,0.02302067258787023,0.02302067258787023,[1],"[""P1P2""]","[""CBX8_+_77770815.23-P1P2|CBX8_-_77770821.23-P1P2""]",False,False,False,processed/original_r3_records.csv
CCDC155,R1:64686,CCDC155;PRKDC,-0.072359589,False,True,True,True,True,True,True,"{""gamma_R2"": ""P1P2"", ""rho_ATMi_R2"": ""P1P2"", ""rho_ATRi_R2"": ""P1P2"", ""rho_R2"": ""P1P2"", ""rho_WEE1i_R2"": ""P1P2""}","{""gamma_R2"": ""2538"", ""rho_ATMi_R2"": ""2538"", ""rho_ATRi_R2"": ""2538"", ""rho_R2"": ""2538"", ""rho_WEE1i_R2"": ""2538""}",1,1,R3:2693,R3:2693,,included_primary,3,546,0.005494505494505495,-0.04432596733069364,-4.432596733069364E-2,P1P2,0.95640250012720074,0.99462389677039298,3,-5.1876385096569274E-3,target_non_hit,2538,-0.07505452473198737,-7.5054524731987371E-2,P1P2,0.87721951703443501,0.96001026020664659,3,-1.924841073546045E-2,target_non_hit,2538,-0.07078755683925635,-7.0787556839256346E-2,P1P2,0.69657198649610375,0.94675403037896355,3,-7.4567151803585946E-2,target_non_hit,2538,-0.07782827904904308,-7.7828279049043075E-2,P1P2,0.81248783788252843,0.99113237577158952,3,-5.5214745093261283E-2,target_non_hit,2538,0.04687120397538092,4.6871203975380922E-2,P1P2,0.34881671149993593,0.93078178178317506,3,0.1508310177799787,target_non_hit,2538,False,False,True,True,True,-0.2304053050348144,-0.2304053050348144,-0.2304053050348144,0.003732662076585512,0.003732662076585512,0.003732662076585512,[-1],"[""P1P2""]","[""CCDC155_-_49891577.23-P1P2|CCDC155_-_49891601.23-P1P2""]",True,True,False,processed/original_r3_records.csv
CDC14B,R1:12793,CDC14B;PRKDC,-0.674476704,False,True,True,True,True,True,True,"{""gamma_R2"": ""P1P2"", ""rho_ATMi_R2"": ""P1P2"", ""rho_ATRi_R2"": ""P1P2"", ""rho_R2"": ""P1P2"", ""rho_WEE1i_R2"": ""P1P2""}","{""gamma_R2"": ""2824"", ""rho_ATMi_R2"": ""2824"", ""rho_ATRi_R2"": ""2824"", ""rho_R2"": ""2824"", ""rho_WEE1i_R2"": ""2824""}",1,1,R3:2985,R3:2985,,included_primary,8,546,0.014652014652014652,-0.05885002310597957,-5.8850023105979567E-2,P1P2,0.99676975890959607,1,3,-4.9990809005335374E-4,target_non_hit,2824,-1.007302982349843,-1.0073029823498429,P1P2,3.1397806709317279E-2,0.33071452947720592,3,-6.8252281076183774,essential_hit,2824,0.1034711318428235,0.1034711318428235,P1P2,0.36617352336486209,0.85581143765342327,3,0.30284078631423572,target_non_hit,2824,0.1767686428959441,0.1767686428959441,P1P2,0.18047918884293079,0.93489129238435131,3,1.034001329137447,target_non_hit,2824,0.09600443801755265,9.6004438017552651E-2,P1P2,0.60266307664764307,0.96553812802642147,3,0.14854312074702569,target_non_hit,2824,False,False,False,True,True,1.001965787831391,1.001965787831391,1.001965787831391,-0.4148823811610352,-0.4148823811610352,-0.4148823811610352,[1],"[""P1P2""]","[""CDC14B_-_99381833.23-P1P2|CDC14B_-_99382080.23-P1P2""]",True,False,True,processed/original_r3_records.csv
CDC7,R1:6361,CDC7;PRKDC,-0.921834634,False,True,True,True,True,True,True,"{""gamma_R2"": ""P1P2"", ""rho_ATMi_R2"": ""P1P2"", ""rho_ATRi_R2"": ""P1P2"", ""rho_R2"": ""P1P2"", ""rho_WEE1i_R2"": ""P1P2""}","{""gamma_R2"": ""2850"", ""rho_ATMi_R2"": ""2850"", ""rho_ATRi_R2"": ""2850"", ""rho_R2"": ""2850"", ""rho_WEE1i_R2"": ""2850""}",1,1,R3:3007,R3:3007,,included_primary,26,546,0.047619047619047616,-0.6906780354823683,-0.69067803548236828,P1P2,9.9066501157998671E-2,0.67827610737919486,3,-4.1924018559441922,target_non_hit,2850,-2.448742211099469,-2.4487422110994692,P1P2,2.106161261667757E-3,7.5031341178215569E-2,3,-29.54477263077067,essential_hit,2850,-0.3751291065569055,-0.37512910655690551,P1P2,4.1837819423683267E-2,0.6540328421647188,3,-3.468667992378931,target_non_hit,2850,-0.1125553956177834,-0.1125553956177834,P1P2,0.28410022756302,0.94382595124457902,3,-0.48391758252511619,target_non_hit,2850,-0.713796376916132,-0.71379637691613196,P1P2,4.43136910297868E-2,0.8011796856735931,3,-6.7968274204316783,sensitivity_hit,2850,False,False,True,True,True,-0.7770876763186504,-0.7770876763186504,-0.7770876763186504,-0.266551467574258,-0.266551467574258,-0.266551467574258,[-1],"[""P1P2""]","[""CDC7_+_91966607.23-P1P2|CDC7_+_91966603.23-P1P2""]",True,True,False,processed/original_r3_records.csv
CDK2,R1:9832,CDK2;PRKDC,-0.766173236,False,True,True,True,True,True,True,"{""gamma_R2"": ""P1P2"", ""rho_ATMi_R2"": ""P1P2"", ""rho_ATRi_R2"": ""P1P2"", ""rho_R2"": ""P1P2"", ""rho_WEE1i_R2"": ""P1P2""}","{""gamma_R2"": ""2902"", ""rho_ATMi_R2"": ""2902"", ""rho_ATRi_R2"": ""2902"", ""rho_R2"": ""2902"", ""rho_WEE1i_R2"": ""2902""}",1,1,R3:3059,R3:3059,,included_primary,37,546,0.06776556776556776,-0.1254925350812389,-0.12549253508123889,P1P2,0.51484568677069564,0.89382226581616142,3,-0.21873534077867851,target_non_hit,2902,-0.7002830081758151,-0.70028300817581512,P1P2,2.5880737337268163E-4,2.0623250409611681E-2,3,-11.32339794145777,essential_hit,2902,0.00630376123765967,6.3037612376596703E-3,P1P2,0.87655895308858411,0.98415396755657591,3,2.4195577044165721E-3,target_non_hit,2902,-0.2686153355778182,-0.26861533557781819,P1P2,0.25927938175584347,0.94382595124457902,3,-1.23877568215143,target_non_hit,2902,0.01998207381962036,1.9982073819620361E-2,P1P2,0.91422039385938303,0.99816151863822966,3,5.4754994847643554E-3,target_non_hit,2902,False,False,False,True,True,0.02824454937896603,0.02824454937896603,0.02824454937896603,-0.03164600275732306,-0.03164600275732306,-0.03164600275732306,[1],"[""P1P2""]","[""CDK2_-_56360602.23-P1P2|CDK2_+_56360661.23-P1P2""]",True,False,True,processed/original_r3_records.csv
CDK9,R1:36773,CDK9;PRKDC,-0.288904447,False,True,True,True,True,True,True,"{""gamma_R2"": ""P1P2"", ""rho_ATMi_R2"": ""P1P2"", ""rho_ATRi_R2"": ""P1P2"", ""rho_R2"": ""P1P2"", ""rho_WEE1i_R2"": ""P1P2""}","{""gamma_R2"": ""2917"", ""rho_ATMi_R2"": ""2917"", ""rho_ATRi_R2"": ""2917"", ""rho_R2"": ""2917"", ""rho_WEE1i_R2"": ""2917""}",1,1,R3:3075,R3:3075,,included_primary,11,546,0.020146520146520148,0.1054244719755844,0.1054244719755844,P1P2,0.44166660288506021,0.86788372691363791,3,0.22619134583486519,target_non_hit,2917,-0.1957754576325619,-0.19577545763256191,P1P2,0.46588993465524953,0.77396965398548645,3,-0.29274839639378197,target_non_hit,2917,-0.03415654892932496,-3.4156548929324959E-2,P1P2,0.65717520037021826,0.938861048480649,3,-4.1773654471557807E-2,target_non_hit,2917,-0.07693734879669926,-7.6937348796699265E-2,P1P2,0.40862392771326339,0.95387925397099782,3,-0.23524343126668551,target_non_hit,2917,0.01821555404223233,1.8215554042232331E-2,P1P2,0.8465811917798578,0.99190806804288112,3,9.2694715303616986E-3,target_non_hit,2917,False,False,False,True,True,1.078297193254508,1.078297193254508,1.078297193254508,-0.2020798652632533,-0.2020798652632533,-0.2020798652632533,[1],"[""P1P2""]","[""CDK9_-_130548401.23-P1P2|CDK9_-_130548749.23-P1P2""]",False,False,False,processed/original_r3_records.csv
CDKN2D,R1:75014,CDKN2D;PRKDC,-0.005445701,False,True,True,True,True,True,True,"{""gamma_R2"": ""P1P2"", ""rho_ATMi_R2"": ""P1P2"", ""rho_ATRi_R2"": ""P1P2"", ""rho_R2"": ""P1P2"", ""rho_WEE1i_R2"": ""P1P2""}","{""gamma_R2"": ""2932"", ""rho_ATMi_R2"": ""2932"", ""rho_ATRi_R2"": ""2932"", ""rho_R2"": ""2932"", ""rho_WEE1i_R2"": ""2932""}",1,1,R3:3093,R3:3093,,included_primary,3,546,0.005494505494505495,-0.1739026269922916,-0.17390262699229159,P1P2,0.57722607200909126,0.91048551700480485,3,-0.25089780756847191,target_non_hit,2932,-0.01773957692083202,-1.7739576920832022E-2,P1P2,0.71970706284991326,0.89885113792341709,3,-1.142286261861444E-2,target_non_hit,2932,-0.2557197890196035,-0.25571978901960352,P1P2,0.2154872336880041,0.79556411331569143,3,-1.143437841187992,target_non_hit,2932,-0.1800027339996951,-0.1800027339996951,P1P2,0.25950973047971532,0.94382595124457902,3,-0.82957406507309606,target_non_hit,2932,-0.09084438511668476,-9.0844385116684759E-2,P1P2,0.8935174338695504,0.99581361373743527,3,-3.12511385643112E-2,target_non_hit,2932,False,False,True,True,True,-3.912960673439714,-3.912960673439714,-3.912960673439714,-0.2164569761326099,-0.2164569761326099,-0.2164569761326099,[-1],"[""P1P2""]","[""CDKN2D_+_10679673.23-P1P2|CDKN2D_+_10679551.23-P1P2""]",True,True,False,processed/original_r3_records.csv
CEP164,R1:89960,CEP164;PRKDC,0.0,False,True,True,True,True,True,True,"{""gamma_R2"": ""P1P2"", ""rho_ATMi_R2"": ""P1P2"", ""rho_ATRi_R2"": ""P1P2"", ""rho_R2"": ""P1P2"", ""rho_WEE1i_R2"": ""P1P2""}","{""gamma_R2"": ""3018"", ""rho_ATMi_R2"": ""3018"", ""rho_ATRi_R2"": ""3018"", ""rho_R2"": ""3018"", ""rho_WEE1i_R2"": ""3018""}",1,1,R3:3178,R3:3178,,included_primary,1,546,0.0018315018315018315,0.3136064652662103,0.31360646526621028,P1P2,1.8848402045706779E-2,0.49557153577955448,3,3.2698428251074638,target_non_hit,3018,-0.2932693054026099,-0.29326930540260993,P1P2,4.7397350768058649E-2,0.39307740371881039,3,-1.750669780745403,target_non_hit,3018,0.2024782230443304,0.20247822304433041,P1P2,0.15182900479972389,0.75945622872277974,3,1.1119135459074521,target_non_hit,3018,0.1691876733852622,0.16918767338526219,P1P2,0.1197173368118289,0.92363741546639178,3,1.226924932770449,target_non_hit,3018,0.07787923756431914,7.7879237564319137E-2,P1P2,0.68772684534393114,0.97680365575190264,3,8.9081058432595742E-2,target_non_hit,3018,False,False,False,True,True,0.01859376750814767,0.01859376750814767,0.01859376750814767,-0.01232085937597012,-0.01232085937597012,-0.01232085937597012,[1],"[""P1P2""]","[""CEP164_-_117199076.23-P1P2|CEP164_-_117198944.23-P1P2""]",False,False,False,processed/original_r3_records.csv
CETN1,R1:90148,CETN1;PRKDC,0.0,False,True,True,True,True,True,True,"{""gamma_R2"": ""P1P2"", ""rho_ATMi_R2"": ""P1P2"", ""rho_ATRi_R2"": ""P1P2"", ""rho_R2"": ""P1P2"", ""rho_WEE1i_R2"": ""P1P2""}","{""gamma_R2"": ""3056"", ""rho_ATMi_R2"": ""3056"", ""rho_ATRi_R2"": ""3056"", ""rho_R2"": ""3056"", ""rho_WEE1i_R2"": ""3056""}",1,1,R3:3219,R3:3219,,included_primary,4,546,0.007326007326007326,-0.04070015555217027,-4.070015555217027E-2,P1P2,0.94115621897765456,0.9921662426313137,3,-6.4804540410864789E-3,target_non_hit,3056,0.03540150106960516,3.5401501069605157E-2,P1P2,0.4790502002735556,0.78152045077229582,3,5.1006227914044813E-2,target_non_hit,3056,-0.08233746311984132,-8.2337463119841317E-2,P1P2,0.6170100328878505,0.92946892517460156,3,-0.1158267748974134,target_non_hit,3056,-0.05648459027495725,-5.6484590274957253E-2,P1P2,0.84108560802335153,0.99307948054517514,3,-3.3397035816499727E-2,target_non_hit,3056,-0.08476649359052961,-8.476649359052961E-2,P1P2,0.53792209451577522,0.9590623849937937,3,-0.16058875288841479,target_non_hit,3056,False,False,True,True,True,-1.275832503896948,-1.275832503896948,-1.275832503896948,0.01636327270742328,0.01636327270742328,0.01636327270742328,[-1],"[""P1P2""]","[""CETN1_+_580377.23-P1P2|CETN1_-_580394.23-P1P2""]",True,True,False,processed/original_r3_records.csv
CHD1L,R1:50361,CHD1L;PRKDC,-0.172942037,False,True,True,True,True,True,True,"{""gamma_R2"": ""P1P2"", ""rho_ATMi_R2"": ""P1P2"", ""rho_ATRi_R2"": ""P1P2"", ""rho_R2"": ""P1P2"", ""rho_WEE1i_R2"": ""P1P2""}","{""gamma_R2"": ""3104"", ""rho_ATMi_R2"": ""3104"", ""rho_ATRi_R2"": ""3104"", ""rho_R2"": ""3104"", ""rho_WEE1i_R2"": ""3104""}",1,1,R3:3271,R3:3271,,included_primary,7,546,0.01282051282051282,0.08582248563268709,8.5822485632687087E-2,P1P2,0.47767041236657892,0.88166901436060674,3,0.16647703902767541,target_non_hit,3104,-0.8448020421478706,-0.84480204214787058,P1P2,0.1991620073309012,0.61102221562366366,3,-2.668787533928723,target_non_hit,3104,-0.2152748477389389,-0.2152748477389389,P1P2,0.14696284311820321,0.75647458583042371,3,-1.202616128774384,target_non_hit,3104,-0.03909802644707557,-3.9098026447075572E-2,P1P2,0.61850595630045113,0.97732910921050808,3,-6.4176833345344228E-2,target_non_hit,3104,-0.0197467065716562,-1.9746706571656201E-2,P1P2,0.73341484880168684,0.98145920689845034,3,-1.8706296581446319E-2,target_non_hit,3104,False,False,True,True,True,-0.9208609830707476,-0.9208609830707476,-0.9208609830707476,0.01384045023336851,0.01384045023336851,0.01384045023336851,[-1],"[""P1P2""]","[""CHD1L_-_146714409.23-P1P2|CHD1L_-_146714437.23-P1P2""]",False,True,True,processed/original_r3_records.csv
CHRNA4,R1:15283,CHRNA4;PRKDC,-0.610462507,False,True,True,True,True,True,True,"{""gamma_R2"": ""P1P2"", ""rho_ATMi_R2"": ""P1P2"", ""rho_ATRi_R2"": ""P1P2"", ""rho_R2"": ""P1P2"", ""rho_WEE1i_R2"": ""P1P2""}","{""gamma_R2"": ""3164"", ""rho_ATMi_R2"": ""3164"", ""rho_ATRi_R2"": ""3164"", ""rho_R2"": ""3164"", ""rho_WEE1i_R2"": ""3164""}",1,1,R3:3336,R3:3336,,included_primary,27,546,0.04945054945054945,-0.3300410294708144,-0.33004102947081437,P1P2,0.32050204319755748,0.82851369564353483,3,-0.98597408333553327,target_non_hit,3164,-0.2781315630423835,-0.27813156304238351,P1P2,0.2454378220936001,0.63768268288675378,3,-0.76487548974932285,target_non_hit,3164,-0.4028105067345522,-0.40281050673455221,P1P2,0.32279039671604681,0.84128563368845444,3,-1.326934400099131,target_non_hit,3164,0.05258314488359191,5.2583144883591913E-2,P1P2,0.92828349965273493,0.99749264300619789,3,1.3369087481427511E-2,target_non_hit,3164,-0.1236848354373848,-0.1236848354373848,P1P2,0.50563268708543652,0.95574561721716234,3,-0.25771268405440512,target_non_hit,3164,False,False,True,True,True,-0.4229240418931168,-0.4229240418931168,-0.4229240418931168,-0.3351248008232837,-0.3351248008232837,-0.3351248008232837,[-1],"[""P1P2""]","[""CHRNA4_+_61992566.23-P1P2|CHRNA4_-_61992667.23-P1P2""]",True,True,False,processed/original_r3_records.csv
CIB1,R1:69379,CIB1;PRKDC,-0.041598754,False,True,True,True,True,True,True,"{""gamma_R2"": ""P1P2"", ""rho_ATMi_R2"": ""P1P2"", ""rho_ATRi_R2"": ""P1P2"", ""rho_R2"": ""P1P2"", ""rho_WEE1i_R2"": ""P1P2""}","{""gamma_R2"": ""3200"", ""rho_ATMi_R2"": ""3200"", ""rho_ATRi_R2"": ""3200"", ""rho_R2"": ""3200"", ""rho_WEE1i_R2"": ""3200""}",1,1,R3:3373,R3:3373,,included_primary,1,546,0.0018315018315018315,-0.082557973450654,-8.2557973450653993E-2,P1P2,0.78703807231967526,0.9637536014527126,3,-5.190773044506216E-2,target_non_hit,3200,-0.2940137459552442,-0.29401374595524421,P1P2,0.34047038409046632,0.69835453570902239,3,-0.62016725662418837,target_non_hit,3200,-0.03108708401143915,-3.1087084011439149E-2,P1P2,0.94344716325217082,0.99419312704353935,3,-5.2722443347017348E-3,target_non_hit,3200,0.1446663885919701,0.14466638859197009,P1P2,0.1629066907037994,0.93489129238435131,3,0.89685008263618982,target_non_hit,3200,-0.1374338346512175,-0.1374338346512175,P1P2,0.42746352687522571,0.94305997199313496,3,-0.35688198239144642,target_non_hit,3200,False,False,False,True,True,0.3314887296197533,0.3314887296197533,0.3314887296197533,-0.1018300996987632,-0.1018300996987632,-0.1018300996987632,[1],"[""P1P2""]","[""CIB1_+_90777177.23-P1P2|CIB1_-_90777091.23-P1P2""]",True,False,True,processed/original_r3_records.csv
COPS7A,R1:92287,COPS7A;PRKDC,0.0,False,True,True,True,True,True,True,"{""gamma_R2"": ""P1P2"", ""rho_ATMi_R2"": ""P1P2"", ""rho_ATRi_R2"": ""P1P2"", ""rho_R2"": ""P1P2"", ""rho_WEE1i_R2"": ""P1P2""}","{""gamma_R2"": ""3543"", ""rho_ATMi_R2"": ""3543"", ""rho_ATRi_R2"": ""3543"", ""rho_R2"": ""3543"", ""rho_WEE1i_R2"": ""3543""}",1,1,R3:3734,R3:3734,,included_primary,6,546,0.01098901098901099,0.2317280372806271,0.2317280372806271,P1P2,0.18128081983689789,0.74978012769588187,3,1.038958957996069,target_non_hit,3543,-0.6268849508744372,-0.62688495087443719,P1P2,0.13686184744849719,0.56058566255566322,3,-2.4407797505112772,target_non_hit,3543,0.2261403978740858,0.2261403978740858,P1P2,4.8593807925715833E-2,0.66914780270304097,3,1.9924086577932789,target_non_hit,3543,-0.03389861451996623,-3.389861451996623E-2,P1P2,0.92683478916517603,0.99749264300619789,3,-8.7994919519362065E-3,target_non_hit,3543,0.1904302593554918,0.19043025935549179,P1P2,0.1050075658289687,0.87492912126245792,3,1.311313691625299,target_non_hit,3543,False,False,True,True,True,-0.1017079212713262,-0.1017079212713262,-0.1017079212713262,-0.1438420472335553,-0.1438420472335553,-0.1438420472335553,[-1],"[""P1P2""]","[""COPS7A_-_6832977.23-P1P2|COPS7A_-_6833496.23-P1P2""]",False,True,True,processed/original_r3_records.csv
COPS8,R1:92719,COPS8;PRKDC,0.0,False,True,True,True,True,True,True,"{""gamma_R2"": ""P1P2"", ""rho_ATMi_R2"": ""P1P2"", ""rho_ATRi_R2"": ""P1P2"", ""rho_R2"": ""P1P2"", ""rho_WEE1i_R2"": ""P1P2""}","{""gamma_R2"": ""3545"", ""rho_ATMi_R2"": ""3545"", ""rho_ATRi_R2"": ""3545"", ""rho_R2"": ""3545"", ""rho_WEE1i_R2"": ""3545""}",1,1,R3:3737,R3:3737,,included_primary,49,546,0.08974358974358974,0.2153940403928458,0.21539404039284579,P1P2,1.5568597623677981E-2,0.47471085667871121,3,2.3539328488911289,target_non_hit,3545,-1.752862907422334,-1.7528629074223341,P1P2,5.5005262347092847E-2,0.4158548747161559,3,-9.952865106314345,essential_hit,3545,0.1050916457859559,0.1050916457859559,P1P2,0.37865703674230011,0.85914941018840363,3,0.29732013563127863,target_non_hit,3545,-0.2328641396488957,-0.23286413964889571,P1P2,1.636665165402312E-2,0.80586668408951645,3,-3.271795627736346,target_non_hit,3545,-0.1210796410940863,-0.1210796410940863,P1P2,0.37925206449303389,0.93420108675059865,3,-0.35868511023969218,target_non_hit,3545,False,False,False,True,True,0.50582169969847,0.50582169969847,0.50582169969847,-0.6403378258032079,-0.6403378258032079,-0.6403378258032079,[1],"[""P1P2""]","[""COPS8_-_237994589.23-P1P2|COPS8_-_237994564.23-P1P2""]",False,False,False,processed/original_r3_records.csv
CSNK1E,R1:92914,CSNK1E;PRKDC,0.0,False,True,True,True,True,True,True,"{""gamma_R2"": ""P1P2"", ""rho_ATMi_R2"": ""P1P2"", ""rho_ATRi_R2"": ""P1P2"", ""rho_R2"": ""P1P2"", ""rho_WEE1i_R2"": ""P1P2""}","{""gamma_R2"": ""3763"", ""rho_ATMi_R2"": ""3763"", ""rho_ATRi_R2"": ""3763"", ""rho_R2"": ""3763"", ""rho_WEE1i_R2"": ""3763""}",1,1,R3:3968,R3:3968,,included_primary,1,546,0.0018315018315018315,-0.05365972119223095,-5.3659721192230947E-2,P1P2,0.94345272747829079,0.99245258247659129,3,-8.2005861727195064E-3,target_non_hit,3763,0.09068731438458247,9.0687314384582468E-2,P1P2,0.29990954667433251,0.67144281720987387,3,0.21380864912071121,target_non_hit,3763,0.04406325523405178,4.4063255234051781E-2,P1P2,0.35285219375847771,0.85107375465631607,3,0.13372204718201361,target_non_hit,3763,0.1378301147993451,0.13783011479934509,P1P2,0.28878613188059199,0.94408331573184245,3,0.5848795653724298,target_non_hit,3763,-0.01544128721935249,-1.5441287219352491E-2,P1P2,0.94808587270100109,1,3,-2.5151501640504701E-3,target_non_hit,3763,False,False,False,True,True,0.7918669492153007,0.7918669492153007,0.7918669492153007,-0.003270466886579599,-0.003270466886579599,-0.003270466886579599,[1],"[""P1P2""]","[""CSNK1E_+_38713240.23-P1P2|CSNK1E_-_38712904.23-P1P2""]",True,False,True,processed/original_r3_records.csv
CUL4A,R1:45041,CUL4A;PRKDC,-0.214535268,False,True,True,True,True,True,True,"{""gamma_R2"": ""P1P2"", ""rho_ATMi_R2"": ""P1P2"", ""rho_ATRi_R2"": ""P1P2"", ""rho_R2"": ""P1P2"", ""rho_WEE1i_R2"": ""P1P2""}","{""gamma_R2"": ""3874"", ""rho_ATMi_R2"": ""3874"", ""rho_ATRi_R2"": ""3874"", ""rho_R2"": ""3874"", ""rho_WEE1i_R2"": ""3874""}",1,1,R3:4079,R3:4079,,included_primary,4,546,0.007326007326007326,-0.1860612801357688,-0.18606128013576881,P1P2,0.36563088137281269,0.84295852536533011,3,-0.49149231376904873,target_non_hit,3874,-0.308937452118941,-0.30893745211894102,P1P2,0.14253206202477819,0.5666294196867605,3,-1.178297025925741,target_non_hit,3874,-0.06270886440501533,-6.270886440501533E-2,P1P2,0.9664000701190032,0.99744178610857182,3,-6.2437996144987179E-3,target_non_hit,3874,0.17404067679849,0.17404067679849,P1P2,0.48736671744709897,0.96114555530276424,3,0.42736433186268891,target_non_hit,3874,-0.08304657408823941,-8.3046574088239414E-2,P1P2,0.68095071293143783,0.97542075172806197,3,-9.750414316155924E-2,target_non_hit,3874,False,False,False,True,True,0.3781403500408573,0.3781403500408573,0.3781403500408573,-0.01747207422606328,-0.01747207422606328,-0.01747207422606328,[1],"[""P1P2""]","[""CUL4A_-_113864345.23-P1P2|CUL4A_+_113864367.23-P1P2""]",True,False,True,processed/original_r3_records.csv
CUL4B,R1:55051,CUL4B;PRKDC,-0.138062465,False,True,True,True,True,True,True,"{""gamma_R2"": ""P1P2"", ""rho_ATMi_R2"": ""P1P2"", ""rho_ATRi_R2"": ""P1P2"", ""rho_R2"": ""P1P2"", ""rho_WEE1i_R2"": ""P1P2""}","{""gamma_R2"": ""3875"", ""rho_ATMi_R2"": ""3875"", ""rho_ATRi_R2"": ""3875"", ""rho_R2"": ""3875"", ""rho_WEE1i_R2"": ""3875""}",1,1,R3:4080,R3:4080,,included_primary,4,546,0.007326007326007326,-0.00187468976735931,-1.8746897673593099E-3,P1P2,0.80532336826602857,0.96690311605778889,3,-1.0656543160472379E-3,target_non_hit,3875,-0.2357799587671964,-0.2357799587671964,P1P2,0.19649293424902969,0.60982935463696142,3,-0.75107293019755383,target_non_hit,3875,0.1012311975988589,0.1012311975988589,P1P2,0.52766802842323779,0.90660917218137393,3,0.18853506735139469,target_non_hit,3875,-0.09480886475986358,-9.4808864759863581E-2,P1P2,0.83483021764034504,0.99265426268301704,3,-5.8474636771049117E-2,target_non_hit,3875,0.3574110072829975,0.35741100728299752,P1P2,1.471272587757187E-2,0.70632370547069501,3,4.6073578285155046,target_non_hit,3875,False,False,True,True,True,-0.6395258814360073,-0.6395258814360073,-0.6395258814360073,-0.04829587684446249,-0.04829587684446249,-0.04829587684446249,[-1],"[""P1P2""]","[""CUL4B_-_119694822.23-P1P2|CUL4B_-_119694714.23-P1P2""]",True,True,False,processed/original_r3_records.csv
CXorf57,R1:93475,CXorf57;PRKDC,0.0,False,True,True,True,True,True,True,"{""gamma_R2"": ""P1P2"", ""rho_ATMi_R2"": ""P1P2"", ""rho_ATRi_R2"": ""P1P2"", ""rho_R2"": ""P1P2"", ""rho_WEE1i_R2"": ""P1P2""}","{""gamma_R2"": ""3930"", ""rho_ATMi_R2"": ""3930"", ""rho_ATRi_R2"": ""3930"", ""rho_R2"": ""3930"", ""rho_WEE1i_R2"": ""3930""}",1,1,R3:4137,R3:4137,,included_primary,5,546,0.009157509157509158,-0.1477350852695724,-0.14773508526957241,P1P2,0.60669018201219749,0.91725427468212861,3,-0.19383463551983809,target_non_hit,3930,0.04244963525878716,4.2449635258787158E-2,P1P2,0.24214128767555629,0.63624823139836961,3,0.11786235389514579,target_non_hit,3930,0.003879275183001241,3.8792751830012411E-3,P1P2,0.90798282991998791,0.98891533077141391,3,1.0909210048592191E-3,target_non_hit,3930,0.001164605168354108,1.164605168354108E-3,P1P2,0.87357854169880511,0.99596968219699011,3,5.3776763903254257E-4,target_non_hit,3930,0.1083705371432167,0.10837053714321671,P1P2,0.46948889882971628,0.94819272489813466,3,0.25036100773051662,target_non_hit,3930,False,False,False,True,True,0.4480854942184382,0.4480854942184382,0.4480854942184382,0.02770488104600519,0.02770488104600519,0.02770488104600519,[1],"[""P1P2""]","[""CXorf57_-_105855208.23-P1P2|CXorf57_+_105855251.23-P1P2""]",True,False,True,processed/original_r3_records.csv
DCLRE1A,R1:42559,DCLRE1A;PRKDC,-0.235792913,False,True,True,True,True,True,True,"{""gamma_R2"": ""P1P2"", ""rho_ATMi_R2"": ""P1P2"", ""rho_ATRi_R2"": ""P1P2"", ""rho_R2"": ""P1P2"", ""rho_WEE1i_R2"": ""P1P2""}","{""gamma_R2"": ""4111"", ""rho_ATMi_R2"": ""4111"", ""rho_ATRi_R2"": ""4111"", ""rho_R2"": ""4111"", ""rho_WEE1i_R2"": ""4111""}",1,1,R3:4329,R3:4329,,included_primary,1,546,0.0018315018315018315,0.1455647884105885,0.14556478841058851,P1P2,0.18876877372545861,0.75582575947915498,3,0.63717494417069331,target_non_hit,4111,0.02930945476993432,2.930945476993432E-2,P1P2,0.67600626193795277,0.87935585006198824,3,2.2467332724421741E-2,target_non_hit,4111,-0.08337404303334317,-8.337404303334317E-2,P1P2,0.56179101560886568,0.91646927075261209,3,-0.14005733589771149,target_non_hit,4111,0.184090280290193,0.184090280290193,P1P2,1.2528080039661341E-2,0.7887522111592542,3,2.7546097028358538,target_non_hit,4111,0.213356206843714,0.21335620684371401,P1P2,0.30867715974601018,0.9229350164210669,3,0.76627210548516866,target_non_hit,4111,False,False,True,True,True,-0.899236609512605,-0.899236609512605,-0.899236609512605,-0.04885429799078161,-0.04885429799078161,-0.04885429799078161,[-1],"[""P1P2""]","[""DCLRE1A_-_115613933.23-P1P2|DCLRE1A_+_115613885.23-P1P2""]",False,True,True,processed/original_r3_records.csv
DCLRE1B,R1:3031,DCLRE1B;PRKDC,-1.182921041,True,True,True,True,True,True,True,"{""gamma_R2"": ""P1P2"", ""rho_ATMi_R2"": ""P1P2"", ""rho_ATRi_R2"": ""P1P2"", ""rho_R2"": ""P1P2"", ""rho_WEE1i_R2"": ""P1P2""}","{""gamma_R2"": ""4112"", ""rho_ATMi_R2"": ""4112"", ""rho_ATRi_R2"": ""4112"", ""rho_R2"": ""4112"", ""rho_WEE1i_R2"": ""4112""}",1,1,R3:4330,R3:4330,,included_primary,29,546,0.05311355311355311,-0.02656682812892027,-2.6566828128920271E-2,P1P2,0.97445390595362069,0.99886404953604702,3,-1.805001846566614E-3,target_non_hit,4112,-1.253108572564838,-1.2531085725648381,P1P2,0.1616300286742004,0.58444017578859209,3,-4.4709158765580774,target_non_hit,4112,-0.06013194978653535,-6.0131949786535348E-2,P1P2,0.45023836125578648,0.87979216562873785,3,-0.1397904638380402,target_non_hit,4112,-0.2336496273909328,-0.23364962739093281,P1P2,0.30013842441880512,0.94481942392096563,3,-0.96070926916698973,target_non_hit,4112,-0.09632542487994655,-9.6325424879946553E-2,P1P2,0.48039368950557843,0.95096495095050482,3,-0.2157761779642898,target_non_hit,4112,False,False,False,True,True,1.648798595485896,1.648798595485896,1.648798595485896,-0.4619279555321679,-0.4619279555321679,-0.4619279555321679,[1],"[""P1P2""]","[""DCLRE1B_+_114448004.23-P1P2|DCLRE1B_+_114448001.23-P1P2""]",True,False,True,processed/original_r3_records.csv
DCLRE1C,R1:24498,DCLRE1C;PRKDC,-0.437087909,False,True,True,True,True,True,True,"{""gamma_R2"": ""P1P2"", ""rho_ATMi_R2"": ""P1P2"", ""rho_ATRi_R2"": ""P1P2"", ""rho_R2"": ""P1P2"", ""rho_WEE1i_R2"": ""P1P2""}","{""gamma_R2"": ""4113"", ""rho_ATMi_R2"": ""4113"", ""rho_ATRi_R2"": ""4113"", ""rho_R2"": ""4113"", ""rho_WEE1i_R2"": ""4113""}",1,1,R3:4331,R3:4331,,included_primary,4,546,0.007326007326007326,0.1937094477744732,0.19370944777447319,P1P2,1.7678964802232029E-2,0.49019144743833343,3,2.0523027273413579,target_non_hit,4113,-0.4192426360743795,-0.4192426360743795,P1P2,2.1684395385374198E-3,7.6471344789595039E-2,3,-5.0343641230294569,target_non_hit,4113,-0.09768382344885174,-9.7683823448851737E-2,P1P2,0.46514622802683148,0.88533625654664627,3,-0.21781828312299761,target_non_hit,4113,-0.3470194217139559,-0.34701942171395589,P1P2,7.9868606998027072E-2,0.91015979068428543,3,-2.996399159168567,target_non_hit,4113,-0.1018576494490494,-0.1018576494490494,P1P2,0.44007705265039382,0.94402347339962533,3,-0.25544888064754862,target_non_hit,4113,False,False,False,True,True,0.3624212239577736,0.3624212239577736,0.3624212239577736,-0.0625497884755821,-0.0625497884755821,-0.0625497884755821,[1],"[""P1P2""]","[""DCLRE1C_+_14996016.23-P1P2|DCLRE1C_-_14996032.23-P1P2""]",False,False,False,processed/original_r3_records.csv
DDB2,R1:69311,DDB2;PRKDC,-0.042124514,False,True,True,True,True,True,True,"{""gamma_R2"": ""P1P2"", ""rho_ATMi_R2"": ""P1P2"", ""rho_ATRi_R2"": ""P1P2"", ""rho_R2"": ""P1P2"", ""rho_WEE1i_R2"": ""P1P2""}","{""gamma_R2"": ""4142"", ""rho_ATMi_R2"": ""4142"", ""rho_ATRi_R2"": ""4142"", ""rho_R2"": ""4142"", ""rho_WEE1i_R2"": ""4142""}",1,1,R3:4357,R3:4357,,included_primary,5,546,0.009157509157509158,0.3275865848046698,0.32758658480466979,P1P2,3.6078571836209307E-2,0.57280752896228504,3,2.8571910800175,target_non_hit,4142,-0.2965090199698474,-0.29650901996984741,P1P2,4.9873062109239467E-2,0.40052315572138308,3,-1.740454018786026,target_non_hit,4142,0.3199334174792888,0.31993341747928877,P1P2,0.1232119647115881,0.73925971524544287,3,1.9515795156590281,target_non_hit,4142,0.1377840874966152,0.13778408749661519,P1P2,0.54075634244850812,0.96699808775421714,3,0.28940099593682311,target_non_hit,4142,0.1102321944954376,0.1102321944954376,P1P2,0.55798951679052178,0.95959310866773573,3,0.19649714542603039,target_non_hit,4142,False,False,False,True,True,0.1856918669532279,0.1856918669532279,0.1856918669532279,-0.006620104081270247,-0.006620104081270247,-0.006620104081270247,[1],"[""P1P2""]","[""DDB2_+_47236636.23-P1P2|DDB2_-_47236690.23-P1P2""]",False,False,False,processed/original_r3_records.csv
DDX1,R1:1150,DDX1;PRKDC,-1.505019396,True,True,True,True,True,True,True,"{""gamma_R2"": ""P1P2"", ""rho_ATMi_R2"": ""P1P2"", ""rho_ATRi_R2"": ""P1P2"", ""rho_R2"": ""P1P2"", ""rho_WEE1i_R2"": ""P1P2""}","{""gamma_R2"": ""4159"", ""rho_ATMi_R2"": ""4159"", ""rho_ATRi_R2"": ""4159"", ""rho_R2"": ""4159"", ""rho_WEE1i_R2"": ""4159""}",1,1,R3:4375,R3:4375,,included_primary,42,545,0.07706422018348624,-0.4201546608156783,-0.42015466081567832,P1P2,0.14988133166123929,0.72724989590662537,3,-2.0935885325699601,target_non_hit,4159,-2.052919020232622,-2.052919020232622,P1P2,3.3130621147436277E-2,0.33864351657664848,3,-13.69415180178782,essential_hit,4159,-0.1565545443678789,-0.15655454436787891,P1P2,0.55255958332251742,0.91331109511428776,3,-0.27054760708518061,target_non_hit,4159,0.2805833619685688,0.28058336196856881,P1P2,0.60031341176331177,0.975307790334623,3,0.48917812469046651,target_non_hit,4159,-0.4650110292571996,-0.46501102925719962,P1P2,0.1113689280047562,0.87492912126245792,3,-3.118526824431592,target_non_hit,4159,False,False,True,True,True,-0.5606224328165395,-0.5606224328165395,-0.5606224328165395,-0.3772478673688935,-0.3772478673688935,-0.3772478673688935,[-1],"[""P1P2""]","[""DDX1_-_15732017.23-P1P2|DDX1_-_15732021.23-P1P2""]",True,True,False,processed/original_r3_records.csv
DDX11,R1:94482,DDX11;PRKDC,0.0,False,True,True,True,True,True,True,"{""gamma_R2"": ""P1P2"", ""rho_ATMi_R2"": ""P1P2"", ""rho_ATRi_R2"": ""P1P2"", ""rho_R2"": ""P1P2"", ""rho_WEE1i_R2"": ""P1P2""}","{""gamma_R2"": ""4161"", ""rho_ATMi_R2"": ""4161"", ""rho_ATRi_R2"": ""4161"", ""rho_R2"": ""4161"", ""rho_WEE1i_R2"": ""4161""}",1,1,R3:4376,R3:4376,,included_primary,39,546,0.07142857142857142,-0.2257122638664275,-0.22571226386642751,P1P2,5.737719797738821E-2,0.61644857836678524,3,-1.6937138714072599,target_non_hit,4161,-0.2694193597770665,-0.26941935977706649,P1P2,7.0715507664659241E-2,0.45669164940031171,3,-1.397265270462912,target_non_hit,4161,-0.2174561477254913,-0.21745614772549129,P1P2,7.3482983123446984E-3,0.53392781892438723,3,-3.112612401271043,target_non_hit,4161,-0.03143333670328463,-3.1433336703284631E-2,P1P2,0.6193350409194216,0.97732910921050808,3,-5.1451893271570591E-2,target_non_hit,4161,-0.3497309972924638,-0.34973099729246382,P1P2,1.333707491659706E-2,0.6896680534610764,3,-4.6132519773740288,target_non_hit,4161,False,False,True,True,True,-0.2718637446665822,-0.2718637446665822,-0.2718637446665822,-0.06398926091373557,-0.06398926091373557,-0.06398926091373557,[-1],"[""P1P2""]","[""DDX11_+_31226729.23-P1P2|DDX11_+_31226823.23-P1P2""]",True,True,False,processed/original_r3_records.csv
DEK,R1:94656,DEK;PRKDC,0.0,False,True,True,True,True,True,True,"{""gamma_R2"": ""P1P2"", ""rho_ATMi_R2"": ""P1P2"", ""rho_ATRi_R2"": ""P1P2"", ""rho_R2"": ""P1P2"", ""rho_WEE1i_R2"": ""P1P2""}","{""gamma_R2"": ""4248"", ""rho_ATMi_R2"": ""4248"", ""rho_ATRi_R2"": ""4248"", ""rho_R2"": ""4248"", ""rho_WEE1i_R2"": ""4248""}",1,1,R3:4458,R3:4458,,included_primary,6,546,0.01098901098901099,0.2076486037802052,0.20764860378020519,P1P2,0.25678948427897091,0.7964944229385984,3,0.74116346734604743,target_non_hit,4248,-0.2410315992170456,-0.24103159921704559,P1P2,0.6325447332011247,0.85977339134380204,3,-0.21612094640619919,target_non_hit,4248,0.07053188056293845,7.0531880562938451E-2,P1P2,0.61955159581399544,0.93017309225028888,3,9.8374818745569276E-2,target_non_hit,4248,-0.1421927077697585,-0.14219270776975851,P1P2,0.1320471530834145,0.92862074578022791,3,-0.98354081498391388,target_non_hit,4248,-0.06074608346214502,-6.0746083462145023E-2,P1P2,0.90549199384158396,0.99718516408686009,3,-1.8426224846618058E-2,target_non_hit,4248,False,False,False,True,True,1.763867535370757,1.763867535370757,1.763867535370757,-0.04347355659956133,-0.04347355659956133,-0.04347355659956133,[1],"[""P1P2""]","[""DEK_+_18264707.23-P1P2|DEK_-_18264717.23-P1P2""]",False,False,False,processed/original_r3_records.csv
DMC1,R1:95125,DMC1;PRKDC,0.0,False,True,True,True,True,True,True,"{""gamma_R2"": ""P1P2"", ""rho_ATMi_R2"": ""P1P2"", ""rho_ATRi_R2"": ""P1P2"", ""rho_R2"": ""P1P2"", ""rho_WEE1i_R2"": ""P1P2""}","{""gamma_R2"": ""4405"", ""rho_ATMi_R2"": ""4405"", ""rho_ATRi_R2"": ""4405"", ""rho_R2"": ""4405"", ""rho_WEE1i_R2"": ""4405""}",1,1,R3:4615,R3:4615,,included_primary,1,546,0.0018315018315018315,-0.03781791634391481,-3.7817916343914813E-2,P1P2,0.55999146188928728,0.90678053324701191,3,-5.7571465864774719E-2,target_non_hit,4405,0.1444543868141446,0.1444543868141446,P1P2,0.1155308119842075,0.53642621253585598,3,0.61035054499511254,target_non_hit,4405,-0.1000768457660993,-0.10007684576609931,P1P2,0.18683606809883299,0.78271124261647496,3,-0.48908408735109099,target_non_hit,4405,-0.2120250236128682,-0.21202502361286821,P1P2,1.5485670257543049E-2,0.80344533634141468,3,-3.0190814011085201,target_non_hit,4405,0.003403491971565309,3.4034919715653089E-3,P1P2,0.87764127205091236,0.99490926397727908,3,1.3572600867513961E-3,target_non_hit,4405,False,False,True,True,True,-0.8863442960312531,-0.8863442960312531,-0.8863442960312531,0.02183731397328761,0.02183731397328761,0.02183731397328761,[-1],"[""P1P2""]","[""DMC1_-_38966148.23-P1P2|DMC1_+_38966174.23-P1P2""]",True,True,False,processed/original_r3_records.csv
DNTT,R1:95518,DNTT;PRKDC,0.0,False,True,True,True,True,True,True,"{""gamma_R2"": ""P1P2"", ""rho_ATMi_R2"": ""P1P2"", ""rho_ATRi_R2"": ""P1P2"", ""rho_R2"": ""P1P2"", ""rho_WEE1i_R2"": ""P1P2""}","{""gamma_R2"": ""4511"", ""rho_ATMi_R2"": ""4511"", ""rho_ATRi_R2"": ""4511"", ""rho_R2"": ""4511"", ""rho_WEE1i_R2"": ""4511""}",1,1,R3:4726,R3:4726,,included_primary,7,546,0.01282051282051282,0.3292337974905921,0.32923379749059212,P1P2,4.3459340433165003E-2,0.59186987840169225,3,2.7106715985426808,target_non_hit,4511,-0.4867947459052626,-0.48679474590526262,P1P2,0.23765752201812379,0.63307242493653026,3,-1.369408937426972,target_non_hit,4511,0.4308728504780607,0.43087285047806068,P1P2,0.12382212102917579,0.73925971524544287,3,2.6221043192930331,target_non_hit,4511,0.0280335019800176,2.8033501980017601E-2,P1P2,0.99033084616611322,1,3,9.3057334190337136E-4,target_non_hit,4511,0.2674378188757747,0.26743781887577472,P1P2,0.26386489155267062,0.91097167189033423,3,1.0886815613223071,target_non_hit,4511,False,False,False,True,True,0.5572534966662307,0.5572534966662307,0.5572534966662307,-0.0550349431998722,-0.0550349431998722,-0.0550349431998722,[1],"[""P1P2""]","[""DNTT_+_98064251.23-P1P2|DNTT_-_98064235.23-P1P2""]",False,False,False,processed/original_r3_records.csv
DOT1L,R1:3926,DOT1L;PRKDC,-1.091790952,True,True,True,True,True,True,True,"{""gamma_R2"": ""P1P2"", ""rho_ATMi_R2"": ""P1P2"", ""rho_ATRi_R2"": ""P1P2"", ""rho_R2"": ""P1P2"", ""rho_WEE1i_R2"": ""P1P2""}","{""gamma_R2"": ""4540"", ""rho_ATMi_R2"": ""4540"", ""rho_ATRi_R2"": ""4540"", ""rho_R2"": ""4540"", ""rho_WEE1i_R2"": ""4540""}",1,1,R3:4755,R3:4755,,included_primary,34,546,0.06227106227106227,-0.6944236136777848,-0.69442361367778482,P1P2,5.8459956010067154E-3,0.38214140906236899,3,-9.3748131569681927,sensitivity_hit,4540,-0.8223499714887632,-0.82234997148876321,P1P2,1.868222202663937E-2,0.25600025361753659,3,-6.4078597803630624,essential_hit,4540,-0.389768147167509,-0.38976814716750902,P1P2,0.1188587520255335,0.73644114076356459,3,-2.418412594917954,target_non_hit,4540,-0.107065448138408,-0.107065448138408,P1P2,0.26937430110126398,0.94382595124457902,3,-0.47978324534033667,target_non_hit,4540,0.06675474106535839,6.6754741065358392E-2,P1P2,0.75047515886624327,0.98150501801505285,3,5.8547434065299081E-2,target_non_hit,4540,False,False,False,True,True,0.7665661298884551,0.7665661298884551,0.7665661298884551,-0.1317266992323981,-0.1317266992323981,-0.1317266992323981,[1],"[""P1P2""]","[""DOT1L_-_2163964.23-P1P2|DOT1L_+_2164312.23-P1P2""]",True,False,True,processed/original_r3_records.csv
DTX3L,R1:95853,DTX3L;PRKDC,0.0,False,True,True,True,True,True,True,"{""gamma_R2"": ""P1P2"", ""rho_ATMi_R2"": ""P1P2"", ""rho_ATRi_R2"": ""P1P2"", ""rho_R2"": ""P1P2"", ""rho_WEE1i_R2"": ""P1P2""}","{""gamma_R2"": ""4632"", ""rho_ATMi_R2"": ""4632"", ""rho_ATRi_R2"": ""4632"", ""rho_R2"": ""4632"", ""rho_WEE1i_R2"": ""4632""}",1,1,R3:4855,R3:4855,,included_primary,2,546,0.003663003663003663,0.0530906204639526,5.3090620463952597E-2,P1P2,0.77487055666597104,0.96079202002530251,3,3.555209099380699E-2,target_non_hit,4632,-0.250473328591291,-0.25047332859129101,P1P2,0.15166905610480519,0.5762702870573897,3,-0.92484507757946655,target_non_hit,4632,-0.09308245219710068,-9.3082452197100679E-2,P1P2,0.77695144066190891,0.96421309898372887,3,-6.8438358804407629E-2,target_non_hit,4632,0.1884429800269642,0.18844298002696419,P1P2,0.12119597518961089,0.92363741546639178,3,1.35865865381891,target_non_hit,4632,0.1124060725278834,0.1124060725278834,P1P2,0.42619692158506789,0.94305997199313496,3,0.29291018801203422,target_non_hit,4632,False,False,True,True,True,-0.3329692821053283,-0.3329692821053283,-0.3329692821053283,0.02756170484351451,0.02756170484351451,0.02756170484351451,[-1],"[""P1P2""]","[""DTX3L_+_122283253.23-P1P2|DTX3L_+_122283258.23-P1P2""]",False,True,True,processed/original_r3_records.csv
EEPD1,R1:27246,EEPD1;PRKDC,-0.398745933,False,True,True,True,True,True,True,"{""gamma_R2"": ""P1P2"", ""rho_ATMi_R2"": ""P1P2"", ""rho_ATRi_R2"": ""P1P2"", ""rho_R2"": ""P1P2"", ""rho_WEE1i_R2"": ""P1P2""}","{""gamma_R2"": ""4773"", ""rho_ATMi_R2"": ""4773"", ""rho_ATRi_R2"": ""4773"", ""rho_R2"": ""4773"", ""rho_WEE1i_R2"": ""4773""}",1,1,R3:4999,R3:4999,,included_primary,2,546,0.003663003663003663,-0.2856964651913076,-0.28569646519130759,P1P2,0.21311381654701059,0.77263432240777052,3,-1.159579665721254,target_non_hit,4773,0.2139979306157072,0.21399793061570721,P1P2,4.7917375022132273E-2,0.39456962392564521,3,1.2728881491090169,target_non_hit,4773,-0.1745539624971251,-0.1745539624971251,P1P2,0.35723085823174711,0.85327192087335868,3,-0.52346032005403642,target_non_hit,4773,-0.0240648522415133,-2.40648522415133E-2,P1P2,0.84990024841315059,0.994049926540435,3,-1.337141310846951E-2,target_non_hit,4773,-0.1310807090919498,-0.1310807090919498,P1P2,0.22246490563480159,0.90360946513155116,3,-0.60195471058137018,target_non_hit,4773,False,False,False,True,True,0.3701301941985205,0.3701301941985205,0.3701301941985205,-0.01671496255389996,-0.01671496255389996,-0.01671496255389996,[1],"[""P1P2""]","[""EEPD1_-_36192950.23-P1P2|EEPD1_-_36192902.23-P1P2""]",True,False,True,processed/original_r3_records.csv
EGFR,R1:96259,EGFR;PRKDC,0.0,False,True,True,True,True,True,True,"{""gamma_R2"": ""P1P2"", ""rho_ATMi_R2"": ""P1P2"", ""rho_ATRi_R2"": ""P1P2"", ""rho_R2"": ""P1P2"", ""rho_WEE1i_R2"": ""P1P2""}","{""gamma_R2"": ""4813"", ""rho_ATMi_R2"": ""4813"", ""rho_ATRi_R2"": ""4813"", ""rho_R2"": ""4813"", ""rho_WEE1i_R2"": ""4813""}",1,1,R3:5041,R3:5041,,included_primary,1,546,0.0018315018315018315,-0.4429104784104547,-0.44291047841045472,P1P2,0.10348769483829739,0.68360354130538981,3,-2.6376863071053682,target_non_hit,4813,-0.3508388947779206,-0.35083889477792057,P1P2,8.9621073308004159E-2,0.49516689237078398,3,-1.6567920314605189,target_non_hit,4813,-0.2236508071701019,-0.22365080717010191,P1P2,0.2403666564867043,0.80747295665048668,3,-0.9288515450996675,target_non_hit,4813,0.1979572762747172,0.19795727627471721,P1P2,1.8089142071399389E-2,0.82949215949084654,3,2.713670007384458,target_non_hit,4813,0.06929558162408106,6.929558162408106E-2,P1P2,0.53114277711725566,0.9590623849937937,3,0.13396466366391829,target_non_hit,4813,False,False,False,True,True,0.4266774934779157,0.4266774934779157,0.4266774934779157,-0.1054638604750216,-0.1054638604750216,-0.1054638604750216,[1],"[""P1P2""]","[""EGFR_-_55086719.23-P1P2|EGFR_-_55086784.23-P1P2""]",True,False,True,processed/original_r3_records.csv
EID3,R1:20784,EID3;PRKDC,-0.496838371,False,True,True,True,True,True,True,"{""gamma_R2"": ""P1P2"", ""rho_ATMi_R2"": ""P1P2"", ""rho_ATRi_R2"": ""P1P2"", ""rho_R2"": ""P1P2"", ""rho_WEE1i_R2"": ""P1P2""}","{""gamma_R2"": ""4835"", ""rho_ATMi_R2"": ""4835"", ""rho_ATRi_R2"": ""4835"", ""rho_R2"": ""4835"", ""rho_WEE1i_R2"": ""4835""}",1,1,R3:5065,R3:5065,,included_primary,2,546,0.003663003663003663,0.1216488238181888,0.1216488238181888,P1P2,0.1238908186204738,0.7039875659481396,3,0.66698852591576652,target_non_hit,4835,-0.00305579852700788,-3.0557985270078798E-3,P1P2,0.40759477593041332,0.74047798322791403,3,-5.3691267085977257E-3,target_non_hit,4835,0.02920874399177957,2.920874399177957E-2,P1P2,0.52489044196319234,0.90637139285603141,3,5.4848069956692447E-2,target_non_hit,4835,-0.02759427466331546,-2.759427466331546E-2,P1P2,0.98330659713456192,1,3,-1.5870510534094951E-3,target_non_hit,4835,-0.05520142312772632,-5.5201423127726322E-2,P1P2,0.45423174819905721,0.94563601656455509,3,-0.1331002043462057,target_non_hit,4835,False,False,False,True,True,0.307988483236549,0.307988483236549,0.307988483236549,-0.03784515195129679,-0.03784515195129679,-0.03784515195129679,[1],"[""P1P2""]","[""EID3_+_104697575.23-P1P2|EID3_-_104697592.23-P1P2""]",False,False,False,processed/original_r3_records.csv
EME1,R1:26880,EME1;PRKDC,-0.403708554,False,True,True,True,True,True,True,"{""gamma_R2"": ""P1P2"", ""rho_ATMi_R2"": ""P1P2"", ""rho_ATRi_R2"": ""P1P2"", ""rho_R2"": ""P1P2"", ""rho_WEE1i_R2"": ""P1P2""}","{""gamma_R2"": ""4943"", ""rho_ATMi_R2"": ""4943"", ""rho_ATRi_R2"": ""4943"", ""rho_R2"": ""4943"", ""rho_WEE1i_R2"": ""4943""}",1,1,R3:5160,R3:5160,,included_primary,17,546,0.031135531135531136,-0.5373503779776502,-0.53735037797765017,P1P2,4.9317074713755703E-2,0.6065884925007351,3,-4.2457648339600276,target_non_hit,4943,-0.3815807445121383,-0.3815807445121383,P1P2,2.497177176621726E-2,0.29727067084869491,3,-2.7565583563147862,target_non_hit,4943,-0.1641947030101267,-0.1641947030101267,P1P2,0.47309452242630479,0.88813912656862049,3,-0.35802144724684343,target_non_hit,4943,-0.08985566549718242,-8.9855665497182421E-2,P1P2,0.56285965591641873,0.97153694613654151,3,-0.17643395501880441,target_non_hit,4943,-0.1127073458881918,-0.1127073458881918,P1P2,0.58664978662868994,0.96399412573405119,3,-0.18366065266618059,target_non_hit,4943,False,False,True,True,True,-0.2712858224394065,-0.2712858224394065,-0.2712858224394065,-0.104062782840889,-0.104062782840889,-0.104062782840889,[-1],"[""P1P2""]","[""EME1_+_48450680.23-P1P2|EME1_-_48450651.23-P1P2""]",True,True,False,processed/original_r3_records.csv
EME2,R1:65901,EME2;PRKDC,-0.06447293,False,True,True,True,True,True,True,"{""gamma_R2"": ""P1P2"", ""rho_ATMi_R2"": ""P1P2"", ""rho_ATRi_R2"": ""P1P2"", ""rho_R2"": ""P1P2"", ""rho_WEE1i_R2"": ""P1P2""}","{""gamma_R2"": ""4944"", ""rho_ATMi_R2"": ""4944"", ""rho_ATRi_R2"": ""4944"", ""rho_R2"": ""4944"", ""rho_WEE1i_R2"": ""4944""}",1,1,R3:5161,R3:5161,,included_primary,3,545,0.005504587155963303,-0.08196004822673524,-8.1960048226735235E-2,P1P2,0.94050810918512884,0.9921662426313137,3,-1.3198264822881471E-2,target_non_hit,4944,-0.6797411365096069,-0.67974113650960688,P1P2,5.3665057184143581E-3,0.1356249723502958,3,-6.9566056814910233,essential_hit,4944,-0.4352916557034177,-0.43529165570341771,P1P2,8.8453662791264209E-2,0.71694284269962871,3,-3.0755504421581308,target_non_hit,4944,0.003805842067828927,3.8058420678289272E-3,P1P2,0.99436706683886866,1,3,7.3449367777095217E-5,target_non_hit,4944,0.04258088916154357,4.2580889161543567E-2,P1P2,0.97192158851993637,1,3,3.7053317015361491E-3,target_non_hit,4944,False,False,True,True,True,-0.7817914890053844,-0.7817914890053844,-0.7817914890053844,-0.1635357702009494,-0.1635357702009494,-0.1635357702009494,[-1],"[""P1P2""]","[""EME2_-_1823220.23-P1P2|EME2_-_1823252.23-P1P2""]",True,True,False,processed/original_r3_records.csv
ENDOV,R1:96869,ENDOV;PRKDC,0.0,False,True,True,True,True,True,True,"{""gamma_R2"": ""P1P2"", ""rho_ATMi_R2"": ""P1P2"", ""rho_ATRi_R2"": ""P1P2"", ""rho_R2"": ""P1P2"", ""rho_WEE1i_R2"": ""P1P2""}","{""gamma_R2"": ""4972"", ""rho_ATMi_R2"": ""4972"", ""rho_ATRi_R2"": ""4972"", ""rho_R2"": ""4972"", ""rho_WEE1i_R2"": ""4972""}",1,1,R3:5191,R3:5191,,included_primary,3,546,0.005494505494505495,0.07895809611379598,7.8958096113795978E-2,P1P2,0.28839169239830631,0.81386360252685519,3,0.2577663364438027,target_non_hit,4972,-0.1714703500376046,-0.17147035003760461,P1P2,0.6303614889636624,0.85901051315231258,3,-0.15490952021908039,target_non_hit,4972,-0.1232140330089302,-0.1232140330089302,P1P2,0.58362956773707131,0.92260729157334753,3,-0.19329388281324669,target_non_hit,4972,-0.07364105241077512,-7.3641052410775121E-2,P1P2,0.23483386695677791,0.94241599495722939,3,-0.36452568860419948,target_non_hit,4972,-0.3001778772090269,-0.30017787720902689,P1P2,0.14486356741548609,0.89341219808039762,3,-1.771934185256191,target_non_hit,4972,False,False,False,True,True,0.2185743607966352,0.2185743607966352,0.2185743607966352,0.01725699052591653,0.01725699052591653,0.01725699052591653,[1],"[""P1P2""]","[""ENDOV_-_78389210.23-P1P2|ENDOV_+_78389220.23-P1P2""]",False,False,False,processed/original_r3_records.csv
EP300,R1:97078,EP300;PRKDC,0.0,False,True,True,True,True,True,True,"{""gamma_R2"": ""P1P2"", ""rho_ATMi_R2"": ""P1P2"", ""rho_ATRi_R2"": ""P1P2"", ""rho_R2"": ""P1P2"", ""rho_WEE1i_R2"": ""P1P2""}","{""gamma_R2"": ""5008"", ""rho_ATMi_R2"": ""5008"", ""rho_ATRi_R2"": ""5008"", ""rho_R2"": ""5008"", ""rho_WEE1i_R2"": ""5008""}",1,1,R3:5229,R3:5229,,included_primary,2,545,0.003669724770642202,-0.08900320696487704,-8.9003206964877041E-2,P1P2,0.94569736451833153,0.99271442417077915,3,-1.3046687867353531E-2,target_non_hit,5008,-0.7213130441239535,-0.72131304412395347,P1P2,2.4908823305782209E-2,0.29688336837532731,3,-5.2143656460674626,target_non_hit,5008,0.1377682554949281,0.1377682554949281,P1P2,0.54861732412735043,0.91212740208118048,3,0.24095609647165819,target_non_hit,5008,0.1416347333228458,0.14163473332284579,P1P2,9.4342112723975524E-2,0.91739298778457268,3,1.1423802580143581,target_non_hit,5008,-0.1969654136075468,-0.1969654136075468,P1P2,0.30097471117265912,0.91999547750121469,3,-0.7226118985134472,target_non_hit,5008,False,False,True,True,True,-0.003540509768201366,-0.003540509768201366,-0.003540509768201366,-0.09533640123114452,-0.09533640123114452,-0.09533640123114452,[-1],"[""P1P2""]","[""EP300_+_41488885.23-P1P2|EP300_-_41487756.23-P1P2""]",True,True,False,processed/original_r3_records.csv
EPC1,R1:12927,EPC1;PRKDC,-0.670666927,False,True,True,True,True,True,True,"{""gamma_R2"": ""P1P2"", ""rho_ATMi_R2"": ""P1P2"", ""rho_ATRi_R2"": ""P1P2"", ""rho_R2"": ""P1P2"", ""rho_WEE1i_R2"": ""P1P2""}","{""gamma_R2"": ""5019"", ""rho_ATMi_R2"": ""5019"", ""rho_ATRi_R2"": ""5019"", ""rho_R2"": ""5019"", ""rho_WEE1i_R2"": ""5019""}",1,1,R3:5240,R3:5240,,included_primary,5,545,0.009174311926605505,-0.1295441389800893,-0.12954413898008929,P1P2,0.61004576147646306,0.91779840810565616,3,-0.16809137850856201,target_non_hit,5019,-0.5278643301153579,-0.52786433011535794,P1P2,2.9107714061874222E-3,9.1804507533113144E-2,3,-6.0344703142152616,essential_hit,5019,-0.107792777755473,-0.107792777755473,P1P2,0.61179450440982985,0.92844289138519653,3,-0.15430133777531041,target_non_hit,5019,0.3567366557367956,0.35673665573679558,P1P2,6.2928066634872334E-4,0.35257769043989978,3,8.9835265685142698,resistance_hit,5019,0.1318369675491435,0.13183696754914351,P1P2,0.2631719282178645,0.91097167189033423,3,0.53773907245412922,target_non_hit,5019,False,False,False,True,True,1.40755517477424,1.40755517477424,1.40755517477424,-0.02866295962882248,-0.02866295962882248,-0.02866295962882248,[1],"[""P1P2""]","[""EPC1_+_32636079.23-P1P2|EPC1_+_32636107.23-P1P2""]",True,False,True,processed/original_r3_records.csv
EPC2,R1:21981,EPC2;PRKDC,-0.476255688,False,True,True,True,True,True,True,"{""gamma_R2"": ""P1P2"", ""rho_ATMi_R2"": ""P1P2"", ""rho_ATRi_R2"": ""P1P2"", ""rho_R2"": ""P1P2"", ""rho_WEE1i_R2"": ""P1P2""}","{""gamma_R2"": ""5020"", ""rho_ATMi_R2"": ""5020"", ""rho_ATRi_R2"": ""5020"", ""rho_R2"": ""5020"", ""rho_WEE1i_R2"": ""5020""}",1,1,R3:5241,R3:5241,,included_primary,12,545,0.022018348623853212,-0.2793694469344481,-0.2793694469344481,P1P2,0.21497215766891689,0.77318386384922622,3,-1.1275315427942161,target_non_hit,5020,-0.05278446926220889,-5.2784469262208887E-2,P1P2,0.96451116749189658,0.98985138894187696,3,-3.7339964728798098E-3,target_non_hit,5020,-0.4166936732558524,-0.41669367325585238,P1P2,1.65980859272561E-2,0.59589966351229762,3,-4.9753049716905089,target_non_hit,5020,-0.2512054331145352,-0.25120543311453519,P1P2,0.42590751356408002,0.95646084860085501,3,-0.7325310212139905,target_non_hit,5020,-0.1288744111347723,-0.1288744111347723,P1P2,0.2183630361909254,0.90305101891767536,3,-0.59915096163058801,target_non_hit,5020,False,False,False,True,True,0.1401496009614253,0.1401496009614253,0.1401496009614253,0.002456391890188485,0.002456391890188485,0.002456391890188485,[1],"[""P1P2""]","[""EPC2_-_149402744.23-P1P2|EPC2_+_149402296.23-P1P2""]",True,False,True,processed/original_r3_records.csv
ERCC1,R1:97697,ERCC1;PRKDC,0.0,False,True,True,True,True,True,True,"{""gamma_R2"": ""P1P2"", ""rho_ATMi_R2"": ""P1P2"", ""rho_ATRi_R2"": ""P1P2"", ""rho_R2"": ""P1P2"", ""rho_WEE1i_R2"": ""P1P2""}","{""gamma_R2"": ""5074"", ""rho_ATMi_R2"": ""5074"", ""rho_ATRi_R2"": ""5074"", ""rho_R2"": ""5074"", ""rho_WEE1i_R2"": ""5074""}",1,1,R3:5299,R3:5299,,included_primary,17,545,0.031192660550458717,-0.1452758451618639,-0.1452758451618639,P1P2,0.70218151254473349,0.94174843330610047,3,-0.13485493655900779,target_non_hit,5074,0.01107010357771543,1.1070103577715431E-2,P1P2,0.79931700566631292,0.93239426121730573,3,4.8545441158620523E-3,target_non_hit,5074,-0.08557504477663065,-8.5575044776630652E-2,P1P2,0.74485545809033749,0.95893785540556287,3,-7.3436113023928273E-2,target_non_hit,5074,0.04145671971962377,4.1456719719623773E-2,P1P2,0.66944401033022749,0.98097820319534001,3,5.6839352703209708E-2,target_non_hit,5074,0.04926272393933306,4.9262723939333057E-2,P1P2,0.42908628151864148,0.94305997199313496,3,0.12735289844284231,target_non_hit,5074,False,False,False,True,True,0.1522013008881102,0.1522013008881102,0.1522013008881102,-0.02534181292953444,-0.02534181292953444,-0.02534181292953444,[1],"[""P1P2""]","[""ERCC1_-_45927128.23-P1P2|ERCC1_-_45927125.23-P1P2""]",True,False,True,processed/original_r3_records.csv
ERCC5,R1:98198,ERCC5;PRKDC,0.0,False,True,True,True,True,True,True,"{""gamma_R2"": ""P1P2"", ""rho_ATMi_R2"": ""P1P2"", ""rho_ATRi_R2"": ""P1P2"", ""rho_R2"": ""P1P2"", ""rho_WEE1i_R2"": ""P1P2""}","{""gamma_R2"": ""5078"", ""rho_ATMi_R2"": ""5078"", ""rho_ATRi_R2"": ""5078"", ""rho_R2"": ""5078"", ""rho_WEE1i_R2"": ""5078""}",1,1,R3:5303,R3:5303,,included_primary,7,546,0.01282051282051282,0.05351435614053423,5.3514356140534229E-2,P1P2,0.2409269676681858,0.78993763154876318,3,0.19996831681151431,target_non_hit,5078,-0.1178594345095328,-0.1178594345095328,P1P2,0.33971280855416758,0.69799001798131755,3,-0.24911651557542949,target_non_hit,5078,0.1927285177988773,0.19272851779887731,P1P2,4.7101862711483963E-2,0.66584159523759212,3,1.715542147384945,target_non_hit,5078,0.002878872350742098,2.8788723507420979E-3,P1P2,0.92718895803110457,0.99749264300619789,3,7.4354757609764626E-4,target_non_hit,5078,0.1985925615282695,0.19859256152826951,P1P2,1.6173048819342142E-2,0.72023051838941521,3,2.502619564010625,target_non_hit,5078,False,False,True,True,True,-0.9653326720305203,-0.9653326720305203,-0.9653326720305203,-0.02763869802667203,-0.02763869802667203,-0.02763869802667203,[-1],"[""P1P2""]","[""ERCC5_+_103498446.23-P1P2|ERCC5_-_103498479.23-P1P2""]",False,True,True,processed/original_r3_records.csv
ERCC6,R1:21348,ERCC6;PRKDC,-0.487347227,False,True,True,True,True,True,True,"{""gamma_R2"": ""P1P2"", ""rho_ATMi_R2"": ""P1P2"", ""rho_ATRi_R2"": ""P1P2"", ""rho_R2"": ""P1P2"", ""rho_WEE1i_R2"": ""P1P2""}","{""gamma_R2"": ""5079"", ""rho_ATMi_R2"": ""5079"", ""rho_ATRi_R2"": ""5079"", ""rho_R2"": ""5079"", ""rho_WEE1i_R2"": ""5079""}",1,1,R3:5304,R3:5304,,included_primary,6,546,0.01098901098901099,-0.03439957620314334,-3.4399576203143337E-2,P1P2,0.84960665120981771,0.9768088153433121,3,-1.4719681330711091E-2,target_non_hit,5079,-0.1516436622141495,-0.15164366221414949,P1P2,0.117448137400951,0.53829026557593052,3,-0.63584028026194828,target_non_hit,5079,-0.04429471413692869,-4.429471413692869E-2,P1P2,0.95502244536132275,0.99584221213400781,3,-5.9385975242948058E-3,target_non_hit,5079,-0.09689349172157838,-9.6893491721578379E-2,P1P2,2.6296879260802791E-2,0.86447264228200982,3,-1.204398915595466,target_non_hit,5079,-0.1003027754460379,-0.1003027754460379,P1P2,0.80768100392343078,0.98759927830449434,3,-6.5457606005914354E-2,target_non_hit,5079,False,False,True,True,True,-0.5285062588753957,-0.5285062588753957,-0.5285062588753957,0.001219485319575769,0.001219485319575769,0.001219485319575769,[-1],"[""P1P2""]","[""ERCC6_+_50747057.23-P1P2|ERCC6_+_50747060.23-P1P2""]",True,True,False,processed/original_r3_records.csv
ERCC6L2,R1:27921,ERCC6L2;PRKDC,-0.389879801,False,True,True,True,True,True,True,"{""gamma_R2"": ""P1P2"", ""rho_ATMi_R2"": ""P1P2"", ""rho_ATRi_R2"": ""P1P2"", ""rho_R2"": ""P1P2"", ""rho_WEE1i_R2"": ""P1P2""}","{""gamma_R2"": ""5081"", ""rho_ATMi_R2"": ""5081"", ""rho_ATRi_R2"": ""5081"", ""rho_R2"": ""5081"", ""rho_WEE1i_R2"": ""5081""}",1,1,R3:5306,R3:5306,,included_primary,0,546,0.0,-0.1835020551520009,-0.18350205515200091,P1P2,0.109927226715957,0.68981381584904733,3,-1.0637357579966491,target_non_hit,5081,-0.4563893298000563,-0.45638932980005631,P1P2,7.8377413758870643E-5,9.7773945611145784E-3,3,-8.4470139077925932,essential_hit,5081,0.5017989961385725,0.50179899613857248,P1P2,2.7718525946515382E-7,1.082297564107639E-2,3,22.072277529264721,resistance_hit,5081,-0.5182515791053182,-0.51825157910531816,P1P2,2.0503388308536711E-3,0.49725173906529457,3,-10.95949146602424,sensitivity_hit,5081,-0.126467181842416,-0.12646718184241601,P1P2,0.45942679519521668,0.94588090699994087,3,-0.30054002290111692,target_non_hit,5081,False,False,True,True,True,-1.166693148184446,-1.166693148184446,-1.166693148184446,0.009296490776312593,0.009296490776312593,0.009296490776312593,[-1],"[""P1P2""]","[""ERCC6L2_-_98638049.23-P1P2|ERCC6L2_+_98637976.23-P1P2""]",True,True,False,processed/original_r3_records.csv
ERCC8,R1:98738,ERCC8;PRKDC,0.0,False,True,True,True,True,True,True,"{""gamma_R2"": ""P1P2"", ""rho_ATMi_R2"": ""P1P2"", ""rho_ATRi_R2"": ""P1P2"", ""rho_R2"": ""P1P2"", ""rho_WEE1i_R2"": ""P1P2""}","{""gamma_R2"": ""5082"", ""rho_ATMi_R2"": ""5082"", ""rho_ATRi_R2"": ""5082"", ""rho_R2"": ""5082"", ""rho_WEE1i_R2"": ""5082""}",1,1,R3:5307,R3:5307,,included_primary,1,546,0.0018315018315018315,0.2242771525233683,0.2242771525233683,P1P2,2.344736990880944E-2,0.51654239431310656,3,2.20988386470089,target_non_hit,5082,-0.1328870226491497,-0.1328870226491497,P1P2,0.3745397169368041,0.71907244325351583,3,-0.25548931656657309,target_non_hit,5082,0.2468385906018772,0.24683859060187721,P1P2,1.3314285645127421E-2,0.57249561717582986,3,3.1057697122273531,target_non_hit,5082,0.2327279816657447,0.23272798166574471,P1P2,1.807834604293844E-2,0.82949215949084654,3,3.190794104521919,target_non_hit,5082,0.2450464387740243,0.24504643877402429,P1P2,3.6649187248678362E-2,0.79496265925318599,3,2.4755356587943358,target_non_hit,5082,False,False,False,True,True,0.3310991129122222,0.3310991129122222,0.3310991129122222,0.02714287465861237,0.02714287465861237,0.02714287465861237,[1],"[""P1P2""]","[""ERCC8_-_60240852.23-P1P2|ERCC8_+_60240871.23-P1P2""]",False,False,False,processed/original_r3_records.csv
ETAA1,R1:66316,ETAA1;PRKDC,-0.061623329,False,True,True,True,True,True,True,"{""gamma_R2"": ""P1P2"", ""rho_ATMi_R2"": ""P1P2"", ""rho_ATRi_R2"": ""P1P2"", ""rho_R2"": ""P1P2"", ""rho_WEE1i_R2"": ""P1P2""}","{""gamma_R2"": ""5136"", ""rho_ATMi_R2"": ""5136"", ""rho_ATRi_R2"": ""5136"", ""rho_R2"": ""5136"", ""rho_WEE1i_R2"": ""5136""}",1,1,R3:5369,R3:5369,,included_primary,16,546,0.029304029304029304,0.09292960800425698,9.2929608004256981E-2,P1P2,0.25931817328609469,0.79788717849008917,3,0.32930429821789597,target_non_hit,5136,-0.2087021541057636,-0.20870215410576359,P1P2,0.46708895232244979,0.77466722213370331,3,-0.31102785802828847,target_non_hit,5136,-0.04114755766562335,-4.1147557665623349E-2,P1P2,0.86400859320679158,0.98179521019706928,3,-1.7522303221436681E-2,target_non_hit,5136,-1.339426881619099,-1.3394268816190991,P1P2,1.2545659579304519E-4,0.15139872550279029,3,-41.109640549798421,sensitivity_hit,5136,-0.5929069838459254,-0.59290698384592544,P1P2,1.034835478106655E-3,0.37069895484543541,3,-12.45189463417827,sensitivity_hit,5136,False,False,True,True,True,-0.1226357243630959,-0.1226357243630959,-0.1226357243630959,0.004028734034802163,0.004028734034802163,0.004028734034802163,[-1],"[""P1P2""]","[""ETAA1_-_67624659.23-P1P2|ETAA1_+_67624484.23-P1P2""]",False,True,True,processed/original_r3_records.csv
EXD2,R1:99270,EXD2;PRKDC,0.0,False,True,True,True,True,True,True,"{""gamma_R2"": ""P1P2"", ""rho_ATMi_R2"": ""P1P2"", ""rho_ATRi_R2"": ""P1P2"", ""rho_R2"": ""P1P2"", ""rho_WEE1i_R2"": ""P1P2""}","{""gamma_R2"": ""5171"", ""rho_ATMi_R2"": ""5171"", ""rho_ATRi_R2"": ""5171"", ""rho_R2"": ""5171"", ""rho_WEE1i_R2"": ""5171""}",1,1,R3:5405,R3:5405,,included_primary,2,545,0.003669724770642202,-0.3307719187982923,-0.33077191879829232,P1P2,2.5785404877195058E-4,0.13249305735142261,3,-7.1759389003333522,sensitivity_hit,5171,-0.09919866759299752,-9.9198667592997516E-2,P1P2,0.9920509508915677,0.9974153215705055,3,-1.54990887778014E-3,target_non_hit,5171,-0.1408213946921442,-0.14082139469214419,P1P2,0.13695474055034629,0.74735806373258196,3,-0.8156224497705683,target_non_hit,5171,-0.01986799431194752,-1.986799431194752E-2,P1P2,0.92440681737165242,0.99749264300619789,3,-5.335436259179982E-3,target_non_hit,5171,-0.114582422127511,-0.114582422127511,P1P2,0.26748378608238332,0.91097167189033423,3,-0.46167134436620533,target_non_hit,5171,False,False,False,True,True,0.1377731891777505,0.1377731891777505,0.1377731891777505,-0.02131886908934556,-0.02131886908934556,-0.02131886908934556,[1],"[""P1P2""]","[""EXD2_+_69658617.23-P1P2|EXD2_+_69658603.23-P1P2""]",True,False,True,processed/original_r3_records.csv
EXO1,R1:99511,EXO1;PRKDC,0.0,False,True,True,True,True,True,True,"{""gamma_R2"": ""P1P2"", ""rho_ATMi_R2"": ""P1P2"", ""rho_ATRi_R2"": ""P1P2"", ""rho_R2"": ""P1P2"", ""rho_WEE1i_R2"": ""P1P2""}","{""gamma_R2"": ""5173"", ""rho_ATMi_R2"": ""5173"", ""rho_ATRi_R2"": ""5173"", ""rho_R2"": ""5173"", ""rho_WEE1i_R2"": ""5173""}",1,1,R3:5407,R3:5407,,included_primary,2,545,0.003669724770642202,-0.2776666619213576,-0.27766666192135758,P1P2,0.23094361350834841,0.78404176563091377,3,-1.068415002513299,target_non_hit,5173,-0.08672281342131724,-8.6722813421317241E-2,P1P2,0.79311635306837314,0.93026452120112491,3,-3.9352526194384403E-2,target_non_hit,5173,-0.516767884815218,-0.51676788481521796,P1P2,2.5489274518461971E-2,0.61882289377422062,3,-5.5243778806089221,target_non_hit,5173,-0.154522915958213,-0.15452291595821299,P1P2,1.6074766160603E-2,0.80366748112722164,3,-2.18058311861529,target_non_hit,5173,0.2786893824644247,0.27868938246442471,P1P2,0.26018069601008331,0.91097167189033423,3,1.146457198651766,target_non_hit,5173,False,False,True,True,True,-0.4152345266769937,-0.4152345266769937,-0.4152345266769937,-0.03162058398082496,-0.03162058398082496,-0.03162058398082496,[-1],"[""P1P2""]","[""EXO1_+_242011534.23-P1P2|EXO1_+_242011550.23-P1P2""]",True,True,False,processed/original_r3_records.csv
EXO5,R1:99741,EXO5;PRKDC,0.0,False,True,True,True,True,True,True,"{""gamma_R2"": ""P1P2"", ""rho_ATMi_R2"": ""P1P2"", ""rho_ATRi_R2"": ""P1P2"", ""rho_R2"": ""P1P2"", ""rho_WEE1i_R2"": ""P1P2""}","{""gamma_R2"": ""5174"", ""rho_ATMi_R2"": ""5174"", ""rho_ATRi_R2"": ""5174"", ""rho_R2"": ""5174"", ""rho_WEE1i_R2"": ""5174""}",1,1,R3:5408,R3:5408,,included_primary,2,546,0.003663003663003663,-0.1770662556054007,-0.17706625560540071,P1P2,0.49233065402998533,0.88746665483776921,3,-0.32941703571640668,target_non_hit,5174,0.0006583903399803859,6.5839033998038587E-4,P1P2,0.97780558334384815,0.99338625597655594,3,2.892977802477907E-5,target_non_hit,5174,-0.2689157725147182,-0.26891577251471821,P1P2,0.32569038330556582,0.84268074794763914,3,-0.87885273196044256,target_non_hit,5174,-0.02810143469472341,-2.8101434694723409E-2,P1P2,0.5985600112059003,0.975307790334623,3,-4.9273781625699391E-2,target_non_hit,5174,0.04594553559286439,4.5945535592864392E-2,P1P2,0.72022161737531043,0.97956449385285516,3,4.6073068710011683E-2,target_non_hit,5174,False,False,True,True,True,-0.04851772495970145,-0.04851772495970145,-0.04851772495970145,-0.02744652825913448,-0.02744652825913448,-0.02744652825913448,[-1],"[""P1P2""]","[""EXO5_+_40974661.23-P1P2|EXO5_+_40974657.23-P1P2""]",True,True,False,processed/original_r3_records.csv
EYA2,R1:43806,EYA2;PRKDC,-0.225019262,False,True,True,True,True,True,True,"{""gamma_R2"": ""P1P2"", ""rho_ATMi_R2"": ""P1P2"", ""rho_ATRi_R2"": ""P1P2"", ""rho_R2"": ""P1P2"", ""rho_WEE1i_R2"": ""P1P2""}","{""gamma_R2"": ""5205"", ""rho_ATMi_R2"": ""5205"", ""rho_ATRi_R2"": ""5205"", ""rho_R2"": ""5205"", ""rho_WEE1i_R2"": ""5205""}",1,1,R3:5435,R3:5435,,included_primary,4,546,0.007326007326007326,-0.1221282087059559,-0.12212820870595591,P1P2,0.39667804197541501,0.85311582854242618,3,-0.2964765284557529,target_non_hit,5205,0.08768882024479178,8.7688820244791785E-2,P1P2,5.1872158797604317E-2,0.40638048001831018,3,0.50797054305055755,target_non_hit,5205,-0.3277102940979565,-0.32771029409795649,P1P2,7.7160893457758867E-2,0.70644245849700982,3,-2.4458350547147352,target_non_hit,5205,0.09830435959268513,9.8304359592685131E-2,P1P2,0.139848221112951,0.93201515519527722,3,0.6606894998374957,target_non_hit,5205,-0.2806642927368987,-0.28066429273689869,P1P2,0.16055350037810109,0.89700653739935565,3,-1.568560949178152,target_non_hit,5205,False,False,False,True,True,0.510298201240062,0.510298201240062,0.510298201240062,-0.0359031365470563,-0.0359031365470563,-0.0359031365470563,[1],"[""P1P2""]","[""EYA2_+_45523542.23-P1P2|EYA2_+_45523552.23-P1P2""]",True,False,True,processed/original_r3_records.csv
EYA3,R1:100274,EYA3;PRKDC,0.0,False,True,True,True,True,True,True,"{""gamma_R2"": ""P1P2"", ""rho_ATMi_R2"": ""P1P2"", ""rho_ATRi_R2"": ""P1P2"", ""rho_R2"": ""P1P2"", ""rho_WEE1i_R2"": ""P1P2""}","{""gamma_R2"": ""5206"", ""rho_ATMi_R2"": ""5206"", ""rho_ATRi_R2"": ""5206"", ""rho_R2"": ""5206"", ""rho_WEE1i_R2"": ""5206""}",1,1,R3:5436,R3:5436,,included_primary,8,546,0.014652014652014652,0.1991527360384135,0.19915273603841349,P1P2,0.1248651196048997,0.70531590947778422,3,1.0878389939373041,target_non_hit,5206,-0.09871123229588954,-9.8711232295889545E-2,P1P2,0.95219457426329634,0.98669769764917159,3,-9.4665292112582067E-3,target_non_hit,5206,0.2085659393659265,0.20856593936592649,P1P2,3.804165257538944E-2,0.64847257476196773,3,1.986320601279755,target_non_hit,5206,-0.005034248808318154,-5.0342488083181536E-3,P1P2,0.7175948992315615,0.98464321749325812,3,-5.7075962366774152E-3,target_non_hit,5206,0.04430486553279245,4.4304865532792448E-2,P1P2,0.6240321095186071,0.96858318211338779,3,6.3834061453778526E-2,target_non_hit,5206,False,False,True,True,True,-0.946136529500477,-0.946136529500477,-0.946136529500477,-0.02256240605455297,-0.02256240605455297,-0.02256240605455297,[-1],"[""P1P2""]","[""EYA3_-_28415104.23-P1P2|EYA3_-_28415116.23-P1P2""]",False,True,True,processed/original_r3_records.csv
EYA4,R1:42903,EYA4;PRKDC,-0.232704835,False,True,True,True,True,True,True,"{""gamma_R2"": ""P1P2"", ""rho_ATMi_R2"": ""P1P2"", ""rho_ATRi_R2"": ""P1P2"", ""rho_R2"": ""P1P2"", ""rho_WEE1i_R2"": ""P1P2""}","{""gamma_R2"": ""5207"", ""rho_ATMi_R2"": ""5207"", ""rho_ATRi_R2"": ""5207"", ""rho_R2"": ""5207"", ""rho_WEE1i_R2"": ""5207""}",1,1,R3:5437,R3:5437,,included_primary,7,546,0.01282051282051282,0.2359212796143031,0.23592127961430309,P1P2,5.7839461138301358E-2,0.61644857836678524,3,1.765350659153416,target_non_hit,5207,0.0333724451799314,3.3372445179931397E-2,P1P2,0.37019778075193649,0.71638648276305195,3,6.49238727861602E-2,target_non_hit,5207,0.1139543940171578,0.1139543940171578,P1P2,0.32292708951529842,0.84129937021837464,3,0.37524688661086181,target_non_hit,5207,-0.1327662243155146,-0.1327662243155146,P1P2,0.3011659417807982,0.94481942392096563,3,-0.54435155169276417,target_non_hit,5207,0.006589999274177888,6.5899992741778879E-3,P1P2,0.88767817072699695,0.99540421771588816,3,2.3990264581566739E-3,target_non_hit,5207,False,False,True,True,True,-0.1781157255232202,-0.1781157255232202,-0.1781157255232202,-0.04371511554701094,-0.04371511554701094,-0.04371511554701094,[-1],"[""P1P2""]","[""EYA4_+_133562531.23-P1P2|EYA4_+_133562512.23-P1P2""]",False,True,True,processed/original_r3_records.csv
FAM168A,R1:48025,FAM168A;PRKDC,-0.190945046,False,True,True,True,True,True,True,"{""gamma_R2"": ""P1P2"", ""rho_ATMi_R2"": ""P1P2"", ""rho_ATRi_R2"": ""P1P2"", ""rho_R2"": ""P1P2"", ""rho_WEE1i_R2"": ""P1P2""}","{""gamma_R2"": ""5348"", ""rho_ATMi_R2"": ""5348"", ""rho_ATRi_R2"": ""5348"", ""rho_R2"": ""5348"", ""rho_WEE1i_R2"": ""5348""}",1,1,R3:5595,R3:5595,,included_primary,8,546,0.014652014652014652,0.2466986367633018,0.24669863676330181,P1P2,0.22452973623188779,0.77879877927887387,3,0.96749791611806513,target_non_hit,5348,-0.2000705366311144,-0.2000705366311144,P1P2,0.59561858479336216,0.84262313292006463,3,-0.20295321260383731,target_non_hit,5348,0.04730731093627998,4.7307310936279982E-2,P1P2,0.69274741651890048,0.94606752940836958,3,5.0592002719073242E-2,target_non_hit,5348,0.2661723696000243,0.26617236960002427,P1P2,4.3767648928846312E-2,0.88762122447562075,3,2.845285134629532,target_non_hit,5348,-0.2092061928876638,-0.20920619288766379,P1P2,0.52341136872068506,0.95801181744969699,3,-0.41381765528239578,target_non_hit,5348,False,False,True,True,True,-0.3237425053424792,-0.3237425053424792,-0.3237425053424792,0.04076538115668982,0.04076538115668982,0.04076538115668982,[-1],"[""P1P2""]","[""FAM168A_-_73309158.23-P1P2|FAM168A_+_73309019.23-P1P2""]",False,True,True,processed/original_r3_records.csv
FAM175A,R1:100675,FAM175A;PRKDC,0.0,False,True,True,True,True,True,True,"{""gamma_R2"": ""P1P2"", ""rho_ATMi_R2"": ""P1P2"", ""rho_ATRi_R2"": ""P1P2"", ""rho_R2"": ""P1P2"", ""rho_WEE1i_R2"": ""P1P2""}","{""gamma_R2"": ""5362"", ""rho_ATMi_R2"": ""5362"", ""rho_ATRi_R2"": ""5362"", ""rho_R2"": ""5362"", ""rho_WEE1i_R2"": ""5362""}",1,1,R3:5609,R3:5609,,included_primary,23,545,0.04220183486238532,-0.8906431444328012,-0.89064314443280124,P1P2,7.3926641223144601E-2,0.63972867104134923,3,-6.090664065607891,sensitivity_hit,5362,0.3426996786010655,0.34269967860106548,P1P2,9.0792961836324737E-2,0.49645287485496709,3,1.6096395817538369,target_non_hit,5362,0.0976521404749584,9.7652140474958404E-2,P1P2,0.41431249845911272,0.86945975764761729,3,0.25067173414740379,target_non_hit,5362,-0.3941125041329803,-0.39411250413298032,P1P2,0.17047768630343221,0.93489129238435131,3,-2.382109536613596,target_non_hit,5362,-0.1197567342255589,-0.11975673422555889,P1P2,0.84124668860385965,0.99134284924224203,3,-6.325437079596162E-2,target_non_hit,5362,False,False,True,True,True,-0.7798840987244656,-0.7798840987244656,-0.7798840987244656,0.03498704014974264,0.03498704014974264,0.03498704014974264,[-1],"[""P1P2""]","[""FAM175A_+_84406203.23-P1P2|FAM175A_+_84406217.23-P1P2""]",True,True,False,processed/original_r3_records.csv
FAM178A,R1:39119,FAM178A;PRKDC,-0.266526383,False,True,True,True,True,True,True,"{""gamma_R2"": ""P1P2"", ""rho_ATMi_R2"": ""P1P2"", ""rho_ATRi_R2"": ""P1P2"", ""rho_R2"": ""P1P2"", ""rho_WEE1i_R2"": ""P1P2""}","{""gamma_R2"": ""5366"", ""rho_ATMi_R2"": ""5366"", ""rho_ATRi_R2"": ""5366"", ""rho_R2"": ""5366"", ""rho_WEE1i_R2"": ""5366""}",1,1,R3:5614,R3:5614,,included_primary,4,546,0.007326007326007326,-0.05057721076245053,-5.0577210762450531E-2,P1P2,0.82721409852612138,0.97220856177511261,3,-2.5188916257761151E-2,target_non_hit,5366,-0.7952831888437347,-0.79528318884373472,P1P2,2.418919798633434E-3,8.1424675813152145E-2,3,-9.3797520058675765,essential_hit,5366,0.1013683727492373,0.1013683727492373,P1P2,0.66820981967466653,0.94118651476551662,3,0.1190566590263792,target_non_hit,5366,-0.2098030944320518,-0.20980309443205181,P1P2,0.19730348489909161,0.93579490414168209,3,-1.1633498005675329,target_non_hit,5366,0.4228528196595634,0.42285281965956339,P1P2,7.2793593887206617E-2,0.85478948246669684,3,3.3851798801969162,target_non_hit,5366,False,False,False,True,True,0.7154680332043619,0.7154680332043619,0.7154680332043619,-0.1145109390609302,-0.1145109390609302,-0.1145109390609302,[1],"[""P1P2""]","[""FAM178A_+_102672774.23-P1P2|FAM178A_+_102672781.23-P1P2""]",True,False,True,processed/original_r3_records.csv
FAM35A,R1:39830,FAM35A;PRKDC,-0.259851614,False,True,True,True,True,True,True,"{""gamma_R2"": ""P1P2"", ""rho_ATMi_R2"": ""P1P2"", ""rho_ATRi_R2"": ""P1P2"", ""rho_R2"": ""P1P2"", ""rho_WEE1i_R2"": ""P1P2""}","{""gamma_R2"": ""5458"", ""rho_ATMi_R2"": ""5458"", ""rho_ATRi_R2"": ""5458"", ""rho_R2"": ""5458"", ""rho_WEE1i_R2"": ""5458""}",1,1,R3:5715,R3:5715,,included_primary,34,546,0.06227106227106227,0.3359346491435041,0.33593464914350413,P1P2,1.368550478033067E-3,0.24968355602951139,3,5.8158092848831577,target_non_hit,5458,-0.05213545625352782,-5.213545625352782E-2,P1P2,0.83366890710951203,0.94499901721529378,3,-1.8567969155876791E-2,target_non_hit,5458,-0.1531196940971287,-0.15311969409712869,P1P2,0.6454297488657903,0.93546584907994246,3,-0.1953109832406566,target_non_hit,5458,-0.6617896586321173,-0.66178965863211725,P1P2,3.9111208995085939E-2,0.87619816183181931,3,-7.3286172077138012,sensitivity_hit,5458,-0.2008613626975905,-0.2008613626975905,P1P2,0.4696206210794126,0.94819272489813466,3,-0.46386404575056822,target_non_hit,5458,False,False,False,True,True,0.3821315460650878,0.3821315460650878,0.3821315460650878,0.01675292131346569,0.01675292131346569,0.01675292131346569,[1],"[""P1P2""]","[""FAM35A_+_88854983.23-P1P2|FAM35A_-_88854992.23-P1P2""]",False,False,False,processed/original_r3_records.csv
FAN1,R1:101244,FAN1;PRKDC,0.0,False,True,True,True,True,True,True,"{""gamma_R2"": ""P1P2"", ""rho_ATMi_R2"": ""P1P2"", ""rho_ATRi_R2"": ""P1P2"", ""rho_R2"": ""P1P2"", ""rho_WEE1i_R2"": ""P1P2""}","{""gamma_R2"": ""5541"", ""rho_ATMi_R2"": ""5541"", ""rho_ATRi_R2"": ""5541"", ""rho_R2"": ""5541"", ""rho_WEE1i_R2"": ""5541""}",1,1,R3:5804,R3:5804,,included_primary,4,546,0.007326007326007326,-0.4385334203723824,-0.43853342037238241,P1P2,7.908531111843066E-2,0.6507269669146849,3,-2.9212479374464331,target_non_hit,5541,-1.420787828932232,-1.420787828932232,P1P2,8.7699187289080466E-2,0.49147431246421042,3,-6.7697871348420398,essential_hit,5541,-0.1493848048173357,-0.14938480481733571,P1P2,0.44757547159160932,0.87891757215681277,3,-0.34986071061941387,target_non_hit,5541,-0.1694171694480534,-0.16941716944805341,P1P2,0.1974754564613021,0.93579490414168209,3,-0.93890718121202876,target_non_hit,5541,-0.02355077441649926,-2.3550774416499259E-2,P1P2,0.93274136815478004,0.99931992504136724,3,-5.0101993081428323E-3,target_non_hit,5541,False,False,False,True,True,0.1233819774699657,0.1233819774699657,0.1233819774699657,0.003435662118814801,0.003435662118814801,0.003435662118814801,[1],"[""P1P2""]","[""FAN1_-_31196158.23-P1P2|FAN1_-_31196149.23-P1P2""]",True,False,True,processed/original_r3_records.csv
FANCA,R1:24979,FANCA;PRKDC,-0.430060077,False,True,True,True,True,True,True,"{""gamma_R2"": ""P1P2"", ""rho_ATMi_R2"": ""P1P2"", ""rho_ATRi_R2"": ""P1P2"", ""rho_R2"": ""P1P2"", ""rho_WEE1i_R2"": ""P1P2""}","{""gamma_R2"": ""5542"", ""rho_ATMi_R2"": ""5542"", ""rho_ATRi_R2"": ""5542"", ""rho_R2"": ""5542"", ""rho_WEE1i_R2"": ""5542""}",1,1,R3:5805,R3:5805,,included_primary,28,546,0.05128205128205128,-0.1270610007691513,-0.12706100076915131,P1P2,0.29670091697230327,0.81824185787323267,3,-0.40532716887236531,target_non_hit,5542,-0.2398007766009839,-0.23980077660098389,P1P2,8.6592855569219612E-2,0.49021184576101851,3,-1.1485656752500271,target_non_hit,5542,-0.8577757301423621,-0.85777573014236208,P1P2,1.5300605544101969E-4,0.23318935091362519,3,-21.953229479890791,sensitivity_hit,5542,-0.3200820636344732,-0.32008206363447322,P1P2,1.120294468723514E-4,0.14581005941926109,3,-9.9477345020141943,sensitivity_hit,5542,-0.1001095942862946,-0.1001095942862946,P1P2,0.87137454687150484,0.99466731699839661,3,-4.2114081094792699E-2,target_non_hit,5542,False,False,True,True,True,-0.96334211967458,-0.96334211967458,-0.96334211967458,-0.005805930672163672,-0.005805930672163672,-0.005805930672163672,[-1],"[""P1P2""]","[""FANCA_-_89883048.23-P1P2|FANCA_-_89883018.23-P1P2""]",True,True,False,processed/original_r3_records.csv
FANCB,R1:26011,FANCB;PRKDC,-0.415887638,False,True,True,True,True,True,True,"{""gamma_R2"": ""P1P2"", ""rho_ATMi_R2"": ""P1P2"", ""rho_ATRi_R2"": ""P1P2"", ""rho_R2"": ""P1P2"", ""rho_WEE1i_R2"": ""P1P2""}","{""gamma_R2"": ""5543"", ""rho_ATMi_R2"": ""5543"", ""rho_ATRi_R2"": ""5543"", ""rho_R2"": ""5543"", ""rho_WEE1i_R2"": ""5543""}",1,1,R3:5806,R3:5806,,included_primary,17,546,0.031135531135531136,-0.4926893588834211,-0.49268935888342108,P1P2,0.36556513435057569,0.84295852536533011,3,-1.301701863086516,target_non_hit,5543,-0.9141165340521866,-0.91411653405218662,P1P2,0.1997939860162202,0.6110348972449805,3,-2.8820870294902088,target_non_hit,5543,-1.249581514700339,-1.2495815147003391,P1P2,2.1791342346643521E-2,0.61214542340569056,3,-13.928949034960921,sensitivity_hit,5543,-0.5179550906098505,-0.51795509060985045,P1P2,0.16563184755751981,0.93489129238435131,3,-3.1816725186430328,target_non_hit,5543,-0.1218950124329451,-0.12189501243294509,P1P2,0.70956354301374347,0.97814945563199296,3,-0.12778603449228049,target_non_hit,5543,False,False,False,True,True,1.062919032995229,1.062919032995229,1.062919032995229,-0.233261409307338,-0.233261409307338,-0.233261409307338,[1],"[""P1P2""]","[""FANCB_-_14891231.23-P1P2|FANCB_-_14891130.23-P1P2""]",True,False,True,processed/original_r3_records.csv
FANCC,R1:101616,FANCC;PRKDC,0.0,False,True,True,True,True,True,True,"{""gamma_R2"": ""P1P2"", ""rho_ATMi_R2"": ""P1P2"", ""rho_ATRi_R2"": ""P1P2"", ""rho_R2"": ""P1P2"", ""rho_WEE1i_R2"": ""P1P2""}","{""gamma_R2"": ""5544"", ""rho_ATMi_R2"": ""5544"", ""rho_ATRi_R2"": ""5544"", ""rho_R2"": ""5544"", ""rho_WEE1i_R2"": ""5544""}",1,1,R3:5807,R3:5807,,included_primary,42,546,0.07692307692307693,-0.1791431993485944,-0.17914319934859441,P1P2,0.64707227031144909,0.92891418272476001,3,-0.2047351899536356,target_non_hit,5544,-0.9454828417782973,-0.94548284177829733,P1P2,8.1771555870604001E-2,0.48034577692009822,3,-4.6345871649211423,target_non_hit,5544,-0.5005957992624258,-0.50059579926242581,P1P2,0.1243827969276554,0.74017267038638523,3,-3.039819073591369,target_non_hit,5544,0.1769995118785917,0.1769995118785917,P1P2,0.39257781736141029,0.95353648165667293,3,0.56541828215254719,target_non_hit,5544,-0.03357249406747295,-3.3572494067472952E-2,P1P2,0.88406905441076411,0.99536884890810529,3,-1.2639657301939181E-2,target_non_hit,5544,False,False,False,True,True,1.812956067726819,1.812956067726819,1.812956067726819,-0.3715328900233313,-0.3715328900233313,-0.3715328900233313,[1],"[""P1P2""]","[""FANCC_-_98079954.23-P1P2|FANCC_+_98079492.23-P1P2""]",True,False,True,processed/original_r3_records.csv
FANCD2,R1:13770,FANCD2;PRKDC,-0.648560786,False,True,True,True,True,True,True,"{""gamma_R2"": ""P1P2"", ""rho_ATMi_R2"": ""P1P2"", ""rho_ATRi_R2"": ""P1P2"", ""rho_R2"": ""P1P2"", ""rho_WEE1i_R2"": ""P1P2""}","{""gamma_R2"": ""5545"", ""rho_ATMi_R2"": ""5545"", ""rho_ATRi_R2"": ""5545"", ""rho_R2"": ""5545"", ""rho_WEE1i_R2"": ""5545""}",1,1,R3:5808,R3:5808,,included_primary,39,546,0.07142857142857142,-0.2520811417682448,-0.25208114176824481,P1P2,5.7473624703313603E-2,0.61644857836678524,3,-1.8904709925132259,target_non_hit,5545,-0.3423489866320525,-0.34234898663205249,P1P2,3.9276112915106838E-3,0.1112092171779015,3,-3.7128760523087041,target_non_hit,5545,-0.6163985322507063,-0.61639853225070629,P1P2,1.3796305917690951E-3,0.37647231581776569,3,-11.826618721262911,sensitivity_hit,5545,-0.3278653844720919,-0.3278653844720919,P1P2,4.4493514915922841E-3,0.64583412022569642,3,-6.0655533426461776,sensitivity_hit,5545,-0.2428386354142695,-0.2428386354142695,P1P2,6.4059996597215535E-2,0.8373024998297024,3,-2.0388928039249188,target_non_hit,5545,False,False,False,True,True,0.1419479691575553,0.1419479691575553,0.1419479691575553,-0.01310636865084795,-0.01310636865084795,-0.01310636865084795,[1],"[""P1P2""]","[""FANCD2_-_10068143.23-P1P2|FANCD2_-_10068176.23-P1P2""]",True,False,True,processed/original_r3_records.csv
FANCE,R1:68395,FANCE;PRKDC,-0.047956565,False,True,True,True,True,True,True,"{""gamma_R2"": ""P1P2"", ""rho_ATMi_R2"": ""P1P2"", ""rho_ATRi_R2"": ""P1P2"", ""rho_R2"": ""P1P2"", ""rho_WEE1i_R2"": ""P1P2""}","{""gamma_R2"": ""5547"", ""rho_ATMi_R2"": ""5547"", ""rho_ATRi_R2"": ""5547"", ""rho_R2"": ""5547"", ""rho_WEE1i_R2"": ""5547""}",1,1,R3:5810,R3:5810,,included_primary,16,546,0.029304029304029304,-0.6990299748661393,-0.69902997486613927,P1P2,5.3200333723941182E-3,0.37200755497151788,3,-9.6100248414865188,sensitivity_hit,5547,-0.9241272908176649,-0.92412729081766487,P1P2,1.144393048202351E-3,5.1419989597363637E-2,3,-12.25345389509269,essential_hit,5547,-1.017258074278347,-1.017258074278347,P1P2,1.2223193042743909E-5,7.9544465924496474E-2,3,-33.524208782241772,sensitivity_hit,5547,-0.4390615319303899,-0.43906153193038988,P1P2,0.15983576939066069,0.93489129238435131,3,-2.7504808840587538,target_non_hit,5547,-0.2929995531239769,-0.29299955312397691,P1P2,7.0093396872774577E-2,0.84813163709770012,3,-2.3794691546382469,target_non_hit,5547,False,False,True,True,True,-0.2122137576016486,-0.2122137576016486,-0.2122137576016486,-0.06105704649559165,-0.06105704649559165,-0.06105704649559165,[-1],"[""P1P2""]","[""FANCE_-_35420187.23-P1P2|FANCE_+_35420114.23-P1P2""]",True,True,False,processed/original_r3_records.csv
FANCF,R1:566,FANCF;PRKDC,-1.718334446,True,True,True,True,True,True,True,"{""gamma_R2"": ""P1P2"", ""rho_ATMi_R2"": ""P1P2"", ""rho_ATRi_R2"": ""P1P2"", ""rho_R2"": ""P1P2"", ""rho_WEE1i_R2"": ""P1P2""}","{""gamma_R2"": ""5548"", ""rho_ATMi_R2"": ""5548"", ""rho_ATRi_R2"": ""5548"", ""rho_R2"": ""5548"", ""rho_WEE1i_R2"": ""5548""}",1,1,R3:5811,R3:5811,,included_primary,43,546,0.07875457875457875,-0.1950941202424996,-0.19509412024249961,P1P2,0.39188762170789099,0.85081567635477873,3,-0.47983074419282201,target_non_hit,5548,0.08196315161535672,8.1963151615356722E-2,P1P2,0.3764342553183655,0.72018481714738092,3,0.15677318331143111,target_non_hit,5548,-0.7963826692614846,-0.7963826692614846,P1P2,1.7349882686659471E-4,0.24824897128624351,3,-20.09036566058283,sensitivity_hit,5548,-0.2942127836100443,-0.29421278361004433,P1P2,5.3049334449301683E-2,0.89399539359207891,3,-2.951705767085492,target_non_hit,5548,-0.3365411797958625,-0.33654117979586251,P1P2,9.8264266709954931E-2,0.87492912126245792,3,-2.3856903465890689,target_non_hit,5548,False,False,False,True,True,0.3488018692989434,0.3488018692989434,0.3488018692989434,-0.05270404730694794,-0.05270404730694794,-0.05270404730694794,[1],"[""P1P2""]","[""FANCF_-_22647359.23-P1P2|FANCF_+_22647176.23-P1P2""]",True,False,True,processed/original_r3_records.csv
FANCG,R1:102059,FANCG;PRKDC,0.0,False,True,True,True,True,True,True,"{""gamma_R2"": ""P1P2"", ""rho_ATMi_R2"": ""P1P2"", ""rho_ATRi_R2"": ""P1P2"", ""rho_R2"": ""P1P2"", ""rho_WEE1i_R2"": ""P1P2""}","{""gamma_R2"": ""5549"", ""rho_ATMi_R2"": ""5549"", ""rho_ATRi_R2"": ""5549"", ""rho_R2"": ""5549"", ""rho_WEE1i_R2"": ""5549""}",1,1,R3:5812,R3:5812,,included_primary,7,545,0.012844036697247707,-0.312931524273303,-0.31293152427330301,P1P2,0.13081086629050559,0.71117252647996099,3,-1.671117785182384,target_non_hit,5549,-0.2017435074766841,-0.2017435074766841,P1P2,0.42083725169119501,0.74871332435113691,3,-0.34184126879177817,target_non_hit,5549,-0.7399481277780966,-0.7399481277780966,P1P2,5.0284538796846608E-4,0.34527083900129091,3,-16.37281457289842,sensitivity_hit,5549,-0.3835787181203651,-0.38357871812036509,P1P2,3.3008538650536177E-2,0.87619816183181931,3,-4.4700406021233299,target_non_hit,5549,-0.2978159801933612,-0.2978159801933612,P1P2,3.5396689203330389E-2,0.79496265925318599,3,-3.0402717470593261,target_non_hit,5549,False,False,False,True,True,0.259089921579315,0.259089921579315,0.259089921579315,-0.1157735096004017,-0.1157735096004017,-0.1157735096004017,[1],"[""P1P2""]","[""FANCG_-_35079525.23-P1P2|FANCG_-_35079943.23-P1P2""]",True,False,True,processed/original_r3_records.csv
FANCL,R1:55496,FANCL;PRKDC,-0.134924201,False,True,True,True,True,True,True,"{""gamma_R2"": ""P1P2"", ""rho_ATMi_R2"": ""P1P2"", ""rho_ATRi_R2"": ""P1P2"", ""rho_R2"": ""P1P2"", ""rho_WEE1i_R2"": ""P1P2""}","{""gamma_R2"": ""5551"", ""rho_ATMi_R2"": ""5551"", ""rho_ATRi_R2"": ""5551"", ""rho_R2"": ""5551"", ""rho_WEE1i_R2"": ""5551""}",1,1,R3:5814,R3:5814,,included_primary,10,546,0.018315018315018316,0.03243172690021427,3.2431726900214272E-2,P1P2,0.75492297141277831,0.95635333014675694,3,2.393857203090672E-2,target_non_hit,5551,-0.09060240259675438,-9.0602402596754381E-2,P1P2,0.68996438021065765,0.88535111866000649,3,-6.5826667427887176E-2,target_non_hit,5551,-0.5889750878959351,-0.58897508789593511,P1P2,6.458950513187278E-3,0.51731857457639208,3,-8.6517880865382111,sensitivity_hit,5551,0.04768187340072436,4.7681873400724363E-2,P1P2,0.9925289437749627,1,3,1.221629052292278E-3,target_non_hit,5551,-0.1130242998715634,-0.1130242998715634,P1P2,0.50540183205154243,0.95574561721716234,3,-0.23565784189035599,target_non_hit,5551,False,False,True,True,True,-0.7228129899450249,-0.7228129899450249,-0.7228129899450249,0.02154878558502831,0.02154878558502831,0.02154878558502831,[-1],"[""P1P2""]","[""FANCL_-_58468461.23-P1P2|FANCL_-_58468076.23-P1P2""]",False,True,True,processed/original_r3_records.csv
FANCM,R1:13644,FANCM;PRKDC,-0.651790326,False,True,True,True,True,True,True,"{""gamma_R2"": ""P1P2"", ""rho_ATMi_R2"": ""P1P2"", ""rho_ATRi_R2"": ""P1P2"", ""rho_R2"": ""P1P2"", ""rho_WEE1i_R2"": ""P1P2""}","{""gamma_R2"": ""5552"", ""rho_ATMi_R2"": ""5552"", ""rho_ATRi_R2"": ""5552"", ""rho_R2"": ""5552"", ""rho_WEE1i_R2"": ""5552""}",1,1,R3:5815,R3:5815,,included_primary,35,546,0.0641025641025641,-0.2078115962217892,-0.20781159622178921,P1P2,0.21997522615211379,0.77551246644030447,3,-0.82617262055468976,target_non_hit,5552,-0.1511191328371397,-0.15111913283713971,P1P2,0.63247422863845937,0.85977339134380204,3,-0.13553392513523871,target_non_hit,5552,-0.4273919816454883,-0.42739198164548831,P1P2,0.13744985633550899,0.74753297892996062,3,-2.4709154489276401,target_non_hit,5552,-0.1919857117099128,-0.1919857117099128,P1P2,0.21391818195203099,0.93733570685929946,3,-1.011522287429754,target_non_hit,5552,-0.1495192903517554,-0.1495192903517554,P1P2,0.34863729637408752,0.93078178178317506,3,-0.48138646784549388,target_non_hit,5552,False,False,True,True,True,-2.149182407898696,-2.149182407898696,-2.149182407898696,0.00895673089580722,0.00895673089580722,0.00895673089580722,[-1],"[""P1P2""]","[""FANCM_-_45605167.23-P1P2|FANCM_+_45605170.23-P1P2""]",True,True,False,processed/original_r3_records.csv
FBXO18,R1:102699,FBXO18;PRKDC,0.0,False,True,True,True,True,True,True,"{""gamma_R2"": ""P1P2"", ""rho_ATMi_R2"": ""P1P2"", ""rho_ATRi_R2"": ""P1P2"", ""rho_R2"": ""P1P2"", ""rho_WEE1i_R2"": ""P1P2""}","{""gamma_R2"": ""5614"", ""rho_ATMi_R2"": ""5614"", ""rho_ATRi_R2"": ""5614"", ""rho_R2"": ""5614"", ""rho_WEE1i_R2"": ""5614""}",1,1,R3:5876,R3:5876,,included_primary,1,546,0.0018315018315018315,0.3155081149355611,0.31550811493556108,P1P2,0.14315622094037811,0.72077104298099826,3,1.6101729118879879,target_non_hit,5614,-0.09330853357622582,-9.3308533576225816E-2,P1P2,0.59779716973177022,0.84393623144647834,3,-9.3986009079453217E-2,target_non_hit,5614,0.02327092529574579,2.327092529574579E-2,P1P2,0.60985026658280228,0.92784294067188977,3,3.3527250136975432E-2,target_non_hit,5614,0.07572722536490728,7.572722536490728E-2,P1P2,0.61615628195047367,0.97686862878098024,3,0.1252859825461681,target_non_hit,5614,0.03078911452198652,3.0789114521986519E-2,P1P2,0.58864615639898465,0.96450557718930896,3,4.9852374962393503E-2,target_non_hit,5614,False,False,False,True,True,0.4864945619583186,0.4864945619583186,0.4864945619583186,-0.01806211588365771,-0.01806211588365771,-0.01806211588365771,[1],"[""P1P2""]","[""FBXO18_+_5932212.23-P1P2|FBXO18_-_5932188.23-P1P2""]",False,False,False,processed/original_r3_records.csv
FBXO6,R1:26859,FBXO6;PRKDC,-0.40395904,False,True,True,True,True,True,True,"{""gamma_R2"": ""P1P2"", ""rho_ATMi_R2"": ""P1P2"", ""rho_ATRi_R2"": ""P1P2"", ""rho_R2"": ""P1P2"", ""rho_WEE1i_R2"": ""P1P2""}","{""gamma_R2"": ""5642"", ""rho_ATMi_R2"": ""5642"", ""rho_ATRi_R2"": ""5642"", ""rho_R2"": ""5642"", ""rho_WEE1i_R2"": ""5642""}",1,1,R3:5905,R3:5905,,included_primary,2,546,0.003663003663003663,-0.4420860115311069,-0.44208601153110688,P1P2,0.27549855620760477,0.80710658956198522,3,-1.496318839162261,target_non_hit,5642,-0.7964721285023326,-0.79647212850233262,P1P2,0.20212503312625729,0.61184386723372686,3,-2.493082776302542,target_non_hit,5642,-0.342149065894726,-0.34214906589472599,P1P2,0.34436438779036438,0.84892746968805821,3,-1.062615627090145,target_non_hit,5642,-0.0739561989364536,-7.3956198936453596E-2,P1P2,0.38153946283562079,0.9529847116809127,3,-0.2434565272864064,target_non_hit,5642,-0.272658647840421,-0.27265864784042099,P1P2,0.52583345692192907,0.95895053573084943,3,-0.53548276607704681,target_non_hit,5642,False,False,True,True,True,-0.1117659639001179,-0.1117659639001179,-0.1117659639001179,0.007312028055752466,0.007312028055752466,0.007312028055752466,[-1],"[""P1P2""]","[""FBXO6_-_11724327.23-P1P2|FBXO6_+_11724308.23-P1P2""]",True,True,False,processed/original_r3_records.csv
FGF10,R1:10950,FGF10;PRKDC,-0.73079918,False,True,True,True,True,True,True,"{""gamma_R2"": ""P1P2"", ""rho_ATMi_R2"": ""P1P2"", ""rho_ATRi_R2"": ""P1P2"", ""rho_R2"": ""P1P2"", ""rho_WEE1i_R2"": ""P1P2""}","{""gamma_R2"": ""5722"", ""rho_ATMi_R2"": ""5722"", ""rho_ATRi_R2"": ""5722"", ""rho_R2"": ""5722"", ""rho_WEE1i_R2"": ""5722""}",1,1,R3:5992,R3:5992,,included_primary,13,546,0.023809523809523808,0.04393275484769799,4.3932754847697993E-2,P1P2,0.30639465935998361,0.82388460312478451,3,0.13643814271627211,target_non_hit,5722,-0.4194468013953537,-0.41944680139535367,P1P2,0.1069760281515382,0.52323139908878635,3,-1.8354262868108731,target_non_hit,5722,-0.06303190414517865,-6.3031904145178647E-2,P1P2,0.75884615894678953,0.95989776743794641,3,-5.0673612206248587E-2,target_non_hit,5722,-0.0269688033962218,-2.6968803396221801E-2,P1P2,0.81062282585769518,0.99113237577158952,3,-1.9344574353420189E-2,target_non_hit,5722,0.1599932049583399,0.15999320495833991,P1P2,5.7550062592346962E-2,0.82769365522610283,3,1.395702944529762,target_non_hit,5722,False,False,False,True,True,0.6399841939631448,0.6399841939631448,0.6399841939631448,-0.1185255782201599,-0.1185255782201599,-0.1185255782201599,[1],"[""P1P2""]","[""FGF10_+_44389740.23-P1P2|FGF10_+_44389472.23-P1P2""]",False,False,False,processed/original_r3_records.csv
FH,R1:103420,FH;PRKDC,0.0,False,True,True,True,True,True,True,"{""gamma_R2"": ""P1P2"", ""rho_ATMi_R2"": ""P1P2"", ""rho_ATRi_R2"": ""P1P2"", ""rho_R2"": ""P1P2"", ""rho_WEE1i_R2"": ""P1P2""}","{""gamma_R2"": ""5758"", ""rho_ATMi_R2"": ""5758"", ""rho_ATRi_R2"": ""5758"", ""rho_R2"": ""5758"", ""rho_WEE1i_R2"": ""5758""}",1,1,R3:6029,R3:6029,,included_primary,0,546,0.0,-0.3519514305950446,-0.35195143059504458,P1P2,0.1325703810304516,0.71227083526547652,3,-1.8671457918318299,target_non_hit,5758,-1.055347661163805,-1.0553476611638051,P1P2,6.3184497037892034E-3,0.146597920125769,3,-10.46325163648015,essential_hit,5758,-0.3829261632053026,-0.38292616320530259,P1P2,0.1433144349738065,0.75538005237408878,3,-2.1672310860475918,target_non_hit,5758,-0.04961109203921928,-4.9611092039219283E-2,P1P2,0.77402869750490455,0.98943048253935206,3,-4.3415376176517202E-2,target_non_hit,5758,0.1166394220980981,0.11663942209809811,P1P2,0.57824130054628053,0.9618753409513906,3,0.19521311307445499,target_non_hit,5758,False,False,False,True,True,1.268104737426124,1.268104737426124,1.268104737426124,-0.1769638679220417,-0.1769638679220417,-0.1769638679220417,[1],"[""P1P2""]","[""FH_-_241683023.23-P1P2|FH_+_241683004.23-P1P2""]",True,False,True,processed/original_r3_records.csv
FIGN,R1:103590,FIGN;PRKDC,0.0,False,True,True,True,True,True,True,"{""gamma_R2"": ""P1P2"", ""rho_ATMi_R2"": ""P1P2"", ""rho_ATRi_R2"": ""P1P2"", ""rho_R2"": ""P1P2"", ""rho_WEE1i_R2"": ""P1P2""}","{""gamma_R2"": ""5775"", ""rho_ATMi_R2"": ""5775"", ""rho_ATRi_R2"": ""5775"", ""rho_R2"": ""5775"", ""rho_WEE1i_R2"": ""5775""}",1,1,R3:6046,R3:6046,,included_primary,4,546,0.007326007326007326,-0.7079235314376248,-0.70792353143762476,P1P2,0.27090206745625622,0.80509111321541782,3,-2.4273647044929092,target_non_hit,5775,0.3404413879855472,0.34044138798554718,P1P2,0.49129716603797752,0.78858789546653241,3,0.47368069890253589,target_non_hit,5775,-0.2094533798898097,-0.20945337988980969,P1P2,0.70906431014258986,0.9495230764302055,3,-0.20979055962098411,target_non_hit,5775,0.07175482601633804,7.1754826016338036E-2,P1P2,0.92498227438191316,0.99749264300619789,3,1.9116787611835721E-2,target_non_hit,5775,0.03578401856347953,3.5784018563479528E-2,P1P2,0.86656588247383659,0.9932481717351721,3,1.5658646892039441E-2,target_non_hit,5775,False,False,False,True,True,0.167331585957489,0.167331585957489,0.167331585957489,-0.09007283769512058,-0.09007283769512058,-0.09007283769512058,[1],"[""P1P2""]","[""FIGN_-_164592553.23-P1P2|FIGN_-_164592471.23-P1P2""]",True,False,True,processed/original_r3_records.csv
FIGNL1,R1:42092,FIGNL1;PRKDC,-0.239807956,False,True,True,True,True,True,True,"{""gamma_R2"": ""P1P2"", ""rho_ATMi_R2"": ""P1P2"", ""rho_ATRi_R2"": ""P1P2"", ""rho_R2"": ""P1P2"", ""rho_WEE1i_R2"": ""P1P2""}","{""gamma_R2"": ""5776"", ""rho_ATMi_R2"": ""5776"", ""rho_ATRi_R2"": ""5776"", ""rho_R2"": ""5776"", ""rho_WEE1i_R2"": ""5776""}",1,1,R3:6047,R3:6047,,included_primary,6,546,0.01098901098901099,0.443337334015784,0.44333733401578401,P1P2,0.12876329256986729,0.7104819722905219,3,2.3858748392486131,target_non_hit,5776,-0.04645308679858823,-4.6453086798588228E-2,P1P2,0.98338475413823323,0.99492760630377164,3,-1.5237293157640121E-3,target_non_hit,5776,0.08405886188387393,8.4058861883873931E-2,P1P2,0.34658887741985811,0.84965785433026886,3,0.25948560653827329,target_non_hit,5776,-0.1285618670453819,-0.12856186704538189,P1P2,0.15070875037898609,0.93245050780727523,3,-0.83119545068786871,target_non_hit,5776,0.05786735817388525,5.7867358173885247E-2,P1P2,0.73244731226791404,0.981359614798338,3,5.5051859834577471E-2,target_non_hit,5776,False,False,False,True,True,0.4867065906918361,0.4867065906918361,0.4867065906918361,0.01147349185555109,0.01147349185555109,0.01147349185555109,[1],"[""P1P2""]","[""FIGNL1_-_50518409.23-P1P2|FIGNL1_-_50518003.23-P1P2""]",False,False,False,processed/original_r3_records.csv
FIGNL2,R1:9189,FIGNL2;PRKDC,-0.790207219,False,True,True,True,True,True,True,"{""gamma_R2"": ""P1P2"", ""rho_ATMi_R2"": ""P1P2"", ""rho_ATRi_R2"": ""P1P2"", ""rho_R2"": ""P1P2"", ""rho_WEE1i_R2"": ""P1P2""}","{""gamma_R2"": ""5777"", ""rho_ATMi_R2"": ""5777"", ""rho_ATRi_R2"": ""5777"", ""rho_R2"": ""5777"", ""rho_WEE1i_R2"": ""5777""}",1,1,R3:6048,R3:6048,,included_primary,14,546,0.02564102564102564,0.007492662091268535,7.492662091268535E-3,P1P2,0.81160355229253489,0.9686945131385436,3,4.106339813388535E-3,target_non_hit,5777,0.03876709655152884,3.8767096551528837E-2,P1P2,0.2134520768486346,0.61803494604998199,3,0.117208824451648,target_non_hit,5777,0.1808545104537943,0.1808545104537943,P1P2,0.25826761470710818,0.81581705507669777,3,0.71326670699663719,target_non_hit,5777,0.2272311984839339,0.22723119848393389,P1P2,5.7368006637151282E-2,0.89494080205233428,3,2.2189505722600451,target_non_hit,5777,-0.005381536505033729,-5.3815365050337294E-3,P1P2,0.98990842967167192,1,3,-1.667768599779651E-4,target_non_hit,5777,False,False,True,True,True,-0.5001767538417073,-0.5001767538417073,-0.5001767538417073,0.008912429882698433,0.008912429882698433,0.008912429882698433,[-1],"[""P1P2""]","[""FIGNL2_-_52215623.23-P1P2|FIGNL2_-_52215620.23-P1P2""]",False,True,True,processed/original_r3_records.csv
FMN2,R1:104051,FMN2;PRKDC,0.0,False,True,True,True,True,True,True,"{""gamma_R2"": ""P1P2"", ""rho_ATMi_R2"": ""P1P2"", ""rho_ATRi_R2"": ""P1P2"", ""rho_R2"": ""P1P2"", ""rho_WEE1i_R2"": ""P1P2""}","{""gamma_R2"": ""5831"", ""rho_ATMi_R2"": ""5831"", ""rho_ATRi_R2"": ""5831"", ""rho_R2"": ""5831"", ""rho_WEE1i_R2"": ""5831""}",1,1,R3:6101,R3:6101,,included_primary,2,546,0.003663003663003663,-0.128528494816186,-0.128528494816186,P1P2,0.7523903074154088,0.95580416801491308,3,-9.6003705491612495E-2,target_non_hit,5831,-0.05046877495227445,-5.0468774952274448E-2,P1P2,0.87722743465543818,0.96001026020664659,3,-1.2942281368271779E-2,target_non_hit,5831,-0.1260249772587669,-0.12602497725876691,P1P2,0.7436723403051424,0.958492882579283,3,-0.1087318016938985,target_non_hit,5831,-0.02626011819050289,-2.626011819050289E-2,P1P2,0.55124429822615673,0.96957662429529901,3,-5.3433224365906667E-2,target_non_hit,5831,0.02524929378873431,2.524929378873431E-2,P1P2,0.80482956991737409,0.98703746465771669,3,1.675053442302446E-2,target_non_hit,5831,False,False,False,True,True,0.6490746792731079,0.6490746792731079,0.6490746792731079,-0.02726235123568475,-0.02726235123568475,-0.02726235123568475,[1],"[""P1P2""]","[""FMN2_-_240255213.23-P1P2|FMN2_-_240255241.23-P1P2""]",True,False,True,processed/original_r3_records.csv
FOXM1,R1:13721,FOXM1;PRKDC,-0.649784173,False,True,True,True,True,True,True,"{""gamma_R2"": ""P1P2"", ""rho_ATMi_R2"": ""P1P2"", ""rho_ATRi_R2"": ""P1P2"", ""rho_R2"": ""P1P2"", ""rho_WEE1i_R2"": ""P1P2""}","{""gamma_R2"": ""5899"", ""rho_ATMi_R2"": ""5899"", ""rho_ATRi_R2"": ""5899"", ""rho_R2"": ""5899"", ""rho_WEE1i_R2"": ""5899""}",1,1,R3:6174,R3:6174,,included_primary,22,546,0.040293040293040296,-0.3628853088393104,-0.36288530883931042,P1P2,6.9795017182461033E-2,0.63551790133244201,3,-2.536384404285597,target_non_hit,5899,-0.3390615156381096,-0.3390615156381096,P1P2,0.13955923877130369,0.56368143806204207,3,-1.3071824125265661,target_non_hit,5899,-0.2722804855347099,-0.2722804855347099,P1P2,0.14137933491502899,0.75335165641537327,3,-1.5517979064831879,target_non_hit,5899,0.153855509596511,0.15385550959651101,P1P2,0.1062627764131709,0.91958512052694819,3,1.178404402718483,target_non_hit,5899,-0.1804231662563921,-0.1804231662563921,P1P2,0.29155388139192828,0.91696426804752118,3,-0.67945403308032826,target_non_hit,5899,False,False,True,True,True,-1.191952812643211,-1.191952812643211,-1.191952812643211,-0.1160161894365839,-0.1160161894365839,-0.1160161894365839,[-1],"[""P1P2""]","[""FOXM1_+_2986104.23-P1P2|FOXM1_-_2985870.23-P1P2""]",True,True,False,processed/original_r3_records.csv
FTO,R1:17844,FTO;PRKDC,-0.551641802,False,True,True,True,True,True,True,"{""gamma_R2"": ""P1P2"", ""rho_ATMi_R2"": ""P1P2"", ""rho_ATRi_R2"": ""P1P2"", ""rho_R2"": ""P1P2"", ""rho_WEE1i_R2"": ""P1P2""}","{""gamma_R2"": ""5975"", ""rho_ATMi_R2"": ""5975"", ""rho_ATRi_R2"": ""5975"", ""rho_R2"": ""5975"", ""rho_WEE1i_R2"": ""5975""}",1,1,R3:6265,R3:6265,,included_primary,7,546,0.01282051282051282,0.01073543666717999,1.0735436667179989E-2,P1P2,0.97648293410316422,0.99957405214429917,3,6.7075895489285416E-4,target_non_hit,5975,0.07500540241167997,7.5005402411679967E-2,P1P2,0.68959367863189347,0.88524541129304324,3,5.4573669558308231E-2,target_non_hit,5975,-0.05714348247052156,-5.7143482470521562E-2,P1P2,0.73252235440139835,0.95557063738237236,3,-5.1817118898168743E-2,target_non_hit,5975,-0.2459754438492589,-0.2459754438492589,P1P2,5.8040103068763088E-2,0.89494080205233428,3,-2.3922031524080771,target_non_hit,5975,-0.262150607045303,-0.26215060704530302,P1P2,0.51043301586966527,0.95650117518730349,3,-0.53865489217513329,target_non_hit,5975,False,False,False,True,True,0.8850426704463218,0.8850426704463218,0.8850426704463218,-0.03533042290780298,-0.03533042290780298,-0.03533042290780298,[1],"[""P1P2""]","[""FTO_-_53738082.23-P1P2|FTO_-_53738091.23-P1P2""]",False,False,False,processed/original_r3_records.csv
FUS,R1:74990,FUS;PRKDC,-0.005606829,False,True,True,True,True,True,True,"{""gamma_R2"": ""P1P2"", ""rho_ATMi_R2"": ""P1P2"", ""rho_ATRi_R2"": ""P1P2"", ""rho_R2"": ""P1P2"", ""rho_WEE1i_R2"": ""P1P2""}","{""gamma_R2"": ""5988"", ""rho_ATMi_R2"": ""5988"", ""rho_ATRi_R2"": ""5988"", ""rho_R2"": ""5988"", ""rho_WEE1i_R2"": ""5988""}",1,1,R3:6277,R3:6277,,included_primary,1,546,0.0018315018315018315,-0.6931008093908633,-0.69310080939086327,P1P2,5.6767511614919143E-3,0.37829415652408849,3,-9.4104142919345097,sensitivity_hit,5988,-0.2986508736575958,-0.29865087365759579,P1P2,6.6882342018831878E-2,0.44784726914467288,3,-1.5814501034284261,target_non_hit,5988,-0.3912159344738293,-0.3912159344738293,P1P2,2.463617733514625E-2,0.61760722510868049,3,-4.2209941970728906,target_non_hit,5988,-0.245738924682353,-0.245738924682353,P1P2,0.1613395372088674,0.93489129238435131,3,-1.5315584460294289,target_non_hit,5988,-0.1457690723542164,-0.14576907235421641,P1P2,0.3712239397756103,0.93225676254741363,3,-0.44135409731787167,target_non_hit,5988,False,False,True,True,True,-0.04010739819207228,-0.04010739819207228,-0.04010739819207228,-0.02683763081410847,-0.02683763081410847,-0.02683763081410847,[-1],"[""P1P2""]","[""FUS_-_31191558.23-P1P2|FUS_-_31191697.23-P1P2""]",True,True,False,processed/original_r3_records.csv
FZR1,R1:9161,FZR1;PRKDC,-0.791700068,False,True,True,True,True,True,True,"{""gamma_R2"": ""P1P2"", ""rho_ATMi_R2"": ""P1P2"", ""rho_ATRi_R2"": ""P1P2"", ""rho_R2"": ""P1P2"", ""rho_WEE1i_R2"": ""P1P2""}","{""gamma_R2"": ""6026"", ""rho_ATMi_R2"": ""6026"", ""rho_ATRi_R2"": ""6026"", ""rho_R2"": ""6026"", ""rho_WEE1i_R2"": ""6026""}",1,1,R3:6318,R3:6318,,included_primary,127,546,0.2326007326007326,0.06580507059315972,6.5805070593159723E-2,P1P2,0.68157263487967279,0.93793533625115955,3,6.6231381154176927E-2,target_non_hit,6026,-0.716476573720451,-0.71647657372045104,P1P2,3.127655546445784E-3,9.5782304679625174E-2,3,-8.0898551719940475,essential_hit,6026,0.05161732827780136,5.1617328277801362E-2,P1P2,0.38447780061111497,0.8616456758749973,3,0.14373921374657361,target_non_hit,6026,-0.3286333951494102,-0.3286333951494102,P1P2,2.5834251527589091E-3,0.56040232508124643,3,-6.6901433994829951,sensitivity_hit,6026,-1.436610288252623,-1.436610288252623,P1P2,1.034694279756846E-7,4.0400672847385804E-3,3,-70.599704161488106,sensitivity_hit,6026,False,False,False,True,True,0.8901141499683288,0.8901141499683288,0.8901141499683288,-0.08900841346585613,-0.08900841346585613,-0.08900841346585613,[1],"[""P1P2""]","[""FZR1_+_3506321.23-P1P2|FZR1_+_3506324.23-P1P2""]",False,False,False,processed/original_r3_records.csv
GADD45A,R1:104769,GADD45A;PRKDC,0.0,False,True,True,True,True,True,True,"{""gamma_R2"": ""P1P2"", ""rho_ATMi_R2"": ""P1P2"", ""rho_ATRi_R2"": ""P1P2"", ""rho_R2"": ""P1P2"", ""rho_WEE1i_R2"": ""P1P2""}","{""gamma_R2"": ""6069"", ""rho_ATMi_R2"": ""6069"", ""rho_ATRi_R2"": ""6069"", ""rho_R2"": ""6069"", ""rho_WEE1i_R2"": ""6069""}",1,1,R3:6360,R3:6360,,included_primary,2,546,0.003663003663003663,-0.08140333194874379,-8.1403331948743787E-2,P1P2,0.70990295365822731,0.94458400256260144,3,-7.3226786434251859E-2,target_non_hit,6069,0.2560184658052937,0.25601846580529369,P1P2,7.9669479416597366E-3,0.1648529143243487,3,2.4221012294436548,target_non_hit,6069,0.003448653056585961,3.4486530565859611E-3,P1P2,0.98111718475997056,0.99944434114630343,3,1.915272154108013E-4,target_non_hit,6069,-0.04083488431343341,-4.0834884313433413E-2,P1P2,0.94787468674808639,0.99949237990009665,3,-7.4684303141627243E-3,target_non_hit,6069,-0.1135228232976768,-0.11352282329767679,P1P2,0.63989452248517198,0.97067027660583127,3,-0.15485598931861419,target_non_hit,6069,False,False,True,True,True,-0.3479672269671982,-0.3479672269671982,-0.3479672269671982,-0.005290468668183543,-0.005290468668183543,-0.005290468668183543,[-1],"[""P1P2""]","[""GADD45A_-_68150860.23-P1P2|GADD45A_-_68150887.23-P1P2""]",True,True,False,processed/original_r3_records.csv
GEN1,R1:104984,GEN1;PRKDC,0.0,False,True,True,True,True,True,True,"{""gamma_R2"": ""P1P2"", ""rho_ATMi_R2"": ""P1P2"", ""rho_ATRi_R2"": ""P1P2"", ""rho_R2"": ""P1P2"", ""rho_WEE1i_R2"": ""P1P2""}","{""gamma_R2"": ""6222"", ""rho_ATMi_R2"": ""6222"", ""rho_ATRi_R2"": ""6222"", ""rho_R2"": ""6222"", ""rho_WEE1i_R2"": ""6222""}",1,1,R3:6530,R3:6530,,included_primary,3,546,0.005494505494505495,-0.03870208699241558,-3.8702086992415577E-2,P1P2,0.9932370351890667,1,3,-6.8952566049072664E-4,target_non_hit,6222,-0.1376032895194076,-0.13760328951940759,P1P2,0.72500933138228196,0.90079574060989509,3,-8.6628071769126069E-2,target_non_hit,6222,-0.08916324128081173,-8.9163241280811725E-2,P1P2,0.49310501834897319,0.89524598194021832,3,-0.1836567360398732,target_non_hit,6222,-0.05896284188214787,-5.8962841882147871E-2,P1P2,0.38816251808534019,0.95322504445783207,3,-0.19063304970601941,target_non_hit,6222,-0.03342507105783632,-3.342507105783632E-2,P1P2,0.88273729409052304,0.99536884890810529,3,-1.2738114860343109E-2,target_non_hit,6222,False,False,True,True,True,-0.5700227276837254,-0.5700227276837254,-0.5700227276837254,-0.06231086341208811,-0.06231086341208811,-0.06231086341208811,[-1],"[""P1P2""]","[""GEN1_+_17935431.23-P1P2|GEN1_+_17935642.23-P1P2""]",True,True,False,processed/original_r3_records.csv
GGN,R1:74222,GGN;PRKDC,-0.010846323,False,True,True,True,True,True,True,"{""gamma_R2"": ""P1P2"", ""rho_ATMi_R2"": ""P1P2"", ""rho_ATRi_R2"": ""P1P2"", ""rho_R2"": ""P1P2"", ""rho_WEE1i_R2"": ""P1P2""}","{""gamma_R2"": ""6246"", ""rho_ATMi_R2"": ""6246"", ""rho_ATRi_R2"": ""6246"", ""rho_R2"": ""6246"", ""rho_WEE1i_R2"": ""6246""}",1,1,R3:6556,R3:6556,,included_primary,0,546,0.0,0.04049561328221385,4.0495613282213849E-2,P1P2,0.43480163911916808,0.86596606993353942,3,8.8550085132952205E-2,target_non_hit,6246,-0.1125513327037145,-0.11255133270371449,P1P2,0.72188304249421686,0.89981671062911017,3,-7.1808825239282739E-2,target_non_hit,6246,0.1502054294312005,0.15020542943120049,P1P2,0.25807444395745488,0.81581705507669777,3,0.59271812759387532,target_non_hit,6246,0.03061240542550702,3.0612405425507021E-2,P1P2,0.73088098304024829,0.9860943497273551,3,3.2788238337497791E-2,target_non_hit,6246,0.0716490260643082,7.1649026064308202E-2,P1P2,0.28178403498940591,0.91376134551140231,3,0.2772840023723066,target_non_hit,6246,False,False,False,True,True,0.489188403868247,0.489188403868247,0.489188403868247,-0.006523283382990041,-0.006523283382990041,-0.006523283382990041,[1],"[""P1P2""]","[""GGN_-_38878433.23-P1P2|GGN_-_38878388.23-P1P2""]",False,False,False,processed/original_r3_records.csv
GPS1,R1:105754,GPS1;PRKDC,0.0,False,True,True,True,True,True,True,"{""gamma_R2"": ""P1P2"", ""rho_ATMi_R2"": ""P1P2"", ""rho_ATRi_R2"": ""P1P2"", ""rho_R2"": ""P1P2"", ""rho_WEE1i_R2"": ""P1P2""}","{""gamma_R2"": ""6617"", ""rho_ATMi_R2"": ""6617"", ""rho_ATRi_R2"": ""6617"", ""rho_R2"": ""6617"", ""rho_WEE1i_R2"": ""6617""}",1,1,R3:6951,R3:6951,,included_primary,13,546,0.023809523809523808,0.0003432065588593325,3.4320655885933249E-4,P1P2,0.88583836183374709,0.98305552045720412,3,1.092292275314796E-4,target_non_hit,6617,-0.9012022704520295,-0.9012022704520295,P1P2,0.1053373203595962,0.52038983964608776,3,-3.9707401630341321,target_non_hit,6617,-0.1366148873409563,-0.13661488734095631,P1P2,0.28391579557587132,0.82648358320959747,3,-0.50110851392579581,target_non_hit,6617,-0.035402792782356,-3.5402792782356002E-2,P1P2,0.87826405571216926,0.99617198404185237,3,-1.5700575528190781E-2,target_non_hit,6617,-0.2407597392522406,-0.24075973925224059,P1P2,0.103626584204595,0.87492912126245792,3,-1.66762389485051,target_non_hit,6617,False,False,False,True,True,0.5771944786624068,0.5771944786624068,0.5771944786624068,-0.6197205910873573,-0.6197205910873573,-0.6197205910873573,[1],"[""P1P2""]","[""GPS1_+_80010011.23-P1P2|GPS1_-_80009799.23-P1P2""]",False,False,False,processed/original_r3_records.csv
GTF2H3,R1:17345,GTF2H3;PRKDC,-0.562091536,False,True,True,True,True,True,True,"{""gamma_R2"": ""P1P2"", ""rho_ATMi_R2"": ""P1P2"", ""rho_ATRi_R2"": ""P1P2"", ""rho_R2"": ""P1P2"", ""rho_WEE1i_R2"": ""P1P2""}","{""gamma_R2"": ""6750"", ""rho_ATMi_R2"": ""6750"", ""rho_ATRi_R2"": ""6750"", ""rho_R2"": ""6750"", ""rho_WEE1i_R2"": ""6750""}",1,1,R3:7095,R3:7095,,included_primary,56,546,0.10256410256410256,-0.7758197898412679,-0.77581978984126787,P1P2,1.269286134013463E-2,0.45567818654745629,3,-8.8945086470859032,sensitivity_hit,6750,-1.827532762545951,-1.827532762545951,P1P2,1.802957197174956E-2,0.25095447019780293,3,-14.36760106302537,essential_hit,6750,-0.4552690690582892,-0.45526906905828918,P1P2,5.9363512746794973E-2,0.68431494188641362,3,-3.7456372217212128,target_non_hit,6750,-0.07301389438081607,-7.3013894380816069E-2,P1P2,0.53260026294457807,0.96583055127124895,3,-0.1571490482420157,target_non_hit,6750,-0.1401177800866549,-0.1401177800866549,P1P2,0.47948113848439861,0.95056814066945494,3,-0.31468836071328438,target_non_hit,6750,False,False,False,True,True,0.3611523742053387,0.3611523742053387,0.3611523742053387,-0.4037110592964795,-0.4037110592964795,-0.4037110592964795,[1],"[""P1P2""]","[""GTF2H3_-_124118399.23-P1P2|GTF2H3_-_124118424.23-P1P2""]",True,False,True,processed/original_r3_records.csv
GTF2H5,R1:569,GTF2H5;PRKDC,-1.716940024,True,True,True,True,True,True,True,"{""gamma_R2"": ""P1P2"", ""rho_ATMi_R2"": ""P1P2"", ""rho_ATRi_R2"": ""P1P2"", ""rho_R2"": ""P1P2"", ""rho_WEE1i_R2"": ""P1P2""}","{""gamma_R2"": ""6752"", ""rho_ATMi_R2"": ""6752"", ""rho_ATRi_R2"": ""6752"", ""rho_R2"": ""6752"", ""rho_WEE1i_R2"": ""6752""}",1,1,R3:7097,R3:7097,,included_primary,70,545,0.12844036697247707,-0.2897728682787928,-0.28977286827879278,P1P2,1.13964977111779E-2,0.45242759055988752,3,-3.404109381628861,target_non_hit,6752,-0.4611391778237275,-0.46113917782372749,P1P2,5.069769378796915E-2,0.40314230465249662,3,-2.6919979348557632,target_non_hit,6752,0.08828069559535168,8.8280695595351677E-2,P1P2,0.30933811349488571,0.83442639394047913,3,0.30176135711420549,target_non_hit,6752,-0.3289963363873757,-0.32899633638737569,P1P2,2.5835501520897509E-2,0.86447264228200982,3,-4.109363618233643,target_non_hit,6752,-0.1703716749766679,-0.17037167497666789,P1P2,0.19356167235132249,0.90213365273998225,3,-0.85483589000123472,target_non_hit,6752,False,False,False,True,True,0.1417154921489807,0.1417154921489807,0.1417154921489807,-0.1469204885309019,-0.1469204885309019,-0.1469204885309019,[1],"[""P1P2""]","[""GTF2H5_+_158589422.23-P1P2|GTF2H5_-_158589434.23-P1P2""]",True,False,True,processed/original_r3_records.csv
H2AFX,R1:106213,H2AFX;PRKDC,0.0,False,True,True,True,True,True,True,"{""gamma_R2"": ""P1P2"", ""rho_ATMi_R2"": ""P1P2"", ""rho_ATRi_R2"": ""P1P2"", ""rho_R2"": ""P1P2"", ""rho_WEE1i_R2"": ""P1P2""}","{""gamma_R2"": ""6816"", ""rho_ATMi_R2"": ""6816"", ""rho_ATRi_R2"": ""6816"", ""rho_R2"": ""6816"", ""rho_WEE1i_R2"": ""6816""}",1,1,R3:7159,R3:7159,,included_primary,8,546,0.014652014652014652,-1.341137769728697,-1.341137769728697,P1P2,7.207168900225822E-6,3.73419321525503E-2,3,-41.691472450494231,sensitivity_hit,6816,-1.2902593970675,-1.2902593970675,P1P2,3.2840410525548079E-6,1.232967951327453E-3,3,-31.894154692680871,essential_hit,6816,-0.5948428103670436,-0.59484281036704356,P1P2,6.2336513837547083E-2,0.69132574383345058,3,-4.8092683101318059,target_non_hit,6816,-1.819063484069235,-1.819063484069235,P1P2,1.7295359307914269E-5,4.8236757109772883E-2,3,-68.145314816177333,sensitivity_hit,6816,-0.4634385754263965,-0.46343857542639649,P1P2,0.1343381386793894,0.8886556580632673,3,-2.8424654415283079,target_non_hit,6816,False,False,True,True,True,-2.140962286141558,-2.140962286141558,-2.140962286141558,-0.2104392267304722,-0.2104392267304722,-0.2104392267304722,[-1],"[""P1P2""]","[""H2AFX_-_118965752.23-P1P2|H2AFX_+_118966156.23-P1P2""]",True,True,False,processed/original_r3_records.csv
HDAC10,R1:106378,HDAC10;PRKDC,0.0,False,True,True,True,True,True,True,"{""gamma_R2"": ""P1P2"", ""rho_ATMi_R2"": ""P1P2"", ""rho_ATRi_R2"": ""P1P2"", ""rho_R2"": ""P1P2"", ""rho_WEE1i_R2"": ""P1P2""}","{""gamma_R2"": ""6894"", ""rho_ATMi_R2"": ""6894"", ""rho_ATRi_R2"": ""6894"", ""rho_R2"": ""6894"", ""rho_WEE1i_R2"": ""6894""}",1,1,R3:7237,R3:7237,,included_primary,1,546,0.0018315018315018315,-0.01005250964778629,-1.0052509647786289E-2,P1P2,0.91025535962919446,0.98667400001745098,3,-2.4816905134773348E-3,target_non_hit,6894,0.06104668945223472,6.1046689452234723E-2,P1P2,0.26944442835351112,0.65252298234049666,3,0.15672861800380569,target_non_hit,6894,-0.1242381171785227,-0.12423811717852271,P1P2,0.46802840794766309,0.88638682721659079,3,-0.27479407139891898,target_non_hit,6894,-0.09648927236361497,-9.6489272363614972E-2,P1P2,0.39008672170200581,0.95322504445783207,3,-0.31032981649144131,target_non_hit,6894,-0.1748676441253674,-0.1748676441253674,P1P2,0.39879527668822262,0.93777962021580064,3,-0.49117945190120171,target_non_hit,6894,False,False,False,True,True,0.7213714133721237,0.7213714133721237,0.7213714133721237,0.002502641830104502,0.002502641830104502,0.002502641830104502,[1],"[""P1P2""]","[""HDAC10_-_50689620.23-P1P2|HDAC10_-_50689655.23-P1P2""]",True,False,True,processed/original_r3_records.csv
HELB,R1:10804,HELB;PRKDC,-0.73480466,False,True,True,True,True,True,True,"{""gamma_R2"": ""P1P2"", ""rho_ATMi_R2"": ""P1P2"", ""rho_ATRi_R2"": ""P1P2"", ""rho_R2"": ""P1P2"", ""rho_WEE1i_R2"": ""P1P2""}","{""gamma_R2"": ""6932"", ""rho_ATMi_R2"": ""6932"", ""rho_ATRi_R2"": ""6932"", ""rho_R2"": ""6932"", ""rho_WEE1i_R2"": ""6932""}",1,1,R3:7278,R3:7278,,included_primary,4,545,0.007339449541284404,0.0738188371857415,7.3818837185741504E-2,P1P2,0.71026186584621787,0.94465613820104333,3,6.6306154191732122E-2,target_non_hit,6932,-0.02140844744749515,-2.1408447447495149E-2,P1P2,0.95265606127862434,0.98682571679007713,3,-2.0327885829986478E-3,target_non_hit,6932,0.01366508686873787,1.366508686873787E-2,P1P2,0.66498491891390765,0.94107058257664733,3,1.6242173830901568E-2,target_non_hit,6932,0.003758620733041344,3.758620733041344E-3,P1P2,0.74644189692918594,0.98730677771280551,3,3.7552444352210489E-3,target_non_hit,6932,-0.09292419058652848,-9.2924190586528482E-2,P1P2,0.63516292198502511,0.97053411364057296,3,-0.12886470085158661,target_non_hit,6932,False,False,False,True,True,0.1453349418045802,0.1453349418045802,0.1453349418045802,0.04643886403290164,0.04643886403290164,0.04643886403290164,[1],"[""P1P2""]","[""HELB_+_66696341.23-P1P2|HELB_+_66696351.23-P1P2""]",False,False,False,processed/original_r3_records.csv
HELQ,R1:21264,HELQ;PRKDC,-0.488919641,False,True,True,True,True,True,True,"{""gamma_R2"": ""P1P2"", ""rho_ATMi_R2"": ""P1P2"", ""rho_ATRi_R2"": ""P1P2"", ""rho_R2"": ""P1P2"", ""rho_WEE1i_R2"": ""P1P2""}","{""gamma_R2"": ""6934"", ""rho_ATMi_R2"": ""6934"", ""rho_ATRi_R2"": ""6934"", ""rho_R2"": ""6934"", ""rho_WEE1i_R2"": ""6934""}",1,1,R3:7280,R3:7280,,included_primary,4,546,0.007326007326007326,-0.7364734432074642,-0.73647344320746422,P1P2,6.7673852536915102E-2,0.63191257855474192,3,-5.2072518706480073,target_non_hit,6934,-0.136010845582025,-0.136010845582025,P1P2,0.68379457205629768,0.88186824086769056,3,-0.1012096950017819,target_non_hit,6934,-0.5138041318468171,-0.51380413184681706,P1P2,7.5404485503466595E-2,0.70458387133514511,3,-3.8691954855369439,target_non_hit,6934,-0.1397752710983728,-0.13977527109837279,P1P2,0.46105118402333978,0.95950988740465482,3,-0.36973118155105061,target_non_hit,6934,-0.1010661811912821,-0.10106618119128211,P1P2,0.7427562599395876,0.98145920689845034,3,-9.1832932200629103E-2,target_non_hit,6934,False,False,True,True,True,-0.5037803117924954,-0.5037803117924954,-0.5037803117924954,-0.02608446017918976,-0.02608446017918976,-0.02608446017918976,[-1],"[""P1P2""]","[""HELQ_+_84376961.23-P1P2|HELQ_-_84376979.23-P1P2""]",True,True,False,processed/original_r3_records.csv
HIST3H2A,R1:106805,HIST3H2A;PRKDC,0.0,False,True,True,True,True,True,True,"{""gamma_R2"": ""P1P2"", ""rho_ATMi_R2"": ""P1P2"", ""rho_ATRi_R2"": ""P1P2"", ""rho_R2"": ""P1P2"", ""rho_WEE1i_R2"": ""P1P2""}","{""gamma_R2"": ""7076"", ""rho_ATMi_R2"": ""7076"", ""rho_ATRi_R2"": ""7076"", ""rho_R2"": ""7076"", ""rho_WEE1i_R2"": ""7076""}",1,1,R3:7429,R3:7429,,included_primary,4,546,0.007326007326007326,0.2216273347128796,0.2216273347128796,P1P2,0.42666796612313612,0.86282615065975643,3,0.4956113532051214,target_non_hit,7076,-1.324863229161917,-1.3248632291619169,P1P2,0.1585901464626551,0.58170066860932468,3,-4.7761729495556997,target_non_hit,7076,0.09446859602900792,9.4468596029007923E-2,P1P2,0.42202484473130952,0.87163387012971616,3,0.23742368316037399,target_non_hit,7076,0.1318235866746572,0.13182358667465721,P1P2,0.64651400153702587,0.97949012093731636,3,0.19643371255901479,target_non_hit,7076,0.1367558035419645,0.13675580354196451,P1P2,0.59353717617147495,0.96452770441281765,3,0.21797145356934181,target_non_hit,7076,False,False,True,True,True,-0.1385515507828267,-0.1385515507828267,-0.1385515507828267,0.01869839808077708,0.01869839808077708,0.01869839808077708,[-1],"[""P1P2""]","[""HIST3H2A_-_228645375.23-P1P2|HIST3H2A_+_228645510.23-P1P2""]",False,True,True,processed/original_r3_records.csv
HIST3H3,R1:106948,HIST3H3;PRKDC,0.0,False,True,True,True,True,True,True,"{""gamma_R2"": ""P1P2"", ""rho_ATMi_R2"": ""P1P2"", ""rho_ATRi_R2"": ""P1P2"", ""rho_R2"": ""P1P2"", ""rho_WEE1i_R2"": ""P1P2""}","{""gamma_R2"": ""7078"", ""rho_ATMi_R2"": ""7078"", ""rho_ATRi_R2"": ""7078"", ""rho_R2"": ""7078"", ""rho_WEE1i_R2"": ""7078""}",1,1,R3:7431,R3:7431,,included_primary,2,545,0.003669724770642202,0.1406360975275458,0.1406360975275458,P1P2,5.1904289875920252E-2,0.61004615565687359,3,1.092328159885241,target_non_hit,7078,-0.1489219443660234,-0.14892194436602341,P1P2,0.56640240486733384,0.82815680678625869,3,-0.165731336260001,target_non_hit,7078,0.1735673045908387,0.17356730459083869,P1P2,1.802885275010439E-2,0.5981892662113214,3,2.0305762257186548,target_non_hit,7078,-0.1051858691505328,-0.1051858691505328,P1P2,0.65735576923560624,0.97989960764590178,3,-0.15076376168360919,target_non_hit,7078,0.1893309587357167,0.1893309587357167,P1P2,5.7323781118962081E-2,0.82769365522610283,3,1.653910277503551,target_non_hit,7078,False,False,False,True,True,0.469107680345334,0.469107680345334,0.469107680345334,0.04388839090093003,0.04388839090093003,0.04388839090093003,[1],"[""P1P2""]","[""HIST3H3_+_228612985.23-P1P2|HIST3H3_+_228613060.23-P1P2""]",False,False,False,processed/original_r3_records.csv
HIST4H4,R1:58599,HIST4H4;PRKDC,-0.113747536,False,True,True,True,True,True,True,"{""gamma_R2"": ""ENST00000539745.1"", ""rho_ATMi_R2"": ""ENST00000539745.1"", ""rho_ATRi_R2"": ""ENST00000539745.1"", ""rho_R2"": ""ENST00000539745.1"", ""rho_WEE1i_R2"": ""ENST00000539745.1""}","{""gamma_R2"": ""7079"", ""rho_ATMi_R2"": ""7079"", ""rho_ATRi_R2"": ""7079"", ""rho_R2"": ""7079"", ""rho_WEE1i_R2"": ""7079""}",1,1,R3:7432,R3:7432,,included_primary,1,546,0.0018315018315018315,-0.02727930252924866,-2.7279302529248661E-2,ENST00000539745.1,0.99878396885638621,1,3,-8.7146180597741631E-5,target_non_hit,7079,0.02060165344348948,2.0601653443489479E-2,ENST00000539745.1,0.73993999579257097,0.90771744807253363,3,1.2147597963241479E-2,target_non_hit,7079,-0.0211522346030244,-2.11522346030244E-2,ENST00000539745.1,0.73069461488945819,0.95519124287784873,3,-1.93345753085859E-2,target_non_hit,7079,-0.1155504229472667,-0.1155504229472667,ENST00000539745.1,0.49884711074785321,0.96403882160516174,3,-0.27454757147416919,target_non_hit,7079,0.1292998251521323,0.12929982515213231,ENST00000539745.1,0.42097089815739108,0.94285832085140875,3,0.34180651977129051,target_non_hit,7079,False,False,True,True,True,-0.2561054043401677,-0.2561054043401677,-0.2561054043401677,0.01176228160145141,0.01176228160145141,0.01176228160145141,[-1],"[""ENST00000539745.1""]","[""HIST4H4_+_14923995.23-ENST00000539745.1|HIST4H4_+_14924057.23-ENST00000539745.1""]",True,True,False,processed/original_r3_records.csv
HMGA1,R1:36918,HMGA1;PRKDC,-0.287581046,False,True,True,True,True,True,True,"{""gamma_R2"": ""P1P2"", ""rho_ATMi_R2"": ""P1P2"", ""rho_ATRi_R2"": ""P1P2"", ""rho_R2"": ""P1P2"", ""rho_WEE1i_R2"": ""P1P2""}","{""gamma_R2"": ""7120"", ""rho_ATMi_R2"": ""7120"", ""rho_ATRi_R2"": ""7120"", ""rho_R2"": ""7120"", ""rho_WEE1i_R2"": ""7120""}",1,1,R3:7486,R3:7486,,included_primary,4,546,0.007326007326007326,-0.6559034285267099,-0.65590342852670991,P1P2,4.3701355455461237E-3,0.35923434212925037,3,-9.3558384682512301,sensitivity_hit,7120,-0.3590744230620166,-0.35907442306201659,P1P2,0.19193431935422561,0.6062342204744452,3,-1.160326311767315,target_non_hit,7120,-0.4881002997894585,-0.48810029978945851,P1P2,0.12705445185711639,0.74169999909162321,3,-2.9337218635368192,target_non_hit,7120,0.1683460297301426,0.16834602973014259,P1P2,0.3776076890854243,0.952557486548261,3,0.56013622262255747,target_non_hit,7120,0.04338648391715533,4.3386483917155327E-2,P1P2,0.75141077305406967,0.98150501801505285,3,3.7887074523453121E-2,target_non_hit,7120,False,False,False,True,True,0.02711983847906689,0.02711983847906689,0.02711983847906689,-0.07911527130416784,-0.07911527130416784,-0.07911527130416784,[1],"[""P1P2""]","[""HMGA1_-_34204692.23-P1P2|HMGA1_+_34204957.23-P1P2""]",True,False,True,processed/original_r3_records.csv
HMGA2,R1:74882,HMGA2;PRKDC,-0.006325428,False,True,True,True,True,True,True,"{""gamma_R2"": ""P1P2"", ""rho_ATMi_R2"": ""P1P2"", ""rho_ATRi_R2"": ""P1P2"", ""rho_R2"": ""P1P2"", ""rho_WEE1i_R2"": ""P1P2""}","{""gamma_R2"": ""7121"", ""rho_ATMi_R2"": ""7121"", ""rho_ATRi_R2"": ""7121"", ""rho_R2"": ""7121"", ""rho_WEE1i_R2"": ""7121""}",1,1,R3:7487,R3:7487,,included_primary,1,546,0.0018315018315018315,0.002056056627706436,2.056056627706436E-3,P1P2,0.27686475114397341,0.80772912061951818,3,6.9323868319336752E-3,target_non_hit,7121,-0.01586413257119131,-1.5864132571191309E-2,P1P2,0.51001652621129989,0.79873133892586734,3,-2.0911542551120599E-2,target_non_hit,7121,0.1151741547910063,0.1151741547910063,P1P2,5.4193518841969483E-2,0.67928632402741529,3,0.97814615390812609,target_non_hit,7121,0.1213983782267336,0.12139837822673361,P1P2,0.1665726684397851,0.93489129238435131,3,0.7433715871871952,target_non_hit,7121,-0.0137231153003663,-1.3723115300366301E-2,P1P2,0.73572220370958297,0.98145920689845034,3,-1.2868369004317421E-2,target_non_hit,7121,False,False,False,True,True,0.4791436588668743,0.4791436588668743,0.4791436588668743,0.03860225043602768,0.03860225043602768,0.03860225043602768,[1],"[""P1P2""]","[""HMGA2_-_66218885.23-P1P2|HMGA2_+_66218859.23-P1P2""]",False,False,False,processed/original_r3_records.csv
HMGB2,R1:29572,HMGB2;PRKDC,-0.369132357,False,True,True,True,True,True,True,"{""gamma_R2"": ""P1P2"", ""rho_ATMi_R2"": ""P1P2"", ""rho_ATRi_R2"": ""P1P2"", ""rho_R2"": ""P1P2"", ""rho_WEE1i_R2"": ""P1P2""}","{""gamma_R2"": ""7123"", ""rho_ATMi_R2"": ""7123"", ""rho_ATRi_R2"": ""7123"", ""rho_R2"": ""7123"", ""rho_WEE1i_R2"": ""7123""}",1,1,R3:7490,R3:7490,,included_primary,10,546,0.018315018315018316,-0.1691731969450395,-0.16917319694503949,P1P2,7.4985544388008724E-2,0.6409344736142194,3,-1.150574224911844,target_non_hit,7123,0.2349096787234345,0.23490967872343449,P1P2,1.0368266023411879E-2,0.18767262727174919,3,2.1012410586485548,target_non_hit,7123,-0.1757432382656869,-0.17574323826568691,P1P2,0.16541145555779899,0.77183068151967826,3,-0.9212300818516217,target_non_hit,7123,-0.1391848096607579,-0.13918480966075791,P1P2,5.1280422718228143E-2,0.89296232503556483,3,-1.412505603209534,target_non_hit,7123,-0.1722884438086982,-0.17228844380869821,P1P2,0.1123539070405951,0.87522005213751763,3,-1.150791367705617,target_non_hit,7123,False,False,False,True,True,0.7721982557278492,0.7721982557278492,0.7721982557278492,-0.05064600168166446,-0.05064600168166446,-0.05064600168166446,[1],"[""P1P2""]","[""HMGB2_+_174255479.23-P1P2|HMGB2_-_174255239.23-P1P2""]",True,False,True,processed/original_r3_records.csv
HMGN1,R1:107833,HMGN1;PRKDC,0.0,False,True,True,True,True,True,True,"{""gamma_R2"": ""P1P2"", ""rho_ATMi_R2"": ""P1P2"", ""rho_ATRi_R2"": ""P1P2"", ""rho_R2"": ""P1P2"", ""rho_WEE1i_R2"": ""P1P2""}","{""gamma_R2"": ""7131"", ""rho_ATMi_R2"": ""7131"", ""rho_ATRi_R2"": ""7131"", ""rho_R2"": ""7131"", ""rho_WEE1i_R2"": ""7131""}",1,1,R3:7497,R3:7497,,included_primary,3,545,0.005504587155963303,-0.1698218415501208,-0.16982184155012081,P1P2,0.63746485412666409,0.92665883449115349,3,-0.20075177346203371,target_non_hit,7131,0.008188290582038661,8.1882905820386612E-3,P1P2,0.98400779599276822,0.99506015186270591,3,2.5843473416662662E-4,target_non_hit,7131,0.04138485852371065,4.1384858523710648E-2,P1P2,0.48622771516924113,0.89262819103524516,3,8.6937092716237591E-2,target_non_hit,7131,0.1212152924576098,0.1212152924576098,P1P2,0.32101884374814388,0.94481942392096563,3,0.47055461776004959,target_non_hit,7131,-0.02386282628737509,-2.3862826287375089E-2,P1P2,0.95017751889056423,1,3,-3.726213347108685E-3,target_non_hit,7131,False,False,False,True,True,0.4604994095724331,0.4604994095724331,0.4604994095724331,-0.04452723755273503,-0.04452723755273503,-0.04452723755273503,[1],"[""P1P2""]","[""HMGN1_-_40720996.23-P1P2|HMGN1_-_40720508.23-P1P2""]",True,False,True,processed/original_r3_records.csv
HSF1,R1:18292,HSF1;PRKDC,-0.542693189,False,True,True,True,True,True,True,"{""gamma_R2"": ""P1P2"", ""rho_ATMi_R2"": ""P1P2"", ""rho_ATRi_R2"": ""P1P2"", ""rho_R2"": ""P1P2"", ""rho_WEE1i_R2"": ""P1P2""}","{""gamma_R2"": ""7295"", ""rho_ATMi_R2"": ""7295"", ""rho_ATRi_R2"": ""7295"", ""rho_R2"": ""7295"", ""rho_WEE1i_R2"": ""7295""}",1,1,R3:7677,R3:7677,,included_primary,3,546,0.005494505494505495,-0.2894876713603266,-0.2894876713603266,P1P2,3.7865061616426207E-2,0.57561856300348446,3,-2.4881620748140278,target_non_hit,7295,-0.3373531001784453,-0.33735310017844528,P1P2,2.8818822907464459E-2,0.32049551673165971,3,-2.342425017601637,target_non_hit,7295,-0.06773182723450628,-6.7731827234506284E-2,P1P2,0.7559498744254376,0.95973731234427262,3,-5.5206605515634943E-2,target_non_hit,7295,-0.2476457595624494,-0.24764575956244941,P1P2,1.9798242438066709E-2,0.84362463400168397,3,-3.3184332099689389,target_non_hit,7295,-0.456674194539772,-0.45667419453977198,P1P2,4.3318277306243326E-3,0.5139146492465575,3,-7.5930530771823443,sensitivity_hit,7295,False,False,False,True,True,1.590361518183051,1.590361518183051,1.590361518183051,-0.3460789828834239,-0.3460789828834239,-0.3460789828834239,[1],"[""P1P2""]","[""HSF1_+_145515304.23-P1P2|HSF1_-_145515300.23-P1P2""]",True,False,True,processed/original_r3_records.csv
HUS1B,R1:15936,HUS1B;PRKDC,-0.594309254,False,True,True,True,True,True,True,"{""gamma_R2"": ""P1P2"", ""rho_ATMi_R2"": ""P1P2"", ""rho_ATRi_R2"": ""P1P2"", ""rho_R2"": ""P1P2"", ""rho_WEE1i_R2"": ""P1P2""}","{""gamma_R2"": ""7359"", ""rho_ATMi_R2"": ""7359"", ""rho_ATRi_R2"": ""7359"", ""rho_R2"": ""7359"", ""rho_WEE1i_R2"": ""7359""}",1,1,R3:7746,R3:7746,,included_primary,4,545,0.007339449541284404,-0.5035605645198646,-0.50356056451986464,P1P2,0.17364418561331649,0.74568341431359375,3,-2.3146285449559301,target_non_hit,7359,0.1857394544936569,0.18573945449365689,P1P2,0.1244323468722902,0.54599817695453712,3,0.75779848517011905,target_non_hit,7359,-0.2150591444353706,-0.21505914443537061,P1P2,0.45213842866875548,0.88071840889092334,3,-0.49731568278763499,target_non_hit,7359,-0.1759161981997464,-0.17591619819974641,P1P2,0.1303819405604853,0.92862074578022791,3,-1.224432131589908,target_non_hit,7359,-0.09346948328072681,-9.3469483280726809E-2,P1P2,0.76517477507541187,0.98311991666977727,3,-7.6437917701685648E-2,target_non_hit,7359,False,False,False,True,True,0.587888624004326,0.587888624004326,0.587888624004326,-0.02255019122512887,-0.02255019122512887,-0.02255019122512887,[1],"[""P1P2""]","[""HUS1B_+_656970.23-P1P2|HUS1B_+_656918.23-P1P2""]",True,False,True,processed/original_r3_records.csv
HUWE1,R1:16702,HUWE1;PRKDC,-0.576738781,False,True,True,True,True,True,True,"{""gamma_R2"": ""P1P2"", ""rho_ATMi_R2"": ""P1P2"", ""rho_ATRi_R2"": ""P1P2"", ""rho_R2"": ""P1P2"", ""rho_WEE1i_R2"": ""P1P2""}","{""gamma_R2"": ""7360"", ""rho_ATMi_R2"": ""7360"", ""rho_ATRi_R2"": ""7360"", ""rho_R2"": ""7360"", ""rho_WEE1i_R2"": ""7360""}",1,1,R3:7747,R3:7747,,included_primary,26,545,0.047706422018348627,-0.9258043912046815,-0.9258043912046815,P1P2,5.6270864596259761E-3,0.37829415652408849,3,-12.591251763885211,sensitivity_hit,7360,-1.6860831502822,-1.6860831502822,P1P2,3.4222747594404438E-5,5.4099651925956114E-3,3,-33.941893253484309,essential_hit,7360,-0.5934624644780938,-0.59346246447809381,P1P2,9.1634806427488322E-2,0.72054241938374652,3,-4.1320185357124792,target_non_hit,7360,0.237437314511331,0.23743731451133099,P1P2,0.1058152892414944,0.91958512052694819,3,1.8219943270225989,target_non_hit,7360,-0.9776007896260799,-0.97760078962607988,P1P2,2.6334301774937941E-2,0.774845829469755,3,-10.86328041750606,sensitivity_hit,7360,False,False,True,True,True,-1.364323158948192,-1.364323158948192,-1.364323158948192,-0.4733910717394313,-0.4733910717394313,-0.4733910717394313,[-1],"[""P1P2""]","[""HUWE1_-_53710518.23-P1P2|HUWE1_+_53710912.23-P1P2""]",True,True,False,processed/original_r3_records.csv
IGHMBP2,R1:65173,IGHMBP2;PRKDC,-0.069106371,False,True,True,True,True,True,True,"{""gamma_R2"": ""P1P2"", ""rho_ATMi_R2"": ""P1P2"", ""rho_ATRi_R2"": ""P1P2"", ""rho_R2"": ""P1P2"", ""rho_WEE1i_R2"": ""P1P2""}","{""gamma_R2"": ""7498"", ""rho_ATMi_R2"": ""7498"", ""rho_ATRi_R2"": ""7498"", ""rho_R2"": ""7498"", ""rho_WEE1i_R2"": ""7498""}",1,1,R3:7895,R3:7895,,included_primary,5,546,0.009157509157509158,-0.1726083471817947,-0.17260834718179471,P1P2,0.22521141451567481,0.77936762307711038,3,-0.67555828568675891,target_non_hit,7498,-0.05780205181754846,-5.780205181754846E-2,P1P2,0.75960891626802929,0.91596636625460748,3,-3.1113776997359659E-2,target_non_hit,7498,-0.1261105563904869,-0.12611055639048691,P1P2,0.2689329637674242,0.82057088693528224,3,-0.48249673507348179,target_non_hit,7498,-0.02907575215895974,-2.9075752158959741E-2,P1P2,0.86260159798311375,0.99552465354543862,3,-1.468212508807651E-2,target_non_hit,7498,-0.07672610897510938,-7.6726108975109383E-2,P1P2,0.53330721263547387,0.9590623849937937,3,-0.14737624739081401,target_non_hit,7498,False,False,False,True,True,0.6377506864901092,0.6377506864901092,0.6377506864901092,-0.0781984699480817,-0.0781984699480817,-0.0781984699480817,[1],"[""P1P2""]","[""IGHMBP2_-_68671391.23-P1P2|IGHMBP2_-_68671384.23-P1P2""]",True,False,True,processed/original_r3_records.csv
ING3,R1:10770,ING3;PRKDC,-0.736025781,False,True,True,True,True,True,True,"{""gamma_R2"": ""P1P2"", ""rho_ATMi_R2"": ""P1P2"", ""rho_ATRi_R2"": ""P1P2"", ""rho_R2"": ""P1P2"", ""rho_WEE1i_R2"": ""P1P2""}","{""gamma_R2"": ""7641"", ""rho_ATMi_R2"": ""7641"", ""rho_ATRi_R2"": ""7641"", ""rho_R2"": ""7641"", ""rho_WEE1i_R2"": ""7641""}",1,1,R3:8052,R3:8052,,included_primary,49,546,0.08974358974358974,-0.6908502919698626,-0.69085029196986258,P1P2,9.9295097260287714E-3,0.43658987083736323,3,-8.3657030107483052,sensitivity_hit,7641,-0.9630008827387485,-0.96300088273874851,P1P2,2.62772678057495E-5,4.8858199940156914E-3,3,-19.883871370144611,essential_hit,7641,-0.5455822531480139,-0.5455822531480139,P1P2,4.1644595280597697E-2,0.65321982814560442,3,-5.0521373342494744,target_non_hit,7641,0.1640038747780504,0.1640038747780504,P1P2,0.10523118819861139,0.91958512052694819,3,1.2615984215148159,target_non_hit,7641,-0.5514279170289009,-0.55142791702890093,P1P2,1.1174039062209909E-2,0.66175299691670331,3,-7.571947763805178,sensitivity_hit,7641,False,False,False,True,True,0.07759498226124086,0.07759498226124086,0.07759498226124086,-0.1326399548715353,-0.1326399548715353,-0.1326399548715353,[1],"[""P1P2""]","[""ING3_+_120590830.23-P1P2|ING3_-_120590856.23-P1P2""]",True,False,True,processed/original_r3_records.csv
INIP,R1:108571,INIP;PRKDC,0.0,False,True,True,True,True,True,True,"{""gamma_R2"": ""P1P2"", ""rho_ATMi_R2"": ""P1P2"", ""rho_ATRi_R2"": ""P1P2"", ""rho_R2"": ""P1P2"", ""rho_WEE1i_R2"": ""P1P2""}","{""gamma_R2"": ""7649"", ""rho_ATMi_R2"": ""7649"", ""rho_ATRi_R2"": ""7649"", ""rho_R2"": ""7649"", ""rho_WEE1i_R2"": ""7649""}",1,1,R3:8060,R3:8060,,included_primary,2,546,0.003663003663003663,0.1359877270846145,0.13598772708461451,P1P2,0.49373439829005927,0.88776107787479119,3,0.25197732501120268,target_non_hit,7649,-0.192967915784595,-0.19296791578459499,P1P2,0.24405188696571281,0.63715783124843761,3,-0.53281055369045172,target_non_hit,7649,-0.1323213586997488,-0.13232135869974879,P1P2,0.75984536149599535,0.95995801734947639,3,-0.1058706402763623,target_non_hit,7649,0.1008409105725332,0.10084091057253319,P1P2,0.41280892362634902,0.95498699138911614,3,0.30482038832339131,target_non_hit,7649,-0.1040752134938336,-0.1040752134938336,P1P2,0.4931894110747691,0.95381060909196536,3,-0.2247770959170553,target_non_hit,7649,False,False,False,True,True,0.6880570129053479,0.6880570129053479,0.6880570129053479,-0.03381832887388994,-0.03381832887388994,-0.03381832887388994,[1],"[""P1P2""]","[""INIP_-_115480278.23-P1P2|INIP_-_115480357.23-P1P2""]",False,False,False,processed/original_r3_records.csv
INO80C,R1:61253,INO80C;PRKDC,-0.095560417,False,True,True,True,True,True,True,"{""gamma_R2"": ""P1P2"", ""rho_ATMi_R2"": ""P1P2"", ""rho_ATRi_R2"": ""P1P2"", ""rho_R2"": ""P1P2"", ""rho_WEE1i_R2"": ""P1P2""}","{""gamma_R2"": ""7653"", ""rho_ATMi_R2"": ""7653"", ""rho_ATRi_R2"": ""7653"", ""rho_R2"": ""7653"", ""rho_WEE1i_R2"": ""7653""}",1,1,R3:8064,R3:8064,,included_primary,8,546,0.014652014652014652,-0.1734207159331297,-0.17342071593312969,P1P2,0.6764034255255833,0.93663514168842721,3,-0.17801054302511379,target_non_hit,7653,-0.5685903062557077,-0.56859030625570772,P1P2,5.1341544795418977E-3,0.13145455462832331,3,-5.8683359656425456,target_non_hit,7653,-0.209482323805238,-0.20948232380523801,P1P2,0.2659550765305827,0.82000015146976724,3,-0.80827092501936737,target_non_hit,7653,-0.05066503961122404,-5.0665039611224039E-2,P1P2,0.7844581724064208,0.99075868561024116,3,-4.2020942051630691E-2,target_non_hit,7653,-0.1232504160618526,-0.12325041606185259,P1P2,0.74783513244857858,0.98150501801505285,3,-0.10942420029544481,target_non_hit,7653,False,False,False,True,True,0.02622561332396709,0.02622561332396709,0.02622561332396709,-0.2541563649181012,-0.2541563649181012,-0.2541563649181012,[1],"[""P1P2""]","[""INO80C_+_33077864.23-P1P2|INO80C_+_33077831.23-P1P2""]",True,False,True,processed/original_r3_records.csv
INO80D,R1:68192,INO80D;PRKDC,-0.049256402,False,True,True,True,True,True,True,"{""gamma_R2"": ""P1P2"", ""rho_ATMi_R2"": ""P1P2"", ""rho_ATRi_R2"": ""P1P2"", ""rho_R2"": ""P1P2"", ""rho_WEE1i_R2"": ""P1P2""}","{""gamma_R2"": ""7654"", ""rho_ATMi_R2"": ""7654"", ""rho_ATRi_R2"": ""7654"", ""rho_R2"": ""7654"", ""rho_WEE1i_R2"": ""7654""}",1,1,R3:8065,R3:8065,,included_primary,0,546,0.0,-0.2053405027934718,-0.2053405027934718,P1P2,0.57988125272059321,0.91065887395166534,3,-0.29378058117752059,target_non_hit,7654,-0.1383997943145225,-0.13839979431452251,P1P2,0.43244181528423392,0.75546207916969466,3,-0.22713919433527099,target_non_hit,7654,-0.3796780535479337,-0.37967805354793371,P1P2,0.26717950009165797,0.82020926746480671,3,-1.459876958167162,target_non_hit,7654,0.0259493093311088,2.59493093311088E-2,P1P2,0.70288843447059857,0.98389405376291761,3,3.1255893044914017E-2,target_non_hit,7654,-0.3045402644883071,-0.30454026448830712,P1P2,0.2165708837757484,0.90216381596344675,3,-1.4235086550515459,target_non_hit,7654,False,False,True,True,True,-0.3285307134507928,-0.3285307134507928,-0.3285307134507928,-0.1114838392354188,-0.1114838392354188,-0.1114838392354188,[-1],"[""P1P2""]","[""INO80D_+_206950364.23-P1P2|INO80D_+_206950651.23-P1P2""]",True,True,False,processed/original_r3_records.csv
INO80E,R1:8249,INO80E;PRKDC,-0.828659104,False,True,True,True,True,True,True,"{""gamma_R2"": ""P1P2"", ""rho_ATMi_R2"": ""P1P2"", ""rho_ATRi_R2"": ""P1P2"", ""rho_R2"": ""P1P2"", ""rho_WEE1i_R2"": ""P1P2""}","{""gamma_R2"": ""7655"", ""rho_ATMi_R2"": ""7655"", ""rho_ATRi_R2"": ""7655"", ""rho_R2"": ""7655"", ""rho_WEE1i_R2"": ""7655""}",1,1,R3:8066,R3:8066,,included_primary,60,546,0.10989010989010989,-0.1082655614766407,-0.1082655614766407,P1P2,0.68520454882984883,0.93852895017254567,3,-0.1074562921035298,target_non_hit,7655,-0.2322681228140639,-0.23226812281406389,P1P2,0.43624207092197947,0.75795220163144439,3,-0.37721559952846068,target_non_hit,7655,0.09140172829089262,9.1401728290892617E-2,P1P2,0.62946942666714256,0.93167593275002536,3,0.1232543356323009,target_non_hit,7655,-0.2237013650490264,-0.22370136504902641,P1P2,0.25724282157254252,0.94382595124457902,3,-1.037672319276111,target_non_hit,7655,-0.001916574064087406,-1.9165740640874061E-3,P1P2,0.92457848607798532,0.99896984745866135,3,-4.5920627643346957E-4,target_non_hit,7655,False,False,False,True,True,1.403558495692082,1.403558495692082,1.403558495692082,-0.1331615410698899,-0.1331615410698899,-0.1331615410698899,[1],"[""P1P2""]","[""INO80E_+_30007577.23-P1P2|INO80E_-_30007611.23-P1P2""]",True,False,True,processed/original_r3_records.csv
ISG15,R1:54752,ISG15;PRKDC,-0.140267971,False,True,True,True,True,True,True,"{""gamma_R2"": ""P1P2"", ""rho_ATMi_R2"": ""P1P2"", ""rho_ATRi_R2"": ""P1P2"", ""rho_R2"": ""P1P2"", ""rho_WEE1i_R2"": ""P1P2""}","{""gamma_R2"": ""7763"", ""rho_ATMi_R2"": ""7763"", ""rho_ATRi_R2"": ""7763"", ""rho_R2"": ""7763"", ""rho_WEE1i_R2"": ""7763""}",1,1,R3:8179,R3:8179,,included_primary,20,546,0.03663003663003663,-0.3039427103723235,-0.30394271037232351,P1P2,8.5842063507233959E-2,0.65875327246452642,3,-1.959264075198798,target_non_hit,7763,0.09395141798552527,9.3951417985525268E-2,P1P2,0.1955843267890669,0.60868512019238741,3,0.30013309232226049,target_non_hit,7763,-0.2430368657989404,-0.2430368657989404,P1P2,2.8596970378023081E-2,0.61998739887856147,3,-2.5166706117995412,target_non_hit,7763,-0.01834031011238076,-1.834031011238076E-2,P1P2,0.56213351988863802,0.97143258025469348,3,-3.6092567258873907E-2,target_non_hit,7763,-0.1427813846216054,-0.14278138462160539,P1P2,0.36706664472355027,0.9318949629879949,3,-0.43722123679942831,target_non_hit,7763,False,False,True,True,True,-0.05965412919580119,-0.05965412919580119,-0.05965412919580119,0.04709177354067239,0.04709177354067239,0.04709177354067239,[-1],"[""P1P2""]","[""ISG15_-_948888.23-P1P2|ISG15_+_948906.23-P1P2""]",True,True,False,processed/original_r3_records.csv
JMY,R1:109200,JMY;PRKDC,0.0,False,True,True,True,True,True,True,"{""gamma_R2"": ""P1P2"", ""rho_ATMi_R2"": ""P1P2"", ""rho_ATRi_R2"": ""P1P2"", ""rho_R2"": ""P1P2"", ""rho_WEE1i_R2"": ""P1P2""}","{""gamma_R2"": ""7869"", ""rho_ATMi_R2"": ""7869"", ""rho_ATRi_R2"": ""7869"", ""rho_R2"": ""7869"", ""rho_WEE1i_R2"": ""7869""}",1,1,R3:8290,R3:8290,,included_primary,1,546,0.0018315018315018315,-0.0674823689913834,-6.7482368991383407E-2,P1P2,0.90593257215723688,0.98629232046377213,3,-1.7502950620866899E-2,target_non_hit,7869,0.02888328190059782,2.8883281900597819E-2,P1P2,0.32235331324251099,0.68707939673929164,3,6.40158235849205E-2,target_non_hit,7869,-0.1007874092221019,-0.1007874092221019,P1P2,0.15263393226945979,0.75986999866234439,3,-0.55192370689232939,target_non_hit,7869,-0.03804518427959813,-3.8045184279598132E-2,P1P2,0.76734673485744798,0.98886734222361428,3,-3.4420834924267209E-2,target_non_hit,7869,0.005288426837402049,5.2884268374020493E-3,P1P2,0.85255724576748793,0.99194482496961855,3,2.5774956396281269E-3,target_non_hit,7869,False,False,True,True,True,-0.243554382690135,-0.243554382690135,-0.243554382690135,-0.002880829439695278,-0.002880829439695278,-0.002880829439695278,[-1],"[""P1P2""]","[""JMY_-_78531962.23-P1P2|JMY_-_78531973.23-P1P2""]",True,True,False,processed/original_r3_records.csv
KAT5,R1:39148,KAT5;PRKDC,-0.266190141,False,True,True,True,True,True,True,"{""gamma_R2"": ""P1P2"", ""rho_ATMi_R2"": ""P1P2"", ""rho_ATRi_R2"": ""P1P2"", ""rho_R2"": ""P1P2"", ""rho_WEE1i_R2"": ""P1P2""}","{""gamma_R2"": ""7897"", ""rho_ATMi_R2"": ""7897"", ""rho_ATRi_R2"": ""7897"", ""rho_R2"": ""7897"", ""rho_WEE1i_R2"": ""7897""}",1,1,R3:8319,R3:8319,,included_primary,16,546,0.029304029304029304,0.1086342233970858,0.1086342233970858,P1P2,0.50400949952090546,0.89120239254220601,3,0.19541818445113629,target_non_hit,7897,-0.9414989454566889,-0.94149894545668888,P1P2,8.9923775004073364E-2,0.4955071576078251,3,-4.4398938894577196,target_non_hit,7897,-0.2778666930962213,-0.27786669309622131,P1P2,0.238995315781799,0.80711045666979109,3,-1.1586489260034929,target_non_hit,7897,0.2039504915002026,0.20395049150020261,P1P2,0.34467611249210278,0.94937720213294841,3,0.74218507526605648,target_non_hit,7897,-0.1248111361307317,-0.12481113613073171,P1P2,0.61611103033132653,0.96726576479999193,3,-0.18469839277503869,target_non_hit,7897,False,False,False,True,True,0.2986625163190776,0.2986625163190776,0.2986625163190776,-0.1977474012341796,-0.1977474012341796,-0.1977474012341796,[1],"[""P1P2""]","[""KAT5_+_65479809.23-P1P2|KAT5_-_65480114.23-P1P2""]",False,False,False,processed/original_r3_records.csv
KDM1A,R1:37863,KDM1A;PRKDC,-0.278155177,False,True,True,True,True,True,True,"{""gamma_R2"": ""P1P2"", ""rho_ATMi_R2"": ""P1P2"", ""rho_ATRi_R2"": ""P1P2"", ""rho_R2"": ""P1P2"", ""rho_WEE1i_R2"": ""P1P2""}","{""gamma_R2"": ""8041"", ""rho_ATMi_R2"": ""8041"", ""rho_ATRi_R2"": ""8041"", ""rho_R2"": ""8041"", ""rho_WEE1i_R2"": ""8041""}",1,1,R3:8470,R3:8470,,included_primary,1,546,0.0018315018315018315,-0.4940304787668413,-0.49403047876684131,P1P2,5.2210860527581997E-2,0.61004615565687359,3,-3.829522896476941,target_non_hit,8041,-1.03412561312939,-1.0341256131293901,P1P2,1.298487803376536E-2,0.2097672932173778,3,-8.7945451574690043,essential_hit,8041,-0.3134182589070553,-0.31341825890705532,P1P2,0.36344453356719142,0.85466768805940241,3,-0.92414740105152637,target_non_hit,8041,-0.1016482625355466,-0.1016482625355466,P1P2,0.81857069879736455,0.99113237577158952,3,-6.9523389505086644E-2,target_non_hit,8041,-0.06003847230904155,-6.0038472309041552E-2,P1P2,0.87548358556550387,0.99468423738407996,3,-2.4393966044222101E-2,target_non_hit,8041,False,False,True,True,True,-0.249771325243851,-0.249771325243851,-0.249771325243851,-0.0526597955993556,-0.0526597955993556,-0.0526597955993556,[-1],"[""P1P2""]","[""KDM1A_-_23346012.23-P1P2|KDM1A_-_23346064.23-P1P2""]",True,True,False,processed/original_r3_records.csv
KDM2A,R1:17559,KDM2A;PRKDC,-0.557695011,False,True,True,True,True,True,True,"{""gamma_R2"": ""P1P2"", ""rho_ATMi_R2"": ""P1P2"", ""rho_ATRi_R2"": ""P1P2"", ""rho_R2"": ""P1P2"", ""rho_WEE1i_R2"": ""P1P2""}","{""gamma_R2"": ""8043"", ""rho_ATMi_R2"": ""8043"", ""rho_ATRi_R2"": ""8043"", ""rho_R2"": ""8043"", ""rho_WEE1i_R2"": ""8043""}",1,1,R3:8472,R3:8472,,included_primary,25,546,0.045787545787545784,-0.05683161237186123,-5.6831612371861233E-2,P1P2,0.87383762637629259,0.98058747304302984,3,-2.012248453360653E-2,target_non_hit,8043,-0.4580377749564898,-0.45803777495648978,P1P2,1.338869727628079E-2,0.21311662203410511,3,-3.8678419740488938,target_non_hit,8043,0.09582783256442988,9.582783256442988E-2,P1P2,0.30089399861419941,0.83221510319464664,3,0.33528562790363309,target_non_hit,8043,0.1525996382931366,0.15259963829313661,P1P2,0.18667766036487621,0.93489129238435131,3,0.87502073956533877,target_non_hit,8043,-0.1074601793362264,-0.1074601793362264,P1P2,0.46468156423203538,0.94675850807597062,3,-0.25163719385273309,target_non_hit,8043,False,False,False,True,True,0.01269656062412287,0.01269656062412287,0.01269656062412287,0.02194709454454,0.02194709454454,0.02194709454454,[1],"[""P1P2""]","[""KDM2A_-_66886795.23-P1P2|KDM2A_+_66886784.23-P1P2""]",True,False,True,processed/original_r3_records.csv
KDM4D,R1:109699,KDM4D;PRKDC,0.0,False,True,True,True,True,True,True,"{""gamma_R2"": ""P1P2"", ""rho_ATMi_R2"": ""P1P2"", ""rho_ATRi_R2"": ""P1P2"", ""rho_R2"": ""P1P2"", ""rho_WEE1i_R2"": ""P1P2""}","{""gamma_R2"": ""8050"", ""rho_ATMi_R2"": ""8050"", ""rho_ATRi_R2"": ""8050"", ""rho_R2"": ""8050"", ""rho_WEE1i_R2"": ""8050""}",1,1,R3:8480,R3:8480,,included_primary,3,545,0.005504587155963303,-0.188085076894977,-0.188085076894977,P1P2,0.45355871629527122,0.87168735599785274,3,-0.3904218665829155,target_non_hit,8050,-0.149639815627469,-0.149639815627469,P1P2,0.58708927198525385,0.83804041902553728,3,-0.15602133601341089,target_non_hit,8050,-0.2250846341896458,-0.2250846341896458,P1P2,5.0386220026318089E-2,0.6717150932615944,3,-1.95935514805501,target_non_hit,8050,-0.07106843903490345,-7.1068439034903452E-2,P1P2,0.66453724052128904,0.98001910888091892,3,-9.9224789275485004E-2,target_non_hit,8050,-0.2284224344989047,-0.2284224344989047,P1P2,0.14288489862155249,0.89319883954737145,3,-1.357964143437369,target_non_hit,8050,False,False,True,True,True,-0.1681126352724665,-0.1681126352724665,-0.1681126352724665,0.0008141386369609713,0.0008141386369609713,0.0008141386369609713,[-1],"[""P1P2""]","[""KDM4D_-_94706849.23-P1P2|KDM4D_-_94706839.23-P1P2""]",True,True,False,processed/original_r3_records.csv
KIAA0101,R1:74777,KIAA0101;PRKDC,-0.006931023,False,True,True,True,True,True,True,"{""gamma_R2"": ""P1P2"", ""rho_ATMi_R2"": ""P1P2"", ""rho_ATRi_R2"": ""P1P2"", ""rho_R2"": ""P1P2"", ""rho_WEE1i_R2"": ""P1P2""}","{""gamma_R2"": ""8076"", ""rho_ATMi_R2"": ""8076"", ""rho_ATRi_R2"": ""8076"", ""rho_R2"": ""8076"", ""rho_WEE1i_R2"": ""8076""}",1,1,R3:8507,R3:8507,,included_primary,11,546,0.020146520146520148,-0.02925580070951339,-2.9255800709513391E-2,P1P2,0.75893826374643669,0.95744742886171896,3,-2.1186895332037721E-2,target_non_hit,8076,-0.1596461867102376,-0.15964618671023759,P1P2,0.33950593157657,0.69799001798131755,3,-0.33763051038424302,target_non_hit,8076,0.05016805955414465,5.0168059554144648E-2,P1P2,0.71744049961787426,0.95192396276781355,3,4.8532427218295461E-2,target_non_hit,8076,0.0934908660641236,9.3490866064123601E-2,P1P2,0.42705897096034601,0.95672330031479524,3,0.27176294531991368,target_non_hit,8076,-0.04497813443944028,-4.4978134439440279E-2,P1P2,0.9202282174324572,0.99851532708577551,3,-1.142478486866557E-2,target_non_hit,8076,False,False,False,True,True,0.6720701456356869,0.6720701456356869,0.6720701456356869,-0.0236020724407154,-0.0236020724407154,-0.0236020724407154,[1],"[""P1P2""]","[""KIAA0101_+_64673611.23-P1P2|KIAA0101_+_64673360.23-P1P2""]",True,False,True,processed/original_r3_records.csv
KIAA0430,R1:38513,KIAA0430;PRKDC,-0.272185852,False,True,True,True,True,True,True,"{""gamma_R2"": ""P1P2"", ""rho_ATMi_R2"": ""P1P2"", ""rho_ATRi_R2"": ""P1P2"", ""rho_R2"": ""P1P2"", ""rho_WEE1i_R2"": ""P1P2""}","{""gamma_R2"": ""8090"", ""rho_ATMi_R2"": ""8090"", ""rho_ATRi_R2"": ""8090"", ""rho_R2"": ""8090"", ""rho_WEE1i_R2"": ""8090""}",1,1,R3:8523,R3:8523,,included_primary,2,546,0.003663003663003663,0.1036967310838556,0.1036967310838556,P1P2,0.23901362004915039,0.78921830272848081,3,0.3896566941847272,target_non_hit,8090,-0.2184577814636685,-0.21845778146366851,P1P2,0.26715220243628601,0.65092542408148901,3,-0.56451296878310286,target_non_hit,8090,0.04938366362177815,4.9383663621778151E-2,P1P2,0.33615378436329513,0.84589679880261448,3,0.1568430868725979,target_non_hit,8090,0.09691076299682155,9.6910762996821553E-2,P1P2,0.48068373411013632,0.95963730898669664,3,0.24254001864126909,target_non_hit,8090,0.0007675454524179344,7.675454524179344E-4,P1P2,0.62240023704097258,0.96804223086657659,3,1.112013510028498E-3,target_non_hit,8090,False,False,False,True,True,0.2640868339943462,0.2640868339943462,0.2640868339943462,0.002935903563532558,0.002935903563532558,0.002935903563532558,[1],"[""P1P2""]","[""KIAA0430_+_15736991.23-P1P2|KIAA0430_+_15736976.23-P1P2""]",False,False,False,processed/original_r3_records.csv
KIN,R1:29300,KIN;PRKDC,-0.372466873,False,True,True,True,True,True,True,"{""gamma_R2"": ""P1P2"", ""rho_ATMi_R2"": ""P1P2"", ""rho_ATRi_R2"": ""P1P2"", ""rho_R2"": ""P1P2"", ""rho_WEE1i_R2"": ""P1P2""}","{""gamma_R2"": ""8202"", ""rho_ATMi_R2"": ""8202"", ""rho_ATRi_R2"": ""8202"", ""rho_R2"": ""8202"", ""rho_WEE1i_R2"": ""8202""}",1,1,R3:8640,R3:8640,,included_primary,11,546,0.020146520146520148,-0.4959202965527649,-0.49592029655276493,P1P2,0.14437843715138871,0.7214950471207715,3,-2.5198244665558032,target_non_hit,8202,-1.127519240628466,-1.127519240628466,P1P2,3.7873245245513408E-2,0.35971752222240733,3,-7.2258837104886933,essential_hit,8202,-0.3115795502727092,-0.31157955027270923,P1P2,0.15456540416079401,0.76028576112846391,3,-1.69483183815592,target_non_hit,8202,-0.02035868122840601,-2.0358681228406009E-2,P1P2,0.75113828695435392,0.98778944920908651,3,-1.9904147088131079E-2,target_non_hit,8202,-0.1779566941001824,-0.17795669410018239,P1P2,0.29591463624521402,0.91770710741995398,3,-0.66209322601087728,target_non_hit,8202,False,False,False,True,True,0.2267765583185401,0.2267765583185401,0.2267765583185401,-0.5281262937805374,-0.5281262937805374,-0.5281262937805374,[1],"[""P1P2""]","[""KIN_+_7829774.23-P1P2|KIN_-_7829906.23-P1P2""]",True,False,True,processed/original_r3_records.csv
KLHL15,R1:110166,KLHL15;PRKDC,0.0,False,True,True,True,True,True,True,"{""gamma_R2"": ""ENST00000328046.8"", ""rho_ATMi_R2"": ""ENST00000328046.8"", ""rho_ATRi_R2"": ""ENST00000328046.8"", ""rho_R2"": ""ENST00000328046.8"", ""rho_WEE1i_R2"": ""ENST00000328046.8""}","{""gamma_R2"": ""8255"", ""rho_ATMi_R2"": ""8255"", ""rho_ATRi_R2"": ""8255"", ""rho_R2"": ""8255"", ""rho_WEE1i_R2"": ""8255""}",1,1,R3:8697,R3:8697,,included_primary,7,546,0.01282051282051282,-0.3510069627337741,-0.35100696273377407,ENST00000328046.8,5.6789471440495476E-3,0.37829415652408849,3,-4.7653585973964399,target_non_hit,8255,0.2761321239938413,0.27613212399384129,ENST00000328046.8,3.7466135817993979E-4,2.604958855842248E-2,3,4.2650000540416837,target_non_hit,8255,0.009898301131504507,9.8983011315045069E-3,ENST00000328046.8,0.95424017578757314,0.99584221213400781,3,1.3506963398493949E-3,target_non_hit,8255,-0.2557267558603734,-0.25572675586037341,ENST00000328046.8,3.7413192651615482E-2,0.87619816183181931,3,-2.8706810171015689,target_non_hit,8255,-0.124512493732456,-0.124512493732456,ENST00000328046.8,0.26904234532531318,0.91097167189033423,3,-0.49947095212919362,target_non_hit,8255,False,False,False,True,True,0.3350466765287221,0.3350466765287221,0.3350466765287221,-0.02574148179752287,-0.02574148179752287,-0.02574148179752287,[1],"[""ENST00000328046.8""]","[""KLHL15_-_24045270.23-ENST00000328046.8|KLHL15_-_24045248.23-ENST00000328046.8""]",True,False,True,processed/original_r3_records.csv
LIG3,R1:19890,LIG3;PRKDC,-0.512408576,False,True,True,True,True,True,True,"{""gamma_R2"": ""P1P2"", ""rho_ATMi_R2"": ""P1P2"", ""rho_ATRi_R2"": ""P1P2"", ""rho_R2"": ""P1P2"", ""rho_WEE1i_R2"": ""P1P2""}","{""gamma_R2"": ""8685"", ""rho_ATMi_R2"": ""8685"", ""rho_ATRi_R2"": ""8685"", ""rho_R2"": ""8685"", ""rho_WEE1i_R2"": ""8685""}",1,1,R3:9150,R3:9150,,included_primary,30,546,0.054945054945054944,-0.6202449994836765,-0.62024499948367651,P1P2,9.5277205336487591E-2,0.6735436012560545,3,-3.828384800229709,target_non_hit,8685,-0.8451332040859595,-0.84513320408595949,P1P2,0.11210015442730489,0.53203629874420177,3,-3.6207432647190232,target_non_hit,8685,-0.4578005628580217,-0.45780056285802168,P1P2,0.2598406871523396,0.81706931907980307,3,-1.7974072457534449,target_non_hit,8685,-0.5801880500783557,-0.58018805007835572,P1P2,0.10941255773131001,0.92027016369044856,3,-4.3858537356408984,target_non_hit,8685,-0.0881457256787197,-8.81457256787197E-2,P1P2,0.76421598345158448,0.98285784147952182,3,-7.242191138985124E-2,target_non_hit,8685,False,False,True,True,True,-2.239519607999958,-2.239519607999958,-2.239519607999958,-0.4736047422029348,-0.4736047422029348,-0.4736047422029348,[-1],"[""P1P2""]","[""LIG3_-_33308013.23-P1P2|LIG3_-_33307576.23-P1P2""]",True,True,False,processed/original_r3_records.csv
MAD2L2,R1:34085,MAD2L2;PRKDC,-0.316838102,False,True,True,True,True,True,True,"{""gamma_R2"": ""P1P2"", ""rho_ATMi_R2"": ""P1P2"", ""rho_ATRi_R2"": ""P1P2"", ""rho_R2"": ""P1P2"", ""rho_WEE1i_R2"": ""P1P2""}","{""gamma_R2"": ""9124"", ""rho_ATMi_R2"": ""9124"", ""rho_ATRi_R2"": ""9124"", ""rho_R2"": ""9124"", ""rho_WEE1i_R2"": ""9124""}",1,1,R3:9610,R3:9610,,included_primary,17,546,0.031135531135531136,-0.06299895731843924,-6.2998957318439242E-2,P1P2,0.92894889585149076,0.99043208184592446,3,-1.219035065592302E-2,target_non_hit,9124,-1.645611756070815,-1.645611756070815,P1P2,2.838935787053755E-3,9.0341553986390322E-2,3,-18.89290653291236,essential_hit,9124,-0.4808771222602911,-0.48087712226029111,P1P2,0.26185458965333003,0.81760281062259821,3,-1.8771939037599661,target_non_hit,9124,-1.13903853025568,-1.13903853025568,P1P2,9.9252727687115308E-3,0.75983802275583812,3,-17.95012746983879,sensitivity_hit,9124,-0.5345265881939913,-0.53452658819399135,P1P2,8.9472154111428226E-2,0.87251870910919993,3,-3.942264203388842,target_non_hit,9124,False,False,False,True,True,2.115588979866517,2.115588979866517,2.115588979866517,-0.2981301667282683,-0.2981301667282683,-0.2981301667282683,[1],"[""P1P2""]","[""MAD2L2_-_11741158.23-P1P2|MAD2L2_+_11741173.23-P1P2""]",True,False,True,processed/original_r3_records.csv
MAGEF1,R1:110756,MAGEF1;PRKDC,0.0,False,True,True,True,True,True,True,"{""gamma_R2"": ""P1P2"", ""rho_ATMi_R2"": ""P1P2"", ""rho_ATRi_R2"": ""P1P2"", ""rho_R2"": ""P1P2"", ""rho_WEE1i_R2"": ""P1P2""}","{""gamma_R2"": ""9166"", ""rho_ATMi_R2"": ""9166"", ""rho_ATRi_R2"": ""9166"", ""rho_R2"": ""9166"", ""rho_WEE1i_R2"": ""9166""}",1,1,R3:9659,R3:9659,,included_primary,0,546,0.0,0.06037079186022788,6.0370791860227882E-2,P1P2,0.81074594425127211,0.96843405671961169,3,3.3253676879902723E-2,target_non_hit,9166,-0.09351159639385924,-9.3511596393859239E-2,P1P2,0.71822549980301198,0.8986093227810239,3,-6.0591207938953902E-2,target_non_hit,9166,0.2317869508974839,0.23178695089748391,P1P2,0.18033604867507841,0.78011108578741406,3,1.156673218928852,target_non_hit,9166,0.1199272832441931,0.11992728324419311,P1P2,0.25672848466841242,0.94382595124457902,3,0.55712072020179804,target_non_hit,9166,0.3205532302573449,0.32055323025734489,P1P2,3.4800293697687681E-2,0.79368246383758068,3,3.28902909567155,target_non_hit,9166,False,False,True,True,True,-0.1627268649522008,-0.1627268649522008,-0.1627268649522008,-0.004623597907088112,-0.004623597907088112,-0.004623597907088112,[-1],"[""P1P2""]","[""MAGEF1_-_184429727.23-P1P2|MAGEF1_-_184429780.23-P1P2""]",False,True,True,processed/original_r3_records.csv
MB21D1,R1:110916,MB21D1;PRKDC,0.0,False,True,True,True,True,True,True,"{""gamma_R2"": ""P1P2"", ""rho_ATMi_R2"": ""P1P2"", ""rho_ATRi_R2"": ""P1P2"", ""rho_R2"": ""P1P2"", ""rho_WEE1i_R2"": ""P1P2""}","{""gamma_R2"": ""9328"", ""rho_ATMi_R2"": ""9328"", ""rho_ATRi_R2"": ""9328"", ""rho_R2"": ""9328"", ""rho_WEE1i_R2"": ""9328""}",1,1,R3:9840,R3:9840,,included_primary,1,546,0.0018315018315018315,0.2912056922249143,0.29120569222491433,P1P2,0.139593357694827,0.71812796998846895,3,1.5054161196483939,target_non_hit,9328,-0.07943636531651983,-7.9436365316519833E-2,P1P2,0.57898837602585829,0.83442882406177477,3,-8.4984801588459877E-2,target_non_hit,9328,0.1538831170996831,0.15388311709968311,P1P2,0.49033234041658719,0.89449405365199175,3,0.31949337421708152,target_non_hit,9328,0.0009789105803861275,9.7891058038612755E-4,P1P2,0.90246334722688903,0.9968326542172492,3,3.4322756288073051E-4,target_non_hit,9328,0.1575780917100671,0.15757809171006709,P1P2,0.33703156227115949,0.92857494017491449,3,0.52363257107040684,target_non_hit,9328,False,False,True,True,True,-0.04484557950155105,-0.04484557950155105,-0.04484557950155105,-0.0259608809526117,-0.0259608809526117,-0.0259608809526117,[-1],"[""P1P2""]","[""MB21D1_-_74161785.23-P1P2|MB21D1_-_74162003.23-P1P2""]",False,True,True,processed/original_r3_records.csv
MBD4,R1:27450,MBD4;PRKDC,-0.396132354,False,True,True,True,True,True,True,"{""gamma_R2"": ""P1P2"", ""rho_ATMi_R2"": ""P1P2"", ""rho_ATRi_R2"": ""P1P2"", ""rho_R2"": ""P1P2"", ""rho_WEE1i_R2"": ""P1P2""}","{""gamma_R2"": ""9338"", ""rho_ATMi_R2"": ""9338"", ""rho_ATRi_R2"": ""9338"", ""rho_R2"": ""9338"", ""rho_WEE1i_R2"": ""9338""}",1,1,R3:9851,R3:9851,,included_primary,5,546,0.009157509157509158,-0.2243922470609958,-0.22439224706099581,P1P2,0.1671004886693982,0.74022559020619627,3,-1.0540548581602109,target_non_hit,9338,0.1294436962914257,0.12944369629142571,P1P2,6.9041485787394483E-2,0.45307459732010158,3,0.67739331260268421,target_non_hit,9338,-0.0188626553573692,-1.8862655357369199E-2,P1P2,0.56059387628339141,0.91614909727016347,3,-3.1803983748379602E-2,target_non_hit,9338,-0.11645569299471,-0.11645569299470999,P1P2,0.10781619963525341,0.91958512052694819,3,-0.8861789310651228,target_non_hit,9338,-0.01361732803457046,-1.3617328034570461E-2,P1P2,0.96410712365841,1,3,-1.5208397769145669E-3,target_non_hit,9338,False,False,False,True,True,0.1553178041669694,0.1553178041669694,0.1553178041669694,-0.01184614712777862,-0.01184614712777862,-0.01184614712777862,[1],"[""P1P2""]","[""MBD4_+_129158749.23-P1P2|MBD4_-_129158730.23-P1P2""]",True,False,True,processed/original_r3_records.csv
MBTD1,R1:111228,MBTD1;PRKDC,0.0,False,True,True,True,True,True,True,"{""gamma_R2"": ""P1P2"", ""rho_ATMi_R2"": ""P1P2"", ""rho_ATRi_R2"": ""P1P2"", ""rho_R2"": ""P1P2"", ""rho_WEE1i_R2"": ""P1P2""}","{""gamma_R2"": ""9353"", ""rho_ATMi_R2"": ""9353"", ""rho_ATRi_R2"": ""9353"", ""rho_R2"": ""9353"", ""rho_WEE1i_R2"": ""9353""}",1,1,R3:9866,R3:9866,,included_primary,3,546,0.005494505494505495,-0.2442873697443194,-0.24428736974431939,P1P2,0.13636572446931289,0.71514357999596356,3,-1.2778709285061549,target_non_hit,9353,-0.03069179427385767,-3.0691794273857671E-2,P1P2,0.84855338592083329,0.94992244857397823,3,-9.8675114675840243E-3,target_non_hit,9353,-0.09716231317989607,-9.716231317989607E-2,P1P2,0.68945413309532089,0.94578441416527337,3,-0.1052574532025238,target_non_hit,9353,-0.1978119490203826,-0.1978119490203826,P1P2,0.1986814725737254,0.93634209602504492,3,-1.092155807513528,target_non_hit,9353,-0.1136762832072375,-0.11367628320723749,P1P2,0.39441493469192379,0.93777962021580064,3,-0.32313737068903808,target_non_hit,9353,False,False,True,True,True,-0.3436453127397557,-0.3436453127397557,-0.3436453127397557,-0.02704858040994579,-0.02704858040994579,-0.02704858040994579,[-1],"[""P1P2""]","[""MBTD1_+_49337371.23-P1P2|MBTD1_-_49337385.23-P1P2""]",True,True,False,processed/original_r3_records.csv
MC1R,R1:111350,MC1R;PRKDC,0.0,False,True,True,True,True,True,True,"{""gamma_R2"": ""P1P2"", ""rho_ATMi_R2"": ""P1P2"", ""rho_ATRi_R2"": ""P1P2"", ""rho_R2"": ""P1P2"", ""rho_WEE1i_R2"": ""P1P2""}","{""gamma_R2"": ""9356"", ""rho_ATMi_R2"": ""9356"", ""rho_ATRi_R2"": ""9356"", ""rho_R2"": ""9356"", ""rho_WEE1i_R2"": ""9356""}",1,1,R3:9869,R3:9869,,included_primary,2,546,0.003663003663003663,-0.2815346420795263,-0.28153464207952628,P1P2,0.37017195803079012,0.84489118146704822,3,-0.73456737208953971,target_non_hit,9356,0.02665241219429947,2.6652412194299469E-2,P1P2,0.7054493838484055,0.89289986995544524,3,1.8206060906696572E-2,target_non_hit,9356,-0.4613474380722574,-0.46134743807225742,P1P2,7.7583935854907318E-2,0.70746056085806019,3,-3.4358746884853,target_non_hit,9356,-0.3490181729113672,-0.34901817291136722,P1P2,0.35334366380517279,0.94978440640480766,3,-1.240478349648952,target_non_hit,9356,-0.4411055028415236,-0.44110550284152361,P1P2,0.1872602101689462,0.90044374904404034,3,-2.257843394499635,target_non_hit,9356,False,False,True,True,True,-0.1657357604729336,-0.1657357604729336,-0.1657357604729336,0.02754532335074855,0.02754532335074855,0.02754532335074855,[-1],"[""P1P2""]","[""MC1R_+_89984332.23-P1P2|MC1R_+_89984320.23-P1P2""]",True,True,False,processed/original_r3_records.csv
MCM4,R1:32,MCM4;PRKDC,-2.565027646,True,True,True,True,True,True,True,"{""gamma_R2"": ""P1P2"", ""rho_ATMi_R2"": ""P1P2"", ""rho_ATRi_R2"": ""P1P2"", ""rho_R2"": ""P1P2"", ""rho_WEE1i_R2"": ""P1P2""}","{""gamma_R2"": ""9379"", ""rho_ATMi_R2"": ""9379"", ""rho_ATRi_R2"": ""9379"", ""rho_R2"": ""9379"", ""rho_WEE1i_R2"": ""9379""}",1,1,R3:9891,R3:9891,,included_primary,40,546,0.07326007326007326,0.03981175318473662,3.981175318473662E-2,P1P2,0.61813546397396846,0.91980630054602019,3,5.0281196640214729E-2,target_non_hit,9379,-2.152506440180121,-2.1525064401801211,P1P2,1.05793386901698E-4,1.211380816704897E-2,3,-38.575336721554407,essential_hit,9379,0.5616493414585075,0.56164934145850753,P1P2,1.7373774664728271E-2,0.59669461829764681,3,6.6313352349056922,resistance_hit,9379,-1.135119396042344,-1.135119396042344,P1P2,7.1236649372498568E-4,0.35971345510375391,3,-28.10422018959175,sensitivity_hit,9379,-1.307803165437437,-1.3078031654374369,P1P2,8.0268172782334193E-3,0.62885839879186811,3,-19.279993006476129,sensitivity_hit,9379,False,False,False,True,True,0.1307934744931222,0.1307934744931222,0.1307934744931222,-0.1806406046668105,-0.1806406046668105,-0.1806406046668105,[1],"[""P1P2""]","[""MCM4_-_48873574.23-P1P2|MCM4_+_48873564.23-P1P2""]",False,False,False,processed/original_r3_records.csv
MCM7,R1:8518,MCM7;PRKDC,-0.815967559,False,True,True,True,True,True,True,"{""gamma_R2"": ""P1P2"", ""rho_ATMi_R2"": ""P1P2"", ""rho_ATRi_R2"": ""P1P2"", ""rho_R2"": ""P1P2"", ""rho_WEE1i_R2"": ""P1P2""}","{""gamma_R2"": ""9381"", ""rho_ATMi_R2"": ""9381"", ""rho_ATRi_R2"": ""9381"", ""rho_R2"": ""9381"", ""rho_WEE1i_R2"": ""9381""}",1,1,R3:9892,R3:9892,,included_primary,85,546,0.15567765567765568,-0.5054566429986468,-0.50545664299864679,P1P2,0.15475319504210899,0.73206654491113832,3,-2.4761902012954931,target_non_hit,9381,-1.757831840945109,-1.757831840945109,P1P2,2.8958450698567749E-2,0.32121049762655679,3,-12.1889439022007,essential_hit,9381,-0.01583775029278867,-1.5837750292788669E-2,P1P2,0.87572732362659533,0.9838639145477468,3,-6.1227615903463196E-3,target_non_hit,9381,-0.7471610646393818,-0.74716106463938181,P1P2,4.2434602468275878E-2,0.88696747812546739,3,-8.0658335639565841,sensitivity_hit,9381,-0.9787372035237567,-0.9787372035237567,P1P2,2.382851692862854E-2,0.77229163124025968,3,-11.17492119440692,sensitivity_hit,9381,False,False,False,True,True,2.029523448078211,2.029523448078211,2.029523448078211,-0.5489078330402233,-0.5489078330402233,-0.5489078330402233,[1],"[""P1P2""]","[""MCM7_-_99698958.23-P1P2|MCM7_-_99698936.23-P1P2""]",True,False,True,processed/original_r3_records.csv
MCM8,R1:55232,MCM8;PRKDC,-0.136909775,False,True,True,True,True,True,True,"{""gamma_R2"": ""P1P2"", ""rho_ATMi_R2"": ""P1P2"", ""rho_ATRi_R2"": ""P1P2"", ""rho_R2"": ""P1P2"", ""rho_WEE1i_R2"": ""P1P2""}","{""gamma_R2"": ""9382"", ""rho_ATMi_R2"": ""9382"", ""rho_ATRi_R2"": ""9382"", ""rho_R2"": ""9382"", ""rho_WEE1i_R2"": ""9382""}",1,1,R3:9893,R3:9893,,included_primary,2,546,0.003663003663003663,0.1907293557795001,0.19072935577950009,P1P2,0.53569725037586502,0.89896578764586244,3,0.31256320205296662,target_non_hit,9382,-0.5760834417494354,-0.57608344174943538,P1P2,0.1072893444798397,0.52384696403922715,3,-2.5175426205320321,target_non_hit,9382,0.1196094057395872,0.1196094057395872,P1P2,0.42413905897010151,0.87247063016671622,3,0.29886765846428459,target_non_hit,9382,-0.3862966075401912,-0.38629660754019118,P1P2,2.7658503315683071E-2,0.86447264228200982,3,-4.7350921539730297,target_non_hit,9382,0.1900662298983825,0.19006622989838251,P1P2,0.49542199615003268,0.95433877870935568,3,0.40787379443942862,target_non_hit,9382,False,False,True,True,True,-0.6384642576633496,-0.6384642576633496,-0.6384642576633496,-0.1014080000578,-0.1014080000578,-0.1014080000578,[-1],"[""P1P2""]","[""MCM8_-_5931539.23-P1P2|MCM8_-_5931575.23-P1P2""]",False,True,True,processed/original_r3_records.csv
MCM9,R1:74376,MCM9;PRKDC,-0.009774722,False,True,True,True,True,True,True,"{""gamma_R2"": ""P1P2"", ""rho_ATMi_R2"": ""P1P2"", ""rho_ATRi_R2"": ""P1P2"", ""rho_R2"": ""P1P2"", ""rho_WEE1i_R2"": ""P1P2""}","{""gamma_R2"": ""9383"", ""rho_ATMi_R2"": ""9383"", ""rho_ATRi_R2"": ""9383"", ""rho_R2"": ""9383"", ""rho_WEE1i_R2"": ""9383""}",1,1,R3:9894,R3:9894,,included_primary,7,546,0.01282051282051282,-0.3482369994823696,-0.34823699948236958,P1P2,1.1094155808934549E-2,0.44796526133987441,3,-4.1155002141074881,target_non_hit,9383,-0.5026809073868572,-0.50268090738685722,P1P2,1.95075525768167E-3,7.1655494256584587E-2,3,-6.140421156817033,essential_hit,9383,-0.0666887265316419,-6.6688726531641901E-2,P1P2,0.7154608965723116,0.95159199398993355,3,-6.5051286261971472E-2,target_non_hit,9383,-1.141709938288154,-1.1417099382881539,P1P2,4.2821463795790139E-5,9.2889270853912326E-2,3,-39.234163593337072,sensitivity_hit,9383,0.2127713711307586,0.21277137113075861,P1P2,8.4027252689125101E-2,0.86965468980866423,3,1.6100585023228611,target_non_hit,9383,False,False,True,True,True,-0.01326313097463074,-0.01326313097463074,-0.01326313097463074,-0.05966282771584914,-0.05966282771584914,-0.05966282771584914,[-1],"[""P1P2""]","[""MCM9_+_119256304.23-P1P2|MCM9_+_119256290.23-P1P2""]",True,True,False,processed/original_r3_records.csv
MCMDC2,R1:40358,MCMDC2;PRKDC,-0.255060993,False,True,True,True,True,True,True,"{""gamma_R2"": ""P1P2"", ""rho_ATMi_R2"": ""P1P2"", ""rho_ATRi_R2"": ""P1P2"", ""rho_R2"": ""P1P2"", ""rho_WEE1i_R2"": ""P1P2""}","{""gamma_R2"": ""9385"", ""rho_ATMi_R2"": ""9385"", ""rho_ATRi_R2"": ""9385"", ""rho_R2"": ""9385"", ""rho_WEE1i_R2"": ""9385""}",1,1,R3:9896,R3:9896,,included_primary,4,546,0.007326007326007326,0.04836877746765807,4.8368777467658067E-2,P1P2,0.3279243580455995,0.83161742480431877,3,0.14159091878020341,target_non_hit,9385,-0.07728910527816227,-7.7289105278162268E-2,P1P2,0.87378810092758186,0.95890753762839687,3,-2.0414533854219999E-2,target_non_hit,9385,0.04273000681083369,4.2730006810833693E-2,P1P2,0.33878648470432038,0.84604460742819021,3,0.13473985438138281,target_non_hit,9385,0.0950072546216374,9.5007254621637394E-2,P1P2,0.25873830839911249,0.94382595124457902,3,0.43882385437874899,target_non_hit,9385,0.1015563103040146,0.1015563103040146,P1P2,0.2218629895712769,0.90360946513155116,3,0.46721213975291648,target_non_hit,9385,False,False,True,True,True,-0.4717388499446306,-0.4717388499446306,-0.4717388499446306,0.02753165505953882,0.02753165505953882,0.02753165505953882,[-1],"[""P1P2""]","[""MCMDC2_-_67783058.23-P1P2|MCMDC2_-_67783054.23-P1P2""]",False,True,True,processed/original_r3_records.csv
MCRS1,R1:64809,MCRS1;PRKDC,-0.071500728,False,True,True,True,True,True,True,"{""gamma_R2"": ""P1P2"", ""rho_ATMi_R2"": ""P1P2"", ""rho_ATRi_R2"": ""P1P2"", ""rho_R2"": ""P1P2"", ""rho_WEE1i_R2"": ""P1P2""}","{""gamma_R2"": ""9390"", ""rho_ATMi_R2"": ""9390"", ""rho_ATRi_R2"": ""9390"", ""rho_R2"": ""9390"", ""rho_WEE1i_R2"": ""9390""}",1,1,R3:9901,R3:9901,,included_primary,14,546,0.02564102564102564,-0.1855337787668899,-0.1855337787668899,P1P2,0.20885832921526171,0.76939191467745394,3,-0.76286631413599804,target_non_hit,9390,-0.2510138855253358,-0.25101388552533582,P1P2,0.36364385342738198,0.71208786678952163,3,-0.49710874624179979,target_non_hit,9390,-0.1588675708826401,-0.15886757088264011,P1P2,0.43930048398260318,0.87523863136976865,3,-0.38070645712090218,target_non_hit,9390,-0.1884900153692857,-0.1884900153692857,P1P2,6.7491088287415471E-2,0.89659942000598092,3,-1.735985822183794,target_non_hit,9390,-0.2484412302456313,-0.24844123024563131,P1P2,0.38898018073657797,0.93777962021580064,3,-0.71675405308983375,target_non_hit,9390,False,False,False,True,True,0.1440841678799873,0.1440841678799873,0.1440841678799873,-0.4151216111082268,-0.4151216111082268,-0.4151216111082268,[1],"[""P1P2""]","[""MCRS1_+_49961900.23-P1P2|MCRS1_+_49961849.23-P1P2""]",True,False,True,processed/original_r3_records.csv
MDC1,R1:46906,MDC1;PRKDC,-0.199962878,False,True,True,True,True,True,True,"{""gamma_R2"": ""P1P2"", ""rho_ATMi_R2"": ""P1P2"", ""rho_ATRi_R2"": ""P1P2"", ""rho_R2"": ""P1P2"", ""rho_WEE1i_R2"": ""P1P2""}","{""gamma_R2"": ""9396"", ""rho_ATMi_R2"": ""9396"", ""rho_ATRi_R2"": ""9396"", ""rho_R2"": ""9396"", ""rho_WEE1i_R2"": ""9396""}",1,1,R3:9907,R3:9907,,included_primary,23,546,0.04212454212454213,-1.246823663522221,-1.246823663522221,P1P2,4.1160371735308177E-3,0.35667599507750802,3,-17.98084604752048,sensitivity_hit,9396,-0.6097264112928609,-0.60972641129286087,P1P2,1.4555647799750561E-2,0.222703692785682,3,-5.0490036515135381,target_non_hit,9396,-0.7646969290767456,-0.76469692907674558,P1P2,0.10099300679738191,0.72922385149053492,3,-5.1076202299560096,target_non_hit,9396,-1.920260159025724,-1.920260159025724,P1P2,2.2707836278827681E-3,0.52833830368853141,3,-39.937878022154251,sensitivity_hit,9396,-0.7366324161086268,-0.73663241610862684,P1P2,2.6703604360435321E-3,0.460039474909963,3,-13.336719526315189,sensitivity_hit,9396,False,False,True,True,True,-3.114452827098317,-3.114452827098317,-3.114452827098317,-0.2410586860512866,-0.2410586860512866,-0.2410586860512866,[-1],"[""P1P2""]","[""MDC1_+_30685020.23-P1P2|MDC1_-_30685387.23-P1P2""]",True,True,False,processed/original_r3_records.csv
MEAF6,R1:47438,MEAF6;PRKDC,-0.195549245,False,True,True,True,True,True,True,"{""gamma_R2"": ""P1P2"", ""rho_ATMi_R2"": ""P1P2"", ""rho_ATRi_R2"": ""P1P2"", ""rho_R2"": ""P1P2"", ""rho_WEE1i_R2"": ""P1P2""}","{""gamma_R2"": ""9414"", ""rho_ATMi_R2"": ""9414"", ""rho_ATRi_R2"": ""9414"", ""rho_R2"": ""9414"", ""rho_WEE1i_R2"": ""9414""}",1,1,R3:9924,R3:9924,,included_primary,79,546,0.1446886446886447,-0.3206276196838069,-0.32062761968380687,P1P2,0.3582385781423334,0.84016690950419637,3,-0.86415137039771428,target_non_hit,9414,-1.973553568432455,-1.973553568432455,P1P2,1.340492033894688E-6,7.8668452485511603E-4,3,-52.246638886084078,essential_hit,9414,-0.9134809797626562,-0.91348097976265619,P1P2,9.9612645542869194E-3,0.55663008599972308,3,-12.265699181402971,sensitivity_hit,9414,0.4394711425254048,0.43947114252540481,P1P2,1.677935424145029E-2,0.81079729656757993,3,6.1372814839668592,resistance_hit,9414,-0.4138084589097281,-0.41380845890972812,P1P2,0.3727763684364554,0.93256353039815565,3,-1.2476372272332421,target_non_hit,9414,False,False,True,True,True,-2.10258568471279,-2.10258568471279,-2.10258568471279,-0.3180990544938867,-0.3180990544938867,-0.3180990544938867,[-1],"[""P1P2""]","[""MEAF6_+_37980325.23-P1P2|MEAF6_-_37980322.23-P1P2""]",True,True,False,processed/original_r3_records.csv
MEIOB,R1:48485,MEIOB;PRKDC,-0.187347245,False,True,True,True,True,True,True,"{""gamma_R2"": ""P1P2"", ""rho_ATMi_R2"": ""P1P2"", ""rho_ATRi_R2"": ""P1P2"", ""rho_R2"": ""P1P2"", ""rho_WEE1i_R2"": ""P1P2""}","{""gamma_R2"": ""9462"", ""rho_ATMi_R2"": ""9462"", ""rho_ATRi_R2"": ""9462"", ""rho_R2"": ""9462"", ""rho_WEE1i_R2"": ""9462""}",1,1,R3:9965,R3:9965,,included_primary,1,546,0.0018315018315018315,-0.06101899106380993,-6.1018991063809931E-2,P1P2,0.91917288589592494,0.98856974253387375,3,-1.3502095272841391E-2,target_non_hit,9462,0.2922338865896862,0.29223388658968619,P1P2,9.8686596247430619E-2,0.50828608852093071,3,1.324909043238949,target_non_hit,9462,-0.08813025287805958,-8.8130252878059576E-2,P1P2,0.76448606716065981,0.9607163206615108,3,-6.8949929572110907E-2,target_non_hit,9462,-0.3808043252619447,-0.38080432526194469,P1P2,9.57342417315733E-2,0.91739298778457268,3,-3.0523877756647,target_non_hit,9462,0.0504885720121422,5.0488572012142199E-2,P1P2,0.69097463969372175,0.9772363449571384,3,5.7023839541073019E-2,target_non_hit,9462,False,False,False,True,True,0.04837276411430047,0.04837276411430047,0.04837276411430047,-0.03039764722354921,-0.03039764722354921,-0.03039764722354921,[1],"[""P1P2""]","[""MEIOB_+_1922098.23-P1P2|MEIOB_-_1922113.23-P1P2""]",True,False,True,processed/original_r3_records.csv
MEN1,R1:112644,MEN1;PRKDC,0.0,False,True,True,True,True,True,True,"{""gamma_R2"": ""P1P2"", ""rho_ATMi_R2"": ""P1P2"", ""rho_ATRi_R2"": ""P1P2"", ""rho_R2"": ""P1P2"", ""rho_WEE1i_R2"": ""P1P2""}","{""gamma_R2"": ""9468"", ""rho_ATMi_R2"": ""9468"", ""rho_ATRi_R2"": ""9468"", ""rho_R2"": ""9468"", ""rho_WEE1i_R2"": ""9468""}",1,1,R3:9973,R3:9973,,included_primary,42,546,0.07692307692307693,-0.8731699371259635,-0.87316993712596347,P1P2,3.0157433763872841E-2,0.5510187921123908,3,-8.0267042268220443,sensitivity_hit,9468,-1.501857916481398,-1.5018579164813981,P1P2,6.8611544134710554E-5,8.8708819612049947E-3,3,-28.188185305817811,essential_hit,9468,-0.4787830359506951,-0.4787830359506951,P1P2,6.283218226463623E-2,0.69244859969093597,3,-3.8598849332580909,target_non_hit,9468,0.1709659760663362,0.17096597606633621,P1P2,0.1980589327415577,0.93579490414168209,3,0.94576736312197696,target_non_hit,9468,0.0647750351156462,6.4775035115646196E-2,P1P2,0.76086340720649459,0.9824296493976451,3,5.40903364211704E-2,target_non_hit,9468,False,False,False,True,True,0.1605861315400472,0.1605861315400472,0.1605861315400472,-0.1341049722605173,-0.1341049722605173,-0.1341049722605173,[1],"[""P1P2""]","[""MEN1_+_64578000.23-P1P2|MEN1_+_64577980.23-P1P2""]",True,False,True,processed/original_r3_records.csv
MGME1,R1:51428,MGME1;PRKDC,-0.164454862,False,True,True,True,True,True,True,"{""gamma_R2"": ""P1P2"", ""rho_ATMi_R2"": ""P1P2"", ""rho_ATRi_R2"": ""P1P2"", ""rho_R2"": ""P1P2"", ""rho_WEE1i_R2"": ""P1P2""}","{""gamma_R2"": ""9560"", ""rho_ATMi_R2"": ""9560"", ""rho_ATRi_R2"": ""9560"", ""rho_R2"": ""9560"", ""rho_WEE1i_R2"": ""9560""}",1,1,R3:10066,R3:10066,,included_primary,2,546,0.003663003663003663,-0.09374799247667212,-9.3747992476672121E-2,P1P2,0.75313550052862233,0.95582554617566751,3,-6.9780929195464969E-2,target_non_hit,9560,0.1286878598248276,0.12868785982482761,P1P2,1.631871195594305E-2,0.237842637936451,3,1.036829732228518,target_non_hit,9560,-0.1693387270962032,-0.16933872709620321,P1P2,0.1018072746232654,0.72922385149053492,3,-1.1270981563849001,target_non_hit,9560,-0.2280523985635911,-0.22805239856359111,P1P2,9.5288390897161103E-3,0.7501271191472888,3,-3.625640148580116,target_non_hit,9560,-0.0253320968960038,-2.5332096896003801E-2,P1P2,0.99809506258314706,1,3,-1.475828719469755E-4,target_non_hit,9560,False,False,False,True,True,0.2778355231418516,0.2778355231418516,0.2778355231418516,-0.01974615409593839,-0.01974615409593839,-0.01974615409593839,[1],"[""P1P2""]","[""MGME1_+_17949787.23-P1P2|MGME1_-_17949803.23-P1P2""]",True,False,True,processed/original_r3_records.csv
MGMT,R1:70141,MGMT;PRKDC,-0.036632024,False,True,True,True,True,True,True,"{""gamma_R2"": ""P1P2"", ""rho_ATMi_R2"": ""P1P2"", ""rho_ATRi_R2"": ""P1P2"", ""rho_R2"": ""P1P2"", ""rho_WEE1i_R2"": ""P1P2""}","{""gamma_R2"": ""9561"", ""rho_ATMi_R2"": ""9561"", ""rho_ATRi_R2"": ""9561"", ""rho_R2"": ""9561"", ""rho_WEE1i_R2"": ""9561""}",1,1,R3:10067,R3:10067,,included_primary,3,546,0.005494505494505495,-0.2207585216685589,-0.22075852166855889,P1P2,0.14614480388823761,0.7231462668646963,3,-1.1146499487218009,target_non_hit,9561,0.02078435006590033,2.078435006590033E-2,P1P2,0.19018037886569431,0.60509070520002972,3,6.753685991091346E-2,target_non_hit,9561,-0.246475214107682,-0.246475214107682,P1P2,6.6767351418783108E-2,0.69839166548507325,3,-1.9434310488088189,target_non_hit,9561,-0.06997474507114394,-6.9974745071143943E-2,P1P2,0.48561002247613722,0.96083555982584634,3,-0.17268924329097449,target_non_hit,9561,-0.2318988030488483,-0.2318988030488483,P1P2,0.22107140269358419,0.90336090861528928,3,-1.0693883248765239,target_non_hit,9561,False,False,False,True,True,0.6321417333908009,0.6321417333908009,0.6321417333908009,-0.03224646583010856,-0.03224646583010856,-0.03224646583010856,[1],"[""P1P2""]","[""MGMT_-_131265539.23-P1P2|MGMT_+_131265524.23-P1P2""]",True,False,True,processed/original_r3_records.csv
MLH1,R1:112995,MLH1;PRKDC,0.0,False,True,True,True,True,True,True,"{""gamma_R2"": ""P1P2"", ""rho_ATMi_R2"": ""P1P2"", ""rho_ATRi_R2"": ""P1P2"", ""rho_R2"": ""P1P2"", ""rho_WEE1i_R2"": ""P1P2""}","{""gamma_R2"": ""9633"", ""rho_ATMi_R2"": ""9633"", ""rho_ATRi_R2"": ""9633"", ""rho_R2"": ""9633"", ""rho_WEE1i_R2"": ""9633""}",1,1,R3:10149,R3:10149,,included_primary,5,546,0.009157509157509158,-0.3864588122379091,-0.38645881223790912,P1P2,0.26756765672864591,0.80334008927117651,3,-1.337676066290937,target_non_hit,9633,-0.1598477732268654,-0.15984777322686539,P1P2,0.69335447822217988,0.88702112833782032,3,-0.11460266080340489,target_non_hit,9633,-0.3223171948902206,-0.32231719489022059,P1P2,0.1237342524984118,0.73925971524544287,3,-1.9621485093145099,target_non_hit,9633,-0.03849844197917059,-3.8498441979170593E-2,P1P2,0.47794595395660211,0.95958356702745007,3,-9.7101902134360374E-2,target_non_hit,9633,-0.2417815890677726,-0.24178158906777261,P1P2,0.22196866085448519,0.90360946513155116,3,-1.1119699850360201,target_non_hit,9633,False,False,True,True,True,-0.0899518568726156,-0.0899518568726156,-0.0899518568726156,0.01467783004176081,0.01467783004176081,0.01467783004176081,[-1],"[""P1P2""]","[""MLH1_-_37035083.23-P1P2|MLH1_-_37035067.23-P1P2""]",True,True,False,processed/original_r3_records.csv
MLH3,R1:57568,MLH3;PRKDC,-0.12128774,False,True,True,True,True,True,True,"{""gamma_R2"": ""P1P2"", ""rho_ATMi_R2"": ""P1P2"", ""rho_ATRi_R2"": ""P1P2"", ""rho_R2"": ""P1P2"", ""rho_WEE1i_R2"": ""P1P2""}","{""gamma_R2"": ""9634"", ""rho_ATMi_R2"": ""9634"", ""rho_ATRi_R2"": ""9634"", ""rho_R2"": ""9634"", ""rho_WEE1i_R2"": ""9634""}",1,1,R3:10150,R3:10150,,included_primary,3,546,0.005494505494505495,0.08375166206441964,8.3751662064419641E-2,P1P2,0.71685841214771517,0.94613653955678911,3,7.319532419794654E-2,target_non_hit,9634,-0.2187780684309875,-0.21877806843098749,P1P2,0.65370439894585597,0.86918688146972323,3,-0.18207411033672141,target_non_hit,9634,-0.001342933226815848,-1.3429332268158479E-3,P1P2,0.76197139612266285,0.96024802501567674,3,-1.063552781123307E-3,target_non_hit,9634,0.2224484190209426,0.22244841902094259,P1P2,0.1601773175456199,0.93489129238435131,3,1.3918956866152239,target_non_hit,9634,-0.115760510700574,-0.115760510700574,P1P2,0.68355397785345895,0.97591982061036009,3,-0.13456364748654959,target_non_hit,9634,False,False,False,True,True,0.4579162887803466,0.4579162887803466,0.4579162887803466,-0.06341063019829278,-0.06341063019829278,-0.06341063019829278,[1],"[""P1P2""]","[""MLH3_+_75518140.23-P1P2|MLH3_-_75518124.23-P1P2""]",False,False,False,processed/original_r3_records.csv
MORF4L1,R1:113647,MORF4L1;PRKDC,0.0,False,True,True,True,True,True,True,"{""gamma_R2"": ""P1P2"", ""rho_ATMi_R2"": ""P1P2"", ""rho_ATRi_R2"": ""P1P2"", ""rho_R2"": ""P1P2"", ""rho_WEE1i_R2"": ""P1P2""}","{""gamma_R2"": ""9720"", ""rho_ATMi_R2"": ""9720"", ""rho_ATRi_R2"": ""9720"", ""rho_R2"": ""9720"", ""rho_WEE1i_R2"": ""9720""}",1,1,R3:10236,R3:10236,,included_primary,5,546,0.009157509157509158,-0.3172074254349164,-0.31720742543491642,P1P2,8.5220412135170426E-2,0.65875327246452642,3,-2.0508236236651651,target_non_hit,9720,-0.280917710567465,-0.28091771056746501,P1P2,8.9689793647685742E-2,0.49519622211079428,3,-1.326176595216183,target_non_hit,9720,-0.04058963769856083,-4.0589637698560832E-2,P1P2,0.60839315721779341,0.92750068933056251,3,-5.8761803940461779E-2,target_non_hit,9720,-0.03149072856293378,-3.1490728562933779E-2,P1P2,0.74703627845657383,0.98743730294992604,3,-3.1376805151873792E-2,target_non_hit,9720,0.09962625247321735,9.9626252473217353E-2,P1P2,0.63607051823875804,0.97067027660583127,3,0.13772428346770541,target_non_hit,9720,False,False,True,True,True,-0.07183186825798576,-0.07183186825798576,-0.07183186825798576,0.01377686120808013,0.01377686120808013,0.01377686120808013,[-1],"[""P1P2""]","[""MORF4L1_-_79165256.23-P1P2|MORF4L1_-_79165709.23-P1P2""]",True,True,False,processed/original_r3_records.csv
MORF4L2,R1:43900,MORF4L2;PRKDC,-0.224263464,False,True,True,True,False,True,True,"{""gamma_R2"": ""P1"", ""rho_ATMi_R2"": ""P1"", ""rho_ATRi_R2"": ""P1"", ""rho_R2"": ""P1"", ""rho_WEE1i_R2"": ""P1""}","{""gamma_R2"": ""9721"", ""rho_ATMi_R2"": ""9721"", ""rho_ATRi_R2"": ""9721"", ""rho_R2"": ""9721"", ""rho_WEE1i_R2"": ""9721""}",2,2,R3:10237;R3:10238,R3:10237;R3:10238,,included_primary,5,546,0.009157509157509158,0.006795635078661544,6.7956350786615438E-3,P1,0.62437625446947531,0.92178643829956131,3,8.4034789775847257E-3,target_non_hit,9721,0.2133175398253252,0.2133175398253252,P1,1.3144558223704399E-2,0.21146849140657359,3,1.8090183870853309,target_non_hit,9721,-0.224637680836707,-0.22463768083670699,P1,1.056254160704987E-2,0.55663008599972308,3,-2.9779499240023961,target_non_hit,9721,-0.2239085676767362,-0.2239085676767362,P1,0.12964856491514129,0.92786827592812549,3,-1.562789133764706,target_non_hit,9721,-0.09204491717884149,-9.2044917178841487E-2,P1,0.32125638250179089,0.92511459241841465,3,-0.31934719605978779,target_non_hit,9721,False,False,False,False,True,0.5587632109109008,0.6993489583810748,0.839934705851249,-0.0236351271880799,-0.02314818360513706,-0.02266124002219422,[1],"[""P1"", ""P2""]","[""MORF4L2_+_102941605.23-P1|MORF4L2_+_102941617.23-P1"", ""MORF4L2_+_102942915.23-P2|MORF4L2_-_102942959.23-P2""]",False,False,False,processed/original_r3_records.csv
MPG,R1:69972,MPG;PRKDC,-0.037810516,False,True,True,True,True,True,True,"{""gamma_R2"": ""P1P2"", ""rho_ATMi_R2"": ""P1P2"", ""rho_ATRi_R2"": ""P1P2"", ""rho_R2"": ""P1P2"", ""rho_WEE1i_R2"": ""P1P2""}","{""gamma_R2"": ""9739"", ""rho_ATMi_R2"": ""9739"", ""rho_ATRi_R2"": ""9739"", ""rho_R2"": ""9739"", ""rho_WEE1i_R2"": ""9739""}",1,1,R3:10255,R3:10255,,included_primary,10,546,0.018315018315018316,0.04098278548489395,4.0982785484893952E-2,P1P2,0.30714400551575038,0.82430028451219939,3,0.12701384684769809,target_non_hit,9739,0.0908574632505997,9.0857463250599693E-2,P1P2,6.3985080641401001E-2,0.44018424361508202,3,0.48899596621459812,target_non_hit,9739,0.1771876041581111,0.17718760415811111,P1P2,0.1742032453553311,0.77712443812403709,3,0.90206925496114043,target_non_hit,9739,-0.1212790785721151,-0.1212790785721151,P1P2,0.25388348806828342,0.94382595124457902,3,-0.56801776547146809,target_non_hit,9739,0.092931733043159,9.2931733043159007E-2,P1P2,0.48031158295284931,0.95096495095050482,3,0.2082225882973755,target_non_hit,9739,False,False,True,True,True,-0.09851501130772865,-0.09851501130772865,-0.09851501130772865,0.04301439913851127,0.04301439913851127,0.04301439913851127,[-1],"[""P1P2""]","[""MPG_+_128262.23-P1P2|MPG_+_128226.23-P1P2""]",False,True,True,processed/original_r3_records.csv
MRGBP,R1:67317,MRGBP;PRKDC,-0.055048916,False,True,True,True,True,True,True,"{""gamma_R2"": ""P1P2"", ""rho_ATMi_R2"": ""P1P2"", ""rho_ATRi_R2"": ""P1P2"", ""rho_R2"": ""P1P2"", ""rho_WEE1i_R2"": ""P1P2""}","{""gamma_R2"": ""9778"", ""rho_ATMi_R2"": ""9778"", ""rho_ATRi_R2"": ""9778"", ""rho_R2"": ""9778"", ""rho_WEE1i_R2"": ""9778""}",1,1,R3:10294,R3:10294,,included_primary,14,546,0.02564102564102564,-0.4731682412088064,-0.47316824120880641,P1P2,9.8740729610741554E-2,0.67789456543948479,3,-2.8762136393910041,target_non_hit,9778,-1.303376225573029,-1.303376225573029,P1P2,2.3951784839718578E-3,8.1112002675772052E-2,3,-15.39748547382943,essential_hit,9778,-0.6911981475859004,-0.69119814758590037,P1P2,8.3606531367339934E-2,0.71339611533416847,3,-4.9971397517807077,target_non_hit,9778,0.4059321966902411,0.40593219669024111,P1P2,3.6001783832850583E-2,0.87619816183181931,3,4.6101553845346759,target_non_hit,9778,0.3162761319615655,0.31627613196156551,P1P2,5.7114628497168571E-2,0.82749453962910724,3,2.7663786412466478,target_non_hit,9778,False,False,False,True,True,1.698137104194727,1.698137104194727,1.698137104194727,-0.223628621429684,-0.223628621429684,-0.223628621429684,[1],"[""P1P2""]","[""MRGBP_-_61427884.23-P1P2|MRGBP_-_61427962.23-P1P2""]",True,False,True,processed/original_r3_records.csv
MSH2,R1:5203,MSH2;PRKDC,-0.995003157,False,True,True,True,True,True,True,"{""gamma_R2"": ""P1P2"", ""rho_ATMi_R2"": ""P1P2"", ""rho_ATRi_R2"": ""P1P2"", ""rho_R2"": ""P1P2"", ""rho_WEE1i_R2"": ""P1P2""}","{""gamma_R2"": ""9901"", ""rho_ATMi_R2"": ""9901"", ""rho_ATRi_R2"": ""9901"", ""rho_R2"": ""9901"", ""rho_WEE1i_R2"": ""9901""}",1,1,R3:10416,R3:10416,,included_primary,8,546,0.014652014652014652,-0.04105245422897066,-4.1052454228970657E-2,P1P2,0.87603411933644759,0.98082334268212479,3,-1.4264943774640019E-2,target_non_hit,9901,0.009797440286088165,9.7974402860881646E-3,P1P2,0.52868346103819941,0.80933041424854046,3,1.222515562361619E-2,target_non_hit,9901,-0.1705607351228605,-0.17056073512286049,P1P2,0.82591723964254615,0.97494309017223735,3,-9.5035545836734278E-2,target_non_hit,9901,0.1797891779758762,0.17978917797587621,P1P2,0.27388025968681162,0.94382595124457902,3,0.79548412237062893,target_non_hit,9901,-0.09553759428351846,-9.5537594283518462E-2,P1P2,0.65366643967305227,0.97209998518560348,3,-0.12410659806576831,target_non_hit,9901,False,False,False,True,True,0.8845166674705068,0.8845166674705068,0.8845166674705068,-0.05809802833540035,-0.05809802833540035,-0.05809802833540035,[1],"[""P1P2""]","[""MSH2_-_47630333.23-P1P2|MSH2_-_47630319.23-P1P2""]",True,False,True,processed/original_r3_records.csv
MSH3,R1:114421,MSH3;PRKDC,0.0,False,True,True,True,True,True,True,"{""gamma_R2"": ""P1P2"", ""rho_ATMi_R2"": ""P1P2"", ""rho_ATRi_R2"": ""P1P2"", ""rho_R2"": ""P1P2"", ""rho_WEE1i_R2"": ""P1P2""}","{""gamma_R2"": ""9902"", ""rho_ATMi_R2"": ""9902"", ""rho_ATRi_R2"": ""9902"", ""rho_R2"": ""9902"", ""rho_WEE1i_R2"": ""9902""}",1,1,R3:10417,R3:10417,,included_primary,1,546,0.0018315018315018315,0.07062009110204315,7.0620091102043148E-2,P1P2,0.46701382031106398,0.87803455450047219,2,0.14117094265120439,target_non_hit,9902,-0.0446005292463294,-4.4600529246329401E-2,P1P2,0.95666971140937973,0.98776014891955055,2,-3.867838775424104E-3,target_non_hit,9902,-0.01871915003169411,-1.871915003169411E-2,P1P2,0.99448766156985169,1,2,-3.0144147671699981E-4,target_non_hit,9902,0.01778750678185581,1.7787506781855811E-2,P1P2,0.79758288141493616,0.99113237577158952,2,1.374440064464396E-2,target_non_hit,9902,-0.03514755441908024,-3.514755441908024E-2,P1P2,0.83721880278445338,0.99083830254171468,2,-1.9080024218512449E-2,target_non_hit,9902,False,False,False,True,True,0.3359781571939099,0.3359781571939099,0.3359781571939099,0.0182949089402889,0.0182949089402889,0.0182949089402889,[1],"[""P1P2""]","[""MSH3_-_79950488.23-P1P2|MSH3_+_79950544.23-P1P2""]",False,False,False,processed/original_r3_records.csv
MSH4,R1:114582,MSH4;PRKDC,0.0,False,True,True,True,True,True,True,"{""gamma_R2"": ""P1P2"", ""rho_ATMi_R2"": ""P1P2"", ""rho_ATRi_R2"": ""P1P2"", ""rho_R2"": ""P1P2"", ""rho_WEE1i_R2"": ""P1P2""}","{""gamma_R2"": ""9903"", ""rho_ATMi_R2"": ""9903"", ""rho_ATRi_R2"": ""9903"", ""rho_R2"": ""9903"", ""rho_WEE1i_R2"": ""9903""}",1,1,R3:10418,R3:10418,,included_primary,4,546,0.007326007326007326,-0.1956890935974228,-0.19568909359742279,P1P2,9.9379134003313357E-2,0.67832308449443879,3,-1.1862100713616459,target_non_hit,9903,0.1261106717195144,0.1261106717195144,P1P2,0.12362026488231689,0.54504029613764082,3,0.51613555054048643,target_non_hit,9903,-0.06250714512363498,-6.2507145123634977E-2,P1P2,0.65163725926018778,0.93780079279630602,3,-7.7987637407355787E-2,target_non_hit,9903,-0.1011811235518427,-0.10118112355184269,P1P2,7.6984147486587426E-2,0.91015979068428543,3,-0.88638121772877232,target_non_hit,9903,-0.09996246845563157,-9.9962468455631573E-2,P1P2,0.72637877027067699,0.98011414926820339,3,-9.7639952441440928E-2,target_non_hit,9903,False,False,True,True,True,-1.017282804747781,-1.017282804747781,-1.017282804747781,0.039475227707499,0.039475227707499,0.039475227707499,[-1],"[""P1P2""]","[""MSH4_-_76262623.23-P1P2|MSH4_+_76262635.23-P1P2""]",True,True,False,processed/original_r3_records.csv
MSH5,R1:30024,MSH5;PRKDC,-0.36362795,False,True,True,True,True,True,True,"{""gamma_R2"": ""P1P2"", ""rho_ATMi_R2"": ""P1P2"", ""rho_ATRi_R2"": ""P1P2"", ""rho_R2"": ""P1P2"", ""rho_WEE1i_R2"": ""P1P2""}","{""gamma_R2"": ""9904"", ""rho_ATMi_R2"": ""9904"", ""rho_ATRi_R2"": ""9904"", ""rho_R2"": ""9904"", ""rho_WEE1i_R2"": ""9904""}",1,1,R3:10419,R3:10419,,included_primary,3,546,0.005494505494505495,-0.02708609730109579,-2.7086097301095791E-2,P1P2,0.85971708882240738,0.97816607778673004,3,-1.0748955893300979E-2,target_non_hit,9904,-0.4851906507628243,-0.4851906507628243,P1P2,0.20163544567186939,0.6114046448476983,3,-1.5210264675065319,target_non_hit,9904,-0.0628249447272764,-6.2824944727276399E-2,P1P2,0.80767382541266963,0.97079551463637548,3,-3.9093854556947007E-2,target_non_hit,9904,-0.03891816843596688,-3.8918168435966877E-2,P1P2,0.54660978209395139,0.96809765330588271,3,-8.0311999048784027E-2,target_non_hit,9904,0.03164942423218001,3.1649424232180007E-2,P1P2,0.72956108861319535,0.98066041958332428,3,3.0491351659951371E-2,target_non_hit,9904,False,False,False,True,True,0.04649219561119167,0.04649219561119167,0.04649219561119167,-0.00356918217788458,-0.00356918217788458,-0.00356918217788458,[1],"[""P1P2""]","[""MSH5_+_31707820.23-P1P2|MSH5_+_31707824.23-P1P2""]",True,False,True,processed/original_r3_records.csv
MSH6,R1:49810,MSH6;PRKDC,-0.177170737,False,True,True,True,True,True,True,"{""gamma_R2"": ""P1P2"", ""rho_ATMi_R2"": ""P1P2"", ""rho_ATRi_R2"": ""P1P2"", ""rho_R2"": ""P1P2"", ""rho_WEE1i_R2"": ""P1P2""}","{""gamma_R2"": ""9905"", ""rho_ATMi_R2"": ""9905"", ""rho_ATRi_R2"": ""9905"", ""rho_R2"": ""9905"", ""rho_WEE1i_R2"": ""9905""}",1,1,R3:10420,R3:10420,,included_primary,9,546,0.016483516483516484,-0.0003266228562600199,-3.2662285626001991E-4,P1P2,0.96486176521029077,0.99685106989127648,3,-3.0674466421946819E-5,target_non_hit,9905,-0.9847699070428128,-0.98476990704281275,P1P2,0.1857594408346302,0.60178002626465688,3,-3.245265968824615,target_non_hit,9905,0.06472078632225149,6.4720786322251492E-2,P1P2,0.27619728403290922,0.82307015925594396,3,0.24259511609756829,target_non_hit,9905,-0.07882537798805375,-7.8825377988053752E-2,P1P2,0.34769967058094431,0.94937720213294841,3,-0.28449704137991139,target_non_hit,9905,-0.06200099839197677,-6.2000998391976772E-2,P1P2,0.56155896781334114,0.95959310866773573,3,-0.1093134474677986,target_non_hit,9905,False,False,True,True,True,-0.5819762546425249,-0.5819762546425249,-0.5819762546425249,0.02651212983167346,0.02651212983167346,0.02651212983167346,[-1],"[""P1P2""]","[""MSH6_-_48010319.23-P1P2|MSH6_-_48010349.23-P1P2""]",True,True,False,processed/original_r3_records.csv
MUM1,R1:11241,MUM1;PRKDC,-0.721669946,False,True,True,True,True,True,True,"{""gamma_R2"": ""P1P2"", ""rho_ATMi_R2"": ""P1P2"", ""rho_ATRi_R2"": ""P1P2"", ""rho_R2"": ""P1P2"", ""rho_WEE1i_R2"": ""P1P2""}","{""gamma_R2"": ""10032"", ""rho_ATMi_R2"": ""10032"", ""rho_ATRi_R2"": ""10032"", ""rho_R2"": ""10032"", ""rho_WEE1i_R2"": ""10032""}",1,1,R3:10553,R3:10553,,included_primary,24,545,0.044036697247706424,0.02336037907425285,2.3360379074252851E-2,P1P2,0.2884097865929352,0.81386360252685519,3,7.6258367434958452E-2,target_non_hit,10032,-0.05591160273818889,-5.591160273818889E-2,P1P2,0.86797757256795971,0.95680676148297772,3,-1.54983683962864E-2,target_non_hit,10032,-0.06269501358300762,-6.2695013583007622E-2,P1P2,0.72559756938175068,0.95369160391739594,3,-5.8586034481538818E-2,target_non_hit,10032,-0.004873204916345276,-4.8732049163452756E-3,P1P2,0.94337545851977911,0.99915986111151445,3,-9.7049263960666732E-4,target_non_hit,10032,0.2943649703773034,0.29436497037730341,P1P2,7.5270598981022228E-3,0.61772439542867619,3,4.3974262419150856,target_non_hit,10032,False,False,False,True,True,0.5574468349148589,0.5574468349148589,0.5574468349148589,-0.2772098332263076,-0.2772098332263076,-0.2772098332263076,[1],"[""P1P2""]","[""MUM1_+_1355064.23-P1P2|MUM1_+_1355218.23-P1P2""]",False,False,False,processed/original_r3_records.csv
MUS81,R1:55247,MUS81;PRKDC,-0.136812796,False,True,True,True,True,True,True,"{""gamma_R2"": ""P1P2"", ""rho_ATMi_R2"": ""P1P2"", ""rho_ATRi_R2"": ""P1P2"", ""rho_R2"": ""P1P2"", ""rho_WEE1i_R2"": ""P1P2""}","{""gamma_R2"": ""10035"", ""rho_ATMi_R2"": ""10035"", ""rho_ATRi_R2"": ""10035"", ""rho_R2"": ""10035"", ""rho_WEE1i_R2"": ""10035""}",1,1,R3:10556,R3:10556,,included_primary,6,546,0.01098901098901099,-0.3205293744096845,-0.32052937440968449,P1P2,5.2800152163505018E-2,0.61177703066482803,3,-2.4751680124919249,target_non_hit,10035,-1.18778411920242,-1.1877841192024201,P1P2,4.605978067227396E-2,0.38895818392726628,3,-7.1570382025677022,essential_hit,10035,0.007509424021019992,7.509424021019992E-3,P1P2,0.70756815164075348,0.94908779796800358,3,7.5677230174653696E-3,target_non_hit,10035,-0.06249489162814988,-6.2494891628149883E-2,P1P2,0.62780577447025565,0.97811702003425816,3,-9.9394796211790884E-2,target_non_hit,10035,-0.2252067018887653,-0.22520670188876529,P1P2,0.26696750355118759,0.91097167189033423,3,-0.90872410079126409,target_non_hit,10035,False,False,False,True,True,0.05756101484774204,0.05756101484774204,0.05756101484774204,-0.01776873152143951,-0.01776873152143951,-0.01776873152143951,[1],"[""P1P2""]","[""MUS81_+_65628068.23-P1P2|MUS81_-_65628100.23-P1P2""]",True,False,True,processed/original_r3_records.csv
MUTYH,R1:17124,MUTYH;PRKDC,-0.566984776,False,True,True,True,True,True,True,"{""gamma_R2"": ""P1P2"", ""rho_ATMi_R2"": ""P1P2"", ""rho_ATRi_R2"": ""P1P2"", ""rho_R2"": ""P1P2"", ""rho_WEE1i_R2"": ""P1P2""}","{""gamma_R2"": ""10039"", ""rho_ATMi_R2"": ""10039"", ""rho_ATRi_R2"": ""10039"", ""rho_R2"": ""10039"", ""rho_WEE1i_R2"": ""10039""}",1,1,R3:10560,R3:10560,,included_primary,19,546,0.0347985347985348,-1.153656733411706,-1.153656733411706,P1P2,1.2227072941135191E-4,9.6301226166669349E-2,3,-27.288053174653829,sensitivity_hit,10039,-2.339690942191417,-2.3396909421914169,P1P2,2.4153908749792251E-6,9.917696219403035E-4,3,-59.242430442055827,essential_hit,10039,-0.9004134106650524,-0.90041341066505243,P1P2,1.2415313614292449E-4,0.23318935091362519,3,-23.59260241497697,sensitivity_hit,10039,-0.5002579906958653,-0.5002579906958653,P1P2,1.6107605426862549E-2,0.80366748112722164,3,-7.0560094409466014,sensitivity_hit,10039,-0.8814482332389011,-0.88144823323890109,P1P2,2.6053473339180209E-3,0.460039474909963,3,-16.02498813645925,sensitivity_hit,10039,False,False,True,True,True,-0.2103712184793604,-0.2103712184793604,-0.2103712184793604,-0.4641293504582804,-0.4641293504582804,-0.4641293504582804,[-1],"[""P1P2""]","[""MUTYH_-_45805994.23-P1P2|MUTYH_-_45805607.23-P1P2""]",True,True,False,processed/original_r3_records.csv
NABP1,R1:115311,NABP1;PRKDC,0.0,False,True,True,True,True,True,True,"{""gamma_R2"": ""P1P2"", ""rho_ATMi_R2"": ""P1P2"", ""rho_ATRi_R2"": ""P1P2"", ""rho_R2"": ""P1P2"", ""rho_WEE1i_R2"": ""P1P2""}","{""gamma_R2"": ""10184"", ""rho_ATMi_R2"": ""10184"", ""rho_ATRi_R2"": ""10184"", ""rho_R2"": ""10184"", ""rho_WEE1i_R2"": ""10184""}",1,1,R3:10723,R3:10723,,included_primary,4,546,0.007326007326007326,-0.1490915829897584,-0.14909158298975839,P1P2,0.54470597956792788,0.90290510406748337,3,-0.23780015420332201,target_non_hit,10184,-0.09984671408685324,-9.9846714086853236E-2,P1P2,0.87056353331932146,0.95778099609115996,3,-2.7095417416772051E-2,target_non_hit,10184,-0.2234637653338913,-0.22346376533389131,P1P2,0.21932714938397799,0.7968593909785805,3,-0.98770802998221263,target_non_hit,10184,-0.08574295464560337,-8.5742954645603373E-2,P1P2,9.8854174600994146E-2,0.91799194580589971,3,-0.67788963723722406,target_non_hit,10184,-0.3277970216977973,-0.32779702169779729,P1P2,7.5169075588900791E-2,0.85872975129587048,3,-2.5920416584431711,target_non_hit,10184,False,False,False,True,True,1.338112239611513,1.338112239611513,1.338112239611513,-0.004859972288920889,-0.004859972288920889,-0.004859972288920889,[1],"[""P1P2""]","[""NABP1_+_192543312.23-P1P2|NABP1_+_192542900.23-P1P2""]",True,False,True,processed/original_r3_records.csv
NDNL2,R1:46165,NDNL2;PRKDC,-0.205559462,False,True,True,True,True,True,True,"{""gamma_R2"": ""P1P2"", ""rho_ATMi_R2"": ""P1P2"", ""rho_ATRi_R2"": ""P1P2"", ""rho_R2"": ""P1P2"", ""rho_WEE1i_R2"": ""P1P2""}","{""gamma_R2"": ""10306"", ""rho_ATMi_R2"": ""10306"", ""rho_ATRi_R2"": ""10306"", ""rho_R2"": ""10306"", ""rho_WEE1i_R2"": ""10306""}",1,1,R3:10848,R3:10848,,included_primary,23,546,0.04212454212454213,-0.256187965636284,-0.25618796563628399,P1P2,9.1515223488474653E-3,0.42870145696440592,3,-3.15713209753378,target_non_hit,10306,-0.2972108487380505,-0.29721084873805048,P1P2,0.10456100894014179,0.51936402792170167,3,-1.3138292133948619,target_non_hit,10306,-0.2324352321920887,-0.2324352321920887,P1P2,3.2663635109889913E-2,0.63357391778477956,3,-2.3168550506697678,target_non_hit,10306,-0.2872524134746092,-0.28725241347460923,P1P2,5.6451346728368497E-2,0.89494080205233428,3,-2.8208755674881978,target_non_hit,10306,-0.03133919399960632,-3.1339193999606323E-2,P1P2,0.66791542713063179,0.97449532603505851,3,-3.8645803934856907E-2,target_non_hit,10306,False,False,False,True,True,2.120748157937515,2.120748157937515,2.120748157937515,-0.2494476804418312,-0.2494476804418312,-0.2494476804418312,[1],"[""P1P2""]","[""NDNL2_-_29561992.23-P1P2|NDNL2_-_29561941.23-P1P2""]",True,False,True,processed/original_r3_records.csv
NEIL1,R1:115720,NEIL1;PRKDC,0.0,False,True,True,True,True,True,True,"{""gamma_R2"": ""P1P2"", ""rho_ATMi_R2"": ""P1P2"", ""rho_ATRi_R2"": ""P1P2"", ""rho_R2"": ""P1P2"", ""rho_WEE1i_R2"": ""P1P2""}","{""gamma_R2"": ""10380"", ""rho_ATMi_R2"": ""10380"", ""rho_ATRi_R2"": ""10380"", ""rho_R2"": ""10380"", ""rho_WEE1i_R2"": ""10380""}",1,1,R3:10923,R3:10923,,included_primary,6,546,0.01098901098901099,-0.039530823188669,-3.9530823188668997E-2,P1P2,0.88796666818534087,0.98314578423900423,3,-1.233205725839844E-2,target_non_hit,10380,-0.07766023324752055,-7.7660233247520555E-2,P1P2,0.88915975204579034,0.96417347208813731,3,-1.786116810310906E-2,target_non_hit,10380,-0.02922381650760197,-2.9223816507601971E-2,P1P2,0.73330278779138625,0.95557063738237236,3,-2.6409197444253098E-2,target_non_hit,10380,0.09915303589315552,9.9153035893155522E-2,P1P2,0.3610797667168113,0.95121603338238903,3,0.34507251784749837,target_non_hit,10380,0.2048019215215029,0.20480192152150289,P1P2,0.10036907841410091,0.87492912126245792,3,1.438548271851176,target_non_hit,10380,False,False,False,True,True,0.1345911071351931,0.1345911071351931,0.1345911071351931,-0.02871705060054773,-0.02871705060054773,-0.02871705060054773,[1],"[""P1P2""]","[""NEIL1_+_75639678.23-P1P2|NEIL1_-_75639455.23-P1P2""]",True,False,True,processed/original_r3_records.csv
NEIL2,R1:55829,NEIL2;PRKDC,-0.132685766,False,True,True,True,True,True,True,"{""gamma_R2"": ""P1P2"", ""rho_ATMi_R2"": ""P1P2"", ""rho_ATRi_R2"": ""P1P2"", ""rho_R2"": ""P1P2"", ""rho_WEE1i_R2"": ""P1P2""}","{""gamma_R2"": ""10381"", ""rho_ATMi_R2"": ""10381"", ""rho_ATRi_R2"": ""10381"", ""rho_R2"": ""10381"", ""rho_WEE1i_R2"": ""10381""}",1,1,R3:10924,R3:10924,,included_primary,2,546,0.003663003663003663,0.1984106476475631,0.19841064764756311,P1P2,0.1029859633043374,0.68302394843318348,3,1.184136256784003,target_non_hit,10381,-0.2234080624456185,-0.2234080624456185,P1P2,0.42370719209902941,0.7501619217692348,3,-0.37557786570604712,target_non_hit,10381,0.05619255067651589,5.6192550676515893E-2,P1P2,0.81678465860672567,0.97334418035811177,3,3.3130436634487261E-2,target_non_hit,10381,0.04683664149771896,4.6836641497718962E-2,P1P2,0.53241855107486524,0.96583055127124895,3,0.1008619043240977,target_non_hit,10381,-0.09400858507320375,-9.4008585073203754E-2,P1P2,0.69014727136007492,0.9772363449571384,3,-0.1065212457007107,target_non_hit,10381,False,False,False,True,True,0.1202387965283991,0.1202387965283991,0.1202387965283991,-0.02618605677856444,-0.02618605677856444,-0.02618605677856444,[1],"[""P1P2""]","[""NEIL2_+_11627297.23-P1P2|NEIL2_+_11627227.23-P1P2""]",False,False,False,processed/original_r3_records.csv
NEIL3,R1:74861,NEIL3;PRKDC,-0.006425477,False,True,True,True,True,True,True,"{""gamma_R2"": ""P1P2"", ""rho_ATMi_R2"": ""P1P2"", ""rho_ATRi_R2"": ""P1P2"", ""rho_R2"": ""P1P2"", ""rho_WEE1i_R2"": ""P1P2""}","{""gamma_R2"": ""10382"", ""rho_ATMi_R2"": ""10382"", ""rho_ATRi_R2"": ""10382"", ""rho_R2"": ""10382"", ""rho_WEE1i_R2"": ""10382""}",1,1,R3:10925,R3:10925,,included_primary,1,546,0.0018315018315018315,-0.239963650542658,-0.239963650542658,P1P2,0.27914252640078641,0.80872681507029731,3,-0.80392122981801128,target_non_hit,10382,-0.8980576332701344,-0.89805763327013444,P1P2,0.28583644717168971,0.66308551778312708,3,-2.2018016200593702,target_non_hit,10382,0.0315486125109854,3.1548612510985397E-2,P1P2,0.81164480186631882,0.97197457943844578,3,1.918087024395751E-2,target_non_hit,10382,-0.04729831980890668,-4.7298319808906683E-2,P1P2,0.64650847657480504,0.97949012093731636,3,-7.0481822206747577E-2,target_non_hit,10382,0.05663715882005901,5.6637158820059007E-2,P1P2,0.4230330294702791,0.94305570001241068,3,0.1488757764783348,target_non_hit,10382,False,False,False,True,True,0.586641069025324,0.586641069025324,0.586641069025324,-0.01657043563444779,-0.01657043563444779,-0.01657043563444779,[1],"[""P1P2""]","[""NEIL3_-_178231086.23-P1P2|NEIL3_+_178231087.23-P1P2""]",True,False,True,processed/original_r3_records.csv
NFRKB,R1:7158,NFRKB;PRKDC,-0.882237741,False,True,True,True,True,True,True,"{""gamma_R2"": ""P1P2"", ""rho_ATMi_R2"": ""P1P2"", ""rho_ATRi_R2"": ""P1P2"", ""rho_R2"": ""P1P2"", ""rho_WEE1i_R2"": ""P1P2""}","{""gamma_R2"": ""10451"", ""rho_ATMi_R2"": ""10451"", ""rho_ATRi_R2"": ""10451"", ""rho_R2"": ""10451"", ""rho_WEE1i_R2"": ""10451""}",1,1,R3:11002,R3:11002,,included_primary,75,546,0.13736263736263737,-0.5018358975048839,-0.50183589750488389,P1P2,2.2172031946535671E-2,0.50955645758457302,3,-5.0184568315745617,target_non_hit,10451,-1.214465419456487,-1.214465419456487,P1P2,1.2979675255619881E-2,0.2097672932173778,3,-10.32916717354421,essential_hit,10451,-0.3267279159881102,-0.32672791598811018,P1P2,0.21009747012255489,0.79360292893304341,3,-1.485057417358332,target_non_hit,10451,-0.394967023798628,-0.39496702379862803,P1P2,8.463701307008456E-2,0.91100089364008729,3,-3.3321615006241569,target_non_hit,10451,-1.427337791979127,-1.427337791979127,P1P2,4.4511119781274503E-3,0.51443875893576929,3,-23.61366373762527,sensitivity_hit,10451,False,False,False,True,True,0.7302410005232405,0.7302410005232405,0.7302410005232405,-0.2433282495547691,-0.2433282495547691,-0.2433282495547691,[1],"[""P1P2""]","[""NFRKB_+_129765383.23-P1P2|NFRKB_+_129765408.23-P1P2""]",True,False,True,processed/original_r3_records.csv
NHEJ1,R1:52738,NHEJ1;PRKDC,-0.154582705,False,True,True,True,True,True,True,"{""gamma_R2"": ""P1P2"", ""rho_ATMi_R2"": ""P1P2"", ""rho_ATRi_R2"": ""P1P2"", ""rho_R2"": ""P1P2"", ""rho_WEE1i_R2"": ""P1P2""}","{""gamma_R2"": ""10467"", ""rho_ATMi_R2"": ""10467"", ""rho_ATRi_R2"": ""10467"", ""rho_R2"": ""10467"", ""rho_WEE1i_R2"": ""10467""}",1,1,R3:11017,R3:11017,,included_primary,2,546,0.003663003663003663,-0.4570401315737015,-0.45704013157370149,P1P2,7.3820988466693693E-3,0.40335581448180069,3,-5.8901559375135424,target_non_hit,10467,-0.3686771361230765,-0.36867713612307651,P1P2,0.10264594390322181,0.51608466722189006,3,-1.643090022071354,target_non_hit,10467,-0.5731011917327624,-0.57310119173276242,P1P2,1.1416449290531769E-2,0.5654843870585714,3,-7.4676223710074847,sensitivity_hit,10467,-0.2534438065521283,-0.25344380655212828,P1P2,2.8077279332506689E-2,0.86447264228200982,3,-3.093615795425126,target_non_hit,10467,-0.1606758786444489,-0.16067587864444891,P1P2,0.70519840885840268,0.97792308846714404,3,-0.17147059607587531,target_non_hit,10467,False,False,True,True,True,-0.3278295613924209,-0.3278295613924209,-0.3278295613924209,-0.05646791945564883,-0.05646791945564883,-0.05646791945564883,[-1],"[""P1P2""]","[""NHEJ1_+_220025461.23-P1P2|NHEJ1_-_220025514.23-P1P2""]",True,True,False,processed/original_r3_records.csv
NIPBL,R1:61895,NIPBL;PRKDC,-0.090945637,False,True,True,True,True,True,True,"{""gamma_R2"": ""P1P2"", ""rho_ATMi_R2"": ""P1P2"", ""rho_ATRi_R2"": ""P1P2"", ""rho_R2"": ""P1P2"", ""rho_WEE1i_R2"": ""P1P2""}","{""gamma_R2"": ""10494"", ""rho_ATMi_R2"": ""10494"", ""rho_ATRi_R2"": ""10494"", ""rho_R2"": ""10494"", ""rho_WEE1i_R2"": ""10494""}",1,1,R3:11043,R3:11043,,included_primary,6,546,0.01098901098901099,0.5288194193078338,0.52881941930783383,P1P2,3.8899852250394201E-3,0.35132715398568581,3,7.7046996186586716,resistance_hit,10494,0.01791946713392149,1.791946713392149E-2,P1P2,0.49954691761118553,0.79276983193978012,3,2.4348459459419141E-2,target_non_hit,10494,0.1787409970027379,0.17874099700273791,P1P2,0.14569223586033911,0.7563640615752979,3,1.0030442375319031,target_non_hit,10494,-0.1384636265703726,-0.13846362657037259,P1P2,0.1909832690384381,0.93489129238435131,3,-0.78317668753315117,target_non_hit,10494,-0.2662449115172973,-0.26624491151729729,P1P2,0.3392460130440601,0.9294306587197706,3,-0.87940530093238678,target_non_hit,10494,False,False,True,True,True,-0.9101890771398221,-0.9101890771398221,-0.9101890771398221,-0.4129756948233401,-0.4129756948233401,-0.4129756948233401,[-1],"[""P1P2""]","[""NIPBL_-_36877429.23-P1P2|NIPBL_+_36877381.23-P1P2""]",False,True,True,processed/original_r3_records.csv
NONO,R1:116337,NONO;PRKDC,0.0,False,True,True,True,True,True,True,"{""gamma_R2"": ""P1P2"", ""rho_ATMi_R2"": ""P1P2"", ""rho_ATRi_R2"": ""P1P2"", ""rho_R2"": ""P1P2"", ""rho_WEE1i_R2"": ""P1P2""}","{""gamma_R2"": ""10605"", ""rho_ATMi_R2"": ""10605"", ""rho_ATRi_R2"": ""10605"", ""rho_R2"": ""10605"", ""rho_WEE1i_R2"": ""10605""}",1,1,R3:11151,R3:11151,,included_primary,5,545,0.009174311926605505,-0.6084368424410207,-0.6084368424410207,P1P2,4.8837280010030452E-3,0.36700569241170089,3,-8.5012746488089483,sensitivity_hit,10605,-0.7698744174136422,-0.76987441741364215,P1P2,4.1742184591441311E-6,1.4297064382082609E-3,3,-18.66915702135524,essential_hit,10605,0.1754618672849957,0.17546186728499569,P1P2,0.42294380671691489,0.87225553103855546,3,0.43986857465757301,target_non_hit,10605,-0.3395773071862515,-0.33957730718625151,P1P2,9.0111050517703808E-2,0.91517053186783004,3,-2.7921549405578472,target_non_hit,10605,-0.4753553630461019,-0.47535536304610188,P1P2,1.9866044491566481E-2,0.7547626438369951,3,-5.6916126892619507,target_non_hit,10605,False,False,False,True,True,0.3786659254814388,0.3786659254814388,0.3786659254814388,-0.07951220251675577,-0.07951220251675577,-0.07951220251675577,[1],"[""P1P2""]","[""NONO_-_70503915.23-P1P2|NONO_+_70503689.23-P1P2""]",True,False,True,processed/original_r3_records.csv
NPAS2,R1:73391,NPAS2;PRKDC,-0.015971259,False,True,True,True,True,True,True,"{""gamma_R2"": ""P1P2"", ""rho_ATMi_R2"": ""P1P2"", ""rho_ATRi_R2"": ""P1P2"", ""rho_R2"": ""P1P2"", ""rho_WEE1i_R2"": ""P1P2""}","{""gamma_R2"": ""10637"", ""rho_ATMi_R2"": ""10637"", ""rho_ATRi_R2"": ""10637"", ""rho_R2"": ""10637"", ""rho_WEE1i_R2"": ""10637""}",1,1,R3:11181,R3:11181,,included_primary,0,546,0.0,0.0929099602823178,9.2909960282317794E-2,P1P2,0.6606606190949984,0.93217098790079334,3,0.10111340566595151,target_non_hit,10637,-0.6032218427864174,-0.60322184278641744,P1P2,3.6243498807603837E-2,0.35305365231616442,3,-3.91778553189901,target_non_hit,10637,0.005262651448974864,5.2626514489748644E-3,P1P2,0.8709455755425044,0.98329102057349471,3,2.1184480748082878E-3,target_non_hit,10637,0.292856918488145,0.29285691848814499,P1P2,5.9074890490862252E-2,0.89494080205233428,3,2.8304618067837741,target_non_hit,10637,0.09322253827369933,9.3222538273699335E-2,P1P2,0.74290184973060347,0.98145920689845034,3,8.4650046730169265E-2,target_non_hit,10637,False,False,False,True,True,1.24286499551281,1.24286499551281,1.24286499551281,-0.177692878982335,-0.177692878982335,-0.177692878982335,[1],"[""P1P2""]","[""NPAS2_+_101436646.23-P1P2|NPAS2_-_101436652.23-P1P2""]",False,False,False,processed/original_r3_records.csv
NPM1,R1:33706,NPM1;PRKDC,-0.320856978,False,True,True,True,True,True,True,"{""gamma_R2"": ""P1P2"", ""rho_ATMi_R2"": ""P1P2"", ""rho_ATRi_R2"": ""P1P2"", ""rho_R2"": ""P1P2"", ""rho_WEE1i_R2"": ""P1P2""}","{""gamma_R2"": ""10661"", ""rho_ATMi_R2"": ""10661"", ""rho_ATRi_R2"": ""10661"", ""rho_R2"": ""10661"", ""rho_WEE1i_R2"": ""10661""}",1,1,R3:11204,R3:11204,,included_primary,7,546,0.01282051282051282,-0.1625702739591694,-0.1625702739591694,P1P2,0.57616036602494813,0.91021230252718444,3,-0.23533681994232611,target_non_hit,10661,-1.761273384639029,-1.7612733846390289,P1P2,1.5191202598573341E-3,6.1722757197075387E-2,3,-22.376882857758819,essential_hit,10661,0.2043130582329051,0.2043130582329051,P1P2,0.23422355739744771,0.80527366576919446,3,0.8639492219822299,target_non_hit,10661,0.09670990796800019,9.6709907968000192E-2,P1P2,0.76435730856742734,0.98886734222361428,3,8.8786609737463384E-2,target_non_hit,10661,-0.3440218337398552,-0.34402183373985518,P1P2,0.16233855373140721,0.89700653739935565,3,-1.9110279471946801,target_non_hit,10661,False,False,False,True,True,0.6241566091825411,0.6241566091825411,0.6241566091825411,-0.3943929829713755,-0.3943929829713755,-0.3943929829713755,[1],"[""P1P2""]","[""NPM1_-_170814669.23-P1P2|NPM1_-_170814840.23-P1P2""]",True,False,True,processed/original_r3_records.csv
NSMCE2,R1:50721,NSMCE2;PRKDC,-0.169890392,False,True,True,True,True,True,True,"{""gamma_R2"": ""P1P2"", ""rho_ATMi_R2"": ""P1P2"", ""rho_ATRi_R2"": ""P1P2"", ""rho_R2"": ""P1P2"", ""rho_WEE1i_R2"": ""P1P2""}","{""gamma_R2"": ""10755"", ""rho_ATMi_R2"": ""10755"", ""rho_ATRi_R2"": ""10755"", ""rho_R2"": ""10755"", ""rho_WEE1i_R2"": ""10755""}",1,1,R3:11307,R3:11307,,included_primary,16,546,0.029304029304029304,-0.2777767346633849,-0.27777673466338493,P1P2,0.48953810077061338,0.88641204355850978,3,-0.52092890848176965,target_non_hit,10755,-1.261037083287237,-1.2610370832872371,P1P2,2.190975122965802E-2,0.27793636988733822,3,-9.4327455712199786,essential_hit,10755,-0.1323214121756086,-0.13232141217560861,P1P2,0.5002686472639819,0.89769966322743966,3,-0.26699317918119958,target_non_hit,10755,0.0719666675083211,7.1966667508321105E-2,P1P2,0.77557257259399759,0.98963700419132139,3,6.2489134125936978E-2,target_non_hit,10755,0.3318291261421251,0.33182912614212512,P1P2,0.11677028762303381,0.87745698036706676,3,2.177344904524932,target_non_hit,10755,False,False,False,True,True,0.6255172135972403,0.6255172135972403,0.6255172135972403,-0.1949554432554516,-0.1949554432554516,-0.1949554432554516,[1],"[""P1P2""]","[""NSMCE2_-_126104128.23-P1P2|NSMCE2_-_126104115.23-P1P2""]",True,False,True,processed/original_r3_records.csv
NSMCE4A,R1:116893,NSMCE4A;PRKDC,0.0,False,True,True,True,True,True,True,"{""gamma_R2"": ""P1P2"", ""rho_ATMi_R2"": ""P1P2"", ""rho_ATRi_R2"": ""P1P2"", ""rho_R2"": ""P1P2"", ""rho_WEE1i_R2"": ""P1P2""}","{""gamma_R2"": ""10756"", ""rho_ATMi_R2"": ""10756"", ""rho_ATRi_R2"": ""10756"", ""rho_R2"": ""10756"", ""rho_WEE1i_R2"": ""10756""}",1,1,R3:11308,R3:11308,,included_primary,1,546,0.0018315018315018315,-0.2834693097765162,-0.28346930977651619,P1P2,1.487807015878671E-2,0.47014170880534423,3,-3.131657452040463,target_non_hit,10756,-0.2524400330615396,-0.25244003306153961,P1P2,0.3480764831436115,0.70241326997909215,3,-0.52155612935757378,target_non_hit,10756,-0.260684955881326,-0.26068495588132601,P1P2,0.2101329211817646,0.79360292893304341,3,-1.1847480517732329,target_non_hit,10756,-0.1711202886328945,-0.1711202886328945,P1P2,0.39957275914375467,0.95387925397099782,3,-0.53631218832943206,target_non_hit,10756,-0.1149294817310785,-0.1149294817310785,P1P2,0.6462134876453447,0.97083221427386923,3,-0.15332413475806669,target_non_hit,10756,False,False,False,True,True,1.386907080449669,1.386907080449669,1.386907080449669,-0.4732381207899974,-0.4732381207899974,-0.4732381207899974,[1],"[""P1P2""]","[""NSMCE4A_-_123734775.23-P1P2|NSMCE4A_-_123734710.23-P1P2""]",True,False,True,processed/original_r3_records.csv
NTHL1,R1:61604,NTHL1;PRKDC,-0.093092308,False,True,True,True,True,True,True,"{""gamma_R2"": ""P1P2"", ""rho_ATMi_R2"": ""P1P2"", ""rho_ATRi_R2"": ""P1P2"", ""rho_R2"": ""P1P2"", ""rho_WEE1i_R2"": ""P1P2""}","{""gamma_R2"": ""10779"", ""rho_ATMi_R2"": ""10779"", ""rho_ATRi_R2"": ""10779"", ""rho_R2"": ""10779"", ""rho_WEE1i_R2"": ""10779""}",1,1,R3:11332,R3:11332,,included_primary,1,546,0.0018315018315018315,-0.02789572211227695,-2.7895722112276949E-2,P1P2,0.9225006453663781,0.98905634532295039,3,-5.9080044757757527E-3,target_non_hit,10779,0.1436931106890868,0.1436931106890868,P1P2,6.5114681907610633E-2,0.44293865326908799,3,0.76843505749313412,target_non_hit,10779,0.171296603357777,0.17129660335777699,P1P2,5.3083763565708132E-2,0.67553613190331296,3,1.4651056099896791,target_non_hit,10779,0.09801570144627383,9.8015701446273834E-2,P1P2,0.14810472708683439,0.93245050780727523,3,0.63954085167996455,target_non_hit,10779,0.05560740396640199,5.5607403966401993E-2,P1P2,0.20476797543802541,0.90216381596344675,3,0.26944644333829437,target_non_hit,10779,False,False,True,True,True,-0.3256745645132984,-0.3256745645132984,-0.3256745645132984,0.02366373830381327,0.02366373830381327,0.02366373830381327,[-1],"[""P1P2""]","[""NTHL1_+_2097718.23-P1P2|NTHL1_-_2097763.23-P1P2""]",True,True,False,processed/original_r3_records.csv
NUCKS1,R1:61082,NUCKS1;PRKDC,-0.096668647,False,True,True,True,True,True,True,"{""gamma_R2"": ""P1P2"", ""rho_ATMi_R2"": ""P1P2"", ""rho_ATRi_R2"": ""P1P2"", ""rho_R2"": ""P1P2"", ""rho_WEE1i_R2"": ""P1P2""}","{""gamma_R2"": ""10803"", ""rho_ATMi_R2"": ""10803"", ""rho_ATRi_R2"": ""10803"", ""rho_R2"": ""10803"", ""rho_WEE1i_R2"": ""10803""}",1,1,R3:11357,R3:11357,,included_primary,2,546,0.003663003663003663,-0.08963725372181441,-8.9637253721814414E-2,P1P2,0.58665529287240226,0.91301204776750922,3,-0.1255107376227855,target_non_hit,10803,0.1906144744112155,0.19061447441121551,P1P2,3.4811415401616738E-2,0.34604035788480841,3,1.2530409719882389,target_non_hit,10803,0.001240918421328452,1.2409184213284521E-3,P1P2,0.89363259825359909,0.98693853384887709,3,4.065600547105997E-4,target_non_hit,10803,0.1940022754515389,0.19400227545153889,P1P2,0.15009434830751239,0.93245050780727523,3,1.256997168338633,target_non_hit,10803,0.06347224622999592,6.3472246229995921E-2,P1P2,0.39774330325190987,0.93777962021580064,3,0.1787971655299771,target_non_hit,10803,False,False,True,True,True,-0.6839590312791413,-0.6839590312791413,-0.6839590312791413,0.01711844776790515,0.01711844776790515,0.01711844776790515,[-1],"[""P1P2""]","[""NUCKS1_-_205719091.23-P1P2|NUCKS1_-_205718968.23-P1P2""]",True,True,False,processed/original_r3_records.csv
NUDT1,R1:117249,NUDT1;PRKDC,0.0,False,True,True,True,True,True,True,"{""gamma_R2"": ""P1P2"", ""rho_ATMi_R2"": ""P1P2"", ""rho_ATRi_R2"": ""P1P2"", ""rho_R2"": ""P1P2"", ""rho_WEE1i_R2"": ""P1P2""}","{""gamma_R2"": ""10808"", ""rho_ATMi_R2"": ""10808"", ""rho_ATRi_R2"": ""10808"", ""rho_R2"": ""10808"", ""rho_WEE1i_R2"": ""10808""}",1,1,R3:11360,R3:11360,,included_primary,3,546,0.005494505494505495,0.006473372351061712,6.4733723510617116E-3,P1P2,0.53281791473202245,0.89871261777885603,3,1.0700021221048539E-2,target_non_hit,10808,-0.1130378092040815,-0.1130378092040815,P1P2,0.36401478056524839,0.71214059537482233,3,-0.2236348439269083,target_non_hit,10808,0.09294897777455194,9.2948977774551939E-2,P1P2,0.17801166255490619,0.77863506396101489,3,0.46735088812757719,target_non_hit,10808,0.1105728339901801,0.1105728339901801,P1P2,0.33260420993611628,0.94750915845636907,3,0.41584771295562839,target_non_hit,10808,0.07515387650123347,7.5153876501233466E-2,P1P2,0.63767733256261439,0.97067027660583127,3,0.1033140964579314,target_non_hit,10808,False,False,False,True,True,0.2777862405181816,0.2777862405181816,0.2777862405181816,-0.005174215159463237,-0.005174215159463237,-0.005174215159463237,[1],"[""P1P2""]","[""NUDT1_-_2281882.23-P1P2|NUDT1_-_2281885.23-P1P2""]",False,False,False,processed/original_r3_records.csv
NUDT16,R1:117371,NUDT16;PRKDC,0.0,False,True,True,True,True,True,True,"{""gamma_R2"": ""P1P2"", ""rho_ATMi_R2"": ""P1P2"", ""rho_ATRi_R2"": ""P1P2"", ""rho_R2"": ""P1P2"", ""rho_WEE1i_R2"": ""P1P2""}","{""gamma_R2"": ""10815"", ""rho_ATMi_R2"": ""10815"", ""rho_ATRi_R2"": ""10815"", ""rho_R2"": ""10815"", ""rho_WEE1i_R2"": ""10815""}",1,1,R3:11367,R3:11367,,included_primary,1,546,0.0018315018315018315,-0.2128292445678179,-0.2128292445678179,P1P2,0.20652553218655689,0.76939191467745394,3,-0.88137435989919899,target_non_hit,10815,0.1454460069392246,0.1454460069392246,P1P2,2.0961615563153679E-3,7.4913126585773746E-2,3,1.756202662141443,target_non_hit,10815,-0.1311724511491112,-0.13117245114911119,P1P2,0.10002807825681349,0.72922385149053492,3,-0.87980541557263336,target_non_hit,10815,-0.1354853497452038,-0.13548534974520379,P1P2,0.1592498539963948,0.93489129238435131,3,-0.85044169109532464,target_non_hit,10815,-0.262842501027414,-0.26284250102741402,P1P2,3.9159821010157143E-2,0.79496265925318599,3,-2.6021041151777662,target_non_hit,10815,False,False,True,True,True,-0.08621509650026593,-0.08621509650026593,-0.08621509650026593,0.0002942565158682835,0.0002942565158682835,0.0002942565158682835,[-1],"[""P1P2""]","[""NUDT16_-_131100633.23-P1P2|NUDT16_+_131100682.23-P1P2""]",True,True,False,processed/original_r3_records.csv
NUDT16L1,R1:117510,NUDT16L1;PRKDC,0.0,False,True,True,True,True,True,True,"{""gamma_R2"": ""P1P2"", ""rho_ATMi_R2"": ""P1P2"", ""rho_ATRi_R2"": ""P1P2"", ""rho_R2"": ""P1P2"", ""rho_WEE1i_R2"": ""P1P2""}","{""gamma_R2"": ""10816"", ""rho_ATMi_R2"": ""10816"", ""rho_ATRi_R2"": ""10816"", ""rho_R2"": ""10816"", ""rho_WEE1i_R2"": ""10816""}",1,1,R3:11368,R3:11368,,included_primary,10,546,0.018315018315018316,0.1670001800854507,0.1670001800854507,P1P2,0.1070893055578427,0.68732288402286457,3,0.97954463521261237,target_non_hit,10816,-0.1597255748652867,-0.15972557486528671,P1P2,0.60950238423491887,0.84891349264692162,3,-0.15482160579798429,target_non_hit,10816,-0.02367437965793506,-2.3674379657935059E-2,P1P2,0.89729197313331643,0.98747739874571627,3,-7.4745466182626567E-3,target_non_hit,10816,0.1031097606585301,0.1031097606585301,P1P2,0.60415370726031747,0.97616518933562746,3,0.17751854684786339,target_non_hit,10816,0.05715307391475211,5.7153073914752113E-2,P1P2,0.36430919331699141,0.9318949629879949,3,0.17632934144460749,target_non_hit,10816,False,False,False,True,True,0.300779041054511,0.300779041054511,0.300779041054511,-0.0346423877799976,-0.0346423877799976,-0.0346423877799976,[1],"[""P1P2""]","[""NUDT16L1_+_4744124.23-P1P2|NUDT16L1_-_4743739.23-P1P2""]",False,False,False,processed/original_r3_records.csv
OBFC1,R1:17250,OBFC1;PRKDC,-0.564298339,False,True,True,True,True,True,True,"{""gamma_R2"": ""P1P2"", ""rho_ATMi_R2"": ""P1P2"", ""rho_ATRi_R2"": ""P1P2"", ""rho_R2"": ""P1P2"", ""rho_WEE1i_R2"": ""P1P2""}","{""gamma_R2"": ""10897"", ""rho_ATMi_R2"": ""10897"", ""rho_ATRi_R2"": ""10897"", ""rho_R2"": ""10897"", ""rho_WEE1i_R2"": ""10897""}",1,1,R3:11444,R3:11444,,included_primary,20,546,0.03663003663003663,0.07979966459867043,7.9799664598670425E-2,P1P2,0.44429007331620712,0.86856006622463433,3,0.16997175683510929,target_non_hit,10897,-0.3354664922212985,-0.33546649222129848,P1P2,0.1810160373205677,0.59890129998671648,3,-1.1225032516737079,target_non_hit,10897,-0.3158509155228418,-0.31585091552284178,P1P2,2.4624242819072589E-2,0.61760722510868049,3,-3.4082949906770308,target_non_hit,10897,-0.0940718622429489,-9.4071862242948903E-2,P1P2,0.36238275931367397,0.95121603338238903,3,-0.32623131976790209,target_non_hit,10897,-0.1967792421685005,-0.19677924216850051,P1P2,0.1468974251075818,0.89537259768196065,3,-1.153194873405506,target_non_hit,10897,False,False,False,True,True,0.3182427547264393,0.3182427547264393,0.3182427547264393,-0.01867672989247873,-0.01867672989247873,-0.01867672989247873,[1],"[""P1P2""]","[""OBFC1_-_105677919.23-P1P2|OBFC1_+_105677891.23-P1P2""]",False,False,False,processed/original_r3_records.csv
OGG1,R1:64850,OGG1;PRKDC,-0.071294253,False,True,True,True,True,True,True,"{""gamma_R2"": ""P1P2"", ""rho_ATMi_R2"": ""P1P2"", ""rho_ATRi_R2"": ""P1P2"", ""rho_R2"": ""P1P2"", ""rho_WEE1i_R2"": ""P1P2""}","{""gamma_R2"": ""10932"", ""rho_ATMi_R2"": ""10932"", ""rho_ATRi_R2"": ""10932"", ""rho_R2"": ""10932"", ""rho_WEE1i_R2"": ""10932""}",1,1,R3:11480,R3:11480,,included_primary,3,546,0.005494505494505495,-0.04704437455742012,-4.7044374557420117E-2,P1P2,0.8963320531761293,0.98497209714597189,3,-1.351783715292827E-2,target_non_hit,10932,0.0557841769220689,5.5784176922068898E-2,P1P2,0.59402687733068138,0.84174826536939895,3,5.6880172396547461E-2,target_non_hit,10932,0.02303472424073494,2.3034724240734938E-2,P1P2,0.63602062833568596,0.9334098405913096,3,3.0367299167386459E-2,target_non_hit,10932,-0.01762442553080815,-1.762442553080815E-2,P1P2,0.64812204684167307,0.97963169908436665,3,-2.6113029571363459E-2,target_non_hit,10932,0.04710701705838449,4.7107017058384493E-2,P1P2,0.27861159995925222,0.91268925009626112,3,0.18393527700272749,target_non_hit,10932,False,False,True,True,True,-0.4374506388067298,-0.4374506388067298,-0.4374506388067298,-0.05067151265870883,-0.05067151265870883,-0.05067151265870883,[-1],"[""P1P2""]","[""OGG1_-_9791952.23-P1P2|OGG1_+_9792043.23-P1P2""]",True,True,False,processed/original_r3_records.csv
OTUB1,R1:28804,OTUB1;PRKDC,-0.378512364,False,True,True,True,True,True,True,"{""gamma_R2"": ""P1P2"", ""rho_ATMi_R2"": ""P1P2"", ""rho_ATRi_R2"": ""P1P2"", ""rho_R2"": ""P1P2"", ""rho_WEE1i_R2"": ""P1P2""}","{""gamma_R2"": ""11397"", ""rho_ATMi_R2"": ""11397"", ""rho_ATRi_R2"": ""11397"", ""rho_R2"": ""11397"", ""rho_WEE1i_R2"": ""11397""}",1,1,R3:11951,R3:11951,,included_primary,34,546,0.06227106227106227,-0.7768008986683559,-0.77680089866835589,P1P2,2.8352880314684299E-3,0.31538321828761728,3,-11.96270074401431,sensitivity_hit,11397,-0.8446147336699132,-0.84461473366991324,P1P2,4.4941904763469993E-2,0.38594225533640047,3,-5.1298844340419283,target_non_hit,11397,-0.27467749437303,-0.27467749437303002,P1P2,0.15460964006256719,0.76028576112846391,3,-1.493874728318795,target_non_hit,11397,-0.1187291161635041,-0.11872911616350409,P1P2,0.29089226196587131,0.94408331573184245,3,-0.50087725961306673,target_non_hit,11397,-0.350446982983911,-0.35044698298391103,P1P2,0.1275490945645848,0.88366131888196253,3,-2.2049683172645662,target_non_hit,11397,False,False,True,True,True,-1.171614195540742,-1.171614195540742,-1.171614195540742,-0.06072907785389075,-0.06072907785389075,-0.06072907785389075,[-1],"[""P1P2""]","[""OTUB1_-_63753971.23-P1P2|OTUB1_-_63753934.23-P1P2""]",True,True,False,processed/original_r3_records.csv
PAGR1,R1:58248,PAGR1;PRKDC,-0.116294636,False,True,True,True,True,True,True,"{""gamma_R2"": ""P1P2"", ""rho_ATMi_R2"": ""P1P2"", ""rho_ATRi_R2"": ""P1P2"", ""rho_R2"": ""P1P2"", ""rho_WEE1i_R2"": ""P1P2""}","{""gamma_R2"": ""11486"", ""rho_ATMi_R2"": ""11486"", ""rho_ATRi_R2"": ""11486"", ""rho_R2"": ""11486"", ""rho_WEE1i_R2"": ""11486""}",1,1,R3:12041,R3:12041,,included_primary,3,546,0.005494505494505495,0.2390722307870445,0.23907223078704451,P1P2,8.1957227226593793E-2,0.65602744860385021,3,1.5701671238701871,target_non_hit,11486,0.2790020640085335,0.2790020640085335,P1P2,3.6072032416965917E-2,0.35238143051109622,3,1.814643730730241,target_non_hit,11486,0.2003528812614954,0.20035288126149539,P1P2,0.16832020834464881,0.77397537074370515,3,1.040056761690779,target_non_hit,11486,0.07514139322518978,7.5141393225189784E-2,P1P2,0.72247843537401657,0.98480030906237404,3,8.3450648444407083E-2,target_non_hit,11486,-0.01994426881530635,-1.9944268815306351E-2,P1P2,0.79392112757018318,0.98557698927503312,3,-1.4062734347902639E-2,target_non_hit,11486,False,False,False,True,True,0.3964737444632148,0.3964737444632148,0.3964737444632148,0.07061825587368918,0.07061825587368918,0.07061825587368918,[1],"[""P1P2""]","[""PAGR1_-_29827891.23-P1P2|PAGR1_+_29827880.23-P1P2""]",False,False,False,processed/original_r3_records.csv
PAPD7,R1:27405,PAPD7;PRKDC,-0.396676612,False,True,True,True,True,True,True,"{""gamma_R2"": ""ENST00000230859.6"", ""rho_ATMi_R2"": ""ENST00000230859.6"", ""rho_ATRi_R2"": ""ENST00000230859.6"", ""rho_R2"": ""ENST00000230859.6"", ""rho_WEE1i_R2"": ""ENST00000230859.6""}","{""gamma_R2"": ""11521"", ""rho_ATMi_R2"": ""11521"", ""rho_ATRi_R2"": ""11521"", ""rho_R2"": ""11521"", ""rho_WEE1i_R2"": ""11521""}",1,1,R3:12076,R3:12076,,included_primary,1,546,0.0018315018315018315,0.08444522350181523,8.4445223501815228E-2,ENST00000230859.6,0.66222625650845846,0.93279059758614224,3,9.1376495290554346E-2,target_non_hit,11521,-0.1614565036629788,-0.16145650366297881,ENST00000230859.6,0.53733745516771059,0.81389023944562688,3,-0.19633178731141751,target_non_hit,11521,-0.07471675650774681,-7.4716756507746812E-2,ENST00000230859.6,0.42334227623951209,0.87247063016671622,3,-0.1871038298904161,target_non_hit,11521,-0.08372449059869158,-8.3724490598691581E-2,ENST00000230859.6,0.43327575679038349,0.95699361620019074,3,-0.2392397095456234,target_non_hit,11521,-0.02792870586911504,-2.7928705869115038E-2,ENST00000230859.6,0.89132977923119672,0.99581361373743527,3,-9.8168650198013352E-3,target_non_hit,11521,False,False,False,True,True,0.7414908724809104,0.7414908724809104,0.7414908724809104,-0.004191642935307465,-0.004191642935307465,-0.004191642935307465,[1],"[""ENST00000230859.6""]","[""PAPD7_-_6714812.23-ENST00000230859.6|PAPD7_+_6714583.23-ENST00000230859.6""]",False,False,False,processed/original_r3_records.csv
PARG,R1:118099,PARG;PRKDC,0.0,False,True,True,True,True,True,True,"{""gamma_R2"": ""ENST00000402038.3"", ""rho_ATMi_R2"": ""ENST00000402038.3"", ""rho_ATRi_R2"": ""ENST00000402038.3"", ""rho_R2"": ""ENST00000402038.3"", ""rho_WEE1i_R2"": ""ENST00000402038.3""}","{""gamma_R2"": ""11543"", ""rho_ATMi_R2"": ""11543"", ""rho_ATRi_R2"": ""11543"", ""rho_R2"": ""11543"", ""rho_WEE1i_R2"": ""11543""}",1,1,R3:12098,R3:12098,,included_primary,13,545,0.023853211009174313,-0.0102414667125393,-1.02414667125393E-2,ENST00000402038.3,0.95643961586252568,0.99462389677039298,3,-1.1975547918426329E-3,target_non_hit,11543,0.08203590853544362,8.2035908535443625E-2,ENST00000402038.3,9.690415886738192E-2,0.50523698586403987,3,0.37485580721703832,target_non_hit,11543,-0.1930475947191714,-0.19304759471917141,ENST00000402038.3,8.7884727240376145E-2,0.71694284269962871,3,-1.3676056137724679,target_non_hit,11543,-0.2487747527928172,-0.24877475279281719,ENST00000402038.3,5.8722349528811828E-2,0.89494080205233428,3,-2.4094950380171811,target_non_hit,11543,-0.1894997971874511,-0.18949979718745111,ENST00000402038.3,0.10399621507811591,0.87492912126245792,3,-1.3105099827343241,target_non_hit,11543,False,False,True,True,True,-0.4916070721829178,-0.4916070721829178,-0.4916070721829178,0.009796295666074546,0.009796295666074546,0.009796295666074546,[-1],"[""ENST00000402038.3""]","[""PARG_-_51130357.23-ENST00000402038.3|PARG_-_51130247.23-ENST00000402038.3""]",True,True,False,processed/original_r3_records.csv
PARP1,R1:58415,PARP1;PRKDC,-0.115063531,False,True,True,True,True,True,True,"{""gamma_R2"": ""P1P2"", ""rho_ATMi_R2"": ""P1P2"", ""rho_ATRi_R2"": ""P1P2"", ""rho_R2"": ""P1P2"", ""rho_WEE1i_R2"": ""P1P2""}","{""gamma_R2"": ""11549"", ""rho_ATMi_R2"": ""11549"", ""rho_ATRi_R2"": ""11549"", ""rho_R2"": ""11549"", ""rho_WEE1i_R2"": ""11549""}",1,1,R3:12103,R3:12103,,included_primary,3,546,0.005494505494505495,-1.212357324418439,-1.2123573244184389,P1P2,6.1610229567511223E-3,0.38437127904271662,3,-16.199925895078401,sensitivity_hit,11549,-0.3800155983478357,-0.38001559834783571,P1P2,5.1595802373933318E-2,0.40543564087192607,3,-2.205357786591938,target_non_hit,11549,-1.020451014742789,-1.020451014742789,P1P2,1.6340307391120121E-2,0.59272440199108034,3,-12.23067481777769,sensitivity_hit,11549,-0.7590083229913382,-0.75900832299133825,P1P2,5.7460144398566301E-3,0.69114600116976133,3,-13.37856877631358,sensitivity_hit,11549,-0.1833844569311218,-0.18338445693112179,P1P2,0.47534434469930931,0.94927924549971698,3,-0.41671550160458942,target_non_hit,11549,False,False,True,True,True,-1.997144575222897,-1.997144575222897,-1.997144575222897,-0.09326065247420882,-0.09326065247420882,-0.09326065247420882,[-1],"[""P1P2""]","[""PARP1_-_226595361.23-P1P2|PARP1_+_226595744.23-P1P2""]",True,True,False,processed/original_r3_records.csv
PARP10,R1:68763,PARP10;PRKDC,-0.045760626,False,True,True,True,True,True,True,"{""gamma_R2"": ""P1P2"", ""rho_ATMi_R2"": ""P1P2"", ""rho_ATRi_R2"": ""P1P2"", ""rho_R2"": ""P1P2"", ""rho_WEE1i_R2"": ""P1P2""}","{""gamma_R2"": ""11550"", ""rho_ATMi_R2"": ""11550"", ""rho_ATRi_R2"": ""11550"", ""rho_R2"": ""11550"", ""rho_WEE1i_R2"": ""11550""}",1,1,R3:12104,R3:12104,,included_primary,4,546,0.007326007326007326,0.07604453343799764,7.6044533437997636E-2,P1P2,0.33450570667266699,0.83468810574227514,3,0.2186394448387666,target_non_hit,11550,-0.1515518423659348,-0.1515518423659348,P1P2,0.90516386931840187,0.97026927034004051,3,-2.956276778326411E-2,target_non_hit,11550,-0.001606224810734837,-1.606224810734837E-3,P1P2,0.69149817083747012,0.94596228332149246,3,-1.7261959548198261E-3,target_non_hit,11550,0.0368471713350873,3.6847171335087303E-2,P1P2,0.84557214685000193,0.99349546383444964,3,2.1116505806880952E-2,target_non_hit,11550,-0.08100038793079663,-8.1000387930796627E-2,P1P2,0.66103087870260269,0.97360221328116847,3,-0.1024495527942576,target_non_hit,11550,False,False,False,True,True,1.284393975246609,1.284393975246609,1.284393975246609,-0.04189236507446207,-0.04189236507446207,-0.04189236507446207,[1],"[""P1P2""]","[""PARP10_+_145060584.23-P1P2|PARP10_+_145060580.23-P1P2""]",False,False,False,processed/original_r3_records.csv
PARP2,R1:118522,PARP2;PRKDC,0.0,False,True,True,True,True,True,True,"{""gamma_R2"": ""P1P2"", ""rho_ATMi_R2"": ""P1P2"", ""rho_ATRi_R2"": ""P1P2"", ""rho_R2"": ""P1P2"", ""rho_WEE1i_R2"": ""P1P2""}","{""gamma_R2"": ""11556"", ""rho_ATMi_R2"": ""11556"", ""rho_ATRi_R2"": ""11556"", ""rho_R2"": ""11556"", ""rho_WEE1i_R2"": ""11556""}",1,1,R3:12111,R3:12111,,included_primary,6,546,0.01098901098901099,-0.306948002997281,-0.30694800299728098,P1P2,1.100613967871278E-2,0.44782709522300351,3,-3.6339616636817018,target_non_hit,11556,0.1919659205545949,0.19196592055459491,P1P2,2.2486643872042598E-2,0.28168543363098342,3,1.4261663292497331,target_non_hit,11556,-0.1569537413328835,-0.15695374133288351,P1P2,5.7612568912621717E-2,0.68198986484431046,3,-1.30499580127649,target_non_hit,11556,-0.1263418720677958,-0.12634187206779579,P1P2,0.14807450921664181,0.93245050780727523,3,-0.82445383969220953,target_non_hit,11556,-0.2079855311465411,-0.20798553114654111,P1P2,0.17608277576142331,0.89891114587307486,3,-1.103705806852852,target_non_hit,11556,False,False,False,True,True,0.5840490666146171,0.5840490666146171,0.5840490666146171,-0.02050019609334148,-0.02050019609334148,-0.02050019609334148,[1],"[""P1P2""]","[""PARP2_-_20811834.23-P1P2|PARP2_-_20811828.23-P1P2""]",True,False,True,processed/original_r3_records.csv
PARP4,R1:118719,PARP4;PRKDC,0.0,False,True,True,True,True,True,True,"{""gamma_R2"": ""P1P2"", ""rho_ATMi_R2"": ""P1P2"", ""rho_ATRi_R2"": ""P1P2"", ""rho_R2"": ""P1P2"", ""rho_WEE1i_R2"": ""P1P2""}","{""gamma_R2"": ""11558"", ""rho_ATMi_R2"": ""11558"", ""rho_ATRi_R2"": ""11558"", ""rho_R2"": ""11558"", ""rho_WEE1i_R2"": ""11558""}",1,1,R3:12113,R3:12113,,included_primary,2,546,0.003663003663003663,-0.05210550706583784,-5.2105507065837837E-2,P1P2,0.87845285678823481,0.98111770777073171,3,-1.7728479821461939E-2,target_non_hit,11558,-0.4850041931720525,-0.48500419317205251,P1P2,0.39896987169307818,0.73591201931884354,3,-0.87247413058026013,target_non_hit,11558,-0.1298799979662491,-0.12987999796624911,P1P2,0.30999818855966271,0.83442639394047913,3,-0.44314969610923682,target_non_hit,11558,-0.1809318900415574,-0.18093189004155741,P1P2,7.8842262134950145E-3,0.71179490554813274,3,-2.993618659113058,target_non_hit,11558,-0.0885873676333097,-8.8587367633309697E-2,P1P2,0.22849942236519771,0.90588554347716455,3,-0.39957055365412858,target_non_hit,11558,False,False,False,True,True,0.2378456590527248,0.2378456590527248,0.2378456590527248,-0.006220728852431215,-0.006220728852431215,-0.006220728852431215,[1],"[""P1P2""]","[""PARP4_+_25086846.23-P1P2|PARP4_+_25086875.23-P1P2""]",True,False,True,processed/original_r3_records.csv
PARP9,R1:48904,PARP9;PRKDC,-0.184186894,False,True,True,True,True,True,True,"{""gamma_R2"": ""P1P2"", ""rho_ATMi_R2"": ""P1P2"", ""rho_ATRi_R2"": ""P1P2"", ""rho_R2"": ""P1P2"", ""rho_WEE1i_R2"": ""P1P2""}","{""gamma_R2"": ""11561"", ""rho_ATMi_R2"": ""11561"", ""rho_ATRi_R2"": ""11561"", ""rho_R2"": ""11561"", ""rho_WEE1i_R2"": ""11561""}",1,1,R3:12116,R3:12116,,included_primary,3,546,0.005494505494505495,-0.1048033403734152,-0.1048033403734152,P1P2,0.97904576502685803,0.99978088105456309,3,-5.8269800223309789E-3,target_non_hit,11561,0.2830837548962671,0.28308375489626708,P1P2,5.711102952343404E-2,0.42272657260897378,3,1.586546757836808,target_non_hit,11561,-0.1061486194282518,-0.10614861942825179,P1P2,0.71885797510381733,0.95218760573786898,3,-0.1020774746334472,target_non_hit,11561,-0.312626317361222,-0.31262631736122198,P1P2,3.4102095404016171E-3,0.61908169260378898,3,-6.0677203676640508,sensitivity_hit,11561,-0.1825711280893234,-0.18257112808932341,P1P2,0.37067996528468572,0.93225676254741363,3,-0.5535999916994313,target_non_hit,11561,False,False,True,True,True,-0.1261539462222419,-0.1261539462222419,-0.1261539462222419,0.0375361242074465,0.0375361242074465,0.0375361242074465,[-1],"[""P1P2""]","[""PARP9_+_122283099.23-P1P2|PARP9_+_122283077.23-P1P2""]",True,True,False,processed/original_r3_records.csv
PARPBP,R1:118914,PARPBP;PRKDC,0.0,False,True,True,True,True,True,True,"{""gamma_R2"": ""P1P2"", ""rho_ATMi_R2"": ""P1P2"", ""rho_ATRi_R2"": ""P1P2"", ""rho_R2"": ""P1P2"", ""rho_WEE1i_R2"": ""P1P2""}","{""gamma_R2"": ""11562"", ""rho_ATMi_R2"": ""11562"", ""rho_ATRi_R2"": ""11562"", ""rho_R2"": ""11562"", ""rho_WEE1i_R2"": ""11562""}",1,1,R3:12117,R3:12117,,included_primary,11,546,0.020146520146520148,0.1046354799832077,0.1046354799832077,P1P2,0.21113530925096999,0.77079424833862897,3,0.42725493077318738,target_non_hit,11562,-0.6530426507810269,-0.65304265078102686,P1P2,1.7057006985246991E-2,0.24315731827161521,3,-5.2049510932590319,target_non_hit,11562,-0.03019493504500852,-3.019493504500852E-2,P1P2,0.87056731058619607,0.98316698581223705,3,-1.219299929433632E-2,target_non_hit,11562,-0.1641449317548317,-0.16414493175483169,P1P2,0.3560561980786956,0.94978440640480766,3,-0.57911430909882289,target_non_hit,11562,0.04260139586913692,4.2601395869136922E-2,P1P2,0.81963755439398778,0.98811928266695548,3,2.5888896917502159E-2,target_non_hit,11562,False,False,True,True,True,-0.03220486230851612,-0.03220486230851612,-0.03220486230851612,-0.08833435786729822,-0.08833435786729822,-0.08833435786729822,[-1],"[""P1P2""]","[""PARPBP_+_102514053.23-P1P2|PARPBP_+_102514398.23-P1P2""]",False,True,True,processed/original_r3_records.csv
PAXIP1,R1:65736,PAXIP1;PRKDC,-0.065410833,False,True,True,True,True,True,True,"{""gamma_R2"": ""P1P2"", ""rho_ATMi_R2"": ""P1P2"", ""rho_ATRi_R2"": ""P1P2"", ""rho_R2"": ""P1P2"", ""rho_WEE1i_R2"": ""P1P2""}","{""gamma_R2"": ""11587"", ""rho_ATMi_R2"": ""11587"", ""rho_ATRi_R2"": ""11587"", ""rho_R2"": ""11587"", ""rho_WEE1i_R2"": ""11587""}",1,1,R3:12145,R3:12145,,included_primary,4,546,0.007326007326007326,-0.4927032005795115,-0.4927032005795115,P1P2,0.44084361611963668,0.86788372691363791,3,-1.0595220501046669,target_non_hit,11587,-0.0773274248793355,-7.7327424879335499E-2,P1P2,0.7541633467926131,0.91364665584695659,3,-4.2713109251255668E-2,target_non_hit,11587,-0.1110820310632095,-0.1110820310632095,P1P2,0.84709711052800274,0.97855080960314578,3,-5.3700211941716751E-2,target_non_hit,11587,-0.1958959284159242,-0.19589592841592421,P1P2,0.15806455650750251,0.93445637235865353,3,-1.234638979445476,target_non_hit,11587,-0.3507853039364729,-0.35078530393647289,P1P2,0.17410902031455849,0.8985221526205146,3,-1.873575652134468,target_non_hit,11587,False,False,False,True,True,0.4535730179584352,0.4535730179584352,0.4535730179584352,0.05247918567471788,0.05247918567471788,0.05247918567471788,[1],"[""P1P2""]","[""PAXIP1_+_154794632.23-P1P2|PAXIP1_+_154794593.23-P1P2""]",True,False,True,processed/original_r3_records.csv
PDS5A,R1:119175,PDS5A;PRKDC,0.0,False,True,True,True,True,True,True,"{""gamma_R2"": ""P1P2"", ""rho_ATMi_R2"": ""P1P2"", ""rho_ATRi_R2"": ""P1P2"", ""rho_R2"": ""P1P2"", ""rho_WEE1i_R2"": ""P1P2""}","{""gamma_R2"": ""11792"", ""rho_ATMi_R2"": ""11792"", ""rho_ATRi_R2"": ""11792"", ""rho_R2"": ""11792"", ""rho_WEE1i_R2"": ""11792""}",1,1,R3:12364,R3:12364,,included_primary,0,546,0.0,0.1286291338006739,0.12862913380067389,P1P2,7.4060665520633132E-2,0.63972867104134923,3,0.8790187699823202,target_non_hit,11792,0.1452534336574008,0.14525343365740079,P1P2,3.1483789924175283E-2,0.33083050970731898,3,0.98342254280243213,target_non_hit,11792,0.08834409198232507,8.8344091982325068E-2,P1P2,0.28188194003946948,0.8254615541336745,3,0.32589976349237038,target_non_hit,11792,0.1919529919720085,0.19195299197200849,P1P2,8.4420184474504015E-2,0.91070073316546873,3,1.6211044352501001,target_non_hit,11792,0.1167024972709549,0.1167024972709549,P1P2,0.1319942992531061,0.88854923775447503,3,0.7220621163193599,target_non_hit,11792,False,False,False,True,True,0.5341274251813145,0.5341274251813145,0.5341274251813145,0.02421543641825065,0.02421543641825065,0.02421543641825065,[1],"[""P1P2""]","[""PDS5A_+_39979419.23-P1P2|PDS5A_-_39979449.23-P1P2""]",False,False,False,processed/original_r3_records.csv
PDS5B,R1:119304,PDS5B;PRKDC,0.0,False,True,True,True,True,True,True,"{""gamma_R2"": ""P1P2"", ""rho_ATMi_R2"": ""P1P2"", ""rho_ATRi_R2"": ""P1P2"", ""rho_R2"": ""P1P2"", ""rho_WEE1i_R2"": ""P1P2""}","{""gamma_R2"": ""11793"", ""rho_ATMi_R2"": ""11793"", ""rho_ATRi_R2"": ""11793"", ""rho_R2"": ""11793"", ""rho_WEE1i_R2"": ""11793""}",1,1,R3:12365,R3:12365,,included_primary,3,546,0.005494505494505495,-0.130000975488901,-0.13000097548890099,P1P2,0.57636232360369277,0.91028567070743105,3,-0.18806986801344899,target_non_hit,11793,-0.1370830626140978,-0.13708306261409781,P1P2,0.26190138109092392,0.64842717661323246,3,-0.35956128916045338,target_non_hit,11793,-0.05961127156787931,-5.9611271567879313E-2,P1P2,0.85202278690170474,0.97989725753027501,3,-2.781089187711119E-2,target_non_hit,11793,0.1608112533908891,0.16081125339088909,P1P2,0.208398086371122,0.93647253445876455,3,0.86163563322375325,target_non_hit,11793,-0.3173735568046527,-0.31737355680465268,P1P2,2.6811027046030811E-3,0.460039474909963,3,-5.7421506850758197,target_non_hit,11793,False,False,False,True,True,0.2362041413580485,0.2362041413580485,0.2362041413580485,-0.05696386126863932,-0.05696386126863932,-0.05696386126863932,[1],"[""P1P2""]","[""PDS5B_-_33160674.23-P1P2|PDS5B_-_33160730.23-P1P2""]",True,False,True,processed/original_r3_records.csv
PIF1,R1:18202,PIF1;PRKDC,-0.544424052,False,True,True,True,False,True,True,"{""gamma_R2"": ""P1"", ""rho_ATMi_R2"": ""P1"", ""rho_ATRi_R2"": ""P1"", ""rho_R2"": ""P1"", ""rho_WEE1i_R2"": ""P1""}","{""gamma_R2"": ""11986"", ""rho_ATMi_R2"": ""11986"", ""rho_ATRi_R2"": ""11986"", ""rho_R2"": ""11986"", ""rho_WEE1i_R2"": ""11986""}",2,2,R3:12569;R3:12570,R3:12569;R3:12570,,included_primary,13,546,0.023809523809523808,0.2373098990373148,0.23730989903731481,P1,0.29726027524448961,0.81899694518743593,3,0.75584988693362165,target_non_hit,11986,-0.468617724677031,-0.468617724677031,P1,1.53355150040676E-2,0.22933378737986351,3,-3.832632517830969,target_non_hit,11986,0.2472074464363471,0.24720744643634709,P1,3.7583584911474448E-2,0.64793745677683201,3,2.36305544705955,target_non_hit,11986,-0.8186999173879601,-0.81869991738796011,P1,7.2324721003166766E-7,7.0599776407241242E-3,3,-39.549035530471919,sensitivity_hit,11986,-0.9114656829096213,-0.91146568290962127,P1,1.1285390107614E-3,0.37987012253611763,3,-18.900683335334481,sensitivity_hit,11986,False,True,False,False,True,-0.1467978226885701,0.0061137244574406,0.1590252716034513,-0.01889662931297699,-0.014801397937370949,-0.01070616656176491,"[-1, 1]","[""P1"", ""P2""]","[""PIF1_-_65117416.23-P1|PIF1_+_65117455.23-P1"", ""PIF1_-_65116192.23-P2|PIF1_+_65115956.23-P2""]",False,False,False,processed/original_r3_records.csv
PML,R1:119548,PML;PRKDC,0.0,False,True,True,True,True,True,True,"{""gamma_R2"": ""P1P2"", ""rho_ATMi_R2"": ""P1P2"", ""rho_ATRi_R2"": ""P1P2"", ""rho_R2"": ""P1P2"", ""rho_WEE1i_R2"": ""P1P2""}","{""gamma_R2"": ""12238"", ""rho_ATMi_R2"": ""12238"", ""rho_ATRi_R2"": ""12238"", ""rho_R2"": ""12238"", ""rho_WEE1i_R2"": ""12238""}",1,1,R3:12847,R3:12847,,included_primary,3,546,0.005494505494505495,0.06196164956719086,6.1961649567190857E-2,P1P2,0.31110033422532052,0.82584287945489487,3,0.18994946186802031,target_non_hit,12238,-0.002000282103952422,-2.0002821039524221E-3,P1P2,0.6565435284962956,0.87017973422151307,3,-1.6477278032884051E-3,target_non_hit,12238,0.2122683568070315,0.21226835680703149,P1P2,1.5968135526111388E-2,0.58986927128906852,3,2.5584023509151979,target_non_hit,12238,0.09535448905625779,9.5354489056257791E-2,P1P2,0.52776767821958914,0.96568087448276463,3,0.20820252461746819,target_non_hit,12238,-0.02401857706923908,-2.4018577069239079E-2,P1P2,0.56399791107571629,0.95959310866773573,3,-4.2028914153241038E-2,target_non_hit,12238,False,False,True,True,True,-0.1603119224217873,-0.1603119224217873,-0.1603119224217873,0.01394583735406342,0.01394583735406342,0.01394583735406342,[-1],"[""P1P2""]","[""PML_+_74287090.23-P1P2|PML_-_74287149.23-P1P2""]",False,True,True,processed/original_r3_records.csv
PMS1,R1:48245,PMS1;PRKDC,-0.189197246,False,True,True,True,True,True,True,"{""gamma_R2"": ""P1P2"", ""rho_ATMi_R2"": ""P1P2"", ""rho_ATRi_R2"": ""P1P2"", ""rho_R2"": ""P1P2"", ""rho_WEE1i_R2"": ""P1P2""}","{""gamma_R2"": ""12245"", ""rho_ATMi_R2"": ""12245"", ""rho_ATRi_R2"": ""12245"", ""rho_R2"": ""12245"", ""rho_WEE1i_R2"": ""12245""}",1,1,R3:12855,R3:12855,,included_primary,5,546,0.009157509157509158,0.03156506113670613,3.1565061136706131E-2,P1P2,0.51703747064373451,0.89455198749243703,3,5.4666312283989348E-2,target_non_hit,12245,0.007362688910628634,7.3626889106286342E-3,P1P2,0.47954226698703978,0.78161951178130717,3,1.0593310955157651E-2,target_non_hit,12245,-0.01717909728322227,-1.7179097283222269E-2,P1P2,0.67713981386425892,0.94346278804395711,3,-1.9512359234290511E-2,target_non_hit,12245,0.2108904840491679,0.21089048404916791,P1P2,6.6130040291435641E-2,0.89659942000598092,3,1.9569716209800561,target_non_hit,12245,0.1202354531980466,0.1202354531980466,P1P2,0.36149146934808718,0.9318949629879949,3,0.37380428228244922,target_non_hit,12245,False,False,False,True,True,0.06421250814182862,0.06421250814182862,0.06421250814182862,0.046270655280852,0.046270655280852,0.046270655280852,[1],"[""P1P2""]","[""PMS1_-_190649415.23-P1P2|PMS1_+_190649376.23-P1P2""]",False,False,False,processed/original_r3_records.csv
PMS2,R1:72484,PMS2;PRKDC,-0.021902118,False,True,True,True,True,True,True,"{""gamma_R2"": ""P1P2"", ""rho_ATMi_R2"": ""P1P2"", ""rho_ATRi_R2"": ""P1P2"", ""rho_R2"": ""P1P2"", ""rho_WEE1i_R2"": ""P1P2""}","{""gamma_R2"": ""12246"", ""rho_ATMi_R2"": ""12246"", ""rho_ATRi_R2"": ""12246"", ""rho_R2"": ""12246"", ""rho_WEE1i_R2"": ""12246""}",1,1,R3:12856,R3:12856,,included_primary,1,546,0.0018315018315018315,0.1646687327407017,0.16466873274070171,P1P2,0.31564345540092892,0.82795327215522163,3,0.49854015330344009,target_non_hit,12246,0.001331421008163552,1.331421008163552E-3,P1P2,0.44636025414968672,0.76343611379465626,3,2.1025313304853699E-3,target_non_hit,12246,-0.01200632945185079,-1.2006329451850791E-2,P1P2,0.93196041218546855,0.99239389569005854,3,-2.4647031155396629E-3,target_non_hit,12246,-0.2027196061155273,-0.20271960611552731,P1P2,3.9086274564788873E-2,0.87619816183181931,3,-2.2453458957849821,target_non_hit,12246,-0.06744279499798131,-6.7442794997981309E-2,P1P2,0.78640647576413303,0.98508943164132501,3,-4.9513767647431497E-2,target_non_hit,12246,False,False,False,True,True,0.9104471079945521,0.9104471079945521,0.9104471079945521,-0.003806805059060777,-0.003806805059060777,-0.003806805059060777,[1],"[""P1P2""]","[""PMS2_-_6048462.23-P1P2|PMS2_+_6048646.23-P1P2""]",False,False,False,processed/original_r3_records.csv
PNKP,R1:119843,PNKP;PRKDC,0.0,False,True,True,True,True,True,True,"{""gamma_R2"": ""P1P2"", ""rho_ATMi_R2"": ""P1P2"", ""rho_ATRi_R2"": ""P1P2"", ""rho_R2"": ""P1P2"", ""rho_WEE1i_R2"": ""P1P2""}","{""gamma_R2"": ""12251"", ""rho_ATMi_R2"": ""12251"", ""rho_ATRi_R2"": ""12251"", ""rho_R2"": ""12251"", ""rho_WEE1i_R2"": ""12251""}",1,1,R3:12862,R3:12862,,included_primary,9,546,0.016483516483516484,-0.3398966698931581,-0.33989666989315809,P1P2,0.20254636055178679,0.7666367966367843,3,-1.4249511034075459,target_non_hit,12251,-0.7198550872564976,-0.71985508725649761,P1P2,7.1305620335272227E-3,0.15615957644561451,3,-6.966603030827164,essential_hit,12251,-0.5355974602106721,-0.53559746021067212,P1P2,8.5088404179106111E-2,0.71694284269962871,3,-3.8447831137877708,target_non_hit,12251,-0.08767983971937987,-8.7679839719379871E-2,P1P2,0.54044172483563868,0.96699808775421714,3,-0.18433662381322621,target_non_hit,12251,-0.2169656090346834,-0.2169656090346834,P1P2,0.42547122468382959,0.94305997199313496,3,-0.56650343529363556,target_non_hit,12251,False,False,True,True,True,-0.4710726834767326,-0.4710726834767326,-0.4710726834767326,-0.4268954123569008,-0.4268954123569008,-0.4268954123569008,[-1],"[""P1P2""]","[""PNKP_-_50370388.23-P1P2|PNKP_-_50370765.23-P1P2""]",True,True,False,processed/original_r3_records.csv
POLB,R1:120014,POLB;PRKDC,0.0,False,True,True,True,True,True,True,"{""gamma_R2"": ""P1P2"", ""rho_ATMi_R2"": ""P1P2"", ""rho_ATRi_R2"": ""P1P2"", ""rho_R2"": ""P1P2"", ""rho_WEE1i_R2"": ""P1P2""}","{""gamma_R2"": ""12295"", ""rho_ATMi_R2"": ""12295"", ""rho_ATRi_R2"": ""12295"", ""rho_R2"": ""12295"", ""rho_WEE1i_R2"": ""12295""}",1,1,R3:12905,R3:12905,,included_primary,1,546,0.0018315018315018315,0.02838357101585309,2.8383571015853089E-2,P1P2,0.7249223310021462,0.94783904283929277,3,2.397241716472193E-2,target_non_hit,12295,-0.002222235375651582,-2.2222353756515818E-3,P1P2,0.61907871464497899,0.85424417754630699,3,-2.0861842014731628E-3,target_non_hit,12295,0.05612975218318746,5.6129752183187463E-2,P1P2,0.59764235139852007,0.92584430012587593,3,8.4174689687835494E-2,target_non_hit,12295,0.1898687454052347,0.18986874540523471,P1P2,0.11487295242937259,0.92138383003990654,3,1.4036959187574729,target_non_hit,12295,0.148893562389843,0.148893562389843,P1P2,9.5250518727482955E-2,0.87492912126245792,3,1.069655420736092,target_non_hit,12295,False,False,True,True,True,-0.3222220494798948,-0.3222220494798948,-0.3222220494798948,-0.002067463035122799,-0.002067463035122799,-0.002067463035122799,[-1],"[""P1P2""]","[""POLB_-_42196005.23-P1P2|POLB_+_42196071.23-P1P2""]",False,True,True,processed/original_r3_records.csv
POLD4,R1:120124,POLD4;PRKDC,0.0,False,True,True,True,True,True,True,"{""gamma_R2"": ""P1P2"", ""rho_ATMi_R2"": ""P1P2"", ""rho_ATRi_R2"": ""P1P2"", ""rho_R2"": ""P1P2"", ""rho_WEE1i_R2"": ""P1P2""}","{""gamma_R2"": ""12299"", ""rho_ATMi_R2"": ""12299"", ""rho_ATRi_R2"": ""12299"", ""rho_R2"": ""12299"", ""rho_WEE1i_R2"": ""12299""}",1,1,R3:12906,R3:12906,,included_primary,2,546,0.003663003663003663,-0.2267636144354214,-0.2267636144354214,P1P2,3.7044444570276017E-2,0.57561856300348446,3,-1.9620900319498911,target_non_hit,12299,-0.1452240092071682,-0.14522400920716819,P1P2,0.78794295954514437,0.92833712918740252,3,-6.7759416081748194E-2,target_non_hit,12299,-0.1827100420280082,-0.1827100420280082,P1P2,0.22562068392491441,0.80098798191359133,3,-0.79251817988058049,target_non_hit,12299,-0.08860829126262595,-8.8608291262625954E-2,P1P2,0.55023737311254717,0.96918494333879213,3,-0.18085071411282919,target_non_hit,12299,-0.1999419795750573,-0.1999419795750573,P1P2,7.9169562461491955E-2,0.86930233889158637,3,-1.5493564222153691,target_non_hit,12299,False,False,True,True,True,-0.3391432436076403,-0.3391432436076403,-0.3391432436076403,0.002920645249478309,0.002920645249478309,0.002920645249478309,[-1],"[""P1P2""]","[""POLD4_-_67120933.23-P1P2|POLD4_+_67120706.23-P1P2""]",True,True,False,processed/original_r3_records.csv
POLG,R1:120263,POLG;PRKDC,0.0,False,True,True,True,True,True,True,"{""gamma_R2"": ""P1P2"", ""rho_ATMi_R2"": ""P1P2"", ""rho_ATRi_R2"": ""P1P2"", ""rho_R2"": ""P1P2"", ""rho_WEE1i_R2"": ""P1P2""}","{""gamma_R2"": ""12305"", ""rho_ATMi_R2"": ""12305"", ""rho_ATRi_R2"": ""12305"", ""rho_R2"": ""12305"", ""rho_WEE1i_R2"": ""12305""}",1,1,R3:12911,R3:12911,,included_primary,5,546,0.009157509157509158,-0.5398833080853627,-0.53988330808536267,P1P2,8.0792510764824507E-2,0.65373314099342239,3,-3.5661078769158712,target_non_hit,12305,-0.4073988865513748,-0.40739888655137479,P1P2,8.6077311003328147E-2,0.48929606717658342,3,-1.956067379246935,target_non_hit,12305,-0.6045967370303653,-0.60459673703036532,P1P2,6.7219420753925563E-2,0.69839166548507325,3,-4.7552958391393592,target_non_hit,12305,0.03612001888093792,3.6120018880937917E-2,P1P2,0.76767574667158744,0.98886734222361428,3,3.2626169660127192E-2,target_non_hit,12305,-0.1909432827900079,-0.19094328279000791,P1P2,0.58036106634385454,0.9625240647124842,3,-0.31743667299619122,target_non_hit,12305,False,False,False,True,True,0.7684496907953594,0.7684496907953594,0.7684496907953594,-0.2567008043854369,-0.2567008043854369,-0.2567008043854369,[1],"[""P1P2""]","[""POLG_+_89878037.23-P1P2|POLG_-_89878016.23-P1P2""]",True,False,True,processed/original_r3_records.csv
POLG2,R1:33243,POLG2;PRKDC,-0.325768684,False,True,True,True,True,True,True,"{""gamma_R2"": ""P1P2"", ""rho_ATMi_R2"": ""P1P2"", ""rho_ATRi_R2"": ""P1P2"", ""rho_R2"": ""P1P2"", ""rho_WEE1i_R2"": ""P1P2""}","{""gamma_R2"": ""12306"", ""rho_ATMi_R2"": ""12306"", ""rho_ATRi_R2"": ""12306"", ""rho_R2"": ""12306"", ""rho_WEE1i_R2"": ""12306""}",1,1,R3:12912,R3:12912,,included_primary,31,546,0.056776556776556776,-0.2987819212348332,-0.29878192123483321,P1P2,0.47913494265399098,0.88213424042190358,3,-0.57717082595536662,target_non_hit,12306,-1.949178461453352,-1.9491784614533521,P1P2,1.653689457830331E-3,6.5660734197279566E-2,3,-24.44031696621067,essential_hit,12306,-0.3903176492037281,-0.39031764920372808,P1P2,0.75143368156624646,0.95925700058293539,3,-0.3249523002457988,target_non_hit,12306,0.2712726780597084,0.27127267805970839,P1P2,0.46750185730508159,0.95950988740465482,3,0.70468879866750034,target_non_hit,12306,0.7250001879328754,0.72500018793287535,P1P2,0.21311002306303881,0.90216381596344675,3,3.4245440857793161,target_non_hit,12306,False,False,False,True,True,0.4300877874587322,0.4300877874587322,0.4300877874587322,-0.245041859642069,-0.245041859642069,-0.245041859642069,[1],"[""P1P2""]","[""POLG2_+_62493131.23-P1P2|POLG2_+_62493140.23-P1P2""]",True,False,True,processed/original_r3_records.csv
POLH,R1:120442,POLH;PRKDC,0.0,False,True,True,True,True,True,True,"{""gamma_R2"": ""P1P2"", ""rho_ATMi_R2"": ""P1P2"", ""rho_ATRi_R2"": ""P1P2"", ""rho_R2"": ""P1P2"", ""rho_WEE1i_R2"": ""P1P2""}","{""gamma_R2"": ""12307"", ""rho_ATMi_R2"": ""12307"", ""rho_ATRi_R2"": ""12307"", ""rho_R2"": ""12307"", ""rho_WEE1i_R2"": ""12307""}",1,1,R3:12913,R3:12913,,included_primary,5,545,0.009174311926605505,0.02504180846790804,2.5041808467908041E-2,P1P2,0.37563245703421239,0.84590264463347786,3,6.4375188927084021E-2,target_non_hit,12307,0.08638477796210313,8.6384777962103129E-2,P1P2,0.1139915752866668,0.53422166370733382,3,0.36726241795046161,target_non_hit,12307,-0.09747216178442061,-9.7472161784420613E-2,P1P2,0.52902552938667546,0.90660917218137393,3,-0.18080456439017159,target_non_hit,12307,-0.1730004100221985,-0.17300041002219849,P1P2,1.621557077743796E-2,0.8055383925901306,3,-2.436177551247952,target_non_hit,12307,-0.05324560992333685,-5.3245609923336851E-2,P1P2,0.86326185591806326,0.99294498200740255,3,-2.392110183740773E-2,target_non_hit,12307,False,False,False,True,True,0.1308732701076512,0.1308732701076512,0.1308732701076512,-0.01979831554182062,-0.01979831554182062,-0.01979831554182062,[1],"[""P1P2""]","[""POLH_+_43543948.23-P1P2|POLH_+_43543917.23-P1P2""]",False,False,False,processed/original_r3_records.csv
POLI,R1:120553,POLI;PRKDC,0.0,False,True,True,True,True,True,True,"{""gamma_R2"": ""P1P2"", ""rho_ATMi_R2"": ""P1P2"", ""rho_ATRi_R2"": ""P1P2"", ""rho_R2"": ""P1P2"", ""rho_WEE1i_R2"": ""P1P2""}","{""gamma_R2"": ""12308"", ""rho_ATMi_R2"": ""12308"", ""rho_ATRi_R2"": ""12308"", ""rho_R2"": ""12308"", ""rho_WEE1i_R2"": ""12308""}",1,1,R3:12914,R3:12914,,included_primary,10,546,0.018315018315018316,0.02372428247518171,2.3724282475181709E-2,P1P2,0.61154103041979724,0.91806143586137112,3,3.0631211557730489E-2,target_non_hit,12308,-0.0404171979164752,-4.0417197916475203E-2,P1P2,0.62552957095342943,0.85727071488422124,3,-3.7122514765858268E-2,target_non_hit,12308,0.06320896585288367,6.3208965852883672E-2,P1P2,0.54197963826812567,0.90953440305227296,3,0.11279376039000651,target_non_hit,12308,0.1230550788738262,0.1230550788738262,P1P2,0.41495553541465419,0.95500773770800063,3,0.36978855331328259,target_non_hit,12308,0.06870311815174576,6.8703118151745762E-2,P1P2,0.62041733944489952,0.96784850203659079,3,0.1002063480396652,target_non_hit,12308,False,False,True,True,True,-0.5110081701308403,-0.5110081701308403,-0.5110081701308403,0.01632521625704089,0.01632521625704089,0.01632521625704089,[-1],"[""P1P2""]","[""POLI_-_51796012.23-P1P2|POLI_-_51795943.23-P1P2""]",False,True,True,processed/original_r3_records.csv
POLK,R1:61986,POLK;PRKDC,-0.090306099,False,True,True,True,True,True,True,"{""gamma_R2"": ""P1P2"", ""rho_ATMi_R2"": ""P1P2"", ""rho_ATRi_R2"": ""P1P2"", ""rho_R2"": ""P1P2"", ""rho_WEE1i_R2"": ""P1P2""}","{""gamma_R2"": ""12309"", ""rho_ATMi_R2"": ""12309"", ""rho_ATRi_R2"": ""12309"", ""rho_R2"": ""12309"", ""rho_WEE1i_R2"": ""12309""}",1,1,R3:12915,R3:12915,,included_primary,5,546,0.009157509157509158,0.00499850527939142,4.99850527939142E-3,P1P2,0.78122109391062755,0.96280431434850045,3,3.2401290818137689E-3,target_non_hit,12309,-0.01804633080543905,-1.8046330805439052E-2,P1P2,0.6754176041193638,0.87911288242297436,3,-1.3864297879948711E-2,target_non_hit,12309,-0.263301113446766,-0.26330111344676599,P1P2,7.3091886472753304E-2,0.70272855210446217,3,-2.006679397487602,target_non_hit,12309,-0.05113230078824686,-5.1132300788246862E-2,P1P2,0.50684998743608034,0.9647254064848334,3,-0.1187099535399843,target_non_hit,12309,-0.08796821101010766,-8.7968211010107655E-2,P1P2,0.48251492281188352,0.9512409207367869,3,-0.19587117860781539,target_non_hit,12309,False,False,False,True,True,0.6340196527953249,0.6340196527953249,0.6340196527953249,-0.03948040489885111,-0.03948040489885111,-0.03948040489885111,[1],"[""P1P2""]","[""POLK_+_74807767.23-P1P2|POLK_-_74807738.23-P1P2""]",False,False,False,processed/original_r3_records.csv
POLL,R1:120737,POLL;PRKDC,0.0,False,True,True,True,True,True,True,"{""gamma_R2"": ""P1P2"", ""rho_ATMi_R2"": ""P1P2"", ""rho_ATRi_R2"": ""P1P2"", ""rho_R2"": ""P1P2"", ""rho_WEE1i_R2"": ""P1P2""}","{""gamma_R2"": ""12310"", ""rho_ATMi_R2"": ""12310"", ""rho_ATRi_R2"": ""12310"", ""rho_R2"": ""12310"", ""rho_WEE1i_R2"": ""12310""}",1,1,R3:12916,R3:12916,,included_primary,3,546,0.005494505494505495,-1.057053150982095,-1.0570531509820951,P1P2,0.13787452039086981,0.71618963178437289,3,-5.4989233036605674,target_non_hit,12310,-0.7004788313899611,-0.70047883138996114,P1P2,0.25062914607818809,0.64177038488955729,3,-1.8976479585011861,target_non_hit,12310,-0.8804288160051017,-0.8804288160051017,P1P2,0.14441489371151539,0.75626688884243631,3,-4.963305985951032,target_non_hit,12310,-0.496190213059025,-0.496190213059025,P1P2,0.16177577035672799,0.93489129238435131,3,-3.0879091462792041,target_non_hit,12310,-0.04269720885995273,-4.2697208859952727E-2,P1P2,0.92221356752961436,0.99888349074208216,3,-1.0564259349188421E-2,target_non_hit,12310,False,False,True,True,True,-0.3122527064060094,-0.3122527064060094,-0.3122527064060094,-0.4350437232304109,-0.4350437232304109,-0.4350437232304109,[-1],"[""P1P2""]","[""POLL_+_103347853.23-P1P2|POLL_-_103347606.23-P1P2""]",True,True,False,processed/original_r3_records.csv
POLQ,R1:41958,POLQ;PRKDC,-0.240900744,False,True,True,True,True,True,True,"{""gamma_R2"": ""P1P2"", ""rho_ATMi_R2"": ""P1P2"", ""rho_ATRi_R2"": ""P1P2"", ""rho_R2"": ""P1P2"", ""rho_WEE1i_R2"": ""P1P2""}","{""gamma_R2"": ""12312"", ""rho_ATMi_R2"": ""12312"", ""rho_ATRi_R2"": ""12312"", ""rho_R2"": ""12312"", ""rho_WEE1i_R2"": ""12312""}",1,1,R3:12919,R3:12919,,included_primary,4,546,0.007326007326007326,-2.640176515847641,-2.6401765158476409,P1P2,1.3601443989277039E-7,1.7702732733510379E-3,3,-109.5935274779761,sensitivity_hit,12312,-0.2084301135907804,-0.2084301135907804,P1P2,0.14063436754105341,0.56485849228594287,3,-0.80042825717353538,target_non_hit,12312,0.03631779164452128,3.6317791644521279E-2,P1P2,0.56698865098572215,0.91822778184160614,3,6.0034689229581148E-2,target_non_hit,12312,-0.2462030391575052,-0.24620303915750519,P1P2,1.6849924415993339E-2,0.81079729656757993,3,-3.4347327241880272,target_non_hit,12312,0.04884361049948183,4.8843610499481827E-2,P1P2,0.54427721787215533,0.9590623849937937,3,9.0780642276310372E-2,target_non_hit,12312,False,False,True,True,True,-5.021149641661098,-5.021149641661098,-5.021149641661098,-0.0742934001348592,-0.0742934001348592,-0.0742934001348592,[-1],"[""P1P2""]","[""POLQ_+_121264772.23-P1P2|POLQ_+_121264769.23-P1P2""]",True,True,False,processed/original_r3_records.csv
POLR2L,R1:121206,POLR2L;PRKDC,0.0,False,True,True,True,True,True,True,"{""gamma_R2"": ""P1P2"", ""rho_ATMi_R2"": ""P1P2"", ""rho_ATRi_R2"": ""P1P2"", ""rho_R2"": ""P1P2"", ""rho_WEE1i_R2"": ""P1P2""}","{""gamma_R2"": ""12329"", ""rho_ATMi_R2"": ""12329"", ""rho_ATRi_R2"": ""12329"", ""rho_R2"": ""12329"", ""rho_WEE1i_R2"": ""12329""}",1,1,R3:12933,R3:12933,,included_primary,52,546,0.09523809523809523,0.1246079758841887,0.1246079758841887,P1P2,0.50613960143503867,0.89191603853977797,3,0.22277305033675679,target_non_hit,12329,-2.923845443612238,-2.9238454436122381,P1P2,1.116426613495875E-3,5.0806519289696893E-2,3,-38.910313054316553,essential_hit,12329,-0.08601658093316515,-8.6016580933165152E-2,P1P2,0.66088640482066718,0.93972047361664024,3,-0.1037876180189345,target_non_hit,12329,-0.05884321120596973,-5.8843211205969727E-2,P1P2,0.93070487004676639,0.99803334435277224,3,-1.443698194920486E-2,target_non_hit,12329,-0.5670631514437683,-0.56706315144376829,P1P2,6.6516378086850667E-2,0.84115576347330201,3,-4.6959130817209482,target_non_hit,12329,False,False,False,True,True,0.09863215463060254,0.09863215463060254,0.09863215463060254,-0.1503755721898068,-0.1503755721898068,-0.1503755721898068,[1],"[""P1P2""]","[""POLR2L_-_842512.23-P1P2|POLR2L_-_842509.23-P1P2""]",False,False,False,processed/original_r3_records.csv
PPP4C,R1:27618,PPP4C;PRKDC,-0.394248584,False,True,True,True,True,True,True,"{""gamma_R2"": ""P1P2"", ""rho_ATMi_R2"": ""P1P2"", ""rho_ATRi_R2"": ""P1P2"", ""rho_R2"": ""P1P2"", ""rho_WEE1i_R2"": ""P1P2""}","{""gamma_R2"": ""12512"", ""rho_ATMi_R2"": ""12512"", ""rho_ATRi_R2"": ""12512"", ""rho_R2"": ""12512"", ""rho_WEE1i_R2"": ""12512""}",1,1,R3:13122,R3:13122,,included_primary,98,546,0.1794871794871795,-0.7476027707337648,-0.7476027707337648,P1P2,0.33212897369345412,0.83373709846967892,3,-2.1634660701773609,target_non_hit,12512,-1.713449723577558,-1.7134497235775581,P1P2,9.47526086876566E-2,0.50160086308516838,3,-7.9047747726718338,essential_hit,12512,-0.1851690816441936,-0.1851690816441936,P1P2,0.73167370792428743,0.95532903976706673,3,-0.16853473538001021,target_non_hit,12512,-0.06057596626922557,-6.0575966269225567E-2,P1P2,0.59652967994484518,0.975307790334623,3,-0.1069186561246887,target_non_hit,12512,-0.7160023541005897,-0.71600235410058966,P1P2,0.242859973223463,0.90778388995628345,3,-3.096163950848934,target_non_hit,12512,False,False,False,True,True,0.4723115704644369,0.4723115704644369,0.4723115704644369,-0.1745295969227897,-0.1745295969227897,-0.1745295969227897,[1],"[""P1P2""]","[""PPP4C_-_30087373.23-P1P2|PPP4C_-_30087361.23-P1P2""]",True,False,True,processed/original_r3_records.csv
PPP4R2,R1:121298,PPP4R2;PRKDC,0.0,False,True,True,True,True,True,True,"{""gamma_R2"": ""P1P2"", ""rho_ATMi_R2"": ""P1P2"", ""rho_ATRi_R2"": ""P1P2"", ""rho_R2"": ""P1P2"", ""rho_WEE1i_R2"": ""P1P2""}","{""gamma_R2"": ""12514"", ""rho_ATMi_R2"": ""12514"", ""rho_ATRi_R2"": ""12514"", ""rho_R2"": ""12514"", ""rho_WEE1i_R2"": ""12514""}",1,1,R3:13124,R3:13124,,included_primary,10,546,0.018315018315018316,0.235984676729839,0.235984676729839,P1P2,0.85844707199977033,0.97791697580865222,3,9.4565044637960671E-2,target_non_hit,12514,-1.698850758060084,-1.698850758060084,P1P2,2.7852224577063059E-2,0.31568010474194608,3,-11.909505482780091,essential_hit,12514,-0.009502615589014773,-9.5026155890147734E-3,P1P2,0.86026201684884562,0.98098159253176087,3,-4.1669052819262769E-3,target_non_hit,12514,0.04829439768750987,4.8294397687509871E-2,P1P2,0.71588176513112534,0.98464261806490982,3,5.5148303527834293E-2,target_non_hit,12514,-0.8875931285443196,-0.8875931285443196,P1P2,0.15142389301729489,0.8969603198505629,3,-5.1193004715220214,target_non_hit,12514,False,False,False,True,True,2.734816536279905,2.734816536279905,2.734816536279905,-0.4055468750601809,-0.4055468750601809,-0.4055468750601809,[1],"[""P1P2""]","[""PPP4R2_+_73046046.23-P1P2|PPP4R2_+_73046422.23-P1P2""]",False,False,False,processed/original_r3_records.csv
PPP5C,R1:63844,PPP5C;PRKDC,-0.077775911,False,True,True,True,True,True,True,"{""gamma_R2"": ""P1P2"", ""rho_ATMi_R2"": ""P1P2"", ""rho_ATRi_R2"": ""P1P2"", ""rho_R2"": ""P1P2"", ""rho_WEE1i_R2"": ""P1P2""}","{""gamma_R2"": ""12516"", ""rho_ATMi_R2"": ""12516"", ""rho_ATRi_R2"": ""12516"", ""rho_R2"": ""12516"", ""rho_WEE1i_R2"": ""12516""}",1,1,R3:13126,R3:13126,,included_primary,3,546,0.005494505494505495,0.02774476112351065,2.7744761123510649E-2,P1P2,0.57244351595260534,0.90935711193402913,3,4.0634768584217662E-2,target_non_hit,12516,-0.1559327086780257,-0.15593270867802569,P1P2,0.58134242629018262,0.83552211572186685,3,-0.16558555959073831,target_non_hit,12516,0.1026247704360352,0.1026247704360352,P1P2,0.2860277977724156,0.82652603750107667,3,0.37421570783087688,target_non_hit,12516,-0.09163743145815777,-9.1637431458157767E-2,P1P2,0.38312661499888329,0.95322504445783207,3,-0.30036175285725392,target_non_hit,12516,-0.02624842734106651,-2.624842734106651E-2,P1P2,0.7610300275176809,0.98248234268326562,3,-2.190116538068541E-2,target_non_hit,12516,False,False,False,True,True,0.237138174164791,0.237138174164791,0.237138174164791,-0.01387672839054324,-0.01387672839054324,-0.01387672839054324,[1],"[""P1P2""]","[""PPP5C_-_46850340.23-P1P2|PPP5C_-_46850413.23-P1P2""]",False,False,False,processed/original_r3_records.csv
PRDM9,R1:57350,PRDM9;PRKDC,-0.12273456,False,True,True,True,True,True,True,"{""gamma_R2"": ""P1P2"", ""rho_ATMi_R2"": ""P1P2"", ""rho_ATRi_R2"": ""P1P2"", ""rho_R2"": ""P1P2"", ""rho_WEE1i_R2"": ""P1P2""}","{""gamma_R2"": ""12566"", ""rho_ATMi_R2"": ""12566"", ""rho_ATRi_R2"": ""12566"", ""rho_R2"": ""12566"", ""rho_WEE1i_R2"": ""12566""}",1,1,R3:13183,R3:13183,,included_primary,1,546,0.0018315018315018315,0.1346521014015655,0.1346521014015655,P1P2,0.37640706113351802,0.84620288431088886,3,0.34542303284495091,target_non_hit,12566,-1.217057594096296,-1.217057594096296,P1P2,0.19263974783932869,0.60713629785571299,3,-3.924103585068897,target_non_hit,12566,0.06436814426232902,6.4368144262329022E-2,P1P2,0.58263901271570273,0.92226047142958878,3,0.1012970412783296,target_non_hit,12566,-0.1017130744355774,-0.10171307443557739,P1P2,0.43834821329352353,0.95730993546948473,3,-0.28659682066760178,target_non_hit,12566,0.07425441109474325,7.4254411094743247E-2,P1P2,0.39573121593014848,0.93777962021580064,3,0.210320452483544,target_non_hit,12566,False,False,False,True,True,0.3043751164575478,0.3043751164575478,0.3043751164575478,-0.01534197472702384,-0.01534197472702384,-0.01534197472702384,[1],"[""P1P2""]","[""PRDM9_-_23507772.23-P1P2|PRDM9_-_23507758.23-P1P2""]",False,False,False,processed/original_r3_records.csv
PRIMPOL,R1:75583,PRIMPOL;PRKDC,-0.002044561,False,True,True,True,True,True,True,"{""gamma_R2"": ""P1P2"", ""rho_ATMi_R2"": ""P1P2"", ""rho_ATRi_R2"": ""P1P2"", ""rho_R2"": ""P1P2"", ""rho_WEE1i_R2"": ""P1P2""}","{""gamma_R2"": ""12593"", ""rho_ATMi_R2"": ""12593"", ""rho_ATRi_R2"": ""12593"", ""rho_R2"": ""12593"", ""rho_WEE1i_R2"": ""12593""}",1,1,R3:13209,R3:13209,,included_primary,1,546,0.0018315018315018315,-0.1297891994128123,-0.12978919941281231,P1P2,0.47716225702208931,0.88166901436060674,3,-0.25212564072137722,target_non_hit,12593,-0.2586425745273516,-0.25864257452735162,P1P2,0.46284143731937227,0.77259422354367635,3,-0.39007946535935051,target_non_hit,12593,0.1502352974761013,0.15023529747610129,P1P2,0.1137139664599125,0.73440756619893843,3,0.95153896588824205,target_non_hit,12593,0.008357356322505297,8.3573563225052966E-3,P1P2,0.8776208578778032,0.99617198404185237,3,3.7272727978811281E-3,target_non_hit,12593,0.03479636787937827,3.4796367879378273E-2,P1P2,0.58961656596278889,0.96450557718930896,3,5.6165618125397443E-2,target_non_hit,12593,False,False,False,True,True,0.2849668159630305,0.2849668159630305,0.2849668159630305,0.006770666755395696,0.006770666755395696,0.006770666755395696,[1],"[""P1P2""]","[""PRIMPOL_-_185570940.23-P1P2|PRIMPOL_-_185570993.23-P1P2""]",True,False,True,processed/original_r3_records.csv
PRKCG,R1:57394,PRKCG;PRKDC,-0.122502064,False,True,True,True,True,True,True,"{""gamma_R2"": ""P1P2"", ""rho_ATMi_R2"": ""P1P2"", ""rho_ATRi_R2"": ""P1P2"", ""rho_R2"": ""P1P2"", ""rho_WEE1i_R2"": ""P1P2""}","{""gamma_R2"": ""12613"", ""rho_ATMi_R2"": ""12613"", ""rho_ATRi_R2"": ""12613"", ""rho_R2"": ""12613"", ""rho_WEE1i_R2"": ""12613""}",1,1,R3:13230,R3:13230,,included_primary,4,546,0.007326007326007326,0.4341360059497844,0.43413600594978441,P1P2,0.1025006088643864,0.68242551239874905,3,2.596355165542529,target_non_hit,12613,-0.02559264726133496,-2.559264726133496E-2,P1P2,0.91350836211017727,0.97310904264782605,3,-4.5325048942334838E-3,target_non_hit,12613,0.2332708929998841,0.2332708929998841,P1P2,0.14777399921411749,0.75647458583042371,3,1.299409016350398,target_non_hit,12613,0.08570665910484172,8.5706659104841723E-2,P1P2,0.83859841068432006,0.99296936089464283,3,5.1542023839726572E-2,target_non_hit,12613,0.2699311971663961,0.26993119716639608,P1P2,0.1615187012230864,0.89700653739935565,3,1.50363310055486,target_non_hit,12613,False,False,False,True,True,0.2138435545311517,0.2138435545311517,0.2138435545311517,-0.02393954437898444,-0.02393954437898444,-0.02393954437898444,[1],"[""P1P2""]","[""PRKCG_+_54385486.23-P1P2|PRKCG_+_54385571.23-P1P2""]",False,False,False,processed/original_r3_records.csv
PRMT6,R1:28457,PRKDC;PRMT6,-0.383316776,False,True,True,True,True,True,True,"{""gamma_R2"": ""P1P2"", ""rho_ATMi_R2"": ""P1P2"", ""rho_ATRi_R2"": ""P1P2"", ""rho_R2"": ""P1P2"", ""rho_WEE1i_R2"": ""P1P2""}","{""gamma_R2"": ""12641"", ""rho_ATMi_R2"": ""12641"", ""rho_ATRi_R2"": ""12641"", ""rho_R2"": ""12641"", ""rho_WEE1i_R2"": ""12641""}",1,1,R3:13261,R3:13261,,included_primary,4,546,0.007326007326007326,-0.09252739868895744,-9.2527398688957443E-2,P1P2,0.71212865638596612,0.94501998758534078,3,-8.2473058191667975E-2,target_non_hit,12641,-1.250594421959867,-1.250594421959867,P1P2,0.12709478683949099,0.5482894372143895,3,-5.0504672005528821,target_non_hit,12641,-0.06470353353928522,-6.4703533539285221E-2,P1P2,0.81877499108182017,0.97359345560741695,3,-3.7689633522712977E-2,target_non_hit,12641,0.04321716826343236,4.321716826343236E-2,P1P2,0.77378227313027215,0.98942568236326323,3,3.7866976196459283E-2,target_non_hit,12641,-0.1059492785728882,-0.1059492785728882,P1P2,0.5077176833435646,0.95601273631298733,3,-0.21942633001284301,target_non_hit,12641,False,False,False,True,True,0.4557524943185129,0.4557524943185129,0.4557524943185129,-0.4007781588735004,-0.4007781588735004,-0.4007781588735004,[1],"[""P1P2""]","[""PRMT6_-_107599757.23-P1P2|PRMT6_-_107599711.23-P1P2""]",True,False,True,processed/original_r3_records.csv
PSME4,R1:17812,PRKDC;PSME4,-0.552407687,False,True,True,True,True,True,True,"{""gamma_R2"": ""P1P2"", ""rho_ATMi_R2"": ""P1P2"", ""rho_ATRi_R2"": ""P1P2"", ""rho_R2"": ""P1P2"", ""rho_WEE1i_R2"": ""P1P2""}","{""gamma_R2"": ""12813"", ""rho_ATMi_R2"": ""12813"", ""rho_ATRi_R2"": ""12813"", ""rho_R2"": ""12813"", ""rho_WEE1i_R2"": ""12813""}",1,1,R3:13416,R3:13416,,included_primary,2,546,0.003663003663003663,0.3262913455259548,0.32629134552595479,P1P2,6.9494706615728111E-2,0.63493489456383612,3,2.2843051210830199,target_non_hit,12813,-0.3278284765379348,-0.32782847653793479,P1P2,6.4624636796304508E-2,0.44154968171110898,3,-1.7579936262997611,target_non_hit,12813,0.1928445870833486,0.19284458708334859,P1P2,0.13392583514709991,0.74599231386663356,3,1.129499697509621,target_non_hit,12813,0.6077080146148495,0.60770801461484947,P1P2,3.527696708630206E-3,0.61942611669233871,3,11.724595409416761,resistance_hit,12813,0.06678428083674721,6.6784280836747215E-2,P1P2,0.45947920012335708,0.94588090699994087,3,0.15868469252508299,target_non_hit,12813,False,False,False,True,True,0.867312122526211,0.867312122526211,0.867312122526211,-0.03477538104911414,-0.03477538104911414,-0.03477538104911414,[1],"[""P1P2""]","[""PSME4_-_54198110.23-P1P2|PSME4_-_54198116.23-P1P2""]",False,False,False,processed/original_r3_records.csv
RAB43,R1:121750,PRKDC;RAB43,0.0,False,True,True,True,True,True,True,"{""gamma_R2"": ""P1P2"", ""rho_ATMi_R2"": ""P1P2"", ""rho_ATRi_R2"": ""P1P2"", ""rho_R2"": ""P1P2"", ""rho_WEE1i_R2"": ""P1P2""}","{""gamma_R2"": ""13060"", ""rho_ATMi_R2"": ""13060"", ""rho_ATRi_R2"": ""13060"", ""rho_R2"": ""13060"", ""rho_WEE1i_R2"": ""13060""}",1,1,R3:13682,R3:13682,,included_primary,4,545,0.007339449541284404,-0.2491015712445122,-0.24910157124451221,P1P2,8.1912384234108668E-2,0.65602744860385021,3,-1.6363952836542051,target_non_hit,13060,-1.614547949230211,-1.6145479492302111,P1P2,0.13370868337582839,0.55661858211293302,3,-6.3599256374467767,essential_hit,13060,-0.1994916420848726,-0.19949164208487261,P1P2,0.25541540501545917,0.81500662181478623,3,-0.79322310022090281,target_non_hit,13060,-0.1768064259449733,-0.17680642594497331,P1P2,0.14183669266512419,0.93245050780727523,3,-1.179762224683049,target_non_hit,13060,-0.349771965199913,-0.34977196519991299,P1P2,0.2119537499802106,0.90216381596344675,3,-1.657964860683526,target_non_hit,13060,False,False,False,True,True,1.091203445515678,1.091203445515678,1.091203445515678,-0.5139899909736177,-0.5139899909736177,-0.5139899909736177,[1],"[""P1P2""]","[""RAB43_-_128840012.23-P1P2|RAB43_+_128840600.23-P1P2""]",True,False,True,processed/original_r3_records.csv
RAD1,R1:18460,PRKDC;RAD1,-0.539784258,False,True,True,True,True,True,True,"{""gamma_R2"": ""P1P2"", ""rho_ATMi_R2"": ""P1P2"", ""rho_ATRi_R2"": ""P1P2"", ""rho_R2"": ""P1P2"", ""rho_WEE1i_R2"": ""P1P2""}","{""gamma_R2"": ""13092"", ""rho_ATMi_R2"": ""13092"", ""rho_ATRi_R2"": ""13092"", ""rho_R2"": ""13092"", ""rho_WEE1i_R2"": ""13092""}",1,1,R3:13712,R3:13712,,included_primary,60,546,0.10989010989010989,-0.1340798519691426,-0.1340798519691426,P1P2,0.4884357241025461,0.88601446147772422,3,-0.25224040148661159,target_non_hit,13092,-0.01773291735617968,-1.773291735617968E-2,P1P2,0.86611267563148453,0.95615840201376079,3,-4.9901308081674207E-3,target_non_hit,13092,-0.4283175524543239,-0.4283175524543239,P1P2,1.950173802407207E-3,0.38770883208011342,3,-7.7861069469771538,sensitivity_hit,13092,-0.6238544678985087,-0.62385446789850874,P1P2,2.3042536343055919E-2,0.86331179304839356,3,-8.0361660332903906,sensitivity_hit,13092,0.02197092524513285,2.197092524513285E-2,P1P2,0.68276118500915406,0.97572369705858852,3,2.561759600487221E-2,target_non_hit,13092,False,False,True,True,True,-1.316803145820589,-1.316803145820589,-1.316803145820589,-0.07551260700298666,-0.07551260700298666,-0.07551260700298666,[-1],"[""P1P2""]","[""RAD1_-_34915601.23-P1P2|RAD1_+_34915596.23-P1P2""]",True,True,False,processed/original_r3_records.csv
RAD18,R1:121751,PRKDC;RAD18,0.0,False,True,True,True,True,True,True,"{""gamma_R2"": ""P1P2"", ""rho_ATMi_R2"": ""P1P2"", ""rho_ATRi_R2"": ""P1P2"", ""rho_R2"": ""P1P2"", ""rho_WEE1i_R2"": ""P1P2""}","{""gamma_R2"": ""13094"", ""rho_ATMi_R2"": ""13094"", ""rho_ATRi_R2"": ""13094"", ""rho_R2"": ""13094"", ""rho_WEE1i_R2"": ""13094""}",1,1,R3:13714,R3:13714,,included_primary,2,546,0.003663003663003663,0.09929109557465754,9.929109557465754E-2,P1P2,0.68200579545760265,0.93804075597156378,3,9.9768720517950188E-2,target_non_hit,13094,-0.06107174063131978,-6.1071740631319781E-2,P1P2,0.93965880335926522,0.98274810189012352,3,-7.4413600501315128E-3,target_non_hit,13094,-0.3803463659770494,-0.38034636597704941,P1P2,5.600096977447333E-2,0.68174443489078573,3,-3.193836755247939,target_non_hit,13094,0.2317304579779272,0.23173045797792721,P1P2,0.1058615183128318,0.91958512052694819,3,1.7778564991705861,target_non_hit,13094,0.04206904941082076,4.2069049410820757E-2,P1P2,0.72745844353901401,0.98052407386926221,3,4.0900707415301787E-2,target_non_hit,13094,False,False,True,True,True,-1.958247076369654,-1.958247076369654,-1.958247076369654,-0.3411369628182526,-0.3411369628182526,-0.3411369628182526,[-1],"[""P1P2""]","[""RAD18_+_9005065.23-P1P2|RAD18_+_9005097.23-P1P2""]",False,True,True,processed/original_r3_records.csv
RAD21,R1:121752,PRKDC;RAD21,0.0,False,True,True,True,True,True,True,"{""gamma_R2"": ""P1P2"", ""rho_ATMi_R2"": ""P1P2"", ""rho_ATRi_R2"": ""P1P2"", ""rho_R2"": ""P1P2"", ""rho_WEE1i_R2"": ""P1P2""}","{""gamma_R2"": ""13095"", ""rho_ATMi_R2"": ""13095"", ""rho_ATRi_R2"": ""13095"", ""rho_R2"": ""13095"", ""rho_WEE1i_R2"": ""13095""}",1,1,R3:13715,R3:13715,,included_primary,4,546,0.007326007326007326,-0.04725308777276149,-4.7253087772761493E-2,P1P2,0.9110998763810495,0.9867819402451371,3,-1.155045058724305E-2,target_non_hit,13095,-0.7775701047833766,-0.77757010478337663,P1P2,2.3015610684653659E-2,0.28472646646197342,3,-5.7413822607722187,target_non_hit,13095,-0.02714055670989464,-2.7140556709894639E-2,P1P2,0.9597909983239209,0.99627816143544812,3,-3.24492371540785E-3,target_non_hit,13095,-0.1470072467186377,-0.14700724671863771,P1P2,0.29953198252221302,0.94481942392096563,3,-0.60547313953448811,target_non_hit,13095,-0.7009846363899941,-0.70098463638999409,P1P2,7.7681765579419937E-3,0.62387845581565005,3,-10.404257344323479,sensitivity_hit,13095,False,False,False,True,True,0.07859930901689534,0.07859930901689534,0.07859930901689534,-0.3662380637083151,-0.3662380637083151,-0.3662380637083151,[1],"[""P1P2""]","[""RAD21_+_117886444.23-P1P2|RAD21_-_117886366.23-P1P2""]",True,False,True,processed/original_r3_records.csv
RAD21L1,R1:48422,PRKDC;RAD21L1,-0.187925935,False,True,True,True,True,True,True,"{""gamma_R2"": ""P1P2"", ""rho_ATMi_R2"": ""P1P2"", ""rho_ATRi_R2"": ""P1P2"", ""rho_R2"": ""P1P2"", ""rho_WEE1i_R2"": ""P1P2""}","{""gamma_R2"": ""13096"", ""rho_ATMi_R2"": ""13096"", ""rho_ATRi_R2"": ""13096"", ""rho_R2"": ""13096"", ""rho_WEE1i_R2"": ""13096""}",1,1,R3:13716,R3:13716,,included_primary,2,546,0.003663003663003663,0.336178209469271,0.33617820946927102,P1P2,0.21881922180381211,0.77514608553380449,3,1.3411555338558749,target_non_hit,13096,0.01881661843584892,1.881661843584892E-2,P1P2,0.6584528356823558,0.8707857551923206,3,1.539317280052447E-2,target_non_hit,13096,0.09507058526169561,9.5070585261695609E-2,P1P2,0.9008890759908923,0.98815937407131771,3,2.890787604724851E-2,target_non_hit,13096,0.2665299595147642,0.26652995951476421,P1P2,7.6059609219073454E-2,0.90955139457815382,3,2.3458954117422808,target_non_hit,13096,0.2293770684368031,0.22937706843680311,P1P2,0.26602472710553349,0.91097167189033423,3,0.92803116196166613,target_non_hit,13096,False,False,False,True,True,0.5230987787165923,0.5230987787165923,0.5230987787165923,-0.09125455632350506,-0.09125455632350506,-0.09125455632350506,[1],"[""P1P2""]","[""RAD21L1_+_1206743.23-P1P2|RAD21L1_-_1206715.23-P1P2""]",False,False,False,processed/original_r3_records.csv
RAD23A,R1:53649,PRKDC;RAD23A,-0.148135594,False,True,True,True,True,True,True,"{""gamma_R2"": ""P1P2"", ""rho_ATMi_R2"": ""P1P2"", ""rho_ATRi_R2"": ""P1P2"", ""rho_R2"": ""P1P2"", ""rho_WEE1i_R2"": ""P1P2""}","{""gamma_R2"": ""13097"", ""rho_ATMi_R2"": ""13097"", ""rho_ATRi_R2"": ""13097"", ""rho_R2"": ""13097"", ""rho_WEE1i_R2"": ""13097""}",1,1,R3:13717,R3:13717,,included_primary,3,546,0.005494505494505495,0.3836310523615366,0.38363105236153661,P1P2,0.12716307517387351,0.70891054158181965,3,2.0771537011816572,target_non_hit,13097,-0.2224438388082031,-0.22244383880820309,P1P2,0.29651244602043952,0.66895620080395679,3,-0.52940491682344404,target_non_hit,13097,0.4778803673961337,0.47788036739613371,P1P2,3.3935999201244051E-2,0.63664646980408524,3,4.7101881184729129,target_non_hit,13097,-0.02472699885096944,-2.4726998850969441E-2,P1P2,0.69979214284441549,0.9831874500776604,3,-3.0156582062544408E-2,target_non_hit,13097,-0.004743376923441012,-4.7433769234410117E-3,P1P2,0.88829397450184389,0.99547957849316693,3,-1.7167305368011E-3,target_non_hit,13097,False,False,False,True,True,0.3725713871220269,0.3725713871220269,0.3725713871220269,0.001655292003565593,0.001655292003565593,0.001655292003565593,[1],"[""P1P2""]","[""RAD23A_-_13056702.23-P1P2|RAD23A_+_13056741.23-P1P2""]",False,False,False,processed/original_r3_records.csv
RAD23B,R1:121753,PRKDC;RAD23B,0.0,False,True,True,True,True,True,True,"{""gamma_R2"": ""P1P2"", ""rho_ATMi_R2"": ""P1P2"", ""rho_ATRi_R2"": ""P1P2"", ""rho_R2"": ""P1P2"", ""rho_WEE1i_R2"": ""P1P2""}","{""gamma_R2"": ""13098"", ""rho_ATMi_R2"": ""13098"", ""rho_ATRi_R2"": ""13098"", ""rho_R2"": ""13098"", ""rho_WEE1i_R2"": ""13098""}",1,1,R3:13718,R3:13718,,included_primary,1,546,0.0018315018315018315,-0.3675312639318862,-0.36753126393188618,P1P2,0.14262529979045191,0.72015355691426131,3,-1.8792546124973071,target_non_hit,13098,-0.3729255678899412,-0.37292556788994119,P1P2,1.5187572207011741E-3,6.1722757197075387E-2,3,-4.7381736177548586,target_non_hit,13098,-0.2778084045727291,-0.2778084045727291,P1P2,3.7456930060349031E-2,0.64793745677683201,3,-2.6583019548214581,target_non_hit,13098,-0.03188970146470889,-3.1889701464708889E-2,P1P2,0.62047233911631738,0.97732910921050808,3,-5.199901367293857E-2,target_non_hit,13098,-0.3506778287126289,-0.35067782871262893,P1P2,2.9674460996629039E-2,0.78571353966270319,3,-3.768848239040417,target_non_hit,13098,False,False,False,True,True,0.3171967278719308,0.3171967278719308,0.3171967278719308,-0.01492676974444231,-0.01492676974444231,-0.01492676974444231,[1],"[""P1P2""]","[""RAD23B_-_110045557.23-P1P2|RAD23B_+_110045580.23-P1P2""]",True,False,True,processed/original_r3_records.csv
RAD50,R1:22040,PRKDC;RAD50,-0.475314724,False,True,True,True,True,True,True,"{""gamma_R2"": ""P1P2"", ""rho_ATMi_R2"": ""P1P2"", ""rho_ATRi_R2"": ""P1P2"", ""rho_R2"": ""P1P2"", ""rho_WEE1i_R2"": ""P1P2""}","{""gamma_R2"": ""13099"", ""rho_ATMi_R2"": ""13099"", ""rho_ATRi_R2"": ""13099"", ""rho_R2"": ""13099"", ""rho_WEE1i_R2"": ""13099""}",1,1,R3:13719,R3:13719,,included_primary,14,546,0.02564102564102564,-0.7796591588006633,-0.77965915880066328,P1P2,2.658310310498015E-3,0.30743840878925022,3,-12.138650692096499,sensitivity_hit,13099,-0.07630278553668764,-7.6302785536687637E-2,P1P2,0.97963163825604282,0.99377112443917559,3,-3.0740485071435349E-3,target_non_hit,13099,-0.5482852327411438,-0.54828523274114382,P1P2,5.6115427554889502E-4,0.34527083900129091,3,-11.956648958004971,sensitivity_hit,13099,-0.7024242352606801,-0.7024242352606801,P1P2,1.378435831668842E-3,0.44442349557488781,3,-15.80705617903417,sensitivity_hit,13099,-0.1576047119857356,-0.15760471198573561,P1P2,0.23600510852921711,0.90723236288685183,3,-0.69530761819641884,target_non_hit,13099,False,False,True,True,True,-0.9784063037056475,-0.9784063037056475,-0.9784063037056475,-0.3975750960450289,-0.3975750960450289,-0.3975750960450289,[-1],"[""P1P2""]","[""RAD50_-_131892731.23-P1P2|RAD50_+_131893239.23-P1P2""]",True,True,False,processed/original_r3_records.csv
RAD51AP1,R1:121754,PRKDC;RAD51AP1,0.0,False,True,True,True,True,True,True,"{""gamma_R2"": ""P1P2"", ""rho_ATMi_R2"": ""P1P2"", ""rho_ATRi_R2"": ""P1P2"", ""rho_R2"": ""P1P2"", ""rho_WEE1i_R2"": ""P1P2""}","{""gamma_R2"": ""13100"", ""rho_ATMi_R2"": ""13100"", ""rho_ATRi_R2"": ""13100"", ""rho_R2"": ""13100"", ""rho_WEE1i_R2"": ""13100""}",1,1,R3:13720,R3:13720,,included_primary,5,546,0.009157509157509158,-0.02462314181298971,-2.4623141812989711E-2,P1P2,0.86965927396069076,0.98010494749954191,3,-9.0282250757256106E-3,target_non_hit,13100,-0.0779742911535631,-7.7974291153563094E-2,P1P2,0.98438371393266733,0.99516470740788987,3,-2.4026791905552209E-3,target_non_hit,13100,-0.3873143523825284,-0.38731435238252843,P1P2,7.4750399250789246E-2,0.7040325981323764,3,-2.9264962531204479,target_non_hit,13100,-0.1488480926584727,-0.14884809265847271,P1P2,0.33809936198870871,0.94841780008655285,3,-0.55146203365862034,target_non_hit,13100,-0.08382619694076698,-8.3826196940766984E-2,P1P2,0.7845318541448818,0.98508943164132501,3,-6.2153069681584433E-2,target_non_hit,13100,False,False,False,True,True,0.2321944981722174,0.2321944981722174,0.2321944981722174,-0.02012901767952778,-0.02012901767952778,-0.02012901767952778,[1],"[""P1P2""]","[""RAD51AP1_+_4648103.23-P1P2|RAD51AP1_+_4648268.23-P1P2""]",True,False,True,processed/original_r3_records.csv
RAD51B,R1:48920,PRKDC;RAD51B,-0.184070715,False,True,True,True,True,True,True,"{""gamma_R2"": ""P1P2"", ""rho_ATMi_R2"": ""P1P2"", ""rho_ATRi_R2"": ""P1P2"", ""rho_R2"": ""P1P2"", ""rho_WEE1i_R2"": ""P1P2""}","{""gamma_R2"": ""13102"", ""rho_ATMi_R2"": ""13102"", ""rho_ATRi_R2"": ""13102"", ""rho_R2"": ""13102"", ""rho_WEE1i_R2"": ""13102""}",1,1,R3:13722,R3:13722,,included_primary,10,546,0.018315018315018316,-1.729264179681142,-1.7292641796811421,P1P2,1.739008628559088E-3,0.26486360463819769,3,-28.849935107909179,sensitivity_hit,13102,-0.9013719947625886,-0.90137199476258856,P1P2,1.058759896424338E-6,6.824477030424091E-4,3,-24.2787133233725,essential_hit,13102,-0.985189859161968,-0.985189859161968,P1P2,5.7953607063161078E-5,0.17173504779056281,3,-28.000584679703149,sensitivity_hit,13102,-1.123963667849686,-1.123963667849686,P1P2,7.0511380828025106E-7,7.0599776407241242E-3,3,-54.392952545247468,sensitivity_hit,13102,-0.07292011878767068,-7.2920118787670685E-2,P1P2,0.82209837296310739,0.98830604927748511,3,-4.3645685750399052E-2,target_non_hit,13102,False,False,True,True,True,-2.823241836641298,-2.823241836641298,-2.823241836641298,-0.2298562785007909,-0.2298562785007909,-0.2298562785007909,[-1],"[""P1P2""]","[""RAD51B_+_68286914.23-P1P2|RAD51B_-_68286534.23-P1P2""]",True,True,False,processed/original_r3_records.csv
RAD51D,R1:14957,PRKDC;RAD51D,-0.617917546,False,True,True,True,True,True,True,"{""gamma_R2"": ""P1P2"", ""rho_ATMi_R2"": ""P1P2"", ""rho_ATRi_R2"": ""P1P2"", ""rho_R2"": ""P1P2"", ""rho_WEE1i_R2"": ""P1P2""}","{""gamma_R2"": ""13104"", ""rho_ATMi_R2"": ""13104"", ""rho_ATRi_R2"": ""13104"", ""rho_R2"": ""13104"", ""rho_WEE1i_R2"": ""13104""}",1,1,R3:13723,R3:13723,,included_primary,13,546,0.023809523809523808,-0.7390470636484583,-0.73904706364845829,P1P2,1.24796517978962E-3,0.24700887064856761,3,-12.97359458662608,sensitivity_hit,13104,-1.143825665843208,-1.143825665843208,P1P2,8.8521764805154634E-5,1.090353573685195E-2,3,-20.897775223554209,essential_hit,13104,-0.7534471525695502,-0.75344715256955019,P1P2,4.493890453063502E-5,0.17173504779056281,3,-21.972380068985689,sensitivity_hit,13104,-1.039534853066426,-1.0395348530664259,P1P2,1.5779059346951571E-4,0.15908425115124969,3,-31.090967442657082,sensitivity_hit,13104,-0.2377519852519545,-0.23775198525195451,P1P2,0.1160049858651748,0.87626949928914311,3,-1.564820740689568,target_non_hit,13104,False,False,True,True,True,-1.941286120246628,-1.941286120246628,-1.941286120246628,-0.10213763396552,-0.10213763396552,-0.10213763396552,[-1],"[""P1P2""]","[""RAD51D_-_33446794.23-P1P2|RAD51D_-_33446789.23-P1P2""]",True,True,False,processed/original_r3_records.csv
RAD54B,R1:121756,PRKDC;RAD54B,0.0,False,True,True,True,True,True,True,"{""gamma_R2"": ""P1P2"", ""rho_ATMi_R2"": ""P1P2"", ""rho_ATRi_R2"": ""P1P2"", ""rho_R2"": ""P1P2"", ""rho_WEE1i_R2"": ""P1P2""}","{""gamma_R2"": ""13106"", ""rho_ATMi_R2"": ""13106"", ""rho_ATRi_R2"": ""13106"", ""rho_R2"": ""13106"", ""rho_WEE1i_R2"": ""13106""}",1,1,R3:13726,R3:13726,,included_primary,5,546,0.009157509157509158,0.1661285085917431,0.16612850859174311,P1P2,0.13800773073885531,0.71619482382101873,3,0.86380016867052511,target_non_hit,13106,-0.07149885312247968,-7.149885312247968E-2,P1P2,0.96626747531723312,0.99031129826333886,3,-4.8032061086199099E-3,target_non_hit,13106,-0.001276256989087773,-1.276256989087773E-3,P1P2,0.55970691746103818,0.9159394928408926,3,-2.1577612708359108E-3,target_non_hit,13106,-0.2399609864423112,-0.2399609864423112,P1P2,3.2311276664323631E-2,0.8755212412457879,3,-2.8138922092258691,target_non_hit,13106,0.05504864856343458,5.5048648563434582E-2,P1P2,0.61366932753041714,0.96725686368947716,3,8.2130159310362855E-2,target_non_hit,13106,False,False,False,True,True,0.1251352689557023,0.1251352689557023,0.1251352689557023,0.008662426470262318,0.008662426470262318,0.008662426470262318,[1],"[""P1P2""]","[""RAD54B_+_95487280.23-P1P2|RAD54B_+_95487295.23-P1P2""]",False,False,False,processed/original_r3_records.csv
RAD54L,R1:121757,PRKDC;RAD54L,0.0,False,True,True,True,True,True,True,"{""gamma_R2"": ""P1P2"", ""rho_ATMi_R2"": ""P1P2"", ""rho_ATRi_R2"": ""P1P2"", ""rho_R2"": ""P1P2"", ""rho_WEE1i_R2"": ""P1P2""}","{""gamma_R2"": ""13107"", ""rho_ATMi_R2"": ""13107"", ""rho_ATRi_R2"": ""13107"", ""rho_R2"": ""13107"", ""rho_WEE1i_R2"": ""13107""}",1,1,R3:13727,R3:13727,,included_primary,0,546,0.0,-0.2761845510469937,-0.27618455104699369,P1P2,6.1163013397789727E-2,0.6214340414077798,3,-2.0261194192901182,target_non_hit,13107,-0.2639043903480092,-0.26390439034800922,P1P2,4.271886082361321E-2,0.378145690255906,3,-1.6290697519858151,target_non_hit,13107,-0.4682806611770688,-0.46828066117706879,P1P2,1.4899662134000181E-4,0.23318935091362519,3,-12.02102819238004,sensitivity_hit,13107,-0.5467644075464287,-0.54676440754642874,P1P2,1.104995508071486E-3,0.41240953260763302,3,-12.71718363133775,sensitivity_hit,13107,0.008633124360454929,8.6331243604549288E-3,P1P2,0.43175230970275358,0.94305997199313496,3,2.2154775992150641E-2,target_non_hit,13107,False,False,True,True,True,-0.865787951448011,-0.865787951448011,-0.865787951448011,-0.01440070191122407,-0.01440070191122407,-0.01440070191122407,[-1],"[""P1P2""]","[""RAD54L_+_46713775.23-P1P2|RAD54L_-_46713431.23-P1P2""]",True,True,False,processed/original_r3_records.csv
RAD9B,R1:7666,PRKDC;RAD9B,-0.857134952,False,True,True,True,True,True,True,"{""gamma_R2"": ""P1P2"", ""rho_ATMi_R2"": ""P1P2"", ""rho_ATRi_R2"": ""P1P2"", ""rho_R2"": ""P1P2"", ""rho_WEE1i_R2"": ""P1P2""}","{""gamma_R2"": ""13110"", ""rho_ATMi_R2"": ""13110"", ""rho_ATRi_R2"": ""13110"", ""rho_R2"": ""13110"", ""rho_WEE1i_R2"": ""13110""}",1,1,R3:13729,R3:13729,,included_primary,70,546,0.1282051282051282,-1.097579611699346,-1.0975796116993459,P1P2,1.4826189449509841E-2,0.47014170880534423,3,-12.135693963360531,sensitivity_hit,13110,-0.8773105771602987,-0.8773105771602987,P1P2,1.3814087203302429E-3,5.8572511234551983E-2,3,-11.30939694363405,essential_hit,13110,-0.3559486076976455,-0.35594860769764552,P1P2,0.17417861854793051,0.77712443812403709,3,-1.812295355565928,target_non_hit,13110,0.008246396260186195,8.2463962601861951E-3,P1P2,0.93767406386155305,0.99902159187214878,3,1.813045766113433E-3,target_non_hit,13110,-0.4242879620221252,-0.42428796202212521,P1P2,6.5501900543023822E-2,0.83973853051924363,3,-3.533499900454149,target_non_hit,13110,False,False,True,True,True,-0.2352189205897315,-0.2352189205897315,-0.2352189205897315,-0.07218548496059497,-0.07218548496059497,-0.07218548496059497,[-1],"[""P1P2""]","[""RAD9B_+_110939852.23-P1P2|RAD9B_+_110939846.23-P1P2""]",True,True,False,processed/original_r3_records.csv
RCHY1,R1:121758,PRKDC;RCHY1,0.0,False,True,True,True,True,True,True,"{""gamma_R2"": ""P1P2"", ""rho_ATMi_R2"": ""P1P2"", ""rho_ATRi_R2"": ""P1P2"", ""rho_R2"": ""P1P2"", ""rho_WEE1i_R2"": ""P1P2""}","{""gamma_R2"": ""13297"", ""rho_ATMi_R2"": ""13297"", ""rho_ATRi_R2"": ""13297"", ""rho_R2"": ""13297"", ""rho_WEE1i_R2"": ""13297""}",1,1,R3:13920,R3:13920,,included_primary,4,546,0.007326007326007326,-0.4098577638321503,-0.40985776383215028,P1P2,4.125687497049494E-2,0.58756161550194141,3,-3.4304348264161741,target_non_hit,13297,-0.6477124635768436,-0.64771246357684364,P1P2,0.36568401721506322,0.7134936554130159,3,-1.275637660037009,target_non_hit,13297,-0.3225033457406667,-0.32250334574066669,P1P2,7.9453556536127054E-2,0.70915882756653748,3,-2.3794638432778128,target_non_hit,13297,-0.02393639987146597,-2.3936399871465969E-2,P1P2,0.63369585287233399,0.97846780731982097,3,-3.7305905727332909E-2,target_non_hit,13297,-0.08143296180229553,-8.1432961802295534E-2,P1P2,0.46922827822594809,0.94819272489813466,3,-0.1882671352878677,target_non_hit,13297,False,False,True,True,True,-0.6635399307258717,-0.6635399307258717,-0.6635399307258717,-0.01371435741556038,-0.01371435741556038,-0.01371435741556038,[-1],"[""P1P2""]","[""RCHY1_+_76439442.23-P1P2|RCHY1_+_76439508.23-P1P2""]",True,True,False,processed/original_r3_records.csv
REC8,R1:121759,PRKDC;REC8,0.0,False,True,True,True,True,True,True,"{""gamma_R2"": ""P1P2"", ""rho_ATMi_R2"": ""P1P2"", ""rho_ATRi_R2"": ""P1P2"", ""rho_R2"": ""P1P2"", ""rho_WEE1i_R2"": ""P1P2""}","{""gamma_R2"": ""13319"", ""rho_ATMi_R2"": ""13319"", ""rho_ATRi_R2"": ""13319"", ""rho_R2"": ""13319"", ""rho_WEE1i_R2"": ""13319""}",1,1,R3:13941,R3:13941,,included_primary,1,546,0.0018315018315018315,-0.01568084406237955,-1.5680844062379549E-2,P1P2,0.98962959820869512,1,3,-4.2917352264808858E-4,target_non_hit,13319,-0.5998658984407387,-0.59986589844073868,P1P2,0.1203086403395254,0.54075873957604559,3,-2.4869716778016961,target_non_hit,13319,-0.08449235611957251,-8.4492356119572509E-2,P1P2,0.90586505601799183,0.98889052187965487,3,-2.4335537430086061E-2,target_non_hit,13319,0.1464931698913592,0.14649316989135919,P1P2,0.44809365246285698,0.9579264100078505,3,0.40176858107177099,target_non_hit,13319,0.1454605863880225,0.14546058638802251,P1P2,0.41541351870060139,0.9418707401127584,3,0.39043410233802162,target_non_hit,13319,False,False,False,True,True,1.486506284321581,1.486506284321581,1.486506284321581,-0.2251242128099232,-0.2251242128099232,-0.2251242128099232,[1],"[""P1P2""]","[""REC8_+_24641325.23-P1P2|REC8_-_24641324.23-P1P2""]",True,False,True,processed/original_r3_records.csv
RECQL,R1:58562,PRKDC;RECQL,-0.114059735,False,True,True,True,True,True,True,"{""gamma_R2"": ""P1P2"", ""rho_ATMi_R2"": ""P1P2"", ""rho_ATRi_R2"": ""P1P2"", ""rho_R2"": ""P1P2"", ""rho_WEE1i_R2"": ""P1P2""}","{""gamma_R2"": ""13321"", ""rho_ATMi_R2"": ""13321"", ""rho_ATRi_R2"": ""13321"", ""rho_R2"": ""13321"", ""rho_WEE1i_R2"": ""13321""}",1,1,R3:13943,R3:13943,,included_primary,5,546,0.009157509157509158,0.2000814478637851,0.20008144786378509,P1P2,0.24133467664230179,0.79004648966924462,3,0.74676071611005634,target_non_hit,13321,-0.3005765819094599,-0.30057658190945991,P1P2,0.22244570171018721,0.62377104434187025,3,-0.8844805459526992,target_non_hit,13321,0.2008098525452221,0.2008098525452221,P1P2,0.19445765178682881,0.78687075783204308,3,0.95798437926430113,target_non_hit,13321,-0.0605176260350094,-6.0517626035009403E-2,P1P2,0.5423827289210259,0.96723384022030146,3,-0.12649000402629121,target_non_hit,13321,0.1013765878519964,0.10137658785199639,P1P2,0.78911510887361536,0.98557698927503312,3,7.3361548137362981E-2,target_non_hit,13321,False,False,True,True,True,-0.08793450748156868,-0.08793450748156868,-0.08793450748156868,-0.10511885555315,-0.10511885555315,-0.10511885555315,[-1],"[""P1P2""]","[""RECQL_-_21654420.23-P1P2|RECQL_+_21654447.23-P1P2""]",False,True,True,processed/original_r3_records.csv
RECQL5,R1:8444,PRKDC;RECQL5,-0.818881144,False,True,True,True,True,True,True,"{""gamma_R2"": ""P1P2"", ""rho_ATMi_R2"": ""P1P2"", ""rho_ATRi_R2"": ""P1P2"", ""rho_R2"": ""P1P2"", ""rho_WEE1i_R2"": ""P1P2""}","{""gamma_R2"": ""13323"", ""rho_ATMi_R2"": ""13323"", ""rho_ATRi_R2"": ""13323"", ""rho_R2"": ""13323"", ""rho_WEE1i_R2"": ""13323""}",1,1,R3:13945,R3:13945,,included_primary,13,546,0.023809523809523808,0.1430285982569166,0.14302859825691661,P1P2,0.22187950846424009,0.77764011765665841,3,0.56538553630432087,target_non_hit,13323,-0.0425233499078906,-4.2523349907890598E-2,P1P2,0.81430216108041165,0.93770613453471385,3,-1.710139222328393E-2,target_non_hit,13323,0.05792915298231806,5.7929152982318058E-2,P1P2,0.63865458664510677,0.93416791471802529,3,7.5672108563350035E-2,target_non_hit,13323,0.0669702234189935,6.6970223418993502E-2,P1P2,0.53820856308119203,0.96699808775421714,3,0.14174446340965649,target_non_hit,13323,0.1753400182353563,0.1753400182353563,P1P2,1.8656951155903899E-2,0.74494277208833248,3,2.1330541037063919,target_non_hit,13323,False,False,False,True,True,0.1912493438695427,0.1912493438695427,0.1912493438695427,0.02674391762830681,0.02674391762830681,0.02674391762830681,[1],"[""P1P2""]","[""RECQL5_+_73663187.23-P1P2|RECQL5_-_73663242.23-P1P2""]",False,False,False,processed/original_r3_records.csv
REV1,R1:17711,PRKDC;REV1,-0.55471341,False,True,True,True,True,True,True,"{""gamma_R2"": ""P1P2"", ""rho_ATMi_R2"": ""P1P2"", ""rho_ATRi_R2"": ""P1P2"", ""rho_R2"": ""P1P2"", ""rho_WEE1i_R2"": ""P1P2""}","{""gamma_R2"": ""13360"", ""rho_ATMi_R2"": ""13360"", ""rho_ATRi_R2"": ""13360"", ""rho_R2"": ""13360"", ""rho_WEE1i_R2"": ""13360""}",1,1,R3:13984,R3:13984,,included_primary,9,546,0.016483516483516484,-0.07827738512485918,-7.8277385124859183E-2,P1P2,0.70165726604321832,0.94173438887533112,3,-7.2815895407378983E-2,target_non_hit,13360,-0.6895386814047706,-0.68953868140477059,P1P2,4.3291804026504913E-2,0.38054294912627429,3,-4.2385059139458043,target_non_hit,13360,-0.1269925017330837,-0.12699250173308371,P1P2,0.30341514803518171,0.8332270813870909,3,-0.44123865352156488,target_non_hit,13360,-0.5167762684409102,-0.51677626844091018,P1P2,0.1242682997907683,0.92426717022387561,3,-3.681716302237255,target_non_hit,13360,-0.230869746653321,-0.230869746653321,P1P2,0.47078281826754509,0.94868307223840986,3,-0.53142108871868443,target_non_hit,13360,False,False,False,True,True,0.1228128684412434,0.1228128684412434,0.1228128684412434,-0.1980332428391113,-0.1980332428391113,-0.1980332428391113,[1],"[""P1P2""]","[""REV1_+_100106432.23-P1P2|REV1_-_100106381.23-P1P2""]",True,False,True,processed/original_r3_records.csv
REV3L,R1:121760,PRKDC;REV3L,0.0,False,True,True,True,True,True,True,"{""gamma_R2"": ""P1P2"", ""rho_ATMi_R2"": ""P1P2"", ""rho_ATRi_R2"": ""P1P2"", ""rho_R2"": ""P1P2"", ""rho_WEE1i_R2"": ""P1P2""}","{""gamma_R2"": ""13361"", ""rho_ATMi_R2"": ""13361"", ""rho_ATRi_R2"": ""13361"", ""rho_R2"": ""13361"", ""rho_WEE1i_R2"": ""13361""}",1,1,R3:13985,R3:13985,,included_primary,5,546,0.009157509157509158,-0.5342295512045667,-0.53422955120456672,P1P2,8.8915158880200241E-5,7.94329538453422E-2,3,-13.083219843295741,sensitivity_hit,13361,-0.1954570000564217,-0.19545700005642169,P1P2,0.26482248268290209,0.64988705247799594,3,-0.50842863118885451,target_non_hit,13361,-0.1954067898314623,-0.19540678983146231,P1P2,0.18670265681127179,0.78261269047599136,3,-0.95537629883311637,target_non_hit,13361,-0.4051189060818975,-0.40511890608189749,P1P2,5.0125402027950093E-3,0.66834860677281027,3,-7.3297937428544531,sensitivity_hit,13361,-0.1696856906259154,-0.1696856906259154,P1P2,0.22333682711511929,0.90386834012127226,3,-0.77721017465673636,target_non_hit,13361,False,False,True,True,True,-0.08815927369085456,-0.08815927369085456,-0.08815927369085456,-0.02518853470194763,-0.02518853470194763,-0.02518853470194763,[-1],"[""P1P2""]","[""REV3L_+_111804354.23-P1P2|REV3L_-_111804372.23-P1P2""]",True,True,False,processed/original_r3_records.csv
REXO4,R1:34921,PRKDC;REXO4,-0.30833954,False,True,True,True,True,True,True,"{""gamma_R2"": ""P1P2"", ""rho_ATMi_R2"": ""P1P2"", ""rho_ATRi_R2"": ""P1P2"", ""rho_R2"": ""P1P2"", ""rho_WEE1i_R2"": ""P1P2""}","{""gamma_R2"": ""13364"", ""rho_ATMi_R2"": ""13364"", ""rho_ATRi_R2"": ""13364"", ""rho_R2"": ""13364"", ""rho_WEE1i_R2"": ""13364""}",1,1,R3:13988,R3:13988,,included_primary,1,546,0.0018315018315018315,-0.2734257537165739,-0.2734257537165739,P1P2,0.39725966301998222,0.85360601665671809,3,-0.66271229046358859,target_non_hit,13364,-0.07426663760946213,-7.426663760946213E-2,P1P2,0.72365357287085597,0.90040695909376534,3,-4.7026658859740458E-2,target_non_hit,13364,-0.05965971096443375,-5.9659710964433753E-2,P1P2,0.64625165661492701,0.93593069830814546,3,-7.5877428763272123E-2,target_non_hit,13364,-0.09800733859153712,-9.8007338591537124E-2,P1P2,0.15039058234061281,0.93245050780727523,3,-0.63435784902245063,target_non_hit,13364,-0.0780442475258658,-7.8044247525865806E-2,P1P2,0.94613445449848377,1,3,-1.3203533661496481E-2,target_non_hit,13364,False,False,False,True,True,0.4929684042432546,0.4929684042432546,0.4929684042432546,-0.0220277973380552,-0.0220277973380552,-0.0220277973380552,[1],"[""P1P2""]","[""REXO4_-_136283104.23-P1P2|REXO4_+_136283069.23-P1P2""]",True,False,True,processed/original_r3_records.csv
RFWD3,R1:121763,PRKDC;RFWD3,0.0,False,True,True,True,True,True,True,"{""gamma_R2"": ""P1P2"", ""rho_ATMi_R2"": ""P1P2"", ""rho_ATRi_R2"": ""P1P2"", ""rho_R2"": ""P1P2"", ""rho_WEE1i_R2"": ""P1P2""}","{""gamma_R2"": ""13382"", ""rho_ATMi_R2"": ""13382"", ""rho_ATRi_R2"": ""13382"", ""rho_R2"": ""13382"", ""rho_WEE1i_R2"": ""13382""}",1,1,R3:14005,R3:14005,,included_primary,13,546,0.023809523809523808,-0.1720065564479191,-0.1720065564479191,P1P2,0.38567844343264301,0.84937726126141488,3,-0.43025978890197047,target_non_hit,13382,-0.4880655887240457,-0.48806558872404571,P1P2,7.0624948421036575E-4,3.8712475718690083E-2,3,-6.9326829278129862,essential_hit,13382,-0.1389566770843757,-0.1389566770843757,P1P2,0.44966366245474781,0.87950976196057862,3,-0.32355361617164979,target_non_hit,13382,-0.4765390181301421,-0.4765390181301421,P1P2,8.9131053729009379E-4,0.37828381781553272,3,-11.43369238311578,sensitivity_hit,13382,0.03212381836185596,3.212381836185596E-2,P1P2,0.53113030498485259,0.9590623849937937,3,6.2105204018991049E-2,target_non_hit,13382,False,False,True,True,True,-0.3186336975085267,-0.3186336975085267,-0.3186336975085267,0.02142101764937094,0.02142101764937094,0.02142101764937094,[-1],"[""P1P2""]","[""RFWD3_+_74700751.23-P1P2|RFWD3_+_74700744.23-P1P2""]",True,True,False,processed/original_r3_records.csv
RHNO1,R1:29972,PRKDC;RHNO1,-0.364218916,False,True,True,True,True,True,True,"{""gamma_R2"": ""P1P2"", ""rho_ATMi_R2"": ""P1P2"", ""rho_ATRi_R2"": ""P1P2"", ""rho_R2"": ""P1P2"", ""rho_WEE1i_R2"": ""P1P2""}","{""gamma_R2"": ""13451"", ""rho_ATMi_R2"": ""13451"", ""rho_ATRi_R2"": ""13451"", ""rho_R2"": ""13451"", ""rho_WEE1i_R2"": ""13451""}",1,1,R3:14087,R3:14087,,included_primary,17,546,0.031135531135531136,-1.209730114175151,-1.2097301141751511,P1P2,3.635798197183449E-4,0.16113890994919339,3,-25.153191812815169,sensitivity_hit,13451,-0.4728572239637486,-0.47285722396374857,P1P2,2.7646937713591328E-5,5.0062080407813217E-3,3,-9.7164351437189751,essential_hit,13451,-0.6428413263748973,-0.64284132637489733,P1P2,8.3445216281506889E-5,0.20363761968298241,3,-17.587807399877011,sensitivity_hit,13451,-0.7726074319484632,-0.77260743194846315,P1P2,1.029590535744336E-5,4.4734397868706838E-2,3,-30.312363198464642,sensitivity_hit,13451,-0.2022912238064398,-0.2022912238064398,P1P2,0.22639506143214941,0.90506079024877328,3,-0.91814684537384084,target_non_hit,13451,False,False,True,True,True,-1.972202060597487,-1.972202060597487,-1.972202060597487,-0.1694404189208298,-0.1694404189208298,-0.1694404189208298,[-1],"[""P1P2""]","[""RHNO1_-_2986478.23-P1P2|RHNO1_-_2986438.23-P1P2""]",True,True,False,processed/original_r3_records.csv
RIF1,R1:45479,PRKDC;RIF1,-0.211148309,False,True,True,True,True,True,True,"{""gamma_R2"": ""P1P2"", ""rho_ATMi_R2"": ""P1P2"", ""rho_ATRi_R2"": ""P1P2"", ""rho_R2"": ""P1P2"", ""rho_WEE1i_R2"": ""P1P2""}","{""gamma_R2"": ""13479"", ""rho_ATMi_R2"": ""13479"", ""rho_ATRi_R2"": ""13479"", ""rho_R2"": ""13479"", ""rho_WEE1i_R2"": ""13479""}",1,1,R3:14116,R3:14116,,included_primary,35,546,0.0641025641025641,0.1484630638708899,0.14846306387088989,P1P2,0.14751576972303679,0.72430013282554706,3,0.74597755103401342,target_non_hit,13479,-0.7025034645531267,-0.70250346455312673,P1P2,8.2300775119087584E-4,4.2619576462863323E-2,3,-9.7682271266643426,essential_hit,13479,0.5120730666011851,0.51207306660118512,P1P2,6.9682905489849389E-4,0.34527083900129091,3,10.843914864518521,resistance_hit,13479,-0.2109465468395807,-0.2109465468395807,P1P2,0.30602914490600758,0.94481942392096563,3,-0.85335208525862671,target_non_hit,13479,-0.0894006209873049,-8.9400620987304905E-2,P1P2,0.58271552099189639,0.96308602703507873,3,-0.14751955397910271,target_non_hit,13479,False,False,True,True,True,-0.5153651303623635,-0.5153651303623635,-0.5153651303623635,-0.08664513538724601,-0.08664513538724601,-0.08664513538724601,[-1],"[""P1P2""]","[""RIF1_-_152266700.23-P1P2|RIF1_+_152266651.23-P1P2""]",False,True,True,processed/original_r3_records.csv
RMI1,R1:121764,PRKDC;RMI1,0.0,False,True,True,True,True,True,True,"{""gamma_R2"": ""P1P2"", ""rho_ATMi_R2"": ""P1P2"", ""rho_ATRi_R2"": ""P1P2"", ""rho_R2"": ""P1P2"", ""rho_WEE1i_R2"": ""P1P2""}","{""gamma_R2"": ""13522"", ""rho_ATMi_R2"": ""13522"", ""rho_ATRi_R2"": ""13522"", ""rho_R2"": ""13522"", ""rho_WEE1i_R2"": ""13522""}",1,1,R3:14161,R3:14161,,included_primary,14,545,0.025688073394495414,0.2385519775732458,0.23855197757324581,P1P2,8.3797795715941883E-2,0.65814978419457937,3,1.5528403826053601,target_non_hit,13522,-0.1189178025658196,-0.1189178025658196,P1P2,0.32575642412563088,0.68981427064425327,3,-0.261120057686554,target_non_hit,13522,-0.1302392548537831,-0.1302392548537831,P1P2,0.66480705056160383,0.94104630256127353,3,-0.15490246423543019,target_non_hit,13522,-0.09126587648515964,-9.1265876485159644E-2,P1P2,0.57501035161887182,0.97345094515966479,3,-0.17254346504678231,target_non_hit,13522,0.0350258703335764,3.5025870333576403E-2,P1P2,0.51973464189910379,0.95742395634413091,3,7.0036887822047159E-2,target_non_hit,13522,False,False,False,True,True,1.055192945456468,1.055192945456468,1.055192945456468,-0.008802274770323979,-0.008802274770323979,-0.008802274770323979,[1],"[""P1P2""]","[""RMI1_+_86595732.23-P1P2|RMI1_+_86595743.23-P1P2""]",False,False,False,processed/original_r3_records.csv
RMI2,R1:11927,PRKDC;RMI2,-0.69942997,False,True,True,True,True,True,True,"{""gamma_R2"": ""P1P2"", ""rho_ATMi_R2"": ""P1P2"", ""rho_ATRi_R2"": ""P1P2"", ""rho_R2"": ""P1P2"", ""rho_WEE1i_R2"": ""P1P2""}","{""gamma_R2"": ""13523"", ""rho_ATMi_R2"": ""13523"", ""rho_ATRi_R2"": ""13523"", ""rho_R2"": ""13523"", ""rho_WEE1i_R2"": ""13523""}",1,1,R3:14162,R3:14162,,included_primary,16,546,0.029304029304029304,0.1724117720386425,0.1724117720386425,P1P2,6.3190817934892993E-2,0.62718573388048593,3,1.25006705542966,target_non_hit,13523,-0.4608455176712799,-0.4608455176712799,P1P2,0.33682416147376187,0.69697959663584064,3,-0.98178204928096779,target_non_hit,13523,-0.3447145167939681,-0.34471451679396808,P1P2,8.489905677214857E-4,0.34527083900129091,3,-7.1014997710624677,sensitivity_hit,13523,-0.09684346450570036,-9.6843464505700361E-2,P1P2,0.43611651918026262,0.95705965795465298,3,-0.27456449508026881,target_non_hit,13523,-0.1869694641333002,-0.18696946413330021,P1P2,0.37266686642353192,0.93256353039815565,3,-0.56388290199307523,target_non_hit,13523,False,False,False,True,True,1.028940643818673,1.028940643818673,1.028940643818673,-0.4637979986632035,-0.4637979986632035,-0.4637979986632035,[1],"[""P1P2""]","[""RMI2_-_11439334.23-P1P2|RMI2_-_11439370.23-P1P2""]",False,False,False,processed/original_r3_records.csv
RNASEH2A,R1:23937,PRKDC;RNASEH2A,-0.445610362,False,True,True,True,True,True,True,"{""gamma_R2"": ""P1P2"", ""rho_ATMi_R2"": ""P1P2"", ""rho_ATRi_R2"": ""P1P2"", ""rho_R2"": ""P1P2"", ""rho_WEE1i_R2"": ""P1P2""}","{""gamma_R2"": ""13539"", ""rho_ATMi_R2"": ""13539"", ""rho_ATRi_R2"": ""13539"", ""rho_R2"": ""13539"", ""rho_WEE1i_R2"": ""13539""}",1,1,R3:14178,R3:14178,,included_primary,17,546,0.031135531135531136,-0.2718187244912698,-0.27181872449126981,P1P2,0.1198670735762413,0.70133657801446136,3,-1.513918102923848,target_non_hit,13539,-0.1460797078482745,-0.14607970784827451,P1P2,0.37428599474828861,0.71907244325351583,3,-0.28104744400243059,target_non_hit,13539,-0.1760554248428129,-0.17605542484281289,P1P2,7.26410016609884E-2,0.70272855210446217,3,-1.3449333201550291,target_non_hit,13539,-0.2623423685453489,-0.26234236854534893,P1P2,2.5968531586667981E-2,0.86447264228200982,3,-3.2722119409280088,target_non_hit,13539,-0.1756583816980347,-0.17565838169803469,P1P2,0.1638370411207255,0.89700653739935565,3,-0.97084406010398561,target_non_hit,13539,False,False,False,True,True,0.7335074346459919,0.7335074346459919,0.7335074346459919,-0.02414202007016593,-0.02414202007016593,-0.02414202007016593,[1],"[""P1P2""]","[""RNASEH2A_-_12917521.23-P1P2|RNASEH2A_+_12917522.23-P1P2""]",True,False,True,processed/original_r3_records.csv
RNF111,R1:45752,PRKDC;RNF111,-0.209043035,False,True,True,True,True,True,True,"{""gamma_R2"": ""P1P2"", ""rho_ATMi_R2"": ""P1P2"", ""rho_ATRi_R2"": ""P1P2"", ""rho_R2"": ""P1P2"", ""rho_WEE1i_R2"": ""P1P2""}","{""gamma_R2"": ""13552"", ""rho_ATMi_R2"": ""13552"", ""rho_ATRi_R2"": ""13552"", ""rho_R2"": ""13552"", ""rho_WEE1i_R2"": ""13552""}",1,1,R3:14191,R3:14191,,included_primary,0,546,0.0,-0.2200901369309246,-0.22009013693092461,P1P2,0.25991841908745378,0.79836857098255465,3,-0.77857291445929833,target_non_hit,13552,0.2058401893081753,0.2058401893081753,P1P2,0.1315562855322602,0.5548441050866959,3,0.81737253261935805,target_non_hit,13552,-0.08897927902977276,-8.8979279029772762E-2,P1P2,0.98171572665040308,0.99956138671458483,3,-4.7835334415046076E-3,target_non_hit,13552,0.0355894124740416,3.5589412474041598E-2,P1P2,0.8211261631823169,0.99113237577158952,3,2.3962754391100419E-2,target_non_hit,13552,-0.5397983962275074,-0.53979839622750736,P1P2,7.8322204027663541E-3,0.62387845581565005,3,-7.9983334220176152,sensitivity_hit,13552,False,False,False,True,True,0.3225010609681134,0.3225010609681134,0.3225010609681134,-0.002647024958519739,-0.002647024958519739,-0.002647024958519739,[1],"[""P1P2""]","[""RNF111_-_59279883.23-P1P2|RNF111_-_59279905.23-P1P2""]",True,False,True,processed/original_r3_records.csv
RNF138,R1:44055,PRKDC;RNF138,-0.223004786,False,True,True,True,True,True,True,"{""gamma_R2"": ""P1P2"", ""rho_ATMi_R2"": ""P1P2"", ""rho_ATRi_R2"": ""P1P2"", ""rho_R2"": ""P1P2"", ""rho_WEE1i_R2"": ""P1P2""}","{""gamma_R2"": ""13568"", ""rho_ATMi_R2"": ""13568"", ""rho_ATRi_R2"": ""13568"", ""rho_R2"": ""13568"", ""rho_WEE1i_R2"": ""13568""}",1,1,R3:14207,R3:14207,,included_primary,3,546,0.005494505494505495,0.2866152040997894,0.28661520409978941,P1P2,0.1171566084897163,0.69847847001882635,3,1.613539400245217,target_non_hit,13568,-0.01497121776086156,-1.497121776086156E-2,P1P2,0.96501588064689447,0.98987659722405108,3,-1.0437372526110589E-3,target_non_hit,13568,0.001769626648062683,1.769626648062683E-3,P1P2,0.97844765483787643,0.9992458788274855,3,1.123259389160643E-4,target_non_hit,13568,-0.1374054832061011,-0.1374054832061011,P1P2,0.28689429050994758,0.94382595124457902,3,-0.58616307776918941,target_non_hit,13568,0.03900272522682526,3.9002725226825262E-2,P1P2,0.61895365817492487,0.96778429162732393,3,5.7168568219706818E-2,target_non_hit,13568,False,False,True,True,True,-0.3128818147395946,-0.3128818147395946,-0.3128818147395946,-0.02373733461027022,-0.02373733461027022,-0.02373733461027022,[-1],"[""P1P2""]","[""RNF138_+_29671902.23-P1P2|RNF138_-_29672099.23-P1P2""]",False,True,True,processed/original_r3_records.csv
RNF168,R1:121765,PRKDC;RNF168,0.0,False,True,True,True,True,True,True,"{""gamma_R2"": ""P1P2"", ""rho_ATMi_R2"": ""P1P2"", ""rho_ATRi_R2"": ""P1P2"", ""rho_R2"": ""P1P2"", ""rho_WEE1i_R2"": ""P1P2""}","{""gamma_R2"": ""13585"", ""rho_ATMi_R2"": ""13585"", ""rho_ATRi_R2"": ""13585"", ""rho_R2"": ""13585"", ""rho_WEE1i_R2"": ""13585""}",1,1,R3:14228,R3:14228,,included_primary,7,546,0.01282051282051282,-0.03904539077672794,-3.9045390776727938E-2,P1P2,0.74257708952568569,0.95275089945675684,3,-3.0510591408663981E-2,target_non_hit,13585,-0.271828519692806,-0.27182851969280603,P1P2,0.1540442562016304,0.57919773184068635,3,-0.99542738108303497,target_non_hit,13585,-0.8783410180574943,-0.87834101805749432,P1P2,6.2712775521050243E-4,0.34527083900129091,3,-18.86986438945819,sensitivity_hit,13585,-0.7286230050441176,-0.72862300504411759,P1P2,1.3469581561062569E-3,0.44442349557488781,3,-16.454126697217301,sensitivity_hit,13585,0.1733328437557997,0.17333284375579969,P1P2,0.31243841233795522,0.92368631316930994,3,0.61611332280867293,target_non_hit,13585,False,False,True,True,True,-1.128315577869014,-1.128315577869014,-1.128315577869014,-0.03535188036988086,-0.03535188036988086,-0.03535188036988086,[-1],"[""P1P2""]","[""RNF168_+_196230575.23-P1P2|RNF168_+_196230600.23-P1P2""]",True,True,False,processed/original_r3_records.csv
RNF169,R1:64193,PRKDC;RNF169,-0.075356292,False,True,True,True,True,True,True,"{""gamma_R2"": ""P1P2"", ""rho_ATMi_R2"": ""P1P2"", ""rho_ATRi_R2"": ""P1P2"", ""rho_R2"": ""P1P2"", ""rho_WEE1i_R2"": ""P1P2""}","{""gamma_R2"": ""13586"", ""rho_ATMi_R2"": ""13586"", ""rho_ATRi_R2"": ""13586"", ""rho_R2"": ""13586"", ""rho_WEE1i_R2"": ""13586""}",1,1,R3:14229,R3:14229,,included_primary,1,546,0.0018315018315018315,0.04028605812084167,4.028605812084167E-2,P1P2,0.67985122241169316,0.93753407517566212,3,4.0814521455769817E-2,target_non_hit,13586,-0.07933990057061487,-7.9339900570614866E-2,P1P2,0.83474948089583756,0.94526444358552442,3,-2.8055595231081441E-2,target_non_hit,13586,0.1915823955890805,0.1915823955890805,P1P2,0.1126237422077055,0.73369241275206043,3,1.2187942020616651,target_non_hit,13586,-0.1727249483456306,-0.1727249483456306,P1P2,0.28831758412878877,0.94408331573184245,3,-0.73391336423351572,target_non_hit,13586,-0.0601941668739685,-6.0194166873968502E-2,P1P2,0.92653944651747944,0.99911398755530845,3,-1.4032706214151241E-2,target_non_hit,13586,False,False,False,True,True,0.8446220106776977,0.8446220106776977,0.8446220106776977,-0.006806668703996235,-0.006806668703996235,-0.006806668703996235,[1],"[""P1P2""]","[""RNF169_-_74460193.23-P1P2|RNF169_-_74460124.23-P1P2""]",False,False,False,processed/original_r3_records.csv
RNF8,R1:5088,PRKDC;RNF8,-1.00248375,True,True,True,True,True,True,True,"{""gamma_R2"": ""P1P2"", ""rho_ATMi_R2"": ""P1P2"", ""rho_ATRi_R2"": ""P1P2"", ""rho_R2"": ""P1P2"", ""rho_WEE1i_R2"": ""P1P2""}","{""gamma_R2"": ""13630"", ""rho_ATMi_R2"": ""13630"", ""rho_ATRi_R2"": ""13630"", ""rho_R2"": ""13630"", ""rho_WEE1i_R2"": ""13630""}",1,1,R3:14278,R3:14278,,included_primary,43,546,0.07875457875457875,-0.414602888592106,-0.41460288859210598,P1P2,1.401135874316051E-2,0.46363348600461451,3,-4.6457029344561418,target_non_hit,13630,-1.203388370911041,-1.2033883709110409,P1P2,1.3140547497747781E-5,3.0360107550121891E-3,3,-26.480000360931299,essential_hit,13630,-2.755723271270231,-2.7557232712702309,P1P2,7.1589561906852569E-7,1.3976430171074829E-2,3,-113.5965297605759,sensitivity_hit,13630,-0.9276603040430118,-0.92766030404301181,P1P2,1.148424566671146E-6,8.9682771260483161E-3,3,-43.347121125332798,sensitivity_hit,13630,-0.5460889057116148,-0.54608890571161484,P1P2,1.6820464735847689E-2,0.72302257139209536,3,-6.8162018288253341,sensitivity_hit,13630,False,False,True,True,True,-0.3539929091778883,-0.3539929091778883,-0.3539929091778883,-0.2341576101388056,-0.2341576101388056,-0.2341576101388056,[-1],"[""P1P2""]","[""RNF8_-_37322257.23-P1P2|RNF8_-_37322005.23-P1P2""]",True,True,False,processed/original_r3_records.csv
RPA4,R1:55768,PRKDC;RPA4,-0.133044892,False,True,True,True,True,True,True,"{""gamma_R2"": ""P1P2"", ""rho_ATMi_R2"": ""P1P2"", ""rho_ATRi_R2"": ""P1P2"", ""rho_R2"": ""P1P2"", ""rho_WEE1i_R2"": ""P1P2""}","{""gamma_R2"": ""13666"", ""rho_ATMi_R2"": ""13666"", ""rho_ATRi_R2"": ""13666"", ""rho_R2"": ""13666"", ""rho_WEE1i_R2"": ""13666""}",1,1,R3:14311,R3:14311,,included_primary,5,546,0.009157509157509158,-0.07037319062586325,-7.0373190625863252E-2,P1P2,0.93626295565195983,0.99124654277657109,3,-1.2168245496447161E-2,target_non_hit,13666,-0.1589850713181451,-0.1589850713181451,P1P2,0.48451782819697092,0.78412082396397909,3,-0.22553221966055911,target_non_hit,13666,0.1240076040001976,0.1240076040001976,P1P2,0.44568175950672989,0.87818986615796124,3,0.29195883624954683,target_non_hit,13666,0.05161186712232817,5.1611867122328167E-2,P1P2,0.80630609757050242,0.99113237577158952,3,3.7962409954797209E-2,target_non_hit,13666,-0.05009095635703426,-5.0090956357034262E-2,P1P2,0.54858477999473787,0.9590623849937937,3,-9.1892455291149963E-2,target_non_hit,13666,False,False,False,True,True,0.1023209993512208,0.1023209993512208,0.1023209993512208,-0.007575918295272768,-0.007575918295272768,-0.007575918295272768,[1],"[""P1P2""]","[""RPA4_+_96139247.23-P1P2|RPA4_+_96139276.23-P1P2""]",True,False,True,processed/original_r3_records.csv
RRM2B,R1:121766,PRKDC;RRM2B,0.0,False,True,True,True,True,True,True,"{""gamma_R2"": ""P1P2"", ""rho_ATMi_R2"": ""P1P2"", ""rho_ATRi_R2"": ""P1P2"", ""rho_R2"": ""P1P2"", ""rho_WEE1i_R2"": ""P1P2""}","{""gamma_R2"": ""13794"", ""rho_ATMi_R2"": ""13794"", ""rho_ATRi_R2"": ""13794"", ""rho_R2"": ""13794"", ""rho_WEE1i_R2"": ""13794""}",1,1,R3:14382,R3:14382,,included_primary,5,546,0.009157509157509158,-0.1672964639092958,-0.16729646390929581,P1P2,0.85295992777723706,0.97745272856328114,3,-6.9856486171018042E-2,target_non_hit,13794,0.1058251701836799,0.1058251701836799,P1P2,4.719599267970262E-2,0.39267307269799029,3,0.63260489671557729,target_non_hit,13794,0.00711053761132726,7.1105376113272598E-3,P1P2,0.83669679696874777,0.97666667274786434,3,3.6933398285255302E-3,target_non_hit,13794,-0.03875798996051394,-3.8757989960513939E-2,P1P2,0.61519347006152303,0.97677473292217909,3,-6.4329757984273483E-2,target_non_hit,13794,0.04459694921638935,4.4596949216389348E-2,P1P2,0.39028526678679981,0.93777962021580064,3,0.12820598216578941,target_non_hit,13794,False,False,True,True,True,-0.00395729451837723,-0.00395729451837723,-0.00395729451837723,0.008761385923046379,0.008761385923046379,0.008761385923046379,[-1],"[""P1P2""]","[""RRM2B_+_103251059.23-P1P2|RRM2B_+_103251357.23-P1P2""]",True,True,False,processed/original_r3_records.csv
RTEL1,R1:121767,PRKDC;RTEL1,0.0,False,True,True,True,True,True,True,"{""gamma_R2"": ""P1P2"", ""rho_ATMi_R2"": ""P1P2"", ""rho_ATRi_R2"": ""P1P2"", ""rho_R2"": ""P1P2"", ""rho_WEE1i_R2"": ""P1P2""}","{""gamma_R2"": ""13835"", ""rho_ATMi_R2"": ""13835"", ""rho_ATRi_R2"": ""13835"", ""rho_R2"": ""13835"", ""rho_WEE1i_R2"": ""13835""}",1,1,R3:14422,R3:14422,,included_primary,12,546,0.02197802197802198,-0.637243660285995,-0.637243660285995,P1P2,7.5228360537650434E-3,0.40463093242112791,3,-8.1809530177878642,sensitivity_hit,13835,-0.6720452666487826,-0.67204526664878261,P1P2,3.7610096750273339E-2,0.35817633892040118,3,-4.3160808492820708,target_non_hit,13835,-0.1802754587650751,-0.18027545876507509,P1P2,0.20664936726484959,0.7926160308667306,3,-0.82808648928268147,target_non_hit,13835,-0.4331643659487803,-0.43316436594878033,P1P2,0.175976223075756,0.93489129238435131,3,-2.5711699384323521,target_non_hit,13835,-0.9471640184065759,-0.94716401840657594,P1P2,5.5746634181489757E-2,0.82457171438491861,3,-8.3547374972408548,sensitivity_hit,13835,False,False,False,True,True,0.0493529014948513,0.0493529014948513,0.0493529014948513,-0.09407923233979353,-0.09407923233979353,-0.09407923233979353,[1],"[""P1P2""]","[""RTEL1_-_62289757.23-P1P2|RTEL1_+_62289914.23-P1P2""]",True,False,True,processed/original_r3_records.csv
SAMHD1,R1:121768,PRKDC;SAMHD1,0.0,False,True,True,True,True,True,True,"{""gamma_R2"": ""P1P2"", ""rho_ATMi_R2"": ""P1P2"", ""rho_ATRi_R2"": ""P1P2"", ""rho_R2"": ""P1P2"", ""rho_WEE1i_R2"": ""P1P2""}","{""gamma_R2"": ""13945"", ""rho_ATMi_R2"": ""13945"", ""rho_ATRi_R2"": ""13945"", ""rho_R2"": ""13945"", ""rho_WEE1i_R2"": ""13945""}",1,1,R3:14548,R3:14548,,included_primary,0,546,0.0,0.4088145516884868,0.40881455168848679,P1P2,1.380907965493974E-2,0.46271628691175709,3,4.5964518945683377,target_non_hit,13945,-0.3261560507189812,-0.32615605071898118,P1P2,0.25889267057072901,0.64680571941190812,3,-0.86286709468138723,target_non_hit,13945,0.2087786280931413,0.20877862809314129,P1P2,0.17547551831301481,0.77733632425752397,3,1.058474446561869,target_non_hit,13945,-0.1260511100346594,-0.12605111003465941,P1P2,0.56440978305376566,0.97157459121618439,3,-0.2463202735773512,target_non_hit,13945,-0.612322913404035,-0.612322913404035,P1P2,6.2076084872643773E-2,0.83451006787459614,3,-5.1999698364392408,target_non_hit,13945,False,False,False,True,True,0.2554288981178918,0.2554288981178918,0.2554288981178918,-0.04249247759267365,-0.04249247759267365,-0.04249247759267365,[1],"[""P1P2""]","[""SAMHD1_+_35579571.23-P1P2|SAMHD1_-_35580035.23-P1P2""]",False,False,False,processed/original_r3_records.csv
SETD2,R1:10839,PRKDC;SETD2,-0.734118634,False,True,True,True,True,True,True,"{""gamma_R2"": ""P1P2"", ""rho_ATMi_R2"": ""P1P2"", ""rho_ATRi_R2"": ""P1P2"", ""rho_R2"": ""P1P2"", ""rho_WEE1i_R2"": ""P1P2""}","{""gamma_R2"": ""14256"", ""rho_ATMi_R2"": ""14256"", ""rho_ATRi_R2"": ""14256"", ""rho_R2"": ""14256"", ""rho_WEE1i_R2"": ""14256""}",1,1,R3:14873,R3:14873,,included_primary,11,546,0.020146520146520148,0.1081319582697031,0.10813195826970309,P1P2,0.34039694775608942,0.83590303101602936,3,0.30593919927150959,target_non_hit,14256,-0.528920490403423,-0.52892049040342304,P1P2,2.0903746569088701E-2,0.27019183028082161,3,-4.0050754960256043,target_non_hit,14256,-0.007019836975335222,-7.0198369753352221E-3,P1P2,0.70555399244853068,0.94867426413773792,3,-7.1326329575620876E-3,target_non_hit,14256,0.1091872509364628,0.1091872509364628,P1P2,0.50581175609331597,0.9647254064848334,3,0.25425659952930252,target_non_hit,14256,-0.1479001693929973,-0.1479001693929973,P1P2,0.15967862773999411,0.89700653739935565,3,-0.82904538291725682,target_non_hit,14256,False,False,False,True,True,1.035549876274109,1.035549876274109,1.035549876274109,-0.1606704019730258,-0.1606704019730258,-0.1606704019730258,[1],"[""P1P2""]","[""SETD2_-_47205192.23-P1P2|SETD2_-_47205071.23-P1P2""]",False,False,False,processed/original_r3_records.csv
SETMAR,R1:121769,PRKDC;SETMAR,0.0,False,True,True,True,True,True,True,"{""gamma_R2"": ""P1P2"", ""rho_ATMi_R2"": ""P1P2"", ""rho_ATRi_R2"": ""P1P2"", ""rho_R2"": ""P1P2"", ""rho_WEE1i_R2"": ""P1P2""}","{""gamma_R2"": ""14266"", ""rho_ATMi_R2"": ""14266"", ""rho_ATRi_R2"": ""14266"", ""rho_R2"": ""14266"", ""rho_WEE1i_R2"": ""14266""}",1,1,R3:14884,R3:14884,,included_primary,2,546,0.003663003663003663,-0.04412076804086788,-4.4120768040867883E-2,P1P2,0.7868104805890106,0.96360962377136028,3,-2.777411689130636E-2,target_non_hit,14266,-0.1595757934465798,-0.15957579344657979,P1P2,0.45204759605456868,0.76659939988687409,3,-0.24804083950983041,target_non_hit,14266,0.1288866379788249,0.12888663797882491,P1P2,0.46061562079471841,0.88366322063335012,3,0.29107043291025669,target_non_hit,14266,0.05396800926564094,5.3968009265640937E-2,P1P2,0.59200882667602905,0.97491105931819066,3,9.6658045189440281E-2,target_non_hit,14266,-0.1575824378029276,-0.15758243780292761,P1P2,0.1761773798002354,0.89891114587307486,3,-0.83597576464253442,target_non_hit,14266,False,False,True,True,True,-0.2809747573210361,-0.2809747573210361,-0.2809747573210361,0.03957074977228003,0.03957074977228003,0.03957074977228003,[-1],"[""P1P2""]","[""SETMAR_+_4345252.23-P1P2|SETMAR_-_4345096.23-P1P2""]",True,True,False,processed/original_r3_records.csv
SETX,R1:121770,PRKDC;SETX,0.0,False,True,True,True,True,True,True,"{""gamma_R2"": ""P1P2"", ""rho_ATMi_R2"": ""P1P2"", ""rho_ATRi_R2"": ""P1P2"", ""rho_R2"": ""P1P2"", ""rho_WEE1i_R2"": ""P1P2""}","{""gamma_R2"": ""14267"", ""rho_ATMi_R2"": ""14267"", ""rho_ATRi_R2"": ""14267"", ""rho_R2"": ""14267"", ""rho_WEE1i_R2"": ""14267""}",1,1,R3:14885,R3:14885,,included_primary,3,546,0.005494505494505495,-0.2518738335828911,-0.25187383358289112,P1P2,0.32515442934139838,0.83030139634856071,3,-0.74292497146882752,target_non_hit,14267,-0.08736233340481044,-8.7362333404810436E-2,P1P2,0.50490291233146767,0.79565531507712728,3,-0.1168814456735201,target_non_hit,14267,-0.02223060513807902,-2.2230605138079021E-2,P1P2,0.88104936393531075,0.98483998566829301,3,-8.2017969803036498E-3,target_non_hit,14267,0.05337082649490407,5.3370826494904072E-2,P1P2,0.67413226100806278,0.98155034967349664,3,7.1901713550644522E-2,target_non_hit,14267,0.01031465302167747,1.0314653021677471E-2,P1P2,0.85715230481402216,0.99234403068429855,3,4.8577944800903793E-3,target_non_hit,14267,False,False,False,True,True,0.2186408777120604,0.2186408777120604,0.2186408777120604,-0.02565437836923285,-0.02565437836923285,-0.02565437836923285,[1],"[""P1P2""]","[""SETX_+_135230302.23-P1P2|SETX_+_135230337.23-P1P2""]",True,False,True,processed/original_r3_records.csv
SFR1,R1:33306,PRKDC;SFR1,-0.325114387,False,True,True,True,True,True,True,"{""gamma_R2"": ""P1P2"", ""rho_ATMi_R2"": ""P1P2"", ""rho_ATRi_R2"": ""P1P2"", ""rho_R2"": ""P1P2"", ""rho_WEE1i_R2"": ""P1P2""}","{""gamma_R2"": ""14286"", ""rho_ATMi_R2"": ""14286"", ""rho_ATRi_R2"": ""14286"", ""rho_R2"": ""14286"", ""rho_WEE1i_R2"": ""14286""}",1,1,R3:14899,R3:14899,,included_primary,2,546,0.003663003663003663,-0.3188997111125185,-0.31889971111251852,P1P2,9.2591397201363987E-2,0.66851399687952262,3,-1.9923095535633371,target_non_hit,14286,-0.1323371727049968,-0.13233717270499681,P1P2,0.64743732345957739,0.86678792833084317,3,-0.1126310249178693,target_non_hit,14286,-0.09634192705767605,-9.6341927057676052E-2,P1P2,0.6548990874663253,0.93870687741887138,3,-0.1188005106500884,target_non_hit,14286,-0.1954810382907978,-0.1954810382907978,P1P2,2.0331167868554639E-2,0.84362463400168397,3,-2.6016906877149601,target_non_hit,14286,0.1270044549090514,0.12700445490905141,P1P2,0.17828459085676401,0.8991878413874248,3,0.66914554399588344,target_non_hit,14286,False,False,True,True,True,-0.853434281321601,-0.853434281321601,-0.853434281321601,-0.09776184958131573,-0.09776184958131573,-0.09776184958131573,[-1],"[""P1P2""]","[""SFR1_-_105881893.23-P1P2|SFR1_+_105881980.23-P1P2""]",True,True,False,processed/original_r3_records.csv
SHPRH,R1:29313,PRKDC;SHPRH,-0.372350213,False,True,True,True,True,True,True,"{""gamma_R2"": ""P1P2"", ""rho_ATMi_R2"": ""P1P2"", ""rho_ATRi_R2"": ""P1P2"", ""rho_R2"": ""P1P2"", ""rho_WEE1i_R2"": ""P1P2""}","{""gamma_R2"": ""14401"", ""rho_ATMi_R2"": ""14401"", ""rho_ATRi_R2"": ""14401"", ""rho_R2"": ""14401"", ""rho_WEE1i_R2"": ""14401""}",1,1,R3:15029,R3:15029,,included_primary,10,545,0.01834862385321101,-0.180551434991715,-0.180551434991715,P1P2,0.62212180083015656,0.92168236182005525,3,-0.22498451196664851,target_non_hit,14401,-1.235178099006991,-1.2351780990069909,P1P2,9.2205974600245683E-2,0.49853157232696571,3,-5.7642126876108923,target_non_hit,14401,-0.08671055751184209,-8.671055751184209E-2,P1P2,0.62518436239503872,0.93134677571387881,3,-0.1186538512788894,target_non_hit,14401,-0.004724801172496591,-4.7248011724965906E-3,P1P2,0.74534000199198513,0.98722290410153302,3,-4.7444034986648467E-3,target_non_hit,14401,0.2647848143718329,0.26478481437183288,P1P2,0.21731674967165771,0.90226050949172965,3,1.234898776695736,target_non_hit,14401,False,False,True,True,True,-0.2423543326636206,-0.2423543326636206,-0.2423543326636206,-0.4450477125438255,-0.4450477125438255,-0.4450477125438255,[-1],"[""P1P2""]","[""SHPRH_-_146285139.23-P1P2|SHPRH_-_146285446.23-P1P2""]",True,True,False,processed/original_r3_records.csv
SIRT1,R1:121771,PRKDC;SIRT1,0.0,False,True,True,True,True,True,True,"{""gamma_R2"": ""P1P2"", ""rho_ATMi_R2"": ""P1P2"", ""rho_ATRi_R2"": ""P1P2"", ""rho_R2"": ""P1P2"", ""rho_WEE1i_R2"": ""P1P2""}","{""gamma_R2"": ""14447"", ""rho_ATMi_R2"": ""14447"", ""rho_ATRi_R2"": ""14447"", ""rho_R2"": ""14447"", ""rho_WEE1i_R2"": ""14447""}",1,1,R3:15080,R3:15080,,included_primary,1,546,0.0018315018315018315,-0.3696910309713533,-0.36969103097135331,P1P2,3.6918601793015419E-3,0.34244357398986269,3,-5.4369975756545026,target_non_hit,14447,-0.1626201690963938,-0.16262016909639379,P1P2,0.45002333890698398,0.76535723839414704,3,-0.2542017844086063,target_non_hit,14447,-0.09213674430127217,-9.2136744301272167E-2,P1P2,0.63111657850176317,0.93191309322617877,3,-0.1235440333098433,target_non_hit,14447,0.2346256857451801,0.23462568574518011,P1P2,4.1900867382191648E-2,0.88579386453982423,3,2.5430026638182022,target_non_hit,14447,-0.01586115352078554,-1.5861153520785539E-2,P1P2,0.46385949580217611,0.9465507127527959,3,-3.7227533305407297E-2,target_non_hit,14447,False,False,True,True,True,-0.3493850194580594,-0.3493850194580594,-0.3493850194580594,-0.05350741749339494,-0.05350741749339494,-0.05350741749339494,[-1],"[""P1P2""]","[""SIRT1_+_69644549.23-P1P2|SIRT1_-_69644482.23-P1P2""]",True,True,False,processed/original_r3_records.csv
SIRT6,R1:27288,PRKDC;SIRT6,-0.398202391,False,True,True,True,True,True,True,"{""gamma_R2"": ""P1P2"", ""rho_ATMi_R2"": ""P1P2"", ""rho_ATRi_R2"": ""P1P2"", ""rho_R2"": ""P1P2"", ""rho_WEE1i_R2"": ""P1P2""}","{""gamma_R2"": ""14452"", ""rho_ATMi_R2"": ""14452"", ""rho_ATRi_R2"": ""14452"", ""rho_R2"": ""14452"", ""rho_WEE1i_R2"": ""14452""}",1,1,R3:15085,R3:15085,,included_primary,1,546,0.0018315018315018315,0.06839993532716404,6.8399935327164041E-2,P1P2,0.40056116475796838,0.85520223041041155,3,0.16429721803159819,target_non_hit,14452,0.4439785580269877,0.44397855802698771,P1P2,6.0023218738966544E-3,0.14325590457712031,3,4.4464418752291479,target_non_hit,14452,-0.1225603968076152,-0.1225603968076152,P1P2,0.4904319080813988,0.89449405365199175,3,-0.2543883924457841,target_non_hit,14452,-0.05369820839040577,-5.3698208390405767E-2,P1P2,0.54375523540686355,0.96742810545079894,3,-0.1117728448002541,target_non_hit,14452,-0.363215178570778,-0.36321517857077801,P1P2,0.1128058495370642,0.87537535983069836,3,-2.4216210981824919,target_non_hit,14452,False,False,False,True,True,0.3742352078496287,0.3742352078496287,0.3742352078496287,0.05474956232973015,0.05474956232973015,0.05474956232973015,[1],"[""P1P2""]","[""SIRT6_+_4182517.23-P1P2|SIRT6_+_4182489.23-P1P2""]",False,False,False,processed/original_r3_records.csv
SLC30A9,R1:49005,PRKDC;SLC30A9,-0.183532377,False,True,True,True,True,True,True,"{""gamma_R2"": ""P1P2"", ""rho_ATMi_R2"": ""P1P2"", ""rho_ATRi_R2"": ""P1P2"", ""rho_R2"": ""P1P2"", ""rho_WEE1i_R2"": ""P1P2""}","{""gamma_R2"": ""14681"", ""rho_ATMi_R2"": ""14681"", ""rho_ATRi_R2"": ""14681"", ""rho_R2"": ""14681"", ""rho_WEE1i_R2"": ""14681""}",1,1,R3:15323,R3:15323,,included_primary,8,546,0.014652014652014652,-0.1099131984700918,-0.1099131984700918,P1P2,0.66050497856007562,0.93211948998467697,3,-0.1196859285422649,target_non_hit,14681,-1.412551988467158,-1.412551988467158,P1P2,5.3904107613307042E-3,0.13599502162475349,3,-14.444046278682711,essential_hit,14681,-0.412392458302078,-0.41239245830207799,P1P2,0.41104998423172462,0.86876889118178469,3,-1.0681039010745079,target_non_hit,14681,0.1648339180389963,0.1648339180389963,P1P2,0.24862810338077229,0.94335209421842825,3,0.78378895921822989,target_non_hit,14681,0.5089229663536128,0.50892296635361278,P1P2,0.2084336207738898,0.90216381596344675,3,2.4384032369272681,target_non_hit,14681,False,False,True,True,True,-0.1578635359556701,-0.1578635359556701,-0.1578635359556701,-0.5381993675519091,-0.5381993675519091,-0.5381993675519091,[-1],"[""P1P2""]","[""SLC30A9_-_41992573.23-P1P2|SLC30A9_-_41992637.23-P1P2""]",True,True,False,processed/original_r3_records.csv
SLX1A,R1:18321,PRKDC;SLX1A,-0.542115743,False,True,True,True,True,True,True,"{""gamma_R2"": ""ENST00000251303.6"", ""rho_ATMi_R2"": ""ENST00000251303.6"", ""rho_ATRi_R2"": ""ENST00000251303.6"", ""rho_R2"": ""ENST00000251303.6"", ""rho_WEE1i_R2"": ""ENST00000251303.6""}","{""gamma_R2"": ""14895"", ""rho_ATMi_R2"": ""14895"", ""rho_ATRi_R2"": ""14895"", ""rho_R2"": ""14895"", ""rho_WEE1i_R2"": ""14895""}",1,1,R3:15551,R3:15551,,included_primary,8,546,0.014652014652014652,0.06532235711039722,6.5322357110397217E-2,ENST00000251303.6,0.61008709253335347,0.91779840810565616,3,8.4748101857397923E-2,target_non_hit,14895,-0.07434441676688837,-7.4344416766888369E-2,ENST00000251303.6,0.66610592758592846,0.87417015073361393,3,-5.9136483066645193E-2,target_non_hit,14895,-0.02094310368726878,-2.0943103687268781E-2,ENST00000251303.6,0.98944187645142867,1,3,-6.4760749018585037E-4,target_non_hit,14895,0.0370828923605333,3.7082892360533297E-2,ENST00000251303.6,0.72986354766251782,0.98586474813893654,3,3.9895114073102263E-2,target_non_hit,14895,0.1627762657111728,0.16277626571117279,ENST00000251303.6,0.36125466544356849,0.93188277875461945,3,0.50638683672832074,target_non_hit,14895,False,False,False,True,True,0.04583434243731919,0.04583434243731919,0.04583434243731919,0.002509331944756526,0.002509331944756526,0.002509331944756526,[1],"[""ENST00000251303.6""]","[""SLX1A_+_30205279.23-ENST00000251303.6|SLX1A_-_30205256.23-ENST00000251303.6""]",False,False,False,processed/original_r3_records.csv
SLX4,R1:36206,PRKDC;SLX4,-0.295062931,False,True,True,True,True,True,True,"{""gamma_R2"": ""P1P2"", ""rho_ATMi_R2"": ""P1P2"", ""rho_ATRi_R2"": ""P1P2"", ""rho_R2"": ""P1P2"", ""rho_WEE1i_R2"": ""P1P2""}","{""gamma_R2"": ""14896"", ""rho_ATMi_R2"": ""14896"", ""rho_ATRi_R2"": ""14896"", ""rho_R2"": ""14896"", ""rho_WEE1i_R2"": ""14896""}",1,1,R3:15553,R3:15553,,included_primary,20,545,0.03669724770642202,0.1393044333899575,0.13930443338995749,P1P2,0.36286272251845608,0.84167351771647603,3,0.3707607392984536,target_non_hit,14896,-0.2390711148834474,-0.2390711148834474,P1P2,0.35421462032247059,0.70635179562946881,3,-0.48575349935471368,target_non_hit,14896,0.08650102516773472,8.6501025167734724E-2,P1P2,0.61231822017132598,0.92844289138519653,3,0.1236073599005926,target_non_hit,14896,0.2525387980902459,0.25253879809024588,P1P2,6.1197698470275168E-2,0.89659942000598092,3,2.4103276362523181,target_non_hit,14896,-0.02529359133399733,-2.529359133399733E-2,P1P2,0.97328863771719842,1,3,-2.0923896721801718E-3,target_non_hit,14896,False,False,True,True,True,-0.6368946093837636,-0.6368946093837636,-0.6368946093837636,-0.09146915885791236,-0.09146915885791236,-0.09146915885791236,[-1],"[""P1P2""]","[""SLX4_+_3661555.23-P1P2|SLX4_-_3661218.23-P1P2""]",False,True,True,processed/original_r3_records.csv
SMARCAD1,R1:46648,PRKDC;SMARCAD1,-0.201842862,False,True,True,True,True,True,True,"{""gamma_R2"": ""P1P2"", ""rho_ATMi_R2"": ""P1P2"", ""rho_ATRi_R2"": ""P1P2"", ""rho_R2"": ""P1P2"", ""rho_WEE1i_R2"": ""P1P2""}","{""gamma_R2"": ""14913"", ""rho_ATMi_R2"": ""14913"", ""rho_ATRi_R2"": ""14913"", ""rho_R2"": ""14913"", ""rho_WEE1i_R2"": ""14913""}",1,1,R3:15571,R3:15571,,included_primary,3,546,0.005494505494505495,0.1385554559073333,0.13855545590733331,P1P2,2.6806409483592069E-2,0.53485127294932633,3,1.3165341608049399,target_non_hit,14913,0.03547180888150573,3.547180888150573E-2,P1P2,0.15017100648317411,0.57497324172798758,3,0.13166505092573819,target_non_hit,14913,0.1185556745183479,0.11855567451834791,P1P2,0.1191530159161794,0.73673655946890149,3,0.73475389260537771,target_non_hit,14913,0.02010997255213098,2.010997255213098E-2,P1P2,0.91559027587263531,0.99749264300619789,3,6.0588374451486333E-3,target_non_hit,14913,0.003661973130306251,3.6619731303062508E-3,P1P2,0.97728638835422377,1,3,2.570697623925527E-4,target_non_hit,14913,False,False,False,True,True,0.4962180300383516,0.4962180300383516,0.4962180300383516,0.008873683654027974,0.008873683654027974,0.008873683654027974,[1],"[""P1P2""]","[""SMARCAD1_+_95129072.23-P1P2|SMARCAD1_+_95128938.23-P1P2""]",False,False,False,processed/original_r3_records.csv
SMARCAL1,R1:52865,PRKDC;SMARCAL1,-0.153691274,False,True,True,True,True,True,True,"{""gamma_R2"": ""P1P2"", ""rho_ATMi_R2"": ""P1P2"", ""rho_ATRi_R2"": ""P1P2"", ""rho_R2"": ""P1P2"", ""rho_WEE1i_R2"": ""P1P2""}","{""gamma_R2"": ""14914"", ""rho_ATMi_R2"": ""14914"", ""rho_ATRi_R2"": ""14914"", ""rho_R2"": ""14914"", ""rho_WEE1i_R2"": ""14914""}",1,1,R3:15572,R3:15572,,included_primary,13,546,0.023809523809523808,-0.1411653762328511,-0.14116537623285111,P1P2,0.79469169488102076,0.96464216295975147,3,-8.516995050987379E-2,target_non_hit,14914,-0.3753520906233306,-0.37535209062333058,P1P2,2.0817692099298839E-2,0.26965641019509667,3,-2.845260930469597,target_non_hit,14914,0.08876172836598592,8.876172836598592E-2,P1P2,0.40676784469026378,0.86826089971311782,3,0.2326024550920025,target_non_hit,14914,-0.2873728284759345,-0.28737282847593448,P1P2,8.9793317045390071E-3,0.73954064853228652,3,-4.6270490710565291,target_non_hit,14914,-1.353205955218391,-1.353205955218391,P1P2,5.6263544810961617E-5,0.1156245458257267,3,-40.459027235606243,sensitivity_hit,14914,False,False,True,True,True,-1.452702183972399,-1.452702183972399,-1.452702183972399,-0.01489292002947654,-0.01489292002947654,-0.01489292002947654,[-1],"[""P1P2""]","[""SMARCAL1_+_217277268.23-P1P2|SMARCAL1_+_217277261.23-P1P2""]",True,True,False,processed/original_r3_records.csv
SMC5,R1:121773,PRKDC;SMC5,0.0,False,True,True,True,True,True,True,"{""gamma_R2"": ""P1P2"", ""rho_ATMi_R2"": ""P1P2"", ""rho_ATRi_R2"": ""P1P2"", ""rho_R2"": ""P1P2"", ""rho_WEE1i_R2"": ""P1P2""}","{""gamma_R2"": ""14927"", ""rho_ATMi_R2"": ""14927"", ""rho_ATRi_R2"": ""14927"", ""rho_R2"": ""14927"", ""rho_WEE1i_R2"": ""14927""}",1,1,R3:15584,R3:15584,,included_primary,5,546,0.009157509157509158,-0.5333549600924211,-0.53335496009242112,P1P2,2.5265339693692358E-2,0.52607101778782439,3,-5.1507712739831817,target_non_hit,14927,-1.879740768247515,-1.8797407682475149,P1P2,3.2433954408474341E-3,9.8290627777744957E-2,3,-21.090741630270379,essential_hit,14927,-0.3260348651317909,-0.32603486513179092,P1P2,0.44223969174447197,0.87662953093106666,3,-0.77496836249713197,target_non_hit,14927,-0.04002096433302486,-4.0020964333024857E-2,P1P2,0.69090966302546364,0.98255140986404499,3,-5.055544185166802E-2,target_non_hit,14927,0.2042440155679978,0.20424401556799779,P1P2,0.54731361623851305,0.9590623849937937,3,0.3761357837685419,target_non_hit,14927,False,False,False,True,True,1.879350154398158,1.879350154398158,1.879350154398158,-0.6631802935940158,-0.6631802935940158,-0.6631802935940158,[1],"[""P1P2""]","[""SMC5_+_72874111.23-P1P2|SMC5_-_72873963.23-P1P2""]",True,False,True,processed/original_r3_records.csv
SMCHD1,R1:121774,PRKDC;SMCHD1,0.0,False,True,True,True,True,True,True,"{""gamma_R2"": ""P1P2"", ""rho_ATMi_R2"": ""P1P2"", ""rho_ATRi_R2"": ""P1P2"", ""rho_R2"": ""P1P2"", ""rho_WEE1i_R2"": ""P1P2""}","{""gamma_R2"": ""14929"", ""rho_ATMi_R2"": ""14929"", ""rho_ATRi_R2"": ""14929"", ""rho_R2"": ""14929"", ""rho_WEE1i_R2"": ""14929""}",1,1,R3:15585,R3:15585,,included_primary,1,546,0.0018315018315018315,-0.09178780203017345,-9.1787802030173449E-2,P1P2,0.85347752799071563,0.97757678407079684,3,-3.8180817910826913E-2,target_non_hit,14929,0.1275574271471231,0.12755742714712309,P1P2,0.17039209487555829,0.59107407040787563,3,0.44192357480449967,target_non_hit,14929,0.1380045790681494,0.13800457906814939,P1P2,0.39272474996131129,0.86477502793171901,3,0.37576995088023879,target_non_hit,14929,-0.1516955830918669,-0.1516955830918669,P1P2,0.38268047230286389,0.95306427615369471,3,-0.4978193562103041,target_non_hit,14929,-0.1307534771879816,-0.13075347718798161,P1P2,0.41654211809683411,0.9418707401127584,3,-0.34987450245471441,target_non_hit,14929,False,False,False,True,True,0.6376864980467273,0.6376864980467273,0.6376864980467273,-0.0203101368694726,-0.0203101368694726,-0.0203101368694726,[1],"[""P1P2""]","[""SMCHD1_-_2655739.23-P1P2|SMCHD1_-_2655778.23-P1P2""]",True,False,True,processed/original_r3_records.csv
SMEK2,R1:121775,PRKDC;SMEK2,0.0,False,True,True,True,True,True,True,"{""gamma_R2"": ""P1P2"", ""rho_ATMi_R2"": ""P1P2"", ""rho_ATRi_R2"": ""P1P2"", ""rho_R2"": ""P1P2"", ""rho_WEE1i_R2"": ""P1P2""}","{""gamma_R2"": ""14939"", ""rho_ATMi_R2"": ""14939"", ""rho_ATRi_R2"": ""14939"", ""rho_R2"": ""14939"", ""rho_WEE1i_R2"": ""14939""}",1,1,R3:15595,R3:15595,,included_primary,2,546,0.003663003663003663,0.2371118842703145,0.23711188427031449,P1P2,2.9996430813607689E-2,0.55100051605233002,3,2.1830077504748129,target_non_hit,14939,-0.08391210228402975,-8.3912102284029746E-2,P1P2,0.73500164128017376,0.90595249617648832,3,-5.0578152376802257E-2,target_non_hit,14939,0.2676334358449582,0.26763343584495819,P1P2,3.7254362435106748E-2,0.64715856939388183,3,2.565167402949887,target_non_hit,14939,0.01261842878643711,1.2618428786437111E-2,P1P2,0.85187985787506471,0.99432434563499728,3,6.9110164700624506E-3,target_non_hit,14939,0.02970404827967747,2.9704048279677469E-2,P1P2,0.75498178661345594,0.98175266657912552,3,2.5508643441332371E-2,target_non_hit,14939,False,False,True,True,True,-0.2878900481596486,-0.2878900481596486,-0.2878900481596486,0.03246821234654901,0.03246821234654901,0.03246821234654901,[-1],"[""P1P2""]","[""SMEK2_+_55844721.23-P1P2|SMEK2_+_55844718.23-P1P2""]",False,True,True,processed/original_r3_records.csv
SMG1,R1:26153,PRKDC;SMG1,-0.413889398,False,True,True,True,True,True,True,"{""gamma_R2"": ""P1P2"", ""rho_ATMi_R2"": ""P1P2"", ""rho_ATRi_R2"": ""P1P2"", ""rho_R2"": ""P1P2"", ""rho_WEE1i_R2"": ""P1P2""}","{""gamma_R2"": ""14940"", ""rho_ATMi_R2"": ""14940"", ""rho_ATRi_R2"": ""14940"", ""rho_R2"": ""14940"", ""rho_WEE1i_R2"": ""14940""}",1,1,R3:15596,R3:15596,,included_primary,20,546,0.03663003663003663,0.02204217430098761,2.2042174300987611E-2,P1P2,0.93519357651858703,0.99124654277657109,3,3.8774544345651792E-3,target_non_hit,14940,-0.3037265079234208,-0.30372650792342082,P1P2,0.1092840353280016,0.52680301770582105,3,-1.3163620124329369,target_non_hit,14940,0.1456008289890066,0.14560082898900659,P1P2,0.15858370131314481,0.7648294468222645,3,0.78110677547293217,target_non_hit,14940,0.1430828958812406,0.1430828958812406,P1P2,0.4939613364789478,0.96241962900565114,3,0.34477600881899417,target_non_hit,14940,0.2096383702592028,0.20963837025920279,P1P2,0.1170509551933598,0.87745698036706676,3,1.374034822723502,target_non_hit,14940,False,False,True,True,True,-0.3639311079073497,-0.3639311079073497,-0.3639311079073497,0.0008958898060854176,0.0008958898060854176,0.0008958898060854176,[-1],"[""P1P2""]","[""SMG1_+_18937294.23-P1P2|SMG1_-_18937299.23-P1P2""]",False,True,True,processed/original_r3_records.csv
SMUG1,R1:21466,PRKDC;SMUG1,-0.485150795,False,True,True,True,True,True,True,"{""gamma_R2"": ""P1P2"", ""rho_ATMi_R2"": ""P1P2"", ""rho_ATRi_R2"": ""P1P2"", ""rho_R2"": ""P1P2"", ""rho_WEE1i_R2"": ""P1P2""}","{""gamma_R2"": ""14988"", ""rho_ATMi_R2"": ""14988"", ""rho_ATRi_R2"": ""14988"", ""rho_R2"": ""14988"", ""rho_WEE1i_R2"": ""14988""}",1,1,R3:15642,R3:15642,,included_primary,5,545,0.009174311926605505,0.2158645110190244,0.2158645110190244,P1P2,7.5038033328984038E-2,0.6409344736142194,3,1.467732814706745,target_non_hit,14988,-0.04430834481706973,-4.4308344817069731E-2,P1P2,0.58420990928461269,0.83663824852792434,3,-4.6624392366658017E-2,target_non_hit,14988,0.0294342175703924,2.9434217570392399E-2,P1P2,0.36246686357212909,0.85446510532093689,3,8.7020931176002611E-2,target_non_hit,14988,0.04891509817965615,4.8915098179656148E-2,P1P2,0.9631432105230201,1,3,6.2757570701255684E-3,target_non_hit,14988,0.05222061891686102,5.2220618916861021E-2,P1P2,0.63518502923241527,0.97053411364057296,3,7.2412558593054774E-2,target_non_hit,14988,False,False,False,True,True,0.02095083224385045,0.02095083224385045,0.02095083224385045,-0.2672586470167767,-0.2672586470167767,-0.2672586470167767,[1],"[""P1P2""]","[""SMUG1_+_54582758.23-P1P2|SMUG1_-_54582517.23-P1P2""]",False,False,False,processed/original_r3_records.csv
SPATA22,R1:32382,PRKDC;SPATA22,-0.336007479,False,True,True,True,True,True,True,"{""gamma_R2"": ""P1P2"", ""rho_ATMi_R2"": ""P1P2"", ""rho_ATRi_R2"": ""P1P2"", ""rho_R2"": ""P1P2"", ""rho_WEE1i_R2"": ""P1P2""}","{""gamma_R2"": ""15183"", ""rho_ATMi_R2"": ""15183"", ""rho_ATRi_R2"": ""15183"", ""rho_R2"": ""15183"", ""rho_WEE1i_R2"": ""15183""}",1,1,R3:15829,R3:15829,,included_primary,3,546,0.005494505494505495,0.3096967293077146,0.30969672930771458,P1P2,0.25534919721259242,0.79627082867230747,3,1.1099788270652819,target_non_hit,15183,-0.4111613964010078,-0.41116139640100779,P1P2,3.3590592027894689E-2,0.33997207650276218,3,-2.7315846159776109,target_non_hit,15183,0.4589765427137117,0.45897654271371169,P1P2,0.1540293417956938,0.76012081893796513,3,2.501240816512655,target_non_hit,15183,0.1987632781779562,0.19876327817795619,P1P2,0.32512640405021082,0.94481942392096563,3,0.7629600756916991,target_non_hit,15183,0.3566553789345784,0.35665537893457838,P1P2,0.1510691018704651,0.8969603198505629,3,2.0596092032934319,target_non_hit,15183,False,False,False,True,True,1.206448787379821,1.206448787379821,1.206448787379821,-0.08244460845935286,-0.08244460845935286,-0.08244460845935286,[1],"[""P1P2""]","[""SPATA22_+_3375038.23-P1P2|SPATA22_+_3375023.23-P1P2""]",False,False,False,processed/original_r3_records.csv
SPIDR,R1:53390,PRKDC;SPIDR,-0.149913636,False,True,True,True,True,True,True,"{""gamma_R2"": ""P1P2"", ""rho_ATMi_R2"": ""P1P2"", ""rho_ATRi_R2"": ""P1P2"", ""rho_R2"": ""P1P2"", ""rho_WEE1i_R2"": ""P1P2""}","{""gamma_R2"": ""15233"", ""rho_ATMi_R2"": ""15233"", ""rho_ATRi_R2"": ""15233"", ""rho_R2"": ""15233"", ""rho_WEE1i_R2"": ""15233""}",1,1,R3:15884,R3:15884,,included_primary,2,546,0.003663003663003663,-0.2799047494551754,-0.27990474945517541,P1P2,0.2431155202165721,0.79138277150101788,3,-1.0392810425853309,target_non_hit,15233,-0.5836637054251087,-0.5836637054251087,P1P2,7.8995000241919633E-2,0.47433950488650478,3,-2.9004876815388401,target_non_hit,15233,-0.1062044641767506,-0.1062044641767506,P1P2,0.33157832790338909,0.84465079536245646,3,-0.34154687160187769,target_non_hit,15233,-0.5300875991939332,-0.53008759919393322,P1P2,3.6066373756025581E-2,0.87619816183181931,3,-6.0169370182277611,sensitivity_hit,15233,-0.32561889528125,-0.32561889528124999,P1P2,7.1840420154461057E-2,0.85359903500543388,3,-2.6198798949411239,target_non_hit,15233,False,False,True,True,True,-0.4584101078880836,-0.4584101078880836,-0.4584101078880836,-0.1662256716926956,-0.1662256716926956,-0.1662256716926956,[-1],"[""P1P2""]","[""SPIDR_-_48173560.23-P1P2|SPIDR_-_48173583.23-P1P2""]",True,True,False,processed/original_r3_records.csv
SPIRE1,R1:69824,PRKDC;SPIRE1,-0.038917366,False,True,True,True,True,True,True,"{""gamma_R2"": ""P1P2"", ""rho_ATMi_R2"": ""P1P2"", ""rho_ATRi_R2"": ""P1P2"", ""rho_R2"": ""P1P2"", ""rho_WEE1i_R2"": ""P1P2""}","{""gamma_R2"": ""15253"", ""rho_ATMi_R2"": ""15253"", ""rho_ATRi_R2"": ""15253"", ""rho_R2"": ""15253"", ""rho_WEE1i_R2"": ""15253""}",1,1,R3:15905,R3:15905,,included_primary,1,546,0.0018315018315018315,-0.07070114984576792,-7.0701149845767919E-2,P1P2,0.72609233520862904,0.94819769230184692,3,-5.9413977620855082E-2,target_non_hit,15253,-0.09719670153379371,-9.7196701533793714E-2,P1P2,0.63969233313706986,0.8626306761264344,3,-8.5013289977295223E-2,target_non_hit,15253,0.0204928742596621,2.0492874259662099E-2,P1P2,0.63102260855032788,0.93191309322617877,3,2.7487311863826702E-2,target_non_hit,15253,0.1760053603760875,0.17600536037608749,P1P2,0.2204348737697244,0.93943463012580875,3,0.9092813236475229,target_non_hit,15253,0.1591377935905975,0.15913779359059749,P1P2,0.49078105345958389,0.95323146251379154,3,0.34607904786519572,target_non_hit,15253,False,False,True,True,True,-0.4147724874104975,-0.4147724874104975,-0.4147724874104975,0.05630397851487828,0.05630397851487828,0.05630397851487828,[-1],"[""P1P2""]","[""SPIRE1_-_12658024.23-P1P2|SPIRE1_+_12657996.23-P1P2""]",True,True,False,processed/original_r3_records.csv
SPIRE2,R1:121776,PRKDC;SPIRE2,0.0,False,True,True,True,True,True,True,"{""gamma_R2"": ""P1P2"", ""rho_ATMi_R2"": ""P1P2"", ""rho_ATRi_R2"": ""P1P2"", ""rho_R2"": ""P1P2"", ""rho_WEE1i_R2"": ""P1P2""}","{""gamma_R2"": ""15254"", ""rho_ATMi_R2"": ""15254"", ""rho_ATRi_R2"": ""15254"", ""rho_R2"": ""15254"", ""rho_WEE1i_R2"": ""15254""}",1,1,R3:15906,R3:15906,,included_primary,3,545,0.005504587155963303,-0.05673095800409866,-5.6730958004098657E-2,P1P2,0.8462733065584056,0.97626340673854417,3,-2.486086660254113E-2,target_non_hit,15254,-0.005042541635126518,-5.0425416351265184E-3,P1P2,0.7141776931778111,0.89714778738132195,3,-3.323128870589939E-3,target_non_hit,15254,0.1504643886488237,0.15046438864882369,P1P2,0.26786531227938432,0.82020926746480671,3,0.57741773070139579,target_non_hit,15254,-0.01302437394873627,-1.3024373948736271E-2,P1P2,0.47829029912896059,0.95958356702745007,3,-3.2818411499342212E-2,target_non_hit,15254,0.08596870327737884,8.5968703277378836E-2,P1P2,0.36261842401234162,0.9318949629879949,3,0.26645355951468369,target_non_hit,15254,False,False,False,True,True,0.4770062373581976,0.4770062373581976,0.4770062373581976,-0.0008894674289260055,-0.0008894674289260055,-0.0008894674289260055,[1],"[""P1P2""]","[""SPIRE2_-_89894924.23-P1P2|SPIRE2_-_89894901.23-P1P2""]",True,False,True,processed/original_r3_records.csv
SPO11,R1:121777,PRKDC;SPO11,0.0,False,True,True,True,True,True,True,"{""gamma_R2"": ""P1P2"", ""rho_ATMi_R2"": ""P1P2"", ""rho_ATRi_R2"": ""P1P2"", ""rho_R2"": ""P1P2"", ""rho_WEE1i_R2"": ""P1P2""}","{""gamma_R2"": ""15259"", ""rho_ATMi_R2"": ""15259"", ""rho_ATRi_R2"": ""15259"", ""rho_R2"": ""15259"", ""rho_WEE1i_R2"": ""15259""}",1,1,R3:15911,R3:15911,,included_primary,2,546,0.003663003663003663,-0.2337493851786327,-0.2337493851786327,P1P2,0.360604410807565,0.84167351771647603,3,-0.62595868938672661,target_non_hit,15259,-0.005236258993337906,-5.2362589933379064E-3,P1P2,0.50332627426182963,0.79463620670420354,3,-7.0376147670098126E-3,target_non_hit,15259,-0.02191921593085559,-2.1919215930855589E-2,P1P2,0.76062664445162698,0.96013180325708036,3,-1.747199333621903E-2,target_non_hit,15259,0.03979009930716307,3.9790099307163068E-2,P1P2,0.78667954904877313,0.99076712387261023,3,3.2616998551799808E-2,target_non_hit,15259,0.003374571206883264,3.3745712068832638E-3,P1P2,0.81298397721898386,0.98759927830449434,3,2.1347701119716722E-3,target_non_hit,15259,False,False,True,True,True,-0.2239747289480085,-0.2239747289480085,-0.2239747289480085,0.02884941357123187,0.02884941357123187,0.02884941357123187,[-1],"[""P1P2""]","[""SPO11_-_55904873.23-P1P2|SPO11_-_55904890.23-P1P2""]",True,True,False,processed/original_r3_records.csv
SPRTN,R1:121778,PRKDC;SPRTN,0.0,False,True,True,True,True,True,True,"{""gamma_R2"": ""P1P2"", ""rho_ATMi_R2"": ""P1P2"", ""rho_ATRi_R2"": ""P1P2"", ""rho_R2"": ""P1P2"", ""rho_WEE1i_R2"": ""P1P2""}","{""gamma_R2"": ""15289"", ""rho_ATMi_R2"": ""15289"", ""rho_ATRi_R2"": ""15289"", ""rho_R2"": ""15289"", ""rho_WEE1i_R2"": ""15289""}",1,1,R3:15946,R3:15946,,included_primary,7,546,0.01282051282051282,0.01775748217060628,1.7757482170606281E-2,P1P2,0.58943817791078112,0.91412461094275821,3,2.4643522596573181E-2,target_non_hit,15289,-0.0645907843678269,-6.4590784367826906E-2,P1P2,0.92376146436315998,0.97699274912683665,3,-1.002777729319604E-2,target_non_hit,15289,-0.123379695858523,-0.123379695858523,P1P2,0.40628819472000621,0.86826089971311782,3,-0.32374384472683759,target_non_hit,15289,0.07788281811256859,7.7882818112568586E-2,P1P2,0.49078952327685288,0.96207776810276646,3,0.18938240323896191,target_non_hit,15289,0.01885284935029663,1.885284935029663E-2,P1P2,0.74817958264182338,0.98150501801505285,3,1.6711413392236359E-2,target_non_hit,15289,False,False,True,True,True,-0.3782537260879708,-0.3782537260879708,-0.3782537260879708,-0.006352664163702182,-0.006352664163702182,-0.006352664163702182,[-1],"[""P1P2""]","[""SPRTN_-_231474045.23-P1P2|SPRTN_+_231474047.23-P1P2""]",False,True,True,processed/original_r3_records.csv
STRA13,R1:31452,PRKDC;STRA13,-0.346041014,False,True,True,True,True,True,True,"{""gamma_R2"": ""P1P2"", ""rho_ATMi_R2"": ""P1P2"", ""rho_ATRi_R2"": ""P1P2"", ""rho_R2"": ""P1P2"", ""rho_WEE1i_R2"": ""P1P2""}","{""gamma_R2"": ""15527"", ""rho_ATMi_R2"": ""15527"", ""rho_ATRi_R2"": ""15527"", ""rho_R2"": ""15527"", ""rho_WEE1i_R2"": ""15527""}",1,1,R3:16187,R3:16187,,included_primary,11,546,0.020146520146520148,-0.04204339826316725,-4.2043398263167248E-2,P1P2,0.99131650773307101,1,3,-9.6269982801182178E-4,target_non_hit,15527,-0.6901046541876927,-0.69010465418769273,P1P2,0.1319872368166857,0.55557361487733858,3,-2.7359238582932441,target_non_hit,15527,-0.3064790880893569,-0.30647908808935692,P1P2,7.1321471085006277E-2,0.70177695898197467,3,-2.3576416641641629,target_non_hit,15527,-0.04906165641392517,-4.9061656413925167E-2,P1P2,0.55306789610299911,0.9701187233349029,3,-9.9275456298802162E-2,target_non_hit,15527,-0.1680656867506984,-0.16806568675069841,P1P2,0.48286120098769159,0.95131509055462549,3,-0.37384888434031199,target_non_hit,15527,False,False,False,True,True,0.3428967827692022,0.3428967827692022,0.3428967827692022,-0.01082670908915451,-0.01082670908915451,-0.01082670908915451,[1],"[""P1P2""]","[""STRA13_+_79980695.23-P1P2|STRA13_+_79980700.23-P1P2""]",True,False,True,processed/original_r3_records.csv
STUB1,R1:36528,PRKDC;STUB1,-0.291607234,False,True,True,True,True,True,True,"{""gamma_R2"": ""P1P2"", ""rho_ATMi_R2"": ""P1P2"", ""rho_ATRi_R2"": ""P1P2"", ""rho_R2"": ""P1P2"", ""rho_WEE1i_R2"": ""P1P2""}","{""gamma_R2"": ""15543"", ""rho_ATMi_R2"": ""15543"", ""rho_ATRi_R2"": ""15543"", ""rho_R2"": ""15543"", ""rho_WEE1i_R2"": ""15543""}",1,1,R3:16203,R3:16203,,included_primary,7,545,0.012844036697247707,0.3513806795779025,0.35138067957790248,P1P2,1.7247117144430009E-2,0.48840591413260481,3,3.745604461729354,target_non_hit,15543,-1.052361070523899,-1.052361070523899,P1P2,0.1169489949716542,0.53768975029635935,3,-4.4213133674100904,target_non_hit,15543,0.2485406563727819,0.24854065637278189,P1P2,3.700575964981466E-2,0.64715856939388183,3,2.3870181581211289,target_non_hit,15543,0.1299654014952719,0.12996540149527189,P1P2,0.39574034366408078,0.95387925397099782,3,0.411606967252999,target_non_hit,15543,0.2390220175312425,0.2390220175312425,P1P2,5.7128725093860584E-3,0.56861092057212603,3,3.772082293574361,target_non_hit,15543,False,False,False,True,True,0.5096641979692734,0.5096641979692734,0.5096641979692734,-0.03703448792210454,-0.03703448792210454,-0.03703448792210454,[1],"[""P1P2""]","[""STUB1_-_730439.23-P1P2|STUB1_-_730848.23-P1P2""]",False,False,False,processed/original_r3_records.csv
SUMO1,R1:18840,PRKDC;SUMO1,-0.532046528,False,True,True,True,True,True,True,"{""gamma_R2"": ""P1P2"", ""rho_ATMi_R2"": ""P1P2"", ""rho_ATRi_R2"": ""P1P2"", ""rho_R2"": ""P1P2"", ""rho_WEE1i_R2"": ""P1P2""}","{""gamma_R2"": ""15598"", ""rho_ATMi_R2"": ""15598"", ""rho_ATRi_R2"": ""15598"", ""rho_R2"": ""15598"", ""rho_WEE1i_R2"": ""15598""}",1,1,R3:16266,R3:16266,,included_primary,75,546,0.13736263736263737,-0.1972327276432842,-0.1972327276432842,P1P2,0.37045408614790931,0.84505171745815655,3,-0.51421614037686569,target_non_hit,15598,-0.062659511332016,-6.2659511332015999E-2,P1P2,0.8676452448529528,0.95667436165046449,3,-1.7415825678324781E-2,target_non_hit,15598,-0.1296902132211719,-0.12969021322117191,P1P2,0.40620768349958519,0.86826089971311782,3,-0.3403772911991218,target_non_hit,15598,-0.177869906835677,-0.17786990683567699,P1P2,5.2051016178963537E-2,0.89296232503556483,3,-1.796034339213292,target_non_hit,15598,0.06858895959126136,6.8588959591261364E-2,P1P2,0.44764892736581219,0.94519450212583422,3,0.16843919713272609,target_non_hit,15598,False,False,True,True,True,-0.6743725868104518,-0.6743725868104518,-0.6743725868104518,-0.3050337036640121,-0.3050337036640121,-0.3050337036640121,[-1],"[""P1P2""]","[""SUMO1_+_203102997.23-P1P2|SUMO1_+_203103136.23-P1P2""]",True,True,False,processed/original_r3_records.csv
SUV420H1,R1:121779,PRKDC;SUV420H1,0.0,False,True,True,True,True,True,True,"{""gamma_R2"": ""P1P2"", ""rho_ATMi_R2"": ""P1P2"", ""rho_ATRi_R2"": ""P1P2"", ""rho_R2"": ""P1P2"", ""rho_WEE1i_R2"": ""P1P2""}","{""gamma_R2"": ""15625"", ""rho_ATMi_R2"": ""15625"", ""rho_ATRi_R2"": ""15625"", ""rho_R2"": ""15625"", ""rho_WEE1i_R2"": ""15625""}",1,1,R3:16293,R3:16293,,included_primary,1,546,0.0018315018315018315,0.3344882649878381,0.33448826498783812,P1P2,8.7057296314458937E-2,0.65991830555122577,3,2.143820702688211,target_non_hit,15625,0.1114410401542386,0.1114410401542386,P1P2,0.25406614130920441,0.64417315282851917,3,0.29893029809713467,target_non_hit,15625,-0.09951877578584838,-9.9518775785848376E-2,P1P2,0.84154559421093034,0.97724996135965125,3,-5.0016507578021299E-2,target_non_hit,15625,-0.2114004514135628,-0.21140045141356281,P1P2,0.1271515497721224,0.92659454761055626,3,-1.4895336440018081,target_non_hit,15625,-0.2539420748893916,-0.25394207488939158,P1P2,0.3026016767488976,0.92003908894042352,3,-0.92746064592435706,target_non_hit,15625,False,False,False,True,True,0.3477108973498903,0.3477108973498903,0.3477108973498903,0.09405727103357125,0.09405727103357125,0.09405727103357125,[1],"[""P1P2""]","[""SUV420H1_+_67981025.23-P1P2|SUV420H1_+_67981028.23-P1P2""]",False,False,False,processed/original_r3_records.csv
SUV420H2,R1:121780,PRKDC;SUV420H2,0.0,False,True,True,True,True,True,True,"{""gamma_R2"": ""P1P2"", ""rho_ATMi_R2"": ""P1P2"", ""rho_ATRi_R2"": ""P1P2"", ""rho_R2"": ""P1P2"", ""rho_WEE1i_R2"": ""P1P2""}","{""gamma_R2"": ""15626"", ""rho_ATMi_R2"": ""15626"", ""rho_ATRi_R2"": ""15626"", ""rho_R2"": ""15626"", ""rho_WEE1i_R2"": ""15626""}",1,1,R3:16294,R3:16294,,included_primary,1,545,0.001834862385321101,0.009874334018660523,9.874334018660523E-3,P1P2,0.42701349482270928,0.86282615065975643,3,2.2060369727100831E-2,target_non_hit,15626,0.1312435755875298,0.1312435755875298,P1P2,6.2382288785906979E-2,0.43645197087244708,3,0.71287269823442845,target_non_hit,15626,0.04105783939905076,4.1057839399050763E-2,P1P2,0.94055311631396399,0.99319925103430062,3,7.3307231283322788E-3,target_non_hit,15626,-0.06070110850797465,-6.0701108507974652E-2,P1P2,0.41899475891834842,0.9553883062792472,3,-0.18040186968444999,target_non_hit,15626,0.01380768563754842,1.380768563754842E-2,P1P2,0.72210257851400028,0.97981212533123141,3,1.373597539947639E-2,target_non_hit,15626,False,False,False,True,True,0.76033313426085,0.76033313426085,0.76033313426085,0.01850367082025754,0.01850367082025754,0.01850367082025754,[1],"[""P1P2""]","[""SUV420H2_+_55851358.23-P1P2|SUV420H2_-_55851273.23-P1P2""]",False,False,False,processed/original_r3_records.csv
SWI5,R1:121781,PRKDC;SWI5,0.0,False,True,True,True,True,True,True,"{""gamma_R2"": ""P1P2"", ""rho_ATMi_R2"": ""P1P2"", ""rho_ATRi_R2"": ""P1P2"", ""rho_R2"": ""P1P2"", ""rho_WEE1i_R2"": ""P1P2""}","{""gamma_R2"": ""15637"", ""rho_ATMi_R2"": ""15637"", ""rho_ATRi_R2"": ""15637"", ""rho_R2"": ""15637"", ""rho_WEE1i_R2"": ""15637""}",1,1,R3:16306,R3:16306,,included_primary,10,545,0.01834862385321101,-1.26121794223377,-1.2612179422337699,P1P2,9.7889734471590696E-3,0.43658987083736323,3,-15.31964810922091,sensitivity_hit,15637,-1.042108892574842,-1.0421088925748421,P1P2,3.0684292878813778E-5,5.1642193954575992E-3,3,-21.2009579378024,essential_hit,15637,-1.519976563803023,-1.5199765638030229,P1P2,2.1783926939595891E-4,0.26454013497666062,3,-37.336708888478491,sensitivity_hit,15637,-1.068748504878352,-1.068748504878352,P1P2,1.388610010247818E-3,0.44442349557488781,3,-24.02381029667254,sensitivity_hit,15637,-0.3848788415190763,-0.38487884151907631,P1P2,0.27976237469978871,0.91268925009626112,3,-1.4979606889731829,target_non_hit,15637,False,False,True,True,True,-2.847013067818116,-2.847013067818116,-2.847013067818116,-0.1600606663012063,-0.1600606663012063,-0.1600606663012063,[-1],"[""P1P2""]","[""SWI5_+_131038732.23-P1P2|SWI5_+_131038965.23-P1P2""]",True,True,False,processed/original_r3_records.csv
SWSAP1,R1:121782,PRKDC;SWSAP1,0.0,False,True,True,True,True,True,True,"{""gamma_R2"": ""P1P2"", ""rho_ATMi_R2"": ""P1P2"", ""rho_ATRi_R2"": ""P1P2"", ""rho_R2"": ""P1P2"", ""rho_WEE1i_R2"": ""P1P2""}","{""gamma_R2"": ""15638"", ""rho_ATMi_R2"": ""15638"", ""rho_ATRi_R2"": ""15638"", ""rho_R2"": ""15638"", ""rho_WEE1i_R2"": ""15638""}",1,1,R3:16307,R3:16307,,included_primary,9,546,0.016483516483516484,-0.2960821170618,-0.29608211706179999,P1P2,6.6397824356308699E-2,0.63126365410642182,3,-2.1082525743615381,target_non_hit,15638,-0.3495803327522037,-0.34958033275220368,P1P2,0.1554200064807035,0.57955587556542332,3,-1.2740670207661651,target_non_hit,15638,-0.06099686552544625,-6.0996865525446253E-2,P1P2,0.634913899544016,0.93314371261087847,3,-8.0723298519038547E-2,target_non_hit,15638,-0.3922833652298984,-0.39228336522989837,P1P2,8.031214475246938E-2,0.91015979068428543,3,-3.3798163818047189,target_non_hit,15638,-0.08229573333181683,-8.2295733331816834E-2,P1P2,0.33021143562497568,0.92597904569021672,3,-0.27860946885678872,target_non_hit,15638,False,False,True,True,True,-0.5281813400307701,-0.5281813400307701,-0.5281813400307701,-0.02970537019632528,-0.02970537019632528,-0.02970537019632528,[-1],"[""P1P2""]","[""SWSAP1_-_11485393.23-P1P2|SWSAP1_-_11485398.23-P1P2""]",True,True,False,processed/original_r3_records.csv
SYCP1,R1:121783,PRKDC;SYCP1,0.0,False,True,True,True,True,True,True,"{""gamma_R2"": ""P1P2"", ""rho_ATMi_R2"": ""P1P2"", ""rho_ATRi_R2"": ""P1P2"", ""rho_R2"": ""P1P2"", ""rho_WEE1i_R2"": ""P1P2""}","{""gamma_R2"": ""15647"", ""rho_ATMi_R2"": ""15647"", ""rho_ATRi_R2"": ""15647"", ""rho_R2"": ""15647"", ""rho_WEE1i_R2"": ""15647""}",1,1,R3:16317,R3:16317,,included_primary,3,545,0.005504587155963303,-0.07782871385364028,-7.7828713853640277E-2,P1P2,0.82863642461712772,0.9726297196789484,3,-3.8409916251343788E-2,target_non_hit,15647,0.1864749531297356,0.18647495312973561,P1P2,0.10224451900002519,0.51519415264872692,3,0.83249677366267272,target_non_hit,15647,-0.2122329292764564,-0.2122329292764564,P1P2,9.0590754197802326E-2,0.71872419372048924,3,-1.484769719935539,target_non_hit,15647,0.0278620815443967,2.7862081544396702E-2,P1P2,0.799592413255788,0.99113237577158952,3,2.1289489696040009E-2,target_non_hit,15647,-0.0181222621344029,-1.8122262134402899E-2,P1P2,0.91701139599281678,0.99816253513333608,3,-4.7970894124477531E-3,target_non_hit,15647,False,False,False,True,True,0.7620517763686893,0.7620517763686893,0.7620517763686893,0.02685347819750253,0.02685347819750253,0.02685347819750253,[1],"[""P1P2""]","[""SYCP1_+_115397462.23-P1P2|SYCP1_+_115397487.23-P1P2""]",True,False,True,processed/original_r3_records.csv
TAOK1,R1:121784,PRKDC;TAOK1,0.0,False,True,True,True,True,True,True,"{""gamma_R2"": ""P1P2"", ""rho_ATMi_R2"": ""P1P2"", ""rho_ATRi_R2"": ""P1P2"", ""rho_R2"": ""P1P2"", ""rho_WEE1i_R2"": ""P1P2""}","{""gamma_R2"": ""15769"", ""rho_ATMi_R2"": ""15769"", ""rho_ATRi_R2"": ""15769"", ""rho_R2"": ""15769"", ""rho_WEE1i_R2"": ""15769""}",1,1,R3:16447,R3:16447,,included_primary,0,546,0.0,0.2528900117893464,0.25289001178934639,P1P2,6.068621736323665E-2,0.620302972818774,3,1.8604243158543241,target_non_hit,15769,0.4050110621892462,0.40501106218924621,P1P2,2.683371070794963E-2,0.30998493145047379,3,2.8688001711028499,target_non_hit,15769,0.03917142201350732,3.9171422013507318E-2,P1P2,0.79181111800796355,0.96696081698169301,3,2.663862114185693E-2,target_non_hit,15769,-0.1973457946723009,-0.1973457946723009,P1P2,8.888498242194029E-2,0.91318319668463499,3,-1.631901090590165,target_non_hit,15769,0.1696568910307503,0.1696568910307503,P1P2,0.24127499360131591,0.90723236288685183,3,0.73703076938102485,target_non_hit,15769,False,False,False,True,True,0.1325894482229555,0.1325894482229555,0.1325894482229555,-0.006017454650203574,-0.006017454650203574,-0.006017454650203574,[1],"[""P1P2""]","[""TAOK1_+_27717965.23-P1P2|TAOK1_+_27717866.23-P1P2""]",False,False,False,processed/original_r3_records.csv
TCEA1,R1:69989,PRKDC;TCEA1,-0.037678923,False,True,True,True,True,True,True,"{""gamma_R2"": ""P1P2"", ""rho_ATMi_R2"": ""P1P2"", ""rho_ATRi_R2"": ""P1P2"", ""rho_R2"": ""P1P2"", ""rho_WEE1i_R2"": ""P1P2""}","{""gamma_R2"": ""15895"", ""rho_ATMi_R2"": ""15895"", ""rho_ATRi_R2"": ""15895"", ""rho_R2"": ""15895"", ""rho_WEE1i_R2"": ""15895""}",1,1,R3:16578,R3:16578,,included_primary,12,546,0.02197802197802198,0.2320817493732797,0.23208174937327969,P1P2,7.8093628943155996E-2,0.64859729155586521,3,1.5536789569851599,target_non_hit,15895,0.2005684603087457,0.2005684603087457,P1P2,7.5288313132527734E-2,0.46644462693278149,3,1.015586030621682,target_non_hit,15895,0.002598800595524274,2.5988005955242741E-3,P1P2,0.80315019977728364,0.96966088557879526,3,1.659669390893918E-3,target_non_hit,15895,0.02302786098691516,2.3027860986915161E-2,P1P2,0.81396986077056588,0.99113237577158952,3,1.6193585214619659E-2,target_non_hit,15895,0.1039205287233879,0.1039205287233879,P1P2,0.21684596776453219,0.90226050949172965,3,0.48535134351047399,target_non_hit,15895,False,False,False,True,True,0.503652747117163,0.503652747117163,0.503652747117163,-0.04065627326694343,-0.04065627326694343,-0.04065627326694343,[1],"[""P1P2""]","[""TCEA1_-_54934842.23-P1P2|TCEA1_+_54934812.23-P1P2""]",False,False,False,processed/original_r3_records.csv
TDG,R1:121785,PRKDC;TDG,0.0,False,True,True,True,True,True,True,"{""gamma_R2"": ""P1P2"", ""rho_ATMi_R2"": ""P1P2"", ""rho_ATRi_R2"": ""P1P2"", ""rho_R2"": ""P1P2"", ""rho_WEE1i_R2"": ""P1P2""}","{""gamma_R2"": ""15954"", ""rho_ATMi_R2"": ""15954"", ""rho_ATRi_R2"": ""15954"", ""rho_R2"": ""15954"", ""rho_WEE1i_R2"": ""15954""}",1,1,R3:16640,R3:16640,,included_primary,2,546,0.003663003663003663,-0.1803952857571306,-0.1803952857571306,P1P2,9.0899573919259222E-2,0.66506437215734171,3,-1.135744291515296,target_non_hit,15954,0.005794694011775313,5.7946940117753129E-3,P1P2,0.51295420439144734,0.80049757679492906,3,7.5732059521079849E-3,target_non_hit,15954,-0.1323110946930376,-0.13231109469303759,P1P2,0.41553360077296242,0.86999161490726029,3,-0.3385064146664688,target_non_hit,15954,-0.0752029257738996,-7.5202925773899601E-2,P1P2,0.23151565550736239,0.94034009958634834,3,-0.37591330933066708,target_non_hit,15954,-0.2227229600181794,-0.2227229600181794,P1P2,4.7008714756520527E-2,0.80918831663727531,3,-2.0806093170721982,target_non_hit,15954,False,False,False,True,True,0.5000523377389984,0.5000523377389984,0.5000523377389984,-0.01435399883250322,-0.01435399883250322,-0.01435399883250322,[1],"[""P1P2""]","[""TDG_+_104359678.23-P1P2|TDG_-_104359661.23-P1P2""]",True,False,True,processed/original_r3_records.csv
TDP1,R1:42218,PRKDC;TDP1,-0.238560948,False,True,True,True,True,True,True,"{""gamma_R2"": ""P1P2"", ""rho_ATMi_R2"": ""P1P2"", ""rho_ATRi_R2"": ""P1P2"", ""rho_R2"": ""P1P2"", ""rho_WEE1i_R2"": ""P1P2""}","{""gamma_R2"": ""15957"", ""rho_ATMi_R2"": ""15957"", ""rho_ATRi_R2"": ""15957"", ""rho_R2"": ""15957"", ""rho_WEE1i_R2"": ""15957""}",1,1,R3:16643,R3:16643,,included_primary,2,545,0.003669724770642202,-0.1642989430972534,-0.1642989430972534,P1P2,3.8129159824181323E-2,0.57561856300348446,3,-1.4091600560424999,target_non_hit,15957,-0.1373197002302639,-0.13731970023026391,P1P2,0.34814527386652738,0.70244317710791804,3,-0.2836575467360265,target_non_hit,15957,-0.2038151214618299,-0.2038151214618299,P1P2,6.7088631258812106E-2,0.69839166548507325,3,-1.604210397198788,target_non_hit,15957,-0.1508047539117759,-0.15080475391177589,P1P2,0.22559412428088901,0.94014871120845744,3,-0.76716992335396028,target_non_hit,15957,-0.1119659780006644,-0.11196597800066441,P1P2,0.45700460585171637,0.94588090699994087,3,-0.26788737435130872,target_non_hit,15957,False,False,True,True,True,-1.219671989338545,-1.219671989338545,-1.219671989338545,-0.1219249247292177,-0.1219249247292177,-0.1219249247292177,[-1],"[""P1P2""]","[""TDP1_+_90422308.23-P1P2|TDP1_-_90422288.23-P1P2""]",True,True,False,processed/original_r3_records.csv
TDP2,R1:21671,PRKDC;TDP2,-0.481434871,False,True,True,True,True,True,True,"{""gamma_R2"": ""P1P2"", ""rho_ATMi_R2"": ""P1P2"", ""rho_ATRi_R2"": ""P1P2"", ""rho_R2"": ""P1P2"", ""rho_WEE1i_R2"": ""P1P2""}","{""gamma_R2"": ""15958"", ""rho_ATMi_R2"": ""15958"", ""rho_ATRi_R2"": ""15958"", ""rho_R2"": ""15958"", ""rho_WEE1i_R2"": ""15958""}",1,1,R3:16644,R3:16644,,included_primary,34,546,0.06227106227106227,0.1469582652715077,0.14695826527150771,P1P2,0.38610726140949991,0.84937726126141488,3,0.36717486403726213,target_non_hit,15958,-0.2271137113290441,-0.22711371132904409,P1P2,0.40303009390824529,0.73801590051781396,3,-0.40405289304658237,target_non_hit,15958,0.04996902023647716,4.996902023647716E-2,P1P2,0.52243199346470603,0.90538104193043545,3,9.4515068159966409E-2,target_non_hit,15958,0.1648115462895197,0.16481154628951969,P1P2,0.2252070718508625,0.94014871120845744,3,0.83939179865751112,target_non_hit,15958,0.2087060395271467,0.2087060395271467,P1P2,0.3367464676865537,0.92857494017491449,3,0.69407057127668437,target_non_hit,15958,False,False,False,True,True,0.2298543312877746,0.2298543312877746,0.2298543312877746,-0.03760509022766959,-0.03760509022766959,-0.03760509022766959,[1],"[""P1P2""]","[""TDP2_+_24667080.23-P1P2|TDP2_+_24667097.23-P1P2""]",False,False,False,processed/original_r3_records.csv
TERF2IP,R1:21233,PRKDC;TERF2IP,-0.489517278,False,True,True,True,True,True,True,"{""gamma_R2"": ""P1P2"", ""rho_ATMi_R2"": ""P1P2"", ""rho_ATRi_R2"": ""P1P2"", ""rho_R2"": ""P1P2"", ""rho_WEE1i_R2"": ""P1P2""}","{""gamma_R2"": ""16000"", ""rho_ATMi_R2"": ""16000"", ""rho_ATRi_R2"": ""16000"", ""rho_R2"": ""16000"", ""rho_WEE1i_R2"": ""16000""}",1,1,R3:16686,R3:16686,,included_primary,3,546,0.005494505494505495,0.03679447556696417,3.679447556696417E-2,P1P2,0.60729819247111705,0.91745590123141818,3,4.8179132657471771E-2,target_non_hit,16000,-0.06658701270585402,-6.6587012705854015E-2,P1P2,0.67247707720372718,0.87767957871767666,3,-5.1725003994924079E-2,target_non_hit,16000,-0.03427105782530226,-3.4271057825302258E-2,P1P2,0.80255033275356835,0.96952569358742591,3,-2.1961089281935211E-2,target_non_hit,16000,0.1027367559542839,0.1027367559542839,P1P2,1.308660374806592E-2,0.79468045092843187,3,1.521978129569318,target_non_hit,16000,-0.01983125252613416,-1.9831252526134161E-2,P1P2,0.92467853022092261,0.99896984745866135,3,-4.7449616349783223E-3,target_non_hit,16000,False,False,True,True,True,-0.1095116971306042,-0.1095116971306042,-0.1095116971306042,-0.1265256520454903,-0.1265256520454903,-0.1265256520454903,[-1],"[""P1P2""]","[""TERF2IP_-_75681701.23-P1P2|TERF2IP_-_75681748.23-P1P2""]",False,True,True,processed/original_r3_records.csv
TEX12,R1:121787,PRKDC;TEX12,0.0,False,True,True,True,True,True,True,"{""gamma_R2"": ""P1P2"", ""rho_ATMi_R2"": ""P1P2"", ""rho_ATRi_R2"": ""P1P2"", ""rho_R2"": ""P1P2"", ""rho_WEE1i_R2"": ""P1P2""}","{""gamma_R2"": ""16013"", ""rho_ATMi_R2"": ""16013"", ""rho_ATRi_R2"": ""16013"", ""rho_R2"": ""16013"", ""rho_WEE1i_R2"": ""16013""}",1,1,R3:16700,R3:16700,,included_primary,2,546,0.003663003663003663,0.3309413973520613,0.3309413973520613,P1P2,5.6945134150094071E-2,0.61644857836678524,3,2.489906449321587,target_non_hit,16013,-0.1199813893424508,-0.1199813893424508,P1P2,0.87067779590946048,0.95778099609115996,3,-3.2528539406807513E-2,target_non_hit,16013,0.05547884983383729,5.5478849833837288E-2,P1P2,0.52151834434048816,0.90499387101317463,3,0.1052196673579075,target_non_hit,16013,-0.1694582118992519,-0.16945821189925189,P1P2,0.71760260980042889,0.98464321749325812,3,-0.19211758743787549,target_non_hit,16013,0.04995545018330801,4.9955450183308013E-2,P1P2,0.54055837438458509,0.9590623849937937,3,9.3893579969719046E-2,target_non_hit,16013,False,False,False,True,True,1.36074644053218,1.36074644053218,1.36074644053218,-0.08669573783003791,-0.08669573783003791,-0.08669573783003791,[1],"[""P1P2""]","[""TEX12_+_112038130.23-P1P2|TEX12_+_112038097.23-P1P2""]",False,False,False,processed/original_r3_records.csv
TEX15,R1:121788,PRKDC;TEX15,0.0,False,True,True,True,True,True,True,"{""gamma_R2"": ""ENST00000256246.2"", ""rho_ATMi_R2"": ""ENST00000256246.2"", ""rho_ATRi_R2"": ""ENST00000256246.2"", ""rho_R2"": ""ENST00000256246.2"", ""rho_WEE1i_R2"": ""ENST00000256246.2""}","{""gamma_R2"": ""16017"", ""rho_ATMi_R2"": ""16017"", ""rho_ATRi_R2"": ""16017"", ""rho_R2"": ""16017"", ""rho_WEE1i_R2"": ""16017""}",1,1,R3:16704,R3:16704,,included_primary,2,545,0.003669724770642202,-0.248212171419985,-0.248212171419985,ENST00000256246.2,0.1195151869832219,0.70069012051541213,3,-1.3843552348672159,target_non_hit,16017,-0.01394014740180305,-1.3940147401803051E-2,ENST00000256246.2,0.8340875769985383,0.94521798889294806,3,-4.9510616382024437E-3,target_non_hit,16017,-0.02831673493153246,-2.8316734931532458E-2,ENST00000256246.2,0.90518351718557311,0.98858233419187425,3,-8.2178914661225535E-3,target_non_hit,16017,0.0344358518147588,3.4435851814758799E-2,ENST00000256246.2,0.61686684034206363,0.97692103520763862,3,5.6836378448054219E-2,target_non_hit,16017,-0.05505738313978773,-5.5057383139787731E-2,ENST00000256246.2,0.71395705641083651,0.97842324837851224,3,-5.6679831044878677E-2,target_non_hit,16017,False,False,False,True,True,0.6627162966386505,0.6627162966386505,0.6627162966386505,-0.03192647759314847,-0.03192647759314847,-0.03192647759314847,[1],"[""ENST00000256246.2""]","[""TEX15_+_30706606.23-ENST00000256246.2|TEX15_-_30706246.23-ENST00000256246.2""]",True,False,True,processed/original_r3_records.csv
TFPT,R1:6141,PRKDC;TFPT,-0.935628435,False,True,True,True,True,True,True,"{""gamma_R2"": ""P1P2"", ""rho_ATMi_R2"": ""P1P2"", ""rho_ATRi_R2"": ""P1P2"", ""rho_R2"": ""P1P2"", ""rho_WEE1i_R2"": ""P1P2""}","{""gamma_R2"": ""16059"", ""rho_ATMi_R2"": ""16059"", ""rho_ATRi_R2"": ""16059"", ""rho_R2"": ""16059"", ""rho_WEE1i_R2"": ""16059""}",1,1,R3:16750,R3:16750,,included_primary,34,546,0.06227106227106227,-0.7438610272225876,-0.74386102722258762,P1P2,5.0838447766429339E-2,0.60918705848999699,1,-5.8181302287006824,target_non_hit,16059,-1.758241440666085,-1.7582414406660849,P1P2,8.2191573185478803E-2,0.48034858901286009,1,-8.600948580625813,essential_hit,16059,-0.3784696269221501,-0.37846962692215008,P1P2,0.15074645205364151,0.75842743449808558,1,-2.0862638331058641,target_non_hit,16059,-0.08859524230017835,-8.8595242300178345E-2,P1P2,0.2251930912515295,0.94014871120845744,1,-0.45123790410914599,target_non_hit,16059,-1.900094278694839,-1.9000942786948389,P1P2,0.11238108295969459,0.87522005213751763,1,-12.69017317904925,sensitivity_hit,16059,False,False,True,True,True,-1.09283096483843,-1.09283096483843,-1.09283096483843,-0.5463787310419387,-0.5463787310419387,-0.5463787310419387,[-1],"[""P1P2""]","[""TFPT_+_54619005.23-P1P2|TFPT_+_54618985.23-P1P2""]",True,True,False,processed/original_r3_records.csv
TMEM161A,R1:121789,PRKDC;TMEM161A,0.0,False,True,True,True,True,True,True,"{""gamma_R2"": ""P1P2"", ""rho_ATMi_R2"": ""P1P2"", ""rho_ATRi_R2"": ""P1P2"", ""rho_R2"": ""P1P2"", ""rho_WEE1i_R2"": ""P1P2""}","{""gamma_R2"": ""16337"", ""rho_ATMi_R2"": ""16337"", ""rho_ATRi_R2"": ""16337"", ""rho_R2"": ""16337"", ""rho_WEE1i_R2"": ""16337""}",1,1,R3:17047,R3:17047,,included_primary,9,546,0.016483516483516484,-0.2168302107229058,-0.21683021072290579,P1P2,0.21807245280238219,0.77478129665234108,3,-0.86697254882084307,target_non_hit,16337,0.06640153198355728,6.6401531983557277E-2,P1P2,0.1476202652445433,0.57232995660110297,3,0.24869771853704281,target_non_hit,16337,-0.1949550966393142,-0.19495509663931421,P1P2,4.2456799273784873E-2,0.65512366680197964,3,-1.794330144316389,target_non_hit,16337,-0.1357211912269299,-0.13572119122692991,P1P2,0.1611502987468372,0.93489129238435131,3,-0.84642131804378973,target_non_hit,16337,-0.0219788700057979,-2.1978870005797901E-2,P1P2,0.86210275719751128,0.99294498200740255,3,-9.9644473012511035E-3,target_non_hit,16337,False,False,True,True,True,-0.252864350036781,-0.252864350036781,-0.252864350036781,0.007434420851499798,0.007434420851499798,0.007434420851499798,[-1],"[""P1P2""]","[""TMEM161A_+_19249264.23-P1P2|TMEM161A_-_19249271.23-P1P2""]",True,True,False,processed/original_r3_records.csv
TNP1,R1:121792,PRKDC;TNP1,0.0,False,True,True,True,True,True,True,"{""gamma_R2"": ""P1P2"", ""rho_ATMi_R2"": ""P1P2"", ""rho_ATRi_R2"": ""P1P2"", ""rho_R2"": ""P1P2"", ""rho_WEE1i_R2"": ""P1P2""}","{""gamma_R2"": ""16624"", ""rho_ATMi_R2"": ""16624"", ""rho_ATRi_R2"": ""16624"", ""rho_R2"": ""16624"", ""rho_WEE1i_R2"": ""16624""}",1,1,R3:17355,R3:17355,,included_primary,5,546,0.009157509157509158,-0.04955587691984216,-4.9555876919842159E-2,P1P2,0.99370223620242626,1,3,-8.2197552082937189E-4,target_non_hit,16624,0.002454063231345671,2.4540632313456712E-3,P1P2,0.61256394415751458,0.85027272533147225,3,2.3546451190273559E-3,target_non_hit,16624,0.08139056838512844,8.1390568385128439E-2,P1P2,0.31196146822773302,0.83642891729912583,3,0.2762071342380697,target_non_hit,16624,-0.02903630358136944,-2.9036303581369442E-2,P1P2,0.55265510502955251,0.97004420329326113,3,-5.8828551828181919E-2,target_non_hit,16624,0.05233062315152785,5.2330623151527852E-2,P1P2,0.1130086024425052,0.87585031579397765,3,0.34861057659469458,target_non_hit,16624,False,False,False,True,True,0.1857435112691689,0.1857435112691689,0.1857435112691689,-0.01050946338752063,-0.01050946338752063,-0.01050946338752063,[1],"[""P1P2""]","[""TNP1_+_217724725.23-P1P2|TNP1_+_217724601.23-P1P2""]",True,False,True,processed/original_r3_records.csv
TOP3A,R1:19849,PRKDC;TOP3A,-0.513001478,False,True,True,True,True,True,True,"{""gamma_R2"": ""P1P2"", ""rho_ATMi_R2"": ""P1P2"", ""rho_ATRi_R2"": ""P1P2"", ""rho_R2"": ""P1P2"", ""rho_WEE1i_R2"": ""P1P2""}","{""gamma_R2"": ""16659"", ""rho_ATMi_R2"": ""16659"", ""rho_ATRi_R2"": ""16659"", ""rho_R2"": ""16659"", ""rho_WEE1i_R2"": ""16659""}",1,1,R3:17386,R3:17386,,included_primary,49,545,0.08990825688073395,0.08799401461432352,8.7994014614323518E-2,P1P2,0.50673136247455908,0.89204868221641109,3,0.157044981405182,target_non_hit,16659,-0.7692015454716656,-0.76920154547166564,P1P2,0.2326622159412145,0.62983822774182263,3,-2.195840945202578,target_non_hit,16659,-0.4683085516302686,-0.46830855163026858,P1P2,0.1092943881868656,0.73261951607628417,3,-3.020189010045256,target_non_hit,16659,-0.03723512983470659,-3.7235129834706587E-2,P1P2,0.84635696657082249,0.99349546383444964,3,-2.12208206820588E-2,target_non_hit,16659,-0.06073947346021802,-6.0739473460218019E-2,P1P2,0.99391632600312096,1,3,-1.13248248615849E-3,target_non_hit,16659,False,False,False,True,True,1.000183259495907,1.000183259495907,1.000183259495907,-0.0879916357351085,-0.0879916357351085,-0.0879916357351085,[1],"[""P1P2""]","[""TOP3A_+_18218267.23-P1P2|TOP3A_+_18218270.23-P1P2""]",False,False,False,processed/original_r3_records.csv
TP53,R1:121793,PRKDC;TP53,0.0,False,True,True,True,True,True,True,"{""gamma_R2"": ""P1P2"", ""rho_ATMi_R2"": ""P1P2"", ""rho_ATRi_R2"": ""P1P2"", ""rho_R2"": ""P1P2"", ""rho_WEE1i_R2"": ""P1P2""}","{""gamma_R2"": ""16675"", ""rho_ATMi_R2"": ""16675"", ""rho_ATRi_R2"": ""16675"", ""rho_R2"": ""16675"", ""rho_WEE1i_R2"": ""16675""}",1,1,R3:17401,R3:17401,,included_primary,2,546,0.003663003663003663,1.127095673534286,1.1270956735342861,P1P2,4.1993682361327116E-9,1.6396853214803789E-4,3,57.077068017990513,resistance_hit,16675,1.4070683526117,1.4070683526117,P1P2,8.6239920066008739E-9,5.8275055698118793E-5,3,51.150560663700332,up_hit,16675,-0.1977682599709532,-0.19776825997095321,P1P2,6.260333162507456E-2,0.69221583684000976,3,-1.596483641462713,target_non_hit,16675,0.5733939461526075,0.57339394615260753,P1P2,1.9495457686351379E-5,5.0747976054751738E-2,3,21.2457703105399,resistance_hit,16675,0.2228283557299902,0.22282835572999021,P1P2,2.4510876271392479E-2,0.774845829469755,3,2.5249632539799638,target_non_hit,16675,False,False,False,True,True,2.757846870751784,2.757846870751784,2.757846870751784,0.0943981987254112,0.0943981987254112,0.0943981987254112,[1],"[""P1P2""]","[""TP53_+_7590780.23-P1P2|TP53_+_7590763.23-P1P2""]",False,False,False,processed/original_r3_records.csv
TP73,R1:121794,PRKDC;TP73,0.0,False,True,True,True,True,True,True,"{""gamma_R2"": ""P1P2"", ""rho_ATMi_R2"": ""P1P2"", ""rho_ATRi_R2"": ""P1P2"", ""rho_R2"": ""P1P2"", ""rho_WEE1i_R2"": ""P1P2""}","{""gamma_R2"": ""16688"", ""rho_ATMi_R2"": ""16688"", ""rho_ATRi_R2"": ""16688"", ""rho_R2"": ""16688"", ""rho_WEE1i_R2"": ""16688""}",1,1,R3:17415,R3:17415,,included_primary,2,545,0.003669724770642202,0.1069431680204066,0.1069431680204066,P1P2,0.34995234753329901,0.8379698396716555,3,0.29480259066572062,target_non_hit,16688,-0.5847812758517805,-0.58478127585178052,P1P2,0.20075507515539959,0.6110348972449805,3,-1.8382430987247811,target_non_hit,16688,0.1899666697958864,0.18996666979588639,P1P2,0.22675375701851239,0.80195849838274313,3,0.82122197509131833,target_non_hit,16688,0.05341194033731966,5.3411940337319663E-2,P1P2,0.31232726185375193,0.94481942392096563,3,0.2123525227026801,target_non_hit,16688,0.259088150354327,0.25908815035432697,P1P2,0.27673987134191341,0.91268925009626112,3,1.016978395733267,target_non_hit,16688,False,False,False,True,True,0.3368186398918675,0.3368186398918675,0.3368186398918675,-0.164790369391001,-0.164790369391001,-0.164790369391001,[1],"[""P1P2""]","[""TP73_-_3569572.23-P1P2|TP73_-_3569486.23-P1P2""]",False,False,False,processed/original_r3_records.csv
TREX1,R1:121795,PRKDC;TREX1,0.0,False,True,True,True,True,True,True,"{""gamma_R2"": ""P1P2"", ""rho_ATMi_R2"": ""P1P2"", ""rho_ATRi_R2"": ""P1P2"", ""rho_R2"": ""P1P2"", ""rho_WEE1i_R2"": ""P1P2""}","{""gamma_R2"": ""16780"", ""rho_ATMi_R2"": ""16780"", ""rho_ATRi_R2"": ""16780"", ""rho_R2"": ""16780"", ""rho_WEE1i_R2"": ""16780""}",1,1,R3:17515,R3:17515,,included_primary,1,546,0.0018315018315018315,0.1760098914847884,0.17600989148478841,P1P2,0.17024085945514469,0.74370380379118128,3,0.81818078413035444,target_non_hit,16780,-0.0249914386899747,-2.49914386899747E-2,P1P2,0.62854332880420427,0.85857869987865099,3,-2.2719056382167969E-2,target_non_hit,16780,-0.1061880138006931,-0.10618801380069311,P1P2,0.27037250570480131,0.82104737405588357,3,-0.40462194807359819,target_non_hit,16780,0.05215875835043245,5.2158758350432453E-2,P1P2,0.96800506485206006,1,3,5.7946495322753902E-3,target_non_hit,16780,0.1292031829339629,0.12920318293396291,P1P2,0.39157225752557828,0.93777962021580064,3,0.3701298291454938,target_non_hit,16780,False,False,False,True,True,0.4061299126663451,0.4061299126663451,0.4061299126663451,-0.01425324073082971,-0.01425324073082971,-0.01425324073082971,[1],"[""P1P2""]","[""TREX1_+_48507673.23-P1P2|TREX1_+_48507655.23-P1P2""]",False,False,False,processed/original_r3_records.csv
TRIM25,R1:121796,PRKDC;TRIM25,0.0,False,True,True,True,True,True,True,"{""gamma_R2"": ""P1P2"", ""rho_ATMi_R2"": ""P1P2"", ""rho_ATRi_R2"": ""P1P2"", ""rho_R2"": ""P1P2"", ""rho_WEE1i_R2"": ""P1P2""}","{""gamma_R2"": ""16803"", ""rho_ATMi_R2"": ""16803"", ""rho_ATRi_R2"": ""16803"", ""rho_R2"": ""16803"", ""rho_WEE1i_R2"": ""16803""}",1,1,R3:17538,R3:17538,,included_primary,10,545,0.01834862385321101,0.2887142380120837,0.28871423801208368,P1P2,2.802217820207922E-2,0.54314841683180981,3,2.7096997833635519,target_non_hit,16803,-0.2244476378493202,-0.2244476378493202,P1P2,9.2328161535459724E-2,0.49871235249329182,3,-1.046849175732895,target_non_hit,16803,0.1599197899583403,0.1599197899583403,P1P2,0.1105834708667414,0.73306804586735352,3,1.0258828292779729,target_non_hit,16803,0.2038700216629425,0.20387002166294249,P1P2,8.4685664648109678E-3,0.72700687105911377,3,3.3233439982015298,target_non_hit,16803,0.01910852802157607,1.910852802157607E-2,P1P2,0.44216593493635248,0.9447724537388964,3,4.7645818973874633E-2,target_non_hit,16803,False,False,False,True,True,0.3632961363185153,0.3632961363185153,0.3632961363185153,0.01325585095170677,0.01325585095170677,0.01325585095170677,[1],"[""P1P2""]","[""TRIM25_-_54991362.23-P1P2|TRIM25_+_54991009.23-P1P2""]",False,False,False,processed/original_r3_records.csv
TRIM28,R1:121797,PRKDC;TRIM28,0.0,False,True,True,True,True,True,True,"{""gamma_R2"": ""P1P2"", ""rho_ATMi_R2"": ""P1P2"", ""rho_ATRi_R2"": ""P1P2"", ""rho_R2"": ""P1P2"", ""rho_WEE1i_R2"": ""P1P2""}","{""gamma_R2"": ""16806"", ""rho_ATMi_R2"": ""16806"", ""rho_ATRi_R2"": ""16806"", ""rho_R2"": ""16806"", ""rho_WEE1i_R2"": ""16806""}",1,1,R3:17541,R3:17541,,included_primary,0,546,0.0,0.05223910568401029,5.2239105684010287E-2,P1P2,0.32341562715350802,0.82998129957020139,3,0.1548194375168685,target_non_hit,16806,-0.1052677474582201,-0.1052677474582201,P1P2,0.93215818908840242,0.98020713015054206,3,-1.4478112087368459E-2,target_non_hit,16806,0.237392785680594,0.23739278568059399,P1P2,6.5986214120654987E-2,0.69807792406091729,3,1.879955945327574,target_non_hit,16806,-0.01115915040656897,-1.1159150406568971E-2,P1P2,0.58902932540503916,0.97469462742877477,3,-2.0178677159960651E-2,target_non_hit,16806,0.1479276852323015,0.14792768523230149,P1P2,5.658147018388264E-2,0.82676432557394375,3,1.298120982957681,target_non_hit,16806,False,False,True,True,True,-0.3299309366843411,-0.3299309366843411,-0.3299309366843411,-0.006178029227519773,-0.006178029227519773,-0.006178029227519773,[-1],"[""P1P2""]","[""TRIM28_-_59056127.23-P1P2|TRIM28_-_59055912.23-P1P2""]",False,True,True,processed/original_r3_records.csv
TRIP12,R1:14114,PRKDC;TRIP12,-0.639971716,False,True,True,True,True,True,True,"{""gamma_R2"": ""P1P2"", ""rho_ATMi_R2"": ""P1P2"", ""rho_ATRi_R2"": ""P1P2"", ""rho_R2"": ""P1P2"", ""rho_WEE1i_R2"": ""P1P2""}","{""gamma_R2"": ""16864"", ""rho_ATMi_R2"": ""16864"", ""rho_ATRi_R2"": ""16864"", ""rho_R2"": ""16864"", ""rho_WEE1i_R2"": ""16864""}",1,1,R3:17607,R3:17607,,included_primary,23,546,0.04212454212454213,0.4739883343202131,0.47398833432021309,P1P2,0.13263742077695859,0.71247224262720099,3,2.5139374891631818,target_non_hit,16864,0.2720950857656268,0.2720950857656268,P1P2,5.3965244643282451E-2,0.41345774415338232,3,1.555141210893572,target_non_hit,16864,-0.1443583867421099,-0.14435838674210991,P1P2,0.56664353599648298,0.9181117509540262,3,-0.23888595906429291,target_non_hit,16864,0.1272899401176738,0.12728994011767381,P1P2,0.39924790167654689,0.95387925397099782,3,0.39929615253817702,target_non_hit,16864,-0.3300173430460716,-0.33001734304607161,P1P2,0.14577906490244169,0.89456064249265121,3,-1.9417226036654549,target_non_hit,16864,False,False,True,True,True,-0.1326586539587084,-0.1326586539587084,-0.1326586539587084,-0.01732087531921405,-0.01732087531921405,-0.01732087531921405,[-1],"[""P1P2""]","[""TRIP12_-_230786461.23-P1P2|TRIP12_-_230786488.23-P1P2""]",False,True,True,processed/original_r3_records.csv
TRIP13,R1:3641,PRKDC;TRIP13,-1.118745998,True,True,True,True,True,True,True,"{""gamma_R2"": ""P1P2"", ""rho_ATMi_R2"": ""P1P2"", ""rho_ATRi_R2"": ""P1P2"", ""rho_R2"": ""P1P2"", ""rho_WEE1i_R2"": ""P1P2""}","{""gamma_R2"": ""16865"", ""rho_ATMi_R2"": ""16865"", ""rho_ATRi_R2"": ""16865"", ""rho_R2"": ""16865"", ""rho_WEE1i_R2"": ""16865""}",1,1,R3:17608,R3:17608,,included_primary,24,546,0.04395604395604396,-0.7481058076764637,-0.74810580767646373,P1P2,2.3721375889219948E-3,0.29126567389008873,3,-11.871103364558721,sensitivity_hit,16865,-1.59455041560385,-1.5945504156038499,P1P2,8.9024710363624525E-4,4.4794572691470143E-2,3,-21.926875806397629,essential_hit,16865,-0.4824301557863397,-0.48243015578633969,P1P2,4.3930478033056128E-3,0.48658489689736573,3,-7.6284114281004651,sensitivity_hit,16865,0.001457149888148074,1.457149888148074E-3,P1P2,0.89716786341823329,0.99659567440361629,3,5.4020652308926287E-4,target_non_hit,16865,-0.4803778050511203,-0.48037780505112032,P1P2,6.9192876351680782E-2,0.84627077149312568,3,-3.920159637500475,target_non_hit,16865,False,False,True,True,True,-0.6952482318868153,-0.6952482318868153,-0.6952482318868153,-0.2110272899512674,-0.2110272899512674,-0.2110272899512674,[-1],"[""P1P2""]","[""TRIP13_+_893079.23-P1P2|TRIP13_-_893070.23-P1P2""]",True,True,False,processed/original_r3_records.csv
TRRAP,R1:40244,PRKDC;TRRAP,-0.256137258,False,True,True,True,True,True,True,"{""gamma_R2"": ""P1P2"", ""rho_ATMi_R2"": ""P1P2"", ""rho_ATRi_R2"": ""P1P2"", ""rho_R2"": ""P1P2"", ""rho_WEE1i_R2"": ""P1P2""}","{""gamma_R2"": ""16918"", ""rho_ATMi_R2"": ""16918"", ""rho_ATRi_R2"": ""16918"", ""rho_R2"": ""16918"", ""rho_WEE1i_R2"": ""16918""}",1,1,R3:17662,R3:17662,,included_primary,78,546,0.14285714285714285,-0.3484583411286613,-0.34845834112866131,P1P2,3.7933459396996591E-2,0.57561856300348446,3,-2.993367065658179,target_non_hit,16918,-1.936656509548882,-1.9366565095488819,P1P2,5.1468242334342549E-3,0.131633505963521,3,-19.978598936191158,essential_hit,16918,-0.786672840760886,-0.78667284076088595,P1P2,1.2344184650223329E-2,0.57215294347317358,3,-10.071445953735489,sensitivity_hit,16918,0.3052126850968715,0.30521268509687149,P1P2,7.5882308551917924E-2,0.90955139457815382,3,2.6887996220549928,target_non_hit,16918,-0.519705907959998,-0.51970590795999805,P1P2,1.093996541728008E-3,0.37470341200273521,3,-10.82628696882886,sensitivity_hit,16918,False,False,False,True,True,0.2248001125882434,0.2248001125882434,0.2248001125882434,-0.312683643514005,-0.312683643514005,-0.312683643514005,[1],"[""P1P2""]","[""TRRAP_-_98476562.23-P1P2|TRRAP_-_98476572.23-P1P2""]",True,False,True,processed/original_r3_records.csv
TTC5,R1:121798,PRKDC;TTC5,0.0,False,True,True,True,True,True,True,"{""gamma_R2"": ""P1P2"", ""rho_ATMi_R2"": ""P1P2"", ""rho_ATRi_R2"": ""P1P2"", ""rho_R2"": ""P1P2"", ""rho_WEE1i_R2"": ""P1P2""}","{""gamma_R2"": ""17029"", ""rho_ATMi_R2"": ""17029"", ""rho_ATRi_R2"": ""17029"", ""rho_R2"": ""17029"", ""rho_WEE1i_R2"": ""17029""}",1,1,R3:17775,R3:17775,,included_primary,3,546,0.005494505494505495,0.2787030648649997,0.27870306486499968,P1P2,1.7572591079471841E-2,0.48905159749754629,3,2.957204720732252,target_non_hit,17029,-0.1919251386287812,-0.19192513862878119,P1P2,0.1937213193066652,0.60808464818819197,3,-0.61671184462390127,target_non_hit,17029,0.07975721820825354,7.9757218208253544E-2,P1P2,0.60562462777146142,0.92665148383418172,3,0.11652464573673731,target_non_hit,17029,0.02230351522875725,2.2303515228757249E-2,P1P2,0.98130567307352745,1,3,1.4379745390202211E-3,target_non_hit,17029,-0.2511411076613036,-0.2511411076613036,P1P2,9.1885050303135429E-2,0.87492912126245792,3,-1.83180743023204,target_non_hit,17029,False,False,False,True,True,0.8752548584770703,0.8752548584770703,0.8752548584770703,-0.08591344417302793,-0.08591344417302793,-0.08591344417302793,[1],"[""P1P2""]","[""TTC5_+_20774089.23-P1P2|TTC5_+_20773871.23-P1P2""]",False,False,False,processed/original_r3_records.csv
TWIST1,R1:121799,PRKDC;TWIST1,0.0,False,True,True,True,True,True,True,"{""gamma_R2"": ""P1P2"", ""rho_ATMi_R2"": ""P1P2"", ""rho_ATRi_R2"": ""P1P2"", ""rho_R2"": ""P1P2"", ""rho_WEE1i_R2"": ""P1P2""}","{""gamma_R2"": ""17105"", ""rho_ATMi_R2"": ""17105"", ""rho_ATRi_R2"": ""17105"", ""rho_R2"": ""17105"", ""rho_WEE1i_R2"": ""17105""}",1,1,R3:17857,R3:17857,,included_primary,1,546,0.0018315018315018315,-0.1858469822200811,-0.18584698222008109,P1P2,0.4406866173709133,0.86788372691363791,3,-0.39982408755403342,target_non_hit,17105,0.04384315412064365,4.384315412064365E-2,P1P2,0.45052729481134829,0.76565515698188635,3,6.8437917700871875E-2,target_non_hit,17105,-0.02977891401708868,-2.9778914017088681E-2,P1P2,0.93942750579859835,0.99300104116168519,3,-5.4207988330602979E-3,target_non_hit,17105,-0.08803648147763045,-8.8036481477630449E-2,P1P2,0.53064583976467761,0.96577830227514561,3,-0.1905881623253792,target_non_hit,17105,-0.08969874767274413,-8.9698747672744134E-2,P1P2,0.59799080820483252,0.9648416192564947,3,-0.14091966294970151,target_non_hit,17105,False,False,True,True,True,-1.254510616041248,-1.254510616041248,-1.254510616041248,0.05821208894314853,0.05821208894314853,0.05821208894314853,[-1],"[""P1P2""]","[""TWIST1_-_19157221.23-P1P2|TWIST1_-_19157081.23-P1P2""]",True,True,False,processed/original_r3_records.csv
UBC,R1:121801,PRKDC;UBC,0.0,False,True,True,True,True,True,True,"{""gamma_R2"": ""P1P2"", ""rho_ATMi_R2"": ""P1P2"", ""rho_ATRi_R2"": ""P1P2"", ""rho_R2"": ""P1P2"", ""rho_WEE1i_R2"": ""P1P2""}","{""gamma_R2"": ""17168"", ""rho_ATMi_R2"": ""17168"", ""rho_ATRi_R2"": ""17168"", ""rho_R2"": ""17168"", ""rho_WEE1i_R2"": ""17168""}",1,1,R3:17921,R3:17921,,included_primary,13,546,0.023809523809523808,0.002766631850698104,2.7666318506981038E-3,P1P2,0.65737124085060716,0.93162096096904545,3,3.047166139377631E-3,target_non_hit,17168,-0.2552017272874479,-0.25520172728744789,P1P2,3.3020080071168932E-2,0.33777889611183182,3,-1.7040122190519309,target_non_hit,17168,0.3518702761865828,0.35187027618658279,P1P2,1.7688484837690019E-2,0.59707751722824487,3,4.1360931948116422,target_non_hit,17168,0.236226451272044,0.236226451272044,P1P2,0.21970504296878651,0.93877067093095212,3,1.2230728536147011,target_non_hit,17168,0.1814824220012287,0.18148242200122869,P1P2,0.1528394774584225,0.89700653739935565,3,1.0415620739276099,target_non_hit,17168,False,False,False,True,True,0.3157698587215684,0.3157698587215684,0.3157698587215684,-0.03166142313499938,-0.03166142313499938,-0.03166142313499938,[1],"[""P1P2""]","[""UBC_+_125399044.23-P1P2|UBC_-_125399182.23-P1P2""]",False,False,False,processed/original_r3_records.csv
UBE2A,R1:51602,PRKDC;UBE2A,-0.16327237,False,True,True,True,True,True,True,"{""gamma_R2"": ""P1P2"", ""rho_ATMi_R2"": ""P1P2"", ""rho_ATRi_R2"": ""P1P2"", ""rho_R2"": ""P1P2"", ""rho_WEE1i_R2"": ""P1P2""}","{""gamma_R2"": ""17170"", ""rho_ATMi_R2"": ""17170"", ""rho_ATRi_R2"": ""17170"", ""rho_R2"": ""17170"", ""rho_WEE1i_R2"": ""17170""}",1,1,R3:17923,R3:17923,,included_primary,2,546,0.003663003663003663,-0.2696568113599068,-0.26965681135990682,P1P2,5.1065223770656948E-2,0.60918705848999699,3,-2.105977384731462,target_non_hit,17170,-0.2511759073426513,-0.25117590734265127,P1P2,3.2572236128545567E-2,0.33563412480046639,3,-1.683846275542791,target_non_hit,17170,-0.09412838540634075,-9.4128385406340748E-2,P1P2,0.60502101025267829,0.92654348734754866,3,-0.13779425310586421,target_non_hit,17170,0.04551340687887784,4.5513406878877838E-2,P1P2,0.51034787607908538,0.9647254064848334,3,0.10459557728670051,target_non_hit,17170,0.1571813715038945,0.1571813715038945,P1P2,0.2178095270255003,0.90226050949172965,3,0.73197195635658863,target_non_hit,17170,False,False,False,True,True,0.01852193768939203,0.01852193768939203,0.01852193768939203,-0.06975077717540006,-0.06975077717540006,-0.06975077717540006,[1],"[""P1P2""]","[""UBE2A_-_118708981.23-P1P2|UBE2A_+_118708560.23-P1P2""]",True,False,True,processed/original_r3_records.csv
UBE2B,R1:11859,PRKDC;UBE2B,-0.701380644,False,True,True,True,True,True,True,"{""gamma_R2"": ""P1P2"", ""rho_ATMi_R2"": ""P1P2"", ""rho_ATRi_R2"": ""P1P2"", ""rho_R2"": ""P1P2"", ""rho_WEE1i_R2"": ""P1P2""}","{""gamma_R2"": ""17171"", ""rho_ATMi_R2"": ""17171"", ""rho_ATRi_R2"": ""17171"", ""rho_R2"": ""17171"", ""rho_WEE1i_R2"": ""17171""}",1,1,R3:17924,R3:17924,,included_primary,68,545,0.12477064220183487,-0.5231344288375239,-0.52313442883752392,P1P2,5.77235114358252E-2,0.61644857836678524,3,-3.917264018440854,target_non_hit,17171,-0.9433469291366539,-0.94334692913665386,P1P2,0.19161626515878141,0.60591583166421903,3,-3.051428904177508,target_non_hit,17171,-0.5531522022982311,-0.55315220229823114,P1P2,0.1613837897588348,0.76679539411196562,3,-2.9392978086336039,target_non_hit,17171,-0.3492573188217797,-0.34925731882177968,P1P2,0.13591415392048059,0.93166534299180048,3,-2.381356089007244,target_non_hit,17171,-0.4456441350558924,-0.4456441350558924,P1P2,0.25702085977199551,0.91097167189033423,3,-1.849904462737217,target_non_hit,17171,False,False,True,True,True,-1.244531887114092,-1.244531887114092,-1.244531887114092,-0.4834686537381316,-0.4834686537381316,-0.4834686537381316,[-1],"[""P1P2""]","[""UBE2B_-_133707036.23-P1P2|UBE2B_-_133707319.23-P1P2""]",True,True,False,processed/original_r3_records.csv
UBE2D3,R1:6789,PRKDC;UBE2D3,-0.899603533,False,True,True,True,True,True,True,"{""gamma_R2"": ""P1P2"", ""rho_ATMi_R2"": ""P1P2"", ""rho_ATRi_R2"": ""P1P2"", ""rho_R2"": ""P1P2"", ""rho_WEE1i_R2"": ""P1P2""}","{""gamma_R2"": ""17175"", ""rho_ATMi_R2"": ""17175"", ""rho_ATRi_R2"": ""17175"", ""rho_R2"": ""17175"", ""rho_WEE1i_R2"": ""17175""}",1,1,R3:17928,R3:17928,,included_primary,38,545,0.06972477064220184,-0.7348018838366804,-0.73480188383668044,P1P2,1.237689387016134E-2,0.45383639047591068,3,-8.4728843345059968,sensitivity_hit,17175,-1.310365938320904,-1.3103659383209041,P1P2,1.522382991358165E-5,3.431849987462569E-3,3,-28.456477472194809,essential_hit,17175,-0.4731848661512008,-0.47318486615120081,P1P2,2.2532166237708019E-2,0.61298817246827031,3,-5.2284547577814386,target_non_hit,17175,0.04126797572811616,4.1267975728116163E-2,P1P2,0.94126510187701506,0.99915986111151445,3,8.5342184173732068E-3,target_non_hit,17175,-0.221283019586371,-0.221283019586371,P1P2,0.2287254701469586,0.90588554347716455,3,-0.99742161899750492,target_non_hit,17175,False,False,True,True,True,-1.849169028816328,-1.849169028816328,-1.849169028816328,-0.2491023910231256,-0.2491023910231256,-0.2491023910231256,[-1],"[""P1P2""]","[""UBE2D3_-_103748127.23-P1P2|UBE2D3_+_103748297.23-P1P2""]",True,True,False,processed/original_r3_records.csv
UBE2L6,R1:121802,PRKDC;UBE2L6,0.0,False,True,True,True,True,True,True,"{""gamma_R2"": ""P1P2"", ""rho_ATMi_R2"": ""P1P2"", ""rho_ATRi_R2"": ""P1P2"", ""rho_R2"": ""P1P2"", ""rho_WEE1i_R2"": ""P1P2""}","{""gamma_R2"": ""17189"", ""rho_ATMi_R2"": ""17189"", ""rho_ATRi_R2"": ""17189"", ""rho_R2"": ""17189"", ""rho_WEE1i_R2"": ""17189""}",1,1,R3:17941,R3:17941,,included_primary,1,545,0.001834862385321101,-0.1493033060793823,-0.1493033060793823,P1P2,0.43899904374541032,0.86769661518551289,3,-0.32270939839141088,target_non_hit,17189,0.2295646756566286,0.22956467565662861,P1P2,1.5009659175342961E-3,6.1525390860473032E-2,3,2.9220100037631318,target_non_hit,17189,-0.1305852914296519,-0.13058529142965189,P1P2,0.30848334403098981,0.83426526761981401,3,-0.4474197313576444,target_non_hit,17189,-0.1478922982084671,-0.14789229820846711,P1P2,8.1825345881059511E-3,0.72310466388371775,3,-2.4281956567253031,target_non_hit,17189,-0.2039382953604652,-0.2039382953604652,P1P2,2.2138525474593568E-2,0.7656853383094453,3,-2.3743436420585078,target_non_hit,17189,False,False,False,True,True,0.8996122213260401,0.8996122213260401,0.8996122213260401,-0.009389999420179306,-0.009389999420179306,-0.009389999420179306,[1],"[""P1P2""]","[""UBE2L6_-_57335102.23-P1P2|UBE2L6_+_57335091.23-P1P2""]",True,False,True,processed/original_r3_records.csv
UBE2N,R1:4940,PRKDC;UBE2N,-1.012790086,True,True,True,True,True,True,True,"{""gamma_R2"": ""P1P2"", ""rho_ATMi_R2"": ""P1P2"", ""rho_ATRi_R2"": ""P1P2"", ""rho_R2"": ""P1P2"", ""rho_WEE1i_R2"": ""P1P2""}","{""gamma_R2"": ""17191"", ""rho_ATMi_R2"": ""17191"", ""rho_ATRi_R2"": ""17191"", ""rho_R2"": ""17191"", ""rho_WEE1i_R2"": ""17191""}",1,1,R3:17943,R3:17943,,included_primary,14,545,0.025688073394495414,-0.09035985139326344,-9.0359851393263441E-2,P1P2,0.99944402855763159,1,3,-1.3193346067268691E-4,target_non_hit,17191,-0.1886803673774914,-0.18868036737749139,P1P2,0.53446532928931023,0.81277411925211884,3,-0.2314158211601679,target_non_hit,17191,-0.8594565307012154,-0.85945653070121542,P1P2,4.422397903918255E-2,0.65756644537849274,3,-7.8081702367441332,sensitivity_hit,17191,-0.4486186852598265,-0.44861868525982651,P1P2,2.5633080084057871E-2,0.86447264228200982,3,-5.615575173714344,target_non_hit,17191,-0.0294163980912566,-2.9416398091256599E-2,P1P2,0.75903262097230439,0.98214434379919791,3,-2.4780665258033682E-2,target_non_hit,17191,False,False,False,True,True,0.3509219132299804,0.3509219132299804,0.3509219132299804,-0.05542181635633146,-0.05542181635633146,-0.05542181635633146,[1],"[""P1P2""]","[""UBE2N_+_93835696.23-P1P2|UBE2N_+_93835347.23-P1P2""]",True,False,True,processed/original_r3_records.csv
UBE2T,R1:121803,PRKDC;UBE2T,0.0,False,True,True,True,True,True,True,"{""gamma_R2"": ""P1P2"", ""rho_ATMi_R2"": ""P1P2"", ""rho_ATRi_R2"": ""P1P2"", ""rho_R2"": ""P1P2"", ""rho_WEE1i_R2"": ""P1P2""}","{""gamma_R2"": ""17199"", ""rho_ATMi_R2"": ""17199"", ""rho_ATRi_R2"": ""17199"", ""rho_R2"": ""17199"", ""rho_WEE1i_R2"": ""17199""}",1,1,R3:17951,R3:17951,,included_primary,31,546,0.056776556776556776,-0.2625467684821658,-0.26254676848216579,P1P2,0.41607823542042832,0.85906960613129135,3,-0.60444115121203568,target_non_hit,17199,-0.350769701717188,-0.35076970171718802,P1P2,4.7598863629839193E-2,0.39351413400787671,3,-2.0910047183724991,target_non_hit,17199,-0.334594514392989,-0.33459451439298898,P1P2,0.1105302224710434,0.73306804586735352,3,-2.1468878053736811,target_non_hit,17199,-0.7479291155428175,-0.74792911554281749,P1P2,5.340091118078283E-4,0.33630515773626551,3,-19.254221789554901,sensitivity_hit,17199,-0.129384431298979,-0.129384431298979,P1P2,0.48802421104664778,0.95225216234284116,3,-0.28360091134569021,target_non_hit,17199,False,False,False,True,True,0.15862636884428,0.15862636884428,0.15862636884428,-0.05449275821243323,-0.05449275821243323,-0.05449275821243323,[1],"[""P1P2""]","[""UBE2T_-_202310883.23-P1P2|UBE2T_-_202311067.23-P1P2""]",True,False,True,processed/original_r3_records.csv
UBE2U,R1:121804,PRKDC;UBE2U,0.0,False,True,True,True,True,True,True,"{""gamma_R2"": ""P1P2"", ""rho_ATMi_R2"": ""P1P2"", ""rho_ATRi_R2"": ""P1P2"", ""rho_R2"": ""P1P2"", ""rho_WEE1i_R2"": ""P1P2""}","{""gamma_R2"": ""17200"", ""rho_ATMi_R2"": ""17200"", ""rho_ATRi_R2"": ""17200"", ""rho_R2"": ""17200"", ""rho_WEE1i_R2"": ""17200""}",1,1,R3:17952,R3:17952,,included_primary,2,546,0.003663003663003663,-0.09370041432128348,-9.3700414321283482E-2,P1P2,0.82045615823343865,0.97073644189804009,3,-4.8683535076263683E-2,target_non_hit,17200,0.03264212697785585,3.2642126977855852E-2,P1P2,0.2463587412663806,0.6384877304738571,3,8.9528125419211513E-2,target_non_hit,17200,-0.01555913667334563,-1.555913667334563E-2,P1P2,0.62911051995371026,0.93167593275002536,3,-2.1007195657342409E-2,target_non_hit,17200,0.1436430807208174,0.14364308072081741,P1P2,0.22145187914630651,0.94014871120845744,3,0.73983192914127305,target_non_hit,17200,0.0494845335426241,4.9484533542624103E-2,P1P2,0.39998798950730552,0.93777962021580064,3,0.1385438110693418,target_non_hit,17200,False,False,False,True,True,0.6302982980287521,0.6302982980287521,0.6302982980287521,-0.02193436278869295,-0.02193436278869295,-0.02193436278869295,[1],"[""P1P2""]","[""UBE2U_+_64669321.23-P1P2|UBE2U_+_64669318.23-P1P2""]",True,False,True,processed/original_r3_records.csv
UBE2V1,R1:39821,PRKDC;UBE2V1,-0.259974802,False,True,True,True,True,True,True,"{""gamma_R2"": ""P1P2"", ""rho_ATMi_R2"": ""P1P2"", ""rho_ATRi_R2"": ""P1P2"", ""rho_R2"": ""P1P2"", ""rho_WEE1i_R2"": ""P1P2""}","{""gamma_R2"": ""17201"", ""rho_ATMi_R2"": ""17201"", ""rho_ATRi_R2"": ""17201"", ""rho_R2"": ""17201"", ""rho_WEE1i_R2"": ""17201""}",1,1,R3:17953,R3:17953,,included_primary,4,546,0.007326007326007326,-0.2033190151349801,-0.2033190151349801,P1P2,0.40778685928226038,0.85730205579640317,3,-0.47883049398606781,target_non_hit,17201,-0.02649152441131871,-2.6491524411318711E-2,P1P2,0.52032717042936083,0.80447156043694046,3,-3.3882170901692918E-2,target_non_hit,17201,-0.320168439135748,-0.320168439135748,P1P2,3.0928826862950971E-2,0.62734907724196565,3,-3.2422602588534608,target_non_hit,17201,0.06638431430943367,6.6384314309433673E-2,P1P2,0.56246856974845338,0.97143258025469348,3,0.13050498121396559,target_non_hit,17201,-0.005290417698026406,-5.2904176980264062E-3,P1P2,0.45028891244820918,0.94536246398340995,3,-1.2897037921307039E-2,target_non_hit,17201,False,False,False,True,True,0.133390711218936,0.133390711218936,0.133390711218936,0.01916602676518743,0.01916602676518743,0.01916602676518743,[1],"[""P1P2""]","[""UBE2V1_-_48729657.23-P1P2|UBE2V1_+_48729661.23-P1P2""]",True,False,True,processed/original_r3_records.csv
UBE2V2,R1:4749,PRKDC;UBE2V2,-1.026479898,True,True,True,True,True,True,True,"{""gamma_R2"": ""P1P2"", ""rho_ATMi_R2"": ""P1P2"", ""rho_ATRi_R2"": ""P1P2"", ""rho_R2"": ""P1P2"", ""rho_WEE1i_R2"": ""P1P2""}","{""gamma_R2"": ""17202"", ""rho_ATMi_R2"": ""17202"", ""rho_ATRi_R2"": ""17202"", ""rho_R2"": ""17202"", ""rho_WEE1i_R2"": ""17202""}",1,1,R3:17954,R3:17954,,included_primary,54,546,0.0989010989010989,0.01380366377577369,1.3803663775773691E-2,P1P2,0.7990876548379906,0.96556218885944733,3,8.1283070009850397E-3,target_non_hit,17202,-0.09256607561260137,-9.256607561260137E-2,P1P2,0.9089526252704998,0.97171624702420156,3,-1.7299639390902521E-2,target_non_hit,17202,-0.1597331867610833,-0.15973318676108331,P1P2,9.2989265860499715E-2,0.72377423479506831,3,-1.1053240621440279,target_non_hit,17202,0.09657282362022057,9.6572823620220571E-2,P1P2,0.26805610619323589,0.94382595124457902,3,0.43438207013148128,target_non_hit,17202,0.032481693706226,3.2481693706226E-2,P1P2,0.61216556099554165,0.96704338758137398,3,4.8704750052878977E-2,target_non_hit,17202,False,False,False,True,True,0.1603285539261267,0.1603285539261267,0.1603285539261267,-0.2337718162258196,-0.2337718162258196,-0.2337718162258196,[1],"[""P1P2""]","[""UBE2V2_-_48921185.23-P1P2|UBE2V2_+_48921037.23-P1P2""]",False,False,False,processed/original_r3_records.csv
UBE2W,R1:121805,PRKDC;UBE2W,0.0,False,True,True,True,True,True,True,"{""gamma_R2"": ""P1P2"", ""rho_ATMi_R2"": ""P1P2"", ""rho_ATRi_R2"": ""P1P2"", ""rho_R2"": ""P1P2"", ""rho_WEE1i_R2"": ""P1P2""}","{""gamma_R2"": ""17203"", ""rho_ATMi_R2"": ""17203"", ""rho_ATRi_R2"": ""17203"", ""rho_R2"": ""17203"", ""rho_WEE1i_R2"": ""17203""}",1,1,R3:17955,R3:17955,,included_primary,1,546,0.0018315018315018315,-0.3306440063275115,-0.33064400632751151,P1P2,0.10825206101951269,0.68845694340992036,3,-1.930027675115628,target_non_hit,17203,-0.7883954496381426,-0.78839544963814256,P1P2,0.100427130921118,0.5113153936557534,3,-3.5473859200547899,target_non_hit,17203,-0.1677736451452826,-0.16777364514528259,P1P2,0.33681897449964071,0.84589679880261448,3,-0.53188480104382374,target_non_hit,17203,0.008742996703518337,8.7429967035183367E-3,P1P2,0.71029793075631442,0.9842652468287213,3,1.0217694953982309E-2,target_non_hit,17203,-0.2972291534639848,-0.29722915346398482,P1P2,0.5860767051138569,0.96381885304618853,3,-0.4852331276858271,target_non_hit,17203,False,False,True,True,True,-1.995452875616726,-1.995452875616726,-1.995452875616726,-0.3005040739447031,-0.3005040739447031,-0.3005040739447031,[-1],"[""P1P2""]","[""UBE2W_+_74790945.23-P1P2|UBE2W_+_74791034.23-P1P2""]",True,True,False,processed/original_r3_records.csv
UBR5,R1:3457,PRKDC;UBR5,-1.137669476,True,True,True,True,True,True,True,"{""gamma_R2"": ""P1P2"", ""rho_ATMi_R2"": ""P1P2"", ""rho_ATRi_R2"": ""P1P2"", ""rho_R2"": ""P1P2"", ""rho_WEE1i_R2"": ""P1P2""}","{""gamma_R2"": ""17231"", ""rho_ATMi_R2"": ""17231"", ""rho_ATRi_R2"": ""17231"", ""rho_R2"": ""17231"", ""rho_WEE1i_R2"": ""17231""}",1,1,R3:17984,R3:17984,,included_primary,15,546,0.027472527472527472,-1.136531135097681,-1.136531135097681,P1P2,1.5675963625603132E-5,4.0122136382561562E-2,3,-33.012274820761952,sensitivity_hit,17231,-0.3823225324338742,-0.38232253243387421,P1P2,0.14420118234422519,0.56879511154487961,3,-1.4494757955935129,target_non_hit,17231,0.1641195378546207,0.16411953785462069,P1P2,0.18486965753254461,0.78235986082756537,3,0.80712502531169095,target_non_hit,17231,-0.2777633899100859,-0.27776338991008592,P1P2,1.93173323269322E-2,0.84038900974055153,3,-3.745342560932055,target_non_hit,17231,-0.3552568708714848,-0.35525687087148478,P1P2,0.23661386512061999,0.90723236288685183,3,-1.5644970514363279,target_non_hit,17231,False,False,True,True,True,-2.239471709871194,-2.239471709871194,-2.239471709871194,-0.02155443275476652,-0.02155443275476652,-0.02155443275476652,[-1],"[""P1P2""]","[""UBR5_-_103424582.23-P1P2|UBR5_+_103424940.23-P1P2""]",True,True,False,processed/original_r3_records.csv
UCHL5,R1:22794,PRKDC;UCHL5,-0.463426103,False,True,True,True,True,True,True,"{""gamma_R2"": ""P1P2"", ""rho_ATMi_R2"": ""P1P2"", ""rho_ATRi_R2"": ""P1P2"", ""rho_R2"": ""P1P2"", ""rho_WEE1i_R2"": ""P1P2""}","{""gamma_R2"": ""17247"", ""rho_ATMi_R2"": ""17247"", ""rho_ATRi_R2"": ""17247"", ""rho_R2"": ""17247"", ""rho_WEE1i_R2"": ""17247""}",1,1,R3:18002,R3:18002,,included_primary,28,546,0.05128205128205128,-0.3032429919854502,-0.30324299198545018,P1P2,0.1531304120069972,0.7311262183890409,3,-1.493955046302021,target_non_hit,17247,-0.9788444860153069,-0.97884448601530694,P1P2,6.1116787928611124E-3,0.1447944161390777,3,-9.768520756790533,essential_hit,17247,-0.244000385714731,-0.24400038571473101,P1P2,0.41220382775802999,0.86900872839695686,3,-0.62997282001572319,target_non_hit,17247,0.2188889853719151,0.21888898537191509,P1P2,0.42341454724993333,0.95638757236767191,3,0.6426843181026326,target_non_hit,17247,-0.7836797595749441,-0.78367975957494407,P1P2,5.1304917598068628E-2,0.81252155098474532,3,-7.1114903067592516,sensitivity_hit,17247,False,False,False,True,True,0.2211745982753618,0.2211745982753618,0.2211745982753618,-0.2489117141314632,-0.2489117141314632,-0.2489117141314632,[1],"[""P1P2""]","[""UCHL5_+_193028436.23-P1P2|UCHL5_+_193028482.23-P1P2""]",True,False,True,processed/original_r3_records.csv
UHRF1,R1:4116,PRKDC;UHRF1,-1.076685134,True,True,True,True,True,True,True,"{""gamma_R2"": ""P1P2"", ""rho_ATMi_R2"": ""P1P2"", ""rho_ATRi_R2"": ""P1P2"", ""rho_R2"": ""P1P2"", ""rho_WEE1i_R2"": ""P1P2""}","{""gamma_R2"": ""17288"", ""rho_ATMi_R2"": ""17288"", ""rho_ATRi_R2"": ""17288"", ""rho_R2"": ""17288"", ""rho_WEE1i_R2"": ""17288""}",1,1,R3:18044,R3:18044,,included_primary,61,546,0.11172161172161173,-0.6450530004274274,-0.64505300042742741,P1P2,4.5264207826182748E-2,0.60065809313063623,3,-5.2419846977091913,target_non_hit,17288,-1.012172900318025,-1.0121729003180251,P1P2,1.901167612175363E-2,0.25802221266944458,3,-7.8523455536529383,essential_hit,17288,-0.2826645703033058,-0.28266457030330577,P1P2,8.9262810912256685E-2,0.71796140698999333,3,-1.9896660349325961,target_non_hit,17288,-0.1325014204349415,-0.13250142043494151,P1P2,0.14458470223070261,0.93245050780727523,3,-0.87544505679564855,target_non_hit,17288,-0.01642710706521719,-1.6427107065217189E-2,P1P2,0.89372039670934034,0.99581361373743527,3,-5.639646247984526E-3,target_non_hit,17288,False,False,True,True,True,-0.06877519254340381,-0.06877519254340381,-0.06877519254340381,-0.3855247730048062,-0.3855247730048062,-0.3855247730048062,[-1],"[""P1P2""]","[""UHRF1_+_4910126.23-P1P2|UHRF1_+_4909924.23-P1P2""]",True,True,False,processed/original_r3_records.csv
UIMC1,R1:121807,PRKDC;UIMC1,0.0,False,True,True,True,True,True,True,"{""gamma_R2"": ""P1P2"", ""rho_ATMi_R2"": ""P1P2"", ""rho_ATRi_R2"": ""P1P2"", ""rho_R2"": ""P1P2"", ""rho_WEE1i_R2"": ""P1P2""}","{""gamma_R2"": ""17292"", ""rho_ATMi_R2"": ""17292"", ""rho_ATRi_R2"": ""17292"", ""rho_R2"": ""17292"", ""rho_WEE1i_R2"": ""17292""}",1,1,R3:18048,R3:18048,,included_primary,3,545,0.005504587155963303,-0.2122515453446847,-0.21225154534468471,P1P2,0.21054347694235481,0.77060568236298277,3,-0.86824463997541235,target_non_hit,17292,-0.2140696233636319,-0.21406962336363189,P1P2,0.12240577553188831,0.54373787388146877,3,-0.88026448598101381,target_non_hit,17292,0.1382948936425168,0.13829489364251679,P1P2,6.9769317932742478E-2,0.6990750617770175,3,1.0727214469809261,target_non_hit,17292,-0.02178554874098874,-2.1785548740988741E-2,P1P2,0.88801387025879475,0.99656967080914427,3,-8.8398375967633901E-3,target_non_hit,17292,0.2191547383874647,0.21915473838746469,P1P2,8.2918911281201768E-2,0.86965468980866423,3,1.667253047700864,target_non_hit,17292,False,False,True,True,True,-0.2569754695612195,-0.2569754695612195,-0.2569754695612195,-0.007802759446579586,-0.007802759446579586,-0.007802759446579586,[-1],"[""P1P2""]","[""UIMC1_-_176433727.23-P1P2|UIMC1_-_176433500.23-P1P2""]",True,True,False,processed/original_r3_records.csv
UNG,R1:19620,PRKDC;UNG,-0.517226991,False,True,True,True,True,True,True,"{""gamma_R2"": ""P1P2"", ""rho_ATMi_R2"": ""P1P2"", ""rho_ATRi_R2"": ""P1P2"", ""rho_R2"": ""P1P2"", ""rho_WEE1i_R2"": ""P1P2""}","{""gamma_R2"": ""17322"", ""rho_ATMi_R2"": ""17322"", ""rho_ATRi_R2"": ""17322"", ""rho_R2"": ""17322"", ""rho_WEE1i_R2"": ""17322""}",1,1,R3:18080,R3:18080,,included_primary,3,546,0.005494505494505495,0.08229703881120778,8.2297038811207784E-2,P1P2,0.58889359102954486,0.91401753608695824,3,0.11441010768994959,target_non_hit,17322,-0.09442226714713561,-9.4422267147135613E-2,P1P2,0.82817547722191465,0.94283493517739658,3,-3.4850473427267672E-2,target_non_hit,17322,-0.04612076460257282,-4.612076460257282E-2,P1P2,0.91769105037753185,0.98967821604806938,3,-1.154099024744174E-2,target_non_hit,17322,0.09241267265458515,9.2412672654585151E-2,P1P2,0.69952499455593786,0.98316090503942422,3,0.112825306965341,target_non_hit,17322,0.1486299369177927,0.14862993691779269,P1P2,0.39452175525337829,0.93777962021580064,3,0.4223740102340674,target_non_hit,17322,False,False,False,True,True,0.36107445864622,0.36107445864622,0.36107445864622,0.005047393796766084,0.005047393796766084,0.005047393796766084,[1],"[""P1P2""]","[""UNG_-_109535573.23-P1P2|UNG_+_109535520.23-P1P2""]",False,False,False,processed/original_r3_records.csv
USP1,R1:121808,PRKDC;USP1,0.0,False,True,True,True,True,True,True,"{""gamma_R2"": ""P1P2"", ""rho_ATMi_R2"": ""P1P2"", ""rho_ATRi_R2"": ""P1P2"", ""rho_R2"": ""P1P2"", ""rho_WEE1i_R2"": ""P1P2""}","{""gamma_R2"": ""17369"", ""rho_ATMi_R2"": ""17369"", ""rho_ATRi_R2"": ""17369"", ""rho_R2"": ""17369"", ""rho_WEE1i_R2"": ""17369""}",1,1,R3:18128,R3:18128,,included_primary,5,546,0.009157509157509158,-0.05933469865142953,-5.9334698651429527E-2,P1P2,0.62773334292036376,0.92324866640828052,3,-7.2537912959743531E-2,target_non_hit,17369,-0.4416149350436323,-0.44161493504363231,P1P2,1.3508677697501011E-3,5.7649202296440313E-2,3,-5.7121799452537623,target_non_hit,17369,-0.4027543284378008,-0.40275432843780079,P1P2,1.7401480745067479E-3,0.3838746989671778,3,-7.4551090263102662,sensitivity_hit,17369,-0.3664119660808773,-0.36641196608087728,P1P2,7.5129497360714214E-3,0.70012084819724274,3,-6.1228728831428123,sensitivity_hit,17369,-0.1665133530470705,-0.16651335304707049,P1P2,0.1123595595939277,0.87522005213751763,3,-1.112191364887132,target_non_hit,17369,False,False,True,True,True,-0.5876203915362895,-0.5876203915362895,-0.5876203915362895,-0.004327833509346407,-0.004327833509346407,-0.004327833509346407,[-1],"[""P1P2""]","[""USP1_+_62903144.23-P1P2|USP1_+_62902791.23-P1P2""]",True,True,False,processed/original_r3_records.csv
USP10,R1:42477,PRKDC;USP10,-0.236487994,False,True,True,True,True,True,True,"{""gamma_R2"": ""P1P2"", ""rho_ATMi_R2"": ""P1P2"", ""rho_ATRi_R2"": ""P1P2"", ""rho_R2"": ""P1P2"", ""rho_WEE1i_R2"": ""P1P2""}","{""gamma_R2"": ""17370"", ""rho_ATMi_R2"": ""17370"", ""rho_ATRi_R2"": ""17370"", ""rho_R2"": ""17370"", ""rho_WEE1i_R2"": ""17370""}",1,1,R3:18129,R3:18129,,included_primary,15,546,0.027472527472527472,-0.08390383061619938,-8.3903830616199382E-2,P1P2,0.90834662921655618,0.9865683629294083,3,-2.1175975559495401E-2,target_non_hit,17370,-0.5010438480658673,-0.50104384806586733,P1P2,0.1005859709429663,0.51163219631192214,3,-2.2528969473285789,target_non_hit,17370,-0.2107719130982682,-0.2107719130982682,P1P2,0.21109536211344801,0.79415883457226899,3,-0.95509977277394176,target_non_hit,17370,-0.1281150330446944,-0.1281150330446944,P1P2,0.23256295344853151,0.94062534373940432,3,-0.63842701660357803,target_non_hit,17370,0.08936119743609097,8.9361197436090972E-2,P1P2,0.34763658821468107,0.93078178178317506,3,0.2884886533818547,target_non_hit,17370,False,False,False,True,True,0.8917847800491837,0.8917847800491837,0.8917847800491837,-0.1078765910667955,-0.1078765910667955,-0.1078765910667955,[1],"[""P1P2""]","[""USP10_-_84733673.23-P1P2|USP10_+_84733660.23-P1P2""]",True,False,True,processed/original_r3_records.csv
USP28,R1:64818,PRKDC;USP28,-0.071454259,False,True,True,True,True,True,True,"{""gamma_R2"": ""P1P2"", ""rho_ATMi_R2"": ""P1P2"", ""rho_ATRi_R2"": ""P1P2"", ""rho_R2"": ""P1P2"", ""rho_WEE1i_R2"": ""P1P2""}","{""gamma_R2"": ""17387"", ""rho_ATMi_R2"": ""17387"", ""rho_ATRi_R2"": ""17387"", ""rho_R2"": ""17387"", ""rho_WEE1i_R2"": ""17387""}",1,1,R3:18147,R3:18147,,included_primary,1,546,0.0018315018315018315,0.6085832303054756,0.60858323030547556,P1P2,2.2201083252560319E-3,0.28707636097625738,3,9.7629611832854657,resistance_hit,17387,0.4837524646562524,0.48375246465625238,P1P2,2.7534722320924302E-3,8.8633204265689214E-2,3,5.5828038751016082,target_non_hit,17387,0.1880141001312552,0.18801410013125519,P1P2,3.1829874642256353E-2,0.63107110763057339,3,1.8882394141270329,target_non_hit,17387,0.1062930002410214,0.1062930002410214,P1P2,7.8925953256451561E-2,0.91015979068428543,3,0.92211682281290464,target_non_hit,17387,0.2469091515831732,0.2469091515831732,P1P2,3.5905740051971197E-2,0.79496265925318599,3,2.5098142992823069,target_non_hit,17387,False,False,False,True,True,0.7246803493591392,0.7246803493591392,0.7246803493591392,0.04368886677658815,0.04368886677658815,0.04368886677658815,[1],"[""P1P2""]","[""USP28_-_113746063.23-P1P2|USP28_+_113746234.23-P1P2""]",False,False,False,processed/original_r3_records.csv
USP3,R1:121809,PRKDC;USP3,0.0,False,True,True,True,True,True,True,"{""gamma_R2"": ""P1P2"", ""rho_ATMi_R2"": ""P1P2"", ""rho_ATRi_R2"": ""P1P2"", ""rho_R2"": ""P1P2"", ""rho_WEE1i_R2"": ""P1P2""}","{""gamma_R2"": ""17389"", ""rho_ATMi_R2"": ""17389"", ""rho_ATRi_R2"": ""17389"", ""rho_R2"": ""17389"", ""rho_WEE1i_R2"": ""17389""}",1,1,R3:18149,R3:18149,,included_primary,1,546,0.0018315018315018315,0.4377666696599314,0.43776666965993138,P1P2,1.781575420223369E-3,0.26486360463819769,3,7.2756241730600024,resistance_hit,17389,0.1839489395566529,0.1839489395566529,P1P2,3.7378785860848723E-2,0.3574558101206709,3,1.1835981935051549,target_non_hit,17389,0.215018699269591,0.215018699269591,P1P2,4.849010910936058E-2,0.6690633344066389,3,1.895759175896242,target_non_hit,17389,-0.10548498360619,-0.10548498360619001,P1P2,0.92069822328757922,0.99749264300619789,3,-2.9776114530211482E-2,target_non_hit,17389,0.1009068506089011,0.1009068506089011,P1P2,0.2581941374854092,0.91097167189033423,3,0.41746819514462258,target_non_hit,17389,False,False,False,True,True,0.8965637522381328,0.8965637522381328,0.8965637522381328,-0.00790053430731917,-0.00790053430731917,-0.00790053430731917,[1],"[""P1P2""]","[""USP3_+_63796883.23-P1P2|USP3_+_63796855.23-P1P2""]",False,False,False,processed/original_r3_records.csv
USP43,R1:22751,PRKDC;USP43,-0.464020336,False,True,True,True,True,True,True,"{""gamma_R2"": ""P1P2"", ""rho_ATMi_R2"": ""P1P2"", ""rho_ATRi_R2"": ""P1P2"", ""rho_R2"": ""P1P2"", ""rho_WEE1i_R2"": ""P1P2""}","{""gamma_R2"": ""17404"", ""rho_ATMi_R2"": ""17404"", ""rho_ATRi_R2"": ""17404"", ""rho_R2"": ""17404"", ""rho_WEE1i_R2"": ""17404""}",1,1,R3:18164,R3:18164,,included_primary,2,546,0.003663003663003663,0.04171548147876436,4.171548147876436E-2,P1P2,0.58625119428459405,0.91291357426636588,3,5.8485789031980581E-2,target_non_hit,17404,-0.2697947272960757,-0.26979472729607568,P1P2,0.24060016250843619,0.63491758487325045,3,-0.75246346389731922,target_non_hit,17404,0.1361281959096091,0.13612819590960909,P1P2,0.14919223231816711,0.75678665008566626,3,0.7544987139803383,target_non_hit,17404,-0.03893645795640799,-3.8936457956407988E-2,P1P2,0.93188847759258486,0.99803334435277224,3,-9.3838630194498767E-3,target_non_hit,17404,-0.09695211754727748,-9.6952117547277478E-2,P1P2,0.56011847170890738,0.95959310866773573,3,-0.17169633133484,target_non_hit,17404,False,False,False,True,True,0.7920310029677228,0.7920310029677228,0.7920310029677228,0.01152728458177729,0.01152728458177729,0.01152728458177729,[1],"[""P1P2""]","[""USP43_-_9548883.23-P1P2|USP43_-_9548917.23-P1P2""]",False,False,False,processed/original_r3_records.csv
USP45,R1:74159,PRKDC;USP45,-0.011244001,False,True,True,True,True,True,True,"{""gamma_R2"": ""P1P2"", ""rho_ATMi_R2"": ""P1P2"", ""rho_ATRi_R2"": ""P1P2"", ""rho_R2"": ""P1P2"", ""rho_WEE1i_R2"": ""P1P2""}","{""gamma_R2"": ""17406"", ""rho_ATMi_R2"": ""17406"", ""rho_ATRi_R2"": ""17406"", ""rho_R2"": ""17406"", ""rho_WEE1i_R2"": ""17406""}",1,1,R3:18167,R3:18167,,included_primary,2,546,0.003663003663003663,-0.1066204684675844,-0.1066204684675844,P1P2,0.8193165024586877,0.97026834595007572,3,-5.5785459034813648E-2,target_non_hit,17406,0.01172794479813236,1.1727944798132359E-2,P1P2,0.2345747028450951,0.6312760729317145,3,3.3291822217819109E-2,target_non_hit,17406,-0.1482872545607081,-0.1482872545607081,P1P2,0.2485153268814716,0.8109250754984072,3,-0.60145418395414774,target_non_hit,17406,-0.04947048131468949,-4.9470481314689493E-2,P1P2,0.68729576878946141,0.98255140986404499,3,-6.3378668720540376E-2,target_non_hit,17406,0.1194497558957179,0.11944975589571789,P1P2,0.2234785882172505,0.90386834012127226,3,0.5468832892501817,target_non_hit,17406,False,False,True,True,True,-0.1057421316731925,-0.1057421316731925,-0.1057421316731925,-0.01186597922368399,-0.01186597922368399,-0.01186597922368399,[-1],"[""P1P2""]","[""USP45_+_99963100.23-P1P2|USP45_+_99963276.23-P1P2""]",True,True,False,processed/original_r3_records.csv
USP47,R1:121810,PRKDC;USP47,0.0,False,True,True,True,True,True,True,"{""gamma_R2"": ""P1P2"", ""rho_ATMi_R2"": ""P1P2"", ""rho_ATRi_R2"": ""P1P2"", ""rho_R2"": ""P1P2"", ""rho_WEE1i_R2"": ""P1P2""}","{""gamma_R2"": ""17408"", ""rho_ATMi_R2"": ""17408"", ""rho_ATRi_R2"": ""17408"", ""rho_R2"": ""17408"", ""rho_WEE1i_R2"": ""17408""}",1,1,R3:18169,R3:18169,,included_primary,0,546,0.0,-0.1467933318982809,-0.14679333189828089,P1P2,0.50897239577492126,0.89244008914917472,3,-0.26028481448293012,target_non_hit,17408,-0.9240672502232946,-0.92406725022329461,P1P2,4.4478350320932752E-2,0.38507797486278061,3,-5.63120694916923,target_non_hit,17408,0.08028340002882602,8.0283400028826016E-2,P1P2,0.72293796852414927,0.95302185713253895,3,7.5880557510845437E-2,target_non_hit,17408,0.07302231360457097,7.3022313604570968E-2,P1P2,0.68683295882936046,0.98255140986404499,3,9.3719939554116963E-2,target_non_hit,17408,-0.2344034596356446,-0.2344034596356446,P1P2,9.3160936587757467E-2,0.87492912126245792,3,-1.69984757348285,target_non_hit,17408,False,False,True,True,True,-0.3833913508673492,-0.3833913508673492,-0.3833913508673492,-0.004326180134723893,-0.004326180134723893,-0.004326180134723893,[-1],"[""P1P2""]","[""USP47_+_11863558.23-P1P2|USP47_+_11863607.23-P1P2""]",True,True,False,processed/original_r3_records.csv
USP51,R1:46683,PRKDC;USP51,-0.201564363,False,True,True,True,True,True,True,"{""gamma_R2"": ""P1P2"", ""rho_ATMi_R2"": ""P1P2"", ""rho_ATRi_R2"": ""P1P2"", ""rho_R2"": ""P1P2"", ""rho_WEE1i_R2"": ""P1P2""}","{""gamma_R2"": ""17413"", ""rho_ATMi_R2"": ""17413"", ""rho_ATRi_R2"": ""17413"", ""rho_R2"": ""17413"", ""rho_WEE1i_R2"": ""17413""}",1,1,R3:18175,R3:18175,,included_primary,4,546,0.007326007326007326,0.09689532108612757,9.689532108612757E-2,P1P2,0.23283219313355211,0.78513135283932689,3,0.37076513499796038,target_non_hit,17413,-0.0009514565437817452,-9.5145654378174516E-4,P1P2,0.86604514283560063,0.95615840201376079,3,-2.6788983019392971E-4,target_non_hit,17413,-0.06224350464473834,-6.2243504644738337E-2,P1P2,0.90398721937344018,0.98849235374860944,3,-1.830369811646625E-2,target_non_hit,17413,0.08463879889535786,8.4638798895357858E-2,P1P2,0.57623657336854617,0.97345094515966479,3,0.15939859366821321,target_non_hit,17413,0.06291868455918159,6.2918684559181592E-2,P1P2,0.28343673057659319,0.9138056612143759,3,0.24237307246661391,target_non_hit,17413,False,False,False,True,True,0.07710076470814488,0.07710076470814488,0.07710076470814488,-0.05095248906112513,-0.05095248906112513,-0.05095248906112513,[1],"[""P1P2""]","[""USP51_+_55515461.23-P1P2|USP51_+_55515494.23-P1P2""]",False,False,False,processed/original_r3_records.csv
USP7,R1:46774,PRKDC;USP7,-0.201008299,False,True,True,True,True,True,True,"{""gamma_R2"": ""P1P2"", ""rho_ATMi_R2"": ""P1P2"", ""rho_ATRi_R2"": ""P1P2"", ""rho_R2"": ""P1P2"", ""rho_WEE1i_R2"": ""P1P2""}","{""gamma_R2"": ""17418"", ""rho_ATMi_R2"": ""17418"", ""rho_ATRi_R2"": ""17418"", ""rho_R2"": ""17418"", ""rho_WEE1i_R2"": ""17418""}",1,1,R3:18181,R3:18181,,included_primary,8,546,0.014652014652014652,-0.1650094085081699,-0.16500940850816989,P1P2,0.31215859807071511,0.82601459197727589,3,-0.50438119040429041,target_non_hit,17418,-0.1134145313209805,-0.11341453132098051,P1P2,0.97992817623350992,0.99385572456889348,3,-4.5019872840099447E-3,target_non_hit,17418,-0.4360807484356881,-0.43608074843568811,P1P2,2.5116972886047199E-2,0.61882289377422062,3,-4.680505126598602,target_non_hit,17418,-0.1780099936365797,-0.17800999363657971,P1P2,3.062060854683786E-2,0.8755212412457879,3,-2.1201111497560259,target_non_hit,17418,-0.4507555717322863,-0.45075557173228631,P1P2,1.902971068125734E-2,0.74741967635577788,3,-5.456305906060023,target_non_hit,17418,False,False,True,True,True,-0.5914711804117281,-0.5914711804117281,-0.5914711804117281,-0.1336992608766407,-0.1336992608766407,-0.1336992608766407,[-1],"[""P1P2""]","[""USP7_-_9057818.23-P1P2|USP7_-_9057709.23-P1P2""]",True,True,False,processed/original_r3_records.csv
UVRAG,R1:39300,PRKDC;UVRAG,-0.264635037,False,True,True,True,True,True,True,"{""gamma_R2"": ""P1P2"", ""rho_ATMi_R2"": ""P1P2"", ""rho_ATRi_R2"": ""P1P2"", ""rho_R2"": ""P1P2"", ""rho_WEE1i_R2"": ""P1P2""}","{""gamma_R2"": ""17436"", ""rho_ATMi_R2"": ""17436"", ""rho_ATRi_R2"": ""17436"", ""rho_R2"": ""17436"", ""rho_WEE1i_R2"": ""17436""}",1,1,R3:18192,R3:18192,,included_primary,39,546,0.07142857142857142,-0.9001218925222121,-0.90012189252221209,P1P2,1.407948802376324E-3,0.24968355602951139,3,-15.516128430466789,sensitivity_hit,17436,-1.687901502870071,-1.687901502870071,P1P2,7.6505967010875274E-3,0.16173550279705731,3,-16.10253573456308,essential_hit,17436,-0.4277471221293317,-0.42774712212933169,P1P2,2.3475252500036251E-3,0.40322867166838527,3,-7.5446484770973656,sensitivity_hit,17436,-0.00823293371964872,-8.2329337196487204E-3,P1P2,0.94823938607397762,0.99949237990009665,3,-1.494929023622064E-3,target_non_hit,17436,-1.004329336582972,-1.004329336582972,P1P2,1.030255512540079E-2,0.65137037707093803,3,-14.04015366685624,sensitivity_hit,17436,False,False,True,True,True,-0.2546576851059401,-0.2546576851059401,-0.2546576851059401,-0.0714734908836791,-0.0714734908836791,-0.0714734908836791,[-1],"[""P1P2""]","[""UVRAG_-_75526284.23-P1P2|UVRAG_-_75526290.23-P1P2""]",True,True,False,processed/original_r3_records.csv
WAS,R1:121811,PRKDC;WAS,0.0,False,True,True,True,True,True,True,"{""gamma_R2"": ""P1P2"", ""rho_ATMi_R2"": ""P1P2"", ""rho_ATRi_R2"": ""P1P2"", ""rho_R2"": ""P1P2"", ""rho_WEE1i_R2"": ""P1P2""}","{""gamma_R2"": ""17588"", ""rho_ATMi_R2"": ""17588"", ""rho_ATRi_R2"": ""17588"", ""rho_R2"": ""17588"", ""rho_WEE1i_R2"": ""17588""}",1,1,R3:18345,R3:18345,,included_primary,1,546,0.0018315018315018315,-0.2717037576451119,-0.2717037576451119,P1P2,0.2018902988388275,0.7661884598890546,3,-1.141379833082161,target_non_hit,17588,0.276841026383275,0.27684102638327501,P1P2,6.0686289881279658E-2,0.43203272146692201,3,1.5186499430441129,target_non_hit,17588,-0.2274548812679573,-0.22745488126795729,P1P2,7.8554493752371973E-2,0.70883310638000763,3,-1.685727084917126,target_non_hit,17588,-0.07507866784879107,-7.5078667848791067E-2,P1P2,0.59840895327561594,0.975307790334623,3,-0.1317096176089245,target_non_hit,17588,-0.1332684460406495,-0.1332684460406495,P1P2,0.18068786289823671,0.89954587463018609,3,-0.69669624472129177,target_non_hit,17588,False,False,False,True,True,0.8616630931698994,0.8616630931698994,0.8616630931698994,0.01243385448415581,0.01243385448415581,0.01243385448415581,[1],"[""P1P2""]","[""WAS_-_48542230.23-P1P2|WAS_+_48542240.23-P1P2""]",True,False,True,processed/original_r3_records.csv
WDR48,R1:121812,PRKDC;WDR48,0.0,False,True,True,True,True,True,True,"{""gamma_R2"": ""P1P2"", ""rho_ATMi_R2"": ""P1P2"", ""rho_ATRi_R2"": ""P1P2"", ""rho_R2"": ""P1P2"", ""rho_WEE1i_R2"": ""P1P2""}","{""gamma_R2"": ""17638"", ""rho_ATMi_R2"": ""17638"", ""rho_ATRi_R2"": ""17638"", ""rho_R2"": ""17638"", ""rho_WEE1i_R2"": ""17638""}",1,1,R3:18390,R3:18390,,included_primary,17,546,0.031135531135531136,-0.3037155893849991,-0.3037155893849991,P1P2,9.5874501159827888E-2,0.67475049969117507,3,-1.869663257936921,target_non_hit,17638,-0.5868822410802831,-0.58688224108028308,P1P2,2.2869656677768281E-2,0.2840230962595866,3,-4.3407003376866902,target_non_hit,17638,-0.6751813079583364,-0.67518130795833642,P1P2,1.129911036025957E-2,0.56387016402701851,3,-8.8180679906121568,sensitivity_hit,17638,-0.3677974423130085,-0.36779744231300848,P1P2,8.7029889490091217E-2,0.91222010570804701,3,-3.0679108114767848,target_non_hit,17638,0.005387696936182351,5.3876969361823512E-3,P1P2,0.97679147397795441,1,3,3.8655378781329901E-4,target_non_hit,17638,False,False,True,True,True,-0.4124648216006294,-0.4124648216006294,-0.4124648216006294,-0.1344454313537876,-0.1344454313537876,-0.1344454313537876,[-1],"[""P1P2""]","[""WDR48_-_39093569.23-P1P2|WDR48_-_39093564.23-P1P2""]",True,True,False,processed/original_r3_records.csv
WHSC1,R1:38417,PRKDC;WHSC1,-0.272981998,False,True,True,True,True,True,True,"{""gamma_R2"": ""P1P2"", ""rho_ATMi_R2"": ""P1P2"", ""rho_ATRi_R2"": ""P1P2"", ""rho_R2"": ""P1P2"", ""rho_WEE1i_R2"": ""P1P2""}","{""gamma_R2"": ""17696"", ""rho_ATMi_R2"": ""17696"", ""rho_ATRi_R2"": ""17696"", ""rho_R2"": ""17696"", ""rho_WEE1i_R2"": ""17696""}",1,1,R3:18450,R3:18450,,included_primary,11,546,0.020146520146520148,-0.1956080815990469,-0.19560808159904691,P1P2,0.37315095031543188,0.84567346928079723,3,-0.50625530570940391,target_non_hit,17696,-0.1256912921592526,-0.12569129215925259,P1P2,0.90592581089722901,0.97052801746513739,3,-2.431117945159994E-2,target_non_hit,17696,-0.2674660601206109,-0.26746606012061092,P1P2,9.6089295268872041E-2,0.7268311939303328,3,-1.825262559789349,target_non_hit,17696,-0.03288853313956963,-3.2888533139569631E-2,P1P2,0.92418924693061266,0.99749264300619789,3,-8.8584764898573323E-3,target_non_hit,17696,-0.1059768495325357,-0.10597684953253569,P1P2,0.99603161272178076,1,3,-1.287532884312316E-3,target_non_hit,17696,False,False,False,True,True,0.03228131120306473,0.03228131120306473,0.03228131120306473,-0.0477914336304388,-0.0477914336304388,-0.0477914336304388,[1],"[""P1P2""]","[""WHSC1_-_1873356.23-P1P2|WHSC1_+_1873227.23-P1P2""]",True,False,True,processed/original_r3_records.csv
WRAP53,R1:121813,PRKDC;WRAP53,0.0,False,True,True,True,True,True,True,"{""gamma_R2"": ""P1P2"", ""rho_ATMi_R2"": ""P1P2"", ""rho_ATRi_R2"": ""P1P2"", ""rho_R2"": ""P1P2"", ""rho_WEE1i_R2"": ""P1P2""}","{""gamma_R2"": ""17733"", ""rho_ATMi_R2"": ""17733"", ""rho_ATRi_R2"": ""17733"", ""rho_R2"": ""17733"", ""rho_WEE1i_R2"": ""17733""}",1,1,R3:18493,R3:18493,,included_primary,7,546,0.01282051282051282,0.5713133826780159,0.5713133826780159,P1P2,1.3530563711950359E-4,0.10359105699937531,3,13.36163370224364,resistance_hit,17733,0.422610184794823,0.42261018479482299,P1P2,5.6071485144566096E-4,3.3425453571827912E-2,3,6.193845417111068,up_hit,17733,0.228941597250295,0.228941597250295,P1P2,4.3522342923651538E-3,0.48658489689736573,3,3.6263571219866919,target_non_hit,17733,-0.127865053942231,-0.12786505394223099,P1P2,0.16862445183036509,0.93489129238435131,3,-0.77762162329405538,target_non_hit,17733,-0.00993553878031772,-9.9355387803177209E-3,P1P2,0.69070309002540675,0.9772363449571384,3,-1.123353275969532E-2,target_non_hit,17733,False,False,False,True,True,2.515649193658879,2.515649193658879,2.515649193658879,-0.06744533147824881,-0.06744533147824881,-0.06744533147824881,[1],"[""P1P2""]","[""WRAP53_-_7591780.23-P1P2|WRAP53_+_7591817.23-P1P2""]",False,False,False,processed/original_r3_records.csv
WRN,R1:23853,PRKDC;WRN,-0.446796298,False,True,True,True,True,True,True,"{""gamma_R2"": ""P1P2"", ""rho_ATMi_R2"": ""P1P2"", ""rho_ATRi_R2"": ""P1P2"", ""rho_R2"": ""P1P2"", ""rho_WEE1i_R2"": ""P1P2""}","{""gamma_R2"": ""17736"", ""rho_ATMi_R2"": ""17736"", ""rho_ATRi_R2"": ""17736"", ""rho_R2"": ""17736"", ""rho_WEE1i_R2"": ""17736""}",1,1,R3:18496,R3:18496,,included_primary,1,546,0.0018315018315018315,-0.1460247985263708,-0.14602479852637079,P1P2,0.81619901880585144,0.96932011948090746,3,-7.7863954149109321E-2,target_non_hit,17736,-0.1860583144855233,-0.18605831448552329,P1P2,0.1774629883724215,0.59617140078130149,3,-0.62978985136656229,target_non_hit,17736,0.1558769182319386,0.15587691823193861,P1P2,9.9376123846709491E-2,0.72892242508573235,3,1.048473723087143,target_non_hit,17736,0.08065192993015172,8.0651929930151717E-2,P1P2,0.46814979392751038,0.95950988740465482,3,0.2091290094839531,target_non_hit,17736,0.1507144596041249,0.15071445960412491,P1P2,0.65004576142281789,0.97141230847896765,3,0.19834101759355111,target_non_hit,17736,False,False,False,True,True,0.76657675287403,0.76657675287403,0.76657675287403,-0.02674116096982292,-0.02674116096982292,-0.02674116096982292,[1],"[""P1P2""]","[""WRN_-_30891364.23-P1P2|WRN_+_30891350.23-P1P2""]",True,False,True,processed/original_r3_records.csv
WRNIP1,R1:121814,PRKDC;WRNIP1,0.0,False,True,True,True,True,True,True,"{""gamma_R2"": ""P1P2"", ""rho_ATMi_R2"": ""P1P2"", ""rho_ATRi_R2"": ""P1P2"", ""rho_R2"": ""P1P2"", ""rho_WEE1i_R2"": ""P1P2""}","{""gamma_R2"": ""17737"", ""rho_ATMi_R2"": ""17737"", ""rho_ATRi_R2"": ""17737"", ""rho_R2"": ""17737"", ""rho_WEE1i_R2"": ""17737""}",1,1,R3:18497,R3:18497,,included_primary,1,546,0.0018315018315018315,0.09115124861067572,9.1151248610675722E-2,P1P2,0.38124975277813361,0.84769508859065434,3,0.23077101756362761,target_non_hit,17737,-0.02786381796215354,-2.786381796215354E-2,P1P2,0.70589395182731263,0.89325691091033343,3,-1.8999196976940889E-2,target_non_hit,17737,0.1172178986323645,0.1172178986323645,P1P2,0.32932746164716881,0.84430022456184939,3,0.37929142261487131,target_non_hit,17737,0.1110026930282193,0.1110026930282193,P1P2,0.27034542083578811,0.94382595124457902,3,0.49606215957372413,target_non_hit,17737,0.2151201584180888,0.21512015841808879,P1P2,0.48619697741206308,0.95174535236120705,3,0.47399273159680178,target_non_hit,17737,False,False,True,True,True,-0.2583980872515486,-0.2583980872515486,-0.2583980872515486,-0.007645125931636428,-0.007645125931636428,-0.007645125931636428,[-1],"[""P1P2""]","[""WRNIP1_-_2765795.23-P1P2|WRNIP1_-_2765703.23-P1P2""]",False,True,True,processed/original_r3_records.csv
XPA,R1:121815,PRKDC;XPA,0.0,False,True,True,True,True,True,True,"{""gamma_R2"": ""P1P2"", ""rho_ATMi_R2"": ""P1P2"", ""rho_ATRi_R2"": ""P1P2"", ""rho_R2"": ""P1P2"", ""rho_WEE1i_R2"": ""P1P2""}","{""gamma_R2"": ""17777"", ""rho_ATMi_R2"": ""17777"", ""rho_ATRi_R2"": ""17777"", ""rho_R2"": ""17777"", ""rho_WEE1i_R2"": ""17777""}",1,1,R3:18537,R3:18537,,included_primary,4,546,0.007326007326007326,-0.2563226457224133,-0.25632264572241331,P1P2,0.24797957102700979,0.79477111212446205,3,-0.93838991743678957,target_non_hit,17777,-0.09057056472691312,-9.0570564726913119E-2,P1P2,0.78253256779652447,0.92573370424114088,3,-4.3480625874299572E-2,target_non_hit,17777,-0.1315751033706594,-0.13157510337065939,P1P2,0.19977027165202729,0.78885821469711348,3,-0.61736105564337229,target_non_hit,17777,0.06201173011044341,6.2011730110443412E-2,P1P2,0.2229349963472145,0.94014871120845744,3,0.31797650410747802,target_non_hit,17777,-0.2431948358455784,-0.24319483584557841,P1P2,0.1078146934913501,0.87492912126245792,3,-1.655050491963205,target_non_hit,17777,False,False,True,True,True,-0.2867892985601734,-0.2867892985601734,-0.2867892985601734,0.03256167033567134,0.03256167033567134,0.03256167033567134,[-1],"[""P1P2""]","[""XPA_+_100459570.23-P1P2|XPA_+_100459564.23-P1P2""]",True,True,False,processed/original_r3_records.csv
XRCC1,R1:56170,PRKDC;XRCC1,-0.130528234,False,True,True,True,True,True,True,"{""gamma_R2"": ""P1P2"", ""rho_ATMi_R2"": ""P1P2"", ""rho_ATRi_R2"": ""P1P2"", ""rho_R2"": ""P1P2"", ""rho_WEE1i_R2"": ""P1P2""}","{""gamma_R2"": ""17789"", ""rho_ATMi_R2"": ""17789"", ""rho_ATRi_R2"": ""17789"", ""rho_R2"": ""17789"", ""rho_WEE1i_R2"": ""17789""}",1,1,R3:18548,R3:18548,,included_primary,13,545,0.023853211009174313,-0.1474486117613963,-0.14744861176139629,P1P2,0.5299688003612828,0.89787051726155598,3,-0.24579759349719441,target_non_hit,17789,-0.2319251854929064,-0.23192518549290639,P1P2,0.47554630083328492,0.77992638584976748,3,-0.33748936521017658,target_non_hit,17789,-0.4597641527516771,-0.45976415275167709,P1P2,6.7296636242213158E-4,0.34527083900129091,3,-9.7828669394169729,sensitivity_hit,17789,-0.3915226771910595,-0.39152267719105949,P1P2,4.9769298783319649E-2,0.89296232503556483,3,-4.0133450111353666,target_non_hit,17789,-0.06853033697423605,-6.853033697423605E-2,P1P2,0.42233841524455917,0.94305570001241068,3,-0.18048214180188701,target_non_hit,17789,False,False,True,True,True,-1.36746426566974,-1.36746426566974,-1.36746426566974,-0.08219015224922081,-0.08219015224922081,-0.08219015224922081,[-1],"[""P1P2""]","[""XRCC1_-_44079668.23-P1P2|XRCC1_-_44079606.23-P1P2""]",True,True,False,processed/original_r3_records.csv
XRCC2,R1:30985,PRKDC;XRCC2,-0.3517076,False,True,True,True,True,True,True,"{""gamma_R2"": ""P1P2"", ""rho_ATMi_R2"": ""P1P2"", ""rho_ATRi_R2"": ""P1P2"", ""rho_R2"": ""P1P2"", ""rho_WEE1i_R2"": ""P1P2""}","{""gamma_R2"": ""17790"", ""rho_ATMi_R2"": ""17790"", ""rho_ATRi_R2"": ""17790"", ""rho_R2"": ""17790"", ""rho_WEE1i_R2"": ""17790""}",1,1,R3:18549,R3:18549,,included_primary,8,546,0.014652014652014652,-1.568167718489008,-1.5681677184890079,P1P2,4.4057247356836678E-4,0.16994142572172241,3,-31.81515987917464,sensitivity_hit,17790,-1.525690941894583,-1.525690941894583,P1P2,3.9213006416411551E-3,0.1111111065700439,3,-16.551372699646389,essential_hit,17790,-1.021907126842753,-1.0219071268427531,P1P2,9.9990642400310027E-4,0.35399623580756712,3,-20.56532217976606,sensitivity_hit,17790,-1.154090632239006,-1.1540906322390061,P1P2,2.8546363112969751E-4,0.2264384034665059,3,-32.179627141237347,sensitivity_hit,17790,-0.435994751305431,-0.43599475130543103,P1P2,0.1140985952897539,0.87626949928914311,3,-2.891676179166252,target_non_hit,17790,False,False,True,True,True,-1.482213494765106,-1.482213494765106,-1.482213494765106,-0.4471325038527849,-0.4471325038527849,-0.4471325038527849,[-1],"[""P1P2""]","[""XRCC2_-_152373149.23-P1P2|XRCC2_-_152373174.23-P1P2""]",True,True,False,processed/original_r3_records.csv
XRCC3,R1:121816,PRKDC;XRCC3,0.0,False,True,True,True,True,True,True,"{""gamma_R2"": ""P1P2"", ""rho_ATMi_R2"": ""P1P2"", ""rho_ATRi_R2"": ""P1P2"", ""rho_R2"": ""P1P2"", ""rho_WEE1i_R2"": ""P1P2""}","{""gamma_R2"": ""17791"", ""rho_ATMi_R2"": ""17791"", ""rho_ATRi_R2"": ""17791"", ""rho_R2"": ""17791"", ""rho_WEE1i_R2"": ""17791""}",1,1,R3:18550,R3:18550,,included_primary,10,546,0.018315018315018316,-0.8052259331902537,-0.80522593319025371,P1P2,1.7615633753793151E-2,0.48990031022123021,3,-8.5387524817414029,sensitivity_hit,17791,-2.282019888195209,-2.282019888195209,P1P2,1.5222615920857659E-2,0.22809974884516029,3,-18.69671813778945,essential_hit,17791,-0.9186118149487211,-0.91861181494872113,P1P2,2.2790780224194642E-3,0.40322867166838527,3,-16.281760944857659,sensitivity_hit,17791,-0.4812421389008271,-0.48124213890082712,P1P2,6.7158917778049106E-4,0.35257769043989978,3,-12.011904256312731,sensitivity_hit,17791,-0.7796662305204255,-0.7796662305204255,P1P2,2.8158263745878091E-2,0.77765829206948067,3,-8.5042623919235734,sensitivity_hit,17791,False,False,True,True,True,-2.999423227049528e-06,-2.999423227049528e-06,-2.999423227049528e-06,-0.5248131796947588,-0.5248131796947588,-0.5248131796947588,[-1],"[""P1P2""]","[""XRCC3_-_104181768.23-P1P2|XRCC3_+_104181754.23-P1P2""]",True,True,False,processed/original_r3_records.csv
XRCC4,R1:121817,PRKDC;XRCC4,0.0,False,True,True,True,True,True,True,"{""gamma_R2"": ""P1P2"", ""rho_ATMi_R2"": ""P1P2"", ""rho_ATRi_R2"": ""P1P2"", ""rho_R2"": ""P1P2"", ""rho_WEE1i_R2"": ""P1P2""}","{""gamma_R2"": ""17792"", ""rho_ATMi_R2"": ""17792"", ""rho_ATRi_R2"": ""17792"", ""rho_R2"": ""17792"", ""rho_WEE1i_R2"": ""17792""}",1,1,R3:18551,R3:18551,,included_primary,2,545,0.003669724770642202,-0.1004804358562511,-0.1004804358562511,P1P2,0.77893774235110447,0.96226256492585238,3,-6.5905573836723561E-2,target_non_hit,17792,-0.02354490494848556,-2.3544904948485559E-2,P1P2,0.51045217559905498,0.79902037887452437,3,-3.099671041104678E-2,target_non_hit,17792,-0.08886643533052412,-8.8866435330524116E-2,P1P2,0.69973237029090929,0.94759784936582903,3,-9.2439373672640032E-2,target_non_hit,17792,-0.09427720077294133,-9.4277200772941328E-2,P1P2,0.64889939778798256,0.97963169908436665,3,-0.13929865654446999,target_non_hit,17792,0.02032202768808133,2.0322027688081331E-2,P1P2,0.33785038764344949,0.92889470683746533,3,6.7379500407231313E-2,target_non_hit,17792,False,False,True,True,True,-0.2571783657905002,-0.2571783657905002,-0.2571783657905002,-0.02055627122419893,-0.02055627122419893,-0.02055627122419893,[-1],"[""P1P2""]","[""XRCC4_-_82373434.23-P1P2|XRCC4_-_82373452.23-P1P2""]",True,True,False,processed/original_r3_records.csv
XRCC6BP1,R1:16032,PRKDC;XRCC6BP1,-0.592003903,False,True,True,True,True,True,True,"{""gamma_R2"": ""P1P2"", ""rho_ATMi_R2"": ""P1P2"", ""rho_ATRi_R2"": ""P1P2"", ""rho_R2"": ""P1P2"", ""rho_WEE1i_R2"": ""P1P2""}","{""gamma_R2"": ""17795"", ""rho_ATMi_R2"": ""17795"", ""rho_ATRi_R2"": ""17795"", ""rho_R2"": ""17795"", ""rho_WEE1i_R2"": ""17795""}",1,1,R3:18553,R3:18553,,included_primary,5,545,0.009174311926605505,-0.01028200226777114,-1.028200226777114E-2,P1P2,0.69522282464012808,0.94061877121210469,3,-9.8133128512471243E-3,target_non_hit,17795,-1.03585976525213,-1.03585976525213,P1P2,4.3231831610132901E-2,0.3802726057781593,3,-6.3701084977832663,essential_hit,17795,0.09949449288712295,9.9494492887122948E-2,P1P2,0.68435217629980971,0.94480344530593363,3,0.10993683851086079,target_non_hit,17795,-0.378968562817414,-0.37896856281741398,P1P2,0.46218701598773249,0.95950988740465482,3,-0.99925548842595735,target_non_hit,17795,-0.158468687278307,-0.15846868727830701,P1P2,0.54998330558978337,0.95917158835244865,3,-0.28947990711183669,target_non_hit,17795,False,False,False,True,True,0.3099831678521318,0.3099831678521318,0.3099831678521318,-0.3068606580653351,-0.3068606580653351,-0.3068606580653351,[1],"[""P1P2""]","[""XRCC6BP1_-_58335727.23-P1P2|XRCC6BP1_-_58335602.23-P1P2""]",True,False,True,processed/original_r3_records.csv
YEATS4,R1:121818,PRKDC;YEATS4,0.0,False,True,True,True,True,True,True,"{""gamma_R2"": ""P1P2"", ""rho_ATMi_R2"": ""P1P2"", ""rho_ATRi_R2"": ""P1P2"", ""rho_R2"": ""P1P2"", ""rho_WEE1i_R2"": ""P1P2""}","{""gamma_R2"": ""17814"", ""rho_ATMi_R2"": ""17814"", ""rho_ATRi_R2"": ""17814"", ""rho_R2"": ""17814"", ""rho_WEE1i_R2"": ""17814""}",1,1,R3:18572,R3:18572,,included_primary,16,546,0.029304029304029304,-0.4177986333989125,-0.41779863339891249,P1P2,0.15861783243776401,0.73381710599424521,3,-2.0197041575315722,target_non_hit,17814,-1.177811340684582,-1.177811340684582,P1P2,5.4826949746175383E-3,0.13690936513803989,3,-12.004564441560531,essential_hit,17814,-0.3125036905547535,-0.31250369055475352,P1P2,0.40881328655630661,0.86862566202751645,3,-0.81435764008846379,target_non_hit,17814,-0.1750599451558196,-0.1750599451558196,P1P2,0.33037158512856418,0.94613640776076802,3,-0.66240220895909996,target_non_hit,17814,-0.6319647341394671,-0.63196473413946708,P1P2,3.9948965000458636E-3,0.5139146492465575,3,-10.663932257262291,sensitivity_hit,17814,False,False,False,True,True,1.383440940117622,1.383440940117622,1.383440940117622,-0.310217091299813,-0.310217091299813,-0.310217091299813,[1],"[""P1P2""]","[""YEATS4_+_69753819.23-P1P2|YEATS4_-_69753803.23-P1P2""]",True,False,True,processed/original_r3_records.csv
YY1,R1:121819,PRKDC;YY1,0.0,False,True,True,True,True,True,True,"{""gamma_R2"": ""P1P2"", ""rho_ATMi_R2"": ""P1P2"", ""rho_ATRi_R2"": ""P1P2"", ""rho_R2"": ""P1P2"", ""rho_WEE1i_R2"": ""P1P2""}","{""gamma_R2"": ""17847"", ""rho_ATMi_R2"": ""17847"", ""rho_ATRi_R2"": ""17847"", ""rho_R2"": ""17847"", ""rho_WEE1i_R2"": ""17847""}",1,1,R3:18603,R3:18603,,included_primary,2,546,0.003663003663003663,-0.549418730142611,-0.549418730142611,P1P2,8.4680072733504374E-3,0.41960032758734911,3,-6.8827336031392674,sensitivity_hit,17847,-0.07628741695565569,-7.628741695565569E-2,P1P2,0.9559982012893955,0.98753685990491114,3,-6.7206526401346958E-3,target_non_hit,17847,-0.4342704493977899,-0.43427044939778991,P1P2,0.13804976041413231,0.74878402569872538,3,-2.5051727201991598,target_non_hit,17847,0.2578423704811469,0.25784237048114689,P1P2,4.0965085781928798E-2,0.88258393280579717,3,2.814534454640186,target_non_hit,17847,-0.7519476124195632,-0.7519476124195632,P1P2,2.114669837907303E-4,0.18079611757674169,3,-19.44026021946777,sensitivity_hit,17847,False,False,True,True,True,-0.5144456547201621,-0.5144456547201621,-0.5144456547201621,-0.006382723760074889,-0.006382723760074889,-0.006382723760074889,[-1],"[""P1P2""]","[""YY1_-_100705185.23-P1P2|YY1_+_100705824.23-P1P2""]",True,True,False,processed/original_r3_records.csv
ZBTB1,R1:121820,PRKDC;ZBTB1,0.0,False,True,True,True,True,True,True,"{""gamma_R2"": ""P1P2"", ""rho_ATMi_R2"": ""P1P2"", ""rho_ATRi_R2"": ""P1P2"", ""rho_R2"": ""P1P2"", ""rho_WEE1i_R2"": ""P1P2""}","{""gamma_R2"": ""17866"", ""rho_ATMi_R2"": ""17866"", ""rho_ATRi_R2"": ""17866"", ""rho_R2"": ""17866"", ""rho_WEE1i_R2"": ""17866""}",1,1,R3:18622,R3:18622,,included_primary,1,545,0.001834862385321101,0.06835899182195129,6.8358991821951293E-2,P1P2,0.81286932773228093,0.96893170225095826,3,3.7184331487543833E-2,target_non_hit,17866,-0.2228872914106551,-0.22288729141065511,P1P2,5.862084306321743E-2,0.42749903081930668,3,-1.2377890584036291,target_non_hit,17866,-0.06276748381983428,-6.2767483819834283E-2,P1P2,0.95002397580809195,0.99514620912652429,3,-9.3748179035024661E-3,target_non_hit,17866,-0.1176266445752262,-0.1176266445752262,P1P2,0.2149355771982894,0.93733570685929946,3,-0.61783714455844996,target_non_hit,17866,-0.3325464122198311,-0.33254641221983111,P1P2,3.5439794528334477E-2,0.79496265925318599,3,-3.393582789604467,target_non_hit,17866,False,False,False,True,True,0.3629160565609229,0.3629160565609229,0.3629160565609229,0.03009811432829654,0.03009811432829654,0.03009811432829654,[1],"[""P1P2""]","[""ZBTB1_-_64971900.23-P1P2|ZBTB1_-_64971477.23-P1P2""]",False,False,False,processed/original_r3_records.csv
ZFYVE26,R1:121822,PRKDC;ZFYVE26,0.0,False,True,True,True,True,True,True,"{""gamma_R2"": ""P1P2"", ""rho_ATMi_R2"": ""P1P2"", ""rho_ATRi_R2"": ""P1P2"", ""rho_R2"": ""P1P2"", ""rho_WEE1i_R2"": ""P1P2""}","{""gamma_R2"": ""18023"", ""rho_ATMi_R2"": ""18023"", ""rho_ATRi_R2"": ""18023"", ""rho_R2"": ""18023"", ""rho_WEE1i_R2"": ""18023""}",1,1,R3:18787,R3:18787,,included_primary,6,545,0.011009174311926606,0.08538548713954579,8.5385487139545788E-2,P1P2,0.40026704490288117,0.85496865619682172,3,0.20526132237248171,target_non_hit,18023,-0.01118802327823613,-1.118802327823613E-2,P1P2,0.70636700954184284,0.89347659919567668,3,-7.6139815658068759E-3,target_non_hit,18023,-0.06828901617963443,-6.8289016179634426E-2,P1P2,0.55962916433972876,0.91585063711006542,3,-0.1154835349219917,target_non_hit,18023,-0.01460769078823028,-1.4607690788230279E-2,P1P2,0.83881871771260486,0.99301202594689286,3,-8.7716218410246807E-3,target_non_hit,18023,0.0872635356363299,8.7263535636329895E-2,P1P2,0.46004603319601389,0.94588090699994087,3,0.20701629037371561,target_non_hit,18023,False,False,True,True,True,-1.00901533071147,-1.00901533071147,-1.00901533071147,0.0003086924370821244,0.0003086924370821244,0.0003086924370821244,[-1],"[""P1P2""]","[""ZFYVE26_-_68283162.23-P1P2|ZFYVE26_+_68283109.23-P1P2""]",False,True,True,processed/original_r3_records.csv
ZMPSTE24,R1:54176,PRKDC;ZMPSTE24,-0.144339462,False,True,True,True,True,True,True,"{""gamma_R2"": ""P1P2"", ""rho_ATMi_R2"": ""P1P2"", ""rho_ATRi_R2"": ""P1P2"", ""rho_R2"": ""P1P2"", ""rho_WEE1i_R2"": ""P1P2""}","{""gamma_R2"": ""18056"", ""rho_ATMi_R2"": ""18056"", ""rho_ATRi_R2"": ""18056"", ""rho_R2"": ""18056"", ""rho_WEE1i_R2"": ""18056""}",1,1,R3:18821,R3:18821,,included_primary,1,545,0.001834862385321101,0.1290296427953165,0.12902964279531651,P1P2,0.58273838655045107,0.91147304102114624,3,0.18293764191197079,target_non_hit,18056,-0.195917826597286,-0.19591782659728599,P1P2,0.38934216397713589,0.72866012500942912,3,-0.36180583653706,target_non_hit,18056,0.02339951792316001,2.3399517923160008E-2,P1P2,0.92128610864744442,0.99042176624370992,3,5.5888270738692486E-3,target_non_hit,18056,0.2851538934641749,0.28515389346417491,P1P2,5.4989436555565777E-2,0.89399539359207891,3,2.8258292477876492,target_non_hit,18056,0.153044837366592,0.153044837366592,P1P2,0.20785149323705729,0.90216381596344675,3,0.73459173330551819,target_non_hit,18056,False,False,False,True,True,0.38437786797389,0.38437786797389,0.38437786797389,0.003173052163096244,0.003173052163096244,0.003173052163096244,[1],"[""P1P2""]","[""ZMPSTE24_-_40723955.23-P1P2|ZMPSTE24_-_40723930.23-P1P2""]",False,False,False,processed/original_r3_records.csv
ZNF365,R1:12240,PRKDC;ZNF365,-0.69046466,False,True,True,True,True,True,True,"{""gamma_R2"": ""P1P2"", ""rho_ATMi_R2"": ""P1P2"", ""rho_ATRi_R2"": ""P1P2"", ""rho_R2"": ""P1P2"", ""rho_WEE1i_R2"": ""P1P2""}","{""gamma_R2"": ""18219"", ""rho_ATMi_R2"": ""18219"", ""rho_ATRi_R2"": ""18219"", ""rho_R2"": ""18219"", ""rho_WEE1i_R2"": ""18219""}",1,1,R3:18996,R3:18996,,included_primary,4,546,0.007326007326007326,-0.4184947217981291,-0.41849472179812908,P1P2,8.5537920412869339E-2,0.65875327246452642,3,-2.7015847650314959,target_non_hit,18219,-0.4240644442135688,-0.42406444421356881,P1P2,0.314603630374032,0.6819124655929768,3,-0.96008328928018438,target_non_hit,18219,-0.281220678197849,-0.28122067819784902,P1P2,0.1875172359694926,0.78299374372813846,3,-1.371367980967843,target_non_hit,18219,-0.04236594821838876,-4.2365948218388759E-2,P1P2,0.56134306304412629,0.97143258025469348,3,-8.3577174504032278E-2,target_non_hit,18219,-0.3305888834624597,-0.33058888346245968,P1P2,0.13209338114159791,0.88864889042984663,3,-2.044662804794275,target_non_hit,18219,False,False,False,True,True,0.6599927026828689,0.6599927026828689,0.6599927026828689,-0.2492737151102873,-0.2492737151102873,-0.2492737151102873,[1],"[""P1P2""]","[""ZNF365_-_64134217.23-P1P2|ZNF365_-_64134417.23-P1P2""]",True,False,True,processed/original_r3_records.csv
ZRANB3,R1:121823,PRKDC;ZRANB3,0.0,False,True,True,True,True,True,True,"{""gamma_R2"": ""P1P2"", ""rho_ATMi_R2"": ""P1P2"", ""rho_ATRi_R2"": ""P1P2"", ""rho_R2"": ""P1P2"", ""rho_WEE1i_R2"": ""P1P2""}","{""gamma_R2"": ""18588"", ""rho_ATMi_R2"": ""18588"", ""rho_ATRi_R2"": ""18588"", ""rho_R2"": ""18588"", ""rho_WEE1i_R2"": ""18588""}",1,1,R3:19391,R3:19391,,included_primary,2,546,0.003663003663003663,0.2483888818736397,0.24838888187363969,P1P2,0.13889937470896929,0.71778330616191788,3,1.287320614461452,target_non_hit,18588,-0.0933758203859254,-9.3375820385925401E-2,P1P2,0.75320864260053533,0.91327714855033015,3,-5.1809272976182312E-2,target_non_hit,18588,0.09080914569643891,9.0809145696438914E-2,P1P2,0.46120922496833228,0.88393341177605167,3,0.2047376232007628,target_non_hit,18588,0.1417443939893584,0.1417443939893584,P1P2,0.30962596229140699,0.94481942392096563,3,0.56774686780414529,target_non_hit,18588,-0.02381968070526271,-2.3819680705262709E-2,P1P2,0.90810485709451161,0.99728370140678846,3,-7.0155622900660497E-3,target_non_hit,18588,False,False,True,True,True,-0.5256910237923288,-0.5256910237923288,-0.5256910237923288,-0.01016055832190939,-0.01016055832190939,-0.01016055832190939,[-1],"[""P1P2""]","[""ZRANB3_-_136288748.23-P1P2|ZRANB3_-_136288444.23-P1P2""]",False,True,True,processed/original_r3_records.csv
ZSWIM7,R1:75441,PRKDC;ZSWIM7,-0.002992615,False,True,True,True,True,True,True,"{""gamma_R2"": ""P1P2"", ""rho_ATMi_R2"": ""P1P2"", ""rho_ATRi_R2"": ""P1P2"", ""rho_R2"": ""P1P2"", ""rho_WEE1i_R2"": ""P1P2""}","{""gamma_R2"": ""18616"", ""rho_ATMi_R2"": ""18616"", ""rho_ATRi_R2"": ""18616"", ""rho_R2"": ""18616"", ""rho_WEE1i_R2"": ""18616""}",1,1,R3:19422,R3:19422,,included_primary,3,546,0.005494505494505495,-0.09070490620701252,-9.070490620701252E-2,P1P2,0.63870484686076079,0.92706105537062811,3,-0.1067623568203397,target_non_hit,18616,-0.08916835252679195,-8.916835252679195E-2,P1P2,0.94784184956369355,0.98560407078732293,3,-9.3511785590145013E-3,target_non_hit,18616,-0.01815887084476517,-1.8158870844765172E-2,P1P2,0.84022700707077269,0.97694819880857642,3,-9.2093060679733323E-3,target_non_hit,18616,-0.2162785717574874,-0.21627857175748741,P1P2,0.25924591872435288,0.94382595124457902,3,-0.99750914350806918,target_non_hit,18616,0.1840157873145092,0.18401578731450921,P1P2,0.34987051942854552,0.93078178178317506,3,0.59046474279014605,target_non_hit,18616,False,False,True,True,True,-0.1394578604831548,-0.1394578604831548,-0.1394578604831548,-0.003119310920406899,-0.003119310920406899,-0.003119310920406899,[-1],"[""P1P2""]","[""ZSWIM7_+_15902942.23-P1P2|ZSWIM7_+_15902924.23-P1P2""]",True,True,False,processed/original_r3_records.csv
