gene,source_row_id,gene_combination,gemini_sensitive,source_called,in_exact419,in_support400,in_primary380,in_S2_single_R3_record,in_S3_no_missing_R3_records,r2_transcript_consistent,r2_transcripts,r2_original_rows,r3_n_records,r3_n_complete,r3_record_ids,r3_complete_record_ids,attribution_caveat,exclusion_reason
ABL1,R1:30583,ABL1;PRKDC,-0.356940028,False,True,True,True,True,True,True,"{""gamma_R2"": ""ENST00000372348.2"", ""rho_ATMi_R2"": ""ENST00000372348.2"", ""rho_ATRi_R2"": ""ENST00000372348.2"", ""rho_R2"": ""ENST00000372348.2"", ""rho_WEE1i_R2"": ""ENST00000372348.2""}","{""gamma_R2"": ""103"", ""rho_ATMi_R2"": ""103"", ""rho_ATRi_R2"": ""103"", ""rho_R2"": ""103"", ""rho_WEE1i_R2"": ""103""}",1,1,R3:103,R3:103,,included_primary
ACTB,R1:71765,ACTB;PRKDC,-0.026338066,False,True,True,True,True,True,True,"{""gamma_R2"": ""P1P2"", ""rho_ATMi_R2"": ""P1P2"", ""rho_ATRi_R2"": ""P1P2"", ""rho_R2"": ""P1P2"", ""rho_WEE1i_R2"": ""P1P2""}","{""gamma_R2"": ""202"", ""rho_ATMi_R2"": ""202"", ""rho_ATRi_R2"": ""202"", ""rho_R2"": ""202"", ""rho_WEE1i_R2"": ""202""}",1,1,R3:216,R3:216,,included_primary
ADPRHL2,R1:37742,ADPRHL2;PRKDC,-0.279559022,False,True,True,True,True,True,True,"{""gamma_R2"": ""P1P2"", ""rho_ATMi_R2"": ""P1P2"", ""rho_ATRi_R2"": ""P1P2"", ""rho_R2"": ""P1P2"", ""rho_WEE1i_R2"": ""P1P2""}","{""gamma_R2"": ""348"", ""rho_ATMi_R2"": ""348"", ""rho_ATRi_R2"": ""348"", ""rho_R2"": ""348"", ""rho_WEE1i_R2"": ""348""}",1,1,R3:369,R3:369,,included_primary
ALKBH1,R1:56987,ALKBH1;PRKDC,-0.124967072,False,True,True,True,True,True,True,"{""gamma_R2"": ""P1P2"", ""rho_ATMi_R2"": ""P1P2"", ""rho_ATRi_R2"": ""P1P2"", ""rho_R2"": ""P1P2"", ""rho_WEE1i_R2"": ""P1P2""}","{""gamma_R2"": ""544"", ""rho_ATMi_R2"": ""544"", ""rho_ATRi_R2"": ""544"", ""rho_R2"": ""544"", ""rho_WEE1i_R2"": ""544""}",1,1,R3:578,R3:578,,included_primary
ALKBH2,R1:77579,ALKBH2;PRKDC,0,False,True,True,True,True,True,True,"{""gamma_R2"": ""P1P2"", ""rho_ATMi_R2"": ""P1P2"", ""rho_ATRi_R2"": ""P1P2"", ""rho_R2"": ""P1P2"", ""rho_WEE1i_R2"": ""P1P2""}","{""gamma_R2"": ""545"", ""rho_ATMi_R2"": ""545"", ""rho_ATRi_R2"": ""545"", ""rho_R2"": ""545"", ""rho_WEE1i_R2"": ""545""}",1,1,R3:579,R3:579,,included_primary
ALKBH3,R1:77883,ALKBH3;PRKDC,0,False,True,True,True,True,True,True,"{""gamma_R2"": ""P1P2"", ""rho_ATMi_R2"": ""P1P2"", ""rho_ATRi_R2"": ""P1P2"", ""rho_R2"": ""P1P2"", ""rho_WEE1i_R2"": ""P1P2""}","{""gamma_R2"": ""546"", ""rho_ATMi_R2"": ""546"", ""rho_ATRi_R2"": ""546"", ""rho_R2"": ""546"", ""rho_WEE1i_R2"": ""546""}",1,1,R3:580,R3:580,,included_primary
ALKBH5,R1:26615,ALKBH5;PRKDC,-0.407509095,False,True,True,True,True,True,True,"{""gamma_R2"": ""P1P2"", ""rho_ATMi_R2"": ""P1P2"", ""rho_ATRi_R2"": ""P1P2"", ""rho_R2"": ""P1P2"", ""rho_WEE1i_R2"": ""P1P2""}","{""gamma_R2"": ""548"", ""rho_ATMi_R2"": ""548"", ""rho_ATRi_R2"": ""548"", ""rho_R2"": ""548"", ""rho_WEE1i_R2"": ""548""}",1,1,R3:582,R3:582,,included_primary
ANKLE1,R1:78410,ANKLE1;PRKDC,0,False,True,True,True,True,True,True,"{""gamma_R2"": ""P1P2"", ""rho_ATMi_R2"": ""P1P2"", ""rho_ATRi_R2"": ""P1P2"", ""rho_R2"": ""P1P2"", ""rho_WEE1i_R2"": ""P1P2""}","{""gamma_R2"": ""650"", ""rho_ATMi_R2"": ""650"", ""rho_ATRi_R2"": ""650"", ""rho_R2"": ""650"", ""rho_WEE1i_R2"": ""650""}",1,1,R3:684,R3:684,,included_primary
ANKRD32,R1:15663,ANKRD32;PRKDC,-0.600609354,False,True,True,True,True,True,True,"{""gamma_R2"": ""P1P2"", ""rho_ATMi_R2"": ""P1P2"", ""rho_ATRi_R2"": ""P1P2"", ""rho_R2"": ""P1P2"", ""rho_WEE1i_R2"": ""P1P2""}","{""gamma_R2"": ""678"", ""rho_ATMi_R2"": ""678"", ""rho_ATRi_R2"": ""678"", ""rho_R2"": ""678"", ""rho_WEE1i_R2"": ""678""}",1,1,R3:712,R3:712,,included_primary
AP5S1,R1:78894,AP5S1;PRKDC,0,False,True,True,True,True,True,True,"{""gamma_R2"": ""P1P2"", ""rho_ATMi_R2"": ""P1P2"", ""rho_ATRi_R2"": ""P1P2"", ""rho_R2"": ""P1P2"", ""rho_WEE1i_R2"": ""P1P2""}","{""gamma_R2"": ""779"", ""rho_ATMi_R2"": ""779"", ""rho_ATRi_R2"": ""779"", ""rho_R2"": ""779"", ""rho_WEE1i_R2"": ""779""}",1,1,R3:820,R3:820,,included_primary
AP5Z1,R1:38585,AP5Z1;PRKDC,-0.271381459,False,True,True,True,True,True,True,"{""gamma_R2"": ""P1P2"", ""rho_ATMi_R2"": ""P1P2"", ""rho_ATRi_R2"": ""P1P2"", ""rho_R2"": ""P1P2"", ""rho_WEE1i_R2"": ""P1P2""}","{""gamma_R2"": ""780"", ""rho_ATMi_R2"": ""780"", ""rho_ATRi_R2"": ""780"", ""rho_R2"": ""780"", ""rho_WEE1i_R2"": ""780""}",1,1,R3:821,R3:821,,included_primary
APBB1,R1:79392,APBB1;PRKDC,0,False,True,True,True,True,True,True,"{""gamma_R2"": ""P1P2"", ""rho_ATMi_R2"": ""P1P2"", ""rho_ATRi_R2"": ""P1P2"", ""rho_R2"": ""P1P2"", ""rho_WEE1i_R2"": ""P1P2""}","{""gamma_R2"": ""785"", ""rho_ATMi_R2"": ""785"", ""rho_ATRi_R2"": ""785"", ""rho_R2"": ""785"", ""rho_WEE1i_R2"": ""785""}",1,1,R3:826,R3:826,,included_primary
APEX1,R1:25483,APEX1;PRKDC,-0.422963524,False,True,True,True,True,True,True,"{""gamma_R2"": ""P1P2"", ""rho_ATMi_R2"": ""P1P2"", ""rho_ATRi_R2"": ""P1P2"", ""rho_R2"": ""P1P2"", ""rho_WEE1i_R2"": ""P1P2""}","{""gamma_R2"": ""795"", ""rho_ATMi_R2"": ""795"", ""rho_ATRi_R2"": ""795"", ""rho_R2"": ""795"", ""rho_WEE1i_R2"": ""795""}",1,1,R3:838,R3:838,,included_primary
APEX2,R1:33251,APEX2;PRKDC,-0.32570528,False,True,True,True,True,True,True,"{""gamma_R2"": ""P1P2"", ""rho_ATMi_R2"": ""P1P2"", ""rho_ATRi_R2"": ""P1P2"", ""rho_R2"": ""P1P2"", ""rho_WEE1i_R2"": ""P1P2""}","{""gamma_R2"": ""796"", ""rho_ATMi_R2"": ""796"", ""rho_ATRi_R2"": ""796"", ""rho_R2"": ""796"", ""rho_WEE1i_R2"": ""796""}",1,1,R3:839,R3:839,,included_primary
APITD1,R1:80016,APITD1;PRKDC,0,False,True,True,True,True,True,True,"{""gamma_R2"": ""P1P2"", ""rho_ATMi_R2"": ""P1P2"", ""rho_ATRi_R2"": ""P1P2"", ""rho_R2"": ""P1P2"", ""rho_WEE1i_R2"": ""P1P2""}","{""gamma_R2"": ""801"", ""rho_ATMi_R2"": ""801"", ""rho_ATRi_R2"": ""801"", ""rho_R2"": ""801"", ""rho_WEE1i_R2"": ""801""}",1,1,R3:844,R3:844,,included_primary
APLF,R1:80252,APLF;PRKDC,0,False,True,True,True,True,True,True,"{""gamma_R2"": ""P1P2"", ""rho_ATMi_R2"": ""P1P2"", ""rho_ATRi_R2"": ""P1P2"", ""rho_R2"": ""P1P2"", ""rho_WEE1i_R2"": ""P1P2""}","{""gamma_R2"": ""802"", ""rho_ATMi_R2"": ""802"", ""rho_ATRi_R2"": ""802"", ""rho_R2"": ""802"", ""rho_WEE1i_R2"": ""802""}",1,1,R3:845,R3:845,,included_primary
ASCC1,R1:44311,ASCC1;PRKDC,-0.220740488,False,True,True,True,True,True,True,"{""gamma_R2"": ""P1P2"", ""rho_ATMi_R2"": ""P1P2"", ""rho_ATRi_R2"": ""P1P2"", ""rho_R2"": ""P1P2"", ""rho_WEE1i_R2"": ""P1P2""}","{""gamma_R2"": ""1076"", ""rho_ATMi_R2"": ""1076"", ""rho_ATRi_R2"": ""1076"", ""rho_R2"": ""1076"", ""rho_WEE1i_R2"": ""1076""}",1,1,R3:1142,R3:1142,,included_primary
ASCC2,R1:15028,ASCC2;PRKDC,-0.616166978,False,True,True,True,True,True,True,"{""gamma_R2"": ""P1P2"", ""rho_ATMi_R2"": ""P1P2"", ""rho_ATRi_R2"": ""P1P2"", ""rho_R2"": ""P1P2"", ""rho_WEE1i_R2"": ""P1P2""}","{""gamma_R2"": ""1077"", ""rho_ATMi_R2"": ""1077"", ""rho_ATRi_R2"": ""1077"", ""rho_R2"": ""1077"", ""rho_WEE1i_R2"": ""1077""}",1,1,R3:1143,R3:1143,,included_primary
ASCC3,R1:11264,ASCC3;PRKDC,-0.720797971,False,True,True,True,True,True,True,"{""gamma_R2"": ""P1P2"", ""rho_ATMi_R2"": ""P1P2"", ""rho_ATRi_R2"": ""P1P2"", ""rho_R2"": ""P1P2"", ""rho_WEE1i_R2"": ""P1P2""}","{""gamma_R2"": ""1078"", ""rho_ATMi_R2"": ""1078"", ""rho_ATRi_R2"": ""1078"", ""rho_R2"": ""1078"", ""rho_WEE1i_R2"": ""1078""}",1,1,R3:1144,R3:1144,,included_primary
ASF1A,R1:23933,ASF1A;PRKDC,-0.445690758,False,True,True,True,True,True,True,"{""gamma_R2"": ""P1P2"", ""rho_ATMi_R2"": ""P1P2"", ""rho_ATRi_R2"": ""P1P2"", ""rho_R2"": ""P1P2"", ""rho_WEE1i_R2"": ""P1P2""}","{""gamma_R2"": ""1084"", ""rho_ATMi_R2"": ""1084"", ""rho_ATRi_R2"": ""1084"", ""rho_R2"": ""1084"", ""rho_WEE1i_R2"": ""1084""}",1,1,R3:1150,R3:1150,,included_primary
ASTE1,R1:81545,ASTE1;PRKDC,0,False,True,True,True,True,True,True,"{""gamma_R2"": ""P1P2"", ""rho_ATMi_R2"": ""P1P2"", ""rho_ATRi_R2"": ""P1P2"", ""rho_R2"": ""P1P2"", ""rho_WEE1i_R2"": ""P1P2""}","{""gamma_R2"": ""1114"", ""rho_ATMi_R2"": ""1114"", ""rho_ATRi_R2"": ""1114"", ""rho_R2"": ""1114"", ""rho_WEE1i_R2"": ""1114""}",1,1,R3:1181,R3:1181,,included_primary
ATM,R1:8804,ATM;PRKDC,-0.805176576,False,True,True,True,True,True,True,"{""gamma_R2"": ""P1P2"", ""rho_ATMi_R2"": ""P1P2"", ""rho_ATRi_R2"": ""P1P2"", ""rho_R2"": ""P1P2"", ""rho_WEE1i_R2"": ""P1P2""}","{""gamma_R2"": ""1165"", ""rho_ATMi_R2"": ""1165"", ""rho_ATRi_R2"": ""1165"", ""rho_R2"": ""1165"", ""rho_WEE1i_R2"": ""1165""}",1,1,R3:1232,R3:1232,,included_primary
ATXN3,R1:82231,ATXN3;PRKDC,0,False,True,True,True,True,True,True,"{""gamma_R2"": ""P1P2"", ""rho_ATMi_R2"": ""P1P2"", ""rho_ATRi_R2"": ""P1P2"", ""rho_R2"": ""P1P2"", ""rho_WEE1i_R2"": ""P1P2""}","{""gamma_R2"": ""1271"", ""rho_ATMi_R2"": ""1271"", ""rho_ATRi_R2"": ""1271"", ""rho_R2"": ""1271"", ""rho_WEE1i_R2"": ""1271""}",1,1,R3:1337,R3:1337,,included_primary
AUNIP,R1:82474,AUNIP;PRKDC,0,False,True,True,True,True,True,True,"{""gamma_R2"": ""P1P2"", ""rho_ATMi_R2"": ""P1P2"", ""rho_ATRi_R2"": ""P1P2"", ""rho_R2"": ""P1P2"", ""rho_WEE1i_R2"": ""P1P2""}","{""gamma_R2"": ""1279"", ""rho_ATMi_R2"": ""1279"", ""rho_ATRi_R2"": ""1279"", ""rho_R2"": ""1279"", ""rho_WEE1i_R2"": ""1279""}",1,1,R3:1346,R3:1346,,included_primary
BABAM1,R1:82925,BABAM1;PRKDC,0,False,True,True,True,True,True,True,"{""gamma_R2"": ""P1P2"", ""rho_ATMi_R2"": ""P1P2"", ""rho_ATRi_R2"": ""P1P2"", ""rho_R2"": ""P1P2"", ""rho_WEE1i_R2"": ""P1P2""}","{""gamma_R2"": ""1341"", ""rho_ATMi_R2"": ""1341"", ""rho_ATRi_R2"": ""1341"", ""rho_R2"": ""1341"", ""rho_WEE1i_R2"": ""1341""}",1,1,R3:1413,R3:1413,,included_primary
BACH1,R1:83198,BACH1;PRKDC,0,False,True,True,True,True,True,True,"{""gamma_R2"": ""P1P2"", ""rho_ATMi_R2"": ""P1P2"", ""rho_ATRi_R2"": ""P1P2"", ""rho_R2"": ""P1P2"", ""rho_WEE1i_R2"": ""P1P2""}","{""gamma_R2"": ""1344"", ""rho_ATMi_R2"": ""1344"", ""rho_ATRi_R2"": ""1344"", ""rho_R2"": ""1344"", ""rho_WEE1i_R2"": ""1344""}",1,1,R3:1416,R3:1416,,included_primary
BARD1,R1:83409,BARD1;PRKDC,0,False,True,True,True,True,True,True,"{""gamma_R2"": ""P1P2"", ""rho_ATMi_R2"": ""P1P2"", ""rho_ATRi_R2"": ""P1P2"", ""rho_R2"": ""P1P2"", ""rho_WEE1i_R2"": ""P1P2""}","{""gamma_R2"": ""1370"", ""rho_ATMi_R2"": ""1370"", ""rho_ATRi_R2"": ""1370"", ""rho_R2"": ""1370"", ""rho_WEE1i_R2"": ""1370""}",1,1,R3:1444,R3:1444,,included_primary
BLM,R1:84101,BLM;PRKDC,0,False,True,True,True,True,True,True,"{""gamma_R2"": ""P1P2"", ""rho_ATMi_R2"": ""P1P2"", ""rho_ATRi_R2"": ""P1P2"", ""rho_R2"": ""P1P2"", ""rho_WEE1i_R2"": ""P1P2""}","{""gamma_R2"": ""1499"", ""rho_ATMi_R2"": ""1499"", ""rho_ATRi_R2"": ""1499"", ""rho_R2"": ""1499"", ""rho_WEE1i_R2"": ""1499""}",1,1,R3:1584,R3:1584,,included_primary
BRCC3,R1:84693,BRCC3;PRKDC,0,False,True,True,True,True,True,True,"{""gamma_R2"": ""P1P2"", ""rho_ATMi_R2"": ""P1P2"", ""rho_ATRi_R2"": ""P1P2"", ""rho_R2"": ""P1P2"", ""rho_WEE1i_R2"": ""P1P2""}","{""gamma_R2"": ""1568"", ""rho_ATMi_R2"": ""1568"", ""rho_ATRi_R2"": ""1568"", ""rho_R2"": ""1568"", ""rho_WEE1i_R2"": ""1568""}",1,1,R3:1657,R3:1657,,included_primary
BRD8,R1:14960,BRD8;PRKDC,-0.617774112,False,True,True,True,True,True,True,"{""gamma_R2"": ""P1P2"", ""rho_ATMi_R2"": ""P1P2"", ""rho_ATRi_R2"": ""P1P2"", ""rho_R2"": ""P1P2"", ""rho_WEE1i_R2"": ""P1P2""}","{""gamma_R2"": ""1574"", ""rho_ATMi_R2"": ""1574"", ""rho_ATRi_R2"": ""1574"", ""rho_R2"": ""1574"", ""rho_WEE1i_R2"": ""1574""}",1,1,R3:1664,R3:1664,,included_primary
BRE,R1:24688,BRE;PRKDC,-0.434240571,False,True,True,True,True,True,True,"{""gamma_R2"": ""P1P2"", ""rho_ATMi_R2"": ""P1P2"", ""rho_ATRi_R2"": ""P1P2"", ""rho_R2"": ""P1P2"", ""rho_WEE1i_R2"": ""P1P2""}","{""gamma_R2"": ""1577"", ""rho_ATMi_R2"": ""1577"", ""rho_ATRi_R2"": ""1577"", ""rho_R2"": ""1577"", ""rho_WEE1i_R2"": ""1577""}",1,1,R3:1667,R3:1667,,included_primary
BRIP1,R1:85518,BRIP1;PRKDC,0,False,True,True,True,True,True,True,"{""gamma_R2"": ""P1P2"", ""rho_ATMi_R2"": ""P1P2"", ""rho_ATRi_R2"": ""P1P2"", ""rho_R2"": ""P1P2"", ""rho_WEE1i_R2"": ""P1P2""}","{""gamma_R2"": ""1586"", ""rho_ATMi_R2"": ""1586"", ""rho_ATRi_R2"": ""1586"", ""rho_R2"": ""1586"", ""rho_WEE1i_R2"": ""1586""}",1,1,R3:1677,R3:1677,,included_primary
BTG2,R1:36638,BTG2;PRKDC,-0.290265969,False,True,True,True,True,True,True,"{""gamma_R2"": ""P1P2"", ""rho_ATMi_R2"": ""P1P2"", ""rho_ATRi_R2"": ""P1P2"", ""rho_R2"": ""P1P2"", ""rho_WEE1i_R2"": ""P1P2""}","{""gamma_R2"": ""1628"", ""rho_ATMi_R2"": ""1628"", ""rho_ATRi_R2"": ""1628"", ""rho_R2"": ""1628"", ""rho_WEE1i_R2"": ""1628""}",1,1,R3:1721,R3:1721,,included_primary
C11orf30,R1:53998,C11orf30;PRKDC,-0.145572926,False,True,True,True,True,True,True,"{""gamma_R2"": ""P1P2"", ""rho_ATMi_R2"": ""P1P2"", ""rho_ATRi_R2"": ""P1P2"", ""rho_R2"": ""P1P2"", ""rho_WEE1i_R2"": ""P1P2""}","{""gamma_R2"": ""1687"", ""rho_ATMi_R2"": ""1687"", ""rho_ATRi_R2"": ""1687"", ""rho_R2"": ""1687"", ""rho_WEE1i_R2"": ""1687""}",1,1,R3:1781,R3:1781,,included_primary
C12orf5,R1:86222,C12orf5;PRKDC,0,False,True,True,True,True,True,True,"{""gamma_R2"": ""P1P2"", ""rho_ATMi_R2"": ""P1P2"", ""rho_ATRi_R2"": ""P1P2"", ""rho_R2"": ""P1P2"", ""rho_WEE1i_R2"": ""P1P2""}","{""gamma_R2"": ""1731"", ""rho_ATMi_R2"": ""1731"", ""rho_ATRi_R2"": ""1731"", ""rho_R2"": ""1731"", ""rho_WEE1i_R2"": ""1731""}",1,1,R3:1827,R3:1827,,included_primary
C14orf39,R1:25725,C14orf39;PRKDC,-0.419959264,False,True,True,True,True,True,True,"{""gamma_R2"": ""P1P2"", ""rho_ATMi_R2"": ""P1P2"", ""rho_ATRi_R2"": ""P1P2"", ""rho_R2"": ""P1P2"", ""rho_WEE1i_R2"": ""P1P2""}","{""gamma_R2"": ""1771"", ""rho_ATMi_R2"": ""1771"", ""rho_ATRi_R2"": ""1771"", ""rho_R2"": ""1771"", ""rho_WEE1i_R2"": ""1771""}",1,1,R3:1867,R3:1867,,included_primary
C17orf104,R1:86614,C17orf104;PRKDC,0,False,True,True,True,True,True,True,"{""gamma_R2"": ""P1P2"", ""rho_ATMi_R2"": ""P1P2"", ""rho_ATRi_R2"": ""P1P2"", ""rho_R2"": ""P1P2"", ""rho_WEE1i_R2"": ""P1P2""}","{""gamma_R2"": ""1825"", ""rho_ATMi_R2"": ""1825"", ""rho_ATRi_R2"": ""1825"", ""rho_R2"": ""1825"", ""rho_WEE1i_R2"": ""1825""}",1,1,R3:1927,R3:1927,,included_primary
C17orf70,R1:58445,C17orf70;PRKDC,-0.114807525,False,True,True,True,True,True,True,"{""gamma_R2"": ""P1P2"", ""rho_ATMi_R2"": ""P1P2"", ""rho_ATRi_R2"": ""P1P2"", ""rho_R2"": ""P1P2"", ""rho_WEE1i_R2"": ""P1P2""}","{""gamma_R2"": ""1840"", ""rho_ATMi_R2"": ""1840"", ""rho_ATRi_R2"": ""1840"", ""rho_R2"": ""1840"", ""rho_WEE1i_R2"": ""1840""}",1,1,R3:1945,R3:1945,,included_primary
C19orf40,R1:21691,C19orf40;PRKDC,-0.481187494,False,True,True,True,True,True,True,"{""gamma_R2"": ""P1P2"", ""rho_ATMi_R2"": ""P1P2"", ""rho_ATRi_R2"": ""P1P2"", ""rho_R2"": ""P1P2"", ""rho_WEE1i_R2"": ""P1P2""}","{""gamma_R2"": ""1871"", ""rho_ATMi_R2"": ""1871"", ""rho_ATRi_R2"": ""1871"", ""rho_R2"": ""1871"", ""rho_WEE1i_R2"": ""1871""}",1,1,R3:1977,R3:1977,,included_primary
C1orf86,R1:72554,C1orf86;PRKDC,-0.021429801,False,True,True,True,True,True,True,"{""gamma_R2"": ""P1P2"", ""rho_ATMi_R2"": ""P1P2"", ""rho_ATRi_R2"": ""P1P2"", ""rho_R2"": ""P1P2"", ""rho_WEE1i_R2"": ""P1P2""}","{""gamma_R2"": ""1981"", ""rho_ATMi_R2"": ""1981"", ""rho_ATRi_R2"": ""1981"", ""rho_R2"": ""1981"", ""rho_WEE1i_R2"": ""1981""}",1,1,R3:2102,R3:2102,,included_primary
C20orf196,R1:31852,C20orf196;PRKDC,-0.341797347,False,True,True,True,True,True,True,"{""gamma_R2"": ""P1P2"", ""rho_ATMi_R2"": ""P1P2"", ""rho_ATRi_R2"": ""P1P2"", ""rho_R2"": ""P1P2"", ""rho_WEE1i_R2"": ""P1P2""}","{""gamma_R2"": ""1993"", ""rho_ATMi_R2"": ""1993"", ""rho_ATRi_R2"": ""1993"", ""rho_R2"": ""1993"", ""rho_WEE1i_R2"": ""1993""}",1,1,R3:2116,R3:2116,,included_primary
C5orf45,R1:37917,C5orf45;PRKDC,-0.277697941,False,True,True,True,True,True,True,"{""gamma_R2"": ""P1P2"", ""rho_ATMi_R2"": ""P1P2"", ""rho_ATRi_R2"": ""P1P2"", ""rho_R2"": ""P1P2"", ""rho_WEE1i_R2"": ""P1P2""}","{""gamma_R2"": ""2122"", ""rho_ATMi_R2"": ""2122"", ""rho_ATRi_R2"": ""2122"", ""rho_R2"": ""2122"", ""rho_WEE1i_R2"": ""2122""}",1,1,R3:2253,R3:2253,,included_primary
C7orf49,R1:34371,C7orf49;PRKDC,-0.313875165,False,True,True,True,True,True,True,"{""gamma_R2"": ""P1P2"", ""rho_ATMi_R2"": ""P1P2"", ""rho_ATRi_R2"": ""P1P2"", ""rho_R2"": ""P1P2"", ""rho_WEE1i_R2"": ""P1P2""}","{""gamma_R2"": ""2175"", ""rho_ATMi_R2"": ""2175"", ""rho_ATRi_R2"": ""2175"", ""rho_R2"": ""2175"", ""rho_WEE1i_R2"": ""2175""}",1,1,R3:2308,R3:2308,,included_primary
C9orf142,R1:88050,C9orf142;PRKDC,0,False,True,True,True,True,True,True,"{""gamma_R2"": ""P1P2"", ""rho_ATMi_R2"": ""P1P2"", ""rho_ATRi_R2"": ""P1P2"", ""rho_R2"": ""P1P2"", ""rho_WEE1i_R2"": ""P1P2""}","{""gamma_R2"": ""2220"", ""rho_ATMi_R2"": ""2220"", ""rho_ATRi_R2"": ""2220"", ""rho_R2"": ""2220"", ""rho_WEE1i_R2"": ""2220""}",1,1,R3:2352,R3:2352,,included_primary
CBX8,R1:88285,CBX8;PRKDC,0,False,True,True,True,True,True,True,"{""gamma_R2"": ""P1P2"", ""rho_ATMi_R2"": ""P1P2"", ""rho_ATRi_R2"": ""P1P2"", ""rho_R2"": ""P1P2"", ""rho_WEE1i_R2"": ""P1P2""}","{""gamma_R2"": ""2476"", ""rho_ATMi_R2"": ""2476"", ""rho_ATRi_R2"": ""2476"", ""rho_R2"": ""2476"", ""rho_WEE1i_R2"": ""2476""}",1,1,R3:2623,R3:2623,,included_primary
CCDC155,R1:64686,CCDC155;PRKDC,-0.072359589,False,True,True,True,True,True,True,"{""gamma_R2"": ""P1P2"", ""rho_ATMi_R2"": ""P1P2"", ""rho_ATRi_R2"": ""P1P2"", ""rho_R2"": ""P1P2"", ""rho_WEE1i_R2"": ""P1P2""}","{""gamma_R2"": ""2538"", ""rho_ATMi_R2"": ""2538"", ""rho_ATRi_R2"": ""2538"", ""rho_R2"": ""2538"", ""rho_WEE1i_R2"": ""2538""}",1,1,R3:2693,R3:2693,,included_primary
CDC14B,R1:12793,CDC14B;PRKDC,-0.674476704,False,True,True,True,True,True,True,"{""gamma_R2"": ""P1P2"", ""rho_ATMi_R2"": ""P1P2"", ""rho_ATRi_R2"": ""P1P2"", ""rho_R2"": ""P1P2"", ""rho_WEE1i_R2"": ""P1P2""}","{""gamma_R2"": ""2824"", ""rho_ATMi_R2"": ""2824"", ""rho_ATRi_R2"": ""2824"", ""rho_R2"": ""2824"", ""rho_WEE1i_R2"": ""2824""}",1,1,R3:2985,R3:2985,,included_primary
CDC7,R1:6361,CDC7;PRKDC,-0.921834634,False,True,True,True,True,True,True,"{""gamma_R2"": ""P1P2"", ""rho_ATMi_R2"": ""P1P2"", ""rho_ATRi_R2"": ""P1P2"", ""rho_R2"": ""P1P2"", ""rho_WEE1i_R2"": ""P1P2""}","{""gamma_R2"": ""2850"", ""rho_ATMi_R2"": ""2850"", ""rho_ATRi_R2"": ""2850"", ""rho_R2"": ""2850"", ""rho_WEE1i_R2"": ""2850""}",1,1,R3:3007,R3:3007,,included_primary
CDK2,R1:9832,CDK2;PRKDC,-0.766173236,False,True,True,True,True,True,True,"{""gamma_R2"": ""P1P2"", ""rho_ATMi_R2"": ""P1P2"", ""rho_ATRi_R2"": ""P1P2"", ""rho_R2"": ""P1P2"", ""rho_WEE1i_R2"": ""P1P2""}","{""gamma_R2"": ""2902"", ""rho_ATMi_R2"": ""2902"", ""rho_ATRi_R2"": ""2902"", ""rho_R2"": ""2902"", ""rho_WEE1i_R2"": ""2902""}",1,1,R3:3059,R3:3059,,included_primary
CDK9,R1:36773,CDK9;PRKDC,-0.288904447,False,True,True,True,True,True,True,"{""gamma_R2"": ""P1P2"", ""rho_ATMi_R2"": ""P1P2"", ""rho_ATRi_R2"": ""P1P2"", ""rho_R2"": ""P1P2"", ""rho_WEE1i_R2"": ""P1P2""}","{""gamma_R2"": ""2917"", ""rho_ATMi_R2"": ""2917"", ""rho_ATRi_R2"": ""2917"", ""rho_R2"": ""2917"", ""rho_WEE1i_R2"": ""2917""}",1,1,R3:3075,R3:3075,,included_primary
CDKN2D,R1:75014,CDKN2D;PRKDC,-0.005445701,False,True,True,True,True,True,True,"{""gamma_R2"": ""P1P2"", ""rho_ATMi_R2"": ""P1P2"", ""rho_ATRi_R2"": ""P1P2"", ""rho_R2"": ""P1P2"", ""rho_WEE1i_R2"": ""P1P2""}","{""gamma_R2"": ""2932"", ""rho_ATMi_R2"": ""2932"", ""rho_ATRi_R2"": ""2932"", ""rho_R2"": ""2932"", ""rho_WEE1i_R2"": ""2932""}",1,1,R3:3093,R3:3093,,included_primary
CEP164,R1:89960,CEP164;PRKDC,0,False,True,True,True,True,True,True,"{""gamma_R2"": ""P1P2"", ""rho_ATMi_R2"": ""P1P2"", ""rho_ATRi_R2"": ""P1P2"", ""rho_R2"": ""P1P2"", ""rho_WEE1i_R2"": ""P1P2""}","{""gamma_R2"": ""3018"", ""rho_ATMi_R2"": ""3018"", ""rho_ATRi_R2"": ""3018"", ""rho_R2"": ""3018"", ""rho_WEE1i_R2"": ""3018""}",1,1,R3:3178,R3:3178,,included_primary
CETN1,R1:90148,CETN1;PRKDC,0,False,True,True,True,True,True,True,"{""gamma_R2"": ""P1P2"", ""rho_ATMi_R2"": ""P1P2"", ""rho_ATRi_R2"": ""P1P2"", ""rho_R2"": ""P1P2"", ""rho_WEE1i_R2"": ""P1P2""}","{""gamma_R2"": ""3056"", ""rho_ATMi_R2"": ""3056"", ""rho_ATRi_R2"": ""3056"", ""rho_R2"": ""3056"", ""rho_WEE1i_R2"": ""3056""}",1,1,R3:3219,R3:3219,,included_primary
CHD1L,R1:50361,CHD1L;PRKDC,-0.172942037,False,True,True,True,True,True,True,"{""gamma_R2"": ""P1P2"", ""rho_ATMi_R2"": ""P1P2"", ""rho_ATRi_R2"": ""P1P2"", ""rho_R2"": ""P1P2"", ""rho_WEE1i_R2"": ""P1P2""}","{""gamma_R2"": ""3104"", ""rho_ATMi_R2"": ""3104"", ""rho_ATRi_R2"": ""3104"", ""rho_R2"": ""3104"", ""rho_WEE1i_R2"": ""3104""}",1,1,R3:3271,R3:3271,,included_primary
CHRNA4,R1:15283,CHRNA4;PRKDC,-0.610462507,False,True,True,True,True,True,True,"{""gamma_R2"": ""P1P2"", ""rho_ATMi_R2"": ""P1P2"", ""rho_ATRi_R2"": ""P1P2"", ""rho_R2"": ""P1P2"", ""rho_WEE1i_R2"": ""P1P2""}","{""gamma_R2"": ""3164"", ""rho_ATMi_R2"": ""3164"", ""rho_ATRi_R2"": ""3164"", ""rho_R2"": ""3164"", ""rho_WEE1i_R2"": ""3164""}",1,1,R3:3336,R3:3336,,included_primary
CIB1,R1:69379,CIB1;PRKDC,-0.041598754,False,True,True,True,True,True,True,"{""gamma_R2"": ""P1P2"", ""rho_ATMi_R2"": ""P1P2"", ""rho_ATRi_R2"": ""P1P2"", ""rho_R2"": ""P1P2"", ""rho_WEE1i_R2"": ""P1P2""}","{""gamma_R2"": ""3200"", ""rho_ATMi_R2"": ""3200"", ""rho_ATRi_R2"": ""3200"", ""rho_R2"": ""3200"", ""rho_WEE1i_R2"": ""3200""}",1,1,R3:3373,R3:3373,,included_primary
COPS7A,R1:92287,COPS7A;PRKDC,0,False,True,True,True,True,True,True,"{""gamma_R2"": ""P1P2"", ""rho_ATMi_R2"": ""P1P2"", ""rho_ATRi_R2"": ""P1P2"", ""rho_R2"": ""P1P2"", ""rho_WEE1i_R2"": ""P1P2""}","{""gamma_R2"": ""3543"", ""rho_ATMi_R2"": ""3543"", ""rho_ATRi_R2"": ""3543"", ""rho_R2"": ""3543"", ""rho_WEE1i_R2"": ""3543""}",1,1,R3:3734,R3:3734,,included_primary
COPS8,R1:92719,COPS8;PRKDC,0,False,True,True,True,True,True,True,"{""gamma_R2"": ""P1P2"", ""rho_ATMi_R2"": ""P1P2"", ""rho_ATRi_R2"": ""P1P2"", ""rho_R2"": ""P1P2"", ""rho_WEE1i_R2"": ""P1P2""}","{""gamma_R2"": ""3545"", ""rho_ATMi_R2"": ""3545"", ""rho_ATRi_R2"": ""3545"", ""rho_R2"": ""3545"", ""rho_WEE1i_R2"": ""3545""}",1,1,R3:3737,R3:3737,,included_primary
CSNK1E,R1:92914,CSNK1E;PRKDC,0,False,True,True,True,True,True,True,"{""gamma_R2"": ""P1P2"", ""rho_ATMi_R2"": ""P1P2"", ""rho_ATRi_R2"": ""P1P2"", ""rho_R2"": ""P1P2"", ""rho_WEE1i_R2"": ""P1P2""}","{""gamma_R2"": ""3763"", ""rho_ATMi_R2"": ""3763"", ""rho_ATRi_R2"": ""3763"", ""rho_R2"": ""3763"", ""rho_WEE1i_R2"": ""3763""}",1,1,R3:3968,R3:3968,,included_primary
CUL4A,R1:45041,CUL4A;PRKDC,-0.214535268,False,True,True,True,True,True,True,"{""gamma_R2"": ""P1P2"", ""rho_ATMi_R2"": ""P1P2"", ""rho_ATRi_R2"": ""P1P2"", ""rho_R2"": ""P1P2"", ""rho_WEE1i_R2"": ""P1P2""}","{""gamma_R2"": ""3874"", ""rho_ATMi_R2"": ""3874"", ""rho_ATRi_R2"": ""3874"", ""rho_R2"": ""3874"", ""rho_WEE1i_R2"": ""3874""}",1,1,R3:4079,R3:4079,,included_primary
CUL4B,R1:55051,CUL4B;PRKDC,-0.138062465,False,True,True,True,True,True,True,"{""gamma_R2"": ""P1P2"", ""rho_ATMi_R2"": ""P1P2"", ""rho_ATRi_R2"": ""P1P2"", ""rho_R2"": ""P1P2"", ""rho_WEE1i_R2"": ""P1P2""}","{""gamma_R2"": ""3875"", ""rho_ATMi_R2"": ""3875"", ""rho_ATRi_R2"": ""3875"", ""rho_R2"": ""3875"", ""rho_WEE1i_R2"": ""3875""}",1,1,R3:4080,R3:4080,,included_primary
CXorf57,R1:93475,CXorf57;PRKDC,0,False,True,True,True,True,True,True,"{""gamma_R2"": ""P1P2"", ""rho_ATMi_R2"": ""P1P2"", ""rho_ATRi_R2"": ""P1P2"", ""rho_R2"": ""P1P2"", ""rho_WEE1i_R2"": ""P1P2""}","{""gamma_R2"": ""3930"", ""rho_ATMi_R2"": ""3930"", ""rho_ATRi_R2"": ""3930"", ""rho_R2"": ""3930"", ""rho_WEE1i_R2"": ""3930""}",1,1,R3:4137,R3:4137,,included_primary
DCLRE1A,R1:42559,DCLRE1A;PRKDC,-0.235792913,False,True,True,True,True,True,True,"{""gamma_R2"": ""P1P2"", ""rho_ATMi_R2"": ""P1P2"", ""rho_ATRi_R2"": ""P1P2"", ""rho_R2"": ""P1P2"", ""rho_WEE1i_R2"": ""P1P2""}","{""gamma_R2"": ""4111"", ""rho_ATMi_R2"": ""4111"", ""rho_ATRi_R2"": ""4111"", ""rho_R2"": ""4111"", ""rho_WEE1i_R2"": ""4111""}",1,1,R3:4329,R3:4329,,included_primary
DCLRE1B,R1:3031,DCLRE1B;PRKDC,-1.182921041,True,True,True,True,True,True,True,"{""gamma_R2"": ""P1P2"", ""rho_ATMi_R2"": ""P1P2"", ""rho_ATRi_R2"": ""P1P2"", ""rho_R2"": ""P1P2"", ""rho_WEE1i_R2"": ""P1P2""}","{""gamma_R2"": ""4112"", ""rho_ATMi_R2"": ""4112"", ""rho_ATRi_R2"": ""4112"", ""rho_R2"": ""4112"", ""rho_WEE1i_R2"": ""4112""}",1,1,R3:4330,R3:4330,,included_primary
DCLRE1C,R1:24498,DCLRE1C;PRKDC,-0.437087909,False,True,True,True,True,True,True,"{""gamma_R2"": ""P1P2"", ""rho_ATMi_R2"": ""P1P2"", ""rho_ATRi_R2"": ""P1P2"", ""rho_R2"": ""P1P2"", ""rho_WEE1i_R2"": ""P1P2""}","{""gamma_R2"": ""4113"", ""rho_ATMi_R2"": ""4113"", ""rho_ATRi_R2"": ""4113"", ""rho_R2"": ""4113"", ""rho_WEE1i_R2"": ""4113""}",1,1,R3:4331,R3:4331,,included_primary
DDB2,R1:69311,DDB2;PRKDC,-0.042124514,False,True,True,True,True,True,True,"{""gamma_R2"": ""P1P2"", ""rho_ATMi_R2"": ""P1P2"", ""rho_ATRi_R2"": ""P1P2"", ""rho_R2"": ""P1P2"", ""rho_WEE1i_R2"": ""P1P2""}","{""gamma_R2"": ""4142"", ""rho_ATMi_R2"": ""4142"", ""rho_ATRi_R2"": ""4142"", ""rho_R2"": ""4142"", ""rho_WEE1i_R2"": ""4142""}",1,1,R3:4357,R3:4357,,included_primary
DDX1,R1:1150,DDX1;PRKDC,-1.505019396,True,True,True,True,True,True,True,"{""gamma_R2"": ""P1P2"", ""rho_ATMi_R2"": ""P1P2"", ""rho_ATRi_R2"": ""P1P2"", ""rho_R2"": ""P1P2"", ""rho_WEE1i_R2"": ""P1P2""}","{""gamma_R2"": ""4159"", ""rho_ATMi_R2"": ""4159"", ""rho_ATRi_R2"": ""4159"", ""rho_R2"": ""4159"", ""rho_WEE1i_R2"": ""4159""}",1,1,R3:4375,R3:4375,,included_primary
DDX11,R1:94482,DDX11;PRKDC,0,False,True,True,True,True,True,True,"{""gamma_R2"": ""P1P2"", ""rho_ATMi_R2"": ""P1P2"", ""rho_ATRi_R2"": ""P1P2"", ""rho_R2"": ""P1P2"", ""rho_WEE1i_R2"": ""P1P2""}","{""gamma_R2"": ""4161"", ""rho_ATMi_R2"": ""4161"", ""rho_ATRi_R2"": ""4161"", ""rho_R2"": ""4161"", ""rho_WEE1i_R2"": ""4161""}",1,1,R3:4376,R3:4376,,included_primary
DEK,R1:94656,DEK;PRKDC,0,False,True,True,True,True,True,True,"{""gamma_R2"": ""P1P2"", ""rho_ATMi_R2"": ""P1P2"", ""rho_ATRi_R2"": ""P1P2"", ""rho_R2"": ""P1P2"", ""rho_WEE1i_R2"": ""P1P2""}","{""gamma_R2"": ""4248"", ""rho_ATMi_R2"": ""4248"", ""rho_ATRi_R2"": ""4248"", ""rho_R2"": ""4248"", ""rho_WEE1i_R2"": ""4248""}",1,1,R3:4458,R3:4458,,included_primary
DMC1,R1:95125,DMC1;PRKDC,0,False,True,True,True,True,True,True,"{""gamma_R2"": ""P1P2"", ""rho_ATMi_R2"": ""P1P2"", ""rho_ATRi_R2"": ""P1P2"", ""rho_R2"": ""P1P2"", ""rho_WEE1i_R2"": ""P1P2""}","{""gamma_R2"": ""4405"", ""rho_ATMi_R2"": ""4405"", ""rho_ATRi_R2"": ""4405"", ""rho_R2"": ""4405"", ""rho_WEE1i_R2"": ""4405""}",1,1,R3:4615,R3:4615,,included_primary
DNTT,R1:95518,DNTT;PRKDC,0,False,True,True,True,True,True,True,"{""gamma_R2"": ""P1P2"", ""rho_ATMi_R2"": ""P1P2"", ""rho_ATRi_R2"": ""P1P2"", ""rho_R2"": ""P1P2"", ""rho_WEE1i_R2"": ""P1P2""}","{""gamma_R2"": ""4511"", ""rho_ATMi_R2"": ""4511"", ""rho_ATRi_R2"": ""4511"", ""rho_R2"": ""4511"", ""rho_WEE1i_R2"": ""4511""}",1,1,R3:4726,R3:4726,,included_primary
DOT1L,R1:3926,DOT1L;PRKDC,-1.091790952,True,True,True,True,True,True,True,"{""gamma_R2"": ""P1P2"", ""rho_ATMi_R2"": ""P1P2"", ""rho_ATRi_R2"": ""P1P2"", ""rho_R2"": ""P1P2"", ""rho_WEE1i_R2"": ""P1P2""}","{""gamma_R2"": ""4540"", ""rho_ATMi_R2"": ""4540"", ""rho_ATRi_R2"": ""4540"", ""rho_R2"": ""4540"", ""rho_WEE1i_R2"": ""4540""}",1,1,R3:4755,R3:4755,,included_primary
DTX3L,R1:95853,DTX3L;PRKDC,0,False,True,True,True,True,True,True,"{""gamma_R2"": ""P1P2"", ""rho_ATMi_R2"": ""P1P2"", ""rho_ATRi_R2"": ""P1P2"", ""rho_R2"": ""P1P2"", ""rho_WEE1i_R2"": ""P1P2""}","{""gamma_R2"": ""4632"", ""rho_ATMi_R2"": ""4632"", ""rho_ATRi_R2"": ""4632"", ""rho_R2"": ""4632"", ""rho_WEE1i_R2"": ""4632""}",1,1,R3:4855,R3:4855,,included_primary
EEPD1,R1:27246,EEPD1;PRKDC,-0.398745933,False,True,True,True,True,True,True,"{""gamma_R2"": ""P1P2"", ""rho_ATMi_R2"": ""P1P2"", ""rho_ATRi_R2"": ""P1P2"", ""rho_R2"": ""P1P2"", ""rho_WEE1i_R2"": ""P1P2""}","{""gamma_R2"": ""4773"", ""rho_ATMi_R2"": ""4773"", ""rho_ATRi_R2"": ""4773"", ""rho_R2"": ""4773"", ""rho_WEE1i_R2"": ""4773""}",1,1,R3:4999,R3:4999,,included_primary
EGFR,R1:96259,EGFR;PRKDC,0,False,True,True,True,True,True,True,"{""gamma_R2"": ""P1P2"", ""rho_ATMi_R2"": ""P1P2"", ""rho_ATRi_R2"": ""P1P2"", ""rho_R2"": ""P1P2"", ""rho_WEE1i_R2"": ""P1P2""}","{""gamma_R2"": ""4813"", ""rho_ATMi_R2"": ""4813"", ""rho_ATRi_R2"": ""4813"", ""rho_R2"": ""4813"", ""rho_WEE1i_R2"": ""4813""}",1,1,R3:5041,R3:5041,,included_primary
EID3,R1:20784,EID3;PRKDC,-0.496838371,False,True,True,True,True,True,True,"{""gamma_R2"": ""P1P2"", ""rho_ATMi_R2"": ""P1P2"", ""rho_ATRi_R2"": ""P1P2"", ""rho_R2"": ""P1P2"", ""rho_WEE1i_R2"": ""P1P2""}","{""gamma_R2"": ""4835"", ""rho_ATMi_R2"": ""4835"", ""rho_ATRi_R2"": ""4835"", ""rho_R2"": ""4835"", ""rho_WEE1i_R2"": ""4835""}",1,1,R3:5065,R3:5065,,included_primary
EME1,R1:26880,EME1;PRKDC,-0.403708554,False,True,True,True,True,True,True,"{""gamma_R2"": ""P1P2"", ""rho_ATMi_R2"": ""P1P2"", ""rho_ATRi_R2"": ""P1P2"", ""rho_R2"": ""P1P2"", ""rho_WEE1i_R2"": ""P1P2""}","{""gamma_R2"": ""4943"", ""rho_ATMi_R2"": ""4943"", ""rho_ATRi_R2"": ""4943"", ""rho_R2"": ""4943"", ""rho_WEE1i_R2"": ""4943""}",1,1,R3:5160,R3:5160,,included_primary
EME2,R1:65901,EME2;PRKDC,-0.06447293,False,True,True,True,True,True,True,"{""gamma_R2"": ""P1P2"", ""rho_ATMi_R2"": ""P1P2"", ""rho_ATRi_R2"": ""P1P2"", ""rho_R2"": ""P1P2"", ""rho_WEE1i_R2"": ""P1P2""}","{""gamma_R2"": ""4944"", ""rho_ATMi_R2"": ""4944"", ""rho_ATRi_R2"": ""4944"", ""rho_R2"": ""4944"", ""rho_WEE1i_R2"": ""4944""}",1,1,R3:5161,R3:5161,,included_primary
ENDOV,R1:96869,ENDOV;PRKDC,0,False,True,True,True,True,True,True,"{""gamma_R2"": ""P1P2"", ""rho_ATMi_R2"": ""P1P2"", ""rho_ATRi_R2"": ""P1P2"", ""rho_R2"": ""P1P2"", ""rho_WEE1i_R2"": ""P1P2""}","{""gamma_R2"": ""4972"", ""rho_ATMi_R2"": ""4972"", ""rho_ATRi_R2"": ""4972"", ""rho_R2"": ""4972"", ""rho_WEE1i_R2"": ""4972""}",1,1,R3:5191,R3:5191,,included_primary
EP300,R1:97078,EP300;PRKDC,0,False,True,True,True,True,True,True,"{""gamma_R2"": ""P1P2"", ""rho_ATMi_R2"": ""P1P2"", ""rho_ATRi_R2"": ""P1P2"", ""rho_R2"": ""P1P2"", ""rho_WEE1i_R2"": ""P1P2""}","{""gamma_R2"": ""5008"", ""rho_ATMi_R2"": ""5008"", ""rho_ATRi_R2"": ""5008"", ""rho_R2"": ""5008"", ""rho_WEE1i_R2"": ""5008""}",1,1,R3:5229,R3:5229,,included_primary
EPC1,R1:12927,EPC1;PRKDC,-0.670666927,False,True,True,True,True,True,True,"{""gamma_R2"": ""P1P2"", ""rho_ATMi_R2"": ""P1P2"", ""rho_ATRi_R2"": ""P1P2"", ""rho_R2"": ""P1P2"", ""rho_WEE1i_R2"": ""P1P2""}","{""gamma_R2"": ""5019"", ""rho_ATMi_R2"": ""5019"", ""rho_ATRi_R2"": ""5019"", ""rho_R2"": ""5019"", ""rho_WEE1i_R2"": ""5019""}",1,1,R3:5240,R3:5240,,included_primary
EPC2,R1:21981,EPC2;PRKDC,-0.476255688,False,True,True,True,True,True,True,"{""gamma_R2"": ""P1P2"", ""rho_ATMi_R2"": ""P1P2"", ""rho_ATRi_R2"": ""P1P2"", ""rho_R2"": ""P1P2"", ""rho_WEE1i_R2"": ""P1P2""}","{""gamma_R2"": ""5020"", ""rho_ATMi_R2"": ""5020"", ""rho_ATRi_R2"": ""5020"", ""rho_R2"": ""5020"", ""rho_WEE1i_R2"": ""5020""}",1,1,R3:5241,R3:5241,,included_primary
ERCC1,R1:97697,ERCC1;PRKDC,0,False,True,True,True,True,True,True,"{""gamma_R2"": ""P1P2"", ""rho_ATMi_R2"": ""P1P2"", ""rho_ATRi_R2"": ""P1P2"", ""rho_R2"": ""P1P2"", ""rho_WEE1i_R2"": ""P1P2""}","{""gamma_R2"": ""5074"", ""rho_ATMi_R2"": ""5074"", ""rho_ATRi_R2"": ""5074"", ""rho_R2"": ""5074"", ""rho_WEE1i_R2"": ""5074""}",1,1,R3:5299,R3:5299,,included_primary
ERCC5,R1:98198,ERCC5;PRKDC,0,False,True,True,True,True,True,True,"{""gamma_R2"": ""P1P2"", ""rho_ATMi_R2"": ""P1P2"", ""rho_ATRi_R2"": ""P1P2"", ""rho_R2"": ""P1P2"", ""rho_WEE1i_R2"": ""P1P2""}","{""gamma_R2"": ""5078"", ""rho_ATMi_R2"": ""5078"", ""rho_ATRi_R2"": ""5078"", ""rho_R2"": ""5078"", ""rho_WEE1i_R2"": ""5078""}",1,1,R3:5303,R3:5303,,included_primary
ERCC6,R1:21348,ERCC6;PRKDC,-0.487347227,False,True,True,True,True,True,True,"{""gamma_R2"": ""P1P2"", ""rho_ATMi_R2"": ""P1P2"", ""rho_ATRi_R2"": ""P1P2"", ""rho_R2"": ""P1P2"", ""rho_WEE1i_R2"": ""P1P2""}","{""gamma_R2"": ""5079"", ""rho_ATMi_R2"": ""5079"", ""rho_ATRi_R2"": ""5079"", ""rho_R2"": ""5079"", ""rho_WEE1i_R2"": ""5079""}",1,1,R3:5304,R3:5304,,included_primary
ERCC6L2,R1:27921,ERCC6L2;PRKDC,-0.389879801,False,True,True,True,True,True,True,"{""gamma_R2"": ""P1P2"", ""rho_ATMi_R2"": ""P1P2"", ""rho_ATRi_R2"": ""P1P2"", ""rho_R2"": ""P1P2"", ""rho_WEE1i_R2"": ""P1P2""}","{""gamma_R2"": ""5081"", ""rho_ATMi_R2"": ""5081"", ""rho_ATRi_R2"": ""5081"", ""rho_R2"": ""5081"", ""rho_WEE1i_R2"": ""5081""}",1,1,R3:5306,R3:5306,,included_primary
ERCC8,R1:98738,ERCC8;PRKDC,0,False,True,True,True,True,True,True,"{""gamma_R2"": ""P1P2"", ""rho_ATMi_R2"": ""P1P2"", ""rho_ATRi_R2"": ""P1P2"", ""rho_R2"": ""P1P2"", ""rho_WEE1i_R2"": ""P1P2""}","{""gamma_R2"": ""5082"", ""rho_ATMi_R2"": ""5082"", ""rho_ATRi_R2"": ""5082"", ""rho_R2"": ""5082"", ""rho_WEE1i_R2"": ""5082""}",1,1,R3:5307,R3:5307,,included_primary
ETAA1,R1:66316,ETAA1;PRKDC,-0.061623329,False,True,True,True,True,True,True,"{""gamma_R2"": ""P1P2"", ""rho_ATMi_R2"": ""P1P2"", ""rho_ATRi_R2"": ""P1P2"", ""rho_R2"": ""P1P2"", ""rho_WEE1i_R2"": ""P1P2""}","{""gamma_R2"": ""5136"", ""rho_ATMi_R2"": ""5136"", ""rho_ATRi_R2"": ""5136"", ""rho_R2"": ""5136"", ""rho_WEE1i_R2"": ""5136""}",1,1,R3:5369,R3:5369,,included_primary
EXD2,R1:99270,EXD2;PRKDC,0,False,True,True,True,True,True,True,"{""gamma_R2"": ""P1P2"", ""rho_ATMi_R2"": ""P1P2"", ""rho_ATRi_R2"": ""P1P2"", ""rho_R2"": ""P1P2"", ""rho_WEE1i_R2"": ""P1P2""}","{""gamma_R2"": ""5171"", ""rho_ATMi_R2"": ""5171"", ""rho_ATRi_R2"": ""5171"", ""rho_R2"": ""5171"", ""rho_WEE1i_R2"": ""5171""}",1,1,R3:5405,R3:5405,,included_primary
EXO1,R1:99511,EXO1;PRKDC,0,False,True,True,True,True,True,True,"{""gamma_R2"": ""P1P2"", ""rho_ATMi_R2"": ""P1P2"", ""rho_ATRi_R2"": ""P1P2"", ""rho_R2"": ""P1P2"", ""rho_WEE1i_R2"": ""P1P2""}","{""gamma_R2"": ""5173"", ""rho_ATMi_R2"": ""5173"", ""rho_ATRi_R2"": ""5173"", ""rho_R2"": ""5173"", ""rho_WEE1i_R2"": ""5173""}",1,1,R3:5407,R3:5407,,included_primary
EXO5,R1:99741,EXO5;PRKDC,0,False,True,True,True,True,True,True,"{""gamma_R2"": ""P1P2"", ""rho_ATMi_R2"": ""P1P2"", ""rho_ATRi_R2"": ""P1P2"", ""rho_R2"": ""P1P2"", ""rho_WEE1i_R2"": ""P1P2""}","{""gamma_R2"": ""5174"", ""rho_ATMi_R2"": ""5174"", ""rho_ATRi_R2"": ""5174"", ""rho_R2"": ""5174"", ""rho_WEE1i_R2"": ""5174""}",1,1,R3:5408,R3:5408,,included_primary
EYA2,R1:43806,EYA2;PRKDC,-0.225019262,False,True,True,True,True,True,True,"{""gamma_R2"": ""P1P2"", ""rho_ATMi_R2"": ""P1P2"", ""rho_ATRi_R2"": ""P1P2"", ""rho_R2"": ""P1P2"", ""rho_WEE1i_R2"": ""P1P2""}","{""gamma_R2"": ""5205"", ""rho_ATMi_R2"": ""5205"", ""rho_ATRi_R2"": ""5205"", ""rho_R2"": ""5205"", ""rho_WEE1i_R2"": ""5205""}",1,1,R3:5435,R3:5435,,included_primary
EYA3,R1:100274,EYA3;PRKDC,0,False,True,True,True,True,True,True,"{""gamma_R2"": ""P1P2"", ""rho_ATMi_R2"": ""P1P2"", ""rho_ATRi_R2"": ""P1P2"", ""rho_R2"": ""P1P2"", ""rho_WEE1i_R2"": ""P1P2""}","{""gamma_R2"": ""5206"", ""rho_ATMi_R2"": ""5206"", ""rho_ATRi_R2"": ""5206"", ""rho_R2"": ""5206"", ""rho_WEE1i_R2"": ""5206""}",1,1,R3:5436,R3:5436,,included_primary
EYA4,R1:42903,EYA4;PRKDC,-0.232704835,False,True,True,True,True,True,True,"{""gamma_R2"": ""P1P2"", ""rho_ATMi_R2"": ""P1P2"", ""rho_ATRi_R2"": ""P1P2"", ""rho_R2"": ""P1P2"", ""rho_WEE1i_R2"": ""P1P2""}","{""gamma_R2"": ""5207"", ""rho_ATMi_R2"": ""5207"", ""rho_ATRi_R2"": ""5207"", ""rho_R2"": ""5207"", ""rho_WEE1i_R2"": ""5207""}",1,1,R3:5437,R3:5437,,included_primary
FAM168A,R1:48025,FAM168A;PRKDC,-0.190945046,False,True,True,True,True,True,True,"{""gamma_R2"": ""P1P2"", ""rho_ATMi_R2"": ""P1P2"", ""rho_ATRi_R2"": ""P1P2"", ""rho_R2"": ""P1P2"", ""rho_WEE1i_R2"": ""P1P2""}","{""gamma_R2"": ""5348"", ""rho_ATMi_R2"": ""5348"", ""rho_ATRi_R2"": ""5348"", ""rho_R2"": ""5348"", ""rho_WEE1i_R2"": ""5348""}",1,1,R3:5595,R3:5595,,included_primary
FAM175A,R1:100675,FAM175A;PRKDC,0,False,True,True,True,True,True,True,"{""gamma_R2"": ""P1P2"", ""rho_ATMi_R2"": ""P1P2"", ""rho_ATRi_R2"": ""P1P2"", ""rho_R2"": ""P1P2"", ""rho_WEE1i_R2"": ""P1P2""}","{""gamma_R2"": ""5362"", ""rho_ATMi_R2"": ""5362"", ""rho_ATRi_R2"": ""5362"", ""rho_R2"": ""5362"", ""rho_WEE1i_R2"": ""5362""}",1,1,R3:5609,R3:5609,,included_primary
FAM178A,R1:39119,FAM178A;PRKDC,-0.266526383,False,True,True,True,True,True,True,"{""gamma_R2"": ""P1P2"", ""rho_ATMi_R2"": ""P1P2"", ""rho_ATRi_R2"": ""P1P2"", ""rho_R2"": ""P1P2"", ""rho_WEE1i_R2"": ""P1P2""}","{""gamma_R2"": ""5366"", ""rho_ATMi_R2"": ""5366"", ""rho_ATRi_R2"": ""5366"", ""rho_R2"": ""5366"", ""rho_WEE1i_R2"": ""5366""}",1,1,R3:5614,R3:5614,,included_primary
FAM35A,R1:39830,FAM35A;PRKDC,-0.259851614,False,True,True,True,True,True,True,"{""gamma_R2"": ""P1P2"", ""rho_ATMi_R2"": ""P1P2"", ""rho_ATRi_R2"": ""P1P2"", ""rho_R2"": ""P1P2"", ""rho_WEE1i_R2"": ""P1P2""}","{""gamma_R2"": ""5458"", ""rho_ATMi_R2"": ""5458"", ""rho_ATRi_R2"": ""5458"", ""rho_R2"": ""5458"", ""rho_WEE1i_R2"": ""5458""}",1,1,R3:5715,R3:5715,,included_primary
FAN1,R1:101244,FAN1;PRKDC,0,False,True,True,True,True,True,True,"{""gamma_R2"": ""P1P2"", ""rho_ATMi_R2"": ""P1P2"", ""rho_ATRi_R2"": ""P1P2"", ""rho_R2"": ""P1P2"", ""rho_WEE1i_R2"": ""P1P2""}","{""gamma_R2"": ""5541"", ""rho_ATMi_R2"": ""5541"", ""rho_ATRi_R2"": ""5541"", ""rho_R2"": ""5541"", ""rho_WEE1i_R2"": ""5541""}",1,1,R3:5804,R3:5804,,included_primary
FANCA,R1:24979,FANCA;PRKDC,-0.430060077,False,True,True,True,True,True,True,"{""gamma_R2"": ""P1P2"", ""rho_ATMi_R2"": ""P1P2"", ""rho_ATRi_R2"": ""P1P2"", ""rho_R2"": ""P1P2"", ""rho_WEE1i_R2"": ""P1P2""}","{""gamma_R2"": ""5542"", ""rho_ATMi_R2"": ""5542"", ""rho_ATRi_R2"": ""5542"", ""rho_R2"": ""5542"", ""rho_WEE1i_R2"": ""5542""}",1,1,R3:5805,R3:5805,,included_primary
FANCB,R1:26011,FANCB;PRKDC,-0.415887638,False,True,True,True,True,True,True,"{""gamma_R2"": ""P1P2"", ""rho_ATMi_R2"": ""P1P2"", ""rho_ATRi_R2"": ""P1P2"", ""rho_R2"": ""P1P2"", ""rho_WEE1i_R2"": ""P1P2""}","{""gamma_R2"": ""5543"", ""rho_ATMi_R2"": ""5543"", ""rho_ATRi_R2"": ""5543"", ""rho_R2"": ""5543"", ""rho_WEE1i_R2"": ""5543""}",1,1,R3:5806,R3:5806,,included_primary
FANCC,R1:101616,FANCC;PRKDC,0,False,True,True,True,True,True,True,"{""gamma_R2"": ""P1P2"", ""rho_ATMi_R2"": ""P1P2"", ""rho_ATRi_R2"": ""P1P2"", ""rho_R2"": ""P1P2"", ""rho_WEE1i_R2"": ""P1P2""}","{""gamma_R2"": ""5544"", ""rho_ATMi_R2"": ""5544"", ""rho_ATRi_R2"": ""5544"", ""rho_R2"": ""5544"", ""rho_WEE1i_R2"": ""5544""}",1,1,R3:5807,R3:5807,,included_primary
FANCD2,R1:13770,FANCD2;PRKDC,-0.648560786,False,True,True,True,True,True,True,"{""gamma_R2"": ""P1P2"", ""rho_ATMi_R2"": ""P1P2"", ""rho_ATRi_R2"": ""P1P2"", ""rho_R2"": ""P1P2"", ""rho_WEE1i_R2"": ""P1P2""}","{""gamma_R2"": ""5545"", ""rho_ATMi_R2"": ""5545"", ""rho_ATRi_R2"": ""5545"", ""rho_R2"": ""5545"", ""rho_WEE1i_R2"": ""5545""}",1,1,R3:5808,R3:5808,,included_primary
FANCE,R1:68395,FANCE;PRKDC,-0.047956565,False,True,True,True,True,True,True,"{""gamma_R2"": ""P1P2"", ""rho_ATMi_R2"": ""P1P2"", ""rho_ATRi_R2"": ""P1P2"", ""rho_R2"": ""P1P2"", ""rho_WEE1i_R2"": ""P1P2""}","{""gamma_R2"": ""5547"", ""rho_ATMi_R2"": ""5547"", ""rho_ATRi_R2"": ""5547"", ""rho_R2"": ""5547"", ""rho_WEE1i_R2"": ""5547""}",1,1,R3:5810,R3:5810,,included_primary
FANCF,R1:566,FANCF;PRKDC,-1.718334446,True,True,True,True,True,True,True,"{""gamma_R2"": ""P1P2"", ""rho_ATMi_R2"": ""P1P2"", ""rho_ATRi_R2"": ""P1P2"", ""rho_R2"": ""P1P2"", ""rho_WEE1i_R2"": ""P1P2""}","{""gamma_R2"": ""5548"", ""rho_ATMi_R2"": ""5548"", ""rho_ATRi_R2"": ""5548"", ""rho_R2"": ""5548"", ""rho_WEE1i_R2"": ""5548""}",1,1,R3:5811,R3:5811,,included_primary
FANCG,R1:102059,FANCG;PRKDC,0,False,True,True,True,True,True,True,"{""gamma_R2"": ""P1P2"", ""rho_ATMi_R2"": ""P1P2"", ""rho_ATRi_R2"": ""P1P2"", ""rho_R2"": ""P1P2"", ""rho_WEE1i_R2"": ""P1P2""}","{""gamma_R2"": ""5549"", ""rho_ATMi_R2"": ""5549"", ""rho_ATRi_R2"": ""5549"", ""rho_R2"": ""5549"", ""rho_WEE1i_R2"": ""5549""}",1,1,R3:5812,R3:5812,,included_primary
FANCL,R1:55496,FANCL;PRKDC,-0.134924201,False,True,True,True,True,True,True,"{""gamma_R2"": ""P1P2"", ""rho_ATMi_R2"": ""P1P2"", ""rho_ATRi_R2"": ""P1P2"", ""rho_R2"": ""P1P2"", ""rho_WEE1i_R2"": ""P1P2""}","{""gamma_R2"": ""5551"", ""rho_ATMi_R2"": ""5551"", ""rho_ATRi_R2"": ""5551"", ""rho_R2"": ""5551"", ""rho_WEE1i_R2"": ""5551""}",1,1,R3:5814,R3:5814,,included_primary
FANCM,R1:13644,FANCM;PRKDC,-0.651790326,False,True,True,True,True,True,True,"{""gamma_R2"": ""P1P2"", ""rho_ATMi_R2"": ""P1P2"", ""rho_ATRi_R2"": ""P1P2"", ""rho_R2"": ""P1P2"", ""rho_WEE1i_R2"": ""P1P2""}","{""gamma_R2"": ""5552"", ""rho_ATMi_R2"": ""5552"", ""rho_ATRi_R2"": ""5552"", ""rho_R2"": ""5552"", ""rho_WEE1i_R2"": ""5552""}",1,1,R3:5815,R3:5815,,included_primary
FBXO18,R1:102699,FBXO18;PRKDC,0,False,True,True,True,True,True,True,"{""gamma_R2"": ""P1P2"", ""rho_ATMi_R2"": ""P1P2"", ""rho_ATRi_R2"": ""P1P2"", ""rho_R2"": ""P1P2"", ""rho_WEE1i_R2"": ""P1P2""}","{""gamma_R2"": ""5614"", ""rho_ATMi_R2"": ""5614"", ""rho_ATRi_R2"": ""5614"", ""rho_R2"": ""5614"", ""rho_WEE1i_R2"": ""5614""}",1,1,R3:5876,R3:5876,,included_primary
FBXO6,R1:26859,FBXO6;PRKDC,-0.40395904,False,True,True,True,True,True,True,"{""gamma_R2"": ""P1P2"", ""rho_ATMi_R2"": ""P1P2"", ""rho_ATRi_R2"": ""P1P2"", ""rho_R2"": ""P1P2"", ""rho_WEE1i_R2"": ""P1P2""}","{""gamma_R2"": ""5642"", ""rho_ATMi_R2"": ""5642"", ""rho_ATRi_R2"": ""5642"", ""rho_R2"": ""5642"", ""rho_WEE1i_R2"": ""5642""}",1,1,R3:5905,R3:5905,,included_primary
FGF10,R1:10950,FGF10;PRKDC,-0.73079918,False,True,True,True,True,True,True,"{""gamma_R2"": ""P1P2"", ""rho_ATMi_R2"": ""P1P2"", ""rho_ATRi_R2"": ""P1P2"", ""rho_R2"": ""P1P2"", ""rho_WEE1i_R2"": ""P1P2""}","{""gamma_R2"": ""5722"", ""rho_ATMi_R2"": ""5722"", ""rho_ATRi_R2"": ""5722"", ""rho_R2"": ""5722"", ""rho_WEE1i_R2"": ""5722""}",1,1,R3:5992,R3:5992,,included_primary
FH,R1:103420,FH;PRKDC,0,False,True,True,True,True,True,True,"{""gamma_R2"": ""P1P2"", ""rho_ATMi_R2"": ""P1P2"", ""rho_ATRi_R2"": ""P1P2"", ""rho_R2"": ""P1P2"", ""rho_WEE1i_R2"": ""P1P2""}","{""gamma_R2"": ""5758"", ""rho_ATMi_R2"": ""5758"", ""rho_ATRi_R2"": ""5758"", ""rho_R2"": ""5758"", ""rho_WEE1i_R2"": ""5758""}",1,1,R3:6029,R3:6029,,included_primary
FIGN,R1:103590,FIGN;PRKDC,0,False,True,True,True,True,True,True,"{""gamma_R2"": ""P1P2"", ""rho_ATMi_R2"": ""P1P2"", ""rho_ATRi_R2"": ""P1P2"", ""rho_R2"": ""P1P2"", ""rho_WEE1i_R2"": ""P1P2""}","{""gamma_R2"": ""5775"", ""rho_ATMi_R2"": ""5775"", ""rho_ATRi_R2"": ""5775"", ""rho_R2"": ""5775"", ""rho_WEE1i_R2"": ""5775""}",1,1,R3:6046,R3:6046,,included_primary
FIGNL1,R1:42092,FIGNL1;PRKDC,-0.239807956,False,True,True,True,True,True,True,"{""gamma_R2"": ""P1P2"", ""rho_ATMi_R2"": ""P1P2"", ""rho_ATRi_R2"": ""P1P2"", ""rho_R2"": ""P1P2"", ""rho_WEE1i_R2"": ""P1P2""}","{""gamma_R2"": ""5776"", ""rho_ATMi_R2"": ""5776"", ""rho_ATRi_R2"": ""5776"", ""rho_R2"": ""5776"", ""rho_WEE1i_R2"": ""5776""}",1,1,R3:6047,R3:6047,,included_primary
FIGNL2,R1:9189,FIGNL2;PRKDC,-0.790207219,False,True,True,True,True,True,True,"{""gamma_R2"": ""P1P2"", ""rho_ATMi_R2"": ""P1P2"", ""rho_ATRi_R2"": ""P1P2"", ""rho_R2"": ""P1P2"", ""rho_WEE1i_R2"": ""P1P2""}","{""gamma_R2"": ""5777"", ""rho_ATMi_R2"": ""5777"", ""rho_ATRi_R2"": ""5777"", ""rho_R2"": ""5777"", ""rho_WEE1i_R2"": ""5777""}",1,1,R3:6048,R3:6048,,included_primary
FMN2,R1:104051,FMN2;PRKDC,0,False,True,True,True,True,True,True,"{""gamma_R2"": ""P1P2"", ""rho_ATMi_R2"": ""P1P2"", ""rho_ATRi_R2"": ""P1P2"", ""rho_R2"": ""P1P2"", ""rho_WEE1i_R2"": ""P1P2""}","{""gamma_R2"": ""5831"", ""rho_ATMi_R2"": ""5831"", ""rho_ATRi_R2"": ""5831"", ""rho_R2"": ""5831"", ""rho_WEE1i_R2"": ""5831""}",1,1,R3:6101,R3:6101,,included_primary
FOXM1,R1:13721,FOXM1;PRKDC,-0.649784173,False,True,True,True,True,True,True,"{""gamma_R2"": ""P1P2"", ""rho_ATMi_R2"": ""P1P2"", ""rho_ATRi_R2"": ""P1P2"", ""rho_R2"": ""P1P2"", ""rho_WEE1i_R2"": ""P1P2""}","{""gamma_R2"": ""5899"", ""rho_ATMi_R2"": ""5899"", ""rho_ATRi_R2"": ""5899"", ""rho_R2"": ""5899"", ""rho_WEE1i_R2"": ""5899""}",1,1,R3:6174,R3:6174,,included_primary
FTO,R1:17844,FTO;PRKDC,-0.551641802,False,True,True,True,True,True,True,"{""gamma_R2"": ""P1P2"", ""rho_ATMi_R2"": ""P1P2"", ""rho_ATRi_R2"": ""P1P2"", ""rho_R2"": ""P1P2"", ""rho_WEE1i_R2"": ""P1P2""}","{""gamma_R2"": ""5975"", ""rho_ATMi_R2"": ""5975"", ""rho_ATRi_R2"": ""5975"", ""rho_R2"": ""5975"", ""rho_WEE1i_R2"": ""5975""}",1,1,R3:6265,R3:6265,,included_primary
FUS,R1:74990,FUS;PRKDC,-0.005606829,False,True,True,True,True,True,True,"{""gamma_R2"": ""P1P2"", ""rho_ATMi_R2"": ""P1P2"", ""rho_ATRi_R2"": ""P1P2"", ""rho_R2"": ""P1P2"", ""rho_WEE1i_R2"": ""P1P2""}","{""gamma_R2"": ""5988"", ""rho_ATMi_R2"": ""5988"", ""rho_ATRi_R2"": ""5988"", ""rho_R2"": ""5988"", ""rho_WEE1i_R2"": ""5988""}",1,1,R3:6277,R3:6277,,included_primary
FZR1,R1:9161,FZR1;PRKDC,-0.791700068,False,True,True,True,True,True,True,"{""gamma_R2"": ""P1P2"", ""rho_ATMi_R2"": ""P1P2"", ""rho_ATRi_R2"": ""P1P2"", ""rho_R2"": ""P1P2"", ""rho_WEE1i_R2"": ""P1P2""}","{""gamma_R2"": ""6026"", ""rho_ATMi_R2"": ""6026"", ""rho_ATRi_R2"": ""6026"", ""rho_R2"": ""6026"", ""rho_WEE1i_R2"": ""6026""}",1,1,R3:6318,R3:6318,,included_primary
GADD45A,R1:104769,GADD45A;PRKDC,0,False,True,True,True,True,True,True,"{""gamma_R2"": ""P1P2"", ""rho_ATMi_R2"": ""P1P2"", ""rho_ATRi_R2"": ""P1P2"", ""rho_R2"": ""P1P2"", ""rho_WEE1i_R2"": ""P1P2""}","{""gamma_R2"": ""6069"", ""rho_ATMi_R2"": ""6069"", ""rho_ATRi_R2"": ""6069"", ""rho_R2"": ""6069"", ""rho_WEE1i_R2"": ""6069""}",1,1,R3:6360,R3:6360,,included_primary
GEN1,R1:104984,GEN1;PRKDC,0,False,True,True,True,True,True,True,"{""gamma_R2"": ""P1P2"", ""rho_ATMi_R2"": ""P1P2"", ""rho_ATRi_R2"": ""P1P2"", ""rho_R2"": ""P1P2"", ""rho_WEE1i_R2"": ""P1P2""}","{""gamma_R2"": ""6222"", ""rho_ATMi_R2"": ""6222"", ""rho_ATRi_R2"": ""6222"", ""rho_R2"": ""6222"", ""rho_WEE1i_R2"": ""6222""}",1,1,R3:6530,R3:6530,,included_primary
GGN,R1:74222,GGN;PRKDC,-0.010846323,False,True,True,True,True,True,True,"{""gamma_R2"": ""P1P2"", ""rho_ATMi_R2"": ""P1P2"", ""rho_ATRi_R2"": ""P1P2"", ""rho_R2"": ""P1P2"", ""rho_WEE1i_R2"": ""P1P2""}","{""gamma_R2"": ""6246"", ""rho_ATMi_R2"": ""6246"", ""rho_ATRi_R2"": ""6246"", ""rho_R2"": ""6246"", ""rho_WEE1i_R2"": ""6246""}",1,1,R3:6556,R3:6556,,included_primary
GPS1,R1:105754,GPS1;PRKDC,0,False,True,True,True,True,True,True,"{""gamma_R2"": ""P1P2"", ""rho_ATMi_R2"": ""P1P2"", ""rho_ATRi_R2"": ""P1P2"", ""rho_R2"": ""P1P2"", ""rho_WEE1i_R2"": ""P1P2""}","{""gamma_R2"": ""6617"", ""rho_ATMi_R2"": ""6617"", ""rho_ATRi_R2"": ""6617"", ""rho_R2"": ""6617"", ""rho_WEE1i_R2"": ""6617""}",1,1,R3:6951,R3:6951,,included_primary
GTF2H3,R1:17345,GTF2H3;PRKDC,-0.562091536,False,True,True,True,True,True,True,"{""gamma_R2"": ""P1P2"", ""rho_ATMi_R2"": ""P1P2"", ""rho_ATRi_R2"": ""P1P2"", ""rho_R2"": ""P1P2"", ""rho_WEE1i_R2"": ""P1P2""}","{""gamma_R2"": ""6750"", ""rho_ATMi_R2"": ""6750"", ""rho_ATRi_R2"": ""6750"", ""rho_R2"": ""6750"", ""rho_WEE1i_R2"": ""6750""}",1,1,R3:7095,R3:7095,,included_primary
GTF2H5,R1:569,GTF2H5;PRKDC,-1.716940024,True,True,True,True,True,True,True,"{""gamma_R2"": ""P1P2"", ""rho_ATMi_R2"": ""P1P2"", ""rho_ATRi_R2"": ""P1P2"", ""rho_R2"": ""P1P2"", ""rho_WEE1i_R2"": ""P1P2""}","{""gamma_R2"": ""6752"", ""rho_ATMi_R2"": ""6752"", ""rho_ATRi_R2"": ""6752"", ""rho_R2"": ""6752"", ""rho_WEE1i_R2"": ""6752""}",1,1,R3:7097,R3:7097,,included_primary
H2AFX,R1:106213,H2AFX;PRKDC,0,False,True,True,True,True,True,True,"{""gamma_R2"": ""P1P2"", ""rho_ATMi_R2"": ""P1P2"", ""rho_ATRi_R2"": ""P1P2"", ""rho_R2"": ""P1P2"", ""rho_WEE1i_R2"": ""P1P2""}","{""gamma_R2"": ""6816"", ""rho_ATMi_R2"": ""6816"", ""rho_ATRi_R2"": ""6816"", ""rho_R2"": ""6816"", ""rho_WEE1i_R2"": ""6816""}",1,1,R3:7159,R3:7159,,included_primary
HDAC10,R1:106378,HDAC10;PRKDC,0,False,True,True,True,True,True,True,"{""gamma_R2"": ""P1P2"", ""rho_ATMi_R2"": ""P1P2"", ""rho_ATRi_R2"": ""P1P2"", ""rho_R2"": ""P1P2"", ""rho_WEE1i_R2"": ""P1P2""}","{""gamma_R2"": ""6894"", ""rho_ATMi_R2"": ""6894"", ""rho_ATRi_R2"": ""6894"", ""rho_R2"": ""6894"", ""rho_WEE1i_R2"": ""6894""}",1,1,R3:7237,R3:7237,,included_primary
HELB,R1:10804,HELB;PRKDC,-0.73480466,False,True,True,True,True,True,True,"{""gamma_R2"": ""P1P2"", ""rho_ATMi_R2"": ""P1P2"", ""rho_ATRi_R2"": ""P1P2"", ""rho_R2"": ""P1P2"", ""rho_WEE1i_R2"": ""P1P2""}","{""gamma_R2"": ""6932"", ""rho_ATMi_R2"": ""6932"", ""rho_ATRi_R2"": ""6932"", ""rho_R2"": ""6932"", ""rho_WEE1i_R2"": ""6932""}",1,1,R3:7278,R3:7278,,included_primary
HELQ,R1:21264,HELQ;PRKDC,-0.488919641,False,True,True,True,True,True,True,"{""gamma_R2"": ""P1P2"", ""rho_ATMi_R2"": ""P1P2"", ""rho_ATRi_R2"": ""P1P2"", ""rho_R2"": ""P1P2"", ""rho_WEE1i_R2"": ""P1P2""}","{""gamma_R2"": ""6934"", ""rho_ATMi_R2"": ""6934"", ""rho_ATRi_R2"": ""6934"", ""rho_R2"": ""6934"", ""rho_WEE1i_R2"": ""6934""}",1,1,R3:7280,R3:7280,,included_primary
HIST3H2A,R1:106805,HIST3H2A;PRKDC,0,False,True,True,True,True,True,True,"{""gamma_R2"": ""P1P2"", ""rho_ATMi_R2"": ""P1P2"", ""rho_ATRi_R2"": ""P1P2"", ""rho_R2"": ""P1P2"", ""rho_WEE1i_R2"": ""P1P2""}","{""gamma_R2"": ""7076"", ""rho_ATMi_R2"": ""7076"", ""rho_ATRi_R2"": ""7076"", ""rho_R2"": ""7076"", ""rho_WEE1i_R2"": ""7076""}",1,1,R3:7429,R3:7429,,included_primary
HIST3H3,R1:106948,HIST3H3;PRKDC,0,False,True,True,True,True,True,True,"{""gamma_R2"": ""P1P2"", ""rho_ATMi_R2"": ""P1P2"", ""rho_ATRi_R2"": ""P1P2"", ""rho_R2"": ""P1P2"", ""rho_WEE1i_R2"": ""P1P2""}","{""gamma_R2"": ""7078"", ""rho_ATMi_R2"": ""7078"", ""rho_ATRi_R2"": ""7078"", ""rho_R2"": ""7078"", ""rho_WEE1i_R2"": ""7078""}",1,1,R3:7431,R3:7431,,included_primary
HIST4H4,R1:58599,HIST4H4;PRKDC,-0.113747536,False,True,True,True,True,True,True,"{""gamma_R2"": ""ENST00000539745.1"", ""rho_ATMi_R2"": ""ENST00000539745.1"", ""rho_ATRi_R2"": ""ENST00000539745.1"", ""rho_R2"": ""ENST00000539745.1"", ""rho_WEE1i_R2"": ""ENST00000539745.1""}","{""gamma_R2"": ""7079"", ""rho_ATMi_R2"": ""7079"", ""rho_ATRi_R2"": ""7079"", ""rho_R2"": ""7079"", ""rho_WEE1i_R2"": ""7079""}",1,1,R3:7432,R3:7432,,included_primary
HMGA1,R1:36918,HMGA1;PRKDC,-0.287581046,False,True,True,True,True,True,True,"{""gamma_R2"": ""P1P2"", ""rho_ATMi_R2"": ""P1P2"", ""rho_ATRi_R2"": ""P1P2"", ""rho_R2"": ""P1P2"", ""rho_WEE1i_R2"": ""P1P2""}","{""gamma_R2"": ""7120"", ""rho_ATMi_R2"": ""7120"", ""rho_ATRi_R2"": ""7120"", ""rho_R2"": ""7120"", ""rho_WEE1i_R2"": ""7120""}",1,1,R3:7486,R3:7486,,included_primary
HMGA2,R1:74882,HMGA2;PRKDC,-0.006325428,False,True,True,True,True,True,True,"{""gamma_R2"": ""P1P2"", ""rho_ATMi_R2"": ""P1P2"", ""rho_ATRi_R2"": ""P1P2"", ""rho_R2"": ""P1P2"", ""rho_WEE1i_R2"": ""P1P2""}","{""gamma_R2"": ""7121"", ""rho_ATMi_R2"": ""7121"", ""rho_ATRi_R2"": ""7121"", ""rho_R2"": ""7121"", ""rho_WEE1i_R2"": ""7121""}",1,1,R3:7487,R3:7487,,included_primary
HMGB2,R1:29572,HMGB2;PRKDC,-0.369132357,False,True,True,True,True,True,True,"{""gamma_R2"": ""P1P2"", ""rho_ATMi_R2"": ""P1P2"", ""rho_ATRi_R2"": ""P1P2"", ""rho_R2"": ""P1P2"", ""rho_WEE1i_R2"": ""P1P2""}","{""gamma_R2"": ""7123"", ""rho_ATMi_R2"": ""7123"", ""rho_ATRi_R2"": ""7123"", ""rho_R2"": ""7123"", ""rho_WEE1i_R2"": ""7123""}",1,1,R3:7490,R3:7490,,included_primary
HMGN1,R1:107833,HMGN1;PRKDC,0,False,True,True,True,True,True,True,"{""gamma_R2"": ""P1P2"", ""rho_ATMi_R2"": ""P1P2"", ""rho_ATRi_R2"": ""P1P2"", ""rho_R2"": ""P1P2"", ""rho_WEE1i_R2"": ""P1P2""}","{""gamma_R2"": ""7131"", ""rho_ATMi_R2"": ""7131"", ""rho_ATRi_R2"": ""7131"", ""rho_R2"": ""7131"", ""rho_WEE1i_R2"": ""7131""}",1,1,R3:7497,R3:7497,,included_primary
HSF1,R1:18292,HSF1;PRKDC,-0.542693189,False,True,True,True,True,True,True,"{""gamma_R2"": ""P1P2"", ""rho_ATMi_R2"": ""P1P2"", ""rho_ATRi_R2"": ""P1P2"", ""rho_R2"": ""P1P2"", ""rho_WEE1i_R2"": ""P1P2""}","{""gamma_R2"": ""7295"", ""rho_ATMi_R2"": ""7295"", ""rho_ATRi_R2"": ""7295"", ""rho_R2"": ""7295"", ""rho_WEE1i_R2"": ""7295""}",1,1,R3:7677,R3:7677,,included_primary
HUS1B,R1:15936,HUS1B;PRKDC,-0.594309254,False,True,True,True,True,True,True,"{""gamma_R2"": ""P1P2"", ""rho_ATMi_R2"": ""P1P2"", ""rho_ATRi_R2"": ""P1P2"", ""rho_R2"": ""P1P2"", ""rho_WEE1i_R2"": ""P1P2""}","{""gamma_R2"": ""7359"", ""rho_ATMi_R2"": ""7359"", ""rho_ATRi_R2"": ""7359"", ""rho_R2"": ""7359"", ""rho_WEE1i_R2"": ""7359""}",1,1,R3:7746,R3:7746,,included_primary
HUWE1,R1:16702,HUWE1;PRKDC,-0.576738781,False,True,True,True,True,True,True,"{""gamma_R2"": ""P1P2"", ""rho_ATMi_R2"": ""P1P2"", ""rho_ATRi_R2"": ""P1P2"", ""rho_R2"": ""P1P2"", ""rho_WEE1i_R2"": ""P1P2""}","{""gamma_R2"": ""7360"", ""rho_ATMi_R2"": ""7360"", ""rho_ATRi_R2"": ""7360"", ""rho_R2"": ""7360"", ""rho_WEE1i_R2"": ""7360""}",1,1,R3:7747,R3:7747,,included_primary
IGHMBP2,R1:65173,IGHMBP2;PRKDC,-0.069106371,False,True,True,True,True,True,True,"{""gamma_R2"": ""P1P2"", ""rho_ATMi_R2"": ""P1P2"", ""rho_ATRi_R2"": ""P1P2"", ""rho_R2"": ""P1P2"", ""rho_WEE1i_R2"": ""P1P2""}","{""gamma_R2"": ""7498"", ""rho_ATMi_R2"": ""7498"", ""rho_ATRi_R2"": ""7498"", ""rho_R2"": ""7498"", ""rho_WEE1i_R2"": ""7498""}",1,1,R3:7895,R3:7895,,included_primary
ING3,R1:10770,ING3;PRKDC,-0.736025781,False,True,True,True,True,True,True,"{""gamma_R2"": ""P1P2"", ""rho_ATMi_R2"": ""P1P2"", ""rho_ATRi_R2"": ""P1P2"", ""rho_R2"": ""P1P2"", ""rho_WEE1i_R2"": ""P1P2""}","{""gamma_R2"": ""7641"", ""rho_ATMi_R2"": ""7641"", ""rho_ATRi_R2"": ""7641"", ""rho_R2"": ""7641"", ""rho_WEE1i_R2"": ""7641""}",1,1,R3:8052,R3:8052,,included_primary
INIP,R1:108571,INIP;PRKDC,0,False,True,True,True,True,True,True,"{""gamma_R2"": ""P1P2"", ""rho_ATMi_R2"": ""P1P2"", ""rho_ATRi_R2"": ""P1P2"", ""rho_R2"": ""P1P2"", ""rho_WEE1i_R2"": ""P1P2""}","{""gamma_R2"": ""7649"", ""rho_ATMi_R2"": ""7649"", ""rho_ATRi_R2"": ""7649"", ""rho_R2"": ""7649"", ""rho_WEE1i_R2"": ""7649""}",1,1,R3:8060,R3:8060,,included_primary
INO80C,R1:61253,INO80C;PRKDC,-0.095560417,False,True,True,True,True,True,True,"{""gamma_R2"": ""P1P2"", ""rho_ATMi_R2"": ""P1P2"", ""rho_ATRi_R2"": ""P1P2"", ""rho_R2"": ""P1P2"", ""rho_WEE1i_R2"": ""P1P2""}","{""gamma_R2"": ""7653"", ""rho_ATMi_R2"": ""7653"", ""rho_ATRi_R2"": ""7653"", ""rho_R2"": ""7653"", ""rho_WEE1i_R2"": ""7653""}",1,1,R3:8064,R3:8064,,included_primary
INO80D,R1:68192,INO80D;PRKDC,-0.049256402,False,True,True,True,True,True,True,"{""gamma_R2"": ""P1P2"", ""rho_ATMi_R2"": ""P1P2"", ""rho_ATRi_R2"": ""P1P2"", ""rho_R2"": ""P1P2"", ""rho_WEE1i_R2"": ""P1P2""}","{""gamma_R2"": ""7654"", ""rho_ATMi_R2"": ""7654"", ""rho_ATRi_R2"": ""7654"", ""rho_R2"": ""7654"", ""rho_WEE1i_R2"": ""7654""}",1,1,R3:8065,R3:8065,,included_primary
INO80E,R1:8249,INO80E;PRKDC,-0.828659104,False,True,True,True,True,True,True,"{""gamma_R2"": ""P1P2"", ""rho_ATMi_R2"": ""P1P2"", ""rho_ATRi_R2"": ""P1P2"", ""rho_R2"": ""P1P2"", ""rho_WEE1i_R2"": ""P1P2""}","{""gamma_R2"": ""7655"", ""rho_ATMi_R2"": ""7655"", ""rho_ATRi_R2"": ""7655"", ""rho_R2"": ""7655"", ""rho_WEE1i_R2"": ""7655""}",1,1,R3:8066,R3:8066,,included_primary
ISG15,R1:54752,ISG15;PRKDC,-0.140267971,False,True,True,True,True,True,True,"{""gamma_R2"": ""P1P2"", ""rho_ATMi_R2"": ""P1P2"", ""rho_ATRi_R2"": ""P1P2"", ""rho_R2"": ""P1P2"", ""rho_WEE1i_R2"": ""P1P2""}","{""gamma_R2"": ""7763"", ""rho_ATMi_R2"": ""7763"", ""rho_ATRi_R2"": ""7763"", ""rho_R2"": ""7763"", ""rho_WEE1i_R2"": ""7763""}",1,1,R3:8179,R3:8179,,included_primary
JMY,R1:109200,JMY;PRKDC,0,False,True,True,True,True,True,True,"{""gamma_R2"": ""P1P2"", ""rho_ATMi_R2"": ""P1P2"", ""rho_ATRi_R2"": ""P1P2"", ""rho_R2"": ""P1P2"", ""rho_WEE1i_R2"": ""P1P2""}","{""gamma_R2"": ""7869"", ""rho_ATMi_R2"": ""7869"", ""rho_ATRi_R2"": ""7869"", ""rho_R2"": ""7869"", ""rho_WEE1i_R2"": ""7869""}",1,1,R3:8290,R3:8290,,included_primary
KAT5,R1:39148,KAT5;PRKDC,-0.266190141,False,True,True,True,True,True,True,"{""gamma_R2"": ""P1P2"", ""rho_ATMi_R2"": ""P1P2"", ""rho_ATRi_R2"": ""P1P2"", ""rho_R2"": ""P1P2"", ""rho_WEE1i_R2"": ""P1P2""}","{""gamma_R2"": ""7897"", ""rho_ATMi_R2"": ""7897"", ""rho_ATRi_R2"": ""7897"", ""rho_R2"": ""7897"", ""rho_WEE1i_R2"": ""7897""}",1,1,R3:8319,R3:8319,,included_primary
KDM1A,R1:37863,KDM1A;PRKDC,-0.278155177,False,True,True,True,True,True,True,"{""gamma_R2"": ""P1P2"", ""rho_ATMi_R2"": ""P1P2"", ""rho_ATRi_R2"": ""P1P2"", ""rho_R2"": ""P1P2"", ""rho_WEE1i_R2"": ""P1P2""}","{""gamma_R2"": ""8041"", ""rho_ATMi_R2"": ""8041"", ""rho_ATRi_R2"": ""8041"", ""rho_R2"": ""8041"", ""rho_WEE1i_R2"": ""8041""}",1,1,R3:8470,R3:8470,,included_primary
KDM2A,R1:17559,KDM2A;PRKDC,-0.557695011,False,True,True,True,True,True,True,"{""gamma_R2"": ""P1P2"", ""rho_ATMi_R2"": ""P1P2"", ""rho_ATRi_R2"": ""P1P2"", ""rho_R2"": ""P1P2"", ""rho_WEE1i_R2"": ""P1P2""}","{""gamma_R2"": ""8043"", ""rho_ATMi_R2"": ""8043"", ""rho_ATRi_R2"": ""8043"", ""rho_R2"": ""8043"", ""rho_WEE1i_R2"": ""8043""}",1,1,R3:8472,R3:8472,,included_primary
KDM4D,R1:109699,KDM4D;PRKDC,0,False,True,True,True,True,True,True,"{""gamma_R2"": ""P1P2"", ""rho_ATMi_R2"": ""P1P2"", ""rho_ATRi_R2"": ""P1P2"", ""rho_R2"": ""P1P2"", ""rho_WEE1i_R2"": ""P1P2""}","{""gamma_R2"": ""8050"", ""rho_ATMi_R2"": ""8050"", ""rho_ATRi_R2"": ""8050"", ""rho_R2"": ""8050"", ""rho_WEE1i_R2"": ""8050""}",1,1,R3:8480,R3:8480,,included_primary
KIAA0101,R1:74777,KIAA0101;PRKDC,-0.006931023,False,True,True,True,True,True,True,"{""gamma_R2"": ""P1P2"", ""rho_ATMi_R2"": ""P1P2"", ""rho_ATRi_R2"": ""P1P2"", ""rho_R2"": ""P1P2"", ""rho_WEE1i_R2"": ""P1P2""}","{""gamma_R2"": ""8076"", ""rho_ATMi_R2"": ""8076"", ""rho_ATRi_R2"": ""8076"", ""rho_R2"": ""8076"", ""rho_WEE1i_R2"": ""8076""}",1,1,R3:8507,R3:8507,,included_primary
KIAA0430,R1:38513,KIAA0430;PRKDC,-0.272185852,False,True,True,True,True,True,True,"{""gamma_R2"": ""P1P2"", ""rho_ATMi_R2"": ""P1P2"", ""rho_ATRi_R2"": ""P1P2"", ""rho_R2"": ""P1P2"", ""rho_WEE1i_R2"": ""P1P2""}","{""gamma_R2"": ""8090"", ""rho_ATMi_R2"": ""8090"", ""rho_ATRi_R2"": ""8090"", ""rho_R2"": ""8090"", ""rho_WEE1i_R2"": ""8090""}",1,1,R3:8523,R3:8523,,included_primary
KIN,R1:29300,KIN;PRKDC,-0.372466873,False,True,True,True,True,True,True,"{""gamma_R2"": ""P1P2"", ""rho_ATMi_R2"": ""P1P2"", ""rho_ATRi_R2"": ""P1P2"", ""rho_R2"": ""P1P2"", ""rho_WEE1i_R2"": ""P1P2""}","{""gamma_R2"": ""8202"", ""rho_ATMi_R2"": ""8202"", ""rho_ATRi_R2"": ""8202"", ""rho_R2"": ""8202"", ""rho_WEE1i_R2"": ""8202""}",1,1,R3:8640,R3:8640,,included_primary
KLHL15,R1:110166,KLHL15;PRKDC,0,False,True,True,True,True,True,True,"{""gamma_R2"": ""ENST00000328046.8"", ""rho_ATMi_R2"": ""ENST00000328046.8"", ""rho_ATRi_R2"": ""ENST00000328046.8"", ""rho_R2"": ""ENST00000328046.8"", ""rho_WEE1i_R2"": ""ENST00000328046.8""}","{""gamma_R2"": ""8255"", ""rho_ATMi_R2"": ""8255"", ""rho_ATRi_R2"": ""8255"", ""rho_R2"": ""8255"", ""rho_WEE1i_R2"": ""8255""}",1,1,R3:8697,R3:8697,,included_primary
LIG3,R1:19890,LIG3;PRKDC,-0.512408576,False,True,True,True,True,True,True,"{""gamma_R2"": ""P1P2"", ""rho_ATMi_R2"": ""P1P2"", ""rho_ATRi_R2"": ""P1P2"", ""rho_R2"": ""P1P2"", ""rho_WEE1i_R2"": ""P1P2""}","{""gamma_R2"": ""8685"", ""rho_ATMi_R2"": ""8685"", ""rho_ATRi_R2"": ""8685"", ""rho_R2"": ""8685"", ""rho_WEE1i_R2"": ""8685""}",1,1,R3:9150,R3:9150,,included_primary
MAD2L2,R1:34085,MAD2L2;PRKDC,-0.316838102,False,True,True,True,True,True,True,"{""gamma_R2"": ""P1P2"", ""rho_ATMi_R2"": ""P1P2"", ""rho_ATRi_R2"": ""P1P2"", ""rho_R2"": ""P1P2"", ""rho_WEE1i_R2"": ""P1P2""}","{""gamma_R2"": ""9124"", ""rho_ATMi_R2"": ""9124"", ""rho_ATRi_R2"": ""9124"", ""rho_R2"": ""9124"", ""rho_WEE1i_R2"": ""9124""}",1,1,R3:9610,R3:9610,,included_primary
MAGEF1,R1:110756,MAGEF1;PRKDC,0,False,True,True,True,True,True,True,"{""gamma_R2"": ""P1P2"", ""rho_ATMi_R2"": ""P1P2"", ""rho_ATRi_R2"": ""P1P2"", ""rho_R2"": ""P1P2"", ""rho_WEE1i_R2"": ""P1P2""}","{""gamma_R2"": ""9166"", ""rho_ATMi_R2"": ""9166"", ""rho_ATRi_R2"": ""9166"", ""rho_R2"": ""9166"", ""rho_WEE1i_R2"": ""9166""}",1,1,R3:9659,R3:9659,,included_primary
MB21D1,R1:110916,MB21D1;PRKDC,0,False,True,True,True,True,True,True,"{""gamma_R2"": ""P1P2"", ""rho_ATMi_R2"": ""P1P2"", ""rho_ATRi_R2"": ""P1P2"", ""rho_R2"": ""P1P2"", ""rho_WEE1i_R2"": ""P1P2""}","{""gamma_R2"": ""9328"", ""rho_ATMi_R2"": ""9328"", ""rho_ATRi_R2"": ""9328"", ""rho_R2"": ""9328"", ""rho_WEE1i_R2"": ""9328""}",1,1,R3:9840,R3:9840,,included_primary
MBD4,R1:27450,MBD4;PRKDC,-0.396132354,False,True,True,True,True,True,True,"{""gamma_R2"": ""P1P2"", ""rho_ATMi_R2"": ""P1P2"", ""rho_ATRi_R2"": ""P1P2"", ""rho_R2"": ""P1P2"", ""rho_WEE1i_R2"": ""P1P2""}","{""gamma_R2"": ""9338"", ""rho_ATMi_R2"": ""9338"", ""rho_ATRi_R2"": ""9338"", ""rho_R2"": ""9338"", ""rho_WEE1i_R2"": ""9338""}",1,1,R3:9851,R3:9851,,included_primary
MBTD1,R1:111228,MBTD1;PRKDC,0,False,True,True,True,True,True,True,"{""gamma_R2"": ""P1P2"", ""rho_ATMi_R2"": ""P1P2"", ""rho_ATRi_R2"": ""P1P2"", ""rho_R2"": ""P1P2"", ""rho_WEE1i_R2"": ""P1P2""}","{""gamma_R2"": ""9353"", ""rho_ATMi_R2"": ""9353"", ""rho_ATRi_R2"": ""9353"", ""rho_R2"": ""9353"", ""rho_WEE1i_R2"": ""9353""}",1,1,R3:9866,R3:9866,,included_primary
MC1R,R1:111350,MC1R;PRKDC,0,False,True,True,True,True,True,True,"{""gamma_R2"": ""P1P2"", ""rho_ATMi_R2"": ""P1P2"", ""rho_ATRi_R2"": ""P1P2"", ""rho_R2"": ""P1P2"", ""rho_WEE1i_R2"": ""P1P2""}","{""gamma_R2"": ""9356"", ""rho_ATMi_R2"": ""9356"", ""rho_ATRi_R2"": ""9356"", ""rho_R2"": ""9356"", ""rho_WEE1i_R2"": ""9356""}",1,1,R3:9869,R3:9869,,included_primary
MCM4,R1:32,MCM4;PRKDC,-2.565027646,True,True,True,True,True,True,True,"{""gamma_R2"": ""P1P2"", ""rho_ATMi_R2"": ""P1P2"", ""rho_ATRi_R2"": ""P1P2"", ""rho_R2"": ""P1P2"", ""rho_WEE1i_R2"": ""P1P2""}","{""gamma_R2"": ""9379"", ""rho_ATMi_R2"": ""9379"", ""rho_ATRi_R2"": ""9379"", ""rho_R2"": ""9379"", ""rho_WEE1i_R2"": ""9379""}",1,1,R3:9891,R3:9891,,included_primary
MCM7,R1:8518,MCM7;PRKDC,-0.815967559,False,True,True,True,True,True,True,"{""gamma_R2"": ""P1P2"", ""rho_ATMi_R2"": ""P1P2"", ""rho_ATRi_R2"": ""P1P2"", ""rho_R2"": ""P1P2"", ""rho_WEE1i_R2"": ""P1P2""}","{""gamma_R2"": ""9381"", ""rho_ATMi_R2"": ""9381"", ""rho_ATRi_R2"": ""9381"", ""rho_R2"": ""9381"", ""rho_WEE1i_R2"": ""9381""}",1,1,R3:9892,R3:9892,,included_primary
MCM8,R1:55232,MCM8;PRKDC,-0.136909775,False,True,True,True,True,True,True,"{""gamma_R2"": ""P1P2"", ""rho_ATMi_R2"": ""P1P2"", ""rho_ATRi_R2"": ""P1P2"", ""rho_R2"": ""P1P2"", ""rho_WEE1i_R2"": ""P1P2""}","{""gamma_R2"": ""9382"", ""rho_ATMi_R2"": ""9382"", ""rho_ATRi_R2"": ""9382"", ""rho_R2"": ""9382"", ""rho_WEE1i_R2"": ""9382""}",1,1,R3:9893,R3:9893,,included_primary
MCM9,R1:74376,MCM9;PRKDC,-0.009774722,False,True,True,True,True,True,True,"{""gamma_R2"": ""P1P2"", ""rho_ATMi_R2"": ""P1P2"", ""rho_ATRi_R2"": ""P1P2"", ""rho_R2"": ""P1P2"", ""rho_WEE1i_R2"": ""P1P2""}","{""gamma_R2"": ""9383"", ""rho_ATMi_R2"": ""9383"", ""rho_ATRi_R2"": ""9383"", ""rho_R2"": ""9383"", ""rho_WEE1i_R2"": ""9383""}",1,1,R3:9894,R3:9894,,included_primary
MCMDC2,R1:40358,MCMDC2;PRKDC,-0.255060993,False,True,True,True,True,True,True,"{""gamma_R2"": ""P1P2"", ""rho_ATMi_R2"": ""P1P2"", ""rho_ATRi_R2"": ""P1P2"", ""rho_R2"": ""P1P2"", ""rho_WEE1i_R2"": ""P1P2""}","{""gamma_R2"": ""9385"", ""rho_ATMi_R2"": ""9385"", ""rho_ATRi_R2"": ""9385"", ""rho_R2"": ""9385"", ""rho_WEE1i_R2"": ""9385""}",1,1,R3:9896,R3:9896,,included_primary
MCRS1,R1:64809,MCRS1;PRKDC,-0.071500728,False,True,True,True,True,True,True,"{""gamma_R2"": ""P1P2"", ""rho_ATMi_R2"": ""P1P2"", ""rho_ATRi_R2"": ""P1P2"", ""rho_R2"": ""P1P2"", ""rho_WEE1i_R2"": ""P1P2""}","{""gamma_R2"": ""9390"", ""rho_ATMi_R2"": ""9390"", ""rho_ATRi_R2"": ""9390"", ""rho_R2"": ""9390"", ""rho_WEE1i_R2"": ""9390""}",1,1,R3:9901,R3:9901,,included_primary
MDC1,R1:46906,MDC1;PRKDC,-0.199962878,False,True,True,True,True,True,True,"{""gamma_R2"": ""P1P2"", ""rho_ATMi_R2"": ""P1P2"", ""rho_ATRi_R2"": ""P1P2"", ""rho_R2"": ""P1P2"", ""rho_WEE1i_R2"": ""P1P2""}","{""gamma_R2"": ""9396"", ""rho_ATMi_R2"": ""9396"", ""rho_ATRi_R2"": ""9396"", ""rho_R2"": ""9396"", ""rho_WEE1i_R2"": ""9396""}",1,1,R3:9907,R3:9907,,included_primary
MEAF6,R1:47438,MEAF6;PRKDC,-0.195549245,False,True,True,True,True,True,True,"{""gamma_R2"": ""P1P2"", ""rho_ATMi_R2"": ""P1P2"", ""rho_ATRi_R2"": ""P1P2"", ""rho_R2"": ""P1P2"", ""rho_WEE1i_R2"": ""P1P2""}","{""gamma_R2"": ""9414"", ""rho_ATMi_R2"": ""9414"", ""rho_ATRi_R2"": ""9414"", ""rho_R2"": ""9414"", ""rho_WEE1i_R2"": ""9414""}",1,1,R3:9924,R3:9924,,included_primary
MEIOB,R1:48485,MEIOB;PRKDC,-0.187347245,False,True,True,True,True,True,True,"{""gamma_R2"": ""P1P2"", ""rho_ATMi_R2"": ""P1P2"", ""rho_ATRi_R2"": ""P1P2"", ""rho_R2"": ""P1P2"", ""rho_WEE1i_R2"": ""P1P2""}","{""gamma_R2"": ""9462"", ""rho_ATMi_R2"": ""9462"", ""rho_ATRi_R2"": ""9462"", ""rho_R2"": ""9462"", ""rho_WEE1i_R2"": ""9462""}",1,1,R3:9965,R3:9965,,included_primary
MEN1,R1:112644,MEN1;PRKDC,0,False,True,True,True,True,True,True,"{""gamma_R2"": ""P1P2"", ""rho_ATMi_R2"": ""P1P2"", ""rho_ATRi_R2"": ""P1P2"", ""rho_R2"": ""P1P2"", ""rho_WEE1i_R2"": ""P1P2""}","{""gamma_R2"": ""9468"", ""rho_ATMi_R2"": ""9468"", ""rho_ATRi_R2"": ""9468"", ""rho_R2"": ""9468"", ""rho_WEE1i_R2"": ""9468""}",1,1,R3:9973,R3:9973,,included_primary
MGME1,R1:51428,MGME1;PRKDC,-0.164454862,False,True,True,True,True,True,True,"{""gamma_R2"": ""P1P2"", ""rho_ATMi_R2"": ""P1P2"", ""rho_ATRi_R2"": ""P1P2"", ""rho_R2"": ""P1P2"", ""rho_WEE1i_R2"": ""P1P2""}","{""gamma_R2"": ""9560"", ""rho_ATMi_R2"": ""9560"", ""rho_ATRi_R2"": ""9560"", ""rho_R2"": ""9560"", ""rho_WEE1i_R2"": ""9560""}",1,1,R3:10066,R3:10066,,included_primary
MGMT,R1:70141,MGMT;PRKDC,-0.036632024,False,True,True,True,True,True,True,"{""gamma_R2"": ""P1P2"", ""rho_ATMi_R2"": ""P1P2"", ""rho_ATRi_R2"": ""P1P2"", ""rho_R2"": ""P1P2"", ""rho_WEE1i_R2"": ""P1P2""}","{""gamma_R2"": ""9561"", ""rho_ATMi_R2"": ""9561"", ""rho_ATRi_R2"": ""9561"", ""rho_R2"": ""9561"", ""rho_WEE1i_R2"": ""9561""}",1,1,R3:10067,R3:10067,,included_primary
MLH1,R1:112995,MLH1;PRKDC,0,False,True,True,True,True,True,True,"{""gamma_R2"": ""P1P2"", ""rho_ATMi_R2"": ""P1P2"", ""rho_ATRi_R2"": ""P1P2"", ""rho_R2"": ""P1P2"", ""rho_WEE1i_R2"": ""P1P2""}","{""gamma_R2"": ""9633"", ""rho_ATMi_R2"": ""9633"", ""rho_ATRi_R2"": ""9633"", ""rho_R2"": ""9633"", ""rho_WEE1i_R2"": ""9633""}",1,1,R3:10149,R3:10149,,included_primary
MLH3,R1:57568,MLH3;PRKDC,-0.12128774,False,True,True,True,True,True,True,"{""gamma_R2"": ""P1P2"", ""rho_ATMi_R2"": ""P1P2"", ""rho_ATRi_R2"": ""P1P2"", ""rho_R2"": ""P1P2"", ""rho_WEE1i_R2"": ""P1P2""}","{""gamma_R2"": ""9634"", ""rho_ATMi_R2"": ""9634"", ""rho_ATRi_R2"": ""9634"", ""rho_R2"": ""9634"", ""rho_WEE1i_R2"": ""9634""}",1,1,R3:10150,R3:10150,,included_primary
MORF4L1,R1:113647,MORF4L1;PRKDC,0,False,True,True,True,True,True,True,"{""gamma_R2"": ""P1P2"", ""rho_ATMi_R2"": ""P1P2"", ""rho_ATRi_R2"": ""P1P2"", ""rho_R2"": ""P1P2"", ""rho_WEE1i_R2"": ""P1P2""}","{""gamma_R2"": ""9720"", ""rho_ATMi_R2"": ""9720"", ""rho_ATRi_R2"": ""9720"", ""rho_R2"": ""9720"", ""rho_WEE1i_R2"": ""9720""}",1,1,R3:10236,R3:10236,,included_primary
MPG,R1:69972,MPG;PRKDC,-0.037810516,False,True,True,True,True,True,True,"{""gamma_R2"": ""P1P2"", ""rho_ATMi_R2"": ""P1P2"", ""rho_ATRi_R2"": ""P1P2"", ""rho_R2"": ""P1P2"", ""rho_WEE1i_R2"": ""P1P2""}","{""gamma_R2"": ""9739"", ""rho_ATMi_R2"": ""9739"", ""rho_ATRi_R2"": ""9739"", ""rho_R2"": ""9739"", ""rho_WEE1i_R2"": ""9739""}",1,1,R3:10255,R3:10255,,included_primary
MRGBP,R1:67317,MRGBP;PRKDC,-0.055048916,False,True,True,True,True,True,True,"{""gamma_R2"": ""P1P2"", ""rho_ATMi_R2"": ""P1P2"", ""rho_ATRi_R2"": ""P1P2"", ""rho_R2"": ""P1P2"", ""rho_WEE1i_R2"": ""P1P2""}","{""gamma_R2"": ""9778"", ""rho_ATMi_R2"": ""9778"", ""rho_ATRi_R2"": ""9778"", ""rho_R2"": ""9778"", ""rho_WEE1i_R2"": ""9778""}",1,1,R3:10294,R3:10294,,included_primary
MSH2,R1:5203,MSH2;PRKDC,-0.995003157,False,True,True,True,True,True,True,"{""gamma_R2"": ""P1P2"", ""rho_ATMi_R2"": ""P1P2"", ""rho_ATRi_R2"": ""P1P2"", ""rho_R2"": ""P1P2"", ""rho_WEE1i_R2"": ""P1P2""}","{""gamma_R2"": ""9901"", ""rho_ATMi_R2"": ""9901"", ""rho_ATRi_R2"": ""9901"", ""rho_R2"": ""9901"", ""rho_WEE1i_R2"": ""9901""}",1,1,R3:10416,R3:10416,,included_primary
MSH3,R1:114421,MSH3;PRKDC,0,False,True,True,True,True,True,True,"{""gamma_R2"": ""P1P2"", ""rho_ATMi_R2"": ""P1P2"", ""rho_ATRi_R2"": ""P1P2"", ""rho_R2"": ""P1P2"", ""rho_WEE1i_R2"": ""P1P2""}","{""gamma_R2"": ""9902"", ""rho_ATMi_R2"": ""9902"", ""rho_ATRi_R2"": ""9902"", ""rho_R2"": ""9902"", ""rho_WEE1i_R2"": ""9902""}",1,1,R3:10417,R3:10417,,included_primary
MSH4,R1:114582,MSH4;PRKDC,0,False,True,True,True,True,True,True,"{""gamma_R2"": ""P1P2"", ""rho_ATMi_R2"": ""P1P2"", ""rho_ATRi_R2"": ""P1P2"", ""rho_R2"": ""P1P2"", ""rho_WEE1i_R2"": ""P1P2""}","{""gamma_R2"": ""9903"", ""rho_ATMi_R2"": ""9903"", ""rho_ATRi_R2"": ""9903"", ""rho_R2"": ""9903"", ""rho_WEE1i_R2"": ""9903""}",1,1,R3:10418,R3:10418,,included_primary
MSH5,R1:30024,MSH5;PRKDC,-0.36362795,False,True,True,True,True,True,True,"{""gamma_R2"": ""P1P2"", ""rho_ATMi_R2"": ""P1P2"", ""rho_ATRi_R2"": ""P1P2"", ""rho_R2"": ""P1P2"", ""rho_WEE1i_R2"": ""P1P2""}","{""gamma_R2"": ""9904"", ""rho_ATMi_R2"": ""9904"", ""rho_ATRi_R2"": ""9904"", ""rho_R2"": ""9904"", ""rho_WEE1i_R2"": ""9904""}",1,1,R3:10419,R3:10419,,included_primary
MSH6,R1:49810,MSH6;PRKDC,-0.177170737,False,True,True,True,True,True,True,"{""gamma_R2"": ""P1P2"", ""rho_ATMi_R2"": ""P1P2"", ""rho_ATRi_R2"": ""P1P2"", ""rho_R2"": ""P1P2"", ""rho_WEE1i_R2"": ""P1P2""}","{""gamma_R2"": ""9905"", ""rho_ATMi_R2"": ""9905"", ""rho_ATRi_R2"": ""9905"", ""rho_R2"": ""9905"", ""rho_WEE1i_R2"": ""9905""}",1,1,R3:10420,R3:10420,,included_primary
MUM1,R1:11241,MUM1;PRKDC,-0.721669946,False,True,True,True,True,True,True,"{""gamma_R2"": ""P1P2"", ""rho_ATMi_R2"": ""P1P2"", ""rho_ATRi_R2"": ""P1P2"", ""rho_R2"": ""P1P2"", ""rho_WEE1i_R2"": ""P1P2""}","{""gamma_R2"": ""10032"", ""rho_ATMi_R2"": ""10032"", ""rho_ATRi_R2"": ""10032"", ""rho_R2"": ""10032"", ""rho_WEE1i_R2"": ""10032""}",1,1,R3:10553,R3:10553,,included_primary
MUS81,R1:55247,MUS81;PRKDC,-0.136812796,False,True,True,True,True,True,True,"{""gamma_R2"": ""P1P2"", ""rho_ATMi_R2"": ""P1P2"", ""rho_ATRi_R2"": ""P1P2"", ""rho_R2"": ""P1P2"", ""rho_WEE1i_R2"": ""P1P2""}","{""gamma_R2"": ""10035"", ""rho_ATMi_R2"": ""10035"", ""rho_ATRi_R2"": ""10035"", ""rho_R2"": ""10035"", ""rho_WEE1i_R2"": ""10035""}",1,1,R3:10556,R3:10556,,included_primary
MUTYH,R1:17124,MUTYH;PRKDC,-0.566984776,False,True,True,True,True,True,True,"{""gamma_R2"": ""P1P2"", ""rho_ATMi_R2"": ""P1P2"", ""rho_ATRi_R2"": ""P1P2"", ""rho_R2"": ""P1P2"", ""rho_WEE1i_R2"": ""P1P2""}","{""gamma_R2"": ""10039"", ""rho_ATMi_R2"": ""10039"", ""rho_ATRi_R2"": ""10039"", ""rho_R2"": ""10039"", ""rho_WEE1i_R2"": ""10039""}",1,1,R3:10560,R3:10560,,included_primary
NABP1,R1:115311,NABP1;PRKDC,0,False,True,True,True,True,True,True,"{""gamma_R2"": ""P1P2"", ""rho_ATMi_R2"": ""P1P2"", ""rho_ATRi_R2"": ""P1P2"", ""rho_R2"": ""P1P2"", ""rho_WEE1i_R2"": ""P1P2""}","{""gamma_R2"": ""10184"", ""rho_ATMi_R2"": ""10184"", ""rho_ATRi_R2"": ""10184"", ""rho_R2"": ""10184"", ""rho_WEE1i_R2"": ""10184""}",1,1,R3:10723,R3:10723,,included_primary
NDNL2,R1:46165,NDNL2;PRKDC,-0.205559462,False,True,True,True,True,True,True,"{""gamma_R2"": ""P1P2"", ""rho_ATMi_R2"": ""P1P2"", ""rho_ATRi_R2"": ""P1P2"", ""rho_R2"": ""P1P2"", ""rho_WEE1i_R2"": ""P1P2""}","{""gamma_R2"": ""10306"", ""rho_ATMi_R2"": ""10306"", ""rho_ATRi_R2"": ""10306"", ""rho_R2"": ""10306"", ""rho_WEE1i_R2"": ""10306""}",1,1,R3:10848,R3:10848,,included_primary
NEIL1,R1:115720,NEIL1;PRKDC,0,False,True,True,True,True,True,True,"{""gamma_R2"": ""P1P2"", ""rho_ATMi_R2"": ""P1P2"", ""rho_ATRi_R2"": ""P1P2"", ""rho_R2"": ""P1P2"", ""rho_WEE1i_R2"": ""P1P2""}","{""gamma_R2"": ""10380"", ""rho_ATMi_R2"": ""10380"", ""rho_ATRi_R2"": ""10380"", ""rho_R2"": ""10380"", ""rho_WEE1i_R2"": ""10380""}",1,1,R3:10923,R3:10923,,included_primary
NEIL2,R1:55829,NEIL2;PRKDC,-0.132685766,False,True,True,True,True,True,True,"{""gamma_R2"": ""P1P2"", ""rho_ATMi_R2"": ""P1P2"", ""rho_ATRi_R2"": ""P1P2"", ""rho_R2"": ""P1P2"", ""rho_WEE1i_R2"": ""P1P2""}","{""gamma_R2"": ""10381"", ""rho_ATMi_R2"": ""10381"", ""rho_ATRi_R2"": ""10381"", ""rho_R2"": ""10381"", ""rho_WEE1i_R2"": ""10381""}",1,1,R3:10924,R3:10924,,included_primary
NEIL3,R1:74861,NEIL3;PRKDC,-0.006425477,False,True,True,True,True,True,True,"{""gamma_R2"": ""P1P2"", ""rho_ATMi_R2"": ""P1P2"", ""rho_ATRi_R2"": ""P1P2"", ""rho_R2"": ""P1P2"", ""rho_WEE1i_R2"": ""P1P2""}","{""gamma_R2"": ""10382"", ""rho_ATMi_R2"": ""10382"", ""rho_ATRi_R2"": ""10382"", ""rho_R2"": ""10382"", ""rho_WEE1i_R2"": ""10382""}",1,1,R3:10925,R3:10925,,included_primary
NFRKB,R1:7158,NFRKB;PRKDC,-0.882237741,False,True,True,True,True,True,True,"{""gamma_R2"": ""P1P2"", ""rho_ATMi_R2"": ""P1P2"", ""rho_ATRi_R2"": ""P1P2"", ""rho_R2"": ""P1P2"", ""rho_WEE1i_R2"": ""P1P2""}","{""gamma_R2"": ""10451"", ""rho_ATMi_R2"": ""10451"", ""rho_ATRi_R2"": ""10451"", ""rho_R2"": ""10451"", ""rho_WEE1i_R2"": ""10451""}",1,1,R3:11002,R3:11002,,included_primary
NHEJ1,R1:52738,NHEJ1;PRKDC,-0.154582705,False,True,True,True,True,True,True,"{""gamma_R2"": ""P1P2"", ""rho_ATMi_R2"": ""P1P2"", ""rho_ATRi_R2"": ""P1P2"", ""rho_R2"": ""P1P2"", ""rho_WEE1i_R2"": ""P1P2""}","{""gamma_R2"": ""10467"", ""rho_ATMi_R2"": ""10467"", ""rho_ATRi_R2"": ""10467"", ""rho_R2"": ""10467"", ""rho_WEE1i_R2"": ""10467""}",1,1,R3:11017,R3:11017,,included_primary
NIPBL,R1:61895,NIPBL;PRKDC,-0.090945637,False,True,True,True,True,True,True,"{""gamma_R2"": ""P1P2"", ""rho_ATMi_R2"": ""P1P2"", ""rho_ATRi_R2"": ""P1P2"", ""rho_R2"": ""P1P2"", ""rho_WEE1i_R2"": ""P1P2""}","{""gamma_R2"": ""10494"", ""rho_ATMi_R2"": ""10494"", ""rho_ATRi_R2"": ""10494"", ""rho_R2"": ""10494"", ""rho_WEE1i_R2"": ""10494""}",1,1,R3:11043,R3:11043,,included_primary
NONO,R1:116337,NONO;PRKDC,0,False,True,True,True,True,True,True,"{""gamma_R2"": ""P1P2"", ""rho_ATMi_R2"": ""P1P2"", ""rho_ATRi_R2"": ""P1P2"", ""rho_R2"": ""P1P2"", ""rho_WEE1i_R2"": ""P1P2""}","{""gamma_R2"": ""10605"", ""rho_ATMi_R2"": ""10605"", ""rho_ATRi_R2"": ""10605"", ""rho_R2"": ""10605"", ""rho_WEE1i_R2"": ""10605""}",1,1,R3:11151,R3:11151,,included_primary
NPAS2,R1:73391,NPAS2;PRKDC,-0.015971259,False,True,True,True,True,True,True,"{""gamma_R2"": ""P1P2"", ""rho_ATMi_R2"": ""P1P2"", ""rho_ATRi_R2"": ""P1P2"", ""rho_R2"": ""P1P2"", ""rho_WEE1i_R2"": ""P1P2""}","{""gamma_R2"": ""10637"", ""rho_ATMi_R2"": ""10637"", ""rho_ATRi_R2"": ""10637"", ""rho_R2"": ""10637"", ""rho_WEE1i_R2"": ""10637""}",1,1,R3:11181,R3:11181,,included_primary
NPM1,R1:33706,NPM1;PRKDC,-0.320856978,False,True,True,True,True,True,True,"{""gamma_R2"": ""P1P2"", ""rho_ATMi_R2"": ""P1P2"", ""rho_ATRi_R2"": ""P1P2"", ""rho_R2"": ""P1P2"", ""rho_WEE1i_R2"": ""P1P2""}","{""gamma_R2"": ""10661"", ""rho_ATMi_R2"": ""10661"", ""rho_ATRi_R2"": ""10661"", ""rho_R2"": ""10661"", ""rho_WEE1i_R2"": ""10661""}",1,1,R3:11204,R3:11204,,included_primary
NSMCE2,R1:50721,NSMCE2;PRKDC,-0.169890392,False,True,True,True,True,True,True,"{""gamma_R2"": ""P1P2"", ""rho_ATMi_R2"": ""P1P2"", ""rho_ATRi_R2"": ""P1P2"", ""rho_R2"": ""P1P2"", ""rho_WEE1i_R2"": ""P1P2""}","{""gamma_R2"": ""10755"", ""rho_ATMi_R2"": ""10755"", ""rho_ATRi_R2"": ""10755"", ""rho_R2"": ""10755"", ""rho_WEE1i_R2"": ""10755""}",1,1,R3:11307,R3:11307,,included_primary
NSMCE4A,R1:116893,NSMCE4A;PRKDC,0,False,True,True,True,True,True,True,"{""gamma_R2"": ""P1P2"", ""rho_ATMi_R2"": ""P1P2"", ""rho_ATRi_R2"": ""P1P2"", ""rho_R2"": ""P1P2"", ""rho_WEE1i_R2"": ""P1P2""}","{""gamma_R2"": ""10756"", ""rho_ATMi_R2"": ""10756"", ""rho_ATRi_R2"": ""10756"", ""rho_R2"": ""10756"", ""rho_WEE1i_R2"": ""10756""}",1,1,R3:11308,R3:11308,,included_primary
NTHL1,R1:61604,NTHL1;PRKDC,-0.093092308,False,True,True,True,True,True,True,"{""gamma_R2"": ""P1P2"", ""rho_ATMi_R2"": ""P1P2"", ""rho_ATRi_R2"": ""P1P2"", ""rho_R2"": ""P1P2"", ""rho_WEE1i_R2"": ""P1P2""}","{""gamma_R2"": ""10779"", ""rho_ATMi_R2"": ""10779"", ""rho_ATRi_R2"": ""10779"", ""rho_R2"": ""10779"", ""rho_WEE1i_R2"": ""10779""}",1,1,R3:11332,R3:11332,,included_primary
NUCKS1,R1:61082,NUCKS1;PRKDC,-0.096668647,False,True,True,True,True,True,True,"{""gamma_R2"": ""P1P2"", ""rho_ATMi_R2"": ""P1P2"", ""rho_ATRi_R2"": ""P1P2"", ""rho_R2"": ""P1P2"", ""rho_WEE1i_R2"": ""P1P2""}","{""gamma_R2"": ""10803"", ""rho_ATMi_R2"": ""10803"", ""rho_ATRi_R2"": ""10803"", ""rho_R2"": ""10803"", ""rho_WEE1i_R2"": ""10803""}",1,1,R3:11357,R3:11357,,included_primary
NUDT1,R1:117249,NUDT1;PRKDC,0,False,True,True,True,True,True,True,"{""gamma_R2"": ""P1P2"", ""rho_ATMi_R2"": ""P1P2"", ""rho_ATRi_R2"": ""P1P2"", ""rho_R2"": ""P1P2"", ""rho_WEE1i_R2"": ""P1P2""}","{""gamma_R2"": ""10808"", ""rho_ATMi_R2"": ""10808"", ""rho_ATRi_R2"": ""10808"", ""rho_R2"": ""10808"", ""rho_WEE1i_R2"": ""10808""}",1,1,R3:11360,R3:11360,,included_primary
NUDT16,R1:117371,NUDT16;PRKDC,0,False,True,True,True,True,True,True,"{""gamma_R2"": ""P1P2"", ""rho_ATMi_R2"": ""P1P2"", ""rho_ATRi_R2"": ""P1P2"", ""rho_R2"": ""P1P2"", ""rho_WEE1i_R2"": ""P1P2""}","{""gamma_R2"": ""10815"", ""rho_ATMi_R2"": ""10815"", ""rho_ATRi_R2"": ""10815"", ""rho_R2"": ""10815"", ""rho_WEE1i_R2"": ""10815""}",1,1,R3:11367,R3:11367,,included_primary
NUDT16L1,R1:117510,NUDT16L1;PRKDC,0,False,True,True,True,True,True,True,"{""gamma_R2"": ""P1P2"", ""rho_ATMi_R2"": ""P1P2"", ""rho_ATRi_R2"": ""P1P2"", ""rho_R2"": ""P1P2"", ""rho_WEE1i_R2"": ""P1P2""}","{""gamma_R2"": ""10816"", ""rho_ATMi_R2"": ""10816"", ""rho_ATRi_R2"": ""10816"", ""rho_R2"": ""10816"", ""rho_WEE1i_R2"": ""10816""}",1,1,R3:11368,R3:11368,,included_primary
OBFC1,R1:17250,OBFC1;PRKDC,-0.564298339,False,True,True,True,True,True,True,"{""gamma_R2"": ""P1P2"", ""rho_ATMi_R2"": ""P1P2"", ""rho_ATRi_R2"": ""P1P2"", ""rho_R2"": ""P1P2"", ""rho_WEE1i_R2"": ""P1P2""}","{""gamma_R2"": ""10897"", ""rho_ATMi_R2"": ""10897"", ""rho_ATRi_R2"": ""10897"", ""rho_R2"": ""10897"", ""rho_WEE1i_R2"": ""10897""}",1,1,R3:11444,R3:11444,,included_primary
OGG1,R1:64850,OGG1;PRKDC,-0.071294253,False,True,True,True,True,True,True,"{""gamma_R2"": ""P1P2"", ""rho_ATMi_R2"": ""P1P2"", ""rho_ATRi_R2"": ""P1P2"", ""rho_R2"": ""P1P2"", ""rho_WEE1i_R2"": ""P1P2""}","{""gamma_R2"": ""10932"", ""rho_ATMi_R2"": ""10932"", ""rho_ATRi_R2"": ""10932"", ""rho_R2"": ""10932"", ""rho_WEE1i_R2"": ""10932""}",1,1,R3:11480,R3:11480,,included_primary
OTUB1,R1:28804,OTUB1;PRKDC,-0.378512364,False,True,True,True,True,True,True,"{""gamma_R2"": ""P1P2"", ""rho_ATMi_R2"": ""P1P2"", ""rho_ATRi_R2"": ""P1P2"", ""rho_R2"": ""P1P2"", ""rho_WEE1i_R2"": ""P1P2""}","{""gamma_R2"": ""11397"", ""rho_ATMi_R2"": ""11397"", ""rho_ATRi_R2"": ""11397"", ""rho_R2"": ""11397"", ""rho_WEE1i_R2"": ""11397""}",1,1,R3:11951,R3:11951,,included_primary
PAGR1,R1:58248,PAGR1;PRKDC,-0.116294636,False,True,True,True,True,True,True,"{""gamma_R2"": ""P1P2"", ""rho_ATMi_R2"": ""P1P2"", ""rho_ATRi_R2"": ""P1P2"", ""rho_R2"": ""P1P2"", ""rho_WEE1i_R2"": ""P1P2""}","{""gamma_R2"": ""11486"", ""rho_ATMi_R2"": ""11486"", ""rho_ATRi_R2"": ""11486"", ""rho_R2"": ""11486"", ""rho_WEE1i_R2"": ""11486""}",1,1,R3:12041,R3:12041,,included_primary
PAPD7,R1:27405,PAPD7;PRKDC,-0.396676612,False,True,True,True,True,True,True,"{""gamma_R2"": ""ENST00000230859.6"", ""rho_ATMi_R2"": ""ENST00000230859.6"", ""rho_ATRi_R2"": ""ENST00000230859.6"", ""rho_R2"": ""ENST00000230859.6"", ""rho_WEE1i_R2"": ""ENST00000230859.6""}","{""gamma_R2"": ""11521"", ""rho_ATMi_R2"": ""11521"", ""rho_ATRi_R2"": ""11521"", ""rho_R2"": ""11521"", ""rho_WEE1i_R2"": ""11521""}",1,1,R3:12076,R3:12076,,included_primary
PARG,R1:118099,PARG;PRKDC,0,False,True,True,True,True,True,True,"{""gamma_R2"": ""ENST00000402038.3"", ""rho_ATMi_R2"": ""ENST00000402038.3"", ""rho_ATRi_R2"": ""ENST00000402038.3"", ""rho_R2"": ""ENST00000402038.3"", ""rho_WEE1i_R2"": ""ENST00000402038.3""}","{""gamma_R2"": ""11543"", ""rho_ATMi_R2"": ""11543"", ""rho_ATRi_R2"": ""11543"", ""rho_R2"": ""11543"", ""rho_WEE1i_R2"": ""11543""}",1,1,R3:12098,R3:12098,,included_primary
PARP1,R1:58415,PARP1;PRKDC,-0.115063531,False,True,True,True,True,True,True,"{""gamma_R2"": ""P1P2"", ""rho_ATMi_R2"": ""P1P2"", ""rho_ATRi_R2"": ""P1P2"", ""rho_R2"": ""P1P2"", ""rho_WEE1i_R2"": ""P1P2""}","{""gamma_R2"": ""11549"", ""rho_ATMi_R2"": ""11549"", ""rho_ATRi_R2"": ""11549"", ""rho_R2"": ""11549"", ""rho_WEE1i_R2"": ""11549""}",1,1,R3:12103,R3:12103,,included_primary
PARP10,R1:68763,PARP10;PRKDC,-0.045760626,False,True,True,True,True,True,True,"{""gamma_R2"": ""P1P2"", ""rho_ATMi_R2"": ""P1P2"", ""rho_ATRi_R2"": ""P1P2"", ""rho_R2"": ""P1P2"", ""rho_WEE1i_R2"": ""P1P2""}","{""gamma_R2"": ""11550"", ""rho_ATMi_R2"": ""11550"", ""rho_ATRi_R2"": ""11550"", ""rho_R2"": ""11550"", ""rho_WEE1i_R2"": ""11550""}",1,1,R3:12104,R3:12104,,included_primary
PARP2,R1:118522,PARP2;PRKDC,0,False,True,True,True,True,True,True,"{""gamma_R2"": ""P1P2"", ""rho_ATMi_R2"": ""P1P2"", ""rho_ATRi_R2"": ""P1P2"", ""rho_R2"": ""P1P2"", ""rho_WEE1i_R2"": ""P1P2""}","{""gamma_R2"": ""11556"", ""rho_ATMi_R2"": ""11556"", ""rho_ATRi_R2"": ""11556"", ""rho_R2"": ""11556"", ""rho_WEE1i_R2"": ""11556""}",1,1,R3:12111,R3:12111,,included_primary
PARP4,R1:118719,PARP4;PRKDC,0,False,True,True,True,True,True,True,"{""gamma_R2"": ""P1P2"", ""rho_ATMi_R2"": ""P1P2"", ""rho_ATRi_R2"": ""P1P2"", ""rho_R2"": ""P1P2"", ""rho_WEE1i_R2"": ""P1P2""}","{""gamma_R2"": ""11558"", ""rho_ATMi_R2"": ""11558"", ""rho_ATRi_R2"": ""11558"", ""rho_R2"": ""11558"", ""rho_WEE1i_R2"": ""11558""}",1,1,R3:12113,R3:12113,,included_primary
PARP9,R1:48904,PARP9;PRKDC,-0.184186894,False,True,True,True,True,True,True,"{""gamma_R2"": ""P1P2"", ""rho_ATMi_R2"": ""P1P2"", ""rho_ATRi_R2"": ""P1P2"", ""rho_R2"": ""P1P2"", ""rho_WEE1i_R2"": ""P1P2""}","{""gamma_R2"": ""11561"", ""rho_ATMi_R2"": ""11561"", ""rho_ATRi_R2"": ""11561"", ""rho_R2"": ""11561"", ""rho_WEE1i_R2"": ""11561""}",1,1,R3:12116,R3:12116,,included_primary
PARPBP,R1:118914,PARPBP;PRKDC,0,False,True,True,True,True,True,True,"{""gamma_R2"": ""P1P2"", ""rho_ATMi_R2"": ""P1P2"", ""rho_ATRi_R2"": ""P1P2"", ""rho_R2"": ""P1P2"", ""rho_WEE1i_R2"": ""P1P2""}","{""gamma_R2"": ""11562"", ""rho_ATMi_R2"": ""11562"", ""rho_ATRi_R2"": ""11562"", ""rho_R2"": ""11562"", ""rho_WEE1i_R2"": ""11562""}",1,1,R3:12117,R3:12117,,included_primary
PAXIP1,R1:65736,PAXIP1;PRKDC,-0.065410833,False,True,True,True,True,True,True,"{""gamma_R2"": ""P1P2"", ""rho_ATMi_R2"": ""P1P2"", ""rho_ATRi_R2"": ""P1P2"", ""rho_R2"": ""P1P2"", ""rho_WEE1i_R2"": ""P1P2""}","{""gamma_R2"": ""11587"", ""rho_ATMi_R2"": ""11587"", ""rho_ATRi_R2"": ""11587"", ""rho_R2"": ""11587"", ""rho_WEE1i_R2"": ""11587""}",1,1,R3:12145,R3:12145,,included_primary
PDS5A,R1:119175,PDS5A;PRKDC,0,False,True,True,True,True,True,True,"{""gamma_R2"": ""P1P2"", ""rho_ATMi_R2"": ""P1P2"", ""rho_ATRi_R2"": ""P1P2"", ""rho_R2"": ""P1P2"", ""rho_WEE1i_R2"": ""P1P2""}","{""gamma_R2"": ""11792"", ""rho_ATMi_R2"": ""11792"", ""rho_ATRi_R2"": ""11792"", ""rho_R2"": ""11792"", ""rho_WEE1i_R2"": ""11792""}",1,1,R3:12364,R3:12364,,included_primary
PDS5B,R1:119304,PDS5B;PRKDC,0,False,True,True,True,True,True,True,"{""gamma_R2"": ""P1P2"", ""rho_ATMi_R2"": ""P1P2"", ""rho_ATRi_R2"": ""P1P2"", ""rho_R2"": ""P1P2"", ""rho_WEE1i_R2"": ""P1P2""}","{""gamma_R2"": ""11793"", ""rho_ATMi_R2"": ""11793"", ""rho_ATRi_R2"": ""11793"", ""rho_R2"": ""11793"", ""rho_WEE1i_R2"": ""11793""}",1,1,R3:12365,R3:12365,,included_primary
PML,R1:119548,PML;PRKDC,0,False,True,True,True,True,True,True,"{""gamma_R2"": ""P1P2"", ""rho_ATMi_R2"": ""P1P2"", ""rho_ATRi_R2"": ""P1P2"", ""rho_R2"": ""P1P2"", ""rho_WEE1i_R2"": ""P1P2""}","{""gamma_R2"": ""12238"", ""rho_ATMi_R2"": ""12238"", ""rho_ATRi_R2"": ""12238"", ""rho_R2"": ""12238"", ""rho_WEE1i_R2"": ""12238""}",1,1,R3:12847,R3:12847,,included_primary
PMS1,R1:48245,PMS1;PRKDC,-0.189197246,False,True,True,True,True,True,True,"{""gamma_R2"": ""P1P2"", ""rho_ATMi_R2"": ""P1P2"", ""rho_ATRi_R2"": ""P1P2"", ""rho_R2"": ""P1P2"", ""rho_WEE1i_R2"": ""P1P2""}","{""gamma_R2"": ""12245"", ""rho_ATMi_R2"": ""12245"", ""rho_ATRi_R2"": ""12245"", ""rho_R2"": ""12245"", ""rho_WEE1i_R2"": ""12245""}",1,1,R3:12855,R3:12855,,included_primary
PMS2,R1:72484,PMS2;PRKDC,-0.021902118,False,True,True,True,True,True,True,"{""gamma_R2"": ""P1P2"", ""rho_ATMi_R2"": ""P1P2"", ""rho_ATRi_R2"": ""P1P2"", ""rho_R2"": ""P1P2"", ""rho_WEE1i_R2"": ""P1P2""}","{""gamma_R2"": ""12246"", ""rho_ATMi_R2"": ""12246"", ""rho_ATRi_R2"": ""12246"", ""rho_R2"": ""12246"", ""rho_WEE1i_R2"": ""12246""}",1,1,R3:12856,R3:12856,,included_primary
PNKP,R1:119843,PNKP;PRKDC,0,False,True,True,True,True,True,True,"{""gamma_R2"": ""P1P2"", ""rho_ATMi_R2"": ""P1P2"", ""rho_ATRi_R2"": ""P1P2"", ""rho_R2"": ""P1P2"", ""rho_WEE1i_R2"": ""P1P2""}","{""gamma_R2"": ""12251"", ""rho_ATMi_R2"": ""12251"", ""rho_ATRi_R2"": ""12251"", ""rho_R2"": ""12251"", ""rho_WEE1i_R2"": ""12251""}",1,1,R3:12862,R3:12862,,included_primary
POLB,R1:120014,POLB;PRKDC,0,False,True,True,True,True,True,True,"{""gamma_R2"": ""P1P2"", ""rho_ATMi_R2"": ""P1P2"", ""rho_ATRi_R2"": ""P1P2"", ""rho_R2"": ""P1P2"", ""rho_WEE1i_R2"": ""P1P2""}","{""gamma_R2"": ""12295"", ""rho_ATMi_R2"": ""12295"", ""rho_ATRi_R2"": ""12295"", ""rho_R2"": ""12295"", ""rho_WEE1i_R2"": ""12295""}",1,1,R3:12905,R3:12905,,included_primary
POLD4,R1:120124,POLD4;PRKDC,0,False,True,True,True,True,True,True,"{""gamma_R2"": ""P1P2"", ""rho_ATMi_R2"": ""P1P2"", ""rho_ATRi_R2"": ""P1P2"", ""rho_R2"": ""P1P2"", ""rho_WEE1i_R2"": ""P1P2""}","{""gamma_R2"": ""12299"", ""rho_ATMi_R2"": ""12299"", ""rho_ATRi_R2"": ""12299"", ""rho_R2"": ""12299"", ""rho_WEE1i_R2"": ""12299""}",1,1,R3:12906,R3:12906,,included_primary
POLG,R1:120263,POLG;PRKDC,0,False,True,True,True,True,True,True,"{""gamma_R2"": ""P1P2"", ""rho_ATMi_R2"": ""P1P2"", ""rho_ATRi_R2"": ""P1P2"", ""rho_R2"": ""P1P2"", ""rho_WEE1i_R2"": ""P1P2""}","{""gamma_R2"": ""12305"", ""rho_ATMi_R2"": ""12305"", ""rho_ATRi_R2"": ""12305"", ""rho_R2"": ""12305"", ""rho_WEE1i_R2"": ""12305""}",1,1,R3:12911,R3:12911,,included_primary
POLG2,R1:33243,POLG2;PRKDC,-0.325768684,False,True,True,True,True,True,True,"{""gamma_R2"": ""P1P2"", ""rho_ATMi_R2"": ""P1P2"", ""rho_ATRi_R2"": ""P1P2"", ""rho_R2"": ""P1P2"", ""rho_WEE1i_R2"": ""P1P2""}","{""gamma_R2"": ""12306"", ""rho_ATMi_R2"": ""12306"", ""rho_ATRi_R2"": ""12306"", ""rho_R2"": ""12306"", ""rho_WEE1i_R2"": ""12306""}",1,1,R3:12912,R3:12912,,included_primary
POLH,R1:120442,POLH;PRKDC,0,False,True,True,True,True,True,True,"{""gamma_R2"": ""P1P2"", ""rho_ATMi_R2"": ""P1P2"", ""rho_ATRi_R2"": ""P1P2"", ""rho_R2"": ""P1P2"", ""rho_WEE1i_R2"": ""P1P2""}","{""gamma_R2"": ""12307"", ""rho_ATMi_R2"": ""12307"", ""rho_ATRi_R2"": ""12307"", ""rho_R2"": ""12307"", ""rho_WEE1i_R2"": ""12307""}",1,1,R3:12913,R3:12913,,included_primary
POLI,R1:120553,POLI;PRKDC,0,False,True,True,True,True,True,True,"{""gamma_R2"": ""P1P2"", ""rho_ATMi_R2"": ""P1P2"", ""rho_ATRi_R2"": ""P1P2"", ""rho_R2"": ""P1P2"", ""rho_WEE1i_R2"": ""P1P2""}","{""gamma_R2"": ""12308"", ""rho_ATMi_R2"": ""12308"", ""rho_ATRi_R2"": ""12308"", ""rho_R2"": ""12308"", ""rho_WEE1i_R2"": ""12308""}",1,1,R3:12914,R3:12914,,included_primary
POLK,R1:61986,POLK;PRKDC,-0.090306099,False,True,True,True,True,True,True,"{""gamma_R2"": ""P1P2"", ""rho_ATMi_R2"": ""P1P2"", ""rho_ATRi_R2"": ""P1P2"", ""rho_R2"": ""P1P2"", ""rho_WEE1i_R2"": ""P1P2""}","{""gamma_R2"": ""12309"", ""rho_ATMi_R2"": ""12309"", ""rho_ATRi_R2"": ""12309"", ""rho_R2"": ""12309"", ""rho_WEE1i_R2"": ""12309""}",1,1,R3:12915,R3:12915,,included_primary
POLL,R1:120737,POLL;PRKDC,0,False,True,True,True,True,True,True,"{""gamma_R2"": ""P1P2"", ""rho_ATMi_R2"": ""P1P2"", ""rho_ATRi_R2"": ""P1P2"", ""rho_R2"": ""P1P2"", ""rho_WEE1i_R2"": ""P1P2""}","{""gamma_R2"": ""12310"", ""rho_ATMi_R2"": ""12310"", ""rho_ATRi_R2"": ""12310"", ""rho_R2"": ""12310"", ""rho_WEE1i_R2"": ""12310""}",1,1,R3:12916,R3:12916,,included_primary
POLQ,R1:41958,POLQ;PRKDC,-0.240900744,False,True,True,True,True,True,True,"{""gamma_R2"": ""P1P2"", ""rho_ATMi_R2"": ""P1P2"", ""rho_ATRi_R2"": ""P1P2"", ""rho_R2"": ""P1P2"", ""rho_WEE1i_R2"": ""P1P2""}","{""gamma_R2"": ""12312"", ""rho_ATMi_R2"": ""12312"", ""rho_ATRi_R2"": ""12312"", ""rho_R2"": ""12312"", ""rho_WEE1i_R2"": ""12312""}",1,1,R3:12919,R3:12919,,included_primary
POLR2L,R1:121206,POLR2L;PRKDC,0,False,True,True,True,True,True,True,"{""gamma_R2"": ""P1P2"", ""rho_ATMi_R2"": ""P1P2"", ""rho_ATRi_R2"": ""P1P2"", ""rho_R2"": ""P1P2"", ""rho_WEE1i_R2"": ""P1P2""}","{""gamma_R2"": ""12329"", ""rho_ATMi_R2"": ""12329"", ""rho_ATRi_R2"": ""12329"", ""rho_R2"": ""12329"", ""rho_WEE1i_R2"": ""12329""}",1,1,R3:12933,R3:12933,,included_primary
PPP4C,R1:27618,PPP4C;PRKDC,-0.394248584,False,True,True,True,True,True,True,"{""gamma_R2"": ""P1P2"", ""rho_ATMi_R2"": ""P1P2"", ""rho_ATRi_R2"": ""P1P2"", ""rho_R2"": ""P1P2"", ""rho_WEE1i_R2"": ""P1P2""}","{""gamma_R2"": ""12512"", ""rho_ATMi_R2"": ""12512"", ""rho_ATRi_R2"": ""12512"", ""rho_R2"": ""12512"", ""rho_WEE1i_R2"": ""12512""}",1,1,R3:13122,R3:13122,,included_primary
PPP4R2,R1:121298,PPP4R2;PRKDC,0,False,True,True,True,True,True,True,"{""gamma_R2"": ""P1P2"", ""rho_ATMi_R2"": ""P1P2"", ""rho_ATRi_R2"": ""P1P2"", ""rho_R2"": ""P1P2"", ""rho_WEE1i_R2"": ""P1P2""}","{""gamma_R2"": ""12514"", ""rho_ATMi_R2"": ""12514"", ""rho_ATRi_R2"": ""12514"", ""rho_R2"": ""12514"", ""rho_WEE1i_R2"": ""12514""}",1,1,R3:13124,R3:13124,,included_primary
PPP5C,R1:63844,PPP5C;PRKDC,-0.077775911,False,True,True,True,True,True,True,"{""gamma_R2"": ""P1P2"", ""rho_ATMi_R2"": ""P1P2"", ""rho_ATRi_R2"": ""P1P2"", ""rho_R2"": ""P1P2"", ""rho_WEE1i_R2"": ""P1P2""}","{""gamma_R2"": ""12516"", ""rho_ATMi_R2"": ""12516"", ""rho_ATRi_R2"": ""12516"", ""rho_R2"": ""12516"", ""rho_WEE1i_R2"": ""12516""}",1,1,R3:13126,R3:13126,,included_primary
PRDM9,R1:57350,PRDM9;PRKDC,-0.12273456,False,True,True,True,True,True,True,"{""gamma_R2"": ""P1P2"", ""rho_ATMi_R2"": ""P1P2"", ""rho_ATRi_R2"": ""P1P2"", ""rho_R2"": ""P1P2"", ""rho_WEE1i_R2"": ""P1P2""}","{""gamma_R2"": ""12566"", ""rho_ATMi_R2"": ""12566"", ""rho_ATRi_R2"": ""12566"", ""rho_R2"": ""12566"", ""rho_WEE1i_R2"": ""12566""}",1,1,R3:13183,R3:13183,,included_primary
PRIMPOL,R1:75583,PRIMPOL;PRKDC,-0.002044561,False,True,True,True,True,True,True,"{""gamma_R2"": ""P1P2"", ""rho_ATMi_R2"": ""P1P2"", ""rho_ATRi_R2"": ""P1P2"", ""rho_R2"": ""P1P2"", ""rho_WEE1i_R2"": ""P1P2""}","{""gamma_R2"": ""12593"", ""rho_ATMi_R2"": ""12593"", ""rho_ATRi_R2"": ""12593"", ""rho_R2"": ""12593"", ""rho_WEE1i_R2"": ""12593""}",1,1,R3:13209,R3:13209,,included_primary
PRKCG,R1:57394,PRKCG;PRKDC,-0.122502064,False,True,True,True,True,True,True,"{""gamma_R2"": ""P1P2"", ""rho_ATMi_R2"": ""P1P2"", ""rho_ATRi_R2"": ""P1P2"", ""rho_R2"": ""P1P2"", ""rho_WEE1i_R2"": ""P1P2""}","{""gamma_R2"": ""12613"", ""rho_ATMi_R2"": ""12613"", ""rho_ATRi_R2"": ""12613"", ""rho_R2"": ""12613"", ""rho_WEE1i_R2"": ""12613""}",1,1,R3:13230,R3:13230,,included_primary
PRMT6,R1:28457,PRKDC;PRMT6,-0.383316776,False,True,True,True,True,True,True,"{""gamma_R2"": ""P1P2"", ""rho_ATMi_R2"": ""P1P2"", ""rho_ATRi_R2"": ""P1P2"", ""rho_R2"": ""P1P2"", ""rho_WEE1i_R2"": ""P1P2""}","{""gamma_R2"": ""12641"", ""rho_ATMi_R2"": ""12641"", ""rho_ATRi_R2"": ""12641"", ""rho_R2"": ""12641"", ""rho_WEE1i_R2"": ""12641""}",1,1,R3:13261,R3:13261,,included_primary
PSME4,R1:17812,PRKDC;PSME4,-0.552407687,False,True,True,True,True,True,True,"{""gamma_R2"": ""P1P2"", ""rho_ATMi_R2"": ""P1P2"", ""rho_ATRi_R2"": ""P1P2"", ""rho_R2"": ""P1P2"", ""rho_WEE1i_R2"": ""P1P2""}","{""gamma_R2"": ""12813"", ""rho_ATMi_R2"": ""12813"", ""rho_ATRi_R2"": ""12813"", ""rho_R2"": ""12813"", ""rho_WEE1i_R2"": ""12813""}",1,1,R3:13416,R3:13416,,included_primary
RAB43,R1:121750,PRKDC;RAB43,0,False,True,True,True,True,True,True,"{""gamma_R2"": ""P1P2"", ""rho_ATMi_R2"": ""P1P2"", ""rho_ATRi_R2"": ""P1P2"", ""rho_R2"": ""P1P2"", ""rho_WEE1i_R2"": ""P1P2""}","{""gamma_R2"": ""13060"", ""rho_ATMi_R2"": ""13060"", ""rho_ATRi_R2"": ""13060"", ""rho_R2"": ""13060"", ""rho_WEE1i_R2"": ""13060""}",1,1,R3:13682,R3:13682,,included_primary
RAD1,R1:18460,PRKDC;RAD1,-0.539784258,False,True,True,True,True,True,True,"{""gamma_R2"": ""P1P2"", ""rho_ATMi_R2"": ""P1P2"", ""rho_ATRi_R2"": ""P1P2"", ""rho_R2"": ""P1P2"", ""rho_WEE1i_R2"": ""P1P2""}","{""gamma_R2"": ""13092"", ""rho_ATMi_R2"": ""13092"", ""rho_ATRi_R2"": ""13092"", ""rho_R2"": ""13092"", ""rho_WEE1i_R2"": ""13092""}",1,1,R3:13712,R3:13712,,included_primary
RAD18,R1:121751,PRKDC;RAD18,0,False,True,True,True,True,True,True,"{""gamma_R2"": ""P1P2"", ""rho_ATMi_R2"": ""P1P2"", ""rho_ATRi_R2"": ""P1P2"", ""rho_R2"": ""P1P2"", ""rho_WEE1i_R2"": ""P1P2""}","{""gamma_R2"": ""13094"", ""rho_ATMi_R2"": ""13094"", ""rho_ATRi_R2"": ""13094"", ""rho_R2"": ""13094"", ""rho_WEE1i_R2"": ""13094""}",1,1,R3:13714,R3:13714,,included_primary
RAD21,R1:121752,PRKDC;RAD21,0,False,True,True,True,True,True,True,"{""gamma_R2"": ""P1P2"", ""rho_ATMi_R2"": ""P1P2"", ""rho_ATRi_R2"": ""P1P2"", ""rho_R2"": ""P1P2"", ""rho_WEE1i_R2"": ""P1P2""}","{""gamma_R2"": ""13095"", ""rho_ATMi_R2"": ""13095"", ""rho_ATRi_R2"": ""13095"", ""rho_R2"": ""13095"", ""rho_WEE1i_R2"": ""13095""}",1,1,R3:13715,R3:13715,,included_primary
RAD21L1,R1:48422,PRKDC;RAD21L1,-0.187925935,False,True,True,True,True,True,True,"{""gamma_R2"": ""P1P2"", ""rho_ATMi_R2"": ""P1P2"", ""rho_ATRi_R2"": ""P1P2"", ""rho_R2"": ""P1P2"", ""rho_WEE1i_R2"": ""P1P2""}","{""gamma_R2"": ""13096"", ""rho_ATMi_R2"": ""13096"", ""rho_ATRi_R2"": ""13096"", ""rho_R2"": ""13096"", ""rho_WEE1i_R2"": ""13096""}",1,1,R3:13716,R3:13716,,included_primary
RAD23A,R1:53649,PRKDC;RAD23A,-0.148135594,False,True,True,True,True,True,True,"{""gamma_R2"": ""P1P2"", ""rho_ATMi_R2"": ""P1P2"", ""rho_ATRi_R2"": ""P1P2"", ""rho_R2"": ""P1P2"", ""rho_WEE1i_R2"": ""P1P2""}","{""gamma_R2"": ""13097"", ""rho_ATMi_R2"": ""13097"", ""rho_ATRi_R2"": ""13097"", ""rho_R2"": ""13097"", ""rho_WEE1i_R2"": ""13097""}",1,1,R3:13717,R3:13717,,included_primary
RAD23B,R1:121753,PRKDC;RAD23B,0,False,True,True,True,True,True,True,"{""gamma_R2"": ""P1P2"", ""rho_ATMi_R2"": ""P1P2"", ""rho_ATRi_R2"": ""P1P2"", ""rho_R2"": ""P1P2"", ""rho_WEE1i_R2"": ""P1P2""}","{""gamma_R2"": ""13098"", ""rho_ATMi_R2"": ""13098"", ""rho_ATRi_R2"": ""13098"", ""rho_R2"": ""13098"", ""rho_WEE1i_R2"": ""13098""}",1,1,R3:13718,R3:13718,,included_primary
RAD50,R1:22040,PRKDC;RAD50,-0.475314724,False,True,True,True,True,True,True,"{""gamma_R2"": ""P1P2"", ""rho_ATMi_R2"": ""P1P2"", ""rho_ATRi_R2"": ""P1P2"", ""rho_R2"": ""P1P2"", ""rho_WEE1i_R2"": ""P1P2""}","{""gamma_R2"": ""13099"", ""rho_ATMi_R2"": ""13099"", ""rho_ATRi_R2"": ""13099"", ""rho_R2"": ""13099"", ""rho_WEE1i_R2"": ""13099""}",1,1,R3:13719,R3:13719,,included_primary
RAD51AP1,R1:121754,PRKDC;RAD51AP1,0,False,True,True,True,True,True,True,"{""gamma_R2"": ""P1P2"", ""rho_ATMi_R2"": ""P1P2"", ""rho_ATRi_R2"": ""P1P2"", ""rho_R2"": ""P1P2"", ""rho_WEE1i_R2"": ""P1P2""}","{""gamma_R2"": ""13100"", ""rho_ATMi_R2"": ""13100"", ""rho_ATRi_R2"": ""13100"", ""rho_R2"": ""13100"", ""rho_WEE1i_R2"": ""13100""}",1,1,R3:13720,R3:13720,,included_primary
RAD51B,R1:48920,PRKDC;RAD51B,-0.184070715,False,True,True,True,True,True,True,"{""gamma_R2"": ""P1P2"", ""rho_ATMi_R2"": ""P1P2"", ""rho_ATRi_R2"": ""P1P2"", ""rho_R2"": ""P1P2"", ""rho_WEE1i_R2"": ""P1P2""}","{""gamma_R2"": ""13102"", ""rho_ATMi_R2"": ""13102"", ""rho_ATRi_R2"": ""13102"", ""rho_R2"": ""13102"", ""rho_WEE1i_R2"": ""13102""}",1,1,R3:13722,R3:13722,,included_primary
RAD51D,R1:14957,PRKDC;RAD51D,-0.617917546,False,True,True,True,True,True,True,"{""gamma_R2"": ""P1P2"", ""rho_ATMi_R2"": ""P1P2"", ""rho_ATRi_R2"": ""P1P2"", ""rho_R2"": ""P1P2"", ""rho_WEE1i_R2"": ""P1P2""}","{""gamma_R2"": ""13104"", ""rho_ATMi_R2"": ""13104"", ""rho_ATRi_R2"": ""13104"", ""rho_R2"": ""13104"", ""rho_WEE1i_R2"": ""13104""}",1,1,R3:13723,R3:13723,,included_primary
RAD54B,R1:121756,PRKDC;RAD54B,0,False,True,True,True,True,True,True,"{""gamma_R2"": ""P1P2"", ""rho_ATMi_R2"": ""P1P2"", ""rho_ATRi_R2"": ""P1P2"", ""rho_R2"": ""P1P2"", ""rho_WEE1i_R2"": ""P1P2""}","{""gamma_R2"": ""13106"", ""rho_ATMi_R2"": ""13106"", ""rho_ATRi_R2"": ""13106"", ""rho_R2"": ""13106"", ""rho_WEE1i_R2"": ""13106""}",1,1,R3:13726,R3:13726,,included_primary
RAD54L,R1:121757,PRKDC;RAD54L,0,False,True,True,True,True,True,True,"{""gamma_R2"": ""P1P2"", ""rho_ATMi_R2"": ""P1P2"", ""rho_ATRi_R2"": ""P1P2"", ""rho_R2"": ""P1P2"", ""rho_WEE1i_R2"": ""P1P2""}","{""gamma_R2"": ""13107"", ""rho_ATMi_R2"": ""13107"", ""rho_ATRi_R2"": ""13107"", ""rho_R2"": ""13107"", ""rho_WEE1i_R2"": ""13107""}",1,1,R3:13727,R3:13727,,included_primary
RAD9B,R1:7666,PRKDC;RAD9B,-0.857134952,False,True,True,True,True,True,True,"{""gamma_R2"": ""P1P2"", ""rho_ATMi_R2"": ""P1P2"", ""rho_ATRi_R2"": ""P1P2"", ""rho_R2"": ""P1P2"", ""rho_WEE1i_R2"": ""P1P2""}","{""gamma_R2"": ""13110"", ""rho_ATMi_R2"": ""13110"", ""rho_ATRi_R2"": ""13110"", ""rho_R2"": ""13110"", ""rho_WEE1i_R2"": ""13110""}",1,1,R3:13729,R3:13729,,included_primary
RCHY1,R1:121758,PRKDC;RCHY1,0,False,True,True,True,True,True,True,"{""gamma_R2"": ""P1P2"", ""rho_ATMi_R2"": ""P1P2"", ""rho_ATRi_R2"": ""P1P2"", ""rho_R2"": ""P1P2"", ""rho_WEE1i_R2"": ""P1P2""}","{""gamma_R2"": ""13297"", ""rho_ATMi_R2"": ""13297"", ""rho_ATRi_R2"": ""13297"", ""rho_R2"": ""13297"", ""rho_WEE1i_R2"": ""13297""}",1,1,R3:13920,R3:13920,,included_primary
REC8,R1:121759,PRKDC;REC8,0,False,True,True,True,True,True,True,"{""gamma_R2"": ""P1P2"", ""rho_ATMi_R2"": ""P1P2"", ""rho_ATRi_R2"": ""P1P2"", ""rho_R2"": ""P1P2"", ""rho_WEE1i_R2"": ""P1P2""}","{""gamma_R2"": ""13319"", ""rho_ATMi_R2"": ""13319"", ""rho_ATRi_R2"": ""13319"", ""rho_R2"": ""13319"", ""rho_WEE1i_R2"": ""13319""}",1,1,R3:13941,R3:13941,,included_primary
RECQL,R1:58562,PRKDC;RECQL,-0.114059735,False,True,True,True,True,True,True,"{""gamma_R2"": ""P1P2"", ""rho_ATMi_R2"": ""P1P2"", ""rho_ATRi_R2"": ""P1P2"", ""rho_R2"": ""P1P2"", ""rho_WEE1i_R2"": ""P1P2""}","{""gamma_R2"": ""13321"", ""rho_ATMi_R2"": ""13321"", ""rho_ATRi_R2"": ""13321"", ""rho_R2"": ""13321"", ""rho_WEE1i_R2"": ""13321""}",1,1,R3:13943,R3:13943,,included_primary
RECQL5,R1:8444,PRKDC;RECQL5,-0.818881144,False,True,True,True,True,True,True,"{""gamma_R2"": ""P1P2"", ""rho_ATMi_R2"": ""P1P2"", ""rho_ATRi_R2"": ""P1P2"", ""rho_R2"": ""P1P2"", ""rho_WEE1i_R2"": ""P1P2""}","{""gamma_R2"": ""13323"", ""rho_ATMi_R2"": ""13323"", ""rho_ATRi_R2"": ""13323"", ""rho_R2"": ""13323"", ""rho_WEE1i_R2"": ""13323""}",1,1,R3:13945,R3:13945,,included_primary
REV1,R1:17711,PRKDC;REV1,-0.55471341,False,True,True,True,True,True,True,"{""gamma_R2"": ""P1P2"", ""rho_ATMi_R2"": ""P1P2"", ""rho_ATRi_R2"": ""P1P2"", ""rho_R2"": ""P1P2"", ""rho_WEE1i_R2"": ""P1P2""}","{""gamma_R2"": ""13360"", ""rho_ATMi_R2"": ""13360"", ""rho_ATRi_R2"": ""13360"", ""rho_R2"": ""13360"", ""rho_WEE1i_R2"": ""13360""}",1,1,R3:13984,R3:13984,,included_primary
REV3L,R1:121760,PRKDC;REV3L,0,False,True,True,True,True,True,True,"{""gamma_R2"": ""P1P2"", ""rho_ATMi_R2"": ""P1P2"", ""rho_ATRi_R2"": ""P1P2"", ""rho_R2"": ""P1P2"", ""rho_WEE1i_R2"": ""P1P2""}","{""gamma_R2"": ""13361"", ""rho_ATMi_R2"": ""13361"", ""rho_ATRi_R2"": ""13361"", ""rho_R2"": ""13361"", ""rho_WEE1i_R2"": ""13361""}",1,1,R3:13985,R3:13985,,included_primary
REXO4,R1:34921,PRKDC;REXO4,-0.30833954,False,True,True,True,True,True,True,"{""gamma_R2"": ""P1P2"", ""rho_ATMi_R2"": ""P1P2"", ""rho_ATRi_R2"": ""P1P2"", ""rho_R2"": ""P1P2"", ""rho_WEE1i_R2"": ""P1P2""}","{""gamma_R2"": ""13364"", ""rho_ATMi_R2"": ""13364"", ""rho_ATRi_R2"": ""13364"", ""rho_R2"": ""13364"", ""rho_WEE1i_R2"": ""13364""}",1,1,R3:13988,R3:13988,,included_primary
RFWD3,R1:121763,PRKDC;RFWD3,0,False,True,True,True,True,True,True,"{""gamma_R2"": ""P1P2"", ""rho_ATMi_R2"": ""P1P2"", ""rho_ATRi_R2"": ""P1P2"", ""rho_R2"": ""P1P2"", ""rho_WEE1i_R2"": ""P1P2""}","{""gamma_R2"": ""13382"", ""rho_ATMi_R2"": ""13382"", ""rho_ATRi_R2"": ""13382"", ""rho_R2"": ""13382"", ""rho_WEE1i_R2"": ""13382""}",1,1,R3:14005,R3:14005,,included_primary
RHNO1,R1:29972,PRKDC;RHNO1,-0.364218916,False,True,True,True,True,True,True,"{""gamma_R2"": ""P1P2"", ""rho_ATMi_R2"": ""P1P2"", ""rho_ATRi_R2"": ""P1P2"", ""rho_R2"": ""P1P2"", ""rho_WEE1i_R2"": ""P1P2""}","{""gamma_R2"": ""13451"", ""rho_ATMi_R2"": ""13451"", ""rho_ATRi_R2"": ""13451"", ""rho_R2"": ""13451"", ""rho_WEE1i_R2"": ""13451""}",1,1,R3:14087,R3:14087,,included_primary
RIF1,R1:45479,PRKDC;RIF1,-0.211148309,False,True,True,True,True,True,True,"{""gamma_R2"": ""P1P2"", ""rho_ATMi_R2"": ""P1P2"", ""rho_ATRi_R2"": ""P1P2"", ""rho_R2"": ""P1P2"", ""rho_WEE1i_R2"": ""P1P2""}","{""gamma_R2"": ""13479"", ""rho_ATMi_R2"": ""13479"", ""rho_ATRi_R2"": ""13479"", ""rho_R2"": ""13479"", ""rho_WEE1i_R2"": ""13479""}",1,1,R3:14116,R3:14116,,included_primary
RMI1,R1:121764,PRKDC;RMI1,0,False,True,True,True,True,True,True,"{""gamma_R2"": ""P1P2"", ""rho_ATMi_R2"": ""P1P2"", ""rho_ATRi_R2"": ""P1P2"", ""rho_R2"": ""P1P2"", ""rho_WEE1i_R2"": ""P1P2""}","{""gamma_R2"": ""13522"", ""rho_ATMi_R2"": ""13522"", ""rho_ATRi_R2"": ""13522"", ""rho_R2"": ""13522"", ""rho_WEE1i_R2"": ""13522""}",1,1,R3:14161,R3:14161,,included_primary
RMI2,R1:11927,PRKDC;RMI2,-0.69942997,False,True,True,True,True,True,True,"{""gamma_R2"": ""P1P2"", ""rho_ATMi_R2"": ""P1P2"", ""rho_ATRi_R2"": ""P1P2"", ""rho_R2"": ""P1P2"", ""rho_WEE1i_R2"": ""P1P2""}","{""gamma_R2"": ""13523"", ""rho_ATMi_R2"": ""13523"", ""rho_ATRi_R2"": ""13523"", ""rho_R2"": ""13523"", ""rho_WEE1i_R2"": ""13523""}",1,1,R3:14162,R3:14162,,included_primary
RNASEH2A,R1:23937,PRKDC;RNASEH2A,-0.445610362,False,True,True,True,True,True,True,"{""gamma_R2"": ""P1P2"", ""rho_ATMi_R2"": ""P1P2"", ""rho_ATRi_R2"": ""P1P2"", ""rho_R2"": ""P1P2"", ""rho_WEE1i_R2"": ""P1P2""}","{""gamma_R2"": ""13539"", ""rho_ATMi_R2"": ""13539"", ""rho_ATRi_R2"": ""13539"", ""rho_R2"": ""13539"", ""rho_WEE1i_R2"": ""13539""}",1,1,R3:14178,R3:14178,,included_primary
RNF111,R1:45752,PRKDC;RNF111,-0.209043035,False,True,True,True,True,True,True,"{""gamma_R2"": ""P1P2"", ""rho_ATMi_R2"": ""P1P2"", ""rho_ATRi_R2"": ""P1P2"", ""rho_R2"": ""P1P2"", ""rho_WEE1i_R2"": ""P1P2""}","{""gamma_R2"": ""13552"", ""rho_ATMi_R2"": ""13552"", ""rho_ATRi_R2"": ""13552"", ""rho_R2"": ""13552"", ""rho_WEE1i_R2"": ""13552""}",1,1,R3:14191,R3:14191,,included_primary
RNF138,R1:44055,PRKDC;RNF138,-0.223004786,False,True,True,True,True,True,True,"{""gamma_R2"": ""P1P2"", ""rho_ATMi_R2"": ""P1P2"", ""rho_ATRi_R2"": ""P1P2"", ""rho_R2"": ""P1P2"", ""rho_WEE1i_R2"": ""P1P2""}","{""gamma_R2"": ""13568"", ""rho_ATMi_R2"": ""13568"", ""rho_ATRi_R2"": ""13568"", ""rho_R2"": ""13568"", ""rho_WEE1i_R2"": ""13568""}",1,1,R3:14207,R3:14207,,included_primary
RNF168,R1:121765,PRKDC;RNF168,0,False,True,True,True,True,True,True,"{""gamma_R2"": ""P1P2"", ""rho_ATMi_R2"": ""P1P2"", ""rho_ATRi_R2"": ""P1P2"", ""rho_R2"": ""P1P2"", ""rho_WEE1i_R2"": ""P1P2""}","{""gamma_R2"": ""13585"", ""rho_ATMi_R2"": ""13585"", ""rho_ATRi_R2"": ""13585"", ""rho_R2"": ""13585"", ""rho_WEE1i_R2"": ""13585""}",1,1,R3:14228,R3:14228,,included_primary
RNF169,R1:64193,PRKDC;RNF169,-0.075356292,False,True,True,True,True,True,True,"{""gamma_R2"": ""P1P2"", ""rho_ATMi_R2"": ""P1P2"", ""rho_ATRi_R2"": ""P1P2"", ""rho_R2"": ""P1P2"", ""rho_WEE1i_R2"": ""P1P2""}","{""gamma_R2"": ""13586"", ""rho_ATMi_R2"": ""13586"", ""rho_ATRi_R2"": ""13586"", ""rho_R2"": ""13586"", ""rho_WEE1i_R2"": ""13586""}",1,1,R3:14229,R3:14229,,included_primary
RNF8,R1:5088,PRKDC;RNF8,-1.00248375,True,True,True,True,True,True,True,"{""gamma_R2"": ""P1P2"", ""rho_ATMi_R2"": ""P1P2"", ""rho_ATRi_R2"": ""P1P2"", ""rho_R2"": ""P1P2"", ""rho_WEE1i_R2"": ""P1P2""}","{""gamma_R2"": ""13630"", ""rho_ATMi_R2"": ""13630"", ""rho_ATRi_R2"": ""13630"", ""rho_R2"": ""13630"", ""rho_WEE1i_R2"": ""13630""}",1,1,R3:14278,R3:14278,,included_primary
RPA4,R1:55768,PRKDC;RPA4,-0.133044892,False,True,True,True,True,True,True,"{""gamma_R2"": ""P1P2"", ""rho_ATMi_R2"": ""P1P2"", ""rho_ATRi_R2"": ""P1P2"", ""rho_R2"": ""P1P2"", ""rho_WEE1i_R2"": ""P1P2""}","{""gamma_R2"": ""13666"", ""rho_ATMi_R2"": ""13666"", ""rho_ATRi_R2"": ""13666"", ""rho_R2"": ""13666"", ""rho_WEE1i_R2"": ""13666""}",1,1,R3:14311,R3:14311,,included_primary
RRM2B,R1:121766,PRKDC;RRM2B,0,False,True,True,True,True,True,True,"{""gamma_R2"": ""P1P2"", ""rho_ATMi_R2"": ""P1P2"", ""rho_ATRi_R2"": ""P1P2"", ""rho_R2"": ""P1P2"", ""rho_WEE1i_R2"": ""P1P2""}","{""gamma_R2"": ""13794"", ""rho_ATMi_R2"": ""13794"", ""rho_ATRi_R2"": ""13794"", ""rho_R2"": ""13794"", ""rho_WEE1i_R2"": ""13794""}",1,1,R3:14382,R3:14382,,included_primary
RTEL1,R1:121767,PRKDC;RTEL1,0,False,True,True,True,True,True,True,"{""gamma_R2"": ""P1P2"", ""rho_ATMi_R2"": ""P1P2"", ""rho_ATRi_R2"": ""P1P2"", ""rho_R2"": ""P1P2"", ""rho_WEE1i_R2"": ""P1P2""}","{""gamma_R2"": ""13835"", ""rho_ATMi_R2"": ""13835"", ""rho_ATRi_R2"": ""13835"", ""rho_R2"": ""13835"", ""rho_WEE1i_R2"": ""13835""}",1,1,R3:14422,R3:14422,,included_primary
SAMHD1,R1:121768,PRKDC;SAMHD1,0,False,True,True,True,True,True,True,"{""gamma_R2"": ""P1P2"", ""rho_ATMi_R2"": ""P1P2"", ""rho_ATRi_R2"": ""P1P2"", ""rho_R2"": ""P1P2"", ""rho_WEE1i_R2"": ""P1P2""}","{""gamma_R2"": ""13945"", ""rho_ATMi_R2"": ""13945"", ""rho_ATRi_R2"": ""13945"", ""rho_R2"": ""13945"", ""rho_WEE1i_R2"": ""13945""}",1,1,R3:14548,R3:14548,,included_primary
SETD2,R1:10839,PRKDC;SETD2,-0.734118634,False,True,True,True,True,True,True,"{""gamma_R2"": ""P1P2"", ""rho_ATMi_R2"": ""P1P2"", ""rho_ATRi_R2"": ""P1P2"", ""rho_R2"": ""P1P2"", ""rho_WEE1i_R2"": ""P1P2""}","{""gamma_R2"": ""14256"", ""rho_ATMi_R2"": ""14256"", ""rho_ATRi_R2"": ""14256"", ""rho_R2"": ""14256"", ""rho_WEE1i_R2"": ""14256""}",1,1,R3:14873,R3:14873,,included_primary
SETMAR,R1:121769,PRKDC;SETMAR,0,False,True,True,True,True,True,True,"{""gamma_R2"": ""P1P2"", ""rho_ATMi_R2"": ""P1P2"", ""rho_ATRi_R2"": ""P1P2"", ""rho_R2"": ""P1P2"", ""rho_WEE1i_R2"": ""P1P2""}","{""gamma_R2"": ""14266"", ""rho_ATMi_R2"": ""14266"", ""rho_ATRi_R2"": ""14266"", ""rho_R2"": ""14266"", ""rho_WEE1i_R2"": ""14266""}",1,1,R3:14884,R3:14884,,included_primary
SETX,R1:121770,PRKDC;SETX,0,False,True,True,True,True,True,True,"{""gamma_R2"": ""P1P2"", ""rho_ATMi_R2"": ""P1P2"", ""rho_ATRi_R2"": ""P1P2"", ""rho_R2"": ""P1P2"", ""rho_WEE1i_R2"": ""P1P2""}","{""gamma_R2"": ""14267"", ""rho_ATMi_R2"": ""14267"", ""rho_ATRi_R2"": ""14267"", ""rho_R2"": ""14267"", ""rho_WEE1i_R2"": ""14267""}",1,1,R3:14885,R3:14885,,included_primary
SFR1,R1:33306,PRKDC;SFR1,-0.325114387,False,True,True,True,True,True,True,"{""gamma_R2"": ""P1P2"", ""rho_ATMi_R2"": ""P1P2"", ""rho_ATRi_R2"": ""P1P2"", ""rho_R2"": ""P1P2"", ""rho_WEE1i_R2"": ""P1P2""}","{""gamma_R2"": ""14286"", ""rho_ATMi_R2"": ""14286"", ""rho_ATRi_R2"": ""14286"", ""rho_R2"": ""14286"", ""rho_WEE1i_R2"": ""14286""}",1,1,R3:14899,R3:14899,,included_primary
SHPRH,R1:29313,PRKDC;SHPRH,-0.372350213,False,True,True,True,True,True,True,"{""gamma_R2"": ""P1P2"", ""rho_ATMi_R2"": ""P1P2"", ""rho_ATRi_R2"": ""P1P2"", ""rho_R2"": ""P1P2"", ""rho_WEE1i_R2"": ""P1P2""}","{""gamma_R2"": ""14401"", ""rho_ATMi_R2"": ""14401"", ""rho_ATRi_R2"": ""14401"", ""rho_R2"": ""14401"", ""rho_WEE1i_R2"": ""14401""}",1,1,R3:15029,R3:15029,,included_primary
SIRT1,R1:121771,PRKDC;SIRT1,0,False,True,True,True,True,True,True,"{""gamma_R2"": ""P1P2"", ""rho_ATMi_R2"": ""P1P2"", ""rho_ATRi_R2"": ""P1P2"", ""rho_R2"": ""P1P2"", ""rho_WEE1i_R2"": ""P1P2""}","{""gamma_R2"": ""14447"", ""rho_ATMi_R2"": ""14447"", ""rho_ATRi_R2"": ""14447"", ""rho_R2"": ""14447"", ""rho_WEE1i_R2"": ""14447""}",1,1,R3:15080,R3:15080,,included_primary
SIRT6,R1:27288,PRKDC;SIRT6,-0.398202391,False,True,True,True,True,True,True,"{""gamma_R2"": ""P1P2"", ""rho_ATMi_R2"": ""P1P2"", ""rho_ATRi_R2"": ""P1P2"", ""rho_R2"": ""P1P2"", ""rho_WEE1i_R2"": ""P1P2""}","{""gamma_R2"": ""14452"", ""rho_ATMi_R2"": ""14452"", ""rho_ATRi_R2"": ""14452"", ""rho_R2"": ""14452"", ""rho_WEE1i_R2"": ""14452""}",1,1,R3:15085,R3:15085,,included_primary
SLC30A9,R1:49005,PRKDC;SLC30A9,-0.183532377,False,True,True,True,True,True,True,"{""gamma_R2"": ""P1P2"", ""rho_ATMi_R2"": ""P1P2"", ""rho_ATRi_R2"": ""P1P2"", ""rho_R2"": ""P1P2"", ""rho_WEE1i_R2"": ""P1P2""}","{""gamma_R2"": ""14681"", ""rho_ATMi_R2"": ""14681"", ""rho_ATRi_R2"": ""14681"", ""rho_R2"": ""14681"", ""rho_WEE1i_R2"": ""14681""}",1,1,R3:15323,R3:15323,,included_primary
SLX1A,R1:18321,PRKDC;SLX1A,-0.542115743,False,True,True,True,True,True,True,"{""gamma_R2"": ""ENST00000251303.6"", ""rho_ATMi_R2"": ""ENST00000251303.6"", ""rho_ATRi_R2"": ""ENST00000251303.6"", ""rho_R2"": ""ENST00000251303.6"", ""rho_WEE1i_R2"": ""ENST00000251303.6""}","{""gamma_R2"": ""14895"", ""rho_ATMi_R2"": ""14895"", ""rho_ATRi_R2"": ""14895"", ""rho_R2"": ""14895"", ""rho_WEE1i_R2"": ""14895""}",1,1,R3:15551,R3:15551,,included_primary
SLX4,R1:36206,PRKDC;SLX4,-0.295062931,False,True,True,True,True,True,True,"{""gamma_R2"": ""P1P2"", ""rho_ATMi_R2"": ""P1P2"", ""rho_ATRi_R2"": ""P1P2"", ""rho_R2"": ""P1P2"", ""rho_WEE1i_R2"": ""P1P2""}","{""gamma_R2"": ""14896"", ""rho_ATMi_R2"": ""14896"", ""rho_ATRi_R2"": ""14896"", ""rho_R2"": ""14896"", ""rho_WEE1i_R2"": ""14896""}",1,1,R3:15553,R3:15553,,included_primary
SMARCAD1,R1:46648,PRKDC;SMARCAD1,-0.201842862,False,True,True,True,True,True,True,"{""gamma_R2"": ""P1P2"", ""rho_ATMi_R2"": ""P1P2"", ""rho_ATRi_R2"": ""P1P2"", ""rho_R2"": ""P1P2"", ""rho_WEE1i_R2"": ""P1P2""}","{""gamma_R2"": ""14913"", ""rho_ATMi_R2"": ""14913"", ""rho_ATRi_R2"": ""14913"", ""rho_R2"": ""14913"", ""rho_WEE1i_R2"": ""14913""}",1,1,R3:15571,R3:15571,,included_primary
SMARCAL1,R1:52865,PRKDC;SMARCAL1,-0.153691274,False,True,True,True,True,True,True,"{""gamma_R2"": ""P1P2"", ""rho_ATMi_R2"": ""P1P2"", ""rho_ATRi_R2"": ""P1P2"", ""rho_R2"": ""P1P2"", ""rho_WEE1i_R2"": ""P1P2""}","{""gamma_R2"": ""14914"", ""rho_ATMi_R2"": ""14914"", ""rho_ATRi_R2"": ""14914"", ""rho_R2"": ""14914"", ""rho_WEE1i_R2"": ""14914""}",1,1,R3:15572,R3:15572,,included_primary
SMC5,R1:121773,PRKDC;SMC5,0,False,True,True,True,True,True,True,"{""gamma_R2"": ""P1P2"", ""rho_ATMi_R2"": ""P1P2"", ""rho_ATRi_R2"": ""P1P2"", ""rho_R2"": ""P1P2"", ""rho_WEE1i_R2"": ""P1P2""}","{""gamma_R2"": ""14927"", ""rho_ATMi_R2"": ""14927"", ""rho_ATRi_R2"": ""14927"", ""rho_R2"": ""14927"", ""rho_WEE1i_R2"": ""14927""}",1,1,R3:15584,R3:15584,,included_primary
SMCHD1,R1:121774,PRKDC;SMCHD1,0,False,True,True,True,True,True,True,"{""gamma_R2"": ""P1P2"", ""rho_ATMi_R2"": ""P1P2"", ""rho_ATRi_R2"": ""P1P2"", ""rho_R2"": ""P1P2"", ""rho_WEE1i_R2"": ""P1P2""}","{""gamma_R2"": ""14929"", ""rho_ATMi_R2"": ""14929"", ""rho_ATRi_R2"": ""14929"", ""rho_R2"": ""14929"", ""rho_WEE1i_R2"": ""14929""}",1,1,R3:15585,R3:15585,,included_primary
SMEK2,R1:121775,PRKDC;SMEK2,0,False,True,True,True,True,True,True,"{""gamma_R2"": ""P1P2"", ""rho_ATMi_R2"": ""P1P2"", ""rho_ATRi_R2"": ""P1P2"", ""rho_R2"": ""P1P2"", ""rho_WEE1i_R2"": ""P1P2""}","{""gamma_R2"": ""14939"", ""rho_ATMi_R2"": ""14939"", ""rho_ATRi_R2"": ""14939"", ""rho_R2"": ""14939"", ""rho_WEE1i_R2"": ""14939""}",1,1,R3:15595,R3:15595,,included_primary
SMG1,R1:26153,PRKDC;SMG1,-0.413889398,False,True,True,True,True,True,True,"{""gamma_R2"": ""P1P2"", ""rho_ATMi_R2"": ""P1P2"", ""rho_ATRi_R2"": ""P1P2"", ""rho_R2"": ""P1P2"", ""rho_WEE1i_R2"": ""P1P2""}","{""gamma_R2"": ""14940"", ""rho_ATMi_R2"": ""14940"", ""rho_ATRi_R2"": ""14940"", ""rho_R2"": ""14940"", ""rho_WEE1i_R2"": ""14940""}",1,1,R3:15596,R3:15596,,included_primary
SMUG1,R1:21466,PRKDC;SMUG1,-0.485150795,False,True,True,True,True,True,True,"{""gamma_R2"": ""P1P2"", ""rho_ATMi_R2"": ""P1P2"", ""rho_ATRi_R2"": ""P1P2"", ""rho_R2"": ""P1P2"", ""rho_WEE1i_R2"": ""P1P2""}","{""gamma_R2"": ""14988"", ""rho_ATMi_R2"": ""14988"", ""rho_ATRi_R2"": ""14988"", ""rho_R2"": ""14988"", ""rho_WEE1i_R2"": ""14988""}",1,1,R3:15642,R3:15642,,included_primary
SPATA22,R1:32382,PRKDC;SPATA22,-0.336007479,False,True,True,True,True,True,True,"{""gamma_R2"": ""P1P2"", ""rho_ATMi_R2"": ""P1P2"", ""rho_ATRi_R2"": ""P1P2"", ""rho_R2"": ""P1P2"", ""rho_WEE1i_R2"": ""P1P2""}","{""gamma_R2"": ""15183"", ""rho_ATMi_R2"": ""15183"", ""rho_ATRi_R2"": ""15183"", ""rho_R2"": ""15183"", ""rho_WEE1i_R2"": ""15183""}",1,1,R3:15829,R3:15829,,included_primary
SPIDR,R1:53390,PRKDC;SPIDR,-0.149913636,False,True,True,True,True,True,True,"{""gamma_R2"": ""P1P2"", ""rho_ATMi_R2"": ""P1P2"", ""rho_ATRi_R2"": ""P1P2"", ""rho_R2"": ""P1P2"", ""rho_WEE1i_R2"": ""P1P2""}","{""gamma_R2"": ""15233"", ""rho_ATMi_R2"": ""15233"", ""rho_ATRi_R2"": ""15233"", ""rho_R2"": ""15233"", ""rho_WEE1i_R2"": ""15233""}",1,1,R3:15884,R3:15884,,included_primary
SPIRE1,R1:69824,PRKDC;SPIRE1,-0.038917366,False,True,True,True,True,True,True,"{""gamma_R2"": ""P1P2"", ""rho_ATMi_R2"": ""P1P2"", ""rho_ATRi_R2"": ""P1P2"", ""rho_R2"": ""P1P2"", ""rho_WEE1i_R2"": ""P1P2""}","{""gamma_R2"": ""15253"", ""rho_ATMi_R2"": ""15253"", ""rho_ATRi_R2"": ""15253"", ""rho_R2"": ""15253"", ""rho_WEE1i_R2"": ""15253""}",1,1,R3:15905,R3:15905,,included_primary
SPIRE2,R1:121776,PRKDC;SPIRE2,0,False,True,True,True,True,True,True,"{""gamma_R2"": ""P1P2"", ""rho_ATMi_R2"": ""P1P2"", ""rho_ATRi_R2"": ""P1P2"", ""rho_R2"": ""P1P2"", ""rho_WEE1i_R2"": ""P1P2""}","{""gamma_R2"": ""15254"", ""rho_ATMi_R2"": ""15254"", ""rho_ATRi_R2"": ""15254"", ""rho_R2"": ""15254"", ""rho_WEE1i_R2"": ""15254""}",1,1,R3:15906,R3:15906,,included_primary
SPO11,R1:121777,PRKDC;SPO11,0,False,True,True,True,True,True,True,"{""gamma_R2"": ""P1P2"", ""rho_ATMi_R2"": ""P1P2"", ""rho_ATRi_R2"": ""P1P2"", ""rho_R2"": ""P1P2"", ""rho_WEE1i_R2"": ""P1P2""}","{""gamma_R2"": ""15259"", ""rho_ATMi_R2"": ""15259"", ""rho_ATRi_R2"": ""15259"", ""rho_R2"": ""15259"", ""rho_WEE1i_R2"": ""15259""}",1,1,R3:15911,R3:15911,,included_primary
SPRTN,R1:121778,PRKDC;SPRTN,0,False,True,True,True,True,True,True,"{""gamma_R2"": ""P1P2"", ""rho_ATMi_R2"": ""P1P2"", ""rho_ATRi_R2"": ""P1P2"", ""rho_R2"": ""P1P2"", ""rho_WEE1i_R2"": ""P1P2""}","{""gamma_R2"": ""15289"", ""rho_ATMi_R2"": ""15289"", ""rho_ATRi_R2"": ""15289"", ""rho_R2"": ""15289"", ""rho_WEE1i_R2"": ""15289""}",1,1,R3:15946,R3:15946,,included_primary
STRA13,R1:31452,PRKDC;STRA13,-0.346041014,False,True,True,True,True,True,True,"{""gamma_R2"": ""P1P2"", ""rho_ATMi_R2"": ""P1P2"", ""rho_ATRi_R2"": ""P1P2"", ""rho_R2"": ""P1P2"", ""rho_WEE1i_R2"": ""P1P2""}","{""gamma_R2"": ""15527"", ""rho_ATMi_R2"": ""15527"", ""rho_ATRi_R2"": ""15527"", ""rho_R2"": ""15527"", ""rho_WEE1i_R2"": ""15527""}",1,1,R3:16187,R3:16187,,included_primary
STUB1,R1:36528,PRKDC;STUB1,-0.291607234,False,True,True,True,True,True,True,"{""gamma_R2"": ""P1P2"", ""rho_ATMi_R2"": ""P1P2"", ""rho_ATRi_R2"": ""P1P2"", ""rho_R2"": ""P1P2"", ""rho_WEE1i_R2"": ""P1P2""}","{""gamma_R2"": ""15543"", ""rho_ATMi_R2"": ""15543"", ""rho_ATRi_R2"": ""15543"", ""rho_R2"": ""15543"", ""rho_WEE1i_R2"": ""15543""}",1,1,R3:16203,R3:16203,,included_primary
SUMO1,R1:18840,PRKDC;SUMO1,-0.532046528,False,True,True,True,True,True,True,"{""gamma_R2"": ""P1P2"", ""rho_ATMi_R2"": ""P1P2"", ""rho_ATRi_R2"": ""P1P2"", ""rho_R2"": ""P1P2"", ""rho_WEE1i_R2"": ""P1P2""}","{""gamma_R2"": ""15598"", ""rho_ATMi_R2"": ""15598"", ""rho_ATRi_R2"": ""15598"", ""rho_R2"": ""15598"", ""rho_WEE1i_R2"": ""15598""}",1,1,R3:16266,R3:16266,,included_primary
SUV420H1,R1:121779,PRKDC;SUV420H1,0,False,True,True,True,True,True,True,"{""gamma_R2"": ""P1P2"", ""rho_ATMi_R2"": ""P1P2"", ""rho_ATRi_R2"": ""P1P2"", ""rho_R2"": ""P1P2"", ""rho_WEE1i_R2"": ""P1P2""}","{""gamma_R2"": ""15625"", ""rho_ATMi_R2"": ""15625"", ""rho_ATRi_R2"": ""15625"", ""rho_R2"": ""15625"", ""rho_WEE1i_R2"": ""15625""}",1,1,R3:16293,R3:16293,,included_primary
SUV420H2,R1:121780,PRKDC;SUV420H2,0,False,True,True,True,True,True,True,"{""gamma_R2"": ""P1P2"", ""rho_ATMi_R2"": ""P1P2"", ""rho_ATRi_R2"": ""P1P2"", ""rho_R2"": ""P1P2"", ""rho_WEE1i_R2"": ""P1P2""}","{""gamma_R2"": ""15626"", ""rho_ATMi_R2"": ""15626"", ""rho_ATRi_R2"": ""15626"", ""rho_R2"": ""15626"", ""rho_WEE1i_R2"": ""15626""}",1,1,R3:16294,R3:16294,,included_primary
SWI5,R1:121781,PRKDC;SWI5,0,False,True,True,True,True,True,True,"{""gamma_R2"": ""P1P2"", ""rho_ATMi_R2"": ""P1P2"", ""rho_ATRi_R2"": ""P1P2"", ""rho_R2"": ""P1P2"", ""rho_WEE1i_R2"": ""P1P2""}","{""gamma_R2"": ""15637"", ""rho_ATMi_R2"": ""15637"", ""rho_ATRi_R2"": ""15637"", ""rho_R2"": ""15637"", ""rho_WEE1i_R2"": ""15637""}",1,1,R3:16306,R3:16306,,included_primary
SWSAP1,R1:121782,PRKDC;SWSAP1,0,False,True,True,True,True,True,True,"{""gamma_R2"": ""P1P2"", ""rho_ATMi_R2"": ""P1P2"", ""rho_ATRi_R2"": ""P1P2"", ""rho_R2"": ""P1P2"", ""rho_WEE1i_R2"": ""P1P2""}","{""gamma_R2"": ""15638"", ""rho_ATMi_R2"": ""15638"", ""rho_ATRi_R2"": ""15638"", ""rho_R2"": ""15638"", ""rho_WEE1i_R2"": ""15638""}",1,1,R3:16307,R3:16307,,included_primary
SYCP1,R1:121783,PRKDC;SYCP1,0,False,True,True,True,True,True,True,"{""gamma_R2"": ""P1P2"", ""rho_ATMi_R2"": ""P1P2"", ""rho_ATRi_R2"": ""P1P2"", ""rho_R2"": ""P1P2"", ""rho_WEE1i_R2"": ""P1P2""}","{""gamma_R2"": ""15647"", ""rho_ATMi_R2"": ""15647"", ""rho_ATRi_R2"": ""15647"", ""rho_R2"": ""15647"", ""rho_WEE1i_R2"": ""15647""}",1,1,R3:16317,R3:16317,,included_primary
TAOK1,R1:121784,PRKDC;TAOK1,0,False,True,True,True,True,True,True,"{""gamma_R2"": ""P1P2"", ""rho_ATMi_R2"": ""P1P2"", ""rho_ATRi_R2"": ""P1P2"", ""rho_R2"": ""P1P2"", ""rho_WEE1i_R2"": ""P1P2""}","{""gamma_R2"": ""15769"", ""rho_ATMi_R2"": ""15769"", ""rho_ATRi_R2"": ""15769"", ""rho_R2"": ""15769"", ""rho_WEE1i_R2"": ""15769""}",1,1,R3:16447,R3:16447,,included_primary
TCEA1,R1:69989,PRKDC;TCEA1,-0.037678923,False,True,True,True,True,True,True,"{""gamma_R2"": ""P1P2"", ""rho_ATMi_R2"": ""P1P2"", ""rho_ATRi_R2"": ""P1P2"", ""rho_R2"": ""P1P2"", ""rho_WEE1i_R2"": ""P1P2""}","{""gamma_R2"": ""15895"", ""rho_ATMi_R2"": ""15895"", ""rho_ATRi_R2"": ""15895"", ""rho_R2"": ""15895"", ""rho_WEE1i_R2"": ""15895""}",1,1,R3:16578,R3:16578,,included_primary
TDG,R1:121785,PRKDC;TDG,0,False,True,True,True,True,True,True,"{""gamma_R2"": ""P1P2"", ""rho_ATMi_R2"": ""P1P2"", ""rho_ATRi_R2"": ""P1P2"", ""rho_R2"": ""P1P2"", ""rho_WEE1i_R2"": ""P1P2""}","{""gamma_R2"": ""15954"", ""rho_ATMi_R2"": ""15954"", ""rho_ATRi_R2"": ""15954"", ""rho_R2"": ""15954"", ""rho_WEE1i_R2"": ""15954""}",1,1,R3:16640,R3:16640,,included_primary
TDP1,R1:42218,PRKDC;TDP1,-0.238560948,False,True,True,True,True,True,True,"{""gamma_R2"": ""P1P2"", ""rho_ATMi_R2"": ""P1P2"", ""rho_ATRi_R2"": ""P1P2"", ""rho_R2"": ""P1P2"", ""rho_WEE1i_R2"": ""P1P2""}","{""gamma_R2"": ""15957"", ""rho_ATMi_R2"": ""15957"", ""rho_ATRi_R2"": ""15957"", ""rho_R2"": ""15957"", ""rho_WEE1i_R2"": ""15957""}",1,1,R3:16643,R3:16643,,included_primary
TDP2,R1:21671,PRKDC;TDP2,-0.481434871,False,True,True,True,True,True,True,"{""gamma_R2"": ""P1P2"", ""rho_ATMi_R2"": ""P1P2"", ""rho_ATRi_R2"": ""P1P2"", ""rho_R2"": ""P1P2"", ""rho_WEE1i_R2"": ""P1P2""}","{""gamma_R2"": ""15958"", ""rho_ATMi_R2"": ""15958"", ""rho_ATRi_R2"": ""15958"", ""rho_R2"": ""15958"", ""rho_WEE1i_R2"": ""15958""}",1,1,R3:16644,R3:16644,,included_primary
TERF2IP,R1:21233,PRKDC;TERF2IP,-0.489517278,False,True,True,True,True,True,True,"{""gamma_R2"": ""P1P2"", ""rho_ATMi_R2"": ""P1P2"", ""rho_ATRi_R2"": ""P1P2"", ""rho_R2"": ""P1P2"", ""rho_WEE1i_R2"": ""P1P2""}","{""gamma_R2"": ""16000"", ""rho_ATMi_R2"": ""16000"", ""rho_ATRi_R2"": ""16000"", ""rho_R2"": ""16000"", ""rho_WEE1i_R2"": ""16000""}",1,1,R3:16686,R3:16686,,included_primary
TEX12,R1:121787,PRKDC;TEX12,0,False,True,True,True,True,True,True,"{""gamma_R2"": ""P1P2"", ""rho_ATMi_R2"": ""P1P2"", ""rho_ATRi_R2"": ""P1P2"", ""rho_R2"": ""P1P2"", ""rho_WEE1i_R2"": ""P1P2""}","{""gamma_R2"": ""16013"", ""rho_ATMi_R2"": ""16013"", ""rho_ATRi_R2"": ""16013"", ""rho_R2"": ""16013"", ""rho_WEE1i_R2"": ""16013""}",1,1,R3:16700,R3:16700,,included_primary
TEX15,R1:121788,PRKDC;TEX15,0,False,True,True,True,True,True,True,"{""gamma_R2"": ""ENST00000256246.2"", ""rho_ATMi_R2"": ""ENST00000256246.2"", ""rho_ATRi_R2"": ""ENST00000256246.2"", ""rho_R2"": ""ENST00000256246.2"", ""rho_WEE1i_R2"": ""ENST00000256246.2""}","{""gamma_R2"": ""16017"", ""rho_ATMi_R2"": ""16017"", ""rho_ATRi_R2"": ""16017"", ""rho_R2"": ""16017"", ""rho_WEE1i_R2"": ""16017""}",1,1,R3:16704,R3:16704,,included_primary
TFPT,R1:6141,PRKDC;TFPT,-0.935628435,False,True,True,True,True,True,True,"{""gamma_R2"": ""P1P2"", ""rho_ATMi_R2"": ""P1P2"", ""rho_ATRi_R2"": ""P1P2"", ""rho_R2"": ""P1P2"", ""rho_WEE1i_R2"": ""P1P2""}","{""gamma_R2"": ""16059"", ""rho_ATMi_R2"": ""16059"", ""rho_ATRi_R2"": ""16059"", ""rho_R2"": ""16059"", ""rho_WEE1i_R2"": ""16059""}",1,1,R3:16750,R3:16750,,included_primary
TMEM161A,R1:121789,PRKDC;TMEM161A,0,False,True,True,True,True,True,True,"{""gamma_R2"": ""P1P2"", ""rho_ATMi_R2"": ""P1P2"", ""rho_ATRi_R2"": ""P1P2"", ""rho_R2"": ""P1P2"", ""rho_WEE1i_R2"": ""P1P2""}","{""gamma_R2"": ""16337"", ""rho_ATMi_R2"": ""16337"", ""rho_ATRi_R2"": ""16337"", ""rho_R2"": ""16337"", ""rho_WEE1i_R2"": ""16337""}",1,1,R3:17047,R3:17047,,included_primary
TNP1,R1:121792,PRKDC;TNP1,0,False,True,True,True,True,True,True,"{""gamma_R2"": ""P1P2"", ""rho_ATMi_R2"": ""P1P2"", ""rho_ATRi_R2"": ""P1P2"", ""rho_R2"": ""P1P2"", ""rho_WEE1i_R2"": ""P1P2""}","{""gamma_R2"": ""16624"", ""rho_ATMi_R2"": ""16624"", ""rho_ATRi_R2"": ""16624"", ""rho_R2"": ""16624"", ""rho_WEE1i_R2"": ""16624""}",1,1,R3:17355,R3:17355,,included_primary
TOP3A,R1:19849,PRKDC;TOP3A,-0.513001478,False,True,True,True,True,True,True,"{""gamma_R2"": ""P1P2"", ""rho_ATMi_R2"": ""P1P2"", ""rho_ATRi_R2"": ""P1P2"", ""rho_R2"": ""P1P2"", ""rho_WEE1i_R2"": ""P1P2""}","{""gamma_R2"": ""16659"", ""rho_ATMi_R2"": ""16659"", ""rho_ATRi_R2"": ""16659"", ""rho_R2"": ""16659"", ""rho_WEE1i_R2"": ""16659""}",1,1,R3:17386,R3:17386,,included_primary
TP53,R1:121793,PRKDC;TP53,0,False,True,True,True,True,True,True,"{""gamma_R2"": ""P1P2"", ""rho_ATMi_R2"": ""P1P2"", ""rho_ATRi_R2"": ""P1P2"", ""rho_R2"": ""P1P2"", ""rho_WEE1i_R2"": ""P1P2""}","{""gamma_R2"": ""16675"", ""rho_ATMi_R2"": ""16675"", ""rho_ATRi_R2"": ""16675"", ""rho_R2"": ""16675"", ""rho_WEE1i_R2"": ""16675""}",1,1,R3:17401,R3:17401,,included_primary
TP73,R1:121794,PRKDC;TP73,0,False,True,True,True,True,True,True,"{""gamma_R2"": ""P1P2"", ""rho_ATMi_R2"": ""P1P2"", ""rho_ATRi_R2"": ""P1P2"", ""rho_R2"": ""P1P2"", ""rho_WEE1i_R2"": ""P1P2""}","{""gamma_R2"": ""16688"", ""rho_ATMi_R2"": ""16688"", ""rho_ATRi_R2"": ""16688"", ""rho_R2"": ""16688"", ""rho_WEE1i_R2"": ""16688""}",1,1,R3:17415,R3:17415,,included_primary
TREX1,R1:121795,PRKDC;TREX1,0,False,True,True,True,True,True,True,"{""gamma_R2"": ""P1P2"", ""rho_ATMi_R2"": ""P1P2"", ""rho_ATRi_R2"": ""P1P2"", ""rho_R2"": ""P1P2"", ""rho_WEE1i_R2"": ""P1P2""}","{""gamma_R2"": ""16780"", ""rho_ATMi_R2"": ""16780"", ""rho_ATRi_R2"": ""16780"", ""rho_R2"": ""16780"", ""rho_WEE1i_R2"": ""16780""}",1,1,R3:17515,R3:17515,,included_primary
TRIM25,R1:121796,PRKDC;TRIM25,0,False,True,True,True,True,True,True,"{""gamma_R2"": ""P1P2"", ""rho_ATMi_R2"": ""P1P2"", ""rho_ATRi_R2"": ""P1P2"", ""rho_R2"": ""P1P2"", ""rho_WEE1i_R2"": ""P1P2""}","{""gamma_R2"": ""16803"", ""rho_ATMi_R2"": ""16803"", ""rho_ATRi_R2"": ""16803"", ""rho_R2"": ""16803"", ""rho_WEE1i_R2"": ""16803""}",1,1,R3:17538,R3:17538,,included_primary
TRIM28,R1:121797,PRKDC;TRIM28,0,False,True,True,True,True,True,True,"{""gamma_R2"": ""P1P2"", ""rho_ATMi_R2"": ""P1P2"", ""rho_ATRi_R2"": ""P1P2"", ""rho_R2"": ""P1P2"", ""rho_WEE1i_R2"": ""P1P2""}","{""gamma_R2"": ""16806"", ""rho_ATMi_R2"": ""16806"", ""rho_ATRi_R2"": ""16806"", ""rho_R2"": ""16806"", ""rho_WEE1i_R2"": ""16806""}",1,1,R3:17541,R3:17541,,included_primary
TRIP12,R1:14114,PRKDC;TRIP12,-0.639971716,False,True,True,True,True,True,True,"{""gamma_R2"": ""P1P2"", ""rho_ATMi_R2"": ""P1P2"", ""rho_ATRi_R2"": ""P1P2"", ""rho_R2"": ""P1P2"", ""rho_WEE1i_R2"": ""P1P2""}","{""gamma_R2"": ""16864"", ""rho_ATMi_R2"": ""16864"", ""rho_ATRi_R2"": ""16864"", ""rho_R2"": ""16864"", ""rho_WEE1i_R2"": ""16864""}",1,1,R3:17607,R3:17607,,included_primary
TRIP13,R1:3641,PRKDC;TRIP13,-1.118745998,True,True,True,True,True,True,True,"{""gamma_R2"": ""P1P2"", ""rho_ATMi_R2"": ""P1P2"", ""rho_ATRi_R2"": ""P1P2"", ""rho_R2"": ""P1P2"", ""rho_WEE1i_R2"": ""P1P2""}","{""gamma_R2"": ""16865"", ""rho_ATMi_R2"": ""16865"", ""rho_ATRi_R2"": ""16865"", ""rho_R2"": ""16865"", ""rho_WEE1i_R2"": ""16865""}",1,1,R3:17608,R3:17608,,included_primary
TRRAP,R1:40244,PRKDC;TRRAP,-0.256137258,False,True,True,True,True,True,True,"{""gamma_R2"": ""P1P2"", ""rho_ATMi_R2"": ""P1P2"", ""rho_ATRi_R2"": ""P1P2"", ""rho_R2"": ""P1P2"", ""rho_WEE1i_R2"": ""P1P2""}","{""gamma_R2"": ""16918"", ""rho_ATMi_R2"": ""16918"", ""rho_ATRi_R2"": ""16918"", ""rho_R2"": ""16918"", ""rho_WEE1i_R2"": ""16918""}",1,1,R3:17662,R3:17662,,included_primary
TTC5,R1:121798,PRKDC;TTC5,0,False,True,True,True,True,True,True,"{""gamma_R2"": ""P1P2"", ""rho_ATMi_R2"": ""P1P2"", ""rho_ATRi_R2"": ""P1P2"", ""rho_R2"": ""P1P2"", ""rho_WEE1i_R2"": ""P1P2""}","{""gamma_R2"": ""17029"", ""rho_ATMi_R2"": ""17029"", ""rho_ATRi_R2"": ""17029"", ""rho_R2"": ""17029"", ""rho_WEE1i_R2"": ""17029""}",1,1,R3:17775,R3:17775,,included_primary
TWIST1,R1:121799,PRKDC;TWIST1,0,False,True,True,True,True,True,True,"{""gamma_R2"": ""P1P2"", ""rho_ATMi_R2"": ""P1P2"", ""rho_ATRi_R2"": ""P1P2"", ""rho_R2"": ""P1P2"", ""rho_WEE1i_R2"": ""P1P2""}","{""gamma_R2"": ""17105"", ""rho_ATMi_R2"": ""17105"", ""rho_ATRi_R2"": ""17105"", ""rho_R2"": ""17105"", ""rho_WEE1i_R2"": ""17105""}",1,1,R3:17857,R3:17857,,included_primary
UBC,R1:121801,PRKDC;UBC,0,False,True,True,True,True,True,True,"{""gamma_R2"": ""P1P2"", ""rho_ATMi_R2"": ""P1P2"", ""rho_ATRi_R2"": ""P1P2"", ""rho_R2"": ""P1P2"", ""rho_WEE1i_R2"": ""P1P2""}","{""gamma_R2"": ""17168"", ""rho_ATMi_R2"": ""17168"", ""rho_ATRi_R2"": ""17168"", ""rho_R2"": ""17168"", ""rho_WEE1i_R2"": ""17168""}",1,1,R3:17921,R3:17921,,included_primary
UBE2A,R1:51602,PRKDC;UBE2A,-0.16327237,False,True,True,True,True,True,True,"{""gamma_R2"": ""P1P2"", ""rho_ATMi_R2"": ""P1P2"", ""rho_ATRi_R2"": ""P1P2"", ""rho_R2"": ""P1P2"", ""rho_WEE1i_R2"": ""P1P2""}","{""gamma_R2"": ""17170"", ""rho_ATMi_R2"": ""17170"", ""rho_ATRi_R2"": ""17170"", ""rho_R2"": ""17170"", ""rho_WEE1i_R2"": ""17170""}",1,1,R3:17923,R3:17923,,included_primary
UBE2B,R1:11859,PRKDC;UBE2B,-0.701380644,False,True,True,True,True,True,True,"{""gamma_R2"": ""P1P2"", ""rho_ATMi_R2"": ""P1P2"", ""rho_ATRi_R2"": ""P1P2"", ""rho_R2"": ""P1P2"", ""rho_WEE1i_R2"": ""P1P2""}","{""gamma_R2"": ""17171"", ""rho_ATMi_R2"": ""17171"", ""rho_ATRi_R2"": ""17171"", ""rho_R2"": ""17171"", ""rho_WEE1i_R2"": ""17171""}",1,1,R3:17924,R3:17924,,included_primary
UBE2D3,R1:6789,PRKDC;UBE2D3,-0.899603533,False,True,True,True,True,True,True,"{""gamma_R2"": ""P1P2"", ""rho_ATMi_R2"": ""P1P2"", ""rho_ATRi_R2"": ""P1P2"", ""rho_R2"": ""P1P2"", ""rho_WEE1i_R2"": ""P1P2""}","{""gamma_R2"": ""17175"", ""rho_ATMi_R2"": ""17175"", ""rho_ATRi_R2"": ""17175"", ""rho_R2"": ""17175"", ""rho_WEE1i_R2"": ""17175""}",1,1,R3:17928,R3:17928,,included_primary
UBE2L6,R1:121802,PRKDC;UBE2L6,0,False,True,True,True,True,True,True,"{""gamma_R2"": ""P1P2"", ""rho_ATMi_R2"": ""P1P2"", ""rho_ATRi_R2"": ""P1P2"", ""rho_R2"": ""P1P2"", ""rho_WEE1i_R2"": ""P1P2""}","{""gamma_R2"": ""17189"", ""rho_ATMi_R2"": ""17189"", ""rho_ATRi_R2"": ""17189"", ""rho_R2"": ""17189"", ""rho_WEE1i_R2"": ""17189""}",1,1,R3:17941,R3:17941,,included_primary
UBE2N,R1:4940,PRKDC;UBE2N,-1.012790086,True,True,True,True,True,True,True,"{""gamma_R2"": ""P1P2"", ""rho_ATMi_R2"": ""P1P2"", ""rho_ATRi_R2"": ""P1P2"", ""rho_R2"": ""P1P2"", ""rho_WEE1i_R2"": ""P1P2""}","{""gamma_R2"": ""17191"", ""rho_ATMi_R2"": ""17191"", ""rho_ATRi_R2"": ""17191"", ""rho_R2"": ""17191"", ""rho_WEE1i_R2"": ""17191""}",1,1,R3:17943,R3:17943,,included_primary
UBE2T,R1:121803,PRKDC;UBE2T,0,False,True,True,True,True,True,True,"{""gamma_R2"": ""P1P2"", ""rho_ATMi_R2"": ""P1P2"", ""rho_ATRi_R2"": ""P1P2"", ""rho_R2"": ""P1P2"", ""rho_WEE1i_R2"": ""P1P2""}","{""gamma_R2"": ""17199"", ""rho_ATMi_R2"": ""17199"", ""rho_ATRi_R2"": ""17199"", ""rho_R2"": ""17199"", ""rho_WEE1i_R2"": ""17199""}",1,1,R3:17951,R3:17951,,included_primary
UBE2U,R1:121804,PRKDC;UBE2U,0,False,True,True,True,True,True,True,"{""gamma_R2"": ""P1P2"", ""rho_ATMi_R2"": ""P1P2"", ""rho_ATRi_R2"": ""P1P2"", ""rho_R2"": ""P1P2"", ""rho_WEE1i_R2"": ""P1P2""}","{""gamma_R2"": ""17200"", ""rho_ATMi_R2"": ""17200"", ""rho_ATRi_R2"": ""17200"", ""rho_R2"": ""17200"", ""rho_WEE1i_R2"": ""17200""}",1,1,R3:17952,R3:17952,,included_primary
UBE2V1,R1:39821,PRKDC;UBE2V1,-0.259974802,False,True,True,True,True,True,True,"{""gamma_R2"": ""P1P2"", ""rho_ATMi_R2"": ""P1P2"", ""rho_ATRi_R2"": ""P1P2"", ""rho_R2"": ""P1P2"", ""rho_WEE1i_R2"": ""P1P2""}","{""gamma_R2"": ""17201"", ""rho_ATMi_R2"": ""17201"", ""rho_ATRi_R2"": ""17201"", ""rho_R2"": ""17201"", ""rho_WEE1i_R2"": ""17201""}",1,1,R3:17953,R3:17953,,included_primary
UBE2V2,R1:4749,PRKDC;UBE2V2,-1.026479898,True,True,True,True,True,True,True,"{""gamma_R2"": ""P1P2"", ""rho_ATMi_R2"": ""P1P2"", ""rho_ATRi_R2"": ""P1P2"", ""rho_R2"": ""P1P2"", ""rho_WEE1i_R2"": ""P1P2""}","{""gamma_R2"": ""17202"", ""rho_ATMi_R2"": ""17202"", ""rho_ATRi_R2"": ""17202"", ""rho_R2"": ""17202"", ""rho_WEE1i_R2"": ""17202""}",1,1,R3:17954,R3:17954,,included_primary
UBE2W,R1:121805,PRKDC;UBE2W,0,False,True,True,True,True,True,True,"{""gamma_R2"": ""P1P2"", ""rho_ATMi_R2"": ""P1P2"", ""rho_ATRi_R2"": ""P1P2"", ""rho_R2"": ""P1P2"", ""rho_WEE1i_R2"": ""P1P2""}","{""gamma_R2"": ""17203"", ""rho_ATMi_R2"": ""17203"", ""rho_ATRi_R2"": ""17203"", ""rho_R2"": ""17203"", ""rho_WEE1i_R2"": ""17203""}",1,1,R3:17955,R3:17955,,included_primary
UBR5,R1:3457,PRKDC;UBR5,-1.137669476,True,True,True,True,True,True,True,"{""gamma_R2"": ""P1P2"", ""rho_ATMi_R2"": ""P1P2"", ""rho_ATRi_R2"": ""P1P2"", ""rho_R2"": ""P1P2"", ""rho_WEE1i_R2"": ""P1P2""}","{""gamma_R2"": ""17231"", ""rho_ATMi_R2"": ""17231"", ""rho_ATRi_R2"": ""17231"", ""rho_R2"": ""17231"", ""rho_WEE1i_R2"": ""17231""}",1,1,R3:17984,R3:17984,,included_primary
UCHL5,R1:22794,PRKDC;UCHL5,-0.463426103,False,True,True,True,True,True,True,"{""gamma_R2"": ""P1P2"", ""rho_ATMi_R2"": ""P1P2"", ""rho_ATRi_R2"": ""P1P2"", ""rho_R2"": ""P1P2"", ""rho_WEE1i_R2"": ""P1P2""}","{""gamma_R2"": ""17247"", ""rho_ATMi_R2"": ""17247"", ""rho_ATRi_R2"": ""17247"", ""rho_R2"": ""17247"", ""rho_WEE1i_R2"": ""17247""}",1,1,R3:18002,R3:18002,,included_primary
UHRF1,R1:4116,PRKDC;UHRF1,-1.076685134,True,True,True,True,True,True,True,"{""gamma_R2"": ""P1P2"", ""rho_ATMi_R2"": ""P1P2"", ""rho_ATRi_R2"": ""P1P2"", ""rho_R2"": ""P1P2"", ""rho_WEE1i_R2"": ""P1P2""}","{""gamma_R2"": ""17288"", ""rho_ATMi_R2"": ""17288"", ""rho_ATRi_R2"": ""17288"", ""rho_R2"": ""17288"", ""rho_WEE1i_R2"": ""17288""}",1,1,R3:18044,R3:18044,,included_primary
UIMC1,R1:121807,PRKDC;UIMC1,0,False,True,True,True,True,True,True,"{""gamma_R2"": ""P1P2"", ""rho_ATMi_R2"": ""P1P2"", ""rho_ATRi_R2"": ""P1P2"", ""rho_R2"": ""P1P2"", ""rho_WEE1i_R2"": ""P1P2""}","{""gamma_R2"": ""17292"", ""rho_ATMi_R2"": ""17292"", ""rho_ATRi_R2"": ""17292"", ""rho_R2"": ""17292"", ""rho_WEE1i_R2"": ""17292""}",1,1,R3:18048,R3:18048,,included_primary
UNG,R1:19620,PRKDC;UNG,-0.517226991,False,True,True,True,True,True,True,"{""gamma_R2"": ""P1P2"", ""rho_ATMi_R2"": ""P1P2"", ""rho_ATRi_R2"": ""P1P2"", ""rho_R2"": ""P1P2"", ""rho_WEE1i_R2"": ""P1P2""}","{""gamma_R2"": ""17322"", ""rho_ATMi_R2"": ""17322"", ""rho_ATRi_R2"": ""17322"", ""rho_R2"": ""17322"", ""rho_WEE1i_R2"": ""17322""}",1,1,R3:18080,R3:18080,,included_primary
USP1,R1:121808,PRKDC;USP1,0,False,True,True,True,True,True,True,"{""gamma_R2"": ""P1P2"", ""rho_ATMi_R2"": ""P1P2"", ""rho_ATRi_R2"": ""P1P2"", ""rho_R2"": ""P1P2"", ""rho_WEE1i_R2"": ""P1P2""}","{""gamma_R2"": ""17369"", ""rho_ATMi_R2"": ""17369"", ""rho_ATRi_R2"": ""17369"", ""rho_R2"": ""17369"", ""rho_WEE1i_R2"": ""17369""}",1,1,R3:18128,R3:18128,,included_primary
USP10,R1:42477,PRKDC;USP10,-0.236487994,False,True,True,True,True,True,True,"{""gamma_R2"": ""P1P2"", ""rho_ATMi_R2"": ""P1P2"", ""rho_ATRi_R2"": ""P1P2"", ""rho_R2"": ""P1P2"", ""rho_WEE1i_R2"": ""P1P2""}","{""gamma_R2"": ""17370"", ""rho_ATMi_R2"": ""17370"", ""rho_ATRi_R2"": ""17370"", ""rho_R2"": ""17370"", ""rho_WEE1i_R2"": ""17370""}",1,1,R3:18129,R3:18129,,included_primary
USP28,R1:64818,PRKDC;USP28,-0.071454259,False,True,True,True,True,True,True,"{""gamma_R2"": ""P1P2"", ""rho_ATMi_R2"": ""P1P2"", ""rho_ATRi_R2"": ""P1P2"", ""rho_R2"": ""P1P2"", ""rho_WEE1i_R2"": ""P1P2""}","{""gamma_R2"": ""17387"", ""rho_ATMi_R2"": ""17387"", ""rho_ATRi_R2"": ""17387"", ""rho_R2"": ""17387"", ""rho_WEE1i_R2"": ""17387""}",1,1,R3:18147,R3:18147,,included_primary
USP3,R1:121809,PRKDC;USP3,0,False,True,True,True,True,True,True,"{""gamma_R2"": ""P1P2"", ""rho_ATMi_R2"": ""P1P2"", ""rho_ATRi_R2"": ""P1P2"", ""rho_R2"": ""P1P2"", ""rho_WEE1i_R2"": ""P1P2""}","{""gamma_R2"": ""17389"", ""rho_ATMi_R2"": ""17389"", ""rho_ATRi_R2"": ""17389"", ""rho_R2"": ""17389"", ""rho_WEE1i_R2"": ""17389""}",1,1,R3:18149,R3:18149,,included_primary
USP43,R1:22751,PRKDC;USP43,-0.464020336,False,True,True,True,True,True,True,"{""gamma_R2"": ""P1P2"", ""rho_ATMi_R2"": ""P1P2"", ""rho_ATRi_R2"": ""P1P2"", ""rho_R2"": ""P1P2"", ""rho_WEE1i_R2"": ""P1P2""}","{""gamma_R2"": ""17404"", ""rho_ATMi_R2"": ""17404"", ""rho_ATRi_R2"": ""17404"", ""rho_R2"": ""17404"", ""rho_WEE1i_R2"": ""17404""}",1,1,R3:18164,R3:18164,,included_primary
USP45,R1:74159,PRKDC;USP45,-0.011244001,False,True,True,True,True,True,True,"{""gamma_R2"": ""P1P2"", ""rho_ATMi_R2"": ""P1P2"", ""rho_ATRi_R2"": ""P1P2"", ""rho_R2"": ""P1P2"", ""rho_WEE1i_R2"": ""P1P2""}","{""gamma_R2"": ""17406"", ""rho_ATMi_R2"": ""17406"", ""rho_ATRi_R2"": ""17406"", ""rho_R2"": ""17406"", ""rho_WEE1i_R2"": ""17406""}",1,1,R3:18167,R3:18167,,included_primary
USP47,R1:121810,PRKDC;USP47,0,False,True,True,True,True,True,True,"{""gamma_R2"": ""P1P2"", ""rho_ATMi_R2"": ""P1P2"", ""rho_ATRi_R2"": ""P1P2"", ""rho_R2"": ""P1P2"", ""rho_WEE1i_R2"": ""P1P2""}","{""gamma_R2"": ""17408"", ""rho_ATMi_R2"": ""17408"", ""rho_ATRi_R2"": ""17408"", ""rho_R2"": ""17408"", ""rho_WEE1i_R2"": ""17408""}",1,1,R3:18169,R3:18169,,included_primary
USP51,R1:46683,PRKDC;USP51,-0.201564363,False,True,True,True,True,True,True,"{""gamma_R2"": ""P1P2"", ""rho_ATMi_R2"": ""P1P2"", ""rho_ATRi_R2"": ""P1P2"", ""rho_R2"": ""P1P2"", ""rho_WEE1i_R2"": ""P1P2""}","{""gamma_R2"": ""17413"", ""rho_ATMi_R2"": ""17413"", ""rho_ATRi_R2"": ""17413"", ""rho_R2"": ""17413"", ""rho_WEE1i_R2"": ""17413""}",1,1,R3:18175,R3:18175,,included_primary
USP7,R1:46774,PRKDC;USP7,-0.201008299,False,True,True,True,True,True,True,"{""gamma_R2"": ""P1P2"", ""rho_ATMi_R2"": ""P1P2"", ""rho_ATRi_R2"": ""P1P2"", ""rho_R2"": ""P1P2"", ""rho_WEE1i_R2"": ""P1P2""}","{""gamma_R2"": ""17418"", ""rho_ATMi_R2"": ""17418"", ""rho_ATRi_R2"": ""17418"", ""rho_R2"": ""17418"", ""rho_WEE1i_R2"": ""17418""}",1,1,R3:18181,R3:18181,,included_primary
UVRAG,R1:39300,PRKDC;UVRAG,-0.264635037,False,True,True,True,True,True,True,"{""gamma_R2"": ""P1P2"", ""rho_ATMi_R2"": ""P1P2"", ""rho_ATRi_R2"": ""P1P2"", ""rho_R2"": ""P1P2"", ""rho_WEE1i_R2"": ""P1P2""}","{""gamma_R2"": ""17436"", ""rho_ATMi_R2"": ""17436"", ""rho_ATRi_R2"": ""17436"", ""rho_R2"": ""17436"", ""rho_WEE1i_R2"": ""17436""}",1,1,R3:18192,R3:18192,,included_primary
WAS,R1:121811,PRKDC;WAS,0,False,True,True,True,True,True,True,"{""gamma_R2"": ""P1P2"", ""rho_ATMi_R2"": ""P1P2"", ""rho_ATRi_R2"": ""P1P2"", ""rho_R2"": ""P1P2"", ""rho_WEE1i_R2"": ""P1P2""}","{""gamma_R2"": ""17588"", ""rho_ATMi_R2"": ""17588"", ""rho_ATRi_R2"": ""17588"", ""rho_R2"": ""17588"", ""rho_WEE1i_R2"": ""17588""}",1,1,R3:18345,R3:18345,,included_primary
WDR48,R1:121812,PRKDC;WDR48,0,False,True,True,True,True,True,True,"{""gamma_R2"": ""P1P2"", ""rho_ATMi_R2"": ""P1P2"", ""rho_ATRi_R2"": ""P1P2"", ""rho_R2"": ""P1P2"", ""rho_WEE1i_R2"": ""P1P2""}","{""gamma_R2"": ""17638"", ""rho_ATMi_R2"": ""17638"", ""rho_ATRi_R2"": ""17638"", ""rho_R2"": ""17638"", ""rho_WEE1i_R2"": ""17638""}",1,1,R3:18390,R3:18390,,included_primary
WHSC1,R1:38417,PRKDC;WHSC1,-0.272981998,False,True,True,True,True,True,True,"{""gamma_R2"": ""P1P2"", ""rho_ATMi_R2"": ""P1P2"", ""rho_ATRi_R2"": ""P1P2"", ""rho_R2"": ""P1P2"", ""rho_WEE1i_R2"": ""P1P2""}","{""gamma_R2"": ""17696"", ""rho_ATMi_R2"": ""17696"", ""rho_ATRi_R2"": ""17696"", ""rho_R2"": ""17696"", ""rho_WEE1i_R2"": ""17696""}",1,1,R3:18450,R3:18450,,included_primary
WRAP53,R1:121813,PRKDC;WRAP53,0,False,True,True,True,True,True,True,"{""gamma_R2"": ""P1P2"", ""rho_ATMi_R2"": ""P1P2"", ""rho_ATRi_R2"": ""P1P2"", ""rho_R2"": ""P1P2"", ""rho_WEE1i_R2"": ""P1P2""}","{""gamma_R2"": ""17733"", ""rho_ATMi_R2"": ""17733"", ""rho_ATRi_R2"": ""17733"", ""rho_R2"": ""17733"", ""rho_WEE1i_R2"": ""17733""}",1,1,R3:18493,R3:18493,,included_primary
WRN,R1:23853,PRKDC;WRN,-0.446796298,False,True,True,True,True,True,True,"{""gamma_R2"": ""P1P2"", ""rho_ATMi_R2"": ""P1P2"", ""rho_ATRi_R2"": ""P1P2"", ""rho_R2"": ""P1P2"", ""rho_WEE1i_R2"": ""P1P2""}","{""gamma_R2"": ""17736"", ""rho_ATMi_R2"": ""17736"", ""rho_ATRi_R2"": ""17736"", ""rho_R2"": ""17736"", ""rho_WEE1i_R2"": ""17736""}",1,1,R3:18496,R3:18496,,included_primary
WRNIP1,R1:121814,PRKDC;WRNIP1,0,False,True,True,True,True,True,True,"{""gamma_R2"": ""P1P2"", ""rho_ATMi_R2"": ""P1P2"", ""rho_ATRi_R2"": ""P1P2"", ""rho_R2"": ""P1P2"", ""rho_WEE1i_R2"": ""P1P2""}","{""gamma_R2"": ""17737"", ""rho_ATMi_R2"": ""17737"", ""rho_ATRi_R2"": ""17737"", ""rho_R2"": ""17737"", ""rho_WEE1i_R2"": ""17737""}",1,1,R3:18497,R3:18497,,included_primary
XPA,R1:121815,PRKDC;XPA,0,False,True,True,True,True,True,True,"{""gamma_R2"": ""P1P2"", ""rho_ATMi_R2"": ""P1P2"", ""rho_ATRi_R2"": ""P1P2"", ""rho_R2"": ""P1P2"", ""rho_WEE1i_R2"": ""P1P2""}","{""gamma_R2"": ""17777"", ""rho_ATMi_R2"": ""17777"", ""rho_ATRi_R2"": ""17777"", ""rho_R2"": ""17777"", ""rho_WEE1i_R2"": ""17777""}",1,1,R3:18537,R3:18537,,included_primary
XRCC1,R1:56170,PRKDC;XRCC1,-0.130528234,False,True,True,True,True,True,True,"{""gamma_R2"": ""P1P2"", ""rho_ATMi_R2"": ""P1P2"", ""rho_ATRi_R2"": ""P1P2"", ""rho_R2"": ""P1P2"", ""rho_WEE1i_R2"": ""P1P2""}","{""gamma_R2"": ""17789"", ""rho_ATMi_R2"": ""17789"", ""rho_ATRi_R2"": ""17789"", ""rho_R2"": ""17789"", ""rho_WEE1i_R2"": ""17789""}",1,1,R3:18548,R3:18548,,included_primary
XRCC2,R1:30985,PRKDC;XRCC2,-0.3517076,False,True,True,True,True,True,True,"{""gamma_R2"": ""P1P2"", ""rho_ATMi_R2"": ""P1P2"", ""rho_ATRi_R2"": ""P1P2"", ""rho_R2"": ""P1P2"", ""rho_WEE1i_R2"": ""P1P2""}","{""gamma_R2"": ""17790"", ""rho_ATMi_R2"": ""17790"", ""rho_ATRi_R2"": ""17790"", ""rho_R2"": ""17790"", ""rho_WEE1i_R2"": ""17790""}",1,1,R3:18549,R3:18549,,included_primary
XRCC3,R1:121816,PRKDC;XRCC3,0,False,True,True,True,True,True,True,"{""gamma_R2"": ""P1P2"", ""rho_ATMi_R2"": ""P1P2"", ""rho_ATRi_R2"": ""P1P2"", ""rho_R2"": ""P1P2"", ""rho_WEE1i_R2"": ""P1P2""}","{""gamma_R2"": ""17791"", ""rho_ATMi_R2"": ""17791"", ""rho_ATRi_R2"": ""17791"", ""rho_R2"": ""17791"", ""rho_WEE1i_R2"": ""17791""}",1,1,R3:18550,R3:18550,,included_primary
XRCC4,R1:121817,PRKDC;XRCC4,0,False,True,True,True,True,True,True,"{""gamma_R2"": ""P1P2"", ""rho_ATMi_R2"": ""P1P2"", ""rho_ATRi_R2"": ""P1P2"", ""rho_R2"": ""P1P2"", ""rho_WEE1i_R2"": ""P1P2""}","{""gamma_R2"": ""17792"", ""rho_ATMi_R2"": ""17792"", ""rho_ATRi_R2"": ""17792"", ""rho_R2"": ""17792"", ""rho_WEE1i_R2"": ""17792""}",1,1,R3:18551,R3:18551,,included_primary
XRCC6BP1,R1:16032,PRKDC;XRCC6BP1,-0.592003903,False,True,True,True,True,True,True,"{""gamma_R2"": ""P1P2"", ""rho_ATMi_R2"": ""P1P2"", ""rho_ATRi_R2"": ""P1P2"", ""rho_R2"": ""P1P2"", ""rho_WEE1i_R2"": ""P1P2""}","{""gamma_R2"": ""17795"", ""rho_ATMi_R2"": ""17795"", ""rho_ATRi_R2"": ""17795"", ""rho_R2"": ""17795"", ""rho_WEE1i_R2"": ""17795""}",1,1,R3:18553,R3:18553,,included_primary
YEATS4,R1:121818,PRKDC;YEATS4,0,False,True,True,True,True,True,True,"{""gamma_R2"": ""P1P2"", ""rho_ATMi_R2"": ""P1P2"", ""rho_ATRi_R2"": ""P1P2"", ""rho_R2"": ""P1P2"", ""rho_WEE1i_R2"": ""P1P2""}","{""gamma_R2"": ""17814"", ""rho_ATMi_R2"": ""17814"", ""rho_ATRi_R2"": ""17814"", ""rho_R2"": ""17814"", ""rho_WEE1i_R2"": ""17814""}",1,1,R3:18572,R3:18572,,included_primary
YY1,R1:121819,PRKDC;YY1,0,False,True,True,True,True,True,True,"{""gamma_R2"": ""P1P2"", ""rho_ATMi_R2"": ""P1P2"", ""rho_ATRi_R2"": ""P1P2"", ""rho_R2"": ""P1P2"", ""rho_WEE1i_R2"": ""P1P2""}","{""gamma_R2"": ""17847"", ""rho_ATMi_R2"": ""17847"", ""rho_ATRi_R2"": ""17847"", ""rho_R2"": ""17847"", ""rho_WEE1i_R2"": ""17847""}",1,1,R3:18603,R3:18603,,included_primary
ZBTB1,R1:121820,PRKDC;ZBTB1,0,False,True,True,True,True,True,True,"{""gamma_R2"": ""P1P2"", ""rho_ATMi_R2"": ""P1P2"", ""rho_ATRi_R2"": ""P1P2"", ""rho_R2"": ""P1P2"", ""rho_WEE1i_R2"": ""P1P2""}","{""gamma_R2"": ""17866"", ""rho_ATMi_R2"": ""17866"", ""rho_ATRi_R2"": ""17866"", ""rho_R2"": ""17866"", ""rho_WEE1i_R2"": ""17866""}",1,1,R3:18622,R3:18622,,included_primary
ZFYVE26,R1:121822,PRKDC;ZFYVE26,0,False,True,True,True,True,True,True,"{""gamma_R2"": ""P1P2"", ""rho_ATMi_R2"": ""P1P2"", ""rho_ATRi_R2"": ""P1P2"", ""rho_R2"": ""P1P2"", ""rho_WEE1i_R2"": ""P1P2""}","{""gamma_R2"": ""18023"", ""rho_ATMi_R2"": ""18023"", ""rho_ATRi_R2"": ""18023"", ""rho_R2"": ""18023"", ""rho_WEE1i_R2"": ""18023""}",1,1,R3:18787,R3:18787,,included_primary
ZMPSTE24,R1:54176,PRKDC;ZMPSTE24,-0.144339462,False,True,True,True,True,True,True,"{""gamma_R2"": ""P1P2"", ""rho_ATMi_R2"": ""P1P2"", ""rho_ATRi_R2"": ""P1P2"", ""rho_R2"": ""P1P2"", ""rho_WEE1i_R2"": ""P1P2""}","{""gamma_R2"": ""18056"", ""rho_ATMi_R2"": ""18056"", ""rho_ATRi_R2"": ""18056"", ""rho_R2"": ""18056"", ""rho_WEE1i_R2"": ""18056""}",1,1,R3:18821,R3:18821,,included_primary
ZNF365,R1:12240,PRKDC;ZNF365,-0.69046466,False,True,True,True,True,True,True,"{""gamma_R2"": ""P1P2"", ""rho_ATMi_R2"": ""P1P2"", ""rho_ATRi_R2"": ""P1P2"", ""rho_R2"": ""P1P2"", ""rho_WEE1i_R2"": ""P1P2""}","{""gamma_R2"": ""18219"", ""rho_ATMi_R2"": ""18219"", ""rho_ATRi_R2"": ""18219"", ""rho_R2"": ""18219"", ""rho_WEE1i_R2"": ""18219""}",1,1,R3:18996,R3:18996,,included_primary
ZRANB3,R1:121823,PRKDC;ZRANB3,0,False,True,True,True,True,True,True,"{""gamma_R2"": ""P1P2"", ""rho_ATMi_R2"": ""P1P2"", ""rho_ATRi_R2"": ""P1P2"", ""rho_R2"": ""P1P2"", ""rho_WEE1i_R2"": ""P1P2""}","{""gamma_R2"": ""18588"", ""rho_ATMi_R2"": ""18588"", ""rho_ATRi_R2"": ""18588"", ""rho_R2"": ""18588"", ""rho_WEE1i_R2"": ""18588""}",1,1,R3:19391,R3:19391,,included_primary
ZSWIM7,R1:75441,PRKDC;ZSWIM7,-0.002992615,False,True,True,True,True,True,True,"{""gamma_R2"": ""P1P2"", ""rho_ATMi_R2"": ""P1P2"", ""rho_ATRi_R2"": ""P1P2"", ""rho_R2"": ""P1P2"", ""rho_WEE1i_R2"": ""P1P2""}","{""gamma_R2"": ""18616"", ""rho_ATMi_R2"": ""18616"", ""rho_ATRi_R2"": ""18616"", ""rho_R2"": ""18616"", ""rho_WEE1i_R2"": ""18616""}",1,1,R3:19422,R3:19422,,included_primary
