cohort,deleted_gene,source_called,status,N,source_called_N,source_not_called_N,A_R2,A_R3_median,A_R3_observed_record_lower,A_R3_observed_record_upper,A_R2_minus_0_5,R2_source_called_fraction_rho_negative,R2_source_called_median_rho,R2_source_not_called_fraction_rho_negative,R2_source_not_called_median_rho,A_R3_median_minus_0_5,R3_median_source_called_fraction_rho_negative,R3_median_source_called_median_rho,R3_median_source_not_called_fraction_rho_negative,R3_median_source_not_called_median_rho,scope,delta_A_R2,absolute_delta_A_R2,delta_A_R3_median,absolute_delta_A_R3_median
P380,ABL1,False,computed,379,12,367,0.7020890099909174,0.5240690281562216,0.523841961852861,0.5247502270663034,0.2020890099909174,0.8333333333333334,-0.3521878784354494,0.6212534059945504,-0.08196004822673524,0.024069028156221584,0.4166666666666667,0.13625448332105144,0.4305177111716621,0.1233819774699657,finite published score set; not an assay-population estimate,-0.0001301929076333863,0.0001301929076333863,0.0005183035185404306,0.0005183035185404306
P380,ACTB,False,computed,379,12,367,0.7032243415077203,0.5247502270663034,0.5245231607629428,0.5254314259763851,0.20322434150772029,0.8333333333333334,-0.3521878784354494,0.6212534059945504,-0.08140333194874379,0.024750227066303365,0.4166666666666667,0.13625448332105144,0.4305177111716621,0.1233819774699657,finite published score set; not an assay-population estimate,0.0010051386091695091,0.0010051386091695091,0.0011995024286222122,0.0011995024286222122
P380,ADPRHL2,False,computed,379,12,367,0.7025431425976385,0.5247502270663034,0.5245231607629428,0.5254314259763851,0.2025431425976385,0.8333333333333334,-0.3521878784354494,0.6212534059945504,-0.08140333194874379,0.024750227066303365,0.4166666666666667,0.13625448332105144,0.4305177111716621,0.1233819774699657,finite published score set; not an assay-population estimate,0.00032393969908772746,0.00032393969908772746,0.0011995024286222122,0.0011995024286222122
P380,ALKBH1,False,computed,379,12,367,0.7014078110808356,0.5247502270663034,0.5245231607629428,0.5254314259763851,0.2014078110808356,0.8333333333333334,-0.3521878784354494,0.6239782016348774,-0.08196004822673524,0.024750227066303365,0.4166666666666667,0.13625448332105144,0.4305177111716621,0.1233819774699657,finite published score set; not an assay-population estimate,-0.000811391817715168,0.000811391817715168,0.0011995024286222122,0.0011995024286222122
P380,ALKBH2,False,computed,379,12,367,0.7025431425976385,0.5245231607629428,0.5242960944595823,0.5252043596730245,0.2025431425976385,0.8333333333333334,-0.3521878784354494,0.6212534059945504,-0.08140333194874379,0.02452316076294281,0.4166666666666667,0.13625448332105144,0.4305177111716621,0.1233819774699657,finite published score set; not an assay-population estimate,0.00032393969908772746,0.00032393969908772746,0.0009724361252616553,0.0009724361252616553
P380,ALKBH3,False,computed,379,12,367,0.7014078110808356,0.5224795640326976,0.522252497729337,0.5231607629427792,0.2014078110808356,0.8333333333333334,-0.3521878784354494,0.6239782016348774,-0.08196004822673524,0.022479564032697574,0.4166666666666667,0.13625448332105144,0.4332425068119891,0.1228128684412434,finite published score set; not an assay-population estimate,-0.000811391817715168,0.000811391817715168,-0.0010711606049835787,0.0010711606049835787
P380,ALKBH5,False,computed,379,12,367,0.7014078110808356,0.5240690281562216,0.523841961852861,0.5247502270663034,0.2014078110808356,0.8333333333333334,-0.3521878784354494,0.6239782016348774,-0.08196004822673524,0.024069028156221584,0.4166666666666667,0.13625448332105144,0.4305177111716621,0.1233819774699657,finite published score set; not an assay-population estimate,-0.000811391817715168,0.000811391817715168,0.0005183035185404306,0.0005183035185404306
P380,ANKLE1,False,computed,379,12,367,0.7027702089009991,0.5236148955495005,0.5233878292461399,0.5242960944595823,0.20277020890099906,0.8333333333333334,-0.3521878784354494,0.6212534059945504,-0.08140333194874379,0.02361489554950047,0.4166666666666667,0.13625448332105144,0.4332425068119891,0.1228128684412434,finite published score set; not an assay-population estimate,0.0005510060024482843,0.0005510060024482843,6.417091181931678e-05,6.417091181931678e-05
P380,ANKRD32,False,computed,379,12,367,0.7032243415077203,0.5240690281562216,0.523841961852861,0.5247502270663034,0.20322434150772029,0.8333333333333334,-0.3521878784354494,0.6212534059945504,-0.08140333194874379,0.024069028156221584,0.4166666666666667,0.13625448332105144,0.4305177111716621,0.1233819774699657,finite published score set; not an assay-population estimate,0.0010051386091695091,0.0010051386091695091,0.0005183035185404306,0.0005183035185404306
P380,AP5S1,False,computed,379,12,367,0.702316076294278,0.5240690281562216,0.523841961852861,0.5247502270663034,0.20231607629427795,0.8333333333333334,-0.3521878784354494,0.6212534059945504,-0.08140333194874379,0.024069028156221584,0.4166666666666667,0.13625448332105144,0.4305177111716621,0.1233819774699657,finite published score set; not an assay-population estimate,9.687339572717057e-05,9.687339572717057e-05,0.0005183035185404306,0.0005183035185404306
P380,AP5Z1,False,computed,379,12,367,0.7014078110808356,0.5240690281562216,0.523841961852861,0.5247502270663034,0.2014078110808356,0.8333333333333334,-0.3521878784354494,0.6239782016348774,-0.08196004822673524,0.024069028156221584,0.4166666666666667,0.13625448332105144,0.4305177111716621,0.1233819774699657,finite published score set; not an assay-population estimate,-0.000811391817715168,0.000811391817715168,0.0005183035185404306,0.0005183035185404306
P380,APBB1,False,computed,379,12,367,0.702316076294278,0.5227066303360581,0.5224795640326976,0.5233878292461399,0.20231607629427795,0.8333333333333334,-0.3521878784354494,0.6212534059945504,-0.08140333194874379,0.02270663033605813,0.4166666666666667,0.13625448332105144,0.4332425068119891,0.1228128684412434,finite published score set; not an assay-population estimate,9.687339572717057e-05,9.687339572717057e-05,-0.0008440943016230218,0.0008440943016230218
P380,APEX1,False,computed,379,12,367,0.7020890099909174,0.5247502270663034,0.5245231607629428,0.5254314259763851,0.2020890099909174,0.8333333333333334,-0.3521878784354494,0.6212534059945504,-0.08196004822673524,0.024750227066303365,0.4166666666666667,0.13625448332105144,0.4305177111716621,0.1233819774699657,finite published score set; not an assay-population estimate,-0.0001301929076333863,0.0001301929076333863,0.0011995024286222122,0.0011995024286222122
P380,APEX2,False,computed,379,12,367,0.7014078110808356,0.5247502270663034,0.5245231607629428,0.5254314259763851,0.2014078110808356,0.8333333333333334,-0.3521878784354494,0.6239782016348774,-0.08196004822673524,0.024750227066303365,0.4166666666666667,0.13625448332105144,0.4305177111716621,0.1233819774699657,finite published score set; not an assay-population estimate,-0.000811391817715168,0.000811391817715168,0.0011995024286222122,0.0011995024286222122
P380,APITD1,False,computed,379,12,367,0.7014078110808356,0.523841961852861,0.5236148955495005,0.5245231607629428,0.2014078110808356,0.8333333333333334,-0.3521878784354494,0.6239782016348774,-0.08196004822673524,0.023841961852861027,0.4166666666666667,0.13625448332105144,0.4332425068119891,0.1233819774699657,finite published score set; not an assay-population estimate,-0.000811391817715168,0.000811391817715168,0.00029123721517987367,0.00029123721517987367
P380,APLF,False,computed,379,12,367,0.7014078110808356,0.5233878292461399,0.5231607629427792,0.5240690281562216,0.2014078110808356,0.8333333333333334,-0.3521878784354494,0.6239782016348774,-0.08196004822673524,0.023387829246139913,0.4166666666666667,0.13625448332105144,0.4332425068119891,0.1228128684412434,finite published score set; not an assay-population estimate,-0.000811391817715168,0.000811391817715168,-0.0001628953915412401,0.0001628953915412401
P380,ASCC1,False,computed,379,12,367,0.7014078110808356,0.5231607629427792,0.5229336966394187,0.523841961852861,0.2014078110808356,0.8333333333333334,-0.3521878784354494,0.6239782016348774,-0.08196004822673524,0.023160762942779245,0.4166666666666667,0.13625448332105144,0.4332425068119891,0.1228128684412434,finite published score set; not an assay-population estimate,-0.000811391817715168,0.000811391817715168,-0.000389961694901908,0.000389961694901908
P380,ASCC2,False,computed,379,12,367,0.702316076294278,0.5224795640326976,0.522252497729337,0.5231607629427792,0.20231607629427795,0.8333333333333334,-0.3521878784354494,0.6212534059945504,-0.08140333194874379,0.022479564032697574,0.4166666666666667,0.13625448332105144,0.4332425068119891,0.1228128684412434,finite published score set; not an assay-population estimate,9.687339572717057e-05,9.687339572717057e-05,-0.0010711606049835787,0.0010711606049835787
P380,ASCC3,False,computed,379,12,367,0.7041326067211626,0.5224795640326976,0.522252497729337,0.5231607629427792,0.20413260672116262,0.8333333333333334,-0.3521878784354494,0.6212534059945504,-0.08140333194874379,0.022479564032697574,0.4166666666666667,0.13625448332105144,0.4332425068119891,0.1228128684412434,finite published score set; not an assay-population estimate,0.0019134038226118477,0.0019134038226118477,-0.0010711606049835787,0.0010711606049835787
P380,ASF1A,False,computed,379,12,367,0.7014078110808356,0.5242960944595823,0.5240690281562216,0.5249772933696639,0.2014078110808356,0.8333333333333334,-0.3521878784354494,0.6239782016348774,-0.08196004822673524,0.02429609445958225,0.4166666666666667,0.13625448332105144,0.4305177111716621,0.1233819774699657,finite published score set; not an assay-population estimate,-0.000811391817715168,0.000811391817715168,0.0007453698219010985,0.0007453698219010985
P380,ASTE1,False,computed,379,12,367,0.7014078110808356,0.5240690281562216,0.523841961852861,0.5247502270663034,0.2014078110808356,0.8333333333333334,-0.3521878784354494,0.6239782016348774,-0.08196004822673524,0.024069028156221584,0.4166666666666667,0.13625448332105144,0.4305177111716621,0.1233819774699657,finite published score set; not an assay-population estimate,-0.000811391817715168,0.000811391817715168,0.0005183035185404306,0.0005183035185404306
P380,ATM,False,computed,379,12,367,0.7036784741144414,0.5247502270663034,0.5245231607629428,0.5254314259763851,0.2036784741144414,0.8333333333333334,-0.3521878784354494,0.6212534059945504,-0.08140333194874379,0.024750227066303365,0.4166666666666667,0.13625448332105144,0.4305177111716621,0.1233819774699657,finite published score set; not an assay-population estimate,0.001459271215890623,0.001459271215890623,0.0011995024286222122,0.0011995024286222122
P380,ATXN3,False,computed,379,12,367,0.7014078110808356,0.5231607629427792,0.5229336966394187,0.523841961852861,0.2014078110808356,0.8333333333333334,-0.3521878784354494,0.6239782016348774,-0.08196004822673524,0.023160762942779245,0.4166666666666667,0.13625448332105144,0.4332425068119891,0.1228128684412434,finite published score set; not an assay-population estimate,-0.000811391817715168,0.000811391817715168,-0.000389961694901908,0.000389961694901908
P380,AUNIP,False,computed,379,12,367,0.7018619436875567,0.5231607629427792,0.5229336966394187,0.523841961852861,0.20186194368755672,0.8333333333333334,-0.3521878784354494,0.6212534059945504,-0.08196004822673524,0.023160762942779245,0.4166666666666667,0.13625448332105144,0.4332425068119891,0.1228128684412434,finite published score set; not an assay-population estimate,-0.0003572592109940542,0.0003572592109940542,-0.000389961694901908,0.000389961694901908
P380,BABAM1,False,computed,379,12,367,0.7014078110808356,0.5242960944595823,0.5240690281562216,0.5249772933696639,0.2014078110808356,0.8333333333333334,-0.3521878784354494,0.6239782016348774,-0.08196004822673524,0.02429609445958225,0.4166666666666667,0.13625448332105144,0.4305177111716621,0.1233819774699657,finite published score set; not an assay-population estimate,-0.000811391817715168,0.000811391817715168,0.0007453698219010985,0.0007453698219010985
P380,BACH1,False,computed,379,12,367,0.702316076294278,0.5227066303360581,0.5224795640326976,0.5233878292461399,0.20231607629427795,0.8333333333333334,-0.3521878784354494,0.6212534059945504,-0.08140333194874379,0.02270663033605813,0.4166666666666667,0.13625448332105144,0.4332425068119891,0.1228128684412434,finite published score set; not an assay-population estimate,9.687339572717057e-05,9.687339572717057e-05,-0.0008440943016230218,0.0008440943016230218
P380,BARD1,False,computed,379,12,367,0.703905540417802,0.5247502270663034,0.5245231607629428,0.5254314259763851,0.20390554041780196,0.8333333333333334,-0.3521878784354494,0.6212534059945504,-0.08140333194874379,0.024750227066303365,0.4166666666666667,0.13625448332105144,0.4305177111716621,0.1233819774699657,finite published score set; not an assay-population estimate,0.0016863375192511798,0.0016863375192511798,0.0011995024286222122,0.0011995024286222122
P380,BLM,False,computed,379,12,367,0.7020890099909174,0.5224795640326976,0.522252497729337,0.5231607629427792,0.2020890099909174,0.8333333333333334,-0.3521878784354494,0.6212534059945504,-0.08196004822673524,0.022479564032697574,0.4166666666666667,0.13625448332105144,0.4332425068119891,0.1228128684412434,finite published score set; not an assay-population estimate,-0.0001301929076333863,0.0001301929076333863,-0.0010711606049835787,0.0010711606049835787
P380,BRCC3,False,computed,379,12,367,0.7027702089009991,0.5240690281562216,0.523841961852861,0.5247502270663034,0.20277020890099906,0.8333333333333334,-0.3521878784354494,0.6212534059945504,-0.08140333194874379,0.024069028156221584,0.4166666666666667,0.13625448332105144,0.4305177111716621,0.1233819774699657,finite published score set; not an assay-population estimate,0.0005510060024482843,0.0005510060024482843,0.0005183035185404306,0.0005183035185404306
P380,BRD8,False,computed,379,12,367,0.702316076294278,0.5231607629427792,0.5229336966394187,0.523841961852861,0.20231607629427795,0.8333333333333334,-0.3521878784354494,0.6212534059945504,-0.08140333194874379,0.023160762942779245,0.4166666666666667,0.13625448332105144,0.4332425068119891,0.1228128684412434,finite published score set; not an assay-population estimate,9.687339572717057e-05,9.687339572717057e-05,-0.000389961694901908,0.000389961694901908
P380,BRE,False,computed,379,12,367,0.7025431425976385,0.5227066303360581,0.5224795640326976,0.5233878292461399,0.2025431425976385,0.8333333333333334,-0.3521878784354494,0.6212534059945504,-0.08140333194874379,0.02270663033605813,0.4166666666666667,0.13625448332105144,0.4332425068119891,0.1228128684412434,finite published score set; not an assay-population estimate,0.00032393969908772746,0.00032393969908772746,-0.0008440943016230218,0.0008440943016230218
P380,BRIP1,False,computed,379,12,367,0.7016348773841962,0.5227066303360581,0.5224795640326976,0.5233878292461399,0.20163487738419617,0.8333333333333334,-0.3521878784354494,0.6239782016348774,-0.08196004822673524,0.02270663033605813,0.4166666666666667,0.13625448332105144,0.4332425068119891,0.1228128684412434,finite published score set; not an assay-population estimate,-0.0005843255143546111,0.0005843255143546111,-0.0008440943016230218,0.0008440943016230218
P380,BTG2,False,computed,379,12,367,0.7020890099909174,0.5227066303360581,0.5224795640326976,0.5233878292461399,0.2020890099909174,0.8333333333333334,-0.3521878784354494,0.6212534059945504,-0.08196004822673524,0.02270663033605813,0.4166666666666667,0.13625448332105144,0.4332425068119891,0.1228128684412434,finite published score set; not an assay-population estimate,-0.0001301929076333863,0.0001301929076333863,-0.0008440943016230218,0.0008440943016230218
P380,C11orf30,False,computed,379,12,367,0.7032243415077203,0.5247502270663034,0.5245231607629428,0.5254314259763851,0.20322434150772029,0.8333333333333334,-0.3521878784354494,0.6212534059945504,-0.08140333194874379,0.024750227066303365,0.4166666666666667,0.13625448332105144,0.4305177111716621,0.1233819774699657,finite published score set; not an assay-population estimate,0.0010051386091695091,0.0010051386091695091,0.0011995024286222122,0.0011995024286222122
P380,C12orf5,False,computed,379,12,367,0.7018619436875567,0.5227066303360581,0.5224795640326976,0.5233878292461399,0.20186194368755672,0.8333333333333334,-0.3521878784354494,0.6239782016348774,-0.08196004822673524,0.02270663033605813,0.4166666666666667,0.13625448332105144,0.4332425068119891,0.1228128684412434,finite published score set; not an assay-population estimate,-0.0003572592109940542,0.0003572592109940542,-0.0008440943016230218,0.0008440943016230218
P380,C14orf39,False,computed,379,12,367,0.7014078110808356,0.523841961852861,0.5236148955495005,0.5245231607629428,0.2014078110808356,0.8333333333333334,-0.3521878784354494,0.6239782016348774,-0.08196004822673524,0.023841961852861027,0.4166666666666667,0.13625448332105144,0.4332425068119891,0.1233819774699657,finite published score set; not an assay-population estimate,-0.000811391817715168,0.000811391817715168,0.00029123721517987367,0.00029123721517987367
P380,C17orf104,False,computed,379,12,367,0.7016348773841962,0.5240690281562216,0.523841961852861,0.5247502270663034,0.20163487738419617,0.8333333333333334,-0.3521878784354494,0.6239782016348774,-0.08196004822673524,0.024069028156221584,0.4166666666666667,0.13625448332105144,0.4305177111716621,0.1233819774699657,finite published score set; not an assay-population estimate,-0.0005843255143546111,0.0005843255143546111,0.0005183035185404306,0.0005183035185404306
P380,C17orf70,False,computed,379,12,367,0.7020890099909174,0.5227066303360581,0.5224795640326976,0.5233878292461399,0.2020890099909174,0.8333333333333334,-0.3521878784354494,0.6212534059945504,-0.08196004822673524,0.02270663033605813,0.4166666666666667,0.13625448332105144,0.4332425068119891,0.1228128684412434,finite published score set; not an assay-population estimate,-0.0001301929076333863,0.0001301929076333863,-0.0008440943016230218,0.0008440943016230218
P380,C19orf40,False,computed,379,12,367,0.7027702089009991,0.5247502270663034,0.5245231607629428,0.5254314259763851,0.20277020890099906,0.8333333333333334,-0.3521878784354494,0.6212534059945504,-0.08140333194874379,0.024750227066303365,0.4166666666666667,0.13625448332105144,0.4305177111716621,0.1233819774699657,finite published score set; not an assay-population estimate,0.0005510060024482843,0.0005510060024482843,0.0011995024286222122,0.0011995024286222122
P380,C1orf86,False,computed,379,12,367,0.702316076294278,0.5227066303360581,0.5224795640326976,0.5233878292461399,0.20231607629427795,0.8333333333333334,-0.3521878784354494,0.6212534059945504,-0.08140333194874379,0.02270663033605813,0.4166666666666667,0.13625448332105144,0.4332425068119891,0.1228128684412434,finite published score set; not an assay-population estimate,9.687339572717057e-05,9.687339572717057e-05,-0.0008440943016230218,0.0008440943016230218
P380,C20orf196,False,computed,379,12,367,0.7014078110808356,0.5224795640326976,0.522252497729337,0.5231607629427792,0.2014078110808356,0.8333333333333334,-0.3521878784354494,0.6239782016348774,-0.08196004822673524,0.022479564032697574,0.4166666666666667,0.13625448332105144,0.4332425068119891,0.1228128684412434,finite published score set; not an assay-population estimate,-0.000811391817715168,0.000811391817715168,-0.0010711606049835787,0.0010711606049835787
P380,C5orf45,False,computed,379,12,367,0.7014078110808356,0.5231607629427792,0.5229336966394187,0.523841961852861,0.2014078110808356,0.8333333333333334,-0.3521878784354494,0.6239782016348774,-0.08196004822673524,0.023160762942779245,0.4166666666666667,0.13625448332105144,0.4332425068119891,0.1228128684412434,finite published score set; not an assay-population estimate,-0.000811391817715168,0.000811391817715168,-0.000389961694901908,0.000389961694901908
P380,C7orf49,False,computed,379,12,367,0.7032243415077203,0.5245231607629428,0.5242960944595823,0.5252043596730245,0.20322434150772029,0.8333333333333334,-0.3521878784354494,0.6212534059945504,-0.08140333194874379,0.02452316076294281,0.4166666666666667,0.13625448332105144,0.4305177111716621,0.1233819774699657,finite published score set; not an assay-population estimate,0.0010051386091695091,0.0010051386091695091,0.0009724361252616553,0.0009724361252616553
P380,C9orf142,False,computed,379,12,367,0.702316076294278,0.523841961852861,0.5236148955495005,0.5245231607629428,0.20231607629427795,0.8333333333333334,-0.3521878784354494,0.6212534059945504,-0.08140333194874379,0.023841961852861027,0.4166666666666667,0.13625448332105144,0.4332425068119891,0.1233819774699657,finite published score set; not an assay-population estimate,9.687339572717057e-05,9.687339572717057e-05,0.00029123721517987367,0.00029123721517987367
P380,CBX8,False,computed,379,12,367,0.7014078110808356,0.5227066303360581,0.5224795640326976,0.5233878292461399,0.2014078110808356,0.8333333333333334,-0.3521878784354494,0.6239782016348774,-0.08196004822673524,0.02270663033605813,0.4166666666666667,0.13625448332105144,0.4332425068119891,0.1228128684412434,finite published score set; not an assay-population estimate,-0.000811391817715168,0.000811391817715168,-0.0008440943016230218,0.0008440943016230218
P380,CCDC155,False,computed,379,12,367,0.7020890099909174,0.5240690281562216,0.523841961852861,0.5247502270663034,0.2020890099909174,0.8333333333333334,-0.3521878784354494,0.6212534059945504,-0.08196004822673524,0.024069028156221584,0.4166666666666667,0.13625448332105144,0.4305177111716621,0.1233819774699657,finite published score set; not an assay-population estimate,-0.0001301929076333863,0.0001301929076333863,0.0005183035185404306,0.0005183035185404306
P380,CDC14B,False,computed,379,12,367,0.7020890099909174,0.5224795640326976,0.522252497729337,0.5231607629427792,0.2020890099909174,0.8333333333333334,-0.3521878784354494,0.6212534059945504,-0.08196004822673524,0.022479564032697574,0.4166666666666667,0.13625448332105144,0.4332425068119891,0.1228128684412434,finite published score set; not an assay-population estimate,-0.0001301929076333863,0.0001301929076333863,-0.0010711606049835787,0.0010711606049835787
P380,CDC7,False,computed,379,12,367,0.7034514078110808,0.5247502270663034,0.5245231607629428,0.5254314259763851,0.20345140781108084,0.8333333333333334,-0.3521878784354494,0.6212534059945504,-0.08140333194874379,0.024750227066303365,0.4166666666666667,0.13625448332105144,0.4305177111716621,0.1233819774699657,finite published score set; not an assay-population estimate,0.001232204912530066,0.001232204912530066,0.0011995024286222122,0.0011995024286222122
P380,CDK2,False,computed,379,12,367,0.702316076294278,0.523841961852861,0.5236148955495005,0.5245231607629428,0.20231607629427795,0.8333333333333334,-0.3521878784354494,0.6212534059945504,-0.08140333194874379,0.023841961852861027,0.4166666666666667,0.13625448332105144,0.4332425068119891,0.1233819774699657,finite published score set; not an assay-population estimate,9.687339572717057e-05,9.687339572717057e-05,0.00029123721517987367,0.00029123721517987367
P380,CDK9,False,computed,379,12,367,0.7014078110808356,0.5224795640326976,0.522252497729337,0.5231607629427792,0.2014078110808356,0.8333333333333334,-0.3521878784354494,0.6239782016348774,-0.08196004822673524,0.022479564032697574,0.4166666666666667,0.13625448332105144,0.4332425068119891,0.1228128684412434,finite published score set; not an assay-population estimate,-0.000811391817715168,0.000811391817715168,-0.0010711606049835787,0.0010711606049835787
P380,CDKN2D,False,computed,379,12,367,0.702316076294278,0.5249772933696639,0.5247502270663034,0.5256584922797457,0.20231607629427795,0.8333333333333334,-0.3521878784354494,0.6212534059945504,-0.08140333194874379,0.024977293369663922,0.4166666666666667,0.13625448332105144,0.4305177111716621,0.1233819774699657,finite published score set; not an assay-population estimate,9.687339572717057e-05,9.687339572717057e-05,0.0014265687319827691,0.0014265687319827691
P380,CEP164,False,computed,379,12,367,0.7014078110808356,0.523841961852861,0.5236148955495005,0.5245231607629428,0.2014078110808356,0.8333333333333334,-0.3521878784354494,0.6239782016348774,-0.08196004822673524,0.023841961852861027,0.4166666666666667,0.13625448332105144,0.4332425068119891,0.1233819774699657,finite published score set; not an assay-population estimate,-0.000811391817715168,0.000811391817715168,0.00029123721517987367,0.00029123721517987367
P380,CETN1,False,computed,379,12,367,0.7020890099909174,0.5247502270663034,0.5245231607629428,0.5254314259763851,0.2020890099909174,0.8333333333333334,-0.3521878784354494,0.6212534059945504,-0.08196004822673524,0.024750227066303365,0.4166666666666667,0.13625448332105144,0.4305177111716621,0.1233819774699657,finite published score set; not an assay-population estimate,-0.0001301929076333863,0.0001301929076333863,0.0011995024286222122,0.0011995024286222122
P380,CHD1L,False,computed,379,12,367,0.7014078110808356,0.5247502270663034,0.5245231607629428,0.5254314259763851,0.2014078110808356,0.8333333333333334,-0.3521878784354494,0.6239782016348774,-0.08196004822673524,0.024750227066303365,0.4166666666666667,0.13625448332105144,0.4305177111716621,0.1233819774699657,finite published score set; not an assay-population estimate,-0.000811391817715168,0.000811391817715168,0.0011995024286222122,0.0011995024286222122
P380,CHRNA4,False,computed,379,12,367,0.7027702089009991,0.5242960944595823,0.5240690281562216,0.5249772933696639,0.20277020890099906,0.8333333333333334,-0.3521878784354494,0.6212534059945504,-0.08140333194874379,0.02429609445958225,0.4166666666666667,0.13625448332105144,0.4305177111716621,0.1233819774699657,finite published score set; not an assay-population estimate,0.0005510060024482843,0.0005510060024482843,0.0007453698219010985,0.0007453698219010985
P380,CIB1,False,computed,379,12,367,0.7020890099909174,0.5231607629427792,0.5229336966394187,0.523841961852861,0.2020890099909174,0.8333333333333334,-0.3521878784354494,0.6212534059945504,-0.08140333194874379,0.023160762942779245,0.4166666666666667,0.13625448332105144,0.4332425068119891,0.1228128684412434,finite published score set; not an assay-population estimate,-0.0001301929076333863,0.0001301929076333863,-0.000389961694901908,0.000389961694901908
P380,COPS7A,False,computed,379,12,367,0.7014078110808356,0.5240690281562216,0.523841961852861,0.5247502270663034,0.2014078110808356,0.8333333333333334,-0.3521878784354494,0.6239782016348774,-0.08196004822673524,0.024069028156221584,0.4166666666666667,0.13625448332105144,0.4305177111716621,0.1233819774699657,finite published score set; not an assay-population estimate,-0.000811391817715168,0.000811391817715168,0.0005183035185404306,0.0005183035185404306
P380,COPS8,False,computed,379,12,367,0.7014078110808356,0.5227066303360581,0.5224795640326976,0.5233878292461399,0.2014078110808356,0.8333333333333334,-0.3521878784354494,0.6239782016348774,-0.08196004822673524,0.02270663033605813,0.4166666666666667,0.13625448332105144,0.4332425068119891,0.1228128684412434,finite published score set; not an assay-population estimate,-0.000811391817715168,0.000811391817715168,-0.0008440943016230218,0.0008440943016230218
P380,CSNK1E,False,computed,379,12,367,0.7020890099909174,0.5224795640326976,0.522252497729337,0.5231607629427792,0.2020890099909174,0.8333333333333334,-0.3521878784354494,0.6212534059945504,-0.08196004822673524,0.022479564032697574,0.4166666666666667,0.13625448332105144,0.4332425068119891,0.1228128684412434,finite published score set; not an assay-population estimate,-0.0001301929076333863,0.0001301929076333863,-0.0010711606049835787,0.0010711606049835787
P380,CUL4A,False,computed,379,12,367,0.702316076294278,0.5227066303360581,0.5224795640326976,0.5233878292461399,0.20231607629427795,0.8333333333333334,-0.3521878784354494,0.6212534059945504,-0.08140333194874379,0.02270663033605813,0.4166666666666667,0.13625448332105144,0.4332425068119891,0.1228128684412434,finite published score set; not an assay-population estimate,9.687339572717057e-05,9.687339572717057e-05,-0.0008440943016230218,0.0008440943016230218
P380,CUL4B,False,computed,379,12,367,0.7018619436875567,0.5245231607629428,0.5242960944595823,0.5252043596730245,0.20186194368755672,0.8333333333333334,-0.3521878784354494,0.6212534059945504,-0.08196004822673524,0.02452316076294281,0.4166666666666667,0.13625448332105144,0.4305177111716621,0.1233819774699657,finite published score set; not an assay-population estimate,-0.0003572592109940542,0.0003572592109940542,0.0009724361252616553,0.0009724361252616553
P380,CXorf57,False,computed,379,12,367,0.702316076294278,0.5227066303360581,0.5224795640326976,0.5233878292461399,0.20231607629427795,0.8333333333333334,-0.3521878784354494,0.6212534059945504,-0.08140333194874379,0.02270663033605813,0.4166666666666667,0.13625448332105144,0.4332425068119891,0.1228128684412434,finite published score set; not an assay-population estimate,9.687339572717057e-05,9.687339572717057e-05,-0.0008440943016230218,0.0008440943016230218
P380,DCLRE1A,False,computed,379,12,367,0.7014078110808356,0.5247502270663034,0.5245231607629428,0.5254314259763851,0.2014078110808356,0.8333333333333334,-0.3521878784354494,0.6239782016348774,-0.08196004822673524,0.024750227066303365,0.4166666666666667,0.13625448332105144,0.4305177111716621,0.1233819774699657,finite published score set; not an assay-population estimate,-0.000811391817715168,0.000811391817715168,0.0011995024286222122,0.0011995024286222122
P380,DCLRE1B,True,computed,379,11,368,0.7297430830039525,0.5686758893280632,0.5684288537549407,0.5694169960474308,0.22974308300395252,0.8181818181818182,-0.414602888592106,0.6222826086956522,-0.08168169008773951,0.06867588932806323,0.45454545454545453,0.1307934744931222,0.4320652173913043,0.12309742295560455,finite published score set; not an assay-population estimate,0.027523880105401743,0.027523880105401743,0.04512516469038208,0.04512516469038208
P380,DCLRE1C,False,computed,379,12,367,0.7014078110808356,0.5227066303360581,0.5224795640326976,0.5233878292461399,0.2014078110808356,0.8333333333333334,-0.3521878784354494,0.6239782016348774,-0.08196004822673524,0.02270663033605813,0.4166666666666667,0.13625448332105144,0.4332425068119891,0.1228128684412434,finite published score set; not an assay-population estimate,-0.000811391817715168,0.000811391817715168,-0.0008440943016230218,0.0008440943016230218
P380,DDB2,False,computed,379,12,367,0.7014078110808356,0.5231607629427792,0.5229336966394187,0.523841961852861,0.2014078110808356,0.8333333333333334,-0.3521878784354494,0.6239782016348774,-0.08196004822673524,0.023160762942779245,0.4166666666666667,0.13625448332105144,0.4332425068119891,0.1228128684412434,finite published score set; not an assay-population estimate,-0.000811391817715168,0.000811391817715168,-0.000389961694901908,0.000389961694901908
P380,DDX1,True,computed,379,11,368,0.6894762845849802,0.4965415019762846,0.49629446640316205,0.49728260869565216,0.18947628458498023,0.8181818181818182,-0.2897728682787928,0.6222826086956522,-0.08168169008773951,-0.003458498023715395,0.36363636363636365,0.1417154921489807,0.4320652173913043,0.12309742295560455,finite published score set; not an assay-population estimate,-0.01274291831357055,0.01274291831357055,-0.027009222661396548,0.027009222661396548
P380,DDX11,False,computed,379,12,367,0.7025431425976385,0.5240690281562216,0.523841961852861,0.5247502270663034,0.2025431425976385,0.8333333333333334,-0.3521878784354494,0.6212534059945504,-0.08140333194874379,0.024069028156221584,0.4166666666666667,0.13625448332105144,0.4305177111716621,0.1233819774699657,finite published score set; not an assay-population estimate,0.00032393969908772746,0.00032393969908772746,0.0005183035185404306,0.0005183035185404306
P380,DEK,False,computed,379,12,367,0.7014078110808356,0.522252497729337,0.5220254314259763,0.5229336966394187,0.2014078110808356,0.8333333333333334,-0.3521878784354494,0.6239782016348774,-0.08196004822673524,0.022252497729337017,0.4166666666666667,0.13625448332105144,0.4332425068119891,0.1228128684412434,finite published score set; not an assay-population estimate,-0.000811391817715168,0.000811391817715168,-0.0012982269083441356,0.0012982269083441356
P380,DMC1,False,computed,379,12,367,0.7020890099909174,0.5247502270663034,0.5245231607629428,0.5254314259763851,0.2020890099909174,0.8333333333333334,-0.3521878784354494,0.6212534059945504,-0.08196004822673524,0.024750227066303365,0.4166666666666667,0.13625448332105144,0.4305177111716621,0.1233819774699657,finite published score set; not an assay-population estimate,-0.0001301929076333863,0.0001301929076333863,0.0011995024286222122,0.0011995024286222122
P380,DNTT,False,computed,379,12,367,0.7014078110808356,0.5227066303360581,0.5224795640326976,0.5233878292461399,0.2014078110808356,0.8333333333333334,-0.3521878784354494,0.6239782016348774,-0.08196004822673524,0.02270663033605813,0.4166666666666667,0.13625448332105144,0.4332425068119891,0.1228128684412434,finite published score set; not an assay-population estimate,-0.000811391817715168,0.000811391817715168,-0.0008440943016230218,0.0008440943016230218
P380,DOT1L,True,computed,379,11,368,0.6823122529644269,0.5585474308300395,0.558300395256917,0.5590415019762845,0.18231225296442688,0.8181818181818182,-0.2897728682787928,0.6222826086956522,-0.08168169008773951,0.05854743083003955,0.45454545454545453,0.1307934744931222,0.4320652173913043,0.12309742295560455,finite published score set; not an assay-population estimate,-0.019906949934123896,0.019906949934123896,0.034996706192358396,0.034996706192358396
P380,DTX3L,False,computed,379,12,367,0.7014078110808356,0.5240690281562216,0.523841961852861,0.5247502270663034,0.2014078110808356,0.8333333333333334,-0.3521878784354494,0.6239782016348774,-0.08196004822673524,0.024069028156221584,0.4166666666666667,0.13625448332105144,0.4305177111716621,0.1233819774699657,finite published score set; not an assay-population estimate,-0.000811391817715168,0.000811391817715168,0.0005183035185404306,0.0005183035185404306
P380,EEPD1,False,computed,379,12,367,0.7025431425976385,0.5227066303360581,0.5224795640326976,0.5233878292461399,0.2025431425976385,0.8333333333333334,-0.3521878784354494,0.6212534059945504,-0.08140333194874379,0.02270663033605813,0.4166666666666667,0.13625448332105144,0.4332425068119891,0.1228128684412434,finite published score set; not an assay-population estimate,0.00032393969908772746,0.00032393969908772746,-0.0008440943016230218,0.0008440943016230218
P380,EGFR,False,computed,379,12,367,0.7032243415077203,0.5227066303360581,0.5224795640326976,0.5233878292461399,0.20322434150772029,0.8333333333333334,-0.3521878784354494,0.6212534059945504,-0.08140333194874379,0.02270663033605813,0.4166666666666667,0.13625448332105144,0.4332425068119891,0.1228128684412434,finite published score set; not an assay-population estimate,0.0010051386091695091,0.0010051386091695091,-0.0008440943016230218,0.0008440943016230218
P380,EID3,False,computed,379,12,367,0.7014078110808356,0.5231607629427792,0.5229336966394187,0.523841961852861,0.2014078110808356,0.8333333333333334,-0.3521878784354494,0.6239782016348774,-0.08196004822673524,0.023160762942779245,0.4166666666666667,0.13625448332105144,0.4332425068119891,0.1228128684412434,finite published score set; not an assay-population estimate,-0.000811391817715168,0.000811391817715168,-0.000389961694901908,0.000389961694901908
P380,EME1,False,computed,379,12,367,0.7032243415077203,0.5240690281562216,0.523841961852861,0.5247502270663034,0.20322434150772029,0.8333333333333334,-0.3521878784354494,0.6212534059945504,-0.08140333194874379,0.024069028156221584,0.4166666666666667,0.13625448332105144,0.4305177111716621,0.1233819774699657,finite published score set; not an assay-population estimate,0.0010051386091695091,0.0010051386091695091,0.0005183035185404306,0.0005183035185404306
P380,EME2,False,computed,379,12,367,0.7020890099909174,0.5247502270663034,0.5245231607629428,0.5254314259763851,0.2020890099909174,0.8333333333333334,-0.3521878784354494,0.6212534059945504,-0.08140333194874379,0.024750227066303365,0.4166666666666667,0.13625448332105144,0.4305177111716621,0.1233819774699657,finite published score set; not an assay-population estimate,-0.0001301929076333863,0.0001301929076333863,0.0011995024286222122,0.0011995024286222122
P380,ENDOV,False,computed,379,12,367,0.7014078110808356,0.5231607629427792,0.5229336966394187,0.523841961852861,0.2014078110808356,0.8333333333333334,-0.3521878784354494,0.6239782016348774,-0.08196004822673524,0.023160762942779245,0.4166666666666667,0.13625448332105144,0.4332425068119891,0.1228128684412434,finite published score set; not an assay-population estimate,-0.000811391817715168,0.000811391817715168,-0.000389961694901908,0.000389961694901908
P380,EP300,False,computed,379,12,367,0.7020890099909174,0.523841961852861,0.5236148955495005,0.5245231607629428,0.2020890099909174,0.8333333333333334,-0.3521878784354494,0.6212534059945504,-0.08140333194874379,0.023841961852861027,0.4166666666666667,0.13625448332105144,0.4305177111716621,0.1233819774699657,finite published score set; not an assay-population estimate,-0.0001301929076333863,0.0001301929076333863,0.00029123721517987367,0.00029123721517987367
P380,EPC1,False,computed,379,12,367,0.702316076294278,0.5224795640326976,0.522252497729337,0.5231607629427792,0.20231607629427795,0.8333333333333334,-0.3521878784354494,0.6212534059945504,-0.08140333194874379,0.022479564032697574,0.4166666666666667,0.13625448332105144,0.4332425068119891,0.1228128684412434,finite published score set; not an assay-population estimate,9.687339572717057e-05,9.687339572717057e-05,-0.0010711606049835787,0.0010711606049835787
P380,EPC2,False,computed,379,12,367,0.7025431425976385,0.5236148955495005,0.5233878292461399,0.5242960944595823,0.2025431425976385,0.8333333333333334,-0.3521878784354494,0.6212534059945504,-0.08140333194874379,0.02361489554950047,0.4166666666666667,0.13625448332105144,0.4332425068119891,0.1228128684412434,finite published score set; not an assay-population estimate,0.00032393969908772746,0.00032393969908772746,6.417091181931678e-05,6.417091181931678e-05
P380,ERCC1,False,computed,379,12,367,0.702316076294278,0.5233878292461399,0.5231607629427792,0.5240690281562216,0.20231607629427795,0.8333333333333334,-0.3521878784354494,0.6212534059945504,-0.08140333194874379,0.023387829246139913,0.4166666666666667,0.13625448332105144,0.4332425068119891,0.1228128684412434,finite published score set; not an assay-population estimate,9.687339572717057e-05,9.687339572717057e-05,-0.0001628953915412401,0.0001628953915412401
P380,ERCC5,False,computed,379,12,367,0.7014078110808356,0.5247502270663034,0.5245231607629428,0.5254314259763851,0.2014078110808356,0.8333333333333334,-0.3521878784354494,0.6239782016348774,-0.08196004822673524,0.024750227066303365,0.4166666666666667,0.13625448332105144,0.4305177111716621,0.1233819774699657,finite published score set; not an assay-population estimate,-0.000811391817715168,0.000811391817715168,0.0011995024286222122,0.0011995024286222122
P380,ERCC6,False,computed,379,12,367,0.7020890099909174,0.5242960944595823,0.5240690281562216,0.5249772933696639,0.2020890099909174,0.8333333333333334,-0.3521878784354494,0.6212534059945504,-0.08196004822673524,0.02429609445958225,0.4166666666666667,0.13625448332105144,0.4305177111716621,0.1233819774699657,finite published score set; not an assay-population estimate,-0.0001301929076333863,0.0001301929076333863,0.0007453698219010985,0.0007453698219010985
P380,ERCC6L2,False,computed,379,12,367,0.702316076294278,0.5247502270663034,0.5245231607629428,0.5254314259763851,0.20231607629427795,0.8333333333333334,-0.3521878784354494,0.6212534059945504,-0.08140333194874379,0.024750227066303365,0.4166666666666667,0.13625448332105144,0.4305177111716621,0.1233819774699657,finite published score set; not an assay-population estimate,9.687339572717057e-05,9.687339572717057e-05,0.0011995024286222122,0.0011995024286222122
P380,ERCC8,False,computed,379,12,367,0.7014078110808356,0.5231607629427792,0.5229336966394187,0.523841961852861,0.2014078110808356,0.8333333333333334,-0.3521878784354494,0.6239782016348774,-0.08196004822673524,0.023160762942779245,0.4166666666666667,0.13625448332105144,0.4332425068119891,0.1228128684412434,finite published score set; not an assay-population estimate,-0.000811391817715168,0.000811391817715168,-0.000389961694901908,0.000389961694901908
P380,ETAA1,False,computed,379,12,367,0.7014078110808356,0.5240690281562216,0.523841961852861,0.5247502270663034,0.2014078110808356,0.8333333333333334,-0.3521878784354494,0.6239782016348774,-0.08196004822673524,0.024069028156221584,0.4166666666666667,0.13625448332105144,0.4305177111716621,0.1233819774699657,finite published score set; not an assay-population estimate,-0.000811391817715168,0.000811391817715168,0.0005183035185404306,0.0005183035185404306
P380,EXD2,False,computed,379,12,367,0.7027702089009991,0.5236148955495005,0.5233878292461399,0.5242960944595823,0.20277020890099906,0.8333333333333334,-0.3521878784354494,0.6212534059945504,-0.08140333194874379,0.02361489554950047,0.4166666666666667,0.13625448332105144,0.4332425068119891,0.1228128684412434,finite published score set; not an assay-population estimate,0.0005510060024482843,0.0005510060024482843,6.417091181931678e-05,6.417091181931678e-05
P380,EXO1,False,computed,379,12,367,0.7025431425976385,0.5242960944595823,0.5240690281562216,0.5249772933696639,0.2025431425976385,0.8333333333333334,-0.3521878784354494,0.6212534059945504,-0.08140333194874379,0.02429609445958225,0.4166666666666667,0.13625448332105144,0.4305177111716621,0.1233819774699657,finite published score set; not an assay-population estimate,0.00032393969908772746,0.00032393969908772746,0.0007453698219010985,0.0007453698219010985
P380,EXO5,False,computed,379,12,367,0.702316076294278,0.523841961852861,0.5236148955495005,0.5245231607629428,0.20231607629427795,0.8333333333333334,-0.3521878784354494,0.6212534059945504,-0.08140333194874379,0.023841961852861027,0.4166666666666667,0.13625448332105144,0.4305177111716621,0.1233819774699657,finite published score set; not an assay-population estimate,9.687339572717057e-05,9.687339572717057e-05,0.00029123721517987367,0.00029123721517987367
P380,EYA2,False,computed,379,12,367,0.702316076294278,0.5227066303360581,0.5224795640326976,0.5233878292461399,0.20231607629427795,0.8333333333333334,-0.3521878784354494,0.6212534059945504,-0.08140333194874379,0.02270663033605813,0.4166666666666667,0.13625448332105144,0.4332425068119891,0.1228128684412434,finite published score set; not an assay-population estimate,9.687339572717057e-05,9.687339572717057e-05,-0.0008440943016230218,0.0008440943016230218
P380,EYA3,False,computed,379,12,367,0.7014078110808356,0.5247502270663034,0.5245231607629428,0.5254314259763851,0.2014078110808356,0.8333333333333334,-0.3521878784354494,0.6239782016348774,-0.08196004822673524,0.024750227066303365,0.4166666666666667,0.13625448332105144,0.4305177111716621,0.1233819774699657,finite published score set; not an assay-population estimate,-0.000811391817715168,0.000811391817715168,0.0011995024286222122,0.0011995024286222122
P380,EYA4,False,computed,379,12,367,0.7014078110808356,0.5240690281562216,0.523841961852861,0.5247502270663034,0.2014078110808356,0.8333333333333334,-0.3521878784354494,0.6239782016348774,-0.08196004822673524,0.024069028156221584,0.4166666666666667,0.13625448332105144,0.4305177111716621,0.1233819774699657,finite published score set; not an assay-population estimate,-0.000811391817715168,0.000811391817715168,0.0005183035185404306,0.0005183035185404306
P380,FAM168A,False,computed,379,12,367,0.7014078110808356,0.5240690281562216,0.523841961852861,0.5247502270663034,0.2014078110808356,0.8333333333333334,-0.3521878784354494,0.6239782016348774,-0.08196004822673524,0.024069028156221584,0.4166666666666667,0.13625448332105144,0.4305177111716621,0.1233819774699657,finite published score set; not an assay-population estimate,-0.000811391817715168,0.000811391817715168,0.0005183035185404306,0.0005183035185404306
P380,FAM175A,False,computed,379,12,367,0.703905540417802,0.5247502270663034,0.5245231607629428,0.5254314259763851,0.20390554041780196,0.8333333333333334,-0.3521878784354494,0.6212534059945504,-0.08140333194874379,0.024750227066303365,0.4166666666666667,0.13625448332105144,0.4305177111716621,0.1233819774699657,finite published score set; not an assay-population estimate,0.0016863375192511798,0.0016863375192511798,0.0011995024286222122,0.0011995024286222122
P380,FAM178A,False,computed,379,12,367,0.7020890099909174,0.5227066303360581,0.5224795640326976,0.5233878292461399,0.2020890099909174,0.8333333333333334,-0.3521878784354494,0.6212534059945504,-0.08196004822673524,0.02270663033605813,0.4166666666666667,0.13625448332105144,0.4332425068119891,0.1228128684412434,finite published score set; not an assay-population estimate,-0.0001301929076333863,0.0001301929076333863,-0.0008440943016230218,0.0008440943016230218
P380,FAM35A,False,computed,379,12,367,0.7014078110808356,0.5227066303360581,0.5224795640326976,0.5233878292461399,0.2014078110808356,0.8333333333333334,-0.3521878784354494,0.6239782016348774,-0.08196004822673524,0.02270663033605813,0.4166666666666667,0.13625448332105144,0.4332425068119891,0.1228128684412434,finite published score set; not an assay-population estimate,-0.000811391817715168,0.000811391817715168,-0.0008440943016230218,0.0008440943016230218
P380,FAN1,False,computed,379,12,367,0.7032243415077203,0.523841961852861,0.5236148955495005,0.5245231607629428,0.20322434150772029,0.8333333333333334,-0.3521878784354494,0.6212534059945504,-0.08140333194874379,0.023841961852861027,0.4166666666666667,0.13625448332105144,0.4332425068119891,0.1228128684412434,finite published score set; not an assay-population estimate,0.0010051386091695091,0.0010051386091695091,0.00029123721517987367,0.00029123721517987367
P380,FANCA,False,computed,379,12,367,0.702316076294278,0.5247502270663034,0.5245231607629428,0.5254314259763851,0.20231607629427795,0.8333333333333334,-0.3521878784354494,0.6212534059945504,-0.08140333194874379,0.024750227066303365,0.4166666666666667,0.13625448332105144,0.4305177111716621,0.1233819774699657,finite published score set; not an assay-population estimate,9.687339572717057e-05,9.687339572717057e-05,0.0011995024286222122,0.0011995024286222122
P380,FANCB,False,computed,379,12,367,0.7032243415077203,0.5224795640326976,0.522252497729337,0.5231607629427792,0.20322434150772029,0.8333333333333334,-0.3521878784354494,0.6212534059945504,-0.08140333194874379,0.022479564032697574,0.4166666666666667,0.13625448332105144,0.4332425068119891,0.1228128684412434,finite published score set; not an assay-population estimate,0.0010051386091695091,0.0010051386091695091,-0.0010711606049835787,0.0010711606049835787
P380,FANCC,False,computed,379,12,367,0.702316076294278,0.522252497729337,0.5220254314259763,0.5229336966394187,0.20231607629427795,0.8333333333333334,-0.3521878784354494,0.6212534059945504,-0.08140333194874379,0.022252497729337017,0.4166666666666667,0.13625448332105144,0.4332425068119891,0.1228128684412434,finite published score set; not an assay-population estimate,9.687339572717057e-05,9.687339572717057e-05,-0.0012982269083441356,0.0012982269083441356
P380,FANCD2,False,computed,379,12,367,0.7025431425976385,0.5233878292461399,0.5231607629427792,0.5240690281562216,0.2025431425976385,0.8333333333333334,-0.3521878784354494,0.6212534059945504,-0.08140333194874379,0.023387829246139913,0.4166666666666667,0.13625448332105144,0.4332425068119891,0.1228128684412434,finite published score set; not an assay-population estimate,0.00032393969908772746,0.00032393969908772746,-0.0001628953915412401,0.0001628953915412401
P380,FANCE,False,computed,379,12,367,0.7036784741144414,0.5240690281562216,0.523841961852861,0.5247502270663034,0.2036784741144414,0.8333333333333334,-0.3521878784354494,0.6212534059945504,-0.08140333194874379,0.024069028156221584,0.4166666666666667,0.13625448332105144,0.4305177111716621,0.1233819774699657,finite published score set; not an assay-population estimate,0.001459271215890623,0.001459271215890623,0.0005183035185404306,0.0005183035185404306
P380,FANCF,True,computed,379,11,368,0.7065217391304348,0.5402667984189723,0.5400197628458498,0.54100790513834,0.2065217391304348,0.8181818181818182,-0.414602888592106,0.6222826086956522,-0.08168169008773951,0.040266798418972294,0.45454545454545453,0.1307934744931222,0.4320652173913043,0.12309742295560455,finite published score set; not an assay-population estimate,0.0043025362318840354,0.0043025362318840354,0.01671607378129114,0.01671607378129114
P380,FANCG,False,computed,379,12,367,0.7027702089009991,0.5231607629427792,0.5229336966394187,0.523841961852861,0.20277020890099906,0.8333333333333334,-0.3521878784354494,0.6212534059945504,-0.08140333194874379,0.023160762942779245,0.4166666666666667,0.13625448332105144,0.4332425068119891,0.1228128684412434,finite published score set; not an assay-population estimate,0.0005510060024482843,0.0005510060024482843,-0.000389961694901908,0.000389961694901908
P380,FANCL,False,computed,379,12,367,0.7016348773841962,0.5247502270663034,0.5245231607629428,0.5254314259763851,0.20163487738419617,0.8333333333333334,-0.3521878784354494,0.6239782016348774,-0.08196004822673524,0.024750227066303365,0.4166666666666667,0.13625448332105144,0.4305177111716621,0.1233819774699657,finite published score set; not an assay-population estimate,-0.0005843255143546111,0.0005843255143546111,0.0011995024286222122,0.0011995024286222122
P380,FANCM,False,computed,379,12,367,0.7025431425976385,0.5247502270663034,0.5245231607629428,0.5254314259763851,0.2025431425976385,0.8333333333333334,-0.3521878784354494,0.6212534059945504,-0.08140333194874379,0.024750227066303365,0.4166666666666667,0.13625448332105144,0.4305177111716621,0.1233819774699657,finite published score set; not an assay-population estimate,0.00032393969908772746,0.00032393969908772746,0.0011995024286222122,0.0011995024286222122
P380,FBXO18,False,computed,379,12,367,0.7014078110808356,0.5227066303360581,0.5224795640326976,0.5233878292461399,0.2014078110808356,0.8333333333333334,-0.3521878784354494,0.6239782016348774,-0.08196004822673524,0.02270663033605813,0.4166666666666667,0.13625448332105144,0.4332425068119891,0.1228128684412434,finite published score set; not an assay-population estimate,-0.000811391817715168,0.000811391817715168,-0.0008440943016230218,0.0008440943016230218
P380,FBXO6,False,computed,379,12,367,0.7032243415077203,0.5240690281562216,0.523841961852861,0.5247502270663034,0.20322434150772029,0.8333333333333334,-0.3521878784354494,0.6212534059945504,-0.08140333194874379,0.024069028156221584,0.4166666666666667,0.13625448332105144,0.4305177111716621,0.1233819774699657,finite published score set; not an assay-population estimate,0.0010051386091695091,0.0010051386091695091,0.0005183035185404306,0.0005183035185404306
P380,FGF10,False,computed,379,12,367,0.7014078110808356,0.5227066303360581,0.5224795640326976,0.5233878292461399,0.2014078110808356,0.8333333333333334,-0.3521878784354494,0.6239782016348774,-0.08196004822673524,0.02270663033605813,0.4166666666666667,0.13625448332105144,0.4332425068119891,0.1228128684412434,finite published score set; not an assay-population estimate,-0.000811391817715168,0.000811391817715168,-0.0008440943016230218,0.0008440943016230218
P380,FH,False,computed,379,12,367,0.7027702089009991,0.5224795640326976,0.522252497729337,0.5231607629427792,0.20277020890099906,0.8333333333333334,-0.3521878784354494,0.6212534059945504,-0.08140333194874379,0.022479564032697574,0.4166666666666667,0.13625448332105144,0.4332425068119891,0.1228128684412434,finite published score set; not an assay-population estimate,0.0005510060024482843,0.0005510060024482843,-0.0010711606049835787,0.0010711606049835787
P380,FIGN,False,computed,379,12,367,0.7036784741144414,0.5231607629427792,0.5229336966394187,0.523841961852861,0.2036784741144414,0.8333333333333334,-0.3521878784354494,0.6212534059945504,-0.08140333194874379,0.023160762942779245,0.4166666666666667,0.13625448332105144,0.4332425068119891,0.1228128684412434,finite published score set; not an assay-population estimate,0.001459271215890623,0.001459271215890623,-0.000389961694901908,0.000389961694901908
P380,FIGNL1,False,computed,379,12,367,0.7014078110808356,0.5227066303360581,0.5224795640326976,0.5233878292461399,0.2014078110808356,0.8333333333333334,-0.3521878784354494,0.6239782016348774,-0.08196004822673524,0.02270663033605813,0.4166666666666667,0.13625448332105144,0.4332425068119891,0.1228128684412434,finite published score set; not an assay-population estimate,-0.000811391817715168,0.000811391817715168,-0.0008440943016230218,0.0008440943016230218
P380,FIGNL2,False,computed,379,12,367,0.7018619436875567,0.5242960944595823,0.5240690281562216,0.5249772933696639,0.20186194368755672,0.8333333333333334,-0.3521878784354494,0.6239782016348774,-0.08196004822673524,0.02429609445958225,0.4166666666666667,0.13625448332105144,0.4305177111716621,0.1233819774699657,finite published score set; not an assay-population estimate,-0.0003572592109940542,0.0003572592109940542,0.0007453698219010985,0.0007453698219010985
P380,FMN2,False,computed,379,12,367,0.702316076294278,0.5227066303360581,0.5224795640326976,0.5233878292461399,0.20231607629427795,0.8333333333333334,-0.3521878784354494,0.6212534059945504,-0.08140333194874379,0.02270663033605813,0.4166666666666667,0.13625448332105144,0.4332425068119891,0.1228128684412434,finite published score set; not an assay-population estimate,9.687339572717057e-05,9.687339572717057e-05,-0.0008440943016230218,0.0008440943016230218
P380,FOXM1,False,computed,379,12,367,0.7027702089009991,0.5247502270663034,0.5245231607629428,0.5254314259763851,0.20277020890099906,0.8333333333333334,-0.3521878784354494,0.6212534059945504,-0.08140333194874379,0.024750227066303365,0.4166666666666667,0.13625448332105144,0.4305177111716621,0.1233819774699657,finite published score set; not an assay-population estimate,0.0005510060024482843,0.0005510060024482843,0.0011995024286222122,0.0011995024286222122
P380,FTO,False,computed,379,12,367,0.7018619436875567,0.5224795640326976,0.522252497729337,0.5231607629427792,0.20186194368755672,0.8333333333333334,-0.3521878784354494,0.6239782016348774,-0.08196004822673524,0.022479564032697574,0.4166666666666667,0.13625448332105144,0.4332425068119891,0.1228128684412434,finite published score set; not an assay-population estimate,-0.0003572592109940542,0.0003572592109940542,-0.0010711606049835787,0.0010711606049835787
P380,FUS,False,computed,379,12,367,0.7034514078110808,0.523841961852861,0.5236148955495005,0.5245231607629428,0.20345140781108084,0.8333333333333334,-0.3521878784354494,0.6212534059945504,-0.08140333194874379,0.023841961852861027,0.4166666666666667,0.13625448332105144,0.4305177111716621,0.1233819774699657,finite published score set; not an assay-population estimate,0.001232204912530066,0.001232204912530066,0.00029123721517987367,0.00029123721517987367
P380,FZR1,False,computed,379,12,367,0.7014078110808356,0.5224795640326976,0.522252497729337,0.5231607629427792,0.2014078110808356,0.8333333333333334,-0.3521878784354494,0.6239782016348774,-0.08196004822673524,0.022479564032697574,0.4166666666666667,0.13625448332105144,0.4332425068119891,0.1228128684412434,finite published score set; not an assay-population estimate,-0.000811391817715168,0.000811391817715168,-0.0010711606049835787,0.0010711606049835787
P380,GADD45A,False,computed,379,12,367,0.7020890099909174,0.5240690281562216,0.523841961852861,0.5247502270663034,0.2020890099909174,0.8333333333333334,-0.3521878784354494,0.6212534059945504,-0.08196004822673524,0.024069028156221584,0.4166666666666667,0.13625448332105144,0.4305177111716621,0.1233819774699657,finite published score set; not an assay-population estimate,-0.0001301929076333863,0.0001301929076333863,0.0005183035185404306,0.0005183035185404306
P380,GEN1,False,computed,379,12,367,0.7020890099909174,0.5245231607629428,0.5242960944595823,0.5252043596730245,0.2020890099909174,0.8333333333333334,-0.3521878784354494,0.6212534059945504,-0.08196004822673524,0.02452316076294281,0.4166666666666667,0.13625448332105144,0.4305177111716621,0.1233819774699657,finite published score set; not an assay-population estimate,-0.0001301929076333863,0.0001301929076333863,0.0009724361252616553,0.0009724361252616553
P380,GGN,False,computed,379,12,367,0.7014078110808356,0.5227066303360581,0.5224795640326976,0.5233878292461399,0.2014078110808356,0.8333333333333334,-0.3521878784354494,0.6239782016348774,-0.08196004822673524,0.02270663033605813,0.4166666666666667,0.13625448332105144,0.4332425068119891,0.1228128684412434,finite published score set; not an assay-population estimate,-0.000811391817715168,0.000811391817715168,-0.0008440943016230218,0.0008440943016230218
P380,GPS1,False,computed,379,12,367,0.7018619436875567,0.5227066303360581,0.5224795640326976,0.5233878292461399,0.20186194368755672,0.8333333333333334,-0.3521878784354494,0.6239782016348774,-0.08196004822673524,0.02270663033605813,0.4166666666666667,0.13625448332105144,0.4332425068119891,0.1228128684412434,finite published score set; not an assay-population estimate,-0.0003572592109940542,0.0003572592109940542,-0.0008440943016230218,0.0008440943016230218
P380,GTF2H3,False,computed,379,12,367,0.703905540417802,0.5227066303360581,0.5224795640326976,0.5233878292461399,0.20390554041780196,0.8333333333333334,-0.3521878784354494,0.6212534059945504,-0.08140333194874379,0.02270663033605813,0.4166666666666667,0.13625448332105144,0.4332425068119891,0.1228128684412434,finite published score set; not an assay-population estimate,0.0016863375192511798,0.0016863375192511798,-0.0008440943016230218,0.0008440943016230218
P380,GTF2H5,True,computed,379,11,368,0.6966403162055336,0.5279150197628458,0.5276679841897233,0.5284090909090909,0.19664031620553357,0.8181818181818182,-0.414602888592106,0.6222826086956522,-0.08168169008773951,0.027915019762845827,0.45454545454545453,0.1307934744931222,0.4320652173913043,0.12309742295560455,finite published score set; not an assay-population estimate,-0.005578886693017204,0.005578886693017204,0.0043642951251646744,0.0043642951251646744
P380,H2AFX,False,computed,379,12,367,0.7041326067211626,0.5247502270663034,0.5245231607629428,0.5254314259763851,0.20413260672116262,0.8333333333333334,-0.3521878784354494,0.6212534059945504,-0.08140333194874379,0.024750227066303365,0.4166666666666667,0.13625448332105144,0.4305177111716621,0.1233819774699657,finite published score set; not an assay-population estimate,0.0019134038226118477,0.0019134038226118477,0.0011995024286222122,0.0011995024286222122
P380,HDAC10,False,computed,379,12,367,0.7018619436875567,0.5227066303360581,0.5224795640326976,0.5233878292461399,0.20186194368755672,0.8333333333333334,-0.3521878784354494,0.6212534059945504,-0.08196004822673524,0.02270663033605813,0.4166666666666667,0.13625448332105144,0.4332425068119891,0.1228128684412434,finite published score set; not an assay-population estimate,-0.0003572592109940542,0.0003572592109940542,-0.0008440943016230218,0.0008440943016230218
P380,HELB,False,computed,379,12,367,0.7014078110808356,0.5233878292461399,0.5231607629427792,0.5240690281562216,0.2014078110808356,0.8333333333333334,-0.3521878784354494,0.6239782016348774,-0.08196004822673524,0.023387829246139913,0.4166666666666667,0.13625448332105144,0.4332425068119891,0.1228128684412434,finite published score set; not an assay-population estimate,-0.000811391817715168,0.000811391817715168,-0.0001628953915412401,0.0001628953915412401
P380,HELQ,False,computed,379,12,367,0.7036784741144414,0.5242960944595823,0.5240690281562216,0.5249772933696639,0.2036784741144414,0.8333333333333334,-0.3521878784354494,0.6212534059945504,-0.08140333194874379,0.02429609445958225,0.4166666666666667,0.13625448332105144,0.4305177111716621,0.1233819774699657,finite published score set; not an assay-population estimate,0.001459271215890623,0.001459271215890623,0.0007453698219010985,0.0007453698219010985
P380,HIST3H2A,False,computed,379,12,367,0.7014078110808356,0.5240690281562216,0.523841961852861,0.5247502270663034,0.2014078110808356,0.8333333333333334,-0.3521878784354494,0.6239782016348774,-0.08196004822673524,0.024069028156221584,0.4166666666666667,0.13625448332105144,0.4305177111716621,0.1233819774699657,finite published score set; not an assay-population estimate,-0.000811391817715168,0.000811391817715168,0.0005183035185404306,0.0005183035185404306
P380,HIST3H3,False,computed,379,12,367,0.7014078110808356,0.5227066303360581,0.5224795640326976,0.5233878292461399,0.2014078110808356,0.8333333333333334,-0.3521878784354494,0.6239782016348774,-0.08196004822673524,0.02270663033605813,0.4166666666666667,0.13625448332105144,0.4332425068119891,0.1228128684412434,finite published score set; not an assay-population estimate,-0.000811391817715168,0.000811391817715168,-0.0008440943016230218,0.0008440943016230218
P380,HIST4H4,False,computed,379,12,367,0.7020890099909174,0.5240690281562216,0.523841961852861,0.5247502270663034,0.2020890099909174,0.8333333333333334,-0.3521878784354494,0.6212534059945504,-0.08196004822673524,0.024069028156221584,0.4166666666666667,0.13625448332105144,0.4305177111716621,0.1233819774699657,finite published score set; not an assay-population estimate,-0.0001301929076333863,0.0001301929076333863,0.0005183035185404306,0.0005183035185404306
P380,HMGA1,False,computed,379,12,367,0.7034514078110808,0.523841961852861,0.5236148955495005,0.5245231607629428,0.20345140781108084,0.8333333333333334,-0.3521878784354494,0.6212534059945504,-0.08140333194874379,0.023841961852861027,0.4166666666666667,0.13625448332105144,0.4332425068119891,0.1233819774699657,finite published score set; not an assay-population estimate,0.001232204912530066,0.001232204912530066,0.00029123721517987367,0.00029123721517987367
P380,HMGA2,False,computed,379,12,367,0.7018619436875567,0.5227066303360581,0.5224795640326976,0.5233878292461399,0.20186194368755672,0.8333333333333334,-0.3521878784354494,0.6239782016348774,-0.08196004822673524,0.02270663033605813,0.4166666666666667,0.13625448332105144,0.4332425068119891,0.1228128684412434,finite published score set; not an assay-population estimate,-0.0003572592109940542,0.0003572592109940542,-0.0008440943016230218,0.0008440943016230218
P380,HMGB2,False,computed,379,12,367,0.702316076294278,0.5224795640326976,0.522252497729337,0.5231607629427792,0.20231607629427795,0.8333333333333334,-0.3521878784354494,0.6212534059945504,-0.08140333194874379,0.022479564032697574,0.4166666666666667,0.13625448332105144,0.4332425068119891,0.1228128684412434,finite published score set; not an assay-population estimate,9.687339572717057e-05,9.687339572717057e-05,-0.0010711606049835787,0.0010711606049835787
P380,HMGN1,False,computed,379,12,367,0.702316076294278,0.5227066303360581,0.5224795640326976,0.5233878292461399,0.20231607629427795,0.8333333333333334,-0.3521878784354494,0.6212534059945504,-0.08140333194874379,0.02270663033605813,0.4166666666666667,0.13625448332105144,0.4332425068119891,0.1228128684412434,finite published score set; not an assay-population estimate,9.687339572717057e-05,9.687339572717057e-05,-0.0008440943016230218,0.0008440943016230218
P380,HSF1,False,computed,379,12,367,0.7025431425976385,0.5224795640326976,0.522252497729337,0.5231607629427792,0.2025431425976385,0.8333333333333334,-0.3521878784354494,0.6212534059945504,-0.08140333194874379,0.022479564032697574,0.4166666666666667,0.13625448332105144,0.4332425068119891,0.1228128684412434,finite published score set; not an assay-population estimate,0.00032393969908772746,0.00032393969908772746,-0.0010711606049835787,0.0010711606049835787
P380,HUS1B,False,computed,379,12,367,0.7032243415077203,0.5227066303360581,0.5224795640326976,0.5233878292461399,0.20322434150772029,0.8333333333333334,-0.3521878784354494,0.6212534059945504,-0.08140333194874379,0.02270663033605813,0.4166666666666667,0.13625448332105144,0.4332425068119891,0.1228128684412434,finite published score set; not an assay-population estimate,0.0010051386091695091,0.0010051386091695091,-0.0008440943016230218,0.0008440943016230218
P380,HUWE1,False,computed,379,12,367,0.703905540417802,0.5247502270663034,0.5245231607629428,0.5254314259763851,0.20390554041780196,0.8333333333333334,-0.3521878784354494,0.6212534059945504,-0.08140333194874379,0.024750227066303365,0.4166666666666667,0.13625448332105144,0.4305177111716621,0.1233819774699657,finite published score set; not an assay-population estimate,0.0016863375192511798,0.0016863375192511798,0.0011995024286222122,0.0011995024286222122
P380,IGHMBP2,False,computed,379,12,367,0.702316076294278,0.5227066303360581,0.5224795640326976,0.5233878292461399,0.20231607629427795,0.8333333333333334,-0.3521878784354494,0.6212534059945504,-0.08140333194874379,0.02270663033605813,0.4166666666666667,0.13625448332105144,0.4332425068119891,0.1228128684412434,finite published score set; not an assay-population estimate,9.687339572717057e-05,9.687339572717057e-05,-0.0008440943016230218,0.0008440943016230218
P380,ING3,False,computed,379,12,367,0.7034514078110808,0.523841961852861,0.5236148955495005,0.5245231607629428,0.20345140781108084,0.8333333333333334,-0.3521878784354494,0.6212534059945504,-0.08140333194874379,0.023841961852861027,0.4166666666666667,0.13625448332105144,0.4332425068119891,0.1233819774699657,finite published score set; not an assay-population estimate,0.001232204912530066,0.001232204912530066,0.00029123721517987367,0.00029123721517987367
P380,INIP,False,computed,379,12,367,0.7014078110808356,0.5227066303360581,0.5224795640326976,0.5233878292461399,0.2014078110808356,0.8333333333333334,-0.3521878784354494,0.6239782016348774,-0.08196004822673524,0.02270663033605813,0.4166666666666667,0.13625448332105144,0.4332425068119891,0.1228128684412434,finite published score set; not an assay-population estimate,-0.000811391817715168,0.000811391817715168,-0.0008440943016230218,0.0008440943016230218
P380,INO80C,False,computed,379,12,367,0.702316076294278,0.523841961852861,0.5236148955495005,0.5245231607629428,0.20231607629427795,0.8333333333333334,-0.3521878784354494,0.6212534059945504,-0.08140333194874379,0.023841961852861027,0.4166666666666667,0.13625448332105144,0.4332425068119891,0.1233819774699657,finite published score set; not an assay-population estimate,9.687339572717057e-05,9.687339572717057e-05,0.00029123721517987367,0.00029123721517987367
P380,INO80D,False,computed,379,12,367,0.7025431425976385,0.5240690281562216,0.523841961852861,0.5247502270663034,0.2025431425976385,0.8333333333333334,-0.3521878784354494,0.6212534059945504,-0.08140333194874379,0.024069028156221584,0.4166666666666667,0.13625448332105144,0.4305177111716621,0.1233819774699657,finite published score set; not an assay-population estimate,0.00032393969908772746,0.00032393969908772746,0.0005183035185404306,0.0005183035185404306
P380,INO80E,False,computed,379,12,367,0.702316076294278,0.5224795640326976,0.522252497729337,0.5231607629427792,0.20231607629427795,0.8333333333333334,-0.3521878784354494,0.6212534059945504,-0.08140333194874379,0.022479564032697574,0.4166666666666667,0.13625448332105144,0.4332425068119891,0.1228128684412434,finite published score set; not an assay-population estimate,9.687339572717057e-05,9.687339572717057e-05,-0.0010711606049835787,0.0010711606049835787
P380,ISG15,False,computed,379,12,367,0.7027702089009991,0.523841961852861,0.5236148955495005,0.5245231607629428,0.20277020890099906,0.8333333333333334,-0.3521878784354494,0.6212534059945504,-0.08140333194874379,0.023841961852861027,0.4166666666666667,0.13625448332105144,0.4305177111716621,0.1233819774699657,finite published score set; not an assay-population estimate,0.0005510060024482843,0.0005510060024482843,0.00029123721517987367,0.00029123721517987367
P380,JMY,False,computed,379,12,367,0.7020890099909174,0.5240690281562216,0.523841961852861,0.5247502270663034,0.2020890099909174,0.8333333333333334,-0.3521878784354494,0.6212534059945504,-0.08196004822673524,0.024069028156221584,0.4166666666666667,0.13625448332105144,0.4305177111716621,0.1233819774699657,finite published score set; not an assay-population estimate,-0.0001301929076333863,0.0001301929076333863,0.0005183035185404306,0.0005183035185404306
P380,KAT5,False,computed,379,12,367,0.7014078110808356,0.5231607629427792,0.5229336966394187,0.523841961852861,0.2014078110808356,0.8333333333333334,-0.3521878784354494,0.6239782016348774,-0.08196004822673524,0.023160762942779245,0.4166666666666667,0.13625448332105144,0.4332425068119891,0.1228128684412434,finite published score set; not an assay-population estimate,-0.000811391817715168,0.000811391817715168,-0.000389961694901908,0.000389961694901908
P380,KDM1A,False,computed,379,12,367,0.7032243415077203,0.5240690281562216,0.523841961852861,0.5247502270663034,0.20322434150772029,0.8333333333333334,-0.3521878784354494,0.6212534059945504,-0.08140333194874379,0.024069028156221584,0.4166666666666667,0.13625448332105144,0.4305177111716621,0.1233819774699657,finite published score set; not an assay-population estimate,0.0010051386091695091,0.0010051386091695091,0.0005183035185404306,0.0005183035185404306
P380,KDM2A,False,computed,379,12,367,0.7020890099909174,0.523841961852861,0.5236148955495005,0.5245231607629428,0.2020890099909174,0.8333333333333334,-0.3521878784354494,0.6212534059945504,-0.08196004822673524,0.023841961852861027,0.4166666666666667,0.13625448332105144,0.4332425068119891,0.1233819774699657,finite published score set; not an assay-population estimate,-0.0001301929076333863,0.0001301929076333863,0.00029123721517987367,0.00029123721517987367
P380,KDM4D,False,computed,379,12,367,0.702316076294278,0.5240690281562216,0.523841961852861,0.5247502270663034,0.20231607629427795,0.8333333333333334,-0.3521878784354494,0.6212534059945504,-0.08140333194874379,0.024069028156221584,0.4166666666666667,0.13625448332105144,0.4305177111716621,0.1233819774699657,finite published score set; not an assay-population estimate,9.687339572717057e-05,9.687339572717057e-05,0.0005183035185404306,0.0005183035185404306
P380,KIAA0101,False,computed,379,12,367,0.7020890099909174,0.5227066303360581,0.5224795640326976,0.5233878292461399,0.2020890099909174,0.8333333333333334,-0.3521878784354494,0.6212534059945504,-0.08196004822673524,0.02270663033605813,0.4166666666666667,0.13625448332105144,0.4332425068119891,0.1228128684412434,finite published score set; not an assay-population estimate,-0.0001301929076333863,0.0001301929076333863,-0.0008440943016230218,0.0008440943016230218
P380,KIAA0430,False,computed,379,12,367,0.7014078110808356,0.5231607629427792,0.5229336966394187,0.523841961852861,0.2014078110808356,0.8333333333333334,-0.3521878784354494,0.6239782016348774,-0.08196004822673524,0.023160762942779245,0.4166666666666667,0.13625448332105144,0.4332425068119891,0.1228128684412434,finite published score set; not an assay-population estimate,-0.000811391817715168,0.000811391817715168,-0.000389961694901908,0.000389961694901908
P380,KIN,False,computed,379,12,367,0.7032243415077203,0.5231607629427792,0.5229336966394187,0.523841961852861,0.20322434150772029,0.8333333333333334,-0.3521878784354494,0.6212534059945504,-0.08140333194874379,0.023160762942779245,0.4166666666666667,0.13625448332105144,0.4332425068119891,0.1228128684412434,finite published score set; not an assay-population estimate,0.0010051386091695091,0.0010051386091695091,-0.000389961694901908,0.000389961694901908
P380,KLHL15,False,computed,379,12,367,0.7027702089009991,0.5231607629427792,0.5229336966394187,0.523841961852861,0.20277020890099906,0.8333333333333334,-0.3521878784354494,0.6212534059945504,-0.08140333194874379,0.023160762942779245,0.4166666666666667,0.13625448332105144,0.4332425068119891,0.1228128684412434,finite published score set; not an assay-population estimate,0.0005510060024482843,0.0005510060024482843,-0.000389961694901908,0.000389961694901908
P380,LIG3,False,computed,379,12,367,0.7032243415077203,0.5249772933696639,0.5247502270663034,0.5256584922797457,0.20322434150772029,0.8333333333333334,-0.3521878784354494,0.6212534059945504,-0.08140333194874379,0.024977293369663922,0.4166666666666667,0.13625448332105144,0.4305177111716621,0.1233819774699657,finite published score set; not an assay-population estimate,0.0010051386091695091,0.0010051386091695091,0.0014265687319827691,0.0014265687319827691
P380,MAD2L2,False,computed,379,12,367,0.7020890099909174,0.522252497729337,0.5220254314259763,0.5229336966394187,0.2020890099909174,0.8333333333333334,-0.3521878784354494,0.6212534059945504,-0.08196004822673524,0.022252497729337017,0.4166666666666667,0.13625448332105144,0.4332425068119891,0.1228128684412434,finite published score set; not an assay-population estimate,-0.0001301929076333863,0.0001301929076333863,-0.0012982269083441356,0.0012982269083441356
P380,MAGEF1,False,computed,379,12,367,0.7014078110808356,0.5240690281562216,0.523841961852861,0.5247502270663034,0.2014078110808356,0.8333333333333334,-0.3521878784354494,0.6239782016348774,-0.08196004822673524,0.024069028156221584,0.4166666666666667,0.13625448332105144,0.4305177111716621,0.1233819774699657,finite published score set; not an assay-population estimate,-0.000811391817715168,0.000811391817715168,0.0005183035185404306,0.0005183035185404306
P380,MB21D1,False,computed,379,12,367,0.7014078110808356,0.523841961852861,0.5236148955495005,0.5245231607629428,0.2014078110808356,0.8333333333333334,-0.3521878784354494,0.6239782016348774,-0.08196004822673524,0.023841961852861027,0.4166666666666667,0.13625448332105144,0.4305177111716621,0.1233819774699657,finite published score set; not an assay-population estimate,-0.000811391817715168,0.000811391817715168,0.00029123721517987367,0.00029123721517987367
P380,MBD4,False,computed,379,12,367,0.7025431425976385,0.5233878292461399,0.5231607629427792,0.5240690281562216,0.2025431425976385,0.8333333333333334,-0.3521878784354494,0.6212534059945504,-0.08140333194874379,0.023387829246139913,0.4166666666666667,0.13625448332105144,0.4332425068119891,0.1228128684412434,finite published score set; not an assay-population estimate,0.00032393969908772746,0.00032393969908772746,-0.0001628953915412401,0.0001628953915412401
P380,MBTD1,False,computed,379,12,367,0.7025431425976385,0.5240690281562216,0.523841961852861,0.5247502270663034,0.2025431425976385,0.8333333333333334,-0.3521878784354494,0.6212534059945504,-0.08140333194874379,0.024069028156221584,0.4166666666666667,0.13625448332105144,0.4305177111716621,0.1233819774699657,finite published score set; not an assay-population estimate,0.00032393969908772746,0.00032393969908772746,0.0005183035185404306,0.0005183035185404306
P380,MC1R,False,computed,379,12,367,0.7025431425976385,0.5240690281562216,0.523841961852861,0.5247502270663034,0.2025431425976385,0.8333333333333334,-0.3521878784354494,0.6212534059945504,-0.08140333194874379,0.024069028156221584,0.4166666666666667,0.13625448332105144,0.4305177111716621,0.1233819774699657,finite published score set; not an assay-population estimate,0.00032393969908772746,0.00032393969908772746,0.0005183035185404306,0.0005183035185404306
P380,MCM4,True,computed,379,11,368,0.7371541501976284,0.5261857707509882,0.5259387351778656,0.5266798418972332,0.23715415019762842,0.9090909090909091,-0.414602888592106,0.6222826086956522,-0.08168169008773951,0.026185770750988158,0.45454545454545453,0.1417154921489807,0.4320652173913043,0.12309742295560455,finite published score set; not an assay-population estimate,0.034934947299077646,0.034934947299077646,0.0026350461133070047,0.0026350461133070047
P380,MCM7,False,computed,379,12,367,0.7032243415077203,0.522252497729337,0.5220254314259763,0.5229336966394187,0.20322434150772029,0.8333333333333334,-0.3521878784354494,0.6212534059945504,-0.08140333194874379,0.022252497729337017,0.4166666666666667,0.13625448332105144,0.4332425068119891,0.1228128684412434,finite published score set; not an assay-population estimate,0.0010051386091695091,0.0010051386091695091,-0.0012982269083441356,0.0012982269083441356
P380,MCM8,False,computed,379,12,367,0.7014078110808356,0.5245231607629428,0.5242960944595823,0.5252043596730245,0.2014078110808356,0.8333333333333334,-0.3521878784354494,0.6239782016348774,-0.08196004822673524,0.02452316076294281,0.4166666666666667,0.13625448332105144,0.4305177111716621,0.1233819774699657,finite published score set; not an assay-population estimate,-0.000811391817715168,0.000811391817715168,0.0009724361252616553,0.0009724361252616553
P380,MCM9,False,computed,379,12,367,0.7027702089009991,0.523841961852861,0.5236148955495005,0.5245231607629428,0.20277020890099906,0.8333333333333334,-0.3521878784354494,0.6212534059945504,-0.08140333194874379,0.023841961852861027,0.4166666666666667,0.13625448332105144,0.4305177111716621,0.1233819774699657,finite published score set; not an assay-population estimate,0.0005510060024482843,0.0005510060024482843,0.00029123721517987367,0.00029123721517987367
P380,MCMDC2,False,computed,379,12,367,0.7014078110808356,0.5242960944595823,0.5240690281562216,0.5249772933696639,0.2014078110808356,0.8333333333333334,-0.3521878784354494,0.6239782016348774,-0.08196004822673524,0.02429609445958225,0.4166666666666667,0.13625448332105144,0.4305177111716621,0.1233819774699657,finite published score set; not an assay-population estimate,-0.000811391817715168,0.000811391817715168,0.0007453698219010985,0.0007453698219010985
P380,MCRS1,False,computed,379,12,367,0.702316076294278,0.5233878292461399,0.5231607629427792,0.5240690281562216,0.20231607629427795,0.8333333333333334,-0.3521878784354494,0.6212534059945504,-0.08140333194874379,0.023387829246139913,0.4166666666666667,0.13625448332105144,0.4332425068119891,0.1228128684412434,finite published score set; not an assay-population estimate,9.687339572717057e-05,9.687339572717057e-05,-0.0001628953915412401,0.0001628953915412401
P380,MDC1,False,computed,379,12,367,0.7041326067211626,0.5249772933696639,0.5247502270663034,0.5256584922797457,0.20413260672116262,0.8333333333333334,-0.3521878784354494,0.6212534059945504,-0.08140333194874379,0.024977293369663922,0.4166666666666667,0.13625448332105144,0.4305177111716621,0.1233819774699657,finite published score set; not an assay-population estimate,0.0019134038226118477,0.0019134038226118477,0.0014265687319827691,0.0014265687319827691
P380,MEAF6,False,computed,379,12,367,0.7027702089009991,0.5247502270663034,0.5245231607629428,0.5254314259763851,0.20277020890099906,0.8333333333333334,-0.3521878784354494,0.6212534059945504,-0.08140333194874379,0.024750227066303365,0.4166666666666667,0.13625448332105144,0.4305177111716621,0.1233819774699657,finite published score set; not an assay-population estimate,0.0005510060024482843,0.0005510060024482843,0.0011995024286222122,0.0011995024286222122
P380,MEIOB,False,computed,379,12,367,0.7020890099909174,0.523841961852861,0.5236148955495005,0.5245231607629428,0.2020890099909174,0.8333333333333334,-0.3521878784354494,0.6212534059945504,-0.08196004822673524,0.023841961852861027,0.4166666666666667,0.13625448332105144,0.4332425068119891,0.1233819774699657,finite published score set; not an assay-population estimate,-0.0001301929076333863,0.0001301929076333863,0.00029123721517987367,0.00029123721517987367
P380,MEN1,False,computed,379,12,367,0.703905540417802,0.5231607629427792,0.5229336966394187,0.523841961852861,0.20390554041780196,0.8333333333333334,-0.3521878784354494,0.6212534059945504,-0.08140333194874379,0.023160762942779245,0.4166666666666667,0.13625448332105144,0.4332425068119891,0.1228128684412434,finite published score set; not an assay-population estimate,0.0016863375192511798,0.0016863375192511798,-0.000389961694901908,0.000389961694901908
P380,MGME1,False,computed,379,12,367,0.702316076294278,0.5231607629427792,0.5229336966394187,0.523841961852861,0.20231607629427795,0.8333333333333334,-0.3521878784354494,0.6212534059945504,-0.08140333194874379,0.023160762942779245,0.4166666666666667,0.13625448332105144,0.4332425068119891,0.1228128684412434,finite published score set; not an assay-population estimate,9.687339572717057e-05,9.687339572717057e-05,-0.000389961694901908,0.000389961694901908
P380,MGMT,False,computed,379,12,367,0.7025431425976385,0.5227066303360581,0.5224795640326976,0.5233878292461399,0.2025431425976385,0.8333333333333334,-0.3521878784354494,0.6212534059945504,-0.08140333194874379,0.02270663033605813,0.4166666666666667,0.13625448332105144,0.4332425068119891,0.1228128684412434,finite published score set; not an assay-population estimate,0.00032393969908772746,0.00032393969908772746,-0.0008440943016230218,0.0008440943016230218
P380,MLH1,False,computed,379,12,367,0.7027702089009991,0.5240690281562216,0.523841961852861,0.5247502270663034,0.20277020890099906,0.8333333333333334,-0.3521878784354494,0.6212534059945504,-0.08140333194874379,0.024069028156221584,0.4166666666666667,0.13625448332105144,0.4305177111716621,0.1233819774699657,finite published score set; not an assay-population estimate,0.0005510060024482843,0.0005510060024482843,0.0005183035185404306,0.0005183035185404306
P380,MLH3,False,computed,379,12,367,0.7014078110808356,0.5227066303360581,0.5224795640326976,0.5233878292461399,0.2014078110808356,0.8333333333333334,-0.3521878784354494,0.6239782016348774,-0.08196004822673524,0.02270663033605813,0.4166666666666667,0.13625448332105144,0.4332425068119891,0.1228128684412434,finite published score set; not an assay-population estimate,-0.000811391817715168,0.000811391817715168,-0.0008440943016230218,0.0008440943016230218
P380,MORF4L1,False,computed,379,12,367,0.7027702089009991,0.5240690281562216,0.523841961852861,0.5247502270663034,0.20277020890099906,0.8333333333333334,-0.3521878784354494,0.6212534059945504,-0.08140333194874379,0.024069028156221584,0.4166666666666667,0.13625448332105144,0.4305177111716621,0.1233819774699657,finite published score set; not an assay-population estimate,0.0005510060024482843,0.0005510060024482843,0.0005183035185404306,0.0005183035185404306
P380,MORF4L2,False,computed,379,12,367,0.7018619436875567,0.5227066303360581,0.5224795640326976,0.5231607629427792,0.20186194368755672,0.8333333333333334,-0.3521878784354494,0.6239782016348774,-0.08196004822673524,0.02270663033605813,0.4166666666666667,0.13625448332105144,0.4332425068119891,0.1228128684412434,finite published score set; not an assay-population estimate,-0.0003572592109940542,0.0003572592109940542,-0.0008440943016230218,0.0008440943016230218
P380,MPG,False,computed,379,12,367,0.7014078110808356,0.5240690281562216,0.523841961852861,0.5247502270663034,0.2014078110808356,0.8333333333333334,-0.3521878784354494,0.6239782016348774,-0.08196004822673524,0.024069028156221584,0.4166666666666667,0.13625448332105144,0.4305177111716621,0.1233819774699657,finite published score set; not an assay-population estimate,-0.000811391817715168,0.000811391817715168,0.0005183035185404306,0.0005183035185404306
P380,MRGBP,False,computed,379,12,367,0.7032243415077203,0.522252497729337,0.5220254314259763,0.5229336966394187,0.20322434150772029,0.8333333333333334,-0.3521878784354494,0.6212534059945504,-0.08140333194874379,0.022252497729337017,0.4166666666666667,0.13625448332105144,0.4332425068119891,0.1228128684412434,finite published score set; not an assay-population estimate,0.0010051386091695091,0.0010051386091695091,-0.0012982269083441356,0.0012982269083441356
P380,MSH2,False,computed,379,12,367,0.7020890099909174,0.5224795640326976,0.522252497729337,0.5231607629427792,0.2020890099909174,0.8333333333333334,-0.3521878784354494,0.6212534059945504,-0.08196004822673524,0.022479564032697574,0.4166666666666667,0.13625448332105144,0.4332425068119891,0.1228128684412434,finite published score set; not an assay-population estimate,-0.0001301929076333863,0.0001301929076333863,-0.0010711606049835787,0.0010711606049835787
P380,MSH3,False,computed,379,12,367,0.7014078110808356,0.5231607629427792,0.5229336966394187,0.523841961852861,0.2014078110808356,0.8333333333333334,-0.3521878784354494,0.6239782016348774,-0.08196004822673524,0.023160762942779245,0.4166666666666667,0.13625448332105144,0.4332425068119891,0.1228128684412434,finite published score set; not an assay-population estimate,-0.000811391817715168,0.000811391817715168,-0.000389961694901908,0.000389961694901908
P380,MSH4,False,computed,379,12,367,0.7025431425976385,0.5247502270663034,0.5245231607629428,0.5254314259763851,0.2025431425976385,0.8333333333333334,-0.3521878784354494,0.6212534059945504,-0.08140333194874379,0.024750227066303365,0.4166666666666667,0.13625448332105144,0.4305177111716621,0.1233819774699657,finite published score set; not an assay-population estimate,0.00032393969908772746,0.00032393969908772746,0.0011995024286222122,0.0011995024286222122
P380,MSH5,False,computed,379,12,367,0.7020890099909174,0.523841961852861,0.5236148955495005,0.5245231607629428,0.2020890099909174,0.8333333333333334,-0.3521878784354494,0.6212534059945504,-0.08196004822673524,0.023841961852861027,0.4166666666666667,0.13625448332105144,0.4332425068119891,0.1233819774699657,finite published score set; not an assay-population estimate,-0.0001301929076333863,0.0001301929076333863,0.00029123721517987367,0.00029123721517987367
P380,MSH6,False,computed,379,12,367,0.7018619436875567,0.5245231607629428,0.5242960944595823,0.5252043596730245,0.20186194368755672,0.8333333333333334,-0.3521878784354494,0.6212534059945504,-0.08196004822673524,0.02452316076294281,0.4166666666666667,0.13625448332105144,0.4305177111716621,0.1233819774699657,finite published score set; not an assay-population estimate,-0.0003572592109940542,0.0003572592109940542,0.0009724361252616553,0.0009724361252616553
P380,MUM1,False,computed,379,12,367,0.7016348773841962,0.5227066303360581,0.5224795640326976,0.5233878292461399,0.20163487738419617,0.8333333333333334,-0.3521878784354494,0.6239782016348774,-0.08196004822673524,0.02270663033605813,0.4166666666666667,0.13625448332105144,0.4332425068119891,0.1228128684412434,finite published score set; not an assay-population estimate,-0.0005843255143546111,0.0005843255143546111,-0.0008440943016230218,0.0008440943016230218
P380,MUS81,False,computed,379,12,367,0.7027702089009991,0.523841961852861,0.5236148955495005,0.5245231607629428,0.20277020890099906,0.8333333333333334,-0.3521878784354494,0.6212534059945504,-0.08140333194874379,0.023841961852861027,0.4166666666666667,0.13625448332105144,0.4332425068119891,0.1233819774699657,finite published score set; not an assay-population estimate,0.0005510060024482843,0.0005510060024482843,0.00029123721517987367,0.00029123721517987367
P380,MUTYH,False,computed,379,12,367,0.7041326067211626,0.5240690281562216,0.523841961852861,0.5247502270663034,0.20413260672116262,0.8333333333333334,-0.3521878784354494,0.6212534059945504,-0.08140333194874379,0.024069028156221584,0.4166666666666667,0.13625448332105144,0.4305177111716621,0.1233819774699657,finite published score set; not an assay-population estimate,0.0019134038226118477,0.0019134038226118477,0.0005183035185404306,0.0005183035185404306
P380,NABP1,False,computed,379,12,367,0.702316076294278,0.5224795640326976,0.522252497729337,0.5231607629427792,0.20231607629427795,0.8333333333333334,-0.3521878784354494,0.6212534059945504,-0.08140333194874379,0.022479564032697574,0.4166666666666667,0.13625448332105144,0.4332425068119891,0.1228128684412434,finite published score set; not an assay-population estimate,9.687339572717057e-05,9.687339572717057e-05,-0.0010711606049835787,0.0010711606049835787
P380,NDNL2,False,computed,379,12,367,0.7025431425976385,0.522252497729337,0.5220254314259763,0.5229336966394187,0.2025431425976385,0.8333333333333334,-0.3521878784354494,0.6212534059945504,-0.08140333194874379,0.022252497729337017,0.4166666666666667,0.13625448332105144,0.4332425068119891,0.1228128684412434,finite published score set; not an assay-population estimate,0.00032393969908772746,0.00032393969908772746,-0.0012982269083441356,0.0012982269083441356
P380,NEIL1,False,computed,379,12,367,0.7020890099909174,0.5236148955495005,0.5233878292461399,0.5242960944595823,0.2020890099909174,0.8333333333333334,-0.3521878784354494,0.6212534059945504,-0.08196004822673524,0.02361489554950047,0.4166666666666667,0.13625448332105144,0.4332425068119891,0.1228128684412434,finite published score set; not an assay-population estimate,-0.0001301929076333863,0.0001301929076333863,6.417091181931678e-05,6.417091181931678e-05
P380,NEIL2,False,computed,379,12,367,0.7014078110808356,0.523841961852861,0.5236148955495005,0.5245231607629428,0.2014078110808356,0.8333333333333334,-0.3521878784354494,0.6239782016348774,-0.08196004822673524,0.023841961852861027,0.4166666666666667,0.13625448332105144,0.4332425068119891,0.1233819774699657,finite published score set; not an assay-population estimate,-0.000811391817715168,0.000811391817715168,0.00029123721517987367,0.00029123721517987367
P380,NEIL3,False,computed,379,12,367,0.7025431425976385,0.5227066303360581,0.5224795640326976,0.5233878292461399,0.2025431425976385,0.8333333333333334,-0.3521878784354494,0.6212534059945504,-0.08140333194874379,0.02270663033605813,0.4166666666666667,0.13625448332105144,0.4332425068119891,0.1228128684412434,finite published score set; not an assay-population estimate,0.00032393969908772746,0.00032393969908772746,-0.0008440943016230218,0.0008440943016230218
P380,NFRKB,False,computed,379,12,367,0.7032243415077203,0.5227066303360581,0.5224795640326976,0.5233878292461399,0.20322434150772029,0.8333333333333334,-0.3521878784354494,0.6212534059945504,-0.08140333194874379,0.02270663033605813,0.4166666666666667,0.13625448332105144,0.4332425068119891,0.1228128684412434,finite published score set; not an assay-population estimate,0.0010051386091695091,0.0010051386091695091,-0.0008440943016230218,0.0008440943016230218
P380,NHEJ1,False,computed,379,12,367,0.7032243415077203,0.5240690281562216,0.523841961852861,0.5247502270663034,0.20322434150772029,0.8333333333333334,-0.3521878784354494,0.6212534059945504,-0.08140333194874379,0.024069028156221584,0.4166666666666667,0.13625448332105144,0.4305177111716621,0.1233819774699657,finite published score set; not an assay-population estimate,0.0010051386091695091,0.0010051386091695091,0.0005183035185404306,0.0005183035185404306
P380,NIPBL,False,computed,379,12,367,0.7014078110808356,0.5247502270663034,0.5245231607629428,0.5254314259763851,0.2014078110808356,0.8333333333333334,-0.3521878784354494,0.6239782016348774,-0.08196004822673524,0.024750227066303365,0.4166666666666667,0.13625448332105144,0.4305177111716621,0.1233819774699657,finite published score set; not an assay-population estimate,-0.000811391817715168,0.000811391817715168,0.0011995024286222122,0.0011995024286222122
P380,NONO,False,computed,379,12,367,0.7032243415077203,0.5227066303360581,0.5224795640326976,0.5233878292461399,0.20322434150772029,0.8333333333333334,-0.3521878784354494,0.6212534059945504,-0.08140333194874379,0.02270663033605813,0.4166666666666667,0.13625448332105144,0.4332425068119891,0.1228128684412434,finite published score set; not an assay-population estimate,0.0010051386091695091,0.0010051386091695091,-0.0008440943016230218,0.0008440943016230218
P380,NPAS2,False,computed,379,12,367,0.7014078110808356,0.5224795640326976,0.522252497729337,0.5231607629427792,0.2014078110808356,0.8333333333333334,-0.3521878784354494,0.6239782016348774,-0.08196004822673524,0.022479564032697574,0.4166666666666667,0.13625448332105144,0.4332425068119891,0.1228128684412434,finite published score set; not an assay-population estimate,-0.000811391817715168,0.000811391817715168,-0.0010711606049835787,0.0010711606049835787
P380,NPM1,False,computed,379,12,367,0.702316076294278,0.5227066303360581,0.5224795640326976,0.5233878292461399,0.20231607629427795,0.8333333333333334,-0.3521878784354494,0.6212534059945504,-0.08140333194874379,0.02270663033605813,0.4166666666666667,0.13625448332105144,0.4332425068119891,0.1228128684412434,finite published score set; not an assay-population estimate,9.687339572717057e-05,9.687339572717057e-05,-0.0008440943016230218,0.0008440943016230218
P380,NSMCE2,False,computed,379,12,367,0.7025431425976385,0.5227066303360581,0.5224795640326976,0.5233878292461399,0.2025431425976385,0.8333333333333334,-0.3521878784354494,0.6212534059945504,-0.08140333194874379,0.02270663033605813,0.4166666666666667,0.13625448332105144,0.4332425068119891,0.1228128684412434,finite published score set; not an assay-population estimate,0.00032393969908772746,0.00032393969908772746,-0.0008440943016230218,0.0008440943016230218
P380,NSMCE4A,False,computed,379,12,367,0.7025431425976385,0.5224795640326976,0.522252497729337,0.5231607629427792,0.2025431425976385,0.8333333333333334,-0.3521878784354494,0.6212534059945504,-0.08140333194874379,0.022479564032697574,0.4166666666666667,0.13625448332105144,0.4332425068119891,0.1228128684412434,finite published score set; not an assay-population estimate,0.00032393969908772746,0.00032393969908772746,-0.0010711606049835787,0.0010711606049835787
P380,NTHL1,False,computed,379,12,367,0.7020890099909174,0.5240690281562216,0.523841961852861,0.5247502270663034,0.2020890099909174,0.8333333333333334,-0.3521878784354494,0.6212534059945504,-0.08196004822673524,0.024069028156221584,0.4166666666666667,0.13625448332105144,0.4305177111716621,0.1233819774699657,finite published score set; not an assay-population estimate,-0.0001301929076333863,0.0001301929076333863,0.0005183035185404306,0.0005183035185404306
P380,NUCKS1,False,computed,379,12,367,0.7020890099909174,0.5245231607629428,0.5242960944595823,0.5252043596730245,0.2020890099909174,0.8333333333333334,-0.3521878784354494,0.6212534059945504,-0.08140333194874379,0.02452316076294281,0.4166666666666667,0.13625448332105144,0.4305177111716621,0.1233819774699657,finite published score set; not an assay-population estimate,-0.0001301929076333863,0.0001301929076333863,0.0009724361252616553,0.0009724361252616553
P380,NUDT1,False,computed,379,12,367,0.7018619436875567,0.5231607629427792,0.5229336966394187,0.523841961852861,0.20186194368755672,0.8333333333333334,-0.3521878784354494,0.6239782016348774,-0.08196004822673524,0.023160762942779245,0.4166666666666667,0.13625448332105144,0.4332425068119891,0.1228128684412434,finite published score set; not an assay-population estimate,-0.0003572592109940542,0.0003572592109940542,-0.000389961694901908,0.000389961694901908
P380,NUDT16,False,computed,379,12,367,0.7025431425976385,0.5240690281562216,0.523841961852861,0.5247502270663034,0.2025431425976385,0.8333333333333334,-0.3521878784354494,0.6212534059945504,-0.08140333194874379,0.024069028156221584,0.4166666666666667,0.13625448332105144,0.4305177111716621,0.1233819774699657,finite published score set; not an assay-population estimate,0.00032393969908772746,0.00032393969908772746,0.0005183035185404306,0.0005183035185404306
P380,NUDT16L1,False,computed,379,12,367,0.7014078110808356,0.5231607629427792,0.5229336966394187,0.523841961852861,0.2014078110808356,0.8333333333333334,-0.3521878784354494,0.6239782016348774,-0.08196004822673524,0.023160762942779245,0.4166666666666667,0.13625448332105144,0.4332425068119891,0.1228128684412434,finite published score set; not an assay-population estimate,-0.000811391817715168,0.000811391817715168,-0.000389961694901908,0.000389961694901908
P380,OBFC1,False,computed,379,12,367,0.7014078110808356,0.5231607629427792,0.5229336966394187,0.523841961852861,0.2014078110808356,0.8333333333333334,-0.3521878784354494,0.6239782016348774,-0.08196004822673524,0.023160762942779245,0.4166666666666667,0.13625448332105144,0.4332425068119891,0.1228128684412434,finite published score set; not an assay-population estimate,-0.000811391817715168,0.000811391817715168,-0.000389961694901908,0.000389961694901908
P380,OGG1,False,computed,379,12,367,0.7020890099909174,0.5242960944595823,0.5240690281562216,0.5249772933696639,0.2020890099909174,0.8333333333333334,-0.3521878784354494,0.6212534059945504,-0.08196004822673524,0.02429609445958225,0.4166666666666667,0.13625448332105144,0.4305177111716621,0.1233819774699657,finite published score set; not an assay-population estimate,-0.0001301929076333863,0.0001301929076333863,0.0007453698219010985,0.0007453698219010985
P380,OTUB1,False,computed,379,12,367,0.703905540417802,0.5247502270663034,0.5245231607629428,0.5254314259763851,0.20390554041780196,0.8333333333333334,-0.3521878784354494,0.6212534059945504,-0.08140333194874379,0.024750227066303365,0.4166666666666667,0.13625448332105144,0.4305177111716621,0.1233819774699657,finite published score set; not an assay-population estimate,0.0016863375192511798,0.0016863375192511798,0.0011995024286222122,0.0011995024286222122
P380,PAGR1,False,computed,379,12,367,0.7014078110808356,0.5227066303360581,0.5224795640326976,0.5233878292461399,0.2014078110808356,0.8333333333333334,-0.3521878784354494,0.6239782016348774,-0.08196004822673524,0.02270663033605813,0.4166666666666667,0.13625448332105144,0.4332425068119891,0.1228128684412434,finite published score set; not an assay-population estimate,-0.000811391817715168,0.000811391817715168,-0.0008440943016230218,0.0008440943016230218
P380,PAPD7,False,computed,379,12,367,0.7014078110808356,0.5227066303360581,0.5224795640326976,0.5233878292461399,0.2014078110808356,0.8333333333333334,-0.3521878784354494,0.6239782016348774,-0.08196004822673524,0.02270663033605813,0.4166666666666667,0.13625448332105144,0.4332425068119891,0.1228128684412434,finite published score set; not an assay-population estimate,-0.000811391817715168,0.000811391817715168,-0.0008440943016230218,0.0008440943016230218
P380,PARG,False,computed,379,12,367,0.7018619436875567,0.5242960944595823,0.5240690281562216,0.5249772933696639,0.20186194368755672,0.8333333333333334,-0.3521878784354494,0.6212534059945504,-0.08196004822673524,0.02429609445958225,0.4166666666666667,0.13625448332105144,0.4305177111716621,0.1233819774699657,finite published score set; not an assay-population estimate,-0.0003572592109940542,0.0003572592109940542,0.0007453698219010985,0.0007453698219010985
P380,PARP1,False,computed,379,12,367,0.7041326067211626,0.5247502270663034,0.5245231607629428,0.5254314259763851,0.20413260672116262,0.8333333333333334,-0.3521878784354494,0.6212534059945504,-0.08140333194874379,0.024750227066303365,0.4166666666666667,0.13625448332105144,0.4305177111716621,0.1233819774699657,finite published score set; not an assay-population estimate,0.0019134038226118477,0.0019134038226118477,0.0011995024286222122,0.0011995024286222122
P380,PARP10,False,computed,379,12,367,0.7014078110808356,0.5224795640326976,0.522252497729337,0.5231607629427792,0.2014078110808356,0.8333333333333334,-0.3521878784354494,0.6239782016348774,-0.08196004822673524,0.022479564032697574,0.4166666666666667,0.13625448332105144,0.4332425068119891,0.1228128684412434,finite published score set; not an assay-population estimate,-0.000811391817715168,0.000811391817715168,-0.0010711606049835787,0.0010711606049835787
P380,PARP2,False,computed,379,12,367,0.7027702089009991,0.5227066303360581,0.5224795640326976,0.5233878292461399,0.20277020890099906,0.8333333333333334,-0.3521878784354494,0.6212534059945504,-0.08140333194874379,0.02270663033605813,0.4166666666666667,0.13625448332105144,0.4332425068119891,0.1228128684412434,finite published score set; not an assay-population estimate,0.0005510060024482843,0.0005510060024482843,-0.0008440943016230218,0.0008440943016230218
P380,PARP4,False,computed,379,12,367,0.7020890099909174,0.5231607629427792,0.5229336966394187,0.523841961852861,0.2020890099909174,0.8333333333333334,-0.3521878784354494,0.6212534059945504,-0.08196004822673524,0.023160762942779245,0.4166666666666667,0.13625448332105144,0.4332425068119891,0.1228128684412434,finite published score set; not an assay-population estimate,-0.0001301929076333863,0.0001301929076333863,-0.000389961694901908,0.000389961694901908
P380,PARP9,False,computed,379,12,367,0.702316076294278,0.5240690281562216,0.523841961852861,0.5247502270663034,0.20231607629427795,0.8333333333333334,-0.3521878784354494,0.6212534059945504,-0.08140333194874379,0.024069028156221584,0.4166666666666667,0.13625448332105144,0.4305177111716621,0.1233819774699657,finite published score set; not an assay-population estimate,9.687339572717057e-05,9.687339572717057e-05,0.0005183035185404306,0.0005183035185404306
P380,PARPBP,False,computed,379,12,367,0.7014078110808356,0.523841961852861,0.5236148955495005,0.5245231607629428,0.2014078110808356,0.8333333333333334,-0.3521878784354494,0.6239782016348774,-0.08196004822673524,0.023841961852861027,0.4166666666666667,0.13625448332105144,0.4305177111716621,0.1233819774699657,finite published score set; not an assay-population estimate,-0.000811391817715168,0.000811391817715168,0.00029123721517987367,0.00029123721517987367
P380,PAXIP1,False,computed,379,12,367,0.7032243415077203,0.5227066303360581,0.5224795640326976,0.5233878292461399,0.20322434150772029,0.8333333333333334,-0.3521878784354494,0.6212534059945504,-0.08140333194874379,0.02270663033605813,0.4166666666666667,0.13625448332105144,0.4332425068119891,0.1228128684412434,finite published score set; not an assay-population estimate,0.0010051386091695091,0.0010051386091695091,-0.0008440943016230218,0.0008440943016230218
P380,PDS5A,False,computed,379,12,367,0.7014078110808356,0.5227066303360581,0.5224795640326976,0.5233878292461399,0.2014078110808356,0.8333333333333334,-0.3521878784354494,0.6239782016348774,-0.08196004822673524,0.02270663033605813,0.4166666666666667,0.13625448332105144,0.4332425068119891,0.1228128684412434,finite published score set; not an assay-population estimate,-0.000811391817715168,0.000811391817715168,-0.0008440943016230218,0.0008440943016230218
P380,PDS5B,False,computed,379,12,367,0.702316076294278,0.5231607629427792,0.5229336966394187,0.523841961852861,0.20231607629427795,0.8333333333333334,-0.3521878784354494,0.6212534059945504,-0.08140333194874379,0.023160762942779245,0.4166666666666667,0.13625448332105144,0.4332425068119891,0.1228128684412434,finite published score set; not an assay-population estimate,9.687339572717057e-05,9.687339572717057e-05,-0.000389961694901908,0.000389961694901908
P380,PIF1,False,computed,379,12,367,0.7014078110808356,0.523841961852861,0.523841961852861,0.5240690281562216,0.2014078110808356,0.8333333333333334,-0.3521878784354494,0.6239782016348774,-0.08196004822673524,0.023841961852861027,0.4166666666666667,0.13625448332105144,0.4332425068119891,0.1233819774699657,finite published score set; not an assay-population estimate,-0.000811391817715168,0.000811391817715168,0.00029123721517987367,0.00029123721517987367
P380,PML,False,computed,379,12,367,0.7014078110808356,0.5240690281562216,0.523841961852861,0.5247502270663034,0.2014078110808356,0.8333333333333334,-0.3521878784354494,0.6239782016348774,-0.08196004822673524,0.024069028156221584,0.4166666666666667,0.13625448332105144,0.4305177111716621,0.1233819774699657,finite published score set; not an assay-population estimate,-0.000811391817715168,0.000811391817715168,0.0005183035185404306,0.0005183035185404306
P380,PMS1,False,computed,379,12,367,0.7016348773841962,0.523841961852861,0.5236148955495005,0.5245231607629428,0.20163487738419617,0.8333333333333334,-0.3521878784354494,0.6239782016348774,-0.08196004822673524,0.023841961852861027,0.4166666666666667,0.13625448332105144,0.4332425068119891,0.1233819774699657,finite published score set; not an assay-population estimate,-0.0005843255143546111,0.0005843255143546111,0.00029123721517987367,0.00029123721517987367
P380,PMS2,False,computed,379,12,367,0.7014078110808356,0.5224795640326976,0.522252497729337,0.5231607629427792,0.2014078110808356,0.8333333333333334,-0.3521878784354494,0.6239782016348774,-0.08196004822673524,0.022479564032697574,0.4166666666666667,0.13625448332105144,0.4332425068119891,0.1228128684412434,finite published score set; not an assay-population estimate,-0.000811391817715168,0.000811391817715168,-0.0010711606049835787,0.0010711606049835787
P380,PNKP,False,computed,379,12,367,0.7027702089009991,0.5242960944595823,0.5240690281562216,0.5249772933696639,0.20277020890099906,0.8333333333333334,-0.3521878784354494,0.6212534059945504,-0.08140333194874379,0.02429609445958225,0.4166666666666667,0.13625448332105144,0.4305177111716621,0.1233819774699657,finite published score set; not an assay-population estimate,0.0005510060024482843,0.0005510060024482843,0.0007453698219010985,0.0007453698219010985
P380,POLB,False,computed,379,12,367,0.7016348773841962,0.5240690281562216,0.523841961852861,0.5247502270663034,0.20163487738419617,0.8333333333333334,-0.3521878784354494,0.6239782016348774,-0.08196004822673524,0.024069028156221584,0.4166666666666667,0.13625448332105144,0.4305177111716621,0.1233819774699657,finite published score set; not an assay-population estimate,-0.0005843255143546111,0.0005843255143546111,0.0005183035185404306,0.0005183035185404306
P380,POLD4,False,computed,379,12,367,0.7025431425976385,0.5240690281562216,0.523841961852861,0.5247502270663034,0.2025431425976385,0.8333333333333334,-0.3521878784354494,0.6212534059945504,-0.08140333194874379,0.024069028156221584,0.4166666666666667,0.13625448332105144,0.4305177111716621,0.1233819774699657,finite published score set; not an assay-population estimate,0.00032393969908772746,0.00032393969908772746,0.0005183035185404306,0.0005183035185404306
P380,POLG,False,computed,379,12,367,0.7032243415077203,0.5224795640326976,0.522252497729337,0.5231607629427792,0.20322434150772029,0.8333333333333334,-0.3521878784354494,0.6212534059945504,-0.08140333194874379,0.022479564032697574,0.4166666666666667,0.13625448332105144,0.4332425068119891,0.1228128684412434,finite published score set; not an assay-population estimate,0.0010051386091695091,0.0010051386091695091,-0.0010711606049835787,0.0010711606049835787
P380,POLG2,False,computed,379,12,367,0.7027702089009991,0.5227066303360581,0.5224795640326976,0.5233878292461399,0.20277020890099906,0.8333333333333334,-0.3521878784354494,0.6212534059945504,-0.08140333194874379,0.02270663033605813,0.4166666666666667,0.13625448332105144,0.4332425068119891,0.1228128684412434,finite published score set; not an assay-population estimate,0.0005510060024482843,0.0005510060024482843,-0.0008440943016230218,0.0008440943016230218
P380,POLH,False,computed,379,12,367,0.7016348773841962,0.5236148955495005,0.5233878292461399,0.5242960944595823,0.20163487738419617,0.8333333333333334,-0.3521878784354494,0.6239782016348774,-0.08196004822673524,0.02361489554950047,0.4166666666666667,0.13625448332105144,0.4332425068119891,0.1228128684412434,finite published score set; not an assay-population estimate,-0.0005843255143546111,0.0005843255143546111,6.417091181931678e-05,6.417091181931678e-05
P380,POLI,False,computed,379,12,367,0.7016348773841962,0.5242960944595823,0.5240690281562216,0.5249772933696639,0.20163487738419617,0.8333333333333334,-0.3521878784354494,0.6239782016348774,-0.08196004822673524,0.02429609445958225,0.4166666666666667,0.13625448332105144,0.4305177111716621,0.1233819774699657,finite published score set; not an assay-population estimate,-0.0005843255143546111,0.0005843255143546111,0.0007453698219010985,0.0007453698219010985
P380,POLK,False,computed,379,12,367,0.7018619436875567,0.5227066303360581,0.5224795640326976,0.5233878292461399,0.20186194368755672,0.8333333333333334,-0.3521878784354494,0.6239782016348774,-0.08196004822673524,0.02270663033605813,0.4166666666666667,0.13625448332105144,0.4332425068119891,0.1228128684412434,finite published score set; not an assay-population estimate,-0.0003572592109940542,0.0003572592109940542,-0.0008440943016230218,0.0008440943016230218
P380,POLL,False,computed,379,12,367,0.703905540417802,0.5240690281562216,0.523841961852861,0.5247502270663034,0.20390554041780196,0.8333333333333334,-0.3521878784354494,0.6212534059945504,-0.08140333194874379,0.024069028156221584,0.4166666666666667,0.13625448332105144,0.4305177111716621,0.1233819774699657,finite published score set; not an assay-population estimate,0.0016863375192511798,0.0016863375192511798,0.0005183035185404306,0.0005183035185404306
P380,POLQ,False,computed,379,12,367,0.7041326067211626,0.5249772933696639,0.5247502270663034,0.5256584922797457,0.20413260672116262,0.8333333333333334,-0.3521878784354494,0.6212534059945504,-0.08140333194874379,0.024977293369663922,0.4166666666666667,0.13625448332105144,0.4305177111716621,0.1233819774699657,finite published score set; not an assay-population estimate,0.0019134038226118477,0.0019134038226118477,0.0014265687319827691,0.0014265687319827691
P380,POLR2L,False,computed,379,12,367,0.7014078110808356,0.523841961852861,0.5236148955495005,0.5245231607629428,0.2014078110808356,0.8333333333333334,-0.3521878784354494,0.6239782016348774,-0.08196004822673524,0.023841961852861027,0.4166666666666667,0.13625448332105144,0.4332425068119891,0.1233819774699657,finite published score set; not an assay-population estimate,-0.000811391817715168,0.000811391817715168,0.00029123721517987367,0.00029123721517987367
P380,PPP4C,False,computed,379,12,367,0.7036784741144414,0.5227066303360581,0.5224795640326976,0.5233878292461399,0.2036784741144414,0.8333333333333334,-0.3521878784354494,0.6212534059945504,-0.08140333194874379,0.02270663033605813,0.4166666666666667,0.13625448332105144,0.4332425068119891,0.1228128684412434,finite published score set; not an assay-population estimate,0.001459271215890623,0.001459271215890623,-0.0008440943016230218,0.0008440943016230218
P380,PPP4R2,False,computed,379,12,367,0.7014078110808356,0.522252497729337,0.5220254314259763,0.5229336966394187,0.2014078110808356,0.8333333333333334,-0.3521878784354494,0.6239782016348774,-0.08196004822673524,0.022252497729337017,0.4166666666666667,0.13625448332105144,0.4332425068119891,0.1228128684412434,finite published score set; not an assay-population estimate,-0.000811391817715168,0.000811391817715168,-0.0012982269083441356,0.0012982269083441356
P380,PPP5C,False,computed,379,12,367,0.7016348773841962,0.5231607629427792,0.5229336966394187,0.523841961852861,0.20163487738419617,0.8333333333333334,-0.3521878784354494,0.6239782016348774,-0.08196004822673524,0.023160762942779245,0.4166666666666667,0.13625448332105144,0.4332425068119891,0.1228128684412434,finite published score set; not an assay-population estimate,-0.0005843255143546111,0.0005843255143546111,-0.000389961694901908,0.000389961694901908
P380,PRDM9,False,computed,379,12,367,0.7014078110808356,0.5231607629427792,0.5229336966394187,0.523841961852861,0.2014078110808356,0.8333333333333334,-0.3521878784354494,0.6239782016348774,-0.08196004822673524,0.023160762942779245,0.4166666666666667,0.13625448332105144,0.4332425068119891,0.1228128684412434,finite published score set; not an assay-population estimate,-0.000811391817715168,0.000811391817715168,-0.000389961694901908,0.000389961694901908
P380,PRIMPOL,False,computed,379,12,367,0.702316076294278,0.5231607629427792,0.5229336966394187,0.523841961852861,0.20231607629427795,0.8333333333333334,-0.3521878784354494,0.6212534059945504,-0.08140333194874379,0.023160762942779245,0.4166666666666667,0.13625448332105144,0.4332425068119891,0.1228128684412434,finite published score set; not an assay-population estimate,9.687339572717057e-05,9.687339572717057e-05,-0.000389961694901908,0.000389961694901908
P380,PRKCG,False,computed,379,12,367,0.7014078110808356,0.5231607629427792,0.5229336966394187,0.523841961852861,0.2014078110808356,0.8333333333333334,-0.3521878784354494,0.6239782016348774,-0.08196004822673524,0.023160762942779245,0.4166666666666667,0.13625448332105144,0.4332425068119891,0.1228128684412434,finite published score set; not an assay-population estimate,-0.000811391817715168,0.000811391817715168,-0.000389961694901908,0.000389961694901908
P380,PRMT6,False,computed,379,12,367,0.702316076294278,0.5227066303360581,0.5224795640326976,0.5233878292461399,0.20231607629427795,0.8333333333333334,-0.3521878784354494,0.6212534059945504,-0.08140333194874379,0.02270663033605813,0.4166666666666667,0.13625448332105144,0.4332425068119891,0.1228128684412434,finite published score set; not an assay-population estimate,9.687339572717057e-05,9.687339572717057e-05,-0.0008440943016230218,0.0008440943016230218
P380,PSME4,False,computed,379,12,367,0.7014078110808356,0.5224795640326976,0.522252497729337,0.5231607629427792,0.2014078110808356,0.8333333333333334,-0.3521878784354494,0.6239782016348774,-0.08196004822673524,0.022479564032697574,0.4166666666666667,0.13625448332105144,0.4332425068119891,0.1228128684412434,finite published score set; not an assay-population estimate,-0.000811391817715168,0.000811391817715168,-0.0010711606049835787,0.0010711606049835787
P380,RAB43,False,computed,379,12,367,0.7025431425976385,0.5224795640326976,0.522252497729337,0.5231607629427792,0.2025431425976385,0.8333333333333334,-0.3521878784354494,0.6212534059945504,-0.08140333194874379,0.022479564032697574,0.4166666666666667,0.13625448332105144,0.4332425068119891,0.1228128684412434,finite published score set; not an assay-population estimate,0.00032393969908772746,0.00032393969908772746,-0.0010711606049835787,0.0010711606049835787
P380,RAD1,False,computed,379,12,367,0.702316076294278,0.5247502270663034,0.5245231607629428,0.5254314259763851,0.20231607629427795,0.8333333333333334,-0.3521878784354494,0.6212534059945504,-0.08140333194874379,0.024750227066303365,0.4166666666666667,0.13625448332105144,0.4305177111716621,0.1233819774699657,finite published score set; not an assay-population estimate,9.687339572717057e-05,9.687339572717057e-05,0.0011995024286222122,0.0011995024286222122
P380,RAD18,False,computed,379,12,367,0.7014078110808356,0.5247502270663034,0.5245231607629428,0.5254314259763851,0.2014078110808356,0.8333333333333334,-0.3521878784354494,0.6239782016348774,-0.08196004822673524,0.024750227066303365,0.4166666666666667,0.13625448332105144,0.4305177111716621,0.1233819774699657,finite published score set; not an assay-population estimate,-0.000811391817715168,0.000811391817715168,0.0011995024286222122,0.0011995024286222122
P380,RAD21,False,computed,379,12,367,0.7020890099909174,0.523841961852861,0.5236148955495005,0.5245231607629428,0.2020890099909174,0.8333333333333334,-0.3521878784354494,0.6212534059945504,-0.08196004822673524,0.023841961852861027,0.4166666666666667,0.13625448332105144,0.4332425068119891,0.1233819774699657,finite published score set; not an assay-population estimate,-0.0001301929076333863,0.0001301929076333863,0.00029123721517987367,0.00029123721517987367
P380,RAD21L1,False,computed,379,12,367,0.7014078110808356,0.5227066303360581,0.5224795640326976,0.5233878292461399,0.2014078110808356,0.8333333333333334,-0.3521878784354494,0.6239782016348774,-0.08196004822673524,0.02270663033605813,0.4166666666666667,0.13625448332105144,0.4332425068119891,0.1228128684412434,finite published score set; not an assay-population estimate,-0.000811391817715168,0.000811391817715168,-0.0008440943016230218,0.0008440943016230218
P380,RAD23A,False,computed,379,12,367,0.7014078110808356,0.5227066303360581,0.5224795640326976,0.5233878292461399,0.2014078110808356,0.8333333333333334,-0.3521878784354494,0.6239782016348774,-0.08196004822673524,0.02270663033605813,0.4166666666666667,0.13625448332105144,0.4332425068119891,0.1228128684412434,finite published score set; not an assay-population estimate,-0.000811391817715168,0.000811391817715168,-0.0008440943016230218,0.0008440943016230218
P380,RAD23B,False,computed,379,12,367,0.7027702089009991,0.5231607629427792,0.5229336966394187,0.523841961852861,0.20277020890099906,0.8333333333333334,-0.3521878784354494,0.6212534059945504,-0.08140333194874379,0.023160762942779245,0.4166666666666667,0.13625448332105144,0.4332425068119891,0.1228128684412434,finite published score set; not an assay-population estimate,0.0005510060024482843,0.0005510060024482843,-0.000389961694901908,0.000389961694901908
P380,RAD50,False,computed,379,12,367,0.703905540417802,0.5247502270663034,0.5245231607629428,0.5254314259763851,0.20390554041780196,0.8333333333333334,-0.3521878784354494,0.6212534059945504,-0.08140333194874379,0.024750227066303365,0.4166666666666667,0.13625448332105144,0.4305177111716621,0.1233819774699657,finite published score set; not an assay-population estimate,0.0016863375192511798,0.0016863375192511798,0.0011995024286222122,0.0011995024286222122
P380,RAD51AP1,False,computed,379,12,367,0.7018619436875567,0.5231607629427792,0.5229336966394187,0.523841961852861,0.20186194368755672,0.8333333333333334,-0.3521878784354494,0.6212534059945504,-0.08196004822673524,0.023160762942779245,0.4166666666666667,0.13625448332105144,0.4332425068119891,0.1228128684412434,finite published score set; not an assay-population estimate,-0.0003572592109940542,0.0003572592109940542,-0.000389961694901908,0.000389961694901908
P380,RAD51B,False,computed,379,12,367,0.7041326067211626,0.5249772933696639,0.5247502270663034,0.5256584922797457,0.20413260672116262,0.8333333333333334,-0.3521878784354494,0.6212534059945504,-0.08140333194874379,0.024977293369663922,0.4166666666666667,0.13625448332105144,0.4305177111716621,0.1233819774699657,finite published score set; not an assay-population estimate,0.0019134038226118477,0.0019134038226118477,0.0014265687319827691,0.0014265687319827691
P380,RAD51D,False,computed,379,12,367,0.7036784741144414,0.5247502270663034,0.5245231607629428,0.5254314259763851,0.2036784741144414,0.8333333333333334,-0.3521878784354494,0.6212534059945504,-0.08140333194874379,0.024750227066303365,0.4166666666666667,0.13625448332105144,0.4305177111716621,0.1233819774699657,finite published score set; not an assay-population estimate,0.001459271215890623,0.001459271215890623,0.0011995024286222122,0.0011995024286222122
P380,RAD54B,False,computed,379,12,367,0.7014078110808356,0.523841961852861,0.5236148955495005,0.5245231607629428,0.2014078110808356,0.8333333333333334,-0.3521878784354494,0.6239782016348774,-0.08196004822673524,0.023841961852861027,0.4166666666666667,0.13625448332105144,0.4332425068119891,0.1228128684412434,finite published score set; not an assay-population estimate,-0.000811391817715168,0.000811391817715168,0.00029123721517987367,0.00029123721517987367
P380,RAD54L,False,computed,379,12,367,0.7025431425976385,0.5247502270663034,0.5245231607629428,0.5254314259763851,0.2025431425976385,0.8333333333333334,-0.3521878784354494,0.6212534059945504,-0.08140333194874379,0.024750227066303365,0.4166666666666667,0.13625448332105144,0.4305177111716621,0.1233819774699657,finite published score set; not an assay-population estimate,0.00032393969908772746,0.00032393969908772746,0.0011995024286222122,0.0011995024286222122
P380,RAD9B,False,computed,379,12,367,0.703905540417802,0.5240690281562216,0.523841961852861,0.5247502270663034,0.20390554041780196,0.8333333333333334,-0.3521878784354494,0.6212534059945504,-0.08140333194874379,0.024069028156221584,0.4166666666666667,0.13625448332105144,0.4305177111716621,0.1233819774699657,finite published score set; not an assay-population estimate,0.0016863375192511798,0.0016863375192511798,0.0005183035185404306,0.0005183035185404306
P380,RCHY1,False,computed,379,12,367,0.7027702089009991,0.5245231607629428,0.5242960944595823,0.5252043596730245,0.20277020890099906,0.8333333333333334,-0.3521878784354494,0.6212534059945504,-0.08140333194874379,0.02452316076294281,0.4166666666666667,0.13625448332105144,0.4305177111716621,0.1233819774699657,finite published score set; not an assay-population estimate,0.0005510060024482843,0.0005510060024482843,0.0009724361252616553,0.0009724361252616553
P380,REC8,False,computed,379,12,367,0.7018619436875567,0.5224795640326976,0.522252497729337,0.5231607629427792,0.20186194368755672,0.8333333333333334,-0.3521878784354494,0.6212534059945504,-0.08196004822673524,0.022479564032697574,0.4166666666666667,0.13625448332105144,0.4332425068119891,0.1228128684412434,finite published score set; not an assay-population estimate,-0.0003572592109940542,0.0003572592109940542,-0.0010711606049835787,0.0010711606049835787
P380,RECQL,False,computed,379,12,367,0.7014078110808356,0.5240690281562216,0.523841961852861,0.5247502270663034,0.2014078110808356,0.8333333333333334,-0.3521878784354494,0.6239782016348774,-0.08196004822673524,0.024069028156221584,0.4166666666666667,0.13625448332105144,0.4305177111716621,0.1233819774699657,finite published score set; not an assay-population estimate,-0.000811391817715168,0.000811391817715168,0.0005183035185404306,0.0005183035185404306
P380,RECQL5,False,computed,379,12,367,0.7014078110808356,0.5231607629427792,0.5229336966394187,0.523841961852861,0.2014078110808356,0.8333333333333334,-0.3521878784354494,0.6239782016348774,-0.08196004822673524,0.023160762942779245,0.4166666666666667,0.13625448332105144,0.4332425068119891,0.1228128684412434,finite published score set; not an assay-population estimate,-0.000811391817715168,0.000811391817715168,-0.000389961694901908,0.000389961694901908
P380,REV1,False,computed,379,12,367,0.7020890099909174,0.523841961852861,0.5236148955495005,0.5245231607629428,0.2020890099909174,0.8333333333333334,-0.3521878784354494,0.6212534059945504,-0.08196004822673524,0.023841961852861027,0.4166666666666667,0.13625448332105144,0.4332425068119891,0.1233819774699657,finite published score set; not an assay-population estimate,-0.0001301929076333863,0.0001301929076333863,0.00029123721517987367,0.00029123721517987367
P380,REV3L,False,computed,379,12,367,0.7032243415077203,0.5240690281562216,0.523841961852861,0.5247502270663034,0.20322434150772029,0.8333333333333334,-0.3521878784354494,0.6212534059945504,-0.08140333194874379,0.024069028156221584,0.4166666666666667,0.13625448332105144,0.4305177111716621,0.1233819774699657,finite published score set; not an assay-population estimate,0.0010051386091695091,0.0010051386091695091,0.0005183035185404306,0.0005183035185404306
P380,REXO4,False,computed,379,12,367,0.7025431425976385,0.5227066303360581,0.5224795640326976,0.5233878292461399,0.2025431425976385,0.8333333333333334,-0.3521878784354494,0.6212534059945504,-0.08140333194874379,0.02270663033605813,0.4166666666666667,0.13625448332105144,0.4332425068119891,0.1228128684412434,finite published score set; not an assay-population estimate,0.00032393969908772746,0.00032393969908772746,-0.0008440943016230218,0.0008440943016230218
P380,RFWD3,False,computed,379,12,367,0.702316076294278,0.5240690281562216,0.523841961852861,0.5247502270663034,0.20231607629427795,0.8333333333333334,-0.3521878784354494,0.6212534059945504,-0.08140333194874379,0.024069028156221584,0.4166666666666667,0.13625448332105144,0.4305177111716621,0.1233819774699657,finite published score set; not an assay-population estimate,9.687339572717057e-05,9.687339572717057e-05,0.0005183035185404306,0.0005183035185404306
P380,RHNO1,False,computed,379,12,367,0.7041326067211626,0.5247502270663034,0.5245231607629428,0.5254314259763851,0.20413260672116262,0.8333333333333334,-0.3521878784354494,0.6212534059945504,-0.08140333194874379,0.024750227066303365,0.4166666666666667,0.13625448332105144,0.4305177111716621,0.1233819774699657,finite published score set; not an assay-population estimate,0.0019134038226118477,0.0019134038226118477,0.0011995024286222122,0.0011995024286222122
P380,RIF1,False,computed,379,12,367,0.7014078110808356,0.5242960944595823,0.5240690281562216,0.5249772933696639,0.2014078110808356,0.8333333333333334,-0.3521878784354494,0.6239782016348774,-0.08196004822673524,0.02429609445958225,0.4166666666666667,0.13625448332105144,0.4305177111716621,0.1233819774699657,finite published score set; not an assay-population estimate,-0.000811391817715168,0.000811391817715168,0.0007453698219010985,0.0007453698219010985
P380,RMI1,False,computed,379,12,367,0.7014078110808356,0.5224795640326976,0.522252497729337,0.5231607629427792,0.2014078110808356,0.8333333333333334,-0.3521878784354494,0.6239782016348774,-0.08196004822673524,0.022479564032697574,0.4166666666666667,0.13625448332105144,0.4332425068119891,0.1228128684412434,finite published score set; not an assay-population estimate,-0.000811391817715168,0.000811391817715168,-0.0010711606049835787,0.0010711606049835787
P380,RMI2,False,computed,379,12,367,0.7014078110808356,0.5224795640326976,0.522252497729337,0.5231607629427792,0.2014078110808356,0.8333333333333334,-0.3521878784354494,0.6239782016348774,-0.08196004822673524,0.022479564032697574,0.4166666666666667,0.13625448332105144,0.4332425068119891,0.1228128684412434,finite published score set; not an assay-population estimate,-0.000811391817715168,0.000811391817715168,-0.0010711606049835787,0.0010711606049835787
P380,RNASEH2A,False,computed,379,12,367,0.7025431425976385,0.5227066303360581,0.5224795640326976,0.5233878292461399,0.2025431425976385,0.8333333333333334,-0.3521878784354494,0.6212534059945504,-0.08140333194874379,0.02270663033605813,0.4166666666666667,0.13625448332105144,0.4332425068119891,0.1228128684412434,finite published score set; not an assay-population estimate,0.00032393969908772746,0.00032393969908772746,-0.0008440943016230218,0.0008440943016230218
P380,RNF111,False,computed,379,12,367,0.7025431425976385,0.5231607629427792,0.5229336966394187,0.523841961852861,0.2025431425976385,0.8333333333333334,-0.3521878784354494,0.6212534059945504,-0.08140333194874379,0.023160762942779245,0.4166666666666667,0.13625448332105144,0.4332425068119891,0.1228128684412434,finite published score set; not an assay-population estimate,0.00032393969908772746,0.00032393969908772746,-0.000389961694901908,0.000389961694901908
P380,RNF138,False,computed,379,12,367,0.7014078110808356,0.5240690281562216,0.523841961852861,0.5247502270663034,0.2014078110808356,0.8333333333333334,-0.3521878784354494,0.6239782016348774,-0.08196004822673524,0.024069028156221584,0.4166666666666667,0.13625448332105144,0.4305177111716621,0.1233819774699657,finite published score set; not an assay-population estimate,-0.000811391817715168,0.000811391817715168,0.0005183035185404306,0.0005183035185404306
P380,RNF168,False,computed,379,12,367,0.7020890099909174,0.5247502270663034,0.5245231607629428,0.5254314259763851,0.2020890099909174,0.8333333333333334,-0.3521878784354494,0.6212534059945504,-0.08196004822673524,0.024750227066303365,0.4166666666666667,0.13625448332105144,0.4305177111716621,0.1233819774699657,finite published score set; not an assay-population estimate,-0.0001301929076333863,0.0001301929076333863,0.0011995024286222122,0.0011995024286222122
P380,RNF169,False,computed,379,12,367,0.7014078110808356,0.5224795640326976,0.522252497729337,0.5231607629427792,0.2014078110808356,0.8333333333333334,-0.3521878784354494,0.6239782016348774,-0.08196004822673524,0.022479564032697574,0.4166666666666667,0.13625448332105144,0.4332425068119891,0.1228128684412434,finite published score set; not an assay-population estimate,-0.000811391817715168,0.000811391817715168,-0.0010711606049835787,0.0010711606049835787
P380,RNF8,True,computed,379,11,368,0.6899703557312253,0.5019762845849802,0.5017292490118577,0.5027173913043478,0.18997035573122534,0.8181818181818182,-0.2897728682787928,0.6222826086956522,-0.08168169008773951,0.0019762845849802257,0.36363636363636365,0.1417154921489807,0.4320652173913043,0.12309742295560455,finite published score set; not an assay-population estimate,-0.012248847167325438,0.012248847167325438,-0.021574440052700927,0.021574440052700927
P380,RPA4,False,computed,379,12,367,0.7020890099909174,0.523841961852861,0.5236148955495005,0.5245231607629428,0.2020890099909174,0.8333333333333334,-0.3521878784354494,0.6212534059945504,-0.08196004822673524,0.023841961852861027,0.4166666666666667,0.13625448332105144,0.4332425068119891,0.1233819774699657,finite published score set; not an assay-population estimate,-0.0001301929076333863,0.0001301929076333863,0.00029123721517987367,0.00029123721517987367
P380,RRM2B,False,computed,379,12,367,0.702316076294278,0.523841961852861,0.5236148955495005,0.5245231607629428,0.20231607629427795,0.8333333333333334,-0.3521878784354494,0.6212534059945504,-0.08140333194874379,0.023841961852861027,0.4166666666666667,0.13625448332105144,0.4305177111716621,0.1233819774699657,finite published score set; not an assay-population estimate,9.687339572717057e-05,9.687339572717057e-05,0.00029123721517987367,0.00029123721517987367
P380,RTEL1,False,computed,379,12,367,0.7032243415077203,0.523841961852861,0.5236148955495005,0.5245231607629428,0.20322434150772029,0.8333333333333334,-0.3521878784354494,0.6212534059945504,-0.08140333194874379,0.023841961852861027,0.4166666666666667,0.13625448332105144,0.4332425068119891,0.1233819774699657,finite published score set; not an assay-population estimate,0.0010051386091695091,0.0010051386091695091,0.00029123721517987367,0.00029123721517987367
P380,SAMHD1,False,computed,379,12,367,0.7014078110808356,0.5231607629427792,0.5229336966394187,0.523841961852861,0.2014078110808356,0.8333333333333334,-0.3521878784354494,0.6239782016348774,-0.08196004822673524,0.023160762942779245,0.4166666666666667,0.13625448332105144,0.4332425068119891,0.1228128684412434,finite published score set; not an assay-population estimate,-0.000811391817715168,0.000811391817715168,-0.000389961694901908,0.000389961694901908
P380,SETD2,False,computed,379,12,367,0.7014078110808356,0.5224795640326976,0.522252497729337,0.5231607629427792,0.2014078110808356,0.8333333333333334,-0.3521878784354494,0.6239782016348774,-0.08196004822673524,0.022479564032697574,0.4166666666666667,0.13625448332105144,0.4332425068119891,0.1228128684412434,finite published score set; not an assay-population estimate,-0.000811391817715168,0.000811391817715168,-0.0010711606049835787,0.0010711606049835787
P380,SETMAR,False,computed,379,12,367,0.7020890099909174,0.5240690281562216,0.523841961852861,0.5247502270663034,0.2020890099909174,0.8333333333333334,-0.3521878784354494,0.6212534059945504,-0.08196004822673524,0.024069028156221584,0.4166666666666667,0.13625448332105144,0.4305177111716621,0.1233819774699657,finite published score set; not an assay-population estimate,-0.0001301929076333863,0.0001301929076333863,0.0005183035185404306,0.0005183035185404306
P380,SETX,False,computed,379,12,367,0.7025431425976385,0.5231607629427792,0.5229336966394187,0.523841961852861,0.2025431425976385,0.8333333333333334,-0.3521878784354494,0.6212534059945504,-0.08140333194874379,0.023160762942779245,0.4166666666666667,0.13625448332105144,0.4332425068119891,0.1228128684412434,finite published score set; not an assay-population estimate,0.00032393969908772746,0.00032393969908772746,-0.000389961694901908,0.000389961694901908
P380,SFR1,False,computed,379,12,367,0.7027702089009991,0.5247502270663034,0.5245231607629428,0.5254314259763851,0.20277020890099906,0.8333333333333334,-0.3521878784354494,0.6212534059945504,-0.08140333194874379,0.024750227066303365,0.4166666666666667,0.13625448332105144,0.4305177111716621,0.1233819774699657,finite published score set; not an assay-population estimate,0.0005510060024482843,0.0005510060024482843,0.0011995024286222122,0.0011995024286222122
P380,SHPRH,False,computed,379,12,367,0.702316076294278,0.5240690281562216,0.523841961852861,0.5247502270663034,0.20231607629427795,0.8333333333333334,-0.3521878784354494,0.6212534059945504,-0.08140333194874379,0.024069028156221584,0.4166666666666667,0.13625448332105144,0.4305177111716621,0.1233819774699657,finite published score set; not an assay-population estimate,9.687339572717057e-05,9.687339572717057e-05,0.0005183035185404306,0.0005183035185404306
P380,SIRT1,False,computed,379,12,367,0.7027702089009991,0.5240690281562216,0.523841961852861,0.5247502270663034,0.20277020890099906,0.8333333333333334,-0.3521878784354494,0.6212534059945504,-0.08140333194874379,0.024069028156221584,0.4166666666666667,0.13625448332105144,0.4305177111716621,0.1233819774699657,finite published score set; not an assay-population estimate,0.0005510060024482843,0.0005510060024482843,0.0005183035185404306,0.0005183035185404306
P380,SIRT6,False,computed,379,12,367,0.7014078110808356,0.5227066303360581,0.5224795640326976,0.5233878292461399,0.2014078110808356,0.8333333333333334,-0.3521878784354494,0.6239782016348774,-0.08196004822673524,0.02270663033605813,0.4166666666666667,0.13625448332105144,0.4332425068119891,0.1228128684412434,finite published score set; not an assay-population estimate,-0.000811391817715168,0.000811391817715168,-0.0008440943016230218,0.0008440943016230218
P380,SLC30A9,False,computed,379,12,367,0.702316076294278,0.5240690281562216,0.523841961852861,0.5247502270663034,0.20231607629427795,0.8333333333333334,-0.3521878784354494,0.6212534059945504,-0.08140333194874379,0.024069028156221584,0.4166666666666667,0.13625448332105144,0.4305177111716621,0.1233819774699657,finite published score set; not an assay-population estimate,9.687339572717057e-05,9.687339572717057e-05,0.0005183035185404306,0.0005183035185404306
P380,SLX1A,False,computed,379,12,367,0.7014078110808356,0.523841961852861,0.5236148955495005,0.5245231607629428,0.2014078110808356,0.8333333333333334,-0.3521878784354494,0.6239782016348774,-0.08196004822673524,0.023841961852861027,0.4166666666666667,0.13625448332105144,0.4332425068119891,0.1233819774699657,finite published score set; not an assay-population estimate,-0.000811391817715168,0.000811391817715168,0.00029123721517987367,0.00029123721517987367
P380,SLX4,False,computed,379,12,367,0.7014078110808356,0.5245231607629428,0.5242960944595823,0.5252043596730245,0.2014078110808356,0.8333333333333334,-0.3521878784354494,0.6239782016348774,-0.08196004822673524,0.02452316076294281,0.4166666666666667,0.13625448332105144,0.4305177111716621,0.1233819774699657,finite published score set; not an assay-population estimate,-0.000811391817715168,0.000811391817715168,0.0009724361252616553,0.0009724361252616553
P380,SMARCAD1,False,computed,379,12,367,0.7014078110808356,0.5227066303360581,0.5224795640326976,0.5233878292461399,0.2014078110808356,0.8333333333333334,-0.3521878784354494,0.6239782016348774,-0.08196004822673524,0.02270663033605813,0.4166666666666667,0.13625448332105144,0.4332425068119891,0.1228128684412434,finite published score set; not an assay-population estimate,-0.000811391817715168,0.000811391817715168,-0.0008440943016230218,0.0008440943016230218
P380,SMARCAL1,False,computed,379,12,367,0.702316076294278,0.5247502270663034,0.5245231607629428,0.5254314259763851,0.20231607629427795,0.8333333333333334,-0.3521878784354494,0.6212534059945504,-0.08140333194874379,0.024750227066303365,0.4166666666666667,0.13625448332105144,0.4305177111716621,0.1233819774699657,finite published score set; not an assay-population estimate,9.687339572717057e-05,9.687339572717057e-05,0.0011995024286222122,0.0011995024286222122
P380,SMC5,False,computed,379,12,367,0.7032243415077203,0.522252497729337,0.5220254314259763,0.5229336966394187,0.20322434150772029,0.8333333333333334,-0.3521878784354494,0.6212534059945504,-0.08140333194874379,0.022252497729337017,0.4166666666666667,0.13625448332105144,0.4332425068119891,0.1228128684412434,finite published score set; not an assay-population estimate,0.0010051386091695091,0.0010051386091695091,-0.0012982269083441356,0.0012982269083441356
P380,SMCHD1,False,computed,379,12,367,0.702316076294278,0.5227066303360581,0.5224795640326976,0.5233878292461399,0.20231607629427795,0.8333333333333334,-0.3521878784354494,0.6212534059945504,-0.08140333194874379,0.02270663033605813,0.4166666666666667,0.13625448332105144,0.4332425068119891,0.1228128684412434,finite published score set; not an assay-population estimate,9.687339572717057e-05,9.687339572717057e-05,-0.0008440943016230218,0.0008440943016230218
P380,SMEK2,False,computed,379,12,367,0.7014078110808356,0.5240690281562216,0.523841961852861,0.5247502270663034,0.2014078110808356,0.8333333333333334,-0.3521878784354494,0.6239782016348774,-0.08196004822673524,0.024069028156221584,0.4166666666666667,0.13625448332105144,0.4305177111716621,0.1233819774699657,finite published score set; not an assay-population estimate,-0.000811391817715168,0.000811391817715168,0.0005183035185404306,0.0005183035185404306
P380,SMG1,False,computed,379,12,367,0.7016348773841962,0.5242960944595823,0.5240690281562216,0.5249772933696639,0.20163487738419617,0.8333333333333334,-0.3521878784354494,0.6239782016348774,-0.08196004822673524,0.02429609445958225,0.4166666666666667,0.13625448332105144,0.4305177111716621,0.1233819774699657,finite published score set; not an assay-population estimate,-0.0005843255143546111,0.0005843255143546111,0.0007453698219010985,0.0007453698219010985
P380,SMUG1,False,computed,379,12,367,0.7014078110808356,0.523841961852861,0.5236148955495005,0.5245231607629428,0.2014078110808356,0.8333333333333334,-0.3521878784354494,0.6239782016348774,-0.08196004822673524,0.023841961852861027,0.4166666666666667,0.13625448332105144,0.4332425068119891,0.1233819774699657,finite published score set; not an assay-population estimate,-0.000811391817715168,0.000811391817715168,0.00029123721517987367,0.00029123721517987367
P380,SPATA22,False,computed,379,12,367,0.7014078110808356,0.5224795640326976,0.522252497729337,0.5231607629427792,0.2014078110808356,0.8333333333333334,-0.3521878784354494,0.6239782016348774,-0.08196004822673524,0.022479564032697574,0.4166666666666667,0.13625448332105144,0.4332425068119891,0.1228128684412434,finite published score set; not an assay-population estimate,-0.000811391817715168,0.000811391817715168,-0.0010711606049835787,0.0010711606049835787
P380,SPIDR,False,computed,379,12,367,0.7025431425976385,0.5242960944595823,0.5240690281562216,0.5249772933696639,0.2025431425976385,0.8333333333333334,-0.3521878784354494,0.6212534059945504,-0.08140333194874379,0.02429609445958225,0.4166666666666667,0.13625448332105144,0.4305177111716621,0.1233819774699657,finite published score set; not an assay-population estimate,0.00032393969908772746,0.00032393969908772746,0.0007453698219010985,0.0007453698219010985
P380,SPIRE1,False,computed,379,12,367,0.7020890099909174,0.5242960944595823,0.5240690281562216,0.5249772933696639,0.2020890099909174,0.8333333333333334,-0.3521878784354494,0.6212534059945504,-0.08196004822673524,0.02429609445958225,0.4166666666666667,0.13625448332105144,0.4305177111716621,0.1233819774699657,finite published score set; not an assay-population estimate,-0.0001301929076333863,0.0001301929076333863,0.0007453698219010985,0.0007453698219010985
P380,SPIRE2,False,computed,379,12,367,0.7020890099909174,0.5227066303360581,0.5224795640326976,0.5233878292461399,0.2020890099909174,0.8333333333333334,-0.3521878784354494,0.6212534059945504,-0.08196004822673524,0.02270663033605813,0.4166666666666667,0.13625448332105144,0.4332425068119891,0.1228128684412434,finite published score set; not an assay-population estimate,-0.0001301929076333863,0.0001301929076333863,-0.0008440943016230218,0.0008440943016230218
P380,SPO11,False,computed,379,12,367,0.7025431425976385,0.5240690281562216,0.523841961852861,0.5247502270663034,0.2025431425976385,0.8333333333333334,-0.3521878784354494,0.6212534059945504,-0.08140333194874379,0.024069028156221584,0.4166666666666667,0.13625448332105144,0.4305177111716621,0.1233819774699657,finite published score set; not an assay-population estimate,0.00032393969908772746,0.00032393969908772746,0.0005183035185404306,0.0005183035185404306
P380,SPRTN,False,computed,379,12,367,0.7016348773841962,0.5242960944595823,0.5240690281562216,0.5249772933696639,0.20163487738419617,0.8333333333333334,-0.3521878784354494,0.6239782016348774,-0.08196004822673524,0.02429609445958225,0.4166666666666667,0.13625448332105144,0.4305177111716621,0.1233819774699657,finite published score set; not an assay-population estimate,-0.0005843255143546111,0.0005843255143546111,0.0007453698219010985,0.0007453698219010985
P380,STRA13,False,computed,379,12,367,0.7020890099909174,0.5231607629427792,0.5229336966394187,0.523841961852861,0.2020890099909174,0.8333333333333334,-0.3521878784354494,0.6212534059945504,-0.08196004822673524,0.023160762942779245,0.4166666666666667,0.13625448332105144,0.4332425068119891,0.1228128684412434,finite published score set; not an assay-population estimate,-0.0001301929076333863,0.0001301929076333863,-0.000389961694901908,0.000389961694901908
P380,STUB1,False,computed,379,12,367,0.7014078110808356,0.5227066303360581,0.5224795640326976,0.5233878292461399,0.2014078110808356,0.8333333333333334,-0.3521878784354494,0.6239782016348774,-0.08196004822673524,0.02270663033605813,0.4166666666666667,0.13625448332105144,0.4332425068119891,0.1228128684412434,finite published score set; not an assay-population estimate,-0.000811391817715168,0.000811391817715168,-0.0008440943016230218,0.0008440943016230218
P380,SUMO1,False,computed,379,12,367,0.7025431425976385,0.5245231607629428,0.5242960944595823,0.5252043596730245,0.2025431425976385,0.8333333333333334,-0.3521878784354494,0.6212534059945504,-0.08140333194874379,0.02452316076294281,0.4166666666666667,0.13625448332105144,0.4305177111716621,0.1233819774699657,finite published score set; not an assay-population estimate,0.00032393969908772746,0.00032393969908772746,0.0009724361252616553,0.0009724361252616553
P380,SUV420H1,False,computed,379,12,367,0.7014078110808356,0.5231607629427792,0.5229336966394187,0.523841961852861,0.2014078110808356,0.8333333333333334,-0.3521878784354494,0.6239782016348774,-0.08196004822673524,0.023160762942779245,0.4166666666666667,0.13625448332105144,0.4332425068119891,0.1228128684412434,finite published score set; not an assay-population estimate,-0.000811391817715168,0.000811391817715168,-0.000389961694901908,0.000389961694901908
P380,SUV420H2,False,computed,379,12,367,0.7018619436875567,0.5227066303360581,0.5224795640326976,0.5233878292461399,0.20186194368755672,0.8333333333333334,-0.3521878784354494,0.6239782016348774,-0.08196004822673524,0.02270663033605813,0.4166666666666667,0.13625448332105144,0.4332425068119891,0.1228128684412434,finite published score set; not an assay-population estimate,-0.0003572592109940542,0.0003572592109940542,-0.0008440943016230218,0.0008440943016230218
P380,SWI5,False,computed,379,12,367,0.7041326067211626,0.5249772933696639,0.5247502270663034,0.5256584922797457,0.20413260672116262,0.8333333333333334,-0.3521878784354494,0.6212534059945504,-0.08140333194874379,0.024977293369663922,0.4166666666666667,0.13625448332105144,0.4305177111716621,0.1233819774699657,finite published score set; not an assay-population estimate,0.0019134038226118477,0.0019134038226118477,0.0014265687319827691,0.0014265687319827691
P380,SWSAP1,False,computed,379,12,367,0.7027702089009991,0.5242960944595823,0.5240690281562216,0.5249772933696639,0.20277020890099906,0.8333333333333334,-0.3521878784354494,0.6212534059945504,-0.08140333194874379,0.02429609445958225,0.4166666666666667,0.13625448332105144,0.4305177111716621,0.1233819774699657,finite published score set; not an assay-population estimate,0.0005510060024482843,0.0005510060024482843,0.0007453698219010985,0.0007453698219010985
P380,SYCP1,False,computed,379,12,367,0.7020890099909174,0.5227066303360581,0.5224795640326976,0.5233878292461399,0.2020890099909174,0.8333333333333334,-0.3521878784354494,0.6212534059945504,-0.08196004822673524,0.02270663033605813,0.4166666666666667,0.13625448332105144,0.4332425068119891,0.1228128684412434,finite published score set; not an assay-population estimate,-0.0001301929076333863,0.0001301929076333863,-0.0008440943016230218,0.0008440943016230218
P380,TAOK1,False,computed,379,12,367,0.7014078110808356,0.5236148955495005,0.5233878292461399,0.5242960944595823,0.2014078110808356,0.8333333333333334,-0.3521878784354494,0.6239782016348774,-0.08196004822673524,0.02361489554950047,0.4166666666666667,0.13625448332105144,0.4332425068119891,0.1228128684412434,finite published score set; not an assay-population estimate,-0.000811391817715168,0.000811391817715168,6.417091181931678e-05,6.417091181931678e-05
P380,TCEA1,False,computed,379,12,367,0.7014078110808356,0.5227066303360581,0.5224795640326976,0.5233878292461399,0.2014078110808356,0.8333333333333334,-0.3521878784354494,0.6239782016348774,-0.08196004822673524,0.02270663033605813,0.4166666666666667,0.13625448332105144,0.4332425068119891,0.1228128684412434,finite published score set; not an assay-population estimate,-0.000811391817715168,0.000811391817715168,-0.0008440943016230218,0.0008440943016230218
P380,TDG,False,computed,379,12,367,0.702316076294278,0.5227066303360581,0.5224795640326976,0.5233878292461399,0.20231607629427795,0.8333333333333334,-0.3521878784354494,0.6212534059945504,-0.08140333194874379,0.02270663033605813,0.4166666666666667,0.13625448332105144,0.4332425068119891,0.1228128684412434,finite published score set; not an assay-population estimate,9.687339572717057e-05,9.687339572717057e-05,-0.0008440943016230218,0.0008440943016230218
P380,TDP1,False,computed,379,12,367,0.702316076294278,0.5247502270663034,0.5245231607629428,0.5254314259763851,0.20231607629427795,0.8333333333333334,-0.3521878784354494,0.6212534059945504,-0.08140333194874379,0.024750227066303365,0.4166666666666667,0.13625448332105144,0.4305177111716621,0.1233819774699657,finite published score set; not an assay-population estimate,9.687339572717057e-05,9.687339572717057e-05,0.0011995024286222122,0.0011995024286222122
P380,TDP2,False,computed,379,12,367,0.7014078110808356,0.5231607629427792,0.5229336966394187,0.523841961852861,0.2014078110808356,0.8333333333333334,-0.3521878784354494,0.6239782016348774,-0.08196004822673524,0.023160762942779245,0.4166666666666667,0.13625448332105144,0.4332425068119891,0.1228128684412434,finite published score set; not an assay-population estimate,-0.000811391817715168,0.000811391817715168,-0.000389961694901908,0.000389961694901908
P380,TERF2IP,False,computed,379,12,367,0.7016348773841962,0.5240690281562216,0.523841961852861,0.5247502270663034,0.20163487738419617,0.8333333333333334,-0.3521878784354494,0.6239782016348774,-0.08196004822673524,0.024069028156221584,0.4166666666666667,0.13625448332105144,0.4305177111716621,0.1233819774699657,finite published score set; not an assay-population estimate,-0.0005843255143546111,0.0005843255143546111,0.0005183035185404306,0.0005183035185404306
P380,TEX12,False,computed,379,12,367,0.7014078110808356,0.5224795640326976,0.522252497729337,0.5231607629427792,0.2014078110808356,0.8333333333333334,-0.3521878784354494,0.6239782016348774,-0.08196004822673524,0.022479564032697574,0.4166666666666667,0.13625448332105144,0.4332425068119891,0.1228128684412434,finite published score set; not an assay-population estimate,-0.000811391817715168,0.000811391817715168,-0.0010711606049835787,0.0010711606049835787
P380,TEX15,False,computed,379,12,367,0.7025431425976385,0.5227066303360581,0.5224795640326976,0.5233878292461399,0.2025431425976385,0.8333333333333334,-0.3521878784354494,0.6212534059945504,-0.08140333194874379,0.02270663033605813,0.4166666666666667,0.13625448332105144,0.4332425068119891,0.1228128684412434,finite published score set; not an assay-population estimate,0.00032393969908772746,0.00032393969908772746,-0.0008440943016230218,0.0008440943016230218
P380,TFPT,False,computed,379,12,367,0.7036784741144414,0.5247502270663034,0.5245231607629428,0.5254314259763851,0.2036784741144414,0.8333333333333334,-0.3521878784354494,0.6212534059945504,-0.08140333194874379,0.024750227066303365,0.4166666666666667,0.13625448332105144,0.4305177111716621,0.1233819774699657,finite published score set; not an assay-population estimate,0.001459271215890623,0.001459271215890623,0.0011995024286222122,0.0011995024286222122
P380,TMEM161A,False,computed,379,12,367,0.7025431425976385,0.5240690281562216,0.523841961852861,0.5247502270663034,0.2025431425976385,0.8333333333333334,-0.3521878784354494,0.6212534059945504,-0.08140333194874379,0.024069028156221584,0.4166666666666667,0.13625448332105144,0.4305177111716621,0.1233819774699657,finite published score set; not an assay-population estimate,0.00032393969908772746,0.00032393969908772746,0.0005183035185404306,0.0005183035185404306
P380,TNP1,False,computed,379,12,367,0.7020890099909174,0.5231607629427792,0.5229336966394187,0.523841961852861,0.2020890099909174,0.8333333333333334,-0.3521878784354494,0.6212534059945504,-0.08196004822673524,0.023160762942779245,0.4166666666666667,0.13625448332105144,0.4332425068119891,0.1228128684412434,finite published score set; not an assay-population estimate,-0.0001301929076333863,0.0001301929076333863,-0.000389961694901908,0.000389961694901908
P380,TOP3A,False,computed,379,12,367,0.7014078110808356,0.5224795640326976,0.522252497729337,0.5231607629427792,0.2014078110808356,0.8333333333333334,-0.3521878784354494,0.6239782016348774,-0.08196004822673524,0.022479564032697574,0.4166666666666667,0.13625448332105144,0.4332425068119891,0.1228128684412434,finite published score set; not an assay-population estimate,-0.000811391817715168,0.000811391817715168,-0.0010711606049835787,0.0010711606049835787
P380,TP53,False,computed,379,12,367,0.7014078110808356,0.522252497729337,0.5220254314259763,0.5229336966394187,0.2014078110808356,0.8333333333333334,-0.3521878784354494,0.6239782016348774,-0.08196004822673524,0.022252497729337017,0.4166666666666667,0.13625448332105144,0.4332425068119891,0.1228128684412434,finite published score set; not an assay-population estimate,-0.000811391817715168,0.000811391817715168,-0.0012982269083441356,0.0012982269083441356
P380,TP73,False,computed,379,12,367,0.7014078110808356,0.5231607629427792,0.5229336966394187,0.523841961852861,0.2014078110808356,0.8333333333333334,-0.3521878784354494,0.6239782016348774,-0.08196004822673524,0.023160762942779245,0.4166666666666667,0.13625448332105144,0.4332425068119891,0.1228128684412434,finite published score set; not an assay-population estimate,-0.000811391817715168,0.000811391817715168,-0.000389961694901908,0.000389961694901908
P380,TREX1,False,computed,379,12,367,0.7014078110808356,0.5227066303360581,0.5224795640326976,0.5233878292461399,0.2014078110808356,0.8333333333333334,-0.3521878784354494,0.6239782016348774,-0.08196004822673524,0.02270663033605813,0.4166666666666667,0.13625448332105144,0.4332425068119891,0.1228128684412434,finite published score set; not an assay-population estimate,-0.000811391817715168,0.000811391817715168,-0.0008440943016230218,0.0008440943016230218
P380,TRIM25,False,computed,379,12,367,0.7014078110808356,0.5227066303360581,0.5224795640326976,0.5233878292461399,0.2014078110808356,0.8333333333333334,-0.3521878784354494,0.6239782016348774,-0.08196004822673524,0.02270663033605813,0.4166666666666667,0.13625448332105144,0.4332425068119891,0.1228128684412434,finite published score set; not an assay-population estimate,-0.000811391817715168,0.000811391817715168,-0.0008440943016230218,0.0008440943016230218
P380,TRIM28,False,computed,379,12,367,0.7014078110808356,0.5240690281562216,0.523841961852861,0.5247502270663034,0.2014078110808356,0.8333333333333334,-0.3521878784354494,0.6239782016348774,-0.08196004822673524,0.024069028156221584,0.4166666666666667,0.13625448332105144,0.4305177111716621,0.1233819774699657,finite published score set; not an assay-population estimate,-0.000811391817715168,0.000811391817715168,0.0005183035185404306,0.0005183035185404306
P380,TRIP12,False,computed,379,12,367,0.7014078110808356,0.5240690281562216,0.523841961852861,0.5247502270663034,0.2014078110808356,0.8333333333333334,-0.3521878784354494,0.6239782016348774,-0.08196004822673524,0.024069028156221584,0.4166666666666667,0.13625448332105144,0.4305177111716621,0.1233819774699657,finite published score set; not an assay-population estimate,-0.000811391817715168,0.000811391817715168,0.0005183035185404306,0.0005183035185404306
P380,TRIP13,True,computed,379,11,368,0.6803359683794467,0.4935770750988142,0.4933300395256917,0.4943181818181818,0.18033596837944665,0.8181818181818182,-0.2897728682787928,0.6222826086956522,-0.08168169008773951,-0.006422924901185789,0.36363636363636365,0.1417154921489807,0.4320652173913043,0.12309742295560455,finite published score set; not an assay-population estimate,-0.021883234519104122,0.021883234519104122,-0.029973649538866942,0.029973649538866942
P380,TRRAP,False,computed,379,12,367,0.7027702089009991,0.5231607629427792,0.5229336966394187,0.523841961852861,0.20277020890099906,0.8333333333333334,-0.3521878784354494,0.6212534059945504,-0.08140333194874379,0.023160762942779245,0.4166666666666667,0.13625448332105144,0.4332425068119891,0.1228128684412434,finite published score set; not an assay-population estimate,0.0005510060024482843,0.0005510060024482843,-0.000389961694901908,0.000389961694901908
P380,TTC5,False,computed,379,12,367,0.7014078110808356,0.5224795640326976,0.522252497729337,0.5231607629427792,0.2014078110808356,0.8333333333333334,-0.3521878784354494,0.6239782016348774,-0.08196004822673524,0.022479564032697574,0.4166666666666667,0.13625448332105144,0.4332425068119891,0.1228128684412434,finite published score set; not an assay-population estimate,-0.000811391817715168,0.000811391817715168,-0.0010711606049835787,0.0010711606049835787
P380,TWIST1,False,computed,379,12,367,0.702316076294278,0.5247502270663034,0.5245231607629428,0.5254314259763851,0.20231607629427795,0.8333333333333334,-0.3521878784354494,0.6212534059945504,-0.08140333194874379,0.024750227066303365,0.4166666666666667,0.13625448332105144,0.4305177111716621,0.1233819774699657,finite published score set; not an assay-population estimate,9.687339572717057e-05,9.687339572717057e-05,0.0011995024286222122,0.0011995024286222122
P380,UBC,False,computed,379,12,367,0.7018619436875567,0.5231607629427792,0.5229336966394187,0.523841961852861,0.20186194368755672,0.8333333333333334,-0.3521878784354494,0.6239782016348774,-0.08196004822673524,0.023160762942779245,0.4166666666666667,0.13625448332105144,0.4332425068119891,0.1228128684412434,finite published score set; not an assay-population estimate,-0.0003572592109940542,0.0003572592109940542,-0.000389961694901908,0.000389961694901908
P380,UBE2A,False,computed,379,12,367,0.7025431425976385,0.523841961852861,0.5236148955495005,0.5245231607629428,0.2025431425976385,0.8333333333333334,-0.3521878784354494,0.6212534059945504,-0.08140333194874379,0.023841961852861027,0.4166666666666667,0.13625448332105144,0.4332425068119891,0.1233819774699657,finite published score set; not an assay-population estimate,0.00032393969908772746,0.00032393969908772746,0.00029123721517987367,0.00029123721517987367
P380,UBE2B,False,computed,379,12,367,0.7032243415077203,0.5247502270663034,0.5245231607629428,0.5254314259763851,0.20322434150772029,0.8333333333333334,-0.3521878784354494,0.6212534059945504,-0.08140333194874379,0.024750227066303365,0.4166666666666667,0.13625448332105144,0.4305177111716621,0.1233819774699657,finite published score set; not an assay-population estimate,0.0010051386091695091,0.0010051386091695091,0.0011995024286222122,0.0011995024286222122
P380,UBE2D3,False,computed,379,12,367,0.7036784741144414,0.5247502270663034,0.5245231607629428,0.5254314259763851,0.2036784741144414,0.8333333333333334,-0.3521878784354494,0.6212534059945504,-0.08140333194874379,0.024750227066303365,0.4166666666666667,0.13625448332105144,0.4305177111716621,0.1233819774699657,finite published score set; not an assay-population estimate,0.001459271215890623,0.001459271215890623,0.0011995024286222122,0.0011995024286222122
P380,UBE2L6,False,computed,379,12,367,0.702316076294278,0.5224795640326976,0.522252497729337,0.5231607629427792,0.20231607629427795,0.8333333333333334,-0.3521878784354494,0.6212534059945504,-0.08140333194874379,0.022479564032697574,0.4166666666666667,0.13625448332105144,0.4332425068119891,0.1228128684412434,finite published score set; not an assay-population estimate,9.687339572717057e-05,9.687339572717057e-05,-0.0010711606049835787,0.0010711606049835787
P380,UBE2N,True,computed,379,11,368,0.7193675889328063,0.5402667984189723,0.5400197628458498,0.54100790513834,0.21936758893280628,0.8181818181818182,-0.414602888592106,0.6222826086956522,-0.08168169008773951,0.040266798418972294,0.45454545454545453,0.1307934744931222,0.4320652173913043,0.12309742295560455,finite published score set; not an assay-population estimate,0.017148386034255503,0.017148386034255503,0.01671607378129114,0.01671607378129114
P380,UBE2T,False,computed,379,12,367,0.7025431425976385,0.5233878292461399,0.5231607629427792,0.5240690281562216,0.2025431425976385,0.8333333333333334,-0.3521878784354494,0.6212534059945504,-0.08140333194874379,0.023387829246139913,0.4166666666666667,0.13625448332105144,0.4332425068119891,0.1228128684412434,finite published score set; not an assay-population estimate,0.00032393969908772746,0.00032393969908772746,-0.0001628953915412401,0.0001628953915412401
P380,UBE2U,False,computed,379,12,367,0.702316076294278,0.5227066303360581,0.5224795640326976,0.5233878292461399,0.20231607629427795,0.8333333333333334,-0.3521878784354494,0.6212534059945504,-0.08140333194874379,0.02270663033605813,0.4166666666666667,0.13625448332105144,0.4332425068119891,0.1228128684412434,finite published score set; not an assay-population estimate,9.687339572717057e-05,9.687339572717057e-05,-0.0008440943016230218,0.0008440943016230218
P380,UBE2V1,False,computed,379,12,367,0.7025431425976385,0.5236148955495005,0.5233878292461399,0.5242960944595823,0.2025431425976385,0.8333333333333334,-0.3521878784354494,0.6212534059945504,-0.08140333194874379,0.02361489554950047,0.4166666666666667,0.13625448332105144,0.4332425068119891,0.1228128684412434,finite published score set; not an assay-population estimate,0.00032393969908772746,0.00032393969908772746,6.417091181931678e-05,6.417091181931678e-05
P380,UBE2V2,True,computed,379,11,368,0.7341897233201581,0.5296442687747036,0.529397233201581,0.5303853754940712,0.23418972332015808,0.9090909090909091,-0.414602888592106,0.6222826086956522,-0.08168169008773951,0.029644268774703608,0.45454545454545453,0.1307934744931222,0.4320652173913043,0.12309742295560455,finite published score set; not an assay-population estimate,0.03197052042160731,0.03197052042160731,0.006093544137022455,0.006093544137022455
P380,UBE2W,False,computed,379,12,367,0.7027702089009991,0.5247502270663034,0.5245231607629428,0.5254314259763851,0.20277020890099906,0.8333333333333334,-0.3521878784354494,0.6212534059945504,-0.08140333194874379,0.024750227066303365,0.4166666666666667,0.13625448332105144,0.4305177111716621,0.1233819774699657,finite published score set; not an assay-population estimate,0.0005510060024482843,0.0005510060024482843,0.0011995024286222122,0.0011995024286222122
P380,UBR5,True,computed,379,11,368,0.6776185770750988,0.4817193675889328,0.4814723320158103,0.4824604743083004,0.17761857707509876,0.8181818181818182,-0.2897728682787928,0.6222826086956522,-0.08168169008773951,-0.0182806324110672,0.36363636363636365,0.1417154921489807,0.4320652173913043,0.12309742295560455,finite published score set; not an assay-population estimate,-0.024600625823452016,0.024600625823452016,-0.04183135704874835,0.04183135704874835
P380,UCHL5,False,computed,379,12,367,0.7027702089009991,0.5231607629427792,0.5229336966394187,0.523841961852861,0.20277020890099906,0.8333333333333334,-0.3521878784354494,0.6212534059945504,-0.08140333194874379,0.023160762942779245,0.4166666666666667,0.13625448332105144,0.4332425068119891,0.1228128684412434,finite published score set; not an assay-population estimate,0.0005510060024482843,0.0005510060024482843,-0.000389961694901908,0.000389961694901908
P380,UHRF1,True,computed,379,11,368,0.683300395256917,0.517292490118577,0.517292490118577,0.5180335968379447,0.183300395256917,0.8181818181818182,-0.2897728682787928,0.6222826086956522,-0.08168169008773951,0.01729249011857703,0.36363636363636365,0.1417154921489807,0.4320652173913043,0.12309742295560455,finite published score set; not an assay-population estimate,-0.018918807641633784,0.018918807641633784,-0.006258234519104122,0.006258234519104122
P380,UIMC1,False,computed,379,12,367,0.7025431425976385,0.5240690281562216,0.523841961852861,0.5247502270663034,0.2025431425976385,0.8333333333333334,-0.3521878784354494,0.6212534059945504,-0.08140333194874379,0.024069028156221584,0.4166666666666667,0.13625448332105144,0.4305177111716621,0.1233819774699657,finite published score set; not an assay-population estimate,0.00032393969908772746,0.00032393969908772746,0.0005183035185404306,0.0005183035185404306
P380,UNG,False,computed,379,12,367,0.7014078110808356,0.5227066303360581,0.5224795640326976,0.5233878292461399,0.2014078110808356,0.8333333333333334,-0.3521878784354494,0.6239782016348774,-0.08196004822673524,0.02270663033605813,0.4166666666666667,0.13625448332105144,0.4332425068119891,0.1228128684412434,finite published score set; not an assay-population estimate,-0.000811391817715168,0.000811391817715168,-0.0008440943016230218,0.0008440943016230218
P380,USP1,False,computed,379,12,367,0.7020890099909174,0.5245231607629428,0.5242960944595823,0.5252043596730245,0.2020890099909174,0.8333333333333334,-0.3521878784354494,0.6212534059945504,-0.08196004822673524,0.02452316076294281,0.4166666666666667,0.13625448332105144,0.4305177111716621,0.1233819774699657,finite published score set; not an assay-population estimate,-0.0001301929076333863,0.0001301929076333863,0.0009724361252616553,0.0009724361252616553
P380,USP10,False,computed,379,12,367,0.7020890099909174,0.5224795640326976,0.522252497729337,0.5231607629427792,0.2020890099909174,0.8333333333333334,-0.3521878784354494,0.6212534059945504,-0.08140333194874379,0.022479564032697574,0.4166666666666667,0.13625448332105144,0.4332425068119891,0.1228128684412434,finite published score set; not an assay-population estimate,-0.0001301929076333863,0.0001301929076333863,-0.0010711606049835787,0.0010711606049835787
P380,USP28,False,computed,379,12,367,0.7014078110808356,0.5227066303360581,0.5224795640326976,0.5233878292461399,0.2014078110808356,0.8333333333333334,-0.3521878784354494,0.6239782016348774,-0.08196004822673524,0.02270663033605813,0.4166666666666667,0.13625448332105144,0.4332425068119891,0.1228128684412434,finite published score set; not an assay-population estimate,-0.000811391817715168,0.000811391817715168,-0.0008440943016230218,0.0008440943016230218
P380,USP3,False,computed,379,12,367,0.7014078110808356,0.5224795640326976,0.522252497729337,0.5231607629427792,0.2014078110808356,0.8333333333333334,-0.3521878784354494,0.6239782016348774,-0.08196004822673524,0.022479564032697574,0.4166666666666667,0.13625448332105144,0.4332425068119891,0.1228128684412434,finite published score set; not an assay-population estimate,-0.000811391817715168,0.000811391817715168,-0.0010711606049835787,0.0010711606049835787
P380,USP43,False,computed,379,12,367,0.7014078110808356,0.5224795640326976,0.522252497729337,0.5231607629427792,0.2014078110808356,0.8333333333333334,-0.3521878784354494,0.6239782016348774,-0.08196004822673524,0.022479564032697574,0.4166666666666667,0.13625448332105144,0.4332425068119891,0.1228128684412434,finite published score set; not an assay-population estimate,-0.000811391817715168,0.000811391817715168,-0.0010711606049835787,0.0010711606049835787
P380,USP45,False,computed,379,12,367,0.702316076294278,0.5240690281562216,0.523841961852861,0.5247502270663034,0.20231607629427795,0.8333333333333334,-0.3521878784354494,0.6212534059945504,-0.08140333194874379,0.024069028156221584,0.4166666666666667,0.13625448332105144,0.4305177111716621,0.1233819774699657,finite published score set; not an assay-population estimate,9.687339572717057e-05,9.687339572717057e-05,0.0005183035185404306,0.0005183035185404306
P380,USP47,False,computed,379,12,367,0.702316076294278,0.5242960944595823,0.5240690281562216,0.5249772933696639,0.20231607629427795,0.8333333333333334,-0.3521878784354494,0.6212534059945504,-0.08140333194874379,0.02429609445958225,0.4166666666666667,0.13625448332105144,0.4305177111716621,0.1233819774699657,finite published score set; not an assay-population estimate,9.687339572717057e-05,9.687339572717057e-05,0.0007453698219010985,0.0007453698219010985
P380,USP51,False,computed,379,12,367,0.7014078110808356,0.523841961852861,0.5236148955495005,0.5245231607629428,0.2014078110808356,0.8333333333333334,-0.3521878784354494,0.6239782016348774,-0.08196004822673524,0.023841961852861027,0.4166666666666667,0.13625448332105144,0.4332425068119891,0.1233819774699657,finite published score set; not an assay-population estimate,-0.000811391817715168,0.000811391817715168,0.00029123721517987367,0.00029123721517987367
P380,USP7,False,computed,379,12,367,0.702316076294278,0.5245231607629428,0.5242960944595823,0.5252043596730245,0.20231607629427795,0.8333333333333334,-0.3521878784354494,0.6212534059945504,-0.08140333194874379,0.02452316076294281,0.4166666666666667,0.13625448332105144,0.4305177111716621,0.1233819774699657,finite published score set; not an assay-population estimate,9.687339572717057e-05,9.687339572717057e-05,0.0009724361252616553,0.0009724361252616553
P380,UVRAG,False,computed,379,12,367,0.703905540417802,0.5240690281562216,0.523841961852861,0.5247502270663034,0.20390554041780196,0.8333333333333334,-0.3521878784354494,0.6212534059945504,-0.08140333194874379,0.024069028156221584,0.4166666666666667,0.13625448332105144,0.4305177111716621,0.1233819774699657,finite published score set; not an assay-population estimate,0.0016863375192511798,0.0016863375192511798,0.0005183035185404306,0.0005183035185404306
P380,WAS,False,computed,379,12,367,0.7025431425976385,0.5224795640326976,0.522252497729337,0.5231607629427792,0.2025431425976385,0.8333333333333334,-0.3521878784354494,0.6212534059945504,-0.08140333194874379,0.022479564032697574,0.4166666666666667,0.13625448332105144,0.4332425068119891,0.1228128684412434,finite published score set; not an assay-population estimate,0.00032393969908772746,0.00032393969908772746,-0.0010711606049835787,0.0010711606049835787
P380,WDR48,False,computed,379,12,367,0.7027702089009991,0.5242960944595823,0.5240690281562216,0.5249772933696639,0.20277020890099906,0.8333333333333334,-0.3521878784354494,0.6212534059945504,-0.08140333194874379,0.02429609445958225,0.4166666666666667,0.13625448332105144,0.4305177111716621,0.1233819774699657,finite published score set; not an assay-population estimate,0.0005510060024482843,0.0005510060024482843,0.0007453698219010985,0.0007453698219010985
P380,WHSC1,False,computed,379,12,367,0.7025431425976385,0.523841961852861,0.5236148955495005,0.5245231607629428,0.2025431425976385,0.8333333333333334,-0.3521878784354494,0.6212534059945504,-0.08140333194874379,0.023841961852861027,0.4166666666666667,0.13625448332105144,0.4332425068119891,0.1233819774699657,finite published score set; not an assay-population estimate,0.00032393969908772746,0.00032393969908772746,0.00029123721517987367,0.00029123721517987367
P380,WRAP53,False,computed,379,12,367,0.7014078110808356,0.522252497729337,0.5220254314259763,0.5229336966394187,0.2014078110808356,0.8333333333333334,-0.3521878784354494,0.6239782016348774,-0.08196004822673524,0.022252497729337017,0.4166666666666667,0.13625448332105144,0.4332425068119891,0.1228128684412434,finite published score set; not an assay-population estimate,-0.000811391817715168,0.000811391817715168,-0.0012982269083441356,0.0012982269083441356
P380,WRN,False,computed,379,12,367,0.702316076294278,0.5224795640326976,0.522252497729337,0.5231607629427792,0.20231607629427795,0.8333333333333334,-0.3521878784354494,0.6212534059945504,-0.08140333194874379,0.022479564032697574,0.4166666666666667,0.13625448332105144,0.4332425068119891,0.1228128684412434,finite published score set; not an assay-population estimate,9.687339572717057e-05,9.687339572717057e-05,-0.0010711606049835787,0.0010711606049835787
P380,WRNIP1,False,computed,379,12,367,0.7014078110808356,0.5240690281562216,0.523841961852861,0.5247502270663034,0.2014078110808356,0.8333333333333334,-0.3521878784354494,0.6239782016348774,-0.08196004822673524,0.024069028156221584,0.4166666666666667,0.13625448332105144,0.4305177111716621,0.1233819774699657,finite published score set; not an assay-population estimate,-0.000811391817715168,0.000811391817715168,0.0005183035185404306,0.0005183035185404306
P380,XPA,False,computed,379,12,367,0.7025431425976385,0.5240690281562216,0.523841961852861,0.5247502270663034,0.2025431425976385,0.8333333333333334,-0.3521878784354494,0.6212534059945504,-0.08140333194874379,0.024069028156221584,0.4166666666666667,0.13625448332105144,0.4305177111716621,0.1233819774699657,finite published score set; not an assay-population estimate,0.00032393969908772746,0.00032393969908772746,0.0005183035185404306,0.0005183035185404306
P380,XRCC1,False,computed,379,12,367,0.702316076294278,0.5247502270663034,0.5245231607629428,0.5254314259763851,0.20231607629427795,0.8333333333333334,-0.3521878784354494,0.6212534059945504,-0.08140333194874379,0.024750227066303365,0.4166666666666667,0.13625448332105144,0.4305177111716621,0.1233819774699657,finite published score set; not an assay-population estimate,9.687339572717057e-05,9.687339572717057e-05,0.0011995024286222122,0.0011995024286222122
P380,XRCC2,False,computed,379,12,367,0.7041326067211626,0.5247502270663034,0.5245231607629428,0.5254314259763851,0.20413260672116262,0.8333333333333334,-0.3521878784354494,0.6212534059945504,-0.08140333194874379,0.024750227066303365,0.4166666666666667,0.13625448332105144,0.4305177111716621,0.1233819774699657,finite published score set; not an assay-population estimate,0.0019134038226118477,0.0019134038226118477,0.0011995024286222122,0.0011995024286222122
P380,XRCC3,False,computed,379,12,367,0.703905540417802,0.523841961852861,0.5236148955495005,0.5245231607629428,0.20390554041780196,0.8333333333333334,-0.3521878784354494,0.6212534059945504,-0.08140333194874379,0.023841961852861027,0.4166666666666667,0.13625448332105144,0.4305177111716621,0.1233819774699657,finite published score set; not an assay-population estimate,0.0016863375192511798,0.0016863375192511798,0.00029123721517987367,0.00029123721517987367
P380,XRCC4,False,computed,379,12,367,0.702316076294278,0.5240690281562216,0.523841961852861,0.5247502270663034,0.20231607629427795,0.8333333333333334,-0.3521878784354494,0.6212534059945504,-0.08140333194874379,0.024069028156221584,0.4166666666666667,0.13625448332105144,0.4305177111716621,0.1233819774699657,finite published score set; not an assay-population estimate,9.687339572717057e-05,9.687339572717057e-05,0.0005183035185404306,0.0005183035185404306
P380,XRCC6BP1,False,computed,379,12,367,0.7018619436875567,0.5231607629427792,0.5229336966394187,0.523841961852861,0.20186194368755672,0.8333333333333334,-0.3521878784354494,0.6212534059945504,-0.08196004822673524,0.023160762942779245,0.4166666666666667,0.13625448332105144,0.4332425068119891,0.1228128684412434,finite published score set; not an assay-population estimate,-0.0003572592109940542,0.0003572592109940542,-0.000389961694901908,0.000389961694901908
P380,YEATS4,False,computed,379,12,367,0.7029972752043597,0.5224795640326976,0.522252497729337,0.5231607629427792,0.20299727520435973,0.8333333333333334,-0.3521878784354494,0.6212534059945504,-0.08140333194874379,0.022479564032697574,0.4166666666666667,0.13625448332105144,0.4332425068119891,0.1228128684412434,finite published score set; not an assay-population estimate,0.0007780723058089523,0.0007780723058089523,-0.0010711606049835787,0.0010711606049835787
P380,YY1,False,computed,379,12,367,0.7032243415077203,0.5242960944595823,0.5240690281562216,0.5249772933696639,0.20322434150772029,0.8333333333333334,-0.3521878784354494,0.6212534059945504,-0.08140333194874379,0.02429609445958225,0.4166666666666667,0.13625448332105144,0.4305177111716621,0.1233819774699657,finite published score set; not an assay-population estimate,0.0010051386091695091,0.0010051386091695091,0.0007453698219010985,0.0007453698219010985
P380,ZBTB1,False,computed,379,12,367,0.7014078110808356,0.5227066303360581,0.5224795640326976,0.5233878292461399,0.2014078110808356,0.8333333333333334,-0.3521878784354494,0.6239782016348774,-0.08196004822673524,0.02270663033605813,0.4166666666666667,0.13625448332105144,0.4332425068119891,0.1228128684412434,finite published score set; not an assay-population estimate,-0.000811391817715168,0.000811391817715168,-0.0008440943016230218,0.0008440943016230218
P380,ZFYVE26,False,computed,379,12,367,0.7014078110808356,0.5247502270663034,0.5245231607629428,0.5254314259763851,0.2014078110808356,0.8333333333333334,-0.3521878784354494,0.6239782016348774,-0.08196004822673524,0.024750227066303365,0.4166666666666667,0.13625448332105144,0.4305177111716621,0.1233819774699657,finite published score set; not an assay-population estimate,-0.000811391817715168,0.000811391817715168,0.0011995024286222122,0.0011995024286222122
P380,ZMPSTE24,False,computed,379,12,367,0.7014078110808356,0.5227066303360581,0.5224795640326976,0.5233878292461399,0.2014078110808356,0.8333333333333334,-0.3521878784354494,0.6239782016348774,-0.08196004822673524,0.02270663033605813,0.4166666666666667,0.13625448332105144,0.4332425068119891,0.1228128684412434,finite published score set; not an assay-population estimate,-0.000811391817715168,0.000811391817715168,-0.0008440943016230218,0.0008440943016230218
P380,ZNF365,False,computed,379,12,367,0.7029972752043597,0.5227066303360581,0.5224795640326976,0.5233878292461399,0.20299727520435973,0.8333333333333334,-0.3521878784354494,0.6212534059945504,-0.08140333194874379,0.02270663033605813,0.4166666666666667,0.13625448332105144,0.4332425068119891,0.1228128684412434,finite published score set; not an assay-population estimate,0.0007780723058089523,0.0007780723058089523,-0.0008440943016230218,0.0008440943016230218
P380,ZRANB3,False,computed,379,12,367,0.7014078110808356,0.5242960944595823,0.5240690281562216,0.5249772933696639,0.2014078110808356,0.8333333333333334,-0.3521878784354494,0.6239782016348774,-0.08196004822673524,0.02429609445958225,0.4166666666666667,0.13625448332105144,0.4305177111716621,0.1233819774699657,finite published score set; not an assay-population estimate,-0.000811391817715168,0.000811391817715168,0.0007453698219010985,0.0007453698219010985
P380,ZSWIM7,False,computed,379,12,367,0.702316076294278,0.5240690281562216,0.523841961852861,0.5247502270663034,0.20231607629427795,0.8333333333333334,-0.3521878784354494,0.6212534059945504,-0.08140333194874379,0.024069028156221584,0.4166666666666667,0.13625448332105144,0.4305177111716621,0.1233819774699657,finite published score set; not an assay-population estimate,9.687339572717057e-05,9.687339572717057e-05,0.0005183035185404306,0.0005183035185404306
S1_P400,ABL1,False,computed,399,12,387,0.7032730404823428,0.5215331610680448,0.5142118863049095,0.5318690783807063,0.20327304048234285,0.8333333333333334,-0.3521878784354494,0.6227390180878553,-0.082557973450654,0.021533161068044815,0.4166666666666667,0.13625448332105144,0.43410852713178294,0.122698652043553,finite published score set; not an assay-population estimate,-0.00012043030803521315,0.00012043030803521315,0.0004850511024090398,0.0004850511024090398
S1_P400,ACTB,False,computed,399,12,387,0.704349698535745,0.5221791559000861,0.5148578811369509,0.5325150732127476,0.20434969853574503,0.8333333333333334,-0.3521878784354494,0.6227390180878553,-0.08196004822673524,0.022179155900086123,0.4166666666666667,0.13625448332105144,0.43410852713178294,0.122698652043553,finite published score set; not an assay-population estimate,0.0009562277453669665,0.0009562277453669665,0.0011310459344503476,0.0011310459344503476
S1_P400,ADPRHL2,False,computed,399,12,387,0.7037037037037037,0.5221791559000861,0.5148578811369509,0.5325150732127476,0.20370370370370372,0.8333333333333334,-0.3521878784354494,0.6227390180878553,-0.08196004822673524,0.022179155900086123,0.4166666666666667,0.13625448332105144,0.43410852713178294,0.122698652043553,finite published score set; not an assay-population estimate,0.0003102329133256587,0.0003102329133256587,0.0011310459344503476,0.0011310459344503476
S1_P400,ALKBH1,False,computed,399,12,387,0.7026270456503014,0.5221791559000861,0.5148578811369509,0.5325150732127476,0.20262704565030143,0.8333333333333334,-0.3521878784354494,0.6253229974160207,-0.082557973450654,0.022179155900086123,0.4166666666666667,0.13625448332105144,0.43410852713178294,0.122698652043553,finite published score set; not an assay-population estimate,-0.000766425140076632,0.000766425140076632,0.0011310459344503476,0.0011310459344503476
S1_P400,ALKBH2,False,computed,399,12,387,0.7037037037037037,0.5219638242894057,0.5146425495262704,0.5322997416020672,0.20370370370370372,0.8333333333333334,-0.3521878784354494,0.6227390180878553,-0.08196004822673524,0.021963824289405687,0.4166666666666667,0.13625448332105144,0.43410852713178294,0.122698652043553,finite published score set; not an assay-population estimate,0.0003102329133256587,0.0003102329133256587,0.0009157143237699117,0.0009157143237699117
S1_P400,ALKBH3,False,computed,399,12,387,0.7026270456503014,0.5200258397932817,0.5127045650301464,0.5303617571059431,0.20262704565030143,0.8333333333333334,-0.3521878784354494,0.6253229974160207,-0.082557973450654,0.020025839793281652,0.4166666666666667,0.13625448332105144,0.43669250645994834,0.1202387965283991,finite published score set; not an assay-population estimate,-0.000766425140076632,0.000766425140076632,-0.0010222701723541228,0.0010222701723541228
S1_P400,ALKBH5,False,computed,399,12,387,0.7026270456503014,0.5215331610680448,0.5142118863049095,0.5318690783807063,0.20262704565030143,0.8333333333333334,-0.3521878784354494,0.6253229974160207,-0.082557973450654,0.021533161068044815,0.4166666666666667,0.13625448332105144,0.43410852713178294,0.122698652043553,finite published score set; not an assay-population estimate,-0.000766425140076632,0.000766425140076632,0.0004850511024090398,0.0004850511024090398
S1_P400,ANKLE1,False,computed,399,12,387,0.7039190353143842,0.5211024978466839,0.5137812230835487,0.5314384151593454,0.20391903531438416,0.8333333333333334,-0.3521878784354494,0.6227390180878553,-0.08196004822673524,0.021102497846683943,0.4166666666666667,0.13625448332105144,0.43669250645994834,0.1202387965283991,finite published score set; not an assay-population estimate,0.0005255645240060947,0.0005255645240060947,5.438788104816794e-05,5.438788104816794e-05
S1_P400,ANKRD32,False,computed,399,12,387,0.704349698535745,0.5215331610680448,0.5142118863049095,0.5318690783807063,0.20434969853574503,0.8333333333333334,-0.3521878784354494,0.6227390180878553,-0.08196004822673524,0.021533161068044815,0.4166666666666667,0.13625448332105144,0.43410852713178294,0.122698652043553,finite published score set; not an assay-population estimate,0.0009562277453669665,0.0009562277453669665,0.0004850511024090398,0.0004850511024090398
S1_P400,AP5S1,False,computed,399,12,387,0.7034883720930233,0.5215331610680448,0.5142118863049095,0.5318690783807063,0.20348837209302328,0.8333333333333334,-0.3521878784354494,0.6227390180878553,-0.08196004822673524,0.021533161068044815,0.4166666666666667,0.13625448332105144,0.43410852713178294,0.122698652043553,finite published score set; not an assay-population estimate,9.490130264522278e-05,9.490130264522278e-05,0.0004850511024090398,0.0004850511024090398
S1_P400,AP5Z1,False,computed,399,12,387,0.7026270456503014,0.5215331610680448,0.5142118863049095,0.5318690783807063,0.20262704565030143,0.8333333333333334,-0.3521878784354494,0.6253229974160207,-0.082557973450654,0.021533161068044815,0.4166666666666667,0.13625448332105144,0.43410852713178294,0.122698652043553,finite published score set; not an assay-population estimate,-0.000766425140076632,0.000766425140076632,0.0004850511024090398,0.0004850511024090398
S1_P400,APBB1,False,computed,399,12,387,0.7034883720930233,0.5202411714039621,0.5129198966408268,0.5305770887166236,0.20348837209302328,0.8333333333333334,-0.3521878784354494,0.6227390180878553,-0.08196004822673524,0.020241171403962088,0.4166666666666667,0.13625448332105144,0.43669250645994834,0.1202387965283991,finite published score set; not an assay-population estimate,9.490130264522278e-05,9.490130264522278e-05,-0.0008069385616736868,0.0008069385616736868
S1_P400,APEX1,False,computed,399,12,387,0.7032730404823428,0.5221791559000861,0.5148578811369509,0.5325150732127476,0.20327304048234285,0.8333333333333334,-0.3521878784354494,0.6227390180878553,-0.082557973450654,0.022179155900086123,0.4166666666666667,0.13625448332105144,0.43410852713178294,0.122698652043553,finite published score set; not an assay-population estimate,-0.00012043030803521315,0.00012043030803521315,0.0011310459344503476,0.0011310459344503476
S1_P400,APEX2,False,computed,399,12,387,0.7026270456503014,0.5221791559000861,0.5148578811369509,0.5325150732127476,0.20262704565030143,0.8333333333333334,-0.3521878784354494,0.6253229974160207,-0.082557973450654,0.022179155900086123,0.4166666666666667,0.13625448332105144,0.43410852713178294,0.122698652043553,finite published score set; not an assay-population estimate,-0.000766425140076632,0.000766425140076632,0.0011310459344503476,0.0011310459344503476
S1_P400,APITD1,False,computed,399,12,387,0.7026270456503014,0.5213178294573644,0.5139965546942291,0.5316537467700259,0.20262704565030143,0.8333333333333334,-0.3521878784354494,0.6253229974160207,-0.082557973450654,0.02131782945736438,0.4166666666666667,0.13625448332105144,0.43669250645994834,0.122698652043553,finite published score set; not an assay-population estimate,-0.000766425140076632,0.000766425140076632,0.0002697194917286039,0.0002697194917286039
S1_P400,APLF,False,computed,399,12,387,0.7026270456503014,0.5208871662360034,0.5135658914728682,0.531223083548665,0.20262704565030143,0.8333333333333334,-0.3521878784354494,0.6253229974160207,-0.082557973450654,0.020887166236003396,0.4166666666666667,0.13625448332105144,0.43669250645994834,0.1202387965283991,finite published score set; not an assay-population estimate,-0.000766425140076632,0.000766425140076632,-0.00016094372963237902,0.00016094372963237902
S1_P400,APTX,False,computed,399,12,387,0.7026270456503014,0.5202411714039621,0.5133505598621878,0.5303617571059431,0.20262704565030143,0.8333333333333334,-0.3521878784354494,0.6253229974160207,-0.082557973450654,0.020241171403962088,0.4166666666666667,0.13625448332105144,0.43669250645994834,0.1202387965283991,finite published score set; not an assay-population estimate,-0.000766425140076632,0.000766425140076632,-0.0008069385616736868,0.0008069385616736868
S1_P400,ASCC1,False,computed,399,12,387,0.7026270456503014,0.520671834625323,0.5133505598621878,0.5310077519379846,0.20262704565030143,0.8333333333333334,-0.3521878784354494,0.6253229974160207,-0.082557973450654,0.02067183462532296,0.4166666666666667,0.13625448332105144,0.43669250645994834,0.1202387965283991,finite published score set; not an assay-population estimate,-0.000766425140076632,0.000766425140076632,-0.00037627534031281495,0.00037627534031281495
S1_P400,ASCC2,False,computed,399,12,387,0.7034883720930233,0.5200258397932817,0.5127045650301464,0.5303617571059431,0.20348837209302328,0.8333333333333334,-0.3521878784354494,0.6227390180878553,-0.08196004822673524,0.020025839793281652,0.4166666666666667,0.13625448332105144,0.43669250645994834,0.1202387965283991,finite published score set; not an assay-population estimate,9.490130264522278e-05,9.490130264522278e-05,-0.0010222701723541228,0.0010222701723541228
S1_P400,ASCC3,False,computed,399,12,387,0.7052110249784669,0.5200258397932817,0.5127045650301464,0.5303617571059431,0.20521102497846688,0.8333333333333334,-0.3521878784354494,0.6227390180878553,-0.08196004822673524,0.020025839793281652,0.4166666666666667,0.13625448332105144,0.43669250645994834,0.1202387965283991,finite published score set; not an assay-population estimate,0.0018175541880888213,0.0018175541880888213,-0.0010222701723541228,0.0010222701723541228
S1_P400,ASF1A,False,computed,399,12,387,0.7026270456503014,0.5217484926787253,0.51442721791559,0.5320844099913867,0.20262704565030143,0.8333333333333334,-0.3521878784354494,0.6253229974160207,-0.082557973450654,0.02174849267872525,0.4166666666666667,0.13625448332105144,0.43410852713178294,0.122698652043553,finite published score set; not an assay-population estimate,-0.000766425140076632,0.000766425140076632,0.0007003827130894758,0.0007003827130894758
S1_P400,ASTE1,False,computed,399,12,387,0.7026270456503014,0.5215331610680448,0.5142118863049095,0.5318690783807063,0.20262704565030143,0.8333333333333334,-0.3521878784354494,0.6253229974160207,-0.082557973450654,0.021533161068044815,0.4166666666666667,0.13625448332105144,0.43410852713178294,0.122698652043553,finite published score set; not an assay-population estimate,-0.000766425140076632,0.000766425140076632,0.0004850511024090398,0.0004850511024090398
S1_P400,ATM,False,computed,399,12,387,0.7047803617571059,0.5221791559000861,0.5148578811369509,0.5325150732127476,0.2047803617571059,0.8333333333333334,-0.3521878784354494,0.6227390180878553,-0.08196004822673524,0.022179155900086123,0.4166666666666667,0.13625448332105144,0.43410852713178294,0.122698652043553,finite published score set; not an assay-population estimate,0.0013868909667278384,0.0013868909667278384,0.0011310459344503476,0.0011310459344503476
S1_P400,ATXN3,False,computed,399,12,387,0.7026270456503014,0.520671834625323,0.5133505598621878,0.5310077519379846,0.20262704565030143,0.8333333333333334,-0.3521878784354494,0.6253229974160207,-0.082557973450654,0.02067183462532296,0.4166666666666667,0.13625448332105144,0.43669250645994834,0.1202387965283991,finite published score set; not an assay-population estimate,-0.000766425140076632,0.000766425140076632,-0.00037627534031281495,0.00037627534031281495
S1_P400,AUNIP,False,computed,399,12,387,0.7030577088716624,0.520671834625323,0.5133505598621878,0.5310077519379846,0.2030577088716624,0.8333333333333334,-0.3521878784354494,0.6227390180878553,-0.082557973450654,0.02067183462532296,0.4166666666666667,0.13625448332105144,0.43669250645994834,0.1202387965283991,finite published score set; not an assay-population estimate,-0.0003357619187156491,0.0003357619187156491,-0.00037627534031281495,0.00037627534031281495
S1_P400,AXIN2,False,computed,399,12,387,0.7037037037037037,0.5215331610680448,0.5142118863049095,0.5316537467700259,0.20370370370370372,0.8333333333333334,-0.3521878784354494,0.6227390180878553,-0.08196004822673524,0.021533161068044815,0.4166666666666667,0.13625448332105144,0.43410852713178294,0.122698652043553,finite published score set; not an assay-population estimate,0.0003102329133256587,0.0003102329133256587,0.0004850511024090398,0.0004850511024090398
S1_P400,BABAM1,False,computed,399,12,387,0.7026270456503014,0.5217484926787253,0.51442721791559,0.5320844099913867,0.20262704565030143,0.8333333333333334,-0.3521878784354494,0.6253229974160207,-0.082557973450654,0.02174849267872525,0.4166666666666667,0.13625448332105144,0.43410852713178294,0.122698652043553,finite published score set; not an assay-population estimate,-0.000766425140076632,0.000766425140076632,0.0007003827130894758,0.0007003827130894758
S1_P400,BACH1,False,computed,399,12,387,0.7034883720930233,0.5202411714039621,0.5129198966408268,0.5305770887166236,0.20348837209302328,0.8333333333333334,-0.3521878784354494,0.6227390180878553,-0.08196004822673524,0.020241171403962088,0.4166666666666667,0.13625448332105144,0.43669250645994834,0.1202387965283991,finite published score set; not an assay-population estimate,9.490130264522278e-05,9.490130264522278e-05,-0.0008069385616736868,0.0008069385616736868
S1_P400,BARD1,False,computed,399,12,387,0.7049956933677863,0.5221791559000861,0.5148578811369509,0.5325150732127476,0.20499569336778634,0.8333333333333334,-0.3521878784354494,0.6227390180878553,-0.08196004822673524,0.022179155900086123,0.4166666666666667,0.13625448332105144,0.43410852713178294,0.122698652043553,finite published score set; not an assay-population estimate,0.0016022225774082743,0.0016022225774082743,0.0011310459344503476,0.0011310459344503476
S1_P400,BIVM,False,computed,399,12,387,0.7026270456503014,0.5213178294573644,0.5139965546942291,0.5314384151593454,0.20262704565030143,0.8333333333333334,-0.3521878784354494,0.6253229974160207,-0.082557973450654,0.02131782945736438,0.4166666666666667,0.13625448332105144,0.43669250645994834,0.122698652043553,finite published score set; not an assay-population estimate,-0.000766425140076632,0.000766425140076632,0.0002697194917286039,0.0002697194917286039
S1_P400,BLM,False,computed,399,12,387,0.7032730404823428,0.5200258397932817,0.5127045650301464,0.5303617571059431,0.20327304048234285,0.8333333333333334,-0.3521878784354494,0.6227390180878553,-0.082557973450654,0.020025839793281652,0.4166666666666667,0.13625448332105144,0.43669250645994834,0.1202387965283991,finite published score set; not an assay-population estimate,-0.00012043030803521315,0.00012043030803521315,-0.0010222701723541228,0.0010222701723541228
S1_P400,BOD1L1,False,computed,399,12,387,0.7039190353143842,0.5219638242894057,0.5148578811369509,0.5320844099913867,0.20391903531438416,0.8333333333333334,-0.3521878784354494,0.6227390180878553,-0.08196004822673524,0.021963824289405687,0.4166666666666667,0.13625448332105144,0.43410852713178294,0.122698652043553,finite published score set; not an assay-population estimate,0.0005255645240060947,0.0005255645240060947,0.0009157143237699117,0.0009157143237699117
S1_P400,BRCC3,False,computed,399,12,387,0.7039190353143842,0.5215331610680448,0.5142118863049095,0.5318690783807063,0.20391903531438416,0.8333333333333334,-0.3521878784354494,0.6227390180878553,-0.08196004822673524,0.021533161068044815,0.4166666666666667,0.13625448332105144,0.43410852713178294,0.122698652043553,finite published score set; not an assay-population estimate,0.0005255645240060947,0.0005255645240060947,0.0004850511024090398,0.0004850511024090398
S1_P400,BRD8,False,computed,399,12,387,0.7034883720930233,0.520671834625323,0.5133505598621878,0.5310077519379846,0.20348837209302328,0.8333333333333334,-0.3521878784354494,0.6227390180878553,-0.08196004822673524,0.02067183462532296,0.4166666666666667,0.13625448332105144,0.43669250645994834,0.1202387965283991,finite published score set; not an assay-population estimate,9.490130264522278e-05,9.490130264522278e-05,-0.00037627534031281495,0.00037627534031281495
S1_P400,BRE,False,computed,399,12,387,0.7037037037037037,0.5202411714039621,0.5129198966408268,0.5305770887166236,0.20370370370370372,0.8333333333333334,-0.3521878784354494,0.6227390180878553,-0.08196004822673524,0.020241171403962088,0.4166666666666667,0.13625448332105144,0.43669250645994834,0.1202387965283991,finite published score set; not an assay-population estimate,0.0003102329133256587,0.0003102329133256587,-0.0008069385616736868,0.0008069385616736868
S1_P400,BRIP1,False,computed,399,12,387,0.7028423772609819,0.5202411714039621,0.5129198966408268,0.5305770887166236,0.20284237726098187,0.8333333333333334,-0.3521878784354494,0.6253229974160207,-0.082557973450654,0.020241171403962088,0.4166666666666667,0.13625448332105144,0.43669250645994834,0.1202387965283991,finite published score set; not an assay-population estimate,-0.000551093529396196,0.000551093529396196,-0.0008069385616736868,0.0008069385616736868
S1_P400,BTG2,False,computed,399,12,387,0.7032730404823428,0.5202411714039621,0.5129198966408268,0.5305770887166236,0.20327304048234285,0.8333333333333334,-0.3521878784354494,0.6227390180878553,-0.082557973450654,0.020241171403962088,0.4166666666666667,0.13625448332105144,0.43669250645994834,0.1202387965283991,finite published score set; not an assay-population estimate,-0.00012043030803521315,0.00012043030803521315,-0.0008069385616736868,0.0008069385616736868
S1_P400,C11orf30,False,computed,399,12,387,0.704349698535745,0.5221791559000861,0.5148578811369509,0.5325150732127476,0.20434969853574503,0.8333333333333334,-0.3521878784354494,0.6227390180878553,-0.08196004822673524,0.022179155900086123,0.4166666666666667,0.13625448332105144,0.43410852713178294,0.122698652043553,finite published score set; not an assay-population estimate,0.0009562277453669665,0.0009562277453669665,0.0011310459344503476,0.0011310459344503476
S1_P400,C12orf5,False,computed,399,12,387,0.7030577088716624,0.5202411714039621,0.5129198966408268,0.5305770887166236,0.2030577088716624,0.8333333333333334,-0.3521878784354494,0.6253229974160207,-0.082557973450654,0.020241171403962088,0.4166666666666667,0.13625448332105144,0.43669250645994834,0.1202387965283991,finite published score set; not an assay-population estimate,-0.0003357619187156491,0.0003357619187156491,-0.0008069385616736868,0.0008069385616736868
S1_P400,C14orf39,False,computed,399,12,387,0.7026270456503014,0.5213178294573644,0.5139965546942291,0.5316537467700259,0.20262704565030143,0.8333333333333334,-0.3521878784354494,0.6253229974160207,-0.082557973450654,0.02131782945736438,0.4166666666666667,0.13625448332105144,0.43669250645994834,0.122698652043553,finite published score set; not an assay-population estimate,-0.000766425140076632,0.000766425140076632,0.0002697194917286039,0.0002697194917286039
S1_P400,C17orf104,False,computed,399,12,387,0.7028423772609819,0.5215331610680448,0.5142118863049095,0.5318690783807063,0.20284237726098187,0.8333333333333334,-0.3521878784354494,0.6253229974160207,-0.082557973450654,0.021533161068044815,0.4166666666666667,0.13625448332105144,0.43410852713178294,0.122698652043553,finite published score set; not an assay-population estimate,-0.000551093529396196,0.000551093529396196,0.0004850511024090398,0.0004850511024090398
S1_P400,C17orf70,False,computed,399,12,387,0.7032730404823428,0.5202411714039621,0.5129198966408268,0.5305770887166236,0.20327304048234285,0.8333333333333334,-0.3521878784354494,0.6227390180878553,-0.082557973450654,0.020241171403962088,0.4166666666666667,0.13625448332105144,0.43669250645994834,0.1202387965283991,finite published score set; not an assay-population estimate,-0.00012043030803521315,0.00012043030803521315,-0.0008069385616736868,0.0008069385616736868
S1_P400,C19orf40,False,computed,399,12,387,0.7039190353143842,0.5221791559000861,0.5148578811369509,0.5325150732127476,0.20391903531438416,0.8333333333333334,-0.3521878784354494,0.6227390180878553,-0.08196004822673524,0.022179155900086123,0.4166666666666667,0.13625448332105144,0.43410852713178294,0.122698652043553,finite published score set; not an assay-population estimate,0.0005255645240060947,0.0005255645240060947,0.0011310459344503476,0.0011310459344503476
S1_P400,C1orf86,False,computed,399,12,387,0.7034883720930233,0.5202411714039621,0.5129198966408268,0.5305770887166236,0.20348837209302328,0.8333333333333334,-0.3521878784354494,0.6227390180878553,-0.08196004822673524,0.020241171403962088,0.4166666666666667,0.13625448332105144,0.43669250645994834,0.1202387965283991,finite published score set; not an assay-population estimate,9.490130264522278e-05,9.490130264522278e-05,-0.0008069385616736868,0.0008069385616736868
S1_P400,C20orf196,False,computed,399,12,387,0.7026270456503014,0.5200258397932817,0.5127045650301464,0.5303617571059431,0.20262704565030143,0.8333333333333334,-0.3521878784354494,0.6253229974160207,-0.082557973450654,0.020025839793281652,0.4166666666666667,0.13625448332105144,0.43669250645994834,0.1202387965283991,finite published score set; not an assay-population estimate,-0.000766425140076632,0.000766425140076632,-0.0010222701723541228,0.0010222701723541228
S1_P400,C5orf45,False,computed,399,12,387,0.7026270456503014,0.520671834625323,0.5133505598621878,0.5310077519379846,0.20262704565030143,0.8333333333333334,-0.3521878784354494,0.6253229974160207,-0.082557973450654,0.02067183462532296,0.4166666666666667,0.13625448332105144,0.43669250645994834,0.1202387965283991,finite published score set; not an assay-population estimate,-0.000766425140076632,0.000766425140076632,-0.00037627534031281495,0.00037627534031281495
S1_P400,C7orf49,False,computed,399,12,387,0.704349698535745,0.5219638242894057,0.5146425495262704,0.5322997416020672,0.20434969853574503,0.8333333333333334,-0.3521878784354494,0.6227390180878553,-0.08196004822673524,0.021963824289405687,0.4166666666666667,0.13625448332105144,0.43410852713178294,0.122698652043553,finite published score set; not an assay-population estimate,0.0009562277453669665,0.0009562277453669665,0.0009157143237699117,0.0009157143237699117
S1_P400,C9orf142,False,computed,399,12,387,0.7034883720930233,0.5213178294573644,0.5139965546942291,0.5316537467700259,0.20348837209302328,0.8333333333333334,-0.3521878784354494,0.6227390180878553,-0.08196004822673524,0.02131782945736438,0.4166666666666667,0.13625448332105144,0.43669250645994834,0.1202387965283991,finite published score set; not an assay-population estimate,9.490130264522278e-05,9.490130264522278e-05,0.0002697194917286039,0.0002697194917286039
S1_P400,CBX8,False,computed,399,12,387,0.7026270456503014,0.5202411714039621,0.5129198966408268,0.5305770887166236,0.20262704565030143,0.8333333333333334,-0.3521878784354494,0.6253229974160207,-0.082557973450654,0.020241171403962088,0.4166666666666667,0.13625448332105144,0.43669250645994834,0.1202387965283991,finite published score set; not an assay-population estimate,-0.000766425140076632,0.000766425140076632,-0.0008069385616736868,0.0008069385616736868
S1_P400,CCDC155,False,computed,399,12,387,0.7032730404823428,0.5215331610680448,0.5142118863049095,0.5318690783807063,0.20327304048234285,0.8333333333333334,-0.3521878784354494,0.6227390180878553,-0.082557973450654,0.021533161068044815,0.4166666666666667,0.13625448332105144,0.43410852713178294,0.122698652043553,finite published score set; not an assay-population estimate,-0.00012043030803521315,0.00012043030803521315,0.0004850511024090398,0.0004850511024090398
S1_P400,CDC14B,False,computed,399,12,387,0.7032730404823428,0.5200258397932817,0.5127045650301464,0.5303617571059431,0.20327304048234285,0.8333333333333334,-0.3521878784354494,0.6227390180878553,-0.082557973450654,0.020025839793281652,0.4166666666666667,0.13625448332105144,0.43669250645994834,0.1202387965283991,finite published score set; not an assay-population estimate,-0.00012043030803521315,0.00012043030803521315,-0.0010222701723541228,0.0010222701723541228
S1_P400,CDC7,False,computed,399,12,387,0.7045650301464255,0.5221791559000861,0.5148578811369509,0.5325150732127476,0.20456503014642546,0.8333333333333334,-0.3521878784354494,0.6227390180878553,-0.08196004822673524,0.022179155900086123,0.4166666666666667,0.13625448332105144,0.43410852713178294,0.122698652043553,finite published score set; not an assay-population estimate,0.0011715593560474025,0.0011715593560474025,0.0011310459344503476,0.0011310459344503476
S1_P400,CDK2,False,computed,399,12,387,0.7034883720930233,0.5213178294573644,0.5139965546942291,0.5316537467700259,0.20348837209302328,0.8333333333333334,-0.3521878784354494,0.6227390180878553,-0.08196004822673524,0.02131782945736438,0.4166666666666667,0.13625448332105144,0.43669250645994834,0.122698652043553,finite published score set; not an assay-population estimate,9.490130264522278e-05,9.490130264522278e-05,0.0002697194917286039,0.0002697194917286039
S1_P400,CDK9,False,computed,399,12,387,0.7026270456503014,0.5200258397932817,0.5127045650301464,0.5303617571059431,0.20262704565030143,0.8333333333333334,-0.3521878784354494,0.6253229974160207,-0.082557973450654,0.020025839793281652,0.4166666666666667,0.13625448332105144,0.43669250645994834,0.1202387965283991,finite published score set; not an assay-population estimate,-0.000766425140076632,0.000766425140076632,-0.0010222701723541228,0.0010222701723541228
S1_P400,CDKN2D,False,computed,399,12,387,0.7034883720930233,0.5223944875107666,0.5150732127476314,0.532730404823428,0.20348837209302328,0.8333333333333334,-0.3521878784354494,0.6227390180878553,-0.08196004822673524,0.02239448751076656,0.4166666666666667,0.13625448332105144,0.43410852713178294,0.122698652043553,finite published score set; not an assay-population estimate,9.490130264522278e-05,9.490130264522278e-05,0.0013463775451307836,0.0013463775451307836
S1_P400,CEP164,False,computed,399,12,387,0.7026270456503014,0.5213178294573644,0.5139965546942291,0.5316537467700259,0.20262704565030143,0.8333333333333334,-0.3521878784354494,0.6253229974160207,-0.082557973450654,0.02131782945736438,0.4166666666666667,0.13625448332105144,0.43669250645994834,0.122698652043553,finite published score set; not an assay-population estimate,-0.000766425140076632,0.000766425140076632,0.0002697194917286039,0.0002697194917286039
S1_P400,CETN1,False,computed,399,12,387,0.7032730404823428,0.5221791559000861,0.5148578811369509,0.5325150732127476,0.20327304048234285,0.8333333333333334,-0.3521878784354494,0.6227390180878553,-0.082557973450654,0.022179155900086123,0.4166666666666667,0.13625448332105144,0.43410852713178294,0.122698652043553,finite published score set; not an assay-population estimate,-0.00012043030803521315,0.00012043030803521315,0.0011310459344503476,0.0011310459344503476
S1_P400,CETN2,False,computed,399,12,387,0.7032730404823428,0.5217484926787253,0.5148578811369509,0.5305770887166236,0.20327304048234285,0.8333333333333334,-0.3521878784354494,0.6227390180878553,-0.082557973450654,0.02174849267872525,0.4166666666666667,0.13625448332105144,0.43410852713178294,0.122698652043553,finite published score set; not an assay-population estimate,-0.00012043030803521315,0.00012043030803521315,0.0007003827130894758,0.0007003827130894758
S1_P400,CHD1L,False,computed,399,12,387,0.7026270456503014,0.5221791559000861,0.5148578811369509,0.5325150732127476,0.20262704565030143,0.8333333333333334,-0.3521878784354494,0.6253229974160207,-0.082557973450654,0.022179155900086123,0.4166666666666667,0.13625448332105144,0.43410852713178294,0.122698652043553,finite published score set; not an assay-population estimate,-0.000766425140076632,0.000766425140076632,0.0011310459344503476,0.0011310459344503476
S1_P400,CHRNA4,False,computed,399,12,387,0.7039190353143842,0.5217484926787253,0.51442721791559,0.5320844099913867,0.20391903531438416,0.8333333333333334,-0.3521878784354494,0.6227390180878553,-0.08196004822673524,0.02174849267872525,0.4166666666666667,0.13625448332105144,0.43410852713178294,0.122698652043553,finite published score set; not an assay-population estimate,0.0005255645240060947,0.0005255645240060947,0.0007003827130894758,0.0007003827130894758
S1_P400,CIB1,False,computed,399,12,387,0.7032730404823428,0.520671834625323,0.5133505598621878,0.5310077519379846,0.20327304048234285,0.8333333333333334,-0.3521878784354494,0.6227390180878553,-0.08196004822673524,0.02067183462532296,0.4166666666666667,0.13625448332105144,0.43669250645994834,0.1202387965283991,finite published score set; not an assay-population estimate,-0.00012043030803521315,0.00012043030803521315,-0.00037627534031281495,0.00037627534031281495
S1_P400,COPS7A,False,computed,399,12,387,0.7026270456503014,0.5215331610680448,0.5142118863049095,0.5318690783807063,0.20262704565030143,0.8333333333333334,-0.3521878784354494,0.6253229974160207,-0.082557973450654,0.021533161068044815,0.4166666666666667,0.13625448332105144,0.43410852713178294,0.122698652043553,finite published score set; not an assay-population estimate,-0.000766425140076632,0.000766425140076632,0.0004850511024090398,0.0004850511024090398
S1_P400,COPS7B,False,computed,399,12,387,0.7026270456503014,0.5221791559000861,0.5148578811369509,0.5322997416020672,0.20262704565030143,0.8333333333333334,-0.3521878784354494,0.6253229974160207,-0.082557973450654,0.022179155900086123,0.4166666666666667,0.13625448332105144,0.43410852713178294,0.122698652043553,finite published score set; not an assay-population estimate,-0.000766425140076632,0.000766425140076632,0.0011310459344503476,0.0011310459344503476
S1_P400,COPS8,False,computed,399,12,387,0.7026270456503014,0.5202411714039621,0.5129198966408268,0.5305770887166236,0.20262704565030143,0.8333333333333334,-0.3521878784354494,0.6253229974160207,-0.082557973450654,0.020241171403962088,0.4166666666666667,0.13625448332105144,0.43669250645994834,0.1202387965283991,finite published score set; not an assay-population estimate,-0.000766425140076632,0.000766425140076632,-0.0008069385616736868,0.0008069385616736868
S1_P400,CSNK1E,False,computed,399,12,387,0.7032730404823428,0.5200258397932817,0.5127045650301464,0.5303617571059431,0.20327304048234285,0.8333333333333334,-0.3521878784354494,0.6227390180878553,-0.082557973450654,0.020025839793281652,0.4166666666666667,0.13625448332105144,0.43669250645994834,0.1202387965283991,finite published score set; not an assay-population estimate,-0.00012043030803521315,0.00012043030803521315,-0.0010222701723541228,0.0010222701723541228
S1_P400,CUL4A,False,computed,399,12,387,0.7034883720930233,0.5202411714039621,0.5129198966408268,0.5305770887166236,0.20348837209302328,0.8333333333333334,-0.3521878784354494,0.6227390180878553,-0.08196004822673524,0.020241171403962088,0.4166666666666667,0.13625448332105144,0.43669250645994834,0.1202387965283991,finite published score set; not an assay-population estimate,9.490130264522278e-05,9.490130264522278e-05,-0.0008069385616736868,0.0008069385616736868
S1_P400,CUL4B,False,computed,399,12,387,0.7030577088716624,0.5219638242894057,0.5146425495262704,0.5322997416020672,0.2030577088716624,0.8333333333333334,-0.3521878784354494,0.6227390180878553,-0.082557973450654,0.021963824289405687,0.4166666666666667,0.13625448332105144,0.43410852713178294,0.122698652043553,finite published score set; not an assay-population estimate,-0.0003357619187156491,0.0003357619187156491,0.0009157143237699117,0.0009157143237699117
S1_P400,CXorf57,False,computed,399,12,387,0.7034883720930233,0.5202411714039621,0.5129198966408268,0.5305770887166236,0.20348837209302328,0.8333333333333334,-0.3521878784354494,0.6227390180878553,-0.08196004822673524,0.020241171403962088,0.4166666666666667,0.13625448332105144,0.43669250645994834,0.1202387965283991,finite published score set; not an assay-population estimate,9.490130264522278e-05,9.490130264522278e-05,-0.0008069385616736868,0.0008069385616736868
S1_P400,DCLRE1A,False,computed,399,12,387,0.7026270456503014,0.5221791559000861,0.5148578811369509,0.5325150732127476,0.20262704565030143,0.8333333333333334,-0.3521878784354494,0.6253229974160207,-0.082557973450654,0.022179155900086123,0.4166666666666667,0.13625448332105144,0.43410852713178294,0.122698652043553,finite published score set; not an assay-population estimate,-0.000766425140076632,0.000766425140076632,0.0011310459344503476,0.0011310459344503476
S1_P400,DCLRE1B,True,computed,399,11,388,0.7312558575445174,0.5660731021555764,0.5581068416119962,0.5773195876288659,0.23125585754451738,0.8181818181818182,-0.414602888592106,0.6237113402061856,-0.08225901083869461,0.06607310215557638,0.45454545454545453,0.1307934744931222,0.43556701030927836,0.12146872428597605,finite published score set; not an assay-population estimate,0.027862386754139323,0.027862386754139323,0.045024992189940605,0.045024992189940605
S1_P400,DCLRE1C,False,computed,399,12,387,0.7026270456503014,0.5202411714039621,0.5129198966408268,0.5305770887166236,0.20262704565030143,0.8333333333333334,-0.3521878784354494,0.6253229974160207,-0.082557973450654,0.020241171403962088,0.4166666666666667,0.13625448332105144,0.43669250645994834,0.1202387965283991,finite published score set; not an assay-population estimate,-0.000766425140076632,0.000766425140076632,-0.0008069385616736868,0.0008069385616736868
S1_P400,DDB2,False,computed,399,12,387,0.7026270456503014,0.520671834625323,0.5133505598621878,0.5310077519379846,0.20262704565030143,0.8333333333333334,-0.3521878784354494,0.6253229974160207,-0.082557973450654,0.02067183462532296,0.4166666666666667,0.13625448332105144,0.43669250645994834,0.1202387965283991,finite published score set; not an assay-population estimate,-0.000766425140076632,0.000766425140076632,-0.00037627534031281495,0.00037627534031281495
S1_P400,DDX1,True,computed,399,11,388,0.6902530459231491,0.4936738519212746,0.4866447985004686,0.5046860356138707,0.19025304592314907,0.8181818181818182,-0.2897728682787928,0.6237113402061856,-0.08225901083869461,-0.006326148078725391,0.36363636363636365,0.1417154921489807,0.43556701030927836,0.12146872428597605,finite published score set; not an assay-population estimate,-0.013140424867228995,0.013140424867228995,-0.027374258044361166,0.027374258044361166
S1_P400,DDX11,False,computed,399,12,387,0.7037037037037037,0.5215331610680448,0.5142118863049095,0.5318690783807063,0.20370370370370372,0.8333333333333334,-0.3521878784354494,0.6227390180878553,-0.08196004822673524,0.021533161068044815,0.4166666666666667,0.13625448332105144,0.43410852713178294,0.122698652043553,finite published score set; not an assay-population estimate,0.0003102329133256587,0.0003102329133256587,0.0004850511024090398,0.0004850511024090398
S1_P400,DEK,False,computed,399,12,387,0.7026270456503014,0.5198105081826012,0.512489233419466,0.5301464254952627,0.20262704565030143,0.8333333333333334,-0.3521878784354494,0.6253229974160207,-0.082557973450654,0.019810508182601216,0.4166666666666667,0.13625448332105144,0.43669250645994834,0.1202387965283991,finite published score set; not an assay-population estimate,-0.000766425140076632,0.000766425140076632,-0.0012376017830345587,0.0012376017830345587
S1_P400,DMC1,False,computed,399,12,387,0.7032730404823428,0.5221791559000861,0.5148578811369509,0.5325150732127476,0.20327304048234285,0.8333333333333334,-0.3521878784354494,0.6227390180878553,-0.082557973450654,0.022179155900086123,0.4166666666666667,0.13625448332105144,0.43410852713178294,0.122698652043553,finite published score set; not an assay-population estimate,-0.00012043030803521315,0.00012043030803521315,0.0011310459344503476,0.0011310459344503476
S1_P400,DNTT,False,computed,399,12,387,0.7026270456503014,0.5202411714039621,0.5129198966408268,0.5305770887166236,0.20262704565030143,0.8333333333333334,-0.3521878784354494,0.6253229974160207,-0.082557973450654,0.020241171403962088,0.4166666666666667,0.13625448332105144,0.43669250645994834,0.1202387965283991,finite published score set; not an assay-population estimate,-0.000766425140076632,0.000766425140076632,-0.0008069385616736868,0.0008069385616736868
S1_P400,DOT1L,True,computed,399,11,388,0.683223992502343,0.5564667291471416,0.5485004686035614,0.5663074039362699,0.183223992502343,0.8181818181818182,-0.2897728682787928,0.6237113402061856,-0.08225901083869461,0.05646672914714157,0.45454545454545453,0.1307934744931222,0.43556701030927836,0.12146872428597605,finite published score set; not an assay-population estimate,-0.02016947828803506,0.02016947828803506,0.035418619181505795,0.035418619181505795
S1_P400,DTX3L,False,computed,399,12,387,0.7026270456503014,0.5215331610680448,0.5142118863049095,0.5318690783807063,0.20262704565030143,0.8333333333333334,-0.3521878784354494,0.6253229974160207,-0.082557973450654,0.021533161068044815,0.4166666666666667,0.13625448332105144,0.43410852713178294,0.122698652043553,finite published score set; not an assay-population estimate,-0.000766425140076632,0.000766425140076632,0.0004850511024090398,0.0004850511024090398
S1_P400,EEPD1,False,computed,399,12,387,0.7037037037037037,0.5202411714039621,0.5129198966408268,0.5305770887166236,0.20370370370370372,0.8333333333333334,-0.3521878784354494,0.6227390180878553,-0.08196004822673524,0.020241171403962088,0.4166666666666667,0.13625448332105144,0.43669250645994834,0.1202387965283991,finite published score set; not an assay-population estimate,0.0003102329133256587,0.0003102329133256587,-0.0008069385616736868,0.0008069385616736868
S1_P400,EGFR,False,computed,399,12,387,0.704349698535745,0.5202411714039621,0.5129198966408268,0.5305770887166236,0.20434969853574503,0.8333333333333334,-0.3521878784354494,0.6227390180878553,-0.08196004822673524,0.020241171403962088,0.4166666666666667,0.13625448332105144,0.43669250645994834,0.1202387965283991,finite published score set; not an assay-population estimate,0.0009562277453669665,0.0009562277453669665,-0.0008069385616736868,0.0008069385616736868
S1_P400,EID3,False,computed,399,12,387,0.7026270456503014,0.520671834625323,0.5133505598621878,0.5310077519379846,0.20262704565030143,0.8333333333333334,-0.3521878784354494,0.6253229974160207,-0.082557973450654,0.02067183462532296,0.4166666666666667,0.13625448332105144,0.43669250645994834,0.1202387965283991,finite published score set; not an assay-population estimate,-0.000766425140076632,0.000766425140076632,-0.00037627534031281495,0.00037627534031281495
S1_P400,EME1,False,computed,399,12,387,0.704349698535745,0.5215331610680448,0.5142118863049095,0.5318690783807063,0.20434969853574503,0.8333333333333334,-0.3521878784354494,0.6227390180878553,-0.08196004822673524,0.021533161068044815,0.4166666666666667,0.13625448332105144,0.43410852713178294,0.122698652043553,finite published score set; not an assay-population estimate,0.0009562277453669665,0.0009562277453669665,0.0004850511024090398,0.0004850511024090398
S1_P400,EME2,False,computed,399,12,387,0.7032730404823428,0.5221791559000861,0.5148578811369509,0.5325150732127476,0.20327304048234285,0.8333333333333334,-0.3521878784354494,0.6227390180878553,-0.082557973450654,0.022179155900086123,0.4166666666666667,0.13625448332105144,0.43410852713178294,0.122698652043553,finite published score set; not an assay-population estimate,-0.00012043030803521315,0.00012043030803521315,0.0011310459344503476,0.0011310459344503476
S1_P400,ENDOV,False,computed,399,12,387,0.7026270456503014,0.520671834625323,0.5133505598621878,0.5310077519379846,0.20262704565030143,0.8333333333333334,-0.3521878784354494,0.6253229974160207,-0.082557973450654,0.02067183462532296,0.4166666666666667,0.13625448332105144,0.43669250645994834,0.1202387965283991,finite published score set; not an assay-population estimate,-0.000766425140076632,0.000766425140076632,-0.00037627534031281495,0.00037627534031281495
S1_P400,EP300,False,computed,399,12,387,0.7032730404823428,0.5213178294573644,0.5139965546942291,0.5316537467700259,0.20327304048234285,0.8333333333333334,-0.3521878784354494,0.6227390180878553,-0.08196004822673524,0.02131782945736438,0.4166666666666667,0.13625448332105144,0.43410852713178294,0.122698652043553,finite published score set; not an assay-population estimate,-0.00012043030803521315,0.00012043030803521315,0.0002697194917286039,0.0002697194917286039
S1_P400,EPC1,False,computed,399,12,387,0.7034883720930233,0.5200258397932817,0.5127045650301464,0.5303617571059431,0.20348837209302328,0.8333333333333334,-0.3521878784354494,0.6227390180878553,-0.08196004822673524,0.020025839793281652,0.4166666666666667,0.13625448332105144,0.43669250645994834,0.1202387965283991,finite published score set; not an assay-population estimate,9.490130264522278e-05,9.490130264522278e-05,-0.0010222701723541228,0.0010222701723541228
S1_P400,EPC2,False,computed,399,12,387,0.7037037037037037,0.5211024978466839,0.5137812230835487,0.5314384151593454,0.20370370370370372,0.8333333333333334,-0.3521878784354494,0.6227390180878553,-0.08196004822673524,0.021102497846683943,0.4166666666666667,0.13625448332105144,0.43669250645994834,0.1202387965283991,finite published score set; not an assay-population estimate,0.0003102329133256587,0.0003102329133256587,5.438788104816794e-05,5.438788104816794e-05
S1_P400,ERCC1,False,computed,399,12,387,0.7034883720930233,0.5208871662360034,0.5135658914728682,0.531223083548665,0.20348837209302328,0.8333333333333334,-0.3521878784354494,0.6227390180878553,-0.08196004822673524,0.020887166236003396,0.4166666666666667,0.13625448332105144,0.43669250645994834,0.1202387965283991,finite published score set; not an assay-population estimate,9.490130264522278e-05,9.490130264522278e-05,-0.00016094372963237902,0.00016094372963237902
S1_P400,ERCC4,False,computed,399,12,387,0.7037037037037037,0.520671834625323,0.5139965546942291,0.5310077519379846,0.20370370370370372,0.8333333333333334,-0.3521878784354494,0.6227390180878553,-0.08196004822673524,0.02067183462532296,0.4166666666666667,0.13625448332105144,0.43669250645994834,0.1202387965283991,finite published score set; not an assay-population estimate,0.0003102329133256587,0.0003102329133256587,-0.00037627534031281495,0.00037627534031281495
S1_P400,ERCC5,False,computed,399,12,387,0.7026270456503014,0.5221791559000861,0.5148578811369509,0.5325150732127476,0.20262704565030143,0.8333333333333334,-0.3521878784354494,0.6253229974160207,-0.082557973450654,0.022179155900086123,0.4166666666666667,0.13625448332105144,0.43410852713178294,0.122698652043553,finite published score set; not an assay-population estimate,-0.000766425140076632,0.000766425140076632,0.0011310459344503476,0.0011310459344503476
S1_P400,ERCC6,False,computed,399,12,387,0.7032730404823428,0.5217484926787253,0.51442721791559,0.5320844099913867,0.20327304048234285,0.8333333333333334,-0.3521878784354494,0.6227390180878553,-0.082557973450654,0.02174849267872525,0.4166666666666667,0.13625448332105144,0.43410852713178294,0.122698652043553,finite published score set; not an assay-population estimate,-0.00012043030803521315,0.00012043030803521315,0.0007003827130894758,0.0007003827130894758
S1_P400,ERCC6L2,False,computed,399,12,387,0.7034883720930233,0.5221791559000861,0.5148578811369509,0.5325150732127476,0.20348837209302328,0.8333333333333334,-0.3521878784354494,0.6227390180878553,-0.08196004822673524,0.022179155900086123,0.4166666666666667,0.13625448332105144,0.43410852713178294,0.122698652043553,finite published score set; not an assay-population estimate,9.490130264522278e-05,9.490130264522278e-05,0.0011310459344503476,0.0011310459344503476
S1_P400,ERCC8,False,computed,399,12,387,0.7026270456503014,0.520671834625323,0.5133505598621878,0.5310077519379846,0.20262704565030143,0.8333333333333334,-0.3521878784354494,0.6253229974160207,-0.082557973450654,0.02067183462532296,0.4166666666666667,0.13625448332105144,0.43669250645994834,0.1202387965283991,finite published score set; not an assay-population estimate,-0.000766425140076632,0.000766425140076632,-0.00037627534031281495,0.00037627534031281495
S1_P400,ETAA1,False,computed,399,12,387,0.7026270456503014,0.5215331610680448,0.5142118863049095,0.5318690783807063,0.20262704565030143,0.8333333333333334,-0.3521878784354494,0.6253229974160207,-0.082557973450654,0.021533161068044815,0.4166666666666667,0.13625448332105144,0.43410852713178294,0.122698652043553,finite published score set; not an assay-population estimate,-0.000766425140076632,0.000766425140076632,0.0004850511024090398,0.0004850511024090398
S1_P400,EXD2,False,computed,399,12,387,0.7039190353143842,0.5211024978466839,0.5137812230835487,0.5314384151593454,0.20391903531438416,0.8333333333333334,-0.3521878784354494,0.6227390180878553,-0.08196004822673524,0.021102497846683943,0.4166666666666667,0.13625448332105144,0.43669250645994834,0.1202387965283991,finite published score set; not an assay-population estimate,0.0005255645240060947,0.0005255645240060947,5.438788104816794e-05,5.438788104816794e-05
S1_P400,EXO1,False,computed,399,12,387,0.7037037037037037,0.5217484926787253,0.51442721791559,0.5320844099913867,0.20370370370370372,0.8333333333333334,-0.3521878784354494,0.6227390180878553,-0.08196004822673524,0.02174849267872525,0.4166666666666667,0.13625448332105144,0.43410852713178294,0.122698652043553,finite published score set; not an assay-population estimate,0.0003102329133256587,0.0003102329133256587,0.0007003827130894758,0.0007003827130894758
S1_P400,EXO5,False,computed,399,12,387,0.7034883720930233,0.5213178294573644,0.5139965546942291,0.5316537467700259,0.20348837209302328,0.8333333333333334,-0.3521878784354494,0.6227390180878553,-0.08196004822673524,0.02131782945736438,0.4166666666666667,0.13625448332105144,0.43410852713178294,0.122698652043553,finite published score set; not an assay-population estimate,9.490130264522278e-05,9.490130264522278e-05,0.0002697194917286039,0.0002697194917286039
S1_P400,EYA1,False,computed,399,12,387,0.7026270456503014,0.5202411714039621,0.5139965546942291,0.5303617571059431,0.20262704565030143,0.8333333333333334,-0.3521878784354494,0.6253229974160207,-0.082557973450654,0.020241171403962088,0.4166666666666667,0.13625448332105144,0.43669250645994834,0.1202387965283991,finite published score set; not an assay-population estimate,-0.000766425140076632,0.000766425140076632,-0.0008069385616736868,0.0008069385616736868
S1_P400,EYA2,False,computed,399,12,387,0.7034883720930233,0.5202411714039621,0.5129198966408268,0.5305770887166236,0.20348837209302328,0.8333333333333334,-0.3521878784354494,0.6227390180878553,-0.08196004822673524,0.020241171403962088,0.4166666666666667,0.13625448332105144,0.43669250645994834,0.1202387965283991,finite published score set; not an assay-population estimate,9.490130264522278e-05,9.490130264522278e-05,-0.0008069385616736868,0.0008069385616736868
S1_P400,EYA3,False,computed,399,12,387,0.7026270456503014,0.5221791559000861,0.5148578811369509,0.5325150732127476,0.20262704565030143,0.8333333333333334,-0.3521878784354494,0.6253229974160207,-0.082557973450654,0.022179155900086123,0.4166666666666667,0.13625448332105144,0.43410852713178294,0.122698652043553,finite published score set; not an assay-population estimate,-0.000766425140076632,0.000766425140076632,0.0011310459344503476,0.0011310459344503476
S1_P400,EYA4,False,computed,399,12,387,0.7026270456503014,0.5215331610680448,0.5142118863049095,0.5318690783807063,0.20262704565030143,0.8333333333333334,-0.3521878784354494,0.6253229974160207,-0.082557973450654,0.021533161068044815,0.4166666666666667,0.13625448332105144,0.43410852713178294,0.122698652043553,finite published score set; not an assay-population estimate,-0.000766425140076632,0.000766425140076632,0.0004850511024090398,0.0004850511024090398
S1_P400,FAM168A,False,computed,399,12,387,0.7026270456503014,0.5215331610680448,0.5142118863049095,0.5318690783807063,0.20262704565030143,0.8333333333333334,-0.3521878784354494,0.6253229974160207,-0.082557973450654,0.021533161068044815,0.4166666666666667,0.13625448332105144,0.43410852713178294,0.122698652043553,finite published score set; not an assay-population estimate,-0.000766425140076632,0.000766425140076632,0.0004850511024090398,0.0004850511024090398
S1_P400,FAM175A,False,computed,399,12,387,0.7049956933677863,0.5221791559000861,0.5148578811369509,0.5325150732127476,0.20499569336778634,0.8333333333333334,-0.3521878784354494,0.6227390180878553,-0.08196004822673524,0.022179155900086123,0.4166666666666667,0.13625448332105144,0.43410852713178294,0.122698652043553,finite published score set; not an assay-population estimate,0.0016022225774082743,0.0016022225774082743,0.0011310459344503476,0.0011310459344503476
S1_P400,FAM178A,False,computed,399,12,387,0.7032730404823428,0.5202411714039621,0.5129198966408268,0.5305770887166236,0.20327304048234285,0.8333333333333334,-0.3521878784354494,0.6227390180878553,-0.082557973450654,0.020241171403962088,0.4166666666666667,0.13625448332105144,0.43669250645994834,0.1202387965283991,finite published score set; not an assay-population estimate,-0.00012043030803521315,0.00012043030803521315,-0.0008069385616736868,0.0008069385616736868
S1_P400,FAM35A,False,computed,399,12,387,0.7026270456503014,0.5202411714039621,0.5129198966408268,0.5305770887166236,0.20262704565030143,0.8333333333333334,-0.3521878784354494,0.6253229974160207,-0.082557973450654,0.020241171403962088,0.4166666666666667,0.13625448332105144,0.43669250645994834,0.1202387965283991,finite published score set; not an assay-population estimate,-0.000766425140076632,0.000766425140076632,-0.0008069385616736868,0.0008069385616736868
S1_P400,FAN1,False,computed,399,12,387,0.704349698535745,0.5213178294573644,0.5139965546942291,0.5316537467700259,0.20434969853574503,0.8333333333333334,-0.3521878784354494,0.6227390180878553,-0.08196004822673524,0.02131782945736438,0.4166666666666667,0.13625448332105144,0.43669250645994834,0.1202387965283991,finite published score set; not an assay-population estimate,0.0009562277453669665,0.0009562277453669665,0.0002697194917286039,0.0002697194917286039
S1_P400,FANCA,False,computed,399,12,387,0.7034883720930233,0.5221791559000861,0.5148578811369509,0.5325150732127476,0.20348837209302328,0.8333333333333334,-0.3521878784354494,0.6227390180878553,-0.08196004822673524,0.022179155900086123,0.4166666666666667,0.13625448332105144,0.43410852713178294,0.122698652043553,finite published score set; not an assay-population estimate,9.490130264522278e-05,9.490130264522278e-05,0.0011310459344503476,0.0011310459344503476
S1_P400,FANCB,False,computed,399,12,387,0.704349698535745,0.5200258397932817,0.5127045650301464,0.5303617571059431,0.20434969853574503,0.8333333333333334,-0.3521878784354494,0.6227390180878553,-0.08196004822673524,0.020025839793281652,0.4166666666666667,0.13625448332105144,0.43669250645994834,0.1202387965283991,finite published score set; not an assay-population estimate,0.0009562277453669665,0.0009562277453669665,-0.0010222701723541228,0.0010222701723541228
S1_P400,FANCC,False,computed,399,12,387,0.7034883720930233,0.5198105081826012,0.512489233419466,0.5301464254952627,0.20348837209302328,0.8333333333333334,-0.3521878784354494,0.6227390180878553,-0.08196004822673524,0.019810508182601216,0.4166666666666667,0.13625448332105144,0.43669250645994834,0.1202387965283991,finite published score set; not an assay-population estimate,9.490130264522278e-05,9.490130264522278e-05,-0.0012376017830345587,0.0012376017830345587
S1_P400,FANCD2,False,computed,399,12,387,0.7037037037037037,0.5208871662360034,0.5135658914728682,0.531223083548665,0.20370370370370372,0.8333333333333334,-0.3521878784354494,0.6227390180878553,-0.08196004822673524,0.020887166236003396,0.4166666666666667,0.13625448332105144,0.43669250645994834,0.1202387965283991,finite published score set; not an assay-population estimate,0.0003102329133256587,0.0003102329133256587,-0.00016094372963237902,0.00016094372963237902
S1_P400,FANCE,False,computed,399,12,387,0.7047803617571059,0.5215331610680448,0.5142118863049095,0.5318690783807063,0.2047803617571059,0.8333333333333334,-0.3521878784354494,0.6227390180878553,-0.08196004822673524,0.021533161068044815,0.4166666666666667,0.13625448332105144,0.43410852713178294,0.122698652043553,finite published score set; not an assay-population estimate,0.0013868909667278384,0.0013868909667278384,0.0004850511024090398,0.0004850511024090398
S1_P400,FANCF,True,computed,399,11,388,0.7082942830365511,0.5379568884723523,0.5306935332708529,0.5480318650421743,0.20829428303655106,0.8181818181818182,-0.414602888592106,0.6237113402061856,-0.08225901083869461,0.037956888472352346,0.45454545454545453,0.1307934744931222,0.43556701030927836,0.12146872428597605,finite published score set; not an assay-population estimate,0.004900812246173003,0.004900812246173003,0.01690877850671657,0.01690877850671657
S1_P400,FANCG,False,computed,399,12,387,0.7039190353143842,0.520671834625323,0.5133505598621878,0.5310077519379846,0.20391903531438416,0.8333333333333334,-0.3521878784354494,0.6227390180878553,-0.08196004822673524,0.02067183462532296,0.4166666666666667,0.13625448332105144,0.43669250645994834,0.1202387965283991,finite published score set; not an assay-population estimate,0.0005255645240060947,0.0005255645240060947,-0.00037627534031281495,0.00037627534031281495
S1_P400,FANCL,False,computed,399,12,387,0.7028423772609819,0.5221791559000861,0.5148578811369509,0.5325150732127476,0.20284237726098187,0.8333333333333334,-0.3521878784354494,0.6253229974160207,-0.082557973450654,0.022179155900086123,0.4166666666666667,0.13625448332105144,0.43410852713178294,0.122698652043553,finite published score set; not an assay-population estimate,-0.000551093529396196,0.000551093529396196,0.0011310459344503476,0.0011310459344503476
S1_P400,FANCM,False,computed,399,12,387,0.7037037037037037,0.5221791559000861,0.5148578811369509,0.5325150732127476,0.20370370370370372,0.8333333333333334,-0.3521878784354494,0.6227390180878553,-0.08196004822673524,0.022179155900086123,0.4166666666666667,0.13625448332105144,0.43410852713178294,0.122698652043553,finite published score set; not an assay-population estimate,0.0003102329133256587,0.0003102329133256587,0.0011310459344503476,0.0011310459344503476
S1_P400,FBXO18,False,computed,399,12,387,0.7026270456503014,0.5202411714039621,0.5129198966408268,0.5305770887166236,0.20262704565030143,0.8333333333333334,-0.3521878784354494,0.6253229974160207,-0.082557973450654,0.020241171403962088,0.4166666666666667,0.13625448332105144,0.43669250645994834,0.1202387965283991,finite published score set; not an assay-population estimate,-0.000766425140076632,0.000766425140076632,-0.0008069385616736868,0.0008069385616736868
S1_P400,FBXO6,False,computed,399,12,387,0.704349698535745,0.5215331610680448,0.5142118863049095,0.5318690783807063,0.20434969853574503,0.8333333333333334,-0.3521878784354494,0.6227390180878553,-0.08196004822673524,0.021533161068044815,0.4166666666666667,0.13625448332105144,0.43410852713178294,0.122698652043553,finite published score set; not an assay-population estimate,0.0009562277453669665,0.0009562277453669665,0.0004850511024090398,0.0004850511024090398
S1_P400,FGF10,False,computed,399,12,387,0.7026270456503014,0.5202411714039621,0.5129198966408268,0.5305770887166236,0.20262704565030143,0.8333333333333334,-0.3521878784354494,0.6253229974160207,-0.082557973450654,0.020241171403962088,0.4166666666666667,0.13625448332105144,0.43669250645994834,0.1202387965283991,finite published score set; not an assay-population estimate,-0.000766425140076632,0.000766425140076632,-0.0008069385616736868,0.0008069385616736868
S1_P400,FH,False,computed,399,12,387,0.7039190353143842,0.5200258397932817,0.5127045650301464,0.5303617571059431,0.20391903531438416,0.8333333333333334,-0.3521878784354494,0.6227390180878553,-0.08196004822673524,0.020025839793281652,0.4166666666666667,0.13625448332105144,0.43669250645994834,0.1202387965283991,finite published score set; not an assay-population estimate,0.0005255645240060947,0.0005255645240060947,-0.0010222701723541228,0.0010222701723541228
S1_P400,FIGN,False,computed,399,12,387,0.7047803617571059,0.520671834625323,0.5133505598621878,0.5310077519379846,0.2047803617571059,0.8333333333333334,-0.3521878784354494,0.6227390180878553,-0.08196004822673524,0.02067183462532296,0.4166666666666667,0.13625448332105144,0.43669250645994834,0.1202387965283991,finite published score set; not an assay-population estimate,0.0013868909667278384,0.0013868909667278384,-0.00037627534031281495,0.00037627534031281495
S1_P400,FIGNL1,False,computed,399,12,387,0.7026270456503014,0.5202411714039621,0.5129198966408268,0.5305770887166236,0.20262704565030143,0.8333333333333334,-0.3521878784354494,0.6253229974160207,-0.082557973450654,0.020241171403962088,0.4166666666666667,0.13625448332105144,0.43669250645994834,0.1202387965283991,finite published score set; not an assay-population estimate,-0.000766425140076632,0.000766425140076632,-0.0008069385616736868,0.0008069385616736868
S1_P400,FIGNL2,False,computed,399,12,387,0.7030577088716624,0.5217484926787253,0.51442721791559,0.5320844099913867,0.2030577088716624,0.8333333333333334,-0.3521878784354494,0.6253229974160207,-0.082557973450654,0.02174849267872525,0.4166666666666667,0.13625448332105144,0.43410852713178294,0.122698652043553,finite published score set; not an assay-population estimate,-0.0003357619187156491,0.0003357619187156491,0.0007003827130894758,0.0007003827130894758
S1_P400,FMN2,False,computed,399,12,387,0.7034883720930233,0.5202411714039621,0.5129198966408268,0.5305770887166236,0.20348837209302328,0.8333333333333334,-0.3521878784354494,0.6227390180878553,-0.08196004822673524,0.020241171403962088,0.4166666666666667,0.13625448332105144,0.43669250645994834,0.1202387965283991,finite published score set; not an assay-population estimate,9.490130264522278e-05,9.490130264522278e-05,-0.0008069385616736868,0.0008069385616736868
S1_P400,FOXM1,False,computed,399,12,387,0.7039190353143842,0.5221791559000861,0.5148578811369509,0.5325150732127476,0.20391903531438416,0.8333333333333334,-0.3521878784354494,0.6227390180878553,-0.08196004822673524,0.022179155900086123,0.4166666666666667,0.13625448332105144,0.43410852713178294,0.122698652043553,finite published score set; not an assay-population estimate,0.0005255645240060947,0.0005255645240060947,0.0011310459344503476,0.0011310459344503476
S1_P400,FTO,False,computed,399,12,387,0.7030577088716624,0.5200258397932817,0.5127045650301464,0.5303617571059431,0.2030577088716624,0.8333333333333334,-0.3521878784354494,0.6253229974160207,-0.082557973450654,0.020025839793281652,0.4166666666666667,0.13625448332105144,0.43669250645994834,0.1202387965283991,finite published score set; not an assay-population estimate,-0.0003357619187156491,0.0003357619187156491,-0.0010222701723541228,0.0010222701723541228
S1_P400,FUS,False,computed,399,12,387,0.7045650301464255,0.5213178294573644,0.5139965546942291,0.5316537467700259,0.20456503014642546,0.8333333333333334,-0.3521878784354494,0.6227390180878553,-0.08196004822673524,0.02131782945736438,0.4166666666666667,0.13625448332105144,0.43410852713178294,0.122698652043553,finite published score set; not an assay-population estimate,0.0011715593560474025,0.0011715593560474025,0.0002697194917286039,0.0002697194917286039
S1_P400,FZR1,False,computed,399,12,387,0.7026270456503014,0.5200258397932817,0.5127045650301464,0.5303617571059431,0.20262704565030143,0.8333333333333334,-0.3521878784354494,0.6253229974160207,-0.082557973450654,0.020025839793281652,0.4166666666666667,0.13625448332105144,0.43669250645994834,0.1202387965283991,finite published score set; not an assay-population estimate,-0.000766425140076632,0.000766425140076632,-0.0010222701723541228,0.0010222701723541228
S1_P400,GADD45A,False,computed,399,12,387,0.7032730404823428,0.5215331610680448,0.5142118863049095,0.5318690783807063,0.20327304048234285,0.8333333333333334,-0.3521878784354494,0.6227390180878553,-0.082557973450654,0.021533161068044815,0.4166666666666667,0.13625448332105144,0.43410852713178294,0.122698652043553,finite published score set; not an assay-population estimate,-0.00012043030803521315,0.00012043030803521315,0.0004850511024090398,0.0004850511024090398
S1_P400,GEN1,False,computed,399,12,387,0.7032730404823428,0.5219638242894057,0.5146425495262704,0.5322997416020672,0.20327304048234285,0.8333333333333334,-0.3521878784354494,0.6227390180878553,-0.082557973450654,0.021963824289405687,0.4166666666666667,0.13625448332105144,0.43410852713178294,0.122698652043553,finite published score set; not an assay-population estimate,-0.00012043030803521315,0.00012043030803521315,0.0009157143237699117,0.0009157143237699117
S1_P400,GGN,False,computed,399,12,387,0.7026270456503014,0.5202411714039621,0.5129198966408268,0.5305770887166236,0.20262704565030143,0.8333333333333334,-0.3521878784354494,0.6253229974160207,-0.082557973450654,0.020241171403962088,0.4166666666666667,0.13625448332105144,0.43669250645994834,0.1202387965283991,finite published score set; not an assay-population estimate,-0.000766425140076632,0.000766425140076632,-0.0008069385616736868,0.0008069385616736868
S1_P400,GPS1,False,computed,399,12,387,0.7030577088716624,0.5202411714039621,0.5129198966408268,0.5305770887166236,0.2030577088716624,0.8333333333333334,-0.3521878784354494,0.6253229974160207,-0.082557973450654,0.020241171403962088,0.4166666666666667,0.13625448332105144,0.43669250645994834,0.1202387965283991,finite published score set; not an assay-population estimate,-0.0003357619187156491,0.0003357619187156491,-0.0008069385616736868,0.0008069385616736868
S1_P400,GTF2H3,False,computed,399,12,387,0.7049956933677863,0.5202411714039621,0.5129198966408268,0.5305770887166236,0.20499569336778634,0.8333333333333334,-0.3521878784354494,0.6227390180878553,-0.08196004822673524,0.020241171403962088,0.4166666666666667,0.13625448332105144,0.43669250645994834,0.1202387965283991,finite published score set; not an assay-population estimate,0.0016022225774082743,0.0016022225774082743,-0.0008069385616736868,0.0008069385616736868
S1_P400,GTF2H5,True,computed,399,11,388,0.6979850046860356,0.5255388940955952,0.5187441424554826,0.53514526710403,0.19798500468603564,0.8181818181818182,-0.414602888592106,0.6237113402061856,-0.08225901083869461,0.025538894095595177,0.45454545454545453,0.1307934744931222,0.43556701030927836,0.12146872428597605,finite published score set; not an assay-population estimate,-0.005408466104342424,0.005408466104342424,0.004490784129959402,0.004490784129959402
S1_P400,H2AFX,False,computed,399,12,387,0.7052110249784669,0.5221791559000861,0.5148578811369509,0.5325150732127476,0.20521102497846688,0.8333333333333334,-0.3521878784354494,0.6227390180878553,-0.08196004822673524,0.022179155900086123,0.4166666666666667,0.13625448332105144,0.43410852713178294,0.122698652043553,finite published score set; not an assay-population estimate,0.0018175541880888213,0.0018175541880888213,0.0011310459344503476,0.0011310459344503476
S1_P400,HDAC10,False,computed,399,12,387,0.7030577088716624,0.5202411714039621,0.5129198966408268,0.5305770887166236,0.2030577088716624,0.8333333333333334,-0.3521878784354494,0.6227390180878553,-0.082557973450654,0.020241171403962088,0.4166666666666667,0.13625448332105144,0.43669250645994834,0.1202387965283991,finite published score set; not an assay-population estimate,-0.0003357619187156491,0.0003357619187156491,-0.0008069385616736868,0.0008069385616736868
S1_P400,HELB,False,computed,399,12,387,0.7026270456503014,0.5208871662360034,0.5135658914728682,0.531223083548665,0.20262704565030143,0.8333333333333334,-0.3521878784354494,0.6253229974160207,-0.082557973450654,0.020887166236003396,0.4166666666666667,0.13625448332105144,0.43669250645994834,0.1202387965283991,finite published score set; not an assay-population estimate,-0.000766425140076632,0.000766425140076632,-0.00016094372963237902,0.00016094372963237902
S1_P400,HELQ,False,computed,399,12,387,0.7047803617571059,0.5217484926787253,0.51442721791559,0.5320844099913867,0.2047803617571059,0.8333333333333334,-0.3521878784354494,0.6227390180878553,-0.08196004822673524,0.02174849267872525,0.4166666666666667,0.13625448332105144,0.43410852713178294,0.122698652043553,finite published score set; not an assay-population estimate,0.0013868909667278384,0.0013868909667278384,0.0007003827130894758,0.0007003827130894758
S1_P400,HIST3H2A,False,computed,399,12,387,0.7026270456503014,0.5215331610680448,0.5142118863049095,0.5318690783807063,0.20262704565030143,0.8333333333333334,-0.3521878784354494,0.6253229974160207,-0.082557973450654,0.021533161068044815,0.4166666666666667,0.13625448332105144,0.43410852713178294,0.122698652043553,finite published score set; not an assay-population estimate,-0.000766425140076632,0.000766425140076632,0.0004850511024090398,0.0004850511024090398
S1_P400,HIST3H3,False,computed,399,12,387,0.7026270456503014,0.5202411714039621,0.5129198966408268,0.5305770887166236,0.20262704565030143,0.8333333333333334,-0.3521878784354494,0.6253229974160207,-0.082557973450654,0.020241171403962088,0.4166666666666667,0.13625448332105144,0.43669250645994834,0.1202387965283991,finite published score set; not an assay-population estimate,-0.000766425140076632,0.000766425140076632,-0.0008069385616736868,0.0008069385616736868
S1_P400,HIST4H4,False,computed,399,12,387,0.7032730404823428,0.5215331610680448,0.5142118863049095,0.5318690783807063,0.20327304048234285,0.8333333333333334,-0.3521878784354494,0.6227390180878553,-0.082557973450654,0.021533161068044815,0.4166666666666667,0.13625448332105144,0.43410852713178294,0.122698652043553,finite published score set; not an assay-population estimate,-0.00012043030803521315,0.00012043030803521315,0.0004850511024090398,0.0004850511024090398
S1_P400,HMGA1,False,computed,399,12,387,0.7045650301464255,0.5213178294573644,0.5139965546942291,0.5316537467700259,0.20456503014642546,0.8333333333333334,-0.3521878784354494,0.6227390180878553,-0.08196004822673524,0.02131782945736438,0.4166666666666667,0.13625448332105144,0.43669250645994834,0.122698652043553,finite published score set; not an assay-population estimate,0.0011715593560474025,0.0011715593560474025,0.0002697194917286039,0.0002697194917286039
S1_P400,HMGA2,False,computed,399,12,387,0.7030577088716624,0.5202411714039621,0.5129198966408268,0.5305770887166236,0.2030577088716624,0.8333333333333334,-0.3521878784354494,0.6253229974160207,-0.082557973450654,0.020241171403962088,0.4166666666666667,0.13625448332105144,0.43669250645994834,0.1202387965283991,finite published score set; not an assay-population estimate,-0.0003357619187156491,0.0003357619187156491,-0.0008069385616736868,0.0008069385616736868
S1_P400,HMGB1,False,computed,399,12,387,0.7034883720930233,0.520671834625323,0.5139965546942291,0.5305770887166236,0.20348837209302328,0.8333333333333334,-0.3521878784354494,0.6227390180878553,-0.08196004822673524,0.02067183462532296,0.4166666666666667,0.13625448332105144,0.43669250645994834,0.1202387965283991,finite published score set; not an assay-population estimate,9.490130264522278e-05,9.490130264522278e-05,-0.00037627534031281495,0.00037627534031281495
S1_P400,HMGB2,False,computed,399,12,387,0.7034883720930233,0.5200258397932817,0.5127045650301464,0.5303617571059431,0.20348837209302328,0.8333333333333334,-0.3521878784354494,0.6227390180878553,-0.08196004822673524,0.020025839793281652,0.4166666666666667,0.13625448332105144,0.43669250645994834,0.1202387965283991,finite published score set; not an assay-population estimate,9.490130264522278e-05,9.490130264522278e-05,-0.0010222701723541228,0.0010222701723541228
S1_P400,HMGN1,False,computed,399,12,387,0.7034883720930233,0.5202411714039621,0.5129198966408268,0.5305770887166236,0.20348837209302328,0.8333333333333334,-0.3521878784354494,0.6227390180878553,-0.08196004822673524,0.020241171403962088,0.4166666666666667,0.13625448332105144,0.43669250645994834,0.1202387965283991,finite published score set; not an assay-population estimate,9.490130264522278e-05,9.490130264522278e-05,-0.0008069385616736868,0.0008069385616736868
S1_P400,HSF1,False,computed,399,12,387,0.7037037037037037,0.5200258397932817,0.5127045650301464,0.5303617571059431,0.20370370370370372,0.8333333333333334,-0.3521878784354494,0.6227390180878553,-0.08196004822673524,0.020025839793281652,0.4166666666666667,0.13625448332105144,0.43669250645994834,0.1202387965283991,finite published score set; not an assay-population estimate,0.0003102329133256587,0.0003102329133256587,-0.0010222701723541228,0.0010222701723541228
S1_P400,HUS1B,False,computed,399,12,387,0.704349698535745,0.5202411714039621,0.5129198966408268,0.5305770887166236,0.20434969853574503,0.8333333333333334,-0.3521878784354494,0.6227390180878553,-0.08196004822673524,0.020241171403962088,0.4166666666666667,0.13625448332105144,0.43669250645994834,0.1202387965283991,finite published score set; not an assay-population estimate,0.0009562277453669665,0.0009562277453669665,-0.0008069385616736868,0.0008069385616736868
S1_P400,HUWE1,False,computed,399,12,387,0.7049956933677863,0.5221791559000861,0.5148578811369509,0.5325150732127476,0.20499569336778634,0.8333333333333334,-0.3521878784354494,0.6227390180878553,-0.08196004822673524,0.022179155900086123,0.4166666666666667,0.13625448332105144,0.43410852713178294,0.122698652043553,finite published score set; not an assay-population estimate,0.0016022225774082743,0.0016022225774082743,0.0011310459344503476,0.0011310459344503476
S1_P400,IGHMBP2,False,computed,399,12,387,0.7034883720930233,0.5202411714039621,0.5129198966408268,0.5305770887166236,0.20348837209302328,0.8333333333333334,-0.3521878784354494,0.6227390180878553,-0.08196004822673524,0.020241171403962088,0.4166666666666667,0.13625448332105144,0.43669250645994834,0.1202387965283991,finite published score set; not an assay-population estimate,9.490130264522278e-05,9.490130264522278e-05,-0.0008069385616736868,0.0008069385616736868
S1_P400,ING3,False,computed,399,12,387,0.7045650301464255,0.5213178294573644,0.5139965546942291,0.5316537467700259,0.20456503014642546,0.8333333333333334,-0.3521878784354494,0.6227390180878553,-0.08196004822673524,0.02131782945736438,0.4166666666666667,0.13625448332105144,0.43669250645994834,0.122698652043553,finite published score set; not an assay-population estimate,0.0011715593560474025,0.0011715593560474025,0.0002697194917286039,0.0002697194917286039
S1_P400,INIP,False,computed,399,12,387,0.7026270456503014,0.5202411714039621,0.5129198966408268,0.5305770887166236,0.20262704565030143,0.8333333333333334,-0.3521878784354494,0.6253229974160207,-0.082557973450654,0.020241171403962088,0.4166666666666667,0.13625448332105144,0.43669250645994834,0.1202387965283991,finite published score set; not an assay-population estimate,-0.000766425140076632,0.000766425140076632,-0.0008069385616736868,0.0008069385616736868
S1_P400,INO80C,False,computed,399,12,387,0.7034883720930233,0.5213178294573644,0.5139965546942291,0.5316537467700259,0.20348837209302328,0.8333333333333334,-0.3521878784354494,0.6227390180878553,-0.08196004822673524,0.02131782945736438,0.4166666666666667,0.13625448332105144,0.43669250645994834,0.122698652043553,finite published score set; not an assay-population estimate,9.490130264522278e-05,9.490130264522278e-05,0.0002697194917286039,0.0002697194917286039
S1_P400,INO80D,False,computed,399,12,387,0.7037037037037037,0.5215331610680448,0.5142118863049095,0.5318690783807063,0.20370370370370372,0.8333333333333334,-0.3521878784354494,0.6227390180878553,-0.08196004822673524,0.021533161068044815,0.4166666666666667,0.13625448332105144,0.43410852713178294,0.122698652043553,finite published score set; not an assay-population estimate,0.0003102329133256587,0.0003102329133256587,0.0004850511024090398,0.0004850511024090398
S1_P400,INO80E,False,computed,399,12,387,0.7034883720930233,0.5200258397932817,0.5127045650301464,0.5303617571059431,0.20348837209302328,0.8333333333333334,-0.3521878784354494,0.6227390180878553,-0.08196004822673524,0.020025839793281652,0.4166666666666667,0.13625448332105144,0.43669250645994834,0.1202387965283991,finite published score set; not an assay-population estimate,9.490130264522278e-05,9.490130264522278e-05,-0.0010222701723541228,0.0010222701723541228
S1_P400,ISG15,False,computed,399,12,387,0.7039190353143842,0.5213178294573644,0.5139965546942291,0.5316537467700259,0.20391903531438416,0.8333333333333334,-0.3521878784354494,0.6227390180878553,-0.08196004822673524,0.02131782945736438,0.4166666666666667,0.13625448332105144,0.43410852713178294,0.122698652043553,finite published score set; not an assay-population estimate,0.0005255645240060947,0.0005255645240060947,0.0002697194917286039,0.0002697194917286039
S1_P400,JMY,False,computed,399,12,387,0.7032730404823428,0.5215331610680448,0.5142118863049095,0.5318690783807063,0.20327304048234285,0.8333333333333334,-0.3521878784354494,0.6227390180878553,-0.082557973450654,0.021533161068044815,0.4166666666666667,0.13625448332105144,0.43410852713178294,0.122698652043553,finite published score set; not an assay-population estimate,-0.00012043030803521315,0.00012043030803521315,0.0004850511024090398,0.0004850511024090398
S1_P400,KAT5,False,computed,399,12,387,0.7026270456503014,0.520671834625323,0.5133505598621878,0.5310077519379846,0.20262704565030143,0.8333333333333334,-0.3521878784354494,0.6253229974160207,-0.082557973450654,0.02067183462532296,0.4166666666666667,0.13625448332105144,0.43669250645994834,0.1202387965283991,finite published score set; not an assay-population estimate,-0.000766425140076632,0.000766425140076632,-0.00037627534031281495,0.00037627534031281495
S1_P400,KDM1A,False,computed,399,12,387,0.704349698535745,0.5215331610680448,0.5142118863049095,0.5318690783807063,0.20434969853574503,0.8333333333333334,-0.3521878784354494,0.6227390180878553,-0.08196004822673524,0.021533161068044815,0.4166666666666667,0.13625448332105144,0.43410852713178294,0.122698652043553,finite published score set; not an assay-population estimate,0.0009562277453669665,0.0009562277453669665,0.0004850511024090398,0.0004850511024090398
S1_P400,KDM2A,False,computed,399,12,387,0.7032730404823428,0.5213178294573644,0.5139965546942291,0.5316537467700259,0.20327304048234285,0.8333333333333334,-0.3521878784354494,0.6227390180878553,-0.082557973450654,0.02131782945736438,0.4166666666666667,0.13625448332105144,0.43669250645994834,0.122698652043553,finite published score set; not an assay-population estimate,-0.00012043030803521315,0.00012043030803521315,0.0002697194917286039,0.0002697194917286039
S1_P400,KDM4D,False,computed,399,12,387,0.7034883720930233,0.5215331610680448,0.5142118863049095,0.5318690783807063,0.20348837209302328,0.8333333333333334,-0.3521878784354494,0.6227390180878553,-0.08196004822673524,0.021533161068044815,0.4166666666666667,0.13625448332105144,0.43410852713178294,0.122698652043553,finite published score set; not an assay-population estimate,9.490130264522278e-05,9.490130264522278e-05,0.0004850511024090398,0.0004850511024090398
S1_P400,KIAA0101,False,computed,399,12,387,0.7032730404823428,0.5202411714039621,0.5129198966408268,0.5305770887166236,0.20327304048234285,0.8333333333333334,-0.3521878784354494,0.6227390180878553,-0.082557973450654,0.020241171403962088,0.4166666666666667,0.13625448332105144,0.43669250645994834,0.1202387965283991,finite published score set; not an assay-population estimate,-0.00012043030803521315,0.00012043030803521315,-0.0008069385616736868,0.0008069385616736868
S1_P400,KIAA0430,False,computed,399,12,387,0.7026270456503014,0.520671834625323,0.5133505598621878,0.5310077519379846,0.20262704565030143,0.8333333333333334,-0.3521878784354494,0.6253229974160207,-0.082557973450654,0.02067183462532296,0.4166666666666667,0.13625448332105144,0.43669250645994834,0.1202387965283991,finite published score set; not an assay-population estimate,-0.000766425140076632,0.000766425140076632,-0.00037627534031281495,0.00037627534031281495
S1_P400,KIF22,False,computed,399,12,387,0.7037037037037037,0.5217484926787253,0.5148578811369509,0.5305770887166236,0.20370370370370372,0.8333333333333334,-0.3521878784354494,0.6227390180878553,-0.08196004822673524,0.02174849267872525,0.4166666666666667,0.13625448332105144,0.43410852713178294,0.122698652043553,finite published score set; not an assay-population estimate,0.0003102329133256587,0.0003102329133256587,0.0007003827130894758,0.0007003827130894758
S1_P400,KIN,False,computed,399,12,387,0.704349698535745,0.520671834625323,0.5133505598621878,0.5310077519379846,0.20434969853574503,0.8333333333333334,-0.3521878784354494,0.6227390180878553,-0.08196004822673524,0.02067183462532296,0.4166666666666667,0.13625448332105144,0.43669250645994834,0.1202387965283991,finite published score set; not an assay-population estimate,0.0009562277453669665,0.0009562277453669665,-0.00037627534031281495,0.00037627534031281495
S1_P400,KLHL15,False,computed,399,12,387,0.7039190353143842,0.520671834625323,0.5133505598621878,0.5310077519379846,0.20391903531438416,0.8333333333333334,-0.3521878784354494,0.6227390180878553,-0.08196004822673524,0.02067183462532296,0.4166666666666667,0.13625448332105144,0.43669250645994834,0.1202387965283991,finite published score set; not an assay-population estimate,0.0005255645240060947,0.0005255645240060947,-0.00037627534031281495,0.00037627534031281495
S1_P400,LIG3,False,computed,399,12,387,0.704349698535745,0.5223944875107666,0.5150732127476314,0.532730404823428,0.20434969853574503,0.8333333333333334,-0.3521878784354494,0.6227390180878553,-0.08196004822673524,0.02239448751076656,0.4166666666666667,0.13625448332105144,0.43410852713178294,0.122698652043553,finite published score set; not an assay-population estimate,0.0009562277453669665,0.0009562277453669665,0.0013463775451307836,0.0013463775451307836
S1_P400,LIG4,False,computed,399,12,387,0.7039190353143842,0.5215331610680448,0.5148578811369509,0.5303617571059431,0.20391903531438416,0.8333333333333334,-0.3521878784354494,0.6227390180878553,-0.08196004822673524,0.021533161068044815,0.4166666666666667,0.13625448332105144,0.43410852713178294,0.122698652043553,finite published score set; not an assay-population estimate,0.0005255645240060947,0.0005255645240060947,0.0004850511024090398,0.0004850511024090398
S1_P400,MAD2L2,False,computed,399,12,387,0.7032730404823428,0.5198105081826012,0.512489233419466,0.5301464254952627,0.20327304048234285,0.8333333333333334,-0.3521878784354494,0.6227390180878553,-0.082557973450654,0.019810508182601216,0.4166666666666667,0.13625448332105144,0.43669250645994834,0.1202387965283991,finite published score set; not an assay-population estimate,-0.00012043030803521315,0.00012043030803521315,-0.0012376017830345587,0.0012376017830345587
S1_P400,MAGEF1,False,computed,399,12,387,0.7026270456503014,0.5215331610680448,0.5142118863049095,0.5318690783807063,0.20262704565030143,0.8333333333333334,-0.3521878784354494,0.6253229974160207,-0.082557973450654,0.021533161068044815,0.4166666666666667,0.13625448332105144,0.43410852713178294,0.122698652043553,finite published score set; not an assay-population estimate,-0.000766425140076632,0.000766425140076632,0.0004850511024090398,0.0004850511024090398
S1_P400,MB21D1,False,computed,399,12,387,0.7026270456503014,0.5213178294573644,0.5139965546942291,0.5316537467700259,0.20262704565030143,0.8333333333333334,-0.3521878784354494,0.6253229974160207,-0.082557973450654,0.02131782945736438,0.4166666666666667,0.13625448332105144,0.43410852713178294,0.122698652043553,finite published score set; not an assay-population estimate,-0.000766425140076632,0.000766425140076632,0.0002697194917286039,0.0002697194917286039
S1_P400,MBD4,False,computed,399,12,387,0.7037037037037037,0.5208871662360034,0.5135658914728682,0.531223083548665,0.20370370370370372,0.8333333333333334,-0.3521878784354494,0.6227390180878553,-0.08196004822673524,0.020887166236003396,0.4166666666666667,0.13625448332105144,0.43669250645994834,0.1202387965283991,finite published score set; not an assay-population estimate,0.0003102329133256587,0.0003102329133256587,-0.00016094372963237902,0.00016094372963237902
S1_P400,MBTD1,False,computed,399,12,387,0.7037037037037037,0.5215331610680448,0.5142118863049095,0.5318690783807063,0.20370370370370372,0.8333333333333334,-0.3521878784354494,0.6227390180878553,-0.08196004822673524,0.021533161068044815,0.4166666666666667,0.13625448332105144,0.43410852713178294,0.122698652043553,finite published score set; not an assay-population estimate,0.0003102329133256587,0.0003102329133256587,0.0004850511024090398,0.0004850511024090398
S1_P400,MC1R,False,computed,399,12,387,0.7037037037037037,0.5215331610680448,0.5142118863049095,0.5318690783807063,0.20370370370370372,0.8333333333333334,-0.3521878784354494,0.6227390180878553,-0.08196004822673524,0.021533161068044815,0.4166666666666667,0.13625448332105144,0.43410852713178294,0.122698652043553,finite published score set; not an assay-population estimate,0.0003102329133256587,0.0003102329133256587,0.0004850511024090398,0.0004850511024090398
S1_P400,MCM4,True,computed,399,11,388,0.7382849109653233,0.5238987816307404,0.5168697282099344,0.5332708528584817,0.23828491096532334,0.9090909090909091,-0.414602888592106,0.6237113402061856,-0.08225901083869461,0.02389878163074044,0.45454545454545453,0.1417154921489807,0.43556701030927836,0.12146872428597605,finite published score set; not an assay-population estimate,0.034891440174945276,0.034891440174945276,0.002850671665104665,0.002850671665104665
S1_P400,MCM7,False,computed,399,12,387,0.704349698535745,0.5198105081826012,0.512489233419466,0.5301464254952627,0.20434969853574503,0.8333333333333334,-0.3521878784354494,0.6227390180878553,-0.08196004822673524,0.019810508182601216,0.4166666666666667,0.13625448332105144,0.43669250645994834,0.1202387965283991,finite published score set; not an assay-population estimate,0.0009562277453669665,0.0009562277453669665,-0.0012376017830345587,0.0012376017830345587
S1_P400,MCM8,False,computed,399,12,387,0.7026270456503014,0.5219638242894057,0.5146425495262704,0.5322997416020672,0.20262704565030143,0.8333333333333334,-0.3521878784354494,0.6253229974160207,-0.082557973450654,0.021963824289405687,0.4166666666666667,0.13625448332105144,0.43410852713178294,0.122698652043553,finite published score set; not an assay-population estimate,-0.000766425140076632,0.000766425140076632,0.0009157143237699117,0.0009157143237699117
S1_P400,MCM9,False,computed,399,12,387,0.7039190353143842,0.5213178294573644,0.5139965546942291,0.5316537467700259,0.20391903531438416,0.8333333333333334,-0.3521878784354494,0.6227390180878553,-0.08196004822673524,0.02131782945736438,0.4166666666666667,0.13625448332105144,0.43410852713178294,0.122698652043553,finite published score set; not an assay-population estimate,0.0005255645240060947,0.0005255645240060947,0.0002697194917286039,0.0002697194917286039
S1_P400,MCMDC2,False,computed,399,12,387,0.7026270456503014,0.5217484926787253,0.51442721791559,0.5320844099913867,0.20262704565030143,0.8333333333333334,-0.3521878784354494,0.6253229974160207,-0.082557973450654,0.02174849267872525,0.4166666666666667,0.13625448332105144,0.43410852713178294,0.122698652043553,finite published score set; not an assay-population estimate,-0.000766425140076632,0.000766425140076632,0.0007003827130894758,0.0007003827130894758
S1_P400,MCRS1,False,computed,399,12,387,0.7034883720930233,0.5208871662360034,0.5135658914728682,0.531223083548665,0.20348837209302328,0.8333333333333334,-0.3521878784354494,0.6227390180878553,-0.08196004822673524,0.020887166236003396,0.4166666666666667,0.13625448332105144,0.43669250645994834,0.1202387965283991,finite published score set; not an assay-population estimate,9.490130264522278e-05,9.490130264522278e-05,-0.00016094372963237902,0.00016094372963237902
S1_P400,MDC1,False,computed,399,12,387,0.7052110249784669,0.5223944875107666,0.5150732127476314,0.532730404823428,0.20521102497846688,0.8333333333333334,-0.3521878784354494,0.6227390180878553,-0.08196004822673524,0.02239448751076656,0.4166666666666667,0.13625448332105144,0.43410852713178294,0.122698652043553,finite published score set; not an assay-population estimate,0.0018175541880888213,0.0018175541880888213,0.0013463775451307836,0.0013463775451307836
S1_P400,MEAF6,False,computed,399,12,387,0.7039190353143842,0.5221791559000861,0.5148578811369509,0.5325150732127476,0.20391903531438416,0.8333333333333334,-0.3521878784354494,0.6227390180878553,-0.08196004822673524,0.022179155900086123,0.4166666666666667,0.13625448332105144,0.43410852713178294,0.122698652043553,finite published score set; not an assay-population estimate,0.0005255645240060947,0.0005255645240060947,0.0011310459344503476,0.0011310459344503476
S1_P400,MEIOB,False,computed,399,12,387,0.7032730404823428,0.5213178294573644,0.5139965546942291,0.5316537467700259,0.20327304048234285,0.8333333333333334,-0.3521878784354494,0.6227390180878553,-0.082557973450654,0.02131782945736438,0.4166666666666667,0.13625448332105144,0.43669250645994834,0.122698652043553,finite published score set; not an assay-population estimate,-0.00012043030803521315,0.00012043030803521315,0.0002697194917286039,0.0002697194917286039
S1_P400,MEN1,False,computed,399,12,387,0.7049956933677863,0.520671834625323,0.5133505598621878,0.5310077519379846,0.20499569336778634,0.8333333333333334,-0.3521878784354494,0.6227390180878553,-0.08196004822673524,0.02067183462532296,0.4166666666666667,0.13625448332105144,0.43669250645994834,0.1202387965283991,finite published score set; not an assay-population estimate,0.0016022225774082743,0.0016022225774082743,-0.00037627534031281495,0.00037627534031281495
S1_P400,MGME1,False,computed,399,12,387,0.7034883720930233,0.520671834625323,0.5133505598621878,0.5310077519379846,0.20348837209302328,0.8333333333333334,-0.3521878784354494,0.6227390180878553,-0.08196004822673524,0.02067183462532296,0.4166666666666667,0.13625448332105144,0.43669250645994834,0.1202387965283991,finite published score set; not an assay-population estimate,9.490130264522278e-05,9.490130264522278e-05,-0.00037627534031281495,0.00037627534031281495
S1_P400,MGMT,False,computed,399,12,387,0.7037037037037037,0.5202411714039621,0.5129198966408268,0.5305770887166236,0.20370370370370372,0.8333333333333334,-0.3521878784354494,0.6227390180878553,-0.08196004822673524,0.020241171403962088,0.4166666666666667,0.13625448332105144,0.43669250645994834,0.1202387965283991,finite published score set; not an assay-population estimate,0.0003102329133256587,0.0003102329133256587,-0.0008069385616736868,0.0008069385616736868
S1_P400,MLH1,False,computed,399,12,387,0.7039190353143842,0.5215331610680448,0.5142118863049095,0.5318690783807063,0.20391903531438416,0.8333333333333334,-0.3521878784354494,0.6227390180878553,-0.08196004822673524,0.021533161068044815,0.4166666666666667,0.13625448332105144,0.43410852713178294,0.122698652043553,finite published score set; not an assay-population estimate,0.0005255645240060947,0.0005255645240060947,0.0004850511024090398,0.0004850511024090398
S1_P400,MLH3,False,computed,399,12,387,0.7026270456503014,0.5202411714039621,0.5129198966408268,0.5305770887166236,0.20262704565030143,0.8333333333333334,-0.3521878784354494,0.6253229974160207,-0.082557973450654,0.020241171403962088,0.4166666666666667,0.13625448332105144,0.43669250645994834,0.1202387965283991,finite published score set; not an assay-population estimate,-0.000766425140076632,0.000766425140076632,-0.0008069385616736868,0.0008069385616736868
S1_P400,MORF4L1,False,computed,399,12,387,0.7039190353143842,0.5215331610680448,0.5142118863049095,0.5318690783807063,0.20391903531438416,0.8333333333333334,-0.3521878784354494,0.6227390180878553,-0.08196004822673524,0.021533161068044815,0.4166666666666667,0.13625448332105144,0.43410852713178294,0.122698652043553,finite published score set; not an assay-population estimate,0.0005255645240060947,0.0005255645240060947,0.0004850511024090398,0.0004850511024090398
S1_P400,MORF4L2,False,computed,399,12,387,0.7030577088716624,0.5202411714039621,0.5129198966408268,0.5303617571059431,0.2030577088716624,0.8333333333333334,-0.3521878784354494,0.6253229974160207,-0.082557973450654,0.020241171403962088,0.4166666666666667,0.13625448332105144,0.43669250645994834,0.1202387965283991,finite published score set; not an assay-population estimate,-0.0003357619187156491,0.0003357619187156491,-0.0008069385616736868,0.0008069385616736868
S1_P400,MPG,False,computed,399,12,387,0.7026270456503014,0.5215331610680448,0.5142118863049095,0.5318690783807063,0.20262704565030143,0.8333333333333334,-0.3521878784354494,0.6253229974160207,-0.082557973450654,0.021533161068044815,0.4166666666666667,0.13625448332105144,0.43410852713178294,0.122698652043553,finite published score set; not an assay-population estimate,-0.000766425140076632,0.000766425140076632,0.0004850511024090398,0.0004850511024090398
S1_P400,MRGBP,False,computed,399,12,387,0.704349698535745,0.5198105081826012,0.512489233419466,0.5301464254952627,0.20434969853574503,0.8333333333333334,-0.3521878784354494,0.6227390180878553,-0.08196004822673524,0.019810508182601216,0.4166666666666667,0.13625448332105144,0.43669250645994834,0.1202387965283991,finite published score set; not an assay-population estimate,0.0009562277453669665,0.0009562277453669665,-0.0012376017830345587,0.0012376017830345587
S1_P400,MSH2,False,computed,399,12,387,0.7032730404823428,0.5200258397932817,0.5127045650301464,0.5303617571059431,0.20327304048234285,0.8333333333333334,-0.3521878784354494,0.6227390180878553,-0.082557973450654,0.020025839793281652,0.4166666666666667,0.13625448332105144,0.43669250645994834,0.1202387965283991,finite published score set; not an assay-population estimate,-0.00012043030803521315,0.00012043030803521315,-0.0010222701723541228,0.0010222701723541228
S1_P400,MSH3,False,computed,399,12,387,0.7026270456503014,0.520671834625323,0.5133505598621878,0.5310077519379846,0.20262704565030143,0.8333333333333334,-0.3521878784354494,0.6253229974160207,-0.082557973450654,0.02067183462532296,0.4166666666666667,0.13625448332105144,0.43669250645994834,0.1202387965283991,finite published score set; not an assay-population estimate,-0.000766425140076632,0.000766425140076632,-0.00037627534031281495,0.00037627534031281495
S1_P400,MSH4,False,computed,399,12,387,0.7037037037037037,0.5221791559000861,0.5148578811369509,0.5325150732127476,0.20370370370370372,0.8333333333333334,-0.3521878784354494,0.6227390180878553,-0.08196004822673524,0.022179155900086123,0.4166666666666667,0.13625448332105144,0.43410852713178294,0.122698652043553,finite published score set; not an assay-population estimate,0.0003102329133256587,0.0003102329133256587,0.0011310459344503476,0.0011310459344503476
S1_P400,MSH5,False,computed,399,12,387,0.7032730404823428,0.5213178294573644,0.5139965546942291,0.5316537467700259,0.20327304048234285,0.8333333333333334,-0.3521878784354494,0.6227390180878553,-0.082557973450654,0.02131782945736438,0.4166666666666667,0.13625448332105144,0.43669250645994834,0.122698652043553,finite published score set; not an assay-population estimate,-0.00012043030803521315,0.00012043030803521315,0.0002697194917286039,0.0002697194917286039
S1_P400,MSH6,False,computed,399,12,387,0.7030577088716624,0.5219638242894057,0.5146425495262704,0.5322997416020672,0.2030577088716624,0.8333333333333334,-0.3521878784354494,0.6227390180878553,-0.082557973450654,0.021963824289405687,0.4166666666666667,0.13625448332105144,0.43410852713178294,0.122698652043553,finite published score set; not an assay-population estimate,-0.0003357619187156491,0.0003357619187156491,0.0009157143237699117,0.0009157143237699117
S1_P400,MUM1,False,computed,399,12,387,0.7028423772609819,0.5202411714039621,0.5129198966408268,0.5305770887166236,0.20284237726098187,0.8333333333333334,-0.3521878784354494,0.6253229974160207,-0.082557973450654,0.020241171403962088,0.4166666666666667,0.13625448332105144,0.43669250645994834,0.1202387965283991,finite published score set; not an assay-population estimate,-0.000551093529396196,0.000551093529396196,-0.0008069385616736868,0.0008069385616736868
S1_P400,MUS81,False,computed,399,12,387,0.7039190353143842,0.5213178294573644,0.5139965546942291,0.5316537467700259,0.20391903531438416,0.8333333333333334,-0.3521878784354494,0.6227390180878553,-0.08196004822673524,0.02131782945736438,0.4166666666666667,0.13625448332105144,0.43669250645994834,0.122698652043553,finite published score set; not an assay-population estimate,0.0005255645240060947,0.0005255645240060947,0.0002697194917286039,0.0002697194917286039
S1_P400,MUTYH,False,computed,399,12,387,0.7052110249784669,0.5215331610680448,0.5142118863049095,0.5318690783807063,0.20521102497846688,0.8333333333333334,-0.3521878784354494,0.6227390180878553,-0.08196004822673524,0.021533161068044815,0.4166666666666667,0.13625448332105144,0.43410852713178294,0.122698652043553,finite published score set; not an assay-population estimate,0.0018175541880888213,0.0018175541880888213,0.0004850511024090398,0.0004850511024090398
S1_P400,NABP1,False,computed,399,12,387,0.7034883720930233,0.5200258397932817,0.5127045650301464,0.5303617571059431,0.20348837209302328,0.8333333333333334,-0.3521878784354494,0.6227390180878553,-0.08196004822673524,0.020025839793281652,0.4166666666666667,0.13625448332105144,0.43669250645994834,0.1202387965283991,finite published score set; not an assay-population estimate,9.490130264522278e-05,9.490130264522278e-05,-0.0010222701723541228,0.0010222701723541228
S1_P400,NABP2,False,computed,399,12,387,0.7026270456503014,0.520671834625323,0.5137812230835487,0.5310077519379846,0.20262704565030143,0.8333333333333334,-0.3521878784354494,0.6253229974160207,-0.082557973450654,0.02067183462532296,0.4166666666666667,0.13625448332105144,0.43669250645994834,0.1202387965283991,finite published score set; not an assay-population estimate,-0.000766425140076632,0.000766425140076632,-0.00037627534031281495,0.00037627534031281495
S1_P400,NDNL2,False,computed,399,12,387,0.7037037037037037,0.5198105081826012,0.512489233419466,0.5301464254952627,0.20370370370370372,0.8333333333333334,-0.3521878784354494,0.6227390180878553,-0.08196004822673524,0.019810508182601216,0.4166666666666667,0.13625448332105144,0.43669250645994834,0.1202387965283991,finite published score set; not an assay-population estimate,0.0003102329133256587,0.0003102329133256587,-0.0012376017830345587,0.0012376017830345587
S1_P400,NEIL1,False,computed,399,12,387,0.7032730404823428,0.5211024978466839,0.5137812230835487,0.5314384151593454,0.20327304048234285,0.8333333333333334,-0.3521878784354494,0.6227390180878553,-0.082557973450654,0.021102497846683943,0.4166666666666667,0.13625448332105144,0.43669250645994834,0.1202387965283991,finite published score set; not an assay-population estimate,-0.00012043030803521315,0.00012043030803521315,5.438788104816794e-05,5.438788104816794e-05
S1_P400,NEIL2,False,computed,399,12,387,0.7026270456503014,0.5213178294573644,0.5139965546942291,0.5316537467700259,0.20262704565030143,0.8333333333333334,-0.3521878784354494,0.6253229974160207,-0.082557973450654,0.02131782945736438,0.4166666666666667,0.13625448332105144,0.43669250645994834,0.122698652043553,finite published score set; not an assay-population estimate,-0.000766425140076632,0.000766425140076632,0.0002697194917286039,0.0002697194917286039
S1_P400,NEIL3,False,computed,399,12,387,0.7037037037037037,0.5202411714039621,0.5129198966408268,0.5305770887166236,0.20370370370370372,0.8333333333333334,-0.3521878784354494,0.6227390180878553,-0.08196004822673524,0.020241171403962088,0.4166666666666667,0.13625448332105144,0.43669250645994834,0.1202387965283991,finite published score set; not an assay-population estimate,0.0003102329133256587,0.0003102329133256587,-0.0008069385616736868,0.0008069385616736868
S1_P400,NFRKB,False,computed,399,12,387,0.704349698535745,0.5202411714039621,0.5129198966408268,0.5305770887166236,0.20434969853574503,0.8333333333333334,-0.3521878784354494,0.6227390180878553,-0.08196004822673524,0.020241171403962088,0.4166666666666667,0.13625448332105144,0.43669250645994834,0.1202387965283991,finite published score set; not an assay-population estimate,0.0009562277453669665,0.0009562277453669665,-0.0008069385616736868,0.0008069385616736868
S1_P400,NHEJ1,False,computed,399,12,387,0.704349698535745,0.5215331610680448,0.5142118863049095,0.5318690783807063,0.20434969853574503,0.8333333333333334,-0.3521878784354494,0.6227390180878553,-0.08196004822673524,0.021533161068044815,0.4166666666666667,0.13625448332105144,0.43410852713178294,0.122698652043553,finite published score set; not an assay-population estimate,0.0009562277453669665,0.0009562277453669665,0.0004850511024090398,0.0004850511024090398
S1_P400,NIPBL,False,computed,399,12,387,0.7026270456503014,0.5221791559000861,0.5148578811369509,0.5325150732127476,0.20262704565030143,0.8333333333333334,-0.3521878784354494,0.6253229974160207,-0.082557973450654,0.022179155900086123,0.4166666666666667,0.13625448332105144,0.43410852713178294,0.122698652043553,finite published score set; not an assay-population estimate,-0.000766425140076632,0.000766425140076632,0.0011310459344503476,0.0011310459344503476
S1_P400,NONO,False,computed,399,12,387,0.704349698535745,0.5202411714039621,0.5129198966408268,0.5305770887166236,0.20434969853574503,0.8333333333333334,-0.3521878784354494,0.6227390180878553,-0.08196004822673524,0.020241171403962088,0.4166666666666667,0.13625448332105144,0.43669250645994834,0.1202387965283991,finite published score set; not an assay-population estimate,0.0009562277453669665,0.0009562277453669665,-0.0008069385616736868,0.0008069385616736868
S1_P400,NPAS2,False,computed,399,12,387,0.7026270456503014,0.5200258397932817,0.5127045650301464,0.5303617571059431,0.20262704565030143,0.8333333333333334,-0.3521878784354494,0.6253229974160207,-0.082557973450654,0.020025839793281652,0.4166666666666667,0.13625448332105144,0.43669250645994834,0.1202387965283991,finite published score set; not an assay-population estimate,-0.000766425140076632,0.000766425140076632,-0.0010222701723541228,0.0010222701723541228
S1_P400,NPM1,False,computed,399,12,387,0.7034883720930233,0.5202411714039621,0.5129198966408268,0.5305770887166236,0.20348837209302328,0.8333333333333334,-0.3521878784354494,0.6227390180878553,-0.08196004822673524,0.020241171403962088,0.4166666666666667,0.13625448332105144,0.43669250645994834,0.1202387965283991,finite published score set; not an assay-population estimate,9.490130264522278e-05,9.490130264522278e-05,-0.0008069385616736868,0.0008069385616736868
S1_P400,NSMCE2,False,computed,399,12,387,0.7037037037037037,0.5202411714039621,0.5129198966408268,0.5305770887166236,0.20370370370370372,0.8333333333333334,-0.3521878784354494,0.6227390180878553,-0.08196004822673524,0.020241171403962088,0.4166666666666667,0.13625448332105144,0.43669250645994834,0.1202387965283991,finite published score set; not an assay-population estimate,0.0003102329133256587,0.0003102329133256587,-0.0008069385616736868,0.0008069385616736868
S1_P400,NSMCE4A,False,computed,399,12,387,0.7037037037037037,0.5200258397932817,0.5127045650301464,0.5303617571059431,0.20370370370370372,0.8333333333333334,-0.3521878784354494,0.6227390180878553,-0.08196004822673524,0.020025839793281652,0.4166666666666667,0.13625448332105144,0.43669250645994834,0.1202387965283991,finite published score set; not an assay-population estimate,0.0003102329133256587,0.0003102329133256587,-0.0010222701723541228,0.0010222701723541228
S1_P400,NTHL1,False,computed,399,12,387,0.7032730404823428,0.5215331610680448,0.5142118863049095,0.5318690783807063,0.20327304048234285,0.8333333333333334,-0.3521878784354494,0.6227390180878553,-0.082557973450654,0.021533161068044815,0.4166666666666667,0.13625448332105144,0.43410852713178294,0.122698652043553,finite published score set; not an assay-population estimate,-0.00012043030803521315,0.00012043030803521315,0.0004850511024090398,0.0004850511024090398
S1_P400,NUCKS1,False,computed,399,12,387,0.7032730404823428,0.5219638242894057,0.5146425495262704,0.5322997416020672,0.20327304048234285,0.8333333333333334,-0.3521878784354494,0.6227390180878553,-0.08196004822673524,0.021963824289405687,0.4166666666666667,0.13625448332105144,0.43410852713178294,0.122698652043553,finite published score set; not an assay-population estimate,-0.00012043030803521315,0.00012043030803521315,0.0009157143237699117,0.0009157143237699117
S1_P400,NUDT1,False,computed,399,12,387,0.7030577088716624,0.520671834625323,0.5133505598621878,0.5310077519379846,0.2030577088716624,0.8333333333333334,-0.3521878784354494,0.6253229974160207,-0.082557973450654,0.02067183462532296,0.4166666666666667,0.13625448332105144,0.43669250645994834,0.1202387965283991,finite published score set; not an assay-population estimate,-0.0003357619187156491,0.0003357619187156491,-0.00037627534031281495,0.00037627534031281495
S1_P400,NUDT16,False,computed,399,12,387,0.7037037037037037,0.5215331610680448,0.5142118863049095,0.5318690783807063,0.20370370370370372,0.8333333333333334,-0.3521878784354494,0.6227390180878553,-0.08196004822673524,0.021533161068044815,0.4166666666666667,0.13625448332105144,0.43410852713178294,0.122698652043553,finite published score set; not an assay-population estimate,0.0003102329133256587,0.0003102329133256587,0.0004850511024090398,0.0004850511024090398
S1_P400,NUDT16L1,False,computed,399,12,387,0.7026270456503014,0.520671834625323,0.5133505598621878,0.5310077519379846,0.20262704565030143,0.8333333333333334,-0.3521878784354494,0.6253229974160207,-0.082557973450654,0.02067183462532296,0.4166666666666667,0.13625448332105144,0.43669250645994834,0.1202387965283991,finite published score set; not an assay-population estimate,-0.000766425140076632,0.000766425140076632,-0.00037627534031281495,0.00037627534031281495
S1_P400,OBFC1,False,computed,399,12,387,0.7026270456503014,0.520671834625323,0.5133505598621878,0.5310077519379846,0.20262704565030143,0.8333333333333334,-0.3521878784354494,0.6253229974160207,-0.082557973450654,0.02067183462532296,0.4166666666666667,0.13625448332105144,0.43669250645994834,0.1202387965283991,finite published score set; not an assay-population estimate,-0.000766425140076632,0.000766425140076632,-0.00037627534031281495,0.00037627534031281495
S1_P400,OGG1,False,computed,399,12,387,0.7032730404823428,0.5217484926787253,0.51442721791559,0.5320844099913867,0.20327304048234285,0.8333333333333334,-0.3521878784354494,0.6227390180878553,-0.082557973450654,0.02174849267872525,0.4166666666666667,0.13625448332105144,0.43410852713178294,0.122698652043553,finite published score set; not an assay-population estimate,-0.00012043030803521315,0.00012043030803521315,0.0007003827130894758,0.0007003827130894758
S1_P400,OTUB1,False,computed,399,12,387,0.7049956933677863,0.5221791559000861,0.5148578811369509,0.5325150732127476,0.20499569336778634,0.8333333333333334,-0.3521878784354494,0.6227390180878553,-0.08196004822673524,0.022179155900086123,0.4166666666666667,0.13625448332105144,0.43410852713178294,0.122698652043553,finite published score set; not an assay-population estimate,0.0016022225774082743,0.0016022225774082743,0.0011310459344503476,0.0011310459344503476
S1_P400,PAGR1,False,computed,399,12,387,0.7026270456503014,0.5202411714039621,0.5129198966408268,0.5305770887166236,0.20262704565030143,0.8333333333333334,-0.3521878784354494,0.6253229974160207,-0.082557973450654,0.020241171403962088,0.4166666666666667,0.13625448332105144,0.43669250645994834,0.1202387965283991,finite published score set; not an assay-population estimate,-0.000766425140076632,0.000766425140076632,-0.0008069385616736868,0.0008069385616736868
S1_P400,PAPD7,False,computed,399,12,387,0.7026270456503014,0.5202411714039621,0.5129198966408268,0.5305770887166236,0.20262704565030143,0.8333333333333334,-0.3521878784354494,0.6253229974160207,-0.082557973450654,0.020241171403962088,0.4166666666666667,0.13625448332105144,0.43669250645994834,0.1202387965283991,finite published score set; not an assay-population estimate,-0.000766425140076632,0.000766425140076632,-0.0008069385616736868,0.0008069385616736868
S1_P400,PARG,False,computed,399,12,387,0.7030577088716624,0.5217484926787253,0.51442721791559,0.5320844099913867,0.2030577088716624,0.8333333333333334,-0.3521878784354494,0.6227390180878553,-0.082557973450654,0.02174849267872525,0.4166666666666667,0.13625448332105144,0.43410852713178294,0.122698652043553,finite published score set; not an assay-population estimate,-0.0003357619187156491,0.0003357619187156491,0.0007003827130894758,0.0007003827130894758
S1_P400,PARP1,False,computed,399,12,387,0.7052110249784669,0.5221791559000861,0.5148578811369509,0.5325150732127476,0.20521102497846688,0.8333333333333334,-0.3521878784354494,0.6227390180878553,-0.08196004822673524,0.022179155900086123,0.4166666666666667,0.13625448332105144,0.43410852713178294,0.122698652043553,finite published score set; not an assay-population estimate,0.0018175541880888213,0.0018175541880888213,0.0011310459344503476,0.0011310459344503476
S1_P400,PARP10,False,computed,399,12,387,0.7026270456503014,0.5200258397932817,0.5127045650301464,0.5303617571059431,0.20262704565030143,0.8333333333333334,-0.3521878784354494,0.6253229974160207,-0.082557973450654,0.020025839793281652,0.4166666666666667,0.13625448332105144,0.43669250645994834,0.1202387965283991,finite published score set; not an assay-population estimate,-0.000766425140076632,0.000766425140076632,-0.0010222701723541228,0.0010222701723541228
S1_P400,PARP2,False,computed,399,12,387,0.7039190353143842,0.5202411714039621,0.5129198966408268,0.5305770887166236,0.20391903531438416,0.8333333333333334,-0.3521878784354494,0.6227390180878553,-0.08196004822673524,0.020241171403962088,0.4166666666666667,0.13625448332105144,0.43669250645994834,0.1202387965283991,finite published score set; not an assay-population estimate,0.0005255645240060947,0.0005255645240060947,-0.0008069385616736868,0.0008069385616736868
S1_P400,PARP4,False,computed,399,12,387,0.7032730404823428,0.520671834625323,0.5133505598621878,0.5310077519379846,0.20327304048234285,0.8333333333333334,-0.3521878784354494,0.6227390180878553,-0.082557973450654,0.02067183462532296,0.4166666666666667,0.13625448332105144,0.43669250645994834,0.1202387965283991,finite published score set; not an assay-population estimate,-0.00012043030803521315,0.00012043030803521315,-0.00037627534031281495,0.00037627534031281495
S1_P400,PARP9,False,computed,399,12,387,0.7034883720930233,0.5215331610680448,0.5142118863049095,0.5318690783807063,0.20348837209302328,0.8333333333333334,-0.3521878784354494,0.6227390180878553,-0.08196004822673524,0.021533161068044815,0.4166666666666667,0.13625448332105144,0.43410852713178294,0.122698652043553,finite published score set; not an assay-population estimate,9.490130264522278e-05,9.490130264522278e-05,0.0004850511024090398,0.0004850511024090398
S1_P400,PARPBP,False,computed,399,12,387,0.7026270456503014,0.5213178294573644,0.5139965546942291,0.5316537467700259,0.20262704565030143,0.8333333333333334,-0.3521878784354494,0.6253229974160207,-0.082557973450654,0.02131782945736438,0.4166666666666667,0.13625448332105144,0.43410852713178294,0.122698652043553,finite published score set; not an assay-population estimate,-0.000766425140076632,0.000766425140076632,0.0002697194917286039,0.0002697194917286039
S1_P400,PAXIP1,False,computed,399,12,387,0.704349698535745,0.5202411714039621,0.5129198966408268,0.5305770887166236,0.20434969853574503,0.8333333333333334,-0.3521878784354494,0.6227390180878553,-0.08196004822673524,0.020241171403962088,0.4166666666666667,0.13625448332105144,0.43669250645994834,0.1202387965283991,finite published score set; not an assay-population estimate,0.0009562277453669665,0.0009562277453669665,-0.0008069385616736868,0.0008069385616736868
S1_P400,PDS5A,False,computed,399,12,387,0.7026270456503014,0.5202411714039621,0.5129198966408268,0.5305770887166236,0.20262704565030143,0.8333333333333334,-0.3521878784354494,0.6253229974160207,-0.082557973450654,0.020241171403962088,0.4166666666666667,0.13625448332105144,0.43669250645994834,0.1202387965283991,finite published score set; not an assay-population estimate,-0.000766425140076632,0.000766425140076632,-0.0008069385616736868,0.0008069385616736868
S1_P400,PDS5B,False,computed,399,12,387,0.7034883720930233,0.520671834625323,0.5133505598621878,0.5310077519379846,0.20348837209302328,0.8333333333333334,-0.3521878784354494,0.6227390180878553,-0.08196004822673524,0.02067183462532296,0.4166666666666667,0.13625448332105144,0.43669250645994834,0.1202387965283991,finite published score set; not an assay-population estimate,9.490130264522278e-05,9.490130264522278e-05,-0.00037627534031281495,0.00037627534031281495
S1_P400,PIF1,False,computed,399,12,387,0.7026270456503014,0.5213178294573644,0.5142118863049095,0.531223083548665,0.20262704565030143,0.8333333333333334,-0.3521878784354494,0.6253229974160207,-0.082557973450654,0.02131782945736438,0.4166666666666667,0.13625448332105144,0.43669250645994834,0.122698652043553,finite published score set; not an assay-population estimate,-0.000766425140076632,0.000766425140076632,0.0002697194917286039,0.0002697194917286039
S1_P400,PML,False,computed,399,12,387,0.7026270456503014,0.5215331610680448,0.5142118863049095,0.5318690783807063,0.20262704565030143,0.8333333333333334,-0.3521878784354494,0.6253229974160207,-0.082557973450654,0.021533161068044815,0.4166666666666667,0.13625448332105144,0.43410852713178294,0.122698652043553,finite published score set; not an assay-population estimate,-0.000766425140076632,0.000766425140076632,0.0004850511024090398,0.0004850511024090398
S1_P400,PMS1,False,computed,399,12,387,0.7028423772609819,0.5213178294573644,0.5139965546942291,0.5316537467700259,0.20284237726098187,0.8333333333333334,-0.3521878784354494,0.6253229974160207,-0.082557973450654,0.02131782945736438,0.4166666666666667,0.13625448332105144,0.43669250645994834,0.122698652043553,finite published score set; not an assay-population estimate,-0.000551093529396196,0.000551093529396196,0.0002697194917286039,0.0002697194917286039
S1_P400,PMS2,False,computed,399,12,387,0.7026270456503014,0.5200258397932817,0.5127045650301464,0.5303617571059431,0.20262704565030143,0.8333333333333334,-0.3521878784354494,0.6253229974160207,-0.082557973450654,0.020025839793281652,0.4166666666666667,0.13625448332105144,0.43669250645994834,0.1202387965283991,finite published score set; not an assay-population estimate,-0.000766425140076632,0.000766425140076632,-0.0010222701723541228,0.0010222701723541228
S1_P400,PNKP,False,computed,399,12,387,0.7039190353143842,0.5217484926787253,0.51442721791559,0.5320844099913867,0.20391903531438416,0.8333333333333334,-0.3521878784354494,0.6227390180878553,-0.08196004822673524,0.02174849267872525,0.4166666666666667,0.13625448332105144,0.43410852713178294,0.122698652043553,finite published score set; not an assay-population estimate,0.0005255645240060947,0.0005255645240060947,0.0007003827130894758,0.0007003827130894758
S1_P400,POLB,False,computed,399,12,387,0.7028423772609819,0.5215331610680448,0.5142118863049095,0.5318690783807063,0.20284237726098187,0.8333333333333334,-0.3521878784354494,0.6253229974160207,-0.082557973450654,0.021533161068044815,0.4166666666666667,0.13625448332105144,0.43410852713178294,0.122698652043553,finite published score set; not an assay-population estimate,-0.000551093529396196,0.000551093529396196,0.0004850511024090398,0.0004850511024090398
S1_P400,POLD4,False,computed,399,12,387,0.7037037037037037,0.5215331610680448,0.5142118863049095,0.5318690783807063,0.20370370370370372,0.8333333333333334,-0.3521878784354494,0.6227390180878553,-0.08196004822673524,0.021533161068044815,0.4166666666666667,0.13625448332105144,0.43410852713178294,0.122698652043553,finite published score set; not an assay-population estimate,0.0003102329133256587,0.0003102329133256587,0.0004850511024090398,0.0004850511024090398
S1_P400,POLG,False,computed,399,12,387,0.704349698535745,0.5200258397932817,0.5127045650301464,0.5303617571059431,0.20434969853574503,0.8333333333333334,-0.3521878784354494,0.6227390180878553,-0.08196004822673524,0.020025839793281652,0.4166666666666667,0.13625448332105144,0.43669250645994834,0.1202387965283991,finite published score set; not an assay-population estimate,0.0009562277453669665,0.0009562277453669665,-0.0010222701723541228,0.0010222701723541228
S1_P400,POLG2,False,computed,399,12,387,0.7039190353143842,0.5202411714039621,0.5129198966408268,0.5305770887166236,0.20391903531438416,0.8333333333333334,-0.3521878784354494,0.6227390180878553,-0.08196004822673524,0.020241171403962088,0.4166666666666667,0.13625448332105144,0.43669250645994834,0.1202387965283991,finite published score set; not an assay-population estimate,0.0005255645240060947,0.0005255645240060947,-0.0008069385616736868,0.0008069385616736868
S1_P400,POLH,False,computed,399,12,387,0.7028423772609819,0.5211024978466839,0.5137812230835487,0.5314384151593454,0.20284237726098187,0.8333333333333334,-0.3521878784354494,0.6253229974160207,-0.082557973450654,0.021102497846683943,0.4166666666666667,0.13625448332105144,0.43669250645994834,0.1202387965283991,finite published score set; not an assay-population estimate,-0.000551093529396196,0.000551093529396196,5.438788104816794e-05,5.438788104816794e-05
S1_P400,POLI,False,computed,399,12,387,0.7028423772609819,0.5217484926787253,0.51442721791559,0.5320844099913867,0.20284237726098187,0.8333333333333334,-0.3521878784354494,0.6253229974160207,-0.082557973450654,0.02174849267872525,0.4166666666666667,0.13625448332105144,0.43410852713178294,0.122698652043553,finite published score set; not an assay-population estimate,-0.000551093529396196,0.000551093529396196,0.0007003827130894758,0.0007003827130894758
S1_P400,POLK,False,computed,399,12,387,0.7030577088716624,0.5202411714039621,0.5129198966408268,0.5305770887166236,0.2030577088716624,0.8333333333333334,-0.3521878784354494,0.6253229974160207,-0.082557973450654,0.020241171403962088,0.4166666666666667,0.13625448332105144,0.43669250645994834,0.1202387965283991,finite published score set; not an assay-population estimate,-0.0003357619187156491,0.0003357619187156491,-0.0008069385616736868,0.0008069385616736868
S1_P400,POLL,False,computed,399,12,387,0.7049956933677863,0.5215331610680448,0.5142118863049095,0.5318690783807063,0.20499569336778634,0.8333333333333334,-0.3521878784354494,0.6227390180878553,-0.08196004822673524,0.021533161068044815,0.4166666666666667,0.13625448332105144,0.43410852713178294,0.122698652043553,finite published score set; not an assay-population estimate,0.0016022225774082743,0.0016022225774082743,0.0004850511024090398,0.0004850511024090398
S1_P400,POLM,False,computed,399,12,387,0.7037037037037037,0.5202411714039621,0.5142118863049095,0.5303617571059431,0.20370370370370372,0.8333333333333334,-0.3521878784354494,0.6227390180878553,-0.08196004822673524,0.020241171403962088,0.4166666666666667,0.13625448332105144,0.43669250645994834,0.1202387965283991,finite published score set; not an assay-population estimate,0.0003102329133256587,0.0003102329133256587,-0.0008069385616736868,0.0008069385616736868
S1_P400,POLQ,False,computed,399,12,387,0.7052110249784669,0.5223944875107666,0.5150732127476314,0.532730404823428,0.20521102497846688,0.8333333333333334,-0.3521878784354494,0.6227390180878553,-0.08196004822673524,0.02239448751076656,0.4166666666666667,0.13625448332105144,0.43410852713178294,0.122698652043553,finite published score set; not an assay-population estimate,0.0018175541880888213,0.0018175541880888213,0.0013463775451307836,0.0013463775451307836
S1_P400,POLR2L,False,computed,399,12,387,0.7026270456503014,0.5213178294573644,0.5139965546942291,0.5316537467700259,0.20262704565030143,0.8333333333333334,-0.3521878784354494,0.6253229974160207,-0.082557973450654,0.02131782945736438,0.4166666666666667,0.13625448332105144,0.43669250645994834,0.122698652043553,finite published score set; not an assay-population estimate,-0.000766425140076632,0.000766425140076632,0.0002697194917286039,0.0002697194917286039
S1_P400,PPP4C,False,computed,399,12,387,0.7047803617571059,0.5202411714039621,0.5129198966408268,0.5305770887166236,0.2047803617571059,0.8333333333333334,-0.3521878784354494,0.6227390180878553,-0.08196004822673524,0.020241171403962088,0.4166666666666667,0.13625448332105144,0.43669250645994834,0.1202387965283991,finite published score set; not an assay-population estimate,0.0013868909667278384,0.0013868909667278384,-0.0008069385616736868,0.0008069385616736868
S1_P400,PPP4R2,False,computed,399,12,387,0.7026270456503014,0.5198105081826012,0.512489233419466,0.5301464254952627,0.20262704565030143,0.8333333333333334,-0.3521878784354494,0.6253229974160207,-0.082557973450654,0.019810508182601216,0.4166666666666667,0.13625448332105144,0.43669250645994834,0.1202387965283991,finite published score set; not an assay-population estimate,-0.000766425140076632,0.000766425140076632,-0.0012376017830345587,0.0012376017830345587
S1_P400,PPP5C,False,computed,399,12,387,0.7028423772609819,0.520671834625323,0.5133505598621878,0.5310077519379846,0.20284237726098187,0.8333333333333334,-0.3521878784354494,0.6253229974160207,-0.082557973450654,0.02067183462532296,0.4166666666666667,0.13625448332105144,0.43669250645994834,0.1202387965283991,finite published score set; not an assay-population estimate,-0.000551093529396196,0.000551093529396196,-0.00037627534031281495,0.00037627534031281495
S1_P400,PRDM9,False,computed,399,12,387,0.7026270456503014,0.520671834625323,0.5133505598621878,0.5310077519379846,0.20262704565030143,0.8333333333333334,-0.3521878784354494,0.6253229974160207,-0.082557973450654,0.02067183462532296,0.4166666666666667,0.13625448332105144,0.43669250645994834,0.1202387965283991,finite published score set; not an assay-population estimate,-0.000766425140076632,0.000766425140076632,-0.00037627534031281495,0.00037627534031281495
S1_P400,PRIMPOL,False,computed,399,12,387,0.7034883720930233,0.520671834625323,0.5133505598621878,0.5310077519379846,0.20348837209302328,0.8333333333333334,-0.3521878784354494,0.6227390180878553,-0.08196004822673524,0.02067183462532296,0.4166666666666667,0.13625448332105144,0.43669250645994834,0.1202387965283991,finite published score set; not an assay-population estimate,9.490130264522278e-05,9.490130264522278e-05,-0.00037627534031281495,0.00037627534031281495
S1_P400,PRKCG,False,computed,399,12,387,0.7026270456503014,0.520671834625323,0.5133505598621878,0.5310077519379846,0.20262704565030143,0.8333333333333334,-0.3521878784354494,0.6253229974160207,-0.082557973450654,0.02067183462532296,0.4166666666666667,0.13625448332105144,0.43669250645994834,0.1202387965283991,finite published score set; not an assay-population estimate,-0.000766425140076632,0.000766425140076632,-0.00037627534031281495,0.00037627534031281495
S1_P400,PRMT6,False,computed,399,12,387,0.7034883720930233,0.5202411714039621,0.5129198966408268,0.5305770887166236,0.20348837209302328,0.8333333333333334,-0.3521878784354494,0.6227390180878553,-0.08196004822673524,0.020241171403962088,0.4166666666666667,0.13625448332105144,0.43669250645994834,0.1202387965283991,finite published score set; not an assay-population estimate,9.490130264522278e-05,9.490130264522278e-05,-0.0008069385616736868,0.0008069385616736868
S1_P400,PSME4,False,computed,399,12,387,0.7026270456503014,0.5200258397932817,0.5127045650301464,0.5303617571059431,0.20262704565030143,0.8333333333333334,-0.3521878784354494,0.6253229974160207,-0.082557973450654,0.020025839793281652,0.4166666666666667,0.13625448332105144,0.43669250645994834,0.1202387965283991,finite published score set; not an assay-population estimate,-0.000766425140076632,0.000766425140076632,-0.0010222701723541228,0.0010222701723541228
S1_P400,RAB43,False,computed,399,12,387,0.7037037037037037,0.5200258397932817,0.5127045650301464,0.5303617571059431,0.20370370370370372,0.8333333333333334,-0.3521878784354494,0.6227390180878553,-0.08196004822673524,0.020025839793281652,0.4166666666666667,0.13625448332105144,0.43669250645994834,0.1202387965283991,finite published score set; not an assay-population estimate,0.0003102329133256587,0.0003102329133256587,-0.0010222701723541228,0.0010222701723541228
S1_P400,RAD1,False,computed,399,12,387,0.7034883720930233,0.5221791559000861,0.5148578811369509,0.5325150732127476,0.20348837209302328,0.8333333333333334,-0.3521878784354494,0.6227390180878553,-0.08196004822673524,0.022179155900086123,0.4166666666666667,0.13625448332105144,0.43410852713178294,0.122698652043553,finite published score set; not an assay-population estimate,9.490130264522278e-05,9.490130264522278e-05,0.0011310459344503476,0.0011310459344503476
S1_P400,RAD18,False,computed,399,12,387,0.7026270456503014,0.5221791559000861,0.5148578811369509,0.5325150732127476,0.20262704565030143,0.8333333333333334,-0.3521878784354494,0.6253229974160207,-0.082557973450654,0.022179155900086123,0.4166666666666667,0.13625448332105144,0.43410852713178294,0.122698652043553,finite published score set; not an assay-population estimate,-0.000766425140076632,0.000766425140076632,0.0011310459344503476,0.0011310459344503476
S1_P400,RAD21,False,computed,399,12,387,0.7032730404823428,0.5213178294573644,0.5139965546942291,0.5316537467700259,0.20327304048234285,0.8333333333333334,-0.3521878784354494,0.6227390180878553,-0.082557973450654,0.02131782945736438,0.4166666666666667,0.13625448332105144,0.43669250645994834,0.122698652043553,finite published score set; not an assay-population estimate,-0.00012043030803521315,0.00012043030803521315,0.0002697194917286039,0.0002697194917286039
S1_P400,RAD21L1,False,computed,399,12,387,0.7026270456503014,0.5202411714039621,0.5129198966408268,0.5305770887166236,0.20262704565030143,0.8333333333333334,-0.3521878784354494,0.6253229974160207,-0.082557973450654,0.020241171403962088,0.4166666666666667,0.13625448332105144,0.43669250645994834,0.1202387965283991,finite published score set; not an assay-population estimate,-0.000766425140076632,0.000766425140076632,-0.0008069385616736868,0.0008069385616736868
S1_P400,RAD23A,False,computed,399,12,387,0.7026270456503014,0.5202411714039621,0.5129198966408268,0.5305770887166236,0.20262704565030143,0.8333333333333334,-0.3521878784354494,0.6253229974160207,-0.082557973450654,0.020241171403962088,0.4166666666666667,0.13625448332105144,0.43669250645994834,0.1202387965283991,finite published score set; not an assay-population estimate,-0.000766425140076632,0.000766425140076632,-0.0008069385616736868,0.0008069385616736868
S1_P400,RAD23B,False,computed,399,12,387,0.7039190353143842,0.520671834625323,0.5133505598621878,0.5310077519379846,0.20391903531438416,0.8333333333333334,-0.3521878784354494,0.6227390180878553,-0.08196004822673524,0.02067183462532296,0.4166666666666667,0.13625448332105144,0.43669250645994834,0.1202387965283991,finite published score set; not an assay-population estimate,0.0005255645240060947,0.0005255645240060947,-0.00037627534031281495,0.00037627534031281495
S1_P400,RAD50,False,computed,399,12,387,0.7049956933677863,0.5221791559000861,0.5148578811369509,0.5325150732127476,0.20499569336778634,0.8333333333333334,-0.3521878784354494,0.6227390180878553,-0.08196004822673524,0.022179155900086123,0.4166666666666667,0.13625448332105144,0.43410852713178294,0.122698652043553,finite published score set; not an assay-population estimate,0.0016022225774082743,0.0016022225774082743,0.0011310459344503476,0.0011310459344503476
S1_P400,RAD51AP1,False,computed,399,12,387,0.7030577088716624,0.520671834625323,0.5133505598621878,0.5310077519379846,0.2030577088716624,0.8333333333333334,-0.3521878784354494,0.6227390180878553,-0.082557973450654,0.02067183462532296,0.4166666666666667,0.13625448332105144,0.43669250645994834,0.1202387965283991,finite published score set; not an assay-population estimate,-0.0003357619187156491,0.0003357619187156491,-0.00037627534031281495,0.00037627534031281495
S1_P400,RAD51B,False,computed,399,12,387,0.7052110249784669,0.5223944875107666,0.5150732127476314,0.532730404823428,0.20521102497846688,0.8333333333333334,-0.3521878784354494,0.6227390180878553,-0.08196004822673524,0.02239448751076656,0.4166666666666667,0.13625448332105144,0.43410852713178294,0.122698652043553,finite published score set; not an assay-population estimate,0.0018175541880888213,0.0018175541880888213,0.0013463775451307836,0.0013463775451307836
S1_P400,RAD51D,False,computed,399,12,387,0.7047803617571059,0.5221791559000861,0.5148578811369509,0.5325150732127476,0.2047803617571059,0.8333333333333334,-0.3521878784354494,0.6227390180878553,-0.08196004822673524,0.022179155900086123,0.4166666666666667,0.13625448332105144,0.43410852713178294,0.122698652043553,finite published score set; not an assay-population estimate,0.0013868909667278384,0.0013868909667278384,0.0011310459344503476,0.0011310459344503476
S1_P400,RAD52,False,computed,399,12,387,0.7032730404823428,0.5213178294573644,0.5139965546942291,0.5310077519379846,0.20327304048234285,0.8333333333333334,-0.3521878784354494,0.6227390180878553,-0.082557973450654,0.02131782945736438,0.4166666666666667,0.13625448332105144,0.43669250645994834,0.122698652043553,finite published score set; not an assay-population estimate,-0.00012043030803521315,0.00012043030803521315,0.0002697194917286039,0.0002697194917286039
S1_P400,RAD54B,False,computed,399,12,387,0.7026270456503014,0.5213178294573644,0.5139965546942291,0.5316537467700259,0.20262704565030143,0.8333333333333334,-0.3521878784354494,0.6253229974160207,-0.082557973450654,0.02131782945736438,0.4166666666666667,0.13625448332105144,0.43669250645994834,0.1202387965283991,finite published score set; not an assay-population estimate,-0.000766425140076632,0.000766425140076632,0.0002697194917286039,0.0002697194917286039
S1_P400,RAD54L,False,computed,399,12,387,0.7037037037037037,0.5221791559000861,0.5148578811369509,0.5325150732127476,0.20370370370370372,0.8333333333333334,-0.3521878784354494,0.6227390180878553,-0.08196004822673524,0.022179155900086123,0.4166666666666667,0.13625448332105144,0.43410852713178294,0.122698652043553,finite published score set; not an assay-population estimate,0.0003102329133256587,0.0003102329133256587,0.0011310459344503476,0.0011310459344503476
S1_P400,RAD9B,False,computed,399,12,387,0.7049956933677863,0.5215331610680448,0.5142118863049095,0.5318690783807063,0.20499569336778634,0.8333333333333334,-0.3521878784354494,0.6227390180878553,-0.08196004822673524,0.021533161068044815,0.4166666666666667,0.13625448332105144,0.43410852713178294,0.122698652043553,finite published score set; not an assay-population estimate,0.0016022225774082743,0.0016022225774082743,0.0004850511024090398,0.0004850511024090398
S1_P400,RCHY1,False,computed,399,12,387,0.7039190353143842,0.5219638242894057,0.5146425495262704,0.5322997416020672,0.20391903531438416,0.8333333333333334,-0.3521878784354494,0.6227390180878553,-0.08196004822673524,0.021963824289405687,0.4166666666666667,0.13625448332105144,0.43410852713178294,0.122698652043553,finite published score set; not an assay-population estimate,0.0005255645240060947,0.0005255645240060947,0.0009157143237699117,0.0009157143237699117
S1_P400,REC8,False,computed,399,12,387,0.7030577088716624,0.5200258397932817,0.5127045650301464,0.5303617571059431,0.2030577088716624,0.8333333333333334,-0.3521878784354494,0.6227390180878553,-0.082557973450654,0.020025839793281652,0.4166666666666667,0.13625448332105144,0.43669250645994834,0.1202387965283991,finite published score set; not an assay-population estimate,-0.0003357619187156491,0.0003357619187156491,-0.0010222701723541228,0.0010222701723541228
S1_P400,RECQL,False,computed,399,12,387,0.7026270456503014,0.5215331610680448,0.5142118863049095,0.5318690783807063,0.20262704565030143,0.8333333333333334,-0.3521878784354494,0.6253229974160207,-0.082557973450654,0.021533161068044815,0.4166666666666667,0.13625448332105144,0.43410852713178294,0.122698652043553,finite published score set; not an assay-population estimate,-0.000766425140076632,0.000766425140076632,0.0004850511024090398,0.0004850511024090398
S1_P400,RECQL5,False,computed,399,12,387,0.7026270456503014,0.520671834625323,0.5133505598621878,0.5310077519379846,0.20262704565030143,0.8333333333333334,-0.3521878784354494,0.6253229974160207,-0.082557973450654,0.02067183462532296,0.4166666666666667,0.13625448332105144,0.43669250645994834,0.1202387965283991,finite published score set; not an assay-population estimate,-0.000766425140076632,0.000766425140076632,-0.00037627534031281495,0.00037627534031281495
S1_P400,REV1,False,computed,399,12,387,0.7032730404823428,0.5213178294573644,0.5139965546942291,0.5316537467700259,0.20327304048234285,0.8333333333333334,-0.3521878784354494,0.6227390180878553,-0.082557973450654,0.02131782945736438,0.4166666666666667,0.13625448332105144,0.43669250645994834,0.1202387965283991,finite published score set; not an assay-population estimate,-0.00012043030803521315,0.00012043030803521315,0.0002697194917286039,0.0002697194917286039
S1_P400,REV3L,False,computed,399,12,387,0.704349698535745,0.5215331610680448,0.5142118863049095,0.5318690783807063,0.20434969853574503,0.8333333333333334,-0.3521878784354494,0.6227390180878553,-0.08196004822673524,0.021533161068044815,0.4166666666666667,0.13625448332105144,0.43410852713178294,0.122698652043553,finite published score set; not an assay-population estimate,0.0009562277453669665,0.0009562277453669665,0.0004850511024090398,0.0004850511024090398
S1_P400,REXO4,False,computed,399,12,387,0.7037037037037037,0.5202411714039621,0.5129198966408268,0.5305770887166236,0.20370370370370372,0.8333333333333334,-0.3521878784354494,0.6227390180878553,-0.08196004822673524,0.020241171403962088,0.4166666666666667,0.13625448332105144,0.43669250645994834,0.1202387965283991,finite published score set; not an assay-population estimate,0.0003102329133256587,0.0003102329133256587,-0.0008069385616736868,0.0008069385616736868
S1_P400,RFWD3,False,computed,399,12,387,0.7034883720930233,0.5215331610680448,0.5142118863049095,0.5318690783807063,0.20348837209302328,0.8333333333333334,-0.3521878784354494,0.6227390180878553,-0.08196004822673524,0.021533161068044815,0.4166666666666667,0.13625448332105144,0.43410852713178294,0.122698652043553,finite published score set; not an assay-population estimate,9.490130264522278e-05,9.490130264522278e-05,0.0004850511024090398,0.0004850511024090398
S1_P400,RHNO1,False,computed,399,12,387,0.7052110249784669,0.5221791559000861,0.5148578811369509,0.5325150732127476,0.20521102497846688,0.8333333333333334,-0.3521878784354494,0.6227390180878553,-0.08196004822673524,0.022179155900086123,0.4166666666666667,0.13625448332105144,0.43410852713178294,0.122698652043553,finite published score set; not an assay-population estimate,0.0018175541880888213,0.0018175541880888213,0.0011310459344503476,0.0011310459344503476
S1_P400,RIF1,False,computed,399,12,387,0.7026270456503014,0.5217484926787253,0.51442721791559,0.5320844099913867,0.20262704565030143,0.8333333333333334,-0.3521878784354494,0.6253229974160207,-0.082557973450654,0.02174849267872525,0.4166666666666667,0.13625448332105144,0.43410852713178294,0.122698652043553,finite published score set; not an assay-population estimate,-0.000766425140076632,0.000766425140076632,0.0007003827130894758,0.0007003827130894758
S1_P400,RMI1,False,computed,399,12,387,0.7026270456503014,0.5200258397932817,0.5127045650301464,0.5303617571059431,0.20262704565030143,0.8333333333333334,-0.3521878784354494,0.6253229974160207,-0.082557973450654,0.020025839793281652,0.4166666666666667,0.13625448332105144,0.43669250645994834,0.1202387965283991,finite published score set; not an assay-population estimate,-0.000766425140076632,0.000766425140076632,-0.0010222701723541228,0.0010222701723541228
S1_P400,RMI2,False,computed,399,12,387,0.7026270456503014,0.5200258397932817,0.5127045650301464,0.5303617571059431,0.20262704565030143,0.8333333333333334,-0.3521878784354494,0.6253229974160207,-0.082557973450654,0.020025839793281652,0.4166666666666667,0.13625448332105144,0.43669250645994834,0.1202387965283991,finite published score set; not an assay-population estimate,-0.000766425140076632,0.000766425140076632,-0.0010222701723541228,0.0010222701723541228
S1_P400,RNASEH2A,False,computed,399,12,387,0.7037037037037037,0.5202411714039621,0.5129198966408268,0.5305770887166236,0.20370370370370372,0.8333333333333334,-0.3521878784354494,0.6227390180878553,-0.08196004822673524,0.020241171403962088,0.4166666666666667,0.13625448332105144,0.43669250645994834,0.1202387965283991,finite published score set; not an assay-population estimate,0.0003102329133256587,0.0003102329133256587,-0.0008069385616736868,0.0008069385616736868
S1_P400,RNF111,False,computed,399,12,387,0.7037037037037037,0.520671834625323,0.5133505598621878,0.5310077519379846,0.20370370370370372,0.8333333333333334,-0.3521878784354494,0.6227390180878553,-0.08196004822673524,0.02067183462532296,0.4166666666666667,0.13625448332105144,0.43669250645994834,0.1202387965283991,finite published score set; not an assay-population estimate,0.0003102329133256587,0.0003102329133256587,-0.00037627534031281495,0.00037627534031281495
S1_P400,RNF138,False,computed,399,12,387,0.7026270456503014,0.5215331610680448,0.5142118863049095,0.5318690783807063,0.20262704565030143,0.8333333333333334,-0.3521878784354494,0.6253229974160207,-0.082557973450654,0.021533161068044815,0.4166666666666667,0.13625448332105144,0.43410852713178294,0.122698652043553,finite published score set; not an assay-population estimate,-0.000766425140076632,0.000766425140076632,0.0004850511024090398,0.0004850511024090398
S1_P400,RNF168,False,computed,399,12,387,0.7032730404823428,0.5221791559000861,0.5148578811369509,0.5325150732127476,0.20327304048234285,0.8333333333333334,-0.3521878784354494,0.6227390180878553,-0.082557973450654,0.022179155900086123,0.4166666666666667,0.13625448332105144,0.43410852713178294,0.122698652043553,finite published score set; not an assay-population estimate,-0.00012043030803521315,0.00012043030803521315,0.0011310459344503476,0.0011310459344503476
S1_P400,RNF169,False,computed,399,12,387,0.7026270456503014,0.5200258397932817,0.5127045650301464,0.5303617571059431,0.20262704565030143,0.8333333333333334,-0.3521878784354494,0.6253229974160207,-0.082557973450654,0.020025839793281652,0.4166666666666667,0.13625448332105144,0.43669250645994834,0.1202387965283991,finite published score set; not an assay-population estimate,-0.000766425140076632,0.000766425140076632,-0.0010222701723541228,0.0010222701723541228
S1_P400,RNF8,True,computed,399,11,388,0.6907216494845361,0.49953139643861294,0.49203373945641987,0.5100749765698219,0.19072164948453607,0.8181818181818182,-0.2897728682787928,0.6237113402061856,-0.08225901083869461,-0.00046860356138705983,0.36363636363636365,0.1417154921489807,0.43556701030927836,0.12146872428597605,finite published score set; not an assay-population estimate,-0.01267182130584199,0.01267182130584199,-0.021516713527022835,0.021516713527022835
S1_P400,RPA4,False,computed,399,12,387,0.7032730404823428,0.5213178294573644,0.5139965546942291,0.5316537467700259,0.20327304048234285,0.8333333333333334,-0.3521878784354494,0.6227390180878553,-0.082557973450654,0.02131782945736438,0.4166666666666667,0.13625448332105144,0.43669250645994834,0.122698652043553,finite published score set; not an assay-population estimate,-0.00012043030803521315,0.00012043030803521315,0.0002697194917286039,0.0002697194917286039
S1_P400,RRM2B,False,computed,399,12,387,0.7034883720930233,0.5213178294573644,0.5139965546942291,0.5316537467700259,0.20348837209302328,0.8333333333333334,-0.3521878784354494,0.6227390180878553,-0.08196004822673524,0.02131782945736438,0.4166666666666667,0.13625448332105144,0.43410852713178294,0.122698652043553,finite published score set; not an assay-population estimate,9.490130264522278e-05,9.490130264522278e-05,0.0002697194917286039,0.0002697194917286039
S1_P400,RTEL1,False,computed,399,12,387,0.704349698535745,0.5213178294573644,0.5139965546942291,0.5316537467700259,0.20434969853574503,0.8333333333333334,-0.3521878784354494,0.6227390180878553,-0.08196004822673524,0.02131782945736438,0.4166666666666667,0.13625448332105144,0.43669250645994834,0.122698652043553,finite published score set; not an assay-population estimate,0.0009562277453669665,0.0009562277453669665,0.0002697194917286039,0.0002697194917286039
S1_P400,SAMHD1,False,computed,399,12,387,0.7026270456503014,0.520671834625323,0.5133505598621878,0.5310077519379846,0.20262704565030143,0.8333333333333334,-0.3521878784354494,0.6253229974160207,-0.082557973450654,0.02067183462532296,0.4166666666666667,0.13625448332105144,0.43669250645994834,0.1202387965283991,finite published score set; not an assay-population estimate,-0.000766425140076632,0.000766425140076632,-0.00037627534031281495,0.00037627534031281495
S1_P400,SETD2,False,computed,399,12,387,0.7026270456503014,0.5200258397932817,0.5127045650301464,0.5303617571059431,0.20262704565030143,0.8333333333333334,-0.3521878784354494,0.6253229974160207,-0.082557973450654,0.020025839793281652,0.4166666666666667,0.13625448332105144,0.43669250645994834,0.1202387965283991,finite published score set; not an assay-population estimate,-0.000766425140076632,0.000766425140076632,-0.0010222701723541228,0.0010222701723541228
S1_P400,SETMAR,False,computed,399,12,387,0.7032730404823428,0.5215331610680448,0.5142118863049095,0.5318690783807063,0.20327304048234285,0.8333333333333334,-0.3521878784354494,0.6227390180878553,-0.082557973450654,0.021533161068044815,0.4166666666666667,0.13625448332105144,0.43410852713178294,0.122698652043553,finite published score set; not an assay-population estimate,-0.00012043030803521315,0.00012043030803521315,0.0004850511024090398,0.0004850511024090398
S1_P400,SETX,False,computed,399,12,387,0.7037037037037037,0.520671834625323,0.5133505598621878,0.5310077519379846,0.20370370370370372,0.8333333333333334,-0.3521878784354494,0.6227390180878553,-0.08196004822673524,0.02067183462532296,0.4166666666666667,0.13625448332105144,0.43669250645994834,0.1202387965283991,finite published score set; not an assay-population estimate,0.0003102329133256587,0.0003102329133256587,-0.00037627534031281495,0.00037627534031281495
S1_P400,SFR1,False,computed,399,12,387,0.7039190353143842,0.5221791559000861,0.5148578811369509,0.5325150732127476,0.20391903531438416,0.8333333333333334,-0.3521878784354494,0.6227390180878553,-0.08196004822673524,0.022179155900086123,0.4166666666666667,0.13625448332105144,0.43410852713178294,0.122698652043553,finite published score set; not an assay-population estimate,0.0005255645240060947,0.0005255645240060947,0.0011310459344503476,0.0011310459344503476
S1_P400,SHPRH,False,computed,399,12,387,0.7034883720930233,0.5215331610680448,0.5142118863049095,0.5318690783807063,0.20348837209302328,0.8333333333333334,-0.3521878784354494,0.6227390180878553,-0.08196004822673524,0.021533161068044815,0.4166666666666667,0.13625448332105144,0.43410852713178294,0.122698652043553,finite published score set; not an assay-population estimate,9.490130264522278e-05,9.490130264522278e-05,0.0004850511024090398,0.0004850511024090398
S1_P400,SIRT1,False,computed,399,12,387,0.7039190353143842,0.5215331610680448,0.5142118863049095,0.5318690783807063,0.20391903531438416,0.8333333333333334,-0.3521878784354494,0.6227390180878553,-0.08196004822673524,0.021533161068044815,0.4166666666666667,0.13625448332105144,0.43410852713178294,0.122698652043553,finite published score set; not an assay-population estimate,0.0005255645240060947,0.0005255645240060947,0.0004850511024090398,0.0004850511024090398
S1_P400,SIRT6,False,computed,399,12,387,0.7026270456503014,0.5202411714039621,0.5129198966408268,0.5305770887166236,0.20262704565030143,0.8333333333333334,-0.3521878784354494,0.6253229974160207,-0.082557973450654,0.020241171403962088,0.4166666666666667,0.13625448332105144,0.43669250645994834,0.1202387965283991,finite published score set; not an assay-population estimate,-0.000766425140076632,0.000766425140076632,-0.0008069385616736868,0.0008069385616736868
S1_P400,SLC30A9,False,computed,399,12,387,0.7034883720930233,0.5215331610680448,0.5142118863049095,0.5318690783807063,0.20348837209302328,0.8333333333333334,-0.3521878784354494,0.6227390180878553,-0.08196004822673524,0.021533161068044815,0.4166666666666667,0.13625448332105144,0.43410852713178294,0.122698652043553,finite published score set; not an assay-population estimate,9.490130264522278e-05,9.490130264522278e-05,0.0004850511024090398,0.0004850511024090398
S1_P400,SLX1A,False,computed,399,12,387,0.7026270456503014,0.5213178294573644,0.5139965546942291,0.5316537467700259,0.20262704565030143,0.8333333333333334,-0.3521878784354494,0.6253229974160207,-0.082557973450654,0.02131782945736438,0.4166666666666667,0.13625448332105144,0.43669250645994834,0.122698652043553,finite published score set; not an assay-population estimate,-0.000766425140076632,0.000766425140076632,0.0002697194917286039,0.0002697194917286039
S1_P400,SLX4,False,computed,399,12,387,0.7026270456503014,0.5219638242894057,0.5146425495262704,0.5322997416020672,0.20262704565030143,0.8333333333333334,-0.3521878784354494,0.6253229974160207,-0.082557973450654,0.021963824289405687,0.4166666666666667,0.13625448332105144,0.43410852713178294,0.122698652043553,finite published score set; not an assay-population estimate,-0.000766425140076632,0.000766425140076632,0.0009157143237699117,0.0009157143237699117
S1_P400,SMARCAD1,False,computed,399,12,387,0.7026270456503014,0.5202411714039621,0.5129198966408268,0.5305770887166236,0.20262704565030143,0.8333333333333334,-0.3521878784354494,0.6253229974160207,-0.082557973450654,0.020241171403962088,0.4166666666666667,0.13625448332105144,0.43669250645994834,0.1202387965283991,finite published score set; not an assay-population estimate,-0.000766425140076632,0.000766425140076632,-0.0008069385616736868,0.0008069385616736868
S1_P400,SMARCAL1,False,computed,399,12,387,0.7034883720930233,0.5221791559000861,0.5148578811369509,0.5325150732127476,0.20348837209302328,0.8333333333333334,-0.3521878784354494,0.6227390180878553,-0.08196004822673524,0.022179155900086123,0.4166666666666667,0.13625448332105144,0.43410852713178294,0.122698652043553,finite published score set; not an assay-population estimate,9.490130264522278e-05,9.490130264522278e-05,0.0011310459344503476,0.0011310459344503476
S1_P400,SMARCB1,False,computed,399,12,387,0.7039190353143842,0.5202411714039621,0.5129198966408268,0.5303617571059431,0.20391903531438416,0.8333333333333334,-0.3521878784354494,0.6227390180878553,-0.08196004822673524,0.020241171403962088,0.4166666666666667,0.13625448332105144,0.43669250645994834,0.1202387965283991,finite published score set; not an assay-population estimate,0.0005255645240060947,0.0005255645240060947,-0.0008069385616736868,0.0008069385616736868
S1_P400,SMC5,False,computed,399,12,387,0.704349698535745,0.5198105081826012,0.512489233419466,0.5301464254952627,0.20434969853574503,0.8333333333333334,-0.3521878784354494,0.6227390180878553,-0.08196004822673524,0.019810508182601216,0.4166666666666667,0.13625448332105144,0.43669250645994834,0.1202387965283991,finite published score set; not an assay-population estimate,0.0009562277453669665,0.0009562277453669665,-0.0012376017830345587,0.0012376017830345587
S1_P400,SMCHD1,False,computed,399,12,387,0.7034883720930233,0.5202411714039621,0.5129198966408268,0.5305770887166236,0.20348837209302328,0.8333333333333334,-0.3521878784354494,0.6227390180878553,-0.08196004822673524,0.020241171403962088,0.4166666666666667,0.13625448332105144,0.43669250645994834,0.1202387965283991,finite published score set; not an assay-population estimate,9.490130264522278e-05,9.490130264522278e-05,-0.0008069385616736868,0.0008069385616736868
S1_P400,SMEK2,False,computed,399,12,387,0.7026270456503014,0.5215331610680448,0.5142118863049095,0.5318690783807063,0.20262704565030143,0.8333333333333334,-0.3521878784354494,0.6253229974160207,-0.082557973450654,0.021533161068044815,0.4166666666666667,0.13625448332105144,0.43410852713178294,0.122698652043553,finite published score set; not an assay-population estimate,-0.000766425140076632,0.000766425140076632,0.0004850511024090398,0.0004850511024090398
S1_P400,SMG1,False,computed,399,12,387,0.7028423772609819,0.5217484926787253,0.51442721791559,0.5320844099913867,0.20284237726098187,0.8333333333333334,-0.3521878784354494,0.6253229974160207,-0.082557973450654,0.02174849267872525,0.4166666666666667,0.13625448332105144,0.43410852713178294,0.122698652043553,finite published score set; not an assay-population estimate,-0.000551093529396196,0.000551093529396196,0.0007003827130894758,0.0007003827130894758
S1_P400,SMUG1,False,computed,399,12,387,0.7026270456503014,0.5213178294573644,0.5139965546942291,0.5316537467700259,0.20262704565030143,0.8333333333333334,-0.3521878784354494,0.6253229974160207,-0.082557973450654,0.02131782945736438,0.4166666666666667,0.13625448332105144,0.43669250645994834,0.122698652043553,finite published score set; not an assay-population estimate,-0.000766425140076632,0.000766425140076632,0.0002697194917286039,0.0002697194917286039
S1_P400,SPATA22,False,computed,399,12,387,0.7026270456503014,0.5200258397932817,0.5127045650301464,0.5303617571059431,0.20262704565030143,0.8333333333333334,-0.3521878784354494,0.6253229974160207,-0.082557973450654,0.020025839793281652,0.4166666666666667,0.13625448332105144,0.43669250645994834,0.1202387965283991,finite published score set; not an assay-population estimate,-0.000766425140076632,0.000766425140076632,-0.0010222701723541228,0.0010222701723541228
S1_P400,SPIDR,False,computed,399,12,387,0.7037037037037037,0.5217484926787253,0.51442721791559,0.5320844099913867,0.20370370370370372,0.8333333333333334,-0.3521878784354494,0.6227390180878553,-0.08196004822673524,0.02174849267872525,0.4166666666666667,0.13625448332105144,0.43410852713178294,0.122698652043553,finite published score set; not an assay-population estimate,0.0003102329133256587,0.0003102329133256587,0.0007003827130894758,0.0007003827130894758
S1_P400,SPIRE1,False,computed,399,12,387,0.7032730404823428,0.5217484926787253,0.51442721791559,0.5320844099913867,0.20327304048234285,0.8333333333333334,-0.3521878784354494,0.6227390180878553,-0.082557973450654,0.02174849267872525,0.4166666666666667,0.13625448332105144,0.43410852713178294,0.122698652043553,finite published score set; not an assay-population estimate,-0.00012043030803521315,0.00012043030803521315,0.0007003827130894758,0.0007003827130894758
S1_P400,SPIRE2,False,computed,399,12,387,0.7032730404823428,0.5202411714039621,0.5129198966408268,0.5305770887166236,0.20327304048234285,0.8333333333333334,-0.3521878784354494,0.6227390180878553,-0.082557973450654,0.020241171403962088,0.4166666666666667,0.13625448332105144,0.43669250645994834,0.1202387965283991,finite published score set; not an assay-population estimate,-0.00012043030803521315,0.00012043030803521315,-0.0008069385616736868,0.0008069385616736868
S1_P400,SPO11,False,computed,399,12,387,0.7037037037037037,0.5215331610680448,0.5142118863049095,0.5318690783807063,0.20370370370370372,0.8333333333333334,-0.3521878784354494,0.6227390180878553,-0.08196004822673524,0.021533161068044815,0.4166666666666667,0.13625448332105144,0.43410852713178294,0.122698652043553,finite published score set; not an assay-population estimate,0.0003102329133256587,0.0003102329133256587,0.0004850511024090398,0.0004850511024090398
S1_P400,SPRTN,False,computed,399,12,387,0.7028423772609819,0.5217484926787253,0.51442721791559,0.5320844099913867,0.20284237726098187,0.8333333333333334,-0.3521878784354494,0.6253229974160207,-0.082557973450654,0.02174849267872525,0.4166666666666667,0.13625448332105144,0.43410852713178294,0.122698652043553,finite published score set; not an assay-population estimate,-0.000551093529396196,0.000551093529396196,0.0007003827130894758,0.0007003827130894758
S1_P400,STRA13,False,computed,399,12,387,0.7032730404823428,0.520671834625323,0.5133505598621878,0.5310077519379846,0.20327304048234285,0.8333333333333334,-0.3521878784354494,0.6227390180878553,-0.082557973450654,0.02067183462532296,0.4166666666666667,0.13625448332105144,0.43669250645994834,0.1202387965283991,finite published score set; not an assay-population estimate,-0.00012043030803521315,0.00012043030803521315,-0.00037627534031281495,0.00037627534031281495
S1_P400,STUB1,False,computed,399,12,387,0.7026270456503014,0.5202411714039621,0.5129198966408268,0.5305770887166236,0.20262704565030143,0.8333333333333334,-0.3521878784354494,0.6253229974160207,-0.082557973450654,0.020241171403962088,0.4166666666666667,0.13625448332105144,0.43669250645994834,0.1202387965283991,finite published score set; not an assay-population estimate,-0.000766425140076632,0.000766425140076632,-0.0008069385616736868,0.0008069385616736868
S1_P400,SUMO1,False,computed,399,12,387,0.7037037037037037,0.5219638242894057,0.5146425495262704,0.5322997416020672,0.20370370370370372,0.8333333333333334,-0.3521878784354494,0.6227390180878553,-0.08196004822673524,0.021963824289405687,0.4166666666666667,0.13625448332105144,0.43410852713178294,0.122698652043553,finite published score set; not an assay-population estimate,0.0003102329133256587,0.0003102329133256587,0.0009157143237699117,0.0009157143237699117
S1_P400,SUV420H1,False,computed,399,12,387,0.7026270456503014,0.520671834625323,0.5133505598621878,0.5310077519379846,0.20262704565030143,0.8333333333333334,-0.3521878784354494,0.6253229974160207,-0.082557973450654,0.02067183462532296,0.4166666666666667,0.13625448332105144,0.43669250645994834,0.1202387965283991,finite published score set; not an assay-population estimate,-0.000766425140076632,0.000766425140076632,-0.00037627534031281495,0.00037627534031281495
S1_P400,SUV420H2,False,computed,399,12,387,0.7030577088716624,0.5202411714039621,0.5129198966408268,0.5305770887166236,0.2030577088716624,0.8333333333333334,-0.3521878784354494,0.6253229974160207,-0.082557973450654,0.020241171403962088,0.4166666666666667,0.13625448332105144,0.43669250645994834,0.1202387965283991,finite published score set; not an assay-population estimate,-0.0003357619187156491,0.0003357619187156491,-0.0008069385616736868,0.0008069385616736868
S1_P400,SWI5,False,computed,399,12,387,0.7052110249784669,0.5223944875107666,0.5150732127476314,0.532730404823428,0.20521102497846688,0.8333333333333334,-0.3521878784354494,0.6227390180878553,-0.08196004822673524,0.02239448751076656,0.4166666666666667,0.13625448332105144,0.43410852713178294,0.122698652043553,finite published score set; not an assay-population estimate,0.0018175541880888213,0.0018175541880888213,0.0013463775451307836,0.0013463775451307836
S1_P400,SWSAP1,False,computed,399,12,387,0.7039190353143842,0.5217484926787253,0.51442721791559,0.5320844099913867,0.20391903531438416,0.8333333333333334,-0.3521878784354494,0.6227390180878553,-0.08196004822673524,0.02174849267872525,0.4166666666666667,0.13625448332105144,0.43410852713178294,0.122698652043553,finite published score set; not an assay-population estimate,0.0005255645240060947,0.0005255645240060947,0.0007003827130894758,0.0007003827130894758
S1_P400,SYCP1,False,computed,399,12,387,0.7032730404823428,0.5202411714039621,0.5129198966408268,0.5305770887166236,0.20327304048234285,0.8333333333333334,-0.3521878784354494,0.6227390180878553,-0.082557973450654,0.020241171403962088,0.4166666666666667,0.13625448332105144,0.43669250645994834,0.1202387965283991,finite published score set; not an assay-population estimate,-0.00012043030803521315,0.00012043030803521315,-0.0008069385616736868,0.0008069385616736868
S1_P400,TAOK1,False,computed,399,12,387,0.7026270456503014,0.5211024978466839,0.5137812230835487,0.5314384151593454,0.20262704565030143,0.8333333333333334,-0.3521878784354494,0.6253229974160207,-0.082557973450654,0.021102497846683943,0.4166666666666667,0.13625448332105144,0.43669250645994834,0.1202387965283991,finite published score set; not an assay-population estimate,-0.000766425140076632,0.000766425140076632,5.438788104816794e-05,5.438788104816794e-05
S1_P400,TAOK3,False,computed,399,12,387,0.7026270456503014,0.5217484926787253,0.5148578811369509,0.5305770887166236,0.20262704565030143,0.8333333333333334,-0.3521878784354494,0.6253229974160207,-0.082557973450654,0.02174849267872525,0.4166666666666667,0.13625448332105144,0.43410852713178294,0.122698652043553,finite published score set; not an assay-population estimate,-0.000766425140076632,0.000766425140076632,0.0007003827130894758,0.0007003827130894758
S1_P400,TCEA1,False,computed,399,12,387,0.7026270456503014,0.5202411714039621,0.5129198966408268,0.5305770887166236,0.20262704565030143,0.8333333333333334,-0.3521878784354494,0.6253229974160207,-0.082557973450654,0.020241171403962088,0.4166666666666667,0.13625448332105144,0.43669250645994834,0.1202387965283991,finite published score set; not an assay-population estimate,-0.000766425140076632,0.000766425140076632,-0.0008069385616736868,0.0008069385616736868
S1_P400,TDG,False,computed,399,12,387,0.7034883720930233,0.5202411714039621,0.5129198966408268,0.5305770887166236,0.20348837209302328,0.8333333333333334,-0.3521878784354494,0.6227390180878553,-0.08196004822673524,0.020241171403962088,0.4166666666666667,0.13625448332105144,0.43669250645994834,0.1202387965283991,finite published score set; not an assay-population estimate,9.490130264522278e-05,9.490130264522278e-05,-0.0008069385616736868,0.0008069385616736868
S1_P400,TDP1,False,computed,399,12,387,0.7034883720930233,0.5221791559000861,0.5148578811369509,0.5325150732127476,0.20348837209302328,0.8333333333333334,-0.3521878784354494,0.6227390180878553,-0.08196004822673524,0.022179155900086123,0.4166666666666667,0.13625448332105144,0.43410852713178294,0.122698652043553,finite published score set; not an assay-population estimate,9.490130264522278e-05,9.490130264522278e-05,0.0011310459344503476,0.0011310459344503476
S1_P400,TDP2,False,computed,399,12,387,0.7026270456503014,0.520671834625323,0.5133505598621878,0.5310077519379846,0.20262704565030143,0.8333333333333334,-0.3521878784354494,0.6253229974160207,-0.082557973450654,0.02067183462532296,0.4166666666666667,0.13625448332105144,0.43669250645994834,0.1202387965283991,finite published score set; not an assay-population estimate,-0.000766425140076632,0.000766425140076632,-0.00037627534031281495,0.00037627534031281495
S1_P400,TERF2IP,False,computed,399,12,387,0.7028423772609819,0.5215331610680448,0.5142118863049095,0.5318690783807063,0.20284237726098187,0.8333333333333334,-0.3521878784354494,0.6253229974160207,-0.082557973450654,0.021533161068044815,0.4166666666666667,0.13625448332105144,0.43410852713178294,0.122698652043553,finite published score set; not an assay-population estimate,-0.000551093529396196,0.000551093529396196,0.0004850511024090398,0.0004850511024090398
S1_P400,TEX12,False,computed,399,12,387,0.7026270456503014,0.5200258397932817,0.5127045650301464,0.5303617571059431,0.20262704565030143,0.8333333333333334,-0.3521878784354494,0.6253229974160207,-0.082557973450654,0.020025839793281652,0.4166666666666667,0.13625448332105144,0.43669250645994834,0.1202387965283991,finite published score set; not an assay-population estimate,-0.000766425140076632,0.000766425140076632,-0.0010222701723541228,0.0010222701723541228
S1_P400,TEX15,False,computed,399,12,387,0.7037037037037037,0.5202411714039621,0.5129198966408268,0.5305770887166236,0.20370370370370372,0.8333333333333334,-0.3521878784354494,0.6227390180878553,-0.08196004822673524,0.020241171403962088,0.4166666666666667,0.13625448332105144,0.43669250645994834,0.1202387965283991,finite published score set; not an assay-population estimate,0.0003102329133256587,0.0003102329133256587,-0.0008069385616736868,0.0008069385616736868
S1_P400,TFPT,False,computed,399,12,387,0.7047803617571059,0.5221791559000861,0.5148578811369509,0.5325150732127476,0.2047803617571059,0.8333333333333334,-0.3521878784354494,0.6227390180878553,-0.08196004822673524,0.022179155900086123,0.4166666666666667,0.13625448332105144,0.43410852713178294,0.122698652043553,finite published score set; not an assay-population estimate,0.0013868909667278384,0.0013868909667278384,0.0011310459344503476,0.0011310459344503476
S1_P400,TMEM161A,False,computed,399,12,387,0.7037037037037037,0.5215331610680448,0.5142118863049095,0.5318690783807063,0.20370370370370372,0.8333333333333334,-0.3521878784354494,0.6227390180878553,-0.08196004822673524,0.021533161068044815,0.4166666666666667,0.13625448332105144,0.43410852713178294,0.122698652043553,finite published score set; not an assay-population estimate,0.0003102329133256587,0.0003102329133256587,0.0004850511024090398,0.0004850511024090398
S1_P400,TNKS1BP1,False,computed,399,12,387,0.7026270456503014,0.5213178294573644,0.51442721791559,0.5310077519379846,0.20262704565030143,0.8333333333333334,-0.3521878784354494,0.6253229974160207,-0.082557973450654,0.02131782945736438,0.4166666666666667,0.13625448332105144,0.43410852713178294,0.122698652043553,finite published score set; not an assay-population estimate,-0.000766425140076632,0.000766425140076632,0.0002697194917286039,0.0002697194917286039
S1_P400,TNP1,False,computed,399,12,387,0.7032730404823428,0.520671834625323,0.5133505598621878,0.5310077519379846,0.20327304048234285,0.8333333333333334,-0.3521878784354494,0.6227390180878553,-0.082557973450654,0.02067183462532296,0.4166666666666667,0.13625448332105144,0.43669250645994834,0.1202387965283991,finite published score set; not an assay-population estimate,-0.00012043030803521315,0.00012043030803521315,-0.00037627534031281495,0.00037627534031281495
S1_P400,TOP3A,False,computed,399,12,387,0.7026270456503014,0.5200258397932817,0.5127045650301464,0.5303617571059431,0.20262704565030143,0.8333333333333334,-0.3521878784354494,0.6253229974160207,-0.082557973450654,0.020025839793281652,0.4166666666666667,0.13625448332105144,0.43669250645994834,0.1202387965283991,finite published score set; not an assay-population estimate,-0.000766425140076632,0.000766425140076632,-0.0010222701723541228,0.0010222701723541228
S1_P400,TP53,False,computed,399,12,387,0.7026270456503014,0.5198105081826012,0.512489233419466,0.5301464254952627,0.20262704565030143,0.8333333333333334,-0.3521878784354494,0.6253229974160207,-0.082557973450654,0.019810508182601216,0.4166666666666667,0.13625448332105144,0.43669250645994834,0.1202387965283991,finite published score set; not an assay-population estimate,-0.000766425140076632,0.000766425140076632,-0.0012376017830345587,0.0012376017830345587
S1_P400,TP53BP1,False,computed,399,12,387,0.7034883720930233,0.5202411714039621,0.5129198966408268,0.5305770887166236,0.20348837209302328,0.8333333333333334,-0.3521878784354494,0.6227390180878553,-0.08196004822673524,0.020241171403962088,0.4166666666666667,0.13625448332105144,0.43669250645994834,0.1202387965283991,finite published score set; not an assay-population estimate,9.490130264522278e-05,9.490130264522278e-05,-0.0008069385616736868,0.0008069385616736868
S1_P400,TP73,False,computed,399,12,387,0.7026270456503014,0.520671834625323,0.5133505598621878,0.5310077519379846,0.20262704565030143,0.8333333333333334,-0.3521878784354494,0.6253229974160207,-0.082557973450654,0.02067183462532296,0.4166666666666667,0.13625448332105144,0.43669250645994834,0.1202387965283991,finite published score set; not an assay-population estimate,-0.000766425140076632,0.000766425140076632,-0.00037627534031281495,0.00037627534031281495
S1_P400,TREX1,False,computed,399,12,387,0.7026270456503014,0.5202411714039621,0.5129198966408268,0.5305770887166236,0.20262704565030143,0.8333333333333334,-0.3521878784354494,0.6253229974160207,-0.082557973450654,0.020241171403962088,0.4166666666666667,0.13625448332105144,0.43669250645994834,0.1202387965283991,finite published score set; not an assay-population estimate,-0.000766425140076632,0.000766425140076632,-0.0008069385616736868,0.0008069385616736868
S1_P400,TRIM25,False,computed,399,12,387,0.7026270456503014,0.5202411714039621,0.5129198966408268,0.5305770887166236,0.20262704565030143,0.8333333333333334,-0.3521878784354494,0.6253229974160207,-0.082557973450654,0.020241171403962088,0.4166666666666667,0.13625448332105144,0.43669250645994834,0.1202387965283991,finite published score set; not an assay-population estimate,-0.000766425140076632,0.000766425140076632,-0.0008069385616736868,0.0008069385616736868
S1_P400,TRIM28,False,computed,399,12,387,0.7026270456503014,0.5215331610680448,0.5142118863049095,0.5318690783807063,0.20262704565030143,0.8333333333333334,-0.3521878784354494,0.6253229974160207,-0.082557973450654,0.021533161068044815,0.4166666666666667,0.13625448332105144,0.43410852713178294,0.122698652043553,finite published score set; not an assay-population estimate,-0.000766425140076632,0.000766425140076632,0.0004850511024090398,0.0004850511024090398
S1_P400,TRIP12,False,computed,399,12,387,0.7026270456503014,0.5215331610680448,0.5142118863049095,0.5318690783807063,0.20262704565030143,0.8333333333333334,-0.3521878784354494,0.6253229974160207,-0.082557973450654,0.021533161068044815,0.4166666666666667,0.13625448332105144,0.43410852713178294,0.122698652043553,finite published score set; not an assay-population estimate,-0.000766425140076632,0.000766425140076632,0.0004850511024090398,0.0004850511024090398
S1_P400,TRIP13,True,computed,399,11,388,0.6813495782567948,0.4906279287722587,0.4838331771321462,0.5016401124648547,0.18134957825679476,0.8181818181818182,-0.2897728682787928,0.6237113402061856,-0.08225901083869461,-0.009372071227741308,0.36363636363636365,0.1417154921489807,0.43556701030927836,0.12146872428597605,finite published score set; not an assay-population estimate,-0.022043892533583298,0.022043892533583298,-0.030420181193377083,0.030420181193377083
S1_P400,TRRAP,False,computed,399,12,387,0.7039190353143842,0.520671834625323,0.5133505598621878,0.5310077519379846,0.20391903531438416,0.8333333333333334,-0.3521878784354494,0.6227390180878553,-0.08196004822673524,0.02067183462532296,0.4166666666666667,0.13625448332105144,0.43669250645994834,0.1202387965283991,finite published score set; not an assay-population estimate,0.0005255645240060947,0.0005255645240060947,-0.00037627534031281495,0.00037627534031281495
S1_P400,TTC5,False,computed,399,12,387,0.7026270456503014,0.5200258397932817,0.5127045650301464,0.5303617571059431,0.20262704565030143,0.8333333333333334,-0.3521878784354494,0.6253229974160207,-0.082557973450654,0.020025839793281652,0.4166666666666667,0.13625448332105144,0.43669250645994834,0.1202387965283991,finite published score set; not an assay-population estimate,-0.000766425140076632,0.000766425140076632,-0.0010222701723541228,0.0010222701723541228
S1_P400,TWIST1,False,computed,399,12,387,0.7034883720930233,0.5221791559000861,0.5148578811369509,0.5325150732127476,0.20348837209302328,0.8333333333333334,-0.3521878784354494,0.6227390180878553,-0.08196004822673524,0.022179155900086123,0.4166666666666667,0.13625448332105144,0.43410852713178294,0.122698652043553,finite published score set; not an assay-population estimate,9.490130264522278e-05,9.490130264522278e-05,0.0011310459344503476,0.0011310459344503476
S1_P400,UBC,False,computed,399,12,387,0.7030577088716624,0.520671834625323,0.5133505598621878,0.5310077519379846,0.2030577088716624,0.8333333333333334,-0.3521878784354494,0.6253229974160207,-0.082557973450654,0.02067183462532296,0.4166666666666667,0.13625448332105144,0.43669250645994834,0.1202387965283991,finite published score set; not an assay-population estimate,-0.0003357619187156491,0.0003357619187156491,-0.00037627534031281495,0.00037627534031281495
S1_P400,UBE2A,False,computed,399,12,387,0.7037037037037037,0.5213178294573644,0.5139965546942291,0.5316537467700259,0.20370370370370372,0.8333333333333334,-0.3521878784354494,0.6227390180878553,-0.08196004822673524,0.02131782945736438,0.4166666666666667,0.13625448332105144,0.43669250645994834,0.122698652043553,finite published score set; not an assay-population estimate,0.0003102329133256587,0.0003102329133256587,0.0002697194917286039,0.0002697194917286039
S1_P400,UBE2B,False,computed,399,12,387,0.704349698535745,0.5221791559000861,0.5148578811369509,0.5325150732127476,0.20434969853574503,0.8333333333333334,-0.3521878784354494,0.6227390180878553,-0.08196004822673524,0.022179155900086123,0.4166666666666667,0.13625448332105144,0.43410852713178294,0.122698652043553,finite published score set; not an assay-population estimate,0.0009562277453669665,0.0009562277453669665,0.0011310459344503476,0.0011310459344503476
S1_P400,UBE2D3,False,computed,399,12,387,0.7047803617571059,0.5221791559000861,0.5148578811369509,0.5325150732127476,0.2047803617571059,0.8333333333333334,-0.3521878784354494,0.6227390180878553,-0.08196004822673524,0.022179155900086123,0.4166666666666667,0.13625448332105144,0.43410852713178294,0.122698652043553,finite published score set; not an assay-population estimate,0.0013868909667278384,0.0013868909667278384,0.0011310459344503476,0.0011310459344503476
S1_P400,UBE2L6,False,computed,399,12,387,0.7034883720930233,0.5200258397932817,0.5127045650301464,0.5303617571059431,0.20348837209302328,0.8333333333333334,-0.3521878784354494,0.6227390180878553,-0.08196004822673524,0.020025839793281652,0.4166666666666667,0.13625448332105144,0.43669250645994834,0.1202387965283991,finite published score set; not an assay-population estimate,9.490130264522278e-05,9.490130264522278e-05,-0.0010222701723541228,0.0010222701723541228
S1_P400,UBE2N,True,computed,399,11,388,0.7209465791940018,0.5379568884723523,0.5306935332708529,0.5480318650421743,0.22094657919400185,0.8181818181818182,-0.414602888592106,0.6237113402061856,-0.08225901083869461,0.037956888472352346,0.45454545454545453,0.1307934744931222,0.43556701030927836,0.12146872428597605,finite published score set; not an assay-population estimate,0.017553108403623785,0.017553108403623785,0.01690877850671657,0.01690877850671657
S1_P400,UBE2T,False,computed,399,12,387,0.7037037037037037,0.5208871662360034,0.5135658914728682,0.531223083548665,0.20370370370370372,0.8333333333333334,-0.3521878784354494,0.6227390180878553,-0.08196004822673524,0.020887166236003396,0.4166666666666667,0.13625448332105144,0.43669250645994834,0.1202387965283991,finite published score set; not an assay-population estimate,0.0003102329133256587,0.0003102329133256587,-0.00016094372963237902,0.00016094372963237902
S1_P400,UBE2U,False,computed,399,12,387,0.7034883720930233,0.5202411714039621,0.5129198966408268,0.5305770887166236,0.20348837209302328,0.8333333333333334,-0.3521878784354494,0.6227390180878553,-0.08196004822673524,0.020241171403962088,0.4166666666666667,0.13625448332105144,0.43669250645994834,0.1202387965283991,finite published score set; not an assay-population estimate,9.490130264522278e-05,9.490130264522278e-05,-0.0008069385616736868,0.0008069385616736868
S1_P400,UBE2V1,False,computed,399,12,387,0.7037037037037037,0.5211024978466839,0.5137812230835487,0.5314384151593454,0.20370370370370372,0.8333333333333334,-0.3521878784354494,0.6227390180878553,-0.08196004822673524,0.021102497846683943,0.4166666666666667,0.13625448332105144,0.43669250645994834,0.1202387965283991,finite published score set; not an assay-population estimate,0.0003102329133256587,0.0003102329133256587,5.438788104816794e-05,5.438788104816794e-05
S1_P400,UBE2V2,True,computed,399,11,388,0.735473289597001,0.5271790065604499,0.5203842549203374,0.5370196813495782,0.23547328959700098,0.9090909090909091,-0.414602888592106,0.6237113402061856,-0.08225901083869461,0.027179006560449914,0.45454545454545453,0.1307934744931222,0.43556701030927836,0.12146872428597605,finite published score set; not an assay-population estimate,0.03207981880662292,0.03207981880662292,0.006130896594814139,0.006130896594814139
S1_P400,UBE2W,False,computed,399,12,387,0.7039190353143842,0.5221791559000861,0.5148578811369509,0.5325150732127476,0.20391903531438416,0.8333333333333334,-0.3521878784354494,0.6227390180878553,-0.08196004822673524,0.022179155900086123,0.4166666666666667,0.13625448332105144,0.43410852713178294,0.122698652043553,finite published score set; not an assay-population estimate,0.0005255645240060947,0.0005255645240060947,0.0011310459344503476,0.0011310459344503476
S1_P400,UBR5,True,computed,399,11,388,0.6787722586691659,0.47891283973758203,0.4709465791940019,0.4901593252108716,0.1787722586691659,0.8181818181818182,-0.2897728682787928,0.6237113402061856,-0.08225901083869461,-0.02108716026241797,0.36363636363636365,0.1417154921489807,0.43556701030927836,0.12146872428597605,finite published score set; not an assay-population estimate,-0.024621212121212155,0.024621212121212155,-0.042135270228053745,0.042135270228053745
S1_P400,UCHL5,False,computed,399,12,387,0.7039190353143842,0.520671834625323,0.5133505598621878,0.5310077519379846,0.20391903531438416,0.8333333333333334,-0.3521878784354494,0.6227390180878553,-0.08196004822673524,0.02067183462532296,0.4166666666666667,0.13625448332105144,0.43669250645994834,0.1202387965283991,finite published score set; not an assay-population estimate,0.0005255645240060947,0.0005255645240060947,-0.00037627534031281495,0.00037627534031281495
S1_P400,UHRF1,True,computed,399,11,388,0.6841611996251171,0.5147610121836926,0.5074976569821931,0.524601686972821,0.18416119962511712,0.8181818181818182,-0.2897728682787928,0.6237113402061856,-0.08225901083869461,0.014761012183692634,0.36363636363636365,0.1417154921489807,0.43556701030927836,0.12146872428597605,finite published score set; not an assay-population estimate,-0.01923227116526094,0.01923227116526094,-0.006287097781943141,0.006287097781943141
S1_P400,UIMC1,False,computed,399,12,387,0.7037037037037037,0.5215331610680448,0.5142118863049095,0.5318690783807063,0.20370370370370372,0.8333333333333334,-0.3521878784354494,0.6227390180878553,-0.08196004822673524,0.021533161068044815,0.4166666666666667,0.13625448332105144,0.43410852713178294,0.122698652043553,finite published score set; not an assay-population estimate,0.0003102329133256587,0.0003102329133256587,0.0004850511024090398,0.0004850511024090398
S1_P400,UNG,False,computed,399,12,387,0.7026270456503014,0.5202411714039621,0.5129198966408268,0.5305770887166236,0.20262704565030143,0.8333333333333334,-0.3521878784354494,0.6253229974160207,-0.082557973450654,0.020241171403962088,0.4166666666666667,0.13625448332105144,0.43669250645994834,0.1202387965283991,finite published score set; not an assay-population estimate,-0.000766425140076632,0.000766425140076632,-0.0008069385616736868,0.0008069385616736868
S1_P400,USP1,False,computed,399,12,387,0.7032730404823428,0.5219638242894057,0.5146425495262704,0.5322997416020672,0.20327304048234285,0.8333333333333334,-0.3521878784354494,0.6227390180878553,-0.082557973450654,0.021963824289405687,0.4166666666666667,0.13625448332105144,0.43410852713178294,0.122698652043553,finite published score set; not an assay-population estimate,-0.00012043030803521315,0.00012043030803521315,0.0009157143237699117,0.0009157143237699117
S1_P400,USP10,False,computed,399,12,387,0.7032730404823428,0.5200258397932817,0.5127045650301464,0.5303617571059431,0.20327304048234285,0.8333333333333334,-0.3521878784354494,0.6227390180878553,-0.08196004822673524,0.020025839793281652,0.4166666666666667,0.13625448332105144,0.43669250645994834,0.1202387965283991,finite published score set; not an assay-population estimate,-0.00012043030803521315,0.00012043030803521315,-0.0010222701723541228,0.0010222701723541228
S1_P400,USP28,False,computed,399,12,387,0.7026270456503014,0.5202411714039621,0.5129198966408268,0.5305770887166236,0.20262704565030143,0.8333333333333334,-0.3521878784354494,0.6253229974160207,-0.082557973450654,0.020241171403962088,0.4166666666666667,0.13625448332105144,0.43669250645994834,0.1202387965283991,finite published score set; not an assay-population estimate,-0.000766425140076632,0.000766425140076632,-0.0008069385616736868,0.0008069385616736868
S1_P400,USP3,False,computed,399,12,387,0.7026270456503014,0.5200258397932817,0.5127045650301464,0.5303617571059431,0.20262704565030143,0.8333333333333334,-0.3521878784354494,0.6253229974160207,-0.082557973450654,0.020025839793281652,0.4166666666666667,0.13625448332105144,0.43669250645994834,0.1202387965283991,finite published score set; not an assay-population estimate,-0.000766425140076632,0.000766425140076632,-0.0010222701723541228,0.0010222701723541228
S1_P400,USP43,False,computed,399,12,387,0.7026270456503014,0.5200258397932817,0.5127045650301464,0.5303617571059431,0.20262704565030143,0.8333333333333334,-0.3521878784354494,0.6253229974160207,-0.082557973450654,0.020025839793281652,0.4166666666666667,0.13625448332105144,0.43669250645994834,0.1202387965283991,finite published score set; not an assay-population estimate,-0.000766425140076632,0.000766425140076632,-0.0010222701723541228,0.0010222701723541228
S1_P400,USP45,False,computed,399,12,387,0.7034883720930233,0.5215331610680448,0.5142118863049095,0.5318690783807063,0.20348837209302328,0.8333333333333334,-0.3521878784354494,0.6227390180878553,-0.08196004822673524,0.021533161068044815,0.4166666666666667,0.13625448332105144,0.43410852713178294,0.122698652043553,finite published score set; not an assay-population estimate,9.490130264522278e-05,9.490130264522278e-05,0.0004850511024090398,0.0004850511024090398
S1_P400,USP47,False,computed,399,12,387,0.7034883720930233,0.5217484926787253,0.51442721791559,0.5320844099913867,0.20348837209302328,0.8333333333333334,-0.3521878784354494,0.6227390180878553,-0.08196004822673524,0.02174849267872525,0.4166666666666667,0.13625448332105144,0.43410852713178294,0.122698652043553,finite published score set; not an assay-population estimate,9.490130264522278e-05,9.490130264522278e-05,0.0007003827130894758,0.0007003827130894758
S1_P400,USP51,False,computed,399,12,387,0.7026270456503014,0.5213178294573644,0.5139965546942291,0.5316537467700259,0.20262704565030143,0.8333333333333334,-0.3521878784354494,0.6253229974160207,-0.082557973450654,0.02131782945736438,0.4166666666666667,0.13625448332105144,0.43669250645994834,0.122698652043553,finite published score set; not an assay-population estimate,-0.000766425140076632,0.000766425140076632,0.0002697194917286039,0.0002697194917286039
S1_P400,USP7,False,computed,399,12,387,0.7034883720930233,0.5219638242894057,0.5146425495262704,0.5322997416020672,0.20348837209302328,0.8333333333333334,-0.3521878784354494,0.6227390180878553,-0.08196004822673524,0.021963824289405687,0.4166666666666667,0.13625448332105144,0.43410852713178294,0.122698652043553,finite published score set; not an assay-population estimate,9.490130264522278e-05,9.490130264522278e-05,0.0009157143237699117,0.0009157143237699117
S1_P400,UVRAG,False,computed,399,12,387,0.7049956933677863,0.5215331610680448,0.5142118863049095,0.5318690783807063,0.20499569336778634,0.8333333333333334,-0.3521878784354494,0.6227390180878553,-0.08196004822673524,0.021533161068044815,0.4166666666666667,0.13625448332105144,0.43410852713178294,0.122698652043553,finite published score set; not an assay-population estimate,0.0016022225774082743,0.0016022225774082743,0.0004850511024090398,0.0004850511024090398
S1_P400,WAS,False,computed,399,12,387,0.7037037037037037,0.5200258397932817,0.5127045650301464,0.5303617571059431,0.20370370370370372,0.8333333333333334,-0.3521878784354494,0.6227390180878553,-0.08196004822673524,0.020025839793281652,0.4166666666666667,0.13625448332105144,0.43669250645994834,0.1202387965283991,finite published score set; not an assay-population estimate,0.0003102329133256587,0.0003102329133256587,-0.0010222701723541228,0.0010222701723541228
S1_P400,WDR48,False,computed,399,12,387,0.7039190353143842,0.5217484926787253,0.51442721791559,0.5320844099913867,0.20391903531438416,0.8333333333333334,-0.3521878784354494,0.6227390180878553,-0.08196004822673524,0.02174849267872525,0.4166666666666667,0.13625448332105144,0.43410852713178294,0.122698652043553,finite published score set; not an assay-population estimate,0.0005255645240060947,0.0005255645240060947,0.0007003827130894758,0.0007003827130894758
S1_P400,WHSC1,False,computed,399,12,387,0.7037037037037037,0.5213178294573644,0.5139965546942291,0.5316537467700259,0.20370370370370372,0.8333333333333334,-0.3521878784354494,0.6227390180878553,-0.08196004822673524,0.02131782945736438,0.4166666666666667,0.13625448332105144,0.43669250645994834,0.122698652043553,finite published score set; not an assay-population estimate,0.0003102329133256587,0.0003102329133256587,0.0002697194917286039,0.0002697194917286039
S1_P400,WRAP53,False,computed,399,12,387,0.7026270456503014,0.5198105081826012,0.512489233419466,0.5301464254952627,0.20262704565030143,0.8333333333333334,-0.3521878784354494,0.6253229974160207,-0.082557973450654,0.019810508182601216,0.4166666666666667,0.13625448332105144,0.43669250645994834,0.1202387965283991,finite published score set; not an assay-population estimate,-0.000766425140076632,0.000766425140076632,-0.0012376017830345587,0.0012376017830345587
S1_P400,WRN,False,computed,399,12,387,0.7034883720930233,0.5200258397932817,0.5127045650301464,0.5303617571059431,0.20348837209302328,0.8333333333333334,-0.3521878784354494,0.6227390180878553,-0.08196004822673524,0.020025839793281652,0.4166666666666667,0.13625448332105144,0.43669250645994834,0.1202387965283991,finite published score set; not an assay-population estimate,9.490130264522278e-05,9.490130264522278e-05,-0.0010222701723541228,0.0010222701723541228
S1_P400,WRNIP1,False,computed,399,12,387,0.7026270456503014,0.5215331610680448,0.5142118863049095,0.5318690783807063,0.20262704565030143,0.8333333333333334,-0.3521878784354494,0.6253229974160207,-0.082557973450654,0.021533161068044815,0.4166666666666667,0.13625448332105144,0.43410852713178294,0.122698652043553,finite published score set; not an assay-population estimate,-0.000766425140076632,0.000766425140076632,0.0004850511024090398,0.0004850511024090398
S1_P400,XPA,False,computed,399,12,387,0.7037037037037037,0.5215331610680448,0.5142118863049095,0.5318690783807063,0.20370370370370372,0.8333333333333334,-0.3521878784354494,0.6227390180878553,-0.08196004822673524,0.021533161068044815,0.4166666666666667,0.13625448332105144,0.43410852713178294,0.122698652043553,finite published score set; not an assay-population estimate,0.0003102329133256587,0.0003102329133256587,0.0004850511024090398,0.0004850511024090398
S1_P400,XPC,False,computed,399,12,387,0.7039190353143842,0.5221791559000861,0.5148578811369509,0.5325150732127476,0.20391903531438416,0.8333333333333334,-0.3521878784354494,0.6227390180878553,-0.08196004822673524,0.022179155900086123,0.4166666666666667,0.13625448332105144,0.43410852713178294,0.122698652043553,finite published score set; not an assay-population estimate,0.0005255645240060947,0.0005255645240060947,0.0011310459344503476,0.0011310459344503476
S1_P400,XRCC1,False,computed,399,12,387,0.7034883720930233,0.5221791559000861,0.5148578811369509,0.5325150732127476,0.20348837209302328,0.8333333333333334,-0.3521878784354494,0.6227390180878553,-0.08196004822673524,0.022179155900086123,0.4166666666666667,0.13625448332105144,0.43410852713178294,0.122698652043553,finite published score set; not an assay-population estimate,9.490130264522278e-05,9.490130264522278e-05,0.0011310459344503476,0.0011310459344503476
S1_P400,XRCC2,False,computed,399,12,387,0.7052110249784669,0.5221791559000861,0.5148578811369509,0.5325150732127476,0.20521102497846688,0.8333333333333334,-0.3521878784354494,0.6227390180878553,-0.08196004822673524,0.022179155900086123,0.4166666666666667,0.13625448332105144,0.43410852713178294,0.122698652043553,finite published score set; not an assay-population estimate,0.0018175541880888213,0.0018175541880888213,0.0011310459344503476,0.0011310459344503476
S1_P400,XRCC3,False,computed,399,12,387,0.7049956933677863,0.5213178294573644,0.5139965546942291,0.5316537467700259,0.20499569336778634,0.8333333333333334,-0.3521878784354494,0.6227390180878553,-0.08196004822673524,0.02131782945736438,0.4166666666666667,0.13625448332105144,0.43410852713178294,0.122698652043553,finite published score set; not an assay-population estimate,0.0016022225774082743,0.0016022225774082743,0.0002697194917286039,0.0002697194917286039
S1_P400,XRCC4,False,computed,399,12,387,0.7034883720930233,0.5215331610680448,0.5142118863049095,0.5318690783807063,0.20348837209302328,0.8333333333333334,-0.3521878784354494,0.6227390180878553,-0.08196004822673524,0.021533161068044815,0.4166666666666667,0.13625448332105144,0.43410852713178294,0.122698652043553,finite published score set; not an assay-population estimate,9.490130264522278e-05,9.490130264522278e-05,0.0004850511024090398,0.0004850511024090398
S1_P400,XRCC6BP1,False,computed,399,12,387,0.7030577088716624,0.520671834625323,0.5133505598621878,0.5310077519379846,0.2030577088716624,0.8333333333333334,-0.3521878784354494,0.6227390180878553,-0.082557973450654,0.02067183462532296,0.4166666666666667,0.13625448332105144,0.43669250645994834,0.1202387965283991,finite published score set; not an assay-population estimate,-0.0003357619187156491,0.0003357619187156491,-0.00037627534031281495,0.00037627534031281495
S1_P400,YEATS4,False,computed,399,12,387,0.7041343669250646,0.5200258397932817,0.5127045650301464,0.5303617571059431,0.2041343669250646,0.8333333333333334,-0.3521878784354494,0.6227390180878553,-0.08196004822673524,0.020025839793281652,0.4166666666666667,0.13625448332105144,0.43669250645994834,0.1202387965283991,finite published score set; not an assay-population estimate,0.0007408961346865306,0.0007408961346865306,-0.0010222701723541228,0.0010222701723541228
S1_P400,YY1,False,computed,399,12,387,0.704349698535745,0.5217484926787253,0.51442721791559,0.5320844099913867,0.20434969853574503,0.8333333333333334,-0.3521878784354494,0.6227390180878553,-0.08196004822673524,0.02174849267872525,0.4166666666666667,0.13625448332105144,0.43410852713178294,0.122698652043553,finite published score set; not an assay-population estimate,0.0009562277453669665,0.0009562277453669665,0.0007003827130894758,0.0007003827130894758
S1_P400,ZBTB1,False,computed,399,12,387,0.7026270456503014,0.5202411714039621,0.5129198966408268,0.5305770887166236,0.20262704565030143,0.8333333333333334,-0.3521878784354494,0.6253229974160207,-0.082557973450654,0.020241171403962088,0.4166666666666667,0.13625448332105144,0.43669250645994834,0.1202387965283991,finite published score set; not an assay-population estimate,-0.000766425140076632,0.000766425140076632,-0.0008069385616736868,0.0008069385616736868
S1_P400,ZBTB7A,False,computed,399,12,387,0.704349698535745,0.5215331610680448,0.5142118863049095,0.5316537467700259,0.20434969853574503,0.8333333333333334,-0.3521878784354494,0.6227390180878553,-0.08196004822673524,0.021533161068044815,0.4166666666666667,0.13625448332105144,0.43410852713178294,0.122698652043553,finite published score set; not an assay-population estimate,0.0009562277453669665,0.0009562277453669665,0.0004850511024090398,0.0004850511024090398
S1_P400,ZFYVE26,False,computed,399,12,387,0.7026270456503014,0.5221791559000861,0.5148578811369509,0.5325150732127476,0.20262704565030143,0.8333333333333334,-0.3521878784354494,0.6253229974160207,-0.082557973450654,0.022179155900086123,0.4166666666666667,0.13625448332105144,0.43410852713178294,0.122698652043553,finite published score set; not an assay-population estimate,-0.000766425140076632,0.000766425140076632,0.0011310459344503476,0.0011310459344503476
S1_P400,ZMPSTE24,False,computed,399,12,387,0.7026270456503014,0.5202411714039621,0.5129198966408268,0.5305770887166236,0.20262704565030143,0.8333333333333334,-0.3521878784354494,0.6253229974160207,-0.082557973450654,0.020241171403962088,0.4166666666666667,0.13625448332105144,0.43669250645994834,0.1202387965283991,finite published score set; not an assay-population estimate,-0.000766425140076632,0.000766425140076632,-0.0008069385616736868,0.0008069385616736868
S1_P400,ZNF365,False,computed,399,12,387,0.7041343669250646,0.5202411714039621,0.5129198966408268,0.5305770887166236,0.2041343669250646,0.8333333333333334,-0.3521878784354494,0.6227390180878553,-0.08196004822673524,0.020241171403962088,0.4166666666666667,0.13625448332105144,0.43669250645994834,0.1202387965283991,finite published score set; not an assay-population estimate,0.0007408961346865306,0.0007408961346865306,-0.0008069385616736868,0.0008069385616736868
S1_P400,ZRANB3,False,computed,399,12,387,0.7026270456503014,0.5217484926787253,0.51442721791559,0.5320844099913867,0.20262704565030143,0.8333333333333334,-0.3521878784354494,0.6253229974160207,-0.082557973450654,0.02174849267872525,0.4166666666666667,0.13625448332105144,0.43410852713178294,0.122698652043553,finite published score set; not an assay-population estimate,-0.000766425140076632,0.000766425140076632,0.0007003827130894758,0.0007003827130894758
S1_P400,ZSWIM7,False,computed,399,12,387,0.7034883720930233,0.5215331610680448,0.5142118863049095,0.5318690783807063,0.20348837209302328,0.8333333333333334,-0.3521878784354494,0.6227390180878553,-0.08196004822673524,0.021533161068044815,0.4166666666666667,0.13625448332105144,0.43410852713178294,0.122698652043553,finite published score set; not an assay-population estimate,9.490130264522278e-05,9.490130264522278e-05,0.0004850511024090398,0.0004850511024090398
S2_single_R3_record,ABL1,False,computed,377,12,365,0.7009132420091324,0.5235159817351598,0.5235159817351598,0.5235159817351598,0.2009132420091324,0.8333333333333334,-0.3521878784354494,0.6246575342465753,-0.082557973450654,0.023515981735159786,0.4166666666666667,0.13625448332105144,0.4328767123287671,0.1233819774699657,finite published score set; not an assay-population estimate,-0.00013411682511166312,0.00013411682511166312,0.0005196247224092954,0.0005196247224092954
S2_single_R3_record,ACTB,False,computed,377,12,365,0.702054794520548,0.5242009132420091,0.5242009132420091,0.5242009132420091,0.20205479452054798,0.8333333333333334,-0.3521878784354494,0.6246575342465753,-0.08196004822673524,0.024200913242009126,0.4166666666666667,0.13625448332105144,0.4328767123287671,0.1233819774699657,finite published score set; not an assay-population estimate,0.0010074356863039036,0.0010074356863039036,0.0012045562292586354,0.0012045562292586354
S2_single_R3_record,ADPRHL2,False,computed,377,12,365,0.7013698630136986,0.5242009132420091,0.5242009132420091,0.5242009132420091,0.20136986301369864,0.8333333333333334,-0.3521878784354494,0.6246575342465753,-0.08196004822673524,0.024200913242009126,0.4166666666666667,0.13625448332105144,0.4328767123287671,0.1233819774699657,finite published score set; not an assay-population estimate,0.00032250417945456356,0.00032250417945456356,0.0012045562292586354,0.0012045562292586354
S2_single_R3_record,ALKBH1,False,computed,377,12,365,0.7002283105022831,0.5242009132420091,0.5242009132420091,0.5242009132420091,0.20022831050228307,0.8333333333333334,-0.3521878784354494,0.6273972602739726,-0.082557973450654,0.024200913242009126,0.4166666666666667,0.13625448332105144,0.4328767123287671,0.1233819774699657,finite published score set; not an assay-population estimate,-0.0008190483319610031,0.0008190483319610031,0.0012045562292586354,0.0012045562292586354
S2_single_R3_record,ALKBH2,False,computed,377,12,365,0.7013698630136986,0.523972602739726,0.523972602739726,0.523972602739726,0.20136986301369864,0.8333333333333334,-0.3521878784354494,0.6246575342465753,-0.08196004822673524,0.023972602739726012,0.4166666666666667,0.13625448332105144,0.4328767123287671,0.1233819774699657,finite published score set; not an assay-population estimate,0.00032250417945456356,0.00032250417945456356,0.000976245726975522,0.000976245726975522
S2_single_R3_record,ALKBH3,False,computed,377,12,365,0.7002283105022831,0.5219178082191781,0.5219178082191781,0.5219178082191781,0.20022831050228307,0.8333333333333334,-0.3521878784354494,0.6273972602739726,-0.082557973450654,0.021917808219178103,0.4166666666666667,0.13625448332105144,0.43561643835616437,0.1228128684412434,finite published score set; not an assay-population estimate,-0.0008190483319610031,0.0008190483319610031,-0.001078548793572387,0.001078548793572387
S2_single_R3_record,ALKBH5,False,computed,377,12,365,0.7002283105022831,0.5235159817351598,0.5235159817351598,0.5235159817351598,0.20022831050228307,0.8333333333333334,-0.3521878784354494,0.6273972602739726,-0.082557973450654,0.023515981735159786,0.4166666666666667,0.13625448332105144,0.4328767123287671,0.1233819774699657,finite published score set; not an assay-population estimate,-0.0008190483319610031,0.0008190483319610031,0.0005196247224092954,0.0005196247224092954
S2_single_R3_record,ANKLE1,False,computed,377,12,365,0.7015981735159817,0.5230593607305936,0.5230593607305936,0.5230593607305936,0.20159817351598175,0.8333333333333334,-0.3521878784354494,0.6246575342465753,-0.08196004822673524,0.02305936073059356,0.4166666666666667,0.13625448332105144,0.43561643835616437,0.1228128684412434,finite published score set; not an assay-population estimate,0.0005508146817376769,0.0005508146817376769,6.300371784306869e-05,6.300371784306869e-05
S2_single_R3_record,ANKRD32,False,computed,377,12,365,0.702054794520548,0.5235159817351598,0.5235159817351598,0.5235159817351598,0.20205479452054798,0.8333333333333334,-0.3521878784354494,0.6246575342465753,-0.08196004822673524,0.023515981735159786,0.4166666666666667,0.13625448332105144,0.4328767123287671,0.1233819774699657,finite published score set; not an assay-population estimate,0.0010074356863039036,0.0010074356863039036,0.0005196247224092954,0.0005196247224092954
S2_single_R3_record,AP5S1,False,computed,377,12,365,0.7011415525114155,0.5235159817351598,0.5235159817351598,0.5235159817351598,0.20114155251141552,0.8333333333333334,-0.3521878784354494,0.6246575342465753,-0.08196004822673524,0.023515981735159786,0.4166666666666667,0.13625448332105144,0.4328767123287671,0.1233819774699657,finite published score set; not an assay-population estimate,9.419367717145022e-05,9.419367717145022e-05,0.0005196247224092954,0.0005196247224092954
S2_single_R3_record,AP5Z1,False,computed,377,12,365,0.7002283105022831,0.5235159817351598,0.5235159817351598,0.5235159817351598,0.20022831050228307,0.8333333333333334,-0.3521878784354494,0.6273972602739726,-0.082557973450654,0.023515981735159786,0.4166666666666667,0.13625448332105144,0.4328767123287671,0.1233819774699657,finite published score set; not an assay-population estimate,-0.0008190483319610031,0.0008190483319610031,0.0005196247224092954,0.0005196247224092954
S2_single_R3_record,APBB1,False,computed,377,12,365,0.7011415525114155,0.5221461187214612,0.5221461187214612,0.5221461187214612,0.20114155251141552,0.8333333333333334,-0.3521878784354494,0.6246575342465753,-0.08196004822673524,0.022146118721461217,0.4166666666666667,0.13625448332105144,0.43561643835616437,0.1228128684412434,finite published score set; not an assay-population estimate,9.419367717145022e-05,9.419367717145022e-05,-0.0008502382912892736,0.0008502382912892736
S2_single_R3_record,APEX1,False,computed,377,12,365,0.7009132420091324,0.5242009132420091,0.5242009132420091,0.5242009132420091,0.2009132420091324,0.8333333333333334,-0.3521878784354494,0.6246575342465753,-0.082557973450654,0.024200913242009126,0.4166666666666667,0.13625448332105144,0.4328767123287671,0.1233819774699657,finite published score set; not an assay-population estimate,-0.00013411682511166312,0.00013411682511166312,0.0012045562292586354,0.0012045562292586354
S2_single_R3_record,APEX2,False,computed,377,12,365,0.7002283105022831,0.5242009132420091,0.5242009132420091,0.5242009132420091,0.20022831050228307,0.8333333333333334,-0.3521878784354494,0.6273972602739726,-0.082557973450654,0.024200913242009126,0.4166666666666667,0.13625448332105144,0.4328767123287671,0.1233819774699657,finite published score set; not an assay-population estimate,-0.0008190483319610031,0.0008190483319610031,0.0012045562292586354,0.0012045562292586354
S2_single_R3_record,APITD1,False,computed,377,12,365,0.7002283105022831,0.5232876712328767,0.5232876712328767,0.5232876712328767,0.20022831050228307,0.8333333333333334,-0.3521878784354494,0.6273972602739726,-0.082557973450654,0.023287671232876672,0.4166666666666667,0.13625448332105144,0.43561643835616437,0.1233819774699657,finite published score set; not an assay-population estimate,-0.0008190483319610031,0.0008190483319610031,0.000291314220126182,0.000291314220126182
S2_single_R3_record,APLF,False,computed,377,12,365,0.7002283105022831,0.5228310502283106,0.5228310502283106,0.5228310502283106,0.20022831050228307,0.8333333333333334,-0.3521878784354494,0.6273972602739726,-0.082557973450654,0.022831050228310557,0.4166666666666667,0.13625448332105144,0.43561643835616437,0.1228128684412434,finite published score set; not an assay-population estimate,-0.0008190483319610031,0.0008190483319610031,-0.00016530678443993363,0.00016530678443993363
S2_single_R3_record,ASCC1,False,computed,377,12,365,0.7002283105022831,0.5226027397260274,0.5226027397260274,0.5226027397260274,0.20022831050228307,0.8333333333333334,-0.3521878784354494,0.6273972602739726,-0.082557973450654,0.022602739726027443,0.4166666666666667,0.13625448332105144,0.43561643835616437,0.1228128684412434,finite published score set; not an assay-population estimate,-0.0008190483319610031,0.0008190483319610031,-0.00039361728672304697,0.00039361728672304697
S2_single_R3_record,ASCC2,False,computed,377,12,365,0.7011415525114155,0.5219178082191781,0.5219178082191781,0.5219178082191781,0.20114155251141552,0.8333333333333334,-0.3521878784354494,0.6246575342465753,-0.08196004822673524,0.021917808219178103,0.4166666666666667,0.13625448332105144,0.43561643835616437,0.1228128684412434,finite published score set; not an assay-population estimate,9.419367717145022e-05,9.419367717145022e-05,-0.001078548793572387,0.001078548793572387
S2_single_R3_record,ASCC3,False,computed,377,12,365,0.7029680365296803,0.5219178082191781,0.5219178082191781,0.5219178082191781,0.20296803652968032,0.8333333333333334,-0.3521878784354494,0.6246575342465753,-0.08196004822673524,0.021917808219178103,0.4166666666666667,0.13625448332105144,0.43561643835616437,0.1228128684412434,finite published score set; not an assay-population estimate,0.0019206776954362459,0.0019206776954362459,-0.001078548793572387,0.001078548793572387
S2_single_R3_record,ASF1A,False,computed,377,12,365,0.7002283105022831,0.5237442922374429,0.5237442922374429,0.5237442922374429,0.20022831050228307,0.8333333333333334,-0.3521878784354494,0.6273972602739726,-0.082557973450654,0.0237442922374429,0.4166666666666667,0.13625448332105144,0.4328767123287671,0.1233819774699657,finite published score set; not an assay-population estimate,-0.0008190483319610031,0.0008190483319610031,0.0007479352246924087,0.0007479352246924087
S2_single_R3_record,ASTE1,False,computed,377,12,365,0.7002283105022831,0.5235159817351598,0.5235159817351598,0.5235159817351598,0.20022831050228307,0.8333333333333334,-0.3521878784354494,0.6273972602739726,-0.082557973450654,0.023515981735159786,0.4166666666666667,0.13625448332105144,0.4328767123287671,0.1233819774699657,finite published score set; not an assay-population estimate,-0.0008190483319610031,0.0008190483319610031,0.0005196247224092954,0.0005196247224092954
S2_single_R3_record,ATM,False,computed,377,12,365,0.7025114155251142,0.5242009132420091,0.5242009132420091,0.5242009132420091,0.2025114155251142,0.8333333333333334,-0.3521878784354494,0.6246575342465753,-0.08196004822673524,0.024200913242009126,0.4166666666666667,0.13625448332105144,0.4328767123287671,0.1233819774699657,finite published score set; not an assay-population estimate,0.0014640566908701302,0.0014640566908701302,0.0012045562292586354,0.0012045562292586354
S2_single_R3_record,ATXN3,False,computed,377,12,365,0.7002283105022831,0.5226027397260274,0.5226027397260274,0.5226027397260274,0.20022831050228307,0.8333333333333334,-0.3521878784354494,0.6273972602739726,-0.082557973450654,0.022602739726027443,0.4166666666666667,0.13625448332105144,0.43561643835616437,0.1228128684412434,finite published score set; not an assay-population estimate,-0.0008190483319610031,0.0008190483319610031,-0.00039361728672304697,0.00039361728672304697
S2_single_R3_record,AUNIP,False,computed,377,12,365,0.7006849315068493,0.5226027397260274,0.5226027397260274,0.5226027397260274,0.2006849315068493,0.8333333333333334,-0.3521878784354494,0.6246575342465753,-0.082557973450654,0.022602739726027443,0.4166666666666667,0.13625448332105144,0.43561643835616437,0.1228128684412434,finite published score set; not an assay-population estimate,-0.00036242732739477646,0.00036242732739477646,-0.00039361728672304697,0.00039361728672304697
S2_single_R3_record,BABAM1,False,computed,377,12,365,0.7002283105022831,0.5237442922374429,0.5237442922374429,0.5237442922374429,0.20022831050228307,0.8333333333333334,-0.3521878784354494,0.6273972602739726,-0.082557973450654,0.0237442922374429,0.4166666666666667,0.13625448332105144,0.4328767123287671,0.1233819774699657,finite published score set; not an assay-population estimate,-0.0008190483319610031,0.0008190483319610031,0.0007479352246924087,0.0007479352246924087
S2_single_R3_record,BACH1,False,computed,377,12,365,0.7011415525114155,0.5221461187214612,0.5221461187214612,0.5221461187214612,0.20114155251141552,0.8333333333333334,-0.3521878784354494,0.6246575342465753,-0.08196004822673524,0.022146118721461217,0.4166666666666667,0.13625448332105144,0.43561643835616437,0.1228128684412434,finite published score set; not an assay-population estimate,9.419367717145022e-05,9.419367717145022e-05,-0.0008502382912892736,0.0008502382912892736
S2_single_R3_record,BARD1,False,computed,377,12,365,0.7027397260273973,0.5242009132420091,0.5242009132420091,0.5242009132420091,0.20273972602739732,0.8333333333333334,-0.3521878784354494,0.6246575342465753,-0.08196004822673524,0.024200913242009126,0.4166666666666667,0.13625448332105144,0.4328767123287671,0.1233819774699657,finite published score set; not an assay-population estimate,0.0016923671931532436,0.0016923671931532436,0.0012045562292586354,0.0012045562292586354
S2_single_R3_record,BLM,False,computed,377,12,365,0.7009132420091324,0.5219178082191781,0.5219178082191781,0.5219178082191781,0.2009132420091324,0.8333333333333334,-0.3521878784354494,0.6246575342465753,-0.082557973450654,0.021917808219178103,0.4166666666666667,0.13625448332105144,0.43561643835616437,0.1228128684412434,finite published score set; not an assay-population estimate,-0.00013411682511166312,0.00013411682511166312,-0.001078548793572387,0.001078548793572387
S2_single_R3_record,BRCC3,False,computed,377,12,365,0.7015981735159817,0.5235159817351598,0.5235159817351598,0.5235159817351598,0.20159817351598175,0.8333333333333334,-0.3521878784354494,0.6246575342465753,-0.08196004822673524,0.023515981735159786,0.4166666666666667,0.13625448332105144,0.4328767123287671,0.1233819774699657,finite published score set; not an assay-population estimate,0.0005508146817376769,0.0005508146817376769,0.0005196247224092954,0.0005196247224092954
S2_single_R3_record,BRD8,False,computed,377,12,365,0.7011415525114155,0.5226027397260274,0.5226027397260274,0.5226027397260274,0.20114155251141552,0.8333333333333334,-0.3521878784354494,0.6246575342465753,-0.08196004822673524,0.022602739726027443,0.4166666666666667,0.13625448332105144,0.43561643835616437,0.1228128684412434,finite published score set; not an assay-population estimate,9.419367717145022e-05,9.419367717145022e-05,-0.00039361728672304697,0.00039361728672304697
S2_single_R3_record,BRE,False,computed,377,12,365,0.7013698630136986,0.5221461187214612,0.5221461187214612,0.5221461187214612,0.20136986301369864,0.8333333333333334,-0.3521878784354494,0.6246575342465753,-0.08196004822673524,0.022146118721461217,0.4166666666666667,0.13625448332105144,0.43561643835616437,0.1228128684412434,finite published score set; not an assay-population estimate,0.00032250417945456356,0.00032250417945456356,-0.0008502382912892736,0.0008502382912892736
S2_single_R3_record,BRIP1,False,computed,377,12,365,0.7004566210045662,0.5221461187214612,0.5221461187214612,0.5221461187214612,0.20045662100456618,0.8333333333333334,-0.3521878784354494,0.6273972602739726,-0.082557973450654,0.022146118721461217,0.4166666666666667,0.13625448332105144,0.43561643835616437,0.1228128684412434,finite published score set; not an assay-population estimate,-0.0005907378296778898,0.0005907378296778898,-0.0008502382912892736,0.0008502382912892736
S2_single_R3_record,BTG2,False,computed,377,12,365,0.7009132420091324,0.5221461187214612,0.5221461187214612,0.5221461187214612,0.2009132420091324,0.8333333333333334,-0.3521878784354494,0.6246575342465753,-0.082557973450654,0.022146118721461217,0.4166666666666667,0.13625448332105144,0.43561643835616437,0.1228128684412434,finite published score set; not an assay-population estimate,-0.00013411682511166312,0.00013411682511166312,-0.0008502382912892736,0.0008502382912892736
S2_single_R3_record,C11orf30,False,computed,377,12,365,0.702054794520548,0.5242009132420091,0.5242009132420091,0.5242009132420091,0.20205479452054798,0.8333333333333334,-0.3521878784354494,0.6246575342465753,-0.08196004822673524,0.024200913242009126,0.4166666666666667,0.13625448332105144,0.4328767123287671,0.1233819774699657,finite published score set; not an assay-population estimate,0.0010074356863039036,0.0010074356863039036,0.0012045562292586354,0.0012045562292586354
S2_single_R3_record,C12orf5,False,computed,377,12,365,0.7006849315068493,0.5221461187214612,0.5221461187214612,0.5221461187214612,0.2006849315068493,0.8333333333333334,-0.3521878784354494,0.6273972602739726,-0.082557973450654,0.022146118721461217,0.4166666666666667,0.13625448332105144,0.43561643835616437,0.1228128684412434,finite published score set; not an assay-population estimate,-0.00036242732739477646,0.00036242732739477646,-0.0008502382912892736,0.0008502382912892736
S2_single_R3_record,C14orf39,False,computed,377,12,365,0.7002283105022831,0.5232876712328767,0.5232876712328767,0.5232876712328767,0.20022831050228307,0.8333333333333334,-0.3521878784354494,0.6273972602739726,-0.082557973450654,0.023287671232876672,0.4166666666666667,0.13625448332105144,0.43561643835616437,0.1233819774699657,finite published score set; not an assay-population estimate,-0.0008190483319610031,0.0008190483319610031,0.000291314220126182,0.000291314220126182
S2_single_R3_record,C17orf104,False,computed,377,12,365,0.7004566210045662,0.5235159817351598,0.5235159817351598,0.5235159817351598,0.20045662100456618,0.8333333333333334,-0.3521878784354494,0.6273972602739726,-0.082557973450654,0.023515981735159786,0.4166666666666667,0.13625448332105144,0.4328767123287671,0.1233819774699657,finite published score set; not an assay-population estimate,-0.0005907378296778898,0.0005907378296778898,0.0005196247224092954,0.0005196247224092954
S2_single_R3_record,C17orf70,False,computed,377,12,365,0.7009132420091324,0.5221461187214612,0.5221461187214612,0.5221461187214612,0.2009132420091324,0.8333333333333334,-0.3521878784354494,0.6246575342465753,-0.082557973450654,0.022146118721461217,0.4166666666666667,0.13625448332105144,0.43561643835616437,0.1228128684412434,finite published score set; not an assay-population estimate,-0.00013411682511166312,0.00013411682511166312,-0.0008502382912892736,0.0008502382912892736
S2_single_R3_record,C19orf40,False,computed,377,12,365,0.7015981735159817,0.5242009132420091,0.5242009132420091,0.5242009132420091,0.20159817351598175,0.8333333333333334,-0.3521878784354494,0.6246575342465753,-0.08196004822673524,0.024200913242009126,0.4166666666666667,0.13625448332105144,0.4328767123287671,0.1233819774699657,finite published score set; not an assay-population estimate,0.0005508146817376769,0.0005508146817376769,0.0012045562292586354,0.0012045562292586354
S2_single_R3_record,C1orf86,False,computed,377,12,365,0.7011415525114155,0.5221461187214612,0.5221461187214612,0.5221461187214612,0.20114155251141552,0.8333333333333334,-0.3521878784354494,0.6246575342465753,-0.08196004822673524,0.022146118721461217,0.4166666666666667,0.13625448332105144,0.43561643835616437,0.1228128684412434,finite published score set; not an assay-population estimate,9.419367717145022e-05,9.419367717145022e-05,-0.0008502382912892736,0.0008502382912892736
S2_single_R3_record,C20orf196,False,computed,377,12,365,0.7002283105022831,0.5219178082191781,0.5219178082191781,0.5219178082191781,0.20022831050228307,0.8333333333333334,-0.3521878784354494,0.6273972602739726,-0.082557973450654,0.021917808219178103,0.4166666666666667,0.13625448332105144,0.43561643835616437,0.1228128684412434,finite published score set; not an assay-population estimate,-0.0008190483319610031,0.0008190483319610031,-0.001078548793572387,0.001078548793572387
S2_single_R3_record,C5orf45,False,computed,377,12,365,0.7002283105022831,0.5226027397260274,0.5226027397260274,0.5226027397260274,0.20022831050228307,0.8333333333333334,-0.3521878784354494,0.6273972602739726,-0.082557973450654,0.022602739726027443,0.4166666666666667,0.13625448332105144,0.43561643835616437,0.1228128684412434,finite published score set; not an assay-population estimate,-0.0008190483319610031,0.0008190483319610031,-0.00039361728672304697,0.00039361728672304697
S2_single_R3_record,C7orf49,False,computed,377,12,365,0.702054794520548,0.523972602739726,0.523972602739726,0.523972602739726,0.20205479452054798,0.8333333333333334,-0.3521878784354494,0.6246575342465753,-0.08196004822673524,0.023972602739726012,0.4166666666666667,0.13625448332105144,0.4328767123287671,0.1233819774699657,finite published score set; not an assay-population estimate,0.0010074356863039036,0.0010074356863039036,0.000976245726975522,0.000976245726975522
S2_single_R3_record,C9orf142,False,computed,377,12,365,0.7011415525114155,0.5232876712328767,0.5232876712328767,0.5232876712328767,0.20114155251141552,0.8333333333333334,-0.3521878784354494,0.6246575342465753,-0.08196004822673524,0.023287671232876672,0.4166666666666667,0.13625448332105144,0.43561643835616437,0.1233819774699657,finite published score set; not an assay-population estimate,9.419367717145022e-05,9.419367717145022e-05,0.000291314220126182,0.000291314220126182
S2_single_R3_record,CBX8,False,computed,377,12,365,0.7002283105022831,0.5221461187214612,0.5221461187214612,0.5221461187214612,0.20022831050228307,0.8333333333333334,-0.3521878784354494,0.6273972602739726,-0.082557973450654,0.022146118721461217,0.4166666666666667,0.13625448332105144,0.43561643835616437,0.1228128684412434,finite published score set; not an assay-population estimate,-0.0008190483319610031,0.0008190483319610031,-0.0008502382912892736,0.0008502382912892736
S2_single_R3_record,CCDC155,False,computed,377,12,365,0.7009132420091324,0.5235159817351598,0.5235159817351598,0.5235159817351598,0.2009132420091324,0.8333333333333334,-0.3521878784354494,0.6246575342465753,-0.082557973450654,0.023515981735159786,0.4166666666666667,0.13625448332105144,0.4328767123287671,0.1233819774699657,finite published score set; not an assay-population estimate,-0.00013411682511166312,0.00013411682511166312,0.0005196247224092954,0.0005196247224092954
S2_single_R3_record,CDC14B,False,computed,377,12,365,0.7009132420091324,0.5219178082191781,0.5219178082191781,0.5219178082191781,0.2009132420091324,0.8333333333333334,-0.3521878784354494,0.6246575342465753,-0.082557973450654,0.021917808219178103,0.4166666666666667,0.13625448332105144,0.43561643835616437,0.1228128684412434,finite published score set; not an assay-population estimate,-0.00013411682511166312,0.00013411682511166312,-0.001078548793572387,0.001078548793572387
S2_single_R3_record,CDC7,False,computed,377,12,365,0.7022831050228311,0.5242009132420091,0.5242009132420091,0.5242009132420091,0.2022831050228311,0.8333333333333334,-0.3521878784354494,0.6246575342465753,-0.08196004822673524,0.024200913242009126,0.4166666666666667,0.13625448332105144,0.4328767123287671,0.1233819774699657,finite published score set; not an assay-population estimate,0.001235746188587017,0.001235746188587017,0.0012045562292586354,0.0012045562292586354
S2_single_R3_record,CDK2,False,computed,377,12,365,0.7011415525114155,0.5232876712328767,0.5232876712328767,0.5232876712328767,0.20114155251141552,0.8333333333333334,-0.3521878784354494,0.6246575342465753,-0.08196004822673524,0.023287671232876672,0.4166666666666667,0.13625448332105144,0.43561643835616437,0.1233819774699657,finite published score set; not an assay-population estimate,9.419367717145022e-05,9.419367717145022e-05,0.000291314220126182,0.000291314220126182
S2_single_R3_record,CDK9,False,computed,377,12,365,0.7002283105022831,0.5219178082191781,0.5219178082191781,0.5219178082191781,0.20022831050228307,0.8333333333333334,-0.3521878784354494,0.6273972602739726,-0.082557973450654,0.021917808219178103,0.4166666666666667,0.13625448332105144,0.43561643835616437,0.1228128684412434,finite published score set; not an assay-population estimate,-0.0008190483319610031,0.0008190483319610031,-0.001078548793572387,0.001078548793572387
S2_single_R3_record,CDKN2D,False,computed,377,12,365,0.7011415525114155,0.5244292237442922,0.5244292237442922,0.5244292237442922,0.20114155251141552,0.8333333333333334,-0.3521878784354494,0.6246575342465753,-0.08196004822673524,0.02442922374429224,0.4166666666666667,0.13625448332105144,0.4328767123287671,0.1233819774699657,finite published score set; not an assay-population estimate,9.419367717145022e-05,9.419367717145022e-05,0.0014328667315417487,0.0014328667315417487
S2_single_R3_record,CEP164,False,computed,377,12,365,0.7002283105022831,0.5232876712328767,0.5232876712328767,0.5232876712328767,0.20022831050228307,0.8333333333333334,-0.3521878784354494,0.6273972602739726,-0.082557973450654,0.023287671232876672,0.4166666666666667,0.13625448332105144,0.43561643835616437,0.1233819774699657,finite published score set; not an assay-population estimate,-0.0008190483319610031,0.0008190483319610031,0.000291314220126182,0.000291314220126182
S2_single_R3_record,CETN1,False,computed,377,12,365,0.7009132420091324,0.5242009132420091,0.5242009132420091,0.5242009132420091,0.2009132420091324,0.8333333333333334,-0.3521878784354494,0.6246575342465753,-0.082557973450654,0.024200913242009126,0.4166666666666667,0.13625448332105144,0.4328767123287671,0.1233819774699657,finite published score set; not an assay-population estimate,-0.00013411682511166312,0.00013411682511166312,0.0012045562292586354,0.0012045562292586354
S2_single_R3_record,CHD1L,False,computed,377,12,365,0.7002283105022831,0.5242009132420091,0.5242009132420091,0.5242009132420091,0.20022831050228307,0.8333333333333334,-0.3521878784354494,0.6273972602739726,-0.082557973450654,0.024200913242009126,0.4166666666666667,0.13625448332105144,0.4328767123287671,0.1233819774699657,finite published score set; not an assay-population estimate,-0.0008190483319610031,0.0008190483319610031,0.0012045562292586354,0.0012045562292586354
S2_single_R3_record,CHRNA4,False,computed,377,12,365,0.7015981735159817,0.5237442922374429,0.5237442922374429,0.5237442922374429,0.20159817351598175,0.8333333333333334,-0.3521878784354494,0.6246575342465753,-0.08196004822673524,0.0237442922374429,0.4166666666666667,0.13625448332105144,0.4328767123287671,0.1233819774699657,finite published score set; not an assay-population estimate,0.0005508146817376769,0.0005508146817376769,0.0007479352246924087,0.0007479352246924087
S2_single_R3_record,CIB1,False,computed,377,12,365,0.7009132420091324,0.5226027397260274,0.5226027397260274,0.5226027397260274,0.2009132420091324,0.8333333333333334,-0.3521878784354494,0.6246575342465753,-0.08196004822673524,0.022602739726027443,0.4166666666666667,0.13625448332105144,0.43561643835616437,0.1228128684412434,finite published score set; not an assay-population estimate,-0.00013411682511166312,0.00013411682511166312,-0.00039361728672304697,0.00039361728672304697
S2_single_R3_record,COPS7A,False,computed,377,12,365,0.7002283105022831,0.5235159817351598,0.5235159817351598,0.5235159817351598,0.20022831050228307,0.8333333333333334,-0.3521878784354494,0.6273972602739726,-0.082557973450654,0.023515981735159786,0.4166666666666667,0.13625448332105144,0.4328767123287671,0.1233819774699657,finite published score set; not an assay-population estimate,-0.0008190483319610031,0.0008190483319610031,0.0005196247224092954,0.0005196247224092954
S2_single_R3_record,COPS8,False,computed,377,12,365,0.7002283105022831,0.5221461187214612,0.5221461187214612,0.5221461187214612,0.20022831050228307,0.8333333333333334,-0.3521878784354494,0.6273972602739726,-0.082557973450654,0.022146118721461217,0.4166666666666667,0.13625448332105144,0.43561643835616437,0.1228128684412434,finite published score set; not an assay-population estimate,-0.0008190483319610031,0.0008190483319610031,-0.0008502382912892736,0.0008502382912892736
S2_single_R3_record,CSNK1E,False,computed,377,12,365,0.7009132420091324,0.5219178082191781,0.5219178082191781,0.5219178082191781,0.2009132420091324,0.8333333333333334,-0.3521878784354494,0.6246575342465753,-0.082557973450654,0.021917808219178103,0.4166666666666667,0.13625448332105144,0.43561643835616437,0.1228128684412434,finite published score set; not an assay-population estimate,-0.00013411682511166312,0.00013411682511166312,-0.001078548793572387,0.001078548793572387
S2_single_R3_record,CUL4A,False,computed,377,12,365,0.7011415525114155,0.5221461187214612,0.5221461187214612,0.5221461187214612,0.20114155251141552,0.8333333333333334,-0.3521878784354494,0.6246575342465753,-0.08196004822673524,0.022146118721461217,0.4166666666666667,0.13625448332105144,0.43561643835616437,0.1228128684412434,finite published score set; not an assay-population estimate,9.419367717145022e-05,9.419367717145022e-05,-0.0008502382912892736,0.0008502382912892736
S2_single_R3_record,CUL4B,False,computed,377,12,365,0.7006849315068493,0.523972602739726,0.523972602739726,0.523972602739726,0.2006849315068493,0.8333333333333334,-0.3521878784354494,0.6246575342465753,-0.082557973450654,0.023972602739726012,0.4166666666666667,0.13625448332105144,0.4328767123287671,0.1233819774699657,finite published score set; not an assay-population estimate,-0.00036242732739477646,0.00036242732739477646,0.000976245726975522,0.000976245726975522
S2_single_R3_record,CXorf57,False,computed,377,12,365,0.7011415525114155,0.5221461187214612,0.5221461187214612,0.5221461187214612,0.20114155251141552,0.8333333333333334,-0.3521878784354494,0.6246575342465753,-0.08196004822673524,0.022146118721461217,0.4166666666666667,0.13625448332105144,0.43561643835616437,0.1228128684412434,finite published score set; not an assay-population estimate,9.419367717145022e-05,9.419367717145022e-05,-0.0008502382912892736,0.0008502382912892736
S2_single_R3_record,DCLRE1A,False,computed,377,12,365,0.7002283105022831,0.5242009132420091,0.5242009132420091,0.5242009132420091,0.20022831050228307,0.8333333333333334,-0.3521878784354494,0.6273972602739726,-0.082557973450654,0.024200913242009126,0.4166666666666667,0.13625448332105144,0.4328767123287671,0.1233819774699657,finite published score set; not an assay-population estimate,-0.0008190483319610031,0.0008190483319610031,0.0012045562292586354,0.0012045562292586354
S2_single_R3_record,DCLRE1B,True,computed,377,11,366,0.7287630402384501,0.5680576254346746,0.5680576254346746,0.5680576254346746,0.22876304023845007,0.8181818181818182,-0.414602888592106,0.6256830601092896,-0.08225901083869461,0.06805762543467464,0.45454545454545453,0.1307934744931222,0.4344262295081967,0.12309742295560455,finite published score set; not an assay-population estimate,0.027715681404205994,0.027715681404205994,0.04506126842192415,0.04506126842192415
S2_single_R3_record,DCLRE1C,False,computed,377,12,365,0.7002283105022831,0.5221461187214612,0.5221461187214612,0.5221461187214612,0.20022831050228307,0.8333333333333334,-0.3521878784354494,0.6273972602739726,-0.082557973450654,0.022146118721461217,0.4166666666666667,0.13625448332105144,0.43561643835616437,0.1228128684412434,finite published score set; not an assay-population estimate,-0.0008190483319610031,0.0008190483319610031,-0.0008502382912892736,0.0008502382912892736
S2_single_R3_record,DDB2,False,computed,377,12,365,0.7002283105022831,0.5226027397260274,0.5226027397260274,0.5226027397260274,0.20022831050228307,0.8333333333333334,-0.3521878784354494,0.6273972602739726,-0.082557973450654,0.022602739726027443,0.4166666666666667,0.13625448332105144,0.43561643835616437,0.1228128684412434,finite published score set; not an assay-population estimate,-0.0008190483319610031,0.0008190483319610031,-0.00039361728672304697,0.00039361728672304697
S2_single_R3_record,DDX1,True,computed,377,11,366,0.6882762046696473,0.4960258320914059,0.4960258320914059,0.4960258320914059,0.18827620466964734,0.8181818181818182,-0.2897728682787928,0.6256830601092896,-0.08225901083869461,-0.003974167908594117,0.36363636363636365,0.1417154921489807,0.4344262295081967,0.12309742295560455,finite published score set; not an assay-population estimate,-0.012771154164596732,0.012771154164596732,-0.026970524921344607,0.026970524921344607
S2_single_R3_record,DDX11,False,computed,377,12,365,0.7013698630136986,0.5235159817351598,0.5235159817351598,0.5235159817351598,0.20136986301369864,0.8333333333333334,-0.3521878784354494,0.6246575342465753,-0.08196004822673524,0.023515981735159786,0.4166666666666667,0.13625448332105144,0.4328767123287671,0.1233819774699657,finite published score set; not an assay-population estimate,0.00032250417945456356,0.00032250417945456356,0.0005196247224092954,0.0005196247224092954
S2_single_R3_record,DEK,False,computed,377,12,365,0.7002283105022831,0.521689497716895,0.521689497716895,0.521689497716895,0.20022831050228307,0.8333333333333334,-0.3521878784354494,0.6273972602739726,-0.082557973450654,0.02168949771689499,0.4166666666666667,0.13625448332105144,0.43561643835616437,0.1228128684412434,finite published score set; not an assay-population estimate,-0.0008190483319610031,0.0008190483319610031,-0.0013068592958555003,0.0013068592958555003
S2_single_R3_record,DMC1,False,computed,377,12,365,0.7009132420091324,0.5242009132420091,0.5242009132420091,0.5242009132420091,0.2009132420091324,0.8333333333333334,-0.3521878784354494,0.6246575342465753,-0.082557973450654,0.024200913242009126,0.4166666666666667,0.13625448332105144,0.4328767123287671,0.1233819774699657,finite published score set; not an assay-population estimate,-0.00013411682511166312,0.00013411682511166312,0.0012045562292586354,0.0012045562292586354
S2_single_R3_record,DNTT,False,computed,377,12,365,0.7002283105022831,0.5221461187214612,0.5221461187214612,0.5221461187214612,0.20022831050228307,0.8333333333333334,-0.3521878784354494,0.6273972602739726,-0.082557973450654,0.022146118721461217,0.4166666666666667,0.13625448332105144,0.43561643835616437,0.1228128684412434,finite published score set; not an assay-population estimate,-0.0008190483319610031,0.0008190483319610031,-0.0008502382912892736,0.0008502382912892736
S2_single_R3_record,DOT1L,True,computed,377,11,366,0.6810730253353204,0.5578738201689022,0.5578738201689022,0.5578738201689022,0.18107302533532044,0.8181818181818182,-0.2897728682787928,0.6256830601092896,-0.08225901083869461,0.05787382016890219,0.45454545454545453,0.1307934744931222,0.4344262295081967,0.12309742295560455,finite published score set; not an assay-population estimate,-0.019974333498923635,0.019974333498923635,0.0348774631561517,0.0348774631561517
S2_single_R3_record,DTX3L,False,computed,377,12,365,0.7002283105022831,0.5235159817351598,0.5235159817351598,0.5235159817351598,0.20022831050228307,0.8333333333333334,-0.3521878784354494,0.6273972602739726,-0.082557973450654,0.023515981735159786,0.4166666666666667,0.13625448332105144,0.4328767123287671,0.1233819774699657,finite published score set; not an assay-population estimate,-0.0008190483319610031,0.0008190483319610031,0.0005196247224092954,0.0005196247224092954
S2_single_R3_record,EEPD1,False,computed,377,12,365,0.7013698630136986,0.5221461187214612,0.5221461187214612,0.5221461187214612,0.20136986301369864,0.8333333333333334,-0.3521878784354494,0.6246575342465753,-0.08196004822673524,0.022146118721461217,0.4166666666666667,0.13625448332105144,0.43561643835616437,0.1228128684412434,finite published score set; not an assay-population estimate,0.00032250417945456356,0.00032250417945456356,-0.0008502382912892736,0.0008502382912892736
S2_single_R3_record,EGFR,False,computed,377,12,365,0.702054794520548,0.5221461187214612,0.5221461187214612,0.5221461187214612,0.20205479452054798,0.8333333333333334,-0.3521878784354494,0.6246575342465753,-0.08196004822673524,0.022146118721461217,0.4166666666666667,0.13625448332105144,0.43561643835616437,0.1228128684412434,finite published score set; not an assay-population estimate,0.0010074356863039036,0.0010074356863039036,-0.0008502382912892736,0.0008502382912892736
S2_single_R3_record,EID3,False,computed,377,12,365,0.7002283105022831,0.5226027397260274,0.5226027397260274,0.5226027397260274,0.20022831050228307,0.8333333333333334,-0.3521878784354494,0.6273972602739726,-0.082557973450654,0.022602739726027443,0.4166666666666667,0.13625448332105144,0.43561643835616437,0.1228128684412434,finite published score set; not an assay-population estimate,-0.0008190483319610031,0.0008190483319610031,-0.00039361728672304697,0.00039361728672304697
S2_single_R3_record,EME1,False,computed,377,12,365,0.702054794520548,0.5235159817351598,0.5235159817351598,0.5235159817351598,0.20205479452054798,0.8333333333333334,-0.3521878784354494,0.6246575342465753,-0.08196004822673524,0.023515981735159786,0.4166666666666667,0.13625448332105144,0.4328767123287671,0.1233819774699657,finite published score set; not an assay-population estimate,0.0010074356863039036,0.0010074356863039036,0.0005196247224092954,0.0005196247224092954
S2_single_R3_record,EME2,False,computed,377,12,365,0.7009132420091324,0.5242009132420091,0.5242009132420091,0.5242009132420091,0.2009132420091324,0.8333333333333334,-0.3521878784354494,0.6246575342465753,-0.082557973450654,0.024200913242009126,0.4166666666666667,0.13625448332105144,0.4328767123287671,0.1233819774699657,finite published score set; not an assay-population estimate,-0.00013411682511166312,0.00013411682511166312,0.0012045562292586354,0.0012045562292586354
S2_single_R3_record,ENDOV,False,computed,377,12,365,0.7002283105022831,0.5226027397260274,0.5226027397260274,0.5226027397260274,0.20022831050228307,0.8333333333333334,-0.3521878784354494,0.6273972602739726,-0.082557973450654,0.022602739726027443,0.4166666666666667,0.13625448332105144,0.43561643835616437,0.1228128684412434,finite published score set; not an assay-population estimate,-0.0008190483319610031,0.0008190483319610031,-0.00039361728672304697,0.00039361728672304697
S2_single_R3_record,EP300,False,computed,377,12,365,0.7009132420091324,0.5232876712328767,0.5232876712328767,0.5232876712328767,0.2009132420091324,0.8333333333333334,-0.3521878784354494,0.6246575342465753,-0.08196004822673524,0.023287671232876672,0.4166666666666667,0.13625448332105144,0.4328767123287671,0.1233819774699657,finite published score set; not an assay-population estimate,-0.00013411682511166312,0.00013411682511166312,0.000291314220126182,0.000291314220126182
S2_single_R3_record,EPC1,False,computed,377,12,365,0.7011415525114155,0.5219178082191781,0.5219178082191781,0.5219178082191781,0.20114155251141552,0.8333333333333334,-0.3521878784354494,0.6246575342465753,-0.08196004822673524,0.021917808219178103,0.4166666666666667,0.13625448332105144,0.43561643835616437,0.1228128684412434,finite published score set; not an assay-population estimate,9.419367717145022e-05,9.419367717145022e-05,-0.001078548793572387,0.001078548793572387
S2_single_R3_record,EPC2,False,computed,377,12,365,0.7013698630136986,0.5230593607305936,0.5230593607305936,0.5230593607305936,0.20136986301369864,0.8333333333333334,-0.3521878784354494,0.6246575342465753,-0.08196004822673524,0.02305936073059356,0.4166666666666667,0.13625448332105144,0.43561643835616437,0.1228128684412434,finite published score set; not an assay-population estimate,0.00032250417945456356,0.00032250417945456356,6.300371784306869e-05,6.300371784306869e-05
S2_single_R3_record,ERCC1,False,computed,377,12,365,0.7011415525114155,0.5228310502283106,0.5228310502283106,0.5228310502283106,0.20114155251141552,0.8333333333333334,-0.3521878784354494,0.6246575342465753,-0.08196004822673524,0.022831050228310557,0.4166666666666667,0.13625448332105144,0.43561643835616437,0.1228128684412434,finite published score set; not an assay-population estimate,9.419367717145022e-05,9.419367717145022e-05,-0.00016530678443993363,0.00016530678443993363
S2_single_R3_record,ERCC5,False,computed,377,12,365,0.7002283105022831,0.5242009132420091,0.5242009132420091,0.5242009132420091,0.20022831050228307,0.8333333333333334,-0.3521878784354494,0.6273972602739726,-0.082557973450654,0.024200913242009126,0.4166666666666667,0.13625448332105144,0.4328767123287671,0.1233819774699657,finite published score set; not an assay-population estimate,-0.0008190483319610031,0.0008190483319610031,0.0012045562292586354,0.0012045562292586354
S2_single_R3_record,ERCC6,False,computed,377,12,365,0.7009132420091324,0.5237442922374429,0.5237442922374429,0.5237442922374429,0.2009132420091324,0.8333333333333334,-0.3521878784354494,0.6246575342465753,-0.082557973450654,0.0237442922374429,0.4166666666666667,0.13625448332105144,0.4328767123287671,0.1233819774699657,finite published score set; not an assay-population estimate,-0.00013411682511166312,0.00013411682511166312,0.0007479352246924087,0.0007479352246924087
S2_single_R3_record,ERCC6L2,False,computed,377,12,365,0.7011415525114155,0.5242009132420091,0.5242009132420091,0.5242009132420091,0.20114155251141552,0.8333333333333334,-0.3521878784354494,0.6246575342465753,-0.08196004822673524,0.024200913242009126,0.4166666666666667,0.13625448332105144,0.4328767123287671,0.1233819774699657,finite published score set; not an assay-population estimate,9.419367717145022e-05,9.419367717145022e-05,0.0012045562292586354,0.0012045562292586354
S2_single_R3_record,ERCC8,False,computed,377,12,365,0.7002283105022831,0.5226027397260274,0.5226027397260274,0.5226027397260274,0.20022831050228307,0.8333333333333334,-0.3521878784354494,0.6273972602739726,-0.082557973450654,0.022602739726027443,0.4166666666666667,0.13625448332105144,0.43561643835616437,0.1228128684412434,finite published score set; not an assay-population estimate,-0.0008190483319610031,0.0008190483319610031,-0.00039361728672304697,0.00039361728672304697
S2_single_R3_record,ETAA1,False,computed,377,12,365,0.7002283105022831,0.5235159817351598,0.5235159817351598,0.5235159817351598,0.20022831050228307,0.8333333333333334,-0.3521878784354494,0.6273972602739726,-0.082557973450654,0.023515981735159786,0.4166666666666667,0.13625448332105144,0.4328767123287671,0.1233819774699657,finite published score set; not an assay-population estimate,-0.0008190483319610031,0.0008190483319610031,0.0005196247224092954,0.0005196247224092954
S2_single_R3_record,EXD2,False,computed,377,12,365,0.7015981735159817,0.5230593607305936,0.5230593607305936,0.5230593607305936,0.20159817351598175,0.8333333333333334,-0.3521878784354494,0.6246575342465753,-0.08196004822673524,0.02305936073059356,0.4166666666666667,0.13625448332105144,0.43561643835616437,0.1228128684412434,finite published score set; not an assay-population estimate,0.0005508146817376769,0.0005508146817376769,6.300371784306869e-05,6.300371784306869e-05
S2_single_R3_record,EXO1,False,computed,377,12,365,0.7013698630136986,0.5237442922374429,0.5237442922374429,0.5237442922374429,0.20136986301369864,0.8333333333333334,-0.3521878784354494,0.6246575342465753,-0.08196004822673524,0.0237442922374429,0.4166666666666667,0.13625448332105144,0.4328767123287671,0.1233819774699657,finite published score set; not an assay-population estimate,0.00032250417945456356,0.00032250417945456356,0.0007479352246924087,0.0007479352246924087
S2_single_R3_record,EXO5,False,computed,377,12,365,0.7011415525114155,0.5232876712328767,0.5232876712328767,0.5232876712328767,0.20114155251141552,0.8333333333333334,-0.3521878784354494,0.6246575342465753,-0.08196004822673524,0.023287671232876672,0.4166666666666667,0.13625448332105144,0.4328767123287671,0.1233819774699657,finite published score set; not an assay-population estimate,9.419367717145022e-05,9.419367717145022e-05,0.000291314220126182,0.000291314220126182
S2_single_R3_record,EYA2,False,computed,377,12,365,0.7011415525114155,0.5221461187214612,0.5221461187214612,0.5221461187214612,0.20114155251141552,0.8333333333333334,-0.3521878784354494,0.6246575342465753,-0.08196004822673524,0.022146118721461217,0.4166666666666667,0.13625448332105144,0.43561643835616437,0.1228128684412434,finite published score set; not an assay-population estimate,9.419367717145022e-05,9.419367717145022e-05,-0.0008502382912892736,0.0008502382912892736
S2_single_R3_record,EYA3,False,computed,377,12,365,0.7002283105022831,0.5242009132420091,0.5242009132420091,0.5242009132420091,0.20022831050228307,0.8333333333333334,-0.3521878784354494,0.6273972602739726,-0.082557973450654,0.024200913242009126,0.4166666666666667,0.13625448332105144,0.4328767123287671,0.1233819774699657,finite published score set; not an assay-population estimate,-0.0008190483319610031,0.0008190483319610031,0.0012045562292586354,0.0012045562292586354
S2_single_R3_record,EYA4,False,computed,377,12,365,0.7002283105022831,0.5235159817351598,0.5235159817351598,0.5235159817351598,0.20022831050228307,0.8333333333333334,-0.3521878784354494,0.6273972602739726,-0.082557973450654,0.023515981735159786,0.4166666666666667,0.13625448332105144,0.4328767123287671,0.1233819774699657,finite published score set; not an assay-population estimate,-0.0008190483319610031,0.0008190483319610031,0.0005196247224092954,0.0005196247224092954
S2_single_R3_record,FAM168A,False,computed,377,12,365,0.7002283105022831,0.5235159817351598,0.5235159817351598,0.5235159817351598,0.20022831050228307,0.8333333333333334,-0.3521878784354494,0.6273972602739726,-0.082557973450654,0.023515981735159786,0.4166666666666667,0.13625448332105144,0.4328767123287671,0.1233819774699657,finite published score set; not an assay-population estimate,-0.0008190483319610031,0.0008190483319610031,0.0005196247224092954,0.0005196247224092954
S2_single_R3_record,FAM175A,False,computed,377,12,365,0.7027397260273973,0.5242009132420091,0.5242009132420091,0.5242009132420091,0.20273972602739732,0.8333333333333334,-0.3521878784354494,0.6246575342465753,-0.08196004822673524,0.024200913242009126,0.4166666666666667,0.13625448332105144,0.4328767123287671,0.1233819774699657,finite published score set; not an assay-population estimate,0.0016923671931532436,0.0016923671931532436,0.0012045562292586354,0.0012045562292586354
S2_single_R3_record,FAM178A,False,computed,377,12,365,0.7009132420091324,0.5221461187214612,0.5221461187214612,0.5221461187214612,0.2009132420091324,0.8333333333333334,-0.3521878784354494,0.6246575342465753,-0.082557973450654,0.022146118721461217,0.4166666666666667,0.13625448332105144,0.43561643835616437,0.1228128684412434,finite published score set; not an assay-population estimate,-0.00013411682511166312,0.00013411682511166312,-0.0008502382912892736,0.0008502382912892736
S2_single_R3_record,FAM35A,False,computed,377,12,365,0.7002283105022831,0.5221461187214612,0.5221461187214612,0.5221461187214612,0.20022831050228307,0.8333333333333334,-0.3521878784354494,0.6273972602739726,-0.082557973450654,0.022146118721461217,0.4166666666666667,0.13625448332105144,0.43561643835616437,0.1228128684412434,finite published score set; not an assay-population estimate,-0.0008190483319610031,0.0008190483319610031,-0.0008502382912892736,0.0008502382912892736
S2_single_R3_record,FAN1,False,computed,377,12,365,0.702054794520548,0.5232876712328767,0.5232876712328767,0.5232876712328767,0.20205479452054798,0.8333333333333334,-0.3521878784354494,0.6246575342465753,-0.08196004822673524,0.023287671232876672,0.4166666666666667,0.13625448332105144,0.43561643835616437,0.1228128684412434,finite published score set; not an assay-population estimate,0.0010074356863039036,0.0010074356863039036,0.000291314220126182,0.000291314220126182
S2_single_R3_record,FANCA,False,computed,377,12,365,0.7011415525114155,0.5242009132420091,0.5242009132420091,0.5242009132420091,0.20114155251141552,0.8333333333333334,-0.3521878784354494,0.6246575342465753,-0.08196004822673524,0.024200913242009126,0.4166666666666667,0.13625448332105144,0.4328767123287671,0.1233819774699657,finite published score set; not an assay-population estimate,9.419367717145022e-05,9.419367717145022e-05,0.0012045562292586354,0.0012045562292586354
S2_single_R3_record,FANCB,False,computed,377,12,365,0.702054794520548,0.5219178082191781,0.5219178082191781,0.5219178082191781,0.20205479452054798,0.8333333333333334,-0.3521878784354494,0.6246575342465753,-0.08196004822673524,0.021917808219178103,0.4166666666666667,0.13625448332105144,0.43561643835616437,0.1228128684412434,finite published score set; not an assay-population estimate,0.0010074356863039036,0.0010074356863039036,-0.001078548793572387,0.001078548793572387
S2_single_R3_record,FANCC,False,computed,377,12,365,0.7011415525114155,0.521689497716895,0.521689497716895,0.521689497716895,0.20114155251141552,0.8333333333333334,-0.3521878784354494,0.6246575342465753,-0.08196004822673524,0.02168949771689499,0.4166666666666667,0.13625448332105144,0.43561643835616437,0.1228128684412434,finite published score set; not an assay-population estimate,9.419367717145022e-05,9.419367717145022e-05,-0.0013068592958555003,0.0013068592958555003
S2_single_R3_record,FANCD2,False,computed,377,12,365,0.7013698630136986,0.5228310502283106,0.5228310502283106,0.5228310502283106,0.20136986301369864,0.8333333333333334,-0.3521878784354494,0.6246575342465753,-0.08196004822673524,0.022831050228310557,0.4166666666666667,0.13625448332105144,0.43561643835616437,0.1228128684412434,finite published score set; not an assay-population estimate,0.00032250417945456356,0.00032250417945456356,-0.00016530678443993363,0.00016530678443993363
S2_single_R3_record,FANCE,False,computed,377,12,365,0.7025114155251142,0.5235159817351598,0.5235159817351598,0.5235159817351598,0.2025114155251142,0.8333333333333334,-0.3521878784354494,0.6246575342465753,-0.08196004822673524,0.023515981735159786,0.4166666666666667,0.13625448332105144,0.4328767123287671,0.1233819774699657,finite published score set; not an assay-population estimate,0.0014640566908701302,0.0014640566908701302,0.0005196247224092954,0.0005196247224092954
S2_single_R3_record,FANCF,True,computed,377,11,366,0.7054148037754595,0.5397416790859414,0.5397416790859414,0.5397416790859414,0.2054148037754595,0.8181818181818182,-0.414602888592106,0.6256830601092896,-0.08225901083869461,0.039741679085941395,0.45454545454545453,0.1307934744931222,0.4344262295081967,0.12309742295560455,finite published score set; not an assay-population estimate,0.004367444941215437,0.004367444941215437,0.016745322073190905,0.016745322073190905
S2_single_R3_record,FANCG,False,computed,377,12,365,0.7015981735159817,0.5226027397260274,0.5226027397260274,0.5226027397260274,0.20159817351598175,0.8333333333333334,-0.3521878784354494,0.6246575342465753,-0.08196004822673524,0.022602739726027443,0.4166666666666667,0.13625448332105144,0.43561643835616437,0.1228128684412434,finite published score set; not an assay-population estimate,0.0005508146817376769,0.0005508146817376769,-0.00039361728672304697,0.00039361728672304697
S2_single_R3_record,FANCL,False,computed,377,12,365,0.7004566210045662,0.5242009132420091,0.5242009132420091,0.5242009132420091,0.20045662100456618,0.8333333333333334,-0.3521878784354494,0.6273972602739726,-0.082557973450654,0.024200913242009126,0.4166666666666667,0.13625448332105144,0.4328767123287671,0.1233819774699657,finite published score set; not an assay-population estimate,-0.0005907378296778898,0.0005907378296778898,0.0012045562292586354,0.0012045562292586354
S2_single_R3_record,FANCM,False,computed,377,12,365,0.7013698630136986,0.5242009132420091,0.5242009132420091,0.5242009132420091,0.20136986301369864,0.8333333333333334,-0.3521878784354494,0.6246575342465753,-0.08196004822673524,0.024200913242009126,0.4166666666666667,0.13625448332105144,0.4328767123287671,0.1233819774699657,finite published score set; not an assay-population estimate,0.00032250417945456356,0.00032250417945456356,0.0012045562292586354,0.0012045562292586354
S2_single_R3_record,FBXO18,False,computed,377,12,365,0.7002283105022831,0.5221461187214612,0.5221461187214612,0.5221461187214612,0.20022831050228307,0.8333333333333334,-0.3521878784354494,0.6273972602739726,-0.082557973450654,0.022146118721461217,0.4166666666666667,0.13625448332105144,0.43561643835616437,0.1228128684412434,finite published score set; not an assay-population estimate,-0.0008190483319610031,0.0008190483319610031,-0.0008502382912892736,0.0008502382912892736
S2_single_R3_record,FBXO6,False,computed,377,12,365,0.702054794520548,0.5235159817351598,0.5235159817351598,0.5235159817351598,0.20205479452054798,0.8333333333333334,-0.3521878784354494,0.6246575342465753,-0.08196004822673524,0.023515981735159786,0.4166666666666667,0.13625448332105144,0.4328767123287671,0.1233819774699657,finite published score set; not an assay-population estimate,0.0010074356863039036,0.0010074356863039036,0.0005196247224092954,0.0005196247224092954
S2_single_R3_record,FGF10,False,computed,377,12,365,0.7002283105022831,0.5221461187214612,0.5221461187214612,0.5221461187214612,0.20022831050228307,0.8333333333333334,-0.3521878784354494,0.6273972602739726,-0.082557973450654,0.022146118721461217,0.4166666666666667,0.13625448332105144,0.43561643835616437,0.1228128684412434,finite published score set; not an assay-population estimate,-0.0008190483319610031,0.0008190483319610031,-0.0008502382912892736,0.0008502382912892736
S2_single_R3_record,FH,False,computed,377,12,365,0.7015981735159817,0.5219178082191781,0.5219178082191781,0.5219178082191781,0.20159817351598175,0.8333333333333334,-0.3521878784354494,0.6246575342465753,-0.08196004822673524,0.021917808219178103,0.4166666666666667,0.13625448332105144,0.43561643835616437,0.1228128684412434,finite published score set; not an assay-population estimate,0.0005508146817376769,0.0005508146817376769,-0.001078548793572387,0.001078548793572387
S2_single_R3_record,FIGN,False,computed,377,12,365,0.7025114155251142,0.5226027397260274,0.5226027397260274,0.5226027397260274,0.2025114155251142,0.8333333333333334,-0.3521878784354494,0.6246575342465753,-0.08196004822673524,0.022602739726027443,0.4166666666666667,0.13625448332105144,0.43561643835616437,0.1228128684412434,finite published score set; not an assay-population estimate,0.0014640566908701302,0.0014640566908701302,-0.00039361728672304697,0.00039361728672304697
S2_single_R3_record,FIGNL1,False,computed,377,12,365,0.7002283105022831,0.5221461187214612,0.5221461187214612,0.5221461187214612,0.20022831050228307,0.8333333333333334,-0.3521878784354494,0.6273972602739726,-0.082557973450654,0.022146118721461217,0.4166666666666667,0.13625448332105144,0.43561643835616437,0.1228128684412434,finite published score set; not an assay-population estimate,-0.0008190483319610031,0.0008190483319610031,-0.0008502382912892736,0.0008502382912892736
S2_single_R3_record,FIGNL2,False,computed,377,12,365,0.7006849315068493,0.5237442922374429,0.5237442922374429,0.5237442922374429,0.2006849315068493,0.8333333333333334,-0.3521878784354494,0.6273972602739726,-0.082557973450654,0.0237442922374429,0.4166666666666667,0.13625448332105144,0.4328767123287671,0.1233819774699657,finite published score set; not an assay-population estimate,-0.00036242732739477646,0.00036242732739477646,0.0007479352246924087,0.0007479352246924087
S2_single_R3_record,FMN2,False,computed,377,12,365,0.7011415525114155,0.5221461187214612,0.5221461187214612,0.5221461187214612,0.20114155251141552,0.8333333333333334,-0.3521878784354494,0.6246575342465753,-0.08196004822673524,0.022146118721461217,0.4166666666666667,0.13625448332105144,0.43561643835616437,0.1228128684412434,finite published score set; not an assay-population estimate,9.419367717145022e-05,9.419367717145022e-05,-0.0008502382912892736,0.0008502382912892736
S2_single_R3_record,FOXM1,False,computed,377,12,365,0.7015981735159817,0.5242009132420091,0.5242009132420091,0.5242009132420091,0.20159817351598175,0.8333333333333334,-0.3521878784354494,0.6246575342465753,-0.08196004822673524,0.024200913242009126,0.4166666666666667,0.13625448332105144,0.4328767123287671,0.1233819774699657,finite published score set; not an assay-population estimate,0.0005508146817376769,0.0005508146817376769,0.0012045562292586354,0.0012045562292586354
S2_single_R3_record,FTO,False,computed,377,12,365,0.7006849315068493,0.5219178082191781,0.5219178082191781,0.5219178082191781,0.2006849315068493,0.8333333333333334,-0.3521878784354494,0.6273972602739726,-0.082557973450654,0.021917808219178103,0.4166666666666667,0.13625448332105144,0.43561643835616437,0.1228128684412434,finite published score set; not an assay-population estimate,-0.00036242732739477646,0.00036242732739477646,-0.001078548793572387,0.001078548793572387
S2_single_R3_record,FUS,False,computed,377,12,365,0.7022831050228311,0.5232876712328767,0.5232876712328767,0.5232876712328767,0.2022831050228311,0.8333333333333334,-0.3521878784354494,0.6246575342465753,-0.08196004822673524,0.023287671232876672,0.4166666666666667,0.13625448332105144,0.4328767123287671,0.1233819774699657,finite published score set; not an assay-population estimate,0.001235746188587017,0.001235746188587017,0.000291314220126182,0.000291314220126182
S2_single_R3_record,FZR1,False,computed,377,12,365,0.7002283105022831,0.5219178082191781,0.5219178082191781,0.5219178082191781,0.20022831050228307,0.8333333333333334,-0.3521878784354494,0.6273972602739726,-0.082557973450654,0.021917808219178103,0.4166666666666667,0.13625448332105144,0.43561643835616437,0.1228128684412434,finite published score set; not an assay-population estimate,-0.0008190483319610031,0.0008190483319610031,-0.001078548793572387,0.001078548793572387
S2_single_R3_record,GADD45A,False,computed,377,12,365,0.7009132420091324,0.5235159817351598,0.5235159817351598,0.5235159817351598,0.2009132420091324,0.8333333333333334,-0.3521878784354494,0.6246575342465753,-0.082557973450654,0.023515981735159786,0.4166666666666667,0.13625448332105144,0.4328767123287671,0.1233819774699657,finite published score set; not an assay-population estimate,-0.00013411682511166312,0.00013411682511166312,0.0005196247224092954,0.0005196247224092954
S2_single_R3_record,GEN1,False,computed,377,12,365,0.7009132420091324,0.523972602739726,0.523972602739726,0.523972602739726,0.2009132420091324,0.8333333333333334,-0.3521878784354494,0.6246575342465753,-0.082557973450654,0.023972602739726012,0.4166666666666667,0.13625448332105144,0.4328767123287671,0.1233819774699657,finite published score set; not an assay-population estimate,-0.00013411682511166312,0.00013411682511166312,0.000976245726975522,0.000976245726975522
S2_single_R3_record,GGN,False,computed,377,12,365,0.7002283105022831,0.5221461187214612,0.5221461187214612,0.5221461187214612,0.20022831050228307,0.8333333333333334,-0.3521878784354494,0.6273972602739726,-0.082557973450654,0.022146118721461217,0.4166666666666667,0.13625448332105144,0.43561643835616437,0.1228128684412434,finite published score set; not an assay-population estimate,-0.0008190483319610031,0.0008190483319610031,-0.0008502382912892736,0.0008502382912892736
S2_single_R3_record,GPS1,False,computed,377,12,365,0.7006849315068493,0.5221461187214612,0.5221461187214612,0.5221461187214612,0.2006849315068493,0.8333333333333334,-0.3521878784354494,0.6273972602739726,-0.082557973450654,0.022146118721461217,0.4166666666666667,0.13625448332105144,0.43561643835616437,0.1228128684412434,finite published score set; not an assay-population estimate,-0.00036242732739477646,0.00036242732739477646,-0.0008502382912892736,0.0008502382912892736
S2_single_R3_record,GTF2H3,False,computed,377,12,365,0.7027397260273973,0.5221461187214612,0.5221461187214612,0.5221461187214612,0.20273972602739732,0.8333333333333334,-0.3521878784354494,0.6246575342465753,-0.08196004822673524,0.022146118721461217,0.4166666666666667,0.13625448332105144,0.43561643835616437,0.1228128684412434,finite published score set; not an assay-population estimate,0.0016923671931532436,0.0016923671931532436,-0.0008502382912892736,0.0008502382912892736
S2_single_R3_record,GTF2H5,True,computed,377,11,366,0.6954793840039741,0.5273224043715847,0.5273224043715847,0.5273224043715847,0.19547938400397413,0.8181818181818182,-0.414602888592106,0.6256830601092896,-0.08225901083869461,0.02732240437158473,0.45454545454545453,0.1307934744931222,0.4344262295081967,0.12309742295560455,finite published score set; not an assay-population estimate,-0.0055679748302699394,0.0055679748302699394,0.00432604735883424,0.00432604735883424
S2_single_R3_record,H2AFX,False,computed,377,12,365,0.7029680365296803,0.5242009132420091,0.5242009132420091,0.5242009132420091,0.20296803652968032,0.8333333333333334,-0.3521878784354494,0.6246575342465753,-0.08196004822673524,0.024200913242009126,0.4166666666666667,0.13625448332105144,0.4328767123287671,0.1233819774699657,finite published score set; not an assay-population estimate,0.0019206776954362459,0.0019206776954362459,0.0012045562292586354,0.0012045562292586354
S2_single_R3_record,HDAC10,False,computed,377,12,365,0.7006849315068493,0.5221461187214612,0.5221461187214612,0.5221461187214612,0.2006849315068493,0.8333333333333334,-0.3521878784354494,0.6246575342465753,-0.082557973450654,0.022146118721461217,0.4166666666666667,0.13625448332105144,0.43561643835616437,0.1228128684412434,finite published score set; not an assay-population estimate,-0.00036242732739477646,0.00036242732739477646,-0.0008502382912892736,0.0008502382912892736
S2_single_R3_record,HELB,False,computed,377,12,365,0.7002283105022831,0.5228310502283106,0.5228310502283106,0.5228310502283106,0.20022831050228307,0.8333333333333334,-0.3521878784354494,0.6273972602739726,-0.082557973450654,0.022831050228310557,0.4166666666666667,0.13625448332105144,0.43561643835616437,0.1228128684412434,finite published score set; not an assay-population estimate,-0.0008190483319610031,0.0008190483319610031,-0.00016530678443993363,0.00016530678443993363
S2_single_R3_record,HELQ,False,computed,377,12,365,0.7025114155251142,0.5237442922374429,0.5237442922374429,0.5237442922374429,0.2025114155251142,0.8333333333333334,-0.3521878784354494,0.6246575342465753,-0.08196004822673524,0.0237442922374429,0.4166666666666667,0.13625448332105144,0.4328767123287671,0.1233819774699657,finite published score set; not an assay-population estimate,0.0014640566908701302,0.0014640566908701302,0.0007479352246924087,0.0007479352246924087
S2_single_R3_record,HIST3H2A,False,computed,377,12,365,0.7002283105022831,0.5235159817351598,0.5235159817351598,0.5235159817351598,0.20022831050228307,0.8333333333333334,-0.3521878784354494,0.6273972602739726,-0.082557973450654,0.023515981735159786,0.4166666666666667,0.13625448332105144,0.4328767123287671,0.1233819774699657,finite published score set; not an assay-population estimate,-0.0008190483319610031,0.0008190483319610031,0.0005196247224092954,0.0005196247224092954
S2_single_R3_record,HIST3H3,False,computed,377,12,365,0.7002283105022831,0.5221461187214612,0.5221461187214612,0.5221461187214612,0.20022831050228307,0.8333333333333334,-0.3521878784354494,0.6273972602739726,-0.082557973450654,0.022146118721461217,0.4166666666666667,0.13625448332105144,0.43561643835616437,0.1228128684412434,finite published score set; not an assay-population estimate,-0.0008190483319610031,0.0008190483319610031,-0.0008502382912892736,0.0008502382912892736
S2_single_R3_record,HIST4H4,False,computed,377,12,365,0.7009132420091324,0.5235159817351598,0.5235159817351598,0.5235159817351598,0.2009132420091324,0.8333333333333334,-0.3521878784354494,0.6246575342465753,-0.082557973450654,0.023515981735159786,0.4166666666666667,0.13625448332105144,0.4328767123287671,0.1233819774699657,finite published score set; not an assay-population estimate,-0.00013411682511166312,0.00013411682511166312,0.0005196247224092954,0.0005196247224092954
S2_single_R3_record,HMGA1,False,computed,377,12,365,0.7022831050228311,0.5232876712328767,0.5232876712328767,0.5232876712328767,0.2022831050228311,0.8333333333333334,-0.3521878784354494,0.6246575342465753,-0.08196004822673524,0.023287671232876672,0.4166666666666667,0.13625448332105144,0.43561643835616437,0.1233819774699657,finite published score set; not an assay-population estimate,0.001235746188587017,0.001235746188587017,0.000291314220126182,0.000291314220126182
S2_single_R3_record,HMGA2,False,computed,377,12,365,0.7006849315068493,0.5221461187214612,0.5221461187214612,0.5221461187214612,0.2006849315068493,0.8333333333333334,-0.3521878784354494,0.6273972602739726,-0.082557973450654,0.022146118721461217,0.4166666666666667,0.13625448332105144,0.43561643835616437,0.1228128684412434,finite published score set; not an assay-population estimate,-0.00036242732739477646,0.00036242732739477646,-0.0008502382912892736,0.0008502382912892736
S2_single_R3_record,HMGB2,False,computed,377,12,365,0.7011415525114155,0.5219178082191781,0.5219178082191781,0.5219178082191781,0.20114155251141552,0.8333333333333334,-0.3521878784354494,0.6246575342465753,-0.08196004822673524,0.021917808219178103,0.4166666666666667,0.13625448332105144,0.43561643835616437,0.1228128684412434,finite published score set; not an assay-population estimate,9.419367717145022e-05,9.419367717145022e-05,-0.001078548793572387,0.001078548793572387
S2_single_R3_record,HMGN1,False,computed,377,12,365,0.7011415525114155,0.5221461187214612,0.5221461187214612,0.5221461187214612,0.20114155251141552,0.8333333333333334,-0.3521878784354494,0.6246575342465753,-0.08196004822673524,0.022146118721461217,0.4166666666666667,0.13625448332105144,0.43561643835616437,0.1228128684412434,finite published score set; not an assay-population estimate,9.419367717145022e-05,9.419367717145022e-05,-0.0008502382912892736,0.0008502382912892736
S2_single_R3_record,HSF1,False,computed,377,12,365,0.7013698630136986,0.5219178082191781,0.5219178082191781,0.5219178082191781,0.20136986301369864,0.8333333333333334,-0.3521878784354494,0.6246575342465753,-0.08196004822673524,0.021917808219178103,0.4166666666666667,0.13625448332105144,0.43561643835616437,0.1228128684412434,finite published score set; not an assay-population estimate,0.00032250417945456356,0.00032250417945456356,-0.001078548793572387,0.001078548793572387
S2_single_R3_record,HUS1B,False,computed,377,12,365,0.702054794520548,0.5221461187214612,0.5221461187214612,0.5221461187214612,0.20205479452054798,0.8333333333333334,-0.3521878784354494,0.6246575342465753,-0.08196004822673524,0.022146118721461217,0.4166666666666667,0.13625448332105144,0.43561643835616437,0.1228128684412434,finite published score set; not an assay-population estimate,0.0010074356863039036,0.0010074356863039036,-0.0008502382912892736,0.0008502382912892736
S2_single_R3_record,HUWE1,False,computed,377,12,365,0.7027397260273973,0.5242009132420091,0.5242009132420091,0.5242009132420091,0.20273972602739732,0.8333333333333334,-0.3521878784354494,0.6246575342465753,-0.08196004822673524,0.024200913242009126,0.4166666666666667,0.13625448332105144,0.4328767123287671,0.1233819774699657,finite published score set; not an assay-population estimate,0.0016923671931532436,0.0016923671931532436,0.0012045562292586354,0.0012045562292586354
S2_single_R3_record,IGHMBP2,False,computed,377,12,365,0.7011415525114155,0.5221461187214612,0.5221461187214612,0.5221461187214612,0.20114155251141552,0.8333333333333334,-0.3521878784354494,0.6246575342465753,-0.08196004822673524,0.022146118721461217,0.4166666666666667,0.13625448332105144,0.43561643835616437,0.1228128684412434,finite published score set; not an assay-population estimate,9.419367717145022e-05,9.419367717145022e-05,-0.0008502382912892736,0.0008502382912892736
S2_single_R3_record,ING3,False,computed,377,12,365,0.7022831050228311,0.5232876712328767,0.5232876712328767,0.5232876712328767,0.2022831050228311,0.8333333333333334,-0.3521878784354494,0.6246575342465753,-0.08196004822673524,0.023287671232876672,0.4166666666666667,0.13625448332105144,0.43561643835616437,0.1233819774699657,finite published score set; not an assay-population estimate,0.001235746188587017,0.001235746188587017,0.000291314220126182,0.000291314220126182
S2_single_R3_record,INIP,False,computed,377,12,365,0.7002283105022831,0.5221461187214612,0.5221461187214612,0.5221461187214612,0.20022831050228307,0.8333333333333334,-0.3521878784354494,0.6273972602739726,-0.082557973450654,0.022146118721461217,0.4166666666666667,0.13625448332105144,0.43561643835616437,0.1228128684412434,finite published score set; not an assay-population estimate,-0.0008190483319610031,0.0008190483319610031,-0.0008502382912892736,0.0008502382912892736
S2_single_R3_record,INO80C,False,computed,377,12,365,0.7011415525114155,0.5232876712328767,0.5232876712328767,0.5232876712328767,0.20114155251141552,0.8333333333333334,-0.3521878784354494,0.6246575342465753,-0.08196004822673524,0.023287671232876672,0.4166666666666667,0.13625448332105144,0.43561643835616437,0.1233819774699657,finite published score set; not an assay-population estimate,9.419367717145022e-05,9.419367717145022e-05,0.000291314220126182,0.000291314220126182
S2_single_R3_record,INO80D,False,computed,377,12,365,0.7013698630136986,0.5235159817351598,0.5235159817351598,0.5235159817351598,0.20136986301369864,0.8333333333333334,-0.3521878784354494,0.6246575342465753,-0.08196004822673524,0.023515981735159786,0.4166666666666667,0.13625448332105144,0.4328767123287671,0.1233819774699657,finite published score set; not an assay-population estimate,0.00032250417945456356,0.00032250417945456356,0.0005196247224092954,0.0005196247224092954
S2_single_R3_record,INO80E,False,computed,377,12,365,0.7011415525114155,0.5219178082191781,0.5219178082191781,0.5219178082191781,0.20114155251141552,0.8333333333333334,-0.3521878784354494,0.6246575342465753,-0.08196004822673524,0.021917808219178103,0.4166666666666667,0.13625448332105144,0.43561643835616437,0.1228128684412434,finite published score set; not an assay-population estimate,9.419367717145022e-05,9.419367717145022e-05,-0.001078548793572387,0.001078548793572387
S2_single_R3_record,ISG15,False,computed,377,12,365,0.7015981735159817,0.5232876712328767,0.5232876712328767,0.5232876712328767,0.20159817351598175,0.8333333333333334,-0.3521878784354494,0.6246575342465753,-0.08196004822673524,0.023287671232876672,0.4166666666666667,0.13625448332105144,0.4328767123287671,0.1233819774699657,finite published score set; not an assay-population estimate,0.0005508146817376769,0.0005508146817376769,0.000291314220126182,0.000291314220126182
S2_single_R3_record,JMY,False,computed,377,12,365,0.7009132420091324,0.5235159817351598,0.5235159817351598,0.5235159817351598,0.2009132420091324,0.8333333333333334,-0.3521878784354494,0.6246575342465753,-0.082557973450654,0.023515981735159786,0.4166666666666667,0.13625448332105144,0.4328767123287671,0.1233819774699657,finite published score set; not an assay-population estimate,-0.00013411682511166312,0.00013411682511166312,0.0005196247224092954,0.0005196247224092954
S2_single_R3_record,KAT5,False,computed,377,12,365,0.7002283105022831,0.5226027397260274,0.5226027397260274,0.5226027397260274,0.20022831050228307,0.8333333333333334,-0.3521878784354494,0.6273972602739726,-0.082557973450654,0.022602739726027443,0.4166666666666667,0.13625448332105144,0.43561643835616437,0.1228128684412434,finite published score set; not an assay-population estimate,-0.0008190483319610031,0.0008190483319610031,-0.00039361728672304697,0.00039361728672304697
S2_single_R3_record,KDM1A,False,computed,377,12,365,0.702054794520548,0.5235159817351598,0.5235159817351598,0.5235159817351598,0.20205479452054798,0.8333333333333334,-0.3521878784354494,0.6246575342465753,-0.08196004822673524,0.023515981735159786,0.4166666666666667,0.13625448332105144,0.4328767123287671,0.1233819774699657,finite published score set; not an assay-population estimate,0.0010074356863039036,0.0010074356863039036,0.0005196247224092954,0.0005196247224092954
S2_single_R3_record,KDM2A,False,computed,377,12,365,0.7009132420091324,0.5232876712328767,0.5232876712328767,0.5232876712328767,0.2009132420091324,0.8333333333333334,-0.3521878784354494,0.6246575342465753,-0.082557973450654,0.023287671232876672,0.4166666666666667,0.13625448332105144,0.43561643835616437,0.1233819774699657,finite published score set; not an assay-population estimate,-0.00013411682511166312,0.00013411682511166312,0.000291314220126182,0.000291314220126182
S2_single_R3_record,KDM4D,False,computed,377,12,365,0.7011415525114155,0.5235159817351598,0.5235159817351598,0.5235159817351598,0.20114155251141552,0.8333333333333334,-0.3521878784354494,0.6246575342465753,-0.08196004822673524,0.023515981735159786,0.4166666666666667,0.13625448332105144,0.4328767123287671,0.1233819774699657,finite published score set; not an assay-population estimate,9.419367717145022e-05,9.419367717145022e-05,0.0005196247224092954,0.0005196247224092954
S2_single_R3_record,KIAA0101,False,computed,377,12,365,0.7009132420091324,0.5221461187214612,0.5221461187214612,0.5221461187214612,0.2009132420091324,0.8333333333333334,-0.3521878784354494,0.6246575342465753,-0.082557973450654,0.022146118721461217,0.4166666666666667,0.13625448332105144,0.43561643835616437,0.1228128684412434,finite published score set; not an assay-population estimate,-0.00013411682511166312,0.00013411682511166312,-0.0008502382912892736,0.0008502382912892736
S2_single_R3_record,KIAA0430,False,computed,377,12,365,0.7002283105022831,0.5226027397260274,0.5226027397260274,0.5226027397260274,0.20022831050228307,0.8333333333333334,-0.3521878784354494,0.6273972602739726,-0.082557973450654,0.022602739726027443,0.4166666666666667,0.13625448332105144,0.43561643835616437,0.1228128684412434,finite published score set; not an assay-population estimate,-0.0008190483319610031,0.0008190483319610031,-0.00039361728672304697,0.00039361728672304697
S2_single_R3_record,KIN,False,computed,377,12,365,0.702054794520548,0.5226027397260274,0.5226027397260274,0.5226027397260274,0.20205479452054798,0.8333333333333334,-0.3521878784354494,0.6246575342465753,-0.08196004822673524,0.022602739726027443,0.4166666666666667,0.13625448332105144,0.43561643835616437,0.1228128684412434,finite published score set; not an assay-population estimate,0.0010074356863039036,0.0010074356863039036,-0.00039361728672304697,0.00039361728672304697
S2_single_R3_record,KLHL15,False,computed,377,12,365,0.7015981735159817,0.5226027397260274,0.5226027397260274,0.5226027397260274,0.20159817351598175,0.8333333333333334,-0.3521878784354494,0.6246575342465753,-0.08196004822673524,0.022602739726027443,0.4166666666666667,0.13625448332105144,0.43561643835616437,0.1228128684412434,finite published score set; not an assay-population estimate,0.0005508146817376769,0.0005508146817376769,-0.00039361728672304697,0.00039361728672304697
S2_single_R3_record,LIG3,False,computed,377,12,365,0.702054794520548,0.5244292237442922,0.5244292237442922,0.5244292237442922,0.20205479452054798,0.8333333333333334,-0.3521878784354494,0.6246575342465753,-0.08196004822673524,0.02442922374429224,0.4166666666666667,0.13625448332105144,0.4328767123287671,0.1233819774699657,finite published score set; not an assay-population estimate,0.0010074356863039036,0.0010074356863039036,0.0014328667315417487,0.0014328667315417487
S2_single_R3_record,MAD2L2,False,computed,377,12,365,0.7009132420091324,0.521689497716895,0.521689497716895,0.521689497716895,0.2009132420091324,0.8333333333333334,-0.3521878784354494,0.6246575342465753,-0.082557973450654,0.02168949771689499,0.4166666666666667,0.13625448332105144,0.43561643835616437,0.1228128684412434,finite published score set; not an assay-population estimate,-0.00013411682511166312,0.00013411682511166312,-0.0013068592958555003,0.0013068592958555003
S2_single_R3_record,MAGEF1,False,computed,377,12,365,0.7002283105022831,0.5235159817351598,0.5235159817351598,0.5235159817351598,0.20022831050228307,0.8333333333333334,-0.3521878784354494,0.6273972602739726,-0.082557973450654,0.023515981735159786,0.4166666666666667,0.13625448332105144,0.4328767123287671,0.1233819774699657,finite published score set; not an assay-population estimate,-0.0008190483319610031,0.0008190483319610031,0.0005196247224092954,0.0005196247224092954
S2_single_R3_record,MB21D1,False,computed,377,12,365,0.7002283105022831,0.5232876712328767,0.5232876712328767,0.5232876712328767,0.20022831050228307,0.8333333333333334,-0.3521878784354494,0.6273972602739726,-0.082557973450654,0.023287671232876672,0.4166666666666667,0.13625448332105144,0.4328767123287671,0.1233819774699657,finite published score set; not an assay-population estimate,-0.0008190483319610031,0.0008190483319610031,0.000291314220126182,0.000291314220126182
S2_single_R3_record,MBD4,False,computed,377,12,365,0.7013698630136986,0.5228310502283106,0.5228310502283106,0.5228310502283106,0.20136986301369864,0.8333333333333334,-0.3521878784354494,0.6246575342465753,-0.08196004822673524,0.022831050228310557,0.4166666666666667,0.13625448332105144,0.43561643835616437,0.1228128684412434,finite published score set; not an assay-population estimate,0.00032250417945456356,0.00032250417945456356,-0.00016530678443993363,0.00016530678443993363
S2_single_R3_record,MBTD1,False,computed,377,12,365,0.7013698630136986,0.5235159817351598,0.5235159817351598,0.5235159817351598,0.20136986301369864,0.8333333333333334,-0.3521878784354494,0.6246575342465753,-0.08196004822673524,0.023515981735159786,0.4166666666666667,0.13625448332105144,0.4328767123287671,0.1233819774699657,finite published score set; not an assay-population estimate,0.00032250417945456356,0.00032250417945456356,0.0005196247224092954,0.0005196247224092954
S2_single_R3_record,MC1R,False,computed,377,12,365,0.7013698630136986,0.5235159817351598,0.5235159817351598,0.5235159817351598,0.20136986301369864,0.8333333333333334,-0.3521878784354494,0.6246575342465753,-0.08196004822673524,0.023515981735159786,0.4166666666666667,0.13625448332105144,0.4328767123287671,0.1233819774699657,finite published score set; not an assay-population estimate,0.00032250417945456356,0.00032250417945456356,0.0005196247224092954,0.0005196247224092954
S2_single_R3_record,MCM4,True,computed,377,11,366,0.735966219572777,0.5255837059115748,0.5255837059115748,0.5255837059115748,0.23596621957277697,0.9090909090909091,-0.414602888592106,0.6256830601092896,-0.08225901083869461,0.025583705911574772,0.45454545454545453,0.1417154921489807,0.4344262295081967,0.12309742295560455,finite published score set; not an assay-population estimate,0.0349188607385329,0.0349188607385329,0.002587348898824282,0.002587348898824282
S2_single_R3_record,MCM7,False,computed,377,12,365,0.702054794520548,0.521689497716895,0.521689497716895,0.521689497716895,0.20205479452054798,0.8333333333333334,-0.3521878784354494,0.6246575342465753,-0.08196004822673524,0.02168949771689499,0.4166666666666667,0.13625448332105144,0.43561643835616437,0.1228128684412434,finite published score set; not an assay-population estimate,0.0010074356863039036,0.0010074356863039036,-0.0013068592958555003,0.0013068592958555003
S2_single_R3_record,MCM8,False,computed,377,12,365,0.7002283105022831,0.523972602739726,0.523972602739726,0.523972602739726,0.20022831050228307,0.8333333333333334,-0.3521878784354494,0.6273972602739726,-0.082557973450654,0.023972602739726012,0.4166666666666667,0.13625448332105144,0.4328767123287671,0.1233819774699657,finite published score set; not an assay-population estimate,-0.0008190483319610031,0.0008190483319610031,0.000976245726975522,0.000976245726975522
S2_single_R3_record,MCM9,False,computed,377,12,365,0.7015981735159817,0.5232876712328767,0.5232876712328767,0.5232876712328767,0.20159817351598175,0.8333333333333334,-0.3521878784354494,0.6246575342465753,-0.08196004822673524,0.023287671232876672,0.4166666666666667,0.13625448332105144,0.4328767123287671,0.1233819774699657,finite published score set; not an assay-population estimate,0.0005508146817376769,0.0005508146817376769,0.000291314220126182,0.000291314220126182
S2_single_R3_record,MCMDC2,False,computed,377,12,365,0.7002283105022831,0.5237442922374429,0.5237442922374429,0.5237442922374429,0.20022831050228307,0.8333333333333334,-0.3521878784354494,0.6273972602739726,-0.082557973450654,0.0237442922374429,0.4166666666666667,0.13625448332105144,0.4328767123287671,0.1233819774699657,finite published score set; not an assay-population estimate,-0.0008190483319610031,0.0008190483319610031,0.0007479352246924087,0.0007479352246924087
S2_single_R3_record,MCRS1,False,computed,377,12,365,0.7011415525114155,0.5228310502283106,0.5228310502283106,0.5228310502283106,0.20114155251141552,0.8333333333333334,-0.3521878784354494,0.6246575342465753,-0.08196004822673524,0.022831050228310557,0.4166666666666667,0.13625448332105144,0.43561643835616437,0.1228128684412434,finite published score set; not an assay-population estimate,9.419367717145022e-05,9.419367717145022e-05,-0.00016530678443993363,0.00016530678443993363
S2_single_R3_record,MDC1,False,computed,377,12,365,0.7029680365296803,0.5244292237442922,0.5244292237442922,0.5244292237442922,0.20296803652968032,0.8333333333333334,-0.3521878784354494,0.6246575342465753,-0.08196004822673524,0.02442922374429224,0.4166666666666667,0.13625448332105144,0.4328767123287671,0.1233819774699657,finite published score set; not an assay-population estimate,0.0019206776954362459,0.0019206776954362459,0.0014328667315417487,0.0014328667315417487
S2_single_R3_record,MEAF6,False,computed,377,12,365,0.7015981735159817,0.5242009132420091,0.5242009132420091,0.5242009132420091,0.20159817351598175,0.8333333333333334,-0.3521878784354494,0.6246575342465753,-0.08196004822673524,0.024200913242009126,0.4166666666666667,0.13625448332105144,0.4328767123287671,0.1233819774699657,finite published score set; not an assay-population estimate,0.0005508146817376769,0.0005508146817376769,0.0012045562292586354,0.0012045562292586354
S2_single_R3_record,MEIOB,False,computed,377,12,365,0.7009132420091324,0.5232876712328767,0.5232876712328767,0.5232876712328767,0.2009132420091324,0.8333333333333334,-0.3521878784354494,0.6246575342465753,-0.082557973450654,0.023287671232876672,0.4166666666666667,0.13625448332105144,0.43561643835616437,0.1233819774699657,finite published score set; not an assay-population estimate,-0.00013411682511166312,0.00013411682511166312,0.000291314220126182,0.000291314220126182
S2_single_R3_record,MEN1,False,computed,377,12,365,0.7027397260273973,0.5226027397260274,0.5226027397260274,0.5226027397260274,0.20273972602739732,0.8333333333333334,-0.3521878784354494,0.6246575342465753,-0.08196004822673524,0.022602739726027443,0.4166666666666667,0.13625448332105144,0.43561643835616437,0.1228128684412434,finite published score set; not an assay-population estimate,0.0016923671931532436,0.0016923671931532436,-0.00039361728672304697,0.00039361728672304697
S2_single_R3_record,MGME1,False,computed,377,12,365,0.7011415525114155,0.5226027397260274,0.5226027397260274,0.5226027397260274,0.20114155251141552,0.8333333333333334,-0.3521878784354494,0.6246575342465753,-0.08196004822673524,0.022602739726027443,0.4166666666666667,0.13625448332105144,0.43561643835616437,0.1228128684412434,finite published score set; not an assay-population estimate,9.419367717145022e-05,9.419367717145022e-05,-0.00039361728672304697,0.00039361728672304697
S2_single_R3_record,MGMT,False,computed,377,12,365,0.7013698630136986,0.5221461187214612,0.5221461187214612,0.5221461187214612,0.20136986301369864,0.8333333333333334,-0.3521878784354494,0.6246575342465753,-0.08196004822673524,0.022146118721461217,0.4166666666666667,0.13625448332105144,0.43561643835616437,0.1228128684412434,finite published score set; not an assay-population estimate,0.00032250417945456356,0.00032250417945456356,-0.0008502382912892736,0.0008502382912892736
S2_single_R3_record,MLH1,False,computed,377,12,365,0.7015981735159817,0.5235159817351598,0.5235159817351598,0.5235159817351598,0.20159817351598175,0.8333333333333334,-0.3521878784354494,0.6246575342465753,-0.08196004822673524,0.023515981735159786,0.4166666666666667,0.13625448332105144,0.4328767123287671,0.1233819774699657,finite published score set; not an assay-population estimate,0.0005508146817376769,0.0005508146817376769,0.0005196247224092954,0.0005196247224092954
S2_single_R3_record,MLH3,False,computed,377,12,365,0.7002283105022831,0.5221461187214612,0.5221461187214612,0.5221461187214612,0.20022831050228307,0.8333333333333334,-0.3521878784354494,0.6273972602739726,-0.082557973450654,0.022146118721461217,0.4166666666666667,0.13625448332105144,0.43561643835616437,0.1228128684412434,finite published score set; not an assay-population estimate,-0.0008190483319610031,0.0008190483319610031,-0.0008502382912892736,0.0008502382912892736
S2_single_R3_record,MORF4L1,False,computed,377,12,365,0.7015981735159817,0.5235159817351598,0.5235159817351598,0.5235159817351598,0.20159817351598175,0.8333333333333334,-0.3521878784354494,0.6246575342465753,-0.08196004822673524,0.023515981735159786,0.4166666666666667,0.13625448332105144,0.4328767123287671,0.1233819774699657,finite published score set; not an assay-population estimate,0.0005508146817376769,0.0005508146817376769,0.0005196247224092954,0.0005196247224092954
S2_single_R3_record,MPG,False,computed,377,12,365,0.7002283105022831,0.5235159817351598,0.5235159817351598,0.5235159817351598,0.20022831050228307,0.8333333333333334,-0.3521878784354494,0.6273972602739726,-0.082557973450654,0.023515981735159786,0.4166666666666667,0.13625448332105144,0.4328767123287671,0.1233819774699657,finite published score set; not an assay-population estimate,-0.0008190483319610031,0.0008190483319610031,0.0005196247224092954,0.0005196247224092954
S2_single_R3_record,MRGBP,False,computed,377,12,365,0.702054794520548,0.521689497716895,0.521689497716895,0.521689497716895,0.20205479452054798,0.8333333333333334,-0.3521878784354494,0.6246575342465753,-0.08196004822673524,0.02168949771689499,0.4166666666666667,0.13625448332105144,0.43561643835616437,0.1228128684412434,finite published score set; not an assay-population estimate,0.0010074356863039036,0.0010074356863039036,-0.0013068592958555003,0.0013068592958555003
S2_single_R3_record,MSH2,False,computed,377,12,365,0.7009132420091324,0.5219178082191781,0.5219178082191781,0.5219178082191781,0.2009132420091324,0.8333333333333334,-0.3521878784354494,0.6246575342465753,-0.082557973450654,0.021917808219178103,0.4166666666666667,0.13625448332105144,0.43561643835616437,0.1228128684412434,finite published score set; not an assay-population estimate,-0.00013411682511166312,0.00013411682511166312,-0.001078548793572387,0.001078548793572387
S2_single_R3_record,MSH3,False,computed,377,12,365,0.7002283105022831,0.5226027397260274,0.5226027397260274,0.5226027397260274,0.20022831050228307,0.8333333333333334,-0.3521878784354494,0.6273972602739726,-0.082557973450654,0.022602739726027443,0.4166666666666667,0.13625448332105144,0.43561643835616437,0.1228128684412434,finite published score set; not an assay-population estimate,-0.0008190483319610031,0.0008190483319610031,-0.00039361728672304697,0.00039361728672304697
S2_single_R3_record,MSH4,False,computed,377,12,365,0.7013698630136986,0.5242009132420091,0.5242009132420091,0.5242009132420091,0.20136986301369864,0.8333333333333334,-0.3521878784354494,0.6246575342465753,-0.08196004822673524,0.024200913242009126,0.4166666666666667,0.13625448332105144,0.4328767123287671,0.1233819774699657,finite published score set; not an assay-population estimate,0.00032250417945456356,0.00032250417945456356,0.0012045562292586354,0.0012045562292586354
S2_single_R3_record,MSH5,False,computed,377,12,365,0.7009132420091324,0.5232876712328767,0.5232876712328767,0.5232876712328767,0.2009132420091324,0.8333333333333334,-0.3521878784354494,0.6246575342465753,-0.082557973450654,0.023287671232876672,0.4166666666666667,0.13625448332105144,0.43561643835616437,0.1233819774699657,finite published score set; not an assay-population estimate,-0.00013411682511166312,0.00013411682511166312,0.000291314220126182,0.000291314220126182
S2_single_R3_record,MSH6,False,computed,377,12,365,0.7006849315068493,0.523972602739726,0.523972602739726,0.523972602739726,0.2006849315068493,0.8333333333333334,-0.3521878784354494,0.6246575342465753,-0.082557973450654,0.023972602739726012,0.4166666666666667,0.13625448332105144,0.4328767123287671,0.1233819774699657,finite published score set; not an assay-population estimate,-0.00036242732739477646,0.00036242732739477646,0.000976245726975522,0.000976245726975522
S2_single_R3_record,MUM1,False,computed,377,12,365,0.7004566210045662,0.5221461187214612,0.5221461187214612,0.5221461187214612,0.20045662100456618,0.8333333333333334,-0.3521878784354494,0.6273972602739726,-0.082557973450654,0.022146118721461217,0.4166666666666667,0.13625448332105144,0.43561643835616437,0.1228128684412434,finite published score set; not an assay-population estimate,-0.0005907378296778898,0.0005907378296778898,-0.0008502382912892736,0.0008502382912892736
S2_single_R3_record,MUS81,False,computed,377,12,365,0.7015981735159817,0.5232876712328767,0.5232876712328767,0.5232876712328767,0.20159817351598175,0.8333333333333334,-0.3521878784354494,0.6246575342465753,-0.08196004822673524,0.023287671232876672,0.4166666666666667,0.13625448332105144,0.43561643835616437,0.1233819774699657,finite published score set; not an assay-population estimate,0.0005508146817376769,0.0005508146817376769,0.000291314220126182,0.000291314220126182
S2_single_R3_record,MUTYH,False,computed,377,12,365,0.7029680365296803,0.5235159817351598,0.5235159817351598,0.5235159817351598,0.20296803652968032,0.8333333333333334,-0.3521878784354494,0.6246575342465753,-0.08196004822673524,0.023515981735159786,0.4166666666666667,0.13625448332105144,0.4328767123287671,0.1233819774699657,finite published score set; not an assay-population estimate,0.0019206776954362459,0.0019206776954362459,0.0005196247224092954,0.0005196247224092954
S2_single_R3_record,NABP1,False,computed,377,12,365,0.7011415525114155,0.5219178082191781,0.5219178082191781,0.5219178082191781,0.20114155251141552,0.8333333333333334,-0.3521878784354494,0.6246575342465753,-0.08196004822673524,0.021917808219178103,0.4166666666666667,0.13625448332105144,0.43561643835616437,0.1228128684412434,finite published score set; not an assay-population estimate,9.419367717145022e-05,9.419367717145022e-05,-0.001078548793572387,0.001078548793572387
S2_single_R3_record,NDNL2,False,computed,377,12,365,0.7013698630136986,0.521689497716895,0.521689497716895,0.521689497716895,0.20136986301369864,0.8333333333333334,-0.3521878784354494,0.6246575342465753,-0.08196004822673524,0.02168949771689499,0.4166666666666667,0.13625448332105144,0.43561643835616437,0.1228128684412434,finite published score set; not an assay-population estimate,0.00032250417945456356,0.00032250417945456356,-0.0013068592958555003,0.0013068592958555003
S2_single_R3_record,NEIL1,False,computed,377,12,365,0.7009132420091324,0.5230593607305936,0.5230593607305936,0.5230593607305936,0.2009132420091324,0.8333333333333334,-0.3521878784354494,0.6246575342465753,-0.082557973450654,0.02305936073059356,0.4166666666666667,0.13625448332105144,0.43561643835616437,0.1228128684412434,finite published score set; not an assay-population estimate,-0.00013411682511166312,0.00013411682511166312,6.300371784306869e-05,6.300371784306869e-05
S2_single_R3_record,NEIL2,False,computed,377,12,365,0.7002283105022831,0.5232876712328767,0.5232876712328767,0.5232876712328767,0.20022831050228307,0.8333333333333334,-0.3521878784354494,0.6273972602739726,-0.082557973450654,0.023287671232876672,0.4166666666666667,0.13625448332105144,0.43561643835616437,0.1233819774699657,finite published score set; not an assay-population estimate,-0.0008190483319610031,0.0008190483319610031,0.000291314220126182,0.000291314220126182
S2_single_R3_record,NEIL3,False,computed,377,12,365,0.7013698630136986,0.5221461187214612,0.5221461187214612,0.5221461187214612,0.20136986301369864,0.8333333333333334,-0.3521878784354494,0.6246575342465753,-0.08196004822673524,0.022146118721461217,0.4166666666666667,0.13625448332105144,0.43561643835616437,0.1228128684412434,finite published score set; not an assay-population estimate,0.00032250417945456356,0.00032250417945456356,-0.0008502382912892736,0.0008502382912892736
S2_single_R3_record,NFRKB,False,computed,377,12,365,0.702054794520548,0.5221461187214612,0.5221461187214612,0.5221461187214612,0.20205479452054798,0.8333333333333334,-0.3521878784354494,0.6246575342465753,-0.08196004822673524,0.022146118721461217,0.4166666666666667,0.13625448332105144,0.43561643835616437,0.1228128684412434,finite published score set; not an assay-population estimate,0.0010074356863039036,0.0010074356863039036,-0.0008502382912892736,0.0008502382912892736
S2_single_R3_record,NHEJ1,False,computed,377,12,365,0.702054794520548,0.5235159817351598,0.5235159817351598,0.5235159817351598,0.20205479452054798,0.8333333333333334,-0.3521878784354494,0.6246575342465753,-0.08196004822673524,0.023515981735159786,0.4166666666666667,0.13625448332105144,0.4328767123287671,0.1233819774699657,finite published score set; not an assay-population estimate,0.0010074356863039036,0.0010074356863039036,0.0005196247224092954,0.0005196247224092954
S2_single_R3_record,NIPBL,False,computed,377,12,365,0.7002283105022831,0.5242009132420091,0.5242009132420091,0.5242009132420091,0.20022831050228307,0.8333333333333334,-0.3521878784354494,0.6273972602739726,-0.082557973450654,0.024200913242009126,0.4166666666666667,0.13625448332105144,0.4328767123287671,0.1233819774699657,finite published score set; not an assay-population estimate,-0.0008190483319610031,0.0008190483319610031,0.0012045562292586354,0.0012045562292586354
S2_single_R3_record,NONO,False,computed,377,12,365,0.702054794520548,0.5221461187214612,0.5221461187214612,0.5221461187214612,0.20205479452054798,0.8333333333333334,-0.3521878784354494,0.6246575342465753,-0.08196004822673524,0.022146118721461217,0.4166666666666667,0.13625448332105144,0.43561643835616437,0.1228128684412434,finite published score set; not an assay-population estimate,0.0010074356863039036,0.0010074356863039036,-0.0008502382912892736,0.0008502382912892736
S2_single_R3_record,NPAS2,False,computed,377,12,365,0.7002283105022831,0.5219178082191781,0.5219178082191781,0.5219178082191781,0.20022831050228307,0.8333333333333334,-0.3521878784354494,0.6273972602739726,-0.082557973450654,0.021917808219178103,0.4166666666666667,0.13625448332105144,0.43561643835616437,0.1228128684412434,finite published score set; not an assay-population estimate,-0.0008190483319610031,0.0008190483319610031,-0.001078548793572387,0.001078548793572387
S2_single_R3_record,NPM1,False,computed,377,12,365,0.7011415525114155,0.5221461187214612,0.5221461187214612,0.5221461187214612,0.20114155251141552,0.8333333333333334,-0.3521878784354494,0.6246575342465753,-0.08196004822673524,0.022146118721461217,0.4166666666666667,0.13625448332105144,0.43561643835616437,0.1228128684412434,finite published score set; not an assay-population estimate,9.419367717145022e-05,9.419367717145022e-05,-0.0008502382912892736,0.0008502382912892736
S2_single_R3_record,NSMCE2,False,computed,377,12,365,0.7013698630136986,0.5221461187214612,0.5221461187214612,0.5221461187214612,0.20136986301369864,0.8333333333333334,-0.3521878784354494,0.6246575342465753,-0.08196004822673524,0.022146118721461217,0.4166666666666667,0.13625448332105144,0.43561643835616437,0.1228128684412434,finite published score set; not an assay-population estimate,0.00032250417945456356,0.00032250417945456356,-0.0008502382912892736,0.0008502382912892736
S2_single_R3_record,NSMCE4A,False,computed,377,12,365,0.7013698630136986,0.5219178082191781,0.5219178082191781,0.5219178082191781,0.20136986301369864,0.8333333333333334,-0.3521878784354494,0.6246575342465753,-0.08196004822673524,0.021917808219178103,0.4166666666666667,0.13625448332105144,0.43561643835616437,0.1228128684412434,finite published score set; not an assay-population estimate,0.00032250417945456356,0.00032250417945456356,-0.001078548793572387,0.001078548793572387
S2_single_R3_record,NTHL1,False,computed,377,12,365,0.7009132420091324,0.5235159817351598,0.5235159817351598,0.5235159817351598,0.2009132420091324,0.8333333333333334,-0.3521878784354494,0.6246575342465753,-0.082557973450654,0.023515981735159786,0.4166666666666667,0.13625448332105144,0.4328767123287671,0.1233819774699657,finite published score set; not an assay-population estimate,-0.00013411682511166312,0.00013411682511166312,0.0005196247224092954,0.0005196247224092954
S2_single_R3_record,NUCKS1,False,computed,377,12,365,0.7009132420091324,0.523972602739726,0.523972602739726,0.523972602739726,0.2009132420091324,0.8333333333333334,-0.3521878784354494,0.6246575342465753,-0.08196004822673524,0.023972602739726012,0.4166666666666667,0.13625448332105144,0.4328767123287671,0.1233819774699657,finite published score set; not an assay-population estimate,-0.00013411682511166312,0.00013411682511166312,0.000976245726975522,0.000976245726975522
S2_single_R3_record,NUDT1,False,computed,377,12,365,0.7006849315068493,0.5226027397260274,0.5226027397260274,0.5226027397260274,0.2006849315068493,0.8333333333333334,-0.3521878784354494,0.6273972602739726,-0.082557973450654,0.022602739726027443,0.4166666666666667,0.13625448332105144,0.43561643835616437,0.1228128684412434,finite published score set; not an assay-population estimate,-0.00036242732739477646,0.00036242732739477646,-0.00039361728672304697,0.00039361728672304697
S2_single_R3_record,NUDT16,False,computed,377,12,365,0.7013698630136986,0.5235159817351598,0.5235159817351598,0.5235159817351598,0.20136986301369864,0.8333333333333334,-0.3521878784354494,0.6246575342465753,-0.08196004822673524,0.023515981735159786,0.4166666666666667,0.13625448332105144,0.4328767123287671,0.1233819774699657,finite published score set; not an assay-population estimate,0.00032250417945456356,0.00032250417945456356,0.0005196247224092954,0.0005196247224092954
S2_single_R3_record,NUDT16L1,False,computed,377,12,365,0.7002283105022831,0.5226027397260274,0.5226027397260274,0.5226027397260274,0.20022831050228307,0.8333333333333334,-0.3521878784354494,0.6273972602739726,-0.082557973450654,0.022602739726027443,0.4166666666666667,0.13625448332105144,0.43561643835616437,0.1228128684412434,finite published score set; not an assay-population estimate,-0.0008190483319610031,0.0008190483319610031,-0.00039361728672304697,0.00039361728672304697
S2_single_R3_record,OBFC1,False,computed,377,12,365,0.7002283105022831,0.5226027397260274,0.5226027397260274,0.5226027397260274,0.20022831050228307,0.8333333333333334,-0.3521878784354494,0.6273972602739726,-0.082557973450654,0.022602739726027443,0.4166666666666667,0.13625448332105144,0.43561643835616437,0.1228128684412434,finite published score set; not an assay-population estimate,-0.0008190483319610031,0.0008190483319610031,-0.00039361728672304697,0.00039361728672304697
S2_single_R3_record,OGG1,False,computed,377,12,365,0.7009132420091324,0.5237442922374429,0.5237442922374429,0.5237442922374429,0.2009132420091324,0.8333333333333334,-0.3521878784354494,0.6246575342465753,-0.082557973450654,0.0237442922374429,0.4166666666666667,0.13625448332105144,0.4328767123287671,0.1233819774699657,finite published score set; not an assay-population estimate,-0.00013411682511166312,0.00013411682511166312,0.0007479352246924087,0.0007479352246924087
S2_single_R3_record,OTUB1,False,computed,377,12,365,0.7027397260273973,0.5242009132420091,0.5242009132420091,0.5242009132420091,0.20273972602739732,0.8333333333333334,-0.3521878784354494,0.6246575342465753,-0.08196004822673524,0.024200913242009126,0.4166666666666667,0.13625448332105144,0.4328767123287671,0.1233819774699657,finite published score set; not an assay-population estimate,0.0016923671931532436,0.0016923671931532436,0.0012045562292586354,0.0012045562292586354
S2_single_R3_record,PAGR1,False,computed,377,12,365,0.7002283105022831,0.5221461187214612,0.5221461187214612,0.5221461187214612,0.20022831050228307,0.8333333333333334,-0.3521878784354494,0.6273972602739726,-0.082557973450654,0.022146118721461217,0.4166666666666667,0.13625448332105144,0.43561643835616437,0.1228128684412434,finite published score set; not an assay-population estimate,-0.0008190483319610031,0.0008190483319610031,-0.0008502382912892736,0.0008502382912892736
S2_single_R3_record,PAPD7,False,computed,377,12,365,0.7002283105022831,0.5221461187214612,0.5221461187214612,0.5221461187214612,0.20022831050228307,0.8333333333333334,-0.3521878784354494,0.6273972602739726,-0.082557973450654,0.022146118721461217,0.4166666666666667,0.13625448332105144,0.43561643835616437,0.1228128684412434,finite published score set; not an assay-population estimate,-0.0008190483319610031,0.0008190483319610031,-0.0008502382912892736,0.0008502382912892736
S2_single_R3_record,PARG,False,computed,377,12,365,0.7006849315068493,0.5237442922374429,0.5237442922374429,0.5237442922374429,0.2006849315068493,0.8333333333333334,-0.3521878784354494,0.6246575342465753,-0.082557973450654,0.0237442922374429,0.4166666666666667,0.13625448332105144,0.4328767123287671,0.1233819774699657,finite published score set; not an assay-population estimate,-0.00036242732739477646,0.00036242732739477646,0.0007479352246924087,0.0007479352246924087
S2_single_R3_record,PARP1,False,computed,377,12,365,0.7029680365296803,0.5242009132420091,0.5242009132420091,0.5242009132420091,0.20296803652968032,0.8333333333333334,-0.3521878784354494,0.6246575342465753,-0.08196004822673524,0.024200913242009126,0.4166666666666667,0.13625448332105144,0.4328767123287671,0.1233819774699657,finite published score set; not an assay-population estimate,0.0019206776954362459,0.0019206776954362459,0.0012045562292586354,0.0012045562292586354
S2_single_R3_record,PARP10,False,computed,377,12,365,0.7002283105022831,0.5219178082191781,0.5219178082191781,0.5219178082191781,0.20022831050228307,0.8333333333333334,-0.3521878784354494,0.6273972602739726,-0.082557973450654,0.021917808219178103,0.4166666666666667,0.13625448332105144,0.43561643835616437,0.1228128684412434,finite published score set; not an assay-population estimate,-0.0008190483319610031,0.0008190483319610031,-0.001078548793572387,0.001078548793572387
S2_single_R3_record,PARP2,False,computed,377,12,365,0.7015981735159817,0.5221461187214612,0.5221461187214612,0.5221461187214612,0.20159817351598175,0.8333333333333334,-0.3521878784354494,0.6246575342465753,-0.08196004822673524,0.022146118721461217,0.4166666666666667,0.13625448332105144,0.43561643835616437,0.1228128684412434,finite published score set; not an assay-population estimate,0.0005508146817376769,0.0005508146817376769,-0.0008502382912892736,0.0008502382912892736
S2_single_R3_record,PARP4,False,computed,377,12,365,0.7009132420091324,0.5226027397260274,0.5226027397260274,0.5226027397260274,0.2009132420091324,0.8333333333333334,-0.3521878784354494,0.6246575342465753,-0.082557973450654,0.022602739726027443,0.4166666666666667,0.13625448332105144,0.43561643835616437,0.1228128684412434,finite published score set; not an assay-population estimate,-0.00013411682511166312,0.00013411682511166312,-0.00039361728672304697,0.00039361728672304697
S2_single_R3_record,PARP9,False,computed,377,12,365,0.7011415525114155,0.5235159817351598,0.5235159817351598,0.5235159817351598,0.20114155251141552,0.8333333333333334,-0.3521878784354494,0.6246575342465753,-0.08196004822673524,0.023515981735159786,0.4166666666666667,0.13625448332105144,0.4328767123287671,0.1233819774699657,finite published score set; not an assay-population estimate,9.419367717145022e-05,9.419367717145022e-05,0.0005196247224092954,0.0005196247224092954
S2_single_R3_record,PARPBP,False,computed,377,12,365,0.7002283105022831,0.5232876712328767,0.5232876712328767,0.5232876712328767,0.20022831050228307,0.8333333333333334,-0.3521878784354494,0.6273972602739726,-0.082557973450654,0.023287671232876672,0.4166666666666667,0.13625448332105144,0.4328767123287671,0.1233819774699657,finite published score set; not an assay-population estimate,-0.0008190483319610031,0.0008190483319610031,0.000291314220126182,0.000291314220126182
S2_single_R3_record,PAXIP1,False,computed,377,12,365,0.702054794520548,0.5221461187214612,0.5221461187214612,0.5221461187214612,0.20205479452054798,0.8333333333333334,-0.3521878784354494,0.6246575342465753,-0.08196004822673524,0.022146118721461217,0.4166666666666667,0.13625448332105144,0.43561643835616437,0.1228128684412434,finite published score set; not an assay-population estimate,0.0010074356863039036,0.0010074356863039036,-0.0008502382912892736,0.0008502382912892736
S2_single_R3_record,PDS5A,False,computed,377,12,365,0.7002283105022831,0.5221461187214612,0.5221461187214612,0.5221461187214612,0.20022831050228307,0.8333333333333334,-0.3521878784354494,0.6273972602739726,-0.082557973450654,0.022146118721461217,0.4166666666666667,0.13625448332105144,0.43561643835616437,0.1228128684412434,finite published score set; not an assay-population estimate,-0.0008190483319610031,0.0008190483319610031,-0.0008502382912892736,0.0008502382912892736
S2_single_R3_record,PDS5B,False,computed,377,12,365,0.7011415525114155,0.5226027397260274,0.5226027397260274,0.5226027397260274,0.20114155251141552,0.8333333333333334,-0.3521878784354494,0.6246575342465753,-0.08196004822673524,0.022602739726027443,0.4166666666666667,0.13625448332105144,0.43561643835616437,0.1228128684412434,finite published score set; not an assay-population estimate,9.419367717145022e-05,9.419367717145022e-05,-0.00039361728672304697,0.00039361728672304697
S2_single_R3_record,PML,False,computed,377,12,365,0.7002283105022831,0.5235159817351598,0.5235159817351598,0.5235159817351598,0.20022831050228307,0.8333333333333334,-0.3521878784354494,0.6273972602739726,-0.082557973450654,0.023515981735159786,0.4166666666666667,0.13625448332105144,0.4328767123287671,0.1233819774699657,finite published score set; not an assay-population estimate,-0.0008190483319610031,0.0008190483319610031,0.0005196247224092954,0.0005196247224092954
S2_single_R3_record,PMS1,False,computed,377,12,365,0.7004566210045662,0.5232876712328767,0.5232876712328767,0.5232876712328767,0.20045662100456618,0.8333333333333334,-0.3521878784354494,0.6273972602739726,-0.082557973450654,0.023287671232876672,0.4166666666666667,0.13625448332105144,0.43561643835616437,0.1233819774699657,finite published score set; not an assay-population estimate,-0.0005907378296778898,0.0005907378296778898,0.000291314220126182,0.000291314220126182
S2_single_R3_record,PMS2,False,computed,377,12,365,0.7002283105022831,0.5219178082191781,0.5219178082191781,0.5219178082191781,0.20022831050228307,0.8333333333333334,-0.3521878784354494,0.6273972602739726,-0.082557973450654,0.021917808219178103,0.4166666666666667,0.13625448332105144,0.43561643835616437,0.1228128684412434,finite published score set; not an assay-population estimate,-0.0008190483319610031,0.0008190483319610031,-0.001078548793572387,0.001078548793572387
S2_single_R3_record,PNKP,False,computed,377,12,365,0.7015981735159817,0.5237442922374429,0.5237442922374429,0.5237442922374429,0.20159817351598175,0.8333333333333334,-0.3521878784354494,0.6246575342465753,-0.08196004822673524,0.0237442922374429,0.4166666666666667,0.13625448332105144,0.4328767123287671,0.1233819774699657,finite published score set; not an assay-population estimate,0.0005508146817376769,0.0005508146817376769,0.0007479352246924087,0.0007479352246924087
S2_single_R3_record,POLB,False,computed,377,12,365,0.7004566210045662,0.5235159817351598,0.5235159817351598,0.5235159817351598,0.20045662100456618,0.8333333333333334,-0.3521878784354494,0.6273972602739726,-0.082557973450654,0.023515981735159786,0.4166666666666667,0.13625448332105144,0.4328767123287671,0.1233819774699657,finite published score set; not an assay-population estimate,-0.0005907378296778898,0.0005907378296778898,0.0005196247224092954,0.0005196247224092954
S2_single_R3_record,POLD4,False,computed,377,12,365,0.7013698630136986,0.5235159817351598,0.5235159817351598,0.5235159817351598,0.20136986301369864,0.8333333333333334,-0.3521878784354494,0.6246575342465753,-0.08196004822673524,0.023515981735159786,0.4166666666666667,0.13625448332105144,0.4328767123287671,0.1233819774699657,finite published score set; not an assay-population estimate,0.00032250417945456356,0.00032250417945456356,0.0005196247224092954,0.0005196247224092954
S2_single_R3_record,POLG,False,computed,377,12,365,0.702054794520548,0.5219178082191781,0.5219178082191781,0.5219178082191781,0.20205479452054798,0.8333333333333334,-0.3521878784354494,0.6246575342465753,-0.08196004822673524,0.021917808219178103,0.4166666666666667,0.13625448332105144,0.43561643835616437,0.1228128684412434,finite published score set; not an assay-population estimate,0.0010074356863039036,0.0010074356863039036,-0.001078548793572387,0.001078548793572387
S2_single_R3_record,POLG2,False,computed,377,12,365,0.7015981735159817,0.5221461187214612,0.5221461187214612,0.5221461187214612,0.20159817351598175,0.8333333333333334,-0.3521878784354494,0.6246575342465753,-0.08196004822673524,0.022146118721461217,0.4166666666666667,0.13625448332105144,0.43561643835616437,0.1228128684412434,finite published score set; not an assay-population estimate,0.0005508146817376769,0.0005508146817376769,-0.0008502382912892736,0.0008502382912892736
S2_single_R3_record,POLH,False,computed,377,12,365,0.7004566210045662,0.5230593607305936,0.5230593607305936,0.5230593607305936,0.20045662100456618,0.8333333333333334,-0.3521878784354494,0.6273972602739726,-0.082557973450654,0.02305936073059356,0.4166666666666667,0.13625448332105144,0.43561643835616437,0.1228128684412434,finite published score set; not an assay-population estimate,-0.0005907378296778898,0.0005907378296778898,6.300371784306869e-05,6.300371784306869e-05
S2_single_R3_record,POLI,False,computed,377,12,365,0.7004566210045662,0.5237442922374429,0.5237442922374429,0.5237442922374429,0.20045662100456618,0.8333333333333334,-0.3521878784354494,0.6273972602739726,-0.082557973450654,0.0237442922374429,0.4166666666666667,0.13625448332105144,0.4328767123287671,0.1233819774699657,finite published score set; not an assay-population estimate,-0.0005907378296778898,0.0005907378296778898,0.0007479352246924087,0.0007479352246924087
S2_single_R3_record,POLK,False,computed,377,12,365,0.7006849315068493,0.5221461187214612,0.5221461187214612,0.5221461187214612,0.2006849315068493,0.8333333333333334,-0.3521878784354494,0.6273972602739726,-0.082557973450654,0.022146118721461217,0.4166666666666667,0.13625448332105144,0.43561643835616437,0.1228128684412434,finite published score set; not an assay-population estimate,-0.00036242732739477646,0.00036242732739477646,-0.0008502382912892736,0.0008502382912892736
S2_single_R3_record,POLL,False,computed,377,12,365,0.7027397260273973,0.5235159817351598,0.5235159817351598,0.5235159817351598,0.20273972602739732,0.8333333333333334,-0.3521878784354494,0.6246575342465753,-0.08196004822673524,0.023515981735159786,0.4166666666666667,0.13625448332105144,0.4328767123287671,0.1233819774699657,finite published score set; not an assay-population estimate,0.0016923671931532436,0.0016923671931532436,0.0005196247224092954,0.0005196247224092954
S2_single_R3_record,POLQ,False,computed,377,12,365,0.7029680365296803,0.5244292237442922,0.5244292237442922,0.5244292237442922,0.20296803652968032,0.8333333333333334,-0.3521878784354494,0.6246575342465753,-0.08196004822673524,0.02442922374429224,0.4166666666666667,0.13625448332105144,0.4328767123287671,0.1233819774699657,finite published score set; not an assay-population estimate,0.0019206776954362459,0.0019206776954362459,0.0014328667315417487,0.0014328667315417487
S2_single_R3_record,POLR2L,False,computed,377,12,365,0.7002283105022831,0.5232876712328767,0.5232876712328767,0.5232876712328767,0.20022831050228307,0.8333333333333334,-0.3521878784354494,0.6273972602739726,-0.082557973450654,0.023287671232876672,0.4166666666666667,0.13625448332105144,0.43561643835616437,0.1233819774699657,finite published score set; not an assay-population estimate,-0.0008190483319610031,0.0008190483319610031,0.000291314220126182,0.000291314220126182
S2_single_R3_record,PPP4C,False,computed,377,12,365,0.7025114155251142,0.5221461187214612,0.5221461187214612,0.5221461187214612,0.2025114155251142,0.8333333333333334,-0.3521878784354494,0.6246575342465753,-0.08196004822673524,0.022146118721461217,0.4166666666666667,0.13625448332105144,0.43561643835616437,0.1228128684412434,finite published score set; not an assay-population estimate,0.0014640566908701302,0.0014640566908701302,-0.0008502382912892736,0.0008502382912892736
S2_single_R3_record,PPP4R2,False,computed,377,12,365,0.7002283105022831,0.521689497716895,0.521689497716895,0.521689497716895,0.20022831050228307,0.8333333333333334,-0.3521878784354494,0.6273972602739726,-0.082557973450654,0.02168949771689499,0.4166666666666667,0.13625448332105144,0.43561643835616437,0.1228128684412434,finite published score set; not an assay-population estimate,-0.0008190483319610031,0.0008190483319610031,-0.0013068592958555003,0.0013068592958555003
S2_single_R3_record,PPP5C,False,computed,377,12,365,0.7004566210045662,0.5226027397260274,0.5226027397260274,0.5226027397260274,0.20045662100456618,0.8333333333333334,-0.3521878784354494,0.6273972602739726,-0.082557973450654,0.022602739726027443,0.4166666666666667,0.13625448332105144,0.43561643835616437,0.1228128684412434,finite published score set; not an assay-population estimate,-0.0005907378296778898,0.0005907378296778898,-0.00039361728672304697,0.00039361728672304697
S2_single_R3_record,PRDM9,False,computed,377,12,365,0.7002283105022831,0.5226027397260274,0.5226027397260274,0.5226027397260274,0.20022831050228307,0.8333333333333334,-0.3521878784354494,0.6273972602739726,-0.082557973450654,0.022602739726027443,0.4166666666666667,0.13625448332105144,0.43561643835616437,0.1228128684412434,finite published score set; not an assay-population estimate,-0.0008190483319610031,0.0008190483319610031,-0.00039361728672304697,0.00039361728672304697
S2_single_R3_record,PRIMPOL,False,computed,377,12,365,0.7011415525114155,0.5226027397260274,0.5226027397260274,0.5226027397260274,0.20114155251141552,0.8333333333333334,-0.3521878784354494,0.6246575342465753,-0.08196004822673524,0.022602739726027443,0.4166666666666667,0.13625448332105144,0.43561643835616437,0.1228128684412434,finite published score set; not an assay-population estimate,9.419367717145022e-05,9.419367717145022e-05,-0.00039361728672304697,0.00039361728672304697
S2_single_R3_record,PRKCG,False,computed,377,12,365,0.7002283105022831,0.5226027397260274,0.5226027397260274,0.5226027397260274,0.20022831050228307,0.8333333333333334,-0.3521878784354494,0.6273972602739726,-0.082557973450654,0.022602739726027443,0.4166666666666667,0.13625448332105144,0.43561643835616437,0.1228128684412434,finite published score set; not an assay-population estimate,-0.0008190483319610031,0.0008190483319610031,-0.00039361728672304697,0.00039361728672304697
S2_single_R3_record,PRMT6,False,computed,377,12,365,0.7011415525114155,0.5221461187214612,0.5221461187214612,0.5221461187214612,0.20114155251141552,0.8333333333333334,-0.3521878784354494,0.6246575342465753,-0.08196004822673524,0.022146118721461217,0.4166666666666667,0.13625448332105144,0.43561643835616437,0.1228128684412434,finite published score set; not an assay-population estimate,9.419367717145022e-05,9.419367717145022e-05,-0.0008502382912892736,0.0008502382912892736
S2_single_R3_record,PSME4,False,computed,377,12,365,0.7002283105022831,0.5219178082191781,0.5219178082191781,0.5219178082191781,0.20022831050228307,0.8333333333333334,-0.3521878784354494,0.6273972602739726,-0.082557973450654,0.021917808219178103,0.4166666666666667,0.13625448332105144,0.43561643835616437,0.1228128684412434,finite published score set; not an assay-population estimate,-0.0008190483319610031,0.0008190483319610031,-0.001078548793572387,0.001078548793572387
S2_single_R3_record,RAB43,False,computed,377,12,365,0.7013698630136986,0.5219178082191781,0.5219178082191781,0.5219178082191781,0.20136986301369864,0.8333333333333334,-0.3521878784354494,0.6246575342465753,-0.08196004822673524,0.021917808219178103,0.4166666666666667,0.13625448332105144,0.43561643835616437,0.1228128684412434,finite published score set; not an assay-population estimate,0.00032250417945456356,0.00032250417945456356,-0.001078548793572387,0.001078548793572387
S2_single_R3_record,RAD1,False,computed,377,12,365,0.7011415525114155,0.5242009132420091,0.5242009132420091,0.5242009132420091,0.20114155251141552,0.8333333333333334,-0.3521878784354494,0.6246575342465753,-0.08196004822673524,0.024200913242009126,0.4166666666666667,0.13625448332105144,0.4328767123287671,0.1233819774699657,finite published score set; not an assay-population estimate,9.419367717145022e-05,9.419367717145022e-05,0.0012045562292586354,0.0012045562292586354
S2_single_R3_record,RAD18,False,computed,377,12,365,0.7002283105022831,0.5242009132420091,0.5242009132420091,0.5242009132420091,0.20022831050228307,0.8333333333333334,-0.3521878784354494,0.6273972602739726,-0.082557973450654,0.024200913242009126,0.4166666666666667,0.13625448332105144,0.4328767123287671,0.1233819774699657,finite published score set; not an assay-population estimate,-0.0008190483319610031,0.0008190483319610031,0.0012045562292586354,0.0012045562292586354
S2_single_R3_record,RAD21,False,computed,377,12,365,0.7009132420091324,0.5232876712328767,0.5232876712328767,0.5232876712328767,0.2009132420091324,0.8333333333333334,-0.3521878784354494,0.6246575342465753,-0.082557973450654,0.023287671232876672,0.4166666666666667,0.13625448332105144,0.43561643835616437,0.1233819774699657,finite published score set; not an assay-population estimate,-0.00013411682511166312,0.00013411682511166312,0.000291314220126182,0.000291314220126182
S2_single_R3_record,RAD21L1,False,computed,377,12,365,0.7002283105022831,0.5221461187214612,0.5221461187214612,0.5221461187214612,0.20022831050228307,0.8333333333333334,-0.3521878784354494,0.6273972602739726,-0.082557973450654,0.022146118721461217,0.4166666666666667,0.13625448332105144,0.43561643835616437,0.1228128684412434,finite published score set; not an assay-population estimate,-0.0008190483319610031,0.0008190483319610031,-0.0008502382912892736,0.0008502382912892736
S2_single_R3_record,RAD23A,False,computed,377,12,365,0.7002283105022831,0.5221461187214612,0.5221461187214612,0.5221461187214612,0.20022831050228307,0.8333333333333334,-0.3521878784354494,0.6273972602739726,-0.082557973450654,0.022146118721461217,0.4166666666666667,0.13625448332105144,0.43561643835616437,0.1228128684412434,finite published score set; not an assay-population estimate,-0.0008190483319610031,0.0008190483319610031,-0.0008502382912892736,0.0008502382912892736
S2_single_R3_record,RAD23B,False,computed,377,12,365,0.7015981735159817,0.5226027397260274,0.5226027397260274,0.5226027397260274,0.20159817351598175,0.8333333333333334,-0.3521878784354494,0.6246575342465753,-0.08196004822673524,0.022602739726027443,0.4166666666666667,0.13625448332105144,0.43561643835616437,0.1228128684412434,finite published score set; not an assay-population estimate,0.0005508146817376769,0.0005508146817376769,-0.00039361728672304697,0.00039361728672304697
S2_single_R3_record,RAD50,False,computed,377,12,365,0.7027397260273973,0.5242009132420091,0.5242009132420091,0.5242009132420091,0.20273972602739732,0.8333333333333334,-0.3521878784354494,0.6246575342465753,-0.08196004822673524,0.024200913242009126,0.4166666666666667,0.13625448332105144,0.4328767123287671,0.1233819774699657,finite published score set; not an assay-population estimate,0.0016923671931532436,0.0016923671931532436,0.0012045562292586354,0.0012045562292586354
S2_single_R3_record,RAD51AP1,False,computed,377,12,365,0.7006849315068493,0.5226027397260274,0.5226027397260274,0.5226027397260274,0.2006849315068493,0.8333333333333334,-0.3521878784354494,0.6246575342465753,-0.082557973450654,0.022602739726027443,0.4166666666666667,0.13625448332105144,0.43561643835616437,0.1228128684412434,finite published score set; not an assay-population estimate,-0.00036242732739477646,0.00036242732739477646,-0.00039361728672304697,0.00039361728672304697
S2_single_R3_record,RAD51B,False,computed,377,12,365,0.7029680365296803,0.5244292237442922,0.5244292237442922,0.5244292237442922,0.20296803652968032,0.8333333333333334,-0.3521878784354494,0.6246575342465753,-0.08196004822673524,0.02442922374429224,0.4166666666666667,0.13625448332105144,0.4328767123287671,0.1233819774699657,finite published score set; not an assay-population estimate,0.0019206776954362459,0.0019206776954362459,0.0014328667315417487,0.0014328667315417487
S2_single_R3_record,RAD51D,False,computed,377,12,365,0.7025114155251142,0.5242009132420091,0.5242009132420091,0.5242009132420091,0.2025114155251142,0.8333333333333334,-0.3521878784354494,0.6246575342465753,-0.08196004822673524,0.024200913242009126,0.4166666666666667,0.13625448332105144,0.4328767123287671,0.1233819774699657,finite published score set; not an assay-population estimate,0.0014640566908701302,0.0014640566908701302,0.0012045562292586354,0.0012045562292586354
S2_single_R3_record,RAD54B,False,computed,377,12,365,0.7002283105022831,0.5232876712328767,0.5232876712328767,0.5232876712328767,0.20022831050228307,0.8333333333333334,-0.3521878784354494,0.6273972602739726,-0.082557973450654,0.023287671232876672,0.4166666666666667,0.13625448332105144,0.43561643835616437,0.1228128684412434,finite published score set; not an assay-population estimate,-0.0008190483319610031,0.0008190483319610031,0.000291314220126182,0.000291314220126182
S2_single_R3_record,RAD54L,False,computed,377,12,365,0.7013698630136986,0.5242009132420091,0.5242009132420091,0.5242009132420091,0.20136986301369864,0.8333333333333334,-0.3521878784354494,0.6246575342465753,-0.08196004822673524,0.024200913242009126,0.4166666666666667,0.13625448332105144,0.4328767123287671,0.1233819774699657,finite published score set; not an assay-population estimate,0.00032250417945456356,0.00032250417945456356,0.0012045562292586354,0.0012045562292586354
S2_single_R3_record,RAD9B,False,computed,377,12,365,0.7027397260273973,0.5235159817351598,0.5235159817351598,0.5235159817351598,0.20273972602739732,0.8333333333333334,-0.3521878784354494,0.6246575342465753,-0.08196004822673524,0.023515981735159786,0.4166666666666667,0.13625448332105144,0.4328767123287671,0.1233819774699657,finite published score set; not an assay-population estimate,0.0016923671931532436,0.0016923671931532436,0.0005196247224092954,0.0005196247224092954
S2_single_R3_record,RCHY1,False,computed,377,12,365,0.7015981735159817,0.523972602739726,0.523972602739726,0.523972602739726,0.20159817351598175,0.8333333333333334,-0.3521878784354494,0.6246575342465753,-0.08196004822673524,0.023972602739726012,0.4166666666666667,0.13625448332105144,0.4328767123287671,0.1233819774699657,finite published score set; not an assay-population estimate,0.0005508146817376769,0.0005508146817376769,0.000976245726975522,0.000976245726975522
S2_single_R3_record,REC8,False,computed,377,12,365,0.7006849315068493,0.5219178082191781,0.5219178082191781,0.5219178082191781,0.2006849315068493,0.8333333333333334,-0.3521878784354494,0.6246575342465753,-0.082557973450654,0.021917808219178103,0.4166666666666667,0.13625448332105144,0.43561643835616437,0.1228128684412434,finite published score set; not an assay-population estimate,-0.00036242732739477646,0.00036242732739477646,-0.001078548793572387,0.001078548793572387
S2_single_R3_record,RECQL,False,computed,377,12,365,0.7002283105022831,0.5235159817351598,0.5235159817351598,0.5235159817351598,0.20022831050228307,0.8333333333333334,-0.3521878784354494,0.6273972602739726,-0.082557973450654,0.023515981735159786,0.4166666666666667,0.13625448332105144,0.4328767123287671,0.1233819774699657,finite published score set; not an assay-population estimate,-0.0008190483319610031,0.0008190483319610031,0.0005196247224092954,0.0005196247224092954
S2_single_R3_record,RECQL5,False,computed,377,12,365,0.7002283105022831,0.5226027397260274,0.5226027397260274,0.5226027397260274,0.20022831050228307,0.8333333333333334,-0.3521878784354494,0.6273972602739726,-0.082557973450654,0.022602739726027443,0.4166666666666667,0.13625448332105144,0.43561643835616437,0.1228128684412434,finite published score set; not an assay-population estimate,-0.0008190483319610031,0.0008190483319610031,-0.00039361728672304697,0.00039361728672304697
S2_single_R3_record,REV1,False,computed,377,12,365,0.7009132420091324,0.5232876712328767,0.5232876712328767,0.5232876712328767,0.2009132420091324,0.8333333333333334,-0.3521878784354494,0.6246575342465753,-0.082557973450654,0.023287671232876672,0.4166666666666667,0.13625448332105144,0.43561643835616437,0.1233819774699657,finite published score set; not an assay-population estimate,-0.00013411682511166312,0.00013411682511166312,0.000291314220126182,0.000291314220126182
S2_single_R3_record,REV3L,False,computed,377,12,365,0.702054794520548,0.5235159817351598,0.5235159817351598,0.5235159817351598,0.20205479452054798,0.8333333333333334,-0.3521878784354494,0.6246575342465753,-0.08196004822673524,0.023515981735159786,0.4166666666666667,0.13625448332105144,0.4328767123287671,0.1233819774699657,finite published score set; not an assay-population estimate,0.0010074356863039036,0.0010074356863039036,0.0005196247224092954,0.0005196247224092954
S2_single_R3_record,REXO4,False,computed,377,12,365,0.7013698630136986,0.5221461187214612,0.5221461187214612,0.5221461187214612,0.20136986301369864,0.8333333333333334,-0.3521878784354494,0.6246575342465753,-0.08196004822673524,0.022146118721461217,0.4166666666666667,0.13625448332105144,0.43561643835616437,0.1228128684412434,finite published score set; not an assay-population estimate,0.00032250417945456356,0.00032250417945456356,-0.0008502382912892736,0.0008502382912892736
S2_single_R3_record,RFWD3,False,computed,377,12,365,0.7011415525114155,0.5235159817351598,0.5235159817351598,0.5235159817351598,0.20114155251141552,0.8333333333333334,-0.3521878784354494,0.6246575342465753,-0.08196004822673524,0.023515981735159786,0.4166666666666667,0.13625448332105144,0.4328767123287671,0.1233819774699657,finite published score set; not an assay-population estimate,9.419367717145022e-05,9.419367717145022e-05,0.0005196247224092954,0.0005196247224092954
S2_single_R3_record,RHNO1,False,computed,377,12,365,0.7029680365296803,0.5242009132420091,0.5242009132420091,0.5242009132420091,0.20296803652968032,0.8333333333333334,-0.3521878784354494,0.6246575342465753,-0.08196004822673524,0.024200913242009126,0.4166666666666667,0.13625448332105144,0.4328767123287671,0.1233819774699657,finite published score set; not an assay-population estimate,0.0019206776954362459,0.0019206776954362459,0.0012045562292586354,0.0012045562292586354
S2_single_R3_record,RIF1,False,computed,377,12,365,0.7002283105022831,0.5237442922374429,0.5237442922374429,0.5237442922374429,0.20022831050228307,0.8333333333333334,-0.3521878784354494,0.6273972602739726,-0.082557973450654,0.0237442922374429,0.4166666666666667,0.13625448332105144,0.4328767123287671,0.1233819774699657,finite published score set; not an assay-population estimate,-0.0008190483319610031,0.0008190483319610031,0.0007479352246924087,0.0007479352246924087
S2_single_R3_record,RMI1,False,computed,377,12,365,0.7002283105022831,0.5219178082191781,0.5219178082191781,0.5219178082191781,0.20022831050228307,0.8333333333333334,-0.3521878784354494,0.6273972602739726,-0.082557973450654,0.021917808219178103,0.4166666666666667,0.13625448332105144,0.43561643835616437,0.1228128684412434,finite published score set; not an assay-population estimate,-0.0008190483319610031,0.0008190483319610031,-0.001078548793572387,0.001078548793572387
S2_single_R3_record,RMI2,False,computed,377,12,365,0.7002283105022831,0.5219178082191781,0.5219178082191781,0.5219178082191781,0.20022831050228307,0.8333333333333334,-0.3521878784354494,0.6273972602739726,-0.082557973450654,0.021917808219178103,0.4166666666666667,0.13625448332105144,0.43561643835616437,0.1228128684412434,finite published score set; not an assay-population estimate,-0.0008190483319610031,0.0008190483319610031,-0.001078548793572387,0.001078548793572387
S2_single_R3_record,RNASEH2A,False,computed,377,12,365,0.7013698630136986,0.5221461187214612,0.5221461187214612,0.5221461187214612,0.20136986301369864,0.8333333333333334,-0.3521878784354494,0.6246575342465753,-0.08196004822673524,0.022146118721461217,0.4166666666666667,0.13625448332105144,0.43561643835616437,0.1228128684412434,finite published score set; not an assay-population estimate,0.00032250417945456356,0.00032250417945456356,-0.0008502382912892736,0.0008502382912892736
S2_single_R3_record,RNF111,False,computed,377,12,365,0.7013698630136986,0.5226027397260274,0.5226027397260274,0.5226027397260274,0.20136986301369864,0.8333333333333334,-0.3521878784354494,0.6246575342465753,-0.08196004822673524,0.022602739726027443,0.4166666666666667,0.13625448332105144,0.43561643835616437,0.1228128684412434,finite published score set; not an assay-population estimate,0.00032250417945456356,0.00032250417945456356,-0.00039361728672304697,0.00039361728672304697
S2_single_R3_record,RNF138,False,computed,377,12,365,0.7002283105022831,0.5235159817351598,0.5235159817351598,0.5235159817351598,0.20022831050228307,0.8333333333333334,-0.3521878784354494,0.6273972602739726,-0.082557973450654,0.023515981735159786,0.4166666666666667,0.13625448332105144,0.4328767123287671,0.1233819774699657,finite published score set; not an assay-population estimate,-0.0008190483319610031,0.0008190483319610031,0.0005196247224092954,0.0005196247224092954
S2_single_R3_record,RNF168,False,computed,377,12,365,0.7009132420091324,0.5242009132420091,0.5242009132420091,0.5242009132420091,0.2009132420091324,0.8333333333333334,-0.3521878784354494,0.6246575342465753,-0.082557973450654,0.024200913242009126,0.4166666666666667,0.13625448332105144,0.4328767123287671,0.1233819774699657,finite published score set; not an assay-population estimate,-0.00013411682511166312,0.00013411682511166312,0.0012045562292586354,0.0012045562292586354
S2_single_R3_record,RNF169,False,computed,377,12,365,0.7002283105022831,0.5219178082191781,0.5219178082191781,0.5219178082191781,0.20022831050228307,0.8333333333333334,-0.3521878784354494,0.6273972602739726,-0.082557973450654,0.021917808219178103,0.4166666666666667,0.13625448332105144,0.43561643835616437,0.1228128684412434,finite published score set; not an assay-population estimate,-0.0008190483319610031,0.0008190483319610031,-0.001078548793572387,0.001078548793572387
S2_single_R3_record,RNF8,True,computed,377,11,366,0.6887729756582216,0.5014903129657228,0.5014903129657228,0.5014903129657228,0.1887729756582216,0.8181818181818182,-0.2897728682787928,0.6256830601092896,-0.08225901083869461,0.0014903129657227732,0.36363636363636365,0.1417154921489807,0.4344262295081967,0.12309742295560455,finite published score set; not an assay-population estimate,-0.012274383176022474,0.012274383176022474,-0.021506044047027717,0.021506044047027717
S2_single_R3_record,RPA4,False,computed,377,12,365,0.7009132420091324,0.5232876712328767,0.5232876712328767,0.5232876712328767,0.2009132420091324,0.8333333333333334,-0.3521878784354494,0.6246575342465753,-0.082557973450654,0.023287671232876672,0.4166666666666667,0.13625448332105144,0.43561643835616437,0.1233819774699657,finite published score set; not an assay-population estimate,-0.00013411682511166312,0.00013411682511166312,0.000291314220126182,0.000291314220126182
S2_single_R3_record,RRM2B,False,computed,377,12,365,0.7011415525114155,0.5232876712328767,0.5232876712328767,0.5232876712328767,0.20114155251141552,0.8333333333333334,-0.3521878784354494,0.6246575342465753,-0.08196004822673524,0.023287671232876672,0.4166666666666667,0.13625448332105144,0.4328767123287671,0.1233819774699657,finite published score set; not an assay-population estimate,9.419367717145022e-05,9.419367717145022e-05,0.000291314220126182,0.000291314220126182
S2_single_R3_record,RTEL1,False,computed,377,12,365,0.702054794520548,0.5232876712328767,0.5232876712328767,0.5232876712328767,0.20205479452054798,0.8333333333333334,-0.3521878784354494,0.6246575342465753,-0.08196004822673524,0.023287671232876672,0.4166666666666667,0.13625448332105144,0.43561643835616437,0.1233819774699657,finite published score set; not an assay-population estimate,0.0010074356863039036,0.0010074356863039036,0.000291314220126182,0.000291314220126182
S2_single_R3_record,SAMHD1,False,computed,377,12,365,0.7002283105022831,0.5226027397260274,0.5226027397260274,0.5226027397260274,0.20022831050228307,0.8333333333333334,-0.3521878784354494,0.6273972602739726,-0.082557973450654,0.022602739726027443,0.4166666666666667,0.13625448332105144,0.43561643835616437,0.1228128684412434,finite published score set; not an assay-population estimate,-0.0008190483319610031,0.0008190483319610031,-0.00039361728672304697,0.00039361728672304697
S2_single_R3_record,SETD2,False,computed,377,12,365,0.7002283105022831,0.5219178082191781,0.5219178082191781,0.5219178082191781,0.20022831050228307,0.8333333333333334,-0.3521878784354494,0.6273972602739726,-0.082557973450654,0.021917808219178103,0.4166666666666667,0.13625448332105144,0.43561643835616437,0.1228128684412434,finite published score set; not an assay-population estimate,-0.0008190483319610031,0.0008190483319610031,-0.001078548793572387,0.001078548793572387
S2_single_R3_record,SETMAR,False,computed,377,12,365,0.7009132420091324,0.5235159817351598,0.5235159817351598,0.5235159817351598,0.2009132420091324,0.8333333333333334,-0.3521878784354494,0.6246575342465753,-0.082557973450654,0.023515981735159786,0.4166666666666667,0.13625448332105144,0.4328767123287671,0.1233819774699657,finite published score set; not an assay-population estimate,-0.00013411682511166312,0.00013411682511166312,0.0005196247224092954,0.0005196247224092954
S2_single_R3_record,SETX,False,computed,377,12,365,0.7013698630136986,0.5226027397260274,0.5226027397260274,0.5226027397260274,0.20136986301369864,0.8333333333333334,-0.3521878784354494,0.6246575342465753,-0.08196004822673524,0.022602739726027443,0.4166666666666667,0.13625448332105144,0.43561643835616437,0.1228128684412434,finite published score set; not an assay-population estimate,0.00032250417945456356,0.00032250417945456356,-0.00039361728672304697,0.00039361728672304697
S2_single_R3_record,SFR1,False,computed,377,12,365,0.7015981735159817,0.5242009132420091,0.5242009132420091,0.5242009132420091,0.20159817351598175,0.8333333333333334,-0.3521878784354494,0.6246575342465753,-0.08196004822673524,0.024200913242009126,0.4166666666666667,0.13625448332105144,0.4328767123287671,0.1233819774699657,finite published score set; not an assay-population estimate,0.0005508146817376769,0.0005508146817376769,0.0012045562292586354,0.0012045562292586354
S2_single_R3_record,SHPRH,False,computed,377,12,365,0.7011415525114155,0.5235159817351598,0.5235159817351598,0.5235159817351598,0.20114155251141552,0.8333333333333334,-0.3521878784354494,0.6246575342465753,-0.08196004822673524,0.023515981735159786,0.4166666666666667,0.13625448332105144,0.4328767123287671,0.1233819774699657,finite published score set; not an assay-population estimate,9.419367717145022e-05,9.419367717145022e-05,0.0005196247224092954,0.0005196247224092954
S2_single_R3_record,SIRT1,False,computed,377,12,365,0.7015981735159817,0.5235159817351598,0.5235159817351598,0.5235159817351598,0.20159817351598175,0.8333333333333334,-0.3521878784354494,0.6246575342465753,-0.08196004822673524,0.023515981735159786,0.4166666666666667,0.13625448332105144,0.4328767123287671,0.1233819774699657,finite published score set; not an assay-population estimate,0.0005508146817376769,0.0005508146817376769,0.0005196247224092954,0.0005196247224092954
S2_single_R3_record,SIRT6,False,computed,377,12,365,0.7002283105022831,0.5221461187214612,0.5221461187214612,0.5221461187214612,0.20022831050228307,0.8333333333333334,-0.3521878784354494,0.6273972602739726,-0.082557973450654,0.022146118721461217,0.4166666666666667,0.13625448332105144,0.43561643835616437,0.1228128684412434,finite published score set; not an assay-population estimate,-0.0008190483319610031,0.0008190483319610031,-0.0008502382912892736,0.0008502382912892736
S2_single_R3_record,SLC30A9,False,computed,377,12,365,0.7011415525114155,0.5235159817351598,0.5235159817351598,0.5235159817351598,0.20114155251141552,0.8333333333333334,-0.3521878784354494,0.6246575342465753,-0.08196004822673524,0.023515981735159786,0.4166666666666667,0.13625448332105144,0.4328767123287671,0.1233819774699657,finite published score set; not an assay-population estimate,9.419367717145022e-05,9.419367717145022e-05,0.0005196247224092954,0.0005196247224092954
S2_single_R3_record,SLX1A,False,computed,377,12,365,0.7002283105022831,0.5232876712328767,0.5232876712328767,0.5232876712328767,0.20022831050228307,0.8333333333333334,-0.3521878784354494,0.6273972602739726,-0.082557973450654,0.023287671232876672,0.4166666666666667,0.13625448332105144,0.43561643835616437,0.1233819774699657,finite published score set; not an assay-population estimate,-0.0008190483319610031,0.0008190483319610031,0.000291314220126182,0.000291314220126182
S2_single_R3_record,SLX4,False,computed,377,12,365,0.7002283105022831,0.523972602739726,0.523972602739726,0.523972602739726,0.20022831050228307,0.8333333333333334,-0.3521878784354494,0.6273972602739726,-0.082557973450654,0.023972602739726012,0.4166666666666667,0.13625448332105144,0.4328767123287671,0.1233819774699657,finite published score set; not an assay-population estimate,-0.0008190483319610031,0.0008190483319610031,0.000976245726975522,0.000976245726975522
S2_single_R3_record,SMARCAD1,False,computed,377,12,365,0.7002283105022831,0.5221461187214612,0.5221461187214612,0.5221461187214612,0.20022831050228307,0.8333333333333334,-0.3521878784354494,0.6273972602739726,-0.082557973450654,0.022146118721461217,0.4166666666666667,0.13625448332105144,0.43561643835616437,0.1228128684412434,finite published score set; not an assay-population estimate,-0.0008190483319610031,0.0008190483319610031,-0.0008502382912892736,0.0008502382912892736
S2_single_R3_record,SMARCAL1,False,computed,377,12,365,0.7011415525114155,0.5242009132420091,0.5242009132420091,0.5242009132420091,0.20114155251141552,0.8333333333333334,-0.3521878784354494,0.6246575342465753,-0.08196004822673524,0.024200913242009126,0.4166666666666667,0.13625448332105144,0.4328767123287671,0.1233819774699657,finite published score set; not an assay-population estimate,9.419367717145022e-05,9.419367717145022e-05,0.0012045562292586354,0.0012045562292586354
S2_single_R3_record,SMC5,False,computed,377,12,365,0.702054794520548,0.521689497716895,0.521689497716895,0.521689497716895,0.20205479452054798,0.8333333333333334,-0.3521878784354494,0.6246575342465753,-0.08196004822673524,0.02168949771689499,0.4166666666666667,0.13625448332105144,0.43561643835616437,0.1228128684412434,finite published score set; not an assay-population estimate,0.0010074356863039036,0.0010074356863039036,-0.0013068592958555003,0.0013068592958555003
S2_single_R3_record,SMCHD1,False,computed,377,12,365,0.7011415525114155,0.5221461187214612,0.5221461187214612,0.5221461187214612,0.20114155251141552,0.8333333333333334,-0.3521878784354494,0.6246575342465753,-0.08196004822673524,0.022146118721461217,0.4166666666666667,0.13625448332105144,0.43561643835616437,0.1228128684412434,finite published score set; not an assay-population estimate,9.419367717145022e-05,9.419367717145022e-05,-0.0008502382912892736,0.0008502382912892736
S2_single_R3_record,SMEK2,False,computed,377,12,365,0.7002283105022831,0.5235159817351598,0.5235159817351598,0.5235159817351598,0.20022831050228307,0.8333333333333334,-0.3521878784354494,0.6273972602739726,-0.082557973450654,0.023515981735159786,0.4166666666666667,0.13625448332105144,0.4328767123287671,0.1233819774699657,finite published score set; not an assay-population estimate,-0.0008190483319610031,0.0008190483319610031,0.0005196247224092954,0.0005196247224092954
S2_single_R3_record,SMG1,False,computed,377,12,365,0.7004566210045662,0.5237442922374429,0.5237442922374429,0.5237442922374429,0.20045662100456618,0.8333333333333334,-0.3521878784354494,0.6273972602739726,-0.082557973450654,0.0237442922374429,0.4166666666666667,0.13625448332105144,0.4328767123287671,0.1233819774699657,finite published score set; not an assay-population estimate,-0.0005907378296778898,0.0005907378296778898,0.0007479352246924087,0.0007479352246924087
S2_single_R3_record,SMUG1,False,computed,377,12,365,0.7002283105022831,0.5232876712328767,0.5232876712328767,0.5232876712328767,0.20022831050228307,0.8333333333333334,-0.3521878784354494,0.6273972602739726,-0.082557973450654,0.023287671232876672,0.4166666666666667,0.13625448332105144,0.43561643835616437,0.1233819774699657,finite published score set; not an assay-population estimate,-0.0008190483319610031,0.0008190483319610031,0.000291314220126182,0.000291314220126182
S2_single_R3_record,SPATA22,False,computed,377,12,365,0.7002283105022831,0.5219178082191781,0.5219178082191781,0.5219178082191781,0.20022831050228307,0.8333333333333334,-0.3521878784354494,0.6273972602739726,-0.082557973450654,0.021917808219178103,0.4166666666666667,0.13625448332105144,0.43561643835616437,0.1228128684412434,finite published score set; not an assay-population estimate,-0.0008190483319610031,0.0008190483319610031,-0.001078548793572387,0.001078548793572387
S2_single_R3_record,SPIDR,False,computed,377,12,365,0.7013698630136986,0.5237442922374429,0.5237442922374429,0.5237442922374429,0.20136986301369864,0.8333333333333334,-0.3521878784354494,0.6246575342465753,-0.08196004822673524,0.0237442922374429,0.4166666666666667,0.13625448332105144,0.4328767123287671,0.1233819774699657,finite published score set; not an assay-population estimate,0.00032250417945456356,0.00032250417945456356,0.0007479352246924087,0.0007479352246924087
S2_single_R3_record,SPIRE1,False,computed,377,12,365,0.7009132420091324,0.5237442922374429,0.5237442922374429,0.5237442922374429,0.2009132420091324,0.8333333333333334,-0.3521878784354494,0.6246575342465753,-0.082557973450654,0.0237442922374429,0.4166666666666667,0.13625448332105144,0.4328767123287671,0.1233819774699657,finite published score set; not an assay-population estimate,-0.00013411682511166312,0.00013411682511166312,0.0007479352246924087,0.0007479352246924087
S2_single_R3_record,SPIRE2,False,computed,377,12,365,0.7009132420091324,0.5221461187214612,0.5221461187214612,0.5221461187214612,0.2009132420091324,0.8333333333333334,-0.3521878784354494,0.6246575342465753,-0.082557973450654,0.022146118721461217,0.4166666666666667,0.13625448332105144,0.43561643835616437,0.1228128684412434,finite published score set; not an assay-population estimate,-0.00013411682511166312,0.00013411682511166312,-0.0008502382912892736,0.0008502382912892736
S2_single_R3_record,SPO11,False,computed,377,12,365,0.7013698630136986,0.5235159817351598,0.5235159817351598,0.5235159817351598,0.20136986301369864,0.8333333333333334,-0.3521878784354494,0.6246575342465753,-0.08196004822673524,0.023515981735159786,0.4166666666666667,0.13625448332105144,0.4328767123287671,0.1233819774699657,finite published score set; not an assay-population estimate,0.00032250417945456356,0.00032250417945456356,0.0005196247224092954,0.0005196247224092954
S2_single_R3_record,SPRTN,False,computed,377,12,365,0.7004566210045662,0.5237442922374429,0.5237442922374429,0.5237442922374429,0.20045662100456618,0.8333333333333334,-0.3521878784354494,0.6273972602739726,-0.082557973450654,0.0237442922374429,0.4166666666666667,0.13625448332105144,0.4328767123287671,0.1233819774699657,finite published score set; not an assay-population estimate,-0.0005907378296778898,0.0005907378296778898,0.0007479352246924087,0.0007479352246924087
S2_single_R3_record,STRA13,False,computed,377,12,365,0.7009132420091324,0.5226027397260274,0.5226027397260274,0.5226027397260274,0.2009132420091324,0.8333333333333334,-0.3521878784354494,0.6246575342465753,-0.082557973450654,0.022602739726027443,0.4166666666666667,0.13625448332105144,0.43561643835616437,0.1228128684412434,finite published score set; not an assay-population estimate,-0.00013411682511166312,0.00013411682511166312,-0.00039361728672304697,0.00039361728672304697
S2_single_R3_record,STUB1,False,computed,377,12,365,0.7002283105022831,0.5221461187214612,0.5221461187214612,0.5221461187214612,0.20022831050228307,0.8333333333333334,-0.3521878784354494,0.6273972602739726,-0.082557973450654,0.022146118721461217,0.4166666666666667,0.13625448332105144,0.43561643835616437,0.1228128684412434,finite published score set; not an assay-population estimate,-0.0008190483319610031,0.0008190483319610031,-0.0008502382912892736,0.0008502382912892736
S2_single_R3_record,SUMO1,False,computed,377,12,365,0.7013698630136986,0.523972602739726,0.523972602739726,0.523972602739726,0.20136986301369864,0.8333333333333334,-0.3521878784354494,0.6246575342465753,-0.08196004822673524,0.023972602739726012,0.4166666666666667,0.13625448332105144,0.4328767123287671,0.1233819774699657,finite published score set; not an assay-population estimate,0.00032250417945456356,0.00032250417945456356,0.000976245726975522,0.000976245726975522
S2_single_R3_record,SUV420H1,False,computed,377,12,365,0.7002283105022831,0.5226027397260274,0.5226027397260274,0.5226027397260274,0.20022831050228307,0.8333333333333334,-0.3521878784354494,0.6273972602739726,-0.082557973450654,0.022602739726027443,0.4166666666666667,0.13625448332105144,0.43561643835616437,0.1228128684412434,finite published score set; not an assay-population estimate,-0.0008190483319610031,0.0008190483319610031,-0.00039361728672304697,0.00039361728672304697
S2_single_R3_record,SUV420H2,False,computed,377,12,365,0.7006849315068493,0.5221461187214612,0.5221461187214612,0.5221461187214612,0.2006849315068493,0.8333333333333334,-0.3521878784354494,0.6273972602739726,-0.082557973450654,0.022146118721461217,0.4166666666666667,0.13625448332105144,0.43561643835616437,0.1228128684412434,finite published score set; not an assay-population estimate,-0.00036242732739477646,0.00036242732739477646,-0.0008502382912892736,0.0008502382912892736
S2_single_R3_record,SWI5,False,computed,377,12,365,0.7029680365296803,0.5244292237442922,0.5244292237442922,0.5244292237442922,0.20296803652968032,0.8333333333333334,-0.3521878784354494,0.6246575342465753,-0.08196004822673524,0.02442922374429224,0.4166666666666667,0.13625448332105144,0.4328767123287671,0.1233819774699657,finite published score set; not an assay-population estimate,0.0019206776954362459,0.0019206776954362459,0.0014328667315417487,0.0014328667315417487
S2_single_R3_record,SWSAP1,False,computed,377,12,365,0.7015981735159817,0.5237442922374429,0.5237442922374429,0.5237442922374429,0.20159817351598175,0.8333333333333334,-0.3521878784354494,0.6246575342465753,-0.08196004822673524,0.0237442922374429,0.4166666666666667,0.13625448332105144,0.4328767123287671,0.1233819774699657,finite published score set; not an assay-population estimate,0.0005508146817376769,0.0005508146817376769,0.0007479352246924087,0.0007479352246924087
S2_single_R3_record,SYCP1,False,computed,377,12,365,0.7009132420091324,0.5221461187214612,0.5221461187214612,0.5221461187214612,0.2009132420091324,0.8333333333333334,-0.3521878784354494,0.6246575342465753,-0.082557973450654,0.022146118721461217,0.4166666666666667,0.13625448332105144,0.43561643835616437,0.1228128684412434,finite published score set; not an assay-population estimate,-0.00013411682511166312,0.00013411682511166312,-0.0008502382912892736,0.0008502382912892736
S2_single_R3_record,TAOK1,False,computed,377,12,365,0.7002283105022831,0.5230593607305936,0.5230593607305936,0.5230593607305936,0.20022831050228307,0.8333333333333334,-0.3521878784354494,0.6273972602739726,-0.082557973450654,0.02305936073059356,0.4166666666666667,0.13625448332105144,0.43561643835616437,0.1228128684412434,finite published score set; not an assay-population estimate,-0.0008190483319610031,0.0008190483319610031,6.300371784306869e-05,6.300371784306869e-05
S2_single_R3_record,TCEA1,False,computed,377,12,365,0.7002283105022831,0.5221461187214612,0.5221461187214612,0.5221461187214612,0.20022831050228307,0.8333333333333334,-0.3521878784354494,0.6273972602739726,-0.082557973450654,0.022146118721461217,0.4166666666666667,0.13625448332105144,0.43561643835616437,0.1228128684412434,finite published score set; not an assay-population estimate,-0.0008190483319610031,0.0008190483319610031,-0.0008502382912892736,0.0008502382912892736
S2_single_R3_record,TDG,False,computed,377,12,365,0.7011415525114155,0.5221461187214612,0.5221461187214612,0.5221461187214612,0.20114155251141552,0.8333333333333334,-0.3521878784354494,0.6246575342465753,-0.08196004822673524,0.022146118721461217,0.4166666666666667,0.13625448332105144,0.43561643835616437,0.1228128684412434,finite published score set; not an assay-population estimate,9.419367717145022e-05,9.419367717145022e-05,-0.0008502382912892736,0.0008502382912892736
S2_single_R3_record,TDP1,False,computed,377,12,365,0.7011415525114155,0.5242009132420091,0.5242009132420091,0.5242009132420091,0.20114155251141552,0.8333333333333334,-0.3521878784354494,0.6246575342465753,-0.08196004822673524,0.024200913242009126,0.4166666666666667,0.13625448332105144,0.4328767123287671,0.1233819774699657,finite published score set; not an assay-population estimate,9.419367717145022e-05,9.419367717145022e-05,0.0012045562292586354,0.0012045562292586354
S2_single_R3_record,TDP2,False,computed,377,12,365,0.7002283105022831,0.5226027397260274,0.5226027397260274,0.5226027397260274,0.20022831050228307,0.8333333333333334,-0.3521878784354494,0.6273972602739726,-0.082557973450654,0.022602739726027443,0.4166666666666667,0.13625448332105144,0.43561643835616437,0.1228128684412434,finite published score set; not an assay-population estimate,-0.0008190483319610031,0.0008190483319610031,-0.00039361728672304697,0.00039361728672304697
S2_single_R3_record,TERF2IP,False,computed,377,12,365,0.7004566210045662,0.5235159817351598,0.5235159817351598,0.5235159817351598,0.20045662100456618,0.8333333333333334,-0.3521878784354494,0.6273972602739726,-0.082557973450654,0.023515981735159786,0.4166666666666667,0.13625448332105144,0.4328767123287671,0.1233819774699657,finite published score set; not an assay-population estimate,-0.0005907378296778898,0.0005907378296778898,0.0005196247224092954,0.0005196247224092954
S2_single_R3_record,TEX12,False,computed,377,12,365,0.7002283105022831,0.5219178082191781,0.5219178082191781,0.5219178082191781,0.20022831050228307,0.8333333333333334,-0.3521878784354494,0.6273972602739726,-0.082557973450654,0.021917808219178103,0.4166666666666667,0.13625448332105144,0.43561643835616437,0.1228128684412434,finite published score set; not an assay-population estimate,-0.0008190483319610031,0.0008190483319610031,-0.001078548793572387,0.001078548793572387
S2_single_R3_record,TEX15,False,computed,377,12,365,0.7013698630136986,0.5221461187214612,0.5221461187214612,0.5221461187214612,0.20136986301369864,0.8333333333333334,-0.3521878784354494,0.6246575342465753,-0.08196004822673524,0.022146118721461217,0.4166666666666667,0.13625448332105144,0.43561643835616437,0.1228128684412434,finite published score set; not an assay-population estimate,0.00032250417945456356,0.00032250417945456356,-0.0008502382912892736,0.0008502382912892736
S2_single_R3_record,TFPT,False,computed,377,12,365,0.7025114155251142,0.5242009132420091,0.5242009132420091,0.5242009132420091,0.2025114155251142,0.8333333333333334,-0.3521878784354494,0.6246575342465753,-0.08196004822673524,0.024200913242009126,0.4166666666666667,0.13625448332105144,0.4328767123287671,0.1233819774699657,finite published score set; not an assay-population estimate,0.0014640566908701302,0.0014640566908701302,0.0012045562292586354,0.0012045562292586354
S2_single_R3_record,TMEM161A,False,computed,377,12,365,0.7013698630136986,0.5235159817351598,0.5235159817351598,0.5235159817351598,0.20136986301369864,0.8333333333333334,-0.3521878784354494,0.6246575342465753,-0.08196004822673524,0.023515981735159786,0.4166666666666667,0.13625448332105144,0.4328767123287671,0.1233819774699657,finite published score set; not an assay-population estimate,0.00032250417945456356,0.00032250417945456356,0.0005196247224092954,0.0005196247224092954
S2_single_R3_record,TNP1,False,computed,377,12,365,0.7009132420091324,0.5226027397260274,0.5226027397260274,0.5226027397260274,0.2009132420091324,0.8333333333333334,-0.3521878784354494,0.6246575342465753,-0.082557973450654,0.022602739726027443,0.4166666666666667,0.13625448332105144,0.43561643835616437,0.1228128684412434,finite published score set; not an assay-population estimate,-0.00013411682511166312,0.00013411682511166312,-0.00039361728672304697,0.00039361728672304697
S2_single_R3_record,TOP3A,False,computed,377,12,365,0.7002283105022831,0.5219178082191781,0.5219178082191781,0.5219178082191781,0.20022831050228307,0.8333333333333334,-0.3521878784354494,0.6273972602739726,-0.082557973450654,0.021917808219178103,0.4166666666666667,0.13625448332105144,0.43561643835616437,0.1228128684412434,finite published score set; not an assay-population estimate,-0.0008190483319610031,0.0008190483319610031,-0.001078548793572387,0.001078548793572387
S2_single_R3_record,TP53,False,computed,377,12,365,0.7002283105022831,0.521689497716895,0.521689497716895,0.521689497716895,0.20022831050228307,0.8333333333333334,-0.3521878784354494,0.6273972602739726,-0.082557973450654,0.02168949771689499,0.4166666666666667,0.13625448332105144,0.43561643835616437,0.1228128684412434,finite published score set; not an assay-population estimate,-0.0008190483319610031,0.0008190483319610031,-0.0013068592958555003,0.0013068592958555003
S2_single_R3_record,TP73,False,computed,377,12,365,0.7002283105022831,0.5226027397260274,0.5226027397260274,0.5226027397260274,0.20022831050228307,0.8333333333333334,-0.3521878784354494,0.6273972602739726,-0.082557973450654,0.022602739726027443,0.4166666666666667,0.13625448332105144,0.43561643835616437,0.1228128684412434,finite published score set; not an assay-population estimate,-0.0008190483319610031,0.0008190483319610031,-0.00039361728672304697,0.00039361728672304697
S2_single_R3_record,TREX1,False,computed,377,12,365,0.7002283105022831,0.5221461187214612,0.5221461187214612,0.5221461187214612,0.20022831050228307,0.8333333333333334,-0.3521878784354494,0.6273972602739726,-0.082557973450654,0.022146118721461217,0.4166666666666667,0.13625448332105144,0.43561643835616437,0.1228128684412434,finite published score set; not an assay-population estimate,-0.0008190483319610031,0.0008190483319610031,-0.0008502382912892736,0.0008502382912892736
S2_single_R3_record,TRIM25,False,computed,377,12,365,0.7002283105022831,0.5221461187214612,0.5221461187214612,0.5221461187214612,0.20022831050228307,0.8333333333333334,-0.3521878784354494,0.6273972602739726,-0.082557973450654,0.022146118721461217,0.4166666666666667,0.13625448332105144,0.43561643835616437,0.1228128684412434,finite published score set; not an assay-population estimate,-0.0008190483319610031,0.0008190483319610031,-0.0008502382912892736,0.0008502382912892736
S2_single_R3_record,TRIM28,False,computed,377,12,365,0.7002283105022831,0.5235159817351598,0.5235159817351598,0.5235159817351598,0.20022831050228307,0.8333333333333334,-0.3521878784354494,0.6273972602739726,-0.082557973450654,0.023515981735159786,0.4166666666666667,0.13625448332105144,0.4328767123287671,0.1233819774699657,finite published score set; not an assay-population estimate,-0.0008190483319610031,0.0008190483319610031,0.0005196247224092954,0.0005196247224092954
S2_single_R3_record,TRIP12,False,computed,377,12,365,0.7002283105022831,0.5235159817351598,0.5235159817351598,0.5235159817351598,0.20022831050228307,0.8333333333333334,-0.3521878784354494,0.6273972602739726,-0.082557973450654,0.023515981735159786,0.4166666666666667,0.13625448332105144,0.4328767123287671,0.1233819774699657,finite published score set; not an assay-population estimate,-0.0008190483319610031,0.0008190483319610031,0.0005196247224092954,0.0005196247224092954
S2_single_R3_record,TRIP13,True,computed,377,11,366,0.6790859413810233,0.4930452061599603,0.4930452061599603,0.4930452061599603,0.1790859413810233,0.8181818181818182,-0.2897728682787928,0.6256830601092896,-0.08225901083869461,-0.006954793840039719,0.36363636363636365,0.1417154921489807,0.4344262295081967,0.12309742295560455,finite published score set; not an assay-population estimate,-0.021961417453220777,0.021961417453220777,-0.02995115085279021,0.02995115085279021
S2_single_R3_record,TRRAP,False,computed,377,12,365,0.7015981735159817,0.5226027397260274,0.5226027397260274,0.5226027397260274,0.20159817351598175,0.8333333333333334,-0.3521878784354494,0.6246575342465753,-0.08196004822673524,0.022602739726027443,0.4166666666666667,0.13625448332105144,0.43561643835616437,0.1228128684412434,finite published score set; not an assay-population estimate,0.0005508146817376769,0.0005508146817376769,-0.00039361728672304697,0.00039361728672304697
S2_single_R3_record,TTC5,False,computed,377,12,365,0.7002283105022831,0.5219178082191781,0.5219178082191781,0.5219178082191781,0.20022831050228307,0.8333333333333334,-0.3521878784354494,0.6273972602739726,-0.082557973450654,0.021917808219178103,0.4166666666666667,0.13625448332105144,0.43561643835616437,0.1228128684412434,finite published score set; not an assay-population estimate,-0.0008190483319610031,0.0008190483319610031,-0.001078548793572387,0.001078548793572387
S2_single_R3_record,TWIST1,False,computed,377,12,365,0.7011415525114155,0.5242009132420091,0.5242009132420091,0.5242009132420091,0.20114155251141552,0.8333333333333334,-0.3521878784354494,0.6246575342465753,-0.08196004822673524,0.024200913242009126,0.4166666666666667,0.13625448332105144,0.4328767123287671,0.1233819774699657,finite published score set; not an assay-population estimate,9.419367717145022e-05,9.419367717145022e-05,0.0012045562292586354,0.0012045562292586354
S2_single_R3_record,UBC,False,computed,377,12,365,0.7006849315068493,0.5226027397260274,0.5226027397260274,0.5226027397260274,0.2006849315068493,0.8333333333333334,-0.3521878784354494,0.6273972602739726,-0.082557973450654,0.022602739726027443,0.4166666666666667,0.13625448332105144,0.43561643835616437,0.1228128684412434,finite published score set; not an assay-population estimate,-0.00036242732739477646,0.00036242732739477646,-0.00039361728672304697,0.00039361728672304697
S2_single_R3_record,UBE2A,False,computed,377,12,365,0.7013698630136986,0.5232876712328767,0.5232876712328767,0.5232876712328767,0.20136986301369864,0.8333333333333334,-0.3521878784354494,0.6246575342465753,-0.08196004822673524,0.023287671232876672,0.4166666666666667,0.13625448332105144,0.43561643835616437,0.1233819774699657,finite published score set; not an assay-population estimate,0.00032250417945456356,0.00032250417945456356,0.000291314220126182,0.000291314220126182
S2_single_R3_record,UBE2B,False,computed,377,12,365,0.702054794520548,0.5242009132420091,0.5242009132420091,0.5242009132420091,0.20205479452054798,0.8333333333333334,-0.3521878784354494,0.6246575342465753,-0.08196004822673524,0.024200913242009126,0.4166666666666667,0.13625448332105144,0.4328767123287671,0.1233819774699657,finite published score set; not an assay-population estimate,0.0010074356863039036,0.0010074356863039036,0.0012045562292586354,0.0012045562292586354
S2_single_R3_record,UBE2D3,False,computed,377,12,365,0.7025114155251142,0.5242009132420091,0.5242009132420091,0.5242009132420091,0.2025114155251142,0.8333333333333334,-0.3521878784354494,0.6246575342465753,-0.08196004822673524,0.024200913242009126,0.4166666666666667,0.13625448332105144,0.4328767123287671,0.1233819774699657,finite published score set; not an assay-population estimate,0.0014640566908701302,0.0014640566908701302,0.0012045562292586354,0.0012045562292586354
S2_single_R3_record,UBE2L6,False,computed,377,12,365,0.7011415525114155,0.5219178082191781,0.5219178082191781,0.5219178082191781,0.20114155251141552,0.8333333333333334,-0.3521878784354494,0.6246575342465753,-0.08196004822673524,0.021917808219178103,0.4166666666666667,0.13625448332105144,0.43561643835616437,0.1228128684412434,finite published score set; not an assay-population estimate,9.419367717145022e-05,9.419367717145022e-05,-0.001078548793572387,0.001078548793572387
S2_single_R3_record,UBE2N,True,computed,377,11,366,0.7183308494783904,0.5397416790859414,0.5397416790859414,0.5397416790859414,0.21833084947839043,0.8181818181818182,-0.414602888592106,0.6256830601092896,-0.08225901083869461,0.039741679085941395,0.45454545454545453,0.1307934744931222,0.4344262295081967,0.12309742295560455,finite published score set; not an assay-population estimate,0.01728349064414636,0.01728349064414636,0.016745322073190905,0.016745322073190905
S2_single_R3_record,UBE2T,False,computed,377,12,365,0.7013698630136986,0.5228310502283106,0.5228310502283106,0.5228310502283106,0.20136986301369864,0.8333333333333334,-0.3521878784354494,0.6246575342465753,-0.08196004822673524,0.022831050228310557,0.4166666666666667,0.13625448332105144,0.43561643835616437,0.1228128684412434,finite published score set; not an assay-population estimate,0.00032250417945456356,0.00032250417945456356,-0.00016530678443993363,0.00016530678443993363
S2_single_R3_record,UBE2U,False,computed,377,12,365,0.7011415525114155,0.5221461187214612,0.5221461187214612,0.5221461187214612,0.20114155251141552,0.8333333333333334,-0.3521878784354494,0.6246575342465753,-0.08196004822673524,0.022146118721461217,0.4166666666666667,0.13625448332105144,0.43561643835616437,0.1228128684412434,finite published score set; not an assay-population estimate,9.419367717145022e-05,9.419367717145022e-05,-0.0008502382912892736,0.0008502382912892736
S2_single_R3_record,UBE2V1,False,computed,377,12,365,0.7013698630136986,0.5230593607305936,0.5230593607305936,0.5230593607305936,0.20136986301369864,0.8333333333333334,-0.3521878784354494,0.6246575342465753,-0.08196004822673524,0.02305936073059356,0.4166666666666667,0.13625448332105144,0.43561643835616437,0.1228128684412434,finite published score set; not an assay-population estimate,0.00032250417945456356,0.00032250417945456356,6.300371784306869e-05,6.300371784306869e-05
S2_single_R3_record,UBE2V2,True,computed,377,11,366,0.7329855936413313,0.5290611028315947,0.5290611028315947,0.5290611028315947,0.2329855936413313,0.9090909090909091,-0.414602888592106,0.6256830601092896,-0.08225901083869461,0.029061102831594687,0.45454545454545453,0.1307934744931222,0.4344262295081967,0.12309742295560455,finite published score set; not an assay-population estimate,0.03193823480708724,0.03193823480708724,0.006064745818844197,0.006064745818844197
S2_single_R3_record,UBE2W,False,computed,377,12,365,0.7015981735159817,0.5242009132420091,0.5242009132420091,0.5242009132420091,0.20159817351598175,0.8333333333333334,-0.3521878784354494,0.6246575342465753,-0.08196004822673524,0.024200913242009126,0.4166666666666667,0.13625448332105144,0.4328767123287671,0.1233819774699657,finite published score set; not an assay-population estimate,0.0005508146817376769,0.0005508146817376769,0.0012045562292586354,0.0012045562292586354
S2_single_R3_record,UBR5,True,computed,377,11,366,0.6763537009438649,0.4811227024341778,0.4811227024341778,0.4811227024341778,0.17635370094386493,0.8181818181818182,-0.2897728682787928,0.6256830601092896,-0.08225901083869461,-0.018877297565822182,0.36363636363636365,0.1417154921489807,0.4344262295081967,0.12309742295560455,finite published score set; not an assay-population estimate,-0.02469365789037914,0.02469365789037914,-0.04187365457857267,0.04187365457857267
S2_single_R3_record,UCHL5,False,computed,377,12,365,0.7015981735159817,0.5226027397260274,0.5226027397260274,0.5226027397260274,0.20159817351598175,0.8333333333333334,-0.3521878784354494,0.6246575342465753,-0.08196004822673524,0.022602739726027443,0.4166666666666667,0.13625448332105144,0.43561643835616437,0.1228128684412434,finite published score set; not an assay-population estimate,0.0005508146817376769,0.0005508146817376769,-0.00039361728672304697,0.00039361728672304697
S2_single_R3_record,UHRF1,True,computed,377,11,366,0.682066567312469,0.5168902136115251,0.5168902136115251,0.5168902136115251,0.18206656731246895,0.8181818181818182,-0.2897728682787928,0.6256830601092896,-0.08225901083869461,0.016890213611525096,0.36363636363636365,0.1417154921489807,0.4344262295081967,0.12309742295560455,finite published score set; not an assay-population estimate,-0.01898079152177512,0.01898079152177512,-0.0061061434012253946,0.0061061434012253946
S2_single_R3_record,UIMC1,False,computed,377,12,365,0.7013698630136986,0.5235159817351598,0.5235159817351598,0.5235159817351598,0.20136986301369864,0.8333333333333334,-0.3521878784354494,0.6246575342465753,-0.08196004822673524,0.023515981735159786,0.4166666666666667,0.13625448332105144,0.4328767123287671,0.1233819774699657,finite published score set; not an assay-population estimate,0.00032250417945456356,0.00032250417945456356,0.0005196247224092954,0.0005196247224092954
S2_single_R3_record,UNG,False,computed,377,12,365,0.7002283105022831,0.5221461187214612,0.5221461187214612,0.5221461187214612,0.20022831050228307,0.8333333333333334,-0.3521878784354494,0.6273972602739726,-0.082557973450654,0.022146118721461217,0.4166666666666667,0.13625448332105144,0.43561643835616437,0.1228128684412434,finite published score set; not an assay-population estimate,-0.0008190483319610031,0.0008190483319610031,-0.0008502382912892736,0.0008502382912892736
S2_single_R3_record,USP1,False,computed,377,12,365,0.7009132420091324,0.523972602739726,0.523972602739726,0.523972602739726,0.2009132420091324,0.8333333333333334,-0.3521878784354494,0.6246575342465753,-0.082557973450654,0.023972602739726012,0.4166666666666667,0.13625448332105144,0.4328767123287671,0.1233819774699657,finite published score set; not an assay-population estimate,-0.00013411682511166312,0.00013411682511166312,0.000976245726975522,0.000976245726975522
S2_single_R3_record,USP10,False,computed,377,12,365,0.7009132420091324,0.5219178082191781,0.5219178082191781,0.5219178082191781,0.2009132420091324,0.8333333333333334,-0.3521878784354494,0.6246575342465753,-0.08196004822673524,0.021917808219178103,0.4166666666666667,0.13625448332105144,0.43561643835616437,0.1228128684412434,finite published score set; not an assay-population estimate,-0.00013411682511166312,0.00013411682511166312,-0.001078548793572387,0.001078548793572387
S2_single_R3_record,USP28,False,computed,377,12,365,0.7002283105022831,0.5221461187214612,0.5221461187214612,0.5221461187214612,0.20022831050228307,0.8333333333333334,-0.3521878784354494,0.6273972602739726,-0.082557973450654,0.022146118721461217,0.4166666666666667,0.13625448332105144,0.43561643835616437,0.1228128684412434,finite published score set; not an assay-population estimate,-0.0008190483319610031,0.0008190483319610031,-0.0008502382912892736,0.0008502382912892736
S2_single_R3_record,USP3,False,computed,377,12,365,0.7002283105022831,0.5219178082191781,0.5219178082191781,0.5219178082191781,0.20022831050228307,0.8333333333333334,-0.3521878784354494,0.6273972602739726,-0.082557973450654,0.021917808219178103,0.4166666666666667,0.13625448332105144,0.43561643835616437,0.1228128684412434,finite published score set; not an assay-population estimate,-0.0008190483319610031,0.0008190483319610031,-0.001078548793572387,0.001078548793572387
S2_single_R3_record,USP43,False,computed,377,12,365,0.7002283105022831,0.5219178082191781,0.5219178082191781,0.5219178082191781,0.20022831050228307,0.8333333333333334,-0.3521878784354494,0.6273972602739726,-0.082557973450654,0.021917808219178103,0.4166666666666667,0.13625448332105144,0.43561643835616437,0.1228128684412434,finite published score set; not an assay-population estimate,-0.0008190483319610031,0.0008190483319610031,-0.001078548793572387,0.001078548793572387
S2_single_R3_record,USP45,False,computed,377,12,365,0.7011415525114155,0.5235159817351598,0.5235159817351598,0.5235159817351598,0.20114155251141552,0.8333333333333334,-0.3521878784354494,0.6246575342465753,-0.08196004822673524,0.023515981735159786,0.4166666666666667,0.13625448332105144,0.4328767123287671,0.1233819774699657,finite published score set; not an assay-population estimate,9.419367717145022e-05,9.419367717145022e-05,0.0005196247224092954,0.0005196247224092954
S2_single_R3_record,USP47,False,computed,377,12,365,0.7011415525114155,0.5237442922374429,0.5237442922374429,0.5237442922374429,0.20114155251141552,0.8333333333333334,-0.3521878784354494,0.6246575342465753,-0.08196004822673524,0.0237442922374429,0.4166666666666667,0.13625448332105144,0.4328767123287671,0.1233819774699657,finite published score set; not an assay-population estimate,9.419367717145022e-05,9.419367717145022e-05,0.0007479352246924087,0.0007479352246924087
S2_single_R3_record,USP51,False,computed,377,12,365,0.7002283105022831,0.5232876712328767,0.5232876712328767,0.5232876712328767,0.20022831050228307,0.8333333333333334,-0.3521878784354494,0.6273972602739726,-0.082557973450654,0.023287671232876672,0.4166666666666667,0.13625448332105144,0.43561643835616437,0.1233819774699657,finite published score set; not an assay-population estimate,-0.0008190483319610031,0.0008190483319610031,0.000291314220126182,0.000291314220126182
S2_single_R3_record,USP7,False,computed,377,12,365,0.7011415525114155,0.523972602739726,0.523972602739726,0.523972602739726,0.20114155251141552,0.8333333333333334,-0.3521878784354494,0.6246575342465753,-0.08196004822673524,0.023972602739726012,0.4166666666666667,0.13625448332105144,0.4328767123287671,0.1233819774699657,finite published score set; not an assay-population estimate,9.419367717145022e-05,9.419367717145022e-05,0.000976245726975522,0.000976245726975522
S2_single_R3_record,UVRAG,False,computed,377,12,365,0.7027397260273973,0.5235159817351598,0.5235159817351598,0.5235159817351598,0.20273972602739732,0.8333333333333334,-0.3521878784354494,0.6246575342465753,-0.08196004822673524,0.023515981735159786,0.4166666666666667,0.13625448332105144,0.4328767123287671,0.1233819774699657,finite published score set; not an assay-population estimate,0.0016923671931532436,0.0016923671931532436,0.0005196247224092954,0.0005196247224092954
S2_single_R3_record,WAS,False,computed,377,12,365,0.7013698630136986,0.5219178082191781,0.5219178082191781,0.5219178082191781,0.20136986301369864,0.8333333333333334,-0.3521878784354494,0.6246575342465753,-0.08196004822673524,0.021917808219178103,0.4166666666666667,0.13625448332105144,0.43561643835616437,0.1228128684412434,finite published score set; not an assay-population estimate,0.00032250417945456356,0.00032250417945456356,-0.001078548793572387,0.001078548793572387
S2_single_R3_record,WDR48,False,computed,377,12,365,0.7015981735159817,0.5237442922374429,0.5237442922374429,0.5237442922374429,0.20159817351598175,0.8333333333333334,-0.3521878784354494,0.6246575342465753,-0.08196004822673524,0.0237442922374429,0.4166666666666667,0.13625448332105144,0.4328767123287671,0.1233819774699657,finite published score set; not an assay-population estimate,0.0005508146817376769,0.0005508146817376769,0.0007479352246924087,0.0007479352246924087
S2_single_R3_record,WHSC1,False,computed,377,12,365,0.7013698630136986,0.5232876712328767,0.5232876712328767,0.5232876712328767,0.20136986301369864,0.8333333333333334,-0.3521878784354494,0.6246575342465753,-0.08196004822673524,0.023287671232876672,0.4166666666666667,0.13625448332105144,0.43561643835616437,0.1233819774699657,finite published score set; not an assay-population estimate,0.00032250417945456356,0.00032250417945456356,0.000291314220126182,0.000291314220126182
S2_single_R3_record,WRAP53,False,computed,377,12,365,0.7002283105022831,0.521689497716895,0.521689497716895,0.521689497716895,0.20022831050228307,0.8333333333333334,-0.3521878784354494,0.6273972602739726,-0.082557973450654,0.02168949771689499,0.4166666666666667,0.13625448332105144,0.43561643835616437,0.1228128684412434,finite published score set; not an assay-population estimate,-0.0008190483319610031,0.0008190483319610031,-0.0013068592958555003,0.0013068592958555003
S2_single_R3_record,WRN,False,computed,377,12,365,0.7011415525114155,0.5219178082191781,0.5219178082191781,0.5219178082191781,0.20114155251141552,0.8333333333333334,-0.3521878784354494,0.6246575342465753,-0.08196004822673524,0.021917808219178103,0.4166666666666667,0.13625448332105144,0.43561643835616437,0.1228128684412434,finite published score set; not an assay-population estimate,9.419367717145022e-05,9.419367717145022e-05,-0.001078548793572387,0.001078548793572387
S2_single_R3_record,WRNIP1,False,computed,377,12,365,0.7002283105022831,0.5235159817351598,0.5235159817351598,0.5235159817351598,0.20022831050228307,0.8333333333333334,-0.3521878784354494,0.6273972602739726,-0.082557973450654,0.023515981735159786,0.4166666666666667,0.13625448332105144,0.4328767123287671,0.1233819774699657,finite published score set; not an assay-population estimate,-0.0008190483319610031,0.0008190483319610031,0.0005196247224092954,0.0005196247224092954
S2_single_R3_record,XPA,False,computed,377,12,365,0.7013698630136986,0.5235159817351598,0.5235159817351598,0.5235159817351598,0.20136986301369864,0.8333333333333334,-0.3521878784354494,0.6246575342465753,-0.08196004822673524,0.023515981735159786,0.4166666666666667,0.13625448332105144,0.4328767123287671,0.1233819774699657,finite published score set; not an assay-population estimate,0.00032250417945456356,0.00032250417945456356,0.0005196247224092954,0.0005196247224092954
S2_single_R3_record,XRCC1,False,computed,377,12,365,0.7011415525114155,0.5242009132420091,0.5242009132420091,0.5242009132420091,0.20114155251141552,0.8333333333333334,-0.3521878784354494,0.6246575342465753,-0.08196004822673524,0.024200913242009126,0.4166666666666667,0.13625448332105144,0.4328767123287671,0.1233819774699657,finite published score set; not an assay-population estimate,9.419367717145022e-05,9.419367717145022e-05,0.0012045562292586354,0.0012045562292586354
S2_single_R3_record,XRCC2,False,computed,377,12,365,0.7029680365296803,0.5242009132420091,0.5242009132420091,0.5242009132420091,0.20296803652968032,0.8333333333333334,-0.3521878784354494,0.6246575342465753,-0.08196004822673524,0.024200913242009126,0.4166666666666667,0.13625448332105144,0.4328767123287671,0.1233819774699657,finite published score set; not an assay-population estimate,0.0019206776954362459,0.0019206776954362459,0.0012045562292586354,0.0012045562292586354
S2_single_R3_record,XRCC3,False,computed,377,12,365,0.7027397260273973,0.5232876712328767,0.5232876712328767,0.5232876712328767,0.20273972602739732,0.8333333333333334,-0.3521878784354494,0.6246575342465753,-0.08196004822673524,0.023287671232876672,0.4166666666666667,0.13625448332105144,0.4328767123287671,0.1233819774699657,finite published score set; not an assay-population estimate,0.0016923671931532436,0.0016923671931532436,0.000291314220126182,0.000291314220126182
S2_single_R3_record,XRCC4,False,computed,377,12,365,0.7011415525114155,0.5235159817351598,0.5235159817351598,0.5235159817351598,0.20114155251141552,0.8333333333333334,-0.3521878784354494,0.6246575342465753,-0.08196004822673524,0.023515981735159786,0.4166666666666667,0.13625448332105144,0.4328767123287671,0.1233819774699657,finite published score set; not an assay-population estimate,9.419367717145022e-05,9.419367717145022e-05,0.0005196247224092954,0.0005196247224092954
S2_single_R3_record,XRCC6BP1,False,computed,377,12,365,0.7006849315068493,0.5226027397260274,0.5226027397260274,0.5226027397260274,0.2006849315068493,0.8333333333333334,-0.3521878784354494,0.6246575342465753,-0.082557973450654,0.022602739726027443,0.4166666666666667,0.13625448332105144,0.43561643835616437,0.1228128684412434,finite published score set; not an assay-population estimate,-0.00036242732739477646,0.00036242732739477646,-0.00039361728672304697,0.00039361728672304697
S2_single_R3_record,YEATS4,False,computed,377,12,365,0.7018264840182649,0.5219178082191781,0.5219178082191781,0.5219178082191781,0.20182648401826486,0.8333333333333334,-0.3521878784354494,0.6246575342465753,-0.08196004822673524,0.021917808219178103,0.4166666666666667,0.13625448332105144,0.43561643835616437,0.1228128684412434,finite published score set; not an assay-population estimate,0.0007791251840207902,0.0007791251840207902,-0.001078548793572387,0.001078548793572387
S2_single_R3_record,YY1,False,computed,377,12,365,0.702054794520548,0.5237442922374429,0.5237442922374429,0.5237442922374429,0.20205479452054798,0.8333333333333334,-0.3521878784354494,0.6246575342465753,-0.08196004822673524,0.0237442922374429,0.4166666666666667,0.13625448332105144,0.4328767123287671,0.1233819774699657,finite published score set; not an assay-population estimate,0.0010074356863039036,0.0010074356863039036,0.0007479352246924087,0.0007479352246924087
S2_single_R3_record,ZBTB1,False,computed,377,12,365,0.7002283105022831,0.5221461187214612,0.5221461187214612,0.5221461187214612,0.20022831050228307,0.8333333333333334,-0.3521878784354494,0.6273972602739726,-0.082557973450654,0.022146118721461217,0.4166666666666667,0.13625448332105144,0.43561643835616437,0.1228128684412434,finite published score set; not an assay-population estimate,-0.0008190483319610031,0.0008190483319610031,-0.0008502382912892736,0.0008502382912892736
S2_single_R3_record,ZFYVE26,False,computed,377,12,365,0.7002283105022831,0.5242009132420091,0.5242009132420091,0.5242009132420091,0.20022831050228307,0.8333333333333334,-0.3521878784354494,0.6273972602739726,-0.082557973450654,0.024200913242009126,0.4166666666666667,0.13625448332105144,0.4328767123287671,0.1233819774699657,finite published score set; not an assay-population estimate,-0.0008190483319610031,0.0008190483319610031,0.0012045562292586354,0.0012045562292586354
S2_single_R3_record,ZMPSTE24,False,computed,377,12,365,0.7002283105022831,0.5221461187214612,0.5221461187214612,0.5221461187214612,0.20022831050228307,0.8333333333333334,-0.3521878784354494,0.6273972602739726,-0.082557973450654,0.022146118721461217,0.4166666666666667,0.13625448332105144,0.43561643835616437,0.1228128684412434,finite published score set; not an assay-population estimate,-0.0008190483319610031,0.0008190483319610031,-0.0008502382912892736,0.0008502382912892736
S2_single_R3_record,ZNF365,False,computed,377,12,365,0.7018264840182649,0.5221461187214612,0.5221461187214612,0.5221461187214612,0.20182648401826486,0.8333333333333334,-0.3521878784354494,0.6246575342465753,-0.08196004822673524,0.022146118721461217,0.4166666666666667,0.13625448332105144,0.43561643835616437,0.1228128684412434,finite published score set; not an assay-population estimate,0.0007791251840207902,0.0007791251840207902,-0.0008502382912892736,0.0008502382912892736
S2_single_R3_record,ZRANB3,False,computed,377,12,365,0.7002283105022831,0.5237442922374429,0.5237442922374429,0.5237442922374429,0.20022831050228307,0.8333333333333334,-0.3521878784354494,0.6273972602739726,-0.082557973450654,0.0237442922374429,0.4166666666666667,0.13625448332105144,0.4328767123287671,0.1233819774699657,finite published score set; not an assay-population estimate,-0.0008190483319610031,0.0008190483319610031,0.0007479352246924087,0.0007479352246924087
S2_single_R3_record,ZSWIM7,False,computed,377,12,365,0.7011415525114155,0.5235159817351598,0.5235159817351598,0.5235159817351598,0.20114155251141552,0.8333333333333334,-0.3521878784354494,0.6246575342465753,-0.08196004822673524,0.023515981735159786,0.4166666666666667,0.13625448332105144,0.4328767123287671,0.1233819774699657,finite published score set; not an assay-population estimate,9.419367717145022e-05,9.419367717145022e-05,0.0005196247224092954,0.0005196247224092954
S3_no_missing_R3_records,ABL1,False,computed,379,12,367,0.7020890099909174,0.5240690281562216,0.523841961852861,0.5247502270663034,0.2020890099909174,0.8333333333333334,-0.3521878784354494,0.6212534059945504,-0.08196004822673524,0.024069028156221584,0.4166666666666667,0.13625448332105144,0.4305177111716621,0.1233819774699657,finite published score set; not an assay-population estimate,-0.0001301929076333863,0.0001301929076333863,0.0005183035185404306,0.0005183035185404306
S3_no_missing_R3_records,ACTB,False,computed,379,12,367,0.7032243415077203,0.5247502270663034,0.5245231607629428,0.5254314259763851,0.20322434150772029,0.8333333333333334,-0.3521878784354494,0.6212534059945504,-0.08140333194874379,0.024750227066303365,0.4166666666666667,0.13625448332105144,0.4305177111716621,0.1233819774699657,finite published score set; not an assay-population estimate,0.0010051386091695091,0.0010051386091695091,0.0011995024286222122,0.0011995024286222122
S3_no_missing_R3_records,ADPRHL2,False,computed,379,12,367,0.7025431425976385,0.5247502270663034,0.5245231607629428,0.5254314259763851,0.2025431425976385,0.8333333333333334,-0.3521878784354494,0.6212534059945504,-0.08140333194874379,0.024750227066303365,0.4166666666666667,0.13625448332105144,0.4305177111716621,0.1233819774699657,finite published score set; not an assay-population estimate,0.00032393969908772746,0.00032393969908772746,0.0011995024286222122,0.0011995024286222122
S3_no_missing_R3_records,ALKBH1,False,computed,379,12,367,0.7014078110808356,0.5247502270663034,0.5245231607629428,0.5254314259763851,0.2014078110808356,0.8333333333333334,-0.3521878784354494,0.6239782016348774,-0.08196004822673524,0.024750227066303365,0.4166666666666667,0.13625448332105144,0.4305177111716621,0.1233819774699657,finite published score set; not an assay-population estimate,-0.000811391817715168,0.000811391817715168,0.0011995024286222122,0.0011995024286222122
S3_no_missing_R3_records,ALKBH2,False,computed,379,12,367,0.7025431425976385,0.5245231607629428,0.5242960944595823,0.5252043596730245,0.2025431425976385,0.8333333333333334,-0.3521878784354494,0.6212534059945504,-0.08140333194874379,0.02452316076294281,0.4166666666666667,0.13625448332105144,0.4305177111716621,0.1233819774699657,finite published score set; not an assay-population estimate,0.00032393969908772746,0.00032393969908772746,0.0009724361252616553,0.0009724361252616553
S3_no_missing_R3_records,ALKBH3,False,computed,379,12,367,0.7014078110808356,0.5224795640326976,0.522252497729337,0.5231607629427792,0.2014078110808356,0.8333333333333334,-0.3521878784354494,0.6239782016348774,-0.08196004822673524,0.022479564032697574,0.4166666666666667,0.13625448332105144,0.4332425068119891,0.1228128684412434,finite published score set; not an assay-population estimate,-0.000811391817715168,0.000811391817715168,-0.0010711606049835787,0.0010711606049835787
S3_no_missing_R3_records,ALKBH5,False,computed,379,12,367,0.7014078110808356,0.5240690281562216,0.523841961852861,0.5247502270663034,0.2014078110808356,0.8333333333333334,-0.3521878784354494,0.6239782016348774,-0.08196004822673524,0.024069028156221584,0.4166666666666667,0.13625448332105144,0.4305177111716621,0.1233819774699657,finite published score set; not an assay-population estimate,-0.000811391817715168,0.000811391817715168,0.0005183035185404306,0.0005183035185404306
S3_no_missing_R3_records,ANKLE1,False,computed,379,12,367,0.7027702089009991,0.5236148955495005,0.5233878292461399,0.5242960944595823,0.20277020890099906,0.8333333333333334,-0.3521878784354494,0.6212534059945504,-0.08140333194874379,0.02361489554950047,0.4166666666666667,0.13625448332105144,0.4332425068119891,0.1228128684412434,finite published score set; not an assay-population estimate,0.0005510060024482843,0.0005510060024482843,6.417091181931678e-05,6.417091181931678e-05
S3_no_missing_R3_records,ANKRD32,False,computed,379,12,367,0.7032243415077203,0.5240690281562216,0.523841961852861,0.5247502270663034,0.20322434150772029,0.8333333333333334,-0.3521878784354494,0.6212534059945504,-0.08140333194874379,0.024069028156221584,0.4166666666666667,0.13625448332105144,0.4305177111716621,0.1233819774699657,finite published score set; not an assay-population estimate,0.0010051386091695091,0.0010051386091695091,0.0005183035185404306,0.0005183035185404306
S3_no_missing_R3_records,AP5S1,False,computed,379,12,367,0.702316076294278,0.5240690281562216,0.523841961852861,0.5247502270663034,0.20231607629427795,0.8333333333333334,-0.3521878784354494,0.6212534059945504,-0.08140333194874379,0.024069028156221584,0.4166666666666667,0.13625448332105144,0.4305177111716621,0.1233819774699657,finite published score set; not an assay-population estimate,9.687339572717057e-05,9.687339572717057e-05,0.0005183035185404306,0.0005183035185404306
S3_no_missing_R3_records,AP5Z1,False,computed,379,12,367,0.7014078110808356,0.5240690281562216,0.523841961852861,0.5247502270663034,0.2014078110808356,0.8333333333333334,-0.3521878784354494,0.6239782016348774,-0.08196004822673524,0.024069028156221584,0.4166666666666667,0.13625448332105144,0.4305177111716621,0.1233819774699657,finite published score set; not an assay-population estimate,-0.000811391817715168,0.000811391817715168,0.0005183035185404306,0.0005183035185404306
S3_no_missing_R3_records,APBB1,False,computed,379,12,367,0.702316076294278,0.5227066303360581,0.5224795640326976,0.5233878292461399,0.20231607629427795,0.8333333333333334,-0.3521878784354494,0.6212534059945504,-0.08140333194874379,0.02270663033605813,0.4166666666666667,0.13625448332105144,0.4332425068119891,0.1228128684412434,finite published score set; not an assay-population estimate,9.687339572717057e-05,9.687339572717057e-05,-0.0008440943016230218,0.0008440943016230218
S3_no_missing_R3_records,APEX1,False,computed,379,12,367,0.7020890099909174,0.5247502270663034,0.5245231607629428,0.5254314259763851,0.2020890099909174,0.8333333333333334,-0.3521878784354494,0.6212534059945504,-0.08196004822673524,0.024750227066303365,0.4166666666666667,0.13625448332105144,0.4305177111716621,0.1233819774699657,finite published score set; not an assay-population estimate,-0.0001301929076333863,0.0001301929076333863,0.0011995024286222122,0.0011995024286222122
S3_no_missing_R3_records,APEX2,False,computed,379,12,367,0.7014078110808356,0.5247502270663034,0.5245231607629428,0.5254314259763851,0.2014078110808356,0.8333333333333334,-0.3521878784354494,0.6239782016348774,-0.08196004822673524,0.024750227066303365,0.4166666666666667,0.13625448332105144,0.4305177111716621,0.1233819774699657,finite published score set; not an assay-population estimate,-0.000811391817715168,0.000811391817715168,0.0011995024286222122,0.0011995024286222122
S3_no_missing_R3_records,APITD1,False,computed,379,12,367,0.7014078110808356,0.523841961852861,0.5236148955495005,0.5245231607629428,0.2014078110808356,0.8333333333333334,-0.3521878784354494,0.6239782016348774,-0.08196004822673524,0.023841961852861027,0.4166666666666667,0.13625448332105144,0.4332425068119891,0.1233819774699657,finite published score set; not an assay-population estimate,-0.000811391817715168,0.000811391817715168,0.00029123721517987367,0.00029123721517987367
S3_no_missing_R3_records,APLF,False,computed,379,12,367,0.7014078110808356,0.5233878292461399,0.5231607629427792,0.5240690281562216,0.2014078110808356,0.8333333333333334,-0.3521878784354494,0.6239782016348774,-0.08196004822673524,0.023387829246139913,0.4166666666666667,0.13625448332105144,0.4332425068119891,0.1228128684412434,finite published score set; not an assay-population estimate,-0.000811391817715168,0.000811391817715168,-0.0001628953915412401,0.0001628953915412401
S3_no_missing_R3_records,ASCC1,False,computed,379,12,367,0.7014078110808356,0.5231607629427792,0.5229336966394187,0.523841961852861,0.2014078110808356,0.8333333333333334,-0.3521878784354494,0.6239782016348774,-0.08196004822673524,0.023160762942779245,0.4166666666666667,0.13625448332105144,0.4332425068119891,0.1228128684412434,finite published score set; not an assay-population estimate,-0.000811391817715168,0.000811391817715168,-0.000389961694901908,0.000389961694901908
S3_no_missing_R3_records,ASCC2,False,computed,379,12,367,0.702316076294278,0.5224795640326976,0.522252497729337,0.5231607629427792,0.20231607629427795,0.8333333333333334,-0.3521878784354494,0.6212534059945504,-0.08140333194874379,0.022479564032697574,0.4166666666666667,0.13625448332105144,0.4332425068119891,0.1228128684412434,finite published score set; not an assay-population estimate,9.687339572717057e-05,9.687339572717057e-05,-0.0010711606049835787,0.0010711606049835787
S3_no_missing_R3_records,ASCC3,False,computed,379,12,367,0.7041326067211626,0.5224795640326976,0.522252497729337,0.5231607629427792,0.20413260672116262,0.8333333333333334,-0.3521878784354494,0.6212534059945504,-0.08140333194874379,0.022479564032697574,0.4166666666666667,0.13625448332105144,0.4332425068119891,0.1228128684412434,finite published score set; not an assay-population estimate,0.0019134038226118477,0.0019134038226118477,-0.0010711606049835787,0.0010711606049835787
S3_no_missing_R3_records,ASF1A,False,computed,379,12,367,0.7014078110808356,0.5242960944595823,0.5240690281562216,0.5249772933696639,0.2014078110808356,0.8333333333333334,-0.3521878784354494,0.6239782016348774,-0.08196004822673524,0.02429609445958225,0.4166666666666667,0.13625448332105144,0.4305177111716621,0.1233819774699657,finite published score set; not an assay-population estimate,-0.000811391817715168,0.000811391817715168,0.0007453698219010985,0.0007453698219010985
S3_no_missing_R3_records,ASTE1,False,computed,379,12,367,0.7014078110808356,0.5240690281562216,0.523841961852861,0.5247502270663034,0.2014078110808356,0.8333333333333334,-0.3521878784354494,0.6239782016348774,-0.08196004822673524,0.024069028156221584,0.4166666666666667,0.13625448332105144,0.4305177111716621,0.1233819774699657,finite published score set; not an assay-population estimate,-0.000811391817715168,0.000811391817715168,0.0005183035185404306,0.0005183035185404306
S3_no_missing_R3_records,ATM,False,computed,379,12,367,0.7036784741144414,0.5247502270663034,0.5245231607629428,0.5254314259763851,0.2036784741144414,0.8333333333333334,-0.3521878784354494,0.6212534059945504,-0.08140333194874379,0.024750227066303365,0.4166666666666667,0.13625448332105144,0.4305177111716621,0.1233819774699657,finite published score set; not an assay-population estimate,0.001459271215890623,0.001459271215890623,0.0011995024286222122,0.0011995024286222122
S3_no_missing_R3_records,ATXN3,False,computed,379,12,367,0.7014078110808356,0.5231607629427792,0.5229336966394187,0.523841961852861,0.2014078110808356,0.8333333333333334,-0.3521878784354494,0.6239782016348774,-0.08196004822673524,0.023160762942779245,0.4166666666666667,0.13625448332105144,0.4332425068119891,0.1228128684412434,finite published score set; not an assay-population estimate,-0.000811391817715168,0.000811391817715168,-0.000389961694901908,0.000389961694901908
S3_no_missing_R3_records,AUNIP,False,computed,379,12,367,0.7018619436875567,0.5231607629427792,0.5229336966394187,0.523841961852861,0.20186194368755672,0.8333333333333334,-0.3521878784354494,0.6212534059945504,-0.08196004822673524,0.023160762942779245,0.4166666666666667,0.13625448332105144,0.4332425068119891,0.1228128684412434,finite published score set; not an assay-population estimate,-0.0003572592109940542,0.0003572592109940542,-0.000389961694901908,0.000389961694901908
S3_no_missing_R3_records,BABAM1,False,computed,379,12,367,0.7014078110808356,0.5242960944595823,0.5240690281562216,0.5249772933696639,0.2014078110808356,0.8333333333333334,-0.3521878784354494,0.6239782016348774,-0.08196004822673524,0.02429609445958225,0.4166666666666667,0.13625448332105144,0.4305177111716621,0.1233819774699657,finite published score set; not an assay-population estimate,-0.000811391817715168,0.000811391817715168,0.0007453698219010985,0.0007453698219010985
S3_no_missing_R3_records,BACH1,False,computed,379,12,367,0.702316076294278,0.5227066303360581,0.5224795640326976,0.5233878292461399,0.20231607629427795,0.8333333333333334,-0.3521878784354494,0.6212534059945504,-0.08140333194874379,0.02270663033605813,0.4166666666666667,0.13625448332105144,0.4332425068119891,0.1228128684412434,finite published score set; not an assay-population estimate,9.687339572717057e-05,9.687339572717057e-05,-0.0008440943016230218,0.0008440943016230218
S3_no_missing_R3_records,BARD1,False,computed,379,12,367,0.703905540417802,0.5247502270663034,0.5245231607629428,0.5254314259763851,0.20390554041780196,0.8333333333333334,-0.3521878784354494,0.6212534059945504,-0.08140333194874379,0.024750227066303365,0.4166666666666667,0.13625448332105144,0.4305177111716621,0.1233819774699657,finite published score set; not an assay-population estimate,0.0016863375192511798,0.0016863375192511798,0.0011995024286222122,0.0011995024286222122
S3_no_missing_R3_records,BLM,False,computed,379,12,367,0.7020890099909174,0.5224795640326976,0.522252497729337,0.5231607629427792,0.2020890099909174,0.8333333333333334,-0.3521878784354494,0.6212534059945504,-0.08196004822673524,0.022479564032697574,0.4166666666666667,0.13625448332105144,0.4332425068119891,0.1228128684412434,finite published score set; not an assay-population estimate,-0.0001301929076333863,0.0001301929076333863,-0.0010711606049835787,0.0010711606049835787
S3_no_missing_R3_records,BRCC3,False,computed,379,12,367,0.7027702089009991,0.5240690281562216,0.523841961852861,0.5247502270663034,0.20277020890099906,0.8333333333333334,-0.3521878784354494,0.6212534059945504,-0.08140333194874379,0.024069028156221584,0.4166666666666667,0.13625448332105144,0.4305177111716621,0.1233819774699657,finite published score set; not an assay-population estimate,0.0005510060024482843,0.0005510060024482843,0.0005183035185404306,0.0005183035185404306
S3_no_missing_R3_records,BRD8,False,computed,379,12,367,0.702316076294278,0.5231607629427792,0.5229336966394187,0.523841961852861,0.20231607629427795,0.8333333333333334,-0.3521878784354494,0.6212534059945504,-0.08140333194874379,0.023160762942779245,0.4166666666666667,0.13625448332105144,0.4332425068119891,0.1228128684412434,finite published score set; not an assay-population estimate,9.687339572717057e-05,9.687339572717057e-05,-0.000389961694901908,0.000389961694901908
S3_no_missing_R3_records,BRE,False,computed,379,12,367,0.7025431425976385,0.5227066303360581,0.5224795640326976,0.5233878292461399,0.2025431425976385,0.8333333333333334,-0.3521878784354494,0.6212534059945504,-0.08140333194874379,0.02270663033605813,0.4166666666666667,0.13625448332105144,0.4332425068119891,0.1228128684412434,finite published score set; not an assay-population estimate,0.00032393969908772746,0.00032393969908772746,-0.0008440943016230218,0.0008440943016230218
S3_no_missing_R3_records,BRIP1,False,computed,379,12,367,0.7016348773841962,0.5227066303360581,0.5224795640326976,0.5233878292461399,0.20163487738419617,0.8333333333333334,-0.3521878784354494,0.6239782016348774,-0.08196004822673524,0.02270663033605813,0.4166666666666667,0.13625448332105144,0.4332425068119891,0.1228128684412434,finite published score set; not an assay-population estimate,-0.0005843255143546111,0.0005843255143546111,-0.0008440943016230218,0.0008440943016230218
S3_no_missing_R3_records,BTG2,False,computed,379,12,367,0.7020890099909174,0.5227066303360581,0.5224795640326976,0.5233878292461399,0.2020890099909174,0.8333333333333334,-0.3521878784354494,0.6212534059945504,-0.08196004822673524,0.02270663033605813,0.4166666666666667,0.13625448332105144,0.4332425068119891,0.1228128684412434,finite published score set; not an assay-population estimate,-0.0001301929076333863,0.0001301929076333863,-0.0008440943016230218,0.0008440943016230218
S3_no_missing_R3_records,C11orf30,False,computed,379,12,367,0.7032243415077203,0.5247502270663034,0.5245231607629428,0.5254314259763851,0.20322434150772029,0.8333333333333334,-0.3521878784354494,0.6212534059945504,-0.08140333194874379,0.024750227066303365,0.4166666666666667,0.13625448332105144,0.4305177111716621,0.1233819774699657,finite published score set; not an assay-population estimate,0.0010051386091695091,0.0010051386091695091,0.0011995024286222122,0.0011995024286222122
S3_no_missing_R3_records,C12orf5,False,computed,379,12,367,0.7018619436875567,0.5227066303360581,0.5224795640326976,0.5233878292461399,0.20186194368755672,0.8333333333333334,-0.3521878784354494,0.6239782016348774,-0.08196004822673524,0.02270663033605813,0.4166666666666667,0.13625448332105144,0.4332425068119891,0.1228128684412434,finite published score set; not an assay-population estimate,-0.0003572592109940542,0.0003572592109940542,-0.0008440943016230218,0.0008440943016230218
S3_no_missing_R3_records,C14orf39,False,computed,379,12,367,0.7014078110808356,0.523841961852861,0.5236148955495005,0.5245231607629428,0.2014078110808356,0.8333333333333334,-0.3521878784354494,0.6239782016348774,-0.08196004822673524,0.023841961852861027,0.4166666666666667,0.13625448332105144,0.4332425068119891,0.1233819774699657,finite published score set; not an assay-population estimate,-0.000811391817715168,0.000811391817715168,0.00029123721517987367,0.00029123721517987367
S3_no_missing_R3_records,C17orf104,False,computed,379,12,367,0.7016348773841962,0.5240690281562216,0.523841961852861,0.5247502270663034,0.20163487738419617,0.8333333333333334,-0.3521878784354494,0.6239782016348774,-0.08196004822673524,0.024069028156221584,0.4166666666666667,0.13625448332105144,0.4305177111716621,0.1233819774699657,finite published score set; not an assay-population estimate,-0.0005843255143546111,0.0005843255143546111,0.0005183035185404306,0.0005183035185404306
S3_no_missing_R3_records,C17orf70,False,computed,379,12,367,0.7020890099909174,0.5227066303360581,0.5224795640326976,0.5233878292461399,0.2020890099909174,0.8333333333333334,-0.3521878784354494,0.6212534059945504,-0.08196004822673524,0.02270663033605813,0.4166666666666667,0.13625448332105144,0.4332425068119891,0.1228128684412434,finite published score set; not an assay-population estimate,-0.0001301929076333863,0.0001301929076333863,-0.0008440943016230218,0.0008440943016230218
S3_no_missing_R3_records,C19orf40,False,computed,379,12,367,0.7027702089009991,0.5247502270663034,0.5245231607629428,0.5254314259763851,0.20277020890099906,0.8333333333333334,-0.3521878784354494,0.6212534059945504,-0.08140333194874379,0.024750227066303365,0.4166666666666667,0.13625448332105144,0.4305177111716621,0.1233819774699657,finite published score set; not an assay-population estimate,0.0005510060024482843,0.0005510060024482843,0.0011995024286222122,0.0011995024286222122
S3_no_missing_R3_records,C1orf86,False,computed,379,12,367,0.702316076294278,0.5227066303360581,0.5224795640326976,0.5233878292461399,0.20231607629427795,0.8333333333333334,-0.3521878784354494,0.6212534059945504,-0.08140333194874379,0.02270663033605813,0.4166666666666667,0.13625448332105144,0.4332425068119891,0.1228128684412434,finite published score set; not an assay-population estimate,9.687339572717057e-05,9.687339572717057e-05,-0.0008440943016230218,0.0008440943016230218
S3_no_missing_R3_records,C20orf196,False,computed,379,12,367,0.7014078110808356,0.5224795640326976,0.522252497729337,0.5231607629427792,0.2014078110808356,0.8333333333333334,-0.3521878784354494,0.6239782016348774,-0.08196004822673524,0.022479564032697574,0.4166666666666667,0.13625448332105144,0.4332425068119891,0.1228128684412434,finite published score set; not an assay-population estimate,-0.000811391817715168,0.000811391817715168,-0.0010711606049835787,0.0010711606049835787
S3_no_missing_R3_records,C5orf45,False,computed,379,12,367,0.7014078110808356,0.5231607629427792,0.5229336966394187,0.523841961852861,0.2014078110808356,0.8333333333333334,-0.3521878784354494,0.6239782016348774,-0.08196004822673524,0.023160762942779245,0.4166666666666667,0.13625448332105144,0.4332425068119891,0.1228128684412434,finite published score set; not an assay-population estimate,-0.000811391817715168,0.000811391817715168,-0.000389961694901908,0.000389961694901908
S3_no_missing_R3_records,C7orf49,False,computed,379,12,367,0.7032243415077203,0.5245231607629428,0.5242960944595823,0.5252043596730245,0.20322434150772029,0.8333333333333334,-0.3521878784354494,0.6212534059945504,-0.08140333194874379,0.02452316076294281,0.4166666666666667,0.13625448332105144,0.4305177111716621,0.1233819774699657,finite published score set; not an assay-population estimate,0.0010051386091695091,0.0010051386091695091,0.0009724361252616553,0.0009724361252616553
S3_no_missing_R3_records,C9orf142,False,computed,379,12,367,0.702316076294278,0.523841961852861,0.5236148955495005,0.5245231607629428,0.20231607629427795,0.8333333333333334,-0.3521878784354494,0.6212534059945504,-0.08140333194874379,0.023841961852861027,0.4166666666666667,0.13625448332105144,0.4332425068119891,0.1233819774699657,finite published score set; not an assay-population estimate,9.687339572717057e-05,9.687339572717057e-05,0.00029123721517987367,0.00029123721517987367
S3_no_missing_R3_records,CBX8,False,computed,379,12,367,0.7014078110808356,0.5227066303360581,0.5224795640326976,0.5233878292461399,0.2014078110808356,0.8333333333333334,-0.3521878784354494,0.6239782016348774,-0.08196004822673524,0.02270663033605813,0.4166666666666667,0.13625448332105144,0.4332425068119891,0.1228128684412434,finite published score set; not an assay-population estimate,-0.000811391817715168,0.000811391817715168,-0.0008440943016230218,0.0008440943016230218
S3_no_missing_R3_records,CCDC155,False,computed,379,12,367,0.7020890099909174,0.5240690281562216,0.523841961852861,0.5247502270663034,0.2020890099909174,0.8333333333333334,-0.3521878784354494,0.6212534059945504,-0.08196004822673524,0.024069028156221584,0.4166666666666667,0.13625448332105144,0.4305177111716621,0.1233819774699657,finite published score set; not an assay-population estimate,-0.0001301929076333863,0.0001301929076333863,0.0005183035185404306,0.0005183035185404306
S3_no_missing_R3_records,CDC14B,False,computed,379,12,367,0.7020890099909174,0.5224795640326976,0.522252497729337,0.5231607629427792,0.2020890099909174,0.8333333333333334,-0.3521878784354494,0.6212534059945504,-0.08196004822673524,0.022479564032697574,0.4166666666666667,0.13625448332105144,0.4332425068119891,0.1228128684412434,finite published score set; not an assay-population estimate,-0.0001301929076333863,0.0001301929076333863,-0.0010711606049835787,0.0010711606049835787
S3_no_missing_R3_records,CDC7,False,computed,379,12,367,0.7034514078110808,0.5247502270663034,0.5245231607629428,0.5254314259763851,0.20345140781108084,0.8333333333333334,-0.3521878784354494,0.6212534059945504,-0.08140333194874379,0.024750227066303365,0.4166666666666667,0.13625448332105144,0.4305177111716621,0.1233819774699657,finite published score set; not an assay-population estimate,0.001232204912530066,0.001232204912530066,0.0011995024286222122,0.0011995024286222122
S3_no_missing_R3_records,CDK2,False,computed,379,12,367,0.702316076294278,0.523841961852861,0.5236148955495005,0.5245231607629428,0.20231607629427795,0.8333333333333334,-0.3521878784354494,0.6212534059945504,-0.08140333194874379,0.023841961852861027,0.4166666666666667,0.13625448332105144,0.4332425068119891,0.1233819774699657,finite published score set; not an assay-population estimate,9.687339572717057e-05,9.687339572717057e-05,0.00029123721517987367,0.00029123721517987367
S3_no_missing_R3_records,CDK9,False,computed,379,12,367,0.7014078110808356,0.5224795640326976,0.522252497729337,0.5231607629427792,0.2014078110808356,0.8333333333333334,-0.3521878784354494,0.6239782016348774,-0.08196004822673524,0.022479564032697574,0.4166666666666667,0.13625448332105144,0.4332425068119891,0.1228128684412434,finite published score set; not an assay-population estimate,-0.000811391817715168,0.000811391817715168,-0.0010711606049835787,0.0010711606049835787
S3_no_missing_R3_records,CDKN2D,False,computed,379,12,367,0.702316076294278,0.5249772933696639,0.5247502270663034,0.5256584922797457,0.20231607629427795,0.8333333333333334,-0.3521878784354494,0.6212534059945504,-0.08140333194874379,0.024977293369663922,0.4166666666666667,0.13625448332105144,0.4305177111716621,0.1233819774699657,finite published score set; not an assay-population estimate,9.687339572717057e-05,9.687339572717057e-05,0.0014265687319827691,0.0014265687319827691
S3_no_missing_R3_records,CEP164,False,computed,379,12,367,0.7014078110808356,0.523841961852861,0.5236148955495005,0.5245231607629428,0.2014078110808356,0.8333333333333334,-0.3521878784354494,0.6239782016348774,-0.08196004822673524,0.023841961852861027,0.4166666666666667,0.13625448332105144,0.4332425068119891,0.1233819774699657,finite published score set; not an assay-population estimate,-0.000811391817715168,0.000811391817715168,0.00029123721517987367,0.00029123721517987367
S3_no_missing_R3_records,CETN1,False,computed,379,12,367,0.7020890099909174,0.5247502270663034,0.5245231607629428,0.5254314259763851,0.2020890099909174,0.8333333333333334,-0.3521878784354494,0.6212534059945504,-0.08196004822673524,0.024750227066303365,0.4166666666666667,0.13625448332105144,0.4305177111716621,0.1233819774699657,finite published score set; not an assay-population estimate,-0.0001301929076333863,0.0001301929076333863,0.0011995024286222122,0.0011995024286222122
S3_no_missing_R3_records,CHD1L,False,computed,379,12,367,0.7014078110808356,0.5247502270663034,0.5245231607629428,0.5254314259763851,0.2014078110808356,0.8333333333333334,-0.3521878784354494,0.6239782016348774,-0.08196004822673524,0.024750227066303365,0.4166666666666667,0.13625448332105144,0.4305177111716621,0.1233819774699657,finite published score set; not an assay-population estimate,-0.000811391817715168,0.000811391817715168,0.0011995024286222122,0.0011995024286222122
S3_no_missing_R3_records,CHRNA4,False,computed,379,12,367,0.7027702089009991,0.5242960944595823,0.5240690281562216,0.5249772933696639,0.20277020890099906,0.8333333333333334,-0.3521878784354494,0.6212534059945504,-0.08140333194874379,0.02429609445958225,0.4166666666666667,0.13625448332105144,0.4305177111716621,0.1233819774699657,finite published score set; not an assay-population estimate,0.0005510060024482843,0.0005510060024482843,0.0007453698219010985,0.0007453698219010985
S3_no_missing_R3_records,CIB1,False,computed,379,12,367,0.7020890099909174,0.5231607629427792,0.5229336966394187,0.523841961852861,0.2020890099909174,0.8333333333333334,-0.3521878784354494,0.6212534059945504,-0.08140333194874379,0.023160762942779245,0.4166666666666667,0.13625448332105144,0.4332425068119891,0.1228128684412434,finite published score set; not an assay-population estimate,-0.0001301929076333863,0.0001301929076333863,-0.000389961694901908,0.000389961694901908
S3_no_missing_R3_records,COPS7A,False,computed,379,12,367,0.7014078110808356,0.5240690281562216,0.523841961852861,0.5247502270663034,0.2014078110808356,0.8333333333333334,-0.3521878784354494,0.6239782016348774,-0.08196004822673524,0.024069028156221584,0.4166666666666667,0.13625448332105144,0.4305177111716621,0.1233819774699657,finite published score set; not an assay-population estimate,-0.000811391817715168,0.000811391817715168,0.0005183035185404306,0.0005183035185404306
S3_no_missing_R3_records,COPS8,False,computed,379,12,367,0.7014078110808356,0.5227066303360581,0.5224795640326976,0.5233878292461399,0.2014078110808356,0.8333333333333334,-0.3521878784354494,0.6239782016348774,-0.08196004822673524,0.02270663033605813,0.4166666666666667,0.13625448332105144,0.4332425068119891,0.1228128684412434,finite published score set; not an assay-population estimate,-0.000811391817715168,0.000811391817715168,-0.0008440943016230218,0.0008440943016230218
S3_no_missing_R3_records,CSNK1E,False,computed,379,12,367,0.7020890099909174,0.5224795640326976,0.522252497729337,0.5231607629427792,0.2020890099909174,0.8333333333333334,-0.3521878784354494,0.6212534059945504,-0.08196004822673524,0.022479564032697574,0.4166666666666667,0.13625448332105144,0.4332425068119891,0.1228128684412434,finite published score set; not an assay-population estimate,-0.0001301929076333863,0.0001301929076333863,-0.0010711606049835787,0.0010711606049835787
S3_no_missing_R3_records,CUL4A,False,computed,379,12,367,0.702316076294278,0.5227066303360581,0.5224795640326976,0.5233878292461399,0.20231607629427795,0.8333333333333334,-0.3521878784354494,0.6212534059945504,-0.08140333194874379,0.02270663033605813,0.4166666666666667,0.13625448332105144,0.4332425068119891,0.1228128684412434,finite published score set; not an assay-population estimate,9.687339572717057e-05,9.687339572717057e-05,-0.0008440943016230218,0.0008440943016230218
S3_no_missing_R3_records,CUL4B,False,computed,379,12,367,0.7018619436875567,0.5245231607629428,0.5242960944595823,0.5252043596730245,0.20186194368755672,0.8333333333333334,-0.3521878784354494,0.6212534059945504,-0.08196004822673524,0.02452316076294281,0.4166666666666667,0.13625448332105144,0.4305177111716621,0.1233819774699657,finite published score set; not an assay-population estimate,-0.0003572592109940542,0.0003572592109940542,0.0009724361252616553,0.0009724361252616553
S3_no_missing_R3_records,CXorf57,False,computed,379,12,367,0.702316076294278,0.5227066303360581,0.5224795640326976,0.5233878292461399,0.20231607629427795,0.8333333333333334,-0.3521878784354494,0.6212534059945504,-0.08140333194874379,0.02270663033605813,0.4166666666666667,0.13625448332105144,0.4332425068119891,0.1228128684412434,finite published score set; not an assay-population estimate,9.687339572717057e-05,9.687339572717057e-05,-0.0008440943016230218,0.0008440943016230218
S3_no_missing_R3_records,DCLRE1A,False,computed,379,12,367,0.7014078110808356,0.5247502270663034,0.5245231607629428,0.5254314259763851,0.2014078110808356,0.8333333333333334,-0.3521878784354494,0.6239782016348774,-0.08196004822673524,0.024750227066303365,0.4166666666666667,0.13625448332105144,0.4305177111716621,0.1233819774699657,finite published score set; not an assay-population estimate,-0.000811391817715168,0.000811391817715168,0.0011995024286222122,0.0011995024286222122
S3_no_missing_R3_records,DCLRE1B,True,computed,379,11,368,0.7297430830039525,0.5686758893280632,0.5684288537549407,0.5694169960474308,0.22974308300395252,0.8181818181818182,-0.414602888592106,0.6222826086956522,-0.08168169008773951,0.06867588932806323,0.45454545454545453,0.1307934744931222,0.4320652173913043,0.12309742295560455,finite published score set; not an assay-population estimate,0.027523880105401743,0.027523880105401743,0.04512516469038208,0.04512516469038208
S3_no_missing_R3_records,DCLRE1C,False,computed,379,12,367,0.7014078110808356,0.5227066303360581,0.5224795640326976,0.5233878292461399,0.2014078110808356,0.8333333333333334,-0.3521878784354494,0.6239782016348774,-0.08196004822673524,0.02270663033605813,0.4166666666666667,0.13625448332105144,0.4332425068119891,0.1228128684412434,finite published score set; not an assay-population estimate,-0.000811391817715168,0.000811391817715168,-0.0008440943016230218,0.0008440943016230218
S3_no_missing_R3_records,DDB2,False,computed,379,12,367,0.7014078110808356,0.5231607629427792,0.5229336966394187,0.523841961852861,0.2014078110808356,0.8333333333333334,-0.3521878784354494,0.6239782016348774,-0.08196004822673524,0.023160762942779245,0.4166666666666667,0.13625448332105144,0.4332425068119891,0.1228128684412434,finite published score set; not an assay-population estimate,-0.000811391817715168,0.000811391817715168,-0.000389961694901908,0.000389961694901908
S3_no_missing_R3_records,DDX1,True,computed,379,11,368,0.6894762845849802,0.4965415019762846,0.49629446640316205,0.49728260869565216,0.18947628458498023,0.8181818181818182,-0.2897728682787928,0.6222826086956522,-0.08168169008773951,-0.003458498023715395,0.36363636363636365,0.1417154921489807,0.4320652173913043,0.12309742295560455,finite published score set; not an assay-population estimate,-0.01274291831357055,0.01274291831357055,-0.027009222661396548,0.027009222661396548
S3_no_missing_R3_records,DDX11,False,computed,379,12,367,0.7025431425976385,0.5240690281562216,0.523841961852861,0.5247502270663034,0.2025431425976385,0.8333333333333334,-0.3521878784354494,0.6212534059945504,-0.08140333194874379,0.024069028156221584,0.4166666666666667,0.13625448332105144,0.4305177111716621,0.1233819774699657,finite published score set; not an assay-population estimate,0.00032393969908772746,0.00032393969908772746,0.0005183035185404306,0.0005183035185404306
S3_no_missing_R3_records,DEK,False,computed,379,12,367,0.7014078110808356,0.522252497729337,0.5220254314259763,0.5229336966394187,0.2014078110808356,0.8333333333333334,-0.3521878784354494,0.6239782016348774,-0.08196004822673524,0.022252497729337017,0.4166666666666667,0.13625448332105144,0.4332425068119891,0.1228128684412434,finite published score set; not an assay-population estimate,-0.000811391817715168,0.000811391817715168,-0.0012982269083441356,0.0012982269083441356
S3_no_missing_R3_records,DMC1,False,computed,379,12,367,0.7020890099909174,0.5247502270663034,0.5245231607629428,0.5254314259763851,0.2020890099909174,0.8333333333333334,-0.3521878784354494,0.6212534059945504,-0.08196004822673524,0.024750227066303365,0.4166666666666667,0.13625448332105144,0.4305177111716621,0.1233819774699657,finite published score set; not an assay-population estimate,-0.0001301929076333863,0.0001301929076333863,0.0011995024286222122,0.0011995024286222122
S3_no_missing_R3_records,DNTT,False,computed,379,12,367,0.7014078110808356,0.5227066303360581,0.5224795640326976,0.5233878292461399,0.2014078110808356,0.8333333333333334,-0.3521878784354494,0.6239782016348774,-0.08196004822673524,0.02270663033605813,0.4166666666666667,0.13625448332105144,0.4332425068119891,0.1228128684412434,finite published score set; not an assay-population estimate,-0.000811391817715168,0.000811391817715168,-0.0008440943016230218,0.0008440943016230218
S3_no_missing_R3_records,DOT1L,True,computed,379,11,368,0.6823122529644269,0.5585474308300395,0.558300395256917,0.5590415019762845,0.18231225296442688,0.8181818181818182,-0.2897728682787928,0.6222826086956522,-0.08168169008773951,0.05854743083003955,0.45454545454545453,0.1307934744931222,0.4320652173913043,0.12309742295560455,finite published score set; not an assay-population estimate,-0.019906949934123896,0.019906949934123896,0.034996706192358396,0.034996706192358396
S3_no_missing_R3_records,DTX3L,False,computed,379,12,367,0.7014078110808356,0.5240690281562216,0.523841961852861,0.5247502270663034,0.2014078110808356,0.8333333333333334,-0.3521878784354494,0.6239782016348774,-0.08196004822673524,0.024069028156221584,0.4166666666666667,0.13625448332105144,0.4305177111716621,0.1233819774699657,finite published score set; not an assay-population estimate,-0.000811391817715168,0.000811391817715168,0.0005183035185404306,0.0005183035185404306
S3_no_missing_R3_records,EEPD1,False,computed,379,12,367,0.7025431425976385,0.5227066303360581,0.5224795640326976,0.5233878292461399,0.2025431425976385,0.8333333333333334,-0.3521878784354494,0.6212534059945504,-0.08140333194874379,0.02270663033605813,0.4166666666666667,0.13625448332105144,0.4332425068119891,0.1228128684412434,finite published score set; not an assay-population estimate,0.00032393969908772746,0.00032393969908772746,-0.0008440943016230218,0.0008440943016230218
S3_no_missing_R3_records,EGFR,False,computed,379,12,367,0.7032243415077203,0.5227066303360581,0.5224795640326976,0.5233878292461399,0.20322434150772029,0.8333333333333334,-0.3521878784354494,0.6212534059945504,-0.08140333194874379,0.02270663033605813,0.4166666666666667,0.13625448332105144,0.4332425068119891,0.1228128684412434,finite published score set; not an assay-population estimate,0.0010051386091695091,0.0010051386091695091,-0.0008440943016230218,0.0008440943016230218
S3_no_missing_R3_records,EID3,False,computed,379,12,367,0.7014078110808356,0.5231607629427792,0.5229336966394187,0.523841961852861,0.2014078110808356,0.8333333333333334,-0.3521878784354494,0.6239782016348774,-0.08196004822673524,0.023160762942779245,0.4166666666666667,0.13625448332105144,0.4332425068119891,0.1228128684412434,finite published score set; not an assay-population estimate,-0.000811391817715168,0.000811391817715168,-0.000389961694901908,0.000389961694901908
S3_no_missing_R3_records,EME1,False,computed,379,12,367,0.7032243415077203,0.5240690281562216,0.523841961852861,0.5247502270663034,0.20322434150772029,0.8333333333333334,-0.3521878784354494,0.6212534059945504,-0.08140333194874379,0.024069028156221584,0.4166666666666667,0.13625448332105144,0.4305177111716621,0.1233819774699657,finite published score set; not an assay-population estimate,0.0010051386091695091,0.0010051386091695091,0.0005183035185404306,0.0005183035185404306
S3_no_missing_R3_records,EME2,False,computed,379,12,367,0.7020890099909174,0.5247502270663034,0.5245231607629428,0.5254314259763851,0.2020890099909174,0.8333333333333334,-0.3521878784354494,0.6212534059945504,-0.08140333194874379,0.024750227066303365,0.4166666666666667,0.13625448332105144,0.4305177111716621,0.1233819774699657,finite published score set; not an assay-population estimate,-0.0001301929076333863,0.0001301929076333863,0.0011995024286222122,0.0011995024286222122
S3_no_missing_R3_records,ENDOV,False,computed,379,12,367,0.7014078110808356,0.5231607629427792,0.5229336966394187,0.523841961852861,0.2014078110808356,0.8333333333333334,-0.3521878784354494,0.6239782016348774,-0.08196004822673524,0.023160762942779245,0.4166666666666667,0.13625448332105144,0.4332425068119891,0.1228128684412434,finite published score set; not an assay-population estimate,-0.000811391817715168,0.000811391817715168,-0.000389961694901908,0.000389961694901908
S3_no_missing_R3_records,EP300,False,computed,379,12,367,0.7020890099909174,0.523841961852861,0.5236148955495005,0.5245231607629428,0.2020890099909174,0.8333333333333334,-0.3521878784354494,0.6212534059945504,-0.08140333194874379,0.023841961852861027,0.4166666666666667,0.13625448332105144,0.4305177111716621,0.1233819774699657,finite published score set; not an assay-population estimate,-0.0001301929076333863,0.0001301929076333863,0.00029123721517987367,0.00029123721517987367
S3_no_missing_R3_records,EPC1,False,computed,379,12,367,0.702316076294278,0.5224795640326976,0.522252497729337,0.5231607629427792,0.20231607629427795,0.8333333333333334,-0.3521878784354494,0.6212534059945504,-0.08140333194874379,0.022479564032697574,0.4166666666666667,0.13625448332105144,0.4332425068119891,0.1228128684412434,finite published score set; not an assay-population estimate,9.687339572717057e-05,9.687339572717057e-05,-0.0010711606049835787,0.0010711606049835787
S3_no_missing_R3_records,EPC2,False,computed,379,12,367,0.7025431425976385,0.5236148955495005,0.5233878292461399,0.5242960944595823,0.2025431425976385,0.8333333333333334,-0.3521878784354494,0.6212534059945504,-0.08140333194874379,0.02361489554950047,0.4166666666666667,0.13625448332105144,0.4332425068119891,0.1228128684412434,finite published score set; not an assay-population estimate,0.00032393969908772746,0.00032393969908772746,6.417091181931678e-05,6.417091181931678e-05
S3_no_missing_R3_records,ERCC1,False,computed,379,12,367,0.702316076294278,0.5233878292461399,0.5231607629427792,0.5240690281562216,0.20231607629427795,0.8333333333333334,-0.3521878784354494,0.6212534059945504,-0.08140333194874379,0.023387829246139913,0.4166666666666667,0.13625448332105144,0.4332425068119891,0.1228128684412434,finite published score set; not an assay-population estimate,9.687339572717057e-05,9.687339572717057e-05,-0.0001628953915412401,0.0001628953915412401
S3_no_missing_R3_records,ERCC5,False,computed,379,12,367,0.7014078110808356,0.5247502270663034,0.5245231607629428,0.5254314259763851,0.2014078110808356,0.8333333333333334,-0.3521878784354494,0.6239782016348774,-0.08196004822673524,0.024750227066303365,0.4166666666666667,0.13625448332105144,0.4305177111716621,0.1233819774699657,finite published score set; not an assay-population estimate,-0.000811391817715168,0.000811391817715168,0.0011995024286222122,0.0011995024286222122
S3_no_missing_R3_records,ERCC6,False,computed,379,12,367,0.7020890099909174,0.5242960944595823,0.5240690281562216,0.5249772933696639,0.2020890099909174,0.8333333333333334,-0.3521878784354494,0.6212534059945504,-0.08196004822673524,0.02429609445958225,0.4166666666666667,0.13625448332105144,0.4305177111716621,0.1233819774699657,finite published score set; not an assay-population estimate,-0.0001301929076333863,0.0001301929076333863,0.0007453698219010985,0.0007453698219010985
S3_no_missing_R3_records,ERCC6L2,False,computed,379,12,367,0.702316076294278,0.5247502270663034,0.5245231607629428,0.5254314259763851,0.20231607629427795,0.8333333333333334,-0.3521878784354494,0.6212534059945504,-0.08140333194874379,0.024750227066303365,0.4166666666666667,0.13625448332105144,0.4305177111716621,0.1233819774699657,finite published score set; not an assay-population estimate,9.687339572717057e-05,9.687339572717057e-05,0.0011995024286222122,0.0011995024286222122
S3_no_missing_R3_records,ERCC8,False,computed,379,12,367,0.7014078110808356,0.5231607629427792,0.5229336966394187,0.523841961852861,0.2014078110808356,0.8333333333333334,-0.3521878784354494,0.6239782016348774,-0.08196004822673524,0.023160762942779245,0.4166666666666667,0.13625448332105144,0.4332425068119891,0.1228128684412434,finite published score set; not an assay-population estimate,-0.000811391817715168,0.000811391817715168,-0.000389961694901908,0.000389961694901908
S3_no_missing_R3_records,ETAA1,False,computed,379,12,367,0.7014078110808356,0.5240690281562216,0.523841961852861,0.5247502270663034,0.2014078110808356,0.8333333333333334,-0.3521878784354494,0.6239782016348774,-0.08196004822673524,0.024069028156221584,0.4166666666666667,0.13625448332105144,0.4305177111716621,0.1233819774699657,finite published score set; not an assay-population estimate,-0.000811391817715168,0.000811391817715168,0.0005183035185404306,0.0005183035185404306
S3_no_missing_R3_records,EXD2,False,computed,379,12,367,0.7027702089009991,0.5236148955495005,0.5233878292461399,0.5242960944595823,0.20277020890099906,0.8333333333333334,-0.3521878784354494,0.6212534059945504,-0.08140333194874379,0.02361489554950047,0.4166666666666667,0.13625448332105144,0.4332425068119891,0.1228128684412434,finite published score set; not an assay-population estimate,0.0005510060024482843,0.0005510060024482843,6.417091181931678e-05,6.417091181931678e-05
S3_no_missing_R3_records,EXO1,False,computed,379,12,367,0.7025431425976385,0.5242960944595823,0.5240690281562216,0.5249772933696639,0.2025431425976385,0.8333333333333334,-0.3521878784354494,0.6212534059945504,-0.08140333194874379,0.02429609445958225,0.4166666666666667,0.13625448332105144,0.4305177111716621,0.1233819774699657,finite published score set; not an assay-population estimate,0.00032393969908772746,0.00032393969908772746,0.0007453698219010985,0.0007453698219010985
S3_no_missing_R3_records,EXO5,False,computed,379,12,367,0.702316076294278,0.523841961852861,0.5236148955495005,0.5245231607629428,0.20231607629427795,0.8333333333333334,-0.3521878784354494,0.6212534059945504,-0.08140333194874379,0.023841961852861027,0.4166666666666667,0.13625448332105144,0.4305177111716621,0.1233819774699657,finite published score set; not an assay-population estimate,9.687339572717057e-05,9.687339572717057e-05,0.00029123721517987367,0.00029123721517987367
S3_no_missing_R3_records,EYA2,False,computed,379,12,367,0.702316076294278,0.5227066303360581,0.5224795640326976,0.5233878292461399,0.20231607629427795,0.8333333333333334,-0.3521878784354494,0.6212534059945504,-0.08140333194874379,0.02270663033605813,0.4166666666666667,0.13625448332105144,0.4332425068119891,0.1228128684412434,finite published score set; not an assay-population estimate,9.687339572717057e-05,9.687339572717057e-05,-0.0008440943016230218,0.0008440943016230218
S3_no_missing_R3_records,EYA3,False,computed,379,12,367,0.7014078110808356,0.5247502270663034,0.5245231607629428,0.5254314259763851,0.2014078110808356,0.8333333333333334,-0.3521878784354494,0.6239782016348774,-0.08196004822673524,0.024750227066303365,0.4166666666666667,0.13625448332105144,0.4305177111716621,0.1233819774699657,finite published score set; not an assay-population estimate,-0.000811391817715168,0.000811391817715168,0.0011995024286222122,0.0011995024286222122
S3_no_missing_R3_records,EYA4,False,computed,379,12,367,0.7014078110808356,0.5240690281562216,0.523841961852861,0.5247502270663034,0.2014078110808356,0.8333333333333334,-0.3521878784354494,0.6239782016348774,-0.08196004822673524,0.024069028156221584,0.4166666666666667,0.13625448332105144,0.4305177111716621,0.1233819774699657,finite published score set; not an assay-population estimate,-0.000811391817715168,0.000811391817715168,0.0005183035185404306,0.0005183035185404306
S3_no_missing_R3_records,FAM168A,False,computed,379,12,367,0.7014078110808356,0.5240690281562216,0.523841961852861,0.5247502270663034,0.2014078110808356,0.8333333333333334,-0.3521878784354494,0.6239782016348774,-0.08196004822673524,0.024069028156221584,0.4166666666666667,0.13625448332105144,0.4305177111716621,0.1233819774699657,finite published score set; not an assay-population estimate,-0.000811391817715168,0.000811391817715168,0.0005183035185404306,0.0005183035185404306
S3_no_missing_R3_records,FAM175A,False,computed,379,12,367,0.703905540417802,0.5247502270663034,0.5245231607629428,0.5254314259763851,0.20390554041780196,0.8333333333333334,-0.3521878784354494,0.6212534059945504,-0.08140333194874379,0.024750227066303365,0.4166666666666667,0.13625448332105144,0.4305177111716621,0.1233819774699657,finite published score set; not an assay-population estimate,0.0016863375192511798,0.0016863375192511798,0.0011995024286222122,0.0011995024286222122
S3_no_missing_R3_records,FAM178A,False,computed,379,12,367,0.7020890099909174,0.5227066303360581,0.5224795640326976,0.5233878292461399,0.2020890099909174,0.8333333333333334,-0.3521878784354494,0.6212534059945504,-0.08196004822673524,0.02270663033605813,0.4166666666666667,0.13625448332105144,0.4332425068119891,0.1228128684412434,finite published score set; not an assay-population estimate,-0.0001301929076333863,0.0001301929076333863,-0.0008440943016230218,0.0008440943016230218
S3_no_missing_R3_records,FAM35A,False,computed,379,12,367,0.7014078110808356,0.5227066303360581,0.5224795640326976,0.5233878292461399,0.2014078110808356,0.8333333333333334,-0.3521878784354494,0.6239782016348774,-0.08196004822673524,0.02270663033605813,0.4166666666666667,0.13625448332105144,0.4332425068119891,0.1228128684412434,finite published score set; not an assay-population estimate,-0.000811391817715168,0.000811391817715168,-0.0008440943016230218,0.0008440943016230218
S3_no_missing_R3_records,FAN1,False,computed,379,12,367,0.7032243415077203,0.523841961852861,0.5236148955495005,0.5245231607629428,0.20322434150772029,0.8333333333333334,-0.3521878784354494,0.6212534059945504,-0.08140333194874379,0.023841961852861027,0.4166666666666667,0.13625448332105144,0.4332425068119891,0.1228128684412434,finite published score set; not an assay-population estimate,0.0010051386091695091,0.0010051386091695091,0.00029123721517987367,0.00029123721517987367
S3_no_missing_R3_records,FANCA,False,computed,379,12,367,0.702316076294278,0.5247502270663034,0.5245231607629428,0.5254314259763851,0.20231607629427795,0.8333333333333334,-0.3521878784354494,0.6212534059945504,-0.08140333194874379,0.024750227066303365,0.4166666666666667,0.13625448332105144,0.4305177111716621,0.1233819774699657,finite published score set; not an assay-population estimate,9.687339572717057e-05,9.687339572717057e-05,0.0011995024286222122,0.0011995024286222122
S3_no_missing_R3_records,FANCB,False,computed,379,12,367,0.7032243415077203,0.5224795640326976,0.522252497729337,0.5231607629427792,0.20322434150772029,0.8333333333333334,-0.3521878784354494,0.6212534059945504,-0.08140333194874379,0.022479564032697574,0.4166666666666667,0.13625448332105144,0.4332425068119891,0.1228128684412434,finite published score set; not an assay-population estimate,0.0010051386091695091,0.0010051386091695091,-0.0010711606049835787,0.0010711606049835787
S3_no_missing_R3_records,FANCC,False,computed,379,12,367,0.702316076294278,0.522252497729337,0.5220254314259763,0.5229336966394187,0.20231607629427795,0.8333333333333334,-0.3521878784354494,0.6212534059945504,-0.08140333194874379,0.022252497729337017,0.4166666666666667,0.13625448332105144,0.4332425068119891,0.1228128684412434,finite published score set; not an assay-population estimate,9.687339572717057e-05,9.687339572717057e-05,-0.0012982269083441356,0.0012982269083441356
S3_no_missing_R3_records,FANCD2,False,computed,379,12,367,0.7025431425976385,0.5233878292461399,0.5231607629427792,0.5240690281562216,0.2025431425976385,0.8333333333333334,-0.3521878784354494,0.6212534059945504,-0.08140333194874379,0.023387829246139913,0.4166666666666667,0.13625448332105144,0.4332425068119891,0.1228128684412434,finite published score set; not an assay-population estimate,0.00032393969908772746,0.00032393969908772746,-0.0001628953915412401,0.0001628953915412401
S3_no_missing_R3_records,FANCE,False,computed,379,12,367,0.7036784741144414,0.5240690281562216,0.523841961852861,0.5247502270663034,0.2036784741144414,0.8333333333333334,-0.3521878784354494,0.6212534059945504,-0.08140333194874379,0.024069028156221584,0.4166666666666667,0.13625448332105144,0.4305177111716621,0.1233819774699657,finite published score set; not an assay-population estimate,0.001459271215890623,0.001459271215890623,0.0005183035185404306,0.0005183035185404306
S3_no_missing_R3_records,FANCF,True,computed,379,11,368,0.7065217391304348,0.5402667984189723,0.5400197628458498,0.54100790513834,0.2065217391304348,0.8181818181818182,-0.414602888592106,0.6222826086956522,-0.08168169008773951,0.040266798418972294,0.45454545454545453,0.1307934744931222,0.4320652173913043,0.12309742295560455,finite published score set; not an assay-population estimate,0.0043025362318840354,0.0043025362318840354,0.01671607378129114,0.01671607378129114
S3_no_missing_R3_records,FANCG,False,computed,379,12,367,0.7027702089009991,0.5231607629427792,0.5229336966394187,0.523841961852861,0.20277020890099906,0.8333333333333334,-0.3521878784354494,0.6212534059945504,-0.08140333194874379,0.023160762942779245,0.4166666666666667,0.13625448332105144,0.4332425068119891,0.1228128684412434,finite published score set; not an assay-population estimate,0.0005510060024482843,0.0005510060024482843,-0.000389961694901908,0.000389961694901908
S3_no_missing_R3_records,FANCL,False,computed,379,12,367,0.7016348773841962,0.5247502270663034,0.5245231607629428,0.5254314259763851,0.20163487738419617,0.8333333333333334,-0.3521878784354494,0.6239782016348774,-0.08196004822673524,0.024750227066303365,0.4166666666666667,0.13625448332105144,0.4305177111716621,0.1233819774699657,finite published score set; not an assay-population estimate,-0.0005843255143546111,0.0005843255143546111,0.0011995024286222122,0.0011995024286222122
S3_no_missing_R3_records,FANCM,False,computed,379,12,367,0.7025431425976385,0.5247502270663034,0.5245231607629428,0.5254314259763851,0.2025431425976385,0.8333333333333334,-0.3521878784354494,0.6212534059945504,-0.08140333194874379,0.024750227066303365,0.4166666666666667,0.13625448332105144,0.4305177111716621,0.1233819774699657,finite published score set; not an assay-population estimate,0.00032393969908772746,0.00032393969908772746,0.0011995024286222122,0.0011995024286222122
S3_no_missing_R3_records,FBXO18,False,computed,379,12,367,0.7014078110808356,0.5227066303360581,0.5224795640326976,0.5233878292461399,0.2014078110808356,0.8333333333333334,-0.3521878784354494,0.6239782016348774,-0.08196004822673524,0.02270663033605813,0.4166666666666667,0.13625448332105144,0.4332425068119891,0.1228128684412434,finite published score set; not an assay-population estimate,-0.000811391817715168,0.000811391817715168,-0.0008440943016230218,0.0008440943016230218
S3_no_missing_R3_records,FBXO6,False,computed,379,12,367,0.7032243415077203,0.5240690281562216,0.523841961852861,0.5247502270663034,0.20322434150772029,0.8333333333333334,-0.3521878784354494,0.6212534059945504,-0.08140333194874379,0.024069028156221584,0.4166666666666667,0.13625448332105144,0.4305177111716621,0.1233819774699657,finite published score set; not an assay-population estimate,0.0010051386091695091,0.0010051386091695091,0.0005183035185404306,0.0005183035185404306
S3_no_missing_R3_records,FGF10,False,computed,379,12,367,0.7014078110808356,0.5227066303360581,0.5224795640326976,0.5233878292461399,0.2014078110808356,0.8333333333333334,-0.3521878784354494,0.6239782016348774,-0.08196004822673524,0.02270663033605813,0.4166666666666667,0.13625448332105144,0.4332425068119891,0.1228128684412434,finite published score set; not an assay-population estimate,-0.000811391817715168,0.000811391817715168,-0.0008440943016230218,0.0008440943016230218
S3_no_missing_R3_records,FH,False,computed,379,12,367,0.7027702089009991,0.5224795640326976,0.522252497729337,0.5231607629427792,0.20277020890099906,0.8333333333333334,-0.3521878784354494,0.6212534059945504,-0.08140333194874379,0.022479564032697574,0.4166666666666667,0.13625448332105144,0.4332425068119891,0.1228128684412434,finite published score set; not an assay-population estimate,0.0005510060024482843,0.0005510060024482843,-0.0010711606049835787,0.0010711606049835787
S3_no_missing_R3_records,FIGN,False,computed,379,12,367,0.7036784741144414,0.5231607629427792,0.5229336966394187,0.523841961852861,0.2036784741144414,0.8333333333333334,-0.3521878784354494,0.6212534059945504,-0.08140333194874379,0.023160762942779245,0.4166666666666667,0.13625448332105144,0.4332425068119891,0.1228128684412434,finite published score set; not an assay-population estimate,0.001459271215890623,0.001459271215890623,-0.000389961694901908,0.000389961694901908
S3_no_missing_R3_records,FIGNL1,False,computed,379,12,367,0.7014078110808356,0.5227066303360581,0.5224795640326976,0.5233878292461399,0.2014078110808356,0.8333333333333334,-0.3521878784354494,0.6239782016348774,-0.08196004822673524,0.02270663033605813,0.4166666666666667,0.13625448332105144,0.4332425068119891,0.1228128684412434,finite published score set; not an assay-population estimate,-0.000811391817715168,0.000811391817715168,-0.0008440943016230218,0.0008440943016230218
S3_no_missing_R3_records,FIGNL2,False,computed,379,12,367,0.7018619436875567,0.5242960944595823,0.5240690281562216,0.5249772933696639,0.20186194368755672,0.8333333333333334,-0.3521878784354494,0.6239782016348774,-0.08196004822673524,0.02429609445958225,0.4166666666666667,0.13625448332105144,0.4305177111716621,0.1233819774699657,finite published score set; not an assay-population estimate,-0.0003572592109940542,0.0003572592109940542,0.0007453698219010985,0.0007453698219010985
S3_no_missing_R3_records,FMN2,False,computed,379,12,367,0.702316076294278,0.5227066303360581,0.5224795640326976,0.5233878292461399,0.20231607629427795,0.8333333333333334,-0.3521878784354494,0.6212534059945504,-0.08140333194874379,0.02270663033605813,0.4166666666666667,0.13625448332105144,0.4332425068119891,0.1228128684412434,finite published score set; not an assay-population estimate,9.687339572717057e-05,9.687339572717057e-05,-0.0008440943016230218,0.0008440943016230218
S3_no_missing_R3_records,FOXM1,False,computed,379,12,367,0.7027702089009991,0.5247502270663034,0.5245231607629428,0.5254314259763851,0.20277020890099906,0.8333333333333334,-0.3521878784354494,0.6212534059945504,-0.08140333194874379,0.024750227066303365,0.4166666666666667,0.13625448332105144,0.4305177111716621,0.1233819774699657,finite published score set; not an assay-population estimate,0.0005510060024482843,0.0005510060024482843,0.0011995024286222122,0.0011995024286222122
S3_no_missing_R3_records,FTO,False,computed,379,12,367,0.7018619436875567,0.5224795640326976,0.522252497729337,0.5231607629427792,0.20186194368755672,0.8333333333333334,-0.3521878784354494,0.6239782016348774,-0.08196004822673524,0.022479564032697574,0.4166666666666667,0.13625448332105144,0.4332425068119891,0.1228128684412434,finite published score set; not an assay-population estimate,-0.0003572592109940542,0.0003572592109940542,-0.0010711606049835787,0.0010711606049835787
S3_no_missing_R3_records,FUS,False,computed,379,12,367,0.7034514078110808,0.523841961852861,0.5236148955495005,0.5245231607629428,0.20345140781108084,0.8333333333333334,-0.3521878784354494,0.6212534059945504,-0.08140333194874379,0.023841961852861027,0.4166666666666667,0.13625448332105144,0.4305177111716621,0.1233819774699657,finite published score set; not an assay-population estimate,0.001232204912530066,0.001232204912530066,0.00029123721517987367,0.00029123721517987367
S3_no_missing_R3_records,FZR1,False,computed,379,12,367,0.7014078110808356,0.5224795640326976,0.522252497729337,0.5231607629427792,0.2014078110808356,0.8333333333333334,-0.3521878784354494,0.6239782016348774,-0.08196004822673524,0.022479564032697574,0.4166666666666667,0.13625448332105144,0.4332425068119891,0.1228128684412434,finite published score set; not an assay-population estimate,-0.000811391817715168,0.000811391817715168,-0.0010711606049835787,0.0010711606049835787
S3_no_missing_R3_records,GADD45A,False,computed,379,12,367,0.7020890099909174,0.5240690281562216,0.523841961852861,0.5247502270663034,0.2020890099909174,0.8333333333333334,-0.3521878784354494,0.6212534059945504,-0.08196004822673524,0.024069028156221584,0.4166666666666667,0.13625448332105144,0.4305177111716621,0.1233819774699657,finite published score set; not an assay-population estimate,-0.0001301929076333863,0.0001301929076333863,0.0005183035185404306,0.0005183035185404306
S3_no_missing_R3_records,GEN1,False,computed,379,12,367,0.7020890099909174,0.5245231607629428,0.5242960944595823,0.5252043596730245,0.2020890099909174,0.8333333333333334,-0.3521878784354494,0.6212534059945504,-0.08196004822673524,0.02452316076294281,0.4166666666666667,0.13625448332105144,0.4305177111716621,0.1233819774699657,finite published score set; not an assay-population estimate,-0.0001301929076333863,0.0001301929076333863,0.0009724361252616553,0.0009724361252616553
S3_no_missing_R3_records,GGN,False,computed,379,12,367,0.7014078110808356,0.5227066303360581,0.5224795640326976,0.5233878292461399,0.2014078110808356,0.8333333333333334,-0.3521878784354494,0.6239782016348774,-0.08196004822673524,0.02270663033605813,0.4166666666666667,0.13625448332105144,0.4332425068119891,0.1228128684412434,finite published score set; not an assay-population estimate,-0.000811391817715168,0.000811391817715168,-0.0008440943016230218,0.0008440943016230218
S3_no_missing_R3_records,GPS1,False,computed,379,12,367,0.7018619436875567,0.5227066303360581,0.5224795640326976,0.5233878292461399,0.20186194368755672,0.8333333333333334,-0.3521878784354494,0.6239782016348774,-0.08196004822673524,0.02270663033605813,0.4166666666666667,0.13625448332105144,0.4332425068119891,0.1228128684412434,finite published score set; not an assay-population estimate,-0.0003572592109940542,0.0003572592109940542,-0.0008440943016230218,0.0008440943016230218
S3_no_missing_R3_records,GTF2H3,False,computed,379,12,367,0.703905540417802,0.5227066303360581,0.5224795640326976,0.5233878292461399,0.20390554041780196,0.8333333333333334,-0.3521878784354494,0.6212534059945504,-0.08140333194874379,0.02270663033605813,0.4166666666666667,0.13625448332105144,0.4332425068119891,0.1228128684412434,finite published score set; not an assay-population estimate,0.0016863375192511798,0.0016863375192511798,-0.0008440943016230218,0.0008440943016230218
S3_no_missing_R3_records,GTF2H5,True,computed,379,11,368,0.6966403162055336,0.5279150197628458,0.5276679841897233,0.5284090909090909,0.19664031620553357,0.8181818181818182,-0.414602888592106,0.6222826086956522,-0.08168169008773951,0.027915019762845827,0.45454545454545453,0.1307934744931222,0.4320652173913043,0.12309742295560455,finite published score set; not an assay-population estimate,-0.005578886693017204,0.005578886693017204,0.0043642951251646744,0.0043642951251646744
S3_no_missing_R3_records,H2AFX,False,computed,379,12,367,0.7041326067211626,0.5247502270663034,0.5245231607629428,0.5254314259763851,0.20413260672116262,0.8333333333333334,-0.3521878784354494,0.6212534059945504,-0.08140333194874379,0.024750227066303365,0.4166666666666667,0.13625448332105144,0.4305177111716621,0.1233819774699657,finite published score set; not an assay-population estimate,0.0019134038226118477,0.0019134038226118477,0.0011995024286222122,0.0011995024286222122
S3_no_missing_R3_records,HDAC10,False,computed,379,12,367,0.7018619436875567,0.5227066303360581,0.5224795640326976,0.5233878292461399,0.20186194368755672,0.8333333333333334,-0.3521878784354494,0.6212534059945504,-0.08196004822673524,0.02270663033605813,0.4166666666666667,0.13625448332105144,0.4332425068119891,0.1228128684412434,finite published score set; not an assay-population estimate,-0.0003572592109940542,0.0003572592109940542,-0.0008440943016230218,0.0008440943016230218
S3_no_missing_R3_records,HELB,False,computed,379,12,367,0.7014078110808356,0.5233878292461399,0.5231607629427792,0.5240690281562216,0.2014078110808356,0.8333333333333334,-0.3521878784354494,0.6239782016348774,-0.08196004822673524,0.023387829246139913,0.4166666666666667,0.13625448332105144,0.4332425068119891,0.1228128684412434,finite published score set; not an assay-population estimate,-0.000811391817715168,0.000811391817715168,-0.0001628953915412401,0.0001628953915412401
S3_no_missing_R3_records,HELQ,False,computed,379,12,367,0.7036784741144414,0.5242960944595823,0.5240690281562216,0.5249772933696639,0.2036784741144414,0.8333333333333334,-0.3521878784354494,0.6212534059945504,-0.08140333194874379,0.02429609445958225,0.4166666666666667,0.13625448332105144,0.4305177111716621,0.1233819774699657,finite published score set; not an assay-population estimate,0.001459271215890623,0.001459271215890623,0.0007453698219010985,0.0007453698219010985
S3_no_missing_R3_records,HIST3H2A,False,computed,379,12,367,0.7014078110808356,0.5240690281562216,0.523841961852861,0.5247502270663034,0.2014078110808356,0.8333333333333334,-0.3521878784354494,0.6239782016348774,-0.08196004822673524,0.024069028156221584,0.4166666666666667,0.13625448332105144,0.4305177111716621,0.1233819774699657,finite published score set; not an assay-population estimate,-0.000811391817715168,0.000811391817715168,0.0005183035185404306,0.0005183035185404306
S3_no_missing_R3_records,HIST3H3,False,computed,379,12,367,0.7014078110808356,0.5227066303360581,0.5224795640326976,0.5233878292461399,0.2014078110808356,0.8333333333333334,-0.3521878784354494,0.6239782016348774,-0.08196004822673524,0.02270663033605813,0.4166666666666667,0.13625448332105144,0.4332425068119891,0.1228128684412434,finite published score set; not an assay-population estimate,-0.000811391817715168,0.000811391817715168,-0.0008440943016230218,0.0008440943016230218
S3_no_missing_R3_records,HIST4H4,False,computed,379,12,367,0.7020890099909174,0.5240690281562216,0.523841961852861,0.5247502270663034,0.2020890099909174,0.8333333333333334,-0.3521878784354494,0.6212534059945504,-0.08196004822673524,0.024069028156221584,0.4166666666666667,0.13625448332105144,0.4305177111716621,0.1233819774699657,finite published score set; not an assay-population estimate,-0.0001301929076333863,0.0001301929076333863,0.0005183035185404306,0.0005183035185404306
S3_no_missing_R3_records,HMGA1,False,computed,379,12,367,0.7034514078110808,0.523841961852861,0.5236148955495005,0.5245231607629428,0.20345140781108084,0.8333333333333334,-0.3521878784354494,0.6212534059945504,-0.08140333194874379,0.023841961852861027,0.4166666666666667,0.13625448332105144,0.4332425068119891,0.1233819774699657,finite published score set; not an assay-population estimate,0.001232204912530066,0.001232204912530066,0.00029123721517987367,0.00029123721517987367
S3_no_missing_R3_records,HMGA2,False,computed,379,12,367,0.7018619436875567,0.5227066303360581,0.5224795640326976,0.5233878292461399,0.20186194368755672,0.8333333333333334,-0.3521878784354494,0.6239782016348774,-0.08196004822673524,0.02270663033605813,0.4166666666666667,0.13625448332105144,0.4332425068119891,0.1228128684412434,finite published score set; not an assay-population estimate,-0.0003572592109940542,0.0003572592109940542,-0.0008440943016230218,0.0008440943016230218
S3_no_missing_R3_records,HMGB2,False,computed,379,12,367,0.702316076294278,0.5224795640326976,0.522252497729337,0.5231607629427792,0.20231607629427795,0.8333333333333334,-0.3521878784354494,0.6212534059945504,-0.08140333194874379,0.022479564032697574,0.4166666666666667,0.13625448332105144,0.4332425068119891,0.1228128684412434,finite published score set; not an assay-population estimate,9.687339572717057e-05,9.687339572717057e-05,-0.0010711606049835787,0.0010711606049835787
S3_no_missing_R3_records,HMGN1,False,computed,379,12,367,0.702316076294278,0.5227066303360581,0.5224795640326976,0.5233878292461399,0.20231607629427795,0.8333333333333334,-0.3521878784354494,0.6212534059945504,-0.08140333194874379,0.02270663033605813,0.4166666666666667,0.13625448332105144,0.4332425068119891,0.1228128684412434,finite published score set; not an assay-population estimate,9.687339572717057e-05,9.687339572717057e-05,-0.0008440943016230218,0.0008440943016230218
S3_no_missing_R3_records,HSF1,False,computed,379,12,367,0.7025431425976385,0.5224795640326976,0.522252497729337,0.5231607629427792,0.2025431425976385,0.8333333333333334,-0.3521878784354494,0.6212534059945504,-0.08140333194874379,0.022479564032697574,0.4166666666666667,0.13625448332105144,0.4332425068119891,0.1228128684412434,finite published score set; not an assay-population estimate,0.00032393969908772746,0.00032393969908772746,-0.0010711606049835787,0.0010711606049835787
S3_no_missing_R3_records,HUS1B,False,computed,379,12,367,0.7032243415077203,0.5227066303360581,0.5224795640326976,0.5233878292461399,0.20322434150772029,0.8333333333333334,-0.3521878784354494,0.6212534059945504,-0.08140333194874379,0.02270663033605813,0.4166666666666667,0.13625448332105144,0.4332425068119891,0.1228128684412434,finite published score set; not an assay-population estimate,0.0010051386091695091,0.0010051386091695091,-0.0008440943016230218,0.0008440943016230218
S3_no_missing_R3_records,HUWE1,False,computed,379,12,367,0.703905540417802,0.5247502270663034,0.5245231607629428,0.5254314259763851,0.20390554041780196,0.8333333333333334,-0.3521878784354494,0.6212534059945504,-0.08140333194874379,0.024750227066303365,0.4166666666666667,0.13625448332105144,0.4305177111716621,0.1233819774699657,finite published score set; not an assay-population estimate,0.0016863375192511798,0.0016863375192511798,0.0011995024286222122,0.0011995024286222122
S3_no_missing_R3_records,IGHMBP2,False,computed,379,12,367,0.702316076294278,0.5227066303360581,0.5224795640326976,0.5233878292461399,0.20231607629427795,0.8333333333333334,-0.3521878784354494,0.6212534059945504,-0.08140333194874379,0.02270663033605813,0.4166666666666667,0.13625448332105144,0.4332425068119891,0.1228128684412434,finite published score set; not an assay-population estimate,9.687339572717057e-05,9.687339572717057e-05,-0.0008440943016230218,0.0008440943016230218
S3_no_missing_R3_records,ING3,False,computed,379,12,367,0.7034514078110808,0.523841961852861,0.5236148955495005,0.5245231607629428,0.20345140781108084,0.8333333333333334,-0.3521878784354494,0.6212534059945504,-0.08140333194874379,0.023841961852861027,0.4166666666666667,0.13625448332105144,0.4332425068119891,0.1233819774699657,finite published score set; not an assay-population estimate,0.001232204912530066,0.001232204912530066,0.00029123721517987367,0.00029123721517987367
S3_no_missing_R3_records,INIP,False,computed,379,12,367,0.7014078110808356,0.5227066303360581,0.5224795640326976,0.5233878292461399,0.2014078110808356,0.8333333333333334,-0.3521878784354494,0.6239782016348774,-0.08196004822673524,0.02270663033605813,0.4166666666666667,0.13625448332105144,0.4332425068119891,0.1228128684412434,finite published score set; not an assay-population estimate,-0.000811391817715168,0.000811391817715168,-0.0008440943016230218,0.0008440943016230218
S3_no_missing_R3_records,INO80C,False,computed,379,12,367,0.702316076294278,0.523841961852861,0.5236148955495005,0.5245231607629428,0.20231607629427795,0.8333333333333334,-0.3521878784354494,0.6212534059945504,-0.08140333194874379,0.023841961852861027,0.4166666666666667,0.13625448332105144,0.4332425068119891,0.1233819774699657,finite published score set; not an assay-population estimate,9.687339572717057e-05,9.687339572717057e-05,0.00029123721517987367,0.00029123721517987367
S3_no_missing_R3_records,INO80D,False,computed,379,12,367,0.7025431425976385,0.5240690281562216,0.523841961852861,0.5247502270663034,0.2025431425976385,0.8333333333333334,-0.3521878784354494,0.6212534059945504,-0.08140333194874379,0.024069028156221584,0.4166666666666667,0.13625448332105144,0.4305177111716621,0.1233819774699657,finite published score set; not an assay-population estimate,0.00032393969908772746,0.00032393969908772746,0.0005183035185404306,0.0005183035185404306
S3_no_missing_R3_records,INO80E,False,computed,379,12,367,0.702316076294278,0.5224795640326976,0.522252497729337,0.5231607629427792,0.20231607629427795,0.8333333333333334,-0.3521878784354494,0.6212534059945504,-0.08140333194874379,0.022479564032697574,0.4166666666666667,0.13625448332105144,0.4332425068119891,0.1228128684412434,finite published score set; not an assay-population estimate,9.687339572717057e-05,9.687339572717057e-05,-0.0010711606049835787,0.0010711606049835787
S3_no_missing_R3_records,ISG15,False,computed,379,12,367,0.7027702089009991,0.523841961852861,0.5236148955495005,0.5245231607629428,0.20277020890099906,0.8333333333333334,-0.3521878784354494,0.6212534059945504,-0.08140333194874379,0.023841961852861027,0.4166666666666667,0.13625448332105144,0.4305177111716621,0.1233819774699657,finite published score set; not an assay-population estimate,0.0005510060024482843,0.0005510060024482843,0.00029123721517987367,0.00029123721517987367
S3_no_missing_R3_records,JMY,False,computed,379,12,367,0.7020890099909174,0.5240690281562216,0.523841961852861,0.5247502270663034,0.2020890099909174,0.8333333333333334,-0.3521878784354494,0.6212534059945504,-0.08196004822673524,0.024069028156221584,0.4166666666666667,0.13625448332105144,0.4305177111716621,0.1233819774699657,finite published score set; not an assay-population estimate,-0.0001301929076333863,0.0001301929076333863,0.0005183035185404306,0.0005183035185404306
S3_no_missing_R3_records,KAT5,False,computed,379,12,367,0.7014078110808356,0.5231607629427792,0.5229336966394187,0.523841961852861,0.2014078110808356,0.8333333333333334,-0.3521878784354494,0.6239782016348774,-0.08196004822673524,0.023160762942779245,0.4166666666666667,0.13625448332105144,0.4332425068119891,0.1228128684412434,finite published score set; not an assay-population estimate,-0.000811391817715168,0.000811391817715168,-0.000389961694901908,0.000389961694901908
S3_no_missing_R3_records,KDM1A,False,computed,379,12,367,0.7032243415077203,0.5240690281562216,0.523841961852861,0.5247502270663034,0.20322434150772029,0.8333333333333334,-0.3521878784354494,0.6212534059945504,-0.08140333194874379,0.024069028156221584,0.4166666666666667,0.13625448332105144,0.4305177111716621,0.1233819774699657,finite published score set; not an assay-population estimate,0.0010051386091695091,0.0010051386091695091,0.0005183035185404306,0.0005183035185404306
S3_no_missing_R3_records,KDM2A,False,computed,379,12,367,0.7020890099909174,0.523841961852861,0.5236148955495005,0.5245231607629428,0.2020890099909174,0.8333333333333334,-0.3521878784354494,0.6212534059945504,-0.08196004822673524,0.023841961852861027,0.4166666666666667,0.13625448332105144,0.4332425068119891,0.1233819774699657,finite published score set; not an assay-population estimate,-0.0001301929076333863,0.0001301929076333863,0.00029123721517987367,0.00029123721517987367
S3_no_missing_R3_records,KDM4D,False,computed,379,12,367,0.702316076294278,0.5240690281562216,0.523841961852861,0.5247502270663034,0.20231607629427795,0.8333333333333334,-0.3521878784354494,0.6212534059945504,-0.08140333194874379,0.024069028156221584,0.4166666666666667,0.13625448332105144,0.4305177111716621,0.1233819774699657,finite published score set; not an assay-population estimate,9.687339572717057e-05,9.687339572717057e-05,0.0005183035185404306,0.0005183035185404306
S3_no_missing_R3_records,KIAA0101,False,computed,379,12,367,0.7020890099909174,0.5227066303360581,0.5224795640326976,0.5233878292461399,0.2020890099909174,0.8333333333333334,-0.3521878784354494,0.6212534059945504,-0.08196004822673524,0.02270663033605813,0.4166666666666667,0.13625448332105144,0.4332425068119891,0.1228128684412434,finite published score set; not an assay-population estimate,-0.0001301929076333863,0.0001301929076333863,-0.0008440943016230218,0.0008440943016230218
S3_no_missing_R3_records,KIAA0430,False,computed,379,12,367,0.7014078110808356,0.5231607629427792,0.5229336966394187,0.523841961852861,0.2014078110808356,0.8333333333333334,-0.3521878784354494,0.6239782016348774,-0.08196004822673524,0.023160762942779245,0.4166666666666667,0.13625448332105144,0.4332425068119891,0.1228128684412434,finite published score set; not an assay-population estimate,-0.000811391817715168,0.000811391817715168,-0.000389961694901908,0.000389961694901908
S3_no_missing_R3_records,KIN,False,computed,379,12,367,0.7032243415077203,0.5231607629427792,0.5229336966394187,0.523841961852861,0.20322434150772029,0.8333333333333334,-0.3521878784354494,0.6212534059945504,-0.08140333194874379,0.023160762942779245,0.4166666666666667,0.13625448332105144,0.4332425068119891,0.1228128684412434,finite published score set; not an assay-population estimate,0.0010051386091695091,0.0010051386091695091,-0.000389961694901908,0.000389961694901908
S3_no_missing_R3_records,KLHL15,False,computed,379,12,367,0.7027702089009991,0.5231607629427792,0.5229336966394187,0.523841961852861,0.20277020890099906,0.8333333333333334,-0.3521878784354494,0.6212534059945504,-0.08140333194874379,0.023160762942779245,0.4166666666666667,0.13625448332105144,0.4332425068119891,0.1228128684412434,finite published score set; not an assay-population estimate,0.0005510060024482843,0.0005510060024482843,-0.000389961694901908,0.000389961694901908
S3_no_missing_R3_records,LIG3,False,computed,379,12,367,0.7032243415077203,0.5249772933696639,0.5247502270663034,0.5256584922797457,0.20322434150772029,0.8333333333333334,-0.3521878784354494,0.6212534059945504,-0.08140333194874379,0.024977293369663922,0.4166666666666667,0.13625448332105144,0.4305177111716621,0.1233819774699657,finite published score set; not an assay-population estimate,0.0010051386091695091,0.0010051386091695091,0.0014265687319827691,0.0014265687319827691
S3_no_missing_R3_records,MAD2L2,False,computed,379,12,367,0.7020890099909174,0.522252497729337,0.5220254314259763,0.5229336966394187,0.2020890099909174,0.8333333333333334,-0.3521878784354494,0.6212534059945504,-0.08196004822673524,0.022252497729337017,0.4166666666666667,0.13625448332105144,0.4332425068119891,0.1228128684412434,finite published score set; not an assay-population estimate,-0.0001301929076333863,0.0001301929076333863,-0.0012982269083441356,0.0012982269083441356
S3_no_missing_R3_records,MAGEF1,False,computed,379,12,367,0.7014078110808356,0.5240690281562216,0.523841961852861,0.5247502270663034,0.2014078110808356,0.8333333333333334,-0.3521878784354494,0.6239782016348774,-0.08196004822673524,0.024069028156221584,0.4166666666666667,0.13625448332105144,0.4305177111716621,0.1233819774699657,finite published score set; not an assay-population estimate,-0.000811391817715168,0.000811391817715168,0.0005183035185404306,0.0005183035185404306
S3_no_missing_R3_records,MB21D1,False,computed,379,12,367,0.7014078110808356,0.523841961852861,0.5236148955495005,0.5245231607629428,0.2014078110808356,0.8333333333333334,-0.3521878784354494,0.6239782016348774,-0.08196004822673524,0.023841961852861027,0.4166666666666667,0.13625448332105144,0.4305177111716621,0.1233819774699657,finite published score set; not an assay-population estimate,-0.000811391817715168,0.000811391817715168,0.00029123721517987367,0.00029123721517987367
S3_no_missing_R3_records,MBD4,False,computed,379,12,367,0.7025431425976385,0.5233878292461399,0.5231607629427792,0.5240690281562216,0.2025431425976385,0.8333333333333334,-0.3521878784354494,0.6212534059945504,-0.08140333194874379,0.023387829246139913,0.4166666666666667,0.13625448332105144,0.4332425068119891,0.1228128684412434,finite published score set; not an assay-population estimate,0.00032393969908772746,0.00032393969908772746,-0.0001628953915412401,0.0001628953915412401
S3_no_missing_R3_records,MBTD1,False,computed,379,12,367,0.7025431425976385,0.5240690281562216,0.523841961852861,0.5247502270663034,0.2025431425976385,0.8333333333333334,-0.3521878784354494,0.6212534059945504,-0.08140333194874379,0.024069028156221584,0.4166666666666667,0.13625448332105144,0.4305177111716621,0.1233819774699657,finite published score set; not an assay-population estimate,0.00032393969908772746,0.00032393969908772746,0.0005183035185404306,0.0005183035185404306
S3_no_missing_R3_records,MC1R,False,computed,379,12,367,0.7025431425976385,0.5240690281562216,0.523841961852861,0.5247502270663034,0.2025431425976385,0.8333333333333334,-0.3521878784354494,0.6212534059945504,-0.08140333194874379,0.024069028156221584,0.4166666666666667,0.13625448332105144,0.4305177111716621,0.1233819774699657,finite published score set; not an assay-population estimate,0.00032393969908772746,0.00032393969908772746,0.0005183035185404306,0.0005183035185404306
S3_no_missing_R3_records,MCM4,True,computed,379,11,368,0.7371541501976284,0.5261857707509882,0.5259387351778656,0.5266798418972332,0.23715415019762842,0.9090909090909091,-0.414602888592106,0.6222826086956522,-0.08168169008773951,0.026185770750988158,0.45454545454545453,0.1417154921489807,0.4320652173913043,0.12309742295560455,finite published score set; not an assay-population estimate,0.034934947299077646,0.034934947299077646,0.0026350461133070047,0.0026350461133070047
S3_no_missing_R3_records,MCM7,False,computed,379,12,367,0.7032243415077203,0.522252497729337,0.5220254314259763,0.5229336966394187,0.20322434150772029,0.8333333333333334,-0.3521878784354494,0.6212534059945504,-0.08140333194874379,0.022252497729337017,0.4166666666666667,0.13625448332105144,0.4332425068119891,0.1228128684412434,finite published score set; not an assay-population estimate,0.0010051386091695091,0.0010051386091695091,-0.0012982269083441356,0.0012982269083441356
S3_no_missing_R3_records,MCM8,False,computed,379,12,367,0.7014078110808356,0.5245231607629428,0.5242960944595823,0.5252043596730245,0.2014078110808356,0.8333333333333334,-0.3521878784354494,0.6239782016348774,-0.08196004822673524,0.02452316076294281,0.4166666666666667,0.13625448332105144,0.4305177111716621,0.1233819774699657,finite published score set; not an assay-population estimate,-0.000811391817715168,0.000811391817715168,0.0009724361252616553,0.0009724361252616553
S3_no_missing_R3_records,MCM9,False,computed,379,12,367,0.7027702089009991,0.523841961852861,0.5236148955495005,0.5245231607629428,0.20277020890099906,0.8333333333333334,-0.3521878784354494,0.6212534059945504,-0.08140333194874379,0.023841961852861027,0.4166666666666667,0.13625448332105144,0.4305177111716621,0.1233819774699657,finite published score set; not an assay-population estimate,0.0005510060024482843,0.0005510060024482843,0.00029123721517987367,0.00029123721517987367
S3_no_missing_R3_records,MCMDC2,False,computed,379,12,367,0.7014078110808356,0.5242960944595823,0.5240690281562216,0.5249772933696639,0.2014078110808356,0.8333333333333334,-0.3521878784354494,0.6239782016348774,-0.08196004822673524,0.02429609445958225,0.4166666666666667,0.13625448332105144,0.4305177111716621,0.1233819774699657,finite published score set; not an assay-population estimate,-0.000811391817715168,0.000811391817715168,0.0007453698219010985,0.0007453698219010985
S3_no_missing_R3_records,MCRS1,False,computed,379,12,367,0.702316076294278,0.5233878292461399,0.5231607629427792,0.5240690281562216,0.20231607629427795,0.8333333333333334,-0.3521878784354494,0.6212534059945504,-0.08140333194874379,0.023387829246139913,0.4166666666666667,0.13625448332105144,0.4332425068119891,0.1228128684412434,finite published score set; not an assay-population estimate,9.687339572717057e-05,9.687339572717057e-05,-0.0001628953915412401,0.0001628953915412401
S3_no_missing_R3_records,MDC1,False,computed,379,12,367,0.7041326067211626,0.5249772933696639,0.5247502270663034,0.5256584922797457,0.20413260672116262,0.8333333333333334,-0.3521878784354494,0.6212534059945504,-0.08140333194874379,0.024977293369663922,0.4166666666666667,0.13625448332105144,0.4305177111716621,0.1233819774699657,finite published score set; not an assay-population estimate,0.0019134038226118477,0.0019134038226118477,0.0014265687319827691,0.0014265687319827691
S3_no_missing_R3_records,MEAF6,False,computed,379,12,367,0.7027702089009991,0.5247502270663034,0.5245231607629428,0.5254314259763851,0.20277020890099906,0.8333333333333334,-0.3521878784354494,0.6212534059945504,-0.08140333194874379,0.024750227066303365,0.4166666666666667,0.13625448332105144,0.4305177111716621,0.1233819774699657,finite published score set; not an assay-population estimate,0.0005510060024482843,0.0005510060024482843,0.0011995024286222122,0.0011995024286222122
S3_no_missing_R3_records,MEIOB,False,computed,379,12,367,0.7020890099909174,0.523841961852861,0.5236148955495005,0.5245231607629428,0.2020890099909174,0.8333333333333334,-0.3521878784354494,0.6212534059945504,-0.08196004822673524,0.023841961852861027,0.4166666666666667,0.13625448332105144,0.4332425068119891,0.1233819774699657,finite published score set; not an assay-population estimate,-0.0001301929076333863,0.0001301929076333863,0.00029123721517987367,0.00029123721517987367
S3_no_missing_R3_records,MEN1,False,computed,379,12,367,0.703905540417802,0.5231607629427792,0.5229336966394187,0.523841961852861,0.20390554041780196,0.8333333333333334,-0.3521878784354494,0.6212534059945504,-0.08140333194874379,0.023160762942779245,0.4166666666666667,0.13625448332105144,0.4332425068119891,0.1228128684412434,finite published score set; not an assay-population estimate,0.0016863375192511798,0.0016863375192511798,-0.000389961694901908,0.000389961694901908
S3_no_missing_R3_records,MGME1,False,computed,379,12,367,0.702316076294278,0.5231607629427792,0.5229336966394187,0.523841961852861,0.20231607629427795,0.8333333333333334,-0.3521878784354494,0.6212534059945504,-0.08140333194874379,0.023160762942779245,0.4166666666666667,0.13625448332105144,0.4332425068119891,0.1228128684412434,finite published score set; not an assay-population estimate,9.687339572717057e-05,9.687339572717057e-05,-0.000389961694901908,0.000389961694901908
S3_no_missing_R3_records,MGMT,False,computed,379,12,367,0.7025431425976385,0.5227066303360581,0.5224795640326976,0.5233878292461399,0.2025431425976385,0.8333333333333334,-0.3521878784354494,0.6212534059945504,-0.08140333194874379,0.02270663033605813,0.4166666666666667,0.13625448332105144,0.4332425068119891,0.1228128684412434,finite published score set; not an assay-population estimate,0.00032393969908772746,0.00032393969908772746,-0.0008440943016230218,0.0008440943016230218
S3_no_missing_R3_records,MLH1,False,computed,379,12,367,0.7027702089009991,0.5240690281562216,0.523841961852861,0.5247502270663034,0.20277020890099906,0.8333333333333334,-0.3521878784354494,0.6212534059945504,-0.08140333194874379,0.024069028156221584,0.4166666666666667,0.13625448332105144,0.4305177111716621,0.1233819774699657,finite published score set; not an assay-population estimate,0.0005510060024482843,0.0005510060024482843,0.0005183035185404306,0.0005183035185404306
S3_no_missing_R3_records,MLH3,False,computed,379,12,367,0.7014078110808356,0.5227066303360581,0.5224795640326976,0.5233878292461399,0.2014078110808356,0.8333333333333334,-0.3521878784354494,0.6239782016348774,-0.08196004822673524,0.02270663033605813,0.4166666666666667,0.13625448332105144,0.4332425068119891,0.1228128684412434,finite published score set; not an assay-population estimate,-0.000811391817715168,0.000811391817715168,-0.0008440943016230218,0.0008440943016230218
S3_no_missing_R3_records,MORF4L1,False,computed,379,12,367,0.7027702089009991,0.5240690281562216,0.523841961852861,0.5247502270663034,0.20277020890099906,0.8333333333333334,-0.3521878784354494,0.6212534059945504,-0.08140333194874379,0.024069028156221584,0.4166666666666667,0.13625448332105144,0.4305177111716621,0.1233819774699657,finite published score set; not an assay-population estimate,0.0005510060024482843,0.0005510060024482843,0.0005183035185404306,0.0005183035185404306
S3_no_missing_R3_records,MORF4L2,False,computed,379,12,367,0.7018619436875567,0.5227066303360581,0.5224795640326976,0.5231607629427792,0.20186194368755672,0.8333333333333334,-0.3521878784354494,0.6239782016348774,-0.08196004822673524,0.02270663033605813,0.4166666666666667,0.13625448332105144,0.4332425068119891,0.1228128684412434,finite published score set; not an assay-population estimate,-0.0003572592109940542,0.0003572592109940542,-0.0008440943016230218,0.0008440943016230218
S3_no_missing_R3_records,MPG,False,computed,379,12,367,0.7014078110808356,0.5240690281562216,0.523841961852861,0.5247502270663034,0.2014078110808356,0.8333333333333334,-0.3521878784354494,0.6239782016348774,-0.08196004822673524,0.024069028156221584,0.4166666666666667,0.13625448332105144,0.4305177111716621,0.1233819774699657,finite published score set; not an assay-population estimate,-0.000811391817715168,0.000811391817715168,0.0005183035185404306,0.0005183035185404306
S3_no_missing_R3_records,MRGBP,False,computed,379,12,367,0.7032243415077203,0.522252497729337,0.5220254314259763,0.5229336966394187,0.20322434150772029,0.8333333333333334,-0.3521878784354494,0.6212534059945504,-0.08140333194874379,0.022252497729337017,0.4166666666666667,0.13625448332105144,0.4332425068119891,0.1228128684412434,finite published score set; not an assay-population estimate,0.0010051386091695091,0.0010051386091695091,-0.0012982269083441356,0.0012982269083441356
S3_no_missing_R3_records,MSH2,False,computed,379,12,367,0.7020890099909174,0.5224795640326976,0.522252497729337,0.5231607629427792,0.2020890099909174,0.8333333333333334,-0.3521878784354494,0.6212534059945504,-0.08196004822673524,0.022479564032697574,0.4166666666666667,0.13625448332105144,0.4332425068119891,0.1228128684412434,finite published score set; not an assay-population estimate,-0.0001301929076333863,0.0001301929076333863,-0.0010711606049835787,0.0010711606049835787
S3_no_missing_R3_records,MSH3,False,computed,379,12,367,0.7014078110808356,0.5231607629427792,0.5229336966394187,0.523841961852861,0.2014078110808356,0.8333333333333334,-0.3521878784354494,0.6239782016348774,-0.08196004822673524,0.023160762942779245,0.4166666666666667,0.13625448332105144,0.4332425068119891,0.1228128684412434,finite published score set; not an assay-population estimate,-0.000811391817715168,0.000811391817715168,-0.000389961694901908,0.000389961694901908
S3_no_missing_R3_records,MSH4,False,computed,379,12,367,0.7025431425976385,0.5247502270663034,0.5245231607629428,0.5254314259763851,0.2025431425976385,0.8333333333333334,-0.3521878784354494,0.6212534059945504,-0.08140333194874379,0.024750227066303365,0.4166666666666667,0.13625448332105144,0.4305177111716621,0.1233819774699657,finite published score set; not an assay-population estimate,0.00032393969908772746,0.00032393969908772746,0.0011995024286222122,0.0011995024286222122
S3_no_missing_R3_records,MSH5,False,computed,379,12,367,0.7020890099909174,0.523841961852861,0.5236148955495005,0.5245231607629428,0.2020890099909174,0.8333333333333334,-0.3521878784354494,0.6212534059945504,-0.08196004822673524,0.023841961852861027,0.4166666666666667,0.13625448332105144,0.4332425068119891,0.1233819774699657,finite published score set; not an assay-population estimate,-0.0001301929076333863,0.0001301929076333863,0.00029123721517987367,0.00029123721517987367
S3_no_missing_R3_records,MSH6,False,computed,379,12,367,0.7018619436875567,0.5245231607629428,0.5242960944595823,0.5252043596730245,0.20186194368755672,0.8333333333333334,-0.3521878784354494,0.6212534059945504,-0.08196004822673524,0.02452316076294281,0.4166666666666667,0.13625448332105144,0.4305177111716621,0.1233819774699657,finite published score set; not an assay-population estimate,-0.0003572592109940542,0.0003572592109940542,0.0009724361252616553,0.0009724361252616553
S3_no_missing_R3_records,MUM1,False,computed,379,12,367,0.7016348773841962,0.5227066303360581,0.5224795640326976,0.5233878292461399,0.20163487738419617,0.8333333333333334,-0.3521878784354494,0.6239782016348774,-0.08196004822673524,0.02270663033605813,0.4166666666666667,0.13625448332105144,0.4332425068119891,0.1228128684412434,finite published score set; not an assay-population estimate,-0.0005843255143546111,0.0005843255143546111,-0.0008440943016230218,0.0008440943016230218
S3_no_missing_R3_records,MUS81,False,computed,379,12,367,0.7027702089009991,0.523841961852861,0.5236148955495005,0.5245231607629428,0.20277020890099906,0.8333333333333334,-0.3521878784354494,0.6212534059945504,-0.08140333194874379,0.023841961852861027,0.4166666666666667,0.13625448332105144,0.4332425068119891,0.1233819774699657,finite published score set; not an assay-population estimate,0.0005510060024482843,0.0005510060024482843,0.00029123721517987367,0.00029123721517987367
S3_no_missing_R3_records,MUTYH,False,computed,379,12,367,0.7041326067211626,0.5240690281562216,0.523841961852861,0.5247502270663034,0.20413260672116262,0.8333333333333334,-0.3521878784354494,0.6212534059945504,-0.08140333194874379,0.024069028156221584,0.4166666666666667,0.13625448332105144,0.4305177111716621,0.1233819774699657,finite published score set; not an assay-population estimate,0.0019134038226118477,0.0019134038226118477,0.0005183035185404306,0.0005183035185404306
S3_no_missing_R3_records,NABP1,False,computed,379,12,367,0.702316076294278,0.5224795640326976,0.522252497729337,0.5231607629427792,0.20231607629427795,0.8333333333333334,-0.3521878784354494,0.6212534059945504,-0.08140333194874379,0.022479564032697574,0.4166666666666667,0.13625448332105144,0.4332425068119891,0.1228128684412434,finite published score set; not an assay-population estimate,9.687339572717057e-05,9.687339572717057e-05,-0.0010711606049835787,0.0010711606049835787
S3_no_missing_R3_records,NDNL2,False,computed,379,12,367,0.7025431425976385,0.522252497729337,0.5220254314259763,0.5229336966394187,0.2025431425976385,0.8333333333333334,-0.3521878784354494,0.6212534059945504,-0.08140333194874379,0.022252497729337017,0.4166666666666667,0.13625448332105144,0.4332425068119891,0.1228128684412434,finite published score set; not an assay-population estimate,0.00032393969908772746,0.00032393969908772746,-0.0012982269083441356,0.0012982269083441356
S3_no_missing_R3_records,NEIL1,False,computed,379,12,367,0.7020890099909174,0.5236148955495005,0.5233878292461399,0.5242960944595823,0.2020890099909174,0.8333333333333334,-0.3521878784354494,0.6212534059945504,-0.08196004822673524,0.02361489554950047,0.4166666666666667,0.13625448332105144,0.4332425068119891,0.1228128684412434,finite published score set; not an assay-population estimate,-0.0001301929076333863,0.0001301929076333863,6.417091181931678e-05,6.417091181931678e-05
S3_no_missing_R3_records,NEIL2,False,computed,379,12,367,0.7014078110808356,0.523841961852861,0.5236148955495005,0.5245231607629428,0.2014078110808356,0.8333333333333334,-0.3521878784354494,0.6239782016348774,-0.08196004822673524,0.023841961852861027,0.4166666666666667,0.13625448332105144,0.4332425068119891,0.1233819774699657,finite published score set; not an assay-population estimate,-0.000811391817715168,0.000811391817715168,0.00029123721517987367,0.00029123721517987367
S3_no_missing_R3_records,NEIL3,False,computed,379,12,367,0.7025431425976385,0.5227066303360581,0.5224795640326976,0.5233878292461399,0.2025431425976385,0.8333333333333334,-0.3521878784354494,0.6212534059945504,-0.08140333194874379,0.02270663033605813,0.4166666666666667,0.13625448332105144,0.4332425068119891,0.1228128684412434,finite published score set; not an assay-population estimate,0.00032393969908772746,0.00032393969908772746,-0.0008440943016230218,0.0008440943016230218
S3_no_missing_R3_records,NFRKB,False,computed,379,12,367,0.7032243415077203,0.5227066303360581,0.5224795640326976,0.5233878292461399,0.20322434150772029,0.8333333333333334,-0.3521878784354494,0.6212534059945504,-0.08140333194874379,0.02270663033605813,0.4166666666666667,0.13625448332105144,0.4332425068119891,0.1228128684412434,finite published score set; not an assay-population estimate,0.0010051386091695091,0.0010051386091695091,-0.0008440943016230218,0.0008440943016230218
S3_no_missing_R3_records,NHEJ1,False,computed,379,12,367,0.7032243415077203,0.5240690281562216,0.523841961852861,0.5247502270663034,0.20322434150772029,0.8333333333333334,-0.3521878784354494,0.6212534059945504,-0.08140333194874379,0.024069028156221584,0.4166666666666667,0.13625448332105144,0.4305177111716621,0.1233819774699657,finite published score set; not an assay-population estimate,0.0010051386091695091,0.0010051386091695091,0.0005183035185404306,0.0005183035185404306
S3_no_missing_R3_records,NIPBL,False,computed,379,12,367,0.7014078110808356,0.5247502270663034,0.5245231607629428,0.5254314259763851,0.2014078110808356,0.8333333333333334,-0.3521878784354494,0.6239782016348774,-0.08196004822673524,0.024750227066303365,0.4166666666666667,0.13625448332105144,0.4305177111716621,0.1233819774699657,finite published score set; not an assay-population estimate,-0.000811391817715168,0.000811391817715168,0.0011995024286222122,0.0011995024286222122
S3_no_missing_R3_records,NONO,False,computed,379,12,367,0.7032243415077203,0.5227066303360581,0.5224795640326976,0.5233878292461399,0.20322434150772029,0.8333333333333334,-0.3521878784354494,0.6212534059945504,-0.08140333194874379,0.02270663033605813,0.4166666666666667,0.13625448332105144,0.4332425068119891,0.1228128684412434,finite published score set; not an assay-population estimate,0.0010051386091695091,0.0010051386091695091,-0.0008440943016230218,0.0008440943016230218
S3_no_missing_R3_records,NPAS2,False,computed,379,12,367,0.7014078110808356,0.5224795640326976,0.522252497729337,0.5231607629427792,0.2014078110808356,0.8333333333333334,-0.3521878784354494,0.6239782016348774,-0.08196004822673524,0.022479564032697574,0.4166666666666667,0.13625448332105144,0.4332425068119891,0.1228128684412434,finite published score set; not an assay-population estimate,-0.000811391817715168,0.000811391817715168,-0.0010711606049835787,0.0010711606049835787
S3_no_missing_R3_records,NPM1,False,computed,379,12,367,0.702316076294278,0.5227066303360581,0.5224795640326976,0.5233878292461399,0.20231607629427795,0.8333333333333334,-0.3521878784354494,0.6212534059945504,-0.08140333194874379,0.02270663033605813,0.4166666666666667,0.13625448332105144,0.4332425068119891,0.1228128684412434,finite published score set; not an assay-population estimate,9.687339572717057e-05,9.687339572717057e-05,-0.0008440943016230218,0.0008440943016230218
S3_no_missing_R3_records,NSMCE2,False,computed,379,12,367,0.7025431425976385,0.5227066303360581,0.5224795640326976,0.5233878292461399,0.2025431425976385,0.8333333333333334,-0.3521878784354494,0.6212534059945504,-0.08140333194874379,0.02270663033605813,0.4166666666666667,0.13625448332105144,0.4332425068119891,0.1228128684412434,finite published score set; not an assay-population estimate,0.00032393969908772746,0.00032393969908772746,-0.0008440943016230218,0.0008440943016230218
S3_no_missing_R3_records,NSMCE4A,False,computed,379,12,367,0.7025431425976385,0.5224795640326976,0.522252497729337,0.5231607629427792,0.2025431425976385,0.8333333333333334,-0.3521878784354494,0.6212534059945504,-0.08140333194874379,0.022479564032697574,0.4166666666666667,0.13625448332105144,0.4332425068119891,0.1228128684412434,finite published score set; not an assay-population estimate,0.00032393969908772746,0.00032393969908772746,-0.0010711606049835787,0.0010711606049835787
S3_no_missing_R3_records,NTHL1,False,computed,379,12,367,0.7020890099909174,0.5240690281562216,0.523841961852861,0.5247502270663034,0.2020890099909174,0.8333333333333334,-0.3521878784354494,0.6212534059945504,-0.08196004822673524,0.024069028156221584,0.4166666666666667,0.13625448332105144,0.4305177111716621,0.1233819774699657,finite published score set; not an assay-population estimate,-0.0001301929076333863,0.0001301929076333863,0.0005183035185404306,0.0005183035185404306
S3_no_missing_R3_records,NUCKS1,False,computed,379,12,367,0.7020890099909174,0.5245231607629428,0.5242960944595823,0.5252043596730245,0.2020890099909174,0.8333333333333334,-0.3521878784354494,0.6212534059945504,-0.08140333194874379,0.02452316076294281,0.4166666666666667,0.13625448332105144,0.4305177111716621,0.1233819774699657,finite published score set; not an assay-population estimate,-0.0001301929076333863,0.0001301929076333863,0.0009724361252616553,0.0009724361252616553
S3_no_missing_R3_records,NUDT1,False,computed,379,12,367,0.7018619436875567,0.5231607629427792,0.5229336966394187,0.523841961852861,0.20186194368755672,0.8333333333333334,-0.3521878784354494,0.6239782016348774,-0.08196004822673524,0.023160762942779245,0.4166666666666667,0.13625448332105144,0.4332425068119891,0.1228128684412434,finite published score set; not an assay-population estimate,-0.0003572592109940542,0.0003572592109940542,-0.000389961694901908,0.000389961694901908
S3_no_missing_R3_records,NUDT16,False,computed,379,12,367,0.7025431425976385,0.5240690281562216,0.523841961852861,0.5247502270663034,0.2025431425976385,0.8333333333333334,-0.3521878784354494,0.6212534059945504,-0.08140333194874379,0.024069028156221584,0.4166666666666667,0.13625448332105144,0.4305177111716621,0.1233819774699657,finite published score set; not an assay-population estimate,0.00032393969908772746,0.00032393969908772746,0.0005183035185404306,0.0005183035185404306
S3_no_missing_R3_records,NUDT16L1,False,computed,379,12,367,0.7014078110808356,0.5231607629427792,0.5229336966394187,0.523841961852861,0.2014078110808356,0.8333333333333334,-0.3521878784354494,0.6239782016348774,-0.08196004822673524,0.023160762942779245,0.4166666666666667,0.13625448332105144,0.4332425068119891,0.1228128684412434,finite published score set; not an assay-population estimate,-0.000811391817715168,0.000811391817715168,-0.000389961694901908,0.000389961694901908
S3_no_missing_R3_records,OBFC1,False,computed,379,12,367,0.7014078110808356,0.5231607629427792,0.5229336966394187,0.523841961852861,0.2014078110808356,0.8333333333333334,-0.3521878784354494,0.6239782016348774,-0.08196004822673524,0.023160762942779245,0.4166666666666667,0.13625448332105144,0.4332425068119891,0.1228128684412434,finite published score set; not an assay-population estimate,-0.000811391817715168,0.000811391817715168,-0.000389961694901908,0.000389961694901908
S3_no_missing_R3_records,OGG1,False,computed,379,12,367,0.7020890099909174,0.5242960944595823,0.5240690281562216,0.5249772933696639,0.2020890099909174,0.8333333333333334,-0.3521878784354494,0.6212534059945504,-0.08196004822673524,0.02429609445958225,0.4166666666666667,0.13625448332105144,0.4305177111716621,0.1233819774699657,finite published score set; not an assay-population estimate,-0.0001301929076333863,0.0001301929076333863,0.0007453698219010985,0.0007453698219010985
S3_no_missing_R3_records,OTUB1,False,computed,379,12,367,0.703905540417802,0.5247502270663034,0.5245231607629428,0.5254314259763851,0.20390554041780196,0.8333333333333334,-0.3521878784354494,0.6212534059945504,-0.08140333194874379,0.024750227066303365,0.4166666666666667,0.13625448332105144,0.4305177111716621,0.1233819774699657,finite published score set; not an assay-population estimate,0.0016863375192511798,0.0016863375192511798,0.0011995024286222122,0.0011995024286222122
S3_no_missing_R3_records,PAGR1,False,computed,379,12,367,0.7014078110808356,0.5227066303360581,0.5224795640326976,0.5233878292461399,0.2014078110808356,0.8333333333333334,-0.3521878784354494,0.6239782016348774,-0.08196004822673524,0.02270663033605813,0.4166666666666667,0.13625448332105144,0.4332425068119891,0.1228128684412434,finite published score set; not an assay-population estimate,-0.000811391817715168,0.000811391817715168,-0.0008440943016230218,0.0008440943016230218
S3_no_missing_R3_records,PAPD7,False,computed,379,12,367,0.7014078110808356,0.5227066303360581,0.5224795640326976,0.5233878292461399,0.2014078110808356,0.8333333333333334,-0.3521878784354494,0.6239782016348774,-0.08196004822673524,0.02270663033605813,0.4166666666666667,0.13625448332105144,0.4332425068119891,0.1228128684412434,finite published score set; not an assay-population estimate,-0.000811391817715168,0.000811391817715168,-0.0008440943016230218,0.0008440943016230218
S3_no_missing_R3_records,PARG,False,computed,379,12,367,0.7018619436875567,0.5242960944595823,0.5240690281562216,0.5249772933696639,0.20186194368755672,0.8333333333333334,-0.3521878784354494,0.6212534059945504,-0.08196004822673524,0.02429609445958225,0.4166666666666667,0.13625448332105144,0.4305177111716621,0.1233819774699657,finite published score set; not an assay-population estimate,-0.0003572592109940542,0.0003572592109940542,0.0007453698219010985,0.0007453698219010985
S3_no_missing_R3_records,PARP1,False,computed,379,12,367,0.7041326067211626,0.5247502270663034,0.5245231607629428,0.5254314259763851,0.20413260672116262,0.8333333333333334,-0.3521878784354494,0.6212534059945504,-0.08140333194874379,0.024750227066303365,0.4166666666666667,0.13625448332105144,0.4305177111716621,0.1233819774699657,finite published score set; not an assay-population estimate,0.0019134038226118477,0.0019134038226118477,0.0011995024286222122,0.0011995024286222122
S3_no_missing_R3_records,PARP10,False,computed,379,12,367,0.7014078110808356,0.5224795640326976,0.522252497729337,0.5231607629427792,0.2014078110808356,0.8333333333333334,-0.3521878784354494,0.6239782016348774,-0.08196004822673524,0.022479564032697574,0.4166666666666667,0.13625448332105144,0.4332425068119891,0.1228128684412434,finite published score set; not an assay-population estimate,-0.000811391817715168,0.000811391817715168,-0.0010711606049835787,0.0010711606049835787
S3_no_missing_R3_records,PARP2,False,computed,379,12,367,0.7027702089009991,0.5227066303360581,0.5224795640326976,0.5233878292461399,0.20277020890099906,0.8333333333333334,-0.3521878784354494,0.6212534059945504,-0.08140333194874379,0.02270663033605813,0.4166666666666667,0.13625448332105144,0.4332425068119891,0.1228128684412434,finite published score set; not an assay-population estimate,0.0005510060024482843,0.0005510060024482843,-0.0008440943016230218,0.0008440943016230218
S3_no_missing_R3_records,PARP4,False,computed,379,12,367,0.7020890099909174,0.5231607629427792,0.5229336966394187,0.523841961852861,0.2020890099909174,0.8333333333333334,-0.3521878784354494,0.6212534059945504,-0.08196004822673524,0.023160762942779245,0.4166666666666667,0.13625448332105144,0.4332425068119891,0.1228128684412434,finite published score set; not an assay-population estimate,-0.0001301929076333863,0.0001301929076333863,-0.000389961694901908,0.000389961694901908
S3_no_missing_R3_records,PARP9,False,computed,379,12,367,0.702316076294278,0.5240690281562216,0.523841961852861,0.5247502270663034,0.20231607629427795,0.8333333333333334,-0.3521878784354494,0.6212534059945504,-0.08140333194874379,0.024069028156221584,0.4166666666666667,0.13625448332105144,0.4305177111716621,0.1233819774699657,finite published score set; not an assay-population estimate,9.687339572717057e-05,9.687339572717057e-05,0.0005183035185404306,0.0005183035185404306
S3_no_missing_R3_records,PARPBP,False,computed,379,12,367,0.7014078110808356,0.523841961852861,0.5236148955495005,0.5245231607629428,0.2014078110808356,0.8333333333333334,-0.3521878784354494,0.6239782016348774,-0.08196004822673524,0.023841961852861027,0.4166666666666667,0.13625448332105144,0.4305177111716621,0.1233819774699657,finite published score set; not an assay-population estimate,-0.000811391817715168,0.000811391817715168,0.00029123721517987367,0.00029123721517987367
S3_no_missing_R3_records,PAXIP1,False,computed,379,12,367,0.7032243415077203,0.5227066303360581,0.5224795640326976,0.5233878292461399,0.20322434150772029,0.8333333333333334,-0.3521878784354494,0.6212534059945504,-0.08140333194874379,0.02270663033605813,0.4166666666666667,0.13625448332105144,0.4332425068119891,0.1228128684412434,finite published score set; not an assay-population estimate,0.0010051386091695091,0.0010051386091695091,-0.0008440943016230218,0.0008440943016230218
S3_no_missing_R3_records,PDS5A,False,computed,379,12,367,0.7014078110808356,0.5227066303360581,0.5224795640326976,0.5233878292461399,0.2014078110808356,0.8333333333333334,-0.3521878784354494,0.6239782016348774,-0.08196004822673524,0.02270663033605813,0.4166666666666667,0.13625448332105144,0.4332425068119891,0.1228128684412434,finite published score set; not an assay-population estimate,-0.000811391817715168,0.000811391817715168,-0.0008440943016230218,0.0008440943016230218
S3_no_missing_R3_records,PDS5B,False,computed,379,12,367,0.702316076294278,0.5231607629427792,0.5229336966394187,0.523841961852861,0.20231607629427795,0.8333333333333334,-0.3521878784354494,0.6212534059945504,-0.08140333194874379,0.023160762942779245,0.4166666666666667,0.13625448332105144,0.4332425068119891,0.1228128684412434,finite published score set; not an assay-population estimate,9.687339572717057e-05,9.687339572717057e-05,-0.000389961694901908,0.000389961694901908
S3_no_missing_R3_records,PIF1,False,computed,379,12,367,0.7014078110808356,0.523841961852861,0.523841961852861,0.5240690281562216,0.2014078110808356,0.8333333333333334,-0.3521878784354494,0.6239782016348774,-0.08196004822673524,0.023841961852861027,0.4166666666666667,0.13625448332105144,0.4332425068119891,0.1233819774699657,finite published score set; not an assay-population estimate,-0.000811391817715168,0.000811391817715168,0.00029123721517987367,0.00029123721517987367
S3_no_missing_R3_records,PML,False,computed,379,12,367,0.7014078110808356,0.5240690281562216,0.523841961852861,0.5247502270663034,0.2014078110808356,0.8333333333333334,-0.3521878784354494,0.6239782016348774,-0.08196004822673524,0.024069028156221584,0.4166666666666667,0.13625448332105144,0.4305177111716621,0.1233819774699657,finite published score set; not an assay-population estimate,-0.000811391817715168,0.000811391817715168,0.0005183035185404306,0.0005183035185404306
S3_no_missing_R3_records,PMS1,False,computed,379,12,367,0.7016348773841962,0.523841961852861,0.5236148955495005,0.5245231607629428,0.20163487738419617,0.8333333333333334,-0.3521878784354494,0.6239782016348774,-0.08196004822673524,0.023841961852861027,0.4166666666666667,0.13625448332105144,0.4332425068119891,0.1233819774699657,finite published score set; not an assay-population estimate,-0.0005843255143546111,0.0005843255143546111,0.00029123721517987367,0.00029123721517987367
S3_no_missing_R3_records,PMS2,False,computed,379,12,367,0.7014078110808356,0.5224795640326976,0.522252497729337,0.5231607629427792,0.2014078110808356,0.8333333333333334,-0.3521878784354494,0.6239782016348774,-0.08196004822673524,0.022479564032697574,0.4166666666666667,0.13625448332105144,0.4332425068119891,0.1228128684412434,finite published score set; not an assay-population estimate,-0.000811391817715168,0.000811391817715168,-0.0010711606049835787,0.0010711606049835787
S3_no_missing_R3_records,PNKP,False,computed,379,12,367,0.7027702089009991,0.5242960944595823,0.5240690281562216,0.5249772933696639,0.20277020890099906,0.8333333333333334,-0.3521878784354494,0.6212534059945504,-0.08140333194874379,0.02429609445958225,0.4166666666666667,0.13625448332105144,0.4305177111716621,0.1233819774699657,finite published score set; not an assay-population estimate,0.0005510060024482843,0.0005510060024482843,0.0007453698219010985,0.0007453698219010985
S3_no_missing_R3_records,POLB,False,computed,379,12,367,0.7016348773841962,0.5240690281562216,0.523841961852861,0.5247502270663034,0.20163487738419617,0.8333333333333334,-0.3521878784354494,0.6239782016348774,-0.08196004822673524,0.024069028156221584,0.4166666666666667,0.13625448332105144,0.4305177111716621,0.1233819774699657,finite published score set; not an assay-population estimate,-0.0005843255143546111,0.0005843255143546111,0.0005183035185404306,0.0005183035185404306
S3_no_missing_R3_records,POLD4,False,computed,379,12,367,0.7025431425976385,0.5240690281562216,0.523841961852861,0.5247502270663034,0.2025431425976385,0.8333333333333334,-0.3521878784354494,0.6212534059945504,-0.08140333194874379,0.024069028156221584,0.4166666666666667,0.13625448332105144,0.4305177111716621,0.1233819774699657,finite published score set; not an assay-population estimate,0.00032393969908772746,0.00032393969908772746,0.0005183035185404306,0.0005183035185404306
S3_no_missing_R3_records,POLG,False,computed,379,12,367,0.7032243415077203,0.5224795640326976,0.522252497729337,0.5231607629427792,0.20322434150772029,0.8333333333333334,-0.3521878784354494,0.6212534059945504,-0.08140333194874379,0.022479564032697574,0.4166666666666667,0.13625448332105144,0.4332425068119891,0.1228128684412434,finite published score set; not an assay-population estimate,0.0010051386091695091,0.0010051386091695091,-0.0010711606049835787,0.0010711606049835787
S3_no_missing_R3_records,POLG2,False,computed,379,12,367,0.7027702089009991,0.5227066303360581,0.5224795640326976,0.5233878292461399,0.20277020890099906,0.8333333333333334,-0.3521878784354494,0.6212534059945504,-0.08140333194874379,0.02270663033605813,0.4166666666666667,0.13625448332105144,0.4332425068119891,0.1228128684412434,finite published score set; not an assay-population estimate,0.0005510060024482843,0.0005510060024482843,-0.0008440943016230218,0.0008440943016230218
S3_no_missing_R3_records,POLH,False,computed,379,12,367,0.7016348773841962,0.5236148955495005,0.5233878292461399,0.5242960944595823,0.20163487738419617,0.8333333333333334,-0.3521878784354494,0.6239782016348774,-0.08196004822673524,0.02361489554950047,0.4166666666666667,0.13625448332105144,0.4332425068119891,0.1228128684412434,finite published score set; not an assay-population estimate,-0.0005843255143546111,0.0005843255143546111,6.417091181931678e-05,6.417091181931678e-05
S3_no_missing_R3_records,POLI,False,computed,379,12,367,0.7016348773841962,0.5242960944595823,0.5240690281562216,0.5249772933696639,0.20163487738419617,0.8333333333333334,-0.3521878784354494,0.6239782016348774,-0.08196004822673524,0.02429609445958225,0.4166666666666667,0.13625448332105144,0.4305177111716621,0.1233819774699657,finite published score set; not an assay-population estimate,-0.0005843255143546111,0.0005843255143546111,0.0007453698219010985,0.0007453698219010985
S3_no_missing_R3_records,POLK,False,computed,379,12,367,0.7018619436875567,0.5227066303360581,0.5224795640326976,0.5233878292461399,0.20186194368755672,0.8333333333333334,-0.3521878784354494,0.6239782016348774,-0.08196004822673524,0.02270663033605813,0.4166666666666667,0.13625448332105144,0.4332425068119891,0.1228128684412434,finite published score set; not an assay-population estimate,-0.0003572592109940542,0.0003572592109940542,-0.0008440943016230218,0.0008440943016230218
S3_no_missing_R3_records,POLL,False,computed,379,12,367,0.703905540417802,0.5240690281562216,0.523841961852861,0.5247502270663034,0.20390554041780196,0.8333333333333334,-0.3521878784354494,0.6212534059945504,-0.08140333194874379,0.024069028156221584,0.4166666666666667,0.13625448332105144,0.4305177111716621,0.1233819774699657,finite published score set; not an assay-population estimate,0.0016863375192511798,0.0016863375192511798,0.0005183035185404306,0.0005183035185404306
S3_no_missing_R3_records,POLQ,False,computed,379,12,367,0.7041326067211626,0.5249772933696639,0.5247502270663034,0.5256584922797457,0.20413260672116262,0.8333333333333334,-0.3521878784354494,0.6212534059945504,-0.08140333194874379,0.024977293369663922,0.4166666666666667,0.13625448332105144,0.4305177111716621,0.1233819774699657,finite published score set; not an assay-population estimate,0.0019134038226118477,0.0019134038226118477,0.0014265687319827691,0.0014265687319827691
S3_no_missing_R3_records,POLR2L,False,computed,379,12,367,0.7014078110808356,0.523841961852861,0.5236148955495005,0.5245231607629428,0.2014078110808356,0.8333333333333334,-0.3521878784354494,0.6239782016348774,-0.08196004822673524,0.023841961852861027,0.4166666666666667,0.13625448332105144,0.4332425068119891,0.1233819774699657,finite published score set; not an assay-population estimate,-0.000811391817715168,0.000811391817715168,0.00029123721517987367,0.00029123721517987367
S3_no_missing_R3_records,PPP4C,False,computed,379,12,367,0.7036784741144414,0.5227066303360581,0.5224795640326976,0.5233878292461399,0.2036784741144414,0.8333333333333334,-0.3521878784354494,0.6212534059945504,-0.08140333194874379,0.02270663033605813,0.4166666666666667,0.13625448332105144,0.4332425068119891,0.1228128684412434,finite published score set; not an assay-population estimate,0.001459271215890623,0.001459271215890623,-0.0008440943016230218,0.0008440943016230218
S3_no_missing_R3_records,PPP4R2,False,computed,379,12,367,0.7014078110808356,0.522252497729337,0.5220254314259763,0.5229336966394187,0.2014078110808356,0.8333333333333334,-0.3521878784354494,0.6239782016348774,-0.08196004822673524,0.022252497729337017,0.4166666666666667,0.13625448332105144,0.4332425068119891,0.1228128684412434,finite published score set; not an assay-population estimate,-0.000811391817715168,0.000811391817715168,-0.0012982269083441356,0.0012982269083441356
S3_no_missing_R3_records,PPP5C,False,computed,379,12,367,0.7016348773841962,0.5231607629427792,0.5229336966394187,0.523841961852861,0.20163487738419617,0.8333333333333334,-0.3521878784354494,0.6239782016348774,-0.08196004822673524,0.023160762942779245,0.4166666666666667,0.13625448332105144,0.4332425068119891,0.1228128684412434,finite published score set; not an assay-population estimate,-0.0005843255143546111,0.0005843255143546111,-0.000389961694901908,0.000389961694901908
S3_no_missing_R3_records,PRDM9,False,computed,379,12,367,0.7014078110808356,0.5231607629427792,0.5229336966394187,0.523841961852861,0.2014078110808356,0.8333333333333334,-0.3521878784354494,0.6239782016348774,-0.08196004822673524,0.023160762942779245,0.4166666666666667,0.13625448332105144,0.4332425068119891,0.1228128684412434,finite published score set; not an assay-population estimate,-0.000811391817715168,0.000811391817715168,-0.000389961694901908,0.000389961694901908
S3_no_missing_R3_records,PRIMPOL,False,computed,379,12,367,0.702316076294278,0.5231607629427792,0.5229336966394187,0.523841961852861,0.20231607629427795,0.8333333333333334,-0.3521878784354494,0.6212534059945504,-0.08140333194874379,0.023160762942779245,0.4166666666666667,0.13625448332105144,0.4332425068119891,0.1228128684412434,finite published score set; not an assay-population estimate,9.687339572717057e-05,9.687339572717057e-05,-0.000389961694901908,0.000389961694901908
S3_no_missing_R3_records,PRKCG,False,computed,379,12,367,0.7014078110808356,0.5231607629427792,0.5229336966394187,0.523841961852861,0.2014078110808356,0.8333333333333334,-0.3521878784354494,0.6239782016348774,-0.08196004822673524,0.023160762942779245,0.4166666666666667,0.13625448332105144,0.4332425068119891,0.1228128684412434,finite published score set; not an assay-population estimate,-0.000811391817715168,0.000811391817715168,-0.000389961694901908,0.000389961694901908
S3_no_missing_R3_records,PRMT6,False,computed,379,12,367,0.702316076294278,0.5227066303360581,0.5224795640326976,0.5233878292461399,0.20231607629427795,0.8333333333333334,-0.3521878784354494,0.6212534059945504,-0.08140333194874379,0.02270663033605813,0.4166666666666667,0.13625448332105144,0.4332425068119891,0.1228128684412434,finite published score set; not an assay-population estimate,9.687339572717057e-05,9.687339572717057e-05,-0.0008440943016230218,0.0008440943016230218
S3_no_missing_R3_records,PSME4,False,computed,379,12,367,0.7014078110808356,0.5224795640326976,0.522252497729337,0.5231607629427792,0.2014078110808356,0.8333333333333334,-0.3521878784354494,0.6239782016348774,-0.08196004822673524,0.022479564032697574,0.4166666666666667,0.13625448332105144,0.4332425068119891,0.1228128684412434,finite published score set; not an assay-population estimate,-0.000811391817715168,0.000811391817715168,-0.0010711606049835787,0.0010711606049835787
S3_no_missing_R3_records,RAB43,False,computed,379,12,367,0.7025431425976385,0.5224795640326976,0.522252497729337,0.5231607629427792,0.2025431425976385,0.8333333333333334,-0.3521878784354494,0.6212534059945504,-0.08140333194874379,0.022479564032697574,0.4166666666666667,0.13625448332105144,0.4332425068119891,0.1228128684412434,finite published score set; not an assay-population estimate,0.00032393969908772746,0.00032393969908772746,-0.0010711606049835787,0.0010711606049835787
S3_no_missing_R3_records,RAD1,False,computed,379,12,367,0.702316076294278,0.5247502270663034,0.5245231607629428,0.5254314259763851,0.20231607629427795,0.8333333333333334,-0.3521878784354494,0.6212534059945504,-0.08140333194874379,0.024750227066303365,0.4166666666666667,0.13625448332105144,0.4305177111716621,0.1233819774699657,finite published score set; not an assay-population estimate,9.687339572717057e-05,9.687339572717057e-05,0.0011995024286222122,0.0011995024286222122
S3_no_missing_R3_records,RAD18,False,computed,379,12,367,0.7014078110808356,0.5247502270663034,0.5245231607629428,0.5254314259763851,0.2014078110808356,0.8333333333333334,-0.3521878784354494,0.6239782016348774,-0.08196004822673524,0.024750227066303365,0.4166666666666667,0.13625448332105144,0.4305177111716621,0.1233819774699657,finite published score set; not an assay-population estimate,-0.000811391817715168,0.000811391817715168,0.0011995024286222122,0.0011995024286222122
S3_no_missing_R3_records,RAD21,False,computed,379,12,367,0.7020890099909174,0.523841961852861,0.5236148955495005,0.5245231607629428,0.2020890099909174,0.8333333333333334,-0.3521878784354494,0.6212534059945504,-0.08196004822673524,0.023841961852861027,0.4166666666666667,0.13625448332105144,0.4332425068119891,0.1233819774699657,finite published score set; not an assay-population estimate,-0.0001301929076333863,0.0001301929076333863,0.00029123721517987367,0.00029123721517987367
S3_no_missing_R3_records,RAD21L1,False,computed,379,12,367,0.7014078110808356,0.5227066303360581,0.5224795640326976,0.5233878292461399,0.2014078110808356,0.8333333333333334,-0.3521878784354494,0.6239782016348774,-0.08196004822673524,0.02270663033605813,0.4166666666666667,0.13625448332105144,0.4332425068119891,0.1228128684412434,finite published score set; not an assay-population estimate,-0.000811391817715168,0.000811391817715168,-0.0008440943016230218,0.0008440943016230218
S3_no_missing_R3_records,RAD23A,False,computed,379,12,367,0.7014078110808356,0.5227066303360581,0.5224795640326976,0.5233878292461399,0.2014078110808356,0.8333333333333334,-0.3521878784354494,0.6239782016348774,-0.08196004822673524,0.02270663033605813,0.4166666666666667,0.13625448332105144,0.4332425068119891,0.1228128684412434,finite published score set; not an assay-population estimate,-0.000811391817715168,0.000811391817715168,-0.0008440943016230218,0.0008440943016230218
S3_no_missing_R3_records,RAD23B,False,computed,379,12,367,0.7027702089009991,0.5231607629427792,0.5229336966394187,0.523841961852861,0.20277020890099906,0.8333333333333334,-0.3521878784354494,0.6212534059945504,-0.08140333194874379,0.023160762942779245,0.4166666666666667,0.13625448332105144,0.4332425068119891,0.1228128684412434,finite published score set; not an assay-population estimate,0.0005510060024482843,0.0005510060024482843,-0.000389961694901908,0.000389961694901908
S3_no_missing_R3_records,RAD50,False,computed,379,12,367,0.703905540417802,0.5247502270663034,0.5245231607629428,0.5254314259763851,0.20390554041780196,0.8333333333333334,-0.3521878784354494,0.6212534059945504,-0.08140333194874379,0.024750227066303365,0.4166666666666667,0.13625448332105144,0.4305177111716621,0.1233819774699657,finite published score set; not an assay-population estimate,0.0016863375192511798,0.0016863375192511798,0.0011995024286222122,0.0011995024286222122
S3_no_missing_R3_records,RAD51AP1,False,computed,379,12,367,0.7018619436875567,0.5231607629427792,0.5229336966394187,0.523841961852861,0.20186194368755672,0.8333333333333334,-0.3521878784354494,0.6212534059945504,-0.08196004822673524,0.023160762942779245,0.4166666666666667,0.13625448332105144,0.4332425068119891,0.1228128684412434,finite published score set; not an assay-population estimate,-0.0003572592109940542,0.0003572592109940542,-0.000389961694901908,0.000389961694901908
S3_no_missing_R3_records,RAD51B,False,computed,379,12,367,0.7041326067211626,0.5249772933696639,0.5247502270663034,0.5256584922797457,0.20413260672116262,0.8333333333333334,-0.3521878784354494,0.6212534059945504,-0.08140333194874379,0.024977293369663922,0.4166666666666667,0.13625448332105144,0.4305177111716621,0.1233819774699657,finite published score set; not an assay-population estimate,0.0019134038226118477,0.0019134038226118477,0.0014265687319827691,0.0014265687319827691
S3_no_missing_R3_records,RAD51D,False,computed,379,12,367,0.7036784741144414,0.5247502270663034,0.5245231607629428,0.5254314259763851,0.2036784741144414,0.8333333333333334,-0.3521878784354494,0.6212534059945504,-0.08140333194874379,0.024750227066303365,0.4166666666666667,0.13625448332105144,0.4305177111716621,0.1233819774699657,finite published score set; not an assay-population estimate,0.001459271215890623,0.001459271215890623,0.0011995024286222122,0.0011995024286222122
S3_no_missing_R3_records,RAD54B,False,computed,379,12,367,0.7014078110808356,0.523841961852861,0.5236148955495005,0.5245231607629428,0.2014078110808356,0.8333333333333334,-0.3521878784354494,0.6239782016348774,-0.08196004822673524,0.023841961852861027,0.4166666666666667,0.13625448332105144,0.4332425068119891,0.1228128684412434,finite published score set; not an assay-population estimate,-0.000811391817715168,0.000811391817715168,0.00029123721517987367,0.00029123721517987367
S3_no_missing_R3_records,RAD54L,False,computed,379,12,367,0.7025431425976385,0.5247502270663034,0.5245231607629428,0.5254314259763851,0.2025431425976385,0.8333333333333334,-0.3521878784354494,0.6212534059945504,-0.08140333194874379,0.024750227066303365,0.4166666666666667,0.13625448332105144,0.4305177111716621,0.1233819774699657,finite published score set; not an assay-population estimate,0.00032393969908772746,0.00032393969908772746,0.0011995024286222122,0.0011995024286222122
S3_no_missing_R3_records,RAD9B,False,computed,379,12,367,0.703905540417802,0.5240690281562216,0.523841961852861,0.5247502270663034,0.20390554041780196,0.8333333333333334,-0.3521878784354494,0.6212534059945504,-0.08140333194874379,0.024069028156221584,0.4166666666666667,0.13625448332105144,0.4305177111716621,0.1233819774699657,finite published score set; not an assay-population estimate,0.0016863375192511798,0.0016863375192511798,0.0005183035185404306,0.0005183035185404306
S3_no_missing_R3_records,RCHY1,False,computed,379,12,367,0.7027702089009991,0.5245231607629428,0.5242960944595823,0.5252043596730245,0.20277020890099906,0.8333333333333334,-0.3521878784354494,0.6212534059945504,-0.08140333194874379,0.02452316076294281,0.4166666666666667,0.13625448332105144,0.4305177111716621,0.1233819774699657,finite published score set; not an assay-population estimate,0.0005510060024482843,0.0005510060024482843,0.0009724361252616553,0.0009724361252616553
S3_no_missing_R3_records,REC8,False,computed,379,12,367,0.7018619436875567,0.5224795640326976,0.522252497729337,0.5231607629427792,0.20186194368755672,0.8333333333333334,-0.3521878784354494,0.6212534059945504,-0.08196004822673524,0.022479564032697574,0.4166666666666667,0.13625448332105144,0.4332425068119891,0.1228128684412434,finite published score set; not an assay-population estimate,-0.0003572592109940542,0.0003572592109940542,-0.0010711606049835787,0.0010711606049835787
S3_no_missing_R3_records,RECQL,False,computed,379,12,367,0.7014078110808356,0.5240690281562216,0.523841961852861,0.5247502270663034,0.2014078110808356,0.8333333333333334,-0.3521878784354494,0.6239782016348774,-0.08196004822673524,0.024069028156221584,0.4166666666666667,0.13625448332105144,0.4305177111716621,0.1233819774699657,finite published score set; not an assay-population estimate,-0.000811391817715168,0.000811391817715168,0.0005183035185404306,0.0005183035185404306
S3_no_missing_R3_records,RECQL5,False,computed,379,12,367,0.7014078110808356,0.5231607629427792,0.5229336966394187,0.523841961852861,0.2014078110808356,0.8333333333333334,-0.3521878784354494,0.6239782016348774,-0.08196004822673524,0.023160762942779245,0.4166666666666667,0.13625448332105144,0.4332425068119891,0.1228128684412434,finite published score set; not an assay-population estimate,-0.000811391817715168,0.000811391817715168,-0.000389961694901908,0.000389961694901908
S3_no_missing_R3_records,REV1,False,computed,379,12,367,0.7020890099909174,0.523841961852861,0.5236148955495005,0.5245231607629428,0.2020890099909174,0.8333333333333334,-0.3521878784354494,0.6212534059945504,-0.08196004822673524,0.023841961852861027,0.4166666666666667,0.13625448332105144,0.4332425068119891,0.1233819774699657,finite published score set; not an assay-population estimate,-0.0001301929076333863,0.0001301929076333863,0.00029123721517987367,0.00029123721517987367
S3_no_missing_R3_records,REV3L,False,computed,379,12,367,0.7032243415077203,0.5240690281562216,0.523841961852861,0.5247502270663034,0.20322434150772029,0.8333333333333334,-0.3521878784354494,0.6212534059945504,-0.08140333194874379,0.024069028156221584,0.4166666666666667,0.13625448332105144,0.4305177111716621,0.1233819774699657,finite published score set; not an assay-population estimate,0.0010051386091695091,0.0010051386091695091,0.0005183035185404306,0.0005183035185404306
S3_no_missing_R3_records,REXO4,False,computed,379,12,367,0.7025431425976385,0.5227066303360581,0.5224795640326976,0.5233878292461399,0.2025431425976385,0.8333333333333334,-0.3521878784354494,0.6212534059945504,-0.08140333194874379,0.02270663033605813,0.4166666666666667,0.13625448332105144,0.4332425068119891,0.1228128684412434,finite published score set; not an assay-population estimate,0.00032393969908772746,0.00032393969908772746,-0.0008440943016230218,0.0008440943016230218
S3_no_missing_R3_records,RFWD3,False,computed,379,12,367,0.702316076294278,0.5240690281562216,0.523841961852861,0.5247502270663034,0.20231607629427795,0.8333333333333334,-0.3521878784354494,0.6212534059945504,-0.08140333194874379,0.024069028156221584,0.4166666666666667,0.13625448332105144,0.4305177111716621,0.1233819774699657,finite published score set; not an assay-population estimate,9.687339572717057e-05,9.687339572717057e-05,0.0005183035185404306,0.0005183035185404306
S3_no_missing_R3_records,RHNO1,False,computed,379,12,367,0.7041326067211626,0.5247502270663034,0.5245231607629428,0.5254314259763851,0.20413260672116262,0.8333333333333334,-0.3521878784354494,0.6212534059945504,-0.08140333194874379,0.024750227066303365,0.4166666666666667,0.13625448332105144,0.4305177111716621,0.1233819774699657,finite published score set; not an assay-population estimate,0.0019134038226118477,0.0019134038226118477,0.0011995024286222122,0.0011995024286222122
S3_no_missing_R3_records,RIF1,False,computed,379,12,367,0.7014078110808356,0.5242960944595823,0.5240690281562216,0.5249772933696639,0.2014078110808356,0.8333333333333334,-0.3521878784354494,0.6239782016348774,-0.08196004822673524,0.02429609445958225,0.4166666666666667,0.13625448332105144,0.4305177111716621,0.1233819774699657,finite published score set; not an assay-population estimate,-0.000811391817715168,0.000811391817715168,0.0007453698219010985,0.0007453698219010985
S3_no_missing_R3_records,RMI1,False,computed,379,12,367,0.7014078110808356,0.5224795640326976,0.522252497729337,0.5231607629427792,0.2014078110808356,0.8333333333333334,-0.3521878784354494,0.6239782016348774,-0.08196004822673524,0.022479564032697574,0.4166666666666667,0.13625448332105144,0.4332425068119891,0.1228128684412434,finite published score set; not an assay-population estimate,-0.000811391817715168,0.000811391817715168,-0.0010711606049835787,0.0010711606049835787
S3_no_missing_R3_records,RMI2,False,computed,379,12,367,0.7014078110808356,0.5224795640326976,0.522252497729337,0.5231607629427792,0.2014078110808356,0.8333333333333334,-0.3521878784354494,0.6239782016348774,-0.08196004822673524,0.022479564032697574,0.4166666666666667,0.13625448332105144,0.4332425068119891,0.1228128684412434,finite published score set; not an assay-population estimate,-0.000811391817715168,0.000811391817715168,-0.0010711606049835787,0.0010711606049835787
S3_no_missing_R3_records,RNASEH2A,False,computed,379,12,367,0.7025431425976385,0.5227066303360581,0.5224795640326976,0.5233878292461399,0.2025431425976385,0.8333333333333334,-0.3521878784354494,0.6212534059945504,-0.08140333194874379,0.02270663033605813,0.4166666666666667,0.13625448332105144,0.4332425068119891,0.1228128684412434,finite published score set; not an assay-population estimate,0.00032393969908772746,0.00032393969908772746,-0.0008440943016230218,0.0008440943016230218
S3_no_missing_R3_records,RNF111,False,computed,379,12,367,0.7025431425976385,0.5231607629427792,0.5229336966394187,0.523841961852861,0.2025431425976385,0.8333333333333334,-0.3521878784354494,0.6212534059945504,-0.08140333194874379,0.023160762942779245,0.4166666666666667,0.13625448332105144,0.4332425068119891,0.1228128684412434,finite published score set; not an assay-population estimate,0.00032393969908772746,0.00032393969908772746,-0.000389961694901908,0.000389961694901908
S3_no_missing_R3_records,RNF138,False,computed,379,12,367,0.7014078110808356,0.5240690281562216,0.523841961852861,0.5247502270663034,0.2014078110808356,0.8333333333333334,-0.3521878784354494,0.6239782016348774,-0.08196004822673524,0.024069028156221584,0.4166666666666667,0.13625448332105144,0.4305177111716621,0.1233819774699657,finite published score set; not an assay-population estimate,-0.000811391817715168,0.000811391817715168,0.0005183035185404306,0.0005183035185404306
S3_no_missing_R3_records,RNF168,False,computed,379,12,367,0.7020890099909174,0.5247502270663034,0.5245231607629428,0.5254314259763851,0.2020890099909174,0.8333333333333334,-0.3521878784354494,0.6212534059945504,-0.08196004822673524,0.024750227066303365,0.4166666666666667,0.13625448332105144,0.4305177111716621,0.1233819774699657,finite published score set; not an assay-population estimate,-0.0001301929076333863,0.0001301929076333863,0.0011995024286222122,0.0011995024286222122
S3_no_missing_R3_records,RNF169,False,computed,379,12,367,0.7014078110808356,0.5224795640326976,0.522252497729337,0.5231607629427792,0.2014078110808356,0.8333333333333334,-0.3521878784354494,0.6239782016348774,-0.08196004822673524,0.022479564032697574,0.4166666666666667,0.13625448332105144,0.4332425068119891,0.1228128684412434,finite published score set; not an assay-population estimate,-0.000811391817715168,0.000811391817715168,-0.0010711606049835787,0.0010711606049835787
S3_no_missing_R3_records,RNF8,True,computed,379,11,368,0.6899703557312253,0.5019762845849802,0.5017292490118577,0.5027173913043478,0.18997035573122534,0.8181818181818182,-0.2897728682787928,0.6222826086956522,-0.08168169008773951,0.0019762845849802257,0.36363636363636365,0.1417154921489807,0.4320652173913043,0.12309742295560455,finite published score set; not an assay-population estimate,-0.012248847167325438,0.012248847167325438,-0.021574440052700927,0.021574440052700927
S3_no_missing_R3_records,RPA4,False,computed,379,12,367,0.7020890099909174,0.523841961852861,0.5236148955495005,0.5245231607629428,0.2020890099909174,0.8333333333333334,-0.3521878784354494,0.6212534059945504,-0.08196004822673524,0.023841961852861027,0.4166666666666667,0.13625448332105144,0.4332425068119891,0.1233819774699657,finite published score set; not an assay-population estimate,-0.0001301929076333863,0.0001301929076333863,0.00029123721517987367,0.00029123721517987367
S3_no_missing_R3_records,RRM2B,False,computed,379,12,367,0.702316076294278,0.523841961852861,0.5236148955495005,0.5245231607629428,0.20231607629427795,0.8333333333333334,-0.3521878784354494,0.6212534059945504,-0.08140333194874379,0.023841961852861027,0.4166666666666667,0.13625448332105144,0.4305177111716621,0.1233819774699657,finite published score set; not an assay-population estimate,9.687339572717057e-05,9.687339572717057e-05,0.00029123721517987367,0.00029123721517987367
S3_no_missing_R3_records,RTEL1,False,computed,379,12,367,0.7032243415077203,0.523841961852861,0.5236148955495005,0.5245231607629428,0.20322434150772029,0.8333333333333334,-0.3521878784354494,0.6212534059945504,-0.08140333194874379,0.023841961852861027,0.4166666666666667,0.13625448332105144,0.4332425068119891,0.1233819774699657,finite published score set; not an assay-population estimate,0.0010051386091695091,0.0010051386091695091,0.00029123721517987367,0.00029123721517987367
S3_no_missing_R3_records,SAMHD1,False,computed,379,12,367,0.7014078110808356,0.5231607629427792,0.5229336966394187,0.523841961852861,0.2014078110808356,0.8333333333333334,-0.3521878784354494,0.6239782016348774,-0.08196004822673524,0.023160762942779245,0.4166666666666667,0.13625448332105144,0.4332425068119891,0.1228128684412434,finite published score set; not an assay-population estimate,-0.000811391817715168,0.000811391817715168,-0.000389961694901908,0.000389961694901908
S3_no_missing_R3_records,SETD2,False,computed,379,12,367,0.7014078110808356,0.5224795640326976,0.522252497729337,0.5231607629427792,0.2014078110808356,0.8333333333333334,-0.3521878784354494,0.6239782016348774,-0.08196004822673524,0.022479564032697574,0.4166666666666667,0.13625448332105144,0.4332425068119891,0.1228128684412434,finite published score set; not an assay-population estimate,-0.000811391817715168,0.000811391817715168,-0.0010711606049835787,0.0010711606049835787
S3_no_missing_R3_records,SETMAR,False,computed,379,12,367,0.7020890099909174,0.5240690281562216,0.523841961852861,0.5247502270663034,0.2020890099909174,0.8333333333333334,-0.3521878784354494,0.6212534059945504,-0.08196004822673524,0.024069028156221584,0.4166666666666667,0.13625448332105144,0.4305177111716621,0.1233819774699657,finite published score set; not an assay-population estimate,-0.0001301929076333863,0.0001301929076333863,0.0005183035185404306,0.0005183035185404306
S3_no_missing_R3_records,SETX,False,computed,379,12,367,0.7025431425976385,0.5231607629427792,0.5229336966394187,0.523841961852861,0.2025431425976385,0.8333333333333334,-0.3521878784354494,0.6212534059945504,-0.08140333194874379,0.023160762942779245,0.4166666666666667,0.13625448332105144,0.4332425068119891,0.1228128684412434,finite published score set; not an assay-population estimate,0.00032393969908772746,0.00032393969908772746,-0.000389961694901908,0.000389961694901908
S3_no_missing_R3_records,SFR1,False,computed,379,12,367,0.7027702089009991,0.5247502270663034,0.5245231607629428,0.5254314259763851,0.20277020890099906,0.8333333333333334,-0.3521878784354494,0.6212534059945504,-0.08140333194874379,0.024750227066303365,0.4166666666666667,0.13625448332105144,0.4305177111716621,0.1233819774699657,finite published score set; not an assay-population estimate,0.0005510060024482843,0.0005510060024482843,0.0011995024286222122,0.0011995024286222122
S3_no_missing_R3_records,SHPRH,False,computed,379,12,367,0.702316076294278,0.5240690281562216,0.523841961852861,0.5247502270663034,0.20231607629427795,0.8333333333333334,-0.3521878784354494,0.6212534059945504,-0.08140333194874379,0.024069028156221584,0.4166666666666667,0.13625448332105144,0.4305177111716621,0.1233819774699657,finite published score set; not an assay-population estimate,9.687339572717057e-05,9.687339572717057e-05,0.0005183035185404306,0.0005183035185404306
S3_no_missing_R3_records,SIRT1,False,computed,379,12,367,0.7027702089009991,0.5240690281562216,0.523841961852861,0.5247502270663034,0.20277020890099906,0.8333333333333334,-0.3521878784354494,0.6212534059945504,-0.08140333194874379,0.024069028156221584,0.4166666666666667,0.13625448332105144,0.4305177111716621,0.1233819774699657,finite published score set; not an assay-population estimate,0.0005510060024482843,0.0005510060024482843,0.0005183035185404306,0.0005183035185404306
S3_no_missing_R3_records,SIRT6,False,computed,379,12,367,0.7014078110808356,0.5227066303360581,0.5224795640326976,0.5233878292461399,0.2014078110808356,0.8333333333333334,-0.3521878784354494,0.6239782016348774,-0.08196004822673524,0.02270663033605813,0.4166666666666667,0.13625448332105144,0.4332425068119891,0.1228128684412434,finite published score set; not an assay-population estimate,-0.000811391817715168,0.000811391817715168,-0.0008440943016230218,0.0008440943016230218
S3_no_missing_R3_records,SLC30A9,False,computed,379,12,367,0.702316076294278,0.5240690281562216,0.523841961852861,0.5247502270663034,0.20231607629427795,0.8333333333333334,-0.3521878784354494,0.6212534059945504,-0.08140333194874379,0.024069028156221584,0.4166666666666667,0.13625448332105144,0.4305177111716621,0.1233819774699657,finite published score set; not an assay-population estimate,9.687339572717057e-05,9.687339572717057e-05,0.0005183035185404306,0.0005183035185404306
S3_no_missing_R3_records,SLX1A,False,computed,379,12,367,0.7014078110808356,0.523841961852861,0.5236148955495005,0.5245231607629428,0.2014078110808356,0.8333333333333334,-0.3521878784354494,0.6239782016348774,-0.08196004822673524,0.023841961852861027,0.4166666666666667,0.13625448332105144,0.4332425068119891,0.1233819774699657,finite published score set; not an assay-population estimate,-0.000811391817715168,0.000811391817715168,0.00029123721517987367,0.00029123721517987367
S3_no_missing_R3_records,SLX4,False,computed,379,12,367,0.7014078110808356,0.5245231607629428,0.5242960944595823,0.5252043596730245,0.2014078110808356,0.8333333333333334,-0.3521878784354494,0.6239782016348774,-0.08196004822673524,0.02452316076294281,0.4166666666666667,0.13625448332105144,0.4305177111716621,0.1233819774699657,finite published score set; not an assay-population estimate,-0.000811391817715168,0.000811391817715168,0.0009724361252616553,0.0009724361252616553
S3_no_missing_R3_records,SMARCAD1,False,computed,379,12,367,0.7014078110808356,0.5227066303360581,0.5224795640326976,0.5233878292461399,0.2014078110808356,0.8333333333333334,-0.3521878784354494,0.6239782016348774,-0.08196004822673524,0.02270663033605813,0.4166666666666667,0.13625448332105144,0.4332425068119891,0.1228128684412434,finite published score set; not an assay-population estimate,-0.000811391817715168,0.000811391817715168,-0.0008440943016230218,0.0008440943016230218
S3_no_missing_R3_records,SMARCAL1,False,computed,379,12,367,0.702316076294278,0.5247502270663034,0.5245231607629428,0.5254314259763851,0.20231607629427795,0.8333333333333334,-0.3521878784354494,0.6212534059945504,-0.08140333194874379,0.024750227066303365,0.4166666666666667,0.13625448332105144,0.4305177111716621,0.1233819774699657,finite published score set; not an assay-population estimate,9.687339572717057e-05,9.687339572717057e-05,0.0011995024286222122,0.0011995024286222122
S3_no_missing_R3_records,SMC5,False,computed,379,12,367,0.7032243415077203,0.522252497729337,0.5220254314259763,0.5229336966394187,0.20322434150772029,0.8333333333333334,-0.3521878784354494,0.6212534059945504,-0.08140333194874379,0.022252497729337017,0.4166666666666667,0.13625448332105144,0.4332425068119891,0.1228128684412434,finite published score set; not an assay-population estimate,0.0010051386091695091,0.0010051386091695091,-0.0012982269083441356,0.0012982269083441356
S3_no_missing_R3_records,SMCHD1,False,computed,379,12,367,0.702316076294278,0.5227066303360581,0.5224795640326976,0.5233878292461399,0.20231607629427795,0.8333333333333334,-0.3521878784354494,0.6212534059945504,-0.08140333194874379,0.02270663033605813,0.4166666666666667,0.13625448332105144,0.4332425068119891,0.1228128684412434,finite published score set; not an assay-population estimate,9.687339572717057e-05,9.687339572717057e-05,-0.0008440943016230218,0.0008440943016230218
S3_no_missing_R3_records,SMEK2,False,computed,379,12,367,0.7014078110808356,0.5240690281562216,0.523841961852861,0.5247502270663034,0.2014078110808356,0.8333333333333334,-0.3521878784354494,0.6239782016348774,-0.08196004822673524,0.024069028156221584,0.4166666666666667,0.13625448332105144,0.4305177111716621,0.1233819774699657,finite published score set; not an assay-population estimate,-0.000811391817715168,0.000811391817715168,0.0005183035185404306,0.0005183035185404306
S3_no_missing_R3_records,SMG1,False,computed,379,12,367,0.7016348773841962,0.5242960944595823,0.5240690281562216,0.5249772933696639,0.20163487738419617,0.8333333333333334,-0.3521878784354494,0.6239782016348774,-0.08196004822673524,0.02429609445958225,0.4166666666666667,0.13625448332105144,0.4305177111716621,0.1233819774699657,finite published score set; not an assay-population estimate,-0.0005843255143546111,0.0005843255143546111,0.0007453698219010985,0.0007453698219010985
S3_no_missing_R3_records,SMUG1,False,computed,379,12,367,0.7014078110808356,0.523841961852861,0.5236148955495005,0.5245231607629428,0.2014078110808356,0.8333333333333334,-0.3521878784354494,0.6239782016348774,-0.08196004822673524,0.023841961852861027,0.4166666666666667,0.13625448332105144,0.4332425068119891,0.1233819774699657,finite published score set; not an assay-population estimate,-0.000811391817715168,0.000811391817715168,0.00029123721517987367,0.00029123721517987367
S3_no_missing_R3_records,SPATA22,False,computed,379,12,367,0.7014078110808356,0.5224795640326976,0.522252497729337,0.5231607629427792,0.2014078110808356,0.8333333333333334,-0.3521878784354494,0.6239782016348774,-0.08196004822673524,0.022479564032697574,0.4166666666666667,0.13625448332105144,0.4332425068119891,0.1228128684412434,finite published score set; not an assay-population estimate,-0.000811391817715168,0.000811391817715168,-0.0010711606049835787,0.0010711606049835787
S3_no_missing_R3_records,SPIDR,False,computed,379,12,367,0.7025431425976385,0.5242960944595823,0.5240690281562216,0.5249772933696639,0.2025431425976385,0.8333333333333334,-0.3521878784354494,0.6212534059945504,-0.08140333194874379,0.02429609445958225,0.4166666666666667,0.13625448332105144,0.4305177111716621,0.1233819774699657,finite published score set; not an assay-population estimate,0.00032393969908772746,0.00032393969908772746,0.0007453698219010985,0.0007453698219010985
S3_no_missing_R3_records,SPIRE1,False,computed,379,12,367,0.7020890099909174,0.5242960944595823,0.5240690281562216,0.5249772933696639,0.2020890099909174,0.8333333333333334,-0.3521878784354494,0.6212534059945504,-0.08196004822673524,0.02429609445958225,0.4166666666666667,0.13625448332105144,0.4305177111716621,0.1233819774699657,finite published score set; not an assay-population estimate,-0.0001301929076333863,0.0001301929076333863,0.0007453698219010985,0.0007453698219010985
S3_no_missing_R3_records,SPIRE2,False,computed,379,12,367,0.7020890099909174,0.5227066303360581,0.5224795640326976,0.5233878292461399,0.2020890099909174,0.8333333333333334,-0.3521878784354494,0.6212534059945504,-0.08196004822673524,0.02270663033605813,0.4166666666666667,0.13625448332105144,0.4332425068119891,0.1228128684412434,finite published score set; not an assay-population estimate,-0.0001301929076333863,0.0001301929076333863,-0.0008440943016230218,0.0008440943016230218
S3_no_missing_R3_records,SPO11,False,computed,379,12,367,0.7025431425976385,0.5240690281562216,0.523841961852861,0.5247502270663034,0.2025431425976385,0.8333333333333334,-0.3521878784354494,0.6212534059945504,-0.08140333194874379,0.024069028156221584,0.4166666666666667,0.13625448332105144,0.4305177111716621,0.1233819774699657,finite published score set; not an assay-population estimate,0.00032393969908772746,0.00032393969908772746,0.0005183035185404306,0.0005183035185404306
S3_no_missing_R3_records,SPRTN,False,computed,379,12,367,0.7016348773841962,0.5242960944595823,0.5240690281562216,0.5249772933696639,0.20163487738419617,0.8333333333333334,-0.3521878784354494,0.6239782016348774,-0.08196004822673524,0.02429609445958225,0.4166666666666667,0.13625448332105144,0.4305177111716621,0.1233819774699657,finite published score set; not an assay-population estimate,-0.0005843255143546111,0.0005843255143546111,0.0007453698219010985,0.0007453698219010985
S3_no_missing_R3_records,STRA13,False,computed,379,12,367,0.7020890099909174,0.5231607629427792,0.5229336966394187,0.523841961852861,0.2020890099909174,0.8333333333333334,-0.3521878784354494,0.6212534059945504,-0.08196004822673524,0.023160762942779245,0.4166666666666667,0.13625448332105144,0.4332425068119891,0.1228128684412434,finite published score set; not an assay-population estimate,-0.0001301929076333863,0.0001301929076333863,-0.000389961694901908,0.000389961694901908
S3_no_missing_R3_records,STUB1,False,computed,379,12,367,0.7014078110808356,0.5227066303360581,0.5224795640326976,0.5233878292461399,0.2014078110808356,0.8333333333333334,-0.3521878784354494,0.6239782016348774,-0.08196004822673524,0.02270663033605813,0.4166666666666667,0.13625448332105144,0.4332425068119891,0.1228128684412434,finite published score set; not an assay-population estimate,-0.000811391817715168,0.000811391817715168,-0.0008440943016230218,0.0008440943016230218
S3_no_missing_R3_records,SUMO1,False,computed,379,12,367,0.7025431425976385,0.5245231607629428,0.5242960944595823,0.5252043596730245,0.2025431425976385,0.8333333333333334,-0.3521878784354494,0.6212534059945504,-0.08140333194874379,0.02452316076294281,0.4166666666666667,0.13625448332105144,0.4305177111716621,0.1233819774699657,finite published score set; not an assay-population estimate,0.00032393969908772746,0.00032393969908772746,0.0009724361252616553,0.0009724361252616553
S3_no_missing_R3_records,SUV420H1,False,computed,379,12,367,0.7014078110808356,0.5231607629427792,0.5229336966394187,0.523841961852861,0.2014078110808356,0.8333333333333334,-0.3521878784354494,0.6239782016348774,-0.08196004822673524,0.023160762942779245,0.4166666666666667,0.13625448332105144,0.4332425068119891,0.1228128684412434,finite published score set; not an assay-population estimate,-0.000811391817715168,0.000811391817715168,-0.000389961694901908,0.000389961694901908
S3_no_missing_R3_records,SUV420H2,False,computed,379,12,367,0.7018619436875567,0.5227066303360581,0.5224795640326976,0.5233878292461399,0.20186194368755672,0.8333333333333334,-0.3521878784354494,0.6239782016348774,-0.08196004822673524,0.02270663033605813,0.4166666666666667,0.13625448332105144,0.4332425068119891,0.1228128684412434,finite published score set; not an assay-population estimate,-0.0003572592109940542,0.0003572592109940542,-0.0008440943016230218,0.0008440943016230218
S3_no_missing_R3_records,SWI5,False,computed,379,12,367,0.7041326067211626,0.5249772933696639,0.5247502270663034,0.5256584922797457,0.20413260672116262,0.8333333333333334,-0.3521878784354494,0.6212534059945504,-0.08140333194874379,0.024977293369663922,0.4166666666666667,0.13625448332105144,0.4305177111716621,0.1233819774699657,finite published score set; not an assay-population estimate,0.0019134038226118477,0.0019134038226118477,0.0014265687319827691,0.0014265687319827691
S3_no_missing_R3_records,SWSAP1,False,computed,379,12,367,0.7027702089009991,0.5242960944595823,0.5240690281562216,0.5249772933696639,0.20277020890099906,0.8333333333333334,-0.3521878784354494,0.6212534059945504,-0.08140333194874379,0.02429609445958225,0.4166666666666667,0.13625448332105144,0.4305177111716621,0.1233819774699657,finite published score set; not an assay-population estimate,0.0005510060024482843,0.0005510060024482843,0.0007453698219010985,0.0007453698219010985
S3_no_missing_R3_records,SYCP1,False,computed,379,12,367,0.7020890099909174,0.5227066303360581,0.5224795640326976,0.5233878292461399,0.2020890099909174,0.8333333333333334,-0.3521878784354494,0.6212534059945504,-0.08196004822673524,0.02270663033605813,0.4166666666666667,0.13625448332105144,0.4332425068119891,0.1228128684412434,finite published score set; not an assay-population estimate,-0.0001301929076333863,0.0001301929076333863,-0.0008440943016230218,0.0008440943016230218
S3_no_missing_R3_records,TAOK1,False,computed,379,12,367,0.7014078110808356,0.5236148955495005,0.5233878292461399,0.5242960944595823,0.2014078110808356,0.8333333333333334,-0.3521878784354494,0.6239782016348774,-0.08196004822673524,0.02361489554950047,0.4166666666666667,0.13625448332105144,0.4332425068119891,0.1228128684412434,finite published score set; not an assay-population estimate,-0.000811391817715168,0.000811391817715168,6.417091181931678e-05,6.417091181931678e-05
S3_no_missing_R3_records,TCEA1,False,computed,379,12,367,0.7014078110808356,0.5227066303360581,0.5224795640326976,0.5233878292461399,0.2014078110808356,0.8333333333333334,-0.3521878784354494,0.6239782016348774,-0.08196004822673524,0.02270663033605813,0.4166666666666667,0.13625448332105144,0.4332425068119891,0.1228128684412434,finite published score set; not an assay-population estimate,-0.000811391817715168,0.000811391817715168,-0.0008440943016230218,0.0008440943016230218
S3_no_missing_R3_records,TDG,False,computed,379,12,367,0.702316076294278,0.5227066303360581,0.5224795640326976,0.5233878292461399,0.20231607629427795,0.8333333333333334,-0.3521878784354494,0.6212534059945504,-0.08140333194874379,0.02270663033605813,0.4166666666666667,0.13625448332105144,0.4332425068119891,0.1228128684412434,finite published score set; not an assay-population estimate,9.687339572717057e-05,9.687339572717057e-05,-0.0008440943016230218,0.0008440943016230218
S3_no_missing_R3_records,TDP1,False,computed,379,12,367,0.702316076294278,0.5247502270663034,0.5245231607629428,0.5254314259763851,0.20231607629427795,0.8333333333333334,-0.3521878784354494,0.6212534059945504,-0.08140333194874379,0.024750227066303365,0.4166666666666667,0.13625448332105144,0.4305177111716621,0.1233819774699657,finite published score set; not an assay-population estimate,9.687339572717057e-05,9.687339572717057e-05,0.0011995024286222122,0.0011995024286222122
S3_no_missing_R3_records,TDP2,False,computed,379,12,367,0.7014078110808356,0.5231607629427792,0.5229336966394187,0.523841961852861,0.2014078110808356,0.8333333333333334,-0.3521878784354494,0.6239782016348774,-0.08196004822673524,0.023160762942779245,0.4166666666666667,0.13625448332105144,0.4332425068119891,0.1228128684412434,finite published score set; not an assay-population estimate,-0.000811391817715168,0.000811391817715168,-0.000389961694901908,0.000389961694901908
S3_no_missing_R3_records,TERF2IP,False,computed,379,12,367,0.7016348773841962,0.5240690281562216,0.523841961852861,0.5247502270663034,0.20163487738419617,0.8333333333333334,-0.3521878784354494,0.6239782016348774,-0.08196004822673524,0.024069028156221584,0.4166666666666667,0.13625448332105144,0.4305177111716621,0.1233819774699657,finite published score set; not an assay-population estimate,-0.0005843255143546111,0.0005843255143546111,0.0005183035185404306,0.0005183035185404306
S3_no_missing_R3_records,TEX12,False,computed,379,12,367,0.7014078110808356,0.5224795640326976,0.522252497729337,0.5231607629427792,0.2014078110808356,0.8333333333333334,-0.3521878784354494,0.6239782016348774,-0.08196004822673524,0.022479564032697574,0.4166666666666667,0.13625448332105144,0.4332425068119891,0.1228128684412434,finite published score set; not an assay-population estimate,-0.000811391817715168,0.000811391817715168,-0.0010711606049835787,0.0010711606049835787
S3_no_missing_R3_records,TEX15,False,computed,379,12,367,0.7025431425976385,0.5227066303360581,0.5224795640326976,0.5233878292461399,0.2025431425976385,0.8333333333333334,-0.3521878784354494,0.6212534059945504,-0.08140333194874379,0.02270663033605813,0.4166666666666667,0.13625448332105144,0.4332425068119891,0.1228128684412434,finite published score set; not an assay-population estimate,0.00032393969908772746,0.00032393969908772746,-0.0008440943016230218,0.0008440943016230218
S3_no_missing_R3_records,TFPT,False,computed,379,12,367,0.7036784741144414,0.5247502270663034,0.5245231607629428,0.5254314259763851,0.2036784741144414,0.8333333333333334,-0.3521878784354494,0.6212534059945504,-0.08140333194874379,0.024750227066303365,0.4166666666666667,0.13625448332105144,0.4305177111716621,0.1233819774699657,finite published score set; not an assay-population estimate,0.001459271215890623,0.001459271215890623,0.0011995024286222122,0.0011995024286222122
S3_no_missing_R3_records,TMEM161A,False,computed,379,12,367,0.7025431425976385,0.5240690281562216,0.523841961852861,0.5247502270663034,0.2025431425976385,0.8333333333333334,-0.3521878784354494,0.6212534059945504,-0.08140333194874379,0.024069028156221584,0.4166666666666667,0.13625448332105144,0.4305177111716621,0.1233819774699657,finite published score set; not an assay-population estimate,0.00032393969908772746,0.00032393969908772746,0.0005183035185404306,0.0005183035185404306
S3_no_missing_R3_records,TNP1,False,computed,379,12,367,0.7020890099909174,0.5231607629427792,0.5229336966394187,0.523841961852861,0.2020890099909174,0.8333333333333334,-0.3521878784354494,0.6212534059945504,-0.08196004822673524,0.023160762942779245,0.4166666666666667,0.13625448332105144,0.4332425068119891,0.1228128684412434,finite published score set; not an assay-population estimate,-0.0001301929076333863,0.0001301929076333863,-0.000389961694901908,0.000389961694901908
S3_no_missing_R3_records,TOP3A,False,computed,379,12,367,0.7014078110808356,0.5224795640326976,0.522252497729337,0.5231607629427792,0.2014078110808356,0.8333333333333334,-0.3521878784354494,0.6239782016348774,-0.08196004822673524,0.022479564032697574,0.4166666666666667,0.13625448332105144,0.4332425068119891,0.1228128684412434,finite published score set; not an assay-population estimate,-0.000811391817715168,0.000811391817715168,-0.0010711606049835787,0.0010711606049835787
S3_no_missing_R3_records,TP53,False,computed,379,12,367,0.7014078110808356,0.522252497729337,0.5220254314259763,0.5229336966394187,0.2014078110808356,0.8333333333333334,-0.3521878784354494,0.6239782016348774,-0.08196004822673524,0.022252497729337017,0.4166666666666667,0.13625448332105144,0.4332425068119891,0.1228128684412434,finite published score set; not an assay-population estimate,-0.000811391817715168,0.000811391817715168,-0.0012982269083441356,0.0012982269083441356
S3_no_missing_R3_records,TP73,False,computed,379,12,367,0.7014078110808356,0.5231607629427792,0.5229336966394187,0.523841961852861,0.2014078110808356,0.8333333333333334,-0.3521878784354494,0.6239782016348774,-0.08196004822673524,0.023160762942779245,0.4166666666666667,0.13625448332105144,0.4332425068119891,0.1228128684412434,finite published score set; not an assay-population estimate,-0.000811391817715168,0.000811391817715168,-0.000389961694901908,0.000389961694901908
S3_no_missing_R3_records,TREX1,False,computed,379,12,367,0.7014078110808356,0.5227066303360581,0.5224795640326976,0.5233878292461399,0.2014078110808356,0.8333333333333334,-0.3521878784354494,0.6239782016348774,-0.08196004822673524,0.02270663033605813,0.4166666666666667,0.13625448332105144,0.4332425068119891,0.1228128684412434,finite published score set; not an assay-population estimate,-0.000811391817715168,0.000811391817715168,-0.0008440943016230218,0.0008440943016230218
S3_no_missing_R3_records,TRIM25,False,computed,379,12,367,0.7014078110808356,0.5227066303360581,0.5224795640326976,0.5233878292461399,0.2014078110808356,0.8333333333333334,-0.3521878784354494,0.6239782016348774,-0.08196004822673524,0.02270663033605813,0.4166666666666667,0.13625448332105144,0.4332425068119891,0.1228128684412434,finite published score set; not an assay-population estimate,-0.000811391817715168,0.000811391817715168,-0.0008440943016230218,0.0008440943016230218
S3_no_missing_R3_records,TRIM28,False,computed,379,12,367,0.7014078110808356,0.5240690281562216,0.523841961852861,0.5247502270663034,0.2014078110808356,0.8333333333333334,-0.3521878784354494,0.6239782016348774,-0.08196004822673524,0.024069028156221584,0.4166666666666667,0.13625448332105144,0.4305177111716621,0.1233819774699657,finite published score set; not an assay-population estimate,-0.000811391817715168,0.000811391817715168,0.0005183035185404306,0.0005183035185404306
S3_no_missing_R3_records,TRIP12,False,computed,379,12,367,0.7014078110808356,0.5240690281562216,0.523841961852861,0.5247502270663034,0.2014078110808356,0.8333333333333334,-0.3521878784354494,0.6239782016348774,-0.08196004822673524,0.024069028156221584,0.4166666666666667,0.13625448332105144,0.4305177111716621,0.1233819774699657,finite published score set; not an assay-population estimate,-0.000811391817715168,0.000811391817715168,0.0005183035185404306,0.0005183035185404306
S3_no_missing_R3_records,TRIP13,True,computed,379,11,368,0.6803359683794467,0.4935770750988142,0.4933300395256917,0.4943181818181818,0.18033596837944665,0.8181818181818182,-0.2897728682787928,0.6222826086956522,-0.08168169008773951,-0.006422924901185789,0.36363636363636365,0.1417154921489807,0.4320652173913043,0.12309742295560455,finite published score set; not an assay-population estimate,-0.021883234519104122,0.021883234519104122,-0.029973649538866942,0.029973649538866942
S3_no_missing_R3_records,TRRAP,False,computed,379,12,367,0.7027702089009991,0.5231607629427792,0.5229336966394187,0.523841961852861,0.20277020890099906,0.8333333333333334,-0.3521878784354494,0.6212534059945504,-0.08140333194874379,0.023160762942779245,0.4166666666666667,0.13625448332105144,0.4332425068119891,0.1228128684412434,finite published score set; not an assay-population estimate,0.0005510060024482843,0.0005510060024482843,-0.000389961694901908,0.000389961694901908
S3_no_missing_R3_records,TTC5,False,computed,379,12,367,0.7014078110808356,0.5224795640326976,0.522252497729337,0.5231607629427792,0.2014078110808356,0.8333333333333334,-0.3521878784354494,0.6239782016348774,-0.08196004822673524,0.022479564032697574,0.4166666666666667,0.13625448332105144,0.4332425068119891,0.1228128684412434,finite published score set; not an assay-population estimate,-0.000811391817715168,0.000811391817715168,-0.0010711606049835787,0.0010711606049835787
S3_no_missing_R3_records,TWIST1,False,computed,379,12,367,0.702316076294278,0.5247502270663034,0.5245231607629428,0.5254314259763851,0.20231607629427795,0.8333333333333334,-0.3521878784354494,0.6212534059945504,-0.08140333194874379,0.024750227066303365,0.4166666666666667,0.13625448332105144,0.4305177111716621,0.1233819774699657,finite published score set; not an assay-population estimate,9.687339572717057e-05,9.687339572717057e-05,0.0011995024286222122,0.0011995024286222122
S3_no_missing_R3_records,UBC,False,computed,379,12,367,0.7018619436875567,0.5231607629427792,0.5229336966394187,0.523841961852861,0.20186194368755672,0.8333333333333334,-0.3521878784354494,0.6239782016348774,-0.08196004822673524,0.023160762942779245,0.4166666666666667,0.13625448332105144,0.4332425068119891,0.1228128684412434,finite published score set; not an assay-population estimate,-0.0003572592109940542,0.0003572592109940542,-0.000389961694901908,0.000389961694901908
S3_no_missing_R3_records,UBE2A,False,computed,379,12,367,0.7025431425976385,0.523841961852861,0.5236148955495005,0.5245231607629428,0.2025431425976385,0.8333333333333334,-0.3521878784354494,0.6212534059945504,-0.08140333194874379,0.023841961852861027,0.4166666666666667,0.13625448332105144,0.4332425068119891,0.1233819774699657,finite published score set; not an assay-population estimate,0.00032393969908772746,0.00032393969908772746,0.00029123721517987367,0.00029123721517987367
S3_no_missing_R3_records,UBE2B,False,computed,379,12,367,0.7032243415077203,0.5247502270663034,0.5245231607629428,0.5254314259763851,0.20322434150772029,0.8333333333333334,-0.3521878784354494,0.6212534059945504,-0.08140333194874379,0.024750227066303365,0.4166666666666667,0.13625448332105144,0.4305177111716621,0.1233819774699657,finite published score set; not an assay-population estimate,0.0010051386091695091,0.0010051386091695091,0.0011995024286222122,0.0011995024286222122
S3_no_missing_R3_records,UBE2D3,False,computed,379,12,367,0.7036784741144414,0.5247502270663034,0.5245231607629428,0.5254314259763851,0.2036784741144414,0.8333333333333334,-0.3521878784354494,0.6212534059945504,-0.08140333194874379,0.024750227066303365,0.4166666666666667,0.13625448332105144,0.4305177111716621,0.1233819774699657,finite published score set; not an assay-population estimate,0.001459271215890623,0.001459271215890623,0.0011995024286222122,0.0011995024286222122
S3_no_missing_R3_records,UBE2L6,False,computed,379,12,367,0.702316076294278,0.5224795640326976,0.522252497729337,0.5231607629427792,0.20231607629427795,0.8333333333333334,-0.3521878784354494,0.6212534059945504,-0.08140333194874379,0.022479564032697574,0.4166666666666667,0.13625448332105144,0.4332425068119891,0.1228128684412434,finite published score set; not an assay-population estimate,9.687339572717057e-05,9.687339572717057e-05,-0.0010711606049835787,0.0010711606049835787
S3_no_missing_R3_records,UBE2N,True,computed,379,11,368,0.7193675889328063,0.5402667984189723,0.5400197628458498,0.54100790513834,0.21936758893280628,0.8181818181818182,-0.414602888592106,0.6222826086956522,-0.08168169008773951,0.040266798418972294,0.45454545454545453,0.1307934744931222,0.4320652173913043,0.12309742295560455,finite published score set; not an assay-population estimate,0.017148386034255503,0.017148386034255503,0.01671607378129114,0.01671607378129114
S3_no_missing_R3_records,UBE2T,False,computed,379,12,367,0.7025431425976385,0.5233878292461399,0.5231607629427792,0.5240690281562216,0.2025431425976385,0.8333333333333334,-0.3521878784354494,0.6212534059945504,-0.08140333194874379,0.023387829246139913,0.4166666666666667,0.13625448332105144,0.4332425068119891,0.1228128684412434,finite published score set; not an assay-population estimate,0.00032393969908772746,0.00032393969908772746,-0.0001628953915412401,0.0001628953915412401
S3_no_missing_R3_records,UBE2U,False,computed,379,12,367,0.702316076294278,0.5227066303360581,0.5224795640326976,0.5233878292461399,0.20231607629427795,0.8333333333333334,-0.3521878784354494,0.6212534059945504,-0.08140333194874379,0.02270663033605813,0.4166666666666667,0.13625448332105144,0.4332425068119891,0.1228128684412434,finite published score set; not an assay-population estimate,9.687339572717057e-05,9.687339572717057e-05,-0.0008440943016230218,0.0008440943016230218
S3_no_missing_R3_records,UBE2V1,False,computed,379,12,367,0.7025431425976385,0.5236148955495005,0.5233878292461399,0.5242960944595823,0.2025431425976385,0.8333333333333334,-0.3521878784354494,0.6212534059945504,-0.08140333194874379,0.02361489554950047,0.4166666666666667,0.13625448332105144,0.4332425068119891,0.1228128684412434,finite published score set; not an assay-population estimate,0.00032393969908772746,0.00032393969908772746,6.417091181931678e-05,6.417091181931678e-05
S3_no_missing_R3_records,UBE2V2,True,computed,379,11,368,0.7341897233201581,0.5296442687747036,0.529397233201581,0.5303853754940712,0.23418972332015808,0.9090909090909091,-0.414602888592106,0.6222826086956522,-0.08168169008773951,0.029644268774703608,0.45454545454545453,0.1307934744931222,0.4320652173913043,0.12309742295560455,finite published score set; not an assay-population estimate,0.03197052042160731,0.03197052042160731,0.006093544137022455,0.006093544137022455
S3_no_missing_R3_records,UBE2W,False,computed,379,12,367,0.7027702089009991,0.5247502270663034,0.5245231607629428,0.5254314259763851,0.20277020890099906,0.8333333333333334,-0.3521878784354494,0.6212534059945504,-0.08140333194874379,0.024750227066303365,0.4166666666666667,0.13625448332105144,0.4305177111716621,0.1233819774699657,finite published score set; not an assay-population estimate,0.0005510060024482843,0.0005510060024482843,0.0011995024286222122,0.0011995024286222122
S3_no_missing_R3_records,UBR5,True,computed,379,11,368,0.6776185770750988,0.4817193675889328,0.4814723320158103,0.4824604743083004,0.17761857707509876,0.8181818181818182,-0.2897728682787928,0.6222826086956522,-0.08168169008773951,-0.0182806324110672,0.36363636363636365,0.1417154921489807,0.4320652173913043,0.12309742295560455,finite published score set; not an assay-population estimate,-0.024600625823452016,0.024600625823452016,-0.04183135704874835,0.04183135704874835
S3_no_missing_R3_records,UCHL5,False,computed,379,12,367,0.7027702089009991,0.5231607629427792,0.5229336966394187,0.523841961852861,0.20277020890099906,0.8333333333333334,-0.3521878784354494,0.6212534059945504,-0.08140333194874379,0.023160762942779245,0.4166666666666667,0.13625448332105144,0.4332425068119891,0.1228128684412434,finite published score set; not an assay-population estimate,0.0005510060024482843,0.0005510060024482843,-0.000389961694901908,0.000389961694901908
S3_no_missing_R3_records,UHRF1,True,computed,379,11,368,0.683300395256917,0.517292490118577,0.517292490118577,0.5180335968379447,0.183300395256917,0.8181818181818182,-0.2897728682787928,0.6222826086956522,-0.08168169008773951,0.01729249011857703,0.36363636363636365,0.1417154921489807,0.4320652173913043,0.12309742295560455,finite published score set; not an assay-population estimate,-0.018918807641633784,0.018918807641633784,-0.006258234519104122,0.006258234519104122
S3_no_missing_R3_records,UIMC1,False,computed,379,12,367,0.7025431425976385,0.5240690281562216,0.523841961852861,0.5247502270663034,0.2025431425976385,0.8333333333333334,-0.3521878784354494,0.6212534059945504,-0.08140333194874379,0.024069028156221584,0.4166666666666667,0.13625448332105144,0.4305177111716621,0.1233819774699657,finite published score set; not an assay-population estimate,0.00032393969908772746,0.00032393969908772746,0.0005183035185404306,0.0005183035185404306
S3_no_missing_R3_records,UNG,False,computed,379,12,367,0.7014078110808356,0.5227066303360581,0.5224795640326976,0.5233878292461399,0.2014078110808356,0.8333333333333334,-0.3521878784354494,0.6239782016348774,-0.08196004822673524,0.02270663033605813,0.4166666666666667,0.13625448332105144,0.4332425068119891,0.1228128684412434,finite published score set; not an assay-population estimate,-0.000811391817715168,0.000811391817715168,-0.0008440943016230218,0.0008440943016230218
S3_no_missing_R3_records,USP1,False,computed,379,12,367,0.7020890099909174,0.5245231607629428,0.5242960944595823,0.5252043596730245,0.2020890099909174,0.8333333333333334,-0.3521878784354494,0.6212534059945504,-0.08196004822673524,0.02452316076294281,0.4166666666666667,0.13625448332105144,0.4305177111716621,0.1233819774699657,finite published score set; not an assay-population estimate,-0.0001301929076333863,0.0001301929076333863,0.0009724361252616553,0.0009724361252616553
S3_no_missing_R3_records,USP10,False,computed,379,12,367,0.7020890099909174,0.5224795640326976,0.522252497729337,0.5231607629427792,0.2020890099909174,0.8333333333333334,-0.3521878784354494,0.6212534059945504,-0.08140333194874379,0.022479564032697574,0.4166666666666667,0.13625448332105144,0.4332425068119891,0.1228128684412434,finite published score set; not an assay-population estimate,-0.0001301929076333863,0.0001301929076333863,-0.0010711606049835787,0.0010711606049835787
S3_no_missing_R3_records,USP28,False,computed,379,12,367,0.7014078110808356,0.5227066303360581,0.5224795640326976,0.5233878292461399,0.2014078110808356,0.8333333333333334,-0.3521878784354494,0.6239782016348774,-0.08196004822673524,0.02270663033605813,0.4166666666666667,0.13625448332105144,0.4332425068119891,0.1228128684412434,finite published score set; not an assay-population estimate,-0.000811391817715168,0.000811391817715168,-0.0008440943016230218,0.0008440943016230218
S3_no_missing_R3_records,USP3,False,computed,379,12,367,0.7014078110808356,0.5224795640326976,0.522252497729337,0.5231607629427792,0.2014078110808356,0.8333333333333334,-0.3521878784354494,0.6239782016348774,-0.08196004822673524,0.022479564032697574,0.4166666666666667,0.13625448332105144,0.4332425068119891,0.1228128684412434,finite published score set; not an assay-population estimate,-0.000811391817715168,0.000811391817715168,-0.0010711606049835787,0.0010711606049835787
S3_no_missing_R3_records,USP43,False,computed,379,12,367,0.7014078110808356,0.5224795640326976,0.522252497729337,0.5231607629427792,0.2014078110808356,0.8333333333333334,-0.3521878784354494,0.6239782016348774,-0.08196004822673524,0.022479564032697574,0.4166666666666667,0.13625448332105144,0.4332425068119891,0.1228128684412434,finite published score set; not an assay-population estimate,-0.000811391817715168,0.000811391817715168,-0.0010711606049835787,0.0010711606049835787
S3_no_missing_R3_records,USP45,False,computed,379,12,367,0.702316076294278,0.5240690281562216,0.523841961852861,0.5247502270663034,0.20231607629427795,0.8333333333333334,-0.3521878784354494,0.6212534059945504,-0.08140333194874379,0.024069028156221584,0.4166666666666667,0.13625448332105144,0.4305177111716621,0.1233819774699657,finite published score set; not an assay-population estimate,9.687339572717057e-05,9.687339572717057e-05,0.0005183035185404306,0.0005183035185404306
S3_no_missing_R3_records,USP47,False,computed,379,12,367,0.702316076294278,0.5242960944595823,0.5240690281562216,0.5249772933696639,0.20231607629427795,0.8333333333333334,-0.3521878784354494,0.6212534059945504,-0.08140333194874379,0.02429609445958225,0.4166666666666667,0.13625448332105144,0.4305177111716621,0.1233819774699657,finite published score set; not an assay-population estimate,9.687339572717057e-05,9.687339572717057e-05,0.0007453698219010985,0.0007453698219010985
S3_no_missing_R3_records,USP51,False,computed,379,12,367,0.7014078110808356,0.523841961852861,0.5236148955495005,0.5245231607629428,0.2014078110808356,0.8333333333333334,-0.3521878784354494,0.6239782016348774,-0.08196004822673524,0.023841961852861027,0.4166666666666667,0.13625448332105144,0.4332425068119891,0.1233819774699657,finite published score set; not an assay-population estimate,-0.000811391817715168,0.000811391817715168,0.00029123721517987367,0.00029123721517987367
S3_no_missing_R3_records,USP7,False,computed,379,12,367,0.702316076294278,0.5245231607629428,0.5242960944595823,0.5252043596730245,0.20231607629427795,0.8333333333333334,-0.3521878784354494,0.6212534059945504,-0.08140333194874379,0.02452316076294281,0.4166666666666667,0.13625448332105144,0.4305177111716621,0.1233819774699657,finite published score set; not an assay-population estimate,9.687339572717057e-05,9.687339572717057e-05,0.0009724361252616553,0.0009724361252616553
S3_no_missing_R3_records,UVRAG,False,computed,379,12,367,0.703905540417802,0.5240690281562216,0.523841961852861,0.5247502270663034,0.20390554041780196,0.8333333333333334,-0.3521878784354494,0.6212534059945504,-0.08140333194874379,0.024069028156221584,0.4166666666666667,0.13625448332105144,0.4305177111716621,0.1233819774699657,finite published score set; not an assay-population estimate,0.0016863375192511798,0.0016863375192511798,0.0005183035185404306,0.0005183035185404306
S3_no_missing_R3_records,WAS,False,computed,379,12,367,0.7025431425976385,0.5224795640326976,0.522252497729337,0.5231607629427792,0.2025431425976385,0.8333333333333334,-0.3521878784354494,0.6212534059945504,-0.08140333194874379,0.022479564032697574,0.4166666666666667,0.13625448332105144,0.4332425068119891,0.1228128684412434,finite published score set; not an assay-population estimate,0.00032393969908772746,0.00032393969908772746,-0.0010711606049835787,0.0010711606049835787
S3_no_missing_R3_records,WDR48,False,computed,379,12,367,0.7027702089009991,0.5242960944595823,0.5240690281562216,0.5249772933696639,0.20277020890099906,0.8333333333333334,-0.3521878784354494,0.6212534059945504,-0.08140333194874379,0.02429609445958225,0.4166666666666667,0.13625448332105144,0.4305177111716621,0.1233819774699657,finite published score set; not an assay-population estimate,0.0005510060024482843,0.0005510060024482843,0.0007453698219010985,0.0007453698219010985
S3_no_missing_R3_records,WHSC1,False,computed,379,12,367,0.7025431425976385,0.523841961852861,0.5236148955495005,0.5245231607629428,0.2025431425976385,0.8333333333333334,-0.3521878784354494,0.6212534059945504,-0.08140333194874379,0.023841961852861027,0.4166666666666667,0.13625448332105144,0.4332425068119891,0.1233819774699657,finite published score set; not an assay-population estimate,0.00032393969908772746,0.00032393969908772746,0.00029123721517987367,0.00029123721517987367
S3_no_missing_R3_records,WRAP53,False,computed,379,12,367,0.7014078110808356,0.522252497729337,0.5220254314259763,0.5229336966394187,0.2014078110808356,0.8333333333333334,-0.3521878784354494,0.6239782016348774,-0.08196004822673524,0.022252497729337017,0.4166666666666667,0.13625448332105144,0.4332425068119891,0.1228128684412434,finite published score set; not an assay-population estimate,-0.000811391817715168,0.000811391817715168,-0.0012982269083441356,0.0012982269083441356
S3_no_missing_R3_records,WRN,False,computed,379,12,367,0.702316076294278,0.5224795640326976,0.522252497729337,0.5231607629427792,0.20231607629427795,0.8333333333333334,-0.3521878784354494,0.6212534059945504,-0.08140333194874379,0.022479564032697574,0.4166666666666667,0.13625448332105144,0.4332425068119891,0.1228128684412434,finite published score set; not an assay-population estimate,9.687339572717057e-05,9.687339572717057e-05,-0.0010711606049835787,0.0010711606049835787
S3_no_missing_R3_records,WRNIP1,False,computed,379,12,367,0.7014078110808356,0.5240690281562216,0.523841961852861,0.5247502270663034,0.2014078110808356,0.8333333333333334,-0.3521878784354494,0.6239782016348774,-0.08196004822673524,0.024069028156221584,0.4166666666666667,0.13625448332105144,0.4305177111716621,0.1233819774699657,finite published score set; not an assay-population estimate,-0.000811391817715168,0.000811391817715168,0.0005183035185404306,0.0005183035185404306
S3_no_missing_R3_records,XPA,False,computed,379,12,367,0.7025431425976385,0.5240690281562216,0.523841961852861,0.5247502270663034,0.2025431425976385,0.8333333333333334,-0.3521878784354494,0.6212534059945504,-0.08140333194874379,0.024069028156221584,0.4166666666666667,0.13625448332105144,0.4305177111716621,0.1233819774699657,finite published score set; not an assay-population estimate,0.00032393969908772746,0.00032393969908772746,0.0005183035185404306,0.0005183035185404306
S3_no_missing_R3_records,XRCC1,False,computed,379,12,367,0.702316076294278,0.5247502270663034,0.5245231607629428,0.5254314259763851,0.20231607629427795,0.8333333333333334,-0.3521878784354494,0.6212534059945504,-0.08140333194874379,0.024750227066303365,0.4166666666666667,0.13625448332105144,0.4305177111716621,0.1233819774699657,finite published score set; not an assay-population estimate,9.687339572717057e-05,9.687339572717057e-05,0.0011995024286222122,0.0011995024286222122
S3_no_missing_R3_records,XRCC2,False,computed,379,12,367,0.7041326067211626,0.5247502270663034,0.5245231607629428,0.5254314259763851,0.20413260672116262,0.8333333333333334,-0.3521878784354494,0.6212534059945504,-0.08140333194874379,0.024750227066303365,0.4166666666666667,0.13625448332105144,0.4305177111716621,0.1233819774699657,finite published score set; not an assay-population estimate,0.0019134038226118477,0.0019134038226118477,0.0011995024286222122,0.0011995024286222122
S3_no_missing_R3_records,XRCC3,False,computed,379,12,367,0.703905540417802,0.523841961852861,0.5236148955495005,0.5245231607629428,0.20390554041780196,0.8333333333333334,-0.3521878784354494,0.6212534059945504,-0.08140333194874379,0.023841961852861027,0.4166666666666667,0.13625448332105144,0.4305177111716621,0.1233819774699657,finite published score set; not an assay-population estimate,0.0016863375192511798,0.0016863375192511798,0.00029123721517987367,0.00029123721517987367
S3_no_missing_R3_records,XRCC4,False,computed,379,12,367,0.702316076294278,0.5240690281562216,0.523841961852861,0.5247502270663034,0.20231607629427795,0.8333333333333334,-0.3521878784354494,0.6212534059945504,-0.08140333194874379,0.024069028156221584,0.4166666666666667,0.13625448332105144,0.4305177111716621,0.1233819774699657,finite published score set; not an assay-population estimate,9.687339572717057e-05,9.687339572717057e-05,0.0005183035185404306,0.0005183035185404306
S3_no_missing_R3_records,XRCC6BP1,False,computed,379,12,367,0.7018619436875567,0.5231607629427792,0.5229336966394187,0.523841961852861,0.20186194368755672,0.8333333333333334,-0.3521878784354494,0.6212534059945504,-0.08196004822673524,0.023160762942779245,0.4166666666666667,0.13625448332105144,0.4332425068119891,0.1228128684412434,finite published score set; not an assay-population estimate,-0.0003572592109940542,0.0003572592109940542,-0.000389961694901908,0.000389961694901908
S3_no_missing_R3_records,YEATS4,False,computed,379,12,367,0.7029972752043597,0.5224795640326976,0.522252497729337,0.5231607629427792,0.20299727520435973,0.8333333333333334,-0.3521878784354494,0.6212534059945504,-0.08140333194874379,0.022479564032697574,0.4166666666666667,0.13625448332105144,0.4332425068119891,0.1228128684412434,finite published score set; not an assay-population estimate,0.0007780723058089523,0.0007780723058089523,-0.0010711606049835787,0.0010711606049835787
S3_no_missing_R3_records,YY1,False,computed,379,12,367,0.7032243415077203,0.5242960944595823,0.5240690281562216,0.5249772933696639,0.20322434150772029,0.8333333333333334,-0.3521878784354494,0.6212534059945504,-0.08140333194874379,0.02429609445958225,0.4166666666666667,0.13625448332105144,0.4305177111716621,0.1233819774699657,finite published score set; not an assay-population estimate,0.0010051386091695091,0.0010051386091695091,0.0007453698219010985,0.0007453698219010985
S3_no_missing_R3_records,ZBTB1,False,computed,379,12,367,0.7014078110808356,0.5227066303360581,0.5224795640326976,0.5233878292461399,0.2014078110808356,0.8333333333333334,-0.3521878784354494,0.6239782016348774,-0.08196004822673524,0.02270663033605813,0.4166666666666667,0.13625448332105144,0.4332425068119891,0.1228128684412434,finite published score set; not an assay-population estimate,-0.000811391817715168,0.000811391817715168,-0.0008440943016230218,0.0008440943016230218
S3_no_missing_R3_records,ZFYVE26,False,computed,379,12,367,0.7014078110808356,0.5247502270663034,0.5245231607629428,0.5254314259763851,0.2014078110808356,0.8333333333333334,-0.3521878784354494,0.6239782016348774,-0.08196004822673524,0.024750227066303365,0.4166666666666667,0.13625448332105144,0.4305177111716621,0.1233819774699657,finite published score set; not an assay-population estimate,-0.000811391817715168,0.000811391817715168,0.0011995024286222122,0.0011995024286222122
S3_no_missing_R3_records,ZMPSTE24,False,computed,379,12,367,0.7014078110808356,0.5227066303360581,0.5224795640326976,0.5233878292461399,0.2014078110808356,0.8333333333333334,-0.3521878784354494,0.6239782016348774,-0.08196004822673524,0.02270663033605813,0.4166666666666667,0.13625448332105144,0.4332425068119891,0.1228128684412434,finite published score set; not an assay-population estimate,-0.000811391817715168,0.000811391817715168,-0.0008440943016230218,0.0008440943016230218
S3_no_missing_R3_records,ZNF365,False,computed,379,12,367,0.7029972752043597,0.5227066303360581,0.5224795640326976,0.5233878292461399,0.20299727520435973,0.8333333333333334,-0.3521878784354494,0.6212534059945504,-0.08140333194874379,0.02270663033605813,0.4166666666666667,0.13625448332105144,0.4332425068119891,0.1228128684412434,finite published score set; not an assay-population estimate,0.0007780723058089523,0.0007780723058089523,-0.0008440943016230218,0.0008440943016230218
S3_no_missing_R3_records,ZRANB3,False,computed,379,12,367,0.7014078110808356,0.5242960944595823,0.5240690281562216,0.5249772933696639,0.2014078110808356,0.8333333333333334,-0.3521878784354494,0.6239782016348774,-0.08196004822673524,0.02429609445958225,0.4166666666666667,0.13625448332105144,0.4305177111716621,0.1233819774699657,finite published score set; not an assay-population estimate,-0.000811391817715168,0.000811391817715168,0.0007453698219010985,0.0007453698219010985
S3_no_missing_R3_records,ZSWIM7,False,computed,379,12,367,0.702316076294278,0.5240690281562216,0.523841961852861,0.5247502270663034,0.20231607629427795,0.8333333333333334,-0.3521878784354494,0.6212534059945504,-0.08140333194874379,0.024069028156221584,0.4166666666666667,0.13625448332105144,0.4305177111716621,0.1233819774699657,finite published score set; not an assay-population estimate,9.687339572717057e-05,9.687339572717057e-05,0.0005183035185404306,0.0005183035185404306
