gene,source_called,gemini_sensitive,source_generic_fragility,rho_R2,gamma_R2,rho_R3_median,gamma_R3_median,q_rho_R2,q_rho_R3,q_gamma_R2,q_gamma_R3,q_ATMi_R2,q_ATRi_R2,q_WEE1i_R2,q_source_fragility,q_R3_minus_R2,rho_R2_sign,rho_R3_sign,r3_n_records,r3_n_complete,r2_transcripts,r3_transcripts,r3_element_ids,attribution_caveat
ABL1,False,-0.356940028,0.009157509157509158,-0.04531373682801343,0.2360658944937829,-0.1658023620413283,0.03042013537300133,0.4328947368421053,0.6592105263157895,0.038157894736842106,0.06710526315789474,0.5828947368421052,0.6723684210526316,0.8013157894736842,0.5223684210526316,0.2263157894736842,<0,<0,1,1,"{""gamma_R2"": ""ENST00000372348.2"", ""rho_ATMi_R2"": ""ENST00000372348.2"", ""rho_ATRi_R2"": ""ENST00000372348.2"", ""rho_R2"": ""ENST00000372348.2"", ""rho_WEE1i_R2"": ""ENST00000372348.2""}","[""ENST00000372348.2""]","[""ABL1_-_133589228.23-ENST00000372348.2|ABL1_-_133589216.23-ENST00000372348.2""]",
ACTB,False,-0.026338066,0.005494505494505495,-0.6004159501956892,-0.8446716169666897,-0.8530845811155308,-0.1866540560613112,0.8907894736842106,0.8723684210526316,0.8171052631578948,0.8144736842105263,0.9092105263157895,0.6618421052631579,0.7171052631578947,0.35,-0.018421052631579005,<0,<0,1,1,"{""gamma_R2"": ""P1P2"", ""rho_ATMi_R2"": ""P1P2"", ""rho_ATRi_R2"": ""P1P2"", ""rho_R2"": ""P1P2"", ""rho_WEE1i_R2"": ""P1P2""}","[""P1P2""]","[""ACTB_-_5570191.23-P1P2|ACTB_+_5570130.23-P1P2""]",
ADPRHL2,False,-0.279559022,0.014652014652014652,-0.2425020204206388,-0.9410738459963746,-1.496940376081996,-0.1717847369432367,0.6934210526315789,0.9513157894736842,0.8486842105263158,0.8013157894736842,0.8723684210526316,0.3118421052631579,0.8328947368421052,0.6434210526315789,0.2578947368421053,<0,<0,1,1,"{""gamma_R2"": ""P1P2"", ""rho_ATMi_R2"": ""P1P2"", ""rho_ATRi_R2"": ""P1P2"", ""rho_R2"": ""P1P2"", ""rho_WEE1i_R2"": ""P1P2""}","[""P1P2""]","[""ADPRHL2_+_36554555.23-P1P2|ADPRHL2_-_36554523.23-P1P2""]",
ALKBH1,False,-0.124967072,0.016483516483516484,0.08106970216315176,-0.1989281733875249,-0.9299230412012219,-0.1586152484908082,0.24868421052631579,0.8960526315789473,0.5039473684210526,0.7828947368421053,0.14868421052631578,0.09342105263157895,0.1881578947368421,0.6684210526315789,0.6473684210526316,>0,<0,1,1,"{""gamma_R2"": ""P1P2"", ""rho_ATMi_R2"": ""P1P2"", ""rho_ATRi_R2"": ""P1P2"", ""rho_R2"": ""P1P2"", ""rho_WEE1i_R2"": ""P1P2""}","[""P1P2""]","[""ALKBH1_+_78174341.23-P1P2|ALKBH1_-_78174295.23-P1P2""]",
ALKBH2,False,0.0,0.02197802197802198,-0.2488539694598854,0.1945460460256926,-0.6883280610757555,0.06346739025343948,0.7013157894736842,0.8513157894736842,0.05921052631578947,0.011842105263157895,0.506578947368421,0.5618421052631579,0.8118421052631579,0.7328947368421053,0.15000000000000002,<0,<0,1,1,"{""gamma_R2"": ""P1P2"", ""rho_ATMi_R2"": ""P1P2"", ""rho_ATRi_R2"": ""P1P2"", ""rho_R2"": ""P1P2"", ""rho_WEE1i_R2"": ""P1P2""}","[""P1P2""]","[""ALKBH2_+_109531250.23-P1P2|ALKBH2_+_109531240.23-P1P2""]",
ALKBH3,False,0.0,0.003663003663003663,0.180933648809744,-0.08020617387101166,0.8935133540208356,0.06396267096620928,0.14078947368421052,0.09868421052631579,0.34868421052631576,0.009210526315789473,0.1118421052631579,0.09605263157894736,0.10921052631578948,0.22763157894736843,-0.04210526315789473,>0,>0,1,1,"{""gamma_R2"": ""P1P2"", ""rho_ATMi_R2"": ""P1P2"", ""rho_ATRi_R2"": ""P1P2"", ""rho_R2"": ""P1P2"", ""rho_WEE1i_R2"": ""P1P2""}","[""P1P2""]","[""ALKBH3_-_43902421.23-P1P2|ALKBH3_+_43902434.23-P1P2""]",
ALKBH5,False,-0.407509095,0.005494505494505495,0.3435064673611515,-0.3319328110667111,-0.07801334138820067,-0.05859350611698455,0.04078947368421053,0.5986842105263158,0.625,0.6197368421052631,0.6828947368421052,0.3013157894736842,0.30394736842105263,0.35,0.5578947368421053,>0,<0,1,1,"{""gamma_R2"": ""P1P2"", ""rho_ATMi_R2"": ""P1P2"", ""rho_ATRi_R2"": ""P1P2"", ""rho_R2"": ""P1P2"", ""rho_WEE1i_R2"": ""P1P2""}","[""P1P2""]","[""ALKBH5_-_18087161.23-P1P2|ALKBH5_-_18087178.23-P1P2""]",
ANKLE1,False,0.0,0.003663003663003663,-0.3037041697343135,-0.7883484803387479,0.1312383589069524,-0.01875784584021314,0.7671052631578947,0.49078947368421055,0.8013157894736842,0.41710526315789476,0.8855263157894737,0.4039473684210526,0.18552631578947368,0.22763157894736843,-0.2763157894736842,<0,>0,1,1,"{""gamma_R2"": ""P1P2"", ""rho_ATMi_R2"": ""P1P2"", ""rho_ATRi_R2"": ""P1P2"", ""rho_R2"": ""P1P2"", ""rho_WEE1i_R2"": ""P1P2""}","[""P1P2""]","[""ANKLE1_-_17392727.23-P1P2|ANKLE1_+_17392722.23-P1P2""]",
ANKRD32,False,-0.600609354,0.031135531135531136,-0.4575341233927146,-0.9259251255969743,-0.08847710107389768,-0.3186664533348578,0.8513157894736842,0.6092105263157894,0.8460526315789474,0.9039473684210526,0.6881578947368421,0.6276315789473684,0.8881578947368421,0.8171052631578948,-0.24210526315789482,<0,<0,1,1,"{""gamma_R2"": ""P1P2"", ""rho_ATMi_R2"": ""P1P2"", ""rho_ATRi_R2"": ""P1P2"", ""rho_R2"": ""P1P2"", ""rho_WEE1i_R2"": ""P1P2""}","[""P1P2""]","[""ANKRD32_+_93954429.23-P1P2|ANKRD32_+_93954716.23-P1P2""]",
AP5S1,False,0.0,0.005494505494505495,-0.1173246827024038,0.09290242849784851,-0.1446442857498023,-0.003233265544307052,0.5486842105263158,0.6434210526315789,0.11710526315789474,0.275,0.3144736842105263,0.44605263157894737,0.48026315789473684,0.35,0.09473684210526312,<0,<0,1,1,"{""gamma_R2"": ""P1P2"", ""rho_ATMi_R2"": ""P1P2"", ""rho_ATRi_R2"": ""P1P2"", ""rho_R2"": ""P1P2"", ""rho_WEE1i_R2"": ""P1P2""}","[""P1P2""]","[""AP5S1_-_3801224.23-P1P2|AP5S1_+_3801197.23-P1P2""]",
AP5Z1,False,-0.271381459,0.005494505494505495,0.1335588695962337,-0.09219611062648037,-0.149877033565843,0.008987007909351334,0.18289473684210528,0.6460526315789473,0.3671052631578947,0.1723684210526316,0.16710526315789473,0.19605263157894737,0.26973684210526316,0.35,0.46315789473684205,>0,<0,1,1,"{""gamma_R2"": ""P1P2"", ""rho_ATMi_R2"": ""P1P2"", ""rho_ATRi_R2"": ""P1P2"", ""rho_R2"": ""P1P2"", ""rho_WEE1i_R2"": ""P1P2""}","[""P1P2""]","[""AP5Z1_-_4815293.23-P1P2|AP5Z1_-_4815338.23-P1P2""]",
APBB1,False,0.0,0.0,-0.1133916137236839,-0.4933952614557794,0.5051092896498155,0.008248494062307484,0.5460526315789473,0.23289473684210527,0.7171052631578947,0.19078947368421054,0.725,0.6223684210526316,0.5276315789473685,0.021052631578947368,-0.3131578947368421,<0,>0,1,1,"{""gamma_R2"": ""P1P2"", ""rho_ATMi_R2"": ""P1P2"", ""rho_ATRi_R2"": ""P1P2"", ""rho_R2"": ""P1P2"", ""rho_WEE1i_R2"": ""P1P2""}","[""P1P2""]","[""APBB1_-_6440248.23-P1P2|APBB1_-_6440251.23-P1P2""]",
APEX1,False,-0.422963524,0.003663003663003663,-0.05682626794458759,-0.1111226334676741,-0.720063267031724,-0.01442311732565307,0.45921052631578946,0.8565789473684211,0.3960526315789474,0.38026315789473686,0.3960526315789474,0.23026315789473684,0.5013157894736842,0.22763157894736843,0.39736842105263165,<0,<0,1,1,"{""gamma_R2"": ""P1P2"", ""rho_ATMi_R2"": ""P1P2"", ""rho_ATRi_R2"": ""P1P2"", ""rho_R2"": ""P1P2"", ""rho_WEE1i_R2"": ""P1P2""}","[""P1P2""]","[""APEX1_-_20923425.23-P1P2|APEX1_+_20923418.23-P1P2""]",
APEX2,False,-0.32570528,0.11904761904761904,0.1553964258376285,-0.2578968836752155,-0.8546930010357915,-0.02326539344949772,0.15657894736842104,0.8776315789473684,0.5723684210526315,0.45394736842105265,0.43026315789473685,0.9092105263157895,0.8460526315789474,0.9697368421052631,0.7210526315789474,>0,<0,1,1,"{""gamma_R2"": ""P1P2"", ""rho_ATMi_R2"": ""P1P2"", ""rho_ATRi_R2"": ""P1P2"", ""rho_R2"": ""P1P2"", ""rho_WEE1i_R2"": ""P1P2""}","[""P1P2""]","[""APEX2_+_55026846.23-P1P2|APEX2_+_55026814.23-P1P2""]",
APITD1,False,0.0,0.01098901098901099,0.1196406651367208,-0.4863073232799525,0.00784164754911961,-0.01792323272685141,0.19605263157894737,0.5644736842105263,0.7092105263157895,0.40921052631578947,0.24342105263157895,0.743421052631579,0.5039473684210526,0.5776315789473684,0.368421052631579,>0,>0,1,1,"{""gamma_R2"": ""P1P2"", ""rho_ATMi_R2"": ""P1P2"", ""rho_ATRi_R2"": ""P1P2"", ""rho_R2"": ""P1P2"", ""rho_WEE1i_R2"": ""P1P2""}","[""P1P2""]","[""APITD1_-_10490853.23-P1P2|APITD1_-_10490864.23-P1P2""]",
APLF,False,0.0,0.005494505494505495,0.6556054630912833,0.007784582318165846,0.1490475998492861,-0.01768079146208867,0.003947368421052632,0.4644736842105263,0.20394736842105263,0.4039473684210526,0.017105263157894738,0.02763157894736842,0.10657894736842105,0.35,0.4605263157894737,>0,>0,1,1,"{""gamma_R2"": ""P1P2"", ""rho_ATMi_R2"": ""P1P2"", ""rho_ATRi_R2"": ""P1P2"", ""rho_R2"": ""P1P2"", ""rho_WEE1i_R2"": ""P1P2""}","[""P1P2""]","[""APLF_-_68694726.23-P1P2|APLF_+_68694742.23-P1P2""]",
ASCC1,False,-0.220740488,0.01834862385321101,0.09381110405856763,-0.1150401119609713,0.3483675563455401,0.01104859095253768,0.22236842105263158,0.34078947368421053,0.40657894736842104,0.16447368421052633,0.2881578947368421,0.8223684210526315,0.6881578947368421,0.7026315789473684,0.11842105263157895,>0,>0,1,1,"{""gamma_R2"": ""P1P2"", ""rho_ATMi_R2"": ""P1P2"", ""rho_ATRi_R2"": ""P1P2"", ""rho_R2"": ""P1P2"", ""rho_WEE1i_R2"": ""P1P2""}","[""P1P2""]","[""ASCC1_-_73975994.23-P1P2|ASCC1_-_73975670.23-P1P2""]",
ASCC2,False,-0.616166978,0.023809523809523808,-0.1028508330785158,-0.2952223309601832,0.8417264995348028,-0.0541551720877072,0.5276315789473685,0.12236842105263158,0.6013157894736842,0.6013157894736842,0.4381578947368421,0.6355263157894737,0.8381578947368421,0.7526315789473684,-0.4052631578947369,<0,>0,1,1,"{""gamma_R2"": ""P1P2"", ""rho_ATMi_R2"": ""P1P2"", ""rho_ATRi_R2"": ""P1P2"", ""rho_R2"": ""P1P2"", ""rho_WEE1i_R2"": ""P1P2""}","[""P1P2""]","[""ASCC2_+_30234214.23-P1P2|ASCC2_+_30234208.23-P1P2""]",
ASCC3,False,-0.720797971,0.10256410256410256,-1.158347963257171,-2.796288738951745,1.10562660272916,-0.3150238573448243,0.9776315789473684,0.06447368421052632,0.9960526315789474,0.8986842105263158,0.8223684210526315,0.3171052631578947,0.975,0.9578947368421052,-0.9131578947368421,<0,>0,1,1,"{""gamma_R2"": ""P1P2"", ""rho_ATMi_R2"": ""P1P2"", ""rho_ATRi_R2"": ""P1P2"", ""rho_R2"": ""P1P2"", ""rho_WEE1i_R2"": ""P1P2""}","[""P1P2""]","[""ASCC3_-_101329197.23-P1P2|ASCC3_-_101329193.23-P1P2""]",
ASF1A,False,-0.445690758,0.003663003663003663,0.3727514824429,-0.7181739689980935,-0.4949661539844946,0.01738617072478429,0.035526315789473684,0.7960526315789473,0.7855263157894737,0.125,0.014473684210526316,0.7907894736842105,0.8986842105263158,0.22763157894736843,0.7605263157894737,>0,<0,1,1,"{""gamma_R2"": ""P1P2"", ""rho_ATMi_R2"": ""P1P2"", ""rho_ATRi_R2"": ""P1P2"", ""rho_R2"": ""P1P2"", ""rho_WEE1i_R2"": ""P1P2""}","[""P1P2""]","[""ASF1A_-_119215324.23-P1P2|ASF1A_-_119215607.23-P1P2""]",
ASTE1,False,0.0,0.0018315018315018315,0.04387732170090328,-0.01705206061593337,-0.2896260086430449,0.00166978266865478,0.29605263157894735,0.7171052631578947,0.24868421052631579,0.2381578947368421,0.2355263157894737,0.24078947368421053,0.13289473684210526,0.1013157894736842,0.42105263157894735,>0,<0,1,1,"{""gamma_R2"": ""P1P2"", ""rho_ATMi_R2"": ""P1P2"", ""rho_ATRi_R2"": ""P1P2"", ""rho_R2"": ""P1P2"", ""rho_WEE1i_R2"": ""P1P2""}","[""P1P2""]","[""ASTE1_+_130745613.23-P1P2|ASTE1_-_130745586.23-P1P2""]",
ATM,False,-0.805176576,0.01282051282051282,-0.7201583894483302,-0.1947548595025147,-1.65301835913337,0.006982725133623645,0.925,0.9539473684210527,0.49078947368421055,0.2013157894736842,0.5460526315789473,0.9671052631578947,0.3171052631578947,0.6078947368421053,0.02894736842105261,<0,<0,1,1,"{""gamma_R2"": ""P1P2"", ""rho_ATMi_R2"": ""P1P2"", ""rho_ATRi_R2"": ""P1P2"", ""rho_R2"": ""P1P2"", ""rho_WEE1i_R2"": ""P1P2""}","[""P1P2""]","[""ATM_-_108093829.23-P1P2|ATM_-_108093813.23-P1P2""]",
ATXN3,False,0.0,0.0,0.3966064378206626,0.1436449814428029,0.1798109117229164,0.03298271700685546,0.02763157894736842,0.44342105263157894,0.09078947368421053,0.05921052631578947,0.1013157894736842,0.025,0.035526315789473684,0.021052631578947368,0.41578947368421054,>0,>0,1,1,"{""gamma_R2"": ""P1P2"", ""rho_ATMi_R2"": ""P1P2"", ""rho_ATRi_R2"": ""P1P2"", ""rho_R2"": ""P1P2"", ""rho_WEE1i_R2"": ""P1P2""}","[""P1P2""]","[""ATXN3_+_92572912.23-P1P2|ATXN3_-_92572804.23-P1P2""]",
AUNIP,False,0.0,0.005494505494505495,-0.01706273648409799,-0.334248158419042,0.2585027301708394,0.005174632712630575,0.3881578947368421,0.3986842105263158,0.6276315789473684,0.20657894736842106,0.29342105263157897,0.3355263157894737,0.2776315789473684,0.35,0.010526315789473717,<0,>0,1,1,"{""gamma_R2"": ""P1P2"", ""rho_ATMi_R2"": ""P1P2"", ""rho_ATRi_R2"": ""P1P2"", ""rho_R2"": ""P1P2"", ""rho_WEE1i_R2"": ""P1P2""}","[""P1P2""]","[""AUNIP_-_26185881.23-P1P2|AUNIP_+_26185653.23-P1P2""]",
BABAM1,False,0.0,0.005494505494505495,0.05786289547354769,0.2289947222655007,-0.4413209459848379,0.04869854325210163,0.2802631578947368,0.7828947368421053,0.046052631578947366,0.025,0.02236842105263158,0.18289473684210528,0.025,0.35,0.5026315789473685,>0,<0,1,1,"{""gamma_R2"": ""P1P2"", ""rho_ATMi_R2"": ""P1P2"", ""rho_ATRi_R2"": ""P1P2"", ""rho_R2"": ""P1P2"", ""rho_WEE1i_R2"": ""P1P2""}","[""P1P2""]","[""BABAM1_-_17378310.23-P1P2|BABAM1_-_17378297.23-P1P2""]",
BACH1,False,0.0,0.0,-0.09424504664164499,-0.1987906622915944,0.5416685808928542,-0.03362231173470733,0.5223684210526316,0.21710526315789475,0.5013157894736842,0.5302631578947369,0.5223684210526316,0.6197368421052631,0.21710526315789475,0.021052631578947368,-0.30526315789473685,<0,>0,1,1,"{""gamma_R2"": ""P1P2"", ""rho_ATMi_R2"": ""P1P2"", ""rho_ATRi_R2"": ""P1P2"", ""rho_R2"": ""P1P2"", ""rho_WEE1i_R2"": ""P1P2""}","[""P1P2""]","[""BACH1_-_30671373.23-P1P2|BACH1_-_30671379.23-P1P2""]",
BARD1,False,0.0,0.163003663003663,-0.7738429756429498,-1.840048949548535,-2.181131162514744,-0.3455335671213193,0.9434210526315789,0.9802631578947368,0.9697368421052631,0.9118421052631579,0.9197368421052632,0.9355263157894737,0.22763157894736843,0.993421052631579,0.0368421052631579,<0,<0,1,1,"{""gamma_R2"": ""P1P2"", ""rho_ATMi_R2"": ""P1P2"", ""rho_ATRi_R2"": ""P1P2"", ""rho_R2"": ""P1P2"", ""rho_WEE1i_R2"": ""P1P2""}","[""P1P2""]","[""BARD1_+_215674388.23-P1P2|BARD1_+_215674399.23-P1P2""]",
BLM,False,0.0,0.04395604395604396,-0.0635543593989277,-0.3947312308196688,0.9506836549339868,-0.1064122655126067,0.475,0.0881578947368421,0.6671052631578948,0.7302631578947368,0.8592105263157894,0.9434210526315789,0.7092105263157895,0.8578947368421053,-0.3868421052631579,<0,>0,1,1,"{""gamma_R2"": ""P1P2"", ""rho_ATMi_R2"": ""P1P2"", ""rho_ATRi_R2"": ""P1P2"", ""rho_R2"": ""P1P2"", ""rho_WEE1i_R2"": ""P1P2""}","[""P1P2""]","[""BLM_-_91260635.23-P1P2|BLM_-_91260700.23-P1P2""]",
BRCC3,False,0.0,0.005494505494505495,-0.2966094240531881,-0.4164089395153733,-0.3501663517376647,-0.1037215298561846,0.7592105263157894,0.756578947368421,0.675,0.7171052631578947,0.16447368421052633,0.2565789473684211,0.8197368421052632,0.35,-0.0026315789473684292,<0,<0,1,1,"{""gamma_R2"": ""P1P2"", ""rho_ATMi_R2"": ""P1P2"", ""rho_ATRi_R2"": ""P1P2"", ""rho_R2"": ""P1P2"", ""rho_WEE1i_R2"": ""P1P2""}","[""P1P2""]","[""BRCC3_-_154299791.23-P1P2|BRCC3_-_154299779.23-P1P2""]",
BRD8,False,-0.617774112,0.023809523809523808,-0.1120592750845688,-1.41080293844296,0.2551113182188627,-0.1080822402119398,0.5407894736842105,0.4039473684210526,0.925,0.7355263157894737,0.9013157894736842,0.08552631578947369,0.04078947368421053,0.7526315789473684,-0.13684210526315788,<0,>0,1,1,"{""gamma_R2"": ""P1P2"", ""rho_ATMi_R2"": ""P1P2"", ""rho_ATRi_R2"": ""P1P2"", ""rho_R2"": ""P1P2"", ""rho_WEE1i_R2"": ""P1P2""}","[""P1P2""]","[""BRD8_+_137514287.23-P1P2|BRD8_+_137513959.23-P1P2""]",
BRE,False,-0.434240571,0.001834862385321101,-0.2020319009401187,0.1763811202014323,0.4903348692327376,-0.009589719072825022,0.656578947368421,0.24605263157894736,0.07763157894736843,0.3460526315789474,0.16973684210526316,0.7092105263157895,0.11710526315789474,0.16710526315789473,-0.4105263157894737,<0,>0,1,1,"{""gamma_R2"": ""P1P2"", ""rho_ATMi_R2"": ""P1P2"", ""rho_ATRi_R2"": ""P1P2"", ""rho_R2"": ""P1P2"", ""rho_WEE1i_R2"": ""P1P2""}","[""P1P2""]","[""BRE_-_28113815.23-P1P2|BRE_+_28113682.23-P1P2""]",
BRIP1,False,0.0,0.014678899082568808,0.02198204696278501,-0.2427370441294867,0.4709228193240758,-0.00303473378768251,0.3381578947368421,0.2644736842105263,0.5565789473684211,0.26973684210526316,0.42236842105263156,0.35657894736842105,0.7407894736842106,0.6592105263157895,-0.0736842105263158,>0,>0,1,1,"{""gamma_R2"": ""P1P2"", ""rho_ATMi_R2"": ""P1P2"", ""rho_ATRi_R2"": ""P1P2"", ""rho_R2"": ""P1P2"", ""rho_WEE1i_R2"": ""P1P2""}","[""P1P2""]","[""BRIP1_-_59940486.23-P1P2|BRIP1_+_59940833.23-P1P2""]",
BTG2,False,-0.290265969,0.009157509157509158,-0.04700766520128985,0.09991985283565694,0.3653020156839604,-0.009161481956080875,0.4355263157894737,0.31973684210526315,0.1118421052631579,0.34078947368421053,0.425,0.7118421052631579,0.49078947368421055,0.5223684210526316,-0.11578947368421055,<0,>0,1,1,"{""gamma_R2"": ""P1P2"", ""rho_ATMi_R2"": ""P1P2"", ""rho_ATRi_R2"": ""P1P2"", ""rho_R2"": ""P1P2"", ""rho_WEE1i_R2"": ""P1P2""}","[""P1P2""]","[""BTG2_+_203274694.23-P1P2|BTG2_-_203274644.23-P1P2""]",
C11orf30,False,-0.145572926,0.05311355311355311,-0.4527236630790365,-0.5273213764702869,-0.7607066109320173,-0.08906895533177439,0.8460526315789474,0.8618421052631579,0.725,0.6881578947368421,0.8960526315789473,0.8644736842105263,0.8776315789473684,0.8842105263157894,0.015789473684210464,<0,<0,1,1,"{""gamma_R2"": ""P1P2"", ""rho_ATMi_R2"": ""P1P2"", ""rho_ATRi_R2"": ""P1P2"", ""rho_R2"": ""P1P2"", ""rho_WEE1i_R2"": ""P1P2""}","[""P1P2""]","[""C11orf30_+_76156106.23-P1P2|C11orf30_+_76156112.23-P1P2""]",
C12orf5,False,0.0,0.009157509157509158,0.00951668928957113,-0.04002151551768766,0.4642248128794984,0.008204371061028943,0.3513157894736842,0.26973684210526316,0.2776315789473684,0.19342105263157894,0.5907894736842105,0.26973684210526316,0.4723684210526316,0.5223684210526316,-0.08157894736842103,>0,>0,1,1,"{""gamma_R2"": ""P1P2"", ""rho_ATMi_R2"": ""P1P2"", ""rho_ATRi_R2"": ""P1P2"", ""rho_R2"": ""P1P2"", ""rho_WEE1i_R2"": ""P1P2""}","[""P1P2""]","[""C12orf5_-_4430394.23-P1P2|C12orf5_-_4430419.23-P1P2""]",
C14orf39,False,-0.419959264,0.003663003663003663,0.1164434129373073,0.06249195410095269,0.03758292288157183,-0.04897518803443144,0.1986842105263158,0.5407894736842105,0.14605263157894738,0.5828947368421052,0.4986842105263158,0.6644736842105263,0.4486842105263158,0.22763157894736843,0.3421052631578947,>0,>0,1,1,"{""gamma_R2"": ""P1P2"", ""rho_ATMi_R2"": ""P1P2"", ""rho_ATRi_R2"": ""P1P2"", ""rho_R2"": ""P1P2"", ""rho_WEE1i_R2"": ""P1P2""}","[""P1P2""]","[""C14orf39_-_60952739.23-P1P2|C14orf39_+_60952719.23-P1P2""]",
C17orf104,False,0.0,0.005494505494505495,0.03568658299773538,0.1912796619725285,-0.1200467692482356,-0.02657094856404134,0.3144736842105263,0.6276315789473684,0.06447368421052632,0.4855263157894737,0.3092105263157895,0.6434210526315789,0.3618421052631579,0.35,0.31315789473684214,>0,<0,1,1,"{""gamma_R2"": ""P1P2"", ""rho_ATMi_R2"": ""P1P2"", ""rho_ATRi_R2"": ""P1P2"", ""rho_R2"": ""P1P2"", ""rho_WEE1i_R2"": ""P1P2""}","[""P1P2""]","[""C17orf104_+_42733824.23-P1P2|C17orf104_-_42733841.23-P1P2""]",
C17orf70,False,-0.114807525,0.0018315018315018315,-0.05597028643350328,0.08021637644708511,0.3836483013032999,0.008702349531436494,0.45394736842105265,0.3013157894736842,0.13815789473684212,0.18552631578947368,0.5486842105263158,0.42236842105263156,0.475,0.1013157894736842,-0.15263157894736845,<0,>0,1,1,"{""gamma_R2"": ""P1P2"", ""rho_ATMi_R2"": ""P1P2"", ""rho_ATRi_R2"": ""P1P2"", ""rho_R2"": ""P1P2"", ""rho_WEE1i_R2"": ""P1P2""}","[""P1P2""]","[""C17orf70_-_79519326.23-P1P2|C17orf70_+_79519322.23-P1P2""]",
C19orf40,False,-0.481187494,0.044036697247706424,-0.3231429447970893,-0.2226322387647401,-0.8736863255851848,-0.02732579069605027,0.7907894736842105,0.8828947368421053,0.5276315789473685,0.4986842105263158,0.9565789473684211,0.9407894736842105,0.36973684210526314,0.8631578947368421,0.0921052631578948,<0,<0,1,1,"{""gamma_R2"": ""P1P2"", ""rho_ATMi_R2"": ""P1P2"", ""rho_ATRi_R2"": ""P1P2"", ""rho_R2"": ""P1P2"", ""rho_WEE1i_R2"": ""P1P2""}","[""P1P2""]","[""C19orf40_+_33463208.23-P1P2|C19orf40_-_33463205.23-P1P2""]",
C1orf86,False,-0.021429801,0.007326007326007326,-0.1831587103272896,0.08112391450296268,0.6106535868833151,0.002944615386303064,0.6302631578947369,0.1986842105263158,0.1355263157894737,0.22236842105263158,0.743421052631579,0.26710526315789473,0.4118421052631579,0.4486842105263158,-0.43157894736842106,<0,>0,1,1,"{""gamma_R2"": ""P1P2"", ""rho_ATMi_R2"": ""P1P2"", ""rho_ATRi_R2"": ""P1P2"", ""rho_R2"": ""P1P2"", ""rho_WEE1i_R2"": ""P1P2""}","[""P1P2""]","[""C1orf86_+_2130134.23-P1P2|C1orf86_+_2126199.23-P1P2""]",
C20orf196,False,-0.341797347,0.009157509157509158,0.393894430624495,-0.2688659563851385,1.299310399676481,-0.06688999597624469,0.030263157894736843,0.05131578947368421,0.5802631578947368,0.6407894736842106,0.21710526315789475,0.7881578947368421,0.23289473684210527,0.5223684210526316,0.021052631578947368,>0,>0,1,1,"{""gamma_R2"": ""P1P2"", ""rho_ATMi_R2"": ""P1P2"", ""rho_ATRi_R2"": ""P1P2"", ""rho_R2"": ""P1P2"", ""rho_WEE1i_R2"": ""P1P2""}","[""P1P2""]","[""C20orf196_-_5731074.23-P1P2|C20orf196_-_5731086.23-P1P2""]",
C5orf45,False,-0.277697941,0.007326007326007326,0.3434720171388739,-0.6787246615319364,0.1725987138813439,-0.1052180489996511,0.04342105263157895,0.44605263157894737,0.7644736842105263,0.725,0.0881578947368421,0.24868421052631579,0.04868421052631579,0.4486842105263158,0.4026315789473684,>0,>0,1,1,"{""gamma_R2"": ""P1P2"", ""rho_ATMi_R2"": ""P1P2"", ""rho_ATRi_R2"": ""P1P2"", ""rho_R2"": ""P1P2"", ""rho_WEE1i_R2"": ""P1P2""}","[""P1P2""]","[""C5orf45_+_179285792.23-P1P2|C5orf45_-_179285748.23-P1P2""]",
C7orf49,False,-0.313875165,0.020146520146520148,-0.600745542567487,-0.9234960808240469,-0.6136673898944913,-0.1388018317350038,0.8934210526315789,0.8328947368421052,0.8381578947368421,0.7723684210526316,0.6407894736842106,0.843421052631579,0.9460526315789474,0.718421052631579,-0.06052631578947365,<0,<0,1,1,"{""gamma_R2"": ""P1P2"", ""rho_ATMi_R2"": ""P1P2"", ""rho_ATRi_R2"": ""P1P2"", ""rho_R2"": ""P1P2"", ""rho_WEE1i_R2"": ""P1P2""}","[""P1P2""]","[""C7orf49_+_134854993.23-P1P2|C7orf49_+_134855108.23-P1P2""]",
C9orf142,False,0.0,0.003663003663003663,-0.1123035689888526,-0.008286084068831467,0.122698652043553,-0.0002151867279322573,0.5434210526315789,0.506578947368421,0.2355263157894737,0.2565789473684211,0.3539473684210526,0.44342105263157894,0.09605263157894736,0.22763157894736843,-0.0368421052631579,<0,>0,1,1,"{""gamma_R2"": ""P1P2"", ""rho_ATMi_R2"": ""P1P2"", ""rho_ATRi_R2"": ""P1P2"", ""rho_R2"": ""P1P2"", ""rho_WEE1i_R2"": ""P1P2""}","[""P1P2""]","[""C9orf142_+_139886913.23-P1P2|C9orf142_+_139886943.23-P1P2""]",
CBX8,False,0.0,0.003663003663003663,0.2183359230315163,0.01833921272683714,0.4056635686283491,0.02302067258787023,0.11710526315789474,0.29342105263157897,0.1881578947368421,0.1013157894736842,0.23026315789473684,0.38552631578947366,0.019736842105263157,0.22763157894736843,0.17631578947368423,>0,>0,1,1,"{""gamma_R2"": ""P1P2"", ""rho_ATMi_R2"": ""P1P2"", ""rho_ATRi_R2"": ""P1P2"", ""rho_R2"": ""P1P2"", ""rho_WEE1i_R2"": ""P1P2""}","[""P1P2""]","[""CBX8_+_77770815.23-P1P2|CBX8_-_77770821.23-P1P2""]",
CCDC155,False,-0.072359589,0.005494505494505495,-0.04432596733069364,-0.07505452473198737,-0.2304053050348144,0.003732662076585512,0.43026315789473685,0.675,0.325,0.21447368421052632,0.48026315789473684,0.5539473684210526,0.29605263157894735,0.35,0.2447368421052632,<0,<0,1,1,"{""gamma_R2"": ""P1P2"", ""rho_ATMi_R2"": ""P1P2"", ""rho_ATRi_R2"": ""P1P2"", ""rho_R2"": ""P1P2"", ""rho_WEE1i_R2"": ""P1P2""}","[""P1P2""]","[""CCDC155_-_49891577.23-P1P2|CCDC155_-_49891601.23-P1P2""]",
CDC14B,False,-0.674476704,0.014652014652014652,-0.05885002310597957,-1.007302982349843,1.001965787831391,-0.4148823811610352,0.4644736842105263,0.08289473684210526,0.8671052631578947,0.9434210526315789,0.175,0.10394736842105264,0.2013157894736842,0.6434210526315789,-0.3815789473684211,<0,>0,1,1,"{""gamma_R2"": ""P1P2"", ""rho_ATMi_R2"": ""P1P2"", ""rho_ATRi_R2"": ""P1P2"", ""rho_R2"": ""P1P2"", ""rho_WEE1i_R2"": ""P1P2""}","[""P1P2""]","[""CDC14B_-_99381833.23-P1P2|CDC14B_-_99382080.23-P1P2""]",
CDC7,False,-0.921834634,0.047619047619047616,-0.6906780354823683,-2.448742211099469,-0.7770876763186504,-0.266551467574258,0.9092105263157895,0.8644736842105263,0.993421052631579,0.875,0.8065789473684211,0.625,0.9513157894736842,0.8697368421052631,-0.044736842105263186,<0,<0,1,1,"{""gamma_R2"": ""P1P2"", ""rho_ATMi_R2"": ""P1P2"", ""rho_ATRi_R2"": ""P1P2"", ""rho_R2"": ""P1P2"", ""rho_WEE1i_R2"": ""P1P2""}","[""P1P2""]","[""CDC7_+_91966607.23-P1P2|CDC7_+_91966603.23-P1P2""]",
CDK2,False,-0.766173236,0.06776556776556776,-0.1254925350812389,-0.7002830081758151,0.02824454937896603,-0.03164600275732306,0.5539473684210526,0.5460526315789473,0.775,0.5197368421052632,0.32763157894736844,0.8302631578947368,0.3539473684210526,0.9144736842105263,-0.007894736842105288,<0,>0,1,1,"{""gamma_R2"": ""P1P2"", ""rho_ATMi_R2"": ""P1P2"", ""rho_ATRi_R2"": ""P1P2"", ""rho_R2"": ""P1P2"", ""rho_WEE1i_R2"": ""P1P2""}","[""P1P2""]","[""CDK2_-_56360602.23-P1P2|CDK2_+_56360661.23-P1P2""]",
CDK9,False,-0.288904447,0.020146520146520148,0.1054244719755844,-0.1957754576325619,1.078297193254508,-0.2020798652632533,0.20921052631578949,0.06973684210526315,0.49605263157894736,0.825,0.4118421052631579,0.5513157894736842,0.36447368421052634,0.718421052631579,-0.13947368421052633,>0,>0,1,1,"{""gamma_R2"": ""P1P2"", ""rho_ATMi_R2"": ""P1P2"", ""rho_ATRi_R2"": ""P1P2"", ""rho_R2"": ""P1P2"", ""rho_WEE1i_R2"": ""P1P2""}","[""P1P2""]","[""CDK9_-_130548401.23-P1P2|CDK9_-_130548749.23-P1P2""]",
CDKN2D,False,-0.005445701,0.005494505494505495,-0.1739026269922916,-0.01773957692083202,-3.912960673439714,-0.2164569761326099,0.6171052631578947,0.9960526315789474,0.25394736842105264,0.8328947368421052,0.7355263157894737,0.7460526315789474,0.5644736842105263,0.35,0.3789473684210527,<0,<0,1,1,"{""gamma_R2"": ""P1P2"", ""rho_ATMi_R2"": ""P1P2"", ""rho_ATRi_R2"": ""P1P2"", ""rho_R2"": ""P1P2"", ""rho_WEE1i_R2"": ""P1P2""}","[""P1P2""]","[""CDKN2D_+_10679673.23-P1P2|CDKN2D_+_10679551.23-P1P2""]",
CEP164,False,0.0,0.0018315018315018315,0.3136064652662103,-0.2932693054026099,0.01859376750814767,-0.01232085937597012,0.06710526315789474,0.5565789473684211,0.5960526315789474,0.3618421052631579,0.06710526315789474,0.11447368421052631,0.21973684210526315,0.1013157894736842,0.48947368421052634,>0,>0,1,1,"{""gamma_R2"": ""P1P2"", ""rho_ATMi_R2"": ""P1P2"", ""rho_ATRi_R2"": ""P1P2"", ""rho_R2"": ""P1P2"", ""rho_WEE1i_R2"": ""P1P2""}","[""P1P2""]","[""CEP164_-_117199076.23-P1P2|CEP164_-_117198944.23-P1P2""]",
CETN1,False,0.0,0.007326007326007326,-0.04070015555217027,0.03540150106960516,-1.275832503896948,0.01636327270742328,0.41973684210526313,0.9355263157894737,0.16447368421052633,0.1355263157894737,0.4855263157894737,0.5144736842105263,0.5486842105263158,0.4486842105263158,0.5157894736842106,<0,<0,1,1,"{""gamma_R2"": ""P1P2"", ""rho_ATMi_R2"": ""P1P2"", ""rho_ATRi_R2"": ""P1P2"", ""rho_R2"": ""P1P2"", ""rho_WEE1i_R2"": ""P1P2""}","[""P1P2""]","[""CETN1_+_580377.23-P1P2|CETN1_-_580394.23-P1P2""]",
CHD1L,False,-0.172942037,0.01282051282051282,0.08582248563268709,-0.8448020421478706,-0.9208609830707476,0.01384045023336851,0.2355263157894737,0.8934210526315789,0.8197368421052632,0.14605263157894738,0.7039473684210527,0.4855263157894737,0.4276315789473684,0.6078947368421053,0.6578947368421052,>0,<0,1,1,"{""gamma_R2"": ""P1P2"", ""rho_ATMi_R2"": ""P1P2"", ""rho_ATRi_R2"": ""P1P2"", ""rho_R2"": ""P1P2"", ""rho_WEE1i_R2"": ""P1P2""}","[""P1P2""]","[""CHD1L_-_146714409.23-P1P2|CHD1L_-_146714437.23-P1P2""]",
CHRNA4,False,-0.610462507,0.04945054945054945,-0.3300410294708144,-0.2781315630423835,-0.4229240418931168,-0.3351248008232837,0.7934210526315789,0.7776315789473685,0.5907894736842105,0.906578947368421,0.8355263157894737,0.2802631578947368,0.6407894736842106,0.875,-0.015789473684210464,<0,<0,1,1,"{""gamma_R2"": ""P1P2"", ""rho_ATMi_R2"": ""P1P2"", ""rho_ATRi_R2"": ""P1P2"", ""rho_R2"": ""P1P2"", ""rho_WEE1i_R2"": ""P1P2""}","[""P1P2""]","[""CHRNA4_+_61992566.23-P1P2|CHRNA4_-_61992667.23-P1P2""]",
CIB1,False,-0.041598754,0.0018315018315018315,-0.082557973450654,-0.2940137459552442,0.3314887296197533,-0.1018300996987632,0.49605263157894736,0.35657894736842105,0.5986842105263158,0.7118421052631579,0.40921052631578947,0.13815789473684212,0.6644736842105263,0.1013157894736842,-0.1394736842105263,<0,>0,1,1,"{""gamma_R2"": ""P1P2"", ""rho_ATMi_R2"": ""P1P2"", ""rho_ATRi_R2"": ""P1P2"", ""rho_R2"": ""P1P2"", ""rho_WEE1i_R2"": ""P1P2""}","[""P1P2""]","[""CIB1_+_90777177.23-P1P2|CIB1_-_90777091.23-P1P2""]",
COPS7A,False,0.0,0.01098901098901099,0.2317280372806271,-0.6268849508744372,-0.1017079212713262,-0.1438420472335553,0.10921052631578948,0.6171052631578947,0.7539473684210526,0.775,0.05131578947368421,0.4644736842105263,0.0881578947368421,0.5776315789473684,0.5078947368421052,>0,<0,1,1,"{""gamma_R2"": ""P1P2"", ""rho_ATMi_R2"": ""P1P2"", ""rho_ATRi_R2"": ""P1P2"", ""rho_R2"": ""P1P2"", ""rho_WEE1i_R2"": ""P1P2""}","[""P1P2""]","[""COPS7A_-_6832977.23-P1P2|COPS7A_-_6833496.23-P1P2""]",
COPS8,False,0.0,0.08974358974358974,0.2153940403928458,-1.752862907422334,0.50582169969847,-0.6403378258032079,0.12236842105263158,0.23026315789473684,0.9565789473684211,0.9960526315789474,0.1723684210526316,0.7960526315789473,0.6328947368421053,0.9447368421052632,0.10789473684210525,>0,>0,1,1,"{""gamma_R2"": ""P1P2"", ""rho_ATMi_R2"": ""P1P2"", ""rho_ATRi_R2"": ""P1P2"", ""rho_R2"": ""P1P2"", ""rho_WEE1i_R2"": ""P1P2""}","[""P1P2""]","[""COPS8_-_237994589.23-P1P2|COPS8_-_237994564.23-P1P2""]",
CSNK1E,False,0.0,0.0018315018315018315,-0.05365972119223095,0.09068731438458247,0.7918669492153007,-0.003270466886579599,0.4513157894736842,0.12763157894736843,0.12236842105263158,0.2776315789473684,0.2723684210526316,0.1513157894736842,0.41710526315789476,0.1013157894736842,-0.3236842105263158,<0,>0,1,1,"{""gamma_R2"": ""P1P2"", ""rho_ATMi_R2"": ""P1P2"", ""rho_ATRi_R2"": ""P1P2"", ""rho_R2"": ""P1P2"", ""rho_WEE1i_R2"": ""P1P2""}","[""P1P2""]","[""CSNK1E_+_38713240.23-P1P2|CSNK1E_-_38712904.23-P1P2""]",
CUL4A,False,-0.214535268,0.007326007326007326,-0.1860612801357688,-0.308937452118941,0.3781403500408573,-0.01747207422606328,0.6407894736842106,0.3092105263157895,0.6171052631578947,0.40131578947368424,0.45921052631578946,0.10921052631578948,0.5434210526315789,0.4486842105263158,-0.3315789473684211,<0,>0,1,1,"{""gamma_R2"": ""P1P2"", ""rho_ATMi_R2"": ""P1P2"", ""rho_ATRi_R2"": ""P1P2"", ""rho_R2"": ""P1P2"", ""rho_WEE1i_R2"": ""P1P2""}","[""P1P2""]","[""CUL4A_-_113864345.23-P1P2|CUL4A_+_113864367.23-P1P2""]",
CUL4B,False,-0.138062465,0.007326007326007326,-0.00187468976735931,-0.2357799587671964,-0.6395258814360073,-0.04829587684446249,0.375,0.8407894736842105,0.5460526315789473,0.5776315789473684,0.18289473684210528,0.5907894736842105,0.009210526315789473,0.4486842105263158,0.46578947368421053,<0,<0,1,1,"{""gamma_R2"": ""P1P2"", ""rho_ATMi_R2"": ""P1P2"", ""rho_ATRi_R2"": ""P1P2"", ""rho_R2"": ""P1P2"", ""rho_WEE1i_R2"": ""P1P2""}","[""P1P2""]","[""CUL4B_-_119694822.23-P1P2|CUL4B_-_119694714.23-P1P2""]",
CXorf57,False,0.0,0.009157509157509158,-0.1477350852695724,0.04244963525878716,0.4480854942184382,0.02770488104600519,0.5855263157894737,0.28289473684210525,0.15657894736842104,0.075,0.33289473684210524,0.38026315789473686,0.18026315789473685,0.5223684210526316,-0.3026315789473684,<0,>0,1,1,"{""gamma_R2"": ""P1P2"", ""rho_ATMi_R2"": ""P1P2"", ""rho_ATRi_R2"": ""P1P2"", ""rho_R2"": ""P1P2"", ""rho_WEE1i_R2"": ""P1P2""}","[""P1P2""]","[""CXorf57_-_105855208.23-P1P2|CXorf57_+_105855251.23-P1P2""]",
DCLRE1A,False,-0.235792913,0.0018315018315018315,0.1455647884105885,0.02930945476993432,-0.899236609512605,-0.04885429799078161,0.16447368421052633,0.8881578947368421,0.1723684210526316,0.5802631578947368,0.4881578947368421,0.09078947368421053,0.06973684210526315,0.1013157894736842,0.7236842105263158,>0,<0,1,1,"{""gamma_R2"": ""P1P2"", ""rho_ATMi_R2"": ""P1P2"", ""rho_ATRi_R2"": ""P1P2"", ""rho_R2"": ""P1P2"", ""rho_WEE1i_R2"": ""P1P2""}","[""P1P2""]","[""DCLRE1A_-_115613933.23-P1P2|DCLRE1A_+_115613885.23-P1P2""]",
DCLRE1B,True,-1.182921041,0.05311355311355311,-0.02656682812892027,-1.253108572564838,1.648798595485896,-0.4619279555321679,0.39342105263157895,0.02763157894736842,0.9092105263157895,0.9592105263157895,0.44605263157894737,0.7986842105263158,0.5802631578947368,0.8842105263157894,-0.36578947368421055,<0,>0,1,1,"{""gamma_R2"": ""P1P2"", ""rho_ATMi_R2"": ""P1P2"", ""rho_ATRi_R2"": ""P1P2"", ""rho_R2"": ""P1P2"", ""rho_WEE1i_R2"": ""P1P2""}","[""P1P2""]","[""DCLRE1B_+_114448004.23-P1P2|DCLRE1B_+_114448001.23-P1P2""]",
DCLRE1C,False,-0.437087909,0.007326007326007326,0.1937094477744732,-0.4192426360743795,0.3624212239577736,-0.0625497884755821,0.1355263157894737,0.32763157894736844,0.6776315789473685,0.6328947368421053,0.5355263157894737,0.8618421052631579,0.5960526315789474,0.4486842105263158,0.19210526315789475,>0,>0,1,1,"{""gamma_R2"": ""P1P2"", ""rho_ATMi_R2"": ""P1P2"", ""rho_ATRi_R2"": ""P1P2"", ""rho_R2"": ""P1P2"", ""rho_WEE1i_R2"": ""P1P2""}","[""P1P2""]","[""DCLRE1C_+_14996016.23-P1P2|DCLRE1C_-_14996032.23-P1P2""]",
DDB2,False,-0.042124514,0.009157509157509158,0.3275865848046698,-0.2965090199698474,0.1856918669532279,-0.006620104081270247,0.05921052631578947,0.4407894736842105,0.6039473684210527,0.3223684210526316,0.02763157894736842,0.15394736842105264,0.17763157894736842,0.5223684210526316,0.381578947368421,>0,>0,1,1,"{""gamma_R2"": ""P1P2"", ""rho_ATMi_R2"": ""P1P2"", ""rho_ATRi_R2"": ""P1P2"", ""rho_R2"": ""P1P2"", ""rho_WEE1i_R2"": ""P1P2""}","[""P1P2""]","[""DDB2_+_47236636.23-P1P2|DDB2_-_47236690.23-P1P2""]",
DDX1,True,-1.505019396,0.07706422018348624,-0.4201546608156783,-2.052919020232622,-0.5606224328165395,-0.3772478673688935,0.8355263157894737,0.8197368421052632,0.9828947368421053,0.9223684210526316,0.6302631578947369,0.02236842105263158,0.9144736842105263,0.9355263157894737,-0.015789473684210464,<0,<0,1,1,"{""gamma_R2"": ""P1P2"", ""rho_ATMi_R2"": ""P1P2"", ""rho_ATRi_R2"": ""P1P2"", ""rho_R2"": ""P1P2"", ""rho_WEE1i_R2"": ""P1P2""}","[""P1P2""]","[""DDX1_-_15732017.23-P1P2|DDX1_-_15732021.23-P1P2""]",
DDX11,False,0.0,0.07142857142857142,-0.2257122638664275,-0.2694193597770665,-0.2718637446665822,-0.06398926091373557,0.6828947368421052,0.7065789473684211,0.5828947368421052,0.6381578947368421,0.7065789473684211,0.45394736842105265,0.8644736842105263,0.9223684210526316,0.023684210526315863,<0,<0,1,1,"{""gamma_R2"": ""P1P2"", ""rho_ATMi_R2"": ""P1P2"", ""rho_ATRi_R2"": ""P1P2"", ""rho_R2"": ""P1P2"", ""rho_WEE1i_R2"": ""P1P2""}","[""P1P2""]","[""DDX11_+_31226729.23-P1P2|DDX11_+_31226823.23-P1P2""]",
DEK,False,0.0,0.01098901098901099,0.2076486037802052,-0.2410315992170456,1.763867535370757,-0.04347355659956133,0.125,0.02236842105263158,0.5539473684210526,0.5671052631578948,0.23289473684210527,0.6907894736842105,0.5144736842105263,0.5776315789473684,-0.10263157894736842,>0,>0,1,1,"{""gamma_R2"": ""P1P2"", ""rho_ATMi_R2"": ""P1P2"", ""rho_ATRi_R2"": ""P1P2"", ""rho_R2"": ""P1P2"", ""rho_WEE1i_R2"": ""P1P2""}","[""P1P2""]","[""DEK_+_18264707.23-P1P2|DEK_-_18264717.23-P1P2""]",
DMC1,False,0.0,0.0018315018315018315,-0.03781791634391481,0.1444543868141446,-0.8863442960312531,0.02183731397328761,0.40921052631578947,0.8855263157894737,0.08552631578947369,0.10657894736842105,0.5407894736842105,0.7776315789473685,0.3881578947368421,0.1013157894736842,0.47631578947368425,<0,<0,1,1,"{""gamma_R2"": ""P1P2"", ""rho_ATMi_R2"": ""P1P2"", ""rho_ATRi_R2"": ""P1P2"", ""rho_R2"": ""P1P2"", ""rho_WEE1i_R2"": ""P1P2""}","[""P1P2""]","[""DMC1_-_38966148.23-P1P2|DMC1_+_38966174.23-P1P2""]",
DNTT,False,0.0,0.01282051282051282,0.3292337974905921,-0.4867947459052626,0.5572534966662307,-0.0550349431998722,0.056578947368421055,0.21447368421052632,0.7118421052631579,0.6065789473684211,0.019736842105263157,0.3381578947368421,0.038157894736842106,0.6078947368421053,0.15789473684210525,>0,>0,1,1,"{""gamma_R2"": ""P1P2"", ""rho_ATMi_R2"": ""P1P2"", ""rho_ATRi_R2"": ""P1P2"", ""rho_R2"": ""P1P2"", ""rho_WEE1i_R2"": ""P1P2""}","[""P1P2""]","[""DNTT_+_98064251.23-P1P2|DNTT_-_98064235.23-P1P2""]",
DOT1L,True,-1.091790952,0.06227106227106227,-0.6944236136777848,-0.8223499714887632,0.7665661298884551,-0.1317266992323981,0.9171052631578948,0.13815789473684212,0.8118421052631579,0.756578947368421,0.825,0.6171052631578947,0.24605263157894736,0.9013157894736842,-0.7789473684210526,<0,>0,1,1,"{""gamma_R2"": ""P1P2"", ""rho_ATMi_R2"": ""P1P2"", ""rho_ATRi_R2"": ""P1P2"", ""rho_R2"": ""P1P2"", ""rho_WEE1i_R2"": ""P1P2""}","[""P1P2""]","[""DOT1L_-_2163964.23-P1P2|DOT1L_+_2164312.23-P1P2""]",
DTX3L,False,0.0,0.003663003663003663,0.0530906204639526,-0.250473328591291,-0.3329692821053283,0.02756170484351451,0.2855263157894737,0.743421052631579,0.5592105263157895,0.07763157894736843,0.5197368421052632,0.0881578947368421,0.175,0.22763157894736843,0.4578947368421053,>0,<0,1,1,"{""gamma_R2"": ""P1P2"", ""rho_ATMi_R2"": ""P1P2"", ""rho_ATRi_R2"": ""P1P2"", ""rho_R2"": ""P1P2"", ""rho_WEE1i_R2"": ""P1P2""}","[""P1P2""]","[""DTX3L_+_122283253.23-P1P2|DTX3L_+_122283258.23-P1P2""]",
EEPD1,False,-0.398745933,0.003663003663003663,-0.2856964651913076,0.2139979306157072,0.3701301941985205,-0.01671496255389996,0.7486842105263158,0.3171052631578947,0.04868421052631579,0.3960526315789474,0.6539473684210526,0.4276315789473684,0.6592105263157895,0.22763157894736843,-0.4315789473684211,<0,>0,1,1,"{""gamma_R2"": ""P1P2"", ""rho_ATMi_R2"": ""P1P2"", ""rho_ATRi_R2"": ""P1P2"", ""rho_R2"": ""P1P2"", ""rho_WEE1i_R2"": ""P1P2""}","[""P1P2""]","[""EEPD1_-_36192950.23-P1P2|EEPD1_-_36192902.23-P1P2""]",
EGFR,False,0.0,0.0018315018315018315,-0.4429104784104547,-0.3508388947779206,0.4266774934779157,-0.1054638604750216,0.843421052631579,0.2881578947368421,0.6460526315789473,0.7276315789473684,0.7118421052631579,0.075,0.2355263157894737,0.1013157894736842,-0.5552631578947369,<0,>0,1,1,"{""gamma_R2"": ""P1P2"", ""rho_ATMi_R2"": ""P1P2"", ""rho_ATRi_R2"": ""P1P2"", ""rho_R2"": ""P1P2"", ""rho_WEE1i_R2"": ""P1P2""}","[""P1P2""]","[""EGFR_-_55086719.23-P1P2|EGFR_-_55086784.23-P1P2""]",
EID3,False,-0.496838371,0.003663003663003663,0.1216488238181888,-0.00305579852700788,0.307988483236549,-0.03784515195129679,0.19342105263157894,0.375,0.22763157894736843,0.5539473684210526,0.2986842105263158,0.4381578947368421,0.4986842105263158,0.22763157894736843,0.18157894736842106,>0,>0,1,1,"{""gamma_R2"": ""P1P2"", ""rho_ATMi_R2"": ""P1P2"", ""rho_ATRi_R2"": ""P1P2"", ""rho_R2"": ""P1P2"", ""rho_WEE1i_R2"": ""P1P2""}","[""P1P2""]","[""EID3_+_104697575.23-P1P2|EID3_-_104697592.23-P1P2""]",
EME1,False,-0.403708554,0.031135531135531136,-0.5373503779776502,-0.3815807445121383,-0.2712858224394065,-0.104062782840889,0.8828947368421053,0.7039473684210527,0.6618421052631579,0.7197368421052631,0.6434210526315789,0.5776315789473684,0.6118421052631579,0.8171052631578948,-0.17894736842105263,<0,<0,1,1,"{""gamma_R2"": ""P1P2"", ""rho_ATMi_R2"": ""P1P2"", ""rho_ATRi_R2"": ""P1P2"", ""rho_R2"": ""P1P2"", ""rho_WEE1i_R2"": ""P1P2""}","[""P1P2""]","[""EME1_+_48450680.23-P1P2|EME1_-_48450651.23-P1P2""]",
EME2,False,-0.06447293,0.005504587155963303,-0.08196004822673524,-0.6797411365096069,-0.7817914890053844,-0.1635357702009494,0.4934210526315789,0.8697368421052631,0.7671052631578947,0.7907894736842105,0.8539473684210527,0.36973684210526314,0.3144736842105263,0.4052631578947368,0.3763157894736842,<0,<0,1,1,"{""gamma_R2"": ""P1P2"", ""rho_ATMi_R2"": ""P1P2"", ""rho_ATRi_R2"": ""P1P2"", ""rho_R2"": ""P1P2"", ""rho_WEE1i_R2"": ""P1P2""}","[""P1P2""]","[""EME2_-_1823220.23-P1P2|EME2_-_1823252.23-P1P2""]",
ENDOV,False,0.0,0.005494505494505495,0.07895809611379598,-0.1714703500376046,0.2185743607966352,0.01725699052591653,0.25394736842105264,0.43026315789473685,0.4776315789473684,0.12763157894736843,0.5671052631578948,0.5407894736842105,0.8302631578947368,0.35,0.1763157894736842,>0,>0,1,1,"{""gamma_R2"": ""P1P2"", ""rho_ATMi_R2"": ""P1P2"", ""rho_ATRi_R2"": ""P1P2"", ""rho_R2"": ""P1P2"", ""rho_WEE1i_R2"": ""P1P2""}","[""P1P2""]","[""ENDOV_-_78389210.23-P1P2|ENDOV_+_78389220.23-P1P2""]",
EP300,False,0.0,0.003669724770642202,-0.08900320696487704,-0.7213130441239535,-0.003540509768201366,-0.09533640123114452,0.5013157894736842,0.5723684210526315,0.7907894736842105,0.7039473684210527,0.13815789473684212,0.14868421052631578,0.7381578947368421,0.29210526315789476,0.07105263157894737,<0,<0,1,1,"{""gamma_R2"": ""P1P2"", ""rho_ATMi_R2"": ""P1P2"", ""rho_ATRi_R2"": ""P1P2"", ""rho_R2"": ""P1P2"", ""rho_WEE1i_R2"": ""P1P2""}","[""P1P2""]","[""EP300_+_41488885.23-P1P2|EP300_-_41487756.23-P1P2""]",
EPC1,False,-0.670666927,0.009174311926605505,-0.1295441389800893,-0.5278643301153579,1.40755517477424,-0.02866295962882248,0.5618421052631579,0.035526315789473684,0.7276315789473684,0.506578947368421,0.5592105263157895,0.011842105263157895,0.15394736842105264,0.5592105263157895,-0.5263157894736843,<0,>0,1,1,"{""gamma_R2"": ""P1P2"", ""rho_ATMi_R2"": ""P1P2"", ""rho_ATRi_R2"": ""P1P2"", ""rho_R2"": ""P1P2"", ""rho_WEE1i_R2"": ""P1P2""}","[""P1P2""]","[""EPC1_+_32636079.23-P1P2|EPC1_+_32636107.23-P1P2""]",
EPC2,False,-0.476255688,0.022018348623853212,-0.2793694469344481,-0.05278446926220889,0.1401496009614253,0.002456391890188485,0.7381578947368421,0.4776315789473684,0.2986842105263158,0.2355263157894737,0.8407894736842105,0.8171052631578948,0.6513157894736842,0.7381578947368421,-0.2605263157894737,<0,>0,1,1,"{""gamma_R2"": ""P1P2"", ""rho_ATMi_R2"": ""P1P2"", ""rho_ATRi_R2"": ""P1P2"", ""rho_R2"": ""P1P2"", ""rho_WEE1i_R2"": ""P1P2""}","[""P1P2""]","[""EPC2_-_149402744.23-P1P2|EPC2_+_149402296.23-P1P2""]",
ERCC1,False,0.0,0.031192660550458717,-0.1452758451618639,0.01107010357771543,0.1522013008881102,-0.02534181292953444,0.575,0.4618421052631579,0.19605263157894737,0.4697368421052632,0.4934210526315789,0.30657894736842106,0.2881578947368421,0.8276315789473684,-0.11315789473684207,<0,>0,1,1,"{""gamma_R2"": ""P1P2"", ""rho_ATMi_R2"": ""P1P2"", ""rho_ATRi_R2"": ""P1P2"", ""rho_R2"": ""P1P2"", ""rho_WEE1i_R2"": ""P1P2""}","[""P1P2""]","[""ERCC1_-_45927128.23-P1P2|ERCC1_-_45927125.23-P1P2""]",
ERCC5,False,0.0,0.01282051282051282,0.05351435614053423,-0.1178594345095328,-0.9653326720305203,-0.02763869802667203,0.28289473684210525,0.9039473684210526,0.40921052631578947,0.5039473684210526,0.07763157894736843,0.375,0.08552631578947369,0.6078947368421053,0.6210526315789473,>0,<0,1,1,"{""gamma_R2"": ""P1P2"", ""rho_ATMi_R2"": ""P1P2"", ""rho_ATRi_R2"": ""P1P2"", ""rho_R2"": ""P1P2"", ""rho_WEE1i_R2"": ""P1P2""}","[""P1P2""]","[""ERCC5_+_103498446.23-P1P2|ERCC5_-_103498479.23-P1P2""]",
ERCC6,False,-0.487347227,0.01098901098901099,-0.03439957620314334,-0.1516436622141495,-0.5285062588753957,0.001219485319575769,0.40657894736842104,0.8171052631578948,0.45394736842105265,0.24342105263157895,0.4276315789473684,0.5986842105263158,0.5907894736842105,0.5776315789473684,0.41052631578947374,<0,<0,1,1,"{""gamma_R2"": ""P1P2"", ""rho_ATMi_R2"": ""P1P2"", ""rho_ATRi_R2"": ""P1P2"", ""rho_R2"": ""P1P2"", ""rho_WEE1i_R2"": ""P1P2""}","[""P1P2""]","[""ERCC6_+_50747057.23-P1P2|ERCC6_+_50747060.23-P1P2""]",
ERCC6L2,False,-0.389879801,0.0,-0.1835020551520009,-0.4563893298000563,-1.166693148184446,0.009296490776312593,0.6328947368421053,0.9197368421052632,0.6881578947368421,0.16973684210526316,0.006578947368421052,0.9276315789473685,0.6486842105263158,0.021052631578947368,0.2868421052631579,<0,<0,1,1,"{""gamma_R2"": ""P1P2"", ""rho_ATMi_R2"": ""P1P2"", ""rho_ATRi_R2"": ""P1P2"", ""rho_R2"": ""P1P2"", ""rho_WEE1i_R2"": ""P1P2""}","[""P1P2""]","[""ERCC6L2_-_98638049.23-P1P2|ERCC6L2_+_98637976.23-P1P2""]",
ERCC8,False,0.0,0.0018315018315018315,0.2242771525233683,-0.1328870226491497,0.3310991129122222,0.02714287465861237,0.1118421052631579,0.3592105263157895,0.42236842105263156,0.08552631578947369,0.038157894736842106,0.05131578947368421,0.05394736842105263,0.1013157894736842,0.24736842105263157,>0,>0,1,1,"{""gamma_R2"": ""P1P2"", ""rho_ATMi_R2"": ""P1P2"", ""rho_ATRi_R2"": ""P1P2"", ""rho_R2"": ""P1P2"", ""rho_WEE1i_R2"": ""P1P2""}","[""P1P2""]","[""ERCC8_-_60240852.23-P1P2|ERCC8_+_60240871.23-P1P2""]",
ETAA1,False,-0.061623329,0.029304029304029304,0.09292960800425698,-0.2087021541057636,-0.1226357243630959,0.004028734034802163,0.225,0.6302631578947369,0.5144736842105263,0.2118421052631579,0.41973684210526313,0.993421052631579,0.9381578947368421,0.8,0.4052631578947369,>0,<0,1,1,"{""gamma_R2"": ""P1P2"", ""rho_ATMi_R2"": ""P1P2"", ""rho_ATRi_R2"": ""P1P2"", ""rho_R2"": ""P1P2"", ""rho_WEE1i_R2"": ""P1P2""}","[""P1P2""]","[""ETAA1_-_67624659.23-P1P2|ETAA1_+_67624484.23-P1P2""]",
EXD2,False,0.0,0.003669724770642202,-0.3307719187982923,-0.09919866759299752,0.1377731891777505,-0.02131886908934556,0.7986842105263158,0.48026315789473684,0.3881578947368421,0.4355263157894737,0.6171052631578947,0.4144736842105263,0.6223684210526316,0.29210526315789476,-0.31842105263157894,<0,>0,1,1,"{""gamma_R2"": ""P1P2"", ""rho_ATMi_R2"": ""P1P2"", ""rho_ATRi_R2"": ""P1P2"", ""rho_R2"": ""P1P2"", ""rho_WEE1i_R2"": ""P1P2""}","[""P1P2""]","[""EXD2_+_69658617.23-P1P2|EXD2_+_69658603.23-P1P2""]",
EXO1,False,0.0,0.003669724770642202,-0.2776666619213576,-0.08672281342131724,-0.4152345266769937,-0.03162058398082496,0.7328947368421053,0.775,0.3539473684210526,0.5171052631578947,0.906578947368421,0.7065789473684211,0.030263157894736843,0.29210526315789476,0.04210526315789476,<0,<0,1,1,"{""gamma_R2"": ""P1P2"", ""rho_ATMi_R2"": ""P1P2"", ""rho_ATRi_R2"": ""P1P2"", ""rho_R2"": ""P1P2"", ""rho_WEE1i_R2"": ""P1P2""}","[""P1P2""]","[""EXO1_+_242011534.23-P1P2|EXO1_+_242011550.23-P1P2""]",
EXO5,False,0.0,0.003663003663003663,-0.1770662556054007,0.0006583903399803859,-0.04851772495970145,-0.02744652825913448,0.6197368421052631,0.5881578947368421,0.21710526315789475,0.5013157894736842,0.7486842105263158,0.4407894736842105,0.2986842105263158,0.22763157894736843,-0.03157894736842104,<0,<0,1,1,"{""gamma_R2"": ""P1P2"", ""rho_ATMi_R2"": ""P1P2"", ""rho_ATRi_R2"": ""P1P2"", ""rho_R2"": ""P1P2"", ""rho_WEE1i_R2"": ""P1P2""}","[""P1P2""]","[""EXO5_+_40974661.23-P1P2|EXO5_+_40974657.23-P1P2""]",
EYA2,False,-0.225019262,0.007326007326007326,-0.1221282087059559,0.08768882024479178,0.510298201240062,-0.0359031365470563,0.5513157894736842,0.225,0.125,0.5460526315789473,0.7934210526315789,0.2013157894736842,0.8171052631578948,0.4486842105263158,-0.3263157894736842,<0,>0,1,1,"{""gamma_R2"": ""P1P2"", ""rho_ATMi_R2"": ""P1P2"", ""rho_ATRi_R2"": ""P1P2"", ""rho_R2"": ""P1P2"", ""rho_WEE1i_R2"": ""P1P2""}","[""P1P2""]","[""EYA2_+_45523542.23-P1P2|EYA2_+_45523552.23-P1P2""]",
EYA3,False,0.0,0.014652014652014652,0.1991527360384135,-0.09871123229588954,-0.946136529500477,-0.02256240605455297,0.13026315789473683,0.8986842105263158,0.38552631578947366,0.4486842105263158,0.06184210526315789,0.39342105263157895,0.30657894736842106,0.6434210526315789,0.7684210526315789,>0,<0,1,1,"{""gamma_R2"": ""P1P2"", ""rho_ATMi_R2"": ""P1P2"", ""rho_ATRi_R2"": ""P1P2"", ""rho_R2"": ""P1P2"", ""rho_WEE1i_R2"": ""P1P2""}","[""P1P2""]","[""EYA3_-_28415104.23-P1P2|EYA3_-_28415116.23-P1P2""]",
EYA4,False,-0.232704835,0.01282051282051282,0.2359212796143031,0.0333724451799314,-0.1781157255232202,-0.04371511554701094,0.10394736842105264,0.6644736842105263,0.16710526315789473,0.5697368421052632,0.1618421052631579,0.6697368421052632,0.37763157894736843,0.6078947368421053,0.5605263157894737,>0,<0,1,1,"{""gamma_R2"": ""P1P2"", ""rho_ATMi_R2"": ""P1P2"", ""rho_ATRi_R2"": ""P1P2"", ""rho_R2"": ""P1P2"", ""rho_WEE1i_R2"": ""P1P2""}","[""P1P2""]","[""EYA4_+_133562531.23-P1P2|EYA4_+_133562512.23-P1P2""]",
FAM168A,False,-0.190945046,0.014652014652014652,0.2466986367633018,-0.2000705366311144,-0.3237425053424792,0.04076538115668982,0.0881578947368421,0.7302631578947368,0.506578947368421,0.04342105263157895,0.26973684210526316,0.035526315789473684,0.756578947368421,0.6434210526315789,0.6421052631578947,>0,<0,1,1,"{""gamma_R2"": ""P1P2"", ""rho_ATMi_R2"": ""P1P2"", ""rho_ATRi_R2"": ""P1P2"", ""rho_R2"": ""P1P2"", ""rho_WEE1i_R2"": ""P1P2""}","[""P1P2""]","[""FAM168A_-_73309158.23-P1P2|FAM168A_+_73309019.23-P1P2""]",
FAM175A,False,0.0,0.04220183486238532,-0.8906431444328012,0.3426996786010655,-0.7798840987244656,0.03498704014974264,0.9592105263157895,0.8671052631578947,0.014473684210526316,0.056578947368421055,0.1881578947368421,0.8934210526315789,0.6302631578947369,0.8539473684210527,-0.0921052631578948,<0,<0,1,1,"{""gamma_R2"": ""P1P2"", ""rho_ATMi_R2"": ""P1P2"", ""rho_ATRi_R2"": ""P1P2"", ""rho_R2"": ""P1P2"", ""rho_WEE1i_R2"": ""P1P2""}","[""P1P2""]","[""FAM175A_+_84406203.23-P1P2|FAM175A_+_84406217.23-P1P2""]",
FAM178A,False,-0.266526383,0.007326007326007326,-0.05057721076245053,-0.7952831888437347,0.7154680332043619,-0.1145109390609302,0.44605263157894737,0.15921052631578947,0.8065789473684211,0.7407894736842106,0.18026315789473685,0.7697368421052632,0.006578947368421052,0.4486842105263158,-0.2868421052631579,<0,>0,1,1,"{""gamma_R2"": ""P1P2"", ""rho_ATMi_R2"": ""P1P2"", ""rho_ATRi_R2"": ""P1P2"", ""rho_R2"": ""P1P2"", ""rho_WEE1i_R2"": ""P1P2""}","[""P1P2""]","[""FAM178A_+_102672774.23-P1P2|FAM178A_+_102672781.23-P1P2""]",
FAM35A,False,-0.259851614,0.06227106227106227,0.3359346491435041,-0.05213545625352782,0.3821315460650878,0.01675292131346569,0.04868421052631579,0.30394736842105263,0.29605263157894735,0.13289473684210526,0.6276315789473684,0.9486842105263158,0.7460526315789474,0.9013157894736842,0.25526315789473686,>0,>0,1,1,"{""gamma_R2"": ""P1P2"", ""rho_ATMi_R2"": ""P1P2"", ""rho_ATRi_R2"": ""P1P2"", ""rho_R2"": ""P1P2"", ""rho_WEE1i_R2"": ""P1P2""}","[""P1P2""]","[""FAM35A_+_88854983.23-P1P2|FAM35A_-_88854992.23-P1P2""]",
FAN1,False,0.0,0.007326007326007326,-0.4385334203723824,-1.420787828932232,0.1233819774699657,0.003435662118814801,0.8381578947368421,0.5013157894736842,0.9302631578947368,0.21710526315789475,0.625,0.7171052631578947,0.4381578947368421,0.4486842105263158,-0.33684210526315794,<0,>0,1,1,"{""gamma_R2"": ""P1P2"", ""rho_ATMi_R2"": ""P1P2"", ""rho_ATRi_R2"": ""P1P2"", ""rho_R2"": ""P1P2"", ""rho_WEE1i_R2"": ""P1P2""}","[""P1P2""]","[""FAN1_-_31196158.23-P1P2|FAN1_-_31196149.23-P1P2""]",
FANCA,False,-0.430060077,0.05128205128205128,-0.1270610007691513,-0.2398007766009839,-0.96334211967458,-0.005805930672163672,0.5565789473684211,0.9013157894736842,0.5513157894736842,0.30394736842105263,0.9644736842105263,0.8486842105263158,0.5881578947368421,0.8789473684210526,0.3447368421052631,<0,<0,1,1,"{""gamma_R2"": ""P1P2"", ""rho_ATMi_R2"": ""P1P2"", ""rho_ATRi_R2"": ""P1P2"", ""rho_R2"": ""P1P2"", ""rho_WEE1i_R2"": ""P1P2""}","[""P1P2""]","[""FANCA_-_89883048.23-P1P2|FANCA_-_89883018.23-P1P2""]",
FANCB,False,-0.415887638,0.031135531135531136,-0.4926893588834211,-0.9141165340521866,1.062919032995229,-0.233261409307338,0.8565789473684211,0.07236842105263158,0.8355263157894737,0.843421052631579,0.993421052631579,0.925,0.6355263157894737,0.8171052631578948,-0.7842105263157895,<0,>0,1,1,"{""gamma_R2"": ""P1P2"", ""rho_ATMi_R2"": ""P1P2"", ""rho_ATRi_R2"": ""P1P2"", ""rho_R2"": ""P1P2"", ""rho_WEE1i_R2"": ""P1P2""}","[""P1P2""]","[""FANCB_-_14891231.23-P1P2|FANCB_-_14891130.23-P1P2""]",
FANCC,False,0.0,0.07692307692307693,-0.1791431993485944,-0.9454828417782973,1.812956067726819,-0.3715328900233313,0.6223684210526316,0.019736842105263157,0.8565789473684211,0.9197368421052632,0.8986842105263158,0.1013157894736842,0.4697368421052632,0.9315789473684211,-0.6026315789473684,<0,>0,1,1,"{""gamma_R2"": ""P1P2"", ""rho_ATMi_R2"": ""P1P2"", ""rho_ATRi_R2"": ""P1P2"", ""rho_R2"": ""P1P2"", ""rho_WEE1i_R2"": ""P1P2""}","[""P1P2""]","[""FANCC_-_98079954.23-P1P2|FANCC_+_98079492.23-P1P2""]",
FANCD2,False,-0.648560786,0.07142857142857142,-0.2520811417682448,-0.3423489866320525,0.1419479691575553,-0.01310636865084795,0.7092105263157895,0.4723684210526316,0.6381578947368421,0.36447368421052634,0.9381578947368421,0.8513157894736842,0.7881578947368421,0.9223684210526316,-0.2368421052631579,<0,>0,1,1,"{""gamma_R2"": ""P1P2"", ""rho_ATMi_R2"": ""P1P2"", ""rho_ATRi_R2"": ""P1P2"", ""rho_R2"": ""P1P2"", ""rho_WEE1i_R2"": ""P1P2""}","[""P1P2""]","[""FANCD2_-_10068143.23-P1P2|FANCD2_-_10068176.23-P1P2""]",
FANCE,False,-0.047956565,0.029304029304029304,-0.6990299748661393,-0.9241272908176649,-0.2122137576016486,-0.06105704649559165,0.9197368421052632,0.6697368421052632,0.843421052631579,0.6276315789473684,0.9855263157894737,0.9039473684210526,0.8223684210526315,0.8,-0.25,<0,<0,1,1,"{""gamma_R2"": ""P1P2"", ""rho_ATMi_R2"": ""P1P2"", ""rho_ATRi_R2"": ""P1P2"", ""rho_R2"": ""P1P2"", ""rho_WEE1i_R2"": ""P1P2""}","[""P1P2""]","[""FANCE_-_35420187.23-P1P2|FANCE_+_35420114.23-P1P2""]",
FANCF,True,-1.718334446,0.07875457875457875,-0.1950941202424996,0.08196315161535672,0.3488018692989434,-0.05270404730694794,0.6460526315789473,0.3381578947368421,0.13289473684210526,0.5960526315789474,0.9618421052631579,0.8407894736842105,0.8592105263157894,0.9394736842105263,-0.3078947368421052,<0,>0,1,1,"{""gamma_R2"": ""P1P2"", ""rho_ATMi_R2"": ""P1P2"", ""rho_ATRi_R2"": ""P1P2"", ""rho_R2"": ""P1P2"", ""rho_WEE1i_R2"": ""P1P2""}","[""P1P2""]","[""FANCF_-_22647359.23-P1P2|FANCF_+_22647176.23-P1P2""]",
FANCG,False,0.0,0.012844036697247707,-0.312931524273303,-0.2017435074766841,0.259089921579315,-0.1157735096004017,0.7776315789473685,0.3960526315789474,0.5092105263157894,0.743421052631579,0.9486842105263158,0.8828947368421053,0.8276315789473684,0.6263157894736842,-0.3815789473684211,<0,>0,1,1,"{""gamma_R2"": ""P1P2"", ""rho_ATMi_R2"": ""P1P2"", ""rho_ATRi_R2"": ""P1P2"", ""rho_R2"": ""P1P2"", ""rho_WEE1i_R2"": ""P1P2""}","[""P1P2""]","[""FANCG_-_35079525.23-P1P2|FANCG_-_35079943.23-P1P2""]",
FANCL,False,-0.134924201,0.018315018315018316,0.03243172690021427,-0.09060240259675438,-0.7228129899450249,0.02154878558502831,0.3171052631578947,0.8592105263157894,0.36447368421052634,0.10921052631578948,0.9276315789473685,0.29342105263157897,0.6144736842105263,0.6868421052631579,0.5421052631578946,>0,<0,1,1,"{""gamma_R2"": ""P1P2"", ""rho_ATMi_R2"": ""P1P2"", ""rho_ATRi_R2"": ""P1P2"", ""rho_R2"": ""P1P2"", ""rho_WEE1i_R2"": ""P1P2""}","[""P1P2""]","[""FANCL_-_58468461.23-P1P2|FANCL_-_58468076.23-P1P2""]",
FANCM,False,-0.651790326,0.0641025641025641,-0.2078115962217892,-0.1511191328371397,-2.149182407898696,0.00895673089580722,0.6644736842105263,0.9776315789473684,0.4486842105263158,0.175,0.843421052631579,0.7539473684210526,0.6776315789473685,0.9105263157894737,0.3131578947368421,<0,<0,1,1,"{""gamma_R2"": ""P1P2"", ""rho_ATMi_R2"": ""P1P2"", ""rho_ATRi_R2"": ""P1P2"", ""rho_R2"": ""P1P2"", ""rho_WEE1i_R2"": ""P1P2""}","[""P1P2""]","[""FANCM_-_45605167.23-P1P2|FANCM_+_45605170.23-P1P2""]",
FBXO18,False,0.0,0.0018315018315018315,0.3155081149355611,-0.09330853357622582,0.4864945619583186,-0.01806211588365771,0.06447368421052632,0.25394736842105264,0.37236842105263157,0.4118421052631579,0.30394736842105263,0.2381578947368421,0.34078947368421053,0.1013157894736842,0.18947368421052632,>0,>0,1,1,"{""gamma_R2"": ""P1P2"", ""rho_ATMi_R2"": ""P1P2"", ""rho_ATRi_R2"": ""P1P2"", ""rho_R2"": ""P1P2"", ""rho_WEE1i_R2"": ""P1P2""}","[""P1P2""]","[""FBXO18_+_5932212.23-P1P2|FBXO18_-_5932188.23-P1P2""]",
FBXO6,False,-0.40395904,0.003663003663003663,-0.4420860115311069,-0.7964721285023326,-0.1117659639001179,0.007312028055752466,0.8407894736842105,0.625,0.8092105263157895,0.1986842105263158,0.7986842105263158,0.5434210526315789,0.8144736842105263,0.22763157894736843,-0.21578947368421053,<0,<0,1,1,"{""gamma_R2"": ""P1P2"", ""rho_ATMi_R2"": ""P1P2"", ""rho_ATRi_R2"": ""P1P2"", ""rho_R2"": ""P1P2"", ""rho_WEE1i_R2"": ""P1P2""}","[""P1P2""]","[""FBXO6_-_11724327.23-P1P2|FBXO6_+_11724308.23-P1P2""]",
FGF10,False,-0.73079918,0.023809523809523808,0.04393275484769799,-0.4194468013953537,0.6399841939631448,-0.1185255782201599,0.29342105263157897,0.17763157894736842,0.6802631578947368,0.7486842105263158,0.46710526315789475,0.4355263157894737,0.12236842105263158,0.7526315789473684,-0.11578947368421055,>0,>0,1,1,"{""gamma_R2"": ""P1P2"", ""rho_ATMi_R2"": ""P1P2"", ""rho_ATRi_R2"": ""P1P2"", ""rho_R2"": ""P1P2"", ""rho_WEE1i_R2"": ""P1P2""}","[""P1P2""]","[""FGF10_+_44389740.23-P1P2|FGF10_+_44389472.23-P1P2""]",
FH,False,0.0,0.0,-0.3519514305950446,-1.055347661163805,1.268104737426124,-0.1769638679220417,0.8118421052631579,0.056578947368421055,0.8828947368421053,0.8065789473684211,0.8171052631578948,0.5039473684210526,0.1723684210526316,0.021052631578947368,-0.7552631578947369,<0,>0,1,1,"{""gamma_R2"": ""P1P2"", ""rho_ATMi_R2"": ""P1P2"", ""rho_ATRi_R2"": ""P1P2"", ""rho_R2"": ""P1P2"", ""rho_WEE1i_R2"": ""P1P2""}","[""P1P2""]","[""FH_-_241683023.23-P1P2|FH_+_241683004.23-P1P2""]",
FIGN,False,0.0,0.007326007326007326,-0.7079235314376248,0.3404413879855472,0.167331585957489,-0.09007283769512058,0.9223684210526316,0.4486842105263158,0.017105263157894738,0.6907894736842105,0.6907894736842105,0.25394736842105264,0.325,0.4486842105263158,-0.4736842105263158,<0,>0,1,1,"{""gamma_R2"": ""P1P2"", ""rho_ATMi_R2"": ""P1P2"", ""rho_ATRi_R2"": ""P1P2"", ""rho_R2"": ""P1P2"", ""rho_WEE1i_R2"": ""P1P2""}","[""P1P2""]","[""FIGN_-_164592553.23-P1P2|FIGN_-_164592471.23-P1P2""]",
FIGNL1,False,-0.239807956,0.01098901098901099,0.443337334015784,-0.04645308679858823,0.4867065906918361,0.01147349185555109,0.017105263157894738,0.2513157894736842,0.29078947368421054,0.1618421052631579,0.21973684210526315,0.6592105263157895,0.2565789473684211,0.5776315789473684,0.23421052631578948,>0,>0,1,1,"{""gamma_R2"": ""P1P2"", ""rho_ATMi_R2"": ""P1P2"", ""rho_ATRi_R2"": ""P1P2"", ""rho_R2"": ""P1P2"", ""rho_WEE1i_R2"": ""P1P2""}","[""P1P2""]","[""FIGNL1_-_50518409.23-P1P2|FIGNL1_-_50518003.23-P1P2""]",
FIGNL2,False,-0.790207219,0.02564102564102564,0.007492662091268535,0.03876709655152884,-0.5001767538417073,0.008912429882698433,0.3539473684210526,0.7986842105263158,0.15921052631578947,0.17763157894736842,0.09078947368421053,0.056578947368421055,0.4039473684210526,0.7763157894736842,0.44473684210526315,>0,<0,1,1,"{""gamma_R2"": ""P1P2"", ""rho_ATMi_R2"": ""P1P2"", ""rho_ATRi_R2"": ""P1P2"", ""rho_R2"": ""P1P2"", ""rho_WEE1i_R2"": ""P1P2""}","[""P1P2""]","[""FIGNL2_-_52215623.23-P1P2|FIGNL2_-_52215620.23-P1P2""]",
FMN2,False,0.0,0.003663003663003663,-0.128528494816186,-0.05046877495227445,0.6490746792731079,-0.02726235123568475,0.5592105263157895,0.175,0.29342105263157897,0.49605263157894736,0.575,0.4328947368421053,0.3460526315789474,0.22763157894736843,-0.3842105263157895,<0,>0,1,1,"{""gamma_R2"": ""P1P2"", ""rho_ATMi_R2"": ""P1P2"", ""rho_ATRi_R2"": ""P1P2"", ""rho_R2"": ""P1P2"", ""rho_WEE1i_R2"": ""P1P2""}","[""P1P2""]","[""FMN2_-_240255213.23-P1P2|FMN2_-_240255241.23-P1P2""]",
FOXM1,False,-0.649784173,0.040293040293040296,-0.3628853088393104,-0.3390615156381096,-1.191952812643211,-0.1160161894365839,0.8144736842105263,0.925,0.6355263157894737,0.7460526315789474,0.7513157894736842,0.13026315789473683,0.7197368421052631,0.843421052631579,0.1105263157894737,<0,<0,1,1,"{""gamma_R2"": ""P1P2"", ""rho_ATMi_R2"": ""P1P2"", ""rho_ATRi_R2"": ""P1P2"", ""rho_R2"": ""P1P2"", ""rho_WEE1i_R2"": ""P1P2""}","[""P1P2""]","[""FOXM1_+_2986104.23-P1P2|FOXM1_-_2985870.23-P1P2""]",
FTO,False,-0.551641802,0.01282051282051282,0.01073543666717999,0.07500540241167997,0.8850426704463218,-0.03533042290780298,0.3460526315789474,0.10657894736842105,0.14078947368421052,0.5407894736842105,0.4355263157894737,0.8065789473684211,0.8039473684210526,0.6078947368421053,-0.23947368421052634,>0,>0,1,1,"{""gamma_R2"": ""P1P2"", ""rho_ATMi_R2"": ""P1P2"", ""rho_ATRi_R2"": ""P1P2"", ""rho_R2"": ""P1P2"", ""rho_WEE1i_R2"": ""P1P2""}","[""P1P2""]","[""FTO_-_53738082.23-P1P2|FTO_-_53738091.23-P1P2""]",
FUS,False,-0.005606829,0.0018315018315018315,-0.6931008093908633,-0.2986508736575958,-0.04010739819207228,-0.02683763081410847,0.9144736842105263,0.5828947368421052,0.6092105263157894,0.49078947368421055,0.8302631578947368,0.8039473684210526,0.6723684210526316,0.1013157894736842,-0.3315789473684211,<0,<0,1,1,"{""gamma_R2"": ""P1P2"", ""rho_ATMi_R2"": ""P1P2"", ""rho_ATRi_R2"": ""P1P2"", ""rho_R2"": ""P1P2"", ""rho_WEE1i_R2"": ""P1P2""}","[""P1P2""]","[""FUS_-_31191558.23-P1P2|FUS_-_31191697.23-P1P2""]",
FZR1,False,-0.791700068,0.2326007326007326,0.06580507059315972,-0.716476573720451,0.8901141499683288,-0.08900841346585613,0.26973684210526316,0.10394736842105264,0.7828947368421053,0.6855263157894737,0.25921052631578945,0.8539473684210527,0.9960526315789474,0.9986842105263158,-0.16578947368421054,>0,>0,1,1,"{""gamma_R2"": ""P1P2"", ""rho_ATMi_R2"": ""P1P2"", ""rho_ATRi_R2"": ""P1P2"", ""rho_R2"": ""P1P2"", ""rho_WEE1i_R2"": ""P1P2""}","[""P1P2""]","[""FZR1_+_3506321.23-P1P2|FZR1_+_3506324.23-P1P2""]",
GADD45A,False,0.0,0.003663003663003663,-0.08140333194874379,0.2560184658052937,-0.3479672269671982,-0.005290468668183543,0.49078947368421055,0.7513157894736842,0.035526315789473684,0.3013157894736842,0.3355263157894737,0.49078947368421055,0.6171052631578947,0.22763157894736843,0.2605263157894736,<0,<0,1,1,"{""gamma_R2"": ""P1P2"", ""rho_ATMi_R2"": ""P1P2"", ""rho_ATRi_R2"": ""P1P2"", ""rho_R2"": ""P1P2"", ""rho_WEE1i_R2"": ""P1P2""}","[""P1P2""]","[""GADD45A_-_68150860.23-P1P2|GADD45A_-_68150887.23-P1P2""]",
GEN1,False,0.0,0.005494505494505495,-0.03870208699241558,-0.1376032895194076,-0.5700227276837254,-0.06231086341208811,0.4118421052631579,0.8223684210526315,0.4328947368421053,0.6302631578947369,0.5144736842105263,0.5197368421052632,0.46710526315789475,0.35,0.41052631578947363,<0,<0,1,1,"{""gamma_R2"": ""P1P2"", ""rho_ATMi_R2"": ""P1P2"", ""rho_ATRi_R2"": ""P1P2"", ""rho_R2"": ""P1P2"", ""rho_WEE1i_R2"": ""P1P2""}","[""P1P2""]","[""GEN1_+_17935431.23-P1P2|GEN1_+_17935642.23-P1P2""]",
GGN,False,-0.010846323,0.0,0.04049561328221385,-0.1125513327037145,0.489188403868247,-0.006523283382990041,0.30394736842105263,0.24868421052631579,0.3986842105263158,0.31973684210526315,0.12763157894736843,0.33289473684210524,0.23026315789473684,0.021052631578947368,-0.05526315789473685,>0,>0,1,1,"{""gamma_R2"": ""P1P2"", ""rho_ATMi_R2"": ""P1P2"", ""rho_ATRi_R2"": ""P1P2"", ""rho_R2"": ""P1P2"", ""rho_WEE1i_R2"": ""P1P2""}","[""P1P2""]","[""GGN_-_38878433.23-P1P2|GGN_-_38878388.23-P1P2""]",
GPS1,False,0.0,0.023809523809523808,0.0003432065588593325,-0.9012022704520295,0.5771944786624068,-0.6197205910873573,0.36973684210526314,0.20921052631578949,0.8302631578947368,0.993421052631579,0.6118421052631579,0.46710526315789475,0.7828947368421053,0.7526315789473684,-0.16052631578947366,>0,>0,1,1,"{""gamma_R2"": ""P1P2"", ""rho_ATMi_R2"": ""P1P2"", ""rho_ATRi_R2"": ""P1P2"", ""rho_R2"": ""P1P2"", ""rho_WEE1i_R2"": ""P1P2""}","[""P1P2""]","[""GPS1_+_80010011.23-P1P2|GPS1_-_80009799.23-P1P2""]",
GTF2H3,False,-0.562091536,0.10256410256410256,-0.7758197898412679,-1.827532762545951,0.3611523742053387,-0.4037110592964795,0.9460526315789474,0.33026315789473687,0.9671052631578947,0.9355263157894737,0.8618421052631579,0.5381578947368421,0.6671052631578948,0.9578947368421052,-0.6157894736842104,<0,>0,1,1,"{""gamma_R2"": ""P1P2"", ""rho_ATMi_R2"": ""P1P2"", ""rho_ATRi_R2"": ""P1P2"", ""rho_R2"": ""P1P2"", ""rho_WEE1i_R2"": ""P1P2""}","[""P1P2""]","[""GTF2H3_-_124118399.23-P1P2|GTF2H3_-_124118424.23-P1P2""]",
GTF2H5,True,-1.716940024,0.12844036697247707,-0.2897728682787928,-0.4611391778237275,0.1417154921489807,-0.1469204885309019,0.7539473684210526,0.475,0.6960526315789474,0.7776315789473685,0.2118421052631579,0.8565789473684211,0.7013157894736842,0.9776315789473684,-0.2789473684210526,<0,>0,1,1,"{""gamma_R2"": ""P1P2"", ""rho_ATMi_R2"": ""P1P2"", ""rho_ATRi_R2"": ""P1P2"", ""rho_R2"": ""P1P2"", ""rho_WEE1i_R2"": ""P1P2""}","[""P1P2""]","[""GTF2H5_+_158589422.23-P1P2|GTF2H5_-_158589434.23-P1P2""]",
H2AFX,False,0.0,0.014652014652014652,-1.341137769728697,-1.2902593970675,-2.140962286141558,-0.2104392267304722,0.9907894736842106,0.975,0.9144736842105263,0.8276315789473684,0.9328947368421052,0.9960526315789474,0.9118421052631579,0.6434210526315789,-0.015789473684210575,<0,<0,1,1,"{""gamma_R2"": ""P1P2"", ""rho_ATMi_R2"": ""P1P2"", ""rho_ATRi_R2"": ""P1P2"", ""rho_R2"": ""P1P2"", ""rho_WEE1i_R2"": ""P1P2""}","[""P1P2""]","[""H2AFX_-_118965752.23-P1P2|H2AFX_+_118966156.23-P1P2""]",
HDAC10,False,0.0,0.0018315018315018315,-0.01005250964778629,0.06104668945223472,0.7213714133721237,0.002502641830104502,0.37763157894736843,0.15657894736842104,0.14868421052631578,0.23289473684210527,0.5723684210526315,0.593421052631579,0.7065789473684211,0.1013157894736842,-0.2210526315789474,<0,>0,1,1,"{""gamma_R2"": ""P1P2"", ""rho_ATMi_R2"": ""P1P2"", ""rho_ATRi_R2"": ""P1P2"", ""rho_R2"": ""P1P2"", ""rho_WEE1i_R2"": ""P1P2""}","[""P1P2""]","[""HDAC10_-_50689620.23-P1P2|HDAC10_-_50689655.23-P1P2""]",
HELB,False,-0.73480466,0.007339449541284404,0.0738188371857415,-0.02140844744749515,0.1453349418045802,0.04643886403290164,0.25921052631578945,0.46710526315789475,0.25921052631578945,0.030263157894736843,0.3171052631578947,0.37236842105263157,0.5697368421052632,0.4881578947368421,0.2078947368421053,>0,>0,1,1,"{""gamma_R2"": ""P1P2"", ""rho_ATMi_R2"": ""P1P2"", ""rho_ATRi_R2"": ""P1P2"", ""rho_R2"": ""P1P2"", ""rho_WEE1i_R2"": ""P1P2""}","[""P1P2""]","[""HELB_+_66696341.23-P1P2|HELB_+_66696351.23-P1P2""]",
HELQ,False,-0.488919641,0.007326007326007326,-0.7364734432074642,-0.136010845582025,-0.5037803117924954,-0.02608446017918976,0.9302631578947368,0.8013157894736842,0.425,0.48026315789473684,0.9039473684210526,0.6881578947368421,0.593421052631579,0.4486842105263158,-0.1289473684210526,<0,<0,1,1,"{""gamma_R2"": ""P1P2"", ""rho_ATMi_R2"": ""P1P2"", ""rho_ATRi_R2"": ""P1P2"", ""rho_R2"": ""P1P2"", ""rho_WEE1i_R2"": ""P1P2""}","[""P1P2""]","[""HELQ_+_84376961.23-P1P2|HELQ_-_84376979.23-P1P2""]",
HIST3H2A,False,0.0,0.007326007326007326,0.2216273347128796,-1.324863229161917,-0.1385515507828267,0.01869839808077708,0.11447368421052631,0.6381578947368421,0.9223684210526316,0.11710526315789474,0.19605263157894737,0.15657894736842104,0.1513157894736842,0.4486842105263158,0.5236842105263159,>0,<0,1,1,"{""gamma_R2"": ""P1P2"", ""rho_ATMi_R2"": ""P1P2"", ""rho_ATRi_R2"": ""P1P2"", ""rho_R2"": ""P1P2"", ""rho_WEE1i_R2"": ""P1P2""}","[""P1P2""]","[""HIST3H2A_-_228645375.23-P1P2|HIST3H2A_+_228645510.23-P1P2""]",
HIST3H3,False,0.0,0.003669724770642202,0.1406360975275458,-0.1489219443660234,0.469107680345334,0.04388839090093003,0.16973684210526316,0.26710526315789473,0.44342105263157894,0.035526315789473684,0.10394736842105264,0.6118421052631579,0.09342105263157895,0.29210526315789476,0.09736842105263158,>0,>0,1,1,"{""gamma_R2"": ""P1P2"", ""rho_ATMi_R2"": ""P1P2"", ""rho_ATRi_R2"": ""P1P2"", ""rho_R2"": ""P1P2"", ""rho_WEE1i_R2"": ""P1P2""}","[""P1P2""]","[""HIST3H3_+_228612985.23-P1P2|HIST3H3_+_228613060.23-P1P2""]",
HIST4H4,False,-0.113747536,0.0018315018315018315,-0.02727930252924866,0.02060165344348948,-0.2561054043401677,0.01176228160145141,0.3986842105263158,0.6934210526315789,0.18289473684210528,0.15657894736842104,0.3828947368421053,0.6302631578947369,0.15657894736842104,0.1013157894736842,0.29473684210526313,<0,<0,1,1,"{""gamma_R2"": ""ENST00000539745.1"", ""rho_ATMi_R2"": ""ENST00000539745.1"", ""rho_ATRi_R2"": ""ENST00000539745.1"", ""rho_R2"": ""ENST00000539745.1"", ""rho_WEE1i_R2"": ""ENST00000539745.1""}","[""ENST00000539745.1""]","[""HIST4H4_+_14923995.23-ENST00000539745.1|HIST4H4_+_14924057.23-ENST00000539745.1""]",
HMGA1,False,-0.287581046,0.007326007326007326,-0.6559034285267099,-0.3590744230620166,0.02711983847906689,-0.07911527130416784,0.906578947368421,0.5486842105263158,0.6486842105263158,0.6618421052631579,0.8934210526315789,0.11710526315789474,0.3092105263157895,0.4486842105263158,-0.35789473684210527,<0,>0,1,1,"{""gamma_R2"": ""P1P2"", ""rho_ATMi_R2"": ""P1P2"", ""rho_ATRi_R2"": ""P1P2"", ""rho_R2"": ""P1P2"", ""rho_WEE1i_R2"": ""P1P2""}","[""P1P2""]","[""HMGA1_-_34204692.23-P1P2|HMGA1_+_34204957.23-P1P2""]",
HMGA2,False,-0.006325428,0.0018315018315018315,0.002056056627706436,-0.01586413257119131,0.4791436588668743,0.03860225043602768,0.3671052631578947,0.2565789473684211,0.24605263157894736,0.05131578947368421,0.15921052631578947,0.16710526315789473,0.4144736842105263,0.1013157894736842,-0.11052631578947364,>0,>0,1,1,"{""gamma_R2"": ""P1P2"", ""rho_ATMi_R2"": ""P1P2"", ""rho_ATRi_R2"": ""P1P2"", ""rho_R2"": ""P1P2"", ""rho_WEE1i_R2"": ""P1P2""}","[""P1P2""]","[""HMGA2_-_66218885.23-P1P2|HMGA2_+_66218859.23-P1P2""]",
HMGB2,False,-0.369132357,0.018315018315018316,-0.1691731969450395,0.2349096787234345,0.7721982557278492,-0.05064600168166446,0.6039473684210527,0.13026315789473683,0.04078947368421053,0.5855263157894737,0.656578947368421,0.6855263157894737,0.7039473684210527,0.6868421052631579,-0.4736842105263158,<0,>0,1,1,"{""gamma_R2"": ""P1P2"", ""rho_ATMi_R2"": ""P1P2"", ""rho_ATRi_R2"": ""P1P2"", ""rho_R2"": ""P1P2"", ""rho_WEE1i_R2"": ""P1P2""}","[""P1P2""]","[""HMGB2_+_174255479.23-P1P2|HMGB2_-_174255239.23-P1P2""]",
HMGN1,False,0.0,0.005504587155963303,-0.1698218415501208,0.008188290582038661,0.4604994095724331,-0.04452723755273503,0.6065789473684211,0.2723684210526316,0.2013157894736842,0.5723684210526315,0.2776315789473684,0.16973684210526316,0.44342105263157894,0.4052631578947368,-0.3342105263157895,<0,>0,1,1,"{""gamma_R2"": ""P1P2"", ""rho_ATMi_R2"": ""P1P2"", ""rho_ATRi_R2"": ""P1P2"", ""rho_R2"": ""P1P2"", ""rho_WEE1i_R2"": ""P1P2""}","[""P1P2""]","[""HMGN1_-_40720996.23-P1P2|HMGN1_-_40720508.23-P1P2""]",
HSF1,False,-0.542693189,0.005494505494505495,-0.2894876713603266,-0.3373531001784453,1.590361518183051,-0.3460789828834239,0.7513157894736842,0.030263157894736843,0.6328947368421053,0.9144736842105263,0.475,0.8118421052631579,0.9092105263157895,0.35,-0.7210526315789473,<0,>0,1,1,"{""gamma_R2"": ""P1P2"", ""rho_ATMi_R2"": ""P1P2"", ""rho_ATRi_R2"": ""P1P2"", ""rho_R2"": ""P1P2"", ""rho_WEE1i_R2"": ""P1P2""}","[""P1P2""]","[""HSF1_+_145515304.23-P1P2|HSF1_-_145515300.23-P1P2""]",
HUS1B,False,-0.594309254,0.007339449541284404,-0.5035605645198646,0.1857394544936569,0.587888624004326,-0.02255019122512887,0.8697368421052631,0.2013157894736842,0.07236842105263158,0.44605263157894737,0.7013157894736842,0.7328947368421053,0.5723684210526315,0.4881578947368421,-0.6684210526315789,<0,>0,1,1,"{""gamma_R2"": ""P1P2"", ""rho_ATMi_R2"": ""P1P2"", ""rho_ATRi_R2"": ""P1P2"", ""rho_R2"": ""P1P2"", ""rho_WEE1i_R2"": ""P1P2""}","[""P1P2""]","[""HUS1B_+_656970.23-P1P2|HUS1B_+_656918.23-P1P2""]",
HUWE1,False,-0.576738781,0.047706422018348627,-0.9258043912046815,-1.6860831502822,-1.364323158948192,-0.4733910717394313,0.9644736842105263,0.9407894736842105,0.9460526315789474,0.9697368421052631,0.9302631578947368,0.04342105263157895,0.9802631578947368,0.8723684210526316,-0.023684210526315752,<0,<0,1,1,"{""gamma_R2"": ""P1P2"", ""rho_ATMi_R2"": ""P1P2"", ""rho_ATRi_R2"": ""P1P2"", ""rho_R2"": ""P1P2"", ""rho_WEE1i_R2"": ""P1P2""}","[""P1P2""]","[""HUWE1_-_53710518.23-P1P2|HUWE1_+_53710912.23-P1P2""]",
IGHMBP2,False,-0.069106371,0.009157509157509158,-0.1726083471817947,-0.05780205181754846,0.6377506864901092,-0.0781984699480817,0.6118421052631579,0.18026315789473685,0.30394736842105263,0.6592105263157895,0.5776315789473684,0.4513157894736842,0.5302631578947369,0.5223684210526316,-0.431578947368421,<0,>0,1,1,"{""gamma_R2"": ""P1P2"", ""rho_ATMi_R2"": ""P1P2"", ""rho_ATRi_R2"": ""P1P2"", ""rho_R2"": ""P1P2"", ""rho_WEE1i_R2"": ""P1P2""}","[""P1P2""]","[""IGHMBP2_-_68671391.23-P1P2|IGHMBP2_-_68671384.23-P1P2""]",
ING3,False,-0.736025781,0.08974358974358974,-0.6908502919698626,-0.9630008827387485,0.07759498226124086,-0.1326399548715353,0.9118421052631579,0.5197368421052632,0.8592105263157894,0.7592105263157894,0.9144736842105263,0.125,0.9328947368421052,0.9447368421052632,-0.39210526315789473,<0,>0,1,1,"{""gamma_R2"": ""P1P2"", ""rho_ATMi_R2"": ""P1P2"", ""rho_ATRi_R2"": ""P1P2"", ""rho_R2"": ""P1P2"", ""rho_WEE1i_R2"": ""P1P2""}","[""P1P2""]","[""ING3_+_120590830.23-P1P2|ING3_-_120590856.23-P1P2""]",
INIP,False,0.0,0.003663003663003663,0.1359877270846145,-0.192967915784595,0.6880570129053479,-0.03381832887388994,0.17763157894736842,0.16447368421052633,0.4881578947368421,0.5328947368421053,0.6065789473684211,0.19342105263157894,0.5986842105263158,0.22763157894736843,-0.01315789473684209,>0,>0,1,1,"{""gamma_R2"": ""P1P2"", ""rho_ATMi_R2"": ""P1P2"", ""rho_ATRi_R2"": ""P1P2"", ""rho_R2"": ""P1P2"", ""rho_WEE1i_R2"": ""P1P2""}","[""P1P2""]","[""INIP_-_115480278.23-P1P2|INIP_-_115480357.23-P1P2""]",
INO80C,False,-0.095560417,0.014652014652014652,-0.1734207159331297,-0.5685903062557077,0.02622561332396709,-0.2541563649181012,0.6144736842105263,0.5513157894736842,0.7328947368421053,0.8697368421052631,0.6934210526315789,0.506578947368421,0.6381578947368421,0.6434210526315789,-0.06315789473684208,<0,>0,1,1,"{""gamma_R2"": ""P1P2"", ""rho_ATMi_R2"": ""P1P2"", ""rho_ATRi_R2"": ""P1P2"", ""rho_R2"": ""P1P2"", ""rho_WEE1i_R2"": ""P1P2""}","[""P1P2""]","[""INO80C_+_33077864.23-P1P2|INO80C_+_33077831.23-P1P2""]",
INO80D,False,-0.049256402,0.0,-0.2053405027934718,-0.1383997943145225,-0.3285307134507928,-0.1114838392354188,0.6618421052631579,0.7381578947368421,0.4355263157894737,0.7381578947368421,0.8118421052631579,0.34342105263157896,0.8355263157894737,0.021052631578947368,0.07631578947368423,<0,<0,1,1,"{""gamma_R2"": ""P1P2"", ""rho_ATMi_R2"": ""P1P2"", ""rho_ATRi_R2"": ""P1P2"", ""rho_R2"": ""P1P2"", ""rho_WEE1i_R2"": ""P1P2""}","[""P1P2""]","[""INO80D_+_206950364.23-P1P2|INO80D_+_206950651.23-P1P2""]",
INO80E,False,-0.828659104,0.10989010989010989,-0.1082655614766407,-0.2322681228140639,1.403558495692082,-0.1331615410698899,0.5355263157894737,0.038157894736842106,0.5434210526315789,0.7618421052631579,0.2013157894736842,0.7828947368421053,0.3960526315789474,0.9631578947368421,-0.4973684210526316,<0,>0,1,1,"{""gamma_R2"": ""P1P2"", ""rho_ATMi_R2"": ""P1P2"", ""rho_ATRi_R2"": ""P1P2"", ""rho_R2"": ""P1P2"", ""rho_WEE1i_R2"": ""P1P2""}","[""P1P2""]","[""INO80E_+_30007577.23-P1P2|INO80E_-_30007611.23-P1P2""]",
ISG15,False,-0.140267971,0.03663003663003663,-0.3039427103723235,0.09395141798552527,-0.05965412919580119,0.04709177354067239,0.7723684210526316,0.5907894736842105,0.11447368421052631,0.02763157894736842,0.7276315789473684,0.4118421052631579,0.6697368421052632,0.8355263157894737,-0.18157894736842106,<0,<0,1,1,"{""gamma_R2"": ""P1P2"", ""rho_ATMi_R2"": ""P1P2"", ""rho_ATRi_R2"": ""P1P2"", ""rho_R2"": ""P1P2"", ""rho_WEE1i_R2"": ""P1P2""}","[""P1P2""]","[""ISG15_-_948888.23-P1P2|ISG15_+_948906.23-P1P2""]",
JMY,False,0.0,0.0018315018315018315,-0.0674823689913834,0.02888328190059782,-0.243554382690135,-0.002880829439695278,0.4776315789473684,0.6828947368421052,0.175,0.26710526315789473,0.5434210526315789,0.4723684210526316,0.3828947368421053,0.1013157894736842,0.20526315789473681,<0,<0,1,1,"{""gamma_R2"": ""P1P2"", ""rho_ATMi_R2"": ""P1P2"", ""rho_ATRi_R2"": ""P1P2"", ""rho_R2"": ""P1P2"", ""rho_WEE1i_R2"": ""P1P2""}","[""P1P2""]","[""JMY_-_78531962.23-P1P2|JMY_-_78531973.23-P1P2""]",
KAT5,False,-0.266190141,0.029304029304029304,0.1086342233970858,-0.9414989454566889,0.2986625163190776,-0.1977474012341796,0.2013157894736842,0.3828947368421053,0.8513157894736842,0.8197368421052632,0.7592105263157894,0.06710526315789474,0.6460526315789473,0.8,0.1815789473684211,>0,>0,1,1,"{""gamma_R2"": ""P1P2"", ""rho_ATMi_R2"": ""P1P2"", ""rho_ATRi_R2"": ""P1P2"", ""rho_R2"": ""P1P2"", ""rho_WEE1i_R2"": ""P1P2""}","[""P1P2""]","[""KAT5_+_65479809.23-P1P2|KAT5_-_65480114.23-P1P2""]",
KDM1A,False,-0.278155177,0.0018315018315018315,-0.4940304787668413,-1.03412561312939,-0.249771325243851,-0.0526597955993556,0.8618421052631579,0.6855263157894737,0.8723684210526316,0.593421052631579,0.775,0.6065789473684211,0.506578947368421,0.1013157894736842,-0.1763157894736842,<0,<0,1,1,"{""gamma_R2"": ""P1P2"", ""rho_ATMi_R2"": ""P1P2"", ""rho_ATRi_R2"": ""P1P2"", ""rho_R2"": ""P1P2"", ""rho_WEE1i_R2"": ""P1P2""}","[""P1P2""]","[""KDM1A_-_23346012.23-P1P2|KDM1A_-_23346064.23-P1P2""]",
KDM2A,False,-0.557695011,0.045787545787545784,-0.05683161237186123,-0.4580377749564898,0.01269656062412287,0.02194709454454,0.4618421052631579,0.5618421052631579,0.6907894736842105,0.10394736842105264,0.19078947368421054,0.13289473684210526,0.6065789473684211,0.8671052631578947,0.10000000000000003,<0,>0,1,1,"{""gamma_R2"": ""P1P2"", ""rho_ATMi_R2"": ""P1P2"", ""rho_ATRi_R2"": ""P1P2"", ""rho_R2"": ""P1P2"", ""rho_WEE1i_R2"": ""P1P2""}","[""P1P2""]","[""KDM2A_-_66886795.23-P1P2|KDM2A_+_66886784.23-P1P2""]",
KDM4D,False,0.0,0.005504587155963303,-0.188085076894977,-0.149639815627469,-0.1681126352724665,0.0008141386369609713,0.6434210526315789,0.6618421052631579,0.44605263157894737,0.24868421052631579,0.7171052631578947,0.5355263157894737,0.7697368421052632,0.4052631578947368,0.018421052631579005,<0,<0,1,1,"{""gamma_R2"": ""P1P2"", ""rho_ATMi_R2"": ""P1P2"", ""rho_ATRi_R2"": ""P1P2"", ""rho_R2"": ""P1P2"", ""rho_WEE1i_R2"": ""P1P2""}","[""P1P2""]","[""KDM4D_-_94706849.23-P1P2|KDM4D_-_94706839.23-P1P2""]",
KIAA0101,False,-0.006931023,0.020146520146520148,-0.02925580070951339,-0.1596461867102376,0.6720701456356869,-0.0236020724407154,0.4039473684210526,0.16710526315789473,0.4644736842105263,0.45657894736842103,0.2618421052631579,0.21973684210526315,0.4855263157894737,0.718421052631579,-0.23684210526315788,<0,>0,1,1,"{""gamma_R2"": ""P1P2"", ""rho_ATMi_R2"": ""P1P2"", ""rho_ATRi_R2"": ""P1P2"", ""rho_R2"": ""P1P2"", ""rho_WEE1i_R2"": ""P1P2""}","[""P1P2""]","[""KIAA0101_+_64673611.23-P1P2|KIAA0101_+_64673360.23-P1P2""]",
KIAA0430,False,-0.272185852,0.003663003663003663,0.1036967310838556,-0.2184577814636685,0.2640868339943462,0.002935903563532558,0.21447368421052632,0.39342105263157895,0.5197368421052632,0.225,0.26710526315789473,0.20657894736842106,0.39342105263157895,0.22763157894736843,0.17894736842105263,>0,>0,1,1,"{""gamma_R2"": ""P1P2"", ""rho_ATMi_R2"": ""P1P2"", ""rho_ATRi_R2"": ""P1P2"", ""rho_R2"": ""P1P2"", ""rho_WEE1i_R2"": ""P1P2""}","[""P1P2""]","[""KIAA0430_+_15736991.23-P1P2|KIAA0430_+_15736976.23-P1P2""]",
KIN,False,-0.372466873,0.020146520146520148,-0.4959202965527649,-1.127519240628466,0.2267765583185401,-0.5281262937805374,0.8644736842105263,0.41973684210526313,0.8855263157894737,0.9828947368421053,0.7697368421052632,0.41710526315789476,0.7144736842105263,0.718421052631579,-0.44473684210526315,<0,>0,1,1,"{""gamma_R2"": ""P1P2"", ""rho_ATMi_R2"": ""P1P2"", ""rho_ATRi_R2"": ""P1P2"", ""rho_R2"": ""P1P2"", ""rho_WEE1i_R2"": ""P1P2""}","[""P1P2""]","[""KIN_+_7829774.23-P1P2|KIN_-_7829906.23-P1P2""]",
KLHL15,False,0.0,0.01282051282051282,-0.3510069627337741,0.2761321239938413,0.3350466765287221,-0.02574148179752287,0.8092105263157895,0.3539473684210526,0.030263157894736843,0.475,0.31973684210526315,0.825,0.6434210526315789,0.6078947368421053,-0.45526315789473687,<0,>0,1,1,"{""gamma_R2"": ""ENST00000328046.8"", ""rho_ATMi_R2"": ""ENST00000328046.8"", ""rho_ATRi_R2"": ""ENST00000328046.8"", ""rho_R2"": ""ENST00000328046.8"", ""rho_WEE1i_R2"": ""ENST00000328046.8""}","[""ENST00000328046.8""]","[""KLHL15_-_24045270.23-ENST00000328046.8|KLHL15_-_24045248.23-ENST00000328046.8""]",
LIG3,False,-0.512408576,0.054945054945054944,-0.6202449994836765,-0.8451332040859595,-2.239519607999958,-0.4736047422029348,0.8986842105263158,0.9855263157894737,0.8223684210526315,0.9723684210526315,0.8644736842105263,0.9381578947368421,0.5539473684210526,0.8881578947368421,0.08684210526315794,<0,<0,1,1,"{""gamma_R2"": ""P1P2"", ""rho_ATMi_R2"": ""P1P2"", ""rho_ATRi_R2"": ""P1P2"", ""rho_R2"": ""P1P2"", ""rho_WEE1i_R2"": ""P1P2""}","[""P1P2""]","[""LIG3_-_33308013.23-P1P2|LIG3_-_33307576.23-P1P2""]",
MAD2L2,False,-0.316838102,0.031135531135531136,-0.06299895731843924,-1.645611756070815,2.115588979866517,-0.2981301667282683,0.4723684210526316,0.011842105263157895,0.9434210526315789,0.8828947368421053,0.8881578947368421,0.9855263157894737,0.925,0.8171052631578948,-0.46052631578947373,<0,>0,1,1,"{""gamma_R2"": ""P1P2"", ""rho_ATMi_R2"": ""P1P2"", ""rho_ATRi_R2"": ""P1P2"", ""rho_R2"": ""P1P2"", ""rho_WEE1i_R2"": ""P1P2""}","[""P1P2""]","[""MAD2L2_-_11741158.23-P1P2|MAD2L2_+_11741173.23-P1P2""]",
MAGEF1,False,0.0,0.0,0.06037079186022788,-0.09351159639385924,-0.1627268649522008,-0.004623597907088112,0.2776315789473684,0.6539473684210526,0.37763157894736843,0.29342105263157897,0.046052631578947366,0.1723684210526316,0.017105263157894738,0.021052631578947368,0.3763157894736842,>0,<0,1,1,"{""gamma_R2"": ""P1P2"", ""rho_ATMi_R2"": ""P1P2"", ""rho_ATRi_R2"": ""P1P2"", ""rho_R2"": ""P1P2"", ""rho_WEE1i_R2"": ""P1P2""}","[""P1P2""]","[""MAGEF1_-_184429727.23-P1P2|MAGEF1_-_184429780.23-P1P2""]",
MB21D1,False,0.0,0.0018315018315018315,0.2912056922249143,-0.07943636531651983,-0.04484557950155105,-0.0259608809526117,0.07236842105263158,0.5855263157894737,0.3460526315789474,0.4776315789473684,0.11973684210526316,0.3828947368421053,0.12763157894736843,0.1013157894736842,0.513157894736842,>0,<0,1,1,"{""gamma_R2"": ""P1P2"", ""rho_ATMi_R2"": ""P1P2"", ""rho_ATRi_R2"": ""P1P2"", ""rho_R2"": ""P1P2"", ""rho_WEE1i_R2"": ""P1P2""}","[""P1P2""]","[""MB21D1_-_74161785.23-P1P2|MB21D1_-_74162003.23-P1P2""]",
MBD4,False,-0.396132354,0.009157509157509158,-0.2243922470609958,0.1294436962914257,0.1553178041669694,-0.01184614712777862,0.6802631578947368,0.45921052631578946,0.09605263157894736,0.35657894736842105,0.37763157894736843,0.6328947368421053,0.40921052631578947,0.5223684210526316,-0.22105263157894733,<0,>0,1,1,"{""gamma_R2"": ""P1P2"", ""rho_ATMi_R2"": ""P1P2"", ""rho_ATRi_R2"": ""P1P2"", ""rho_R2"": ""P1P2"", ""rho_WEE1i_R2"": ""P1P2""}","[""P1P2""]","[""MBD4_+_129158749.23-P1P2|MBD4_-_129158730.23-P1P2""]",
MBTD1,False,0.0,0.005494505494505495,-0.2442873697443194,-0.03069179427385767,-0.3436453127397557,-0.02704858040994579,0.6960526315789474,0.7486842105263158,0.275,0.4934210526315789,0.5302631578947369,0.7644736842105263,0.6197368421052631,0.35,0.052631578947368474,<0,<0,1,1,"{""gamma_R2"": ""P1P2"", ""rho_ATMi_R2"": ""P1P2"", ""rho_ATRi_R2"": ""P1P2"", ""rho_R2"": ""P1P2"", ""rho_WEE1i_R2"": ""P1P2""}","[""P1P2""]","[""MBTD1_+_49337371.23-P1P2|MBTD1_-_49337385.23-P1P2""]",
MC1R,False,0.0,0.003663003663003663,-0.2815346420795263,0.02665241219429947,-0.1657357604729336,0.02754532335074855,0.743421052631579,0.656578947368421,0.17763157894736842,0.08026315789473684,0.8697368421052631,0.8671052631578947,0.9013157894736842,0.22763157894736843,-0.08684210526315794,<0,<0,1,1,"{""gamma_R2"": ""P1P2"", ""rho_ATMi_R2"": ""P1P2"", ""rho_ATRi_R2"": ""P1P2"", ""rho_R2"": ""P1P2"", ""rho_WEE1i_R2"": ""P1P2""}","[""P1P2""]","[""MC1R_+_89984332.23-P1P2|MC1R_+_89984320.23-P1P2""]",
MCM4,True,-2.565027646,0.07326007326007326,0.03981175318473662,-2.152506440180121,0.1307934744931222,-0.1806406046668105,0.3092105263157895,0.49605263157894736,0.9855263157894737,0.8118421052631579,0.0013157894736842105,0.9828947368421053,0.9881578947368421,0.9276315789473685,0.18684210526315786,>0,>0,1,1,"{""gamma_R2"": ""P1P2"", ""rho_ATMi_R2"": ""P1P2"", ""rho_ATRi_R2"": ""P1P2"", ""rho_R2"": ""P1P2"", ""rho_WEE1i_R2"": ""P1P2""}","[""P1P2""]","[""MCM4_-_48873574.23-P1P2|MCM4_+_48873564.23-P1P2""]",
MCM7,False,-0.815967559,0.15567765567765568,-0.5054566429986468,-1.757831840945109,2.029523448078211,-0.5489078330402233,0.8723684210526316,0.014473684210526316,0.9592105263157895,0.9907894736842106,0.3671052631578947,0.9565789473684211,0.9828947368421053,0.9907894736842106,-0.8578947368421053,<0,>0,1,1,"{""gamma_R2"": ""P1P2"", ""rho_ATMi_R2"": ""P1P2"", ""rho_ATRi_R2"": ""P1P2"", ""rho_R2"": ""P1P2"", ""rho_WEE1i_R2"": ""P1P2""}","[""P1P2""]","[""MCM7_-_99698958.23-P1P2|MCM7_-_99698936.23-P1P2""]",
MCM8,False,-0.136909775,0.003663003663003663,0.1907293557795001,-0.5760834417494354,-0.6384642576633496,-0.1014080000578,0.13815789473684212,0.8381578947368421,0.7355263157894737,0.7092105263157895,0.1513157894736842,0.8855263157894737,0.09078947368421053,0.22763157894736843,0.7,>0,<0,1,1,"{""gamma_R2"": ""P1P2"", ""rho_ATMi_R2"": ""P1P2"", ""rho_ATRi_R2"": ""P1P2"", ""rho_R2"": ""P1P2"", ""rho_WEE1i_R2"": ""P1P2""}","[""P1P2""]","[""MCM8_-_5931539.23-P1P2|MCM8_-_5931575.23-P1P2""]",
MCM9,False,-0.009774722,0.01282051282051282,-0.3482369994823696,-0.5026809073868572,-0.01326313097463074,-0.05966282771584914,0.8039473684210526,0.5776315789473684,0.7223684210526315,0.6223684210526316,0.4723684210526316,0.9881578947368421,0.07236842105263158,0.6078947368421053,-0.22631578947368425,<0,<0,1,1,"{""gamma_R2"": ""P1P2"", ""rho_ATMi_R2"": ""P1P2"", ""rho_ATRi_R2"": ""P1P2"", ""rho_R2"": ""P1P2"", ""rho_WEE1i_R2"": ""P1P2""}","[""P1P2""]","[""MCM9_+_119256304.23-P1P2|MCM9_+_119256290.23-P1P2""]",
MCMDC2,False,-0.255060993,0.007326007326007326,0.04836877746765807,-0.07728910527816227,-0.4717388499446306,0.02753165505953882,0.29078947368421054,0.7907894736842105,0.33289473684210524,0.08289473684210526,0.275,0.21710526315789475,0.19078947368421054,0.4486842105263158,0.49999999999999994,>0,<0,1,1,"{""gamma_R2"": ""P1P2"", ""rho_ATMi_R2"": ""P1P2"", ""rho_ATRi_R2"": ""P1P2"", ""rho_R2"": ""P1P2"", ""rho_WEE1i_R2"": ""P1P2""}","[""P1P2""]","[""MCMDC2_-_67783058.23-P1P2|MCMDC2_-_67783054.23-P1P2""]",
MCRS1,False,-0.071500728,0.02564102564102564,-0.1855337787668899,-0.2510138855253358,0.1440841678799873,-0.4151216111082268,0.6355263157894737,0.4697368421052632,0.5618421052631579,0.9460526315789474,0.6355263157894737,0.7513157894736842,0.7934210526315789,0.7763157894736842,-0.16578947368421054,<0,>0,1,1,"{""gamma_R2"": ""P1P2"", ""rho_ATMi_R2"": ""P1P2"", ""rho_ATRi_R2"": ""P1P2"", ""rho_R2"": ""P1P2"", ""rho_WEE1i_R2"": ""P1P2""}","[""P1P2""]","[""MCRS1_+_49961900.23-P1P2|MCRS1_+_49961849.23-P1P2""]",
MDC1,False,-0.199962878,0.04212454212454213,-1.246823663522221,-0.6097264112928609,-3.114452827098317,-0.2410586860512866,0.9855263157894737,0.993421052631579,0.7513157894736842,0.8513157894736842,0.9539473684210527,0.9986842105263158,0.9565789473684211,0.8486842105263158,0.007894736842105288,<0,<0,1,1,"{""gamma_R2"": ""P1P2"", ""rho_ATMi_R2"": ""P1P2"", ""rho_ATRi_R2"": ""P1P2"", ""rho_R2"": ""P1P2"", ""rho_WEE1i_R2"": ""P1P2""}","[""P1P2""]","[""MDC1_+_30685020.23-P1P2|MDC1_-_30685387.23-P1P2""]",
MEAF6,False,-0.195549245,0.1446886446886447,-0.3206276196838069,-1.973553568432455,-2.10258568471279,-0.3180990544938867,0.7881578947368421,0.9723684210526315,0.9802631578947368,0.9013157894736842,0.9776315789473684,0.006578947368421052,0.8907894736842106,0.9881578947368421,0.1842105263157895,<0,<0,1,1,"{""gamma_R2"": ""P1P2"", ""rho_ATMi_R2"": ""P1P2"", ""rho_ATRi_R2"": ""P1P2"", ""rho_R2"": ""P1P2"", ""rho_WEE1i_R2"": ""P1P2""}","[""P1P2""]","[""MEAF6_+_37980325.23-P1P2|MEAF6_-_37980322.23-P1P2""]",
MEIOB,False,-0.187347245,0.0018315018315018315,-0.06101899106380993,0.2922338865896862,0.04837276411430047,-0.03039764722354921,0.4697368421052632,0.5328947368421053,0.019736842105263157,0.5144736842105263,0.5039473684210526,0.8802631578947369,0.2802631578947368,0.1013157894736842,0.06315789473684214,<0,>0,1,1,"{""gamma_R2"": ""P1P2"", ""rho_ATMi_R2"": ""P1P2"", ""rho_ATRi_R2"": ""P1P2"", ""rho_R2"": ""P1P2"", ""rho_WEE1i_R2"": ""P1P2""}","[""P1P2""]","[""MEIOB_+_1922098.23-P1P2|MEIOB_-_1922113.23-P1P2""]",
MEN1,False,0.0,0.07692307692307693,-0.8731699371259635,-1.501857916481398,0.1605861315400472,-0.1341049722605173,0.9565789473684211,0.4513157894736842,0.9328947368421052,0.7671052631578947,0.8828947368421053,0.1118421052631579,0.24868421052631579,0.9315789473684211,-0.5052631578947369,<0,>0,1,1,"{""gamma_R2"": ""P1P2"", ""rho_ATMi_R2"": ""P1P2"", ""rho_ATRi_R2"": ""P1P2"", ""rho_R2"": ""P1P2"", ""rho_WEE1i_R2"": ""P1P2""}","[""P1P2""]","[""MEN1_+_64578000.23-P1P2|MEN1_+_64577980.23-P1P2""]",
MGME1,False,-0.164454862,0.003663003663003663,-0.09374799247667212,0.1286878598248276,0.2778355231418516,-0.01974615409593839,0.5197368421052632,0.3881578947368421,0.09868421052631579,0.41973684210526313,0.6486842105263158,0.7934210526315789,0.45394736842105265,0.22763157894736843,-0.13157894736842107,<0,>0,1,1,"{""gamma_R2"": ""P1P2"", ""rho_ATMi_R2"": ""P1P2"", ""rho_ATRi_R2"": ""P1P2"", ""rho_R2"": ""P1P2"", ""rho_WEE1i_R2"": ""P1P2""}","[""P1P2""]","[""MGME1_+_17949787.23-P1P2|MGME1_-_17949803.23-P1P2""]",
MGMT,False,-0.036632024,0.005494505494505495,-0.2207585216685589,0.02078435006590033,0.6321417333908009,-0.03224646583010856,0.6776315789473685,0.1881578947368421,0.18026315789473685,0.5276315789473685,0.7328947368421053,0.5328947368421053,0.775,0.35,-0.4894736842105264,<0,>0,1,1,"{""gamma_R2"": ""P1P2"", ""rho_ATMi_R2"": ""P1P2"", ""rho_ATRi_R2"": ""P1P2"", ""rho_R2"": ""P1P2"", ""rho_WEE1i_R2"": ""P1P2""}","[""P1P2""]","[""MGMT_-_131265539.23-P1P2|MGMT_+_131265524.23-P1P2""]",
MLH1,False,0.0,0.009157509157509158,-0.3864588122379091,-0.1598477732268654,-0.0899518568726156,0.01467783004176081,0.8223684210526315,0.6118421052631579,0.4697368421052632,0.14078947368421052,0.7828947368421053,0.475,0.7855263157894737,0.5223684210526316,-0.21052631578947367,<0,<0,1,1,"{""gamma_R2"": ""P1P2"", ""rho_ATMi_R2"": ""P1P2"", ""rho_ATRi_R2"": ""P1P2"", ""rho_R2"": ""P1P2"", ""rho_WEE1i_R2"": ""P1P2""}","[""P1P2""]","[""MLH1_-_37035083.23-P1P2|MLH1_-_37035067.23-P1P2""]",
MLH3,False,-0.12128774,0.005494505494505495,0.08375166206441964,-0.2187780684309875,0.4579162887803466,-0.06341063019829278,0.24342105263157895,0.275,0.5223684210526316,0.6355263157894737,0.34868421052631576,0.05921052631578947,0.6276315789473684,0.35,0.03157894736842107,>0,>0,1,1,"{""gamma_R2"": ""P1P2"", ""rho_ATMi_R2"": ""P1P2"", ""rho_ATRi_R2"": ""P1P2"", ""rho_R2"": ""P1P2"", ""rho_WEE1i_R2"": ""P1P2""}","[""P1P2""]","[""MLH3_+_75518140.23-P1P2|MLH3_-_75518124.23-P1P2""]",
MORF4L1,False,0.0,0.009157509157509158,-0.3172074254349164,-0.280917710567465,-0.07183186825798576,0.01377686120808013,0.7802631578947369,0.5960526315789474,0.593421052631579,0.14868421052631578,0.41710526315789476,0.45657894736842103,0.1986842105263158,0.5223684210526316,-0.1842105263157895,<0,<0,1,1,"{""gamma_R2"": ""P1P2"", ""rho_ATMi_R2"": ""P1P2"", ""rho_ATRi_R2"": ""P1P2"", ""rho_R2"": ""P1P2"", ""rho_WEE1i_R2"": ""P1P2""}","[""P1P2""]","[""MORF4L1_-_79165256.23-P1P2|MORF4L1_-_79165709.23-P1P2""]",
MORF4L2,False,-0.224263464,0.009157509157509158,0.006795635078661544,0.2133175398253252,0.6993489583810748,-0.02314818360513706,0.35657894736842105,0.1618421052631579,0.05131578947368421,0.4513157894736842,0.7144736842105263,0.7855263157894737,0.5671052631578948,0.5223684210526316,-0.19473684210526315,>0,>0,2,2,"{""gamma_R2"": ""P1"", ""rho_ATMi_R2"": ""P1"", ""rho_ATRi_R2"": ""P1"", ""rho_R2"": ""P1"", ""rho_WEE1i_R2"": ""P1""}","[""P1"", ""P2""]","[""MORF4L2_+_102941605.23-P1|MORF4L2_+_102941617.23-P1"", ""MORF4L2_+_102942915.23-P2|MORF4L2_-_102942959.23-P2""]",
MPG,False,-0.037810516,0.018315018315018316,0.04098278548489395,0.0908574632505997,-0.09851501130772865,0.04301439913851127,0.3013157894736842,0.6144736842105263,0.11973684210526316,0.04078947368421053,0.09605263157894736,0.6460526315789473,0.20657894736842106,0.6868421052631579,0.3131578947368421,>0,<0,1,1,"{""gamma_R2"": ""P1P2"", ""rho_ATMi_R2"": ""P1P2"", ""rho_ATRi_R2"": ""P1P2"", ""rho_R2"": ""P1P2"", ""rho_WEE1i_R2"": ""P1P2""}","[""P1P2""]","[""MPG_+_128262.23-P1P2|MPG_+_128226.23-P1P2""]",
MRGBP,False,-0.055048916,0.02564102564102564,-0.4731682412088064,-1.303376225573029,1.698137104194727,-0.223628621429684,0.8539473684210527,0.025,0.9171052631578948,0.8355263157894737,0.9460526315789474,0.009210526315789473,0.02236842105263158,0.7763157894736842,-0.8289473684210527,<0,>0,1,1,"{""gamma_R2"": ""P1P2"", ""rho_ATMi_R2"": ""P1P2"", ""rho_ATRi_R2"": ""P1P2"", ""rho_R2"": ""P1P2"", ""rho_WEE1i_R2"": ""P1P2""}","[""P1P2""]","[""MRGBP_-_61427884.23-P1P2|MRGBP_-_61427962.23-P1P2""]",
MSH2,False,-0.995003157,0.014652014652014652,-0.04105245422897066,0.009797440286088165,0.8845166674705068,-0.05809802833540035,0.42236842105263156,0.10921052631578948,0.1986842105263158,0.6171052631578947,0.6513157894736842,0.09868421052631579,0.5776315789473684,0.6434210526315789,-0.3131578947368421,<0,>0,1,1,"{""gamma_R2"": ""P1P2"", ""rho_ATMi_R2"": ""P1P2"", ""rho_ATRi_R2"": ""P1P2"", ""rho_R2"": ""P1P2"", ""rho_WEE1i_R2"": ""P1P2""}","[""P1P2""]","[""MSH2_-_47630333.23-P1P2|MSH2_-_47630319.23-P1P2""]",
MSH3,False,0.0,0.0018315018315018315,0.07062009110204315,-0.0446005292463294,0.3359781571939099,0.0182949089402889,0.2618421052631579,0.3513157894736842,0.2881578947368421,0.12236842105263158,0.375,0.3539473684210526,0.4776315789473684,0.1013157894736842,0.08947368421052632,>0,>0,1,1,"{""gamma_R2"": ""P1P2"", ""rho_ATMi_R2"": ""P1P2"", ""rho_ATRi_R2"": ""P1P2"", ""rho_R2"": ""P1P2"", ""rho_WEE1i_R2"": ""P1P2""}","[""P1P2""]","[""MSH3_-_79950488.23-P1P2|MSH3_+_79950544.23-P1P2""]",
MSH4,False,0.0,0.007326007326007326,-0.1956890935974228,0.1261106717195144,-1.017282804747781,0.039475227707499,0.6513157894736842,0.9118421052631579,0.10394736842105264,0.04868421052631579,0.45394736842105265,0.6039473684210527,0.5855263157894737,0.4486842105263158,0.2605263157894737,<0,<0,1,1,"{""gamma_R2"": ""P1P2"", ""rho_ATMi_R2"": ""P1P2"", ""rho_ATRi_R2"": ""P1P2"", ""rho_R2"": ""P1P2"", ""rho_WEE1i_R2"": ""P1P2""}","[""P1P2""]","[""MSH4_-_76262623.23-P1P2|MSH4_+_76262635.23-P1P2""]",
MSH5,False,-0.36362795,0.005494505494505495,-0.02708609730109579,-0.4851906507628243,0.04649219561119167,-0.00356918217788458,0.3960526315789474,0.5355263157894737,0.7065789473684211,0.2802631578947368,0.4644736842105263,0.48026315789473684,0.3381578947368421,0.35,0.13947368421052636,<0,>0,1,1,"{""gamma_R2"": ""P1P2"", ""rho_ATMi_R2"": ""P1P2"", ""rho_ATRi_R2"": ""P1P2"", ""rho_R2"": ""P1P2"", ""rho_WEE1i_R2"": ""P1P2""}","[""P1P2""]","[""MSH5_+_31707820.23-P1P2|MSH5_+_31707824.23-P1P2""]",
MSH6,False,-0.177170737,0.016483516483516484,-0.0003266228562600199,-0.9847699070428128,-0.5819762546425249,0.02651212983167346,0.37236842105263157,0.825,0.8644736842105263,0.09342105263157895,0.2381578947368421,0.5565789473684211,0.5171052631578947,0.6684210526315789,0.4526315789473684,<0,<0,1,1,"{""gamma_R2"": ""P1P2"", ""rho_ATMi_R2"": ""P1P2"", ""rho_ATRi_R2"": ""P1P2"", ""rho_R2"": ""P1P2"", ""rho_WEE1i_R2"": ""P1P2""}","[""P1P2""]","[""MSH6_-_48010319.23-P1P2|MSH6_-_48010349.23-P1P2""]",
MUM1,False,-0.721669946,0.044036697247706424,0.02336037907425285,-0.05591160273818889,0.5574468349148589,-0.2772098332263076,0.33289473684210524,0.2118421052631579,0.3013157894736842,0.8802631578947369,0.45657894736842103,0.3907894736842105,0.02763157894736842,0.8631578947368421,-0.12105263157894736,>0,>0,1,1,"{""gamma_R2"": ""P1P2"", ""rho_ATMi_R2"": ""P1P2"", ""rho_ATRi_R2"": ""P1P2"", ""rho_R2"": ""P1P2"", ""rho_WEE1i_R2"": ""P1P2""}","[""P1P2""]","[""MUM1_+_1355064.23-P1P2|MUM1_+_1355218.23-P1P2""]",
MUS81,False,-0.136812796,0.01098901098901099,-0.3205293744096845,-1.18778411920242,0.05756101484774204,-0.01776873152143951,0.7855263157894737,0.5276315789473685,0.8934210526315789,0.40657894736842104,0.3223684210526316,0.5302631578947369,0.7671052631578947,0.5776315789473684,-0.2578947368421053,<0,>0,1,1,"{""gamma_R2"": ""P1P2"", ""rho_ATMi_R2"": ""P1P2"", ""rho_ATRi_R2"": ""P1P2"", ""rho_R2"": ""P1P2"", ""rho_WEE1i_R2"": ""P1P2""}","[""P1P2""]","[""MUS81_+_65628068.23-P1P2|MUS81_-_65628100.23-P1P2""]",
MUTYH,False,-0.566984776,0.0347985347985348,-1.153656733411706,-2.339690942191417,-0.2103712184793604,-0.4641293504582804,0.975,0.6671052631578948,0.9907894736842106,0.9644736842105263,0.975,0.9197368421052632,0.9671052631578947,0.8302631578947368,-0.3078947368421052,<0,<0,1,1,"{""gamma_R2"": ""P1P2"", ""rho_ATMi_R2"": ""P1P2"", ""rho_ATRi_R2"": ""P1P2"", ""rho_R2"": ""P1P2"", ""rho_WEE1i_R2"": ""P1P2""}","[""P1P2""]","[""MUTYH_-_45805994.23-P1P2|MUTYH_-_45805607.23-P1P2""]",
NABP1,False,0.0,0.007326007326007326,-0.1490915829897584,-0.09984671408685324,1.338112239611513,-0.004859972288920889,0.5881578947368421,0.04868421052631579,0.3907894736842105,0.29605263157894735,0.7092105263157895,0.5644736842105263,0.8486842105263158,0.4486842105263158,-0.5394736842105263,<0,>0,1,1,"{""gamma_R2"": ""P1P2"", ""rho_ATMi_R2"": ""P1P2"", ""rho_ATRi_R2"": ""P1P2"", ""rho_R2"": ""P1P2"", ""rho_WEE1i_R2"": ""P1P2""}","[""P1P2""]","[""NABP1_+_192543312.23-P1P2|NABP1_+_192542900.23-P1P2""]",
NDNL2,False,-0.205559462,0.04212454212454213,-0.256187965636284,-0.2972108487380505,2.120748157937515,-0.2494476804418312,0.7118421052631579,0.009210526315789473,0.6065789473684211,0.8671052631578947,0.7223684210526315,0.8355263157894737,0.4644736842105263,0.8486842105263158,-0.7026315789473685,<0,>0,1,1,"{""gamma_R2"": ""P1P2"", ""rho_ATMi_R2"": ""P1P2"", ""rho_ATRi_R2"": ""P1P2"", ""rho_R2"": ""P1P2"", ""rho_WEE1i_R2"": ""P1P2""}","[""P1P2""]","[""NDNL2_-_29561992.23-P1P2|NDNL2_-_29561941.23-P1P2""]",
NEIL1,False,0.0,0.01098901098901099,-0.039530823188669,-0.07766023324752055,0.1345911071351931,-0.02871705060054773,0.41710526315789476,0.48289473684210527,0.3381578947368421,0.5092105263157894,0.40131578947368424,0.1986842105263158,0.08026315789473684,0.5776315789473684,0.06578947368421051,<0,>0,1,1,"{""gamma_R2"": ""P1P2"", ""rho_ATMi_R2"": ""P1P2"", ""rho_ATRi_R2"": ""P1P2"", ""rho_R2"": ""P1P2"", ""rho_WEE1i_R2"": ""P1P2""}","[""P1P2""]","[""NEIL1_+_75639678.23-P1P2|NEIL1_-_75639455.23-P1P2""]",
NEIL2,False,-0.132685766,0.003663003663003663,0.1984106476475631,-0.2234080624456185,0.1202387965283991,-0.02618605677856444,0.13289473684210526,0.5092105263157894,0.5328947368421053,0.48289473684210527,0.2513157894736842,0.29605263157894735,0.575,0.22763157894736843,0.37631578947368416,>0,>0,1,1,"{""gamma_R2"": ""P1P2"", ""rho_ATMi_R2"": ""P1P2"", ""rho_ATRi_R2"": ""P1P2"", ""rho_R2"": ""P1P2"", ""rho_WEE1i_R2"": ""P1P2""}","[""P1P2""]","[""NEIL2_+_11627297.23-P1P2|NEIL2_+_11627227.23-P1P2""]",
NEIL3,False,-0.006425477,0.0018315018315018315,-0.239963650542658,-0.8980576332701344,0.586641069025324,-0.01657043563444779,0.6907894736842105,0.20394736842105263,0.8276315789473684,0.39342105263157895,0.29078947368421054,0.49605263157894736,0.2618421052631579,0.1013157894736842,-0.48684210526315785,<0,>0,1,1,"{""gamma_R2"": ""P1P2"", ""rho_ATMi_R2"": ""P1P2"", ""rho_ATRi_R2"": ""P1P2"", ""rho_R2"": ""P1P2"", ""rho_WEE1i_R2"": ""P1P2""}","[""P1P2""]","[""NEIL3_-_178231086.23-P1P2|NEIL3_+_178231087.23-P1P2""]",
NFRKB,False,-0.882237741,0.13736263736263737,-0.5018358975048839,-1.214465419456487,0.7302410005232405,-0.2433282495547691,0.8671052631578947,0.1513157894736842,0.8986842105263158,0.8539473684210527,0.7907894736842105,0.8960526315789473,0.993421052631579,0.9815789473684211,-0.7157894736842105,<0,>0,1,1,"{""gamma_R2"": ""P1P2"", ""rho_ATMi_R2"": ""P1P2"", ""rho_ATRi_R2"": ""P1P2"", ""rho_R2"": ""P1P2"", ""rho_WEE1i_R2"": ""P1P2""}","[""P1P2""]","[""NFRKB_+_129765383.23-P1P2|NFRKB_+_129765408.23-P1P2""]",
NHEJ1,False,-0.154582705,0.003663003663003663,-0.4570401315737015,-0.3686771361230765,-0.3278295613924209,-0.05646791945564883,0.8486842105263158,0.7355263157894737,0.6513157894736842,0.6118421052631579,0.925,0.8197368421052632,0.6907894736842105,0.22763157894736843,-0.11315789473684212,<0,<0,1,1,"{""gamma_R2"": ""P1P2"", ""rho_ATMi_R2"": ""P1P2"", ""rho_ATRi_R2"": ""P1P2"", ""rho_R2"": ""P1P2"", ""rho_WEE1i_R2"": ""P1P2""}","[""P1P2""]","[""NHEJ1_+_220025461.23-P1P2|NHEJ1_-_220025514.23-P1P2""]",
NIPBL,False,-0.090945637,0.01098901098901099,0.5288194193078338,0.01791946713392149,-0.9101890771398221,-0.4129756948233401,0.011842105263157895,0.8907894736842106,0.19078947368421054,0.9407894736842105,0.09342105263157895,0.6828947368421052,0.8092105263157895,0.5776315789473684,0.8789473684210527,>0,<0,1,1,"{""gamma_R2"": ""P1P2"", ""rho_ATMi_R2"": ""P1P2"", ""rho_ATRi_R2"": ""P1P2"", ""rho_R2"": ""P1P2"", ""rho_WEE1i_R2"": ""P1P2""}","[""P1P2""]","[""NIPBL_-_36877429.23-P1P2|NIPBL_+_36877381.23-P1P2""]",
NONO,False,0.0,0.009174311926605505,-0.6084368424410207,-0.7698744174136422,0.3786659254814388,-0.07951220251675577,0.8960526315789473,0.30657894736842106,0.7960526315789473,0.6644736842105263,0.09868421052631579,0.8592105263157894,0.9171052631578948,0.5592105263157895,-0.5894736842105263,<0,>0,1,1,"{""gamma_R2"": ""P1P2"", ""rho_ATMi_R2"": ""P1P2"", ""rho_ATRi_R2"": ""P1P2"", ""rho_R2"": ""P1P2"", ""rho_WEE1i_R2"": ""P1P2""}","[""P1P2""]","[""NONO_-_70503915.23-P1P2|NONO_+_70503689.23-P1P2""]",
NPAS2,False,-0.015971259,0.0,0.0929099602823178,-0.6032218427864174,1.24286499551281,-0.177692878982335,0.22763157894736843,0.05921052631578947,0.7486842105263158,0.8092105263157895,0.33026315789473687,0.017105263157894738,0.20394736842105263,0.021052631578947368,-0.16842105263157897,>0,>0,1,1,"{""gamma_R2"": ""P1P2"", ""rho_ATMi_R2"": ""P1P2"", ""rho_ATRi_R2"": ""P1P2"", ""rho_R2"": ""P1P2"", ""rho_WEE1i_R2"": ""P1P2""}","[""P1P2""]","[""NPAS2_+_101436646.23-P1P2|NPAS2_-_101436652.23-P1P2""]",
NPM1,False,-0.320856978,0.01282051282051282,-0.1625702739591694,-1.761273384639029,0.6241566091825411,-0.3943929829713755,0.593421052631579,0.19605263157894737,0.9644736842105263,0.9276315789473685,0.06447368421052632,0.20921052631578949,0.8618421052631579,0.6078947368421053,-0.3973684210526316,<0,>0,1,1,"{""gamma_R2"": ""P1P2"", ""rho_ATMi_R2"": ""P1P2"", ""rho_ATRi_R2"": ""P1P2"", ""rho_R2"": ""P1P2"", ""rho_WEE1i_R2"": ""P1P2""}","[""P1P2""]","[""NPM1_-_170814669.23-P1P2|NPM1_-_170814840.23-P1P2""]",
NSMCE2,False,-0.169890392,0.029304029304029304,-0.2777767346633849,-1.261037083287237,0.6255172135972403,-0.1949554432554516,0.7355263157894737,0.19342105263157894,0.9118421052631579,0.8171052631578948,0.6092105263157894,0.2513157894736842,0.014473684210526316,0.8,-0.5421052631578948,<0,>0,1,1,"{""gamma_R2"": ""P1P2"", ""rho_ATMi_R2"": ""P1P2"", ""rho_ATRi_R2"": ""P1P2"", ""rho_R2"": ""P1P2"", ""rho_WEE1i_R2"": ""P1P2""}","[""P1P2""]","[""NSMCE2_-_126104128.23-P1P2|NSMCE2_-_126104115.23-P1P2""]",
NSMCE4A,False,0.0,0.0018315018315018315,-0.2834693097765162,-0.2524400330615396,1.386907080449669,-0.4732381207899974,0.7460526315789474,0.04078947368421053,0.5671052631578948,0.9671052631578947,0.7381578947368421,0.7223684210526315,0.625,0.1013157894736842,-0.7052631578947369,<0,>0,1,1,"{""gamma_R2"": ""P1P2"", ""rho_ATMi_R2"": ""P1P2"", ""rho_ATRi_R2"": ""P1P2"", ""rho_R2"": ""P1P2"", ""rho_WEE1i_R2"": ""P1P2""}","[""P1P2""]","[""NSMCE4A_-_123734775.23-P1P2|NSMCE4A_-_123734710.23-P1P2""]",
NTHL1,False,-0.093092308,0.0018315018315018315,-0.02789572211227695,0.1436931106890868,-0.3256745645132984,0.02366373830381327,0.40131578947368424,0.7328947368421053,0.0881578947368421,0.09868421052631579,0.10657894736842105,0.20394736842105263,0.2644736842105263,0.1013157894736842,0.33157894736842103,<0,<0,1,1,"{""gamma_R2"": ""P1P2"", ""rho_ATMi_R2"": ""P1P2"", ""rho_ATRi_R2"": ""P1P2"", ""rho_R2"": ""P1P2"", ""rho_WEE1i_R2"": ""P1P2""}","[""P1P2""]","[""NTHL1_+_2097718.23-P1P2|NTHL1_-_2097763.23-P1P2""]",
NUCKS1,False,-0.096668647,0.003663003663003663,-0.08963725372181441,0.1906144744112155,-0.6839590312791413,0.01711844776790515,0.5039473684210526,0.8486842105263158,0.06710526315789474,0.13026315789473683,0.34342105263157896,0.07763157894736843,0.2513157894736842,0.22763157894736843,0.34473684210526323,<0,<0,1,1,"{""gamma_R2"": ""P1P2"", ""rho_ATMi_R2"": ""P1P2"", ""rho_ATRi_R2"": ""P1P2"", ""rho_R2"": ""P1P2"", ""rho_WEE1i_R2"": ""P1P2""}","[""P1P2""]","[""NUCKS1_-_205719091.23-P1P2|NUCKS1_-_205718968.23-P1P2""]",
NUDT1,False,0.0,0.005494505494505495,0.006473372351061712,-0.1130378092040815,0.2777862405181816,-0.005174215159463237,0.3592105263157895,0.3907894736842105,0.40131578947368424,0.2986842105263158,0.1986842105263158,0.17763157894736842,0.22236842105263158,0.35,0.03157894736842104,>0,>0,1,1,"{""gamma_R2"": ""P1P2"", ""rho_ATMi_R2"": ""P1P2"", ""rho_ATRi_R2"": ""P1P2"", ""rho_R2"": ""P1P2"", ""rho_WEE1i_R2"": ""P1P2""}","[""P1P2""]","[""NUDT1_-_2281882.23-P1P2|NUDT1_-_2281885.23-P1P2""]",
NUDT16,False,0.0,0.0018315018315018315,-0.2128292445678179,0.1454460069392246,-0.08621509650026593,0.0002942565158682835,0.6697368421052632,0.6013157894736842,0.08026315789473684,0.25394736842105264,0.5986842105263158,0.675,0.8065789473684211,0.1013157894736842,-0.06842105263157894,<0,<0,1,1,"{""gamma_R2"": ""P1P2"", ""rho_ATMi_R2"": ""P1P2"", ""rho_ATRi_R2"": ""P1P2"", ""rho_R2"": ""P1P2"", ""rho_WEE1i_R2"": ""P1P2""}","[""P1P2""]","[""NUDT16_-_131100633.23-P1P2|NUDT16_+_131100682.23-P1P2""]",
NUDT16L1,False,0.0,0.018315018315018316,0.1670001800854507,-0.1597255748652867,0.300779041054511,-0.0346423877799976,0.14868421052631578,0.38026315789473686,0.46710526315789475,0.5355263157894737,0.3907894736842105,0.1881578947368421,0.25921052631578945,0.6868421052631579,0.23157894736842108,>0,>0,1,1,"{""gamma_R2"": ""P1P2"", ""rho_ATMi_R2"": ""P1P2"", ""rho_ATRi_R2"": ""P1P2"", ""rho_R2"": ""P1P2"", ""rho_WEE1i_R2"": ""P1P2""}","[""P1P2""]","[""NUDT16L1_+_4744124.23-P1P2|NUDT16L1_-_4743739.23-P1P2""]",
OBFC1,False,-0.564298339,0.03663003663003663,0.07979966459867043,-0.3354664922212985,0.3182427547264393,-0.01867672989247873,0.2513157894736842,0.36447368421052634,0.6302631578947369,0.4144736842105263,0.7776315789473685,0.5855263157894737,0.7355263157894737,0.8355263157894737,0.11315789473684212,>0,>0,1,1,"{""gamma_R2"": ""P1P2"", ""rho_ATMi_R2"": ""P1P2"", ""rho_ATRi_R2"": ""P1P2"", ""rho_R2"": ""P1P2"", ""rho_WEE1i_R2"": ""P1P2""}","[""P1P2""]","[""OBFC1_-_105677919.23-P1P2|OBFC1_+_105677891.23-P1P2""]",
OGG1,False,-0.071294253,0.005494505494505495,-0.04704437455742012,0.0557841769220689,-0.4374506388067298,-0.05067151265870883,0.4381578947368421,0.7802631578947369,0.1513157894736842,0.5881578947368421,0.30657894736842106,0.40921052631578947,0.29342105263157897,0.35,0.3421052631578948,<0,<0,1,1,"{""gamma_R2"": ""P1P2"", ""rho_ATMi_R2"": ""P1P2"", ""rho_ATRi_R2"": ""P1P2"", ""rho_R2"": ""P1P2"", ""rho_WEE1i_R2"": ""P1P2""}","[""P1P2""]","[""OGG1_-_9791952.23-P1P2|OGG1_+_9792043.23-P1P2""]",
OTUB1,False,-0.378512364,0.06227106227106227,-0.7768008986683559,-0.8446147336699132,-1.171614195540742,-0.06072907785389075,0.9486842105263158,0.9223684210526316,0.8144736842105263,0.625,0.7539473684210526,0.6407894736842106,0.8697368421052631,0.9013157894736842,-0.02631578947368418,<0,<0,1,1,"{""gamma_R2"": ""P1P2"", ""rho_ATMi_R2"": ""P1P2"", ""rho_ATRi_R2"": ""P1P2"", ""rho_R2"": ""P1P2"", ""rho_WEE1i_R2"": ""P1P2""}","[""P1P2""]","[""OTUB1_-_63753971.23-P1P2|OTUB1_-_63753934.23-P1P2""]",
PAGR1,False,-0.116294636,0.005494505494505495,0.2390722307870445,0.2790020640085335,0.3964737444632148,0.07061825587368918,0.09078947368421053,0.29605263157894735,0.025,0.006578947368421052,0.07236842105263158,0.24342105263157895,0.4328947368421053,0.35,0.20526315789473681,>0,>0,1,1,"{""gamma_R2"": ""P1P2"", ""rho_ATMi_R2"": ""P1P2"", ""rho_ATRi_R2"": ""P1P2"", ""rho_R2"": ""P1P2"", ""rho_WEE1i_R2"": ""P1P2""}","[""P1P2""]","[""PAGR1_-_29827891.23-P1P2|PAGR1_+_29827880.23-P1P2""]",
PAPD7,False,-0.396676612,0.0018315018315018315,0.08444522350181523,-0.1614565036629788,0.7414908724809104,-0.004191642935307465,0.24078947368421053,0.14605263157894738,0.4723684210526316,0.2855263157894737,0.48289473684210527,0.5592105263157895,0.45921052631578946,0.1013157894736842,-0.09473684210526315,>0,>0,1,1,"{""gamma_R2"": ""ENST00000230859.6"", ""rho_ATMi_R2"": ""ENST00000230859.6"", ""rho_ATRi_R2"": ""ENST00000230859.6"", ""rho_R2"": ""ENST00000230859.6"", ""rho_WEE1i_R2"": ""ENST00000230859.6""}","[""ENST00000230859.6""]","[""PAPD7_-_6714812.23-ENST00000230859.6|PAPD7_+_6714583.23-ENST00000230859.6""]",
PARG,False,0.0,0.023853211009174313,-0.0102414667125393,0.08203590853544362,-0.4916070721829178,0.009796295666074546,0.38026315789473686,0.7934210526315789,0.13026315789473683,0.16710526315789473,0.6697368421052632,0.8144736842105263,0.7302631578947368,0.7684210526315789,0.41315789473684206,<0,<0,1,1,"{""gamma_R2"": ""ENST00000402038.3"", ""rho_ATMi_R2"": ""ENST00000402038.3"", ""rho_ATRi_R2"": ""ENST00000402038.3"", ""rho_R2"": ""ENST00000402038.3"", ""rho_WEE1i_R2"": ""ENST00000402038.3""}","[""ENST00000402038.3""]","[""PARG_-_51130357.23-ENST00000402038.3|PARG_-_51130247.23-ENST00000402038.3""]",
PARP1,False,-0.115063531,0.005494505494505495,-1.212357324418439,-0.3800155983478357,-1.997144575222897,-0.09326065247420882,0.9828947368421053,0.9697368421052631,0.6592105263157895,0.6986842105263158,0.9881578947368421,0.9618421052631579,0.725,0.35,-0.013157894736842146,<0,<0,1,1,"{""gamma_R2"": ""P1P2"", ""rho_ATMi_R2"": ""P1P2"", ""rho_ATRi_R2"": ""P1P2"", ""rho_R2"": ""P1P2"", ""rho_WEE1i_R2"": ""P1P2""}","[""P1P2""]","[""PARP1_-_226595361.23-P1P2|PARP1_+_226595744.23-P1P2""]",
PARP10,False,-0.045760626,0.007326007326007326,0.07604453343799764,-0.1515518423659348,1.284393975246609,-0.04189236507446207,0.2565789473684211,0.05394736842105263,0.4513157894736842,0.5618421052631579,0.3513157894736842,0.3223684210526316,0.5355263157894737,0.4486842105263158,-0.20263157894736844,>0,>0,1,1,"{""gamma_R2"": ""P1P2"", ""rho_ATMi_R2"": ""P1P2"", ""rho_ATRi_R2"": ""P1P2"", ""rho_R2"": ""P1P2"", ""rho_WEE1i_R2"": ""P1P2""}","[""P1P2""]","[""PARP10_+_145060584.23-P1P2|PARP10_+_145060580.23-P1P2""]",
PARP2,False,0.0,0.01098901098901099,-0.306948002997281,0.1919659205545949,0.5840490666146171,-0.02050019609334148,0.775,0.20657894736842106,0.06184210526315789,0.43026315789473685,0.6328947368421053,0.6513157894736842,0.7539473684210526,0.5776315789473684,-0.5684210526315789,<0,>0,1,1,"{""gamma_R2"": ""P1P2"", ""rho_ATMi_R2"": ""P1P2"", ""rho_ATRi_R2"": ""P1P2"", ""rho_R2"": ""P1P2"", ""rho_WEE1i_R2"": ""P1P2""}","[""P1P2""]","[""PARP2_-_20811834.23-P1P2|PARP2_-_20811828.23-P1P2""]",
PARP4,False,0.0,0.003663003663003663,-0.05210550706583784,-0.4850041931720525,0.2378456590527248,-0.006220728852431215,0.4486842105263158,0.40657894736842104,0.7039473684210527,0.3118421052631579,0.5881578947368421,0.7486842105263158,0.5565789473684211,0.22763157894736843,-0.04210526315789476,<0,>0,1,1,"{""gamma_R2"": ""P1P2"", ""rho_ATMi_R2"": ""P1P2"", ""rho_ATRi_R2"": ""P1P2"", ""rho_R2"": ""P1P2"", ""rho_WEE1i_R2"": ""P1P2""}","[""P1P2""]","[""PARP4_+_25086846.23-P1P2|PARP4_+_25086875.23-P1P2""]",
PARP9,False,-0.184186894,0.005494505494505495,-0.1048033403734152,0.2830837548962671,-0.1261539462222419,0.0375361242074465,0.5302631578947369,0.6328947368421053,0.02236842105263158,0.05394736842105263,0.5513157894736842,0.8460526315789474,0.7223684210526315,0.35,0.10263157894736841,<0,<0,1,1,"{""gamma_R2"": ""P1P2"", ""rho_ATMi_R2"": ""P1P2"", ""rho_ATRi_R2"": ""P1P2"", ""rho_R2"": ""P1P2"", ""rho_WEE1i_R2"": ""P1P2""}","[""P1P2""]","[""PARP9_+_122283099.23-P1P2|PARP9_+_122283077.23-P1P2""]",
PARPBP,False,0.0,0.020146520146520148,0.1046354799832077,-0.6530426507810269,-0.03220486230851612,-0.08833435786729822,0.2118421052631579,0.5802631578947368,0.7592105263157894,0.6828947368421052,0.40657894736842104,0.7144736842105263,0.3118421052631579,0.718421052631579,0.3684210526315789,>0,<0,1,1,"{""gamma_R2"": ""P1P2"", ""rho_ATMi_R2"": ""P1P2"", ""rho_ATRi_R2"": ""P1P2"", ""rho_R2"": ""P1P2"", ""rho_WEE1i_R2"": ""P1P2""}","[""P1P2""]","[""PARPBP_+_102514053.23-P1P2|PARPBP_+_102514398.23-P1P2""]",
PAXIP1,False,-0.065410833,0.007326007326007326,-0.4927032005795115,-0.0773274248793355,0.4535730179584352,0.05247918567471788,0.8592105263157894,0.2802631578947368,0.3355263157894737,0.02236842105263158,0.5618421052631579,0.7592105263157894,0.875,0.4486842105263158,-0.5789473684210527,<0,>0,1,1,"{""gamma_R2"": ""P1P2"", ""rho_ATMi_R2"": ""P1P2"", ""rho_ATRi_R2"": ""P1P2"", ""rho_R2"": ""P1P2"", ""rho_WEE1i_R2"": ""P1P2""}","[""P1P2""]","[""PAXIP1_+_154794632.23-P1P2|PAXIP1_+_154794593.23-P1P2""]",
PDS5A,False,0.0,0.0,0.1286291338006739,0.1452534336574008,0.5341274251813145,0.02421543641825065,0.1881578947368421,0.21973684210526315,0.08289473684210526,0.09605263157894736,0.20921052631578949,0.08026315789473684,0.16973684210526316,0.021052631578947368,0.03157894736842104,>0,>0,1,1,"{""gamma_R2"": ""P1P2"", ""rho_ATMi_R2"": ""P1P2"", ""rho_ATRi_R2"": ""P1P2"", ""rho_R2"": ""P1P2"", ""rho_WEE1i_R2"": ""P1P2""}","[""P1P2""]","[""PDS5A_+_39979419.23-P1P2|PDS5A_-_39979449.23-P1P2""]",
PDS5B,False,0.0,0.005494505494505495,-0.130000975488901,-0.1370830626140978,0.2362041413580485,-0.05696386126863932,0.5671052631578948,0.4118421052631579,0.4276315789473684,0.6144736842105263,0.4407894736842105,0.12763157894736843,0.8407894736842105,0.35,-0.15526315789473688,<0,>0,1,1,"{""gamma_R2"": ""P1P2"", ""rho_ATMi_R2"": ""P1P2"", ""rho_ATRi_R2"": ""P1P2"", ""rho_R2"": ""P1P2"", ""rho_WEE1i_R2"": ""P1P2""}","[""P1P2""]","[""PDS5B_-_33160674.23-P1P2|PDS5B_-_33160730.23-P1P2""]",
PIF1,False,-0.544424052,0.023809523809523808,0.2373098990373148,-0.468617724677031,0.0061137244574406,-0.014801397937370949,0.09605263157894736,0.5671052631578948,0.6986842105263158,0.3828947368421053,0.035526315789473684,0.9697368421052631,0.9723684210526315,0.7526315789473684,0.4710526315789474,>0,>0,2,2,"{""gamma_R2"": ""P1"", ""rho_ATMi_R2"": ""P1"", ""rho_ATRi_R2"": ""P1"", ""rho_R2"": ""P1"", ""rho_WEE1i_R2"": ""P1""}","[""P1"", ""P2""]","[""PIF1_-_65117416.23-P1|PIF1_+_65117455.23-P1"", ""PIF1_-_65116192.23-P2|PIF1_+_65115956.23-P2""]",
PML,False,0.0,0.005494505494505495,0.06196164956719086,-0.002000282103952422,-0.1603119224217873,0.01394583735406342,0.275,0.6513157894736842,0.22236842105263158,0.14342105263157895,0.056578947368421055,0.21447368421052632,0.44605263157894737,0.35,0.37631578947368416,>0,<0,1,1,"{""gamma_R2"": ""P1P2"", ""rho_ATMi_R2"": ""P1P2"", ""rho_ATRi_R2"": ""P1P2"", ""rho_R2"": ""P1P2"", ""rho_WEE1i_R2"": ""P1P2""}","[""P1P2""]","[""PML_+_74287090.23-P1P2|PML_-_74287149.23-P1P2""]",
PMS1,False,-0.189197246,0.009157509157509158,0.03156506113670613,0.007362688910628634,0.06421250814182862,0.046270655280852,0.31973684210526315,0.525,0.20657894736842106,0.03289473684210526,0.36973684210526314,0.06447368421052632,0.16447368421052633,0.5223684210526316,0.20526315789473687,>0,>0,1,1,"{""gamma_R2"": ""P1P2"", ""rho_ATMi_R2"": ""P1P2"", ""rho_ATRi_R2"": ""P1P2"", ""rho_R2"": ""P1P2"", ""rho_WEE1i_R2"": ""P1P2""}","[""P1P2""]","[""PMS1_-_190649415.23-P1P2|PMS1_+_190649376.23-P1P2""]",
PMS2,False,-0.021902118,0.0018315018315018315,0.1646687327407017,0.001331421008163552,0.9104471079945521,-0.003806805059060777,0.15394736842105264,0.09078947368421053,0.21447368421052632,0.28289473684210525,0.3618421052631579,0.7671052631578947,0.5197368421052632,0.1013157894736842,-0.06315789473684211,>0,>0,1,1,"{""gamma_R2"": ""P1P2"", ""rho_ATMi_R2"": ""P1P2"", ""rho_ATRi_R2"": ""P1P2"", ""rho_R2"": ""P1P2"", ""rho_WEE1i_R2"": ""P1P2""}","[""P1P2""]","[""PMS2_-_6048462.23-P1P2|PMS2_+_6048646.23-P1P2""]",
PNKP,False,0.0,0.016483516483516484,-0.3398966698931581,-0.7198550872564976,-0.4710726834767326,-0.4268954123569008,0.8013157894736842,0.7881578947368421,0.7881578947368421,0.9486842105263158,0.9118421052631579,0.5671052631578948,0.7592105263157894,0.6684210526315789,-0.013157894736842146,<0,<0,1,1,"{""gamma_R2"": ""P1P2"", ""rho_ATMi_R2"": ""P1P2"", ""rho_ATRi_R2"": ""P1P2"", ""rho_R2"": ""P1P2"", ""rho_WEE1i_R2"": ""P1P2""}","[""P1P2""]","[""PNKP_-_50370388.23-P1P2|PNKP_-_50370765.23-P1P2""]",
POLB,False,0.0,0.0018315018315018315,0.02838357101585309,-0.002222235375651582,-0.3222220494798948,-0.002067463035122799,0.3223684210526316,0.7276315789473684,0.225,0.2618421052631579,0.25394736842105264,0.08289473684210526,0.14078947368421052,0.1013157894736842,0.4052631578947368,>0,<0,1,1,"{""gamma_R2"": ""P1P2"", ""rho_ATMi_R2"": ""P1P2"", ""rho_ATRi_R2"": ""P1P2"", ""rho_R2"": ""P1P2"", ""rho_WEE1i_R2"": ""P1P2""}","[""P1P2""]","[""POLB_-_42196005.23-P1P2|POLB_+_42196071.23-P1P2""]",
POLD4,False,0.0,0.003663003663003663,-0.2267636144354214,-0.1452240092071682,-0.3391432436076403,0.002920645249478309,0.6855263157894737,0.7460526315789474,0.4381578947368421,0.22763157894736843,0.6644736842105263,0.575,0.743421052631579,0.22763157894736843,0.06052631578947376,<0,<0,1,1,"{""gamma_R2"": ""P1P2"", ""rho_ATMi_R2"": ""P1P2"", ""rho_ATRi_R2"": ""P1P2"", ""rho_R2"": ""P1P2"", ""rho_WEE1i_R2"": ""P1P2""}","[""P1P2""]","[""POLD4_-_67120933.23-P1P2|POLD4_+_67120706.23-P1P2""]",
POLG,False,0.0,0.009157509157509158,-0.5398833080853627,-0.4073988865513748,0.7684496907953594,-0.2567008043854369,0.8855263157894737,0.13289473684210526,0.6697368421052632,0.8723684210526316,0.9355263157894737,0.325,0.7328947368421053,0.5223684210526316,-0.7526315789473684,<0,>0,1,1,"{""gamma_R2"": ""P1P2"", ""rho_ATMi_R2"": ""P1P2"", ""rho_ATRi_R2"": ""P1P2"", ""rho_R2"": ""P1P2"", ""rho_WEE1i_R2"": ""P1P2""}","[""P1P2""]","[""POLG_+_89878037.23-P1P2|POLG_-_89878016.23-P1P2""]",
POLG2,False,-0.325768684,0.056776556776556776,-0.2987819212348332,-1.949178461453352,0.4300877874587322,-0.245041859642069,0.7618421052631579,0.2855263157894737,0.9776315789473684,0.8565789473684211,0.8276315789473684,0.030263157894736843,0.0013157894736842105,0.8921052631578947,-0.4763157894736842,<0,>0,1,1,"{""gamma_R2"": ""P1P2"", ""rho_ATMi_R2"": ""P1P2"", ""rho_ATRi_R2"": ""P1P2"", ""rho_R2"": ""P1P2"", ""rho_WEE1i_R2"": ""P1P2""}","[""P1P2""]","[""POLG2_+_62493131.23-P1P2|POLG2_+_62493140.23-P1P2""]",
POLH,False,0.0,0.009174311926605505,0.02504180846790804,0.08638477796210313,0.1308732701076512,-0.01979831554182062,0.32763157894736844,0.4934210526315789,0.12763157894736843,0.42236842105263156,0.5328947368421053,0.7276315789473684,0.4934210526315789,0.5592105263157895,0.1657894736842105,>0,>0,1,1,"{""gamma_R2"": ""P1P2"", ""rho_ATMi_R2"": ""P1P2"", ""rho_ATRi_R2"": ""P1P2"", ""rho_R2"": ""P1P2"", ""rho_WEE1i_R2"": ""P1P2""}","[""P1P2""]","[""POLH_+_43543948.23-P1P2|POLH_+_43543917.23-P1P2""]",
POLI,False,0.0,0.018315018315018316,0.02372428247518171,-0.0404171979164752,-0.5110081701308403,0.01632521625704089,0.33026315789473687,0.8039473684210526,0.2802631578947368,0.13815789473684212,0.24605263157894736,0.16447368421052633,0.2381578947368421,0.6868421052631579,0.47368421052631576,>0,<0,1,1,"{""gamma_R2"": ""P1P2"", ""rho_ATMi_R2"": ""P1P2"", ""rho_ATRi_R2"": ""P1P2"", ""rho_R2"": ""P1P2"", ""rho_WEE1i_R2"": ""P1P2""}","[""P1P2""]","[""POLI_-_51796012.23-P1P2|POLI_-_51795943.23-P1P2""]",
POLK,False,-0.090306099,0.009157509157509158,0.00499850527939142,-0.01804633080543905,0.6340196527953249,-0.03948040489885111,0.3618421052631579,0.18552631578947368,0.2565789473684211,0.5565789473684211,0.7407894736842106,0.5092105263157894,0.5513157894736842,0.5223684210526316,-0.17631578947368423,>0,>0,1,1,"{""gamma_R2"": ""P1P2"", ""rho_ATMi_R2"": ""P1P2"", ""rho_ATRi_R2"": ""P1P2"", ""rho_R2"": ""P1P2"", ""rho_WEE1i_R2"": ""P1P2""}","[""P1P2""]","[""POLK_+_74807767.23-P1P2|POLK_-_74807738.23-P1P2""]",
POLL,False,0.0,0.005494505494505495,-1.057053150982095,-0.7004788313899611,-0.3122527064060094,-0.4350437232304109,0.9671052631578947,0.7197368421052631,0.7776315789473685,0.9513157894736842,0.9723684210526315,0.9171052631578948,0.48289473684210527,0.35,-0.24736842105263157,<0,<0,1,1,"{""gamma_R2"": ""P1P2"", ""rho_ATMi_R2"": ""P1P2"", ""rho_ATRi_R2"": ""P1P2"", ""rho_R2"": ""P1P2"", ""rho_WEE1i_R2"": ""P1P2""}","[""P1P2""]","[""POLL_+_103347853.23-P1P2|POLL_-_103347606.23-P1P2""]",
POLQ,False,-0.240900744,0.007326007326007326,-2.640176515847641,-0.2084301135907804,-5.021149641661098,-0.0742934001348592,0.9986842105263158,0.9986842105263158,0.5118421052631579,0.6539473684210526,0.2855263157894737,0.8092105263157895,0.29078947368421054,0.4486842105263158,0.0,<0,<0,1,1,"{""gamma_R2"": ""P1P2"", ""rho_ATMi_R2"": ""P1P2"", ""rho_ATRi_R2"": ""P1P2"", ""rho_R2"": ""P1P2"", ""rho_WEE1i_R2"": ""P1P2""}","[""P1P2""]","[""POLQ_+_121264772.23-P1P2|POLQ_+_121264769.23-P1P2""]",
POLR2L,False,0.0,0.09523809523809523,0.1246079758841887,-2.923845443612238,0.09863215463060254,-0.1503755721898068,0.19078947368421054,0.5144736842105263,0.9986842105263158,0.7802631578947369,0.49605263157894736,0.5171052631578947,0.9355263157894737,0.9513157894736842,0.3236842105263158,>0,>0,1,1,"{""gamma_R2"": ""P1P2"", ""rho_ATMi_R2"": ""P1P2"", ""rho_ATRi_R2"": ""P1P2"", ""rho_R2"": ""P1P2"", ""rho_WEE1i_R2"": ""P1P2""}","[""P1P2""]","[""POLR2L_-_842512.23-P1P2|POLR2L_-_842509.23-P1P2""]",
PPP4C,False,-0.394248584,0.1794871794871795,-0.7476027707337648,-1.713449723577558,0.4723115704644369,-0.1745295969227897,0.9381578947368421,0.2618421052631579,0.9539473684210527,0.8039473684210526,0.6671052631578948,0.525,0.9539473684210527,0.9960526315789474,-0.6763157894736842,<0,>0,1,1,"{""gamma_R2"": ""P1P2"", ""rho_ATMi_R2"": ""P1P2"", ""rho_ATRi_R2"": ""P1P2"", ""rho_R2"": ""P1P2"", ""rho_WEE1i_R2"": ""P1P2""}","[""P1P2""]","[""PPP4C_-_30087373.23-P1P2|PPP4C_-_30087361.23-P1P2""]",
PPP4R2,False,0.0,0.018315018315018316,0.235984676729839,-1.698850758060084,2.734816536279905,-0.4055468750601809,0.1013157894736842,0.003947368421052632,0.9513157894736842,0.9381578947368421,0.3592105263157895,0.29078947368421054,0.9697368421052631,0.6868421052631579,-0.09736842105263158,>0,>0,1,1,"{""gamma_R2"": ""P1P2"", ""rho_ATMi_R2"": ""P1P2"", ""rho_ATRi_R2"": ""P1P2"", ""rho_R2"": ""P1P2"", ""rho_WEE1i_R2"": ""P1P2""}","[""P1P2""]","[""PPP4R2_+_73046046.23-P1P2|PPP4R2_+_73046422.23-P1P2""]",
PPP5C,False,-0.077775911,0.005494505494505495,0.02774476112351065,-0.1559327086780257,0.237138174164791,-0.01387672839054324,0.325,0.40921052631578947,0.45657894736842103,0.36973684210526314,0.17763157894736842,0.5828947368421052,0.45657894736842103,0.35,0.08421052631578946,>0,>0,1,1,"{""gamma_R2"": ""P1P2"", ""rho_ATMi_R2"": ""P1P2"", ""rho_ATRi_R2"": ""P1P2"", ""rho_R2"": ""P1P2"", ""rho_WEE1i_R2"": ""P1P2""}","[""P1P2""]","[""PPP5C_-_46850340.23-P1P2|PPP5C_-_46850413.23-P1P2""]",
PRDM9,False,-0.12273456,0.0018315018315018315,0.1346521014015655,-1.217057594096296,0.3043751164575478,-0.01534197472702384,0.18026315789473685,0.37763157894736843,0.9013157894736842,0.3907894736842105,0.24078947368421053,0.6092105263157894,0.225,0.1013157894736842,0.19736842105263158,>0,>0,1,1,"{""gamma_R2"": ""P1P2"", ""rho_ATMi_R2"": ""P1P2"", ""rho_ATRi_R2"": ""P1P2"", ""rho_R2"": ""P1P2"", ""rho_WEE1i_R2"": ""P1P2""}","[""P1P2""]","[""PRDM9_-_23507772.23-P1P2|PRDM9_-_23507758.23-P1P2""]",
PRIMPOL,False,-0.002044561,0.0018315018315018315,-0.1297891994128123,-0.2586425745273516,0.2849668159630305,0.006770666755395696,0.5644736842105263,0.38552631578947366,0.575,0.20394736842105263,0.125,0.36447368421052634,0.33026315789473687,0.1013157894736842,-0.1789473684210527,<0,>0,1,1,"{""gamma_R2"": ""P1P2"", ""rho_ATMi_R2"": ""P1P2"", ""rho_ATRi_R2"": ""P1P2"", ""rho_R2"": ""P1P2"", ""rho_WEE1i_R2"": ""P1P2""}","[""P1P2""]","[""PRIMPOL_-_185570940.23-P1P2|PRIMPOL_-_185570993.23-P1P2""]",
PRKCG,False,-0.122502064,0.007326007326007326,0.4341360059497844,-0.02559264726133496,0.2138435545311517,-0.02393954437898444,0.02236842105263158,0.4328947368421053,0.26710526315789473,0.4618421052631579,0.04342105263157895,0.225,0.03289473684210526,0.4486842105263158,0.4105263157894737,>0,>0,1,1,"{""gamma_R2"": ""P1P2"", ""rho_ATMi_R2"": ""P1P2"", ""rho_ATRi_R2"": ""P1P2"", ""rho_R2"": ""P1P2"", ""rho_WEE1i_R2"": ""P1P2""}","[""P1P2""]","[""PRKCG_+_54385486.23-P1P2|PRKCG_+_54385571.23-P1P2""]",
PRMT6,False,-0.383316776,0.007326007326007326,-0.09252739868895744,-1.250594421959867,0.4557524943185129,-0.4007781588735004,0.5144736842105263,0.2776315789473684,0.906578947368421,0.9328947368421052,0.4697368421052632,0.30394736842105263,0.6013157894736842,0.4486842105263158,-0.2368421052631579,<0,>0,1,1,"{""gamma_R2"": ""P1P2"", ""rho_ATMi_R2"": ""P1P2"", ""rho_ATRi_R2"": ""P1P2"", ""rho_R2"": ""P1P2"", ""rho_WEE1i_R2"": ""P1P2""}","[""P1P2""]","[""PRMT6_-_107599757.23-P1P2|PRMT6_-_107599711.23-P1P2""]",
PSME4,False,-0.552407687,0.003663003663003663,0.3262913455259548,-0.3278284765379348,0.867312122526211,-0.03477538104911414,0.06184210526315789,0.11447368421052631,0.6223684210526316,0.5381578947368421,0.075,0.0013157894736842105,0.24342105263157895,0.22763157894736843,0.05263157894736842,>0,>0,1,1,"{""gamma_R2"": ""P1P2"", ""rho_ATMi_R2"": ""P1P2"", ""rho_ATRi_R2"": ""P1P2"", ""rho_R2"": ""P1P2"", ""rho_WEE1i_R2"": ""P1P2""}","[""P1P2""]","[""PSME4_-_54198110.23-P1P2|PSME4_-_54198116.23-P1P2""]",
RAB43,False,0.0,0.007339449541284404,-0.2491015712445122,-1.614547949230211,1.091203445515678,-0.5139899909736177,0.7039473684210527,0.06710526315789474,0.9407894736842105,0.9776315789473684,0.6802631578947368,0.7355263157894737,0.8671052631578947,0.4881578947368421,-0.6368421052631579,<0,>0,1,1,"{""gamma_R2"": ""P1P2"", ""rho_ATMi_R2"": ""P1P2"", ""rho_ATRi_R2"": ""P1P2"", ""rho_R2"": ""P1P2"", ""rho_WEE1i_R2"": ""P1P2""}","[""P1P2""]","[""RAB43_-_128840012.23-P1P2|RAB43_+_128840600.23-P1P2""]",
RAD1,False,-0.539784258,0.10989010989010989,-0.1340798519691426,-0.01773291735617968,-1.316803145820589,-0.07551260700298666,0.5697368421052632,0.9381578947368421,0.2513157894736842,0.656578947368421,0.8486842105263158,0.9460526315789474,0.34868421052631576,0.9631578947368421,0.36842105263157887,<0,<0,1,1,"{""gamma_R2"": ""P1P2"", ""rho_ATMi_R2"": ""P1P2"", ""rho_ATRi_R2"": ""P1P2"", ""rho_R2"": ""P1P2"", ""rho_WEE1i_R2"": ""P1P2""}","[""P1P2""]","[""RAD1_-_34915601.23-P1P2|RAD1_+_34915596.23-P1P2""]",
RAD18,False,0.0,0.003663003663003663,0.09929109557465754,-0.06107174063131978,-1.958247076369654,-0.3411369628182526,0.21710526315789475,0.9618421052631579,0.30657894736842106,0.9092105263157895,0.8144736842105263,0.05394736842105263,0.31973684210526315,0.22763157894736843,0.7447368421052631,>0,<0,1,1,"{""gamma_R2"": ""P1P2"", ""rho_ATMi_R2"": ""P1P2"", ""rho_ATRi_R2"": ""P1P2"", ""rho_R2"": ""P1P2"", ""rho_WEE1i_R2"": ""P1P2""}","[""P1P2""]","[""RAD18_+_9005065.23-P1P2|RAD18_+_9005097.23-P1P2""]",
RAD21,False,0.0,0.007326007326007326,-0.04725308777276149,-0.7775701047833766,0.07859930901689534,-0.3662380637083151,0.4407894736842105,0.5171052631578947,0.7986842105263158,0.9171052631578948,0.39342105263157895,0.6934210526315789,0.9486842105263158,0.4486842105263158,0.07631578947368423,<0,>0,1,1,"{""gamma_R2"": ""P1P2"", ""rho_ATMi_R2"": ""P1P2"", ""rho_ATRi_R2"": ""P1P2"", ""rho_R2"": ""P1P2"", ""rho_WEE1i_R2"": ""P1P2""}","[""P1P2""]","[""RAD21_+_117886444.23-P1P2|RAD21_-_117886366.23-P1P2""]",
RAD21L1,False,-0.187925935,0.003663003663003663,0.336178209469271,0.01881661843584892,0.5230987787165923,-0.09125455632350506,0.046052631578947366,0.22236842105263158,0.18552631578947368,0.6934210526315789,0.19342105263157894,0.03289473684210526,0.05921052631578947,0.22763157894736843,0.1763157894736842,>0,>0,1,1,"{""gamma_R2"": ""P1P2"", ""rho_ATMi_R2"": ""P1P2"", ""rho_ATRi_R2"": ""P1P2"", ""rho_R2"": ""P1P2"", ""rho_WEE1i_R2"": ""P1P2""}","[""P1P2""]","[""RAD21L1_+_1206743.23-P1P2|RAD21L1_-_1206715.23-P1P2""]",
RAD23A,False,-0.148135594,0.005494505494505495,0.3836310523615366,-0.2224438388082031,0.3725713871220269,0.001655292003565593,0.03289473684210526,0.3144736842105263,0.525,0.24078947368421053,0.009210526315789473,0.43026315789473685,0.3986842105263158,0.35,0.28157894736842104,>0,>0,1,1,"{""gamma_R2"": ""P1P2"", ""rho_ATMi_R2"": ""P1P2"", ""rho_ATRi_R2"": ""P1P2"", ""rho_R2"": ""P1P2"", ""rho_WEE1i_R2"": ""P1P2""}","[""P1P2""]","[""RAD23A_-_13056702.23-P1P2|RAD23A_+_13056741.23-P1P2""]",
RAD23B,False,0.0,0.0018315018315018315,-0.3675312639318862,-0.3729255678899412,0.3171967278719308,-0.01492676974444231,0.8171052631578948,0.3671052631578947,0.6539473684210526,0.3881578947368421,0.756578947368421,0.45921052631578946,0.8723684210526316,0.1013157894736842,-0.45000000000000007,<0,>0,1,1,"{""gamma_R2"": ""P1P2"", ""rho_ATMi_R2"": ""P1P2"", ""rho_ATRi_R2"": ""P1P2"", ""rho_R2"": ""P1P2"", ""rho_WEE1i_R2"": ""P1P2""}","[""P1P2""]","[""RAD23B_-_110045557.23-P1P2|RAD23B_+_110045580.23-P1P2""]",
RAD50,False,-0.475314724,0.02564102564102564,-0.7796591588006633,-0.07630278553668764,-0.9784063037056475,-0.3975750960450289,0.9513157894736842,0.906578947368421,0.33026315789473687,0.9302631578947368,0.9171052631578948,0.9513157894736842,0.6828947368421052,0.7763157894736842,-0.044736842105263186,<0,<0,1,1,"{""gamma_R2"": ""P1P2"", ""rho_ATMi_R2"": ""P1P2"", ""rho_ATRi_R2"": ""P1P2"", ""rho_R2"": ""P1P2"", ""rho_WEE1i_R2"": ""P1P2""}","[""P1P2""]","[""RAD50_-_131892731.23-P1P2|RAD50_+_131893239.23-P1P2""]",
RAD51AP1,False,0.0,0.009157509157509158,-0.02462314181298971,-0.0779742911535631,0.2321944981722174,-0.02012901767952778,0.3907894736842105,0.4144736842105263,0.34078947368421053,0.425,0.8197368421052632,0.6986842105263158,0.5460526315789473,0.5223684210526316,0.023684210526315808,<0,>0,1,1,"{""gamma_R2"": ""P1P2"", ""rho_ATMi_R2"": ""P1P2"", ""rho_ATRi_R2"": ""P1P2"", ""rho_R2"": ""P1P2"", ""rho_WEE1i_R2"": ""P1P2""}","[""P1P2""]","[""RAD51AP1_+_4648103.23-P1P2|RAD51AP1_+_4648268.23-P1P2""]",
RAD51B,False,-0.184070715,0.018315018315018316,-1.729264179681142,-0.9013719947625886,-2.823241836641298,-0.2298562785007909,0.9960526315789474,0.9881578947368421,0.8328947368421052,0.8407894736842105,0.9828947368421053,0.9802631578947368,0.525,0.6868421052631579,-0.007894736842105288,<0,<0,1,1,"{""gamma_R2"": ""P1P2"", ""rho_ATMi_R2"": ""P1P2"", ""rho_ATRi_R2"": ""P1P2"", ""rho_R2"": ""P1P2"", ""rho_WEE1i_R2"": ""P1P2""}","[""P1P2""]","[""RAD51B_+_68286914.23-P1P2|RAD51B_-_68286534.23-P1P2""]",
RAD51D,False,-0.617917546,0.023809523809523808,-0.7390470636484583,-1.143825665843208,-1.941286120246628,-0.10213763396552,0.9328947368421052,0.9592105263157895,0.8881578947368421,0.7144736842105263,0.9513157894736842,0.975,0.7802631578947369,0.7526315789473684,0.026315789473684292,<0,<0,1,1,"{""gamma_R2"": ""P1P2"", ""rho_ATMi_R2"": ""P1P2"", ""rho_ATRi_R2"": ""P1P2"", ""rho_R2"": ""P1P2"", ""rho_WEE1i_R2"": ""P1P2""}","[""P1P2""]","[""RAD51D_-_33446794.23-P1P2|RAD51D_-_33446789.23-P1P2""]",
RAD54B,False,0.0,0.009157509157509158,0.1661285085917431,-0.07149885312247968,0.1251352689557023,0.008662426470262318,0.1513157894736842,0.4986842105263158,0.3171052631578947,0.1881578947368421,0.3460526315789474,0.8013157894736842,0.26710526315789473,0.5223684210526316,0.34736842105263155,>0,>0,1,1,"{""gamma_R2"": ""P1P2"", ""rho_ATMi_R2"": ""P1P2"", ""rho_ATRi_R2"": ""P1P2"", ""rho_R2"": ""P1P2"", ""rho_WEE1i_R2"": ""P1P2""}","[""P1P2""]","[""RAD54B_+_95487280.23-P1P2|RAD54B_+_95487295.23-P1P2""]",
RAD54L,False,0.0,0.0,-0.2761845510469937,-0.2639043903480092,-0.865787951448011,-0.01440070191122407,0.7302631578947368,0.8802631578947369,0.5776315789473684,0.37763157894736843,0.875,0.9328947368421052,0.375,0.021052631578947368,0.15000000000000002,<0,<0,1,1,"{""gamma_R2"": ""P1P2"", ""rho_ATMi_R2"": ""P1P2"", ""rho_ATRi_R2"": ""P1P2"", ""rho_R2"": ""P1P2"", ""rho_WEE1i_R2"": ""P1P2""}","[""P1P2""]","[""RAD54L_+_46713775.23-P1P2|RAD54L_-_46713431.23-P1P2""]",
RAD9B,False,-0.857134952,0.1282051282051282,-1.097579611699346,-0.8773105771602987,-0.2352189205897315,-0.07218548496059497,0.9697368421052631,0.6776315789473685,0.825,0.6513157894736842,0.8039473684210526,0.3671052631578947,0.8934210526315789,0.975,-0.29210526315789465,<0,<0,1,1,"{""gamma_R2"": ""P1P2"", ""rho_ATMi_R2"": ""P1P2"", ""rho_ATRi_R2"": ""P1P2"", ""rho_R2"": ""P1P2"", ""rho_WEE1i_R2"": ""P1P2""}","[""P1P2""]","[""RAD9B_+_110939852.23-P1P2|RAD9B_+_110939846.23-P1P2""]",
RCHY1,False,0.0,0.007326007326007326,-0.4098577638321503,-0.6477124635768436,-0.6635399307258717,-0.01371435741556038,0.825,0.843421052631579,0.756578947368421,0.3671052631578947,0.7855263157894737,0.425,0.5381578947368421,0.4486842105263158,0.018421052631579005,<0,<0,1,1,"{""gamma_R2"": ""P1P2"", ""rho_ATMi_R2"": ""P1P2"", ""rho_ATRi_R2"": ""P1P2"", ""rho_R2"": ""P1P2"", ""rho_WEE1i_R2"": ""P1P2""}","[""P1P2""]","[""RCHY1_+_76439442.23-P1P2|RCHY1_+_76439508.23-P1P2""]",
REC8,False,0.0,0.0018315018315018315,-0.01568084406237955,-0.5998658984407387,1.486506284321581,-0.2251242128099232,0.38552631578947366,0.03289473684210526,0.7460526315789474,0.8381578947368421,0.49078947368421055,0.1355263157894737,0.14868421052631578,0.1013157894736842,-0.3526315789473684,<0,>0,1,1,"{""gamma_R2"": ""P1P2"", ""rho_ATMi_R2"": ""P1P2"", ""rho_ATRi_R2"": ""P1P2"", ""rho_R2"": ""P1P2"", ""rho_WEE1i_R2"": ""P1P2""}","[""P1P2""]","[""REC8_+_24641325.23-P1P2|REC8_-_24641324.23-P1P2""]",
RECQL,False,-0.114059735,0.009157509157509158,0.2000814478637851,-0.3005765819094599,-0.08793450748156868,-0.10511885555315,0.12763157894736843,0.6039473684210527,0.6118421052631579,0.7223684210526315,0.06973684210526315,0.5223684210526316,0.19342105263157894,0.5223684210526316,0.47631578947368425,>0,<0,1,1,"{""gamma_R2"": ""P1P2"", ""rho_ATMi_R2"": ""P1P2"", ""rho_ATRi_R2"": ""P1P2"", ""rho_R2"": ""P1P2"", ""rho_WEE1i_R2"": ""P1P2""}","[""P1P2""]","[""RECQL_-_21654420.23-P1P2|RECQL_+_21654447.23-P1P2""]",
RECQL5,False,-0.818881144,0.023809523809523808,0.1430285982569166,-0.0425233499078906,0.1912493438695427,0.02674391762830681,0.16710526315789473,0.4355263157894737,0.28289473684210525,0.09078947368421053,0.24868421052631579,0.25921052631578945,0.10394736842105264,0.7526315789473684,0.268421052631579,>0,>0,1,1,"{""gamma_R2"": ""P1P2"", ""rho_ATMi_R2"": ""P1P2"", ""rho_ATRi_R2"": ""P1P2"", ""rho_R2"": ""P1P2"", ""rho_WEE1i_R2"": ""P1P2""}","[""P1P2""]","[""RECQL5_+_73663187.23-P1P2|RECQL5_-_73663242.23-P1P2""]",
REV1,False,-0.55471341,0.016483516483516484,-0.07827738512485918,-0.6895386814047706,0.1228128684412434,-0.1980332428391113,0.4881578947368421,0.5039473684210526,0.7697368421052632,0.8223684210526315,0.5802631578947368,0.9223684210526316,0.7723684210526316,0.6684210526315789,0.015789473684210464,<0,>0,1,1,"{""gamma_R2"": ""P1P2"", ""rho_ATMi_R2"": ""P1P2"", ""rho_ATRi_R2"": ""P1P2"", ""rho_R2"": ""P1P2"", ""rho_WEE1i_R2"": ""P1P2""}","[""P1P2""]","[""REV1_+_100106432.23-P1P2|REV1_-_100106381.23-P1P2""]",
REV3L,False,0.0,0.009157509157509158,-0.5342295512045667,-0.1954570000564217,-0.08815927369085456,-0.02518853470194763,0.8802631578947369,0.6065789473684211,0.4934210526315789,0.46710526315789475,0.675,0.8986842105263158,0.6986842105263158,0.5223684210526316,-0.27368421052631575,<0,<0,1,1,"{""gamma_R2"": ""P1P2"", ""rho_ATMi_R2"": ""P1P2"", ""rho_ATRi_R2"": ""P1P2"", ""rho_R2"": ""P1P2"", ""rho_WEE1i_R2"": ""P1P2""}","[""P1P2""]","[""REV3L_+_111804354.23-P1P2|REV3L_-_111804372.23-P1P2""]",
REXO4,False,-0.30833954,0.0018315018315018315,-0.2734257537165739,-0.07426663760946213,0.4929684042432546,-0.0220277973380552,0.7276315789473684,0.24342105263157895,0.31973684210526315,0.44342105263157894,0.44342105263157894,0.6013157894736842,0.5328947368421053,0.1013157894736842,-0.4842105263157894,<0,>0,1,1,"{""gamma_R2"": ""P1P2"", ""rho_ATMi_R2"": ""P1P2"", ""rho_ATRi_R2"": ""P1P2"", ""rho_R2"": ""P1P2"", ""rho_WEE1i_R2"": ""P1P2""}","[""P1P2""]","[""REXO4_-_136283104.23-P1P2|REXO4_+_136283069.23-P1P2""]",
RFWD3,False,0.0,0.023809523809523808,-0.1720065564479191,-0.4880655887240457,-0.3186336975085267,0.02142101764937094,0.6092105263157894,0.725,0.7144736842105263,0.1118421052631579,0.6144736842105263,0.9118421052631579,0.3355263157894737,0.7526315789473684,0.11578947368421055,<0,<0,1,1,"{""gamma_R2"": ""P1P2"", ""rho_ATMi_R2"": ""P1P2"", ""rho_ATRi_R2"": ""P1P2"", ""rho_R2"": ""P1P2"", ""rho_WEE1i_R2"": ""P1P2""}","[""P1P2""]","[""RFWD3_+_74700751.23-P1P2|RFWD3_+_74700744.23-P1P2""]",
RHNO1,False,-0.364218916,0.031135531135531136,-1.209730114175151,-0.4728572239637486,-1.972202060597487,-0.1694404189208298,0.9802631578947368,0.9644736842105263,0.7013157894736842,0.7986842105263158,0.9407894736842105,0.9644736842105263,0.7486842105263158,0.8171052631578948,-0.015789473684210575,<0,<0,1,1,"{""gamma_R2"": ""P1P2"", ""rho_ATMi_R2"": ""P1P2"", ""rho_ATRi_R2"": ""P1P2"", ""rho_R2"": ""P1P2"", ""rho_WEE1i_R2"": ""P1P2""}","[""P1P2""]","[""RHNO1_-_2986478.23-P1P2|RHNO1_-_2986438.23-P1P2""]",
RIF1,False,-0.211148309,0.0641025641025641,0.1484630638708899,-0.7025034645531267,-0.5153651303623635,-0.08664513538724601,0.15921052631578947,0.8092105263157895,0.7802631578947369,0.675,0.003947368421052632,0.7723684210526316,0.5592105263157895,0.9105263157894737,0.65,>0,<0,1,1,"{""gamma_R2"": ""P1P2"", ""rho_ATMi_R2"": ""P1P2"", ""rho_ATRi_R2"": ""P1P2"", ""rho_R2"": ""P1P2"", ""rho_WEE1i_R2"": ""P1P2""}","[""P1P2""]","[""RIF1_-_152266700.23-P1P2|RIF1_+_152266651.23-P1P2""]",
RMI1,False,0.0,0.025688073394495414,0.2385519775732458,-0.1189178025658196,1.055192945456468,-0.008802274770323979,0.09342105263157895,0.075,0.4118421052631579,0.3381578947368421,0.593421052631579,0.5802631578947368,0.32763157894736844,0.7842105263157895,-0.01842105263157895,>0,>0,1,1,"{""gamma_R2"": ""P1P2"", ""rho_ATMi_R2"": ""P1P2"", ""rho_ATRi_R2"": ""P1P2"", ""rho_R2"": ""P1P2"", ""rho_WEE1i_R2"": ""P1P2""}","[""P1P2""]","[""RMI1_+_86595732.23-P1P2|RMI1_+_86595743.23-P1P2""]",
RMI2,False,-0.69942997,0.029304029304029304,0.1724117720386425,-0.4608455176712799,1.028940643818673,-0.4637979986632035,0.14605263157894738,0.08026315789473684,0.6934210526315789,0.9618421052631579,0.8013157894736842,0.5960526315789474,0.7276315789473684,0.8,-0.06578947368421054,>0,>0,1,1,"{""gamma_R2"": ""P1P2"", ""rho_ATMi_R2"": ""P1P2"", ""rho_ATRi_R2"": ""P1P2"", ""rho_R2"": ""P1P2"", ""rho_WEE1i_R2"": ""P1P2""}","[""P1P2""]","[""RMI2_-_11439334.23-P1P2|RMI2_-_11439370.23-P1P2""]",
RNASEH2A,False,-0.445610362,0.031135531135531136,-0.2718187244912698,-0.1460797078482745,0.7335074346459919,-0.02414202007016593,0.725,0.14868421052631578,0.4407894736842105,0.4644736842105263,0.6592105263157895,0.8276315789473684,0.7118421052631579,0.8171052631578948,-0.5763157894736842,<0,>0,1,1,"{""gamma_R2"": ""P1P2"", ""rho_ATMi_R2"": ""P1P2"", ""rho_ATRi_R2"": ""P1P2"", ""rho_R2"": ""P1P2"", ""rho_WEE1i_R2"": ""P1P2""}","[""P1P2""]","[""RNASEH2A_-_12917521.23-P1P2|RNASEH2A_+_12917522.23-P1P2""]",
RNF111,False,-0.209043035,0.0,-0.2200901369309246,0.2058401893081753,0.3225010609681134,-0.002647024958519739,0.675,0.3618421052631579,0.05394736842105263,0.2644736842105263,0.5118421052631579,0.32763157894736844,0.9276315789473685,0.021052631578947368,-0.31315789473684214,<0,>0,1,1,"{""gamma_R2"": ""P1P2"", ""rho_ATMi_R2"": ""P1P2"", ""rho_ATRi_R2"": ""P1P2"", ""rho_R2"": ""P1P2"", ""rho_WEE1i_R2"": ""P1P2""}","[""P1P2""]","[""RNF111_-_59279883.23-P1P2|RNF111_-_59279905.23-P1P2""]",
RNF138,False,-0.223004786,0.005494505494505495,0.2866152040997894,-0.01497121776086156,-0.3128818147395946,-0.02373733461027022,0.07763157894736843,0.7223684210526315,0.24342105263157895,0.45921052631578946,0.34078947368421053,0.6802631578947368,0.3223684210526316,0.35,0.6447368421052632,>0,<0,1,1,"{""gamma_R2"": ""P1P2"", ""rho_ATMi_R2"": ""P1P2"", ""rho_ATRi_R2"": ""P1P2"", ""rho_R2"": ""P1P2"", ""rho_WEE1i_R2"": ""P1P2""}","[""P1P2""]","[""RNF138_+_29671902.23-P1P2|RNF138_-_29672099.23-P1P2""]",
RNF168,False,0.0,0.01282051282051282,-0.03904539077672794,-0.271828519692806,-1.128315577869014,-0.03535188036988086,0.4144736842105263,0.9171052631578948,0.5881578947368421,0.5434210526315789,0.9697368421052631,0.9539473684210527,0.1118421052631579,0.6078947368421053,0.5026315789473684,<0,<0,1,1,"{""gamma_R2"": ""P1P2"", ""rho_ATMi_R2"": ""P1P2"", ""rho_ATRi_R2"": ""P1P2"", ""rho_R2"": ""P1P2"", ""rho_WEE1i_R2"": ""P1P2""}","[""P1P2""]","[""RNF168_+_196230575.23-P1P2|RNF168_+_196230600.23-P1P2""]",
RNF169,False,-0.075356292,0.0018315018315018315,0.04028605812084167,-0.07933990057061487,0.8446220106776977,-0.006806668703996235,0.30657894736842106,0.11973684210526316,0.34342105263157896,0.325,0.08026315789473684,0.725,0.5092105263157894,0.1013157894736842,-0.18684210526315792,>0,>0,1,1,"{""gamma_R2"": ""P1P2"", ""rho_ATMi_R2"": ""P1P2"", ""rho_ATRi_R2"": ""P1P2"", ""rho_R2"": ""P1P2"", ""rho_WEE1i_R2"": ""P1P2""}","[""P1P2""]","[""RNF169_-_74460193.23-P1P2|RNF169_-_74460124.23-P1P2""]",
RNF8,True,-1.00248375,0.07875457875457875,-0.414602888592106,-1.203388370911041,-0.3539929091778883,-0.2341576101388056,0.8276315789473684,0.7592105263157894,0.8960526315789473,0.8486842105263158,0.9986842105263158,0.9723684210526315,0.9302631578947368,0.9394736842105263,-0.06842105263157894,<0,<0,1,1,"{""gamma_R2"": ""P1P2"", ""rho_ATMi_R2"": ""P1P2"", ""rho_ATRi_R2"": ""P1P2"", ""rho_R2"": ""P1P2"", ""rho_WEE1i_R2"": ""P1P2""}","[""P1P2""]","[""RNF8_-_37322257.23-P1P2|RNF8_-_37322005.23-P1P2""]",
RPA4,False,-0.133044892,0.009157509157509158,-0.07037319062586325,-0.1589850713181451,0.1023209993512208,-0.007575918295272768,0.48026315789473684,0.5118421052631579,0.45921052631578946,0.32763157894736844,0.14605263157894738,0.2855263157894737,0.4881578947368421,0.5223684210526316,0.03157894736842104,<0,>0,1,1,"{""gamma_R2"": ""P1P2"", ""rho_ATMi_R2"": ""P1P2"", ""rho_ATRi_R2"": ""P1P2"", ""rho_R2"": ""P1P2"", ""rho_WEE1i_R2"": ""P1P2""}","[""P1P2""]","[""RPA4_+_96139247.23-P1P2|RPA4_+_96139276.23-P1P2""]",
RRM2B,False,0.0,0.009157509157509158,-0.1672964639092958,0.1058251701836799,-0.00395729451837723,0.008761385923046379,0.6013157894736842,0.575,0.10921052631578948,0.18289473684210528,0.325,0.4776315789473684,0.3013157894736842,0.5223684210526316,-0.026315789473684292,<0,<0,1,1,"{""gamma_R2"": ""P1P2"", ""rho_ATMi_R2"": ""P1P2"", ""rho_ATRi_R2"": ""P1P2"", ""rho_R2"": ""P1P2"", ""rho_WEE1i_R2"": ""P1P2""}","[""P1P2""]","[""RRM2B_+_103251059.23-P1P2|RRM2B_+_103251357.23-P1P2""]",
RTEL1,False,0.0,0.02197802197802198,-0.637243660285995,-0.6720452666487826,0.0493529014948513,-0.09407923233979353,0.9013157894736842,0.5302631578947369,0.7618421052631579,0.7013157894736842,0.6618421052631579,0.9013157894736842,0.9776315789473684,0.7328947368421053,-0.3710526315789473,<0,>0,1,1,"{""gamma_R2"": ""P1P2"", ""rho_ATMi_R2"": ""P1P2"", ""rho_ATRi_R2"": ""P1P2"", ""rho_R2"": ""P1P2"", ""rho_WEE1i_R2"": ""P1P2""}","[""P1P2""]","[""RTEL1_-_62289757.23-P1P2|RTEL1_+_62289914.23-P1P2""]",
SAMHD1,False,0.0,0.0,0.4088145516884868,-0.3261560507189812,0.2554288981178918,-0.04249247759267365,0.025,0.40131578947368424,0.6197368421052631,0.5644736842105263,0.05921052631578947,0.6486842105263158,0.9407894736842105,0.021052631578947368,0.3763157894736842,>0,>0,1,1,"{""gamma_R2"": ""P1P2"", ""rho_ATMi_R2"": ""P1P2"", ""rho_ATRi_R2"": ""P1P2"", ""rho_R2"": ""P1P2"", ""rho_WEE1i_R2"": ""P1P2""}","[""P1P2""]","[""SAMHD1_+_35579571.23-P1P2|SAMHD1_-_35580035.23-P1P2""]",
SETD2,False,-0.734118634,0.020146520146520148,0.1081319582697031,-0.528920490403423,1.035549876274109,-0.1606704019730258,0.20394736842105263,0.07763157894736843,0.7302631578947368,0.7881578947368421,0.35657894736842105,0.18026315789473685,0.675,0.718421052631579,-0.12631578947368421,>0,>0,1,1,"{""gamma_R2"": ""P1P2"", ""rho_ATMi_R2"": ""P1P2"", ""rho_ATRi_R2"": ""P1P2"", ""rho_R2"": ""P1P2"", ""rho_WEE1i_R2"": ""P1P2""}","[""P1P2""]","[""SETD2_-_47205192.23-P1P2|SETD2_-_47205071.23-P1P2""]",
SETMAR,False,0.0,0.003663003663003663,-0.04412076804086788,-0.1595757934465798,-0.2809747573210361,0.03957074977228003,0.4276315789473684,0.7092105263157895,0.4618421052631579,0.046052631578947366,0.14342105263157895,0.2723684210526316,0.6802631578947368,0.22763157894736843,0.2815789473684211,<0,<0,1,1,"{""gamma_R2"": ""P1P2"", ""rho_ATMi_R2"": ""P1P2"", ""rho_ATRi_R2"": ""P1P2"", ""rho_R2"": ""P1P2"", ""rho_WEE1i_R2"": ""P1P2""}","[""P1P2""]","[""SETMAR_+_4345252.23-P1P2|SETMAR_-_4345096.23-P1P2""]",
SETX,False,0.0,0.005494505494505495,-0.2518738335828911,-0.08736233340481044,0.2186408777120604,-0.02565437836923285,0.7065789473684211,0.4276315789473684,0.35657894736842105,0.4723684210526316,0.3881578947368421,0.2776315789473684,0.37236842105263157,0.35,-0.27894736842105267,<0,>0,1,1,"{""gamma_R2"": ""P1P2"", ""rho_ATMi_R2"": ""P1P2"", ""rho_ATRi_R2"": ""P1P2"", ""rho_R2"": ""P1P2"", ""rho_WEE1i_R2"": ""P1P2""}","[""P1P2""]","[""SETX_+_135230302.23-P1P2|SETX_+_135230337.23-P1P2""]",
SFR1,False,-0.325114387,0.003663003663003663,-0.3188997111125185,-0.1323371727049968,-0.853434281321601,-0.09776184958131573,0.7828947368421053,0.875,0.41973684210526313,0.7065789473684211,0.5276315789473685,0.756578947368421,0.1618421052631579,0.22763157894736843,0.09210526315789469,<0,<0,1,1,"{""gamma_R2"": ""P1P2"", ""rho_ATMi_R2"": ""P1P2"", ""rho_ATRi_R2"": ""P1P2"", ""rho_R2"": ""P1P2"", ""rho_WEE1i_R2"": ""P1P2""}","[""P1P2""]","[""SFR1_-_105881893.23-P1P2|SFR1_+_105881980.23-P1P2""]",
SHPRH,False,-0.372350213,0.01834862385321101,-0.180551434991715,-1.235178099006991,-0.2423543326636206,-0.4450477125438255,0.6276315789473684,0.6802631578947368,0.9039473684210526,0.9539473684210527,0.5013157894736842,0.3881578947368421,0.04342105263157895,0.7026315789473684,0.05263157894736836,<0,<0,1,1,"{""gamma_R2"": ""P1P2"", ""rho_ATMi_R2"": ""P1P2"", ""rho_ATRi_R2"": ""P1P2"", ""rho_R2"": ""P1P2"", ""rho_WEE1i_R2"": ""P1P2""}","[""P1P2""]","[""SHPRH_-_146285139.23-P1P2|SHPRH_-_146285446.23-P1P2""]",
SIRT1,False,0.0,0.0018315018315018315,-0.3696910309713533,-0.1626201690963938,-0.3493850194580594,-0.05350741749339494,0.8197368421052632,0.7539473684210526,0.475,0.5986842105263158,0.5171052631578947,0.04868421052631579,0.41973684210526313,0.1013157894736842,-0.06578947368421062,<0,<0,1,1,"{""gamma_R2"": ""P1P2"", ""rho_ATMi_R2"": ""P1P2"", ""rho_ATRi_R2"": ""P1P2"", ""rho_R2"": ""P1P2"", ""rho_WEE1i_R2"": ""P1P2""}","[""P1P2""]","[""SIRT1_+_69644549.23-P1P2|SIRT1_-_69644482.23-P1P2""]",
SIRT6,False,-0.398202391,0.0018315018315018315,0.06839993532716404,0.4439785580269877,0.3742352078496287,0.05474956232973015,0.2644736842105263,0.3118421052631579,0.006578947368421052,0.019736842105263157,0.5644736842105263,0.5118421052631579,0.8828947368421053,0.1013157894736842,0.047368421052631615,>0,>0,1,1,"{""gamma_R2"": ""P1P2"", ""rho_ATMi_R2"": ""P1P2"", ""rho_ATRi_R2"": ""P1P2"", ""rho_R2"": ""P1P2"", ""rho_WEE1i_R2"": ""P1P2""}","[""P1P2""]","[""SIRT6_+_4182517.23-P1P2|SIRT6_+_4182489.23-P1P2""]",
SLC30A9,False,-0.183532377,0.014652014652014652,-0.1099131984700918,-1.412551988467158,-0.1578635359556701,-0.5381993675519091,0.5381578947368421,0.6486842105263158,0.9276315789473685,0.9855263157894737,0.8381578947368421,0.11973684210526316,0.003947368421052632,0.6434210526315789,0.1105263157894737,<0,<0,1,1,"{""gamma_R2"": ""P1P2"", ""rho_ATMi_R2"": ""P1P2"", ""rho_ATRi_R2"": ""P1P2"", ""rho_R2"": ""P1P2"", ""rho_WEE1i_R2"": ""P1P2""}","[""P1P2""]","[""SLC30A9_-_41992573.23-P1P2|SLC30A9_-_41992637.23-P1P2""]",
SLX1A,False,-0.542115743,0.014652014652014652,0.06532235711039722,-0.07434441676688837,0.04583434243731919,0.002509331944756526,0.2723684210526316,0.5381578947368421,0.3223684210526316,0.23026315789473684,0.38026315789473686,0.31973684210526315,0.11973684210526316,0.6434210526315789,0.26578947368421046,>0,>0,1,1,"{""gamma_R2"": ""ENST00000251303.6"", ""rho_ATMi_R2"": ""ENST00000251303.6"", ""rho_ATRi_R2"": ""ENST00000251303.6"", ""rho_R2"": ""ENST00000251303.6"", ""rho_WEE1i_R2"": ""ENST00000251303.6""}","[""ENST00000251303.6""]","[""SLX1A_+_30205279.23-ENST00000251303.6|SLX1A_-_30205256.23-ENST00000251303.6""]",
SLX4,False,-0.295062931,0.03669724770642202,0.1393044333899575,-0.2390711148834474,-0.6368946093837636,-0.09146915885791236,0.1723684210526316,0.8355263157894737,0.5486842105263158,0.6960526315789474,0.21447368421052632,0.04078947368421053,0.4513157894736842,0.8407894736842105,0.6631578947368421,>0,<0,1,1,"{""gamma_R2"": ""P1P2"", ""rho_ATMi_R2"": ""P1P2"", ""rho_ATRi_R2"": ""P1P2"", ""rho_R2"": ""P1P2"", ""rho_WEE1i_R2"": ""P1P2""}","[""P1P2""]","[""SLX4_+_3661555.23-P1P2|SLX4_-_3661218.23-P1P2""]",
SMARCAD1,False,-0.201842862,0.005494505494505495,0.1385554559073333,0.03547180888150573,0.4962180300383516,0.008873683654027974,0.175,0.24078947368421053,0.1618421052631579,0.18026315789473685,0.15394736842105264,0.3513157894736842,0.38552631578947366,0.35,0.06578947368421054,>0,>0,1,1,"{""gamma_R2"": ""P1P2"", ""rho_ATMi_R2"": ""P1P2"", ""rho_ATRi_R2"": ""P1P2"", ""rho_R2"": ""P1P2"", ""rho_WEE1i_R2"": ""P1P2""}","[""P1P2""]","[""SMARCAD1_+_95129072.23-P1P2|SMARCAD1_+_95128938.23-P1P2""]",
SMARCAL1,False,-0.153691274,0.023809523809523808,-0.1411653762328511,-0.3753520906233306,-1.452702183972399,-0.01489292002947654,0.5723684210526315,0.9460526315789474,0.656578947368421,0.38552631578947366,0.20657894736842106,0.8381578947368421,0.9907894736842106,0.7526315789473684,0.37368421052631584,<0,<0,1,1,"{""gamma_R2"": ""P1P2"", ""rho_ATMi_R2"": ""P1P2"", ""rho_ATRi_R2"": ""P1P2"", ""rho_R2"": ""P1P2"", ""rho_WEE1i_R2"": ""P1P2""}","[""P1P2""]","[""SMARCAL1_+_217277268.23-P1P2|SMARCAL1_+_217277261.23-P1P2""]",
SMC5,False,0.0,0.009157509157509158,-0.5333549600924211,-1.879740768247515,1.879350154398158,-0.6631802935940158,0.8776315789473684,0.017105263157894738,0.9723684210526315,0.9986842105263158,0.7881578947368421,0.4881578947368421,0.08289473684210526,0.5223684210526316,-0.8605263157894737,<0,>0,1,1,"{""gamma_R2"": ""P1P2"", ""rho_ATMi_R2"": ""P1P2"", ""rho_ATRi_R2"": ""P1P2"", ""rho_R2"": ""P1P2"", ""rho_WEE1i_R2"": ""P1P2""}","[""P1P2""]","[""SMC5_+_72874111.23-P1P2|SMC5_-_72873963.23-P1P2""]",
SMCHD1,False,0.0,0.0018315018315018315,-0.09178780203017345,0.1275574271471231,0.6376864980467273,-0.0203101368694726,0.5118421052631579,0.18289473684210528,0.1013157894736842,0.4276315789473684,0.1355263157894737,0.7039473684210527,0.656578947368421,0.1013157894736842,-0.3289473684210526,<0,>0,1,1,"{""gamma_R2"": ""P1P2"", ""rho_ATMi_R2"": ""P1P2"", ""rho_ATRi_R2"": ""P1P2"", ""rho_R2"": ""P1P2"", ""rho_WEE1i_R2"": ""P1P2""}","[""P1P2""]","[""SMCHD1_-_2655739.23-P1P2|SMCHD1_-_2655778.23-P1P2""]",
SMEK2,False,0.0,0.003663003663003663,0.2371118842703145,-0.08391210228402975,-0.2878900481596486,0.03246821234654901,0.09868421052631579,0.7144736842105263,0.3513157894736842,0.06447368421052632,0.030263157894736843,0.3592105263157895,0.34342105263157896,0.22763157894736843,0.6157894736842104,>0,<0,1,1,"{""gamma_R2"": ""P1P2"", ""rho_ATMi_R2"": ""P1P2"", ""rho_ATRi_R2"": ""P1P2"", ""rho_R2"": ""P1P2"", ""rho_WEE1i_R2"": ""P1P2""}","[""P1P2""]","[""SMEK2_+_55844721.23-P1P2|SMEK2_+_55844718.23-P1P2""]",
SMG1,False,-0.413889398,0.03663003663003663,0.02204217430098761,-0.3037265079234208,-0.3639311079073497,0.0008958898060854176,0.3355263157894737,0.7618421052631579,0.6144736842105263,0.24605263157894736,0.13026315789473683,0.14342105263157895,0.075,0.8355263157894737,0.4263157894736842,>0,<0,1,1,"{""gamma_R2"": ""P1P2"", ""rho_ATMi_R2"": ""P1P2"", ""rho_ATRi_R2"": ""P1P2"", ""rho_R2"": ""P1P2"", ""rho_WEE1i_R2"": ""P1P2""}","[""P1P2""]","[""SMG1_+_18937294.23-P1P2|SMG1_-_18937299.23-P1P2""]",
SMUG1,False,-0.485150795,0.009174311926605505,0.2158645110190244,-0.04430834481706973,0.02095083224385045,-0.2672586470167767,0.11973684210526316,0.5539473684210526,0.2855263157894737,0.8776315789473684,0.29605263157894735,0.2881578947368421,0.275,0.5592105263157895,0.4342105263157895,>0,>0,1,1,"{""gamma_R2"": ""P1P2"", ""rho_ATMi_R2"": ""P1P2"", ""rho_ATRi_R2"": ""P1P2"", ""rho_R2"": ""P1P2"", ""rho_WEE1i_R2"": ""P1P2""}","[""P1P2""]","[""SMUG1_+_54582758.23-P1P2|SMUG1_-_54582517.23-P1P2""]",
SPATA22,False,-0.336007479,0.005494505494505495,0.3096967293077146,-0.4111613964010078,1.206448787379821,-0.08244460845935286,0.06973684210526315,0.06184210526315789,0.6723684210526316,0.6697368421052632,0.011842105263157895,0.07236842105263158,0.011842105263157895,0.35,-0.00789473684210526,>0,>0,1,1,"{""gamma_R2"": ""P1P2"", ""rho_ATMi_R2"": ""P1P2"", ""rho_ATRi_R2"": ""P1P2"", ""rho_R2"": ""P1P2"", ""rho_WEE1i_R2"": ""P1P2""}","[""P1P2""]","[""SPATA22_+_3375038.23-P1P2|SPATA22_+_3375023.23-P1P2""]",
SPIDR,False,-0.149913636,0.003663003663003663,-0.2799047494551754,-0.5836637054251087,-0.4584101078880836,-0.1662256716926956,0.7407894736842106,0.7855263157894737,0.7381578947368421,0.7960526315789473,0.5565789473684211,0.9302631578947368,0.843421052631579,0.22763157894736843,0.044736842105263186,<0,<0,1,1,"{""gamma_R2"": ""P1P2"", ""rho_ATMi_R2"": ""P1P2"", ""rho_ATRi_R2"": ""P1P2"", ""rho_R2"": ""P1P2"", ""rho_WEE1i_R2"": ""P1P2""}","[""P1P2""]","[""SPIDR_-_48173560.23-P1P2|SPIDR_-_48173583.23-P1P2""]",
SPIRE1,False,-0.038917366,0.0018315018315018315,-0.07070114984576792,-0.09719670153379371,-0.4147724874104975,0.05630397851487828,0.48289473684210527,0.7723684210526316,0.3828947368421053,0.017105263157894738,0.3118421052631579,0.10657894736842105,0.125,0.1013157894736842,0.2894736842105263,<0,<0,1,1,"{""gamma_R2"": ""P1P2"", ""rho_ATMi_R2"": ""P1P2"", ""rho_ATRi_R2"": ""P1P2"", ""rho_R2"": ""P1P2"", ""rho_WEE1i_R2"": ""P1P2""}","[""P1P2""]","[""SPIRE1_-_12658024.23-P1P2|SPIRE1_+_12657996.23-P1P2""]",
SPIRE2,False,0.0,0.005504587155963303,-0.05673095800409866,-0.005042541635126518,0.4770062373581976,-0.0008894674289260055,0.45657894736842103,0.25921052631578945,0.23026315789473684,0.25921052631578945,0.12236842105263158,0.40131578947368424,0.21447368421052632,0.4052631578947368,-0.19736842105263158,<0,>0,1,1,"{""gamma_R2"": ""P1P2"", ""rho_ATMi_R2"": ""P1P2"", ""rho_ATRi_R2"": ""P1P2"", ""rho_R2"": ""P1P2"", ""rho_WEE1i_R2"": ""P1P2""}","[""P1P2""]","[""SPIRE2_-_89894924.23-P1P2|SPIRE2_-_89894901.23-P1P2""]",
SPO11,False,0.0,0.003663003663003663,-0.2337493851786327,-0.005236258993337906,-0.2239747289480085,0.02884941357123187,0.6881578947368421,0.6723684210526316,0.23289473684210527,0.07236842105263158,0.38552631578947366,0.3144736842105263,0.3907894736842105,0.22763157894736843,-0.015789473684210464,<0,<0,1,1,"{""gamma_R2"": ""P1P2"", ""rho_ATMi_R2"": ""P1P2"", ""rho_ATRi_R2"": ""P1P2"", ""rho_R2"": ""P1P2"", ""rho_WEE1i_R2"": ""P1P2""}","[""P1P2""]","[""SPO11_-_55904873.23-P1P2|SPO11_-_55904890.23-P1P2""]",
SPRTN,False,0.0,0.01282051282051282,0.01775748217060628,-0.0645907843678269,-0.3782537260879708,-0.006352664163702182,0.34078947368421053,0.7644736842105263,0.3118421052631579,0.3144736842105263,0.5697368421052632,0.2355263157894737,0.3592105263157895,0.6078947368421053,0.4236842105263158,>0,<0,1,1,"{""gamma_R2"": ""P1P2"", ""rho_ATMi_R2"": ""P1P2"", ""rho_ATRi_R2"": ""P1P2"", ""rho_R2"": ""P1P2"", ""rho_WEE1i_R2"": ""P1P2""}","[""P1P2""]","[""SPRTN_-_231474045.23-P1P2|SPRTN_+_231474047.23-P1P2""]",
STRA13,False,-0.346041014,0.020146520146520148,-0.04204339826316725,-0.6901046541876927,0.3428967827692022,-0.01082670908915451,0.425,0.3460526315789474,0.7723684210526316,0.3539473684210526,0.7671052631578947,0.4986842105263158,0.6960526315789474,0.718421052631579,-0.0789473684210526,<0,>0,1,1,"{""gamma_R2"": ""P1P2"", ""rho_ATMi_R2"": ""P1P2"", ""rho_ATRi_R2"": ""P1P2"", ""rho_R2"": ""P1P2"", ""rho_WEE1i_R2"": ""P1P2""}","[""P1P2""]","[""STRA13_+_79980695.23-P1P2|STRA13_+_79980700.23-P1P2""]",
STUB1,False,-0.291607234,0.012844036697247707,0.3513806795779025,-1.052361070523899,0.5096641979692734,-0.03703448792210454,0.038157894736842106,0.22763157894736843,0.8802631578947369,0.5486842105263158,0.03289473684210526,0.15921052631578947,0.056578947368421055,0.6263157894736842,0.18947368421052632,>0,>0,1,1,"{""gamma_R2"": ""P1P2"", ""rho_ATMi_R2"": ""P1P2"", ""rho_ATRi_R2"": ""P1P2"", ""rho_R2"": ""P1P2"", ""rho_WEE1i_R2"": ""P1P2""}","[""P1P2""]","[""STUB1_-_730439.23-P1P2|STUB1_-_730848.23-P1P2""]",
SUMO1,False,-0.532046528,0.13736263736263737,-0.1972327276432842,-0.062659511332016,-0.6743725868104518,-0.3050337036640121,0.6539473684210526,0.8460526315789474,0.3092105263157895,0.8881578947368421,0.5855263157894737,0.7381578947368421,0.24078947368421053,0.9815789473684211,0.19210526315789478,<0,<0,1,1,"{""gamma_R2"": ""P1P2"", ""rho_ATMi_R2"": ""P1P2"", ""rho_ATRi_R2"": ""P1P2"", ""rho_R2"": ""P1P2"", ""rho_WEE1i_R2"": ""P1P2""}","[""P1P2""]","[""SUMO1_+_203102997.23-P1P2|SUMO1_+_203103136.23-P1P2""]",
SUV420H1,False,0.0,0.0018315018315018315,0.3344882649878381,0.1114410401542386,0.3477108973498903,0.09405727103357125,0.05131578947368421,0.34342105263157896,0.10657894736842105,0.003947368421052632,0.5381578947368421,0.775,0.7986842105263158,0.1013157894736842,0.29210526315789476,>0,>0,1,1,"{""gamma_R2"": ""P1P2"", ""rho_ATMi_R2"": ""P1P2"", ""rho_ATRi_R2"": ""P1P2"", ""rho_R2"": ""P1P2"", ""rho_WEE1i_R2"": ""P1P2""}","[""P1P2""]","[""SUV420H1_+_67981025.23-P1P2|SUV420H1_+_67981028.23-P1P2""]",
SUV420H2,False,0.0,0.001834862385321101,0.009874334018660523,0.1312435755875298,0.76033313426085,0.01850367082025754,0.34868421052631576,0.14342105263157895,0.09342105263157895,0.11973684210526316,0.2802631578947368,0.5276315789473685,0.3671052631578947,0.16710526315789473,-0.20526315789473681,>0,>0,1,1,"{""gamma_R2"": ""P1P2"", ""rho_ATMi_R2"": ""P1P2"", ""rho_ATRi_R2"": ""P1P2"", ""rho_R2"": ""P1P2"", ""rho_WEE1i_R2"": ""P1P2""}","[""P1P2""]","[""SUV420H2_+_55851358.23-P1P2|SUV420H2_-_55851273.23-P1P2""]",
SWI5,False,0.0,0.01834862385321101,-1.26121794223377,-1.042108892574842,-2.847013067818116,-0.1600606663012063,0.9881578947368421,0.9907894736842106,0.8776315789473684,0.7855263157894737,0.9960526315789474,0.9776315789473684,0.8855263157894737,0.7026315789473684,0.0026315789473684292,<0,<0,1,1,"{""gamma_R2"": ""P1P2"", ""rho_ATMi_R2"": ""P1P2"", ""rho_ATRi_R2"": ""P1P2"", ""rho_R2"": ""P1P2"", ""rho_WEE1i_R2"": ""P1P2""}","[""P1P2""]","[""SWI5_+_131038732.23-P1P2|SWI5_+_131038965.23-P1P2""]",
SWSAP1,False,0.0,0.016483516483516484,-0.2960821170618,-0.3495803327522037,-0.5281813400307701,-0.02970537019632528,0.756578947368421,0.8144736842105263,0.6407894736842106,0.5118421052631579,0.4486842105263158,0.8907894736842106,0.5407894736842105,0.6684210526315789,0.05789473684210533,<0,<0,1,1,"{""gamma_R2"": ""P1P2"", ""rho_ATMi_R2"": ""P1P2"", ""rho_ATRi_R2"": ""P1P2"", ""rho_R2"": ""P1P2"", ""rho_WEE1i_R2"": ""P1P2""}","[""P1P2""]","[""SWSAP1_-_11485393.23-P1P2|SWSAP1_-_11485398.23-P1P2""]",
SYCP1,False,0.0,0.005504587155963303,-0.07782871385364028,0.1864749531297356,0.7620517763686893,0.02685347819750253,0.4855263157894737,0.14078947368421052,0.06973684210526315,0.0881578947368421,0.6986842105263158,0.34078947368421053,0.425,0.4052631578947368,-0.3447368421052632,<0,>0,1,1,"{""gamma_R2"": ""P1P2"", ""rho_ATMi_R2"": ""P1P2"", ""rho_ATRi_R2"": ""P1P2"", ""rho_R2"": ""P1P2"", ""rho_WEE1i_R2"": ""P1P2""}","[""P1P2""]","[""SYCP1_+_115397462.23-P1P2|SYCP1_+_115397487.23-P1P2""]",
TAOK1,False,0.0,0.0,0.2528900117893464,0.4050110621892462,0.1325894482229555,-0.006017454650203574,0.08289473684210526,0.4881578947368421,0.011842105263157895,0.30657894736842106,0.28289473684210525,0.7618421052631579,0.11447368421052631,0.021052631578947368,0.4052631578947369,>0,>0,1,1,"{""gamma_R2"": ""P1P2"", ""rho_ATMi_R2"": ""P1P2"", ""rho_ATRi_R2"": ""P1P2"", ""rho_R2"": ""P1P2"", ""rho_WEE1i_R2"": ""P1P2""}","[""P1P2""]","[""TAOK1_+_27717965.23-P1P2|TAOK1_+_27717866.23-P1P2""]",
TCEA1,False,-0.037678923,0.02197802197802198,0.2320817493732797,0.2005684603087457,0.503652747117163,-0.04065627326694343,0.10657894736842105,0.2355263157894737,0.056578947368421055,0.5592105263157895,0.3381578947368421,0.3460526315789474,0.18289473684210528,0.7328947368421053,0.12894736842105264,>0,>0,1,1,"{""gamma_R2"": ""P1P2"", ""rho_ATMi_R2"": ""P1P2"", ""rho_ATRi_R2"": ""P1P2"", ""rho_R2"": ""P1P2"", ""rho_WEE1i_R2"": ""P1P2""}","[""P1P2""]","[""TCEA1_-_54934842.23-P1P2|TCEA1_+_54934812.23-P1P2""]",
TDG,False,0.0,0.003663003663003663,-0.1803952857571306,0.005794694011775313,0.5000523377389984,-0.01435399883250322,0.625,0.2381578947368421,0.20921052631578949,0.375,0.6039473684210527,0.5486842105263158,0.7644736842105263,0.22763157894736843,-0.3868421052631579,<0,>0,1,1,"{""gamma_R2"": ""P1P2"", ""rho_ATMi_R2"": ""P1P2"", ""rho_ATRi_R2"": ""P1P2"", ""rho_R2"": ""P1P2"", ""rho_WEE1i_R2"": ""P1P2""}","[""P1P2""]","[""TDG_+_104359678.23-P1P2|TDG_-_104359661.23-P1P2""]",
TDP1,False,-0.238560948,0.003669724770642202,-0.1642989430972534,-0.1373197002302639,-1.219671989338545,-0.1219249247292177,0.5960526315789474,0.9276315789473685,0.43026315789473685,0.7513157894736842,0.6855263157894737,0.7013157894736842,0.6092105263157894,0.29210526315789476,0.3315789473684211,<0,<0,1,1,"{""gamma_R2"": ""P1P2"", ""rho_ATMi_R2"": ""P1P2"", ""rho_ATRi_R2"": ""P1P2"", ""rho_R2"": ""P1P2"", ""rho_WEE1i_R2"": ""P1P2""}","[""P1P2""]","[""TDP1_+_90422308.23-P1P2|TDP1_-_90422288.23-P1P2""]",
TDP2,False,-0.481434871,0.06227106227106227,0.1469582652715077,-0.2271137113290441,0.2298543312877746,-0.03760509022766959,0.1618421052631579,0.41710526315789476,0.5381578947368421,0.5513157894736842,0.2644736842105263,0.12236842105263158,0.07763157894736843,0.9013157894736842,0.25526315789473686,>0,>0,1,1,"{""gamma_R2"": ""P1P2"", ""rho_ATMi_R2"": ""P1P2"", ""rho_ATRi_R2"": ""P1P2"", ""rho_R2"": ""P1P2"", ""rho_WEE1i_R2"": ""P1P2""}","[""P1P2""]","[""TDP2_+_24667080.23-P1P2|TDP2_+_24667097.23-P1P2""]",
TERF2IP,False,-0.489517278,0.005494505494505495,0.03679447556696417,-0.06658701270585402,-0.1095116971306042,-0.1265256520454903,0.3118421052631579,0.6223684210526316,0.3144736842105263,0.7539473684210526,0.4144736842105263,0.19078947368421054,0.43026315789473685,0.35,0.31052631578947365,>0,<0,1,1,"{""gamma_R2"": ""P1P2"", ""rho_ATMi_R2"": ""P1P2"", ""rho_ATRi_R2"": ""P1P2"", ""rho_R2"": ""P1P2"", ""rho_WEE1i_R2"": ""P1P2""}","[""P1P2""]","[""TERF2IP_-_75681701.23-P1P2|TERF2IP_-_75681748.23-P1P2""]",
TEX12,False,0.0,0.003663003663003663,0.3309413973520613,-0.1199813893424508,1.36074644053218,-0.08669573783003791,0.05394736842105263,0.046052631578947366,0.4144736842105263,0.6776315789473685,0.2565789473684211,0.7197368421052631,0.28289473684210525,0.22763157894736843,-0.007894736842105267,>0,>0,1,1,"{""gamma_R2"": ""P1P2"", ""rho_ATMi_R2"": ""P1P2"", ""rho_ATRi_R2"": ""P1P2"", ""rho_R2"": ""P1P2"", ""rho_WEE1i_R2"": ""P1P2""}","[""P1P2""]","[""TEX12_+_112038130.23-P1P2|TEX12_+_112038097.23-P1P2""]",
TEX15,False,0.0,0.003669724770642202,-0.248212171419985,-0.01394014740180305,0.6627162966386505,-0.03192647759314847,0.6986842105263158,0.16973684210526316,0.24078947368421053,0.525,0.3986842105263158,0.33026315789473687,0.49605263157894736,0.29210526315789476,-0.5289473684210526,<0,>0,1,1,"{""gamma_R2"": ""ENST00000256246.2"", ""rho_ATMi_R2"": ""ENST00000256246.2"", ""rho_ATRi_R2"": ""ENST00000256246.2"", ""rho_R2"": ""ENST00000256246.2"", ""rho_WEE1i_R2"": ""ENST00000256246.2""}","[""ENST00000256246.2""]","[""TEX15_+_30706606.23-ENST00000256246.2|TEX15_-_30706246.23-ENST00000256246.2""]",
TFPT,False,-0.935628435,0.06227106227106227,-0.7438610272225876,-1.758241440666085,-1.09283096483843,-0.5463787310419387,0.9355263157894737,0.9144736842105263,0.9618421052631579,0.9881578947368421,0.8092105263157895,0.5723684210526315,0.9986842105263158,0.9013157894736842,-0.021052631578947323,<0,<0,1,1,"{""gamma_R2"": ""P1P2"", ""rho_ATMi_R2"": ""P1P2"", ""rho_ATRi_R2"": ""P1P2"", ""rho_R2"": ""P1P2"", ""rho_WEE1i_R2"": ""P1P2""}","[""P1P2""]","[""TFPT_+_54619005.23-P1P2|TFPT_+_54618985.23-P1P2""]",
TMEM161A,False,0.0,0.016483516483516484,-0.2168302107229058,0.06640153198355728,-0.252864350036781,0.007434420851499798,0.6723684210526316,0.6881578947368421,0.14342105263157895,0.19605263157894737,0.6723684210526316,0.6776315789473685,0.4355263157894737,0.6684210526315789,0.015789473684210464,<0,<0,1,1,"{""gamma_R2"": ""P1P2"", ""rho_ATMi_R2"": ""P1P2"", ""rho_ATRi_R2"": ""P1P2"", ""rho_R2"": ""P1P2"", ""rho_WEE1i_R2"": ""P1P2""}","[""P1P2""]","[""TMEM161A_+_19249264.23-P1P2|TMEM161A_-_19249271.23-P1P2""]",
TNP1,False,0.0,0.009157509157509158,-0.04955587691984216,0.002454063231345671,0.1857435112691689,-0.01050946338752063,0.44342105263157894,0.4381578947368421,0.2118421052631579,0.3513157894736842,0.22236842105263158,0.4486842105263158,0.2723684210526316,0.5223684210526316,-0.0052631578947368585,<0,>0,1,1,"{""gamma_R2"": ""P1P2"", ""rho_ATMi_R2"": ""P1P2"", ""rho_ATRi_R2"": ""P1P2"", ""rho_R2"": ""P1P2"", ""rho_WEE1i_R2"": ""P1P2""}","[""P1P2""]","[""TNP1_+_217724725.23-P1P2|TNP1_+_217724601.23-P1P2""]",
TOP3A,False,-0.513001478,0.08990825688073395,0.08799401461432352,-0.7692015454716656,1.000183259495907,-0.0879916357351085,0.23289473684210527,0.08552631578947369,0.7934210526315789,0.6802631578947368,0.8776315789473684,0.4697368421052632,0.5118421052631579,0.9486842105263158,-0.1473684210526316,>0,>0,1,1,"{""gamma_R2"": ""P1P2"", ""rho_ATMi_R2"": ""P1P2"", ""rho_ATRi_R2"": ""P1P2"", ""rho_R2"": ""P1P2"", ""rho_WEE1i_R2"": ""P1P2""}","[""P1P2""]","[""TOP3A_+_18218267.23-P1P2|TOP3A_+_18218270.23-P1P2""]",
TP53,False,0.0,0.003663003663003663,1.127095673534286,1.4070683526117,2.757846870751784,0.0943981987254112,0.0013157894736842105,0.0013157894736842105,0.0013157894736842105,0.0013157894736842105,0.6776315789473685,0.003947368421052632,0.06184210526315789,0.22763157894736843,0.0,>0,>0,1,1,"{""gamma_R2"": ""P1P2"", ""rho_ATMi_R2"": ""P1P2"", ""rho_ATRi_R2"": ""P1P2"", ""rho_R2"": ""P1P2"", ""rho_WEE1i_R2"": ""P1P2""}","[""P1P2""]","[""TP53_+_7590780.23-P1P2|TP53_+_7590763.23-P1P2""]",
TP73,False,0.0,0.003669724770642202,0.1069431680204066,-0.5847812758517805,0.3368186398918675,-0.164790369391001,0.20657894736842106,0.34868421052631576,0.7407894736842106,0.7934210526315789,0.08289473684210526,0.275,0.046052631578947366,0.29210526315789476,0.1421052631578947,>0,>0,1,1,"{""gamma_R2"": ""P1P2"", ""rho_ATMi_R2"": ""P1P2"", ""rho_ATRi_R2"": ""P1P2"", ""rho_R2"": ""P1P2"", ""rho_WEE1i_R2"": ""P1P2""}","[""P1P2""]","[""TP73_-_3569572.23-P1P2|TP73_-_3569486.23-P1P2""]",
TREX1,False,0.0,0.0018315018315018315,0.1760098914847884,-0.0249914386899747,0.4061299126663451,-0.01425324073082971,0.14342105263157895,0.29078947368421054,0.2644736842105263,0.37236842105263157,0.5539473684210526,0.28289473684210525,0.15921052631578947,0.1013157894736842,0.1473684210526316,>0,>0,1,1,"{""gamma_R2"": ""P1P2"", ""rho_ATMi_R2"": ""P1P2"", ""rho_ATRi_R2"": ""P1P2"", ""rho_R2"": ""P1P2"", ""rho_WEE1i_R2"": ""P1P2""}","[""P1P2""]","[""TREX1_+_48507673.23-P1P2|TREX1_+_48507655.23-P1P2""]",
TRIM25,False,0.0,0.01834862385321101,0.2887142380120837,-0.2244476378493202,0.3632961363185153,0.01325585095170677,0.075,0.3223684210526316,0.5355263157894737,0.1513157894736842,0.11447368421052631,0.06973684210526315,0.35657894736842105,0.7026315789473684,0.24736842105263157,>0,>0,1,1,"{""gamma_R2"": ""P1P2"", ""rho_ATMi_R2"": ""P1P2"", ""rho_ATRi_R2"": ""P1P2"", ""rho_R2"": ""P1P2"", ""rho_WEE1i_R2"": ""P1P2""}","[""P1P2""]","[""TRIM25_-_54991362.23-P1P2|TRIM25_+_54991009.23-P1P2""]",
TRIM28,False,0.0,0.0,0.05223910568401029,-0.1052677474582201,-0.3299309366843411,-0.006178029227519773,0.2881578947368421,0.7407894736842106,0.39342105263157895,0.3092105263157895,0.04078947368421053,0.3986842105263158,0.14605263157894738,0.021052631578947368,0.45263157894736844,>0,<0,1,1,"{""gamma_R2"": ""P1P2"", ""rho_ATMi_R2"": ""P1P2"", ""rho_ATRi_R2"": ""P1P2"", ""rho_R2"": ""P1P2"", ""rho_WEE1i_R2"": ""P1P2""}","[""P1P2""]","[""TRIM28_-_59056127.23-P1P2|TRIM28_-_59055912.23-P1P2""]",
TRIP12,False,-0.639971716,0.04212454212454213,0.4739883343202131,0.2720950857656268,-0.1326586539587084,-0.01732087531921405,0.014473684210526316,0.6355263157894737,0.03289473684210526,0.3986842105263158,0.6197368421052631,0.1618421052631579,0.8513157894736842,0.8486842105263158,0.6210526315789474,>0,<0,1,1,"{""gamma_R2"": ""P1P2"", ""rho_ATMi_R2"": ""P1P2"", ""rho_ATRi_R2"": ""P1P2"", ""rho_R2"": ""P1P2"", ""rho_WEE1i_R2"": ""P1P2""}","[""P1P2""]","[""TRIP12_-_230786461.23-P1P2|TRIP12_-_230786488.23-P1P2""]",
TRIP13,True,-1.118745998,0.04395604395604396,-0.7481058076764637,-1.59455041560385,-0.6952482318868153,-0.2110272899512674,0.9407894736842105,0.8539473684210527,0.9381578947368421,0.8302631578947368,0.8907894736842106,0.37763157894736843,0.9197368421052632,0.8578947368421053,-0.08684210526315783,<0,<0,1,1,"{""gamma_R2"": ""P1P2"", ""rho_ATMi_R2"": ""P1P2"", ""rho_ATRi_R2"": ""P1P2"", ""rho_R2"": ""P1P2"", ""rho_WEE1i_R2"": ""P1P2""}","[""P1P2""]","[""TRIP13_+_893079.23-P1P2|TRIP13_-_893070.23-P1P2""]",
TRRAP,False,-0.256137258,0.14285714285714285,-0.3484583411286613,-1.936656509548882,0.2248001125882434,-0.312683643514005,0.8065789473684211,0.42236842105263156,0.975,0.8960526315789473,0.9592105263157895,0.014473684210526316,0.9223684210526316,0.9855263157894737,-0.3842105263157895,<0,>0,1,1,"{""gamma_R2"": ""P1P2"", ""rho_ATMi_R2"": ""P1P2"", ""rho_ATRi_R2"": ""P1P2"", ""rho_R2"": ""P1P2"", ""rho_WEE1i_R2"": ""P1P2""}","[""P1P2""]","[""TRRAP_-_98476562.23-P1P2|TRRAP_-_98476572.23-P1P2""]",
TTC5,False,0.0,0.005494505494505495,0.2787030648649997,-0.1919251386287812,0.8752548584770703,-0.08591344417302793,0.08026315789473684,0.1118421052631579,0.4855263157894737,0.6723684210526316,0.22763157894736843,0.34868421052631576,0.7960526315789473,0.35,0.031578947368421054,>0,>0,1,1,"{""gamma_R2"": ""P1P2"", ""rho_ATMi_R2"": ""P1P2"", ""rho_ATRi_R2"": ""P1P2"", ""rho_R2"": ""P1P2"", ""rho_WEE1i_R2"": ""P1P2""}","[""P1P2""]","[""TTC5_+_20774089.23-P1P2|TTC5_+_20773871.23-P1P2""]",
TWIST1,False,0.0,0.0018315018315018315,-0.1858469822200811,0.04384315412064365,-1.254510616041248,0.05821208894314853,0.6381578947368421,0.9328947368421052,0.15394736842105264,0.014473684210526316,0.4039473684210526,0.5697368421052632,0.5618421052631579,0.1013157894736842,0.2947368421052631,<0,<0,1,1,"{""gamma_R2"": ""P1P2"", ""rho_ATMi_R2"": ""P1P2"", ""rho_ATRi_R2"": ""P1P2"", ""rho_R2"": ""P1P2"", ""rho_WEE1i_R2"": ""P1P2""}","[""P1P2""]","[""TWIST1_-_19157221.23-P1P2|TWIST1_-_19157081.23-P1P2""]",
UBC,False,0.0,0.023809523809523808,0.002766631850698104,-0.2552017272874479,0.3157698587215684,-0.03166142313499938,0.36447368421052634,0.36973684210526314,0.5697368421052632,0.5223684210526316,0.025,0.046052631578947366,0.1013157894736842,0.7526315789473684,0.005263157894736803,>0,>0,1,1,"{""gamma_R2"": ""P1P2"", ""rho_ATMi_R2"": ""P1P2"", ""rho_ATRi_R2"": ""P1P2"", ""rho_R2"": ""P1P2"", ""rho_WEE1i_R2"": ""P1P2""}","[""P1P2""]","[""UBC_+_125399044.23-P1P2|UBC_-_125399182.23-P1P2""]",
UBE2A,False,-0.16327237,0.003663003663003663,-0.2696568113599068,-0.2511759073426513,0.01852193768939203,-0.06975077717540006,0.7197368421052631,0.5592105263157895,0.5644736842105263,0.6460526315789473,0.525,0.2986842105263158,0.13026315789473683,0.22763157894736843,-0.16052631578947363,<0,>0,1,1,"{""gamma_R2"": ""P1P2"", ""rho_ATMi_R2"": ""P1P2"", ""rho_ATRi_R2"": ""P1P2"", ""rho_R2"": ""P1P2"", ""rho_WEE1i_R2"": ""P1P2""}","[""P1P2""]","[""UBE2A_-_118708981.23-P1P2|UBE2A_+_118708560.23-P1P2""]",
UBE2B,False,-0.701380644,0.12477064220183487,-0.5231344288375239,-0.9433469291366539,-1.244531887114092,-0.4834686537381316,0.875,0.9302631578947368,0.8539473684210527,0.975,0.9223684210526316,0.8697368421052631,0.9039473684210526,0.9723684210526315,0.05526315789473679,<0,<0,1,1,"{""gamma_R2"": ""P1P2"", ""rho_ATMi_R2"": ""P1P2"", ""rho_ATRi_R2"": ""P1P2"", ""rho_R2"": ""P1P2"", ""rho_WEE1i_R2"": ""P1P2""}","[""P1P2""]","[""UBE2B_-_133707036.23-P1P2|UBE2B_-_133707319.23-P1P2""]",
UBE2D3,False,-0.899603533,0.06972477064220184,-0.7348018838366804,-1.310365938320904,-1.849169028816328,-0.2491023910231256,0.9276315789473685,0.9565789473684211,0.9197368421052632,0.8618421052631579,0.8802631578947369,0.3092105263157895,0.7618421052631579,0.9171052631578948,0.02894736842105261,<0,<0,1,1,"{""gamma_R2"": ""P1P2"", ""rho_ATMi_R2"": ""P1P2"", ""rho_ATRi_R2"": ""P1P2"", ""rho_R2"": ""P1P2"", ""rho_WEE1i_R2"": ""P1P2""}","[""P1P2""]","[""UBE2D3_-_103748127.23-P1P2|UBE2D3_+_103748297.23-P1P2""]",
UBE2L6,False,0.0,0.001834862385321101,-0.1493033060793823,0.2295646756566286,0.8996122213260401,-0.009389999420179306,0.5907894736842105,0.09342105263157895,0.04342105263157895,0.34342105263157896,0.5960526315789474,0.6960526315789474,0.7513157894736842,0.16710526315789473,-0.49736842105263157,<0,>0,1,1,"{""gamma_R2"": ""P1P2"", ""rho_ATMi_R2"": ""P1P2"", ""rho_ATRi_R2"": ""P1P2"", ""rho_R2"": ""P1P2"", ""rho_WEE1i_R2"": ""P1P2""}","[""P1P2""]","[""UBE2L6_-_57335102.23-P1P2|UBE2L6_+_57335091.23-P1P2""]",
UBE2N,True,-1.012790086,0.025688073394495414,-0.09035985139326344,-0.1886803673774914,0.3509219132299804,-0.05542181635633146,0.506578947368421,0.3355263157894737,0.48289473684210527,0.6092105263157894,0.9671052631578947,0.906578947368421,0.4618421052631579,0.7842105263157895,-0.17105263157894735,<0,>0,1,1,"{""gamma_R2"": ""P1P2"", ""rho_ATMi_R2"": ""P1P2"", ""rho_ATRi_R2"": ""P1P2"", ""rho_R2"": ""P1P2"", ""rho_WEE1i_R2"": ""P1P2""}","[""P1P2""]","[""UBE2N_+_93835696.23-P1P2|UBE2N_+_93835347.23-P1P2""]",
UBE2T,False,0.0,0.056776556776556776,-0.2625467684821658,-0.350769701717188,0.15862636884428,-0.05449275821243323,0.7171052631578947,0.45657894736842103,0.6434210526315789,0.6039473684210527,0.7960526315789473,0.9592105263157895,0.6539473684210526,0.8921052631578947,-0.26052631578947366,<0,>0,1,1,"{""gamma_R2"": ""P1P2"", ""rho_ATMi_R2"": ""P1P2"", ""rho_ATRi_R2"": ""P1P2"", ""rho_R2"": ""P1P2"", ""rho_WEE1i_R2"": ""P1P2""}","[""P1P2""]","[""UBE2T_-_202310883.23-P1P2|UBE2T_-_202311067.23-P1P2""]",
UBE2U,False,0.0,0.003663003663003663,-0.09370041432128348,0.03264212697785585,0.6302982980287521,-0.02193436278869295,0.5171052631578947,0.19078947368421054,0.16973684210526316,0.4407894736842105,0.36447368421052634,0.14078947368421052,0.2855263157894737,0.22763157894736843,-0.3263157894736842,<0,>0,1,1,"{""gamma_R2"": ""P1P2"", ""rho_ATMi_R2"": ""P1P2"", ""rho_ATRi_R2"": ""P1P2"", ""rho_R2"": ""P1P2"", ""rho_WEE1i_R2"": ""P1P2""}","[""P1P2""]","[""UBE2U_+_64669321.23-P1P2|UBE2U_+_64669318.23-P1P2""]",
UBE2V1,False,-0.259974802,0.007326007326007326,-0.2033190151349801,-0.02649152441131871,0.133390711218936,0.01916602676518743,0.6592105263157895,0.4855263157894737,0.26973684210526316,0.11447368421052631,0.7802631578947369,0.2618421052631579,0.40131578947368424,0.4486842105263158,-0.17368421052631577,<0,>0,1,1,"{""gamma_R2"": ""P1P2"", ""rho_ATMi_R2"": ""P1P2"", ""rho_ATRi_R2"": ""P1P2"", ""rho_R2"": ""P1P2"", ""rho_WEE1i_R2"": ""P1P2""}","[""P1P2""]","[""UBE2V1_-_48729657.23-P1P2|UBE2V1_+_48729661.23-P1P2""]",
UBE2V2,True,-1.026479898,0.0989010989010989,0.01380366377577369,-0.09256607561260137,0.1603285539261267,-0.2337718162258196,0.34342105263157896,0.45394736842105265,0.36973684210526314,0.8460526315789474,0.6381578947368421,0.2118421052631579,0.33289473684210524,0.9539473684210527,0.1105263157894737,>0,>0,1,1,"{""gamma_R2"": ""P1P2"", ""rho_ATMi_R2"": ""P1P2"", ""rho_ATRi_R2"": ""P1P2"", ""rho_R2"": ""P1P2"", ""rho_WEE1i_R2"": ""P1P2""}","[""P1P2""]","[""UBE2V2_-_48921185.23-P1P2|UBE2V2_+_48921037.23-P1P2""]",
UBE2W,False,0.0,0.0018315018315018315,-0.3306440063275115,-0.7883954496381426,-1.995452875616726,-0.3005040739447031,0.7960526315789473,0.9671052631578947,0.8039473684210526,0.8855263157894737,0.6460526315789473,0.3618421052631579,0.825,0.1013157894736842,0.17105263157894735,<0,<0,1,1,"{""gamma_R2"": ""P1P2"", ""rho_ATMi_R2"": ""P1P2"", ""rho_ATRi_R2"": ""P1P2"", ""rho_R2"": ""P1P2"", ""rho_WEE1i_R2"": ""P1P2""}","[""P1P2""]","[""UBE2W_+_74790945.23-P1P2|UBE2W_+_74791034.23-P1P2""]",
UBR5,True,-1.137669476,0.027472527472527472,-1.136531135097681,-0.3823225324338742,-2.239471709871194,-0.02155443275476652,0.9723684210526315,0.9828947368421053,0.6644736842105263,0.4381578947368421,0.10921052631578948,0.8328947368421052,0.8802631578947369,0.7894736842105263,0.010526315789473717,<0,<0,1,1,"{""gamma_R2"": ""P1P2"", ""rho_ATMi_R2"": ""P1P2"", ""rho_ATRi_R2"": ""P1P2"", ""rho_R2"": ""P1P2"", ""rho_WEE1i_R2"": ""P1P2""}","[""P1P2""]","[""UBR5_-_103424582.23-P1P2|UBR5_+_103424940.23-P1P2""]",
UCHL5,False,-0.463426103,0.05128205128205128,-0.3032429919854502,-0.9788444860153069,0.2211745982753618,-0.2489117141314632,0.7644736842105263,0.425,0.8618421052631579,0.8592105263157894,0.7302631578947368,0.06184210526315789,0.9644736842105263,0.8789473684210526,-0.3394736842105263,<0,>0,1,1,"{""gamma_R2"": ""P1P2"", ""rho_ATMi_R2"": ""P1P2"", ""rho_ATRi_R2"": ""P1P2"", ""rho_R2"": ""P1P2"", ""rho_WEE1i_R2"": ""P1P2""}","[""P1P2""]","[""UCHL5_+_193028436.23-P1P2|UCHL5_+_193028482.23-P1P2""]",
UHRF1,True,-1.076685134,0.11172161172161173,-0.6450530004274274,-1.012172900318025,-0.06877519254340381,-0.3855247730048062,0.9039473684210526,0.593421052631579,0.8697368421052631,0.925,0.7644736842105263,0.6671052631578948,0.42236842105263156,0.9671052631578947,-0.31052631578947365,<0,<0,1,1,"{""gamma_R2"": ""P1P2"", ""rho_ATMi_R2"": ""P1P2"", ""rho_ATRi_R2"": ""P1P2"", ""rho_R2"": ""P1P2"", ""rho_WEE1i_R2"": ""P1P2""}","[""P1P2""]","[""UHRF1_+_4910126.23-P1P2|UHRF1_+_4909924.23-P1P2""]",
UIMC1,False,0.0,0.005504587155963303,-0.2122515453446847,-0.2140696233636319,-0.2569754695612195,-0.007802759446579586,0.6671052631578948,0.6960526315789474,0.5171052631578947,0.33289473684210524,0.13289473684210526,0.41973684210526313,0.06447368421052632,0.4052631578947368,0.02894736842105261,<0,<0,1,1,"{""gamma_R2"": ""P1P2"", ""rho_ATMi_R2"": ""P1P2"", ""rho_ATRi_R2"": ""P1P2"", ""rho_R2"": ""P1P2"", ""rho_WEE1i_R2"": ""P1P2""}","[""P1P2""]","[""UIMC1_-_176433727.23-P1P2|UIMC1_-_176433500.23-P1P2""]",
UNG,False,-0.517226991,0.005494505494505495,0.08229703881120778,-0.09442226714713561,0.36107445864622,0.005047393796766084,0.24605263157894736,0.33289473684210524,0.38026315789473686,0.20921052631578949,0.4328947368421053,0.22236842105263158,0.14342105263157895,0.35,0.08684210526315789,>0,>0,1,1,"{""gamma_R2"": ""P1P2"", ""rho_ATMi_R2"": ""P1P2"", ""rho_ATRi_R2"": ""P1P2"", ""rho_R2"": ""P1P2"", ""rho_WEE1i_R2"": ""P1P2""}","[""P1P2""]","[""UNG_-_109535573.23-P1P2|UNG_+_109535520.23-P1P2""]",
USP1,False,0.0,0.009157509157509158,-0.05933469865142953,-0.4416149350436323,-0.5876203915362895,-0.004327833509346407,0.46710526315789475,0.8276315789473684,0.6855263157894737,0.29078947368421054,0.8328947368421052,0.8723684210526316,0.6934210526315789,0.5223684210526316,0.36052631578947364,<0,<0,1,1,"{""gamma_R2"": ""P1P2"", ""rho_ATMi_R2"": ""P1P2"", ""rho_ATRi_R2"": ""P1P2"", ""rho_R2"": ""P1P2"", ""rho_WEE1i_R2"": ""P1P2""}","[""P1P2""]","[""USP1_+_62903144.23-P1P2|USP1_+_62902791.23-P1P2""]",
USP10,False,-0.236487994,0.027472527472527472,-0.08390383061619938,-0.5010438480658673,0.8917847800491837,-0.1078765910667955,0.4986842105263158,0.1013157894736842,0.7197368421052631,0.7328947368421053,0.6960526315789474,0.656578947368421,0.20921052631578949,0.7894736842105263,-0.3973684210526316,<0,>0,1,1,"{""gamma_R2"": ""P1P2"", ""rho_ATMi_R2"": ""P1P2"", ""rho_ATRi_R2"": ""P1P2"", ""rho_R2"": ""P1P2"", ""rho_WEE1i_R2"": ""P1P2""}","[""P1P2""]","[""USP10_-_84733673.23-P1P2|USP10_+_84733660.23-P1P2""]",
USP28,False,-0.071454259,0.0018315018315018315,0.6085832303054756,0.4837524646562524,0.7246803493591392,0.04368886677658815,0.006578947368421052,0.15394736842105264,0.003947368421052632,0.038157894736842106,0.08552631578947369,0.18552631578947368,0.05131578947368421,0.1013157894736842,0.1473684210526316,>0,>0,1,1,"{""gamma_R2"": ""P1P2"", ""rho_ATMi_R2"": ""P1P2"", ""rho_ATRi_R2"": ""P1P2"", ""rho_R2"": ""P1P2"", ""rho_WEE1i_R2"": ""P1P2""}","[""P1P2""]","[""USP28_-_113746063.23-P1P2|USP28_+_113746234.23-P1P2""]",
USP3,False,0.0,0.0018315018315018315,0.4377666696599314,0.1839489395566529,0.8965637522381328,-0.00790053430731917,0.019736842105263157,0.09605263157894736,0.075,0.3355263157894737,0.05394736842105263,0.6144736842105263,0.19605263157894737,0.1013157894736842,0.0763157894736842,>0,>0,1,1,"{""gamma_R2"": ""P1P2"", ""rho_ATMi_R2"": ""P1P2"", ""rho_ATRi_R2"": ""P1P2"", ""rho_R2"": ""P1P2"", ""rho_WEE1i_R2"": ""P1P2""}","[""P1P2""]","[""USP3_+_63796883.23-P1P2|USP3_+_63796855.23-P1P2""]",
USP43,False,-0.464020336,0.003663003663003663,0.04171548147876436,-0.2697947272960757,0.7920310029677228,0.01152728458177729,0.2986842105263158,0.125,0.5855263157894737,0.15921052631578947,0.14078947368421052,0.48289473684210527,0.5828947368421052,0.22763157894736843,-0.17368421052631577,>0,>0,1,1,"{""gamma_R2"": ""P1P2"", ""rho_ATMi_R2"": ""P1P2"", ""rho_ATRi_R2"": ""P1P2"", ""rho_R2"": ""P1P2"", ""rho_WEE1i_R2"": ""P1P2""}","[""P1P2""]","[""USP43_-_9548883.23-P1P2|USP43_-_9548917.23-P1P2""]",
USP45,False,-0.011244001,0.003663003663003663,-0.1066204684675844,0.01172794479813236,-0.1057421316731925,-0.01186597922368399,0.5328947368421053,0.6197368421052631,0.19342105263157894,0.3592105263157895,0.6223684210526316,0.5013157894736842,0.16710526315789473,0.22763157894736843,0.08684210526315783,<0,<0,1,1,"{""gamma_R2"": ""P1P2"", ""rho_ATMi_R2"": ""P1P2"", ""rho_ATRi_R2"": ""P1P2"", ""rho_R2"": ""P1P2"", ""rho_WEE1i_R2"": ""P1P2""}","[""P1P2""]","[""USP45_+_99963100.23-P1P2|USP45_+_99963276.23-P1P2""]",
USP47,False,0.0,0.0,-0.1467933318982809,-0.9240672502232946,-0.3833913508673492,-0.004326180134723893,0.5802631578947368,0.7671052631578947,0.8407894736842105,0.2881578947368421,0.225,0.24605263157894736,0.7776315789473685,0.021052631578947368,0.18684210526315792,<0,<0,1,1,"{""gamma_R2"": ""P1P2"", ""rho_ATMi_R2"": ""P1P2"", ""rho_ATRi_R2"": ""P1P2"", ""rho_R2"": ""P1P2"", ""rho_WEE1i_R2"": ""P1P2""}","[""P1P2""]","[""USP47_+_11863558.23-P1P2|USP47_+_11863607.23-P1P2""]",
USP51,False,-0.201564363,0.007326007326007326,0.09689532108612757,-0.0009514565437817452,0.07710076470814488,-0.05095248906112513,0.21973684210526315,0.5223684210526316,0.21973684210526315,0.5907894736842105,0.4513157894736842,0.22763157894736843,0.25394736842105264,0.4486842105263158,0.3026315789473685,>0,>0,1,1,"{""gamma_R2"": ""P1P2"", ""rho_ATMi_R2"": ""P1P2"", ""rho_ATRi_R2"": ""P1P2"", ""rho_R2"": ""P1P2"", ""rho_WEE1i_R2"": ""P1P2""}","[""P1P2""]","[""USP51_+_55515461.23-P1P2|USP51_+_55515494.23-P1P2""]",
USP7,False,-0.201008299,0.014652014652014652,-0.1650094085081699,-0.1134145313209805,-0.5914711804117281,-0.1336992608766407,0.5986842105263158,0.8302631578947368,0.4039473684210526,0.7644736842105263,0.8565789473684211,0.7407894736842106,0.906578947368421,0.6434210526315789,0.231578947368421,<0,<0,1,1,"{""gamma_R2"": ""P1P2"", ""rho_ATMi_R2"": ""P1P2"", ""rho_ATRi_R2"": ""P1P2"", ""rho_R2"": ""P1P2"", ""rho_WEE1i_R2"": ""P1P2""}","[""P1P2""]","[""USP7_-_9057818.23-P1P2|USP7_-_9057709.23-P1P2""]",
UVRAG,False,-0.264635037,0.07142857142857142,-0.9001218925222121,-1.687901502870071,-0.2546576851059401,-0.0714734908836791,0.9618421052631579,0.6907894736842105,0.9486842105263158,0.6486842105263158,0.8460526315789474,0.3960526315789474,0.9855263157894737,0.9223684210526316,-0.27105263157894743,<0,<0,1,1,"{""gamma_R2"": ""P1P2"", ""rho_ATMi_R2"": ""P1P2"", ""rho_ATRi_R2"": ""P1P2"", ""rho_R2"": ""P1P2"", ""rho_WEE1i_R2"": ""P1P2""}","[""P1P2""]","[""UVRAG_-_75526284.23-P1P2|UVRAG_-_75526290.23-P1P2""]",
WAS,False,0.0,0.0018315018315018315,-0.2717037576451119,0.276841026383275,0.8616630931698994,0.01243385448415581,0.7223684210526315,0.11710526315789474,0.02763157894736842,0.15394736842105264,0.7197368421052631,0.5460526315789473,0.6618421052631579,0.1013157894736842,-0.6052631578947368,<0,>0,1,1,"{""gamma_R2"": ""P1P2"", ""rho_ATMi_R2"": ""P1P2"", ""rho_ATRi_R2"": ""P1P2"", ""rho_R2"": ""P1P2"", ""rho_WEE1i_R2"": ""P1P2""}","[""P1P2""]","[""WAS_-_48542230.23-P1P2|WAS_+_48542240.23-P1P2""]",
WDR48,False,0.0,0.031135531135531136,-0.3037155893849991,-0.5868822410802831,-0.4124648216006294,-0.1344454313537876,0.7697368421052632,0.7697368421052632,0.743421052631579,0.7697368421052632,0.9434210526315789,0.875,0.38026315789473686,0.8171052631578948,0.0,<0,<0,1,1,"{""gamma_R2"": ""P1P2"", ""rho_ATMi_R2"": ""P1P2"", ""rho_ATRi_R2"": ""P1P2"", ""rho_R2"": ""P1P2"", ""rho_WEE1i_R2"": ""P1P2""}","[""P1P2""]","[""WDR48_-_39093569.23-P1P2|WDR48_-_39093564.23-P1P2""]",
WHSC1,False,-0.272981998,0.020146520146520148,-0.1956080815990469,-0.1256912921592526,0.03228131120306473,-0.0477914336304388,0.6486842105263158,0.5434210526315789,0.41710526315789476,0.575,0.7460526315789474,0.4618421052631579,0.6039473684210527,0.718421052631579,-0.10526315789473684,<0,>0,1,1,"{""gamma_R2"": ""P1P2"", ""rho_ATMi_R2"": ""P1P2"", ""rho_ATRi_R2"": ""P1P2"", ""rho_R2"": ""P1P2"", ""rho_WEE1i_R2"": ""P1P2""}","[""P1P2""]","[""WHSC1_-_1873356.23-P1P2|WHSC1_+_1873227.23-P1P2""]",
WRAP53,False,0.0,0.01282051282051282,0.5713133826780159,0.422610184794823,2.515649193658879,-0.06744533147824881,0.009210526315789473,0.006578947368421052,0.009210526315789473,0.6434210526315789,0.04868421052631579,0.6539473684210526,0.40657894736842104,0.6078947368421053,-0.0026315789473684206,>0,>0,1,1,"{""gamma_R2"": ""P1P2"", ""rho_ATMi_R2"": ""P1P2"", ""rho_ATRi_R2"": ""P1P2"", ""rho_R2"": ""P1P2"", ""rho_WEE1i_R2"": ""P1P2""}","[""P1P2""]","[""WRAP53_-_7591780.23-P1P2|WRAP53_+_7591817.23-P1P2""]",
WRN,False,-0.446796298,0.0018315018315018315,-0.1460247985263708,-0.1860583144855233,0.76657675287403,-0.02674116096982292,0.5776315789473684,0.1355263157894737,0.48026315789473684,0.4881578947368421,0.11710526315789474,0.23289473684210527,0.13815789473684212,0.1013157894736842,-0.44210526315789467,<0,>0,1,1,"{""gamma_R2"": ""P1P2"", ""rho_ATMi_R2"": ""P1P2"", ""rho_ATRi_R2"": ""P1P2"", ""rho_R2"": ""P1P2"", ""rho_WEE1i_R2"": ""P1P2""}","[""P1P2""]","[""WRN_-_30891364.23-P1P2|WRN_+_30891350.23-P1P2""]",
WRNIP1,False,0.0,0.0018315018315018315,0.09115124861067572,-0.02786381796215354,-0.2583980872515486,-0.007645125931636428,0.23026315789473684,0.7013157894736842,0.2723684210526316,0.33026315789473687,0.15657894736842104,0.175,0.06710526315789474,0.1013157894736842,0.4710526315789474,>0,<0,1,1,"{""gamma_R2"": ""P1P2"", ""rho_ATMi_R2"": ""P1P2"", ""rho_ATRi_R2"": ""P1P2"", ""rho_R2"": ""P1P2"", ""rho_WEE1i_R2"": ""P1P2""}","[""P1P2""]","[""WRNIP1_-_2765795.23-P1P2|WRNIP1_-_2765703.23-P1P2""]",
XPA,False,0.0,0.007326007326007326,-0.2563226457224133,-0.09057056472691312,-0.2867892985601734,0.03256167033567134,0.7144736842105263,0.7118421052631579,0.3618421052631579,0.06184210526315789,0.6013157894736842,0.2644736842105263,0.7907894736842105,0.4486842105263158,-0.002631578947368318,<0,<0,1,1,"{""gamma_R2"": ""P1P2"", ""rho_ATMi_R2"": ""P1P2"", ""rho_ATRi_R2"": ""P1P2"", ""rho_R2"": ""P1P2"", ""rho_WEE1i_R2"": ""P1P2""}","[""P1P2""]","[""XPA_+_100459570.23-P1P2|XPA_+_100459564.23-P1P2""]",
XRCC1,False,-0.130528234,0.023853211009174313,-0.1474486117613963,-0.2319251854929064,-1.36746426566974,-0.08219015224922081,0.5828947368421052,0.9434210526315789,0.5407894736842105,0.6671052631578948,0.8671052631578947,0.8881578947368421,0.5223684210526316,0.7684210526315789,0.3605263157894737,<0,<0,1,1,"{""gamma_R2"": ""P1P2"", ""rho_ATMi_R2"": ""P1P2"", ""rho_ATRi_R2"": ""P1P2"", ""rho_R2"": ""P1P2"", ""rho_WEE1i_R2"": ""P1P2""}","[""P1P2""]","[""XRCC1_-_44079668.23-P1P2|XRCC1_-_44079606.23-P1P2""]",
XRCC2,False,-0.3517076,0.014652014652014652,-1.568167718489008,-1.525690941894583,-1.482213494765106,-0.4471325038527849,0.993421052631579,0.9486842105263158,0.9355263157894737,0.9565789473684211,0.9907894736842106,0.9907894736842106,0.8960526315789473,0.6434210526315789,-0.044736842105263186,<0,<0,1,1,"{""gamma_R2"": ""P1P2"", ""rho_ATMi_R2"": ""P1P2"", ""rho_ATRi_R2"": ""P1P2"", ""rho_R2"": ""P1P2"", ""rho_WEE1i_R2"": ""P1P2""}","[""P1P2""]","[""XRCC2_-_152373149.23-P1P2|XRCC2_-_152373174.23-P1P2""]",
XRCC3,False,0.0,0.018315018315018316,-0.8052259331902537,-2.282019888195209,-2.999423227049528e-06,-0.5248131796947588,0.9539473684210527,0.5697368421052632,0.9881578947368421,0.9802631578947368,0.9802631578947368,0.9144736842105263,0.9618421052631579,0.6868421052631579,-0.38421052631578945,<0,<0,1,1,"{""gamma_R2"": ""P1P2"", ""rho_ATMi_R2"": ""P1P2"", ""rho_ATRi_R2"": ""P1P2"", ""rho_R2"": ""P1P2"", ""rho_WEE1i_R2"": ""P1P2""}","[""P1P2""]","[""XRCC3_-_104181768.23-P1P2|XRCC3_+_104181754.23-P1P2""]",
XRCC4,False,0.0,0.003669724770642202,-0.1004804358562511,-0.02354490494848556,-0.2571783657905002,-0.02055627122419893,0.525,0.6986842105263158,0.2618421052631579,0.4328947368421053,0.5092105263157894,0.5881578947368421,0.3513157894736842,0.29210526315789476,0.17368421052631577,<0,<0,1,1,"{""gamma_R2"": ""P1P2"", ""rho_ATMi_R2"": ""P1P2"", ""rho_ATRi_R2"": ""P1P2"", ""rho_R2"": ""P1P2"", ""rho_WEE1i_R2"": ""P1P2""}","[""P1P2""]","[""XRCC4_-_82373434.23-P1P2|XRCC4_-_82373452.23-P1P2""]",
XRCC6BP1,False,-0.592003903,0.009174311926605505,-0.01028200226777114,-1.03585976525213,0.3099831678521318,-0.3068606580653351,0.3828947368421053,0.37236842105263157,0.875,0.8907894736842106,0.18552631578947368,0.8776315789473684,0.6855263157894737,0.5592105263157895,-0.010526315789473717,<0,>0,1,1,"{""gamma_R2"": ""P1P2"", ""rho_ATMi_R2"": ""P1P2"", ""rho_ATRi_R2"": ""P1P2"", ""rho_R2"": ""P1P2"", ""rho_WEE1i_R2"": ""P1P2""}","[""P1P2""]","[""XRCC6BP1_-_58335727.23-P1P2|XRCC6BP1_-_58335602.23-P1P2""]",
YEATS4,False,0.0,0.029304029304029304,-0.4177986333989125,-1.177811340684582,1.383440940117622,-0.310217091299813,0.8302631578947368,0.04342105263157895,0.8907894736842106,0.8934210526315789,0.7723684210526316,0.7302631578947368,0.9434210526315789,0.8,-0.7868421052631579,<0,>0,1,1,"{""gamma_R2"": ""P1P2"", ""rho_ATMi_R2"": ""P1P2"", ""rho_ATRi_R2"": ""P1P2"", ""rho_R2"": ""P1P2"", ""rho_WEE1i_R2"": ""P1P2""}","[""P1P2""]","[""YEATS4_+_69753819.23-P1P2|YEATS4_-_69753803.23-P1P2""]",
YY1,False,0.0,0.003663003663003663,-0.549418730142611,-0.07628741695565569,-0.5144456547201621,-0.006382723760074889,0.8881578947368421,0.8065789473684211,0.32763157894736844,0.3171052631578947,0.8513157894736842,0.038157894736842106,0.9592105263157895,0.22763157894736843,-0.08157894736842108,<0,<0,1,1,"{""gamma_R2"": ""P1P2"", ""rho_ATMi_R2"": ""P1P2"", ""rho_ATRi_R2"": ""P1P2"", ""rho_R2"": ""P1P2"", ""rho_WEE1i_R2"": ""P1P2""}","[""P1P2""]","[""YY1_-_100705185.23-P1P2|YY1_+_100705824.23-P1P2""]",
ZBTB1,False,0.0,0.001834862385321101,0.06835899182195129,-0.2228872914106551,0.3629160565609229,0.03009811432829654,0.26710526315789473,0.325,0.5302631578947369,0.06973684210526315,0.4618421052631579,0.6381578947368421,0.8565789473684211,0.16710526315789473,0.05789473684210528,>0,>0,1,1,"{""gamma_R2"": ""P1P2"", ""rho_ATMi_R2"": ""P1P2"", ""rho_ATRi_R2"": ""P1P2"", ""rho_R2"": ""P1P2"", ""rho_WEE1i_R2"": ""P1P2""}","[""P1P2""]","[""ZBTB1_-_64971900.23-P1P2|ZBTB1_-_64971477.23-P1P2""]",
ZFYVE26,False,0.0,0.011009174311926606,0.08538548713954579,-0.01118802327823613,-1.00901533071147,0.0003086924370821244,0.2381578947368421,0.9092105263157895,0.2381578947368421,0.2513157894736842,0.4776315789473684,0.40657894736842104,0.2118421052631579,0.5907894736842105,0.6710526315789473,>0,<0,1,1,"{""gamma_R2"": ""P1P2"", ""rho_ATMi_R2"": ""P1P2"", ""rho_ATRi_R2"": ""P1P2"", ""rho_R2"": ""P1P2"", ""rho_WEE1i_R2"": ""P1P2""}","[""P1P2""]","[""ZFYVE26_-_68283162.23-P1P2|ZFYVE26_+_68283109.23-P1P2""]",
ZMPSTE24,False,-0.144339462,0.001834862385321101,0.1290296427953165,-0.195917826597286,0.38437786797389,0.003173052163096244,0.18552631578947368,0.2986842105263158,0.4986842105263158,0.21973684210526315,0.3013157894736842,0.019736842105263157,0.1355263157894737,0.16710526315789473,0.1131578947368421,>0,>0,1,1,"{""gamma_R2"": ""P1P2"", ""rho_ATMi_R2"": ""P1P2"", ""rho_ATRi_R2"": ""P1P2"", ""rho_R2"": ""P1P2"", ""rho_WEE1i_R2"": ""P1P2""}","[""P1P2""]","[""ZMPSTE24_-_40723955.23-P1P2|ZMPSTE24_-_40723930.23-P1P2""]",
ZNF365,False,-0.69046466,0.007326007326007326,-0.4184947217981291,-0.4240644442135688,0.6599927026828689,-0.2492737151102873,0.8328947368421052,0.1723684210526316,0.6828947368421052,0.8644736842105263,0.7618421052631579,0.4934210526315789,0.8539473684210527,0.4486842105263158,-0.6605263157894736,<0,>0,1,1,"{""gamma_R2"": ""P1P2"", ""rho_ATMi_R2"": ""P1P2"", ""rho_ATRi_R2"": ""P1P2"", ""rho_R2"": ""P1P2"", ""rho_WEE1i_R2"": ""P1P2""}","[""P1P2""]","[""ZNF365_-_64134217.23-P1P2|ZNF365_-_64134417.23-P1P2""]",
ZRANB3,False,0.0,0.003663003663003663,0.2483888818736397,-0.0933758203859254,-0.5256910237923288,-0.01016055832190939,0.08552631578947369,0.8118421052631579,0.375,0.34868421052631576,0.20394736842105263,0.14605263157894738,0.4407894736842105,0.22763157894736843,0.7263157894736842,>0,<0,1,1,"{""gamma_R2"": ""P1P2"", ""rho_ATMi_R2"": ""P1P2"", ""rho_ATRi_R2"": ""P1P2"", ""rho_R2"": ""P1P2"", ""rho_WEE1i_R2"": ""P1P2""}","[""P1P2""]","[""ZRANB3_-_136288748.23-P1P2|ZRANB3_-_136288444.23-P1P2""]",
ZSWIM7,False,-0.002992615,0.005494505494505495,-0.09070490620701252,-0.08916835252679195,-0.1394578604831548,-0.003119310920406899,0.5092105263157894,0.6407894736842106,0.3592105263157895,0.2723684210526316,0.37236842105263157,0.7802631578947369,0.09868421052631579,0.35,0.13157894736842113,<0,<0,1,1,"{""gamma_R2"": ""P1P2"", ""rho_ATMi_R2"": ""P1P2"", ""rho_ATRi_R2"": ""P1P2"", ""rho_R2"": ""P1P2"", ""rho_WEE1i_R2"": ""P1P2""}","[""P1P2""]","[""ZSWIM7_+_15902942.23-P1P2|ZSWIM7_+_15902924.23-P1P2""]",
