cohort,gene,source_called,S_R2,q_DNAPKi,q_ATMi,q_ATRi,q_WEE1i,q_DNAPKi_minus_ATMi,q_DNAPKi_minus_ATRi,q_DNAPKi_minus_WEE1i,gemini_sensitive,rho_R2,rho_ATMi_R2,rho_ATRi_R2,rho_WEE1i_R2,DNAPKi_rank_exceeds_ATMi,DNAPKi_rank_exceeds_ATRi,DNAPKi_rank_exceeds_WEE1i
P380,ABL1,False,-0.23947368421052634,0.4328947368421053,0.5828947368421052,0.6723684210526316,0.8013157894736842,-0.14999999999999997,-0.23947368421052634,-0.3684210526315789,-0.356940028,-0.04531373682801343,-0.1275317497621865,-0.1334935283972616,-0.2617371879258045,False,False,False
P380,ACTB,False,0.17368421052631589,0.8907894736842106,0.9092105263157895,0.6618421052631579,0.7171052631578947,-0.018421052631578894,0.22894736842105268,0.17368421052631589,-0.026338066,-0.6004159501956892,-0.5236875837813331,-0.1293703448306909,-0.1795078500954537,False,True,True
P380,ADPRHL2,False,-0.1394736842105263,0.6934210526315789,0.8723684210526316,0.3118421052631579,0.8328947368421052,-0.17894736842105263,0.381578947368421,-0.1394736842105263,-0.279559022,-0.2425020204206388,-0.4619489579955852,0.04054991821110103,-0.3005325318454921,False,True,False
P380,ALKBH1,False,0.1,0.24868421052631579,0.14868421052631578,0.09342105263157895,0.1881578947368421,0.1,0.15526315789473683,0.06052631578947368,-0.124967072,0.08106970216315176,0.1225355720015893,0.1835756341385585,0.1032462452552985,True,True,True
P380,ALKBH2,False,0.1394736842105263,0.7013157894736842,0.506578947368421,0.5618421052631579,0.8118421052631579,0.1947368421052632,0.1394736842105263,-0.1105263157894737,0.0,-0.2488539694598854,-0.08845846972701743,-0.08375822496584492,-0.2703934676531825,True,True,False
P380,ALKBH3,False,0.03157894736842104,0.14078947368421052,0.1118421052631579,0.09605263157894736,0.10921052631578948,0.028947368421052624,0.04473684210526316,0.03157894736842104,0.0,0.180933648809744,0.1626409332496876,0.1800874836371369,0.174267305941956,True,True,True
P380,ALKBH5,False,-0.2631578947368421,0.04078947368421053,0.6828947368421052,0.3013157894736842,0.30394736842105263,-0.6421052631578947,-0.26052631578947366,-0.2631578947368421,-0.407509095,0.3435064673611515,-0.2005108371668792,0.04506213689118092,0.04453474438903005,False,False,False
P380,ANKLE1,False,0.3631578947368421,0.7671052631578947,0.8855263157894737,0.4039473684210526,0.18552631578947368,-0.11842105263157898,0.3631578947368421,0.5815789473684211,0.0,-0.3037041697343135,-0.4788742598123264,-0.01390333491970469,0.1037961097935489,False,True,True
P380,ANKRD32,False,0.16315789473684217,0.8513157894736842,0.6881578947368421,0.6276315789473684,0.8881578947368421,0.16315789473684217,0.22368421052631582,-0.0368421052631579,-0.600609354,-0.4575341233927146,-0.2069419726917776,-0.1143178525318283,-0.3919052325453143,True,True,False
P380,AP5S1,False,0.10263157894736841,0.5486842105263158,0.3144736842105263,0.44605263157894737,0.48026315789473684,0.23421052631578948,0.10263157894736841,0.06842105263157894,0.0,-0.1173246827024038,0.01518483228110975,-0.0288254369115221,-0.03680662102821719,True,True,True
P380,AP5Z1,False,-0.01315789473684209,0.18289473684210528,0.16710526315789473,0.19605263157894737,0.26973684210526316,0.015789473684210548,-0.01315789473684209,-0.08684210526315789,-0.271381459,0.1335588695962337,0.109969243087625,0.1002743739128403,0.05275719727641773,True,False,False
P380,APBB1,False,-0.07631578947368423,0.5460526315789473,0.725,0.6223684210526316,0.5276315789473685,-0.17894736842105263,-0.07631578947368423,0.018421052631578894,0.0,-0.1133916137236839,-0.2329514357620405,-0.1086988565964714,-0.07463784837169193,False,False,True
P380,APEX1,False,0.06315789473684208,0.45921052631578946,0.3960526315789474,0.23026315789473684,0.5013157894736842,0.06315789473684208,0.22894736842105262,-0.0421052631578947,-0.422963524,-0.05682626794458759,-0.02744699506848362,0.08096940381235918,-0.05737687667832484,True,True,False
P380,APEX2,False,-0.6894736842105263,0.15657894736842104,0.43026315789473685,0.9092105263157895,0.8460526315789474,-0.2736842105263158,-0.7526315789473684,-0.6894736842105263,-0.32570528,0.1553964258376285,-0.04455338754760207,-0.4639780220095103,-0.3260227156293468,False,False,False
P380,APITD1,False,-0.3078947368421052,0.19605263157894737,0.24342105263157895,0.743421052631579,0.5039473684210526,-0.04736842105263159,-0.5473684210526316,-0.3078947368421052,0.0,0.1196406651367208,0.06389082812980183,-0.1794114481213995,-0.05892151944287664,False,False,False
P380,APLF,False,-0.023684210526315787,0.003947368421052632,0.017105263157894738,0.02763157894736842,0.10657894736842105,-0.013157894736842106,-0.023684210526315787,-0.10263157894736842,0.0,0.6556054630912833,0.4413736599535314,0.272306056947309,0.1747807622142878,False,False,False
P380,ASCC1,False,-0.46578947368421053,0.22236842105263158,0.2881578947368421,0.8223684210526315,0.6881578947368421,-0.06578947368421054,-0.6,-0.46578947368421053,-0.220740488,0.09381110405856763,0.03236341699777645,-0.2551338343558456,-0.1603153270394889,False,False,False
P380,ASCC2,False,-0.10789473684210527,0.5276315789473685,0.4381578947368421,0.6355263157894737,0.8381578947368421,0.08947368421052637,-0.10789473684210527,-0.31052631578947365,-0.616166978,-0.1028508330785158,-0.05761124610386952,-0.1167762659325736,-0.312173022198925,True,False,False
P380,ASCC3,False,0.15526315789473688,0.9776315789473684,0.8223684210526315,0.3171052631578947,0.975,0.15526315789473688,0.6605263157894736,0.0026315789473684292,-0.720797971,-1.158347963257171,-0.3893567452352323,0.03850837551490793,-0.944665540795956,True,True,True
P380,ASF1A,False,-0.7552631578947369,0.035526315789473684,0.014473684210526316,0.7907894736842105,0.8986842105263158,0.021052631578947368,-0.7552631578947369,-0.8631578947368421,-0.445690758,0.3727514824429,0.4533562093226114,-0.2257386323245865,-0.438333753167172,True,False,False
P380,ASTE1,False,0.06052631578947365,0.29605263157894735,0.2355263157894737,0.24078947368421053,0.13289473684210526,0.06052631578947365,0.05526315789473682,0.16315789473684209,0.0,0.04387732170090328,0.0682169149107589,0.07533189741044102,0.1567378741872279,True,True,True
P380,ATM,False,0.3789473684210527,0.925,0.5460526315789473,0.9671052631578947,0.3171052631578947,0.3789473684210527,-0.042105263157894646,0.6078947368421053,-0.805176576,-0.7201583894483302,-0.1017147146656132,-0.773564980108661,0.04256358974019658,True,False,True
P380,ATXN3,False,-0.007894736842105263,0.02763157894736842,0.1013157894736842,0.025,0.035526315789473684,-0.07368421052631578,0.002631578947368419,-0.007894736842105263,0.0,0.3966064378206626,0.17369084041891,0.2769373340636573,0.2683292798352466,False,True,False
P380,AUNIP,False,0.09473684210526312,0.3881578947368421,0.29342105263157897,0.3355263157894737,0.2776315789473684,0.09473684210526312,0.05263157894736842,0.1105263157894737,0.0,-0.01706273648409799,0.03133493216520729,0.02841825142246446,0.05211166649760778,True,True,True
P380,BABAM1,False,0.2552631578947368,0.2802631578947368,0.02236842105263158,0.18289473684210528,0.025,0.25789473684210523,0.09736842105263155,0.2552631578947368,0.0,0.05786289547354769,0.3601334846063746,0.1088140890484376,0.3020964706960613,True,True,True
P380,BACH1,False,0.0,0.5223684210526316,0.5223684210526316,0.6197368421052631,0.21710526315789475,0.0,-0.09736842105263155,0.30526315789473685,0.0,-0.09424504664164499,-0.09364913268726069,-0.1086451843816324,0.08582868973420539,False,False,True
P380,BARD1,False,0.023684210526315752,0.9434210526315789,0.9197368421052632,0.9355263157894737,0.22763157894736843,0.023684210526315752,0.007894736842105288,0.7157894736842105,0.0,-0.7738429756429498,-0.550156649392758,-0.5658152149415325,0.07237032832778953,True,True,True
P380,BLM,False,-0.38421052631578945,0.475,0.8592105263157894,0.9434210526315789,0.7092105263157895,-0.38421052631578945,-0.46842105263157896,-0.23421052631578954,0.0,-0.0635543593989277,-0.4392924486327884,-0.6126288437549031,-0.1752210488692791,False,False,False
P380,BRCC3,False,0.5026315789473683,0.7592105263157894,0.16447368421052633,0.2565789473684211,0.8197368421052632,0.5947368421052631,0.5026315789473683,-0.06052631578947376,0.0,-0.2966094240531881,0.1118591290871408,0.0695442887930205,-0.2927827349032763,True,True,False
P380,BRD8,False,0.4552631578947368,0.5407894736842105,0.9013157894736842,0.08552631578947369,0.04078947368421053,-0.3605263157894737,0.4552631578947368,0.49999999999999994,-0.617774112,-0.1120592750845688,-0.505721554472542,0.1898194331287271,0.2670882644459939,False,True,True
P380,BRE,False,0.48684210526315785,0.656578947368421,0.16973684210526316,0.7092105263157895,0.11710526315789474,0.48684210526315785,-0.052631578947368474,0.5394736842105263,-0.434240571,-0.2020319009401187,0.1072535999895375,-0.1637436841811253,0.1667594767729745,True,False,True
P380,BRIP1,False,-0.08421052631578946,0.3381578947368421,0.42236842105263156,0.35657894736842105,0.7407894736842106,-0.08421052631578946,-0.01842105263157895,-0.40263157894736845,0.0,0.02198204696278501,-0.04337267536956564,0.01440992853269426,-0.1985319383926673,False,False,False
P380,BTG2,False,-0.05526315789473685,0.4355263157894737,0.425,0.7118421052631579,0.49078947368421055,0.010526315789473717,-0.27631578947368424,-0.05526315789473685,-0.290265969,-0.04700766520128985,-0.04420581121597571,-0.1637878864586044,-0.05189469600217741,True,False,False
P380,C11orf30,False,-0.03157894736842104,0.8460526315789474,0.8960526315789473,0.8644736842105263,0.8776315789473684,-0.04999999999999993,-0.018421052631578894,-0.03157894736842104,-0.145572926,-0.4527236630790365,-0.4987418333060144,-0.3472889385517637,-0.3533350808173689,False,False,False
P380,C12orf5,False,-0.12105263157894741,0.3513157894736842,0.5907894736842105,0.26973684210526316,0.4723684210526316,-0.23947368421052634,0.08157894736842103,-0.12105263157894741,0.0,0.00951668928957113,-0.1299441364702276,0.05408998614531975,-0.0338142518441907,False,True,False
P380,C14orf39,False,-0.3,0.1986842105263158,0.4986842105263158,0.6644736842105263,0.4486842105263158,-0.3,-0.46578947368421053,-0.25,-0.419959264,0.1164434129373073,-0.08664369563580365,-0.1301272644509498,-0.02466139312238713,False,False,False
P380,C17orf104,False,-0.047368421052631615,0.3144736842105263,0.3092105263157895,0.6434210526315789,0.3618421052631579,0.005263157894736803,-0.3289473684210526,-0.047368421052631615,0.0,0.03568658299773538,0.02178474022624025,-0.1192962846897427,0.01824282346295489,True,False,False
P380,C17orf70,False,-0.021052631578947323,0.45394736842105265,0.5486842105263158,0.42236842105263156,0.475,-0.09473684210526312,0.031578947368421095,-0.021052631578947323,-0.114807525,-0.05597028643350328,-0.1038356734560465,-0.02278645604024746,-0.03412062067006587,False,True,False
P380,C19orf40,False,-0.15000000000000002,0.7907894736842105,0.9565789473684211,0.9407894736842105,0.36973684210526314,-0.1657894736842106,-0.15000000000000002,0.42105263157894735,-0.481187494,-0.3231429447970893,-0.7670633795256355,-0.5963667588047211,0.01053399048925992,False,False,True
P380,C1orf86,False,0.21842105263157896,0.6302631578947369,0.743421052631579,0.26710526315789473,0.4118421052631579,-0.11315789473684212,0.3631578947368421,0.21842105263157896,-0.021429801,-0.1831587103272896,-0.2663509617902081,0.06004242939372548,-0.01367635175238391,False,True,True
P380,C20orf196,False,-0.2026315789473684,0.030263157894736843,0.21710526315789475,0.7881578947368421,0.23289473684210527,-0.1868421052631579,-0.7578947368421052,-0.2026315789473684,-0.341797347,0.393894430624495,0.0843396226467769,-0.2257339557523972,0.07150638303531591,False,False,False
P380,C5orf45,False,-0.04473684210526315,0.04342105263157895,0.0881578947368421,0.24868421052631579,0.04868421052631579,-0.04473684210526315,-0.20526315789473684,-0.005263157894736838,-0.277697941,0.3434720171388739,0.1864628844991055,0.07258934978651481,0.2482874517720357,False,False,False
P380,C7orf49,False,0.04999999999999993,0.8934210526315789,0.6407894736842106,0.843421052631579,0.9460526315789474,0.2526315789473683,0.04999999999999993,-0.052631578947368474,-0.313875165,-0.600745542567487,-0.1601659344136565,-0.3034167401914358,-0.6654633991702299,True,True,False
P380,C9orf142,False,0.1894736842105263,0.5434210526315789,0.3539473684210526,0.44342105263157894,0.09605263157894736,0.1894736842105263,0.09999999999999998,0.4473684210526315,0.0,-0.1123035689888526,-0.007002078593045954,-0.02835810657967874,0.1871249756966891,True,True,True
P380,CBX8,False,-0.1131578947368421,0.11710526315789474,0.23026315789473684,0.38552631578947366,0.019736842105263157,-0.1131578947368421,-0.2684210526315789,0.09736842105263158,0.0,0.2183359230315163,0.07386101733554969,-0.001954803734990268,0.3165990441840371,False,False,True
P380,CCDC155,False,-0.04999999999999999,0.43026315789473685,0.48026315789473684,0.5539473684210526,0.29605263157894735,-0.04999999999999999,-0.12368421052631579,0.1342105263157895,-0.072359589,-0.04432596733069364,-0.07078755683925635,-0.07782827904904308,0.04687120397538092,False,False,True
P380,CDC14B,False,0.2894736842105263,0.4644736842105263,0.175,0.10394736842105264,0.2013157894736842,0.2894736842105263,0.3605263157894737,0.26315789473684215,-0.674476704,-0.05885002310597957,0.1034711318428235,0.1767686428959441,0.09600443801755265,True,True,True
P380,CDC7,False,0.10263157894736841,0.9092105263157895,0.8065789473684211,0.625,0.9513157894736842,0.10263157894736841,0.28421052631578947,-0.04210526315789476,-0.921834634,-0.6906780354823683,-0.3751291065569055,-0.1125553956177834,-0.713796376916132,True,True,False
P380,CDK2,False,0.2,0.5539473684210526,0.32763157894736844,0.8302631578947368,0.3539473684210526,0.2263157894736842,-0.2763157894736842,0.2,-0.766173236,-0.1254925350812389,0.00630376123765967,-0.2686153355778182,0.01998207381962036,True,False,True
P380,CDK9,False,-0.2026315789473684,0.20921052631578949,0.4118421052631579,0.5513157894736842,0.36447368421052634,-0.2026315789473684,-0.3421052631578947,-0.15526315789473685,-0.288904447,0.1054244719755844,-0.03415654892932496,-0.07693734879669926,0.01821555404223233,False,False,False
P380,CDKN2D,False,-0.11842105263157898,0.6171052631578947,0.7355263157894737,0.7460526315789474,0.5644736842105263,-0.11842105263157898,-0.1289473684210527,0.05263157894736836,-0.005445701,-0.1739026269922916,-0.2557197890196035,-0.1800027339996951,-0.09084438511668476,False,False,True
P380,CEP164,False,-0.047368421052631574,0.06710526315789474,0.06710526315789474,0.11447368421052631,0.21973684210526315,0.0,-0.047368421052631574,-0.1526315789473684,0.0,0.3136064652662103,0.2024782230443304,0.1691876733852622,0.07787923756431914,False,False,False
P380,CETN1,False,-0.09473684210526317,0.41973684210526313,0.4855263157894737,0.5144736842105263,0.5486842105263158,-0.06578947368421056,-0.09473684210526317,-0.12894736842105264,0.0,-0.04070015555217027,-0.08233746311984132,-0.05648459027495725,-0.08476649359052961,False,False,False
P380,CHD1L,False,-0.25,0.2355263157894737,0.7039473684210527,0.4855263157894737,0.4276315789473684,-0.46842105263157896,-0.25,-0.19210526315789472,-0.172942037,0.08582248563268709,-0.2152748477389389,-0.03909802644707557,-0.0197467065716562,False,False,False
P380,CHRNA4,False,0.15263157894736834,0.7934210526315789,0.8355263157894737,0.2802631578947368,0.6407894736842106,-0.04210526315789476,0.513157894736842,0.15263157894736834,-0.610462507,-0.3300410294708144,-0.4028105067345522,0.05258314488359191,-0.1236848354373848,False,True,True
P380,CIB1,False,0.08684210526315789,0.49605263157894736,0.40921052631578947,0.13815789473684212,0.6644736842105263,0.08684210526315789,0.35789473684210527,-0.16842105263157897,-0.041598754,-0.082557973450654,-0.03108708401143915,0.1446663885919701,-0.1374338346512175,True,True,False
P380,COPS7A,False,0.02105263157894738,0.10921052631578948,0.05131578947368421,0.4644736842105263,0.0881578947368421,0.05789473684210527,-0.35526315789473684,0.02105263157894738,0.0,0.2317280372806271,0.2261403978740858,-0.03389861451996623,0.1904302593554918,True,False,True
P380,COPS8,False,-0.5105263157894737,0.12236842105263158,0.1723684210526316,0.7960526315789473,0.6328947368421053,-0.05,-0.6736842105263158,-0.5105263157894737,0.0,0.2153940403928458,0.1050916457859559,-0.2328641396488957,-0.1210796410940863,False,False,False
P380,CSNK1E,False,0.17894736842105263,0.4513157894736842,0.2723684210526316,0.1513157894736842,0.41710526315789476,0.17894736842105263,0.30000000000000004,0.03421052631578947,0.0,-0.05365972119223095,0.04406325523405178,0.1378301147993451,-0.01544128721935249,True,True,True
P380,CUL4A,False,0.18157894736842112,0.6407894736842106,0.45921052631578946,0.10921052631578948,0.5434210526315789,0.18157894736842112,0.5315789473684212,0.09736842105263166,-0.214535268,-0.1860612801357688,-0.06270886440501533,0.17404067679849,-0.08304657408823941,True,True,True
P380,CUL4B,False,0.19210526315789472,0.375,0.18289473684210528,0.5907894736842105,0.009210526315789473,0.19210526315789472,-0.21578947368421053,0.36578947368421055,-0.138062465,-0.00187468976735931,0.1012311975988589,-0.09480886475986358,0.3574110072829975,True,False,True
P380,CXorf57,False,0.25263157894736843,0.5855263157894737,0.33289473684210524,0.38026315789473686,0.18026315789473685,0.25263157894736843,0.20526315789473681,0.4052631578947368,0.0,-0.1477350852695724,0.003879275183001241,0.001164605168354108,0.1083705371432167,True,True,True
P380,DCLRE1A,False,0.0736842105263158,0.16447368421052633,0.4881578947368421,0.09078947368421053,0.06973684210526315,-0.3236842105263158,0.0736842105263158,0.09473684210526317,-0.235792913,0.1455647884105885,-0.08337404303334317,0.184090280290193,0.213356206843714,False,True,True
P380,DCLRE1B,True,-0.18684210526315786,0.39342105263157895,0.44605263157894737,0.7986842105263158,0.5802631578947368,-0.05263157894736842,-0.4052631578947368,-0.18684210526315786,-1.182921041,-0.02656682812892027,-0.06013194978653535,-0.2336496273909328,-0.09632542487994655,False,False,False
P380,DCLRE1C,False,-0.4605263157894737,0.1355263157894737,0.5355263157894737,0.8618421052631579,0.5960526315789474,-0.4,-0.7263157894736841,-0.4605263157894737,-0.437087909,0.1937094477744732,-0.09768382344885174,-0.3470194217139559,-0.1018576494490494,False,False,False
P380,DDB2,False,-0.09473684210526317,0.05921052631578947,0.02763157894736842,0.15394736842105264,0.17763157894736842,0.031578947368421054,-0.09473684210526317,-0.11842105263157895,-0.042124514,0.3275865848046698,0.3199334174792888,0.1377840874966152,0.1102321944954376,True,False,False
P380,DDX1,True,0.20526315789473681,0.8355263157894737,0.6302631578947369,0.02236842105263158,0.9144736842105263,0.20526315789473681,0.8131578947368421,-0.07894736842105265,-1.505019396,-0.4201546608156783,-0.1565545443678789,0.2805833619685688,-0.4650110292571996,True,True,False
P380,DDX11,False,-0.023684210526315863,0.6828947368421052,0.7065789473684211,0.45394736842105265,0.8644736842105263,-0.023684210526315863,0.22894736842105257,-0.18157894736842106,0.0,-0.2257122638664275,-0.2174561477254913,-0.03143333670328463,-0.3497309972924638,False,True,False
P380,DEK,False,-0.3894736842105263,0.125,0.23289473684210527,0.6907894736842105,0.5144736842105263,-0.10789473684210527,-0.5657894736842105,-0.3894736842105263,0.0,0.2076486037802052,0.07053188056293845,-0.1421927077697585,-0.06074608346214502,False,False,False
P380,DMC1,False,-0.13157894736842102,0.40921052631578947,0.5407894736842105,0.7776315789473685,0.3881578947368421,-0.13157894736842102,-0.368421052631579,0.02105263157894738,0.0,-0.03781791634391481,-0.1000768457660993,-0.2120250236128682,0.003403491971565309,False,False,True
P380,DNTT,False,0.01842105263157895,0.056578947368421055,0.019736842105263157,0.3381578947368421,0.038157894736842106,0.0368421052631579,-0.28157894736842104,0.01842105263157895,0.0,0.3292337974905921,0.4308728504780607,0.0280335019800176,0.2674378188757747,True,False,True
P380,DOT1L,True,0.30000000000000004,0.9171052631578948,0.825,0.6171052631578947,0.24605263157894736,0.0921052631578948,0.30000000000000004,0.6710526315789473,-1.091790952,-0.6944236136777848,-0.389768147167509,-0.107065448138408,0.06675474106535839,True,True,True
P380,DTX3L,False,0.1105263157894737,0.2855263157894737,0.5197368421052632,0.0881578947368421,0.175,-0.23421052631578948,0.19736842105263158,0.1105263157894737,0.0,0.0530906204639526,-0.09308245219710068,0.1884429800269642,0.1124060725278834,False,True,True
P380,EEPD1,False,0.09473684210526323,0.7486842105263158,0.6539473684210526,0.4276315789473684,0.6592105263157895,0.09473684210526323,0.3210526315789474,0.08947368421052637,-0.398745933,-0.2856964651913076,-0.1745539624971251,-0.0240648522415133,-0.1310807090919498,True,True,True
P380,EGFR,False,0.6078947368421053,0.843421052631579,0.7118421052631579,0.075,0.2355263157894737,0.13157894736842102,0.768421052631579,0.6078947368421053,0.0,-0.4429104784104547,-0.2236508071701019,0.1979572762747172,0.06929558162408106,True,True,True
P380,EID3,False,-0.24473684210526314,0.19342105263157894,0.2986842105263158,0.4381578947368421,0.4986842105263158,-0.10526315789473684,-0.24473684210526314,-0.30526315789473685,-0.496838371,0.1216488238181888,0.02920874399177957,-0.02759427466331546,-0.05520142312772632,False,False,False
P380,EME1,False,0.27105263157894743,0.8828947368421053,0.6434210526315789,0.5776315789473684,0.6118421052631579,0.2394736842105264,0.3052631578947369,0.27105263157894743,-0.403708554,-0.5373503779776502,-0.1641947030101267,-0.08985566549718242,-0.1127073458881918,True,True,True
P380,EME2,False,0.12368421052631579,0.4934210526315789,0.8539473684210527,0.36973684210526314,0.3144736842105263,-0.36052631578947375,0.12368421052631579,0.17894736842105263,-0.06447293,-0.08196004822673524,-0.4352916557034177,0.003805842067828927,0.04258088916154357,False,True,True
P380,ENDOV,False,-0.31315789473684214,0.25394736842105264,0.5671052631578948,0.5407894736842105,0.8302631578947368,-0.31315789473684214,-0.28684210526315784,-0.5763157894736841,0.0,0.07895809611379598,-0.1232140330089302,-0.07364105241077512,-0.3001778772090269,False,False,False
P380,EP300,False,0.3526315789473684,0.5013157894736842,0.13815789473684212,0.14868421052631578,0.7381578947368421,0.363157894736842,0.3526315789473684,-0.23684210526315796,0.0,-0.08900320696487704,0.1377682554949281,0.1416347333228458,-0.1969654136075468,True,True,False
P380,EPC1,False,0.4078947368421053,0.5618421052631579,0.5592105263157895,0.011842105263157895,0.15394736842105264,0.0026315789473684292,0.55,0.4078947368421053,-0.670666927,-0.1295441389800893,-0.107792777755473,0.3567366557367956,0.1318369675491435,True,True,True
P380,EPC2,False,-0.07894736842105265,0.7381578947368421,0.8407894736842105,0.8171052631578948,0.6513157894736842,-0.10263157894736841,-0.07894736842105265,0.08684210526315794,-0.476255688,-0.2793694469344481,-0.4166936732558524,-0.2512054331145352,-0.1288744111347723,False,False,True
P380,ERCC1,False,0.2684210526315789,0.575,0.4934210526315789,0.30657894736842106,0.2881578947368421,0.08157894736842103,0.2684210526315789,0.28684210526315784,0.0,-0.1452758451618639,-0.08557504477663065,0.04145671971962377,0.04926272393933306,True,True,True
P380,ERCC5,False,0.19736842105263158,0.28289473684210525,0.07763157894736843,0.375,0.08552631578947369,0.20526315789473681,-0.09210526315789475,0.19736842105263158,0.0,0.05351435614053423,0.1927285177988773,0.002878872350742098,0.1985925615282695,True,False,True
P380,ERCC6,False,-0.1842105263157895,0.40657894736842104,0.4276315789473684,0.5986842105263158,0.5907894736842105,-0.02105263157894738,-0.19210526315789478,-0.1842105263157895,-0.487347227,-0.03439957620314334,-0.04429471413692869,-0.09689349172157838,-0.1003027754460379,False,False,False
P380,ERCC6L2,False,-0.015789473684210464,0.6328947368421053,0.006578947368421052,0.9276315789473685,0.6486842105263158,0.6263157894736843,-0.2947368421052632,-0.015789473684210464,-0.389879801,-0.1835020551520009,0.5017989961385725,-0.5182515791053182,-0.126467181842416,True,False,False
P380,ERCC8,False,0.060526315789473685,0.1118421052631579,0.038157894736842106,0.05131578947368421,0.05394736842105263,0.0736842105263158,0.060526315789473685,0.05789473684210526,0.0,0.2242771525233683,0.2468385906018772,0.2327279816657447,0.2450464387740243,True,True,True
P380,ETAA1,False,-0.7131578947368421,0.225,0.41973684210526313,0.993421052631579,0.9381578947368421,-0.19473684210526312,-0.768421052631579,-0.7131578947368421,-0.061623329,0.09292960800425698,-0.04114755766562335,-1.339426881619099,-0.5929069838459254,False,False,False
P380,EXD2,False,0.18157894736842106,0.7986842105263158,0.6171052631578947,0.4144736842105263,0.6223684210526316,0.18157894736842106,0.38421052631578945,0.1763157894736842,0.0,-0.3307719187982923,-0.1408213946921442,-0.01986799431194752,-0.114582422127511,True,True,True
P380,EXO1,False,0.02631578947368418,0.7328947368421053,0.906578947368421,0.7065789473684211,0.030263157894736843,-0.17368421052631577,0.02631578947368418,0.7026315789473684,0.0,-0.2776666619213576,-0.516767884815218,-0.154522915958213,0.2786893824644247,False,True,True
P380,EXO5,False,0.17894736842105263,0.6197368421052631,0.7486842105263158,0.4407894736842105,0.2986842105263158,-0.1289473684210527,0.17894736842105263,0.32105263157894737,0.0,-0.1770662556054007,-0.2689157725147182,-0.02810143469472341,0.04594553559286439,False,True,True
P380,EYA2,False,-0.2421052631578947,0.5513157894736842,0.7934210526315789,0.2013157894736842,0.8171052631578948,-0.2421052631578947,0.35,-0.2657894736842106,-0.225019262,-0.1221282087059559,-0.3277102940979565,0.09830435959268513,-0.2806642927368987,False,True,False
P380,EYA3,False,-0.17631578947368423,0.13026315789473683,0.06184210526315789,0.39342105263157895,0.30657894736842106,0.06842105263157894,-0.26315789473684215,-0.17631578947368423,0.0,0.1991527360384135,0.2085659393659265,-0.005034248808318154,0.04430486553279245,True,False,False
P380,EYA4,False,-0.2736842105263158,0.10394736842105264,0.1618421052631579,0.6697368421052632,0.37763157894736843,-0.05789473684210526,-0.5657894736842105,-0.2736842105263158,-0.232704835,0.2359212796143031,0.1139543940171578,-0.1327662243155146,0.006589999274177888,False,False,False
P380,FAM168A,False,-0.18157894736842106,0.0881578947368421,0.26973684210526316,0.035526315789473684,0.756578947368421,-0.18157894736842106,0.05263157894736842,-0.6684210526315789,-0.190945046,0.2466986367633018,0.04730731093627998,0.2661723696000243,-0.2092061928876638,False,True,False
P380,FAM175A,False,0.32894736842105265,0.9592105263157895,0.1881578947368421,0.8934210526315789,0.6302631578947369,0.7710526315789474,0.06578947368421062,0.32894736842105265,0.0,-0.8906431444328012,0.0976521404749584,-0.3941125041329803,-0.1197567342255589,True,True,True
P380,FAM178A,False,0.2657894736842105,0.44605263157894737,0.18026315789473685,0.7697368421052632,0.006578947368421052,0.2657894736842105,-0.3236842105263158,0.4394736842105263,-0.266526383,-0.05057721076245053,0.1013683727492373,-0.2098030944320518,0.4228528196595634,True,False,True
P380,FAM35A,False,-0.6973684210526316,0.04868421052631579,0.6276315789473684,0.9486842105263158,0.7460526315789474,-0.5789473684210527,-0.9,-0.6973684210526316,-0.259851614,0.3359346491435041,-0.1531196940971287,-0.6617896586321173,-0.2008613626975905,False,False,False
P380,FAN1,False,0.2131578947368421,0.8381578947368421,0.625,0.7171052631578947,0.4381578947368421,0.2131578947368421,0.12105263157894741,0.4,0.0,-0.4385334203723824,-0.1493848048173357,-0.1694171694480534,-0.02355077441649926,True,True,True
P380,FANCA,False,-0.29210526315789476,0.5565789473684211,0.9644736842105263,0.8486842105263158,0.5881578947368421,-0.4078947368421052,-0.29210526315789476,-0.03157894736842104,-0.430060077,-0.1270610007691513,-0.8577757301423621,-0.3200820636344732,-0.1001095942862946,False,False,False
P380,FANCB,False,-0.06842105263157894,0.8565789473684211,0.993421052631579,0.925,0.6355263157894737,-0.13684210526315788,-0.06842105263157894,0.2210526315789474,-0.415887638,-0.4926893588834211,-1.249581514700339,-0.5179550906098505,-0.1218950124329451,False,False,True
P380,FANCC,False,0.1526315789473684,0.6223684210526316,0.8986842105263158,0.1013157894736842,0.4697368421052632,-0.2763157894736842,0.5210526315789473,0.1526315789473684,0.0,-0.1791431993485944,-0.5005957992624258,0.1769995118785917,-0.03357249406747295,False,True,True
P380,FANCD2,False,-0.14210526315789473,0.7092105263157895,0.9381578947368421,0.8513157894736842,0.7881578947368421,-0.22894736842105257,-0.14210526315789473,-0.07894736842105254,-0.648560786,-0.2520811417682448,-0.6163985322507063,-0.3278653844720919,-0.2428386354142695,False,False,False
P380,FANCE,False,0.015789473684210575,0.9197368421052632,0.9855263157894737,0.9039473684210526,0.8223684210526315,-0.06578947368421051,0.015789473684210575,0.09736842105263166,-0.047956565,-0.6990299748661393,-1.017258074278347,-0.4390615319303899,-0.2929995531239769,False,True,True
P380,FANCF,True,-0.2131578947368421,0.6460526315789473,0.9618421052631579,0.8407894736842105,0.8592105263157894,-0.3157894736842106,-0.1947368421052632,-0.2131578947368421,-1.718334446,-0.1950941202424996,-0.7963826692614846,-0.2942127836100443,-0.3365411797958625,False,False,False
P380,FANCG,False,-0.10526315789473684,0.7776315789473685,0.9486842105263158,0.8828947368421053,0.8276315789473684,-0.17105263157894735,-0.10526315789473684,-0.04999999999999993,0.0,-0.312931524273303,-0.7399481277780966,-0.3835787181203651,-0.2978159801933612,False,False,False
P380,FANCL,False,-0.29736842105263156,0.3171052631578947,0.9276315789473685,0.29342105263157897,0.6144736842105263,-0.6105263157894738,0.023684210526315752,-0.29736842105263156,-0.134924201,0.03243172690021427,-0.5889750878959351,0.04768187340072436,-0.1130242998715634,False,True,False
P380,FANCM,False,-0.08947368421052626,0.6644736842105263,0.843421052631579,0.7539473684210526,0.6776315789473685,-0.17894736842105263,-0.08947368421052626,-0.013157894736842146,-0.651790326,-0.2078115962217892,-0.4273919816454883,-0.1919857117099128,-0.1495192903517554,False,False,False
P380,FBXO18,False,-0.2394736842105263,0.06447368421052632,0.30394736842105263,0.2381578947368421,0.34078947368421053,-0.2394736842105263,-0.17368421052631577,-0.2763157894736842,0.0,0.3155081149355611,0.02327092529574579,0.07572722536490728,0.03078911452198652,False,False,False
P380,FBXO6,False,0.04210526315789476,0.8407894736842105,0.7986842105263158,0.5434210526315789,0.8144736842105263,0.04210526315789476,0.2973684210526316,0.02631578947368418,-0.40395904,-0.4420860115311069,-0.342149065894726,-0.0739561989364536,-0.272658647840421,True,True,True
P380,FGF10,False,-0.14210526315789473,0.29342105263157897,0.46710526315789475,0.4355263157894737,0.12236842105263158,-0.17368421052631577,-0.14210526315789473,0.1710526315789474,-0.73079918,0.04393275484769799,-0.06303190414517865,-0.0269688033962218,0.1599932049583399,False,False,True
P380,FH,False,0.30789473684210533,0.8118421052631579,0.8171052631578948,0.5039473684210526,0.1723684210526316,-0.0052631578947368585,0.30789473684210533,0.6394736842105263,0.0,-0.3519514305950446,-0.3829261632053026,-0.04961109203921928,0.1166394220980981,False,True,True
P380,FIGN,False,0.5973684210526315,0.9223684210526316,0.6907894736842105,0.25394736842105264,0.325,0.2315789473684211,0.668421052631579,0.5973684210526315,0.0,-0.7079235314376248,-0.2094533798898097,0.07175482601633804,0.03578401856347953,True,True,True
P380,FIGNL1,False,-0.23947368421052634,0.017105263157894738,0.21973684210526315,0.6592105263157895,0.2565789473684211,-0.2026315789473684,-0.6421052631578947,-0.23947368421052634,-0.239807956,0.443337334015784,0.08405886188387393,-0.1285618670453819,0.05786735817388525,False,False,False
P380,FIGNL2,False,0.2631578947368421,0.3539473684210526,0.09078947368421053,0.056578947368421055,0.4039473684210526,0.2631578947368421,0.29736842105263156,-0.04999999999999999,-0.790207219,0.007492662091268535,0.1808545104537943,0.2272311984839339,-0.005381536505033729,True,True,False
P380,FMN2,False,0.12631578947368421,0.5592105263157895,0.575,0.4328947368421053,0.3460526315789474,-0.015789473684210464,0.12631578947368421,0.2131578947368421,0.0,-0.128528494816186,-0.1260249772587669,-0.02626011819050289,0.02524929378873431,False,True,True
P380,FOXM1,False,0.09473684210526323,0.8144736842105263,0.7513157894736842,0.13026315789473683,0.7197368421052631,0.06315789473684219,0.6842105263157895,0.09473684210526323,-0.649784173,-0.3628853088393104,-0.2722804855347099,0.153855509596511,-0.1804231662563921,True,True,True
P380,FTO,False,-0.45789473684210524,0.3460526315789474,0.4355263157894737,0.8065789473684211,0.8039473684210526,-0.08947368421052632,-0.4605263157894737,-0.45789473684210524,-0.551641802,0.01073543666717999,-0.05714348247052156,-0.2459754438492589,-0.262150607045303,False,False,False
P380,FUS,False,0.1105263157894737,0.9144736842105263,0.8302631578947368,0.8039473684210526,0.6723684210526316,0.08421052631578951,0.1105263157894737,0.2421052631578947,-0.005606829,-0.6931008093908633,-0.3912159344738293,-0.245738924682353,-0.1457690723542164,True,True,True
P380,FZR1,False,-0.5842105263157895,0.26973684210526316,0.25921052631578945,0.8539473684210527,0.9960526315789474,0.010526315789473717,-0.5842105263157895,-0.7263157894736842,-0.791700068,0.06580507059315972,0.05161732827780136,-0.3286333951494102,-1.436610288252623,True,False,False
P380,GADD45A,False,0.0,0.49078947368421055,0.3355263157894737,0.49078947368421055,0.6171052631578947,0.15526315789473688,0.0,-0.12631578947368416,0.0,-0.08140333194874379,0.003448653056585961,-0.04083488431343341,-0.1135228232976768,True,False,False
P380,GEN1,False,-0.10263157894736841,0.4118421052631579,0.5144736842105263,0.5197368421052632,0.46710526315789475,-0.10263157894736841,-0.10789473684210527,-0.05526315789473685,0.0,-0.03870208699241558,-0.08916324128081173,-0.05896284188214787,-0.03342507105783632,False,False,False
P380,GGN,False,0.0736842105263158,0.30394736842105263,0.12763157894736843,0.33289473684210524,0.23026315789473684,0.1763157894736842,-0.02894736842105261,0.0736842105263158,-0.010846323,0.04049561328221385,0.1502054294312005,0.03061240542550702,0.0716490260643082,True,False,True
P380,GPS1,False,-0.2421052631578947,0.36973684210526314,0.6118421052631579,0.46710526315789475,0.7828947368421053,-0.2421052631578947,-0.0973684210526316,-0.41315789473684217,0.0,0.0003432065588593325,-0.1366148873409563,-0.035402792782356,-0.2407597392522406,False,False,False
P380,GTF2H3,False,0.2789473684210526,0.9460526315789474,0.8618421052631579,0.5381578947368421,0.6671052631578948,0.08421052631578951,0.4078947368421053,0.2789473684210526,-0.562091536,-0.7758197898412679,-0.4552690690582892,-0.07301389438081607,-0.1401177800866549,True,True,True
P380,GTF2H5,True,0.05263157894736836,0.7539473684210526,0.2118421052631579,0.8565789473684211,0.7013157894736842,0.5421052631578946,-0.10263157894736852,0.05263157894736836,-1.716940024,-0.2897728682787928,0.08828069559535168,-0.3289963363873757,-0.1703716749766679,True,False,True
P380,H2AFX,False,0.05789473684210533,0.9907894736842106,0.9328947368421052,0.9960526315789474,0.9118421052631579,0.05789473684210533,-0.0052631578947368585,0.07894736842105265,0.0,-1.341137769728697,-0.5948428103670436,-1.819063484069235,-0.4634385754263965,True,False,True
P380,HDAC10,False,-0.21578947368421053,0.37763157894736843,0.5723684210526315,0.593421052631579,0.7065789473684211,-0.1947368421052631,-0.21578947368421053,-0.32894736842105265,0.0,-0.01005250964778629,-0.1242381171785227,-0.09648927236361497,-0.1748676441253674,False,False,False
P380,HELB,False,-0.11315789473684212,0.25921052631578945,0.3171052631578947,0.37236842105263157,0.5697368421052632,-0.05789473684210528,-0.11315789473684212,-0.31052631578947376,-0.73480466,0.0738188371857415,0.01366508686873787,0.003758620733041344,-0.09292419058652848,False,False,False
P380,HELQ,False,0.2421052631578947,0.9302631578947368,0.9039473684210526,0.6881578947368421,0.593421052631579,0.02631578947368418,0.2421052631578947,0.33684210526315783,-0.488919641,-0.7364734432074642,-0.5138041318468171,-0.1397752710983728,-0.1010661811912821,True,True,True
P380,HIST3H2A,False,-0.04210526315789473,0.11447368421052631,0.19605263157894737,0.15657894736842104,0.1513157894736842,-0.08157894736842106,-0.04210526315789473,-0.0368421052631579,0.0,0.2216273347128796,0.09446859602900792,0.1318235866746572,0.1367558035419645,False,False,False
P380,HIST3H3,False,0.06578947368421052,0.16973684210526316,0.10394736842105264,0.6118421052631579,0.09342105263157895,0.06578947368421052,-0.44210526315789467,0.07631578947368421,0.0,0.1406360975275458,0.1735673045908387,-0.1051858691505328,0.1893309587357167,True,False,True
P380,HIST4H4,False,0.01578947368421052,0.3986842105263158,0.3828947368421053,0.6302631578947369,0.15657894736842104,0.01578947368421052,-0.23157894736842105,0.24210526315789477,-0.113747536,-0.02727930252924866,-0.0211522346030244,-0.1155504229472667,0.1292998251521323,True,False,True
P380,HMGA1,False,0.5973684210526315,0.906578947368421,0.8934210526315789,0.11710526315789474,0.3092105263157895,0.013157894736842146,0.7894736842105263,0.5973684210526315,-0.287581046,-0.6559034285267099,-0.4881002997894585,0.1683460297301426,0.04338648391715533,True,True,True
P380,HMGA2,False,0.19999999999999998,0.3671052631578947,0.15921052631578947,0.16710526315789473,0.4144736842105263,0.20789473684210524,0.19999999999999998,-0.047368421052631615,-0.006325428,0.002056056627706436,0.1151741547910063,0.1213983782267336,-0.0137231153003663,True,True,False
P380,HMGB2,False,-0.08157894736842097,0.6039473684210527,0.656578947368421,0.6855263157894737,0.7039473684210527,-0.05263157894736836,-0.08157894736842097,-0.09999999999999998,-0.369132357,-0.1691731969450395,-0.1757432382656869,-0.1391848096607579,-0.1722884438086982,False,False,False
P380,HMGN1,False,0.3289473684210527,0.6065789473684211,0.2776315789473684,0.16973684210526316,0.44342105263157894,0.3289473684210527,0.4368421052631579,0.16315789473684217,0.0,-0.1698218415501208,0.04138485852371065,0.1212152924576098,-0.02386282628737509,True,True,True
P380,HSF1,False,-0.06052631578947376,0.7513157894736842,0.475,0.8118421052631579,0.9092105263157895,0.2763157894736842,-0.06052631578947376,-0.1578947368421053,-0.542693189,-0.2894876713603266,-0.06773182723450628,-0.2476457595624494,-0.456674194539772,True,False,False
P380,HUS1B,False,0.16842105263157892,0.8697368421052631,0.7013157894736842,0.7328947368421053,0.5723684210526315,0.16842105263157892,0.13684210526315788,0.2973684210526316,-0.594309254,-0.5035605645198646,-0.2150591444353706,-0.1759161981997464,-0.09346948328072681,True,True,True
P380,HUWE1,False,0.03421052631578947,0.9644736842105263,0.9302631578947368,0.04342105263157895,0.9802631578947368,0.03421052631578947,0.9210526315789473,-0.015789473684210575,-0.576738781,-0.9258043912046815,-0.5934624644780938,0.237437314511331,-0.9776007896260799,True,True,False
P380,IGHMBP2,False,0.08157894736842097,0.6118421052631579,0.5776315789473684,0.4513157894736842,0.5302631578947369,0.03421052631578947,0.16052631578947363,0.08157894736842097,-0.069106371,-0.1726083471817947,-0.1261105563904869,-0.02907575215895974,-0.07672610897510938,True,True,True
P380,ING3,False,-0.0026315789473684292,0.9118421052631579,0.9144736842105263,0.125,0.9328947368421052,-0.0026315789473684292,0.7868421052631579,-0.021052631578947323,-0.736025781,-0.6908502919698626,-0.5455822531480139,0.1640038747780504,-0.5514279170289009,False,True,False
P380,INIP,False,-0.4210526315789474,0.17763157894736842,0.6065789473684211,0.19342105263157894,0.5986842105263158,-0.4289473684210527,-0.01578947368421052,-0.4210526315789474,0.0,0.1359877270846145,-0.1323213586997488,0.1008409105725332,-0.1040752134938336,False,False,False
P380,INO80C,False,-0.023684210526315863,0.6144736842105263,0.6934210526315789,0.506578947368421,0.6381578947368421,-0.07894736842105265,0.10789473684210527,-0.023684210526315863,-0.095560417,-0.1734207159331297,-0.209482323805238,-0.05066503961122404,-0.1232504160618526,False,True,False
P380,INO80D,False,-0.15000000000000002,0.6618421052631579,0.8118421052631579,0.34342105263157896,0.8355263157894737,-0.15000000000000002,0.31842105263157894,-0.17368421052631577,-0.049256402,-0.2053405027934718,-0.3796780535479337,0.0259493093311088,-0.3045402644883071,False,True,False
P380,INO80E,False,0.13947368421052636,0.5355263157894737,0.2013157894736842,0.7828947368421053,0.3960526315789474,0.3342105263157895,-0.24736842105263157,0.13947368421052636,-0.828659104,-0.1082655614766407,0.09140172829089262,-0.2237013650490264,-0.001916574064087406,True,False,True
P380,ISG15,False,0.10263157894736841,0.7723684210526316,0.7276315789473684,0.4118421052631579,0.6697368421052632,0.044736842105263186,0.3605263157894737,0.10263157894736841,-0.140267971,-0.3039427103723235,-0.2430368657989404,-0.01834031011238076,-0.1427813846216054,True,True,True
P380,JMY,False,0.005263157894736803,0.4776315789473684,0.5434210526315789,0.4723684210526316,0.3828947368421053,-0.06578947368421051,0.005263157894736803,0.09473684210526312,0.0,-0.0674823689913834,-0.1007874092221019,-0.03804518427959813,0.005288426837402049,False,True,True
P380,KAT5,False,-0.4447368421052631,0.2013157894736842,0.7592105263157894,0.06710526315789474,0.6460526315789473,-0.5578947368421052,0.13421052631578945,-0.4447368421052631,-0.266190141,0.1086342233970858,-0.2778666930962213,0.2039504915002026,-0.1248111361307317,False,True,False
P380,KDM1A,False,0.25526315789473675,0.8618421052631579,0.775,0.6065789473684211,0.506578947368421,0.08684210526315783,0.25526315789473675,0.35526315789473684,-0.278155177,-0.4940304787668413,-0.3134182589070553,-0.1016482625355466,-0.06003847230904155,True,True,True
P380,KDM2A,False,0.2710526315789473,0.4618421052631579,0.19078947368421054,0.13289473684210526,0.6065789473684211,0.2710526315789473,0.32894736842105265,-0.14473684210526322,-0.557695011,-0.05683161237186123,0.09582783256442988,0.1525996382931366,-0.1074601793362264,True,True,False
P380,KDM4D,False,-0.0736842105263158,0.6434210526315789,0.7171052631578947,0.5355263157894737,0.7697368421052632,-0.0736842105263158,0.10789473684210515,-0.12631578947368427,0.0,-0.188085076894977,-0.2250846341896458,-0.07106843903490345,-0.2284224344989047,False,True,False
P380,KIAA0101,False,0.14210526315789473,0.4039473684210526,0.2618421052631579,0.21973684210526315,0.4855263157894737,0.14210526315789473,0.18421052631578946,-0.08157894736842108,-0.006931023,-0.02925580070951339,0.05016805955414465,0.0934908660641236,-0.04497813443944028,True,True,False
P380,KIAA0430,False,-0.05263157894736842,0.21447368421052632,0.26710526315789473,0.20657894736842106,0.39342105263157895,-0.05263157894736842,0.00789473684210526,-0.17894736842105263,-0.272185852,0.1036967310838556,0.04938366362177815,0.09691076299682155,0.0007675454524179344,False,True,False
P380,KIN,False,0.15000000000000002,0.8644736842105263,0.7697368421052632,0.41710526315789476,0.7144736842105263,0.09473684210526312,0.4473684210526315,0.15000000000000002,-0.372466873,-0.4959202965527649,-0.3115795502727092,-0.02035868122840601,-0.1779566941001824,True,True,True
P380,KLHL15,False,0.1657894736842106,0.8092105263157895,0.31973684210526315,0.825,0.6434210526315789,0.48947368421052634,-0.015789473684210464,0.1657894736842106,0.0,-0.3510069627337741,0.009898301131504507,-0.2557267558603734,-0.124512493732456,True,False,True
P380,LIG3,False,0.03421052631578947,0.8986842105263158,0.8644736842105263,0.9381578947368421,0.5539473684210526,0.03421052631578947,-0.03947368421052633,0.3447368421052631,-0.512408576,-0.6202449994836765,-0.4578005628580217,-0.5801880500783557,-0.0881457256787197,True,False,True
P380,MAD2L2,False,-0.45263157894736844,0.4723684210526316,0.8881578947368421,0.9855263157894737,0.925,-0.41578947368421054,-0.513157894736842,-0.45263157894736844,-0.316838102,-0.06299895731843924,-0.4808771222602911,-1.13903853025568,-0.5345265881939913,False,False,False
P380,MAGEF1,False,0.23157894736842102,0.2776315789473684,0.046052631578947366,0.1723684210526316,0.017105263157894738,0.23157894736842102,0.10526315789473681,0.26052631578947366,0.0,0.06037079186022788,0.2317869508974839,0.1199272832441931,0.3205532302573449,True,True,True
P380,MB21D1,False,-0.05526315789473685,0.07236842105263158,0.11973684210526316,0.3828947368421053,0.12763157894736843,-0.047368421052631574,-0.3105263157894737,-0.05526315789473685,0.0,0.2912056922249143,0.1538831170996831,0.0009789105803861275,0.1575780917100671,False,False,False
P380,MBD4,False,0.2710526315789473,0.6802631578947368,0.37763157894736843,0.6328947368421053,0.40921052631578947,0.30263157894736836,0.047368421052631504,0.2710526315789473,-0.396132354,-0.2243922470609958,-0.0188626553573692,-0.11645569299471,-0.01361732803457046,True,True,True
P380,MBTD1,False,0.07631578947368423,0.6960526315789474,0.5302631578947369,0.7644736842105263,0.6197368421052631,0.1657894736842105,-0.06842105263157894,0.07631578947368423,0.0,-0.2442873697443194,-0.09716231317989607,-0.1978119490203826,-0.1136762832072375,True,False,True
P380,MC1R,False,-0.12631578947368416,0.743421052631579,0.8697368421052631,0.8671052631578947,0.9013157894736842,-0.12631578947368416,-0.12368421052631573,-0.1578947368421052,0.0,-0.2815346420795263,-0.4613474380722574,-0.3490181729113672,-0.4411055028415236,False,False,False
P380,MCM4,True,-0.6736842105263158,0.3092105263157895,0.0013157894736842105,0.9828947368421053,0.9881578947368421,0.3078947368421053,-0.6736842105263158,-0.6789473684210526,-2.565027646,0.03981175318473662,0.5616493414585075,-1.135119396042344,-1.307803165437437,True,False,False
P380,MCM7,False,-0.08421052631578951,0.8723684210526316,0.3671052631578947,0.9565789473684211,0.9828947368421053,0.5052631578947369,-0.08421052631578951,-0.1105263157894737,-0.815967559,-0.5054566429986468,-0.01583775029278867,-0.7471610646393818,-0.9787372035237567,True,False,False
P380,MCM8,False,-0.01315789473684209,0.13815789473684212,0.1513157894736842,0.8855263157894737,0.09078947368421053,-0.01315789473684209,-0.7473684210526316,0.04736842105263159,-0.136909775,0.1907293557795001,0.1196094057395872,-0.3862966075401912,0.1900662298983825,False,False,True
P380,MCM9,False,0.33157894736842103,0.8039473684210526,0.4723684210526316,0.9881578947368421,0.07236842105263158,0.33157894736842103,-0.1842105263157895,0.7315789473684211,-0.009774722,-0.3482369994823696,-0.0666887265316419,-1.141709938288154,0.2127713711307586,True,False,True
P380,MCMDC2,False,0.0736842105263158,0.29078947368421054,0.275,0.21710526315789475,0.19078947368421054,0.01578947368421052,0.0736842105263158,0.1,-0.255060993,0.04836877746765807,0.04273000681083369,0.0950072546216374,0.1015563103040146,True,True,True
P380,MCRS1,False,-0.11578947368421044,0.6355263157894737,0.6355263157894737,0.7513157894736842,0.7934210526315789,0.0,-0.11578947368421044,-0.1578947368421052,-0.071500728,-0.1855337787668899,-0.1588675708826401,-0.1884900153692857,-0.2484412302456313,False,False,False
P380,MDC1,False,0.02894736842105261,0.9855263157894737,0.9539473684210527,0.9986842105263158,0.9565789473684211,0.03157894736842104,-0.013157894736842146,0.02894736842105261,-0.199962878,-1.246823663522221,-0.7646969290767456,-1.920260159025724,-0.7366324161086268,True,False,True
P380,MEAF6,False,-0.10263157894736852,0.7881578947368421,0.9776315789473684,0.006578947368421052,0.8907894736842106,-0.18947368421052635,0.781578947368421,-0.10263157894736852,-0.195549245,-0.3206276196838069,-0.9134809797626562,0.4394711425254048,-0.4138084589097281,False,True,False
P380,MEIOB,False,-0.034210526315789413,0.4697368421052632,0.5039473684210526,0.8802631578947369,0.2802631578947368,-0.034210526315789413,-0.4105263157894737,0.18947368421052635,-0.187347245,-0.06101899106380993,-0.08813025287805958,-0.3808043252619447,0.0504885720121422,False,False,True
P380,MEN1,False,0.7078947368421054,0.9565789473684211,0.8828947368421053,0.1118421052631579,0.24868421052631579,0.0736842105263158,0.8447368421052632,0.7078947368421054,0.0,-0.8731699371259635,-0.4787830359506951,0.1709659760663362,0.0647750351156462,True,True,True
P380,MGME1,False,-0.1289473684210526,0.5197368421052632,0.6486842105263158,0.7934210526315789,0.45394736842105265,-0.1289473684210526,-0.27368421052631575,0.06578947368421051,-0.164454862,-0.09374799247667212,-0.1693387270962032,-0.2280523985635911,-0.0253320968960038,False,False,True
P380,MGMT,False,-0.05526315789473679,0.6776315789473685,0.7328947368421053,0.5328947368421053,0.775,-0.05526315789473679,0.14473684210526316,-0.09736842105263155,-0.036632024,-0.2207585216685589,-0.246475214107682,-0.06997474507114394,-0.2318988030488483,False,True,False
P380,MLH1,False,0.039473684210526216,0.8223684210526315,0.7828947368421053,0.475,0.7855263157894737,0.039473684210526216,0.34736842105263155,0.03684210526315779,0.0,-0.3864588122379091,-0.3223171948902206,-0.03849844197917059,-0.2417815890677726,True,True,True
P380,MLH3,False,-0.10526315789473681,0.24342105263157895,0.34868421052631576,0.05921052631578947,0.6276315789473684,-0.10526315789473681,0.1842105263157895,-0.38421052631578945,-0.12128774,0.08375166206441964,-0.001342933226815848,0.2224484190209426,-0.115760510700574,False,True,False
P380,MORF4L1,False,0.3631578947368421,0.7802631578947369,0.41710526315789476,0.45657894736842103,0.1986842105263158,0.3631578947368421,0.32368421052631585,0.5815789473684211,0.0,-0.3172074254349164,-0.04058963769856083,-0.03149072856293378,0.09962625247321735,True,True,True
P380,MORF4L2,False,-0.3578947368421052,0.35657894736842105,0.7144736842105263,0.7855263157894737,0.5671052631578948,-0.3578947368421052,-0.4289473684210527,-0.21052631578947373,-0.224263464,0.006795635078661544,-0.224637680836707,-0.2239085676767362,-0.09204491717884149,False,False,False
P380,MPG,False,0.09473684210526315,0.3013157894736842,0.09605263157894736,0.6460526315789473,0.20657894736842106,0.20526315789473684,-0.3447368421052631,0.09473684210526315,-0.037810516,0.04098278548489395,0.1771876041581111,-0.1212790785721151,0.092931733043159,True,False,True
P380,MRGBP,False,0.8315789473684211,0.8539473684210527,0.9460526315789474,0.009210526315789473,0.02236842105263158,-0.09210526315789469,0.8447368421052632,0.8315789473684211,-0.055048916,-0.4731682412088064,-0.6911981475859004,0.4059321966902411,0.3162761319615655,False,True,True
P380,MSH2,False,-0.15526315789473683,0.42236842105263156,0.6513157894736842,0.09868421052631579,0.5776315789473684,-0.22894736842105262,0.3236842105263158,-0.15526315789473683,-0.995003157,-0.04105245422897066,-0.1705607351228605,0.1797891779758762,-0.09553759428351846,False,True,False
P380,MSH3,False,-0.11315789473684212,0.2618421052631579,0.375,0.3539473684210526,0.4776315789473684,-0.11315789473684212,-0.09210526315789475,-0.21578947368421053,0.0,0.07062009110204315,-0.01871915003169411,0.01778750678185581,-0.03514755441908024,False,False,False
P380,MSH4,False,0.06578947368421051,0.6513157894736842,0.45394736842105265,0.6039473684210527,0.5855263157894737,0.19736842105263153,0.047368421052631504,0.06578947368421051,0.0,-0.1956890935974228,-0.06250714512363498,-0.1011811235518427,-0.09996246845563157,True,True,True
P380,MSH5,False,-0.06842105263157894,0.3960526315789474,0.4644736842105263,0.48026315789473684,0.3381578947368421,-0.06842105263157894,-0.08421052631578946,0.05789473684210528,-0.36362795,-0.02708609730109579,-0.0628249447272764,-0.03891816843596688,0.03164942423218001,False,False,True
P380,MSH6,False,-0.14473684210526316,0.37236842105263157,0.2381578947368421,0.5565789473684211,0.5171052631578947,0.13421052631578947,-0.1842105263157895,-0.14473684210526316,-0.177170737,-0.0003266228562600199,0.06472078632225149,-0.07882537798805375,-0.06200099839197677,True,False,False
P380,MUM1,False,-0.05789473684210528,0.33289473684210524,0.45657894736842103,0.3907894736842105,0.02763157894736842,-0.12368421052631579,-0.05789473684210528,0.30526315789473685,-0.721669946,0.02336037907425285,-0.06269501358300762,-0.004873204916345276,0.2943649703773034,False,False,True
P380,MUS81,False,0.25526315789473686,0.7855263157894737,0.3223684210526316,0.5302631578947369,0.7671052631578947,0.46315789473684216,0.25526315789473686,0.018421052631579005,-0.136812796,-0.3205293744096845,0.007509424021019992,-0.06249489162814988,-0.2252067018887653,True,True,True
P380,MUTYH,False,0.007894736842105288,0.975,0.975,0.9197368421052632,0.9671052631578947,0.0,0.05526315789473679,0.007894736842105288,-0.566984776,-1.153656733411706,-0.9004134106650524,-0.5002579906958653,-0.8814482332389011,False,True,True
P380,NABP1,False,-0.12105263157894741,0.5881578947368421,0.7092105263157895,0.5644736842105263,0.8486842105263158,-0.12105263157894741,0.023684210526315752,-0.2605263157894737,0.0,-0.1490915829897584,-0.2234637653338913,-0.08574295464560337,-0.3277970216977973,False,True,False
P380,NDNL2,False,-0.010526315789473606,0.7118421052631579,0.7223684210526315,0.8355263157894737,0.4644736842105263,-0.010526315789473606,-0.12368421052631573,0.24736842105263163,-0.205559462,-0.256187965636284,-0.2324352321920887,-0.2872524134746092,-0.03133919399960632,False,False,True
P380,NEIL1,False,0.21842105263157896,0.41710526315789476,0.40131578947368424,0.1986842105263158,0.08026315789473684,0.01578947368421052,0.21842105263157896,0.33684210526315794,0.0,-0.039530823188669,-0.02922381650760197,0.09915303589315552,0.2048019215215029,True,True,True
P380,NEIL2,False,-0.16315789473684209,0.13289473684210526,0.2513157894736842,0.29605263157894735,0.575,-0.11842105263157895,-0.16315789473684209,-0.44210526315789467,-0.132685766,0.1984106476475631,0.05619255067651589,0.04683664149771896,-0.09400858507320375,False,False,False
P380,NEIL3,False,0.39999999999999997,0.6907894736842105,0.29078947368421054,0.49605263157894736,0.2618421052631579,0.39999999999999997,0.19473684210526315,0.42894736842105263,-0.006425477,-0.239963650542658,0.0315486125109854,-0.04729831980890668,0.05663715882005901,True,True,True
P380,NFRKB,False,-0.02894736842105261,0.8671052631578947,0.7907894736842105,0.8960526315789473,0.993421052631579,0.07631578947368423,-0.02894736842105261,-0.12631578947368427,-0.882237741,-0.5018358975048839,-0.3267279159881102,-0.394967023798628,-1.427337791979127,True,False,False
P380,NHEJ1,False,0.02894736842105261,0.8486842105263158,0.925,0.8197368421052632,0.6907894736842105,-0.07631578947368423,0.02894736842105261,0.1578947368421053,-0.154582705,-0.4570401315737015,-0.5731011917327624,-0.2534438065521283,-0.1606758786444489,False,True,True
P380,NIPBL,False,-0.6710526315789473,0.011842105263157895,0.09342105263157895,0.6828947368421052,0.8092105263157895,-0.08157894736842106,-0.6710526315789473,-0.7973684210526316,-0.090945637,0.5288194193078338,0.1787409970027379,-0.1384636265703726,-0.2662449115172973,False,False,False
P380,NONO,False,0.0368421052631579,0.8960526315789473,0.09868421052631579,0.8592105263157894,0.9171052631578948,0.7973684210526315,0.0368421052631579,-0.021052631578947434,0.0,-0.6084368424410207,0.1754618672849957,-0.3395773071862515,-0.4753553630461019,True,True,False
P380,NPAS2,False,0.023684210526315808,0.22763157894736843,0.33026315789473687,0.017105263157894738,0.20394736842105263,-0.10263157894736843,0.2105263157894737,0.023684210526315808,-0.015971259,0.0929099602823178,0.005262651448974864,0.292856918488145,0.09322253827369933,False,True,True
P380,NPM1,False,0.38421052631578945,0.593421052631579,0.06447368421052632,0.20921052631578949,0.8618421052631579,0.5289473684210526,0.38421052631578945,-0.2684210526315789,-0.320856978,-0.1625702739591694,0.2043130582329051,0.09670990796800019,-0.3440218337398552,True,True,False
P380,NSMCE2,False,0.4842105263157895,0.7355263157894737,0.6092105263157894,0.2513157894736842,0.014473684210526316,0.12631578947368427,0.4842105263157895,0.7210526315789474,-0.169890392,-0.2777767346633849,-0.1323214121756086,0.0719666675083211,0.3318291261421251,True,True,True
P380,NSMCE4A,False,0.023684210526315863,0.7460526315789474,0.7381578947368421,0.7223684210526315,0.625,0.007894736842105288,0.023684210526315863,0.12105263157894741,0.0,-0.2834693097765162,-0.260684955881326,-0.1711202886328945,-0.1149294817310785,True,True,True
P380,NTHL1,False,0.1973684210526316,0.40131578947368424,0.10657894736842105,0.20394736842105263,0.2644736842105263,0.2947368421052632,0.1973684210526316,0.13684210526315793,-0.093092308,-0.02789572211227695,0.171296603357777,0.09801570144627383,0.05560740396640199,True,True,True
P380,NUCKS1,False,0.2526315789473684,0.5039473684210526,0.34342105263157896,0.07763157894736843,0.2513157894736842,0.16052631578947363,0.42631578947368415,0.2526315789473684,-0.096668647,-0.08963725372181441,0.001240918421328452,0.1940022754515389,0.06347224622999592,True,True,True
P380,NUDT1,False,0.16052631578947368,0.3592105263157895,0.1986842105263158,0.17763157894736842,0.22236842105263158,0.16052631578947368,0.18157894736842106,0.1368421052631579,0.0,0.006473372351061712,0.09294897777455194,0.1105728339901801,0.07515387650123347,True,True,True
P380,NUDT16,False,-0.0052631578947368585,0.6697368421052632,0.5986842105263158,0.675,0.8065789473684211,0.07105263157894737,-0.0052631578947368585,-0.13684210526315788,0.0,-0.2128292445678179,-0.1311724511491112,-0.1354853497452038,-0.262842501027414,True,False,False
P380,NUDT16L1,False,-0.11052631578947367,0.14868421052631578,0.3907894736842105,0.1881578947368421,0.25921052631578945,-0.24210526315789474,-0.03947368421052633,-0.11052631578947367,0.0,0.1670001800854507,-0.02367437965793506,0.1031097606585301,0.05715307391475211,False,False,False
P380,OBFC1,False,-0.4842105263157895,0.2513157894736842,0.7776315789473685,0.5855263157894737,0.7355263157894737,-0.5263157894736843,-0.33421052631578946,-0.4842105263157895,-0.564298339,0.07979966459867043,-0.3158509155228418,-0.0940718622429489,-0.1967792421685005,False,False,False
P380,OGG1,False,0.13157894736842102,0.4381578947368421,0.30657894736842106,0.40921052631578947,0.29342105263157897,0.13157894736842102,0.02894736842105261,0.1447368421052631,-0.071294253,-0.04704437455742012,0.02303472424073494,-0.01762442553080815,0.04710701705838449,True,True,True
P380,OTUB1,False,0.1947368421052632,0.9486842105263158,0.7539473684210526,0.6407894736842106,0.8697368421052631,0.1947368421052632,0.3078947368421052,0.07894736842105265,-0.378512364,-0.7768008986683559,-0.27467749437303,-0.1187291161635041,-0.350446982983911,True,True,True
P380,PAGR1,False,-0.15263157894736842,0.09078947368421053,0.07236842105263158,0.24342105263157895,0.4328947368421053,0.01842105263157895,-0.15263157894736842,-0.34210526315789475,-0.116294636,0.2390722307870445,0.2003528812614954,0.07514139322518978,-0.01994426881530635,True,False,False
P380,PAPD7,False,-0.24210526315789474,0.24078947368421053,0.48289473684210527,0.5592105263157895,0.45921052631578946,-0.24210526315789474,-0.31842105263157894,-0.21842105263157893,-0.396676612,0.08444522350181523,-0.07471675650774681,-0.08372449059869158,-0.02792870586911504,False,False,False
P380,PARG,False,-0.35,0.38026315789473686,0.6697368421052632,0.8144736842105263,0.7302631578947368,-0.2894736842105263,-0.4342105263157895,-0.35,0.0,-0.0102414667125393,-0.1930475947191714,-0.2487747527928172,-0.1894997971874511,False,False,False
P380,PARP1,False,0.021052631578947323,0.9828947368421053,0.9881578947368421,0.9618421052631579,0.725,-0.0052631578947368585,0.021052631578947323,0.2578947368421053,-0.115063531,-1.212357324418439,-1.020451014742789,-0.7590083229913382,-0.1833844569311218,False,True,True
P380,PARP10,False,-0.09473684210526312,0.2565789473684211,0.3513157894736842,0.3223684210526316,0.5355263157894737,-0.09473684210526312,-0.06578947368421051,-0.27894736842105267,-0.045760626,0.07604453343799764,-0.001606224810734837,0.0368471713350873,-0.08100038793079663,False,False,False
P380,PARP2,False,0.12368421052631584,0.775,0.6328947368421053,0.6513157894736842,0.7539473684210526,0.14210526315789473,0.12368421052631584,0.021052631578947434,0.0,-0.306948002997281,-0.1569537413328835,-0.1263418720677958,-0.2079855311465411,True,True,True
P380,PARP4,False,-0.1394736842105263,0.4486842105263158,0.5881578947368421,0.7486842105263158,0.5565789473684211,-0.1394736842105263,-0.30000000000000004,-0.10789473684210527,0.0,-0.05210550706583784,-0.1298799979662491,-0.1809318900415574,-0.0885873676333097,False,False,False
P380,PARP9,False,-0.19210526315789467,0.5302631578947369,0.5513157894736842,0.8460526315789474,0.7223684210526315,-0.021052631578947323,-0.3157894736842105,-0.19210526315789467,-0.184186894,-0.1048033403734152,-0.1061486194282518,-0.312626317361222,-0.1825711280893234,False,False,False
P380,PARPBP,False,-0.19473684210526315,0.2118421052631579,0.40657894736842104,0.7144736842105263,0.3118421052631579,-0.19473684210526315,-0.5026315789473683,-0.10000000000000003,0.0,0.1046354799832077,-0.03019493504500852,-0.1641449317548317,0.04260139586913692,False,False,False
P380,PAXIP1,False,0.09999999999999998,0.8592105263157894,0.5618421052631579,0.7592105263157894,0.875,0.2973684210526315,0.09999999999999998,-0.015789473684210575,-0.065410833,-0.4927032005795115,-0.1110820310632095,-0.1958959284159242,-0.3507853039364729,True,True,False
P380,PDS5A,False,0.01842105263157895,0.1881578947368421,0.20921052631578949,0.08026315789473684,0.16973684210526316,-0.02105263157894738,0.10789473684210527,0.01842105263157895,0.0,0.1286291338006739,0.08834409198232507,0.1919529919720085,0.1167024972709549,False,True,True
P380,PDS5B,False,0.12631578947368427,0.5671052631578948,0.4407894736842105,0.12763157894736843,0.8407894736842105,0.12631578947368427,0.43947368421052635,-0.27368421052631575,0.0,-0.130000975488901,-0.05961127156787931,0.1608112533908891,-0.3173735568046527,True,True,False
P380,PIF1,False,-0.8736842105263157,0.09605263157894736,0.035526315789473684,0.9697368421052631,0.9723684210526315,0.06052631578947368,-0.8736842105263157,-0.8763157894736842,-0.544424052,0.2373098990373148,0.2472074464363471,-0.8186999173879601,-0.9114656829096213,True,False,False
P380,PML,False,0.060526315789473706,0.275,0.056578947368421055,0.21447368421052632,0.44605263157894737,0.21842105263157896,0.060526315789473706,-0.17105263157894735,0.0,0.06196164956719086,0.2122683568070315,0.09535448905625779,-0.02401857706923908,True,True,False
P380,PMS1,False,0.15526315789473683,0.31973684210526315,0.36973684210526314,0.06447368421052632,0.16447368421052633,-0.04999999999999999,0.25526315789473686,0.15526315789473683,-0.189197246,0.03156506113670613,-0.01717909728322227,0.2108904840491679,0.1202354531980466,False,True,True
P380,PMS2,False,-0.36578947368421055,0.15394736842105264,0.3618421052631579,0.7671052631578947,0.5197368421052632,-0.20789473684210527,-0.6131578947368421,-0.36578947368421055,-0.021902118,0.1646687327407017,-0.01200632945185079,-0.2027196061155273,-0.06744279499798131,False,False,False
P380,PNKP,False,0.04210526315789476,0.8013157894736842,0.9118421052631579,0.5671052631578948,0.7592105263157894,-0.1105263157894737,0.23421052631578942,0.04210526315789476,0.0,-0.3398966698931581,-0.5355974602106721,-0.08767983971937987,-0.2169656090346834,False,True,True
P380,POLB,False,0.18157894736842106,0.3223684210526316,0.25394736842105264,0.08289473684210526,0.14078947368421052,0.06842105263157894,0.23947368421052634,0.18157894736842106,0.0,0.02838357101585309,0.05612975218318746,0.1898687454052347,0.148893562389843,True,True,True
P380,POLD4,False,0.021052631578947323,0.6855263157894737,0.6644736842105263,0.575,0.743421052631579,0.021052631578947323,0.1105263157894737,-0.05789473684210533,0.0,-0.2267636144354214,-0.1827100420280082,-0.08860829126262595,-0.1999419795750573,True,True,False
P380,POLG,False,0.15263157894736845,0.8855263157894737,0.9355263157894737,0.325,0.7328947368421053,-0.04999999999999993,0.5605263157894738,0.15263157894736845,0.0,-0.5398833080853627,-0.6045967370303653,0.03612001888093792,-0.1909432827900079,False,True,True
P380,POLG2,False,0.731578947368421,0.7618421052631579,0.8276315789473684,0.030263157894736843,0.0013157894736842105,-0.06578947368421051,0.731578947368421,0.7605263157894737,-0.325768684,-0.2987819212348332,-0.3903176492037281,0.2712726780597084,0.7250001879328754,False,True,True
P380,POLH,False,-0.20526315789473687,0.32763157894736844,0.5328947368421053,0.7276315789473684,0.4934210526315789,-0.20526315789473687,-0.39999999999999997,-0.1657894736842105,0.0,0.02504180846790804,-0.09747216178442061,-0.1730004100221985,-0.05324560992333685,False,False,False
P380,POLI,False,0.09210526315789477,0.33026315789473687,0.24605263157894736,0.16447368421052633,0.2381578947368421,0.08421052631578951,0.16578947368421054,0.09210526315789477,0.0,0.02372428247518171,0.06320896585288367,0.1230550788738262,0.06870311815174576,True,True,True
P380,POLK,False,-0.1894736842105263,0.3618421052631579,0.7407894736842106,0.5092105263157894,0.5513157894736842,-0.37894736842105264,-0.14736842105263154,-0.1894736842105263,-0.090306099,0.00499850527939142,-0.263301113446766,-0.05113230078824686,-0.08796821101010766,False,False,False
P380,POLL,False,0.04999999999999993,0.9671052631578947,0.9723684210526315,0.9171052631578948,0.48289473684210527,-0.0052631578947368585,0.04999999999999993,0.4842105263157894,0.0,-1.057053150982095,-0.8804288160051017,-0.496190213059025,-0.04269720885995273,False,True,True
P380,POLQ,False,0.7078947368421054,0.9986842105263158,0.2855263157894737,0.8092105263157895,0.29078947368421054,0.7131578947368422,0.18947368421052635,0.7078947368421054,-0.240900744,-2.640176515847641,0.03631779164452128,-0.2462030391575052,0.04884361049948183,True,True,True
P380,POLR2L,False,-0.3263157894736842,0.19078947368421054,0.49605263157894736,0.5171052631578947,0.9355263157894737,-0.3052631578947368,-0.3263157894736842,-0.7447368421052631,0.0,0.1246079758841887,-0.08601658093316515,-0.05884321120596973,-0.5670631514437683,False,False,False
P380,PPP4C,False,0.2710526315789473,0.9381578947368421,0.6671052631578948,0.525,0.9539473684210527,0.2710526315789473,0.41315789473684206,-0.015789473684210575,-0.394248584,-0.7476027707337648,-0.1851690816441936,-0.06057596626922557,-0.7160023541005897,True,True,False
P380,PPP4R2,False,-0.2578947368421053,0.1013157894736842,0.3592105263157895,0.29078947368421054,0.9697368421052631,-0.2578947368421053,-0.18947368421052635,-0.8684210526315789,0.0,0.235984676729839,-0.009502615589014773,0.04829439768750987,-0.8875931285443196,False,False,False
P380,PPP5C,False,-0.13157894736842102,0.325,0.17763157894736842,0.5828947368421052,0.45657894736842103,0.1473684210526316,-0.25789473684210523,-0.13157894736842102,-0.077775911,0.02774476112351065,0.1026247704360352,-0.09163743145815777,-0.02624842734106651,True,False,False
P380,PRDM9,False,-0.06052631578947368,0.18026315789473685,0.24078947368421053,0.6092105263157894,0.225,-0.06052631578947368,-0.4289473684210526,-0.04473684210526316,-0.12273456,0.1346521014015655,0.06436814426232902,-0.1017130744355774,0.07425441109474325,False,False,False
P380,PRIMPOL,False,0.23421052631578948,0.5644736842105263,0.125,0.36447368421052634,0.33026315789473687,0.43947368421052635,0.2,0.23421052631578948,-0.002044561,-0.1297891994128123,0.1502352974761013,0.008357356322505297,0.03479636787937827,True,True,True
P380,PRKCG,False,-0.02105263157894737,0.02236842105263158,0.04342105263157895,0.225,0.03289473684210526,-0.02105263157894737,-0.20263157894736844,-0.010526315789473682,-0.122502064,0.4341360059497844,0.2332708929998841,0.08570665910484172,0.2699311971663961,False,False,False
P380,PRMT6,False,0.04473684210526313,0.5144736842105263,0.4697368421052632,0.30394736842105263,0.6013157894736842,0.04473684210526313,0.21052631578947367,-0.08684210526315794,-0.383316776,-0.09252739868895744,-0.06470353353928522,0.04321716826343236,-0.1059492785728882,True,True,False
P380,PSME4,False,-0.013157894736842105,0.06184210526315789,0.075,0.0013157894736842105,0.24342105263157895,-0.013157894736842105,0.060526315789473685,-0.18157894736842106,-0.552407687,0.3262913455259548,0.1928445870833486,0.6077080146148495,0.06678428083674721,False,True,False
P380,RAB43,False,-0.03157894736842104,0.7039473684210527,0.6802631578947368,0.7355263157894737,0.8671052631578947,0.023684210526315863,-0.03157894736842104,-0.16315789473684206,0.0,-0.2491015712445122,-0.1994916420848726,-0.1768064259449733,-0.349771965199913,True,False,False
P380,RAD1,False,-0.2789473684210526,0.5697368421052632,0.8486842105263158,0.9460526315789474,0.34868421052631576,-0.2789473684210526,-0.37631578947368416,0.22105263157894744,-0.539784258,-0.1340798519691426,-0.4283175524543239,-0.6238544678985087,0.02197092524513285,False,False,True
P380,RAD18,False,-0.10263157894736841,0.21710526315789475,0.8144736842105263,0.05394736842105263,0.31973684210526315,-0.5973684210526315,0.1631578947368421,-0.10263157894736841,0.0,0.09929109557465754,-0.3803463659770494,0.2317304579779272,0.04206904941082076,False,True,False
P380,RAD21,False,-0.25263157894736843,0.4407894736842105,0.39342105263157895,0.6934210526315789,0.9486842105263158,0.04736842105263156,-0.25263157894736843,-0.5078947368421053,0.0,-0.04725308777276149,-0.02714055670989464,-0.1470072467186377,-0.7009846363899941,True,False,False
P380,RAD21L1,False,-0.013157894736842105,0.046052631578947366,0.19342105263157894,0.03289473684210526,0.05921052631578947,-0.14736842105263157,0.013157894736842105,-0.013157894736842105,-0.187925935,0.336178209469271,0.09507058526169561,0.2665299595147642,0.2293770684368031,False,True,False
P380,RAD23A,False,-0.36578947368421055,0.03289473684210526,0.009210526315789473,0.43026315789473685,0.3986842105263158,0.023684210526315787,-0.3973684210526316,-0.36578947368421055,-0.148135594,0.3836310523615366,0.4778803673961337,-0.02472699885096944,-0.004743376923441012,True,False,False
P380,RAD23B,False,0.06052631578947376,0.8171052631578948,0.756578947368421,0.45921052631578946,0.8723684210526316,0.06052631578947376,0.3578947368421053,-0.05526315789473679,0.0,-0.3675312639318862,-0.2778084045727291,-0.03188970146470889,-0.3506778287126289,True,True,False
P380,RAD50,False,0.03421052631578947,0.9513157894736842,0.9171052631578948,0.9513157894736842,0.6828947368421052,0.03421052631578947,0.0,0.268421052631579,-0.475314724,-0.7796591588006633,-0.5482852327411438,-0.7024242352606801,-0.1576047119857356,True,False,True
P380,RAD51AP1,False,-0.3078947368421053,0.3907894736842105,0.8197368421052632,0.6986842105263158,0.5460526315789473,-0.4289473684210527,-0.3078947368421053,-0.15526315789473683,0.0,-0.02462314181298971,-0.3873143523825284,-0.1488480926584727,-0.08382619694076698,False,False,False
P380,RAD51B,False,0.015789473684210575,0.9960526315789474,0.9828947368421053,0.9802631578947368,0.525,0.013157894736842146,0.015789473684210575,0.4710526315789474,-0.184070715,-1.729264179681142,-0.985189859161968,-1.123963667849686,-0.07292011878767068,True,True,True
P380,RAD51D,False,-0.018421052631579005,0.9328947368421052,0.9513157894736842,0.975,0.7802631578947369,-0.018421052631579005,-0.04210526315789476,0.15263157894736834,-0.617917546,-0.7390470636484583,-0.7534471525695502,-1.039534853066426,-0.2377519852519545,False,False,True
P380,RAD54B,False,-0.19473684210526318,0.1513157894736842,0.3460526315789474,0.8013157894736842,0.26710526315789473,-0.19473684210526318,-0.65,-0.11578947368421053,0.0,0.1661285085917431,-0.001276256989087773,-0.2399609864423112,0.05504864856343458,False,False,False
P380,RAD54L,False,-0.14473684210526316,0.7302631578947368,0.875,0.9328947368421052,0.375,-0.14473684210526316,-0.20263157894736838,0.35526315789473684,0.0,-0.2761845510469937,-0.4682806611770688,-0.5467644075464287,0.008633124360454929,False,False,True
P380,RAD9B,False,0.1657894736842105,0.9697368421052631,0.8039473684210526,0.3671052631578947,0.8934210526315789,0.1657894736842105,0.6026315789473684,0.07631578947368423,-0.857134952,-1.097579611699346,-0.3559486076976455,0.008246396260186195,-0.4242879620221252,True,True,True
P380,RCHY1,False,0.2868421052631579,0.825,0.7855263157894737,0.425,0.5381578947368421,0.039473684210526216,0.39999999999999997,0.2868421052631579,0.0,-0.4098577638321503,-0.3225033457406667,-0.02393639987146597,-0.08143296180229553,True,True,True
P380,REC8,False,0.23684210526315788,0.38552631578947366,0.49078947368421055,0.1355263157894737,0.14868421052631578,-0.10526315789473689,0.24999999999999997,0.23684210526315788,0.0,-0.01568084406237955,-0.08449235611957251,0.1464931698913592,0.1454605863880225,False,True,True
P380,RECQL,False,-0.06578947368421051,0.12763157894736843,0.06973684210526315,0.5223684210526316,0.19342105263157894,0.05789473684210528,-0.39473684210526316,-0.06578947368421051,-0.114059735,0.2000814478637851,0.2008098525452221,-0.0605176260350094,0.1013765878519964,True,False,False
P380,RECQL5,False,-0.08157894736842106,0.16710526315789473,0.24868421052631579,0.25921052631578945,0.10394736842105264,-0.08157894736842106,-0.09210526315789472,0.0631578947368421,-0.818881144,0.1430285982569166,0.05792915298231806,0.0669702234189935,0.1753400182353563,False,False,True
P380,REV1,False,-0.28421052631578947,0.4881578947368421,0.5802631578947368,0.9223684210526316,0.7723684210526316,-0.09210526315789469,-0.4342105263157895,-0.28421052631578947,-0.55471341,-0.07827738512485918,-0.1269925017330837,-0.5167762684409102,-0.230869746653321,False,False,False
P380,REV3L,False,0.18157894736842106,0.8802631578947369,0.675,0.8986842105263158,0.6986842105263158,0.20526315789473681,-0.018421052631578894,0.18157894736842106,0.0,-0.5342295512045667,-0.1954067898314623,-0.4051189060818975,-0.1696856906259154,True,False,True
P380,REXO4,False,0.1947368421052631,0.7276315789473684,0.44342105263157894,0.6013157894736842,0.5328947368421053,0.28421052631578947,0.12631578947368416,0.1947368421052631,-0.30833954,-0.2734257537165739,-0.05965971096443375,-0.09800733859153712,-0.0780442475258658,True,True,True
P380,RFWD3,False,-0.0052631578947368585,0.6092105263157894,0.6144736842105263,0.9118421052631579,0.3355263157894737,-0.0052631578947368585,-0.3026315789473685,0.27368421052631575,0.0,-0.1720065564479191,-0.1389566770843757,-0.4765390181301421,0.03212381836185596,False,False,True
P380,RHNO1,False,0.03947368421052633,0.9802631578947368,0.9407894736842105,0.9644736842105263,0.7486842105263158,0.03947368421052633,0.015789473684210575,0.231578947368421,-0.364218916,-1.209730114175151,-0.6428413263748973,-0.7726074319484632,-0.2022912238064398,True,True,True
P380,RIF1,False,-0.4,0.15921052631578947,0.003947368421052632,0.7723684210526316,0.5592105263157895,0.15526315789473683,-0.6131578947368421,-0.4,-0.211148309,0.1484630638708899,0.5120730666011851,-0.2109465468395807,-0.0894006209873049,True,False,False
P380,RMI1,False,-0.48684210526315785,0.09342105263157895,0.593421052631579,0.5802631578947368,0.32763157894736844,-0.5,-0.48684210526315785,-0.23421052631578948,0.0,0.2385519775732458,-0.1302392548537831,-0.09126587648515964,0.0350258703335764,False,False,False
P380,RMI2,False,-0.581578947368421,0.14605263157894738,0.8013157894736842,0.5960526315789474,0.7276315789473684,-0.6552631578947368,-0.45,-0.581578947368421,-0.69942997,0.1724117720386425,-0.3447145167939681,-0.09684346450570036,-0.1869694641333002,False,False,False
P380,RNASEH2A,False,0.013157894736842035,0.725,0.6592105263157895,0.8276315789473684,0.7118421052631579,0.06578947368421051,-0.10263157894736841,0.013157894736842035,-0.445610362,-0.2718187244912698,-0.1760554248428129,-0.2623423685453489,-0.1756583816980347,True,False,True
P380,RNF111,False,0.16315789473684217,0.675,0.5118421052631579,0.32763157894736844,0.9276315789473685,0.16315789473684217,0.3473684210526316,-0.25263157894736843,-0.209043035,-0.2200901369309246,-0.08897927902977276,0.0355894124740416,-0.5397983962275074,True,True,False
P380,RNF138,False,-0.2631578947368421,0.07763157894736843,0.34078947368421053,0.6802631578947368,0.3223684210526316,-0.2631578947368421,-0.6026315789473684,-0.24473684210526314,-0.223004786,0.2866152040997894,0.001769626648062683,-0.1374054832061011,0.03900272522682526,False,False,False
P380,RNF168,False,-0.5394736842105263,0.4144736842105263,0.9697368421052631,0.9539473684210527,0.1118421052631579,-0.5552631578947368,-0.5394736842105263,0.3026315789473684,0.0,-0.03904539077672794,-0.8783410180574943,-0.7286230050441176,0.1733328437557997,False,False,True
P380,RNF169,False,-0.20263157894736838,0.30657894736842106,0.08026315789473684,0.725,0.5092105263157894,0.22631578947368422,-0.4184210526315789,-0.20263157894736838,-0.075356292,0.04028605812084167,0.1915823955890805,-0.1727249483456306,-0.0601941668739685,True,False,False
P380,RNF8,True,-0.14473684210526316,0.8276315789473684,0.9986842105263158,0.9723684210526315,0.9302631578947368,-0.17105263157894746,-0.14473684210526316,-0.10263157894736841,-1.00248375,-0.414602888592106,-2.755723271270231,-0.9276603040430118,-0.5460889057116148,False,False,False
P380,RPA4,False,0.19473684210526315,0.48026315789473684,0.14605263157894738,0.2855263157894737,0.4881578947368421,0.33421052631578946,0.19473684210526315,-0.007894736842105288,-0.133044892,-0.07037319062586325,0.1240076040001976,0.05161186712232817,-0.05009095635703426,True,True,False
P380,RRM2B,False,0.27631578947368424,0.6013157894736842,0.325,0.4776315789473684,0.3013157894736842,0.27631578947368424,0.12368421052631584,0.30000000000000004,0.0,-0.1672964639092958,0.00711053761132726,-0.03875798996051394,0.04459694921638935,True,True,True
P380,RTEL1,False,0.0,0.9013157894736842,0.6618421052631579,0.9013157894736842,0.9776315789473684,0.23947368421052628,0.0,-0.07631578947368423,0.0,-0.637243660285995,-0.1802754587650751,-0.4331643659487803,-0.9471640184065759,True,False,False
P380,SAMHD1,False,-0.6236842105263157,0.025,0.05921052631578947,0.6486842105263158,0.9407894736842105,-0.03421052631578947,-0.6236842105263157,-0.9157894736842105,0.0,0.4088145516884868,0.2087786280931413,-0.1260511100346594,-0.612322913404035,False,False,False
P380,SETD2,False,-0.15263157894736842,0.20394736842105263,0.35657894736842105,0.18026315789473685,0.675,-0.15263157894736842,0.02368421052631578,-0.4710526315789474,-0.734118634,0.1081319582697031,-0.007019836975335222,0.1091872509364628,-0.1479001693929973,False,True,False
P380,SETMAR,False,0.15526315789473683,0.4276315789473684,0.14342105263157895,0.2723684210526316,0.6802631578947368,0.28421052631578947,0.15526315789473683,-0.2526315789473684,0.0,-0.04412076804086788,0.1288866379788249,0.05396800926564094,-0.1575824378029276,True,True,False
P380,SETX,False,0.3342105263157895,0.7065789473684211,0.3881578947368421,0.2776315789473684,0.37236842105263157,0.318421052631579,0.4289473684210527,0.3342105263157895,0.0,-0.2518738335828911,-0.02223060513807902,0.05337082649490407,0.01031465302167747,True,True,True
P380,SFR1,False,0.25526315789473686,0.7828947368421053,0.5276315789473685,0.756578947368421,0.1618421052631579,0.25526315789473686,0.026315789473684292,0.6210526315789474,-0.325114387,-0.3188997111125185,-0.09634192705767605,-0.1954810382907978,0.1270044549090514,True,True,True
P380,SHPRH,False,0.23947368421052634,0.6276315789473684,0.5013157894736842,0.3881578947368421,0.04342105263157895,0.12631578947368427,0.23947368421052634,0.5842105263157895,-0.372350213,-0.180551434991715,-0.08671055751184209,-0.004724801172496591,0.2647848143718329,True,True,True
P380,SIRT1,False,0.4000000000000001,0.8197368421052632,0.5171052631578947,0.04868421052631579,0.41973684210526313,0.3026315789473685,0.7710526315789474,0.4000000000000001,0.0,-0.3696910309713533,-0.09213674430127217,0.2346256857451801,-0.01586115352078554,True,True,True
P380,SIRT6,False,-0.30000000000000004,0.2644736842105263,0.5644736842105263,0.5118421052631579,0.8828947368421053,-0.30000000000000004,-0.24736842105263157,-0.618421052631579,-0.398202391,0.06839993532716404,-0.1225603968076152,-0.05369820839040577,-0.363215178570778,False,False,False
P380,SLC30A9,False,0.4184210526315789,0.5381578947368421,0.8381578947368421,0.11973684210526316,0.003947368421052632,-0.30000000000000004,0.4184210526315789,0.5342105263157895,-0.183532377,-0.1099131984700918,-0.412392458302078,0.1648339180389963,0.5089229663536128,False,True,True
P380,SLX1A,False,-0.04736842105263156,0.2723684210526316,0.38026315789473686,0.31973684210526315,0.11973684210526316,-0.10789473684210527,-0.04736842105263156,0.15263157894736845,-0.542115743,0.06532235711039722,-0.02094310368726878,0.0370828923605333,0.1627762657111728,False,False,True
P380,SLX4,False,-0.04210526315789473,0.1723684210526316,0.21447368421052632,0.04078947368421053,0.4513157894736842,-0.04210526315789473,0.13157894736842107,-0.2789473684210526,-0.295062931,0.1393044333899575,0.08650102516773472,0.2525387980902459,-0.02529359133399733,False,True,False
P380,SMARCAD1,False,-0.1763157894736842,0.175,0.15394736842105264,0.3513157894736842,0.38552631578947366,0.02105263157894735,-0.1763157894736842,-0.21052631578947367,-0.201842862,0.1385554559073333,0.1185556745183479,0.02010997255213098,0.003661973130306251,True,False,False
P380,SMARCAL1,False,-0.2657894736842106,0.5723684210526315,0.20657894736842106,0.8381578947368421,0.9907894736842106,0.36578947368421044,-0.2657894736842106,-0.418421052631579,-0.153691274,-0.1411653762328511,0.08876172836598592,-0.2873728284759345,-1.353205955218391,True,False,False
P380,SMC5,False,0.3894736842105263,0.8776315789473684,0.7881578947368421,0.4881578947368421,0.08289473684210526,0.08947368421052637,0.3894736842105263,0.7947368421052632,0.0,-0.5333549600924211,-0.3260348651317909,-0.04002096433302486,0.2042440155679978,True,True,True
P380,SMCHD1,False,-0.14473684210526316,0.5118421052631579,0.1355263157894737,0.7039473684210527,0.656578947368421,0.37631578947368416,-0.19210526315789478,-0.14473684210526316,0.0,-0.09178780203017345,0.1380045790681494,-0.1516955830918669,-0.1307534771879816,True,False,False
P380,SMEK2,False,-0.24473684210526317,0.09868421052631579,0.030263157894736843,0.3592105263157895,0.34342105263157896,0.06842105263157895,-0.2605263157894737,-0.24473684210526317,0.0,0.2371118842703145,0.2676334358449582,0.01261842878643711,0.02970404827967747,True,False,False
P380,SMG1,False,0.20526315789473684,0.3355263157894737,0.13026315789473683,0.14342105263157895,0.075,0.20526315789473684,0.19210526315789472,0.26052631578947366,-0.413889398,0.02204217430098761,0.1456008289890066,0.1430828958812406,0.2096383702592028,True,True,True
P380,SMUG1,False,-0.16842105263157897,0.11973684210526316,0.29605263157894735,0.2881578947368421,0.275,-0.1763157894736842,-0.16842105263157897,-0.15526315789473688,-0.485150795,0.2158645110190244,0.0294342175703924,0.04891509817965615,0.05222061891686102,False,False,False
P380,SPATA22,False,0.057894736842105256,0.06973684210526315,0.011842105263157895,0.07236842105263158,0.011842105263157895,0.057894736842105256,-0.0026315789473684292,0.057894736842105256,-0.336007479,0.3096967293077146,0.4589765427137117,0.1987632781779562,0.3566553789345784,True,False,True
P380,SPIDR,False,-0.10263157894736841,0.7407894736842106,0.5565789473684211,0.9302631578947368,0.843421052631579,0.1842105263157895,-0.18947368421052624,-0.10263157894736841,-0.149913636,-0.2799047494551754,-0.1062044641767506,-0.5300875991939332,-0.32561889528125,True,False,False
P380,SPIRE1,False,0.35789473684210527,0.48289473684210527,0.3118421052631579,0.10657894736842105,0.125,0.17105263157894735,0.3763157894736842,0.35789473684210527,-0.038917366,-0.07070114984576792,0.0204928742596621,0.1760053603760875,0.1591377935905975,True,True,True
P380,SPIRE2,False,0.2421052631578947,0.45657894736842103,0.12236842105263158,0.40131578947368424,0.21447368421052632,0.33421052631578946,0.05526315789473679,0.2421052631578947,0.0,-0.05673095800409866,0.1504643886488237,-0.01302437394873627,0.08596870327737884,True,True,True
P380,SPO11,False,0.3026315789473684,0.6881578947368421,0.38552631578947366,0.3144736842105263,0.3907894736842105,0.3026315789473684,0.3736842105263158,0.29736842105263156,0.0,-0.2337493851786327,-0.02191921593085559,0.03979009930716307,0.003374571206883264,True,True,True
P380,SPRTN,False,-0.01842105263157895,0.34078947368421053,0.5697368421052632,0.2355263157894737,0.3592105263157895,-0.22894736842105268,0.10526315789473684,-0.01842105263157895,0.0,0.01775748217060628,-0.123379695858523,0.07788281811256859,0.01885284935029663,False,True,False
P380,STRA13,False,-0.2710526315789474,0.425,0.7671052631578947,0.4986842105263158,0.6960526315789474,-0.34210526315789475,-0.0736842105263158,-0.2710526315789474,-0.346041014,-0.04204339826316725,-0.3064790880893569,-0.04906165641392517,-0.1680656867506984,False,False,False
P380,STUB1,False,-0.01842105263157895,0.038157894736842106,0.03289473684210526,0.15921052631578947,0.056578947368421055,0.005263157894736845,-0.12105263157894736,-0.01842105263157895,-0.291607234,0.3513806795779025,0.2485406563727819,0.1299654014952719,0.2390220175312425,True,False,False
P380,SUMO1,False,0.06842105263157894,0.6539473684210526,0.5855263157894737,0.7381578947368421,0.24078947368421053,0.06842105263157894,-0.08421052631578951,0.41315789473684206,-0.532046528,-0.1972327276432842,-0.1296902132211719,-0.177869906835677,0.06858895959126136,True,False,True
P380,SUV420H1,False,-0.7236842105263158,0.05131578947368421,0.5381578947368421,0.775,0.7986842105263158,-0.48684210526315785,-0.7236842105263158,-0.7473684210526316,0.0,0.3344882649878381,-0.09951877578584838,-0.2114004514135628,-0.2539420748893916,False,False,False
P380,SUV420H2,False,-0.01842105263157895,0.34868421052631576,0.2802631578947368,0.5276315789473685,0.3671052631578947,0.06842105263157894,-0.1789473684210527,-0.01842105263157895,0.0,0.009874334018660523,0.04105783939905076,-0.06070110850797465,0.01380768563754842,True,False,False
P380,SWI5,False,0.010526315789473717,0.9881578947368421,0.9960526315789474,0.9776315789473684,0.8855263157894737,-0.007894736842105288,0.010526315789473717,0.10263157894736841,0.0,-1.26121794223377,-1.519976563803023,-1.068748504878352,-0.3848788415190763,False,True,True
P380,SWSAP1,False,0.21578947368421053,0.756578947368421,0.4486842105263158,0.8907894736842106,0.5407894736842105,0.3078947368421052,-0.13421052631578956,0.21578947368421053,0.0,-0.2960821170618,-0.06099686552544625,-0.3922833652298984,-0.08229573333181683,True,False,True
P380,SYCP1,False,0.060526315789473706,0.4855263157894737,0.6986842105263158,0.34078947368421053,0.425,-0.2131578947368421,0.14473684210526316,0.060526315789473706,0.0,-0.07782871385364028,-0.2122329292764564,0.0278620815443967,-0.0181222621344029,False,True,True
P380,TAOK1,False,-0.2,0.08289473684210526,0.28289473684210525,0.7618421052631579,0.11447368421052631,-0.2,-0.6789473684210526,-0.031578947368421054,0.0,0.2528900117893464,0.03917142201350732,-0.1973457946723009,0.1696568910307503,False,False,False
P380,TCEA1,False,-0.23157894736842105,0.10657894736842105,0.3381578947368421,0.3460526315789474,0.18289473684210528,-0.23157894736842105,-0.23947368421052634,-0.07631578947368423,-0.037678923,0.2320817493732797,0.002598800595524274,0.02302786098691516,0.1039205287233879,False,False,False
P380,TDG,False,0.021052631578947323,0.625,0.6039473684210527,0.5486842105263158,0.7644736842105263,0.021052631578947323,0.07631578947368423,-0.1394736842105263,0.0,-0.1803952857571306,-0.1323110946930376,-0.0752029257738996,-0.2227229600181794,True,True,False
P380,TDP1,False,-0.08947368421052626,0.5960526315789474,0.6855263157894737,0.7013157894736842,0.6092105263157894,-0.08947368421052626,-0.10526315789473684,-0.013157894736842035,-0.238560948,-0.1642989430972534,-0.2038151214618299,-0.1508047539117759,-0.1119659780006644,False,False,False
P380,TDP2,False,0.039473684210526314,0.1618421052631579,0.2644736842105263,0.12236842105263158,0.07763157894736843,-0.10263157894736841,0.039473684210526314,0.08421052631578947,-0.481434871,0.1469582652715077,0.04996902023647716,0.1648115462895197,0.2087060395271467,False,True,True
P380,TERF2IP,False,-0.10263157894736841,0.3118421052631579,0.4144736842105263,0.19078947368421054,0.43026315789473685,-0.10263157894736841,0.12105263157894738,-0.11842105263157893,-0.489517278,0.03679447556696417,-0.03427105782530226,0.1027367559542839,-0.01983125252613416,False,True,False
P380,TEX12,False,-0.22894736842105262,0.05394736842105263,0.2565789473684211,0.7197368421052631,0.28289473684210525,-0.20263157894736844,-0.6657894736842105,-0.22894736842105262,0.0,0.3309413973520613,0.05547884983383729,-0.1694582118992519,0.04995545018330801,False,False,False
P380,TEX15,False,0.3,0.6986842105263158,0.3986842105263158,0.33026315789473687,0.49605263157894736,0.3,0.3684210526315789,0.20263157894736844,0.0,-0.248212171419985,-0.02831673493153246,0.0344358518147588,-0.05505738313978773,True,True,True
P380,TFPT,False,0.12631578947368416,0.9355263157894737,0.8092105263157895,0.5723684210526315,0.9986842105263158,0.12631578947368416,0.3631578947368421,-0.06315789473684219,-0.935628435,-0.7438610272225876,-0.3784696269221501,-0.08859524230017835,-1.900094278694839,True,True,False
P380,TMEM161A,False,0.0,0.6723684210526316,0.6723684210526316,0.6776315789473685,0.4355263157894737,0.0,-0.0052631578947368585,0.2368421052631579,0.0,-0.2168302107229058,-0.1949550966393142,-0.1357211912269299,-0.0219788700057979,False,False,True
P380,TNP1,False,0.17105263157894735,0.44342105263157894,0.22236842105263158,0.4486842105263158,0.2723684210526316,0.22105263157894736,-0.0052631578947368585,0.17105263157894735,0.0,-0.04955587691984216,0.08139056838512844,-0.02903630358136944,0.05233062315152785,True,False,True
P380,TOP3A,False,-0.2789473684210526,0.23289473684210527,0.8776315789473684,0.4697368421052632,0.5118421052631579,-0.6447368421052632,-0.2368421052631579,-0.2789473684210526,-0.513001478,0.08799401461432352,-0.4683085516302686,-0.03723512983470659,-0.06073947346021802,False,False,False
P380,TP53,False,-0.060526315789473685,0.0013157894736842105,0.6776315789473685,0.003947368421052632,0.06184210526315789,-0.6763157894736843,-0.0026315789473684214,-0.060526315789473685,0.0,1.127095673534286,-0.1977682599709532,0.5733939461526075,0.2228283557299902,False,False,False
P380,TP73,False,0.1236842105263158,0.20657894736842106,0.08289473684210526,0.275,0.046052631578947366,0.1236842105263158,-0.06842105263157897,0.16052631578947368,0.0,0.1069431680204066,0.1899666697958864,0.05341194033731966,0.259088150354327,True,False,True
P380,TREX1,False,-0.1394736842105263,0.14342105263157895,0.5539473684210526,0.28289473684210525,0.15921052631578947,-0.4105263157894737,-0.1394736842105263,-0.01578947368421052,0.0,0.1760098914847884,-0.1061880138006931,0.05215875835043245,0.1292031829339629,False,False,False
P380,TRIM25,False,-0.039473684210526314,0.075,0.11447368421052631,0.06973684210526315,0.35657894736842105,-0.039473684210526314,0.005263157894736845,-0.28157894736842104,0.0,0.2887142380120837,0.1599197899583403,0.2038700216629425,0.01910852802157607,False,True,False
P380,TRIM28,False,0.14210526315789473,0.2881578947368421,0.04078947368421053,0.3986842105263158,0.14605263157894738,0.24736842105263157,-0.1105263157894737,0.14210526315789473,0.0,0.05223910568401029,0.237392785680594,-0.01115915040656897,0.1479276852323015,True,False,True
P380,TRIP12,False,-0.6052631578947368,0.014473684210526316,0.6197368421052631,0.1618421052631579,0.8513157894736842,-0.6052631578947368,-0.1473684210526316,-0.8368421052631579,-0.639971716,0.4739883343202131,-0.1443583867421099,0.1272899401176738,-0.3300173430460716,False,False,False
P380,TRIP13,True,0.04999999999999993,0.9407894736842105,0.8907894736842106,0.37763157894736843,0.9197368421052632,0.04999999999999993,0.5631578947368421,0.021052631578947323,-1.118745998,-0.7481058076764637,-0.4824301557863397,0.001457149888148074,-0.4803778050511203,True,True,True
P380,TRRAP,False,-0.11578947368421055,0.8065789473684211,0.9592105263157895,0.014473684210526316,0.9223684210526316,-0.15263157894736845,0.7921052631578948,-0.11578947368421055,-0.256137258,-0.3484583411286613,-0.786672840760886,0.3052126850968715,-0.519705907959998,False,True,False
P380,TTC5,False,-0.2684210526315789,0.08026315789473684,0.22763157894736843,0.34868421052631576,0.7960526315789473,-0.1473684210526316,-0.2684210526315789,-0.7157894736842105,0.0,0.2787030648649997,0.07975721820825354,0.02230351522875725,-0.2511411076613036,False,False,False
P380,TWIST1,False,0.07631578947368423,0.6381578947368421,0.4039473684210526,0.5697368421052632,0.5618421052631579,0.23421052631578954,0.06842105263157894,0.07631578947368423,0.0,-0.1858469822200811,-0.02977891401708868,-0.08803648147763045,-0.08969874767274413,True,True,True
P380,UBC,False,0.318421052631579,0.36447368421052634,0.025,0.046052631578947366,0.1013157894736842,0.3394736842105263,0.318421052631579,0.26315789473684215,0.0,0.002766631850698104,0.3518702761865828,0.236226451272044,0.1814824220012287,True,True,True
P380,UBE2A,False,0.42105263157894735,0.7197368421052631,0.525,0.2986842105263158,0.13026315789473683,0.1947368421052631,0.42105263157894735,0.5894736842105263,-0.16327237,-0.2696568113599068,-0.09412838540634075,0.04551340687887784,0.1571813715038945,True,True,True
P380,UBE2B,False,-0.02894736842105261,0.875,0.9223684210526316,0.8697368421052631,0.9039473684210526,-0.047368421052631615,0.0052631578947368585,-0.02894736842105261,-0.701380644,-0.5231344288375239,-0.5531522022982311,-0.3492573188217797,-0.4456441350558924,False,True,False
P380,UBE2D3,False,0.1657894736842106,0.9276315789473685,0.8802631578947369,0.3092105263157895,0.7618421052631579,0.047368421052631615,0.618421052631579,0.1657894736842106,-0.899603533,-0.7348018838366804,-0.4731848661512008,0.04126797572811616,-0.221283019586371,True,True,True
P380,UBE2L6,False,-0.10526315789473684,0.5907894736842105,0.5960526315789474,0.6960526315789474,0.7513157894736842,-0.0052631578947368585,-0.10526315789473684,-0.16052631578947363,0.0,-0.1493033060793823,-0.1305852914296519,-0.1478922982084671,-0.2039382953604652,False,False,False
P380,UBE2N,True,-0.4,0.506578947368421,0.9671052631578947,0.906578947368421,0.4618421052631579,-0.4605263157894737,-0.4,0.04473684210526313,-1.012790086,-0.09035985139326344,-0.8594565307012154,-0.4486186852598265,-0.0294163980912566,False,False,True
P380,UBE2T,False,-0.07894736842105265,0.7171052631578947,0.7960526315789473,0.9592105263157895,0.6539473684210526,-0.07894736842105265,-0.24210526315789482,0.06315789473684208,0.0,-0.2625467684821658,-0.334594514392989,-0.7479291155428175,-0.129384431298979,False,False,True
P380,UBE2U,False,0.23157894736842105,0.5171052631578947,0.36447368421052634,0.14078947368421052,0.2855263157894737,0.1526315789473684,0.3763157894736842,0.23157894736842105,0.0,-0.09370041432128348,-0.01555913667334563,0.1436430807208174,0.0494845335426241,True,True,True
P380,UBE2V1,False,0.25789473684210523,0.6592105263157895,0.7802631578947369,0.2618421052631579,0.40131578947368424,-0.12105263157894741,0.3973684210526316,0.25789473684210523,-0.259974802,-0.2033190151349801,-0.320168439135748,0.06638431430943367,-0.005290417698026406,False,True,True
P380,UBE2V2,True,0.010526315789473717,0.34342105263157896,0.6381578947368421,0.2118421052631579,0.33289473684210524,-0.2947368421052632,0.13157894736842107,0.010526315789473717,-1.026479898,0.01380366377577369,-0.1597331867610833,0.09657282362022057,0.032481693706226,False,True,True
P380,UBE2W,False,0.15000000000000002,0.7960526315789473,0.6460526315789473,0.3618421052631579,0.825,0.15000000000000002,0.43421052631578944,-0.02894736842105261,0.0,-0.3306440063275115,-0.1677736451452826,0.008742996703518337,-0.2972291534639848,True,True,False
P380,UBR5,True,0.1394736842105263,0.9723684210526315,0.10921052631578948,0.8328947368421052,0.8802631578947369,0.8631578947368421,0.1394736842105263,0.09210526315789469,-1.137669476,-1.136531135097681,0.1641195378546207,-0.2777633899100859,-0.3552568708714848,True,True,True
P380,UCHL5,False,0.03421052631578947,0.7644736842105263,0.7302631578947368,0.06184210526315789,0.9644736842105263,0.03421052631578947,0.7026315789473684,-0.19999999999999996,-0.463426103,-0.3032429919854502,-0.244000385714731,0.2188889853719151,-0.7836797595749441,True,True,False
P380,UHRF1,True,0.23684210526315785,0.9039473684210526,0.7644736842105263,0.6671052631578948,0.42236842105263156,0.1394736842105263,0.23684210526315785,0.48157894736842105,-1.076685134,-0.6450530004274274,-0.2826645703033058,-0.1325014204349415,-0.01642710706521719,True,True,True
P380,UIMC1,False,0.5342105263157895,0.6671052631578948,0.13289473684210526,0.41973684210526313,0.06447368421052632,0.5342105263157895,0.24736842105263163,0.6026315789473684,0.0,-0.2122515453446847,0.1382948936425168,-0.02178554874098874,0.2191547383874647,True,True,True
P380,UNG,False,0.02368421052631578,0.24605263157894736,0.4328947368421053,0.22236842105263158,0.14342105263157895,-0.18684210526315792,0.02368421052631578,0.10263157894736841,-0.517226991,0.08229703881120778,-0.04612076460257282,0.09241267265458515,0.1486299369177927,False,True,True
P380,USP1,False,-0.3657894736842105,0.46710526315789475,0.8328947368421052,0.8723684210526316,0.6934210526315789,-0.3657894736842105,-0.4052631578947368,-0.2263157894736842,0.0,-0.05933469865142953,-0.4027543284378008,-0.3664119660808773,-0.1665133530470705,False,False,False
P380,USP10,False,-0.15789473684210525,0.4986842105263158,0.6960526315789474,0.656578947368421,0.20921052631578949,-0.19736842105263158,-0.15789473684210525,0.2894736842105263,-0.236487994,-0.08390383061619938,-0.2107719130982682,-0.1281150330446944,0.08936119743609097,False,False,True
P380,USP28,False,-0.07894736842105263,0.006578947368421052,0.08552631578947369,0.18552631578947368,0.05131578947368421,-0.07894736842105263,-0.17894736842105263,-0.04473684210526316,-0.071454259,0.6085832303054756,0.1880141001312552,0.1062930002410214,0.2469091515831732,False,False,False
P380,USP3,False,-0.1763157894736842,0.019736842105263157,0.05394736842105263,0.6144736842105263,0.19605263157894737,-0.034210526315789476,-0.5947368421052631,-0.1763157894736842,0.0,0.4377666696599314,0.215018699269591,-0.10548498360619,0.1009068506089011,False,False,False
P380,USP43,False,-0.1842105263157895,0.2986842105263158,0.14078947368421052,0.48289473684210527,0.5828947368421052,0.15789473684210525,-0.1842105263157895,-0.28421052631578947,-0.464020336,0.04171548147876436,0.1361281959096091,-0.03893645795640799,-0.09695211754727748,True,False,False
P380,USP45,False,0.03157894736842115,0.5328947368421053,0.6223684210526316,0.5013157894736842,0.16710526315789473,-0.08947368421052626,0.03157894736842115,0.36578947368421055,-0.011244001,-0.1066204684675844,-0.1482872545607081,-0.04947048131468949,0.1194497558957179,False,True,True
P380,USP47,False,0.33421052631578946,0.5802631578947368,0.225,0.24605263157894736,0.7776315789473685,0.35526315789473684,0.33421052631578946,-0.19736842105263164,0.0,-0.1467933318982809,0.08028340002882602,0.07302231360457097,-0.2344034596356446,True,True,False
P380,USP51,False,-0.0342105263157895,0.21973684210526315,0.4513157894736842,0.22763157894736843,0.25394736842105264,-0.23157894736842108,-0.007894736842105288,-0.0342105263157895,-0.201564363,0.09689532108612757,-0.06224350464473834,0.08463879889535786,0.06291868455918159,False,False,False
P380,USP7,False,-0.2578947368421053,0.5986842105263158,0.8565789473684211,0.7407894736842106,0.906578947368421,-0.2578947368421053,-0.14210526315789473,-0.3078947368421052,-0.201008299,-0.1650094085081699,-0.4360807484356881,-0.1780099936365797,-0.4507555717322863,False,False,False
P380,UVRAG,False,0.11578947368421055,0.9618421052631579,0.8460526315789474,0.3960526315789474,0.9855263157894737,0.11578947368421055,0.5657894736842106,-0.023684210526315752,-0.264635037,-0.9001218925222121,-0.4277471221293317,-0.00823293371964872,-1.004329336582972,True,True,False
P380,WAS,False,0.06052631578947365,0.7223684210526315,0.7197368421052631,0.5460526315789473,0.6618421052631579,0.0026315789473684292,0.1763157894736842,0.06052631578947365,0.0,-0.2717037576451119,-0.2274548812679573,-0.07507866784879107,-0.1332684460406495,True,True,True
P380,WDR48,False,-0.10526315789473684,0.7697368421052632,0.9434210526315789,0.875,0.38026315789473686,-0.17368421052631577,-0.10526315789473684,0.3894736842105263,0.0,-0.3037155893849991,-0.6751813079583364,-0.3677974423130085,0.005387696936182351,False,False,True
P380,WHSC1,False,0.044736842105263075,0.6486842105263158,0.7460526315789474,0.4618421052631579,0.6039473684210527,-0.09736842105263166,0.18684210526315786,0.044736842105263075,-0.272981998,-0.1956080815990469,-0.2674660601206109,-0.03288853313956963,-0.1059768495325357,False,True,True
P380,WRAP53,False,-0.3973684210526316,0.009210526315789473,0.04868421052631579,0.6539473684210526,0.40657894736842104,-0.039473684210526314,-0.6447368421052632,-0.3973684210526316,0.0,0.5713133826780159,0.228941597250295,-0.127865053942231,-0.00993553878031772,False,False,False
P380,WRN,False,0.43947368421052624,0.5776315789473684,0.11710526315789474,0.23289473684210527,0.13815789473684212,0.4605263157894737,0.3447368421052631,0.43947368421052624,-0.446796298,-0.1460247985263708,0.1558769182319386,0.08065192993015172,0.1507144596041249,True,True,True
P380,WRNIP1,False,0.0736842105263158,0.23026315789473684,0.15657894736842104,0.175,0.06710526315789474,0.0736842105263158,0.05526315789473685,0.1631578947368421,0.0,0.09115124861067572,0.1172178986323645,0.1110026930282193,0.2151201584180888,True,True,True
P380,XPA,False,0.11315789473684201,0.7144736842105263,0.6013157894736842,0.2644736842105263,0.7907894736842105,0.11315789473684201,0.44999999999999996,-0.07631578947368423,0.0,-0.2563226457224133,-0.1315751033706594,0.06201173011044341,-0.2431948358455784,True,True,False
P380,XRCC1,False,-0.28421052631578947,0.5828947368421052,0.8671052631578947,0.8881578947368421,0.5223684210526316,-0.28421052631578947,-0.3052631578947369,0.06052631578947365,-0.130528234,-0.1474486117613963,-0.4597641527516771,-0.3915226771910595,-0.06853033697423605,False,False,True
P380,XRCC2,False,0.0026315789473684292,0.993421052631579,0.9907894736842106,0.9907894736842106,0.8960526315789473,0.0026315789473684292,0.0026315789473684292,0.09736842105263166,-0.3517076,-1.568167718489008,-1.021907126842753,-1.154090632239006,-0.435994751305431,True,True,True
P380,XRCC3,False,-0.007894736842105288,0.9539473684210527,0.9802631578947368,0.9144736842105263,0.9618421052631579,-0.02631578947368418,0.03947368421052633,-0.007894736842105288,0.0,-0.8052259331902537,-0.9186118149487211,-0.4812421389008271,-0.7796662305204255,False,True,False
P380,XRCC4,False,0.015789473684210575,0.525,0.5092105263157894,0.5881578947368421,0.3513157894736842,0.015789473684210575,-0.06315789473684208,0.17368421052631583,0.0,-0.1004804358562511,-0.08886643533052412,-0.09427720077294133,0.02032202768808133,True,False,True
P380,XRCC6BP1,False,-0.30263157894736836,0.3828947368421053,0.18552631578947368,0.8776315789473684,0.6855263157894737,0.1973684210526316,-0.49473684210526314,-0.30263157894736836,-0.592003903,-0.01028200226777114,0.09949449288712295,-0.378968562817414,-0.158468687278307,True,False,False
P380,YEATS4,False,0.05789473684210522,0.8302631578947368,0.7723684210526316,0.7302631578947368,0.9434210526315789,0.05789473684210522,0.09999999999999998,-0.11315789473684212,0.0,-0.4177986333989125,-0.3125036905547535,-0.1750599451558196,-0.6319647341394671,True,True,False
P380,YY1,False,0.0368421052631579,0.8881578947368421,0.8513157894736842,0.038157894736842106,0.9592105263157895,0.0368421052631579,0.8500000000000001,-0.07105263157894737,0.0,-0.549418730142611,-0.4342704493977899,0.2578423704811469,-0.7519476124195632,True,True,False
P380,ZBTB1,False,-0.3710526315789474,0.26710526315789473,0.4618421052631579,0.6381578947368421,0.8565789473684211,-0.19473684210526315,-0.3710526315789474,-0.5894736842105264,0.0,0.06835899182195129,-0.06276748381983428,-0.1176266445752262,-0.3325464122198311,False,False,False
P380,ZFYVE26,False,-0.16842105263157894,0.2381578947368421,0.4776315789473684,0.40657894736842104,0.2118421052631579,-0.2394736842105263,-0.16842105263157894,0.02631578947368421,0.0,0.08538548713954579,-0.06828901617963443,-0.01460769078823028,0.0872635356363299,False,False,True
P380,ZMPSTE24,False,0.04999999999999999,0.18552631578947368,0.3013157894736842,0.019736842105263157,0.1355263157894737,-0.11578947368421053,0.16578947368421051,0.04999999999999999,-0.144339462,0.1290296427953165,0.02339951792316001,0.2851538934641749,0.153044837366592,False,True,True
P380,ZNF365,False,0.07105263157894737,0.8328947368421052,0.7618421052631579,0.4934210526315789,0.8539473684210527,0.07105263157894737,0.3394736842105263,-0.021052631578947434,-0.69046466,-0.4184947217981291,-0.281220678197849,-0.04236594821838876,-0.3305888834624597,True,True,False
P380,ZRANB3,False,-0.11842105263157894,0.08552631578947369,0.20394736842105263,0.14605263157894738,0.4407894736842105,-0.11842105263157894,-0.06052631578947369,-0.35526315789473684,0.0,0.2483888818736397,0.09080914569643891,0.1417443939893584,-0.02381968070526271,False,False,False
P380,ZSWIM7,False,0.13684210526315788,0.5092105263157894,0.37236842105263157,0.7802631578947369,0.09868421052631579,0.13684210526315788,-0.27105263157894743,0.41052631578947363,-0.002992615,-0.09070490620701252,-0.01815887084476517,-0.2162785717574874,0.1840157873145092,True,False,True
S1_P400,ABL1,False,-0.24749999999999994,0.43125,0.57625,0.67875,0.80875,-0.14500000000000002,-0.24749999999999994,-0.37749999999999995,-0.356940028,-0.04531373682801343,-0.1275317497621865,-0.1334935283972616,-0.2617371879258045,False,False,False
S1_P400,ACTB,False,0.1725,0.89625,0.91125,0.66875,0.72375,-0.015000000000000013,0.22750000000000004,0.1725,-0.026338066,-0.6004159501956892,-0.5236875837813331,-0.1293703448306909,-0.1795078500954537,False,True,True
S1_P400,ADPRHL2,False,-0.14500000000000002,0.69375,0.87375,0.32125,0.83875,-0.18000000000000005,0.3725,-0.14500000000000002,-0.279559022,-0.2425020204206388,-0.4619489579955852,0.04054991821110103,-0.3005325318454921,False,True,False
S1_P400,ALKBH1,False,0.09499999999999997,0.25125,0.15625,0.09875,0.20125,0.09499999999999997,0.15249999999999997,0.04999999999999996,-0.124967072,0.08106970216315176,0.1225355720015893,0.1835756341385585,0.1032462452552985,True,True,True
S1_P400,ALKBH2,False,0.13250000000000006,0.70125,0.50375,0.56875,0.81875,0.1975,0.13250000000000006,-0.11749999999999994,0.0,-0.2488539694598854,-0.08845846972701743,-0.08375822496584492,-0.2703934676531825,True,True,False
S1_P400,ALKBH3,False,0.02500000000000001,0.13875,0.11875,0.10125,0.11375,0.020000000000000018,0.037500000000000006,0.02500000000000001,0.0,0.180933648809744,0.1626409332496876,0.1800874836371369,0.174267305941956,True,True,True
S1_P400,ALKBH5,False,-0.27499999999999997,0.03875,0.67875,0.31125,0.31375,-0.64,-0.2725,-0.27499999999999997,-0.407509095,0.3435064673611515,-0.2005108371668792,0.04506213689118092,0.04453474438903005,False,False,False
S1_P400,ANKLE1,False,0.355,0.76625,0.88875,0.41125,0.19875,-0.12250000000000005,0.355,0.5675,0.0,-0.3037041697343135,-0.4788742598123264,-0.01390333491970469,0.1037961097935489,False,True,True
S1_P400,ANKRD32,False,0.17500000000000004,0.85875,0.68375,0.63375,0.89375,0.17500000000000004,0.22499999999999998,-0.03500000000000003,-0.600609354,-0.4575341233927146,-0.2069419726917776,-0.1143178525318283,-0.3919052325453143,True,True,False
S1_P400,AP5S1,False,0.08999999999999997,0.54375,0.32125,0.45375,0.48375,0.22249999999999998,0.08999999999999997,0.05999999999999994,0.0,-0.1173246827024038,0.01518483228110975,-0.0288254369115221,-0.03680662102821719,True,True,True
S1_P400,AP5Z1,False,-0.017500000000000016,0.18375,0.17375,0.20125,0.28125,0.010000000000000009,-0.017500000000000016,-0.0975,-0.271381459,0.1335588695962337,0.109969243087625,0.1002743739128403,0.05275719727641773,True,False,False
S1_P400,APBB1,False,-0.08750000000000002,0.54125,0.71875,0.62875,0.52875,-0.1775,-0.08750000000000002,0.012499999999999956,0.0,-0.1133916137236839,-0.2329514357620405,-0.1086988565964714,-0.07463784837169193,False,False,True
S1_P400,APEX1,False,0.057499999999999996,0.45625,0.39875,0.23375,0.50375,0.057499999999999996,0.22249999999999998,-0.04750000000000004,-0.422963524,-0.05682626794458759,-0.02744699506848362,0.08096940381235918,-0.05737687667832484,True,True,False
S1_P400,APEX2,False,-0.7,0.15375,0.43125,0.91125,0.85375,-0.2775,-0.7575000000000001,-0.7,-0.32570528,0.1553964258376285,-0.04455338754760207,-0.4639780220095103,-0.3260227156293468,False,False,False
S1_P400,APITD1,False,-0.30999999999999994,0.19625,0.25125,0.74875,0.50625,-0.054999999999999966,-0.5525,-0.30999999999999994,0.0,0.1196406651367208,0.06389082812980183,-0.1794114481213995,-0.05892151944287664,False,False,False
S1_P400,APLF,False,-0.0275,0.00375,0.01625,0.03125,0.11125,-0.0125,-0.0275,-0.1075,0.0,0.6556054630912833,0.4413736599535314,0.272306056947309,0.1747807622142878,False,False,False
S1_P400,APTX,False,-0.6299999999999999,0.09125,0.72125,0.62375,0.76125,-0.6299999999999999,-0.5325,-0.6699999999999999,0.0,0.2374448500383449,-0.2370299487919539,-0.1070692792943566,-0.2081835713129865,False,False,False
S1_P400,ASCC1,False,-0.46749999999999997,0.22625,0.29625,0.82875,0.69375,-0.07,-0.6025,-0.46749999999999997,-0.220740488,0.09381110405856763,0.03236341699777645,-0.2551338343558456,-0.1603153270394889,False,False,False
S1_P400,ASCC2,False,-0.11749999999999994,0.52375,0.43875,0.64125,0.84625,0.08500000000000008,-0.11749999999999994,-0.3224999999999999,-0.616166978,-0.1028508330785158,-0.05761124610386952,-0.1167762659325736,-0.312173022198925,True,False,False
S1_P400,ASCC3,False,0.15249999999999997,0.97875,0.82625,0.32625,0.97625,0.15249999999999997,0.6525000000000001,0.0025000000000000577,-0.720797971,-1.158347963257171,-0.3893567452352323,0.03850837551490793,-0.944665540795956,True,True,True
S1_P400,ASF1A,False,-0.7649999999999999,0.03375,0.01375,0.79875,0.90375,0.020000000000000004,-0.7649999999999999,-0.8700000000000001,-0.445690758,0.3727514824429,0.4533562093226114,-0.2257386323245865,-0.438333753167172,True,False,False
S1_P400,ASTE1,False,0.05500000000000002,0.29875,0.24375,0.24625,0.13875,0.05500000000000002,0.05250000000000002,0.16,0.0,0.04387732170090328,0.0682169149107589,0.07533189741044102,0.1567378741872279,True,True,True
S1_P400,ATM,False,0.38749999999999996,0.92875,0.54125,0.96625,0.32625,0.38749999999999996,-0.03750000000000009,0.6025,-0.805176576,-0.7201583894483302,-0.1017147146656132,-0.773564980108661,0.04256358974019658,True,False,True
S1_P400,ATXN3,False,-0.007500000000000003,0.02625,0.10875,0.02875,0.03375,-0.0825,-0.0025000000000000022,-0.007500000000000003,0.0,0.3966064378206626,0.17369084041891,0.2769373340636573,0.2683292798352466,False,False,False
S1_P400,AUNIP,False,0.08499999999999996,0.38625,0.30125,0.34375,0.28875,0.08499999999999996,0.04249999999999998,0.09749999999999998,0.0,-0.01706273648409799,0.03133493216520729,0.02841825142246446,0.05211166649760778,True,True,True
S1_P400,AXIN2,False,0.40750000000000003,0.68625,0.27875,0.23875,0.78625,0.40750000000000003,0.4475,-0.09999999999999998,-0.022504107,-0.228794880496739,0.04635990960075039,0.07818568698668334,-0.2353220138427894,True,True,False
S1_P400,BABAM1,False,0.2575,0.28125,0.02125,0.18625,0.02375,0.26,0.095,0.2575,0.0,0.05786289547354769,0.3601334846063746,0.1088140890484376,0.3020964706960613,True,True,True
S1_P400,BACH1,False,0.0,0.51875,0.51875,0.62625,0.23125,0.0,-0.10749999999999993,0.28750000000000003,0.0,-0.09424504664164499,-0.09364913268726069,-0.1086451843816324,0.08582868973420539,False,False,True
S1_P400,BARD1,False,0.025000000000000022,0.94625,0.92125,0.93625,0.24125,0.025000000000000022,0.010000000000000009,0.7050000000000001,0.0,-0.7738429756429498,-0.550156649392758,-0.5658152149415325,0.07237032832778953,True,True,True
S1_P400,BIVM,False,0.07750000000000001,0.29375,0.21625,0.19875,0.66375,0.07750000000000001,0.095,-0.36999999999999994,-0.262100688,0.04412531223957557,0.08837518742786502,0.1002853120122923,-0.1335279120826902,True,True,False
S1_P400,BLM,False,-0.38749999999999996,0.47375,0.86125,0.94375,0.71625,-0.38749999999999996,-0.47,-0.24250000000000005,0.0,-0.0635543593989277,-0.4392924486327884,-0.6126288437549031,-0.1752210488692791,False,False,False
S1_P400,BOD1L1,False,-0.17999999999999994,0.77875,0.95875,0.97875,0.04875,-0.17999999999999994,-0.19999999999999996,0.7300000000000001,-0.587018586,-0.314494059371913,-0.7753550910309057,-1.072171447682893,0.2472591872278846,False,False,True
S1_P400,BRCC3,False,0.49750000000000005,0.75875,0.17125,0.26125,0.82625,0.5875,0.49750000000000005,-0.0675,0.0,-0.2966094240531881,0.1118591290871408,0.0695442887930205,-0.2927827349032763,True,True,False
S1_P400,BRD8,False,0.4475,0.53625,0.90375,0.08875,0.03875,-0.36750000000000005,0.4475,0.4975,-0.617774112,-0.1120592750845688,-0.505721554472542,0.1898194331287271,0.2670882644459939,False,True,True
S1_P400,BRE,False,0.475,0.65125,0.17625,0.71625,0.12125,0.475,-0.06500000000000006,0.53,-0.434240571,-0.2020319009401187,0.1072535999895375,-0.1637436841811253,0.1667594767729745,True,False,True
S1_P400,BRIP1,False,-0.08500000000000002,0.33875,0.42375,0.36375,0.74625,-0.08500000000000002,-0.025000000000000022,-0.4075,0.0,0.02198204696278501,-0.04337267536956564,0.01440992853269426,-0.1985319383926673,False,False,False
S1_P400,BTG2,False,-0.06,0.43375,0.42625,0.71875,0.49375,0.007500000000000007,-0.285,-0.06,-0.290265969,-0.04700766520128985,-0.04420581121597571,-0.1637878864586044,-0.05189469600217741,True,False,False
S1_P400,C11orf30,False,-0.030000000000000027,0.85375,0.89875,0.86875,0.88375,-0.04500000000000004,-0.015000000000000013,-0.030000000000000027,-0.145572926,-0.4527236630790365,-0.4987418333060144,-0.3472889385517637,-0.3533350808173689,False,False,False
S1_P400,C12orf5,False,-0.125,0.35125,0.58375,0.28125,0.47625,-0.23249999999999998,0.07,-0.125,0.0,0.00951668928957113,-0.1299441364702276,0.05408998614531975,-0.0338142518441907,False,True,False
S1_P400,C14orf39,False,-0.2975,0.19875,0.49625,0.67125,0.45375,-0.2975,-0.47250000000000003,-0.255,-0.419959264,0.1164434129373073,-0.08664369563580365,-0.1301272644509498,-0.02466139312238713,False,False,False
S1_P400,C17orf104,False,-0.05250000000000005,0.31625,0.31625,0.64875,0.36875,0.0,-0.3325000000000001,-0.05250000000000005,0.0,0.03568658299773538,0.02178474022624025,-0.1192962846897427,0.01824282346295489,False,False,False
S1_P400,C17orf70,False,-0.027500000000000024,0.45125,0.54375,0.43125,0.47875,-0.09249999999999997,0.019999999999999962,-0.027500000000000024,-0.114807525,-0.05597028643350328,-0.1038356734560465,-0.02278645604024746,-0.03412062067006587,False,True,False
S1_P400,C19orf40,False,-0.15000000000000002,0.79125,0.95625,0.94125,0.37625,-0.16500000000000004,-0.15000000000000002,0.41500000000000004,-0.481187494,-0.3231429447970893,-0.7670633795256355,-0.5963667588047211,0.01053399048925992,False,False,True
S1_P400,C1orf86,False,0.20749999999999996,0.62625,0.74375,0.27875,0.41875,-0.11750000000000005,0.3475,0.20749999999999996,-0.021429801,-0.1831587103272896,-0.2663509617902081,0.06004242939372548,-0.01367635175238391,False,True,True
S1_P400,C20orf196,False,-0.2175,0.02875,0.22625,0.79625,0.24625,-0.1975,-0.7675,-0.2175,-0.341797347,0.393894430624495,0.0843396226467769,-0.2257339557523972,0.07150638303531591,False,False,False
S1_P400,C5orf45,False,-0.0525,0.04125,0.09375,0.25375,0.04625,-0.0525,-0.21249999999999997,-0.0049999999999999975,-0.277697941,0.3434720171388739,0.1864628844991055,0.07258934978651481,0.2482874517720357,False,False,False
S1_P400,C7orf49,False,0.050000000000000044,0.89875,0.63375,0.84875,0.94875,0.265,0.050000000000000044,-0.04999999999999993,-0.313875165,-0.600745542567487,-0.1601659344136565,-0.3034167401914358,-0.6654633991702299,True,True,False
S1_P400,C9orf142,False,0.17999999999999994,0.53875,0.35875,0.45125,0.10125,0.17999999999999994,0.08749999999999997,0.43749999999999994,0.0,-0.1123035689888526,-0.007002078593045954,-0.02835810657967874,0.1871249756966891,True,True,True
S1_P400,CBX8,False,-0.12499999999999999,0.11375,0.23875,0.39375,0.01875,-0.12499999999999999,-0.27999999999999997,0.095,0.0,0.2183359230315163,0.07386101733554969,-0.001954803734990268,0.3165990441840371,False,False,True
S1_P400,CCDC155,False,-0.04999999999999999,0.42875,0.47875,0.56125,0.30625,-0.04999999999999999,-0.1325,0.1225,-0.072359589,-0.04432596733069364,-0.07078755683925635,-0.07782827904904308,0.04687120397538092,False,False,True
S1_P400,CDC14B,False,0.28,0.46125,0.18125,0.10875,0.21375,0.28,0.3525,0.2475,-0.674476704,-0.05885002310597957,0.1034711318428235,0.1767686428959441,0.09600443801755265,True,True,True
S1_P400,CDC7,False,0.10249999999999992,0.91375,0.81125,0.63125,0.95375,0.10249999999999992,0.2825,-0.040000000000000036,-0.921834634,-0.6906780354823683,-0.3751291065569055,-0.1125553956177834,-0.713796376916132,True,True,False
S1_P400,CDK2,False,0.18749999999999994,0.54875,0.33375,0.83625,0.36125,0.21499999999999997,-0.2875000000000001,0.18749999999999994,-0.766173236,-0.1254925350812389,0.00630376123765967,-0.2686153355778182,0.01998207381962036,True,False,True
S1_P400,CDK9,False,-0.2025,0.21125,0.41375,0.55875,0.37125,-0.2025,-0.3475,-0.16000000000000003,-0.288904447,0.1054244719755844,-0.03415654892932496,-0.07693734879669926,0.01821555404223233,False,False,False
S1_P400,CDKN2D,False,-0.12,0.61375,0.73375,0.75125,0.56375,-0.12,-0.13749999999999996,0.050000000000000044,-0.005445701,-0.1739026269922916,-0.2557197890196035,-0.1800027339996951,-0.09084438511668476,False,False,True
S1_P400,CEP164,False,-0.05499999999999999,0.06375,0.06875,0.11875,0.23375,-0.0050000000000000044,-0.05499999999999999,-0.17,0.0,0.3136064652662103,0.2024782230443304,0.1691876733852622,0.07787923756431914,False,False,False
S1_P400,CETN1,False,-0.10500000000000004,0.41875,0.48375,0.52375,0.54875,-0.065,-0.10500000000000004,-0.12999999999999995,0.0,-0.04070015555217027,-0.08233746311984132,-0.05648459027495725,-0.08476649359052961,False,False,False
S1_P400,CETN2,False,0.1875,0.40375,0.20375,0.51625,0.21625,0.2,-0.11249999999999999,0.1875,-0.439365501,-0.03087294470197295,0.09373708333701902,-0.05145220079486368,0.0947654291255861,True,False,True
S1_P400,CHD1L,False,-0.25250000000000006,0.23875,0.69875,0.49125,0.43375,-0.45999999999999996,-0.25250000000000006,-0.19500000000000003,-0.172942037,0.08582248563268709,-0.2152748477389389,-0.03909802644707557,-0.0197467065716562,False,False,False
S1_P400,CHRNA4,False,0.15249999999999997,0.79375,0.83875,0.29125,0.64125,-0.04500000000000004,0.5025,0.15249999999999997,-0.610462507,-0.3300410294708144,-0.4028105067345522,0.05258314488359191,-0.1236848354373848,False,True,True
S1_P400,CIB1,False,0.08250000000000002,0.49375,0.41125,0.14125,0.66625,0.08250000000000002,0.35250000000000004,-0.1725,-0.041598754,-0.082557973450654,-0.03108708401143915,0.1446663885919701,-0.1374338346512175,True,True,False
S1_P400,COPS7A,False,0.012499999999999997,0.10625,0.05125,0.47125,0.09375,0.055,-0.365,0.012499999999999997,0.0,0.2317280372806271,0.2261403978740858,-0.03389861451996623,0.1904302593554918,True,False,True
S1_P400,COPS7B,False,0.1375,0.22125,0.05375,0.65375,0.08375,0.1675,-0.43250000000000005,0.1375,0.0,0.09750767177194852,0.2182369709211449,-0.1216341717324849,0.2075815038271616,True,False,True
S1_P400,COPS8,False,-0.5125,0.11875,0.17875,0.80375,0.63125,-0.06,-0.6849999999999999,-0.5125,0.0,0.2153940403928458,0.1050916457859559,-0.2328641396488957,-0.1210796410940863,False,False,False
S1_P400,CSNK1E,False,0.16749999999999998,0.44875,0.28125,0.15375,0.42375,0.16749999999999998,0.295,0.024999999999999967,0.0,-0.05365972119223095,0.04406325523405178,0.1378301147993451,-0.01544128721935249,True,True,True
S1_P400,CUL4A,False,0.1775,0.63625,0.45875,0.11375,0.54375,0.1775,0.5225,0.09250000000000003,-0.214535268,-0.1860612801357688,-0.06270886440501533,0.17404067679849,-0.08304657408823941,True,True,True
S1_P400,CUL4B,False,0.18500000000000003,0.37375,0.18875,0.59625,0.00875,0.18500000000000003,-0.22249999999999992,0.36500000000000005,-0.138062465,-0.00187468976735931,0.1012311975988589,-0.09480886475986358,0.3574110072829975,True,False,True
S1_P400,CXorf57,False,0.24250000000000005,0.58125,0.33875,0.38625,0.19375,0.24250000000000005,0.19500000000000006,0.38750000000000007,0.0,-0.1477350852695724,0.003879275183001241,0.001164605168354108,0.1083705371432167,True,True,True
S1_P400,DCLRE1A,False,0.065,0.16125,0.48625,0.09625,0.07375,-0.325,0.065,0.08750000000000001,-0.235792913,0.1455647884105885,-0.08337404303334317,0.184090280290193,0.213356206843714,False,True,True
S1_P400,DCLRE1B,True,-0.1875,0.39125,0.44625,0.80625,0.57875,-0.05499999999999999,-0.41500000000000004,-0.1875,-1.182921041,-0.02656682812892027,-0.06013194978653535,-0.2336496273909328,-0.09632542487994655,False,False,False
S1_P400,DCLRE1C,False,-0.45999999999999996,0.13375,0.53125,0.86625,0.59375,-0.39749999999999996,-0.7324999999999999,-0.45999999999999996,-0.437087909,0.1937094477744732,-0.09768382344885174,-0.3470194217139559,-0.1018576494490494,False,False,False
S1_P400,DDB2,False,-0.1,0.05625,0.02875,0.15625,0.19125,0.0275,-0.1,-0.135,-0.042124514,0.3275865848046698,0.3199334174792888,0.1377840874966152,0.1102321944954376,True,False,False
S1_P400,DDX1,True,0.21750000000000003,0.84125,0.62375,0.02625,0.91875,0.21750000000000003,0.8150000000000001,-0.0774999999999999,-1.505019396,-0.4201546608156783,-0.1565545443678789,0.2805833619685688,-0.4650110292571996,True,True,False
S1_P400,DDX11,False,-0.022500000000000075,0.67875,0.70125,0.46125,0.87125,-0.022500000000000075,0.21749999999999997,-0.1925,0.0,-0.2257122638664275,-0.2174561477254913,-0.03143333670328463,-0.3497309972924638,False,True,False
S1_P400,DEK,False,-0.395,0.12125,0.24125,0.69625,0.51625,-0.12,-0.5750000000000001,-0.395,0.0,0.2076486037802052,0.07053188056293845,-0.1421927077697585,-0.06074608346214502,False,False,False
S1_P400,DMC1,False,-0.1275,0.40875,0.53625,0.78625,0.39375,-0.1275,-0.3775,0.015000000000000013,0.0,-0.03781791634391481,-0.1000768457660993,-0.2120250236128682,0.003403491971565309,False,False,True
S1_P400,DNTT,False,0.0175,0.05375,0.01875,0.34625,0.03625,0.035,-0.2925,0.0175,0.0,0.3292337974905921,0.4308728504780607,0.0280335019800176,0.2674378188757747,True,False,True
S1_P400,DOT1L,True,0.30000000000000004,0.92125,0.82875,0.62125,0.25875,0.09250000000000003,0.30000000000000004,0.6625000000000001,-1.091790952,-0.6944236136777848,-0.389768147167509,-0.107065448138408,0.06675474106535839,True,True,True
S1_P400,DTX3L,False,0.0975,0.28625,0.51625,0.09375,0.18875,-0.22999999999999998,0.1925,0.0975,0.0,0.0530906204639526,-0.09308245219710068,0.1884429800269642,0.1124060725278834,False,True,True
S1_P400,EEPD1,False,0.09999999999999998,0.74875,0.64875,0.43625,0.65875,0.09999999999999998,0.3125,0.09000000000000008,-0.398745933,-0.2856964651913076,-0.1745539624971251,-0.0240648522415133,-0.1310807090919498,True,True,True
S1_P400,EGFR,False,0.6,0.84875,0.70625,0.07875,0.24875,0.14249999999999996,0.77,0.6,0.0,-0.4429104784104547,-0.2236508071701019,0.1979572762747172,0.06929558162408106,True,True,True
S1_P400,EID3,False,-0.25249999999999995,0.19375,0.30625,0.44625,0.50125,-0.11250000000000002,-0.25249999999999995,-0.3075,-0.496838371,0.1216488238181888,0.02920874399177957,-0.02759427466331546,-0.05520142312772632,False,False,False
S1_P400,EME1,False,0.28,0.88875,0.63625,0.58375,0.60875,0.25250000000000006,0.30500000000000005,0.28,-0.403708554,-0.5373503779776502,-0.1641947030101267,-0.08985566549718242,-0.1127073458881918,True,True,True
S1_P400,EME2,False,0.11500000000000005,0.49125,0.85625,0.37625,0.32375,-0.36499999999999994,0.11500000000000005,0.16750000000000004,-0.06447293,-0.08196004822673524,-0.4352916557034177,0.003805842067828927,0.04258088916154357,False,True,True
S1_P400,ENDOV,False,-0.30500000000000005,0.25625,0.56125,0.54875,0.83625,-0.30500000000000005,-0.2925,-0.5800000000000001,0.0,0.07895809611379598,-0.1232140330089302,-0.07364105241077512,-0.3001778772090269,False,False,False
S1_P400,EP300,False,0.34750000000000003,0.49875,0.14625,0.15125,0.74375,0.35250000000000004,0.34750000000000003,-0.245,0.0,-0.08900320696487704,0.1377682554949281,0.1416347333228458,-0.1969654136075468,True,True,False
S1_P400,EPC1,False,0.39249999999999996,0.55875,0.55375,0.01125,0.16625,0.0050000000000000044,0.5475,0.39249999999999996,-0.670666927,-0.1295441389800893,-0.107792777755473,0.3567366557367956,0.1318369675491435,True,True,True
S1_P400,EPC2,False,-0.08499999999999996,0.73875,0.84375,0.82375,0.65125,-0.10499999999999998,-0.08499999999999996,0.08750000000000002,-0.476255688,-0.2793694469344481,-0.4166936732558524,-0.2512054331145352,-0.1288744111347723,False,False,True
S1_P400,ERCC1,False,0.25500000000000006,0.57125,0.49125,0.31625,0.29875,0.08000000000000002,0.25500000000000006,0.2725,0.0,-0.1452758451618639,-0.08557504477663065,0.04145671971962377,0.04926272393933306,True,True,True
S1_P400,ERCC4,False,0.16249999999999998,0.68375,0.88375,0.52125,0.18625,-0.20000000000000007,0.16249999999999998,0.49749999999999994,-0.49904512,-0.2283246856079996,-0.4781358260447593,-0.05411752016817584,0.1163246523484975,False,True,True
S1_P400,ERCC5,False,0.1925,0.28375,0.07875,0.38125,0.09125,0.20500000000000002,-0.09749999999999998,0.1925,0.0,0.05351435614053423,0.1927285177988773,0.002878872350742098,0.1985925615282695,True,False,True
S1_P400,ERCC6,False,-0.1825,0.40625,0.42875,0.60375,0.58875,-0.02250000000000002,-0.1975,-0.1825,-0.487347227,-0.03439957620314334,-0.04429471413692869,-0.09689349172157838,-0.1003027754460379,False,False,False
S1_P400,ERCC6L2,False,-0.020000000000000018,0.62875,0.00625,0.92875,0.64875,0.6225,-0.29999999999999993,-0.020000000000000018,-0.389879801,-0.1835020551520009,0.5017989961385725,-0.5182515791053182,-0.126467181842416,True,False,False
S1_P400,ERCC8,False,0.055,0.10875,0.03875,0.05375,0.05375,0.07,0.055,0.055,0.0,0.2242771525233683,0.2468385906018772,0.2327279816657447,0.2450464387740243,True,True,True
S1_P400,ETAA1,False,-0.7125,0.22875,0.42125,0.99375,0.94125,-0.1925,-0.765,-0.7125,-0.061623329,0.09292960800425698,-0.04114755766562335,-1.339426881619099,-0.5929069838459254,False,False,False
S1_P400,EXD2,False,0.18999999999999995,0.79875,0.60875,0.42375,0.61875,0.18999999999999995,0.37499999999999994,0.17999999999999994,0.0,-0.3307719187982923,-0.1408213946921442,-0.01986799431194752,-0.114582422127511,True,True,True
S1_P400,EXO1,False,0.022499999999999964,0.73375,0.90875,0.71125,0.02875,-0.17499999999999993,0.022499999999999964,0.705,0.0,-0.2776666619213576,-0.516767884815218,-0.154522915958213,0.2786893824644247,False,True,True
S1_P400,EXO5,False,0.16749999999999998,0.61625,0.75125,0.44875,0.30875,-0.135,0.16749999999999998,0.30749999999999994,0.0,-0.1770662556054007,-0.2689157725147182,-0.02810143469472341,0.04594553559286439,False,True,True
S1_P400,EYA1,False,-0.009999999999999981,0.13125,0.09125,0.26375,0.14125,0.04000000000000001,-0.13249999999999998,-0.009999999999999981,-0.336474545,0.1938919145493944,0.1876356849387655,0.06803327829743762,0.1551792304778132,True,False,False
S1_P400,EYA2,False,-0.25,0.54625,0.79625,0.20625,0.82375,-0.25,0.34,-0.27749999999999997,-0.225019262,-0.1221282087059559,-0.3277102940979565,0.09830435959268513,-0.2806642927368987,False,True,False
S1_P400,EYA3,False,-0.18999999999999997,0.12625,0.06375,0.40125,0.31625,0.0625,-0.275,-0.18999999999999997,0.0,0.1991527360384135,0.2085659393659265,-0.005034248808318154,0.04430486553279245,True,False,False
S1_P400,EYA4,False,-0.2825,0.10125,0.16875,0.67625,0.38375,-0.0675,-0.575,-0.2825,-0.232704835,0.2359212796143031,0.1139543940171578,-0.1327662243155146,0.006589999274177888,False,False,False
S1_P400,FAM168A,False,-0.1925,0.08375,0.27625,0.03875,0.76375,-0.1925,0.045000000000000005,-0.68,-0.190945046,0.2466986367633018,0.04730731093627998,0.2661723696000243,-0.2092061928876638,False,True,False
S1_P400,FAM175A,False,0.3325,0.96125,0.19375,0.89625,0.62875,0.7675000000000001,0.06500000000000006,0.3325,0.0,-0.8906431444328012,0.0976521404749584,-0.3941125041329803,-0.1197567342255589,True,True,True
S1_P400,FAM178A,False,0.25749999999999995,0.44375,0.18625,0.77875,0.00625,0.25749999999999995,-0.3350000000000001,0.4375,-0.266526383,-0.05057721076245053,0.1013683727492373,-0.2098030944320518,0.4228528196595634,True,False,True
S1_P400,FAM35A,False,-0.705,0.04625,0.62125,0.94875,0.75125,-0.575,-0.9025,-0.705,-0.259851614,0.3359346491435041,-0.1531196940971287,-0.6617896586321173,-0.2008613626975905,False,False,False
S1_P400,FAN1,False,0.22499999999999998,0.84375,0.61875,0.72375,0.44375,0.22499999999999998,0.12,0.4,0.0,-0.4385334203723824,-0.1493848048173357,-0.1694171694480534,-0.02355077441649926,True,True,True
S1_P400,FANCA,False,-0.30000000000000004,0.55375,0.96625,0.85375,0.58625,-0.4125000000000001,-0.30000000000000004,-0.032500000000000084,-0.430060077,-0.1270610007691513,-0.8577757301423621,-0.3200820636344732,-0.1001095942862946,False,False,False
S1_P400,FANCB,False,-0.0625,0.86375,0.99375,0.92625,0.63625,-0.13,-0.0625,0.22750000000000004,-0.415887638,-0.4926893588834211,-1.249581514700339,-0.5179550906098505,-0.1218950124329451,False,False,True
S1_P400,FANCC,False,0.14500000000000002,0.61875,0.90125,0.10625,0.47375,-0.2825,0.5125000000000001,0.14500000000000002,0.0,-0.1791431993485944,-0.5005957992624258,0.1769995118785917,-0.03357249406747295,False,True,True
S1_P400,FANCD2,False,-0.14749999999999996,0.70875,0.93875,0.85625,0.79625,-0.22999999999999998,-0.14749999999999996,-0.08750000000000002,-0.648560786,-0.2520811417682448,-0.6163985322507063,-0.3278653844720919,-0.2428386354142695,False,False,False
S1_P400,FANCE,False,0.01749999999999996,0.92375,0.98625,0.90625,0.82875,-0.0625,0.01749999999999996,0.09499999999999997,-0.047956565,-0.6990299748661393,-1.017258074278347,-0.4390615319303899,-0.2929995531239769,False,True,True
S1_P400,FANCF,True,-0.22499999999999998,0.64125,0.96375,0.84625,0.86625,-0.3225,-0.20499999999999996,-0.22499999999999998,-1.718334446,-0.1950941202424996,-0.7963826692614846,-0.2942127836100443,-0.3365411797958625,False,False,False
S1_P400,FANCG,False,-0.10999999999999999,0.77625,0.94875,0.88625,0.83375,-0.1725,-0.10999999999999999,-0.057499999999999996,0.0,-0.312931524273303,-0.7399481277780966,-0.3835787181203651,-0.2978159801933612,False,False,False
S1_P400,FANCL,False,-0.2925,0.31875,0.92875,0.30375,0.61125,-0.61,0.014999999999999958,-0.2925,-0.134924201,0.03243172690021427,-0.5889750878959351,0.04768187340072436,-0.1130242998715634,False,True,False
S1_P400,FANCM,False,-0.1050000000000001,0.65875,0.84625,0.76375,0.67875,-0.1875,-0.1050000000000001,-0.020000000000000018,-0.651790326,-0.2078115962217892,-0.4273919816454883,-0.1919857117099128,-0.1495192903517554,False,False,False
S1_P400,FBXO18,False,-0.25,0.06125,0.31125,0.24375,0.34875,-0.25,-0.1825,-0.2875,0.0,0.3155081149355611,0.02327092529574579,0.07572722536490728,0.03078911452198652,False,False,False
S1_P400,FBXO6,False,0.04499999999999993,0.84625,0.80125,0.55125,0.82125,0.04499999999999993,0.29499999999999993,0.02499999999999991,-0.40395904,-0.4420860115311069,-0.342149065894726,-0.0739561989364536,-0.272658647840421,True,True,True
S1_P400,FGF10,False,-0.14749999999999996,0.29625,0.46625,0.44375,0.12625,-0.16999999999999998,-0.14749999999999996,0.17,-0.73079918,0.04393275484769799,-0.06303190414517865,-0.0269688033962218,0.1599932049583399,False,False,True
S1_P400,FH,False,0.3025,0.81125,0.82125,0.50875,0.18375,-0.010000000000000009,0.3025,0.6275000000000001,0.0,-0.3519514305950446,-0.3829261632053026,-0.04961109203921928,0.1166394220980981,False,True,True
S1_P400,FIGN,False,0.5925,0.92625,0.68625,0.25875,0.33375,0.24,0.6675,0.5925,0.0,-0.7079235314376248,-0.2094533798898097,0.07175482601633804,0.03578401856347953,True,True,True
S1_P400,FIGNL1,False,-0.2525,0.01625,0.22875,0.66625,0.26875,-0.21250000000000002,-0.65,-0.2525,-0.239807956,0.443337334015784,0.08405886188387393,-0.1285618670453819,0.05786735817388525,False,False,False
S1_P400,FIGNL2,False,0.255,0.35375,0.09875,0.05875,0.41125,0.255,0.29500000000000004,-0.057499999999999996,-0.790207219,0.007492662091268535,0.1808545104537943,0.2272311984839339,-0.005381536505033729,True,True,False
S1_P400,FMN2,False,0.11500000000000005,0.55625,0.56875,0.44125,0.35375,-0.012499999999999956,0.11500000000000005,0.2025,0.0,-0.128528494816186,-0.1260249772587669,-0.02626011819050289,0.02524929378873431,False,True,True
S1_P400,FOXM1,False,0.08750000000000002,0.81375,0.75375,0.13375,0.72625,0.05999999999999994,0.6799999999999999,0.08750000000000002,-0.649784173,-0.3628853088393104,-0.2722804855347099,0.153855509596511,-0.1804231662563921,True,True,True
S1_P400,FTO,False,-0.465,0.34625,0.43625,0.81375,0.81125,-0.09000000000000002,-0.46749999999999997,-0.465,-0.551641802,0.01073543666717999,-0.05714348247052156,-0.2459754438492589,-0.262150607045303,False,False,False
S1_P400,FUS,False,0.10749999999999993,0.91875,0.83375,0.81125,0.67375,0.08499999999999996,0.10749999999999993,0.245,-0.005606829,-0.6931008093908633,-0.3912159344738293,-0.245738924682353,-0.1457690723542164,True,True,True
S1_P400,FZR1,False,-0.5875,0.27125,0.26625,0.85875,0.99625,0.0050000000000000044,-0.5875,-0.725,-0.791700068,0.06580507059315972,0.05161732827780136,-0.3286333951494102,-1.436610288252623,True,False,False
S1_P400,GADD45A,False,-0.007500000000000007,0.48875,0.34125,0.49625,0.61375,0.14750000000000002,-0.007500000000000007,-0.125,0.0,-0.08140333194874379,0.003448653056585961,-0.04083488431343341,-0.1135228232976768,True,False,False
S1_P400,GEN1,False,-0.09999999999999998,0.41125,0.51125,0.52875,0.47125,-0.09999999999999998,-0.11750000000000005,-0.06,0.0,-0.03870208699241558,-0.08916324128081173,-0.05896284188214787,-0.03342507105783632,False,False,False
S1_P400,GGN,False,0.06250000000000003,0.30625,0.13625,0.34125,0.24375,0.17,-0.034999999999999976,0.06250000000000003,-0.010846323,0.04049561328221385,0.1502054294312005,0.03061240542550702,0.0716490260643082,True,False,True
S1_P400,GPS1,False,-0.235,0.36875,0.60375,0.47375,0.79125,-0.235,-0.10499999999999998,-0.4225,0.0,0.0003432065588593325,-0.1366148873409563,-0.035402792782356,-0.2407597392522406,False,False,False
S1_P400,GTF2H3,False,0.28,0.94875,0.86375,0.54625,0.66875,0.08499999999999996,0.40249999999999997,0.28,-0.562091536,-0.7758197898412679,-0.4552690690582892,-0.07301389438081607,-0.1401177800866549,True,True,True
S1_P400,GTF2H5,True,0.04500000000000004,0.75375,0.22125,0.86125,0.70875,0.5325,-0.10749999999999993,0.04500000000000004,-1.716940024,-0.2897728682787928,0.08828069559535168,-0.3289963363873757,-0.1703716749766679,True,False,True
S1_P400,H2AFX,False,0.057499999999999996,0.99125,0.93375,0.99625,0.91625,0.057499999999999996,-0.0050000000000000044,0.07499999999999996,0.0,-1.341137769728697,-0.5948428103670436,-1.819063484069235,-0.4634385754263965,True,False,True
S1_P400,HDAC10,False,-0.22250000000000003,0.37625,0.56625,0.59875,0.71375,-0.19000000000000006,-0.22250000000000003,-0.3375,0.0,-0.01005250964778629,-0.1242381171785227,-0.09648927236361497,-0.1748676441253674,False,False,False
S1_P400,HELB,False,-0.1175,0.26125,0.32375,0.37875,0.56875,-0.0625,-0.1175,-0.3075,-0.73480466,0.0738188371857415,0.01366508686873787,0.003758620733041344,-0.09292419058652848,False,False,False
S1_P400,HELQ,False,0.24,0.93375,0.90625,0.69375,0.59125,0.02749999999999997,0.24,0.3424999999999999,-0.488919641,-0.7364734432074642,-0.5138041318468171,-0.1397752710983728,-0.1010661811912821,True,True,True
S1_P400,HIST3H2A,False,-0.052500000000000005,0.11125,0.20125,0.15875,0.16375,-0.09000000000000001,-0.0475,-0.052500000000000005,0.0,0.2216273347128796,0.09446859602900792,0.1318235866746572,0.1367558035419645,False,False,False
S1_P400,HIST3H3,False,0.05750000000000001,0.16875,0.11125,0.61625,0.09875,0.05750000000000001,-0.44749999999999995,0.07,0.0,0.1406360975275458,0.1735673045908387,-0.1051858691505328,0.1893309587357167,True,False,True
S1_P400,HIST4H4,False,0.010000000000000009,0.39625,0.38625,0.63625,0.16875,0.010000000000000009,-0.24,0.22749999999999998,-0.113747536,-0.02727930252924866,-0.0211522346030244,-0.1155504229472667,0.1292998251521323,True,False,True
S1_P400,HMGA1,False,0.5925,0.91125,0.89625,0.12125,0.31875,0.015000000000000013,0.79,0.5925,-0.287581046,-0.6559034285267099,-0.4881002997894585,0.1683460297301426,0.04338648391715533,True,True,True
S1_P400,HMGA2,False,0.195,0.36625,0.16625,0.17125,0.42125,0.2,0.195,-0.05499999999999999,-0.006325428,0.002056056627706436,0.1151741547910063,0.1213983782267336,-0.0137231153003663,True,True,False
S1_P400,HMGB1,False,-0.09499999999999997,0.55125,0.64625,0.09125,0.70125,-0.09499999999999997,0.46,-0.15000000000000002,-0.200679473,-0.1269773761502948,-0.1727079423313604,0.1894985065933842,-0.1672931136061685,False,True,False
S1_P400,HMGB2,False,-0.09000000000000008,0.60125,0.65125,0.69125,0.71125,-0.050000000000000044,-0.09000000000000008,-0.1100000000000001,-0.369132357,-0.1691731969450395,-0.1757432382656869,-0.1391848096607579,-0.1722884438086982,False,False,False
S1_P400,HMGN1,False,0.3175,0.60375,0.28625,0.17375,0.44875,0.3175,0.43000000000000005,0.15500000000000003,0.0,-0.1698218415501208,0.04138485852371065,0.1212152924576098,-0.02386282628737509,True,True,True
S1_P400,HSF1,False,-0.0675,0.75125,0.47375,0.81875,0.91375,0.27749999999999997,-0.0675,-0.16249999999999998,-0.542693189,-0.2894876713603266,-0.06773182723450628,-0.2476457595624494,-0.456674194539772,True,False,False
S1_P400,HUS1B,False,0.17999999999999994,0.87625,0.69625,0.73875,0.57125,0.17999999999999994,0.13749999999999996,0.30499999999999994,-0.594309254,-0.5035605645198646,-0.2150591444353706,-0.1759161981997464,-0.09346948328072681,True,True,True
S1_P400,HUWE1,False,0.03500000000000003,0.96625,0.93125,0.04625,0.98125,0.03500000000000003,0.92,-0.014999999999999902,-0.576738781,-0.9258043912046815,-0.5934624644780938,0.237437314511331,-0.9776007896260799,True,True,False
S1_P400,IGHMBP2,False,0.07750000000000001,0.60875,0.57125,0.45875,0.53125,0.03749999999999998,0.15000000000000002,0.07750000000000001,-0.069106371,-0.1726083471817947,-0.1261105563904869,-0.02907575215895974,-0.07672610897510938,True,True,True
S1_P400,ING3,False,0.0,0.91625,0.91625,0.12875,0.93625,0.0,0.7875,-0.020000000000000018,-0.736025781,-0.6908502919698626,-0.5455822531480139,0.1640038747780504,-0.5514279170289009,False,True,False
S1_P400,INIP,False,-0.4175,0.17875,0.59875,0.19625,0.59625,-0.42000000000000004,-0.017500000000000016,-0.4175,0.0,0.1359877270846145,-0.1323213586997488,0.1008409105725332,-0.1040752134938336,False,False,False
S1_P400,INO80C,False,-0.02750000000000008,0.61125,0.68875,0.51125,0.63875,-0.07750000000000001,0.09999999999999998,-0.02750000000000008,-0.095560417,-0.1734207159331297,-0.209482323805238,-0.05066503961122404,-0.1232504160618526,False,True,False
S1_P400,INO80D,False,-0.16000000000000003,0.65625,0.81625,0.35125,0.84375,-0.16000000000000003,0.305,-0.1875,-0.049256402,-0.2053405027934718,-0.3796780535479337,0.0259493093311088,-0.3045402644883071,False,True,False
S1_P400,INO80E,False,0.1275,0.53125,0.20875,0.79125,0.40375,0.3225,-0.26,0.1275,-0.828659104,-0.1082655614766407,0.09140172829089262,-0.2237013650490264,-0.001916574064087406,True,False,True
S1_P400,ISG15,False,0.09999999999999998,0.77125,0.72375,0.42125,0.67125,0.04749999999999999,0.35,0.09999999999999998,-0.140267971,-0.3039427103723235,-0.2430368657989404,-0.01834031011238076,-0.1427813846216054,True,True,True
S1_P400,JMY,False,-0.0025000000000000022,0.47625,0.53875,0.47875,0.38875,-0.062499999999999944,-0.0025000000000000022,0.08750000000000002,0.0,-0.0674823689913834,-0.1007874092221019,-0.03804518427959813,0.005288426837402049,False,False,True
S1_P400,KAT5,False,-0.44499999999999995,0.20125,0.76125,0.06875,0.64625,-0.5599999999999999,0.1325,-0.44499999999999995,-0.266190141,0.1086342233970858,-0.2778666930962213,0.2039504915002026,-0.1248111361307317,False,True,False
S1_P400,KDM1A,False,0.25750000000000006,0.86875,0.77875,0.61125,0.50875,0.08999999999999997,0.25750000000000006,0.36,-0.278155177,-0.4940304787668413,-0.3134182589070553,-0.1016482625355466,-0.06003847230904155,True,True,True
S1_P400,KDM2A,False,0.26249999999999996,0.45875,0.19625,0.13625,0.60375,0.26249999999999996,0.3225,-0.14500000000000002,-0.557695011,-0.05683161237186123,0.09582783256442988,0.1525996382931366,-0.1074601793362264,True,True,False
S1_P400,KDM4D,False,-0.07250000000000001,0.63875,0.71125,0.54375,0.77625,-0.07250000000000001,0.09500000000000008,-0.13749999999999996,0.0,-0.188085076894977,-0.2250846341896458,-0.07106843903490345,-0.2284224344989047,False,True,False
S1_P400,KIAA0101,False,0.1325,0.40125,0.26875,0.22375,0.48875,0.1325,0.1775,-0.08750000000000002,-0.006931023,-0.02925580070951339,0.05016805955414465,0.0934908660641236,-0.04497813443944028,True,True,False
S1_P400,KIAA0430,False,-0.057499999999999996,0.21625,0.27375,0.21125,0.39875,-0.057499999999999996,0.0050000000000000044,-0.1825,-0.272185852,0.1036967310838556,0.04938366362177815,0.09691076299682155,0.0007675454524179344,False,True,False
S1_P400,KIF22,False,0.07250000000000001,0.72875,0.65625,0.75875,0.06375,0.07250000000000001,-0.030000000000000027,0.665,-0.524546719,-0.2738174055998027,-0.1794452476105207,-0.1904984720675772,0.2238925662573775,True,False,True
S1_P400,KIN,False,0.15000000000000002,0.87125,0.77375,0.42625,0.72125,0.09749999999999992,0.44499999999999995,0.15000000000000002,-0.372466873,-0.4959202965527649,-0.3115795502727092,-0.02035868122840601,-0.1779566941001824,True,True,True
S1_P400,KLHL15,False,0.16499999999999992,0.80875,0.32625,0.83125,0.64375,0.4825,-0.022500000000000075,0.16499999999999992,0.0,-0.3510069627337741,0.009898301131504507,-0.2557267558603734,-0.124512493732456,True,False,True
S1_P400,LIG3,False,0.03750000000000009,0.90375,0.86625,0.93875,0.55375,0.03750000000000009,-0.03499999999999992,0.3500000000000001,-0.512408576,-0.6202449994836765,-0.4578005628580217,-0.5801880500783557,-0.0881457256787197,True,False,True
S1_P400,LIG4,False,0.10499999999999998,0.81875,0.74875,0.71375,0.62625,0.06999999999999995,0.10499999999999998,0.1925,-0.351156607,-0.3682310182053929,-0.2675594314789498,-0.1626617355871416,-0.1190470734594523,True,True,True
S1_P400,MAD2L2,False,-0.45749999999999996,0.47125,0.89125,0.98625,0.92875,-0.42,-0.5149999999999999,-0.45749999999999996,-0.316838102,-0.06299895731843924,-0.4808771222602911,-1.13903853025568,-0.5345265881939913,False,False,False
S1_P400,MAGEF1,False,0.23249999999999998,0.27875,0.04625,0.17625,0.01625,0.23249999999999998,0.10250000000000001,0.2625,0.0,0.06037079186022788,0.2317869508974839,0.1199272832441931,0.3205532302573449,True,True,True
S1_P400,MB21D1,False,-0.0625,0.06875,0.12875,0.38875,0.13125,-0.06,-0.31999999999999995,-0.0625,0.0,0.2912056922249143,0.1538831170996831,0.0009789105803861275,0.1575780917100671,False,False,False
S1_P400,MBD4,False,0.26,0.67625,0.38125,0.63875,0.41625,0.29500000000000004,0.03749999999999998,0.26,-0.396132354,-0.2243922470609958,-0.0188626553573692,-0.11645569299471,-0.01361732803457046,True,True,True
S1_P400,MBTD1,False,0.08000000000000007,0.69625,0.52625,0.77375,0.61625,0.17000000000000004,-0.07750000000000001,0.08000000000000007,0.0,-0.2442873697443194,-0.09716231317989607,-0.1978119490203826,-0.1136762832072375,True,False,True
S1_P400,MC1R,False,-0.12749999999999995,0.74375,0.87125,0.87125,0.90625,-0.12749999999999995,-0.12749999999999995,-0.16249999999999998,0.0,-0.2815346420795263,-0.4613474380722574,-0.3490181729113672,-0.4411055028415236,False,False,False
S1_P400,MCM4,True,-0.6725,0.31125,0.00125,0.98375,0.98875,0.31000000000000005,-0.6725,-0.6775,-2.565027646,0.03981175318473662,0.5616493414585075,-1.135119396042344,-1.307803165437437,True,False,False
S1_P400,MCM7,False,-0.07750000000000001,0.87875,0.37125,0.95625,0.98375,0.5075000000000001,-0.07750000000000001,-0.10499999999999998,-0.815967559,-0.5054566429986468,-0.01583775029278867,-0.7471610646393818,-0.9787372035237567,True,False,False
S1_P400,MCM8,False,-0.022499999999999992,0.13625,0.15875,0.88875,0.09625,-0.022499999999999992,-0.7525000000000001,0.04000000000000001,-0.136909775,0.1907293557795001,0.1196094057395872,-0.3862966075401912,0.1900662298983825,False,False,True
S1_P400,MCM9,False,0.33249999999999996,0.80375,0.47125,0.98875,0.07625,0.33249999999999996,-0.18500000000000005,0.7274999999999999,-0.009774722,-0.3482369994823696,-0.0666887265316419,-1.141709938288154,0.2127713711307586,True,False,True
S1_P400,MCMDC2,False,0.07,0.29125,0.28375,0.22125,0.20375,0.007500000000000007,0.07,0.08750000000000002,-0.255060993,0.04836877746765807,0.04273000681083369,0.0950072546216374,0.1015563103040146,True,True,True
S1_P400,MCRS1,False,-0.125,0.63125,0.62875,0.75625,0.80125,0.0024999999999999467,-0.125,-0.17000000000000004,-0.071500728,-0.1855337787668899,-0.1588675708826401,-0.1884900153692857,-0.2484412302456313,True,False,False
S1_P400,MDC1,False,0.02749999999999997,0.98625,0.95375,0.99875,0.95875,0.03249999999999997,-0.012500000000000067,0.02749999999999997,-0.199962878,-1.246823663522221,-0.7646969290767456,-1.920260159025724,-0.7366324161086268,True,False,True
S1_P400,MEAF6,False,-0.10750000000000004,0.78875,0.97875,0.00625,0.89625,-0.19000000000000006,0.7825,-0.10750000000000004,-0.195549245,-0.3206276196838069,-0.9134809797626562,0.4394711425254048,-0.4138084589097281,False,True,False
S1_P400,MEIOB,False,-0.034999999999999976,0.46625,0.50125,0.88375,0.29125,-0.034999999999999976,-0.41750000000000004,0.175,-0.187347245,-0.06101899106380993,-0.08813025287805958,-0.3808043252619447,0.0504885720121422,False,False,True
S1_P400,MEN1,False,0.6975,0.95875,0.88625,0.11625,0.26125,0.07250000000000001,0.8425,0.6975,0.0,-0.8731699371259635,-0.4787830359506951,0.1709659760663362,0.0647750351156462,True,True,True
S1_P400,MGME1,False,-0.125,0.51625,0.64125,0.80125,0.45875,-0.125,-0.28500000000000003,0.057499999999999996,-0.164454862,-0.09374799247667212,-0.1693387270962032,-0.2280523985635911,-0.0253320968960038,False,False,True
S1_P400,MGMT,False,-0.05500000000000005,0.67375,0.72875,0.54125,0.78125,-0.05500000000000005,0.13249999999999995,-0.10750000000000004,-0.036632024,-0.2207585216685589,-0.246475214107682,-0.06997474507114394,-0.2318988030488483,False,True,False
S1_P400,MLH1,False,0.040000000000000036,0.82625,0.78625,0.48125,0.79375,0.040000000000000036,0.34500000000000003,0.032500000000000084,0.0,-0.3864588122379091,-0.3223171948902206,-0.03849844197917059,-0.2417815890677726,True,True,True
S1_P400,MLH3,False,-0.10750000000000001,0.24625,0.35375,0.06125,0.62375,-0.10750000000000001,0.185,-0.37750000000000006,-0.12128774,0.08375166206441964,-0.001342933226815848,0.2224484190209426,-0.115760510700574,False,True,False
S1_P400,MORF4L1,False,0.3625,0.78125,0.41875,0.46375,0.21125,0.3625,0.3175,0.5700000000000001,0.0,-0.3172074254349164,-0.04058963769856083,-0.03149072856293378,0.09962625247321735,True,True,True
S1_P400,MORF4L2,False,-0.3525,0.35625,0.70875,0.79375,0.56625,-0.3525,-0.43749999999999994,-0.21000000000000002,-0.224263464,0.006795635078661544,-0.224637680836707,-0.2239085676767362,-0.09204491717884149,False,False,False
S1_P400,MPG,False,0.08250000000000002,0.30375,0.10375,0.65125,0.22125,0.2,-0.3475,0.08250000000000002,-0.037810516,0.04098278548489395,0.1771876041581111,-0.1212790785721151,0.092931733043159,True,False,True
S1_P400,MRGBP,False,0.84,0.86125,0.94625,0.00875,0.02125,-0.08500000000000008,0.8524999999999999,0.84,-0.055048916,-0.4731682412088064,-0.6911981475859004,0.4059321966902411,0.3162761319615655,False,True,True
S1_P400,MSH2,False,-0.15500000000000003,0.42125,0.64375,0.10375,0.57625,-0.22250000000000003,0.3175,-0.15500000000000003,-0.995003157,-0.04105245422897066,-0.1705607351228605,0.1797891779758762,-0.09553759428351846,False,True,False
S1_P400,MSH3,False,-0.11499999999999999,0.26375,0.37875,0.36125,0.48125,-0.11499999999999999,-0.09750000000000003,-0.21750000000000003,0.0,0.07062009110204315,-0.01871915003169411,0.01778750678185581,-0.03514755441908024,False,False,False
S1_P400,MSH4,False,0.0625,0.64625,0.45375,0.60875,0.58375,0.1925,0.03749999999999998,0.0625,0.0,-0.1956890935974228,-0.06250714512363498,-0.1011811235518427,-0.09996246845563157,True,True,True
S1_P400,MSH5,False,-0.07,0.39375,0.46375,0.48625,0.34625,-0.07,-0.09250000000000003,0.04749999999999999,-0.36362795,-0.02708609730109579,-0.0628249447272764,-0.03891816843596688,0.03164942423218001,False,False,True
S1_P400,MSH6,False,-0.14750000000000002,0.37125,0.24625,0.56375,0.51875,0.12500000000000003,-0.19249999999999995,-0.14750000000000002,-0.177170737,-0.0003266228562600199,0.06472078632225149,-0.07882537798805375,-0.06200099839197677,True,False,False
S1_P400,MUM1,False,-0.065,0.33375,0.45625,0.39875,0.02625,-0.1225,-0.065,0.3075,-0.721669946,0.02336037907425285,-0.06269501358300762,-0.004873204916345276,0.2943649703773034,False,False,True
S1_P400,MUS81,False,0.24750000000000005,0.78625,0.32875,0.53875,0.77375,0.4575,0.24750000000000005,0.012499999999999956,-0.136812796,-0.3205293744096845,0.007509424021019992,-0.06249489162814988,-0.2252067018887653,True,True,True
S1_P400,MUTYH,False,0.007499999999999951,0.97625,0.97625,0.92125,0.96875,0.0,0.05499999999999994,0.007499999999999951,-0.566984776,-1.153656733411706,-0.9004134106650524,-0.5002579906958653,-0.8814482332389011,False,True,True
S1_P400,NABP1,False,-0.12,0.58375,0.70375,0.57125,0.85625,-0.12,0.012499999999999956,-0.27249999999999996,0.0,-0.1490915829897584,-0.2234637653338913,-0.08574295464560337,-0.3277970216977973,False,True,False
S1_P400,NABP2,False,0.09250000000000001,0.16625,0.08125,0.07375,0.05875,0.085,0.09250000000000001,0.10750000000000001,-0.281131056,0.1417280836984246,0.192387674878558,0.2033298617754201,0.2328115970666247,True,True,True
S1_P400,NDNL2,False,-0.0050000000000000044,0.71125,0.71625,0.84125,0.46875,-0.0050000000000000044,-0.13,0.24250000000000005,-0.205559462,-0.256187965636284,-0.2324352321920887,-0.2872524134746092,-0.03133919399960632,False,False,True
S1_P400,NEIL1,False,0.21250000000000002,0.41625,0.40375,0.20375,0.08625,0.012500000000000011,0.21250000000000002,0.33,0.0,-0.039530823188669,-0.02922381650760197,0.09915303589315552,0.2048019215215029,True,True,True
S1_P400,NEIL2,False,-0.17750000000000002,0.12875,0.25875,0.30625,0.57375,-0.12999999999999998,-0.17750000000000002,-0.44499999999999995,-0.132685766,0.1984106476475631,0.05619255067651589,0.04683664149771896,-0.09400858507320375,False,False,False
S1_P400,NEIL3,False,0.3925,0.69125,0.29875,0.50125,0.27375,0.3925,0.19000000000000006,0.41750000000000004,-0.006425477,-0.239963650542658,0.0315486125109854,-0.04729831980890668,0.05663715882005901,True,True,True
S1_P400,NFRKB,False,-0.025000000000000022,0.87375,0.79375,0.89875,0.99375,0.08000000000000007,-0.025000000000000022,-0.12,-0.882237741,-0.5018358975048839,-0.3267279159881102,-0.394967023798628,-1.427337791979127,True,False,False
S1_P400,NHEJ1,False,0.029999999999999916,0.85625,0.92625,0.82625,0.69625,-0.07000000000000006,0.029999999999999916,0.15999999999999992,-0.154582705,-0.4570401315737015,-0.5731011917327624,-0.2534438065521283,-0.1606758786444489,False,True,True
S1_P400,NIPBL,False,-0.6775,0.01125,0.10125,0.68875,0.81625,-0.09000000000000001,-0.6775,-0.805,-0.090945637,0.5288194193078338,0.1787409970027379,-0.1384636265703726,-0.2662449115172973,False,False,False
S1_P400,NONO,False,0.03749999999999998,0.90125,0.10625,0.86375,0.92125,0.795,0.03749999999999998,-0.020000000000000018,0.0,-0.6084368424410207,0.1754618672849957,-0.3395773071862515,-0.4753553630461019,True,True,False
S1_P400,NPAS2,False,0.012500000000000011,0.23125,0.33625,0.02125,0.21875,-0.10499999999999998,0.21000000000000002,0.012500000000000011,-0.015971259,0.0929099602823178,0.005262651448974864,0.292856918488145,0.09322253827369933,False,True,True
S1_P400,NPM1,False,0.37750000000000006,0.59125,0.06625,0.21375,0.86875,0.525,0.37750000000000006,-0.27749999999999997,-0.320856978,-0.1625702739591694,0.2043130582329051,0.09670990796800019,-0.3440218337398552,True,True,False
S1_P400,NSMCE2,False,0.48,0.73625,0.60125,0.25625,0.01375,0.135,0.48,0.7224999999999999,-0.169890392,-0.2777767346633849,-0.1323214121756086,0.0719666675083211,0.3318291261421251,True,True,True
S1_P400,NSMCE4A,False,0.01749999999999996,0.74625,0.73625,0.72875,0.62125,0.010000000000000009,0.01749999999999996,0.125,0.0,-0.2834693097765162,-0.260684955881326,-0.1711202886328945,-0.1149294817310785,True,True,True
S1_P400,NTHL1,False,0.19,0.39875,0.11375,0.20875,0.27625,0.285,0.19,0.1225,-0.093092308,-0.02789572211227695,0.171296603357777,0.09801570144627383,0.05560740396640199,True,True,True
S1_P400,NUCKS1,False,0.2375,0.50125,0.34875,0.08125,0.26375,0.15249999999999997,0.42,0.2375,-0.096668647,-0.08963725372181441,0.001240918421328452,0.1940022754515389,0.06347224622999592,True,True,True
S1_P400,NUDT1,False,0.15250000000000002,0.35875,0.20625,0.18125,0.23625,0.15250000000000002,0.17750000000000002,0.12250000000000003,0.0,0.006473372351061712,0.09294897777455194,0.1105728339901801,0.07515387650123347,True,True,True
S1_P400,NUDT16,False,-0.01750000000000007,0.66375,0.59125,0.68125,0.81375,0.0724999999999999,-0.01750000000000007,-0.15000000000000002,0.0,-0.2128292445678179,-0.1311724511491112,-0.1354853497452038,-0.262842501027414,True,False,False
S1_P400,NUDT16L1,False,-0.125,0.14625,0.39375,0.19125,0.27125,-0.2475,-0.04500000000000001,-0.125,0.0,0.1670001800854507,-0.02367437965793506,0.1031097606585301,0.05715307391475211,False,False,False
S1_P400,OBFC1,False,-0.4875,0.25375,0.78125,0.59125,0.74125,-0.5275000000000001,-0.3375000000000001,-0.4875,-0.564298339,0.07979966459867043,-0.3158509155228418,-0.0940718622429489,-0.1967792421685005,False,False,False
S1_P400,OGG1,False,0.12250000000000005,0.43625,0.31375,0.41875,0.30375,0.12250000000000005,0.017500000000000016,0.1325,-0.071294253,-0.04704437455742012,0.02303472424073494,-0.01762442553080815,0.04710701705838449,True,True,True
S1_P400,OTUB1,False,0.19500000000000006,0.95125,0.75625,0.64625,0.87625,0.19500000000000006,0.30500000000000005,0.07500000000000007,-0.378512364,-0.7768008986683559,-0.27467749437303,-0.1187291161635041,-0.350446982983911,True,True,True
S1_P400,PAGR1,False,-0.1625,0.08625,0.07375,0.24875,0.43875,0.012499999999999997,-0.1625,-0.3525,-0.116294636,0.2390722307870445,0.2003528812614954,0.07514139322518978,-0.01994426881530635,True,False,False
S1_P400,PAPD7,False,-0.23750000000000002,0.24375,0.48125,0.56625,0.46375,-0.23750000000000002,-0.3225,-0.22,-0.396676612,0.08444522350181523,-0.07471675650774681,-0.08372449059869158,-0.02792870586911504,False,False,False
S1_P400,PARG,False,-0.3575,0.37875,0.66625,0.82125,0.73625,-0.28750000000000003,-0.44250000000000006,-0.3575,0.0,-0.0102414667125393,-0.1930475947191714,-0.2487747527928172,-0.1894997971874511,False,False,False
S1_P400,PARP1,False,0.022499999999999964,0.98375,0.98875,0.96125,0.73125,-0.0050000000000000044,0.022499999999999964,0.25250000000000006,-0.115063531,-1.212357324418439,-1.020451014742789,-0.7590083229913382,-0.1833844569311218,False,True,True
S1_P400,PARP10,False,-0.09750000000000003,0.25875,0.35625,0.33125,0.53625,-0.09750000000000003,-0.07250000000000001,-0.2775,-0.045760626,0.07604453343799764,-0.001606224810734837,0.0368471713350873,-0.08100038793079663,False,False,False
S1_P400,PARP2,False,0.1150000000000001,0.77375,0.62625,0.65875,0.75875,0.14750000000000008,0.1150000000000001,0.015000000000000013,0.0,-0.306948002997281,-0.1569537413328835,-0.1263418720677958,-0.2079855311465411,True,True,True
S1_P400,PARP4,False,-0.13500000000000006,0.44625,0.58125,0.75375,0.55625,-0.13500000000000006,-0.30750000000000005,-0.11000000000000004,0.0,-0.05210550706583784,-0.1298799979662491,-0.1809318900415574,-0.0885873676333097,False,False,False
S1_P400,PARP9,False,-0.2025,0.52625,0.54625,0.85125,0.72875,-0.020000000000000018,-0.32499999999999996,-0.2025,-0.184186894,-0.1048033403734152,-0.1061486194282518,-0.312626317361222,-0.1825711280893234,False,False,False
S1_P400,PARPBP,False,-0.195,0.21375,0.40875,0.72125,0.32125,-0.195,-0.5075,-0.10749999999999998,0.0,0.1046354799832077,-0.03019493504500852,-0.1641449317548317,0.04260139586913692,False,False,False
S1_P400,PAXIP1,False,0.09749999999999992,0.86625,0.55625,0.76875,0.88125,0.30999999999999994,0.09749999999999992,-0.015000000000000013,-0.065410833,-0.4927032005795115,-0.1110820310632095,-0.1958959284159242,-0.3507853039364729,True,True,False
S1_P400,PDS5A,False,0.007500000000000007,0.18875,0.21875,0.08375,0.18125,-0.03,0.105,0.007500000000000007,0.0,0.1286291338006739,0.08834409198232507,0.1919529919720085,0.1167024972709549,False,True,True
S1_P400,PDS5B,False,0.1225,0.56375,0.44125,0.13125,0.84875,0.1225,0.4325,-0.28500000000000003,0.0,-0.130000975488901,-0.05961127156787931,0.1608112533908891,-0.3173735568046527,True,True,False
S1_P400,PIF1,False,-0.875,0.09375,0.03625,0.96875,0.97375,0.0575,-0.875,-0.88,-0.544424052,0.2373098990373148,0.2472074464363471,-0.8186999173879601,-0.9114656829096213,True,False,False
S1_P400,PML,False,0.057499999999999996,0.27625,0.05875,0.21875,0.45125,0.2175,0.057499999999999996,-0.175,0.0,0.06196164956719086,0.2122683568070315,0.09535448905625779,-0.02401857706923908,True,True,False
S1_P400,PMS1,False,0.145,0.32125,0.37375,0.06625,0.17625,-0.05250000000000005,0.255,0.145,-0.189197246,0.03156506113670613,-0.01717909728322227,0.2108904840491679,0.1202354531980466,False,True,True
S1_P400,PMS2,False,-0.37,0.15125,0.36625,0.77625,0.52125,-0.21500000000000002,-0.625,-0.37,-0.021902118,0.1646687327407017,-0.01200632945185079,-0.2027196061155273,-0.06744279499798131,False,False,False
S1_P400,PNKP,False,0.03500000000000003,0.80125,0.91375,0.57375,0.76625,-0.11249999999999993,0.22750000000000004,0.03500000000000003,0.0,-0.3398966698931581,-0.5355974602106721,-0.08767983971937987,-0.2169656090346834,False,True,True
S1_P400,POLB,False,0.1725,0.32375,0.26125,0.08625,0.15125,0.0625,0.2375,0.1725,0.0,0.02838357101585309,0.05612975218318746,0.1898687454052347,0.148893562389843,True,True,True
S1_P400,POLD4,False,0.020000000000000018,0.68125,0.66125,0.58125,0.74875,0.020000000000000018,0.09999999999999998,-0.0675,0.0,-0.2267636144354214,-0.1827100420280082,-0.08860829126262595,-0.1999419795750573,True,True,False
S1_P400,POLG,False,0.15249999999999997,0.89125,0.93625,0.33375,0.73875,-0.04500000000000004,0.5575,0.15249999999999997,0.0,-0.5398833080853627,-0.6045967370303653,0.03612001888093792,-0.1909432827900079,False,True,True
S1_P400,POLG2,False,0.7275,0.76125,0.83125,0.03375,0.00125,-0.07000000000000006,0.7275,0.76,-0.325768684,-0.2987819212348332,-0.3903176492037281,0.2712726780597084,0.7250001879328754,False,True,True
S1_P400,POLH,False,-0.20000000000000007,0.32875,0.52875,0.73375,0.49625,-0.20000000000000007,-0.405,-0.16750000000000004,0.0,0.02504180846790804,-0.09747216178442061,-0.1730004100221985,-0.05324560992333685,False,False,False
S1_P400,POLI,False,0.08000000000000002,0.33125,0.25375,0.16875,0.25125,0.07750000000000001,0.16249999999999998,0.08000000000000002,0.0,0.02372428247518171,0.06320896585288367,0.1230550788738262,0.06870311815174576,True,True,True
S1_P400,POLK,False,-0.19,0.36125,0.73875,0.51375,0.55125,-0.3775,-0.15250000000000002,-0.19,-0.090306099,0.00499850527939142,-0.263301113446766,-0.05113230078824686,-0.08796821101010766,False,False,False
S1_P400,POLL,False,0.050000000000000044,0.96875,0.97375,0.91875,0.48625,-0.0050000000000000044,0.050000000000000044,0.4825,0.0,-1.057053150982095,-0.8804288160051017,-0.496190213059025,-0.04269720885995273,False,True,True
S1_P400,POLM,False,0.275,0.66625,0.61375,0.39125,0.16125,0.05249999999999999,0.275,0.505,0.0,-0.2132446965836254,-0.1471929233678773,-0.001016816777339002,0.1375180231708014,True,True,True
S1_P400,POLQ,False,0.6975,0.99875,0.29375,0.81625,0.30125,0.7050000000000001,0.1825,0.6975,-0.240900744,-2.640176515847641,0.03631779164452128,-0.2462030391575052,0.04884361049948183,True,True,True
S1_P400,POLR2L,False,-0.33499999999999996,0.19125,0.49375,0.52625,0.93875,-0.3025,-0.33499999999999996,-0.7474999999999999,0.0,0.1246079758841887,-0.08601658093316515,-0.05884321120596973,-0.5670631514437683,False,False,False
S1_P400,PPP4C,False,0.2775000000000001,0.94125,0.66375,0.53375,0.95625,0.2775000000000001,0.4075000000000001,-0.015000000000000013,-0.394248584,-0.7476027707337648,-0.1851690816441936,-0.06057596626922557,-0.7160023541005897,True,True,False
S1_P400,PPP4R2,False,-0.265,0.09875,0.36375,0.30125,0.97125,-0.265,-0.2025,-0.8724999999999999,0.0,0.235984676729839,-0.009502615589014773,0.04829439768750987,-0.8875931285443196,False,False,False
S1_P400,PPP5C,False,-0.135,0.32625,0.18375,0.58875,0.46125,0.1425,-0.2625,-0.135,-0.077775911,0.02774476112351065,0.1026247704360352,-0.09163743145815777,-0.02624842734106651,True,False,False
S1_P400,PRDM9,False,-0.0675,0.18125,0.24875,0.61375,0.23875,-0.0675,-0.4325,-0.057499999999999996,-0.12273456,0.1346521014015655,0.06436814426232902,-0.1017130744355774,0.07425441109474325,False,False,False
S1_P400,PRIMPOL,False,0.22250000000000003,0.56125,0.13375,0.37125,0.33875,0.4275,0.19,0.22250000000000003,-0.002044561,-0.1297891994128123,0.1502352974761013,0.008357356322505297,0.03479636787937827,True,True,True
S1_P400,PRKCG,False,-0.022499999999999996,0.02125,0.04375,0.22875,0.03125,-0.022499999999999996,-0.20750000000000002,-0.009999999999999998,-0.122502064,0.4341360059497844,0.2332708929998841,0.08570665910484172,0.2699311971663961,False,False,False
S1_P400,PRMT6,False,0.04249999999999998,0.51125,0.46875,0.31375,0.59875,0.04249999999999998,0.1975,-0.08750000000000002,-0.383316776,-0.09252739868895744,-0.06470353353928522,0.04321716826343236,-0.1059492785728882,True,True,False
S1_P400,PSME4,False,-0.0175,0.05875,0.07625,0.00125,0.25625,-0.0175,0.057499999999999996,-0.19749999999999998,-0.552407687,0.3262913455259548,0.1928445870833486,0.6077080146148495,0.06678428083674721,False,True,False
S1_P400,RAB43,False,-0.03749999999999998,0.70375,0.67625,0.74125,0.87375,0.02749999999999997,-0.03749999999999998,-0.17000000000000004,0.0,-0.2491015712445122,-0.1994916420848726,-0.1768064259449733,-0.349771965199913,True,False,False
S1_P400,RAD1,False,-0.2849999999999999,0.56625,0.85125,0.94625,0.35625,-0.2849999999999999,-0.38,0.21000000000000002,-0.539784258,-0.1340798519691426,-0.4283175524543239,-0.6238544678985087,0.02197092524513285,False,False,True
S1_P400,RAD18,False,-0.10999999999999999,0.21875,0.81875,0.05625,0.32875,-0.6,0.1625,-0.10999999999999999,0.0,0.09929109557465754,-0.3803463659770494,0.2317304579779272,0.04206904941082076,False,True,False
S1_P400,RAD21,False,-0.26,0.43875,0.39625,0.69875,0.95125,0.04249999999999998,-0.26,-0.5125000000000001,0.0,-0.04725308777276149,-0.02714055670989464,-0.1470072467186377,-0.7009846363899941,True,False,False
S1_P400,RAD21L1,False,-0.0175,0.04375,0.19875,0.03625,0.06125,-0.15500000000000003,0.0075,-0.0175,-0.187925935,0.336178209469271,0.09507058526169561,0.2665299595147642,0.2293770684368031,False,True,False
S1_P400,RAD23A,False,-0.375,0.03125,0.00875,0.43875,0.40625,0.0225,-0.4075,-0.375,-0.148135594,0.3836310523615366,0.4778803673961337,-0.02472699885096944,-0.004743376923441012,True,False,False
S1_P400,RAD23B,False,0.057499999999999996,0.81625,0.75875,0.46625,0.87875,0.057499999999999996,0.35000000000000003,-0.0625,0.0,-0.3675312639318862,-0.2778084045727291,-0.03188970146470889,-0.3506778287126289,True,True,False
S1_P400,RAD50,False,0.03500000000000003,0.95375,0.91875,0.95125,0.68625,0.03500000000000003,0.0024999999999999467,0.26749999999999996,-0.475314724,-0.7796591588006633,-0.5482852327411438,-0.7024242352606801,-0.1576047119857356,True,True,True
S1_P400,RAD51AP1,False,-0.315,0.38875,0.82375,0.70375,0.54625,-0.435,-0.315,-0.15750000000000003,0.0,-0.02462314181298971,-0.3873143523825284,-0.1488480926584727,-0.08382619694076698,False,False,False
S1_P400,RAD51B,False,0.015000000000000013,0.99625,0.98375,0.98125,0.52625,0.012499999999999956,0.015000000000000013,0.47,-0.184070715,-1.729264179681142,-0.985189859161968,-1.123963667849686,-0.07292011878767068,True,True,True
S1_P400,RAD51D,False,-0.015000000000000013,0.93625,0.95125,0.97375,0.78875,-0.015000000000000013,-0.03749999999999998,0.14750000000000008,-0.617917546,-0.7390470636484583,-0.7534471525695502,-1.039534853066426,-0.2377519852519545,False,False,True
S1_P400,RAD52,False,-0.27249999999999996,0.46875,0.74125,0.27375,0.84125,-0.27249999999999996,0.195,-0.37250000000000005,0.0,-0.06247036145888352,-0.2644936205098407,0.06384932251777187,-0.3024055132591396,False,True,False
S1_P400,RAD54B,False,-0.2025,0.14875,0.35125,0.80875,0.27875,-0.2025,-0.6599999999999999,-0.13,0.0,0.1661285085917431,-0.001276256989087773,-0.2399609864423112,0.05504864856343458,False,False,False
S1_P400,RAD54L,False,-0.14500000000000002,0.73125,0.87625,0.93375,0.38125,-0.14500000000000002,-0.2025,0.35,0.0,-0.2761845510469937,-0.4682806611770688,-0.5467644075464287,0.008633124360454929,False,False,True
S1_P400,RAD9B,False,0.16499999999999992,0.97125,0.80625,0.37375,0.89875,0.16499999999999992,0.5974999999999999,0.0724999999999999,-0.857134952,-1.097579611699346,-0.3559486076976455,0.008246396260186195,-0.4242879620221252,True,True,True
S1_P400,RCHY1,False,0.29000000000000004,0.82875,0.78875,0.43375,0.53875,0.040000000000000036,0.39499999999999996,0.29000000000000004,0.0,-0.4098577638321503,-0.3225033457406667,-0.02393639987146597,-0.08143296180229553,True,True,True
S1_P400,REC8,False,0.22499999999999998,0.38375,0.48875,0.13875,0.15875,-0.10500000000000004,0.24499999999999997,0.22499999999999998,0.0,-0.01568084406237955,-0.08449235611957251,0.1464931698913592,0.1454605863880225,False,True,True
S1_P400,RECQL,False,-0.08249999999999999,0.12375,0.07125,0.53125,0.20625,0.052500000000000005,-0.4075,-0.08249999999999999,-0.114059735,0.2000814478637851,0.2008098525452221,-0.0605176260350094,0.1013765878519964,True,False,False
S1_P400,RECQL5,False,-0.09249999999999997,0.16375,0.25625,0.26625,0.10875,-0.09249999999999997,-0.10249999999999998,0.05500000000000001,-0.818881144,0.1430285982569166,0.05792915298231806,0.0669702234189935,0.1753400182353563,False,False,True
S1_P400,REV1,False,-0.29250000000000004,0.48625,0.57375,0.92375,0.77875,-0.08749999999999997,-0.43749999999999994,-0.29250000000000004,-0.55471341,-0.07827738512485918,-0.1269925017330837,-0.5167762684409102,-0.230869746653321,False,False,False
S1_P400,REV3L,False,0.17999999999999994,0.88625,0.67125,0.90125,0.70625,0.21499999999999997,-0.015000000000000013,0.17999999999999994,0.0,-0.5342295512045667,-0.1954067898314623,-0.4051189060818975,-0.1696856906259154,True,False,True
S1_P400,REXO4,False,0.1925,0.72625,0.44375,0.60625,0.53375,0.2825,0.12,0.1925,-0.30833954,-0.2734257537165739,-0.05965971096443375,-0.09800733859153712,-0.0780442475258658,True,True,True
S1_P400,RFWD3,False,0.0,0.60625,0.60625,0.91375,0.34375,0.0,-0.3075,0.26249999999999996,0.0,-0.1720065564479191,-0.1389566770843757,-0.4765390181301421,0.03212381836185596,False,False,True
S1_P400,RHNO1,False,0.039999999999999925,0.98125,0.94125,0.96375,0.75375,0.039999999999999925,0.01749999999999996,0.22749999999999992,-0.364218916,-1.209730114175151,-0.6428413263748973,-0.7726074319484632,-0.2022912238064398,True,True,True
S1_P400,RIF1,False,-0.40249999999999997,0.15625,0.00375,0.78125,0.55875,0.1525,-0.625,-0.40249999999999997,-0.211148309,0.1484630638708899,0.5120730666011851,-0.2109465468395807,-0.0894006209873049,True,False,False
S1_P400,RMI1,False,-0.49750000000000005,0.08875,0.58625,0.58625,0.33625,-0.49750000000000005,-0.49750000000000005,-0.2475,0.0,0.2385519775732458,-0.1302392548537831,-0.09126587648515964,0.0350258703335764,False,False,False
S1_P400,RMI2,False,-0.5900000000000001,0.14375,0.80375,0.60125,0.73375,-0.6599999999999999,-0.45749999999999996,-0.5900000000000001,-0.69942997,0.1724117720386425,-0.3447145167939681,-0.09684346450570036,-0.1869694641333002,False,False,False
S1_P400,RNASEH2A,False,0.0050000000000000044,0.72375,0.65375,0.83375,0.71875,0.06999999999999995,-0.10999999999999999,0.0050000000000000044,-0.445610362,-0.2718187244912698,-0.1760554248428129,-0.2623423685453489,-0.1756583816980347,True,False,True
S1_P400,RNF111,False,0.16249999999999998,0.67125,0.50875,0.33625,0.93125,0.16249999999999998,0.335,-0.26,-0.209043035,-0.2200901369309246,-0.08897927902977276,0.0355894124740416,-0.5397983962275074,True,True,False
S1_P400,RNF138,False,-0.2725,0.07375,0.34625,0.68625,0.33125,-0.2725,-0.6125,-0.2575,-0.223004786,0.2866152040997894,0.001769626648062683,-0.1374054832061011,0.03900272522682526,False,False,False
S1_P400,RNF168,False,-0.54,0.41375,0.97125,0.95375,0.11625,-0.5574999999999999,-0.54,0.2975,0.0,-0.03904539077672794,-0.8783410180574943,-0.7286230050441176,0.1733328437557997,False,False,True
S1_P400,RNF169,False,-0.20249999999999996,0.30875,0.08375,0.73125,0.51125,0.22500000000000003,-0.42249999999999993,-0.20249999999999996,-0.075356292,0.04028605812084167,0.1915823955890805,-0.1727249483456306,-0.0601941668739685,True,False,False
S1_P400,RNF8,True,-0.13749999999999996,0.83375,0.99875,0.97125,0.93375,-0.16500000000000004,-0.13749999999999996,-0.09999999999999998,-1.00248375,-0.414602888592106,-2.755723271270231,-0.9276603040430118,-0.5460889057116148,False,False,False
S1_P400,RPA4,False,0.1825,0.47875,0.15375,0.29625,0.49125,0.325,0.1825,-0.012500000000000011,-0.133044892,-0.07037319062586325,0.1240076040001976,0.05161186712232817,-0.05009095635703426,True,True,False
S1_P400,RRM2B,False,0.2675,0.59875,0.33125,0.48375,0.31125,0.2675,0.11499999999999999,0.2875,0.0,-0.1672964639092958,0.00711053761132726,-0.03875798996051394,0.04459694921638935,True,True,True
S1_P400,RTEL1,False,0.0024999999999999467,0.90625,0.65875,0.90375,0.97875,0.24750000000000005,0.0024999999999999467,-0.07250000000000001,0.0,-0.637243660285995,-0.1802754587650751,-0.4331643659487803,-0.9471640184065759,True,True,False
S1_P400,SAMHD1,False,-0.6325,0.02375,0.06125,0.65625,0.94375,-0.0375,-0.6325,-0.9199999999999999,0.0,0.4088145516884868,0.2087786280931413,-0.1260511100346594,-0.612322913404035,False,False,False
S1_P400,SETD2,False,-0.15750000000000003,0.20375,0.36125,0.18375,0.67625,-0.15750000000000003,0.01999999999999999,-0.47250000000000003,-0.734118634,0.1081319582697031,-0.007019836975335222,0.1091872509364628,-0.1479001693929973,False,True,False
S1_P400,SETMAR,False,0.14250000000000002,0.42625,0.15125,0.28375,0.68375,0.275,0.14250000000000002,-0.25749999999999995,0.0,-0.04412076804086788,0.1288866379788249,0.05396800926564094,-0.1575824378029276,True,True,False
S1_P400,SETX,False,0.32750000000000007,0.70625,0.39125,0.28875,0.37875,0.31500000000000006,0.41750000000000004,0.32750000000000007,0.0,-0.2518738335828911,-0.02223060513807902,0.05337082649490407,0.01031465302167747,True,True,True
S1_P400,SFR1,False,0.2599999999999999,0.78375,0.52375,0.76625,0.17375,0.2599999999999999,0.01749999999999996,0.61,-0.325114387,-0.3188997111125185,-0.09634192705767605,-0.1954810382907978,0.1270044549090514,True,True,True
S1_P400,SHPRH,False,0.22750000000000004,0.62375,0.49875,0.39625,0.04125,0.125,0.22750000000000004,0.5825,-0.372350213,-0.180551434991715,-0.08671055751184209,-0.004724801172496591,0.2647848143718329,True,True,True
S1_P400,SIRT1,False,0.395,0.82125,0.51375,0.05125,0.42625,0.3075,0.77,0.395,0.0,-0.3696910309713533,-0.09213674430127217,0.2346256857451801,-0.01586115352078554,True,True,True
S1_P400,SIRT6,False,-0.2925,0.26625,0.55875,0.51875,0.88875,-0.2925,-0.25250000000000006,-0.6225,-0.398202391,0.06839993532716404,-0.1225603968076152,-0.05369820839040577,-0.363215178570778,False,False,False
S1_P400,SLC30A9,False,0.4099999999999999,0.53375,0.84125,0.12375,0.00375,-0.3075000000000001,0.4099999999999999,0.5299999999999999,-0.183532377,-0.1099131984700918,-0.412392458302078,0.1648339180389963,0.5089229663536128,False,True,True
S1_P400,SLX1A,False,-0.05499999999999999,0.27375,0.38375,0.32875,0.12375,-0.10999999999999999,-0.05499999999999999,0.15,-0.542115743,0.06532235711039722,-0.02094310368726878,0.0370828923605333,0.1627762657111728,False,False,True
S1_P400,SLX4,False,-0.05249999999999999,0.17125,0.22375,0.04375,0.45625,-0.05249999999999999,0.1275,-0.285,-0.295062931,0.1393044333899575,0.08650102516773472,0.2525387980902459,-0.02529359133399733,False,True,False
S1_P400,SMARCAD1,False,-0.18500000000000003,0.17375,0.16125,0.35875,0.39125,0.012499999999999983,-0.18500000000000003,-0.2175,-0.201842862,0.1385554559073333,0.1185556745183479,0.02010997255213098,0.003661973130306251,True,False,False
S1_P400,SMARCAL1,False,-0.275,0.56875,0.21375,0.84375,0.99125,0.355,-0.275,-0.4225,-0.153691274,-0.1411653762328511,0.08876172836598592,-0.2873728284759345,-1.353205955218391,True,False,False
S1_P400,SMARCB1,False,0.09250000000000003,0.82375,0.73125,0.76125,0.69125,0.09250000000000003,0.0625,0.13249999999999995,0.0,-0.3704240096989242,-0.2549004090815723,-0.191957702745151,-0.1592033009874134,True,True,True
S1_P400,SMC5,False,0.39,0.88375,0.79125,0.49375,0.08875,0.09250000000000003,0.39,0.795,0.0,-0.5333549600924211,-0.3260348651317909,-0.04002096433302486,0.2042440155679978,True,True,True
S1_P400,SMCHD1,False,-0.14749999999999996,0.50875,0.14375,0.70875,0.65625,0.36500000000000005,-0.19999999999999996,-0.14749999999999996,0.0,-0.09178780203017345,0.1380045790681494,-0.1516955830918669,-0.1307534771879816,True,False,False
S1_P400,SMEK2,False,-0.255,0.09625,0.03125,0.36625,0.35125,0.065,-0.27,-0.255,0.0,0.2371118842703145,0.2676334358449582,0.01261842878643711,0.02970404827967747,True,False,False
S1_P400,SMG1,False,0.19749999999999998,0.33625,0.13875,0.14625,0.07875,0.19749999999999998,0.19,0.2575,-0.413889398,0.02204217430098761,0.1456008289890066,0.1430828958812406,0.2096383702592028,True,True,True
S1_P400,SMUG1,False,-0.1825,0.11625,0.30375,0.29875,0.28625,-0.1875,-0.1825,-0.16999999999999998,-0.485150795,0.2158645110190244,0.0294342175703924,0.04891509817965615,0.05222061891686102,False,False,False
S1_P400,SPATA22,False,0.05500000000000001,0.06625,0.01125,0.07625,0.01125,0.05500000000000001,-0.009999999999999995,0.05500000000000001,-0.336007479,0.3096967293077146,0.4589765427137117,0.1987632781779562,0.3566553789345784,True,False,True
S1_P400,SPIDR,False,-0.10999999999999999,0.74125,0.55125,0.93125,0.85125,0.18999999999999995,-0.19000000000000006,-0.10999999999999999,-0.149913636,-0.2799047494551754,-0.1062044641767506,-0.5300875991939332,-0.32561889528125,True,False,False
S1_P400,SPIRE1,False,0.35250000000000004,0.48125,0.31875,0.11125,0.12875,0.16250000000000003,0.37,0.35250000000000004,-0.038917366,-0.07070114984576792,0.0204928742596621,0.1760053603760875,0.1591377935905975,True,True,True
S1_P400,SPIRE2,False,0.22499999999999998,0.45375,0.13125,0.40875,0.22875,0.3225,0.044999999999999984,0.22499999999999998,0.0,-0.05673095800409866,0.1504643886488237,-0.01302437394873627,0.08596870327737884,True,True,True
S1_P400,SPO11,False,0.3,0.68875,0.38875,0.32375,0.39625,0.3,0.365,0.2925,0.0,-0.2337493851786327,-0.02191921593085559,0.03979009930716307,0.003374571206883264,True,True,True
S1_P400,SPRTN,False,-0.025000000000000022,0.34125,0.56375,0.24125,0.36625,-0.22249999999999998,0.1,-0.025000000000000022,0.0,0.01775748217060628,-0.123379695858523,0.07788281811256859,0.01885284935029663,False,True,False
S1_P400,STRA13,False,-0.27999999999999997,0.42375,0.77125,0.50375,0.70375,-0.3475,-0.08000000000000002,-0.27999999999999997,-0.346041014,-0.04204339826316725,-0.3064790880893569,-0.04906165641392517,-0.1680656867506984,False,False,False
S1_P400,STUB1,False,-0.020000000000000004,0.03625,0.03375,0.16125,0.05625,0.0024999999999999953,-0.125,-0.020000000000000004,-0.291607234,0.3513806795779025,0.2485406563727819,0.1299654014952719,0.2390220175312425,True,False,False
S1_P400,SUMO1,False,0.07000000000000006,0.64875,0.57875,0.74375,0.25375,0.07000000000000006,-0.09499999999999997,0.3950000000000001,-0.532046528,-0.1972327276432842,-0.1296902132211719,-0.177869906835677,0.06858895959126136,True,False,True
S1_P400,SUV420H1,False,-0.735,0.04875,0.53375,0.78375,0.80625,-0.48499999999999993,-0.735,-0.7575000000000001,0.0,0.3344882649878381,-0.09951877578584838,-0.2114004514135628,-0.2539420748893916,False,False,False
S1_P400,SUV420H2,False,-0.025000000000000022,0.34875,0.28875,0.53625,0.37375,0.06,-0.1875,-0.025000000000000022,0.0,0.009874334018660523,0.04105783939905076,-0.06070110850797465,0.01380768563754842,True,False,False
S1_P400,SWI5,False,0.012500000000000067,0.98875,0.99625,0.97625,0.89125,-0.007499999999999951,0.012500000000000067,0.09750000000000003,0.0,-1.26121794223377,-1.519976563803023,-1.068748504878352,-0.3848788415190763,False,True,True
S1_P400,SWSAP1,False,0.21499999999999997,0.75625,0.44875,0.89375,0.54125,0.3075,-0.13750000000000007,0.21499999999999997,0.0,-0.2960821170618,-0.06099686552544625,-0.3922833652298984,-0.08229573333181683,True,False,True
S1_P400,SYCP1,False,0.05249999999999999,0.48375,0.69375,0.34875,0.43125,-0.20999999999999996,0.135,0.05249999999999999,0.0,-0.07782871385364028,-0.2122329292764564,0.0278620815443967,-0.0181222621344029,False,True,True
S1_P400,TAOK1,False,-0.21250000000000002,0.07875,0.29125,0.77125,0.11875,-0.21250000000000002,-0.6925,-0.039999999999999994,0.0,0.2528900117893464,0.03917142201350732,-0.1973457946723009,0.1696568910307503,False,False,False
S1_P400,TAOK3,False,0.04249999999999998,0.20875,0.02625,0.16625,0.40125,0.1825,0.04249999999999998,-0.1925,-0.408920548,0.1056054826876631,0.3216864106824704,0.123588043059408,-0.0001488926406310043,True,True,False
S1_P400,TCEA1,False,-0.24,0.10375,0.34375,0.35375,0.19625,-0.24,-0.25,-0.09250000000000001,-0.037678923,0.2320817493732797,0.002598800595524274,0.02302786098691516,0.1039205287233879,False,False,False
S1_P400,TDG,False,0.025000000000000022,0.62125,0.59625,0.55625,0.77125,0.025000000000000022,0.06499999999999995,-0.15000000000000002,0.0,-0.1803952857571306,-0.1323110946930376,-0.0752029257738996,-0.2227229600181794,True,True,False
S1_P400,TDP1,False,-0.08750000000000002,0.59375,0.68125,0.70625,0.60625,-0.08750000000000002,-0.11250000000000004,-0.012499999999999956,-0.238560948,-0.1642989430972534,-0.2038151214618299,-0.1508047539117759,-0.1119659780006644,False,False,False
S1_P400,TDP2,False,0.0325,0.15875,0.27125,0.12625,0.08125,-0.11249999999999999,0.0325,0.0775,-0.481434871,0.1469582652715077,0.04996902023647716,0.1648115462895197,0.2087060395271467,False,True,True
S1_P400,TERF2IP,False,-0.10250000000000004,0.31375,0.41625,0.19375,0.43625,-0.10250000000000004,0.11999999999999997,-0.12250000000000005,-0.489517278,0.03679447556696417,-0.03427105782530226,0.1027367559542839,-0.01983125252613416,False,True,False
S1_P400,TEX12,False,-0.24250000000000002,0.05125,0.26375,0.72625,0.29375,-0.2125,-0.6749999999999999,-0.24250000000000002,0.0,0.3309413973520613,0.05547884983383729,-0.1694582118992519,0.04995545018330801,False,False,False
S1_P400,TEX15,False,0.2975,0.69875,0.40125,0.33875,0.49875,0.2975,0.36,0.19999999999999996,0.0,-0.248212171419985,-0.02831673493153246,0.0344358518147588,-0.05505738313978773,True,True,True
S1_P400,TFPT,False,0.125,0.93875,0.81375,0.57875,0.99875,0.125,0.36,-0.06000000000000005,-0.935628435,-0.7438610272225876,-0.3784696269221501,-0.08859524230017835,-1.900094278694839,True,True,False
S1_P400,TMEM161A,False,0.0,0.66875,0.66875,0.68375,0.44125,0.0,-0.015000000000000013,0.22749999999999998,0.0,-0.2168302107229058,-0.1949550966393142,-0.1357211912269299,-0.0219788700057979,False,False,True
S1_P400,TNKS1BP1,False,0.03999999999999998,0.17625,0.12375,0.41625,0.13625,0.05249999999999999,-0.24000000000000002,0.03999999999999998,0.0,0.1381554898700674,0.1582892119763685,-0.01521397531544662,0.156882553504292,True,False,True
S1_P400,TNP1,False,0.15749999999999997,0.44125,0.23125,0.45625,0.28375,0.20999999999999996,-0.015000000000000013,0.15749999999999997,0.0,-0.04955587691984216,0.08139056838512844,-0.02903630358136944,0.05233062315152785,True,False,True
S1_P400,TOP3A,False,-0.2775000000000001,0.23625,0.87875,0.47625,0.51375,-0.6425000000000001,-0.24000000000000002,-0.2775000000000001,-0.513001478,0.08799401461432352,-0.4683085516302686,-0.03723512983470659,-0.06073947346021802,False,False,False
S1_P400,TP53,False,-0.065,0.00125,0.67375,0.00375,0.06625,-0.6725,-0.0024999999999999996,-0.065,0.0,1.127095673534286,-0.1977682599709532,0.5733939461526075,0.2228283557299902,False,False,False
S1_P400,TP53BP1,False,0.4925,0.58875,0.09625,0.01375,0.14625,0.4925,0.575,0.4425,-0.151928587,-0.1555946812338987,0.1850014524704182,0.3447176094459229,0.1516660887639191,True,True,True
S1_P400,TP73,False,0.12,0.20625,0.08625,0.28625,0.04375,0.12,-0.08000000000000002,0.16249999999999998,0.0,0.1069431680204066,0.1899666697958864,0.05341194033731966,0.259088150354327,True,False,True
S1_P400,TREX1,False,-0.15250000000000002,0.14125,0.54875,0.29375,0.17125,-0.4075,-0.15250000000000002,-0.030000000000000027,0.0,0.1760098914847884,-0.1061880138006931,0.05215875835043245,0.1292031829339629,False,False,False
S1_P400,TRIM25,False,-0.05,0.07125,0.12125,0.07125,0.36375,-0.05,0.0,-0.29250000000000004,0.0,0.2887142380120837,0.1599197899583403,0.2038700216629425,0.01910852802157607,False,False,False
S1_P400,TRIM28,False,0.1325,0.28875,0.04125,0.40625,0.15625,0.2475,-0.1175,0.1325,0.0,0.05223910568401029,0.237392785680594,-0.01115915040656897,0.1479276852323015,True,False,True
S1_P400,TRIP12,False,-0.5974999999999999,0.01375,0.61125,0.16375,0.85875,-0.5974999999999999,-0.15,-0.845,-0.639971716,0.4739883343202131,-0.1443583867421099,0.1272899401176738,-0.3300173430460716,False,False,False
S1_P400,TRIP13,True,0.04999999999999993,0.94375,0.89375,0.38375,0.92375,0.04999999999999993,0.56,0.020000000000000018,-1.118745998,-0.7481058076764637,-0.4824301557863397,0.001457149888148074,-0.4803778050511203,True,True,True
S1_P400,TRRAP,False,-0.12,0.80625,0.96125,0.01625,0.92625,-0.15500000000000003,0.79,-0.12,-0.256137258,-0.3484583411286613,-0.786672840760886,0.3052126850968715,-0.519705907959998,False,True,False
S1_P400,TTC5,False,-0.28,0.07625,0.23625,0.35625,0.80375,-0.15999999999999998,-0.28,-0.7274999999999999,0.0,0.2787030648649997,0.07975721820825354,0.02230351522875725,-0.2511411076613036,False,False,False
S1_P400,TWIST1,False,0.07250000000000001,0.63375,0.40625,0.57625,0.56125,0.22750000000000004,0.057499999999999996,0.07250000000000001,0.0,-0.1858469822200811,-0.02977891401708868,-0.08803648147763045,-0.08969874767274413,True,True,True
S1_P400,UBC,False,0.315,0.36375,0.02375,0.04875,0.10625,0.34,0.315,0.2575,0.0,0.002766631850698104,0.3518702761865828,0.236226451272044,0.1814824220012287,True,True,True
S1_P400,UBE2A,False,0.41,0.71875,0.52125,0.30875,0.13375,0.1975,0.41,0.585,-0.16327237,-0.2696568113599068,-0.09412838540634075,0.04551340687887784,0.1571813715038945,True,True,True
S1_P400,UBE2B,False,-0.02749999999999997,0.88125,0.92375,0.87375,0.90875,-0.04249999999999998,0.007499999999999951,-0.02749999999999997,-0.701380644,-0.5231344288375239,-0.5531522022982311,-0.3492573188217797,-0.4456441350558924,False,True,False
S1_P400,UBE2D3,False,0.16249999999999998,0.93125,0.88125,0.31875,0.76875,0.050000000000000044,0.6125,0.16249999999999998,-0.899603533,-0.7348018838366804,-0.4731848661512008,0.04126797572811616,-0.221283019586371,True,True,True
S1_P400,UBE2L6,False,-0.11499999999999999,0.58625,0.58875,0.70125,0.75625,-0.0024999999999999467,-0.11499999999999999,-0.16999999999999993,0.0,-0.1493033060793823,-0.1305852914296519,-0.1478922982084671,-0.2039382953604652,False,False,False
S1_P400,UBE2N,True,-0.4049999999999999,0.50375,0.96875,0.90875,0.46625,-0.46499999999999997,-0.4049999999999999,0.03750000000000003,-1.012790086,-0.09035985139326344,-0.8594565307012154,-0.4486186852598265,-0.0294163980912566,False,False,True
S1_P400,UBE2T,False,-0.0824999999999999,0.71625,0.79875,0.95875,0.65375,-0.0824999999999999,-0.24249999999999994,0.0625,0.0,-0.2625467684821658,-0.334594514392989,-0.7479291155428175,-0.129384431298979,False,False,True
S1_P400,UBE2U,False,0.21750000000000003,0.51375,0.36875,0.14375,0.29625,0.14500000000000002,0.37000000000000005,0.21750000000000003,0.0,-0.09370041432128348,-0.01555913667334563,0.1436430807208174,0.0494845335426241,True,True,True
S1_P400,UBE2V1,False,0.24500000000000005,0.65375,0.78375,0.26875,0.40875,-0.1299999999999999,0.38500000000000006,0.24500000000000005,-0.259974802,-0.2033190151349801,-0.320168439135748,0.06638431430943367,-0.005290417698026406,False,True,True
S1_P400,UBE2V2,True,0.0025000000000000022,0.34375,0.63125,0.21625,0.34125,-0.2875,0.1275,0.0025000000000000022,-1.026479898,0.01380366377577369,-0.1597331867610833,0.09657282362022057,0.032481693706226,False,True,True
S1_P400,UBE2W,False,0.15749999999999997,0.79625,0.63875,0.36875,0.83125,0.15749999999999997,0.4275,-0.03500000000000003,0.0,-0.3306440063275115,-0.1677736451452826,0.008742996703518337,-0.2972291534639848,True,True,False
S1_P400,UBR5,True,0.135,0.97375,0.11625,0.83875,0.88625,0.8575,0.135,0.08750000000000002,-1.137669476,-1.136531135097681,0.1641195378546207,-0.2777633899100859,-0.3552568708714848,True,True,True
S1_P400,UCHL5,False,0.03750000000000009,0.76375,0.72625,0.06375,0.96625,0.03750000000000009,0.7000000000000001,-0.2025,-0.463426103,-0.3032429919854502,-0.244000385714731,0.2188889853719151,-0.7836797595749441,True,True,False
S1_P400,UHRF1,True,0.235,0.90875,0.76625,0.67375,0.42875,0.14249999999999996,0.235,0.4799999999999999,-1.076685134,-0.6450530004274274,-0.2826645703033058,-0.1325014204349415,-0.01642710706521719,True,True,True
S1_P400,UIMC1,False,0.52,0.66125,0.14125,0.42875,0.06875,0.52,0.23249999999999998,0.5925,0.0,-0.2122515453446847,0.1382948936425168,-0.02178554874098874,0.2191547383874647,True,True,True
S1_P400,UNG,False,0.022499999999999992,0.24875,0.43375,0.22625,0.15375,-0.18500000000000003,0.022499999999999992,0.095,-0.517226991,0.08229703881120778,-0.04612076460257282,0.09241267265458515,0.1486299369177927,False,True,True
S1_P400,USP1,False,-0.37250000000000005,0.46375,0.83625,0.87625,0.69875,-0.37250000000000005,-0.4125,-0.235,0.0,-0.05933469865142953,-0.4027543284378008,-0.3664119660808773,-0.1665133530470705,False,False,False
S1_P400,USP10,False,-0.16749999999999993,0.49625,0.69125,0.66375,0.22375,-0.195,-0.16749999999999993,0.2725,-0.236487994,-0.08390383061619938,-0.2107719130982682,-0.1281150330446944,0.08936119743609097,False,False,True
S1_P400,USP28,False,-0.08249999999999999,0.00625,0.08875,0.18875,0.05125,-0.08249999999999999,-0.1825,-0.045,-0.071454259,0.6085832303054756,0.1880141001312552,0.1062930002410214,0.2469091515831732,False,False,False
S1_P400,USP3,False,-0.19,0.01875,0.05625,0.61875,0.20875,-0.037500000000000006,-0.6,-0.19,0.0,0.4377666696599314,0.215018699269591,-0.10548498360619,0.1009068506089011,False,False,False
S1_P400,USP43,False,-0.1875,0.30125,0.14875,0.48875,0.58125,0.15250000000000002,-0.1875,-0.28,-0.464020336,0.04171548147876436,0.1361281959096091,-0.03893645795640799,-0.09695211754727748,True,False,False
S1_P400,USP45,False,0.022500000000000075,0.52875,0.61625,0.50625,0.17875,-0.08749999999999991,0.022500000000000075,0.3500000000000001,-0.011244001,-0.1066204684675844,-0.1482872545607081,-0.04947048131468949,0.1194497558957179,False,True,True
S1_P400,USP47,False,0.32500000000000007,0.57625,0.23375,0.25125,0.78375,0.3425,0.32500000000000007,-0.2074999999999999,0.0,-0.1467933318982809,0.08028340002882602,0.07302231360457097,-0.2344034596356446,True,True,False
S1_P400,USP51,False,-0.04249999999999998,0.22375,0.45125,0.23125,0.26625,-0.22749999999999998,-0.007500000000000007,-0.04249999999999998,-0.201564363,0.09689532108612757,-0.06224350464473834,0.08463879889535786,0.06291868455918159,False,False,False
S1_P400,USP7,False,-0.26250000000000007,0.59625,0.85875,0.74625,0.91125,-0.26250000000000007,-0.15000000000000002,-0.31500000000000006,-0.201008299,-0.1650094085081699,-0.4360807484356881,-0.1780099936365797,-0.4507555717322863,False,False,False
S1_P400,UVRAG,False,0.11499999999999999,0.96375,0.84875,0.40375,0.98625,0.11499999999999999,0.56,-0.022499999999999964,-0.264635037,-0.9001218925222121,-0.4277471221293317,-0.00823293371964872,-1.004329336582972,True,True,False
S1_P400,WAS,False,0.05999999999999994,0.72125,0.71375,0.55375,0.66125,0.007499999999999951,0.16749999999999998,0.05999999999999994,0.0,-0.2717037576451119,-0.2274548812679573,-0.07507866784879107,-0.1332684460406495,True,True,True
S1_P400,WDR48,False,-0.10999999999999999,0.76875,0.94375,0.87875,0.38625,-0.17499999999999993,-0.10999999999999999,0.38250000000000006,0.0,-0.3037155893849991,-0.6751813079583364,-0.3677974423130085,0.005387696936182351,False,False,True
S1_P400,WHSC1,False,0.04250000000000009,0.64375,0.74625,0.46875,0.60125,-0.10249999999999992,0.17500000000000004,0.04250000000000009,-0.272981998,-0.1956080815990469,-0.2674660601206109,-0.03288853313956963,-0.1059768495325357,False,True,True
S1_P400,WRAP53,False,-0.405,0.00875,0.04875,0.66125,0.41375,-0.04,-0.6525,-0.405,0.0,0.5713133826780159,0.228941597250295,-0.127865053942231,-0.00993553878031772,False,False,False
S1_P400,WRN,False,0.425,0.57375,0.12625,0.23625,0.14875,0.4475,0.3375,0.425,-0.446796298,-0.1460247985263708,0.1558769182319386,0.08065192993015172,0.1507144596041249,True,True,True
S1_P400,WRNIP1,False,0.07,0.23375,0.16375,0.17875,0.07125,0.07,0.05500000000000002,0.16250000000000003,0.0,0.09115124861067572,0.1172178986323645,0.1110026930282193,0.2151201584180888,True,True,True
S1_P400,XPA,False,0.12,0.71375,0.59375,0.27625,0.79875,0.12,0.4375,-0.08499999999999996,0.0,-0.2563226457224133,-0.1315751033706594,0.06201173011044341,-0.2431948358455784,True,True,False
S1_P400,XPC,False,0.1975,0.83125,0.76875,0.01875,0.63375,0.0625,0.8125,0.1975,-0.411108966,-0.4120450222058024,-0.2976365972582725,0.3021300878394537,-0.1214514201602726,True,True,True
S1_P400,XRCC1,False,-0.29000000000000004,0.57875,0.86875,0.89125,0.52375,-0.29000000000000004,-0.3125,0.05499999999999994,-0.130528234,-0.1474486117613963,-0.4597641527516771,-0.3915226771910595,-0.06853033697423605,False,False,True
S1_P400,XRCC2,False,0.0025000000000000577,0.99375,0.99125,0.99125,0.90125,0.0025000000000000577,0.0025000000000000577,0.09250000000000003,-0.3517076,-1.568167718489008,-1.021907126842753,-1.154090632239006,-0.435994751305431,True,True,True
S1_P400,XRCC3,False,-0.007499999999999951,0.95625,0.98125,0.91625,0.96375,-0.02499999999999991,0.040000000000000036,-0.007499999999999951,0.0,-0.8052259331902537,-0.9186118149487211,-0.4812421389008271,-0.7796662305204255,False,True,False
S1_P400,XRCC4,False,0.015000000000000013,0.52125,0.50625,0.59375,0.35875,0.015000000000000013,-0.07250000000000001,0.16249999999999998,0.0,-0.1004804358562511,-0.08886643533052412,-0.09427720077294133,0.02032202768808133,True,False,True
S1_P400,XRCC6BP1,False,-0.3075,0.38125,0.19125,0.88125,0.68875,0.18999999999999997,-0.5,-0.3075,-0.592003903,-0.01028200226777114,0.09949449288712295,-0.378968562817414,-0.158468687278307,True,False,False
S1_P400,YEATS4,False,0.06000000000000005,0.83625,0.77625,0.73625,0.94625,0.06000000000000005,0.10000000000000009,-0.10999999999999999,0.0,-0.4177986333989125,-0.3125036905547535,-0.1750599451558196,-0.6319647341394671,True,True,False
S1_P400,YY1,False,0.040000000000000036,0.89375,0.85375,0.04125,0.96125,0.040000000000000036,0.8525,-0.0675,0.0,-0.549418730142611,-0.4342704493977899,0.2578423704811469,-0.7519476124195632,True,True,False
S1_P400,ZBTB1,False,-0.37500000000000006,0.26875,0.46125,0.64375,0.86375,-0.1925,-0.37500000000000006,-0.595,0.0,0.06835899182195129,-0.06276748381983428,-0.1176266445752262,-0.3325464122198311,False,False,False
S1_P400,ZBTB7A,False,0.16999999999999993,0.85125,0.80875,0.27125,0.68125,0.04249999999999998,0.58,0.16999999999999993,0.0,-0.4467012597583001,-0.3736757656699781,0.06576036536049967,-0.1502538753771812,True,True,True
S1_P400,ZFYVE26,False,-0.17250000000000001,0.24125,0.47625,0.41375,0.22625,-0.23500000000000001,-0.17250000000000001,0.014999999999999986,0.0,0.08538548713954579,-0.06828901617963443,-0.01460769078823028,0.0872635356363299,False,False,True
S1_P400,ZMPSTE24,False,0.04250000000000001,0.18625,0.30875,0.02375,0.14375,-0.12250000000000003,0.1625,0.04250000000000001,-0.144339462,0.1290296427953165,0.02339951792316001,0.2851538934641749,0.153044837366592,False,True,True
S1_P400,ZNF365,False,0.07499999999999996,0.83875,0.76375,0.49875,0.86125,0.07499999999999996,0.33999999999999997,-0.022499999999999964,-0.69046466,-0.4184947217981291,-0.281220678197849,-0.04236594821838876,-0.3305888834624597,True,True,False
S1_P400,ZRANB3,False,-0.13,0.08125,0.21125,0.14875,0.44625,-0.13,-0.06749999999999999,-0.365,0.0,0.2483888818736397,0.09080914569643891,0.1417443939893584,-0.02381968070526271,False,False,False
S1_P400,ZSWIM7,False,0.13,0.50625,0.37625,0.78875,0.10375,0.13,-0.2825,0.40249999999999997,-0.002992615,-0.09070490620701252,-0.01815887084476517,-0.2162785717574874,0.1840157873145092,True,False,True
S2_single_R3_record,ABL1,False,-0.24603174603174605,0.4298941798941799,0.5833333333333334,0.6759259259259259,0.8029100529100529,-0.1534391534391535,-0.24603174603174605,-0.373015873015873,-0.356940028,-0.04531373682801343,-0.1275317497621865,-0.1334935283972616,-0.2617371879258045,False,False,False
S2_single_R3_record,ACTB,False,0.17195767195767198,0.8902116402116402,0.9087301587301587,0.6653439153439153,0.7182539682539683,-0.01851851851851849,0.22486772486772488,0.17195767195767198,-0.026338066,-0.6004159501956892,-0.5236875837813331,-0.1293703448306909,-0.1795078500954537,False,True,True
S2_single_R3_record,ADPRHL2,False,-0.1428571428571429,0.6917989417989417,0.8716931216931217,0.3134920634920635,0.8346560846560847,-0.17989417989418,0.37830687830687826,-0.1428571428571429,-0.279559022,-0.2425020204206388,-0.4619489579955852,0.04054991821110103,-0.3005325318454921,False,True,False
S2_single_R3_record,ALKBH1,False,0.10052910052910052,0.24735449735449735,0.14682539682539683,0.09391534391534391,0.18915343915343916,0.10052910052910052,0.15343915343915343,0.0582010582010582,-0.124967072,0.08106970216315176,0.1225355720015893,0.1835756341385585,0.1032462452552985,True,True,True
S2_single_R3_record,ALKBH2,False,0.134920634920635,0.6997354497354498,0.5066137566137566,0.5648148148148148,0.8134920634920635,0.19312169312169314,0.134920634920635,-0.11375661375661372,0.0,-0.2488539694598854,-0.08845846972701743,-0.08375822496584492,-0.2703934676531825,True,True,False
S2_single_R3_record,ALKBH3,False,0.029100529100529113,0.1388888888888889,0.10978835978835978,0.09656084656084656,0.10978835978835978,0.029100529100529113,0.04232804232804234,0.029100529100529113,0.0,0.180933648809744,0.1626409332496876,0.1800874836371369,0.174267305941956,True,True,True
S2_single_R3_record,ALKBH5,False,-0.2645502645502646,0.041005291005291,0.6838624338624338,0.3029100529100529,0.3055555555555556,-0.6428571428571428,-0.2619047619047619,-0.2645502645502646,-0.407509095,0.3435064673611515,-0.2005108371668792,0.04506213689118092,0.04453474438903005,False,False,False
S2_single_R3_record,ANKLE1,False,0.3597883597883598,0.7658730158730159,0.8849206349206349,0.4060846560846561,0.1865079365079365,-0.11904761904761896,0.3597883597883598,0.5793650793650794,0.0,-0.3037041697343135,-0.4788742598123264,-0.01390333491970469,0.1037961097935489,False,True,True
S2_single_R3_record,ANKRD32,False,0.1613756613756614,0.8505291005291006,0.6891534391534392,0.6309523809523809,0.8902116402116402,0.1613756613756614,0.21957671957671965,-0.03968253968253965,-0.600609354,-0.4575341233927146,-0.2069419726917776,-0.1143178525318283,-0.3919052325453143,True,True,False
S2_single_R3_record,AP5S1,False,0.09788359788359785,0.5462962962962963,0.3134920634920635,0.44841269841269843,0.4828042328042328,0.2328042328042328,0.09788359788359785,0.06349206349206349,0.0,-0.1173246827024038,0.01518483228110975,-0.0288254369115221,-0.03680662102821719,True,True,True
S2_single_R3_record,AP5Z1,False,-0.015873015873015872,0.18121693121693122,0.16534391534391535,0.1970899470899471,0.27116402116402116,0.015873015873015872,-0.015873015873015872,-0.08994708994708994,-0.271381459,0.1335588695962337,0.109969243087625,0.1002743739128403,0.05275719727641773,True,False,False
S2_single_R3_record,APBB1,False,-0.08201058201058209,0.5436507936507936,0.7235449735449735,0.6256613756613757,0.5304232804232805,-0.17989417989417988,-0.08201058201058209,0.013227513227513144,0.0,-0.1133916137236839,-0.2329514357620405,-0.1086988565964714,-0.07463784837169193,False,False,True
S2_single_R3_record,APEX1,False,0.060846560846560815,0.45634920634920634,0.3955026455026455,0.23148148148148148,0.503968253968254,0.060846560846560815,0.22486772486772486,-0.047619047619047616,-0.422963524,-0.05682626794458759,-0.02744699506848362,0.08096940381235918,-0.05737687667832484,True,True,False
S2_single_R3_record,APEX2,False,-0.6931216931216931,0.15476190476190477,0.4298941798941799,0.9113756613756614,0.8478835978835979,-0.2751322751322751,-0.7566137566137566,-0.6931216931216931,-0.32570528,0.1553964258376285,-0.04455338754760207,-0.4639780220095103,-0.3260227156293468,False,False,False
S2_single_R3_record,APITD1,False,-0.3121693121693122,0.19444444444444445,0.24206349206349206,0.7473544973544973,0.5066137566137566,-0.047619047619047616,-0.5529100529100529,-0.3121693121693122,0.0,0.1196406651367208,0.06389082812980183,-0.1794114481213995,-0.05892151944287664,False,False,False
S2_single_R3_record,APLF,False,-0.023809523809523808,0.003968253968253968,0.017195767195767195,0.027777777777777776,0.10714285714285714,-0.013227513227513227,-0.023809523809523808,-0.10317460317460317,0.0,0.6556054630912833,0.4413736599535314,0.272306056947309,0.1747807622142878,False,False,False
S2_single_R3_record,ASCC1,False,-0.46825396825396826,0.2208994708994709,0.28703703703703703,0.8240740740740741,0.6891534391534392,-0.06613756613756613,-0.6031746031746031,-0.46825396825396826,-0.220740488,0.09381110405856763,0.03236341699777645,-0.2551338343558456,-0.1603153270394889,False,False,False
S2_single_R3_record,ASCC2,False,-0.11375661375661372,0.5251322751322751,0.43783068783068785,0.6388888888888888,0.83994708994709,0.08730158730158727,-0.11375661375661372,-0.3148148148148149,-0.616166978,-0.1028508330785158,-0.05761124610386952,-0.1167762659325736,-0.312173022198925,True,False,False
S2_single_R3_record,ASCC3,False,0.15608465608465616,0.9775132275132276,0.8214285714285714,0.3187830687830688,0.9748677248677249,0.15608465608465616,0.6587301587301588,0.002645502645502673,-0.720797971,-1.158347963257171,-0.3893567452352323,0.03850837551490793,-0.944665540795956,True,True,True
S2_single_R3_record,ASF1A,False,-0.7566137566137566,0.03571428571428571,0.01455026455026455,0.7923280423280423,0.9007936507936508,0.021164021164021163,-0.7566137566137566,-0.8650793650793651,-0.445690758,0.3727514824429,0.4533562093226114,-0.2257386323245865,-0.438333753167172,True,False,False
S2_single_R3_record,ASTE1,False,0.06084656084656087,0.294973544973545,0.23412698412698413,0.24206349206349206,0.1335978835978836,0.06084656084656087,0.052910052910052935,0.1613756613756614,0.0,0.04387732170090328,0.0682169149107589,0.07533189741044102,0.1567378741872279,True,True,True
S2_single_R3_record,ATM,False,0.37830687830687837,0.9246031746031746,0.5462962962962963,0.9695767195767195,0.3187830687830688,0.37830687830687837,-0.04497354497354489,0.6058201058201058,-0.805176576,-0.7201583894483302,-0.1017147146656132,-0.773564980108661,0.04256358974019658,True,False,True
S2_single_R3_record,ATXN3,False,-0.007936507936507936,0.027777777777777776,0.0992063492063492,0.02513227513227513,0.03571428571428571,-0.07142857142857142,0.0026455026455026454,-0.007936507936507936,0.0,0.3966064378206626,0.17369084041891,0.2769373340636573,0.2683292798352466,False,True,False
S2_single_R3_record,AUNIP,False,0.09259259259259262,0.38492063492063494,0.2923280423280423,0.3373015873015873,0.2791005291005291,0.09259259259259262,0.047619047619047616,0.10582010582010581,0.0,-0.01706273648409799,0.03133493216520729,0.02841825142246446,0.05211166649760778,True,True,True
S2_single_R3_record,BABAM1,False,0.253968253968254,0.2791005291005291,0.022486772486772486,0.18386243386243387,0.02513227513227513,0.2566137566137566,0.09523809523809526,0.253968253968254,0.0,0.05786289547354769,0.3601334846063746,0.1088140890484376,0.3020964706960613,True,True,True
S2_single_R3_record,BACH1,False,-0.002645502645502562,0.5198412698412699,0.5224867724867724,0.623015873015873,0.21825396825396826,-0.002645502645502562,-0.10317460317460314,0.3015873015873016,0.0,-0.09424504664164499,-0.09364913268726069,-0.1086451843816324,0.08582868973420539,False,False,True
S2_single_R3_record,BARD1,False,0.023809523809523836,0.9431216931216931,0.9193121693121693,0.9378306878306878,0.22883597883597884,0.023809523809523836,0.005291005291005346,0.7142857142857143,0.0,-0.7738429756429498,-0.550156649392758,-0.5658152149415325,0.07237032832778953,True,True,True
S2_single_R3_record,BLM,False,-0.3862433862433863,0.4722222222222222,0.8584656084656085,0.9457671957671958,0.7103174603174603,-0.3862433862433863,-0.4735449735449736,-0.23809523809523814,0.0,-0.0635543593989277,-0.4392924486327884,-0.6126288437549031,-0.1752210488692791,False,False,False
S2_single_R3_record,BRCC3,False,0.49999999999999994,0.7579365079365079,0.1626984126984127,0.25793650793650796,0.8214285714285714,0.5952380952380952,0.49999999999999994,-0.06349206349206349,0.0,-0.2966094240531881,0.1118591290871408,0.0695442887930205,-0.2927827349032763,True,True,False
S2_single_R3_record,BRD8,False,0.4523809523809524,0.5383597883597884,0.9007936507936508,0.08597883597883597,0.041005291005291,-0.36243386243386244,0.4523809523809524,0.4973544973544974,-0.617774112,-0.1120592750845688,-0.505721554472542,0.1898194331287271,0.2670882644459939,False,True,True
S2_single_R3_record,BRE,False,0.48677248677248675,0.6547619047619048,0.167989417989418,0.7129629629629629,0.11772486772486772,0.48677248677248675,-0.05820105820105814,0.5370370370370371,-0.434240571,-0.2020319009401187,0.1072535999895375,-0.1637436841811253,0.1667594767729745,True,False,True
S2_single_R3_record,BRIP1,False,-0.08465608465608465,0.3373015873015873,0.421957671957672,0.3584656084656085,0.7420634920634921,-0.08465608465608465,-0.021164021164021163,-0.40476190476190477,0.0,0.02198204696278501,-0.04337267536956564,0.01440992853269426,-0.1985319383926673,False,False,False
S2_single_R3_record,BTG2,False,-0.060846560846560815,0.43253968253968256,0.4246031746031746,0.7156084656084656,0.4933862433862434,0.007936507936507964,-0.283068783068783,-0.060846560846560815,-0.290265969,-0.04700766520128985,-0.04420581121597571,-0.1637878864586044,-0.05189469600217741,True,False,False
S2_single_R3_record,C11orf30,False,-0.03439153439153442,0.8452380952380952,0.8955026455026455,0.8664021164021164,0.8796296296296297,-0.050264550264550234,-0.021164021164021163,-0.03439153439153442,-0.145572926,-0.4527236630790365,-0.4987418333060144,-0.3472889385517637,-0.3533350808173689,False,False,False
S2_single_R3_record,C12orf5,False,-0.12433862433862436,0.3505291005291005,0.5912698412698413,0.27116402116402116,0.4748677248677249,-0.24074074074074076,0.07936507936507936,-0.12433862433862436,0.0,0.00951668928957113,-0.1299441364702276,0.05408998614531975,-0.0338142518441907,False,True,False
S2_single_R3_record,C14orf39,False,-0.30158730158730157,0.1970899470899471,0.49867724867724866,0.667989417989418,0.45105820105820105,-0.30158730158730157,-0.47089947089947093,-0.25396825396825395,-0.419959264,0.1164434129373073,-0.08664369563580365,-0.1301272644509498,-0.02466139312238713,False,False,False
S2_single_R3_record,C17orf104,False,-0.05026455026455029,0.3134920634920635,0.3082010582010582,0.6468253968253969,0.3637566137566138,0.005291005291005291,-0.33333333333333337,-0.05026455026455029,0.0,0.03568658299773538,0.02178474022624025,-0.1192962846897427,0.01824282346295489,True,False,False
S2_single_R3_record,C17orf70,False,-0.026455026455026454,0.45105820105820105,0.548941798941799,0.4246031746031746,0.4775132275132275,-0.0978835978835979,0.026455026455026454,-0.026455026455026454,-0.114807525,-0.05597028643350328,-0.1038356734560465,-0.02278645604024746,-0.03412062067006587,False,True,False
S2_single_R3_record,C19orf40,False,-0.1534391534391535,0.7896825396825397,0.9563492063492064,0.9431216931216931,0.3716931216931217,-0.16666666666666674,-0.1534391534391535,0.41798941798941797,-0.481187494,-0.3231429447970893,-0.7670633795256355,-0.5963667588047211,0.01053399048925992,False,False,True
S2_single_R3_record,C1orf86,False,0.21428571428571425,0.6283068783068783,0.7420634920634921,0.26851851851851855,0.414021164021164,-0.11375661375661383,0.3597883597883597,0.21428571428571425,-0.021429801,-0.1831587103272896,-0.2663509617902081,0.06004242939372548,-0.01367635175238391,False,True,True
S2_single_R3_record,C20orf196,False,-0.20370370370370372,0.03042328042328042,0.2156084656084656,0.7896825396825397,0.23412698412698413,-0.18518518518518517,-0.7592592592592592,-0.20370370370370372,-0.341797347,0.393894430624495,0.0843396226467769,-0.2257339557523972,0.07150638303531591,False,False,False
S2_single_R3_record,C5orf45,False,-0.042328042328042326,0.04365079365079365,0.08597883597883597,0.25,0.04894179894179894,-0.042328042328042326,-0.20634920634920634,-0.005291005291005291,-0.277697941,0.3434720171388739,0.1864628844991055,0.07258934978651481,0.2482874517720357,False,False,False
S2_single_R3_record,C7orf49,False,0.04761904761904767,0.8928571428571429,0.6415343915343915,0.8452380952380952,0.9484126984126984,0.2513227513227514,0.04761904761904767,-0.05555555555555547,-0.313875165,-0.600745542567487,-0.1601659344136565,-0.3034167401914358,-0.6654633991702299,True,True,False
S2_single_R3_record,C9orf142,False,0.18783068783068785,0.541005291005291,0.3531746031746032,0.44576719576719576,0.09656084656084656,0.18783068783068785,0.09523809523809529,0.4444444444444445,0.0,-0.1123035689888526,-0.007002078593045954,-0.02835810657967874,0.1871249756966891,True,True,True
S2_single_R3_record,CBX8,False,-0.11375661375661376,0.11507936507936507,0.22883597883597884,0.38756613756613756,0.01984126984126984,-0.11375661375661376,-0.2724867724867725,0.09523809523809523,0.0,0.2183359230315163,0.07386101733554969,-0.001954803734990268,0.3165990441840371,False,False,True
S2_single_R3_record,CCDC155,False,-0.05291005291005291,0.42724867724867727,0.4801587301587302,0.5568783068783069,0.2976190476190476,-0.05291005291005291,-0.1296296296296296,0.12962962962962965,-0.072359589,-0.04432596733069364,-0.07078755683925635,-0.07782827904904308,0.04687120397538092,False,False,True
S2_single_R3_record,CDC14B,False,0.28835978835978837,0.46164021164021163,0.17328042328042328,0.10449735449735449,0.20238095238095238,0.28835978835978837,0.35714285714285715,0.25925925925925924,-0.674476704,-0.05885002310597957,0.1034711318428235,0.1767686428959441,0.09600443801755265,True,True,True
S2_single_R3_record,CDC7,False,0.10317460317460314,0.9087301587301587,0.8055555555555556,0.6283068783068783,0.9537037037037037,0.10317460317460314,0.28042328042328046,-0.044973544973545,-0.921834634,-0.6906780354823683,-0.3751291065569055,-0.1125553956177834,-0.713796376916132,True,True,False
S2_single_R3_record,CDK2,False,0.1957671957671958,0.5515873015873016,0.32671957671957674,0.832010582010582,0.3558201058201058,0.22486772486772488,-0.28042328042328035,0.1957671957671958,-0.766173236,-0.1254925350812389,0.00630376123765967,-0.2686153355778182,0.01998207381962036,True,False,True
S2_single_R3_record,CDK9,False,-0.20370370370370372,0.20767195767195767,0.4113756613756614,0.5542328042328042,0.3664021164021164,-0.20370370370370372,-0.3465608465608465,-0.15873015873015872,-0.288904447,0.1054244719755844,-0.03415654892932496,-0.07693734879669926,0.01821555404223233,False,False,False
S2_single_R3_record,CDKN2D,False,-0.11904761904761896,0.6150793650793651,0.7341269841269841,0.75,0.5674603174603174,-0.11904761904761896,-0.13492063492063489,0.04761904761904767,-0.005445701,-0.1739026269922916,-0.2557197890196035,-0.1800027339996951,-0.09084438511668476,False,False,True
S2_single_R3_record,CEP164,False,-0.047619047619047616,0.06746031746031746,0.06481481481481481,0.11507936507936507,0.2208994708994709,0.0026455026455026454,-0.047619047619047616,-0.15343915343915343,0.0,0.3136064652662103,0.2024782230443304,0.1691876733852622,0.07787923756431914,True,False,False
S2_single_R3_record,CETN1,False,-0.10052910052910052,0.4166666666666667,0.48544973544973546,0.5171957671957672,0.5515873015873016,-0.06878306878306878,-0.10052910052910052,-0.13492063492063494,0.0,-0.04070015555217027,-0.08233746311984132,-0.05648459027495725,-0.08476649359052961,False,False,False
S2_single_R3_record,CHD1L,False,-0.25396825396825395,0.23412698412698413,0.705026455026455,0.4880952380952381,0.4298941798941799,-0.4708994708994709,-0.25396825396825395,-0.19576719576719576,-0.172942037,0.08582248563268709,-0.2152748477389389,-0.03909802644707557,-0.0197467065716562,False,False,False
S2_single_R3_record,CHRNA4,False,0.1507936507936508,0.7923280423280423,0.8346560846560847,0.28174603174603174,0.6415343915343915,-0.042328042328042326,0.5105820105820106,0.1507936507936508,-0.610462507,-0.3300410294708144,-0.4028105067345522,0.05258314488359191,-0.1236848354373848,False,True,True
S2_single_R3_record,CIB1,False,0.08465608465608465,0.4933862433862434,0.4087301587301587,0.1388888888888889,0.6653439153439153,0.08465608465608465,0.3544973544973545,-0.17195767195767198,-0.041598754,-0.082557973450654,-0.03108708401143915,0.1446663885919701,-0.1374338346512175,True,True,False
S2_single_R3_record,COPS7A,False,0.018518518518518517,0.10714285714285714,0.04894179894179894,0.4669312169312169,0.08862433862433862,0.0582010582010582,-0.35978835978835977,0.018518518518518517,0.0,0.2317280372806271,0.2261403978740858,-0.03389861451996623,0.1904302593554918,True,False,True
S2_single_R3_record,COPS8,False,-0.5132275132275133,0.12037037037037036,0.17063492063492064,0.7976190476190477,0.6335978835978836,-0.050264550264550276,-0.6772486772486773,-0.5132275132275133,0.0,0.2153940403928458,0.1050916457859559,-0.2328641396488957,-0.1210796410940863,False,False,False
S2_single_R3_record,CSNK1E,False,0.17724867724867727,0.44841269841269843,0.27116402116402116,0.15211640211640212,0.4193121693121693,0.17724867724867727,0.2962962962962963,0.029100529100529127,0.0,-0.05365972119223095,0.04406325523405178,0.1378301147993451,-0.01544128721935249,True,True,True
S2_single_R3_record,CUL4A,False,0.17989417989417983,0.6388888888888888,0.458994708994709,0.10978835978835978,0.5462962962962963,0.17989417989417983,0.5291005291005291,0.09259259259259256,-0.214535268,-0.1860612801357688,-0.06270886440501533,0.17404067679849,-0.08304657408823941,True,True,True
S2_single_R3_record,CUL4B,False,0.19047619047619047,0.3716931216931217,0.18121693121693122,0.593915343915344,0.009259259259259259,0.19047619047619047,-0.22222222222222227,0.36243386243386244,-0.138062465,-0.00187468976735931,0.1012311975988589,-0.09480886475986358,0.3574110072829975,True,False,True
S2_single_R3_record,CXorf57,False,0.25132275132275134,0.5833333333333334,0.33201058201058203,0.38227513227513227,0.18121693121693122,0.25132275132275134,0.2010582010582011,0.40211640211640215,0.0,-0.1477350852695724,0.003879275183001241,0.001164605168354108,0.1083705371432167,True,True,True
S2_single_R3_record,DCLRE1A,False,0.07142857142857144,0.1626984126984127,0.4880952380952381,0.09126984126984126,0.0701058201058201,-0.32539682539682535,0.07142857142857144,0.0925925925925926,-0.235792913,0.1455647884105885,-0.08337404303334317,0.184090280290193,0.213356206843714,False,True,True
S2_single_R3_record,DCLRE1B,True,-0.19047619047619047,0.39021164021164023,0.44576719576719576,0.8002645502645502,0.5806878306878307,-0.055555555555555525,-0.41005291005291,-0.19047619047619047,-1.182921041,-0.02656682812892027,-0.06013194978653535,-0.2336496273909328,-0.09632542487994655,False,False,False
S2_single_R3_record,DCLRE1C,False,-0.4629629629629629,0.1335978835978836,0.5357142857142857,0.8637566137566137,0.5965608465608465,-0.4021164021164021,-0.7301587301587301,-0.4629629629629629,-0.437087909,0.1937094477744732,-0.09768382344885174,-0.3470194217139559,-0.1018576494490494,False,False,False
S2_single_R3_record,DDB2,False,-0.09523809523809525,0.05952380952380952,0.027777777777777776,0.15476190476190477,0.17857142857142858,0.031746031746031744,-0.09523809523809525,-0.11904761904761905,-0.042124514,0.3275865848046698,0.3199334174792888,0.1377840874966152,0.1102321944954376,True,False,False
S2_single_R3_record,DDX1,True,0.20370370370370372,0.8346560846560847,0.6309523809523809,0.022486772486772486,0.9166666666666666,0.20370370370370372,0.8121693121693122,-0.08201058201058198,-1.505019396,-0.4201546608156783,-0.1565545443678789,0.2805833619685688,-0.4650110292571996,True,True,False
S2_single_R3_record,DDX11,False,-0.02645502645502651,0.6812169312169312,0.7076719576719577,0.45634920634920634,0.8664021164021164,-0.02645502645502651,0.22486772486772483,-0.18518518518518523,0.0,-0.2257122638664275,-0.2174561477254913,-0.03143333670328463,-0.3497309972924638,False,True,False
S2_single_R3_record,DEK,False,-0.3941798941798942,0.12301587301587301,0.23148148148148148,0.6944444444444444,0.5171957671957672,-0.10846560846560847,-0.5714285714285714,-0.3941798941798942,0.0,0.2076486037802052,0.07053188056293845,-0.1421927077697585,-0.06074608346214502,False,False,False
S2_single_R3_record,DMC1,False,-0.13492063492063494,0.4060846560846561,0.541005291005291,0.7817460317460317,0.39021164021164023,-0.13492063492063494,-0.37566137566137564,0.015873015873015872,0.0,-0.03781791634391481,-0.1000768457660993,-0.2120250236128682,0.003403491971565309,False,False,True
S2_single_R3_record,DNTT,False,0.018518518518518517,0.056878306878306875,0.01984126984126984,0.33994708994708994,0.03835978835978836,0.037037037037037035,-0.2830687830687831,0.018518518518518517,0.0,0.3292337974905921,0.4308728504780607,0.0280335019800176,0.2674378188757747,True,False,True
S2_single_R3_record,DOT1L,True,0.2962962962962963,0.9166666666666666,0.8240740740740741,0.6203703703703703,0.24735449735449735,0.09259259259259256,0.2962962962962963,0.6693121693121693,-1.091790952,-0.6944236136777848,-0.389768147167509,-0.107065448138408,0.06675474106535839,True,True,True
S2_single_R3_record,DTX3L,False,0.10846560846560849,0.2843915343915344,0.5198412698412699,0.08862433862433862,0.17592592592592593,-0.23544973544973546,0.1957671957671958,0.10846560846560849,0.0,0.0530906204639526,-0.09308245219710068,0.1884429800269642,0.1124060725278834,False,True,True
S2_single_R3_record,EEPD1,False,0.09259259259259256,0.7473544973544973,0.6547619047619048,0.4298941798941799,0.66005291005291,0.09259259259259256,0.31746031746031744,0.08730158730158732,-0.398745933,-0.2856964651913076,-0.1745539624971251,-0.0240648522415133,-0.1310807090919498,True,True,True
S2_single_R3_record,EGFR,False,0.6058201058201058,0.8425925925925926,0.7129629629629629,0.07539682539682539,0.23677248677248677,0.12962962962962965,0.7671957671957672,0.6058201058201058,0.0,-0.4429104784104547,-0.2236508071701019,0.1979572762747172,0.06929558162408106,True,True,True
S2_single_R3_record,EID3,False,-0.24867724867724866,0.1917989417989418,0.2976190476190476,0.44047619047619047,0.5013227513227513,-0.10582010582010581,-0.24867724867724866,-0.3095238095238095,-0.496838371,0.1216488238181888,0.02920874399177957,-0.02759427466331546,-0.05520142312772632,False,False,False
S2_single_R3_record,EME1,False,0.2698412698412699,0.8822751322751323,0.6441798941798942,0.5806878306878307,0.6124338624338624,0.23809523809523814,0.3015873015873016,0.2698412698412699,-0.403708554,-0.5373503779776502,-0.1641947030101267,-0.08985566549718242,-0.1127073458881918,True,True,True
S2_single_R3_record,EME2,False,0.11904761904761907,0.49074074074074076,0.8531746031746031,0.3716931216931217,0.31613756613756616,-0.3624338624338624,0.11904761904761907,0.1746031746031746,-0.06447293,-0.08196004822673524,-0.4352916557034177,0.003805842067828927,0.04258088916154357,False,True,True
S2_single_R3_record,ENDOV,False,-0.31481481481481477,0.2526455026455027,0.5674603174603174,0.5436507936507936,0.832010582010582,-0.31481481481481477,-0.29100529100529093,-0.5793650793650793,0.0,0.07895809611379598,-0.1232140330089302,-0.07364105241077512,-0.3001778772090269,False,False,False
S2_single_R3_record,EP300,False,0.3492063492063492,0.49867724867724866,0.13624338624338625,0.14947089947089948,0.7394179894179894,0.36243386243386244,0.3492063492063492,-0.24074074074074076,0.0,-0.08900320696487704,0.1377682554949281,0.1416347333228458,-0.1969654136075468,True,True,False
S2_single_R3_record,EPC1,False,0.40476190476190477,0.5595238095238095,0.5595238095238095,0.011904761904761904,0.15476190476190477,0.0,0.5476190476190477,0.40476190476190477,-0.670666927,-0.1295441389800893,-0.107792777755473,0.3567366557367956,0.1318369675491435,False,True,True
S2_single_R3_record,EPC2,False,-0.08201058201058209,0.7367724867724867,0.83994708994709,0.8187830687830688,0.6521164021164021,-0.10317460317460325,-0.08201058201058209,0.08465608465608465,-0.476255688,-0.2793694469344481,-0.4166936732558524,-0.2512054331145352,-0.1288744111347723,False,False,True
S2_single_R3_record,ERCC1,False,0.2645502645502646,0.5727513227513228,0.4933862433862434,0.3082010582010582,0.2896825396825397,0.07936507936507942,0.2645502645502646,0.2830687830687831,0.0,-0.1452758451618639,-0.08557504477663065,0.04145671971962377,0.04926272393933306,True,True,True
S2_single_R3_record,ERCC5,False,0.19576719576719576,0.28174603174603174,0.07539682539682539,0.376984126984127,0.08597883597883597,0.20634920634920634,-0.09523809523809523,0.19576719576719576,0.0,0.05351435614053423,0.1927285177988773,0.002878872350742098,0.1985925615282695,True,False,True
S2_single_R3_record,ERCC6,False,-0.18783068783068785,0.40343915343915343,0.42724867724867727,0.6018518518518519,0.5912698412698413,-0.023809523809523836,-0.19841269841269843,-0.18783068783068785,-0.487347227,-0.03439957620314334,-0.04429471413692869,-0.09689349172157838,-0.1003027754460379,False,False,False
S2_single_R3_record,ERCC6L2,False,-0.01851851851851849,0.6309523809523809,0.006613756613756613,0.9298941798941799,0.6494708994708994,0.6243386243386243,-0.29894179894179895,-0.01851851851851849,-0.389879801,-0.1835020551520009,0.5017989961385725,-0.5182515791053182,-0.126467181842416,True,False,False
S2_single_R3_record,ERCC8,False,0.0582010582010582,0.10978835978835978,0.03571428571428571,0.051587301587301584,0.05423280423280423,0.07407407407407407,0.0582010582010582,0.05555555555555555,0.0,0.2242771525233683,0.2468385906018772,0.2327279816657447,0.2450464387740243,True,True,True
S2_single_R3_record,ETAA1,False,-0.716931216931217,0.22354497354497355,0.4193121693121693,0.9933862433862434,0.9404761904761905,-0.19576719576719576,-0.7698412698412698,-0.716931216931217,-0.061623329,0.09292960800425698,-0.04114755766562335,-1.339426881619099,-0.5929069838459254,False,False,False
S2_single_R3_record,EXD2,False,0.17989417989418,0.7976190476190477,0.6177248677248677,0.4166666666666667,0.623015873015873,0.17989417989418,0.380952380952381,0.17460317460317465,0.0,-0.3307719187982923,-0.1408213946921442,-0.01986799431194752,-0.114582422127511,True,True,True
S2_single_R3_record,EXO1,False,0.021164021164021163,0.7314814814814815,0.906084656084656,0.7103174603174603,0.03042328042328042,-0.17460317460317454,0.021164021164021163,0.701058201058201,0.0,-0.2776666619213576,-0.516767884815218,-0.154522915958213,0.2786893824644247,False,True,True
S2_single_R3_record,EXO5,False,0.17460317460317454,0.6177248677248677,0.7473544973544973,0.44312169312169314,0.3002645502645503,-0.12962962962962965,0.17460317460317454,0.3174603174603174,0.0,-0.1770662556054007,-0.2689157725147182,-0.02810143469472341,0.04594553559286439,False,True,True
S2_single_R3_record,EYA2,False,-0.24338624338624337,0.548941798941799,0.7923280423280423,0.20238095238095238,0.8187830687830688,-0.24338624338624337,0.34656084656084657,-0.2698412698412699,-0.225019262,-0.1221282087059559,-0.3277102940979565,0.09830435959268513,-0.2806642927368987,False,True,False
S2_single_R3_record,EYA3,False,-0.17989417989417988,0.1283068783068783,0.05952380952380952,0.3955026455026455,0.3082010582010582,0.0687830687830688,-0.2671957671957672,-0.17989417989417988,0.0,0.1991527360384135,0.2085659393659265,-0.005034248808318154,0.04430486553279245,True,False,False
S2_single_R3_record,EYA4,False,-0.2777777777777778,0.10185185185185185,0.16005291005291006,0.6732804232804233,0.37962962962962965,-0.05820105820105821,-0.5714285714285714,-0.2777777777777778,-0.232704835,0.2359212796143031,0.1139543940171578,-0.1327662243155146,0.006589999274177888,False,False,False
S2_single_R3_record,FAM168A,False,-0.17989417989417994,0.08862433862433862,0.26851851851851855,0.03571428571428571,0.7579365079365079,-0.17989417989417994,0.05291005291005291,-0.6693121693121693,-0.190945046,0.2466986367633018,0.04730731093627998,0.2661723696000243,-0.2092061928876638,False,True,False
S2_single_R3_record,FAM175A,False,0.328042328042328,0.958994708994709,0.1865079365079365,0.8955026455026455,0.6309523809523809,0.7724867724867724,0.06349206349206349,0.328042328042328,0.0,-0.8906431444328012,0.0976521404749584,-0.3941125041329803,-0.1197567342255589,True,True,True
S2_single_R3_record,FAM178A,False,0.26455026455026454,0.44312169312169314,0.17857142857142858,0.7738095238095238,0.006613756613756613,0.26455026455026454,-0.3306878306878307,0.4365079365079365,-0.266526383,-0.05057721076245053,0.1013683727492373,-0.2098030944320518,0.4228528196595634,True,False,True
S2_single_R3_record,FAM35A,False,-0.6984126984126984,0.04894179894179894,0.6283068783068783,0.951058201058201,0.7473544973544973,-0.5793650793650793,-0.9021164021164021,-0.6984126984126984,-0.259851614,0.3359346491435041,-0.1531196940971287,-0.6617896586321173,-0.2008613626975905,False,False,False
S2_single_R3_record,FAN1,False,0.21164021164021163,0.8373015873015873,0.6256613756613757,0.7208994708994709,0.44047619047619047,0.21164021164021163,0.1164021164021164,0.39682539682539686,0.0,-0.4385334203723824,-0.1493848048173357,-0.1694171694480534,-0.02355077441649926,True,True,True
S2_single_R3_record,FANCA,False,-0.2962962962962964,0.5542328042328042,0.9642857142857143,0.8505291005291006,0.5886243386243386,-0.4100529100529101,-0.2962962962962964,-0.03439153439153442,-0.430060077,-0.1270610007691513,-0.8577757301423621,-0.3200820636344732,-0.1001095942862946,False,False,False
S2_single_R3_record,FANCB,False,-0.0714285714285714,0.8558201058201058,0.9933862433862434,0.9272486772486772,0.6362433862433863,-0.13756613756613756,-0.0714285714285714,0.21957671957671954,-0.415887638,-0.4926893588834211,-1.249581514700339,-0.5179550906098505,-0.1218950124329451,False,False,True
S2_single_R3_record,FANCC,False,0.14814814814814814,0.6203703703703703,0.8981481481481481,0.10185185185185185,0.4722222222222222,-0.2777777777777778,0.5185185185185185,0.14814814814814814,0.0,-0.1791431993485944,-0.5005957992624258,0.1769995118785917,-0.03357249406747295,False,True,True
S2_single_R3_record,FANCD2,False,-0.14550264550264547,0.7076719576719577,0.9378306878306878,0.8531746031746031,0.7896825396825397,-0.23015873015873012,-0.14550264550264547,-0.08201058201058198,-0.648560786,-0.2520811417682448,-0.6163985322507063,-0.3278653844720919,-0.2428386354142695,False,False,False
S2_single_R3_record,FANCE,False,0.013227513227513255,0.9193121693121693,0.9854497354497355,0.906084656084656,0.8240740740740741,-0.06613756613756616,0.013227513227513255,0.09523809523809523,-0.047956565,-0.6990299748661393,-1.017258074278347,-0.4390615319303899,-0.2929995531239769,False,True,True
S2_single_R3_record,FANCF,True,-0.21693121693121697,0.6441798941798942,0.9616402116402116,0.8425925925925926,0.8611111111111112,-0.31746031746031744,-0.19841269841269837,-0.21693121693121697,-1.718334446,-0.1950941202424996,-0.7963826692614846,-0.2942127836100443,-0.3365411797958625,False,False,False
S2_single_R3_record,FANCG,False,-0.10846560846560838,0.7764550264550265,0.9484126984126984,0.8849206349206349,0.8293650793650794,-0.17195767195767186,-0.10846560846560838,-0.05291005291005291,0.0,-0.312931524273303,-0.7399481277780966,-0.3835787181203651,-0.2978159801933612,False,False,False
S2_single_R3_record,FANCL,False,-0.29894179894179895,0.31613756613756616,0.9272486772486772,0.294973544973545,0.6150793650793651,-0.611111111111111,0.021164021164021163,-0.29894179894179895,-0.134924201,0.03243172690021427,-0.5889750878959351,0.04768187340072436,-0.1130242998715634,False,True,False
S2_single_R3_record,FANCM,False,-0.09523809523809523,0.6626984126984127,0.8425925925925926,0.7579365079365079,0.6785714285714286,-0.17989417989417988,-0.09523809523809523,-0.015873015873015928,-0.651790326,-0.2078115962217892,-0.4273919816454883,-0.1919857117099128,-0.1495192903517554,False,False,False
S2_single_R3_record,FBXO18,False,-0.23809523809523808,0.06481481481481481,0.3029100529100529,0.23941798941798942,0.3425925925925926,-0.23809523809523808,-0.1746031746031746,-0.2777777777777778,0.0,0.3155081149355611,0.02327092529574579,0.07572722536490728,0.03078911452198652,False,False,False
S2_single_R3_record,FBXO6,False,0.042328042328042326,0.83994708994709,0.7976190476190477,0.5462962962962963,0.8161375661375662,0.042328042328042326,0.2936507936507937,0.023809523809523836,-0.40395904,-0.4420860115311069,-0.342149065894726,-0.0739561989364536,-0.272658647840421,True,True,True
S2_single_R3_record,FGF10,False,-0.14550264550264552,0.2923280423280423,0.4669312169312169,0.43783068783068785,0.12301587301587301,-0.1746031746031746,-0.14550264550264552,0.1693121693121693,-0.73079918,0.04393275484769799,-0.06303190414517865,-0.0269688033962218,0.1599932049583399,False,False,True
S2_single_R3_record,FH,False,0.3042328042328042,0.8108465608465608,0.8161375661375662,0.5066137566137566,0.17328042328042328,-0.005291005291005346,0.3042328042328042,0.6375661375661376,0.0,-0.3519514305950446,-0.3829261632053026,-0.04961109203921928,0.1166394220980981,False,True,True
S2_single_R3_record,FIGN,False,0.5952380952380952,0.921957671957672,0.6917989417989417,0.2552910052910053,0.32671957671957674,0.23015873015873023,0.6666666666666667,0.5952380952380952,0.0,-0.7079235314376248,-0.2094533798898097,0.07175482601633804,0.03578401856347953,True,True,True
S2_single_R3_record,FIGNL1,False,-0.24074074074074076,0.017195767195767195,0.21825396825396826,0.6626984126984127,0.25793650793650796,-0.20105820105820105,-0.6455026455026455,-0.24074074074074076,-0.239807956,0.443337334015784,0.08405886188387393,-0.1285618670453819,0.05786735817388525,False,False,False
S2_single_R3_record,FIGNL2,False,0.2645502645502646,0.3531746031746032,0.08862433862433862,0.056878306878306875,0.4060846560846561,0.2645502645502646,0.29629629629629634,-0.05291005291005291,-0.790207219,0.007492662091268535,0.1808545104537943,0.2272311984839339,-0.005381536505033729,True,True,False
S2_single_R3_record,FMN2,False,0.12169312169312169,0.5568783068783069,0.5753968253968254,0.4351851851851852,0.3478835978835979,-0.01851851851851849,0.12169312169312169,0.20899470899470896,0.0,-0.128528494816186,-0.1260249772587669,-0.02626011819050289,0.02524929378873431,False,True,True
S2_single_R3_record,FOXM1,False,0.09259259259259256,0.8134920634920635,0.75,0.13095238095238096,0.7208994708994709,0.06349206349206349,0.6825396825396826,0.09259259259259256,-0.649784173,-0.3628853088393104,-0.2722804855347099,0.153855509596511,-0.1804231662563921,True,True,True
S2_single_R3_record,FTO,False,-0.46031746031746035,0.34523809523809523,0.4351851851851852,0.8082010582010583,0.8055555555555556,-0.08994708994708994,-0.462962962962963,-0.46031746031746035,-0.551641802,0.01073543666717999,-0.05714348247052156,-0.2459754438492589,-0.262150607045303,False,False,False
S2_single_R3_record,FUS,False,0.10846560846560849,0.9140211640211641,0.8293650793650794,0.8055555555555556,0.6732804232804233,0.08465608465608465,0.10846560846560849,0.2407407407407408,-0.005606829,-0.6931008093908633,-0.3912159344738293,-0.245738924682353,-0.1457690723542164,True,True,True
S2_single_R3_record,FZR1,False,-0.5873015873015872,0.26851851851851855,0.25793650793650796,0.8558201058201058,0.996031746031746,0.010582010582010581,-0.5873015873015872,-0.7275132275132274,-0.791700068,0.06580507059315972,0.05161732827780136,-0.3286333951494102,-1.436610288252623,True,False,False
S2_single_R3_record,GADD45A,False,-0.005291005291005291,0.4880952380952381,0.33465608465608465,0.4933862433862434,0.6177248677248677,0.15343915343915343,-0.005291005291005291,-0.1296296296296296,0.0,-0.08140333194874379,0.003448653056585961,-0.04083488431343341,-0.1135228232976768,True,False,False
S2_single_R3_record,GEN1,False,-0.10582010582010581,0.4087301587301587,0.5145502645502645,0.5224867724867724,0.4695767195767196,-0.10582010582010581,-0.11375661375661372,-0.06084656084656087,0.0,-0.03870208699241558,-0.08916324128081173,-0.05896284188214787,-0.03342507105783632,False,False,False
S2_single_R3_record,GGN,False,0.07142857142857142,0.3029100529100529,0.12566137566137567,0.33465608465608465,0.23148148148148148,0.17724867724867724,-0.031746031746031744,0.07142857142857142,-0.010846323,0.04049561328221385,0.1502054294312005,0.03061240542550702,0.0716490260643082,True,False,True
S2_single_R3_record,GPS1,False,-0.24603174603174605,0.3664021164021164,0.6124338624338624,0.4695767195767196,0.7843915343915344,-0.24603174603174605,-0.1031746031746032,-0.417989417989418,0.0,0.0003432065588593325,-0.1366148873409563,-0.035402792782356,-0.2407597392522406,False,False,False
S2_single_R3_record,GTF2H3,False,0.2777777777777778,0.9457671957671958,0.8611111111111112,0.541005291005291,0.667989417989418,0.08465608465608465,0.40476190476190477,0.2777777777777778,-0.562091536,-0.7758197898412679,-0.4552690690582892,-0.07301389438081607,-0.1401177800866549,True,True,True
S2_single_R3_record,GTF2H5,True,0.050264550264550345,0.7526455026455027,0.21031746031746032,0.8584656084656085,0.7023809523809523,0.5423280423280423,-0.10582010582010581,0.050264550264550345,-1.716940024,-0.2897728682787928,0.08828069559535168,-0.3289963363873757,-0.1703716749766679,True,False,True
S2_single_R3_record,H2AFX,False,0.05820105820105814,0.9907407407407407,0.9325396825396826,0.996031746031746,0.9140211640211641,0.05820105820105814,-0.005291005291005346,0.07671957671957663,0.0,-1.341137769728697,-0.5948428103670436,-1.819063484069235,-0.4634385754263965,True,False,True
S2_single_R3_record,HDAC10,False,-0.22222222222222215,0.37433862433862436,0.5727513227513228,0.5965608465608465,0.7076719576719577,-0.19841269841269843,-0.22222222222222215,-0.3333333333333333,0.0,-0.01005250964778629,-0.1242381171785227,-0.09648927236361497,-0.1748676441253674,False,False,False
S2_single_R3_record,HELB,False,-0.1164021164021164,0.25793650793650796,0.31613756613756616,0.37433862433862436,0.5701058201058201,-0.0582010582010582,-0.1164021164021164,-0.31216931216931215,-0.73480466,0.0738188371857415,0.01366508686873787,0.003758620733041344,-0.09292419058652848,False,False,False
S2_single_R3_record,HELQ,False,0.23809523809523814,0.9298941798941799,0.9034391534391535,0.6917989417989417,0.593915343915344,0.026455026455026398,0.23809523809523814,0.33597883597883593,-0.488919641,-0.7364734432074642,-0.5138041318468171,-0.1397752710983728,-0.1010661811912821,True,True,True
S2_single_R3_record,HIST3H2A,False,-0.044973544973544985,0.11243386243386243,0.19444444444444445,0.1574074074074074,0.15211640211640212,-0.08201058201058202,-0.044973544973544985,-0.039682539682539694,0.0,0.2216273347128796,0.09446859602900792,0.1318235866746572,0.1367558035419645,False,False,False
S2_single_R3_record,HIST3H3,False,0.06613756613756615,0.167989417989418,0.10185185185185185,0.6150793650793651,0.09391534391534391,0.06613756613756615,-0.4470899470899471,0.07407407407407408,0.0,0.1406360975275458,0.1735673045908387,-0.1051858691505328,0.1893309587357167,True,False,True
S2_single_R3_record,HIST4H4,False,0.013227513227513255,0.3955026455026455,0.38227513227513227,0.6335978835978836,0.1574074074074074,0.013227513227513255,-0.23809523809523808,0.2380952380952381,-0.113747536,-0.02727930252924866,-0.0211522346030244,-0.1155504229472667,0.1292998251521323,True,False,True
S2_single_R3_record,HMGA1,False,0.5952380952380951,0.906084656084656,0.8928571428571429,0.11772486772486772,0.31084656084656087,0.013227513227513144,0.7883597883597884,0.5952380952380951,-0.287581046,-0.6559034285267099,-0.4881002997894585,0.1683460297301426,0.04338648391715533,True,True,True
S2_single_R3_record,HMGA2,False,0.19576719576719578,0.3637566137566138,0.1574074074074074,0.167989417989418,0.4166666666666667,0.20634920634920637,0.19576719576719578,-0.05291005291005291,-0.006325428,0.002056056627706436,0.1151741547910063,0.1213983782267336,-0.0137231153003663,True,True,False
S2_single_R3_record,HMGB2,False,-0.08730158730158732,0.6018518518518519,0.6574074074074074,0.6891534391534392,0.705026455026455,-0.05555555555555558,-0.08730158730158732,-0.10317460317460314,-0.369132357,-0.1691731969450395,-0.1757432382656869,-0.1391848096607579,-0.1722884438086982,False,False,False
S2_single_R3_record,HMGN1,False,0.3280423280423281,0.6044973544973545,0.27645502645502645,0.17063492063492064,0.44576719576719576,0.3280423280423281,0.4338624338624339,0.15873015873015878,0.0,-0.1698218415501208,0.04138485852371065,0.1212152924576098,-0.02386282628737509,True,True,True
S2_single_R3_record,HSF1,False,-0.06349206349206349,0.75,0.4748677248677249,0.8134920634920635,0.9113756613756614,0.2751322751322751,-0.06349206349206349,-0.1613756613756614,-0.542693189,-0.2894876713603266,-0.06773182723450628,-0.2476457595624494,-0.456674194539772,True,False,False
S2_single_R3_record,HUS1B,False,0.16666666666666674,0.8690476190476191,0.7023809523809523,0.7367724867724867,0.5727513227513228,0.16666666666666674,0.13227513227513232,0.2962962962962963,-0.594309254,-0.5035605645198646,-0.2150591444353706,-0.1759161981997464,-0.09346948328072681,True,True,True
S2_single_R3_record,HUWE1,False,0.03439153439153442,0.9642857142857143,0.9298941798941799,0.04365079365079365,0.9801587301587301,0.03439153439153442,0.9206349206349207,-0.015873015873015817,-0.576738781,-0.9258043912046815,-0.5934624644780938,0.237437314511331,-0.9776007896260799,True,True,False
S2_single_R3_record,IGHMBP2,False,0.07671957671957674,0.6097883597883598,0.578042328042328,0.4537037037037037,0.533068783068783,0.031746031746031744,0.15608465608465605,0.07671957671957674,-0.069106371,-0.1726083471817947,-0.1261105563904869,-0.02907575215895974,-0.07672610897510938,True,True,True
S2_single_R3_record,ING3,False,-0.002645502645502673,0.9113756613756614,0.9140211640211641,0.12566137566137567,0.9351851851851852,-0.002645502645502673,0.7857142857142857,-0.023809523809523836,-0.736025781,-0.6908502919698626,-0.5455822531480139,0.1640038747780504,-0.5514279170289009,False,True,False
S2_single_R3_record,INIP,False,-0.42328042328042326,0.17592592592592593,0.6071428571428571,0.19444444444444445,0.5992063492063492,-0.43121693121693117,-0.018518518518518517,-0.42328042328042326,0.0,0.1359877270846145,-0.1323213586997488,0.1008409105725332,-0.1040752134938336,False,False,False
S2_single_R3_record,INO80C,False,-0.026455026455026398,0.6124338624338624,0.6944444444444444,0.5092592592592593,0.6388888888888888,-0.08201058201058198,0.10317460317460314,-0.026455026455026398,-0.095560417,-0.1734207159331297,-0.209482323805238,-0.05066503961122404,-0.1232504160618526,False,True,False
S2_single_R3_record,INO80D,False,-0.1507936507936508,0.66005291005291,0.8108465608465608,0.34523809523809523,0.8373015873015873,-0.1507936507936508,0.31481481481481477,-0.17724867724867732,-0.049256402,-0.2053405027934718,-0.3796780535479337,0.0259493093311088,-0.3045402644883071,False,True,False
S2_single_R3_record,INO80E,False,0.13492063492063489,0.533068783068783,0.19973544973544974,0.7870370370370371,0.39814814814814814,0.33333333333333326,-0.25396825396825407,0.13492063492063489,-0.828659104,-0.1082655614766407,0.09140172829089262,-0.2237013650490264,-0.001916574064087406,True,False,True
S2_single_R3_record,ISG15,False,0.10052910052910058,0.7711640211640212,0.7261904761904762,0.414021164021164,0.6706349206349206,0.044973544973545,0.35714285714285715,0.10052910052910058,-0.140267971,-0.3039427103723235,-0.2430368657989404,-0.01834031011238076,-0.1427813846216054,True,True,True
S2_single_R3_record,JMY,False,0.0,0.4748677248677249,0.5436507936507936,0.4748677248677249,0.38492063492063494,-0.06878306878306872,0.0,0.08994708994708994,0.0,-0.0674823689913834,-0.1007874092221019,-0.03804518427959813,0.005288426837402049,False,False,True
S2_single_R3_record,KAT5,False,-0.4470899470899471,0.19973544973544974,0.7579365079365079,0.06746031746031746,0.6468253968253969,-0.5582010582010581,0.13227513227513227,-0.4470899470899471,-0.266190141,0.1086342233970858,-0.2778666930962213,0.2039504915002026,-0.1248111361307317,False,True,False
S2_single_R3_record,KDM1A,False,0.2513227513227514,0.8611111111111112,0.7738095238095238,0.6097883597883598,0.5092592592592593,0.08730158730158732,0.2513227513227514,0.35185185185185186,-0.278155177,-0.4940304787668413,-0.3134182589070553,-0.1016482625355466,-0.06003847230904155,True,True,True
S2_single_R3_record,KDM2A,False,0.2698412698412699,0.458994708994709,0.18915343915343916,0.1335978835978836,0.6071428571428571,0.2698412698412699,0.3253968253968254,-0.14814814814814808,-0.557695011,-0.05683161237186123,0.09582783256442988,0.1525996382931366,-0.1074601793362264,True,True,False
S2_single_R3_record,KDM4D,False,-0.07407407407407407,0.6415343915343915,0.7156084656084656,0.5383597883597884,0.7711640211640212,-0.07407407407407407,0.10317460317460314,-0.12962962962962965,0.0,-0.188085076894977,-0.2250846341896458,-0.07106843903490345,-0.2284224344989047,False,True,False
S2_single_R3_record,KIAA0101,False,0.14021164021164023,0.4007936507936508,0.2605820105820106,0.2208994708994709,0.4880952380952381,0.14021164021164023,0.1798941798941799,-0.08730158730158727,-0.006931023,-0.02925580070951339,0.05016805955414465,0.0934908660641236,-0.04497813443944028,True,True,False
S2_single_R3_record,KIAA0430,False,-0.05291005291005291,0.21296296296296297,0.26587301587301587,0.20767195767195767,0.3955026455026455,-0.05291005291005291,0.005291005291005291,-0.18253968253968256,-0.272185852,0.1036967310838556,0.04938366362177815,0.09691076299682155,0.0007675454524179344,False,True,False
S2_single_R3_record,KIN,False,0.14814814814814814,0.8637566137566137,0.7685185185185185,0.4193121693121693,0.7156084656084656,0.09523809523809523,0.4444444444444444,0.14814814814814814,-0.372466873,-0.4959202965527649,-0.3115795502727092,-0.02035868122840601,-0.1779566941001824,True,True,True
S2_single_R3_record,KLHL15,False,0.16402116402116407,0.8082010582010583,0.3187830687830688,0.8267195767195767,0.6441798941798942,0.4894179894179895,-0.01851851851851849,0.16402116402116407,0.0,-0.3510069627337741,0.009898301131504507,-0.2557267558603734,-0.124512493732456,True,False,True
S2_single_R3_record,LIG3,False,0.03439153439153442,0.8981481481481481,0.8637566137566137,0.9404761904761905,0.5568783068783069,0.03439153439153442,-0.042328042328042326,0.3412698412698413,-0.512408576,-0.6202449994836765,-0.4578005628580217,-0.5801880500783557,-0.0881457256787197,True,False,True
S2_single_R3_record,MAD2L2,False,-0.4576719576719576,0.4695767195767196,0.8875661375661376,0.9854497354497355,0.9272486772486772,-0.41798941798941797,-0.5158730158730158,-0.4576719576719576,-0.316838102,-0.06299895731843924,-0.4808771222602911,-1.13903853025568,-0.5345265881939913,False,False,False
S2_single_R3_record,MAGEF1,False,0.2328042328042328,0.27645502645502645,0.04365079365079365,0.17328042328042328,0.017195767195767195,0.2328042328042328,0.10317460317460317,0.25925925925925924,0.0,0.06037079186022788,0.2317869508974839,0.1199272832441931,0.3205532302573449,True,True,True
S2_single_R3_record,MB21D1,False,-0.055555555555555566,0.07275132275132275,0.11772486772486772,0.38492063492063494,0.1283068783068783,-0.04497354497354497,-0.3121693121693122,-0.055555555555555566,0.0,0.2912056922249143,0.1538831170996831,0.0009789105803861275,0.1575780917100671,False,False,False
S2_single_R3_record,MBD4,False,0.2671957671957672,0.6785714285714286,0.376984126984127,0.6362433862433863,0.4113756613756614,0.3015873015873016,0.042328042328042326,0.2671957671957672,-0.396132354,-0.2243922470609958,-0.0188626553573692,-0.11645569299471,-0.01361732803457046,True,True,True
S2_single_R3_record,MBTD1,False,0.07407407407407407,0.6944444444444444,0.5304232804232805,0.7685185185185185,0.6203703703703703,0.16402116402116396,-0.07407407407407407,0.07407407407407407,0.0,-0.2442873697443194,-0.09716231317989607,-0.1978119490203826,-0.1136762832072375,True,False,True
S2_single_R3_record,MC1R,False,-0.12698412698412698,0.7420634920634921,0.8690476190476191,0.8690476190476191,0.9034391534391535,-0.12698412698412698,-0.12698412698412698,-0.1613756613756614,0.0,-0.2815346420795263,-0.4613474380722574,-0.3490181729113672,-0.4411055028415236,False,False,False
S2_single_R3_record,MCM4,True,-0.6746031746031746,0.3082010582010582,0.0013227513227513227,0.9828042328042328,0.9880952380952381,0.30687830687830686,-0.6746031746031746,-0.67989417989418,-2.565027646,0.03981175318473662,0.5616493414585075,-1.135119396042344,-1.307803165437437,True,False,False
S2_single_R3_record,MCM7,False,-0.08730158730158721,0.8716931216931217,0.3664021164021164,0.958994708994709,0.9828042328042328,0.5052910052910053,-0.08730158730158721,-0.11111111111111105,-0.815967559,-0.5054566429986468,-0.01583775029278867,-0.7471610646393818,-0.9787372035237567,True,False,False
S2_single_R3_record,MCM8,False,-0.013227513227513227,0.13624338624338625,0.14947089947089948,0.8875661375661376,0.09126984126984126,-0.013227513227513227,-0.7513227513227513,0.044973544973544985,-0.136909775,0.1907293557795001,0.1196094057395872,-0.3862966075401912,0.1900662298983825,False,False,True
S2_single_R3_record,MCM9,False,0.3306878306878307,0.8029100529100529,0.4722222222222222,0.9880952380952381,0.07275132275132275,0.3306878306878307,-0.18518518518518523,0.7301587301587301,-0.009774722,-0.3482369994823696,-0.0666887265316419,-1.141709938288154,0.2127713711307586,True,False,True
S2_single_R3_record,MCMDC2,False,0.07142857142857145,0.2896825396825397,0.27380952380952384,0.21825396825396826,0.1917989417989418,0.015873015873015872,0.07142857142857145,0.0978835978835979,-0.255060993,0.04836877746765807,0.04273000681083369,0.0950072546216374,0.1015563103040146,True,True,True
S2_single_R3_record,MCRS1,False,-0.12169312169312174,0.6335978835978836,0.6362433862433863,0.7552910052910053,0.794973544973545,-0.002645502645502673,-0.12169312169312174,-0.1613756613756614,-0.071500728,-0.1855337787668899,-0.1588675708826401,-0.1884900153692857,-0.2484412302456313,False,False,False
S2_single_R3_record,MDC1,False,0.02645502645502651,0.9854497354497355,0.9537037037037037,0.9986772486772487,0.958994708994709,0.031746031746031744,-0.013227513227513255,0.02645502645502651,-0.199962878,-1.246823663522221,-0.7646969290767456,-1.920260159025724,-0.7366324161086268,True,False,True
S2_single_R3_record,MEAF6,False,-0.10582010582010581,0.7870370370370371,0.9775132275132276,0.006613756613756613,0.8928571428571429,-0.19047619047619047,0.7804232804232805,-0.10582010582010581,-0.195549245,-0.3206276196838069,-0.9134809797626562,0.4394711425254048,-0.4138084589097281,False,True,False
S2_single_R3_record,MEIOB,False,-0.037037037037037035,0.4669312169312169,0.503968253968254,0.8822751322751323,0.28174603174603174,-0.037037037037037035,-0.4153439153439154,0.18518518518518517,-0.187347245,-0.06101899106380993,-0.08813025287805958,-0.3808043252619447,0.0504885720121422,False,False,True
S2_single_R3_record,MEN1,False,0.7063492063492064,0.9563492063492064,0.8822751322751323,0.11243386243386243,0.25,0.07407407407407407,0.843915343915344,0.7063492063492064,0.0,-0.8731699371259635,-0.4787830359506951,0.1709659760663362,0.0647750351156462,True,True,True
S2_single_R3_record,MGME1,False,-0.1322751322751322,0.5171957671957672,0.6494708994708994,0.794973544973545,0.45634920634920634,-0.1322751322751322,-0.2777777777777778,0.06084656084656087,-0.164454862,-0.09374799247667212,-0.1693387270962032,-0.2280523985635911,-0.0253320968960038,False,False,True
S2_single_R3_record,MGMT,False,-0.05555555555555558,0.6759259259259259,0.7314814814814815,0.5357142857142857,0.7764550264550265,-0.05555555555555558,0.14021164021164023,-0.10052910052910058,-0.036632024,-0.2207585216685589,-0.246475214107682,-0.06997474507114394,-0.2318988030488483,False,True,False
S2_single_R3_record,MLH1,False,0.03968253968253965,0.8214285714285714,0.7817460317460317,0.4775132275132275,0.7870370370370371,0.03968253968253965,0.3439153439153439,0.034391534391534306,0.0,-0.3864588122379091,-0.3223171948902206,-0.03849844197917059,-0.2417815890677726,True,True,True
S2_single_R3_record,MLH3,False,-0.10582010582010584,0.24206349206349206,0.3478835978835979,0.05952380952380952,0.6283068783068783,-0.10582010582010584,0.18253968253968256,-0.38624338624338617,-0.12128774,0.08375166206441964,-0.001342933226815848,0.2224484190209426,-0.115760510700574,False,True,False
S2_single_R3_record,MORF4L1,False,0.3624338624338624,0.7791005291005291,0.4166666666666667,0.458994708994709,0.19973544973544974,0.3624338624338624,0.32010582010582006,0.5793650793650793,0.0,-0.3172074254349164,-0.04058963769856083,-0.03149072856293378,0.09962625247321735,True,True,True
S2_single_R3_record,MPG,False,0.09259259259259262,0.3002645502645503,0.09391534391534391,0.6494708994708994,0.20767195767195767,0.2063492063492064,-0.34920634920634913,0.09259259259259262,-0.037810516,0.04098278548489395,0.1771876041581111,-0.1212790785721151,0.092931733043159,True,False,True
S2_single_R3_record,MRGBP,False,0.8306878306878307,0.8531746031746031,0.9457671957671958,0.009259259259259259,0.022486772486772486,-0.09259259259259267,0.8439153439153438,0.8306878306878307,-0.055048916,-0.4731682412088064,-0.6911981475859004,0.4059321966902411,0.3162761319615655,False,True,True
S2_single_R3_record,MSH2,False,-0.15873015873015872,0.4193121693121693,0.6521164021164021,0.0992063492063492,0.578042328042328,-0.2328042328042328,0.3201058201058201,-0.15873015873015872,-0.995003157,-0.04105245422897066,-0.1705607351228605,0.1797891779758762,-0.09553759428351846,False,True,False
S2_single_R3_record,MSH3,False,-0.11375661375661378,0.2605820105820106,0.37433862433862436,0.3558201058201058,0.4801587301587302,-0.11375661375661378,-0.09523809523809523,-0.2195767195767196,0.0,0.07062009110204315,-0.01871915003169411,0.01778750678185581,-0.03514755441908024,False,False,False
S2_single_R3_record,MSH4,False,0.06349206349206349,0.6494708994708994,0.4537037037037037,0.6071428571428571,0.5859788359788359,0.1957671957671957,0.042328042328042326,0.06349206349206349,0.0,-0.1956890935974228,-0.06250714512363498,-0.1011811235518427,-0.09996246845563157,True,True,True
S2_single_R3_record,MSH5,False,-0.07142857142857145,0.39285714285714285,0.4642857142857143,0.4828042328042328,0.33994708994708994,-0.07142857142857145,-0.08994708994708994,0.05291005291005291,-0.36362795,-0.02708609730109579,-0.0628249447272764,-0.03891816843596688,0.03164942423218001,False,False,True
S2_single_R3_record,MSH6,False,-0.1507936507936508,0.36904761904761907,0.23677248677248677,0.5595238095238095,0.5198412698412699,0.1322751322751323,-0.19047619047619047,-0.1507936507936508,-0.177170737,-0.0003266228562600199,0.06472078632225149,-0.07882537798805375,-0.06200099839197677,True,False,False
S2_single_R3_record,MUM1,False,-0.060846560846560815,0.33201058201058203,0.45634920634920634,0.39285714285714285,0.027777777777777776,-0.1243386243386243,-0.060846560846560815,0.30423280423280424,-0.721669946,0.02336037907425285,-0.06269501358300762,-0.004873204916345276,0.2943649703773034,False,False,True
S2_single_R3_record,MUS81,False,0.2513227513227514,0.7843915343915344,0.32142857142857145,0.533068783068783,0.7685185185185185,0.46296296296296297,0.2513227513227514,0.015873015873015928,-0.136812796,-0.3205293744096845,0.007509424021019992,-0.06249489162814988,-0.2252067018887653,True,True,True
S2_single_R3_record,MUTYH,False,0.005291005291005346,0.9748677248677249,0.9748677248677249,0.921957671957672,0.9695767195767195,0.0,0.05291005291005291,0.005291005291005346,-0.566984776,-1.153656733411706,-0.9004134106650524,-0.5002579906958653,-0.8814482332389011,False,True,True
S2_single_R3_record,NABP1,False,-0.12433862433862441,0.5859788359788359,0.7103174603174603,0.5674603174603174,0.8505291005291006,-0.12433862433862441,0.01851851851851849,-0.26455026455026465,0.0,-0.1490915829897584,-0.2234637653338913,-0.08574295464560337,-0.3277970216977973,False,True,False
S2_single_R3_record,NDNL2,False,-0.010582010582010581,0.7103174603174603,0.7208994708994709,0.8373015873015873,0.4669312169312169,-0.010582010582010581,-0.12698412698412698,0.24338624338624343,-0.205559462,-0.256187965636284,-0.2324352321920887,-0.2872524134746092,-0.03133919399960632,False,False,True
S2_single_R3_record,NEIL1,False,0.21428571428571427,0.414021164021164,0.4007936507936508,0.19973544973544974,0.08068783068783068,0.013227513227513199,0.21428571428571427,0.3333333333333333,0.0,-0.039530823188669,-0.02922381650760197,0.09915303589315552,0.2048019215215029,True,True,True
S2_single_R3_record,NEIL2,False,-0.16666666666666666,0.13095238095238096,0.25,0.2976190476190476,0.5753968253968254,-0.11904761904761904,-0.16666666666666666,-0.4444444444444444,-0.132685766,0.1984106476475631,0.05619255067651589,0.04683664149771896,-0.09400858507320375,False,False,False
S2_single_R3_record,NEIL3,False,0.3994708994708995,0.6891534391534392,0.2896825396825397,0.49867724867724866,0.26322751322751325,0.3994708994708995,0.19047619047619052,0.42592592592592593,-0.006425477,-0.239963650542658,0.0315486125109854,-0.04729831980890668,0.05663715882005901,True,True,True
S2_single_R3_record,NFRKB,False,-0.031746031746031744,0.8664021164021164,0.7896825396825397,0.8981481481481481,0.9933862433862434,0.07671957671957674,-0.031746031746031744,-0.12698412698412698,-0.882237741,-0.5018358975048839,-0.3267279159881102,-0.394967023798628,-1.427337791979127,True,False,False
S2_single_R3_record,NHEJ1,False,0.02645502645502651,0.8478835978835979,0.9246031746031746,0.8214285714285714,0.6917989417989417,-0.07671957671957674,0.02645502645502651,0.15608465608465616,-0.154582705,-0.4570401315737015,-0.5731011917327624,-0.2534438065521283,-0.1606758786444489,False,True,True
S2_single_R3_record,NIPBL,False,-0.6746031746031746,0.011904761904761904,0.09126984126984126,0.6865079365079365,0.8108465608465608,-0.07936507936507936,-0.6746031746031746,-0.798941798941799,-0.090945637,0.5288194193078338,0.1787409970027379,-0.1384636265703726,-0.2662449115172973,False,False,False
S2_single_R3_record,NONO,False,0.034391534391534306,0.8955026455026455,0.09656084656084656,0.8611111111111112,0.9193121693121693,0.798941798941799,0.034391534391534306,-0.023809523809523836,0.0,-0.6084368424410207,0.1754618672849957,-0.3395773071862515,-0.4753553630461019,True,True,False
S2_single_R3_record,NPAS2,False,0.021164021164021163,0.2261904761904762,0.32936507936507936,0.017195767195767195,0.20502645502645503,-0.10317460317460317,0.208994708994709,0.021164021164021163,-0.015971259,0.0929099602823178,0.005262651448974864,0.292856918488145,0.09322253827369933,False,True,True
S2_single_R3_record,NPM1,False,0.38095238095238093,0.5912698412698413,0.062169312169312166,0.21031746031746032,0.8637566137566137,0.5291005291005291,0.38095238095238093,-0.27248677248677244,-0.320856978,-0.1625702739591694,0.2043130582329051,0.09670990796800019,-0.3440218337398552,True,True,False
S2_single_R3_record,NSMCE2,False,0.4814814814814814,0.7341269841269841,0.6097883597883598,0.2526455026455027,0.01455026455026455,0.1243386243386243,0.4814814814814814,0.7195767195767195,-0.169890392,-0.2777767346633849,-0.1323214121756086,0.0719666675083211,0.3318291261421251,True,True,True
S2_single_R3_record,NSMCE4A,False,0.01851851851851849,0.7447089947089947,0.7367724867724867,0.7261904761904762,0.6256613756613757,0.007936507936507908,0.01851851851851849,0.11904761904761896,0.0,-0.2834693097765162,-0.260684955881326,-0.1711202886328945,-0.1149294817310785,True,True,True
S2_single_R3_record,NTHL1,False,0.1931216931216931,0.39814814814814814,0.10449735449735449,0.20502645502645503,0.26587301587301587,0.29365079365079366,0.1931216931216931,0.13227513227513227,-0.093092308,-0.02789572211227695,0.171296603357777,0.09801570144627383,0.05560740396640199,True,True,True
S2_single_R3_record,NUCKS1,False,0.2486772486772486,0.5013227513227513,0.3425925925925926,0.07804232804232804,0.2526455026455027,0.15873015873015867,0.42328042328042326,0.2486772486772486,-0.096668647,-0.08963725372181441,0.001240918421328452,0.1940022754515389,0.06347224622999592,True,True,True
S2_single_R3_record,NUDT1,False,0.15873015873015872,0.3558201058201058,0.1970899470899471,0.17857142857142858,0.22354497354497355,0.15873015873015872,0.17724867724867724,0.13227513227513227,0.0,0.006473372351061712,0.09294897777455194,0.1105728339901801,0.07515387650123347,True,True,True
S2_single_R3_record,NUDT16,False,-0.010582010582010581,0.667989417989418,0.5992063492063492,0.6785714285714286,0.8082010582010583,0.06878306878306883,-0.010582010582010581,-0.14021164021164023,0.0,-0.2128292445678179,-0.1311724511491112,-0.1354853497452038,-0.262842501027414,True,False,False
S2_single_R3_record,NUDT16L1,False,-0.11375661375661375,0.14682539682539683,0.39021164021164023,0.18915343915343916,0.2605820105820106,-0.2433862433862434,-0.042328042328042326,-0.11375661375661375,0.0,0.1670001800854507,-0.02367437965793506,0.1031097606585301,0.05715307391475211,False,False,False
S2_single_R3_record,OBFC1,False,-0.48677248677248675,0.25,0.7764550264550265,0.5886243386243386,0.7367724867724867,-0.5264550264550265,-0.3386243386243386,-0.48677248677248675,-0.564298339,0.07979966459867043,-0.3158509155228418,-0.0940718622429489,-0.1967792421685005,False,False,False
S2_single_R3_record,OGG1,False,0.1296296296296296,0.4351851851851852,0.3055555555555556,0.4113756613756614,0.294973544973545,0.1296296296296296,0.02380952380952378,0.14021164021164018,-0.071294253,-0.04704437455742012,0.02303472424073494,-0.01762442553080815,0.04710701705838449,True,True,True
S2_single_R3_record,OTUB1,False,0.1957671957671957,0.9484126984126984,0.7526455026455027,0.6441798941798942,0.8716931216931217,0.1957671957671957,0.3042328042328042,0.07671957671957663,-0.378512364,-0.7768008986683559,-0.27467749437303,-0.1187291161635041,-0.350446982983911,True,True,True
S2_single_R3_record,PAGR1,False,-0.15343915343915343,0.09126984126984126,0.0701058201058201,0.2447089947089947,0.4351851851851852,0.021164021164021163,-0.15343915343915343,-0.3439153439153439,-0.116294636,0.2390722307870445,0.2003528812614954,0.07514139322518978,-0.01994426881530635,True,False,False
S2_single_R3_record,PAPD7,False,-0.24338624338624337,0.23941798941798942,0.4828042328042328,0.5621693121693122,0.46164021164021163,-0.24338624338624337,-0.3227513227513228,-0.2222222222222222,-0.396676612,0.08444522350181523,-0.07471675650774681,-0.08372449059869158,-0.02792870586911504,False,False,False
S2_single_R3_record,PARG,False,-0.35449735449735453,0.376984126984127,0.6706349206349206,0.8161375661375662,0.7314814814814815,-0.2936507936507936,-0.4391534391534392,-0.35449735449735453,0.0,-0.0102414667125393,-0.1930475947191714,-0.2487747527928172,-0.1894997971874511,False,False,False
S2_single_R3_record,PARP1,False,0.01851851851851849,0.9828042328042328,0.9880952380952381,0.9642857142857143,0.7261904761904762,-0.005291005291005346,0.01851851851851849,0.2566137566137566,-0.115063531,-1.212357324418439,-1.020451014742789,-0.7590083229913382,-0.1833844569311218,False,True,True
S2_single_R3_record,PARP10,False,-0.09523809523809523,0.2552910052910053,0.3505291005291005,0.32407407407407407,0.5383597883597884,-0.09523809523809523,-0.06878306878306878,-0.2830687830687831,-0.045760626,0.07604453343799764,-0.001606224810734837,0.0368471713350873,-0.08100038793079663,False,False,False
S2_single_R3_record,PARP2,False,0.11904761904761907,0.7738095238095238,0.6335978835978836,0.6547619047619048,0.7552910052910053,0.14021164021164023,0.11904761904761907,0.01851851851851849,0.0,-0.306948002997281,-0.1569537413328835,-0.1263418720677958,-0.2079855311465411,True,True,True
S2_single_R3_record,PARP4,False,-0.14285714285714285,0.44576719576719576,0.5886243386243386,0.7526455026455027,0.5595238095238095,-0.14285714285714285,-0.3068783068783069,-0.11375661375661378,0.0,-0.05210550706583784,-0.1298799979662491,-0.1809318900415574,-0.0885873676333097,False,False,False
S2_single_R3_record,PARP9,False,-0.1957671957671957,0.5277777777777778,0.5515873015873016,0.8478835978835979,0.7235449735449735,-0.023809523809523836,-0.3201058201058201,-0.1957671957671957,-0.184186894,-0.1048033403734152,-0.1061486194282518,-0.312626317361222,-0.1825711280893234,False,False,False
S2_single_R3_record,PARPBP,False,-0.19576719576719578,0.21031746031746032,0.4060846560846561,0.7182539682539683,0.3134920634920635,-0.19576719576719578,-0.5079365079365079,-0.10317460317460317,0.0,0.1046354799832077,-0.03019493504500852,-0.1641449317548317,0.04260139586913692,False,False,False
S2_single_R3_record,PAXIP1,False,0.09523809523809523,0.8584656084656085,0.5621693121693122,0.7632275132275133,0.876984126984127,0.2962962962962963,0.09523809523809523,-0.01851851851851849,-0.065410833,-0.4927032005795115,-0.1110820310632095,-0.1958959284159242,-0.3507853039364729,True,True,False
S2_single_R3_record,PDS5A,False,0.015873015873015872,0.1865079365079365,0.20767195767195767,0.08068783068783068,0.17063492063492064,-0.021164021164021163,0.10582010582010583,0.015873015873015872,0.0,0.1286291338006739,0.08834409198232507,0.1919529919720085,0.1167024972709549,False,True,True
S2_single_R3_record,PDS5B,False,0.1243386243386243,0.5648148148148148,0.44047619047619047,0.1283068783068783,0.8425925925925926,0.1243386243386243,0.43650793650793646,-0.2777777777777778,0.0,-0.130000975488901,-0.05961127156787931,0.1608112533908891,-0.3173735568046527,True,True,False
S2_single_R3_record,PML,False,0.058201058201058226,0.27380952380952384,0.05423280423280423,0.2156084656084656,0.44841269841269843,0.2195767195767196,0.058201058201058226,-0.1746031746031746,0.0,0.06196164956719086,0.2122683568070315,0.09535448905625779,-0.02401857706923908,True,True,False
S2_single_R3_record,PMS1,False,0.15343915343915343,0.3187830687830688,0.36904761904761907,0.06481481481481481,0.16534391534391535,-0.05026455026455029,0.25396825396825395,0.15343915343915343,-0.189197246,0.03156506113670613,-0.01717909728322227,0.2108904840491679,0.1202354531980466,False,True,True
S2_single_R3_record,PMS2,False,-0.37037037037037035,0.15211640211640212,0.3611111111111111,0.7711640211640212,0.5224867724867724,-0.20899470899470898,-0.6190476190476191,-0.37037037037037035,-0.021902118,0.1646687327407017,-0.01200632945185079,-0.2027196061155273,-0.06744279499798131,False,False,False
S2_single_R3_record,PNKP,False,0.03968253968253965,0.8002645502645502,0.9113756613756614,0.5701058201058201,0.7605820105820106,-0.11111111111111116,0.23015873015873012,0.03968253968253965,0.0,-0.3398966698931581,-0.5355974602106721,-0.08767983971937987,-0.2169656090346834,False,True,True
S2_single_R3_record,POLB,False,0.1798941798941799,0.32142857142857145,0.2526455026455027,0.08333333333333333,0.14153439153439154,0.06878306878306878,0.23809523809523814,0.1798941798941799,0.0,0.02838357101585309,0.05612975218318746,0.1898687454052347,0.148893562389843,True,True,True
S2_single_R3_record,POLD4,False,0.01851851851851849,0.6838624338624338,0.6653439153439153,0.578042328042328,0.7447089947089947,0.01851851851851849,0.10582010582010581,-0.060846560846560815,0.0,-0.2267636144354214,-0.1827100420280082,-0.08860829126262595,-0.1999419795750573,True,True,False
S2_single_R3_record,POLG,False,0.1507936507936508,0.8849206349206349,0.9351851851851852,0.32671957671957674,0.7341269841269841,-0.050264550264550345,0.5582010582010581,0.1507936507936508,0.0,-0.5398833080853627,-0.6045967370303653,0.03612001888093792,-0.1909432827900079,False,True,True
S2_single_R3_record,POLG2,False,0.7301587301587301,0.7605820105820106,0.8267195767195767,0.03042328042328042,0.0013227513227513227,-0.06613756613756616,0.7301587301587301,0.7592592592592593,-0.325768684,-0.2987819212348332,-0.3903176492037281,0.2712726780597084,0.7250001879328754,False,True,True
S2_single_R3_record,POLH,False,-0.20634920634920628,0.32671957671957674,0.533068783068783,0.7314814814814815,0.49603174603174605,-0.20634920634920628,-0.40476190476190477,-0.1693121693121693,0.0,0.02504180846790804,-0.09747216178442061,-0.1730004100221985,-0.05324560992333685,False,False,False
S2_single_R3_record,POLI,False,0.08994708994708994,0.32936507936507936,0.2447089947089947,0.16534391534391535,0.23941798941798942,0.08465608465608465,0.164021164021164,0.08994708994708994,0.0,0.02372428247518171,0.06320896585288367,0.1230550788738262,0.06870311815174576,True,True,True
S2_single_R3_record,POLK,False,-0.1957671957671957,0.3584656084656085,0.7394179894179894,0.5119047619047619,0.5542328042328042,-0.38095238095238093,-0.15343915343915338,-0.1957671957671957,-0.090306099,0.00499850527939142,-0.263301113446766,-0.05113230078824686,-0.08796821101010766,False,False,False
S2_single_R3_record,POLL,False,0.04761904761904767,0.966931216931217,0.9722222222222222,0.9193121693121693,0.48544973544973546,-0.005291005291005235,0.04761904761904767,0.4814814814814815,0.0,-1.057053150982095,-0.8804288160051017,-0.496190213059025,-0.04269720885995273,False,True,True
S2_single_R3_record,POLQ,False,0.7063492063492064,0.9986772486772487,0.2843915343915344,0.8108465608465608,0.2923280423280423,0.7142857142857143,0.1878306878306879,0.7063492063492064,-0.240900744,-2.640176515847641,0.03631779164452128,-0.2462030391575052,0.04884361049948183,True,True,True
S2_single_R3_record,POLR2L,False,-0.3306878306878307,0.18915343915343916,0.49603174603174605,0.5198412698412699,0.9378306878306878,-0.30687830687830686,-0.3306878306878307,-0.7486772486772486,0.0,0.1246079758841887,-0.08601658093316515,-0.05884321120596973,-0.5670631514437683,False,False,False
S2_single_R3_record,PPP4C,False,0.26984126984126977,0.9378306878306878,0.667989417989418,0.5277777777777778,0.9563492063492064,0.26984126984126977,0.41005291005291,-0.0185185185185186,-0.394248584,-0.7476027707337648,-0.1851690816441936,-0.06057596626922557,-0.7160023541005897,True,True,False
S2_single_R3_record,PPP4R2,False,-0.2592592592592593,0.0992063492063492,0.3584656084656085,0.2923280423280423,0.9722222222222222,-0.2592592592592593,-0.19312169312169314,-0.873015873015873,0.0,0.235984676729839,-0.009502615589014773,0.04829439768750987,-0.8875931285443196,False,False,False
S2_single_R3_record,PPP5C,False,-0.13492063492063494,0.32407407407407407,0.17592592592592593,0.5859788359788359,0.458994708994709,0.14814814814814814,-0.26190476190476186,-0.13492063492063494,-0.077775911,0.02774476112351065,0.1026247704360352,-0.09163743145815777,-0.02624842734106651,True,False,False
S2_single_R3_record,PRDM9,False,-0.06084656084656084,0.17857142857142858,0.23941798941798942,0.6124338624338624,0.2261904761904762,-0.06084656084656084,-0.43386243386243384,-0.047619047619047616,-0.12273456,0.1346521014015655,0.06436814426232902,-0.1017130744355774,0.07425441109474325,False,False,False
S2_single_R3_record,PRIMPOL,False,0.23015873015873017,0.5621693121693122,0.12301587301587301,0.3664021164021164,0.33201058201058203,0.4391534391534392,0.1957671957671958,0.23015873015873017,-0.002044561,-0.1297891994128123,0.1502352974761013,0.008357356322505297,0.03479636787937827,True,True,True
S2_single_R3_record,PRKCG,False,-0.018518518518518517,0.022486772486772486,0.041005291005291,0.2261904761904762,0.03306878306878307,-0.018518518518518517,-0.20370370370370372,-0.010582010582010581,-0.122502064,0.4341360059497844,0.2332708929998841,0.08570665910484172,0.2699311971663961,False,False,False
S2_single_R3_record,PRMT6,False,0.04232804232804227,0.5119047619047619,0.4695767195767196,0.3055555555555556,0.6018518518518519,0.04232804232804227,0.20634920634920628,-0.08994708994709,-0.383316776,-0.09252739868895744,-0.06470353353928522,0.04321716826343236,-0.1059492785728882,True,True,False
S2_single_R3_record,PSME4,False,-0.010582010582010581,0.062169312169312166,0.07275132275132275,0.0013227513227513227,0.2447089947089947,-0.010582010582010581,0.06084656084656084,-0.18253968253968256,-0.552407687,0.3262913455259548,0.1928445870833486,0.6077080146148495,0.06678428083674721,False,True,False
S2_single_R3_record,RAB43,False,-0.03703703703703709,0.7023809523809523,0.6812169312169312,0.7394179894179894,0.8690476190476191,0.021164021164021163,-0.03703703703703709,-0.16666666666666674,0.0,-0.2491015712445122,-0.1994916420848726,-0.1768064259449733,-0.349771965199913,True,False,False
S2_single_R3_record,RAD1,False,-0.28042328042328046,0.5674603174603174,0.8478835978835979,0.9484126984126984,0.3505291005291005,-0.28042328042328046,-0.38095238095238093,0.21693121693121692,-0.539784258,-0.1340798519691426,-0.4283175524543239,-0.6238544678985087,0.02197092524513285,False,False,True
S2_single_R3_record,RAD18,False,-0.10582010582010584,0.2156084656084656,0.8134920634920635,0.05423280423280423,0.32142857142857145,-0.5978835978835979,0.1613756613756614,-0.10582010582010584,0.0,0.09929109557465754,-0.3803463659770494,0.2317304579779272,0.04206904941082076,False,True,False
S2_single_R3_record,RAD21,False,-0.25925925925925924,0.43783068783068785,0.39285714285714285,0.6970899470899471,0.951058201058201,0.044973544973545,-0.25925925925925924,-0.5132275132275133,0.0,-0.04725308777276149,-0.02714055670989464,-0.1470072467186377,-0.7009846363899941,True,False,False
S2_single_R3_record,RAD21L1,False,-0.013227513227513227,0.046296296296296294,0.1917989417989418,0.03306878306878307,0.05952380952380952,-0.14550264550264552,0.013227513227513227,-0.013227513227513227,-0.187925935,0.336178209469271,0.09507058526169561,0.2665299595147642,0.2293770684368031,False,True,False
S2_single_R3_record,RAD23A,False,-0.36772486772486773,0.03306878306878307,0.009259259259259259,0.43253968253968256,0.4007936507936508,0.023809523809523808,-0.3994708994708995,-0.36772486772486773,-0.148135594,0.3836310523615366,0.4778803673961337,-0.02472699885096944,-0.004743376923441012,True,False,False
S2_single_R3_record,RAD23B,False,0.060846560846560815,0.8161375661375662,0.7552910052910053,0.46164021164021163,0.8743386243386243,0.060846560846560815,0.35449735449735453,-0.05820105820105814,0.0,-0.3675312639318862,-0.2778084045727291,-0.03188970146470889,-0.3506778287126289,True,True,False
S2_single_R3_record,RAD50,False,0.03439153439153442,0.951058201058201,0.9166666666666666,0.9537037037037037,0.6838624338624338,0.03439153439153442,-0.002645502645502673,0.2671957671957672,-0.475314724,-0.7796591588006633,-0.5482852327411438,-0.7024242352606801,-0.1576047119857356,True,False,True
S2_single_R3_record,RAD51AP1,False,-0.31481481481481477,0.38756613756613756,0.8187830687830688,0.7023809523809523,0.548941798941799,-0.4312169312169313,-0.31481481481481477,-0.1613756613756614,0.0,-0.02462314181298971,-0.3873143523825284,-0.1488480926584727,-0.08382619694076698,False,False,False
S2_single_R3_record,RAD51B,False,0.015873015873015928,0.996031746031746,0.9828042328042328,0.9801587301587301,0.5277777777777778,0.013227513227513255,0.015873015873015928,0.46825396825396826,-0.184070715,-1.729264179681142,-0.985189859161968,-1.123963667849686,-0.07292011878767068,True,True,True
S2_single_R3_record,RAD51D,False,-0.01851851851851849,0.9325396825396826,0.951058201058201,0.9748677248677249,0.7817460317460317,-0.01851851851851849,-0.042328042328042326,0.1507936507936508,-0.617917546,-0.7390470636484583,-0.7534471525695502,-1.039534853066426,-0.2377519852519545,False,False,True
S2_single_R3_record,RAD54B,False,-0.19576719576719576,0.14947089947089948,0.34523809523809523,0.8029100529100529,0.26851851851851855,-0.19576719576719576,-0.6534391534391535,-0.11904761904761907,0.0,0.1661285085917431,-0.001276256989087773,-0.2399609864423112,0.05504864856343458,False,False,False
S2_single_R3_record,RAD54L,False,-0.14550264550264547,0.7288359788359788,0.8743386243386243,0.9351851851851852,0.376984126984127,-0.14550264550264547,-0.2063492063492064,0.35185185185185186,0.0,-0.2761845510469937,-0.4682806611770688,-0.5467644075464287,0.008633124360454929,False,False,True
S2_single_R3_record,RAD9B,False,0.16666666666666663,0.9695767195767195,0.8029100529100529,0.36904761904761907,0.8955026455026455,0.16666666666666663,0.6005291005291005,0.07407407407407407,-0.857134952,-1.097579611699346,-0.3559486076976455,0.008246396260186195,-0.4242879620221252,True,True,True
S2_single_R3_record,RCHY1,False,0.283068783068783,0.8240740740740741,0.7843915343915344,0.42724867724867727,0.541005291005291,0.03968253968253965,0.3968253968253968,0.283068783068783,0.0,-0.4098577638321503,-0.3225033457406667,-0.02393639987146597,-0.08143296180229553,True,True,True
S2_single_R3_record,REC8,False,0.2328042328042328,0.38227513227513227,0.49074074074074076,0.13624338624338625,0.14947089947089948,-0.10846560846560849,0.24603174603174602,0.2328042328042328,0.0,-0.01568084406237955,-0.08449235611957251,0.1464931698913592,0.1454605863880225,False,True,True
S2_single_R3_record,RECQL,False,-0.06878306878306878,0.12566137566137567,0.06746031746031746,0.5251322751322751,0.19444444444444445,0.05820105820105821,-0.3994708994708994,-0.06878306878306878,-0.114059735,0.2000814478637851,0.2008098525452221,-0.0605176260350094,0.1013765878519964,True,False,False
S2_single_R3_record,RECQL5,False,-0.082010582010582,0.16534391534391535,0.24735449735449735,0.2605820105820106,0.10449735449735449,-0.082010582010582,-0.09523809523809523,0.06084656084656086,-0.818881144,0.1430285982569166,0.05792915298231806,0.0669702234189935,0.1753400182353563,False,False,True
S2_single_R3_record,REV1,False,-0.28835978835978837,0.48544973544973546,0.5806878306878307,0.9246031746031746,0.7738095238095238,-0.09523809523809523,-0.4391534391534392,-0.28835978835978837,-0.55471341,-0.07827738512485918,-0.1269925017330837,-0.5167762684409102,-0.230869746653321,False,False,False
S2_single_R3_record,REV3L,False,0.17989417989417988,0.8796296296296297,0.6759259259259259,0.9007936507936508,0.6997354497354498,0.20370370370370372,-0.021164021164021163,0.17989417989417988,0.0,-0.5342295512045667,-0.1954067898314623,-0.4051189060818975,-0.1696856906259154,True,False,True
S2_single_R3_record,REXO4,False,0.19047619047619047,0.7261904761904762,0.44312169312169314,0.6044973544973545,0.5357142857142857,0.283068783068783,0.12169312169312163,0.19047619047619047,-0.30833954,-0.2734257537165739,-0.05965971096443375,-0.09800733859153712,-0.0780442475258658,True,True,True
S2_single_R3_record,RFWD3,False,-0.00793650793650802,0.6071428571428571,0.6150793650793651,0.9140211640211641,0.3373015873015873,-0.00793650793650802,-0.306878306878307,0.26984126984126977,0.0,-0.1720065564479191,-0.1389566770843757,-0.4765390181301421,0.03212381836185596,False,False,True
S2_single_R3_record,RHNO1,False,0.03968253968253965,0.9801587301587301,0.9404761904761905,0.966931216931217,0.75,0.03968253968253965,0.013227513227513144,0.23015873015873012,-0.364218916,-1.209730114175151,-0.6428413263748973,-0.7726074319484632,-0.2022912238064398,True,True,True
S2_single_R3_record,RIF1,False,-0.40476190476190477,0.1574074074074074,0.003968253968253968,0.7764550264550265,0.5621693121693122,0.15343915343915343,-0.6190476190476191,-0.40476190476190477,-0.211148309,0.1484630638708899,0.5120730666011851,-0.2109465468395807,-0.0894006209873049,True,False,False
S2_single_R3_record,RMI1,False,-0.4894179894179895,0.09391534391534391,0.593915343915344,0.5833333333333334,0.32936507936507936,-0.5,-0.4894179894179895,-0.23544973544973546,0.0,0.2385519775732458,-0.1302392548537831,-0.09126587648515964,0.0350258703335764,False,False,False
S2_single_R3_record,RMI2,False,-0.5846560846560847,0.14417989417989419,0.8002645502645502,0.5992063492063492,0.7288359788359788,-0.656084656084656,-0.455026455026455,-0.5846560846560847,-0.69942997,0.1724117720386425,-0.3447145167939681,-0.09684346450570036,-0.1869694641333002,False,False,False
S2_single_R3_record,RNASEH2A,False,0.010582010582010581,0.7235449735449735,0.66005291005291,0.8293650793650794,0.7129629629629629,0.06349206349206349,-0.10582010582010593,0.010582010582010581,-0.445610362,-0.2718187244912698,-0.1760554248428129,-0.2623423685453489,-0.1756583816980347,True,False,True
S2_single_R3_record,RNF111,False,0.1613756613756614,0.6732804232804233,0.5119047619047619,0.32936507936507936,0.9298941798941799,0.1613756613756614,0.3439153439153439,-0.2566137566137566,-0.209043035,-0.2200901369309246,-0.08897927902977276,0.0355894124740416,-0.5397983962275074,True,True,False
S2_single_R3_record,RNF138,False,-0.2619047619047619,0.07804232804232804,0.33994708994708994,0.6838624338624338,0.32407407407407407,-0.2619047619047619,-0.6058201058201058,-0.24603174603174605,-0.223004786,0.2866152040997894,0.001769626648062683,-0.1374054832061011,0.03900272522682526,False,False,False
S2_single_R3_record,RNF168,False,-0.544973544973545,0.4113756613756614,0.9695767195767195,0.9563492063492064,0.11243386243386243,-0.5582010582010581,-0.544973544973545,0.29894179894179895,0.0,-0.03904539077672794,-0.8783410180574943,-0.7286230050441176,0.1733328437557997,False,False,True
S2_single_R3_record,RNF169,False,-0.20634920634920628,0.3055555555555556,0.07804232804232804,0.7288359788359788,0.5119047619047619,0.22751322751322756,-0.42328042328042326,-0.20634920634920628,-0.075356292,0.04028605812084167,0.1915823955890805,-0.1727249483456306,-0.0601941668739685,True,False,False
S2_single_R3_record,RNF8,True,-0.14550264550264547,0.8267195767195767,0.9986772486772487,0.9722222222222222,0.9325396825396826,-0.17195767195767198,-0.14550264550264547,-0.10582010582010581,-1.00248375,-0.414602888592106,-2.755723271270231,-0.9276603040430118,-0.5460889057116148,False,False,False
S2_single_R3_record,RPA4,False,0.19047619047619047,0.4775132275132275,0.14417989417989419,0.28703703703703703,0.49074074074074076,0.3333333333333333,0.19047619047619047,-0.013227513227513255,-0.133044892,-0.07037319062586325,0.1240076040001976,0.05161186712232817,-0.05009095635703426,True,True,False
S2_single_R3_record,RRM2B,False,0.2751322751322751,0.5992063492063492,0.32407407407407407,0.4801587301587302,0.3029100529100529,0.2751322751322751,0.11904761904761901,0.2962962962962963,0.0,-0.1672964639092958,0.00711053761132726,-0.03875798996051394,0.04459694921638935,True,True,True
S2_single_R3_record,RTEL1,False,-0.002645502645502673,0.9007936507936508,0.6626984126984127,0.9034391534391535,0.9775132275132276,0.23809523809523814,-0.002645502645502673,-0.07671957671957674,0.0,-0.637243660285995,-0.1802754587650751,-0.4331643659487803,-0.9471640184065759,True,False,False
S2_single_R3_record,SAMHD1,False,-0.626984126984127,0.02513227513227513,0.056878306878306875,0.6521164021164021,0.9431216931216931,-0.031746031746031744,-0.626984126984127,-0.917989417989418,0.0,0.4088145516884868,0.2087786280931413,-0.1260511100346594,-0.612322913404035,False,False,False
S2_single_R3_record,SETD2,False,-0.15343915343915343,0.20238095238095238,0.3558201058201058,0.18121693121693122,0.6759259259259259,-0.15343915343915343,0.021164021164021163,-0.47354497354497355,-0.734118634,0.1081319582697031,-0.007019836975335222,0.1091872509364628,-0.1479001693929973,False,True,False
S2_single_R3_record,SETMAR,False,0.15079365079365076,0.4246031746031746,0.14153439153439154,0.27380952380952384,0.6812169312169312,0.283068783068783,0.15079365079365076,-0.25661375661375657,0.0,-0.04412076804086788,0.1288866379788249,0.05396800926564094,-0.1575824378029276,True,True,False
S2_single_R3_record,SETX,False,0.33068783068783064,0.705026455026455,0.38756613756613756,0.2791005291005291,0.37433862433862436,0.31746031746031744,0.4259259259259259,0.33068783068783064,0.0,-0.2518738335828911,-0.02223060513807902,0.05337082649490407,0.01031465302167747,True,True,True
S2_single_R3_record,SFR1,False,0.25396825396825395,0.7817460317460317,0.5277777777777778,0.7605820105820106,0.1626984126984127,0.25396825396825395,0.021164021164021163,0.6190476190476191,-0.325114387,-0.3188997111125185,-0.09634192705767605,-0.1954810382907978,0.1270044549090514,True,True,True
S2_single_R3_record,SHPRH,False,0.23544973544973546,0.6256613756613757,0.5013227513227513,0.39021164021164023,0.04365079365079365,0.12433862433862441,0.23544973544973546,0.5820105820105821,-0.372350213,-0.180551434991715,-0.08671055751184209,-0.004724801172496591,0.2647848143718329,True,True,True
S2_single_R3_record,SIRT1,False,0.39682539682539686,0.8187830687830688,0.5171957671957672,0.04894179894179894,0.421957671957672,0.3015873015873016,0.7698412698412699,0.39682539682539686,0.0,-0.3696910309713533,-0.09213674430127217,0.2346256857451801,-0.01586115352078554,True,True,True
S2_single_R3_record,SIRT6,False,-0.3015873015873015,0.26322751322751325,0.5648148148148148,0.5145502645502645,0.8849206349206349,-0.3015873015873015,-0.2513227513227513,-0.6216931216931216,-0.398202391,0.06839993532716404,-0.1225603968076152,-0.05369820839040577,-0.363215178570778,False,False,False
S2_single_R3_record,SLC30A9,False,0.41534391534391535,0.5357142857142857,0.8373015873015873,0.12037037037037036,0.003968253968253968,-0.3015873015873016,0.41534391534391535,0.5317460317460317,-0.183532377,-0.1099131984700918,-0.412392458302078,0.1648339180389963,0.5089229663536128,False,True,True
S2_single_R3_record,SLX1A,False,-0.05026455026455029,0.27116402116402116,0.37962962962962965,0.32142857142857145,0.12037037037037036,-0.10846560846560849,-0.05026455026455029,0.1507936507936508,-0.542115743,0.06532235711039722,-0.02094310368726878,0.0370828923605333,0.1627762657111728,False,False,True
S2_single_R3_record,SLX4,False,-0.042328042328042326,0.17063492063492064,0.21296296296296297,0.041005291005291,0.4537037037037037,-0.042328042328042326,0.12962962962962965,-0.2830687830687831,-0.295062931,0.1393044333899575,0.08650102516773472,0.2525387980902459,-0.02529359133399733,False,True,False
S2_single_R3_record,SMARCAD1,False,-0.1798941798941799,0.17328042328042328,0.15211640211640212,0.3531746031746032,0.38756613756613756,0.021164021164021163,-0.1798941798941799,-0.21428571428571427,-0.201842862,0.1385554559073333,0.1185556745183479,0.02010997255213098,0.003661973130306251,True,False,False
S2_single_R3_record,SMARCAL1,False,-0.2698412698412699,0.5701058201058201,0.20502645502645503,0.83994708994709,0.9907407407407407,0.3650793650793651,-0.2698412698412699,-0.4206349206349206,-0.153691274,-0.1411653762328511,0.08876172836598592,-0.2873728284759345,-1.353205955218391,True,False,False
S2_single_R3_record,SMC5,False,0.3862433862433862,0.876984126984127,0.7870370370370371,0.49074074074074076,0.08333333333333333,0.08994708994708989,0.3862433862433862,0.7936507936507936,0.0,-0.5333549600924211,-0.3260348651317909,-0.04002096433302486,0.2042440155679978,True,True,True
S2_single_R3_record,SMCHD1,False,-0.14814814814814814,0.5092592592592593,0.1335978835978836,0.7076719576719577,0.6574074074074074,0.3756613756613757,-0.19841269841269837,-0.14814814814814814,0.0,-0.09178780203017345,0.1380045790681494,-0.1516955830918669,-0.1307534771879816,True,False,False
S2_single_R3_record,SMEK2,False,-0.24867724867724866,0.09656084656084656,0.03042328042328042,0.3611111111111111,0.34523809523809523,0.06613756613756613,-0.26455026455026454,-0.24867724867724866,0.0,0.2371118842703145,0.2676334358449582,0.01261842878643711,0.02970404827967747,True,False,False
S2_single_R3_record,SMG1,False,0.20634920634920634,0.33465608465608465,0.1283068783068783,0.14417989417989419,0.07539682539682539,0.20634920634920634,0.19047619047619047,0.25925925925925924,-0.413889398,0.02204217430098761,0.1456008289890066,0.1430828958812406,0.2096383702592028,True,True,True
S2_single_R3_record,SMUG1,False,-0.17195767195767198,0.11772486772486772,0.294973544973545,0.2896825396825397,0.27645502645502645,-0.17724867724867727,-0.17195767195767198,-0.15873015873015872,-0.485150795,0.2158645110190244,0.0294342175703924,0.04891509817965615,0.05222061891686102,False,False,False
S2_single_R3_record,SPATA22,False,0.0582010582010582,0.0701058201058201,0.011904761904761904,0.07275132275132275,0.011904761904761904,0.0582010582010582,-0.0026455026455026454,0.0582010582010582,-0.336007479,0.3096967293077146,0.4589765427137117,0.1987632781779562,0.3566553789345784,True,False,True
S2_single_R3_record,SPIDR,False,-0.10582010582010581,0.7394179894179894,0.5568783068783069,0.9325396825396826,0.8452380952380952,0.18253968253968256,-0.19312169312169314,-0.10582010582010581,-0.149913636,-0.2799047494551754,-0.1062044641767506,-0.5300875991939332,-0.32561889528125,True,False,False
S2_single_R3_record,SPIRE1,False,0.35449735449735453,0.4801587301587302,0.31084656084656087,0.10714285714285714,0.12566137566137567,0.1693121693121693,0.373015873015873,0.35449735449735453,-0.038917366,-0.07070114984576792,0.0204928742596621,0.1760053603760875,0.1591377935905975,True,True,True
S2_single_R3_record,SPIRE2,False,0.2380952380952381,0.4537037037037037,0.12037037037037036,0.40343915343915343,0.2156084656084656,0.33333333333333337,0.05026455026455029,0.2380952380952381,0.0,-0.05673095800409866,0.1504643886488237,-0.01302437394873627,0.08596870327737884,True,True,True
S2_single_R3_record,SPO11,False,0.30158730158730157,0.6865079365079365,0.38492063492063494,0.31613756613756616,0.39285714285714285,0.30158730158730157,0.37037037037037035,0.29365079365079366,0.0,-0.2337493851786327,-0.02191921593085559,0.03979009930716307,0.003374571206883264,True,True,True
S2_single_R3_record,SPRTN,False,-0.021164021164021163,0.33994708994708994,0.5701058201058201,0.23677248677248677,0.3611111111111111,-0.23015873015873017,0.10317460317460317,-0.021164021164021163,0.0,0.01775748217060628,-0.123379695858523,0.07788281811256859,0.01885284935029663,False,True,False
S2_single_R3_record,STRA13,False,-0.2751322751322751,0.421957671957672,0.7658730158730159,0.5013227513227513,0.6970899470899471,-0.34391534391534395,-0.0793650793650793,-0.2751322751322751,-0.346041014,-0.04204339826316725,-0.3064790880893569,-0.04906165641392517,-0.1680656867506984,False,False,False
S2_single_R3_record,STUB1,False,-0.018518518518518517,0.03835978835978836,0.03306878306878307,0.16005291005291006,0.056878306878306875,0.005291005291005291,-0.1216931216931217,-0.018518518518518517,-0.291607234,0.3513806795779025,0.2485406563727819,0.1299654014952719,0.2390220175312425,True,False,False
S2_single_R3_record,SUMO1,False,0.06613756613756616,0.6521164021164021,0.5859788359788359,0.7420634920634921,0.24206349206349206,0.06613756613756616,-0.08994708994709,0.41005291005291,-0.532046528,-0.1972327276432842,-0.1296902132211719,-0.177869906835677,0.06858895959126136,True,False,True
S2_single_R3_record,SUV420H1,False,-0.7275132275132274,0.051587301587301584,0.5383597883597884,0.7791005291005291,0.8002645502645502,-0.4867724867724868,-0.7275132275132274,-0.7486772486772486,0.0,0.3344882649878381,-0.09951877578584838,-0.2114004514135628,-0.2539420748893916,False,False,False
S2_single_R3_record,SUV420H2,False,-0.021164021164021163,0.3478835978835979,0.2791005291005291,0.5304232804232805,0.36904761904761907,0.06878306878306878,-0.18253968253968256,-0.021164021164021163,0.0,0.009874334018660523,0.04105783939905076,-0.06070110850797465,0.01380768563754842,True,False,False
S2_single_R3_record,SWI5,False,0.010582010582010581,0.9880952380952381,0.996031746031746,0.9775132275132276,0.8875661375661376,-0.007936507936507908,0.010582010582010581,0.10052910052910058,0.0,-1.26121794223377,-1.519976563803023,-1.068748504878352,-0.3848788415190763,False,True,True
S2_single_R3_record,SWSAP1,False,0.21164021164021174,0.7552910052910053,0.44841269841269843,0.8928571428571429,0.5436507936507936,0.3068783068783069,-0.13756613756613756,0.21164021164021174,0.0,-0.2960821170618,-0.06099686552544625,-0.3922833652298984,-0.08229573333181683,True,False,True
S2_single_R3_record,SYCP1,False,0.055555555555555525,0.4828042328042328,0.6997354497354498,0.3425925925925926,0.42724867724867727,-0.21693121693121697,0.14021164021164018,0.055555555555555525,0.0,-0.07782871385364028,-0.2122329292764564,0.0278620815443967,-0.0181222621344029,False,True,True
S2_single_R3_record,TAOK1,False,-0.19841269841269843,0.08333333333333333,0.28174603174603174,0.7658730158730159,0.11507936507936507,-0.19841269841269843,-0.6825396825396826,-0.031746031746031744,0.0,0.2528900117893464,0.03917142201350732,-0.1973457946723009,0.1696568910307503,False,False,False
S2_single_R3_record,TCEA1,False,-0.23280423280423285,0.10449735449735449,0.3373015873015873,0.3478835978835979,0.18386243386243387,-0.23280423280423285,-0.24338624338624343,-0.07936507936507937,-0.037678923,0.2320817493732797,0.002598800595524274,0.02302786098691516,0.1039205287233879,False,False,False
S2_single_R3_record,TDG,False,0.01851851851851849,0.623015873015873,0.6044973544973545,0.5515873015873016,0.7658730158730159,0.01851851851851849,0.0714285714285714,-0.1428571428571429,0.0,-0.1803952857571306,-0.1323110946930376,-0.0752029257738996,-0.2227229600181794,True,True,False
S2_single_R3_record,TDP1,False,-0.09259259259259256,0.593915343915344,0.6865079365079365,0.705026455026455,0.6097883597883598,-0.09259259259259256,-0.11111111111111105,-0.015873015873015817,-0.238560948,-0.1642989430972534,-0.2038151214618299,-0.1508047539117759,-0.1119659780006644,False,False,False
S2_single_R3_record,TDP2,False,0.03703703703703705,0.16005291005291006,0.26322751322751325,0.12301587301587301,0.07804232804232804,-0.1031746031746032,0.03703703703703705,0.08201058201058202,-0.481434871,0.1469582652715077,0.04996902023647716,0.1648115462895197,0.2087060395271467,False,True,True
S2_single_R3_record,TERF2IP,False,-0.10317460317460314,0.31084656084656087,0.414021164021164,0.1917989417989418,0.43253968253968256,-0.10317460317460314,0.11904761904761907,-0.12169312169312169,-0.489517278,0.03679447556696417,-0.03427105782530226,0.1027367559542839,-0.01983125252613416,False,True,False
S2_single_R3_record,TEX12,False,-0.23015873015873017,0.05423280423280423,0.2552910052910053,0.7235449735449735,0.2843915343915344,-0.20105820105820105,-0.6693121693121693,-0.23015873015873017,0.0,0.3309413973520613,0.05547884983383729,-0.1694582118992519,0.04995545018330801,False,False,False
S2_single_R3_record,TEX15,False,0.29894179894179895,0.6970899470899471,0.39814814814814814,0.33201058201058203,0.49867724867724866,0.29894179894179895,0.36507936507936506,0.19841269841269843,0.0,-0.248212171419985,-0.02831673493153246,0.0344358518147588,-0.05505738313978773,True,True,True
S2_single_R3_record,TFPT,False,0.12698412698412698,0.9351851851851852,0.8082010582010583,0.5753968253968254,0.9986772486772487,0.12698412698412698,0.3597883597883599,-0.06349206349206349,-0.935628435,-0.7438610272225876,-0.3784696269221501,-0.08859524230017835,-1.900094278694839,True,True,False
S2_single_R3_record,TMEM161A,False,-0.002645502645502673,0.6706349206349206,0.6732804232804233,0.6812169312169312,0.43783068783068785,-0.002645502645502673,-0.010582010582010581,0.23280423280423274,0.0,-0.2168302107229058,-0.1949550966393142,-0.1357211912269299,-0.0219788700057979,False,False,True
S2_single_R3_record,TNP1,False,0.16666666666666663,0.44047619047619047,0.2208994708994709,0.45105820105820105,0.27380952380952384,0.21957671957671956,-0.010582010582010581,0.16666666666666663,0.0,-0.04955587691984216,0.08139056838512844,-0.02903630358136944,0.05233062315152785,True,False,True
S2_single_R3_record,TOP3A,False,-0.283068783068783,0.23148148148148148,0.876984126984127,0.4722222222222222,0.5145502645502645,-0.6455026455026455,-0.24074074074074073,-0.283068783068783,-0.513001478,0.08799401461432352,-0.4683085516302686,-0.03723512983470659,-0.06073947346021802,False,False,False
S2_single_R3_record,TP53,False,-0.06084656084656084,0.0013227513227513227,0.6785714285714286,0.003968253968253968,0.062169312169312166,-0.6772486772486773,-0.0026455026455026454,-0.06084656084656084,0.0,1.127095673534286,-0.1977682599709532,0.5733939461526075,0.2228283557299902,False,False,False
S2_single_R3_record,TP73,False,0.12433862433862435,0.20502645502645503,0.08068783068783068,0.27645502645502645,0.046296296296296294,0.12433862433862435,-0.07142857142857142,0.15873015873015872,0.0,0.1069431680204066,0.1899666697958864,0.05341194033731966,0.259088150354327,True,False,True
S2_single_R3_record,TREX1,False,-0.14285714285714288,0.14153439153439154,0.5542328042328042,0.2843915343915344,0.16005291005291006,-0.4126984126984127,-0.14285714285714288,-0.018518518518518517,0.0,0.1760098914847884,-0.1061880138006931,0.05215875835043245,0.1292031829339629,False,False,False
S2_single_R3_record,TRIM25,False,-0.037037037037037035,0.07539682539682539,0.11243386243386243,0.0701058201058201,0.3584656084656085,-0.037037037037037035,0.005291005291005291,-0.2830687830687831,0.0,0.2887142380120837,0.1599197899583403,0.2038700216629425,0.01910852802157607,False,True,False
S2_single_R3_record,TRIM28,False,0.1402116402116402,0.28703703703703703,0.03835978835978836,0.4007936507936508,0.14682539682539683,0.24867724867724866,-0.11375661375661378,0.1402116402116402,0.0,0.05223910568401029,0.237392785680594,-0.01115915040656897,0.1479276852323015,True,False,True
S2_single_R3_record,TRIP12,False,-0.6058201058201058,0.01455026455026455,0.6203703703703703,0.1626984126984127,0.8531746031746031,-0.6058201058201058,-0.14814814814814814,-0.8386243386243386,-0.639971716,0.4739883343202131,-0.1443583867421099,0.1272899401176738,-0.3300173430460716,False,False,False
S2_single_R3_record,TRIP13,True,0.050264550264550234,0.9404761904761905,0.8902116402116402,0.37962962962962965,0.921957671957672,0.050264550264550234,0.5608465608465608,0.01851851851851849,-1.118745998,-0.7481058076764637,-0.4824301557863397,0.001457149888148074,-0.4803778050511203,True,True,True
S2_single_R3_record,TRRAP,False,-0.11904761904761907,0.8055555555555556,0.958994708994709,0.01455026455026455,0.9246031746031746,-0.15343915343915338,0.791005291005291,-0.11904761904761907,-0.256137258,-0.3484583411286613,-0.786672840760886,0.3052126850968715,-0.519705907959998,False,True,False
S2_single_R3_record,TTC5,False,-0.2698412698412698,0.08068783068783068,0.2261904761904762,0.3505291005291005,0.7976190476190477,-0.14550264550264552,-0.2698412698412698,-0.716931216931217,0.0,0.2787030648649997,0.07975721820825354,0.02230351522875725,-0.2511411076613036,False,False,False
S2_single_R3_record,TWIST1,False,0.07142857142857151,0.6362433862433863,0.40343915343915343,0.5727513227513228,0.5648148148148148,0.23280423280423285,0.06349206349206349,0.07142857142857151,0.0,-0.1858469822200811,-0.02977891401708868,-0.08803648147763045,-0.08969874767274413,True,True,True
S2_single_R3_record,UBC,False,0.3148148148148148,0.3611111111111111,0.02513227513227513,0.046296296296296294,0.10185185185185185,0.335978835978836,0.3148148148148148,0.25925925925925924,0.0,0.002766631850698104,0.3518702761865828,0.236226451272044,0.1814824220012287,True,True,True
S2_single_R3_record,UBE2A,False,0.41798941798941797,0.7182539682539683,0.5251322751322751,0.3002645502645503,0.13095238095238096,0.19312169312169314,0.41798941798941797,0.5873015873015873,-0.16327237,-0.2696568113599068,-0.09412838540634075,0.04551340687887784,0.1571813715038945,True,True,True
S2_single_R3_record,UBE2B,False,-0.031746031746031744,0.8743386243386243,0.921957671957672,0.8716931216931217,0.906084656084656,-0.04761904761904767,0.002645502645502562,-0.031746031746031744,-0.701380644,-0.5231344288375239,-0.5531522022982311,-0.3492573188217797,-0.4456441350558924,False,True,False
S2_single_R3_record,UBE2D3,False,0.16402116402116396,0.9272486772486772,0.8796296296296297,0.31084656084656087,0.7632275132275133,0.04761904761904756,0.6164021164021163,0.16402116402116396,-0.899603533,-0.7348018838366804,-0.4731848661512008,0.04126797572811616,-0.221283019586371,True,True,True
S2_single_R3_record,UBE2L6,False,-0.11111111111111116,0.5886243386243386,0.5965608465608465,0.6997354497354498,0.7526455026455027,-0.007936507936507908,-0.11111111111111116,-0.16402116402116407,0.0,-0.1493033060793823,-0.1305852914296519,-0.1478922982084671,-0.2039382953604652,False,False,False
S2_single_R3_record,UBE2N,True,-0.40476190476190477,0.503968253968254,0.966931216931217,0.9087301587301587,0.4642857142857143,-0.462962962962963,-0.40476190476190477,0.03968253968253965,-1.012790086,-0.09035985139326344,-0.8594565307012154,-0.4486186852598265,-0.0294163980912566,False,False,True
S2_single_R3_record,UBE2T,False,-0.07936507936507942,0.7156084656084656,0.794973544973545,0.9616402116402116,0.6547619047619048,-0.07936507936507942,-0.24603174603174605,0.060846560846560815,0.0,-0.2625467684821658,-0.334594514392989,-0.7479291155428175,-0.129384431298979,False,False,True
S2_single_R3_record,UBE2U,False,0.2275132275132275,0.5145502645502645,0.3637566137566138,0.14153439153439154,0.28703703703703703,0.15079365079365076,0.373015873015873,0.2275132275132275,0.0,-0.09370041432128348,-0.01555913667334563,0.1436430807208174,0.0494845335426241,True,True,True
S2_single_R3_record,UBE2V1,False,0.253968253968254,0.6574074074074074,0.7791005291005291,0.26322751322751325,0.40343915343915343,-0.12169312169312163,0.3941798941798942,0.253968253968254,-0.259974802,-0.2033190151349801,-0.320168439135748,0.06638431430943367,-0.005290417698026406,False,True,True
S2_single_R3_record,UBE2V2,True,0.007936507936507964,0.3425925925925926,0.6388888888888888,0.21296296296296297,0.33465608465608465,-0.2962962962962962,0.12962962962962965,0.007936507936507964,-1.026479898,0.01380366377577369,-0.1597331867610833,0.09657282362022057,0.032481693706226,False,True,True
S2_single_R3_record,UBE2W,False,0.14814814814814814,0.794973544973545,0.6468253968253969,0.3637566137566138,0.8267195767195767,0.14814814814814814,0.4312169312169312,-0.031746031746031744,0.0,-0.3306440063275115,-0.1677736451452826,0.008742996703518337,-0.2972291534639848,True,True,False
S2_single_R3_record,UBR5,True,0.13756613756613756,0.9722222222222222,0.10714285714285714,0.8346560846560847,0.8822751322751323,0.8650793650793651,0.13756613756613756,0.08994708994708989,-1.137669476,-1.136531135097681,0.1641195378546207,-0.2777633899100859,-0.3552568708714848,True,True,True
S2_single_R3_record,UCHL5,False,0.03439153439153442,0.7632275132275133,0.7288359788359788,0.062169312169312166,0.966931216931217,0.03439153439153442,0.701058201058201,-0.20370370370370372,-0.463426103,-0.3032429919854502,-0.244000385714731,0.2188889853719151,-0.7836797595749441,True,True,False
S2_single_R3_record,UHRF1,True,0.2328042328042329,0.9034391534391535,0.7632275132275133,0.6706349206349206,0.4246031746031746,0.14021164021164023,0.2328042328042329,0.4788359788359789,-1.076685134,-0.6450530004274274,-0.2826645703033058,-0.1325014204349415,-0.01642710706521719,True,True,True
S2_single_R3_record,UIMC1,False,0.5343915343915344,0.6653439153439153,0.13095238095238096,0.421957671957672,0.06481481481481481,0.5343915343915344,0.24338624338624337,0.6005291005291006,0.0,-0.2122515453446847,0.1382948936425168,-0.02178554874098874,0.2191547383874647,True,True,True
S2_single_R3_record,UNG,False,0.021164021164021163,0.2447089947089947,0.43253968253968256,0.22354497354497355,0.14417989417989419,-0.18783068783068785,0.021164021164021163,0.10052910052910052,-0.517226991,0.08229703881120778,-0.04612076460257282,0.09241267265458515,0.1486299369177927,False,True,True
S2_single_R3_record,USP1,False,-0.3677248677248677,0.4642857142857143,0.832010582010582,0.8743386243386243,0.6944444444444444,-0.3677248677248677,-0.41005291005291,-0.23015873015873012,0.0,-0.05933469865142953,-0.4027543284378008,-0.3664119660808773,-0.1665133530470705,False,False,False
S2_single_R3_record,USP10,False,-0.16402116402116396,0.49603174603174605,0.6970899470899471,0.66005291005291,0.21031746031746032,-0.20105820105820105,-0.16402116402116396,0.2857142857142857,-0.236487994,-0.08390383061619938,-0.2107719130982682,-0.1281150330446944,0.08936119743609097,False,False,True
S2_single_R3_record,USP28,False,-0.07671957671957672,0.006613756613756613,0.08333333333333333,0.1865079365079365,0.051587301587301584,-0.07671957671957672,-0.17989417989417988,-0.04497354497354497,-0.071454259,0.6085832303054756,0.1880141001312552,0.1062930002410214,0.2469091515831732,False,False,False
S2_single_R3_record,USP3,False,-0.17724867724867727,0.01984126984126984,0.051587301587301584,0.6177248677248677,0.1970899470899471,-0.031746031746031744,-0.5978835978835978,-0.17724867724867727,0.0,0.4377666696599314,0.215018699269591,-0.10548498360619,0.1009068506089011,False,False,False
S2_single_R3_record,USP43,False,-0.18783068783068785,0.2976190476190476,0.1388888888888889,0.48544973544973546,0.5833333333333334,0.15873015873015872,-0.18783068783068785,-0.28571428571428575,-0.464020336,0.04171548147876436,0.1361281959096091,-0.03893645795640799,-0.09695211754727748,True,False,False
S2_single_R3_record,USP45,False,0.02645502645502651,0.5304232804232805,0.623015873015873,0.503968253968254,0.167989417989418,-0.09259259259259256,0.02645502645502651,0.36243386243386244,-0.011244001,-0.1066204684675844,-0.1482872545607081,-0.04947048131468949,0.1194497558957179,False,True,True
S2_single_R3_record,USP47,False,0.3306878306878307,0.578042328042328,0.22354497354497355,0.24735449735449735,0.7791005291005291,0.3544973544973545,0.3306878306878307,-0.20105820105820105,0.0,-0.1467933318982809,0.08028340002882602,0.07302231360457097,-0.2344034596356446,True,True,False
S2_single_R3_record,USP51,False,-0.037037037037037035,0.21825396825396826,0.45105820105820105,0.22883597883597884,0.2552910052910053,-0.2328042328042328,-0.010582010582010581,-0.037037037037037035,-0.201564363,0.09689532108612757,-0.06224350464473834,0.08463879889535786,0.06291868455918159,False,False,False
S2_single_R3_record,USP7,False,-0.2592592592592593,0.5965608465608465,0.8558201058201058,0.7447089947089947,0.9087301587301587,-0.2592592592592593,-0.14814814814814814,-0.3121693121693122,-0.201008299,-0.1650094085081699,-0.4360807484356881,-0.1780099936365797,-0.4507555717322863,False,False,False
S2_single_R3_record,UVRAG,False,0.1164021164021164,0.9616402116402116,0.8452380952380952,0.39814814814814814,0.9854497354497355,0.1164021164021164,0.5634920634920635,-0.023809523809523836,-0.264635037,-0.9001218925222121,-0.4277471221293317,-0.00823293371964872,-1.004329336582972,True,True,False
S2_single_R3_record,WAS,False,0.05820105820105825,0.7208994708994709,0.7182539682539683,0.548941798941799,0.6626984126984127,0.002645502645502673,0.17195767195767198,0.05820105820105825,0.0,-0.2717037576451119,-0.2274548812679573,-0.07507866784879107,-0.1332684460406495,True,True,True
S2_single_R3_record,WDR48,False,-0.10846560846560849,0.7685185185185185,0.9431216931216931,0.876984126984127,0.38227513227513227,-0.17460317460317465,-0.10846560846560849,0.3862433862433862,0.0,-0.3037155893849991,-0.6751813079583364,-0.3677974423130085,0.005387696936182351,False,False,True
S2_single_R3_record,WHSC1,False,0.042328042328042326,0.6468253968253969,0.7447089947089947,0.4642857142857143,0.6044973544973545,-0.0978835978835978,0.18253968253968256,0.042328042328042326,-0.272981998,-0.1956080815990469,-0.2674660601206109,-0.03288853313956963,-0.1059768495325357,False,True,True
S2_single_R3_record,WRAP53,False,-0.3994708994708995,0.009259259259259259,0.046296296296296294,0.6574074074074074,0.4087301587301587,-0.037037037037037035,-0.6481481481481481,-0.3994708994708995,0.0,0.5713133826780159,0.228941597250295,-0.127865053942231,-0.00993553878031772,False,False,False
S2_single_R3_record,WRN,False,0.43650793650793646,0.5753968253968254,0.11507936507936507,0.23412698412698413,0.1388888888888889,0.4603174603174603,0.3412698412698412,0.43650793650793646,-0.446796298,-0.1460247985263708,0.1558769182319386,0.08065192993015172,0.1507144596041249,True,True,True
S2_single_R3_record,WRNIP1,False,0.07407407407407407,0.22883597883597884,0.15476190476190477,0.17592592592592593,0.06746031746031746,0.07407407407407407,0.05291005291005291,0.1613756613756614,0.0,0.09115124861067572,0.1172178986323645,0.1110026930282193,0.2151201584180888,True,True,True
S2_single_R3_record,XPA,False,0.11111111111111105,0.7129629629629629,0.6018518518518519,0.26587301587301587,0.7923280423280423,0.11111111111111105,0.44708994708994704,-0.07936507936507942,0.0,-0.2563226457224133,-0.1315751033706594,0.06201173011044341,-0.2431948358455784,True,True,False
S2_single_R3_record,XRCC1,False,-0.2857142857142857,0.5806878306878307,0.8664021164021164,0.8902116402116402,0.5251322751322751,-0.2857142857142857,-0.30952380952380953,0.05555555555555558,-0.130528234,-0.1474486117613963,-0.4597641527516771,-0.3915226771910595,-0.06853033697423605,False,False,True
S2_single_R3_record,XRCC2,False,0.002645502645502673,0.9933862433862434,0.9907407407407407,0.9907407407407407,0.8981481481481481,0.002645502645502673,0.002645502645502673,0.09523809523809523,-0.3517076,-1.568167718489008,-1.021907126842753,-1.154090632239006,-0.435994751305431,True,True,True
S2_single_R3_record,XRCC3,False,-0.010582010582010581,0.9537037037037037,0.9801587301587301,0.9166666666666666,0.9642857142857143,-0.026455026455026398,0.03703703703703709,-0.010582010582010581,0.0,-0.8052259331902537,-0.9186118149487211,-0.4812421389008271,-0.7796662305204255,False,True,False
S2_single_R3_record,XRCC4,False,0.013227513227513144,0.5224867724867724,0.5092592592592593,0.5912698412698413,0.3531746031746032,0.013227513227513144,-0.06878306878306883,0.16931216931216925,0.0,-0.1004804358562511,-0.08886643533052412,-0.09427720077294133,0.02032202768808133,True,False,True
S2_single_R3_record,XRCC6BP1,False,-0.30687830687830686,0.37962962962962965,0.18386243386243387,0.8796296296296297,0.6865079365079365,0.19576719576719578,-0.5,-0.30687830687830686,-0.592003903,-0.01028200226777114,0.09949449288712295,-0.378968562817414,-0.158468687278307,True,False,False
S2_single_R3_record,YEATS4,False,0.05820105820105825,0.8293650793650794,0.7711640211640212,0.7341269841269841,0.9457671957671958,0.05820105820105825,0.09523809523809534,-0.1164021164021164,0.0,-0.4177986333989125,-0.3125036905547535,-0.1750599451558196,-0.6319647341394671,True,True,False
S2_single_R3_record,YY1,False,0.03703703703703698,0.8875661375661376,0.8505291005291006,0.03835978835978836,0.9616402116402116,0.03703703703703698,0.8492063492063492,-0.07407407407407407,0.0,-0.549418730142611,-0.4342704493977899,0.2578423704811469,-0.7519476124195632,True,True,False
S2_single_R3_record,ZBTB1,False,-0.37566137566137564,0.26587301587301587,0.46164021164021163,0.6415343915343915,0.8584656084656085,-0.19576719576719576,-0.37566137566137564,-0.5925925925925926,0.0,0.06835899182195129,-0.06276748381983428,-0.1176266445752262,-0.3325464122198311,False,False,False
S2_single_R3_record,ZFYVE26,False,-0.17195767195767195,0.23677248677248677,0.4775132275132275,0.4087301587301587,0.21296296296296297,-0.24074074074074073,-0.17195767195767195,0.023809523809523808,0.0,0.08538548713954579,-0.06828901617963443,-0.01460769078823028,0.0872635356363299,False,False,True
S2_single_R3_record,ZMPSTE24,False,0.047619047619047616,0.18386243386243387,0.3002645502645503,0.01984126984126984,0.13624338624338625,-0.11640211640211642,0.164021164021164,0.047619047619047616,-0.144339462,0.1290296427953165,0.02339951792316001,0.2851538934641749,0.153044837366592,False,True,True
S2_single_R3_record,ZNF365,False,0.0714285714285714,0.832010582010582,0.7605820105820106,0.49603174603174605,0.8558201058201058,0.0714285714285714,0.33597883597883593,-0.023809523809523836,-0.69046466,-0.4184947217981291,-0.281220678197849,-0.04236594821838876,-0.3305888834624597,True,True,False
S2_single_R3_record,ZRANB3,False,-0.11640211640211641,0.08597883597883597,0.20238095238095238,0.14682539682539683,0.44312169312169314,-0.11640211640211641,-0.06084656084656086,-0.35714285714285715,0.0,0.2483888818736397,0.09080914569643891,0.1417443939893584,-0.02381968070526271,False,False,False
S2_single_R3_record,ZSWIM7,False,0.13492063492063494,0.5066137566137566,0.3716931216931217,0.7843915343915344,0.0992063492063492,0.13492063492063494,-0.2777777777777778,0.40740740740740744,-0.002992615,-0.09070490620701252,-0.01815887084476517,-0.2162785717574874,0.1840157873145092,True,False,True
S3_no_missing_R3_records,ABL1,False,-0.23947368421052634,0.4328947368421053,0.5828947368421052,0.6723684210526316,0.8013157894736842,-0.14999999999999997,-0.23947368421052634,-0.3684210526315789,-0.356940028,-0.04531373682801343,-0.1275317497621865,-0.1334935283972616,-0.2617371879258045,False,False,False
S3_no_missing_R3_records,ACTB,False,0.17368421052631589,0.8907894736842106,0.9092105263157895,0.6618421052631579,0.7171052631578947,-0.018421052631578894,0.22894736842105268,0.17368421052631589,-0.026338066,-0.6004159501956892,-0.5236875837813331,-0.1293703448306909,-0.1795078500954537,False,True,True
S3_no_missing_R3_records,ADPRHL2,False,-0.1394736842105263,0.6934210526315789,0.8723684210526316,0.3118421052631579,0.8328947368421052,-0.17894736842105263,0.381578947368421,-0.1394736842105263,-0.279559022,-0.2425020204206388,-0.4619489579955852,0.04054991821110103,-0.3005325318454921,False,True,False
S3_no_missing_R3_records,ALKBH1,False,0.1,0.24868421052631579,0.14868421052631578,0.09342105263157895,0.1881578947368421,0.1,0.15526315789473683,0.06052631578947368,-0.124967072,0.08106970216315176,0.1225355720015893,0.1835756341385585,0.1032462452552985,True,True,True
S3_no_missing_R3_records,ALKBH2,False,0.1394736842105263,0.7013157894736842,0.506578947368421,0.5618421052631579,0.8118421052631579,0.1947368421052632,0.1394736842105263,-0.1105263157894737,0.0,-0.2488539694598854,-0.08845846972701743,-0.08375822496584492,-0.2703934676531825,True,True,False
S3_no_missing_R3_records,ALKBH3,False,0.03157894736842104,0.14078947368421052,0.1118421052631579,0.09605263157894736,0.10921052631578948,0.028947368421052624,0.04473684210526316,0.03157894736842104,0.0,0.180933648809744,0.1626409332496876,0.1800874836371369,0.174267305941956,True,True,True
S3_no_missing_R3_records,ALKBH5,False,-0.2631578947368421,0.04078947368421053,0.6828947368421052,0.3013157894736842,0.30394736842105263,-0.6421052631578947,-0.26052631578947366,-0.2631578947368421,-0.407509095,0.3435064673611515,-0.2005108371668792,0.04506213689118092,0.04453474438903005,False,False,False
S3_no_missing_R3_records,ANKLE1,False,0.3631578947368421,0.7671052631578947,0.8855263157894737,0.4039473684210526,0.18552631578947368,-0.11842105263157898,0.3631578947368421,0.5815789473684211,0.0,-0.3037041697343135,-0.4788742598123264,-0.01390333491970469,0.1037961097935489,False,True,True
S3_no_missing_R3_records,ANKRD32,False,0.16315789473684217,0.8513157894736842,0.6881578947368421,0.6276315789473684,0.8881578947368421,0.16315789473684217,0.22368421052631582,-0.0368421052631579,-0.600609354,-0.4575341233927146,-0.2069419726917776,-0.1143178525318283,-0.3919052325453143,True,True,False
S3_no_missing_R3_records,AP5S1,False,0.10263157894736841,0.5486842105263158,0.3144736842105263,0.44605263157894737,0.48026315789473684,0.23421052631578948,0.10263157894736841,0.06842105263157894,0.0,-0.1173246827024038,0.01518483228110975,-0.0288254369115221,-0.03680662102821719,True,True,True
S3_no_missing_R3_records,AP5Z1,False,-0.01315789473684209,0.18289473684210528,0.16710526315789473,0.19605263157894737,0.26973684210526316,0.015789473684210548,-0.01315789473684209,-0.08684210526315789,-0.271381459,0.1335588695962337,0.109969243087625,0.1002743739128403,0.05275719727641773,True,False,False
S3_no_missing_R3_records,APBB1,False,-0.07631578947368423,0.5460526315789473,0.725,0.6223684210526316,0.5276315789473685,-0.17894736842105263,-0.07631578947368423,0.018421052631578894,0.0,-0.1133916137236839,-0.2329514357620405,-0.1086988565964714,-0.07463784837169193,False,False,True
S3_no_missing_R3_records,APEX1,False,0.06315789473684208,0.45921052631578946,0.3960526315789474,0.23026315789473684,0.5013157894736842,0.06315789473684208,0.22894736842105262,-0.0421052631578947,-0.422963524,-0.05682626794458759,-0.02744699506848362,0.08096940381235918,-0.05737687667832484,True,True,False
S3_no_missing_R3_records,APEX2,False,-0.6894736842105263,0.15657894736842104,0.43026315789473685,0.9092105263157895,0.8460526315789474,-0.2736842105263158,-0.7526315789473684,-0.6894736842105263,-0.32570528,0.1553964258376285,-0.04455338754760207,-0.4639780220095103,-0.3260227156293468,False,False,False
S3_no_missing_R3_records,APITD1,False,-0.3078947368421052,0.19605263157894737,0.24342105263157895,0.743421052631579,0.5039473684210526,-0.04736842105263159,-0.5473684210526316,-0.3078947368421052,0.0,0.1196406651367208,0.06389082812980183,-0.1794114481213995,-0.05892151944287664,False,False,False
S3_no_missing_R3_records,APLF,False,-0.023684210526315787,0.003947368421052632,0.017105263157894738,0.02763157894736842,0.10657894736842105,-0.013157894736842106,-0.023684210526315787,-0.10263157894736842,0.0,0.6556054630912833,0.4413736599535314,0.272306056947309,0.1747807622142878,False,False,False
S3_no_missing_R3_records,ASCC1,False,-0.46578947368421053,0.22236842105263158,0.2881578947368421,0.8223684210526315,0.6881578947368421,-0.06578947368421054,-0.6,-0.46578947368421053,-0.220740488,0.09381110405856763,0.03236341699777645,-0.2551338343558456,-0.1603153270394889,False,False,False
S3_no_missing_R3_records,ASCC2,False,-0.10789473684210527,0.5276315789473685,0.4381578947368421,0.6355263157894737,0.8381578947368421,0.08947368421052637,-0.10789473684210527,-0.31052631578947365,-0.616166978,-0.1028508330785158,-0.05761124610386952,-0.1167762659325736,-0.312173022198925,True,False,False
S3_no_missing_R3_records,ASCC3,False,0.15526315789473688,0.9776315789473684,0.8223684210526315,0.3171052631578947,0.975,0.15526315789473688,0.6605263157894736,0.0026315789473684292,-0.720797971,-1.158347963257171,-0.3893567452352323,0.03850837551490793,-0.944665540795956,True,True,True
S3_no_missing_R3_records,ASF1A,False,-0.7552631578947369,0.035526315789473684,0.014473684210526316,0.7907894736842105,0.8986842105263158,0.021052631578947368,-0.7552631578947369,-0.8631578947368421,-0.445690758,0.3727514824429,0.4533562093226114,-0.2257386323245865,-0.438333753167172,True,False,False
S3_no_missing_R3_records,ASTE1,False,0.06052631578947365,0.29605263157894735,0.2355263157894737,0.24078947368421053,0.13289473684210526,0.06052631578947365,0.05526315789473682,0.16315789473684209,0.0,0.04387732170090328,0.0682169149107589,0.07533189741044102,0.1567378741872279,True,True,True
S3_no_missing_R3_records,ATM,False,0.3789473684210527,0.925,0.5460526315789473,0.9671052631578947,0.3171052631578947,0.3789473684210527,-0.042105263157894646,0.6078947368421053,-0.805176576,-0.7201583894483302,-0.1017147146656132,-0.773564980108661,0.04256358974019658,True,False,True
S3_no_missing_R3_records,ATXN3,False,-0.007894736842105263,0.02763157894736842,0.1013157894736842,0.025,0.035526315789473684,-0.07368421052631578,0.002631578947368419,-0.007894736842105263,0.0,0.3966064378206626,0.17369084041891,0.2769373340636573,0.2683292798352466,False,True,False
S3_no_missing_R3_records,AUNIP,False,0.09473684210526312,0.3881578947368421,0.29342105263157897,0.3355263157894737,0.2776315789473684,0.09473684210526312,0.05263157894736842,0.1105263157894737,0.0,-0.01706273648409799,0.03133493216520729,0.02841825142246446,0.05211166649760778,True,True,True
S3_no_missing_R3_records,BABAM1,False,0.2552631578947368,0.2802631578947368,0.02236842105263158,0.18289473684210528,0.025,0.25789473684210523,0.09736842105263155,0.2552631578947368,0.0,0.05786289547354769,0.3601334846063746,0.1088140890484376,0.3020964706960613,True,True,True
S3_no_missing_R3_records,BACH1,False,0.0,0.5223684210526316,0.5223684210526316,0.6197368421052631,0.21710526315789475,0.0,-0.09736842105263155,0.30526315789473685,0.0,-0.09424504664164499,-0.09364913268726069,-0.1086451843816324,0.08582868973420539,False,False,True
S3_no_missing_R3_records,BARD1,False,0.023684210526315752,0.9434210526315789,0.9197368421052632,0.9355263157894737,0.22763157894736843,0.023684210526315752,0.007894736842105288,0.7157894736842105,0.0,-0.7738429756429498,-0.550156649392758,-0.5658152149415325,0.07237032832778953,True,True,True
S3_no_missing_R3_records,BLM,False,-0.38421052631578945,0.475,0.8592105263157894,0.9434210526315789,0.7092105263157895,-0.38421052631578945,-0.46842105263157896,-0.23421052631578954,0.0,-0.0635543593989277,-0.4392924486327884,-0.6126288437549031,-0.1752210488692791,False,False,False
S3_no_missing_R3_records,BRCC3,False,0.5026315789473683,0.7592105263157894,0.16447368421052633,0.2565789473684211,0.8197368421052632,0.5947368421052631,0.5026315789473683,-0.06052631578947376,0.0,-0.2966094240531881,0.1118591290871408,0.0695442887930205,-0.2927827349032763,True,True,False
S3_no_missing_R3_records,BRD8,False,0.4552631578947368,0.5407894736842105,0.9013157894736842,0.08552631578947369,0.04078947368421053,-0.3605263157894737,0.4552631578947368,0.49999999999999994,-0.617774112,-0.1120592750845688,-0.505721554472542,0.1898194331287271,0.2670882644459939,False,True,True
S3_no_missing_R3_records,BRE,False,0.48684210526315785,0.656578947368421,0.16973684210526316,0.7092105263157895,0.11710526315789474,0.48684210526315785,-0.052631578947368474,0.5394736842105263,-0.434240571,-0.2020319009401187,0.1072535999895375,-0.1637436841811253,0.1667594767729745,True,False,True
S3_no_missing_R3_records,BRIP1,False,-0.08421052631578946,0.3381578947368421,0.42236842105263156,0.35657894736842105,0.7407894736842106,-0.08421052631578946,-0.01842105263157895,-0.40263157894736845,0.0,0.02198204696278501,-0.04337267536956564,0.01440992853269426,-0.1985319383926673,False,False,False
S3_no_missing_R3_records,BTG2,False,-0.05526315789473685,0.4355263157894737,0.425,0.7118421052631579,0.49078947368421055,0.010526315789473717,-0.27631578947368424,-0.05526315789473685,-0.290265969,-0.04700766520128985,-0.04420581121597571,-0.1637878864586044,-0.05189469600217741,True,False,False
S3_no_missing_R3_records,C11orf30,False,-0.03157894736842104,0.8460526315789474,0.8960526315789473,0.8644736842105263,0.8776315789473684,-0.04999999999999993,-0.018421052631578894,-0.03157894736842104,-0.145572926,-0.4527236630790365,-0.4987418333060144,-0.3472889385517637,-0.3533350808173689,False,False,False
S3_no_missing_R3_records,C12orf5,False,-0.12105263157894741,0.3513157894736842,0.5907894736842105,0.26973684210526316,0.4723684210526316,-0.23947368421052634,0.08157894736842103,-0.12105263157894741,0.0,0.00951668928957113,-0.1299441364702276,0.05408998614531975,-0.0338142518441907,False,True,False
S3_no_missing_R3_records,C14orf39,False,-0.3,0.1986842105263158,0.4986842105263158,0.6644736842105263,0.4486842105263158,-0.3,-0.46578947368421053,-0.25,-0.419959264,0.1164434129373073,-0.08664369563580365,-0.1301272644509498,-0.02466139312238713,False,False,False
S3_no_missing_R3_records,C17orf104,False,-0.047368421052631615,0.3144736842105263,0.3092105263157895,0.6434210526315789,0.3618421052631579,0.005263157894736803,-0.3289473684210526,-0.047368421052631615,0.0,0.03568658299773538,0.02178474022624025,-0.1192962846897427,0.01824282346295489,True,False,False
S3_no_missing_R3_records,C17orf70,False,-0.021052631578947323,0.45394736842105265,0.5486842105263158,0.42236842105263156,0.475,-0.09473684210526312,0.031578947368421095,-0.021052631578947323,-0.114807525,-0.05597028643350328,-0.1038356734560465,-0.02278645604024746,-0.03412062067006587,False,True,False
S3_no_missing_R3_records,C19orf40,False,-0.15000000000000002,0.7907894736842105,0.9565789473684211,0.9407894736842105,0.36973684210526314,-0.1657894736842106,-0.15000000000000002,0.42105263157894735,-0.481187494,-0.3231429447970893,-0.7670633795256355,-0.5963667588047211,0.01053399048925992,False,False,True
S3_no_missing_R3_records,C1orf86,False,0.21842105263157896,0.6302631578947369,0.743421052631579,0.26710526315789473,0.4118421052631579,-0.11315789473684212,0.3631578947368421,0.21842105263157896,-0.021429801,-0.1831587103272896,-0.2663509617902081,0.06004242939372548,-0.01367635175238391,False,True,True
S3_no_missing_R3_records,C20orf196,False,-0.2026315789473684,0.030263157894736843,0.21710526315789475,0.7881578947368421,0.23289473684210527,-0.1868421052631579,-0.7578947368421052,-0.2026315789473684,-0.341797347,0.393894430624495,0.0843396226467769,-0.2257339557523972,0.07150638303531591,False,False,False
S3_no_missing_R3_records,C5orf45,False,-0.04473684210526315,0.04342105263157895,0.0881578947368421,0.24868421052631579,0.04868421052631579,-0.04473684210526315,-0.20526315789473684,-0.005263157894736838,-0.277697941,0.3434720171388739,0.1864628844991055,0.07258934978651481,0.2482874517720357,False,False,False
S3_no_missing_R3_records,C7orf49,False,0.04999999999999993,0.8934210526315789,0.6407894736842106,0.843421052631579,0.9460526315789474,0.2526315789473683,0.04999999999999993,-0.052631578947368474,-0.313875165,-0.600745542567487,-0.1601659344136565,-0.3034167401914358,-0.6654633991702299,True,True,False
S3_no_missing_R3_records,C9orf142,False,0.1894736842105263,0.5434210526315789,0.3539473684210526,0.44342105263157894,0.09605263157894736,0.1894736842105263,0.09999999999999998,0.4473684210526315,0.0,-0.1123035689888526,-0.007002078593045954,-0.02835810657967874,0.1871249756966891,True,True,True
S3_no_missing_R3_records,CBX8,False,-0.1131578947368421,0.11710526315789474,0.23026315789473684,0.38552631578947366,0.019736842105263157,-0.1131578947368421,-0.2684210526315789,0.09736842105263158,0.0,0.2183359230315163,0.07386101733554969,-0.001954803734990268,0.3165990441840371,False,False,True
S3_no_missing_R3_records,CCDC155,False,-0.04999999999999999,0.43026315789473685,0.48026315789473684,0.5539473684210526,0.29605263157894735,-0.04999999999999999,-0.12368421052631579,0.1342105263157895,-0.072359589,-0.04432596733069364,-0.07078755683925635,-0.07782827904904308,0.04687120397538092,False,False,True
S3_no_missing_R3_records,CDC14B,False,0.2894736842105263,0.4644736842105263,0.175,0.10394736842105264,0.2013157894736842,0.2894736842105263,0.3605263157894737,0.26315789473684215,-0.674476704,-0.05885002310597957,0.1034711318428235,0.1767686428959441,0.09600443801755265,True,True,True
S3_no_missing_R3_records,CDC7,False,0.10263157894736841,0.9092105263157895,0.8065789473684211,0.625,0.9513157894736842,0.10263157894736841,0.28421052631578947,-0.04210526315789476,-0.921834634,-0.6906780354823683,-0.3751291065569055,-0.1125553956177834,-0.713796376916132,True,True,False
S3_no_missing_R3_records,CDK2,False,0.2,0.5539473684210526,0.32763157894736844,0.8302631578947368,0.3539473684210526,0.2263157894736842,-0.2763157894736842,0.2,-0.766173236,-0.1254925350812389,0.00630376123765967,-0.2686153355778182,0.01998207381962036,True,False,True
S3_no_missing_R3_records,CDK9,False,-0.2026315789473684,0.20921052631578949,0.4118421052631579,0.5513157894736842,0.36447368421052634,-0.2026315789473684,-0.3421052631578947,-0.15526315789473685,-0.288904447,0.1054244719755844,-0.03415654892932496,-0.07693734879669926,0.01821555404223233,False,False,False
S3_no_missing_R3_records,CDKN2D,False,-0.11842105263157898,0.6171052631578947,0.7355263157894737,0.7460526315789474,0.5644736842105263,-0.11842105263157898,-0.1289473684210527,0.05263157894736836,-0.005445701,-0.1739026269922916,-0.2557197890196035,-0.1800027339996951,-0.09084438511668476,False,False,True
S3_no_missing_R3_records,CEP164,False,-0.047368421052631574,0.06710526315789474,0.06710526315789474,0.11447368421052631,0.21973684210526315,0.0,-0.047368421052631574,-0.1526315789473684,0.0,0.3136064652662103,0.2024782230443304,0.1691876733852622,0.07787923756431914,False,False,False
S3_no_missing_R3_records,CETN1,False,-0.09473684210526317,0.41973684210526313,0.4855263157894737,0.5144736842105263,0.5486842105263158,-0.06578947368421056,-0.09473684210526317,-0.12894736842105264,0.0,-0.04070015555217027,-0.08233746311984132,-0.05648459027495725,-0.08476649359052961,False,False,False
S3_no_missing_R3_records,CHD1L,False,-0.25,0.2355263157894737,0.7039473684210527,0.4855263157894737,0.4276315789473684,-0.46842105263157896,-0.25,-0.19210526315789472,-0.172942037,0.08582248563268709,-0.2152748477389389,-0.03909802644707557,-0.0197467065716562,False,False,False
S3_no_missing_R3_records,CHRNA4,False,0.15263157894736834,0.7934210526315789,0.8355263157894737,0.2802631578947368,0.6407894736842106,-0.04210526315789476,0.513157894736842,0.15263157894736834,-0.610462507,-0.3300410294708144,-0.4028105067345522,0.05258314488359191,-0.1236848354373848,False,True,True
S3_no_missing_R3_records,CIB1,False,0.08684210526315789,0.49605263157894736,0.40921052631578947,0.13815789473684212,0.6644736842105263,0.08684210526315789,0.35789473684210527,-0.16842105263157897,-0.041598754,-0.082557973450654,-0.03108708401143915,0.1446663885919701,-0.1374338346512175,True,True,False
S3_no_missing_R3_records,COPS7A,False,0.02105263157894738,0.10921052631578948,0.05131578947368421,0.4644736842105263,0.0881578947368421,0.05789473684210527,-0.35526315789473684,0.02105263157894738,0.0,0.2317280372806271,0.2261403978740858,-0.03389861451996623,0.1904302593554918,True,False,True
S3_no_missing_R3_records,COPS8,False,-0.5105263157894737,0.12236842105263158,0.1723684210526316,0.7960526315789473,0.6328947368421053,-0.05,-0.6736842105263158,-0.5105263157894737,0.0,0.2153940403928458,0.1050916457859559,-0.2328641396488957,-0.1210796410940863,False,False,False
S3_no_missing_R3_records,CSNK1E,False,0.17894736842105263,0.4513157894736842,0.2723684210526316,0.1513157894736842,0.41710526315789476,0.17894736842105263,0.30000000000000004,0.03421052631578947,0.0,-0.05365972119223095,0.04406325523405178,0.1378301147993451,-0.01544128721935249,True,True,True
S3_no_missing_R3_records,CUL4A,False,0.18157894736842112,0.6407894736842106,0.45921052631578946,0.10921052631578948,0.5434210526315789,0.18157894736842112,0.5315789473684212,0.09736842105263166,-0.214535268,-0.1860612801357688,-0.06270886440501533,0.17404067679849,-0.08304657408823941,True,True,True
S3_no_missing_R3_records,CUL4B,False,0.19210526315789472,0.375,0.18289473684210528,0.5907894736842105,0.009210526315789473,0.19210526315789472,-0.21578947368421053,0.36578947368421055,-0.138062465,-0.00187468976735931,0.1012311975988589,-0.09480886475986358,0.3574110072829975,True,False,True
S3_no_missing_R3_records,CXorf57,False,0.25263157894736843,0.5855263157894737,0.33289473684210524,0.38026315789473686,0.18026315789473685,0.25263157894736843,0.20526315789473681,0.4052631578947368,0.0,-0.1477350852695724,0.003879275183001241,0.001164605168354108,0.1083705371432167,True,True,True
S3_no_missing_R3_records,DCLRE1A,False,0.0736842105263158,0.16447368421052633,0.4881578947368421,0.09078947368421053,0.06973684210526315,-0.3236842105263158,0.0736842105263158,0.09473684210526317,-0.235792913,0.1455647884105885,-0.08337404303334317,0.184090280290193,0.213356206843714,False,True,True
S3_no_missing_R3_records,DCLRE1B,True,-0.18684210526315786,0.39342105263157895,0.44605263157894737,0.7986842105263158,0.5802631578947368,-0.05263157894736842,-0.4052631578947368,-0.18684210526315786,-1.182921041,-0.02656682812892027,-0.06013194978653535,-0.2336496273909328,-0.09632542487994655,False,False,False
S3_no_missing_R3_records,DCLRE1C,False,-0.4605263157894737,0.1355263157894737,0.5355263157894737,0.8618421052631579,0.5960526315789474,-0.4,-0.7263157894736841,-0.4605263157894737,-0.437087909,0.1937094477744732,-0.09768382344885174,-0.3470194217139559,-0.1018576494490494,False,False,False
S3_no_missing_R3_records,DDB2,False,-0.09473684210526317,0.05921052631578947,0.02763157894736842,0.15394736842105264,0.17763157894736842,0.031578947368421054,-0.09473684210526317,-0.11842105263157895,-0.042124514,0.3275865848046698,0.3199334174792888,0.1377840874966152,0.1102321944954376,True,False,False
S3_no_missing_R3_records,DDX1,True,0.20526315789473681,0.8355263157894737,0.6302631578947369,0.02236842105263158,0.9144736842105263,0.20526315789473681,0.8131578947368421,-0.07894736842105265,-1.505019396,-0.4201546608156783,-0.1565545443678789,0.2805833619685688,-0.4650110292571996,True,True,False
S3_no_missing_R3_records,DDX11,False,-0.023684210526315863,0.6828947368421052,0.7065789473684211,0.45394736842105265,0.8644736842105263,-0.023684210526315863,0.22894736842105257,-0.18157894736842106,0.0,-0.2257122638664275,-0.2174561477254913,-0.03143333670328463,-0.3497309972924638,False,True,False
S3_no_missing_R3_records,DEK,False,-0.3894736842105263,0.125,0.23289473684210527,0.6907894736842105,0.5144736842105263,-0.10789473684210527,-0.5657894736842105,-0.3894736842105263,0.0,0.2076486037802052,0.07053188056293845,-0.1421927077697585,-0.06074608346214502,False,False,False
S3_no_missing_R3_records,DMC1,False,-0.13157894736842102,0.40921052631578947,0.5407894736842105,0.7776315789473685,0.3881578947368421,-0.13157894736842102,-0.368421052631579,0.02105263157894738,0.0,-0.03781791634391481,-0.1000768457660993,-0.2120250236128682,0.003403491971565309,False,False,True
S3_no_missing_R3_records,DNTT,False,0.01842105263157895,0.056578947368421055,0.019736842105263157,0.3381578947368421,0.038157894736842106,0.0368421052631579,-0.28157894736842104,0.01842105263157895,0.0,0.3292337974905921,0.4308728504780607,0.0280335019800176,0.2674378188757747,True,False,True
S3_no_missing_R3_records,DOT1L,True,0.30000000000000004,0.9171052631578948,0.825,0.6171052631578947,0.24605263157894736,0.0921052631578948,0.30000000000000004,0.6710526315789473,-1.091790952,-0.6944236136777848,-0.389768147167509,-0.107065448138408,0.06675474106535839,True,True,True
S3_no_missing_R3_records,DTX3L,False,0.1105263157894737,0.2855263157894737,0.5197368421052632,0.0881578947368421,0.175,-0.23421052631578948,0.19736842105263158,0.1105263157894737,0.0,0.0530906204639526,-0.09308245219710068,0.1884429800269642,0.1124060725278834,False,True,True
S3_no_missing_R3_records,EEPD1,False,0.09473684210526323,0.7486842105263158,0.6539473684210526,0.4276315789473684,0.6592105263157895,0.09473684210526323,0.3210526315789474,0.08947368421052637,-0.398745933,-0.2856964651913076,-0.1745539624971251,-0.0240648522415133,-0.1310807090919498,True,True,True
S3_no_missing_R3_records,EGFR,False,0.6078947368421053,0.843421052631579,0.7118421052631579,0.075,0.2355263157894737,0.13157894736842102,0.768421052631579,0.6078947368421053,0.0,-0.4429104784104547,-0.2236508071701019,0.1979572762747172,0.06929558162408106,True,True,True
S3_no_missing_R3_records,EID3,False,-0.24473684210526314,0.19342105263157894,0.2986842105263158,0.4381578947368421,0.4986842105263158,-0.10526315789473684,-0.24473684210526314,-0.30526315789473685,-0.496838371,0.1216488238181888,0.02920874399177957,-0.02759427466331546,-0.05520142312772632,False,False,False
S3_no_missing_R3_records,EME1,False,0.27105263157894743,0.8828947368421053,0.6434210526315789,0.5776315789473684,0.6118421052631579,0.2394736842105264,0.3052631578947369,0.27105263157894743,-0.403708554,-0.5373503779776502,-0.1641947030101267,-0.08985566549718242,-0.1127073458881918,True,True,True
S3_no_missing_R3_records,EME2,False,0.12368421052631579,0.4934210526315789,0.8539473684210527,0.36973684210526314,0.3144736842105263,-0.36052631578947375,0.12368421052631579,0.17894736842105263,-0.06447293,-0.08196004822673524,-0.4352916557034177,0.003805842067828927,0.04258088916154357,False,True,True
S3_no_missing_R3_records,ENDOV,False,-0.31315789473684214,0.25394736842105264,0.5671052631578948,0.5407894736842105,0.8302631578947368,-0.31315789473684214,-0.28684210526315784,-0.5763157894736841,0.0,0.07895809611379598,-0.1232140330089302,-0.07364105241077512,-0.3001778772090269,False,False,False
S3_no_missing_R3_records,EP300,False,0.3526315789473684,0.5013157894736842,0.13815789473684212,0.14868421052631578,0.7381578947368421,0.363157894736842,0.3526315789473684,-0.23684210526315796,0.0,-0.08900320696487704,0.1377682554949281,0.1416347333228458,-0.1969654136075468,True,True,False
S3_no_missing_R3_records,EPC1,False,0.4078947368421053,0.5618421052631579,0.5592105263157895,0.011842105263157895,0.15394736842105264,0.0026315789473684292,0.55,0.4078947368421053,-0.670666927,-0.1295441389800893,-0.107792777755473,0.3567366557367956,0.1318369675491435,True,True,True
S3_no_missing_R3_records,EPC2,False,-0.07894736842105265,0.7381578947368421,0.8407894736842105,0.8171052631578948,0.6513157894736842,-0.10263157894736841,-0.07894736842105265,0.08684210526315794,-0.476255688,-0.2793694469344481,-0.4166936732558524,-0.2512054331145352,-0.1288744111347723,False,False,True
S3_no_missing_R3_records,ERCC1,False,0.2684210526315789,0.575,0.4934210526315789,0.30657894736842106,0.2881578947368421,0.08157894736842103,0.2684210526315789,0.28684210526315784,0.0,-0.1452758451618639,-0.08557504477663065,0.04145671971962377,0.04926272393933306,True,True,True
S3_no_missing_R3_records,ERCC5,False,0.19736842105263158,0.28289473684210525,0.07763157894736843,0.375,0.08552631578947369,0.20526315789473681,-0.09210526315789475,0.19736842105263158,0.0,0.05351435614053423,0.1927285177988773,0.002878872350742098,0.1985925615282695,True,False,True
S3_no_missing_R3_records,ERCC6,False,-0.1842105263157895,0.40657894736842104,0.4276315789473684,0.5986842105263158,0.5907894736842105,-0.02105263157894738,-0.19210526315789478,-0.1842105263157895,-0.487347227,-0.03439957620314334,-0.04429471413692869,-0.09689349172157838,-0.1003027754460379,False,False,False
S3_no_missing_R3_records,ERCC6L2,False,-0.015789473684210464,0.6328947368421053,0.006578947368421052,0.9276315789473685,0.6486842105263158,0.6263157894736843,-0.2947368421052632,-0.015789473684210464,-0.389879801,-0.1835020551520009,0.5017989961385725,-0.5182515791053182,-0.126467181842416,True,False,False
S3_no_missing_R3_records,ERCC8,False,0.060526315789473685,0.1118421052631579,0.038157894736842106,0.05131578947368421,0.05394736842105263,0.0736842105263158,0.060526315789473685,0.05789473684210526,0.0,0.2242771525233683,0.2468385906018772,0.2327279816657447,0.2450464387740243,True,True,True
S3_no_missing_R3_records,ETAA1,False,-0.7131578947368421,0.225,0.41973684210526313,0.993421052631579,0.9381578947368421,-0.19473684210526312,-0.768421052631579,-0.7131578947368421,-0.061623329,0.09292960800425698,-0.04114755766562335,-1.339426881619099,-0.5929069838459254,False,False,False
S3_no_missing_R3_records,EXD2,False,0.18157894736842106,0.7986842105263158,0.6171052631578947,0.4144736842105263,0.6223684210526316,0.18157894736842106,0.38421052631578945,0.1763157894736842,0.0,-0.3307719187982923,-0.1408213946921442,-0.01986799431194752,-0.114582422127511,True,True,True
S3_no_missing_R3_records,EXO1,False,0.02631578947368418,0.7328947368421053,0.906578947368421,0.7065789473684211,0.030263157894736843,-0.17368421052631577,0.02631578947368418,0.7026315789473684,0.0,-0.2776666619213576,-0.516767884815218,-0.154522915958213,0.2786893824644247,False,True,True
S3_no_missing_R3_records,EXO5,False,0.17894736842105263,0.6197368421052631,0.7486842105263158,0.4407894736842105,0.2986842105263158,-0.1289473684210527,0.17894736842105263,0.32105263157894737,0.0,-0.1770662556054007,-0.2689157725147182,-0.02810143469472341,0.04594553559286439,False,True,True
S3_no_missing_R3_records,EYA2,False,-0.2421052631578947,0.5513157894736842,0.7934210526315789,0.2013157894736842,0.8171052631578948,-0.2421052631578947,0.35,-0.2657894736842106,-0.225019262,-0.1221282087059559,-0.3277102940979565,0.09830435959268513,-0.2806642927368987,False,True,False
S3_no_missing_R3_records,EYA3,False,-0.17631578947368423,0.13026315789473683,0.06184210526315789,0.39342105263157895,0.30657894736842106,0.06842105263157894,-0.26315789473684215,-0.17631578947368423,0.0,0.1991527360384135,0.2085659393659265,-0.005034248808318154,0.04430486553279245,True,False,False
S3_no_missing_R3_records,EYA4,False,-0.2736842105263158,0.10394736842105264,0.1618421052631579,0.6697368421052632,0.37763157894736843,-0.05789473684210526,-0.5657894736842105,-0.2736842105263158,-0.232704835,0.2359212796143031,0.1139543940171578,-0.1327662243155146,0.006589999274177888,False,False,False
S3_no_missing_R3_records,FAM168A,False,-0.18157894736842106,0.0881578947368421,0.26973684210526316,0.035526315789473684,0.756578947368421,-0.18157894736842106,0.05263157894736842,-0.6684210526315789,-0.190945046,0.2466986367633018,0.04730731093627998,0.2661723696000243,-0.2092061928876638,False,True,False
S3_no_missing_R3_records,FAM175A,False,0.32894736842105265,0.9592105263157895,0.1881578947368421,0.8934210526315789,0.6302631578947369,0.7710526315789474,0.06578947368421062,0.32894736842105265,0.0,-0.8906431444328012,0.0976521404749584,-0.3941125041329803,-0.1197567342255589,True,True,True
S3_no_missing_R3_records,FAM178A,False,0.2657894736842105,0.44605263157894737,0.18026315789473685,0.7697368421052632,0.006578947368421052,0.2657894736842105,-0.3236842105263158,0.4394736842105263,-0.266526383,-0.05057721076245053,0.1013683727492373,-0.2098030944320518,0.4228528196595634,True,False,True
S3_no_missing_R3_records,FAM35A,False,-0.6973684210526316,0.04868421052631579,0.6276315789473684,0.9486842105263158,0.7460526315789474,-0.5789473684210527,-0.9,-0.6973684210526316,-0.259851614,0.3359346491435041,-0.1531196940971287,-0.6617896586321173,-0.2008613626975905,False,False,False
S3_no_missing_R3_records,FAN1,False,0.2131578947368421,0.8381578947368421,0.625,0.7171052631578947,0.4381578947368421,0.2131578947368421,0.12105263157894741,0.4,0.0,-0.4385334203723824,-0.1493848048173357,-0.1694171694480534,-0.02355077441649926,True,True,True
S3_no_missing_R3_records,FANCA,False,-0.29210526315789476,0.5565789473684211,0.9644736842105263,0.8486842105263158,0.5881578947368421,-0.4078947368421052,-0.29210526315789476,-0.03157894736842104,-0.430060077,-0.1270610007691513,-0.8577757301423621,-0.3200820636344732,-0.1001095942862946,False,False,False
S3_no_missing_R3_records,FANCB,False,-0.06842105263157894,0.8565789473684211,0.993421052631579,0.925,0.6355263157894737,-0.13684210526315788,-0.06842105263157894,0.2210526315789474,-0.415887638,-0.4926893588834211,-1.249581514700339,-0.5179550906098505,-0.1218950124329451,False,False,True
S3_no_missing_R3_records,FANCC,False,0.1526315789473684,0.6223684210526316,0.8986842105263158,0.1013157894736842,0.4697368421052632,-0.2763157894736842,0.5210526315789473,0.1526315789473684,0.0,-0.1791431993485944,-0.5005957992624258,0.1769995118785917,-0.03357249406747295,False,True,True
S3_no_missing_R3_records,FANCD2,False,-0.14210526315789473,0.7092105263157895,0.9381578947368421,0.8513157894736842,0.7881578947368421,-0.22894736842105257,-0.14210526315789473,-0.07894736842105254,-0.648560786,-0.2520811417682448,-0.6163985322507063,-0.3278653844720919,-0.2428386354142695,False,False,False
S3_no_missing_R3_records,FANCE,False,0.015789473684210575,0.9197368421052632,0.9855263157894737,0.9039473684210526,0.8223684210526315,-0.06578947368421051,0.015789473684210575,0.09736842105263166,-0.047956565,-0.6990299748661393,-1.017258074278347,-0.4390615319303899,-0.2929995531239769,False,True,True
S3_no_missing_R3_records,FANCF,True,-0.2131578947368421,0.6460526315789473,0.9618421052631579,0.8407894736842105,0.8592105263157894,-0.3157894736842106,-0.1947368421052632,-0.2131578947368421,-1.718334446,-0.1950941202424996,-0.7963826692614846,-0.2942127836100443,-0.3365411797958625,False,False,False
S3_no_missing_R3_records,FANCG,False,-0.10526315789473684,0.7776315789473685,0.9486842105263158,0.8828947368421053,0.8276315789473684,-0.17105263157894735,-0.10526315789473684,-0.04999999999999993,0.0,-0.312931524273303,-0.7399481277780966,-0.3835787181203651,-0.2978159801933612,False,False,False
S3_no_missing_R3_records,FANCL,False,-0.29736842105263156,0.3171052631578947,0.9276315789473685,0.29342105263157897,0.6144736842105263,-0.6105263157894738,0.023684210526315752,-0.29736842105263156,-0.134924201,0.03243172690021427,-0.5889750878959351,0.04768187340072436,-0.1130242998715634,False,True,False
S3_no_missing_R3_records,FANCM,False,-0.08947368421052626,0.6644736842105263,0.843421052631579,0.7539473684210526,0.6776315789473685,-0.17894736842105263,-0.08947368421052626,-0.013157894736842146,-0.651790326,-0.2078115962217892,-0.4273919816454883,-0.1919857117099128,-0.1495192903517554,False,False,False
S3_no_missing_R3_records,FBXO18,False,-0.2394736842105263,0.06447368421052632,0.30394736842105263,0.2381578947368421,0.34078947368421053,-0.2394736842105263,-0.17368421052631577,-0.2763157894736842,0.0,0.3155081149355611,0.02327092529574579,0.07572722536490728,0.03078911452198652,False,False,False
S3_no_missing_R3_records,FBXO6,False,0.04210526315789476,0.8407894736842105,0.7986842105263158,0.5434210526315789,0.8144736842105263,0.04210526315789476,0.2973684210526316,0.02631578947368418,-0.40395904,-0.4420860115311069,-0.342149065894726,-0.0739561989364536,-0.272658647840421,True,True,True
S3_no_missing_R3_records,FGF10,False,-0.14210526315789473,0.29342105263157897,0.46710526315789475,0.4355263157894737,0.12236842105263158,-0.17368421052631577,-0.14210526315789473,0.1710526315789474,-0.73079918,0.04393275484769799,-0.06303190414517865,-0.0269688033962218,0.1599932049583399,False,False,True
S3_no_missing_R3_records,FH,False,0.30789473684210533,0.8118421052631579,0.8171052631578948,0.5039473684210526,0.1723684210526316,-0.0052631578947368585,0.30789473684210533,0.6394736842105263,0.0,-0.3519514305950446,-0.3829261632053026,-0.04961109203921928,0.1166394220980981,False,True,True
S3_no_missing_R3_records,FIGN,False,0.5973684210526315,0.9223684210526316,0.6907894736842105,0.25394736842105264,0.325,0.2315789473684211,0.668421052631579,0.5973684210526315,0.0,-0.7079235314376248,-0.2094533798898097,0.07175482601633804,0.03578401856347953,True,True,True
S3_no_missing_R3_records,FIGNL1,False,-0.23947368421052634,0.017105263157894738,0.21973684210526315,0.6592105263157895,0.2565789473684211,-0.2026315789473684,-0.6421052631578947,-0.23947368421052634,-0.239807956,0.443337334015784,0.08405886188387393,-0.1285618670453819,0.05786735817388525,False,False,False
S3_no_missing_R3_records,FIGNL2,False,0.2631578947368421,0.3539473684210526,0.09078947368421053,0.056578947368421055,0.4039473684210526,0.2631578947368421,0.29736842105263156,-0.04999999999999999,-0.790207219,0.007492662091268535,0.1808545104537943,0.2272311984839339,-0.005381536505033729,True,True,False
S3_no_missing_R3_records,FMN2,False,0.12631578947368421,0.5592105263157895,0.575,0.4328947368421053,0.3460526315789474,-0.015789473684210464,0.12631578947368421,0.2131578947368421,0.0,-0.128528494816186,-0.1260249772587669,-0.02626011819050289,0.02524929378873431,False,True,True
S3_no_missing_R3_records,FOXM1,False,0.09473684210526323,0.8144736842105263,0.7513157894736842,0.13026315789473683,0.7197368421052631,0.06315789473684219,0.6842105263157895,0.09473684210526323,-0.649784173,-0.3628853088393104,-0.2722804855347099,0.153855509596511,-0.1804231662563921,True,True,True
S3_no_missing_R3_records,FTO,False,-0.45789473684210524,0.3460526315789474,0.4355263157894737,0.8065789473684211,0.8039473684210526,-0.08947368421052632,-0.4605263157894737,-0.45789473684210524,-0.551641802,0.01073543666717999,-0.05714348247052156,-0.2459754438492589,-0.262150607045303,False,False,False
S3_no_missing_R3_records,FUS,False,0.1105263157894737,0.9144736842105263,0.8302631578947368,0.8039473684210526,0.6723684210526316,0.08421052631578951,0.1105263157894737,0.2421052631578947,-0.005606829,-0.6931008093908633,-0.3912159344738293,-0.245738924682353,-0.1457690723542164,True,True,True
S3_no_missing_R3_records,FZR1,False,-0.5842105263157895,0.26973684210526316,0.25921052631578945,0.8539473684210527,0.9960526315789474,0.010526315789473717,-0.5842105263157895,-0.7263157894736842,-0.791700068,0.06580507059315972,0.05161732827780136,-0.3286333951494102,-1.436610288252623,True,False,False
S3_no_missing_R3_records,GADD45A,False,0.0,0.49078947368421055,0.3355263157894737,0.49078947368421055,0.6171052631578947,0.15526315789473688,0.0,-0.12631578947368416,0.0,-0.08140333194874379,0.003448653056585961,-0.04083488431343341,-0.1135228232976768,True,False,False
S3_no_missing_R3_records,GEN1,False,-0.10263157894736841,0.4118421052631579,0.5144736842105263,0.5197368421052632,0.46710526315789475,-0.10263157894736841,-0.10789473684210527,-0.05526315789473685,0.0,-0.03870208699241558,-0.08916324128081173,-0.05896284188214787,-0.03342507105783632,False,False,False
S3_no_missing_R3_records,GGN,False,0.0736842105263158,0.30394736842105263,0.12763157894736843,0.33289473684210524,0.23026315789473684,0.1763157894736842,-0.02894736842105261,0.0736842105263158,-0.010846323,0.04049561328221385,0.1502054294312005,0.03061240542550702,0.0716490260643082,True,False,True
S3_no_missing_R3_records,GPS1,False,-0.2421052631578947,0.36973684210526314,0.6118421052631579,0.46710526315789475,0.7828947368421053,-0.2421052631578947,-0.0973684210526316,-0.41315789473684217,0.0,0.0003432065588593325,-0.1366148873409563,-0.035402792782356,-0.2407597392522406,False,False,False
S3_no_missing_R3_records,GTF2H3,False,0.2789473684210526,0.9460526315789474,0.8618421052631579,0.5381578947368421,0.6671052631578948,0.08421052631578951,0.4078947368421053,0.2789473684210526,-0.562091536,-0.7758197898412679,-0.4552690690582892,-0.07301389438081607,-0.1401177800866549,True,True,True
S3_no_missing_R3_records,GTF2H5,True,0.05263157894736836,0.7539473684210526,0.2118421052631579,0.8565789473684211,0.7013157894736842,0.5421052631578946,-0.10263157894736852,0.05263157894736836,-1.716940024,-0.2897728682787928,0.08828069559535168,-0.3289963363873757,-0.1703716749766679,True,False,True
S3_no_missing_R3_records,H2AFX,False,0.05789473684210533,0.9907894736842106,0.9328947368421052,0.9960526315789474,0.9118421052631579,0.05789473684210533,-0.0052631578947368585,0.07894736842105265,0.0,-1.341137769728697,-0.5948428103670436,-1.819063484069235,-0.4634385754263965,True,False,True
S3_no_missing_R3_records,HDAC10,False,-0.21578947368421053,0.37763157894736843,0.5723684210526315,0.593421052631579,0.7065789473684211,-0.1947368421052631,-0.21578947368421053,-0.32894736842105265,0.0,-0.01005250964778629,-0.1242381171785227,-0.09648927236361497,-0.1748676441253674,False,False,False
S3_no_missing_R3_records,HELB,False,-0.11315789473684212,0.25921052631578945,0.3171052631578947,0.37236842105263157,0.5697368421052632,-0.05789473684210528,-0.11315789473684212,-0.31052631578947376,-0.73480466,0.0738188371857415,0.01366508686873787,0.003758620733041344,-0.09292419058652848,False,False,False
S3_no_missing_R3_records,HELQ,False,0.2421052631578947,0.9302631578947368,0.9039473684210526,0.6881578947368421,0.593421052631579,0.02631578947368418,0.2421052631578947,0.33684210526315783,-0.488919641,-0.7364734432074642,-0.5138041318468171,-0.1397752710983728,-0.1010661811912821,True,True,True
S3_no_missing_R3_records,HIST3H2A,False,-0.04210526315789473,0.11447368421052631,0.19605263157894737,0.15657894736842104,0.1513157894736842,-0.08157894736842106,-0.04210526315789473,-0.0368421052631579,0.0,0.2216273347128796,0.09446859602900792,0.1318235866746572,0.1367558035419645,False,False,False
S3_no_missing_R3_records,HIST3H3,False,0.06578947368421052,0.16973684210526316,0.10394736842105264,0.6118421052631579,0.09342105263157895,0.06578947368421052,-0.44210526315789467,0.07631578947368421,0.0,0.1406360975275458,0.1735673045908387,-0.1051858691505328,0.1893309587357167,True,False,True
S3_no_missing_R3_records,HIST4H4,False,0.01578947368421052,0.3986842105263158,0.3828947368421053,0.6302631578947369,0.15657894736842104,0.01578947368421052,-0.23157894736842105,0.24210526315789477,-0.113747536,-0.02727930252924866,-0.0211522346030244,-0.1155504229472667,0.1292998251521323,True,False,True
S3_no_missing_R3_records,HMGA1,False,0.5973684210526315,0.906578947368421,0.8934210526315789,0.11710526315789474,0.3092105263157895,0.013157894736842146,0.7894736842105263,0.5973684210526315,-0.287581046,-0.6559034285267099,-0.4881002997894585,0.1683460297301426,0.04338648391715533,True,True,True
S3_no_missing_R3_records,HMGA2,False,0.19999999999999998,0.3671052631578947,0.15921052631578947,0.16710526315789473,0.4144736842105263,0.20789473684210524,0.19999999999999998,-0.047368421052631615,-0.006325428,0.002056056627706436,0.1151741547910063,0.1213983782267336,-0.0137231153003663,True,True,False
S3_no_missing_R3_records,HMGB2,False,-0.08157894736842097,0.6039473684210527,0.656578947368421,0.6855263157894737,0.7039473684210527,-0.05263157894736836,-0.08157894736842097,-0.09999999999999998,-0.369132357,-0.1691731969450395,-0.1757432382656869,-0.1391848096607579,-0.1722884438086982,False,False,False
S3_no_missing_R3_records,HMGN1,False,0.3289473684210527,0.6065789473684211,0.2776315789473684,0.16973684210526316,0.44342105263157894,0.3289473684210527,0.4368421052631579,0.16315789473684217,0.0,-0.1698218415501208,0.04138485852371065,0.1212152924576098,-0.02386282628737509,True,True,True
S3_no_missing_R3_records,HSF1,False,-0.06052631578947376,0.7513157894736842,0.475,0.8118421052631579,0.9092105263157895,0.2763157894736842,-0.06052631578947376,-0.1578947368421053,-0.542693189,-0.2894876713603266,-0.06773182723450628,-0.2476457595624494,-0.456674194539772,True,False,False
S3_no_missing_R3_records,HUS1B,False,0.16842105263157892,0.8697368421052631,0.7013157894736842,0.7328947368421053,0.5723684210526315,0.16842105263157892,0.13684210526315788,0.2973684210526316,-0.594309254,-0.5035605645198646,-0.2150591444353706,-0.1759161981997464,-0.09346948328072681,True,True,True
S3_no_missing_R3_records,HUWE1,False,0.03421052631578947,0.9644736842105263,0.9302631578947368,0.04342105263157895,0.9802631578947368,0.03421052631578947,0.9210526315789473,-0.015789473684210575,-0.576738781,-0.9258043912046815,-0.5934624644780938,0.237437314511331,-0.9776007896260799,True,True,False
S3_no_missing_R3_records,IGHMBP2,False,0.08157894736842097,0.6118421052631579,0.5776315789473684,0.4513157894736842,0.5302631578947369,0.03421052631578947,0.16052631578947363,0.08157894736842097,-0.069106371,-0.1726083471817947,-0.1261105563904869,-0.02907575215895974,-0.07672610897510938,True,True,True
S3_no_missing_R3_records,ING3,False,-0.0026315789473684292,0.9118421052631579,0.9144736842105263,0.125,0.9328947368421052,-0.0026315789473684292,0.7868421052631579,-0.021052631578947323,-0.736025781,-0.6908502919698626,-0.5455822531480139,0.1640038747780504,-0.5514279170289009,False,True,False
S3_no_missing_R3_records,INIP,False,-0.4210526315789474,0.17763157894736842,0.6065789473684211,0.19342105263157894,0.5986842105263158,-0.4289473684210527,-0.01578947368421052,-0.4210526315789474,0.0,0.1359877270846145,-0.1323213586997488,0.1008409105725332,-0.1040752134938336,False,False,False
S3_no_missing_R3_records,INO80C,False,-0.023684210526315863,0.6144736842105263,0.6934210526315789,0.506578947368421,0.6381578947368421,-0.07894736842105265,0.10789473684210527,-0.023684210526315863,-0.095560417,-0.1734207159331297,-0.209482323805238,-0.05066503961122404,-0.1232504160618526,False,True,False
S3_no_missing_R3_records,INO80D,False,-0.15000000000000002,0.6618421052631579,0.8118421052631579,0.34342105263157896,0.8355263157894737,-0.15000000000000002,0.31842105263157894,-0.17368421052631577,-0.049256402,-0.2053405027934718,-0.3796780535479337,0.0259493093311088,-0.3045402644883071,False,True,False
S3_no_missing_R3_records,INO80E,False,0.13947368421052636,0.5355263157894737,0.2013157894736842,0.7828947368421053,0.3960526315789474,0.3342105263157895,-0.24736842105263157,0.13947368421052636,-0.828659104,-0.1082655614766407,0.09140172829089262,-0.2237013650490264,-0.001916574064087406,True,False,True
S3_no_missing_R3_records,ISG15,False,0.10263157894736841,0.7723684210526316,0.7276315789473684,0.4118421052631579,0.6697368421052632,0.044736842105263186,0.3605263157894737,0.10263157894736841,-0.140267971,-0.3039427103723235,-0.2430368657989404,-0.01834031011238076,-0.1427813846216054,True,True,True
S3_no_missing_R3_records,JMY,False,0.005263157894736803,0.4776315789473684,0.5434210526315789,0.4723684210526316,0.3828947368421053,-0.06578947368421051,0.005263157894736803,0.09473684210526312,0.0,-0.0674823689913834,-0.1007874092221019,-0.03804518427959813,0.005288426837402049,False,True,True
S3_no_missing_R3_records,KAT5,False,-0.4447368421052631,0.2013157894736842,0.7592105263157894,0.06710526315789474,0.6460526315789473,-0.5578947368421052,0.13421052631578945,-0.4447368421052631,-0.266190141,0.1086342233970858,-0.2778666930962213,0.2039504915002026,-0.1248111361307317,False,True,False
S3_no_missing_R3_records,KDM1A,False,0.25526315789473675,0.8618421052631579,0.775,0.6065789473684211,0.506578947368421,0.08684210526315783,0.25526315789473675,0.35526315789473684,-0.278155177,-0.4940304787668413,-0.3134182589070553,-0.1016482625355466,-0.06003847230904155,True,True,True
S3_no_missing_R3_records,KDM2A,False,0.2710526315789473,0.4618421052631579,0.19078947368421054,0.13289473684210526,0.6065789473684211,0.2710526315789473,0.32894736842105265,-0.14473684210526322,-0.557695011,-0.05683161237186123,0.09582783256442988,0.1525996382931366,-0.1074601793362264,True,True,False
S3_no_missing_R3_records,KDM4D,False,-0.0736842105263158,0.6434210526315789,0.7171052631578947,0.5355263157894737,0.7697368421052632,-0.0736842105263158,0.10789473684210515,-0.12631578947368427,0.0,-0.188085076894977,-0.2250846341896458,-0.07106843903490345,-0.2284224344989047,False,True,False
S3_no_missing_R3_records,KIAA0101,False,0.14210526315789473,0.4039473684210526,0.2618421052631579,0.21973684210526315,0.4855263157894737,0.14210526315789473,0.18421052631578946,-0.08157894736842108,-0.006931023,-0.02925580070951339,0.05016805955414465,0.0934908660641236,-0.04497813443944028,True,True,False
S3_no_missing_R3_records,KIAA0430,False,-0.05263157894736842,0.21447368421052632,0.26710526315789473,0.20657894736842106,0.39342105263157895,-0.05263157894736842,0.00789473684210526,-0.17894736842105263,-0.272185852,0.1036967310838556,0.04938366362177815,0.09691076299682155,0.0007675454524179344,False,True,False
S3_no_missing_R3_records,KIN,False,0.15000000000000002,0.8644736842105263,0.7697368421052632,0.41710526315789476,0.7144736842105263,0.09473684210526312,0.4473684210526315,0.15000000000000002,-0.372466873,-0.4959202965527649,-0.3115795502727092,-0.02035868122840601,-0.1779566941001824,True,True,True
S3_no_missing_R3_records,KLHL15,False,0.1657894736842106,0.8092105263157895,0.31973684210526315,0.825,0.6434210526315789,0.48947368421052634,-0.015789473684210464,0.1657894736842106,0.0,-0.3510069627337741,0.009898301131504507,-0.2557267558603734,-0.124512493732456,True,False,True
S3_no_missing_R3_records,LIG3,False,0.03421052631578947,0.8986842105263158,0.8644736842105263,0.9381578947368421,0.5539473684210526,0.03421052631578947,-0.03947368421052633,0.3447368421052631,-0.512408576,-0.6202449994836765,-0.4578005628580217,-0.5801880500783557,-0.0881457256787197,True,False,True
S3_no_missing_R3_records,MAD2L2,False,-0.45263157894736844,0.4723684210526316,0.8881578947368421,0.9855263157894737,0.925,-0.41578947368421054,-0.513157894736842,-0.45263157894736844,-0.316838102,-0.06299895731843924,-0.4808771222602911,-1.13903853025568,-0.5345265881939913,False,False,False
S3_no_missing_R3_records,MAGEF1,False,0.23157894736842102,0.2776315789473684,0.046052631578947366,0.1723684210526316,0.017105263157894738,0.23157894736842102,0.10526315789473681,0.26052631578947366,0.0,0.06037079186022788,0.2317869508974839,0.1199272832441931,0.3205532302573449,True,True,True
S3_no_missing_R3_records,MB21D1,False,-0.05526315789473685,0.07236842105263158,0.11973684210526316,0.3828947368421053,0.12763157894736843,-0.047368421052631574,-0.3105263157894737,-0.05526315789473685,0.0,0.2912056922249143,0.1538831170996831,0.0009789105803861275,0.1575780917100671,False,False,False
S3_no_missing_R3_records,MBD4,False,0.2710526315789473,0.6802631578947368,0.37763157894736843,0.6328947368421053,0.40921052631578947,0.30263157894736836,0.047368421052631504,0.2710526315789473,-0.396132354,-0.2243922470609958,-0.0188626553573692,-0.11645569299471,-0.01361732803457046,True,True,True
S3_no_missing_R3_records,MBTD1,False,0.07631578947368423,0.6960526315789474,0.5302631578947369,0.7644736842105263,0.6197368421052631,0.1657894736842105,-0.06842105263157894,0.07631578947368423,0.0,-0.2442873697443194,-0.09716231317989607,-0.1978119490203826,-0.1136762832072375,True,False,True
S3_no_missing_R3_records,MC1R,False,-0.12631578947368416,0.743421052631579,0.8697368421052631,0.8671052631578947,0.9013157894736842,-0.12631578947368416,-0.12368421052631573,-0.1578947368421052,0.0,-0.2815346420795263,-0.4613474380722574,-0.3490181729113672,-0.4411055028415236,False,False,False
S3_no_missing_R3_records,MCM4,True,-0.6736842105263158,0.3092105263157895,0.0013157894736842105,0.9828947368421053,0.9881578947368421,0.3078947368421053,-0.6736842105263158,-0.6789473684210526,-2.565027646,0.03981175318473662,0.5616493414585075,-1.135119396042344,-1.307803165437437,True,False,False
S3_no_missing_R3_records,MCM7,False,-0.08421052631578951,0.8723684210526316,0.3671052631578947,0.9565789473684211,0.9828947368421053,0.5052631578947369,-0.08421052631578951,-0.1105263157894737,-0.815967559,-0.5054566429986468,-0.01583775029278867,-0.7471610646393818,-0.9787372035237567,True,False,False
S3_no_missing_R3_records,MCM8,False,-0.01315789473684209,0.13815789473684212,0.1513157894736842,0.8855263157894737,0.09078947368421053,-0.01315789473684209,-0.7473684210526316,0.04736842105263159,-0.136909775,0.1907293557795001,0.1196094057395872,-0.3862966075401912,0.1900662298983825,False,False,True
S3_no_missing_R3_records,MCM9,False,0.33157894736842103,0.8039473684210526,0.4723684210526316,0.9881578947368421,0.07236842105263158,0.33157894736842103,-0.1842105263157895,0.7315789473684211,-0.009774722,-0.3482369994823696,-0.0666887265316419,-1.141709938288154,0.2127713711307586,True,False,True
S3_no_missing_R3_records,MCMDC2,False,0.0736842105263158,0.29078947368421054,0.275,0.21710526315789475,0.19078947368421054,0.01578947368421052,0.0736842105263158,0.1,-0.255060993,0.04836877746765807,0.04273000681083369,0.0950072546216374,0.1015563103040146,True,True,True
S3_no_missing_R3_records,MCRS1,False,-0.11578947368421044,0.6355263157894737,0.6355263157894737,0.7513157894736842,0.7934210526315789,0.0,-0.11578947368421044,-0.1578947368421052,-0.071500728,-0.1855337787668899,-0.1588675708826401,-0.1884900153692857,-0.2484412302456313,False,False,False
S3_no_missing_R3_records,MDC1,False,0.02894736842105261,0.9855263157894737,0.9539473684210527,0.9986842105263158,0.9565789473684211,0.03157894736842104,-0.013157894736842146,0.02894736842105261,-0.199962878,-1.246823663522221,-0.7646969290767456,-1.920260159025724,-0.7366324161086268,True,False,True
S3_no_missing_R3_records,MEAF6,False,-0.10263157894736852,0.7881578947368421,0.9776315789473684,0.006578947368421052,0.8907894736842106,-0.18947368421052635,0.781578947368421,-0.10263157894736852,-0.195549245,-0.3206276196838069,-0.9134809797626562,0.4394711425254048,-0.4138084589097281,False,True,False
S3_no_missing_R3_records,MEIOB,False,-0.034210526315789413,0.4697368421052632,0.5039473684210526,0.8802631578947369,0.2802631578947368,-0.034210526315789413,-0.4105263157894737,0.18947368421052635,-0.187347245,-0.06101899106380993,-0.08813025287805958,-0.3808043252619447,0.0504885720121422,False,False,True
S3_no_missing_R3_records,MEN1,False,0.7078947368421054,0.9565789473684211,0.8828947368421053,0.1118421052631579,0.24868421052631579,0.0736842105263158,0.8447368421052632,0.7078947368421054,0.0,-0.8731699371259635,-0.4787830359506951,0.1709659760663362,0.0647750351156462,True,True,True
S3_no_missing_R3_records,MGME1,False,-0.1289473684210526,0.5197368421052632,0.6486842105263158,0.7934210526315789,0.45394736842105265,-0.1289473684210526,-0.27368421052631575,0.06578947368421051,-0.164454862,-0.09374799247667212,-0.1693387270962032,-0.2280523985635911,-0.0253320968960038,False,False,True
S3_no_missing_R3_records,MGMT,False,-0.05526315789473679,0.6776315789473685,0.7328947368421053,0.5328947368421053,0.775,-0.05526315789473679,0.14473684210526316,-0.09736842105263155,-0.036632024,-0.2207585216685589,-0.246475214107682,-0.06997474507114394,-0.2318988030488483,False,True,False
S3_no_missing_R3_records,MLH1,False,0.039473684210526216,0.8223684210526315,0.7828947368421053,0.475,0.7855263157894737,0.039473684210526216,0.34736842105263155,0.03684210526315779,0.0,-0.3864588122379091,-0.3223171948902206,-0.03849844197917059,-0.2417815890677726,True,True,True
S3_no_missing_R3_records,MLH3,False,-0.10526315789473681,0.24342105263157895,0.34868421052631576,0.05921052631578947,0.6276315789473684,-0.10526315789473681,0.1842105263157895,-0.38421052631578945,-0.12128774,0.08375166206441964,-0.001342933226815848,0.2224484190209426,-0.115760510700574,False,True,False
S3_no_missing_R3_records,MORF4L1,False,0.3631578947368421,0.7802631578947369,0.41710526315789476,0.45657894736842103,0.1986842105263158,0.3631578947368421,0.32368421052631585,0.5815789473684211,0.0,-0.3172074254349164,-0.04058963769856083,-0.03149072856293378,0.09962625247321735,True,True,True
S3_no_missing_R3_records,MORF4L2,False,-0.3578947368421052,0.35657894736842105,0.7144736842105263,0.7855263157894737,0.5671052631578948,-0.3578947368421052,-0.4289473684210527,-0.21052631578947373,-0.224263464,0.006795635078661544,-0.224637680836707,-0.2239085676767362,-0.09204491717884149,False,False,False
S3_no_missing_R3_records,MPG,False,0.09473684210526315,0.3013157894736842,0.09605263157894736,0.6460526315789473,0.20657894736842106,0.20526315789473684,-0.3447368421052631,0.09473684210526315,-0.037810516,0.04098278548489395,0.1771876041581111,-0.1212790785721151,0.092931733043159,True,False,True
S3_no_missing_R3_records,MRGBP,False,0.8315789473684211,0.8539473684210527,0.9460526315789474,0.009210526315789473,0.02236842105263158,-0.09210526315789469,0.8447368421052632,0.8315789473684211,-0.055048916,-0.4731682412088064,-0.6911981475859004,0.4059321966902411,0.3162761319615655,False,True,True
S3_no_missing_R3_records,MSH2,False,-0.15526315789473683,0.42236842105263156,0.6513157894736842,0.09868421052631579,0.5776315789473684,-0.22894736842105262,0.3236842105263158,-0.15526315789473683,-0.995003157,-0.04105245422897066,-0.1705607351228605,0.1797891779758762,-0.09553759428351846,False,True,False
S3_no_missing_R3_records,MSH3,False,-0.11315789473684212,0.2618421052631579,0.375,0.3539473684210526,0.4776315789473684,-0.11315789473684212,-0.09210526315789475,-0.21578947368421053,0.0,0.07062009110204315,-0.01871915003169411,0.01778750678185581,-0.03514755441908024,False,False,False
S3_no_missing_R3_records,MSH4,False,0.06578947368421051,0.6513157894736842,0.45394736842105265,0.6039473684210527,0.5855263157894737,0.19736842105263153,0.047368421052631504,0.06578947368421051,0.0,-0.1956890935974228,-0.06250714512363498,-0.1011811235518427,-0.09996246845563157,True,True,True
S3_no_missing_R3_records,MSH5,False,-0.06842105263157894,0.3960526315789474,0.4644736842105263,0.48026315789473684,0.3381578947368421,-0.06842105263157894,-0.08421052631578946,0.05789473684210528,-0.36362795,-0.02708609730109579,-0.0628249447272764,-0.03891816843596688,0.03164942423218001,False,False,True
S3_no_missing_R3_records,MSH6,False,-0.14473684210526316,0.37236842105263157,0.2381578947368421,0.5565789473684211,0.5171052631578947,0.13421052631578947,-0.1842105263157895,-0.14473684210526316,-0.177170737,-0.0003266228562600199,0.06472078632225149,-0.07882537798805375,-0.06200099839197677,True,False,False
S3_no_missing_R3_records,MUM1,False,-0.05789473684210528,0.33289473684210524,0.45657894736842103,0.3907894736842105,0.02763157894736842,-0.12368421052631579,-0.05789473684210528,0.30526315789473685,-0.721669946,0.02336037907425285,-0.06269501358300762,-0.004873204916345276,0.2943649703773034,False,False,True
S3_no_missing_R3_records,MUS81,False,0.25526315789473686,0.7855263157894737,0.3223684210526316,0.5302631578947369,0.7671052631578947,0.46315789473684216,0.25526315789473686,0.018421052631579005,-0.136812796,-0.3205293744096845,0.007509424021019992,-0.06249489162814988,-0.2252067018887653,True,True,True
S3_no_missing_R3_records,MUTYH,False,0.007894736842105288,0.975,0.975,0.9197368421052632,0.9671052631578947,0.0,0.05526315789473679,0.007894736842105288,-0.566984776,-1.153656733411706,-0.9004134106650524,-0.5002579906958653,-0.8814482332389011,False,True,True
S3_no_missing_R3_records,NABP1,False,-0.12105263157894741,0.5881578947368421,0.7092105263157895,0.5644736842105263,0.8486842105263158,-0.12105263157894741,0.023684210526315752,-0.2605263157894737,0.0,-0.1490915829897584,-0.2234637653338913,-0.08574295464560337,-0.3277970216977973,False,True,False
S3_no_missing_R3_records,NDNL2,False,-0.010526315789473606,0.7118421052631579,0.7223684210526315,0.8355263157894737,0.4644736842105263,-0.010526315789473606,-0.12368421052631573,0.24736842105263163,-0.205559462,-0.256187965636284,-0.2324352321920887,-0.2872524134746092,-0.03133919399960632,False,False,True
S3_no_missing_R3_records,NEIL1,False,0.21842105263157896,0.41710526315789476,0.40131578947368424,0.1986842105263158,0.08026315789473684,0.01578947368421052,0.21842105263157896,0.33684210526315794,0.0,-0.039530823188669,-0.02922381650760197,0.09915303589315552,0.2048019215215029,True,True,True
S3_no_missing_R3_records,NEIL2,False,-0.16315789473684209,0.13289473684210526,0.2513157894736842,0.29605263157894735,0.575,-0.11842105263157895,-0.16315789473684209,-0.44210526315789467,-0.132685766,0.1984106476475631,0.05619255067651589,0.04683664149771896,-0.09400858507320375,False,False,False
S3_no_missing_R3_records,NEIL3,False,0.39999999999999997,0.6907894736842105,0.29078947368421054,0.49605263157894736,0.2618421052631579,0.39999999999999997,0.19473684210526315,0.42894736842105263,-0.006425477,-0.239963650542658,0.0315486125109854,-0.04729831980890668,0.05663715882005901,True,True,True
S3_no_missing_R3_records,NFRKB,False,-0.02894736842105261,0.8671052631578947,0.7907894736842105,0.8960526315789473,0.993421052631579,0.07631578947368423,-0.02894736842105261,-0.12631578947368427,-0.882237741,-0.5018358975048839,-0.3267279159881102,-0.394967023798628,-1.427337791979127,True,False,False
S3_no_missing_R3_records,NHEJ1,False,0.02894736842105261,0.8486842105263158,0.925,0.8197368421052632,0.6907894736842105,-0.07631578947368423,0.02894736842105261,0.1578947368421053,-0.154582705,-0.4570401315737015,-0.5731011917327624,-0.2534438065521283,-0.1606758786444489,False,True,True
S3_no_missing_R3_records,NIPBL,False,-0.6710526315789473,0.011842105263157895,0.09342105263157895,0.6828947368421052,0.8092105263157895,-0.08157894736842106,-0.6710526315789473,-0.7973684210526316,-0.090945637,0.5288194193078338,0.1787409970027379,-0.1384636265703726,-0.2662449115172973,False,False,False
S3_no_missing_R3_records,NONO,False,0.0368421052631579,0.8960526315789473,0.09868421052631579,0.8592105263157894,0.9171052631578948,0.7973684210526315,0.0368421052631579,-0.021052631578947434,0.0,-0.6084368424410207,0.1754618672849957,-0.3395773071862515,-0.4753553630461019,True,True,False
S3_no_missing_R3_records,NPAS2,False,0.023684210526315808,0.22763157894736843,0.33026315789473687,0.017105263157894738,0.20394736842105263,-0.10263157894736843,0.2105263157894737,0.023684210526315808,-0.015971259,0.0929099602823178,0.005262651448974864,0.292856918488145,0.09322253827369933,False,True,True
S3_no_missing_R3_records,NPM1,False,0.38421052631578945,0.593421052631579,0.06447368421052632,0.20921052631578949,0.8618421052631579,0.5289473684210526,0.38421052631578945,-0.2684210526315789,-0.320856978,-0.1625702739591694,0.2043130582329051,0.09670990796800019,-0.3440218337398552,True,True,False
S3_no_missing_R3_records,NSMCE2,False,0.4842105263157895,0.7355263157894737,0.6092105263157894,0.2513157894736842,0.014473684210526316,0.12631578947368427,0.4842105263157895,0.7210526315789474,-0.169890392,-0.2777767346633849,-0.1323214121756086,0.0719666675083211,0.3318291261421251,True,True,True
S3_no_missing_R3_records,NSMCE4A,False,0.023684210526315863,0.7460526315789474,0.7381578947368421,0.7223684210526315,0.625,0.007894736842105288,0.023684210526315863,0.12105263157894741,0.0,-0.2834693097765162,-0.260684955881326,-0.1711202886328945,-0.1149294817310785,True,True,True
S3_no_missing_R3_records,NTHL1,False,0.1973684210526316,0.40131578947368424,0.10657894736842105,0.20394736842105263,0.2644736842105263,0.2947368421052632,0.1973684210526316,0.13684210526315793,-0.093092308,-0.02789572211227695,0.171296603357777,0.09801570144627383,0.05560740396640199,True,True,True
S3_no_missing_R3_records,NUCKS1,False,0.2526315789473684,0.5039473684210526,0.34342105263157896,0.07763157894736843,0.2513157894736842,0.16052631578947363,0.42631578947368415,0.2526315789473684,-0.096668647,-0.08963725372181441,0.001240918421328452,0.1940022754515389,0.06347224622999592,True,True,True
S3_no_missing_R3_records,NUDT1,False,0.16052631578947368,0.3592105263157895,0.1986842105263158,0.17763157894736842,0.22236842105263158,0.16052631578947368,0.18157894736842106,0.1368421052631579,0.0,0.006473372351061712,0.09294897777455194,0.1105728339901801,0.07515387650123347,True,True,True
S3_no_missing_R3_records,NUDT16,False,-0.0052631578947368585,0.6697368421052632,0.5986842105263158,0.675,0.8065789473684211,0.07105263157894737,-0.0052631578947368585,-0.13684210526315788,0.0,-0.2128292445678179,-0.1311724511491112,-0.1354853497452038,-0.262842501027414,True,False,False
S3_no_missing_R3_records,NUDT16L1,False,-0.11052631578947367,0.14868421052631578,0.3907894736842105,0.1881578947368421,0.25921052631578945,-0.24210526315789474,-0.03947368421052633,-0.11052631578947367,0.0,0.1670001800854507,-0.02367437965793506,0.1031097606585301,0.05715307391475211,False,False,False
S3_no_missing_R3_records,OBFC1,False,-0.4842105263157895,0.2513157894736842,0.7776315789473685,0.5855263157894737,0.7355263157894737,-0.5263157894736843,-0.33421052631578946,-0.4842105263157895,-0.564298339,0.07979966459867043,-0.3158509155228418,-0.0940718622429489,-0.1967792421685005,False,False,False
S3_no_missing_R3_records,OGG1,False,0.13157894736842102,0.4381578947368421,0.30657894736842106,0.40921052631578947,0.29342105263157897,0.13157894736842102,0.02894736842105261,0.1447368421052631,-0.071294253,-0.04704437455742012,0.02303472424073494,-0.01762442553080815,0.04710701705838449,True,True,True
S3_no_missing_R3_records,OTUB1,False,0.1947368421052632,0.9486842105263158,0.7539473684210526,0.6407894736842106,0.8697368421052631,0.1947368421052632,0.3078947368421052,0.07894736842105265,-0.378512364,-0.7768008986683559,-0.27467749437303,-0.1187291161635041,-0.350446982983911,True,True,True
S3_no_missing_R3_records,PAGR1,False,-0.15263157894736842,0.09078947368421053,0.07236842105263158,0.24342105263157895,0.4328947368421053,0.01842105263157895,-0.15263157894736842,-0.34210526315789475,-0.116294636,0.2390722307870445,0.2003528812614954,0.07514139322518978,-0.01994426881530635,True,False,False
S3_no_missing_R3_records,PAPD7,False,-0.24210526315789474,0.24078947368421053,0.48289473684210527,0.5592105263157895,0.45921052631578946,-0.24210526315789474,-0.31842105263157894,-0.21842105263157893,-0.396676612,0.08444522350181523,-0.07471675650774681,-0.08372449059869158,-0.02792870586911504,False,False,False
S3_no_missing_R3_records,PARG,False,-0.35,0.38026315789473686,0.6697368421052632,0.8144736842105263,0.7302631578947368,-0.2894736842105263,-0.4342105263157895,-0.35,0.0,-0.0102414667125393,-0.1930475947191714,-0.2487747527928172,-0.1894997971874511,False,False,False
S3_no_missing_R3_records,PARP1,False,0.021052631578947323,0.9828947368421053,0.9881578947368421,0.9618421052631579,0.725,-0.0052631578947368585,0.021052631578947323,0.2578947368421053,-0.115063531,-1.212357324418439,-1.020451014742789,-0.7590083229913382,-0.1833844569311218,False,True,True
S3_no_missing_R3_records,PARP10,False,-0.09473684210526312,0.2565789473684211,0.3513157894736842,0.3223684210526316,0.5355263157894737,-0.09473684210526312,-0.06578947368421051,-0.27894736842105267,-0.045760626,0.07604453343799764,-0.001606224810734837,0.0368471713350873,-0.08100038793079663,False,False,False
S3_no_missing_R3_records,PARP2,False,0.12368421052631584,0.775,0.6328947368421053,0.6513157894736842,0.7539473684210526,0.14210526315789473,0.12368421052631584,0.021052631578947434,0.0,-0.306948002997281,-0.1569537413328835,-0.1263418720677958,-0.2079855311465411,True,True,True
S3_no_missing_R3_records,PARP4,False,-0.1394736842105263,0.4486842105263158,0.5881578947368421,0.7486842105263158,0.5565789473684211,-0.1394736842105263,-0.30000000000000004,-0.10789473684210527,0.0,-0.05210550706583784,-0.1298799979662491,-0.1809318900415574,-0.0885873676333097,False,False,False
S3_no_missing_R3_records,PARP9,False,-0.19210526315789467,0.5302631578947369,0.5513157894736842,0.8460526315789474,0.7223684210526315,-0.021052631578947323,-0.3157894736842105,-0.19210526315789467,-0.184186894,-0.1048033403734152,-0.1061486194282518,-0.312626317361222,-0.1825711280893234,False,False,False
S3_no_missing_R3_records,PARPBP,False,-0.19473684210526315,0.2118421052631579,0.40657894736842104,0.7144736842105263,0.3118421052631579,-0.19473684210526315,-0.5026315789473683,-0.10000000000000003,0.0,0.1046354799832077,-0.03019493504500852,-0.1641449317548317,0.04260139586913692,False,False,False
S3_no_missing_R3_records,PAXIP1,False,0.09999999999999998,0.8592105263157894,0.5618421052631579,0.7592105263157894,0.875,0.2973684210526315,0.09999999999999998,-0.015789473684210575,-0.065410833,-0.4927032005795115,-0.1110820310632095,-0.1958959284159242,-0.3507853039364729,True,True,False
S3_no_missing_R3_records,PDS5A,False,0.01842105263157895,0.1881578947368421,0.20921052631578949,0.08026315789473684,0.16973684210526316,-0.02105263157894738,0.10789473684210527,0.01842105263157895,0.0,0.1286291338006739,0.08834409198232507,0.1919529919720085,0.1167024972709549,False,True,True
S3_no_missing_R3_records,PDS5B,False,0.12631578947368427,0.5671052631578948,0.4407894736842105,0.12763157894736843,0.8407894736842105,0.12631578947368427,0.43947368421052635,-0.27368421052631575,0.0,-0.130000975488901,-0.05961127156787931,0.1608112533908891,-0.3173735568046527,True,True,False
S3_no_missing_R3_records,PIF1,False,-0.8736842105263157,0.09605263157894736,0.035526315789473684,0.9697368421052631,0.9723684210526315,0.06052631578947368,-0.8736842105263157,-0.8763157894736842,-0.544424052,0.2373098990373148,0.2472074464363471,-0.8186999173879601,-0.9114656829096213,True,False,False
S3_no_missing_R3_records,PML,False,0.060526315789473706,0.275,0.056578947368421055,0.21447368421052632,0.44605263157894737,0.21842105263157896,0.060526315789473706,-0.17105263157894735,0.0,0.06196164956719086,0.2122683568070315,0.09535448905625779,-0.02401857706923908,True,True,False
S3_no_missing_R3_records,PMS1,False,0.15526315789473683,0.31973684210526315,0.36973684210526314,0.06447368421052632,0.16447368421052633,-0.04999999999999999,0.25526315789473686,0.15526315789473683,-0.189197246,0.03156506113670613,-0.01717909728322227,0.2108904840491679,0.1202354531980466,False,True,True
S3_no_missing_R3_records,PMS2,False,-0.36578947368421055,0.15394736842105264,0.3618421052631579,0.7671052631578947,0.5197368421052632,-0.20789473684210527,-0.6131578947368421,-0.36578947368421055,-0.021902118,0.1646687327407017,-0.01200632945185079,-0.2027196061155273,-0.06744279499798131,False,False,False
S3_no_missing_R3_records,PNKP,False,0.04210526315789476,0.8013157894736842,0.9118421052631579,0.5671052631578948,0.7592105263157894,-0.1105263157894737,0.23421052631578942,0.04210526315789476,0.0,-0.3398966698931581,-0.5355974602106721,-0.08767983971937987,-0.2169656090346834,False,True,True
S3_no_missing_R3_records,POLB,False,0.18157894736842106,0.3223684210526316,0.25394736842105264,0.08289473684210526,0.14078947368421052,0.06842105263157894,0.23947368421052634,0.18157894736842106,0.0,0.02838357101585309,0.05612975218318746,0.1898687454052347,0.148893562389843,True,True,True
S3_no_missing_R3_records,POLD4,False,0.021052631578947323,0.6855263157894737,0.6644736842105263,0.575,0.743421052631579,0.021052631578947323,0.1105263157894737,-0.05789473684210533,0.0,-0.2267636144354214,-0.1827100420280082,-0.08860829126262595,-0.1999419795750573,True,True,False
S3_no_missing_R3_records,POLG,False,0.15263157894736845,0.8855263157894737,0.9355263157894737,0.325,0.7328947368421053,-0.04999999999999993,0.5605263157894738,0.15263157894736845,0.0,-0.5398833080853627,-0.6045967370303653,0.03612001888093792,-0.1909432827900079,False,True,True
S3_no_missing_R3_records,POLG2,False,0.731578947368421,0.7618421052631579,0.8276315789473684,0.030263157894736843,0.0013157894736842105,-0.06578947368421051,0.731578947368421,0.7605263157894737,-0.325768684,-0.2987819212348332,-0.3903176492037281,0.2712726780597084,0.7250001879328754,False,True,True
S3_no_missing_R3_records,POLH,False,-0.20526315789473687,0.32763157894736844,0.5328947368421053,0.7276315789473684,0.4934210526315789,-0.20526315789473687,-0.39999999999999997,-0.1657894736842105,0.0,0.02504180846790804,-0.09747216178442061,-0.1730004100221985,-0.05324560992333685,False,False,False
S3_no_missing_R3_records,POLI,False,0.09210526315789477,0.33026315789473687,0.24605263157894736,0.16447368421052633,0.2381578947368421,0.08421052631578951,0.16578947368421054,0.09210526315789477,0.0,0.02372428247518171,0.06320896585288367,0.1230550788738262,0.06870311815174576,True,True,True
S3_no_missing_R3_records,POLK,False,-0.1894736842105263,0.3618421052631579,0.7407894736842106,0.5092105263157894,0.5513157894736842,-0.37894736842105264,-0.14736842105263154,-0.1894736842105263,-0.090306099,0.00499850527939142,-0.263301113446766,-0.05113230078824686,-0.08796821101010766,False,False,False
S3_no_missing_R3_records,POLL,False,0.04999999999999993,0.9671052631578947,0.9723684210526315,0.9171052631578948,0.48289473684210527,-0.0052631578947368585,0.04999999999999993,0.4842105263157894,0.0,-1.057053150982095,-0.8804288160051017,-0.496190213059025,-0.04269720885995273,False,True,True
S3_no_missing_R3_records,POLQ,False,0.7078947368421054,0.9986842105263158,0.2855263157894737,0.8092105263157895,0.29078947368421054,0.7131578947368422,0.18947368421052635,0.7078947368421054,-0.240900744,-2.640176515847641,0.03631779164452128,-0.2462030391575052,0.04884361049948183,True,True,True
S3_no_missing_R3_records,POLR2L,False,-0.3263157894736842,0.19078947368421054,0.49605263157894736,0.5171052631578947,0.9355263157894737,-0.3052631578947368,-0.3263157894736842,-0.7447368421052631,0.0,0.1246079758841887,-0.08601658093316515,-0.05884321120596973,-0.5670631514437683,False,False,False
S3_no_missing_R3_records,PPP4C,False,0.2710526315789473,0.9381578947368421,0.6671052631578948,0.525,0.9539473684210527,0.2710526315789473,0.41315789473684206,-0.015789473684210575,-0.394248584,-0.7476027707337648,-0.1851690816441936,-0.06057596626922557,-0.7160023541005897,True,True,False
S3_no_missing_R3_records,PPP4R2,False,-0.2578947368421053,0.1013157894736842,0.3592105263157895,0.29078947368421054,0.9697368421052631,-0.2578947368421053,-0.18947368421052635,-0.8684210526315789,0.0,0.235984676729839,-0.009502615589014773,0.04829439768750987,-0.8875931285443196,False,False,False
S3_no_missing_R3_records,PPP5C,False,-0.13157894736842102,0.325,0.17763157894736842,0.5828947368421052,0.45657894736842103,0.1473684210526316,-0.25789473684210523,-0.13157894736842102,-0.077775911,0.02774476112351065,0.1026247704360352,-0.09163743145815777,-0.02624842734106651,True,False,False
S3_no_missing_R3_records,PRDM9,False,-0.06052631578947368,0.18026315789473685,0.24078947368421053,0.6092105263157894,0.225,-0.06052631578947368,-0.4289473684210526,-0.04473684210526316,-0.12273456,0.1346521014015655,0.06436814426232902,-0.1017130744355774,0.07425441109474325,False,False,False
S3_no_missing_R3_records,PRIMPOL,False,0.23421052631578948,0.5644736842105263,0.125,0.36447368421052634,0.33026315789473687,0.43947368421052635,0.2,0.23421052631578948,-0.002044561,-0.1297891994128123,0.1502352974761013,0.008357356322505297,0.03479636787937827,True,True,True
S3_no_missing_R3_records,PRKCG,False,-0.02105263157894737,0.02236842105263158,0.04342105263157895,0.225,0.03289473684210526,-0.02105263157894737,-0.20263157894736844,-0.010526315789473682,-0.122502064,0.4341360059497844,0.2332708929998841,0.08570665910484172,0.2699311971663961,False,False,False
S3_no_missing_R3_records,PRMT6,False,0.04473684210526313,0.5144736842105263,0.4697368421052632,0.30394736842105263,0.6013157894736842,0.04473684210526313,0.21052631578947367,-0.08684210526315794,-0.383316776,-0.09252739868895744,-0.06470353353928522,0.04321716826343236,-0.1059492785728882,True,True,False
S3_no_missing_R3_records,PSME4,False,-0.013157894736842105,0.06184210526315789,0.075,0.0013157894736842105,0.24342105263157895,-0.013157894736842105,0.060526315789473685,-0.18157894736842106,-0.552407687,0.3262913455259548,0.1928445870833486,0.6077080146148495,0.06678428083674721,False,True,False
S3_no_missing_R3_records,RAB43,False,-0.03157894736842104,0.7039473684210527,0.6802631578947368,0.7355263157894737,0.8671052631578947,0.023684210526315863,-0.03157894736842104,-0.16315789473684206,0.0,-0.2491015712445122,-0.1994916420848726,-0.1768064259449733,-0.349771965199913,True,False,False
S3_no_missing_R3_records,RAD1,False,-0.2789473684210526,0.5697368421052632,0.8486842105263158,0.9460526315789474,0.34868421052631576,-0.2789473684210526,-0.37631578947368416,0.22105263157894744,-0.539784258,-0.1340798519691426,-0.4283175524543239,-0.6238544678985087,0.02197092524513285,False,False,True
S3_no_missing_R3_records,RAD18,False,-0.10263157894736841,0.21710526315789475,0.8144736842105263,0.05394736842105263,0.31973684210526315,-0.5973684210526315,0.1631578947368421,-0.10263157894736841,0.0,0.09929109557465754,-0.3803463659770494,0.2317304579779272,0.04206904941082076,False,True,False
S3_no_missing_R3_records,RAD21,False,-0.25263157894736843,0.4407894736842105,0.39342105263157895,0.6934210526315789,0.9486842105263158,0.04736842105263156,-0.25263157894736843,-0.5078947368421053,0.0,-0.04725308777276149,-0.02714055670989464,-0.1470072467186377,-0.7009846363899941,True,False,False
S3_no_missing_R3_records,RAD21L1,False,-0.013157894736842105,0.046052631578947366,0.19342105263157894,0.03289473684210526,0.05921052631578947,-0.14736842105263157,0.013157894736842105,-0.013157894736842105,-0.187925935,0.336178209469271,0.09507058526169561,0.2665299595147642,0.2293770684368031,False,True,False
S3_no_missing_R3_records,RAD23A,False,-0.36578947368421055,0.03289473684210526,0.009210526315789473,0.43026315789473685,0.3986842105263158,0.023684210526315787,-0.3973684210526316,-0.36578947368421055,-0.148135594,0.3836310523615366,0.4778803673961337,-0.02472699885096944,-0.004743376923441012,True,False,False
S3_no_missing_R3_records,RAD23B,False,0.06052631578947376,0.8171052631578948,0.756578947368421,0.45921052631578946,0.8723684210526316,0.06052631578947376,0.3578947368421053,-0.05526315789473679,0.0,-0.3675312639318862,-0.2778084045727291,-0.03188970146470889,-0.3506778287126289,True,True,False
S3_no_missing_R3_records,RAD50,False,0.03421052631578947,0.9513157894736842,0.9171052631578948,0.9513157894736842,0.6828947368421052,0.03421052631578947,0.0,0.268421052631579,-0.475314724,-0.7796591588006633,-0.5482852327411438,-0.7024242352606801,-0.1576047119857356,True,False,True
S3_no_missing_R3_records,RAD51AP1,False,-0.3078947368421053,0.3907894736842105,0.8197368421052632,0.6986842105263158,0.5460526315789473,-0.4289473684210527,-0.3078947368421053,-0.15526315789473683,0.0,-0.02462314181298971,-0.3873143523825284,-0.1488480926584727,-0.08382619694076698,False,False,False
S3_no_missing_R3_records,RAD51B,False,0.015789473684210575,0.9960526315789474,0.9828947368421053,0.9802631578947368,0.525,0.013157894736842146,0.015789473684210575,0.4710526315789474,-0.184070715,-1.729264179681142,-0.985189859161968,-1.123963667849686,-0.07292011878767068,True,True,True
S3_no_missing_R3_records,RAD51D,False,-0.018421052631579005,0.9328947368421052,0.9513157894736842,0.975,0.7802631578947369,-0.018421052631579005,-0.04210526315789476,0.15263157894736834,-0.617917546,-0.7390470636484583,-0.7534471525695502,-1.039534853066426,-0.2377519852519545,False,False,True
S3_no_missing_R3_records,RAD54B,False,-0.19473684210526318,0.1513157894736842,0.3460526315789474,0.8013157894736842,0.26710526315789473,-0.19473684210526318,-0.65,-0.11578947368421053,0.0,0.1661285085917431,-0.001276256989087773,-0.2399609864423112,0.05504864856343458,False,False,False
S3_no_missing_R3_records,RAD54L,False,-0.14473684210526316,0.7302631578947368,0.875,0.9328947368421052,0.375,-0.14473684210526316,-0.20263157894736838,0.35526315789473684,0.0,-0.2761845510469937,-0.4682806611770688,-0.5467644075464287,0.008633124360454929,False,False,True
S3_no_missing_R3_records,RAD9B,False,0.1657894736842105,0.9697368421052631,0.8039473684210526,0.3671052631578947,0.8934210526315789,0.1657894736842105,0.6026315789473684,0.07631578947368423,-0.857134952,-1.097579611699346,-0.3559486076976455,0.008246396260186195,-0.4242879620221252,True,True,True
S3_no_missing_R3_records,RCHY1,False,0.2868421052631579,0.825,0.7855263157894737,0.425,0.5381578947368421,0.039473684210526216,0.39999999999999997,0.2868421052631579,0.0,-0.4098577638321503,-0.3225033457406667,-0.02393639987146597,-0.08143296180229553,True,True,True
S3_no_missing_R3_records,REC8,False,0.23684210526315788,0.38552631578947366,0.49078947368421055,0.1355263157894737,0.14868421052631578,-0.10526315789473689,0.24999999999999997,0.23684210526315788,0.0,-0.01568084406237955,-0.08449235611957251,0.1464931698913592,0.1454605863880225,False,True,True
S3_no_missing_R3_records,RECQL,False,-0.06578947368421051,0.12763157894736843,0.06973684210526315,0.5223684210526316,0.19342105263157894,0.05789473684210528,-0.39473684210526316,-0.06578947368421051,-0.114059735,0.2000814478637851,0.2008098525452221,-0.0605176260350094,0.1013765878519964,True,False,False
S3_no_missing_R3_records,RECQL5,False,-0.08157894736842106,0.16710526315789473,0.24868421052631579,0.25921052631578945,0.10394736842105264,-0.08157894736842106,-0.09210526315789472,0.0631578947368421,-0.818881144,0.1430285982569166,0.05792915298231806,0.0669702234189935,0.1753400182353563,False,False,True
S3_no_missing_R3_records,REV1,False,-0.28421052631578947,0.4881578947368421,0.5802631578947368,0.9223684210526316,0.7723684210526316,-0.09210526315789469,-0.4342105263157895,-0.28421052631578947,-0.55471341,-0.07827738512485918,-0.1269925017330837,-0.5167762684409102,-0.230869746653321,False,False,False
S3_no_missing_R3_records,REV3L,False,0.18157894736842106,0.8802631578947369,0.675,0.8986842105263158,0.6986842105263158,0.20526315789473681,-0.018421052631578894,0.18157894736842106,0.0,-0.5342295512045667,-0.1954067898314623,-0.4051189060818975,-0.1696856906259154,True,False,True
S3_no_missing_R3_records,REXO4,False,0.1947368421052631,0.7276315789473684,0.44342105263157894,0.6013157894736842,0.5328947368421053,0.28421052631578947,0.12631578947368416,0.1947368421052631,-0.30833954,-0.2734257537165739,-0.05965971096443375,-0.09800733859153712,-0.0780442475258658,True,True,True
S3_no_missing_R3_records,RFWD3,False,-0.0052631578947368585,0.6092105263157894,0.6144736842105263,0.9118421052631579,0.3355263157894737,-0.0052631578947368585,-0.3026315789473685,0.27368421052631575,0.0,-0.1720065564479191,-0.1389566770843757,-0.4765390181301421,0.03212381836185596,False,False,True
S3_no_missing_R3_records,RHNO1,False,0.03947368421052633,0.9802631578947368,0.9407894736842105,0.9644736842105263,0.7486842105263158,0.03947368421052633,0.015789473684210575,0.231578947368421,-0.364218916,-1.209730114175151,-0.6428413263748973,-0.7726074319484632,-0.2022912238064398,True,True,True
S3_no_missing_R3_records,RIF1,False,-0.4,0.15921052631578947,0.003947368421052632,0.7723684210526316,0.5592105263157895,0.15526315789473683,-0.6131578947368421,-0.4,-0.211148309,0.1484630638708899,0.5120730666011851,-0.2109465468395807,-0.0894006209873049,True,False,False
S3_no_missing_R3_records,RMI1,False,-0.48684210526315785,0.09342105263157895,0.593421052631579,0.5802631578947368,0.32763157894736844,-0.5,-0.48684210526315785,-0.23421052631578948,0.0,0.2385519775732458,-0.1302392548537831,-0.09126587648515964,0.0350258703335764,False,False,False
S3_no_missing_R3_records,RMI2,False,-0.581578947368421,0.14605263157894738,0.8013157894736842,0.5960526315789474,0.7276315789473684,-0.6552631578947368,-0.45,-0.581578947368421,-0.69942997,0.1724117720386425,-0.3447145167939681,-0.09684346450570036,-0.1869694641333002,False,False,False
S3_no_missing_R3_records,RNASEH2A,False,0.013157894736842035,0.725,0.6592105263157895,0.8276315789473684,0.7118421052631579,0.06578947368421051,-0.10263157894736841,0.013157894736842035,-0.445610362,-0.2718187244912698,-0.1760554248428129,-0.2623423685453489,-0.1756583816980347,True,False,True
S3_no_missing_R3_records,RNF111,False,0.16315789473684217,0.675,0.5118421052631579,0.32763157894736844,0.9276315789473685,0.16315789473684217,0.3473684210526316,-0.25263157894736843,-0.209043035,-0.2200901369309246,-0.08897927902977276,0.0355894124740416,-0.5397983962275074,True,True,False
S3_no_missing_R3_records,RNF138,False,-0.2631578947368421,0.07763157894736843,0.34078947368421053,0.6802631578947368,0.3223684210526316,-0.2631578947368421,-0.6026315789473684,-0.24473684210526314,-0.223004786,0.2866152040997894,0.001769626648062683,-0.1374054832061011,0.03900272522682526,False,False,False
S3_no_missing_R3_records,RNF168,False,-0.5394736842105263,0.4144736842105263,0.9697368421052631,0.9539473684210527,0.1118421052631579,-0.5552631578947368,-0.5394736842105263,0.3026315789473684,0.0,-0.03904539077672794,-0.8783410180574943,-0.7286230050441176,0.1733328437557997,False,False,True
S3_no_missing_R3_records,RNF169,False,-0.20263157894736838,0.30657894736842106,0.08026315789473684,0.725,0.5092105263157894,0.22631578947368422,-0.4184210526315789,-0.20263157894736838,-0.075356292,0.04028605812084167,0.1915823955890805,-0.1727249483456306,-0.0601941668739685,True,False,False
S3_no_missing_R3_records,RNF8,True,-0.14473684210526316,0.8276315789473684,0.9986842105263158,0.9723684210526315,0.9302631578947368,-0.17105263157894746,-0.14473684210526316,-0.10263157894736841,-1.00248375,-0.414602888592106,-2.755723271270231,-0.9276603040430118,-0.5460889057116148,False,False,False
S3_no_missing_R3_records,RPA4,False,0.19473684210526315,0.48026315789473684,0.14605263157894738,0.2855263157894737,0.4881578947368421,0.33421052631578946,0.19473684210526315,-0.007894736842105288,-0.133044892,-0.07037319062586325,0.1240076040001976,0.05161186712232817,-0.05009095635703426,True,True,False
S3_no_missing_R3_records,RRM2B,False,0.27631578947368424,0.6013157894736842,0.325,0.4776315789473684,0.3013157894736842,0.27631578947368424,0.12368421052631584,0.30000000000000004,0.0,-0.1672964639092958,0.00711053761132726,-0.03875798996051394,0.04459694921638935,True,True,True
S3_no_missing_R3_records,RTEL1,False,0.0,0.9013157894736842,0.6618421052631579,0.9013157894736842,0.9776315789473684,0.23947368421052628,0.0,-0.07631578947368423,0.0,-0.637243660285995,-0.1802754587650751,-0.4331643659487803,-0.9471640184065759,True,False,False
S3_no_missing_R3_records,SAMHD1,False,-0.6236842105263157,0.025,0.05921052631578947,0.6486842105263158,0.9407894736842105,-0.03421052631578947,-0.6236842105263157,-0.9157894736842105,0.0,0.4088145516884868,0.2087786280931413,-0.1260511100346594,-0.612322913404035,False,False,False
S3_no_missing_R3_records,SETD2,False,-0.15263157894736842,0.20394736842105263,0.35657894736842105,0.18026315789473685,0.675,-0.15263157894736842,0.02368421052631578,-0.4710526315789474,-0.734118634,0.1081319582697031,-0.007019836975335222,0.1091872509364628,-0.1479001693929973,False,True,False
S3_no_missing_R3_records,SETMAR,False,0.15526315789473683,0.4276315789473684,0.14342105263157895,0.2723684210526316,0.6802631578947368,0.28421052631578947,0.15526315789473683,-0.2526315789473684,0.0,-0.04412076804086788,0.1288866379788249,0.05396800926564094,-0.1575824378029276,True,True,False
S3_no_missing_R3_records,SETX,False,0.3342105263157895,0.7065789473684211,0.3881578947368421,0.2776315789473684,0.37236842105263157,0.318421052631579,0.4289473684210527,0.3342105263157895,0.0,-0.2518738335828911,-0.02223060513807902,0.05337082649490407,0.01031465302167747,True,True,True
S3_no_missing_R3_records,SFR1,False,0.25526315789473686,0.7828947368421053,0.5276315789473685,0.756578947368421,0.1618421052631579,0.25526315789473686,0.026315789473684292,0.6210526315789474,-0.325114387,-0.3188997111125185,-0.09634192705767605,-0.1954810382907978,0.1270044549090514,True,True,True
S3_no_missing_R3_records,SHPRH,False,0.23947368421052634,0.6276315789473684,0.5013157894736842,0.3881578947368421,0.04342105263157895,0.12631578947368427,0.23947368421052634,0.5842105263157895,-0.372350213,-0.180551434991715,-0.08671055751184209,-0.004724801172496591,0.2647848143718329,True,True,True
S3_no_missing_R3_records,SIRT1,False,0.4000000000000001,0.8197368421052632,0.5171052631578947,0.04868421052631579,0.41973684210526313,0.3026315789473685,0.7710526315789474,0.4000000000000001,0.0,-0.3696910309713533,-0.09213674430127217,0.2346256857451801,-0.01586115352078554,True,True,True
S3_no_missing_R3_records,SIRT6,False,-0.30000000000000004,0.2644736842105263,0.5644736842105263,0.5118421052631579,0.8828947368421053,-0.30000000000000004,-0.24736842105263157,-0.618421052631579,-0.398202391,0.06839993532716404,-0.1225603968076152,-0.05369820839040577,-0.363215178570778,False,False,False
S3_no_missing_R3_records,SLC30A9,False,0.4184210526315789,0.5381578947368421,0.8381578947368421,0.11973684210526316,0.003947368421052632,-0.30000000000000004,0.4184210526315789,0.5342105263157895,-0.183532377,-0.1099131984700918,-0.412392458302078,0.1648339180389963,0.5089229663536128,False,True,True
S3_no_missing_R3_records,SLX1A,False,-0.04736842105263156,0.2723684210526316,0.38026315789473686,0.31973684210526315,0.11973684210526316,-0.10789473684210527,-0.04736842105263156,0.15263157894736845,-0.542115743,0.06532235711039722,-0.02094310368726878,0.0370828923605333,0.1627762657111728,False,False,True
S3_no_missing_R3_records,SLX4,False,-0.04210526315789473,0.1723684210526316,0.21447368421052632,0.04078947368421053,0.4513157894736842,-0.04210526315789473,0.13157894736842107,-0.2789473684210526,-0.295062931,0.1393044333899575,0.08650102516773472,0.2525387980902459,-0.02529359133399733,False,True,False
S3_no_missing_R3_records,SMARCAD1,False,-0.1763157894736842,0.175,0.15394736842105264,0.3513157894736842,0.38552631578947366,0.02105263157894735,-0.1763157894736842,-0.21052631578947367,-0.201842862,0.1385554559073333,0.1185556745183479,0.02010997255213098,0.003661973130306251,True,False,False
S3_no_missing_R3_records,SMARCAL1,False,-0.2657894736842106,0.5723684210526315,0.20657894736842106,0.8381578947368421,0.9907894736842106,0.36578947368421044,-0.2657894736842106,-0.418421052631579,-0.153691274,-0.1411653762328511,0.08876172836598592,-0.2873728284759345,-1.353205955218391,True,False,False
S3_no_missing_R3_records,SMC5,False,0.3894736842105263,0.8776315789473684,0.7881578947368421,0.4881578947368421,0.08289473684210526,0.08947368421052637,0.3894736842105263,0.7947368421052632,0.0,-0.5333549600924211,-0.3260348651317909,-0.04002096433302486,0.2042440155679978,True,True,True
S3_no_missing_R3_records,SMCHD1,False,-0.14473684210526316,0.5118421052631579,0.1355263157894737,0.7039473684210527,0.656578947368421,0.37631578947368416,-0.19210526315789478,-0.14473684210526316,0.0,-0.09178780203017345,0.1380045790681494,-0.1516955830918669,-0.1307534771879816,True,False,False
S3_no_missing_R3_records,SMEK2,False,-0.24473684210526317,0.09868421052631579,0.030263157894736843,0.3592105263157895,0.34342105263157896,0.06842105263157895,-0.2605263157894737,-0.24473684210526317,0.0,0.2371118842703145,0.2676334358449582,0.01261842878643711,0.02970404827967747,True,False,False
S3_no_missing_R3_records,SMG1,False,0.20526315789473684,0.3355263157894737,0.13026315789473683,0.14342105263157895,0.075,0.20526315789473684,0.19210526315789472,0.26052631578947366,-0.413889398,0.02204217430098761,0.1456008289890066,0.1430828958812406,0.2096383702592028,True,True,True
S3_no_missing_R3_records,SMUG1,False,-0.16842105263157897,0.11973684210526316,0.29605263157894735,0.2881578947368421,0.275,-0.1763157894736842,-0.16842105263157897,-0.15526315789473688,-0.485150795,0.2158645110190244,0.0294342175703924,0.04891509817965615,0.05222061891686102,False,False,False
S3_no_missing_R3_records,SPATA22,False,0.057894736842105256,0.06973684210526315,0.011842105263157895,0.07236842105263158,0.011842105263157895,0.057894736842105256,-0.0026315789473684292,0.057894736842105256,-0.336007479,0.3096967293077146,0.4589765427137117,0.1987632781779562,0.3566553789345784,True,False,True
S3_no_missing_R3_records,SPIDR,False,-0.10263157894736841,0.7407894736842106,0.5565789473684211,0.9302631578947368,0.843421052631579,0.1842105263157895,-0.18947368421052624,-0.10263157894736841,-0.149913636,-0.2799047494551754,-0.1062044641767506,-0.5300875991939332,-0.32561889528125,True,False,False
S3_no_missing_R3_records,SPIRE1,False,0.35789473684210527,0.48289473684210527,0.3118421052631579,0.10657894736842105,0.125,0.17105263157894735,0.3763157894736842,0.35789473684210527,-0.038917366,-0.07070114984576792,0.0204928742596621,0.1760053603760875,0.1591377935905975,True,True,True
S3_no_missing_R3_records,SPIRE2,False,0.2421052631578947,0.45657894736842103,0.12236842105263158,0.40131578947368424,0.21447368421052632,0.33421052631578946,0.05526315789473679,0.2421052631578947,0.0,-0.05673095800409866,0.1504643886488237,-0.01302437394873627,0.08596870327737884,True,True,True
S3_no_missing_R3_records,SPO11,False,0.3026315789473684,0.6881578947368421,0.38552631578947366,0.3144736842105263,0.3907894736842105,0.3026315789473684,0.3736842105263158,0.29736842105263156,0.0,-0.2337493851786327,-0.02191921593085559,0.03979009930716307,0.003374571206883264,True,True,True
S3_no_missing_R3_records,SPRTN,False,-0.01842105263157895,0.34078947368421053,0.5697368421052632,0.2355263157894737,0.3592105263157895,-0.22894736842105268,0.10526315789473684,-0.01842105263157895,0.0,0.01775748217060628,-0.123379695858523,0.07788281811256859,0.01885284935029663,False,True,False
S3_no_missing_R3_records,STRA13,False,-0.2710526315789474,0.425,0.7671052631578947,0.4986842105263158,0.6960526315789474,-0.34210526315789475,-0.0736842105263158,-0.2710526315789474,-0.346041014,-0.04204339826316725,-0.3064790880893569,-0.04906165641392517,-0.1680656867506984,False,False,False
S3_no_missing_R3_records,STUB1,False,-0.01842105263157895,0.038157894736842106,0.03289473684210526,0.15921052631578947,0.056578947368421055,0.005263157894736845,-0.12105263157894736,-0.01842105263157895,-0.291607234,0.3513806795779025,0.2485406563727819,0.1299654014952719,0.2390220175312425,True,False,False
S3_no_missing_R3_records,SUMO1,False,0.06842105263157894,0.6539473684210526,0.5855263157894737,0.7381578947368421,0.24078947368421053,0.06842105263157894,-0.08421052631578951,0.41315789473684206,-0.532046528,-0.1972327276432842,-0.1296902132211719,-0.177869906835677,0.06858895959126136,True,False,True
S3_no_missing_R3_records,SUV420H1,False,-0.7236842105263158,0.05131578947368421,0.5381578947368421,0.775,0.7986842105263158,-0.48684210526315785,-0.7236842105263158,-0.7473684210526316,0.0,0.3344882649878381,-0.09951877578584838,-0.2114004514135628,-0.2539420748893916,False,False,False
S3_no_missing_R3_records,SUV420H2,False,-0.01842105263157895,0.34868421052631576,0.2802631578947368,0.5276315789473685,0.3671052631578947,0.06842105263157894,-0.1789473684210527,-0.01842105263157895,0.0,0.009874334018660523,0.04105783939905076,-0.06070110850797465,0.01380768563754842,True,False,False
S3_no_missing_R3_records,SWI5,False,0.010526315789473717,0.9881578947368421,0.9960526315789474,0.9776315789473684,0.8855263157894737,-0.007894736842105288,0.010526315789473717,0.10263157894736841,0.0,-1.26121794223377,-1.519976563803023,-1.068748504878352,-0.3848788415190763,False,True,True
S3_no_missing_R3_records,SWSAP1,False,0.21578947368421053,0.756578947368421,0.4486842105263158,0.8907894736842106,0.5407894736842105,0.3078947368421052,-0.13421052631578956,0.21578947368421053,0.0,-0.2960821170618,-0.06099686552544625,-0.3922833652298984,-0.08229573333181683,True,False,True
S3_no_missing_R3_records,SYCP1,False,0.060526315789473706,0.4855263157894737,0.6986842105263158,0.34078947368421053,0.425,-0.2131578947368421,0.14473684210526316,0.060526315789473706,0.0,-0.07782871385364028,-0.2122329292764564,0.0278620815443967,-0.0181222621344029,False,True,True
S3_no_missing_R3_records,TAOK1,False,-0.2,0.08289473684210526,0.28289473684210525,0.7618421052631579,0.11447368421052631,-0.2,-0.6789473684210526,-0.031578947368421054,0.0,0.2528900117893464,0.03917142201350732,-0.1973457946723009,0.1696568910307503,False,False,False
S3_no_missing_R3_records,TCEA1,False,-0.23157894736842105,0.10657894736842105,0.3381578947368421,0.3460526315789474,0.18289473684210528,-0.23157894736842105,-0.23947368421052634,-0.07631578947368423,-0.037678923,0.2320817493732797,0.002598800595524274,0.02302786098691516,0.1039205287233879,False,False,False
S3_no_missing_R3_records,TDG,False,0.021052631578947323,0.625,0.6039473684210527,0.5486842105263158,0.7644736842105263,0.021052631578947323,0.07631578947368423,-0.1394736842105263,0.0,-0.1803952857571306,-0.1323110946930376,-0.0752029257738996,-0.2227229600181794,True,True,False
S3_no_missing_R3_records,TDP1,False,-0.08947368421052626,0.5960526315789474,0.6855263157894737,0.7013157894736842,0.6092105263157894,-0.08947368421052626,-0.10526315789473684,-0.013157894736842035,-0.238560948,-0.1642989430972534,-0.2038151214618299,-0.1508047539117759,-0.1119659780006644,False,False,False
S3_no_missing_R3_records,TDP2,False,0.039473684210526314,0.1618421052631579,0.2644736842105263,0.12236842105263158,0.07763157894736843,-0.10263157894736841,0.039473684210526314,0.08421052631578947,-0.481434871,0.1469582652715077,0.04996902023647716,0.1648115462895197,0.2087060395271467,False,True,True
S3_no_missing_R3_records,TERF2IP,False,-0.10263157894736841,0.3118421052631579,0.4144736842105263,0.19078947368421054,0.43026315789473685,-0.10263157894736841,0.12105263157894738,-0.11842105263157893,-0.489517278,0.03679447556696417,-0.03427105782530226,0.1027367559542839,-0.01983125252613416,False,True,False
S3_no_missing_R3_records,TEX12,False,-0.22894736842105262,0.05394736842105263,0.2565789473684211,0.7197368421052631,0.28289473684210525,-0.20263157894736844,-0.6657894736842105,-0.22894736842105262,0.0,0.3309413973520613,0.05547884983383729,-0.1694582118992519,0.04995545018330801,False,False,False
S3_no_missing_R3_records,TEX15,False,0.3,0.6986842105263158,0.3986842105263158,0.33026315789473687,0.49605263157894736,0.3,0.3684210526315789,0.20263157894736844,0.0,-0.248212171419985,-0.02831673493153246,0.0344358518147588,-0.05505738313978773,True,True,True
S3_no_missing_R3_records,TFPT,False,0.12631578947368416,0.9355263157894737,0.8092105263157895,0.5723684210526315,0.9986842105263158,0.12631578947368416,0.3631578947368421,-0.06315789473684219,-0.935628435,-0.7438610272225876,-0.3784696269221501,-0.08859524230017835,-1.900094278694839,True,True,False
S3_no_missing_R3_records,TMEM161A,False,0.0,0.6723684210526316,0.6723684210526316,0.6776315789473685,0.4355263157894737,0.0,-0.0052631578947368585,0.2368421052631579,0.0,-0.2168302107229058,-0.1949550966393142,-0.1357211912269299,-0.0219788700057979,False,False,True
S3_no_missing_R3_records,TNP1,False,0.17105263157894735,0.44342105263157894,0.22236842105263158,0.4486842105263158,0.2723684210526316,0.22105263157894736,-0.0052631578947368585,0.17105263157894735,0.0,-0.04955587691984216,0.08139056838512844,-0.02903630358136944,0.05233062315152785,True,False,True
S3_no_missing_R3_records,TOP3A,False,-0.2789473684210526,0.23289473684210527,0.8776315789473684,0.4697368421052632,0.5118421052631579,-0.6447368421052632,-0.2368421052631579,-0.2789473684210526,-0.513001478,0.08799401461432352,-0.4683085516302686,-0.03723512983470659,-0.06073947346021802,False,False,False
S3_no_missing_R3_records,TP53,False,-0.060526315789473685,0.0013157894736842105,0.6776315789473685,0.003947368421052632,0.06184210526315789,-0.6763157894736843,-0.0026315789473684214,-0.060526315789473685,0.0,1.127095673534286,-0.1977682599709532,0.5733939461526075,0.2228283557299902,False,False,False
S3_no_missing_R3_records,TP73,False,0.1236842105263158,0.20657894736842106,0.08289473684210526,0.275,0.046052631578947366,0.1236842105263158,-0.06842105263157897,0.16052631578947368,0.0,0.1069431680204066,0.1899666697958864,0.05341194033731966,0.259088150354327,True,False,True
S3_no_missing_R3_records,TREX1,False,-0.1394736842105263,0.14342105263157895,0.5539473684210526,0.28289473684210525,0.15921052631578947,-0.4105263157894737,-0.1394736842105263,-0.01578947368421052,0.0,0.1760098914847884,-0.1061880138006931,0.05215875835043245,0.1292031829339629,False,False,False
S3_no_missing_R3_records,TRIM25,False,-0.039473684210526314,0.075,0.11447368421052631,0.06973684210526315,0.35657894736842105,-0.039473684210526314,0.005263157894736845,-0.28157894736842104,0.0,0.2887142380120837,0.1599197899583403,0.2038700216629425,0.01910852802157607,False,True,False
S3_no_missing_R3_records,TRIM28,False,0.14210526315789473,0.2881578947368421,0.04078947368421053,0.3986842105263158,0.14605263157894738,0.24736842105263157,-0.1105263157894737,0.14210526315789473,0.0,0.05223910568401029,0.237392785680594,-0.01115915040656897,0.1479276852323015,True,False,True
S3_no_missing_R3_records,TRIP12,False,-0.6052631578947368,0.014473684210526316,0.6197368421052631,0.1618421052631579,0.8513157894736842,-0.6052631578947368,-0.1473684210526316,-0.8368421052631579,-0.639971716,0.4739883343202131,-0.1443583867421099,0.1272899401176738,-0.3300173430460716,False,False,False
S3_no_missing_R3_records,TRIP13,True,0.04999999999999993,0.9407894736842105,0.8907894736842106,0.37763157894736843,0.9197368421052632,0.04999999999999993,0.5631578947368421,0.021052631578947323,-1.118745998,-0.7481058076764637,-0.4824301557863397,0.001457149888148074,-0.4803778050511203,True,True,True
S3_no_missing_R3_records,TRRAP,False,-0.11578947368421055,0.8065789473684211,0.9592105263157895,0.014473684210526316,0.9223684210526316,-0.15263157894736845,0.7921052631578948,-0.11578947368421055,-0.256137258,-0.3484583411286613,-0.786672840760886,0.3052126850968715,-0.519705907959998,False,True,False
S3_no_missing_R3_records,TTC5,False,-0.2684210526315789,0.08026315789473684,0.22763157894736843,0.34868421052631576,0.7960526315789473,-0.1473684210526316,-0.2684210526315789,-0.7157894736842105,0.0,0.2787030648649997,0.07975721820825354,0.02230351522875725,-0.2511411076613036,False,False,False
S3_no_missing_R3_records,TWIST1,False,0.07631578947368423,0.6381578947368421,0.4039473684210526,0.5697368421052632,0.5618421052631579,0.23421052631578954,0.06842105263157894,0.07631578947368423,0.0,-0.1858469822200811,-0.02977891401708868,-0.08803648147763045,-0.08969874767274413,True,True,True
S3_no_missing_R3_records,UBC,False,0.318421052631579,0.36447368421052634,0.025,0.046052631578947366,0.1013157894736842,0.3394736842105263,0.318421052631579,0.26315789473684215,0.0,0.002766631850698104,0.3518702761865828,0.236226451272044,0.1814824220012287,True,True,True
S3_no_missing_R3_records,UBE2A,False,0.42105263157894735,0.7197368421052631,0.525,0.2986842105263158,0.13026315789473683,0.1947368421052631,0.42105263157894735,0.5894736842105263,-0.16327237,-0.2696568113599068,-0.09412838540634075,0.04551340687887784,0.1571813715038945,True,True,True
S3_no_missing_R3_records,UBE2B,False,-0.02894736842105261,0.875,0.9223684210526316,0.8697368421052631,0.9039473684210526,-0.047368421052631615,0.0052631578947368585,-0.02894736842105261,-0.701380644,-0.5231344288375239,-0.5531522022982311,-0.3492573188217797,-0.4456441350558924,False,True,False
S3_no_missing_R3_records,UBE2D3,False,0.1657894736842106,0.9276315789473685,0.8802631578947369,0.3092105263157895,0.7618421052631579,0.047368421052631615,0.618421052631579,0.1657894736842106,-0.899603533,-0.7348018838366804,-0.4731848661512008,0.04126797572811616,-0.221283019586371,True,True,True
S3_no_missing_R3_records,UBE2L6,False,-0.10526315789473684,0.5907894736842105,0.5960526315789474,0.6960526315789474,0.7513157894736842,-0.0052631578947368585,-0.10526315789473684,-0.16052631578947363,0.0,-0.1493033060793823,-0.1305852914296519,-0.1478922982084671,-0.2039382953604652,False,False,False
S3_no_missing_R3_records,UBE2N,True,-0.4,0.506578947368421,0.9671052631578947,0.906578947368421,0.4618421052631579,-0.4605263157894737,-0.4,0.04473684210526313,-1.012790086,-0.09035985139326344,-0.8594565307012154,-0.4486186852598265,-0.0294163980912566,False,False,True
S3_no_missing_R3_records,UBE2T,False,-0.07894736842105265,0.7171052631578947,0.7960526315789473,0.9592105263157895,0.6539473684210526,-0.07894736842105265,-0.24210526315789482,0.06315789473684208,0.0,-0.2625467684821658,-0.334594514392989,-0.7479291155428175,-0.129384431298979,False,False,True
S3_no_missing_R3_records,UBE2U,False,0.23157894736842105,0.5171052631578947,0.36447368421052634,0.14078947368421052,0.2855263157894737,0.1526315789473684,0.3763157894736842,0.23157894736842105,0.0,-0.09370041432128348,-0.01555913667334563,0.1436430807208174,0.0494845335426241,True,True,True
S3_no_missing_R3_records,UBE2V1,False,0.25789473684210523,0.6592105263157895,0.7802631578947369,0.2618421052631579,0.40131578947368424,-0.12105263157894741,0.3973684210526316,0.25789473684210523,-0.259974802,-0.2033190151349801,-0.320168439135748,0.06638431430943367,-0.005290417698026406,False,True,True
S3_no_missing_R3_records,UBE2V2,True,0.010526315789473717,0.34342105263157896,0.6381578947368421,0.2118421052631579,0.33289473684210524,-0.2947368421052632,0.13157894736842107,0.010526315789473717,-1.026479898,0.01380366377577369,-0.1597331867610833,0.09657282362022057,0.032481693706226,False,True,True
S3_no_missing_R3_records,UBE2W,False,0.15000000000000002,0.7960526315789473,0.6460526315789473,0.3618421052631579,0.825,0.15000000000000002,0.43421052631578944,-0.02894736842105261,0.0,-0.3306440063275115,-0.1677736451452826,0.008742996703518337,-0.2972291534639848,True,True,False
S3_no_missing_R3_records,UBR5,True,0.1394736842105263,0.9723684210526315,0.10921052631578948,0.8328947368421052,0.8802631578947369,0.8631578947368421,0.1394736842105263,0.09210526315789469,-1.137669476,-1.136531135097681,0.1641195378546207,-0.2777633899100859,-0.3552568708714848,True,True,True
S3_no_missing_R3_records,UCHL5,False,0.03421052631578947,0.7644736842105263,0.7302631578947368,0.06184210526315789,0.9644736842105263,0.03421052631578947,0.7026315789473684,-0.19999999999999996,-0.463426103,-0.3032429919854502,-0.244000385714731,0.2188889853719151,-0.7836797595749441,True,True,False
S3_no_missing_R3_records,UHRF1,True,0.23684210526315785,0.9039473684210526,0.7644736842105263,0.6671052631578948,0.42236842105263156,0.1394736842105263,0.23684210526315785,0.48157894736842105,-1.076685134,-0.6450530004274274,-0.2826645703033058,-0.1325014204349415,-0.01642710706521719,True,True,True
S3_no_missing_R3_records,UIMC1,False,0.5342105263157895,0.6671052631578948,0.13289473684210526,0.41973684210526313,0.06447368421052632,0.5342105263157895,0.24736842105263163,0.6026315789473684,0.0,-0.2122515453446847,0.1382948936425168,-0.02178554874098874,0.2191547383874647,True,True,True
S3_no_missing_R3_records,UNG,False,0.02368421052631578,0.24605263157894736,0.4328947368421053,0.22236842105263158,0.14342105263157895,-0.18684210526315792,0.02368421052631578,0.10263157894736841,-0.517226991,0.08229703881120778,-0.04612076460257282,0.09241267265458515,0.1486299369177927,False,True,True
S3_no_missing_R3_records,USP1,False,-0.3657894736842105,0.46710526315789475,0.8328947368421052,0.8723684210526316,0.6934210526315789,-0.3657894736842105,-0.4052631578947368,-0.2263157894736842,0.0,-0.05933469865142953,-0.4027543284378008,-0.3664119660808773,-0.1665133530470705,False,False,False
S3_no_missing_R3_records,USP10,False,-0.15789473684210525,0.4986842105263158,0.6960526315789474,0.656578947368421,0.20921052631578949,-0.19736842105263158,-0.15789473684210525,0.2894736842105263,-0.236487994,-0.08390383061619938,-0.2107719130982682,-0.1281150330446944,0.08936119743609097,False,False,True
S3_no_missing_R3_records,USP28,False,-0.07894736842105263,0.006578947368421052,0.08552631578947369,0.18552631578947368,0.05131578947368421,-0.07894736842105263,-0.17894736842105263,-0.04473684210526316,-0.071454259,0.6085832303054756,0.1880141001312552,0.1062930002410214,0.2469091515831732,False,False,False
S3_no_missing_R3_records,USP3,False,-0.1763157894736842,0.019736842105263157,0.05394736842105263,0.6144736842105263,0.19605263157894737,-0.034210526315789476,-0.5947368421052631,-0.1763157894736842,0.0,0.4377666696599314,0.215018699269591,-0.10548498360619,0.1009068506089011,False,False,False
S3_no_missing_R3_records,USP43,False,-0.1842105263157895,0.2986842105263158,0.14078947368421052,0.48289473684210527,0.5828947368421052,0.15789473684210525,-0.1842105263157895,-0.28421052631578947,-0.464020336,0.04171548147876436,0.1361281959096091,-0.03893645795640799,-0.09695211754727748,True,False,False
S3_no_missing_R3_records,USP45,False,0.03157894736842115,0.5328947368421053,0.6223684210526316,0.5013157894736842,0.16710526315789473,-0.08947368421052626,0.03157894736842115,0.36578947368421055,-0.011244001,-0.1066204684675844,-0.1482872545607081,-0.04947048131468949,0.1194497558957179,False,True,True
S3_no_missing_R3_records,USP47,False,0.33421052631578946,0.5802631578947368,0.225,0.24605263157894736,0.7776315789473685,0.35526315789473684,0.33421052631578946,-0.19736842105263164,0.0,-0.1467933318982809,0.08028340002882602,0.07302231360457097,-0.2344034596356446,True,True,False
S3_no_missing_R3_records,USP51,False,-0.0342105263157895,0.21973684210526315,0.4513157894736842,0.22763157894736843,0.25394736842105264,-0.23157894736842108,-0.007894736842105288,-0.0342105263157895,-0.201564363,0.09689532108612757,-0.06224350464473834,0.08463879889535786,0.06291868455918159,False,False,False
S3_no_missing_R3_records,USP7,False,-0.2578947368421053,0.5986842105263158,0.8565789473684211,0.7407894736842106,0.906578947368421,-0.2578947368421053,-0.14210526315789473,-0.3078947368421052,-0.201008299,-0.1650094085081699,-0.4360807484356881,-0.1780099936365797,-0.4507555717322863,False,False,False
S3_no_missing_R3_records,UVRAG,False,0.11578947368421055,0.9618421052631579,0.8460526315789474,0.3960526315789474,0.9855263157894737,0.11578947368421055,0.5657894736842106,-0.023684210526315752,-0.264635037,-0.9001218925222121,-0.4277471221293317,-0.00823293371964872,-1.004329336582972,True,True,False
S3_no_missing_R3_records,WAS,False,0.06052631578947365,0.7223684210526315,0.7197368421052631,0.5460526315789473,0.6618421052631579,0.0026315789473684292,0.1763157894736842,0.06052631578947365,0.0,-0.2717037576451119,-0.2274548812679573,-0.07507866784879107,-0.1332684460406495,True,True,True
S3_no_missing_R3_records,WDR48,False,-0.10526315789473684,0.7697368421052632,0.9434210526315789,0.875,0.38026315789473686,-0.17368421052631577,-0.10526315789473684,0.3894736842105263,0.0,-0.3037155893849991,-0.6751813079583364,-0.3677974423130085,0.005387696936182351,False,False,True
S3_no_missing_R3_records,WHSC1,False,0.044736842105263075,0.6486842105263158,0.7460526315789474,0.4618421052631579,0.6039473684210527,-0.09736842105263166,0.18684210526315786,0.044736842105263075,-0.272981998,-0.1956080815990469,-0.2674660601206109,-0.03288853313956963,-0.1059768495325357,False,True,True
S3_no_missing_R3_records,WRAP53,False,-0.3973684210526316,0.009210526315789473,0.04868421052631579,0.6539473684210526,0.40657894736842104,-0.039473684210526314,-0.6447368421052632,-0.3973684210526316,0.0,0.5713133826780159,0.228941597250295,-0.127865053942231,-0.00993553878031772,False,False,False
S3_no_missing_R3_records,WRN,False,0.43947368421052624,0.5776315789473684,0.11710526315789474,0.23289473684210527,0.13815789473684212,0.4605263157894737,0.3447368421052631,0.43947368421052624,-0.446796298,-0.1460247985263708,0.1558769182319386,0.08065192993015172,0.1507144596041249,True,True,True
S3_no_missing_R3_records,WRNIP1,False,0.0736842105263158,0.23026315789473684,0.15657894736842104,0.175,0.06710526315789474,0.0736842105263158,0.05526315789473685,0.1631578947368421,0.0,0.09115124861067572,0.1172178986323645,0.1110026930282193,0.2151201584180888,True,True,True
S3_no_missing_R3_records,XPA,False,0.11315789473684201,0.7144736842105263,0.6013157894736842,0.2644736842105263,0.7907894736842105,0.11315789473684201,0.44999999999999996,-0.07631578947368423,0.0,-0.2563226457224133,-0.1315751033706594,0.06201173011044341,-0.2431948358455784,True,True,False
S3_no_missing_R3_records,XRCC1,False,-0.28421052631578947,0.5828947368421052,0.8671052631578947,0.8881578947368421,0.5223684210526316,-0.28421052631578947,-0.3052631578947369,0.06052631578947365,-0.130528234,-0.1474486117613963,-0.4597641527516771,-0.3915226771910595,-0.06853033697423605,False,False,True
S3_no_missing_R3_records,XRCC2,False,0.0026315789473684292,0.993421052631579,0.9907894736842106,0.9907894736842106,0.8960526315789473,0.0026315789473684292,0.0026315789473684292,0.09736842105263166,-0.3517076,-1.568167718489008,-1.021907126842753,-1.154090632239006,-0.435994751305431,True,True,True
S3_no_missing_R3_records,XRCC3,False,-0.007894736842105288,0.9539473684210527,0.9802631578947368,0.9144736842105263,0.9618421052631579,-0.02631578947368418,0.03947368421052633,-0.007894736842105288,0.0,-0.8052259331902537,-0.9186118149487211,-0.4812421389008271,-0.7796662305204255,False,True,False
S3_no_missing_R3_records,XRCC4,False,0.015789473684210575,0.525,0.5092105263157894,0.5881578947368421,0.3513157894736842,0.015789473684210575,-0.06315789473684208,0.17368421052631583,0.0,-0.1004804358562511,-0.08886643533052412,-0.09427720077294133,0.02032202768808133,True,False,True
S3_no_missing_R3_records,XRCC6BP1,False,-0.30263157894736836,0.3828947368421053,0.18552631578947368,0.8776315789473684,0.6855263157894737,0.1973684210526316,-0.49473684210526314,-0.30263157894736836,-0.592003903,-0.01028200226777114,0.09949449288712295,-0.378968562817414,-0.158468687278307,True,False,False
S3_no_missing_R3_records,YEATS4,False,0.05789473684210522,0.8302631578947368,0.7723684210526316,0.7302631578947368,0.9434210526315789,0.05789473684210522,0.09999999999999998,-0.11315789473684212,0.0,-0.4177986333989125,-0.3125036905547535,-0.1750599451558196,-0.6319647341394671,True,True,False
S3_no_missing_R3_records,YY1,False,0.0368421052631579,0.8881578947368421,0.8513157894736842,0.038157894736842106,0.9592105263157895,0.0368421052631579,0.8500000000000001,-0.07105263157894737,0.0,-0.549418730142611,-0.4342704493977899,0.2578423704811469,-0.7519476124195632,True,True,False
S3_no_missing_R3_records,ZBTB1,False,-0.3710526315789474,0.26710526315789473,0.4618421052631579,0.6381578947368421,0.8565789473684211,-0.19473684210526315,-0.3710526315789474,-0.5894736842105264,0.0,0.06835899182195129,-0.06276748381983428,-0.1176266445752262,-0.3325464122198311,False,False,False
S3_no_missing_R3_records,ZFYVE26,False,-0.16842105263157894,0.2381578947368421,0.4776315789473684,0.40657894736842104,0.2118421052631579,-0.2394736842105263,-0.16842105263157894,0.02631578947368421,0.0,0.08538548713954579,-0.06828901617963443,-0.01460769078823028,0.0872635356363299,False,False,True
S3_no_missing_R3_records,ZMPSTE24,False,0.04999999999999999,0.18552631578947368,0.3013157894736842,0.019736842105263157,0.1355263157894737,-0.11578947368421053,0.16578947368421051,0.04999999999999999,-0.144339462,0.1290296427953165,0.02339951792316001,0.2851538934641749,0.153044837366592,False,True,True
S3_no_missing_R3_records,ZNF365,False,0.07105263157894737,0.8328947368421052,0.7618421052631579,0.4934210526315789,0.8539473684210527,0.07105263157894737,0.3394736842105263,-0.021052631578947434,-0.69046466,-0.4184947217981291,-0.281220678197849,-0.04236594821838876,-0.3305888834624597,True,True,False
S3_no_missing_R3_records,ZRANB3,False,-0.11842105263157894,0.08552631578947369,0.20394736842105263,0.14605263157894738,0.4407894736842105,-0.11842105263157894,-0.06052631578947369,-0.35526315789473684,0.0,0.2483888818736397,0.09080914569643891,0.1417443939893584,-0.02381968070526271,False,False,False
S3_no_missing_R3_records,ZSWIM7,False,0.13684210526315788,0.5092105263157894,0.37236842105263157,0.7802631578947369,0.09868421052631579,0.13684210526315788,-0.27105263157894743,0.41052631578947363,-0.002992615,-0.09070490620701252,-0.01815887084476517,-0.2162785717574874,0.1840157873145092,True,False,True
