gene,source_row_id,gene_combination,gemini_sensitive,source_called,source_generic_fragility,in_exact419,in_support400,in_primary380,exclusion_reason,r2_transcripts,r3_n_records,r3_n_complete,r3_record_ids,attribution_caveat,in_R2_exact,in_R3_exact,specific_structural_reason,absence_interpretation
ABL1,R1:30583,ABL1;PRKDC,-0.356940028,False,0.009157509157509158,True,True,True,included_primary,"{""gamma_R2"": ""ENST00000372348.2"", ""rho_ATMi_R2"": ""ENST00000372348.2"", ""rho_ATRi_R2"": ""ENST00000372348.2"", ""rho_R2"": ""ENST00000372348.2"", ""rho_WEE1i_R2"": ""ENST00000372348.2""}",1,1,R3:103,,True,True,included_primary,
ACTB,R1:71765,ACTB;PRKDC,-0.026338066,False,0.005494505494505495,True,True,True,included_primary,"{""gamma_R2"": ""P1P2"", ""rho_ATMi_R2"": ""P1P2"", ""rho_ATRi_R2"": ""P1P2"", ""rho_R2"": ""P1P2"", ""rho_WEE1i_R2"": ""P1P2""}",1,1,R3:216,,True,True,included_primary,
ACTL6A_mis,R1:25929,ACTL6A_mis;PRKDC,-0.417110018,False,0.05263157894736842,False,False,False,not_in_exact_three_way_symbol_support,{},0,0,,,False,False,no_exact_R2_symbol;no_exact_R3_WT_symbol,unmeasured_or_unmatched_not_zero_not_nonhit
ACTR2_mis,R1:33219,ACTR2_mis;PRKDC,-0.325972399,False,0.045787545787545784,False,False,False,not_in_exact_three_way_symbol_support,{},0,0,,,False,False,no_exact_R2_symbol;no_exact_R3_WT_symbol,unmeasured_or_unmatched_not_zero_not_nonhit
ACTR5,R1:1512,ACTR5;PRKDC,-1.416371875,True,0.13186813186813187,False,False,False,not_in_exact_three_way_symbol_support,"{""gamma_R2"": ""P1P2"", ""rho_ATMi_R2"": ""P1P2"", ""rho_ATRi_R2"": ""P1P2"", ""rho_R2"": ""P1P2"", ""rho_WEE1i_R2"": ""P1P2""}",0,0,,,True,False,no_exact_R3_WT_symbol,unmeasured_or_unmatched_not_zero_not_nonhit
ACTR8_mis,R1:17051,ACTR8_mis;PRKDC,-0.568434957,False,0.09706959706959707,False,False,False,not_in_exact_three_way_symbol_support,{},0,0,,,False,False,no_exact_R2_symbol;no_exact_R3_WT_symbol,unmeasured_or_unmatched_not_zero_not_nonhit
ADPRHL2,R1:37742,ADPRHL2;PRKDC,-0.279559022,False,0.014652014652014652,True,True,True,included_primary,"{""gamma_R2"": ""P1P2"", ""rho_ATMi_R2"": ""P1P2"", ""rho_ATRi_R2"": ""P1P2"", ""rho_R2"": ""P1P2"", ""rho_WEE1i_R2"": ""P1P2""}",1,1,R3:369,,True,True,included_primary,
ALKBH1,R1:56987,ALKBH1;PRKDC,-0.124967072,False,0.016483516483516484,True,True,True,included_primary,"{""gamma_R2"": ""P1P2"", ""rho_ATMi_R2"": ""P1P2"", ""rho_ATRi_R2"": ""P1P2"", ""rho_R2"": ""P1P2"", ""rho_WEE1i_R2"": ""P1P2""}",1,1,R3:578,,True,True,included_primary,
ALKBH2,R1:77579,ALKBH2;PRKDC,0.0,False,0.02197802197802198,True,True,True,included_primary,"{""gamma_R2"": ""P1P2"", ""rho_ATMi_R2"": ""P1P2"", ""rho_ATRi_R2"": ""P1P2"", ""rho_R2"": ""P1P2"", ""rho_WEE1i_R2"": ""P1P2""}",1,1,R3:579,,True,True,included_primary,
ALKBH3,R1:77883,ALKBH3;PRKDC,0.0,False,0.003663003663003663,True,True,True,included_primary,"{""gamma_R2"": ""P1P2"", ""rho_ATMi_R2"": ""P1P2"", ""rho_ATRi_R2"": ""P1P2"", ""rho_R2"": ""P1P2"", ""rho_WEE1i_R2"": ""P1P2""}",1,1,R3:580,,True,True,included_primary,
ALKBH5,R1:26615,ALKBH5;PRKDC,-0.407509095,False,0.005494505494505495,True,True,True,included_primary,"{""gamma_R2"": ""P1P2"", ""rho_ATMi_R2"": ""P1P2"", ""rho_ATRi_R2"": ""P1P2"", ""rho_R2"": ""P1P2"", ""rho_WEE1i_R2"": ""P1P2""}",1,1,R3:582,,True,True,included_primary,
ANKLE1,R1:78410,ANKLE1;PRKDC,0.0,False,0.003663003663003663,True,True,True,included_primary,"{""gamma_R2"": ""P1P2"", ""rho_ATMi_R2"": ""P1P2"", ""rho_ATRi_R2"": ""P1P2"", ""rho_R2"": ""P1P2"", ""rho_WEE1i_R2"": ""P1P2""}",1,1,R3:684,,True,True,included_primary,
ANKRD32,R1:15663,ANKRD32;PRKDC,-0.600609354,False,0.031135531135531136,True,True,True,included_primary,"{""gamma_R2"": ""P1P2"", ""rho_ATMi_R2"": ""P1P2"", ""rho_ATRi_R2"": ""P1P2"", ""rho_R2"": ""P1P2"", ""rho_WEE1i_R2"": ""P1P2""}",1,1,R3:712,,True,True,included_primary,
AP5S1,R1:78894,AP5S1;PRKDC,0.0,False,0.005494505494505495,True,True,True,included_primary,"{""gamma_R2"": ""P1P2"", ""rho_ATMi_R2"": ""P1P2"", ""rho_ATRi_R2"": ""P1P2"", ""rho_R2"": ""P1P2"", ""rho_WEE1i_R2"": ""P1P2""}",1,1,R3:820,,True,True,included_primary,
AP5Z1,R1:38585,AP5Z1;PRKDC,-0.271381459,False,0.005494505494505495,True,True,True,included_primary,"{""gamma_R2"": ""P1P2"", ""rho_ATMi_R2"": ""P1P2"", ""rho_ATRi_R2"": ""P1P2"", ""rho_R2"": ""P1P2"", ""rho_WEE1i_R2"": ""P1P2""}",1,1,R3:821,,True,True,included_primary,
APBB1,R1:79392,APBB1;PRKDC,0.0,False,0.0,True,True,True,included_primary,"{""gamma_R2"": ""P1P2"", ""rho_ATMi_R2"": ""P1P2"", ""rho_ATRi_R2"": ""P1P2"", ""rho_R2"": ""P1P2"", ""rho_WEE1i_R2"": ""P1P2""}",1,1,R3:826,,True,True,included_primary,
APEX1,R1:25483,APEX1;PRKDC,-0.422963524,False,0.003663003663003663,True,True,True,included_primary,"{""gamma_R2"": ""P1P2"", ""rho_ATMi_R2"": ""P1P2"", ""rho_ATRi_R2"": ""P1P2"", ""rho_R2"": ""P1P2"", ""rho_WEE1i_R2"": ""P1P2""}",1,1,R3:838,,True,True,included_primary,
APEX2,R1:33251,APEX2;PRKDC,-0.32570528,False,0.11904761904761904,True,True,True,included_primary,"{""gamma_R2"": ""P1P2"", ""rho_ATMi_R2"": ""P1P2"", ""rho_ATRi_R2"": ""P1P2"", ""rho_R2"": ""P1P2"", ""rho_WEE1i_R2"": ""P1P2""}",1,1,R3:839,,True,True,included_primary,
APITD1,R1:80016,APITD1;PRKDC,0.0,False,0.01098901098901099,True,True,True,included_primary,"{""gamma_R2"": ""P1P2"", ""rho_ATMi_R2"": ""P1P2"", ""rho_ATRi_R2"": ""P1P2"", ""rho_R2"": ""P1P2"", ""rho_WEE1i_R2"": ""P1P2""}",1,1,R3:844,,True,True,included_primary,
APLF,R1:80252,APLF;PRKDC,0.0,False,0.005494505494505495,True,True,True,included_primary,"{""gamma_R2"": ""P1P2"", ""rho_ATMi_R2"": ""P1P2"", ""rho_ATRi_R2"": ""P1P2"", ""rho_R2"": ""P1P2"", ""rho_WEE1i_R2"": ""P1P2""}",1,1,R3:845,,True,True,included_primary,
APTX,R1:80520,APTX;PRKDC,0.0,False,0.0018315018315018315,True,True,False,R2_transcript_inconsistent,"{""gamma_R2"": ""P1"", ""rho_ATMi_R2"": ""P1"", ""rho_ATRi_R2"": ""P2"", ""rho_R2"": ""P2"", ""rho_WEE1i_R2"": ""P1""}",2,2,R3:892;R3:893,,True,True,R2_five_endpoint_transcript_labels_differ,unmeasured_or_unmatched_not_zero_not_nonhit
AQR_mis,R1:9477,AQR_mis;PRKDC,-0.779101506,False,0.04036697247706422,False,False,False,not_in_exact_three_way_symbol_support,{},0,0,,,False,False,no_exact_R2_symbol;no_exact_R3_WT_symbol,unmeasured_or_unmatched_not_zero_not_nonhit
ASCC1,R1:44311,ASCC1;PRKDC,-0.220740488,False,0.01834862385321101,True,True,True,included_primary,"{""gamma_R2"": ""P1P2"", ""rho_ATMi_R2"": ""P1P2"", ""rho_ATRi_R2"": ""P1P2"", ""rho_R2"": ""P1P2"", ""rho_WEE1i_R2"": ""P1P2""}",1,1,R3:1142,,True,True,included_primary,
ASCC2,R1:15028,ASCC2;PRKDC,-0.616166978,False,0.023809523809523808,True,True,True,included_primary,"{""gamma_R2"": ""P1P2"", ""rho_ATMi_R2"": ""P1P2"", ""rho_ATRi_R2"": ""P1P2"", ""rho_R2"": ""P1P2"", ""rho_WEE1i_R2"": ""P1P2""}",1,1,R3:1143,,True,True,included_primary,
ASCC3,R1:11264,ASCC3;PRKDC,-0.720797971,False,0.10256410256410256,True,True,True,included_primary,"{""gamma_R2"": ""P1P2"", ""rho_ATMi_R2"": ""P1P2"", ""rho_ATRi_R2"": ""P1P2"", ""rho_R2"": ""P1P2"", ""rho_WEE1i_R2"": ""P1P2""}",1,1,R3:1144,,True,True,included_primary,
ASF1A,R1:23933,ASF1A;PRKDC,-0.445690758,False,0.003663003663003663,True,True,True,included_primary,"{""gamma_R2"": ""P1P2"", ""rho_ATMi_R2"": ""P1P2"", ""rho_ATRi_R2"": ""P1P2"", ""rho_R2"": ""P1P2"", ""rho_WEE1i_R2"": ""P1P2""}",1,1,R3:1150,,True,True,included_primary,
ASTE1,R1:81545,ASTE1;PRKDC,0.0,False,0.0018315018315018315,True,True,True,included_primary,"{""gamma_R2"": ""P1P2"", ""rho_ATMi_R2"": ""P1P2"", ""rho_ATRi_R2"": ""P1P2"", ""rho_R2"": ""P1P2"", ""rho_WEE1i_R2"": ""P1P2""}",1,1,R3:1181,,True,True,included_primary,
ATM,R1:8804,ATM;PRKDC,-0.805176576,False,0.01282051282051282,True,True,True,included_primary,"{""gamma_R2"": ""P1P2"", ""rho_ATMi_R2"": ""P1P2"", ""rho_ATRi_R2"": ""P1P2"", ""rho_R2"": ""P1P2"", ""rho_WEE1i_R2"": ""P1P2""}",1,1,R3:1232,,True,True,included_primary,
ATR,R1:62862,ATR;PRKDC,-0.084143221,False,0.13761467889908258,False,False,False,not_in_exact_three_way_symbol_support,"{""gamma_R2"": ""P1P2"", ""rho_ATMi_R2"": ""P1P2"", ""rho_ATRi_R2"": ""P1P2"", ""rho_R2"": ""P1P2"", ""rho_WEE1i_R2"": ""P1P2""}",0,0,,,True,False,no_exact_R3_WT_symbol,unmeasured_or_unmatched_not_zero_not_nonhit
ATRIP_mis,R1:136555,ATRIP_mis;PRKDC,0.0,False,0.1391941391941392,False,False,False,not_in_exact_three_way_symbol_support,{},0,0,,,False,False,no_exact_R2_symbol;no_exact_R3_WT_symbol,unmeasured_or_unmatched_not_zero_not_nonhit
ATRX_mis,R1:10879,ATRX_mis;PRKDC,-0.732886733,False,0.1446886446886447,False,False,False,not_in_exact_three_way_symbol_support,{},0,0,,,False,False,no_exact_R2_symbol;no_exact_R3_WT_symbol,unmeasured_or_unmatched_not_zero_not_nonhit
ATXN3,R1:82231,ATXN3;PRKDC,0.0,False,0.0,True,True,True,included_primary,"{""gamma_R2"": ""P1P2"", ""rho_ATMi_R2"": ""P1P2"", ""rho_ATRi_R2"": ""P1P2"", ""rho_R2"": ""P1P2"", ""rho_WEE1i_R2"": ""P1P2""}",1,1,R3:1337,,True,True,included_primary,
AUNIP,R1:82474,AUNIP;PRKDC,0.0,False,0.005494505494505495,True,True,True,included_primary,"{""gamma_R2"": ""P1P2"", ""rho_ATMi_R2"": ""P1P2"", ""rho_ATRi_R2"": ""P1P2"", ""rho_R2"": ""P1P2"", ""rho_WEE1i_R2"": ""P1P2""}",1,1,R3:1346,,True,True,included_primary,
AXIN2,R1:72398,AXIN2;PRKDC,-0.022504107,False,0.005494505494505495,True,True,False,R2_transcript_inconsistent,"{""gamma_R2"": ""P2"", ""rho_ATMi_R2"": ""P1"", ""rho_ATRi_R2"": ""P2"", ""rho_R2"": ""P2"", ""rho_WEE1i_R2"": ""P2""}",2,2,R3:1363;R3:1364,,True,True,R2_five_endpoint_transcript_labels_differ,unmeasured_or_unmatched_not_zero_not_nonhit
BABAM1,R1:82925,BABAM1;PRKDC,0.0,False,0.005494505494505495,True,True,True,included_primary,"{""gamma_R2"": ""P1P2"", ""rho_ATMi_R2"": ""P1P2"", ""rho_ATRi_R2"": ""P1P2"", ""rho_R2"": ""P1P2"", ""rho_WEE1i_R2"": ""P1P2""}",1,1,R3:1413,,True,True,included_primary,
BACH1,R1:83198,BACH1;PRKDC,0.0,False,0.0,True,True,True,included_primary,"{""gamma_R2"": ""P1P2"", ""rho_ATMi_R2"": ""P1P2"", ""rho_ATRi_R2"": ""P1P2"", ""rho_R2"": ""P1P2"", ""rho_WEE1i_R2"": ""P1P2""}",1,1,R3:1416,,True,True,included_primary,
BARD1,R1:83409,BARD1;PRKDC,0.0,False,0.163003663003663,True,True,True,included_primary,"{""gamma_R2"": ""P1P2"", ""rho_ATMi_R2"": ""P1P2"", ""rho_ATRi_R2"": ""P1P2"", ""rho_R2"": ""P1P2"", ""rho_WEE1i_R2"": ""P1P2""}",1,1,R3:1444,,True,True,included_primary,
BCCIP_mis,R1:147036,BCCIP_mis;PRKDC,0.0,False,0.012844036697247707,False,False,False,not_in_exact_three_way_symbol_support,{},0,0,,,False,False,no_exact_R2_symbol;no_exact_R3_WT_symbol,unmeasured_or_unmatched_not_zero_not_nonhit
BIVM,R1:39575,BIVM;PRKDC,-0.262100688,False,0.0018315018315018315,True,True,False,R2_transcript_inconsistent,"{""gamma_R2"": ""P2"", ""rho_ATMi_R2"": ""P1"", ""rho_ATRi_R2"": ""P1"", ""rho_R2"": ""P1"", ""rho_WEE1i_R2"": ""P2""}",2,2,R3:1578;R3:1579,,True,True,R2_five_endpoint_transcript_labels_differ,unmeasured_or_unmatched_not_zero_not_nonhit
BIVM.ERCC5,R1:83865,BIVM.ERCC5;PRKDC,0.0,False,0.01282051282051282,False,False,False,not_in_exact_three_way_symbol_support,{},0,0,,,False,False,no_exact_R2_symbol;no_exact_R3_WT_symbol,unmeasured_or_unmatched_not_zero_not_nonhit
BLM,R1:84101,BLM;PRKDC,0.0,False,0.04395604395604396,True,True,True,included_primary,"{""gamma_R2"": ""P1P2"", ""rho_ATMi_R2"": ""P1P2"", ""rho_ATRi_R2"": ""P1P2"", ""rho_R2"": ""P1P2"", ""rho_WEE1i_R2"": ""P1P2""}",1,1,R3:1584,,True,True,included_primary,
BOD1L1,R1:16286,BOD1L1;PRKDC,-0.587018586,False,0.023809523809523808,True,True,False,R2_transcript_inconsistent,"{""gamma_R2"": ""P1"", ""rho_ATMi_R2"": ""P1"", ""rho_ATRi_R2"": ""P1"", ""rho_R2"": ""P1"", ""rho_WEE1i_R2"": ""P2""}",2,2,R3:1628;R3:1629,,True,True,R2_five_endpoint_transcript_labels_differ,unmeasured_or_unmatched_not_zero_not_nonhit
BRCA1_mis,R1:60360,BRCA1_mis;PRKDC,-0.101425794,False,0.152014652014652,False,False,False,not_in_exact_three_way_symbol_support,{},0,0,,,False,False,no_exact_R2_symbol;no_exact_R3_WT_symbol,unmeasured_or_unmatched_not_zero_not_nonhit
BRCA2,R1:1261,BRCA2;PRKDC,-1.477415439,True,0.1336996336996337,False,False,False,not_in_exact_three_way_symbol_support,"{""gamma_R2"": ""P1P2"", ""rho_ATMi_R2"": ""P1P2"", ""rho_ATRi_R2"": ""P1P2"", ""rho_R2"": ""P1P2"", ""rho_WEE1i_R2"": ""P1P2""}",0,0,,,True,False,no_exact_R3_WT_symbol,unmeasured_or_unmatched_not_zero_not_nonhit
BRCC3,R1:84693,BRCC3;PRKDC,0.0,False,0.005494505494505495,True,True,True,included_primary,"{""gamma_R2"": ""P1P2"", ""rho_ATMi_R2"": ""P1P2"", ""rho_ATRi_R2"": ""P1P2"", ""rho_R2"": ""P1P2"", ""rho_WEE1i_R2"": ""P1P2""}",1,1,R3:1657,,True,True,included_primary,
BRD8,R1:14960,BRD8;PRKDC,-0.617774112,False,0.023809523809523808,True,True,True,included_primary,"{""gamma_R2"": ""P1P2"", ""rho_ATMi_R2"": ""P1P2"", ""rho_ATRi_R2"": ""P1P2"", ""rho_R2"": ""P1P2"", ""rho_WEE1i_R2"": ""P1P2""}",1,1,R3:1664,,True,True,included_primary,
BRE,R1:24688,BRE;PRKDC,-0.434240571,False,0.001834862385321101,True,True,True,included_primary,"{""gamma_R2"": ""P1P2"", ""rho_ATMi_R2"": ""P1P2"", ""rho_ATRi_R2"": ""P1P2"", ""rho_R2"": ""P1P2"", ""rho_WEE1i_R2"": ""P1P2""}",1,1,R3:1667,,True,True,included_primary,
BRIP1,R1:85518,BRIP1;PRKDC,0.0,False,0.014678899082568808,True,True,True,included_primary,"{""gamma_R2"": ""P1P2"", ""rho_ATMi_R2"": ""P1P2"", ""rho_ATRi_R2"": ""P1P2"", ""rho_R2"": ""P1P2"", ""rho_WEE1i_R2"": ""P1P2""}",1,1,R3:1677,,True,True,included_primary,
BTG2,R1:36638,BTG2;PRKDC,-0.290265969,False,0.009157509157509158,True,True,True,included_primary,"{""gamma_R2"": ""P1P2"", ""rho_ATMi_R2"": ""P1P2"", ""rho_ATRi_R2"": ""P1P2"", ""rho_R2"": ""P1P2"", ""rho_WEE1i_R2"": ""P1P2""}",1,1,R3:1721,,True,True,included_primary,
C11orf30,R1:53998,C11orf30;PRKDC,-0.145572926,False,0.05311355311355311,True,True,True,included_primary,"{""gamma_R2"": ""P1P2"", ""rho_ATMi_R2"": ""P1P2"", ""rho_ATRi_R2"": ""P1P2"", ""rho_R2"": ""P1P2"", ""rho_WEE1i_R2"": ""P1P2""}",1,1,R3:1781,,True,True,included_primary,
C12orf5,R1:86222,C12orf5;PRKDC,0.0,False,0.009157509157509158,True,True,True,included_primary,"{""gamma_R2"": ""P1P2"", ""rho_ATMi_R2"": ""P1P2"", ""rho_ATRi_R2"": ""P1P2"", ""rho_R2"": ""P1P2"", ""rho_WEE1i_R2"": ""P1P2""}",1,1,R3:1827,,True,True,included_primary,
C14orf39,R1:25725,C14orf39;PRKDC,-0.419959264,False,0.003663003663003663,True,True,True,included_primary,"{""gamma_R2"": ""P1P2"", ""rho_ATMi_R2"": ""P1P2"", ""rho_ATRi_R2"": ""P1P2"", ""rho_R2"": ""P1P2"", ""rho_WEE1i_R2"": ""P1P2""}",1,1,R3:1867,,True,True,included_primary,
C17orf104,R1:86614,C17orf104;PRKDC,0.0,False,0.005494505494505495,True,True,True,included_primary,"{""gamma_R2"": ""P1P2"", ""rho_ATMi_R2"": ""P1P2"", ""rho_ATRi_R2"": ""P1P2"", ""rho_R2"": ""P1P2"", ""rho_WEE1i_R2"": ""P1P2""}",1,1,R3:1927,,True,True,included_primary,
C17orf70,R1:58445,C17orf70;PRKDC,-0.114807525,False,0.0018315018315018315,True,True,True,included_primary,"{""gamma_R2"": ""P1P2"", ""rho_ATMi_R2"": ""P1P2"", ""rho_ATRi_R2"": ""P1P2"", ""rho_R2"": ""P1P2"", ""rho_WEE1i_R2"": ""P1P2""}",1,1,R3:1945,,True,True,included_primary,
C19orf40,R1:21691,C19orf40;PRKDC,-0.481187494,False,0.044036697247706424,True,True,True,included_primary,"{""gamma_R2"": ""P1P2"", ""rho_ATMi_R2"": ""P1P2"", ""rho_ATRi_R2"": ""P1P2"", ""rho_R2"": ""P1P2"", ""rho_WEE1i_R2"": ""P1P2""}",1,1,R3:1977,,True,True,included_primary,
C1orf86,R1:72554,C1orf86;PRKDC,-0.021429801,False,0.007326007326007326,True,True,True,included_primary,"{""gamma_R2"": ""P1P2"", ""rho_ATMi_R2"": ""P1P2"", ""rho_ATRi_R2"": ""P1P2"", ""rho_R2"": ""P1P2"", ""rho_WEE1i_R2"": ""P1P2""}",1,1,R3:2102,,True,True,included_primary,
C20orf196,R1:31852,C20orf196;PRKDC,-0.341797347,False,0.009157509157509158,True,True,True,included_primary,"{""gamma_R2"": ""P1P2"", ""rho_ATMi_R2"": ""P1P2"", ""rho_ATRi_R2"": ""P1P2"", ""rho_R2"": ""P1P2"", ""rho_WEE1i_R2"": ""P1P2""}",1,1,R3:2116,,True,True,included_primary,
C5orf45,R1:37917,C5orf45;PRKDC,-0.277697941,False,0.007326007326007326,True,True,True,included_primary,"{""gamma_R2"": ""P1P2"", ""rho_ATMi_R2"": ""P1P2"", ""rho_ATRi_R2"": ""P1P2"", ""rho_R2"": ""P1P2"", ""rho_WEE1i_R2"": ""P1P2""}",1,1,R3:2253,,True,True,included_primary,
C7orf49,R1:34371,C7orf49;PRKDC,-0.313875165,False,0.020146520146520148,True,True,True,included_primary,"{""gamma_R2"": ""P1P2"", ""rho_ATMi_R2"": ""P1P2"", ""rho_ATRi_R2"": ""P1P2"", ""rho_R2"": ""P1P2"", ""rho_WEE1i_R2"": ""P1P2""}",1,1,R3:2308,,True,True,included_primary,
C9orf142,R1:88050,C9orf142;PRKDC,0.0,False,0.003663003663003663,True,True,True,included_primary,"{""gamma_R2"": ""P1P2"", ""rho_ATMi_R2"": ""P1P2"", ""rho_ATRi_R2"": ""P1P2"", ""rho_R2"": ""P1P2"", ""rho_WEE1i_R2"": ""P1P2""}",1,1,R3:2352,,True,True,included_primary,
CBX8,R1:88285,CBX8;PRKDC,0.0,False,0.003663003663003663,True,True,True,included_primary,"{""gamma_R2"": ""P1P2"", ""rho_ATMi_R2"": ""P1P2"", ""rho_ATRi_R2"": ""P1P2"", ""rho_R2"": ""P1P2"", ""rho_WEE1i_R2"": ""P1P2""}",1,1,R3:2623,,True,True,included_primary,
CCDC155,R1:64686,CCDC155;PRKDC,-0.072359589,False,0.005494505494505495,True,True,True,included_primary,"{""gamma_R2"": ""P1P2"", ""rho_ATMi_R2"": ""P1P2"", ""rho_ATRi_R2"": ""P1P2"", ""rho_R2"": ""P1P2"", ""rho_WEE1i_R2"": ""P1P2""}",1,1,R3:2693,,True,True,included_primary,
CCNH_mis,R1:488,CCNH_mis;PRKDC,-1.768670436,True,0.13553113553113552,False,False,False,not_in_exact_three_way_symbol_support,{},0,0,,,False,False,no_exact_R2_symbol;no_exact_R3_WT_symbol,unmeasured_or_unmatched_not_zero_not_nonhit
CDC14B,R1:12793,CDC14B;PRKDC,-0.674476704,False,0.014652014652014652,True,True,True,included_primary,"{""gamma_R2"": ""P1P2"", ""rho_ATMi_R2"": ""P1P2"", ""rho_ATRi_R2"": ""P1P2"", ""rho_R2"": ""P1P2"", ""rho_WEE1i_R2"": ""P1P2""}",1,1,R3:2985,,True,True,included_primary,
CDC45,R1:37364,CDC45;PRKDC,-0.283348668,False,0.020146520146520148,True,False,False,no_paired_complete_R3_record,"{""gamma_R2"": ""P1P2"", ""rho_ATMi_R2"": ""P1P2"", ""rho_ATRi_R2"": ""P1P2"", ""rho_R2"": ""P1P2"", ""rho_WEE1i_R2"": ""P1P2""}",1,0,R3:3006,,True,True,no_original_R3_record_with_finite_parent_rho_and_parent_gamma,unmeasured_or_unmatched_not_zero_not_nonhit
CDC5L_mis,R1:143796,CDC5L_mis;PRKDC,0.0,False,0.0,False,False,False,not_in_exact_three_way_symbol_support,{},0,0,,,False,False,no_exact_R2_symbol;no_exact_R3_WT_symbol,unmeasured_or_unmatched_not_zero_not_nonhit
CDC7,R1:6361,CDC7;PRKDC,-0.921834634,False,0.047619047619047616,True,True,True,included_primary,"{""gamma_R2"": ""P1P2"", ""rho_ATMi_R2"": ""P1P2"", ""rho_ATRi_R2"": ""P1P2"", ""rho_R2"": ""P1P2"", ""rho_WEE1i_R2"": ""P1P2""}",1,1,R3:3007,,True,True,included_primary,
CDCA5_mis,R1:136876,CDCA5_mis;PRKDC,0.0,False,0.0,False,False,False,not_in_exact_three_way_symbol_support,{},0,0,,,False,False,no_exact_R2_symbol;no_exact_R3_WT_symbol,unmeasured_or_unmatched_not_zero_not_nonhit
CDK1_mis,R1:15181,CDK1_mis;PRKDC,-0.612931045,False,0.054945054945054944,False,False,False,not_in_exact_three_way_symbol_support,{},0,0,,,False,False,no_exact_R2_symbol;no_exact_R3_WT_symbol,unmeasured_or_unmatched_not_zero_not_nonhit
CDK2,R1:9832,CDK2;PRKDC,-0.766173236,False,0.06776556776556776,True,True,True,included_primary,"{""gamma_R2"": ""P1P2"", ""rho_ATMi_R2"": ""P1P2"", ""rho_ATRi_R2"": ""P1P2"", ""rho_R2"": ""P1P2"", ""rho_WEE1i_R2"": ""P1P2""}",1,1,R3:3059,,True,True,included_primary,
CDK7_mis,R1:48860,CDK7_mis;PRKDC,-0.184516806,False,0.16483516483516483,False,False,False,not_in_exact_three_way_symbol_support,{},0,0,,,False,False,no_exact_R2_symbol;no_exact_R3_WT_symbol,unmeasured_or_unmatched_not_zero_not_nonhit
CDK9,R1:36773,CDK9;PRKDC,-0.288904447,False,0.020146520146520148,True,True,True,included_primary,"{""gamma_R2"": ""P1P2"", ""rho_ATMi_R2"": ""P1P2"", ""rho_ATRi_R2"": ""P1P2"", ""rho_R2"": ""P1P2"", ""rho_WEE1i_R2"": ""P1P2""}",1,1,R3:3075,,True,True,included_primary,
CDKN2D,R1:75014,CDKN2D;PRKDC,-0.005445701,False,0.005494505494505495,True,True,True,included_primary,"{""gamma_R2"": ""P1P2"", ""rho_ATMi_R2"": ""P1P2"", ""rho_ATRi_R2"": ""P1P2"", ""rho_R2"": ""P1P2"", ""rho_WEE1i_R2"": ""P1P2""}",1,1,R3:3093,,True,True,included_primary,
CEBPG,R1:5363,CEBPG;PRKDC,-0.98500514,False,0.10989010989010989,True,False,False,no_paired_complete_R3_record,"{""gamma_R2"": ""P1P2"", ""rho_ATMi_R2"": ""P1P2"", ""rho_ATRi_R2"": ""P1P2"", ""rho_R2"": ""P1P2"", ""rho_WEE1i_R2"": ""P1P2""}",1,0,R3:3134,,True,True,no_original_R3_record_with_finite_parent_rho_and_parent_gamma,unmeasured_or_unmatched_not_zero_not_nonhit
CEP164,R1:89960,CEP164;PRKDC,0.0,False,0.0018315018315018315,True,True,True,included_primary,"{""gamma_R2"": ""P1P2"", ""rho_ATMi_R2"": ""P1P2"", ""rho_ATRi_R2"": ""P1P2"", ""rho_R2"": ""P1P2"", ""rho_WEE1i_R2"": ""P1P2""}",1,1,R3:3178,,True,True,included_primary,
CETN1,R1:90148,CETN1;PRKDC,0.0,False,0.007326007326007326,True,True,True,included_primary,"{""gamma_R2"": ""P1P2"", ""rho_ATMi_R2"": ""P1P2"", ""rho_ATRi_R2"": ""P1P2"", ""rho_R2"": ""P1P2"", ""rho_WEE1i_R2"": ""P1P2""}",1,1,R3:3219,,True,True,included_primary,
CETN2,R1:24338,CETN2;PRKDC,-0.439365501,False,0.007326007326007326,True,True,False,R2_transcript_inconsistent,"{""gamma_R2"": ""P1"", ""rho_ATMi_R2"": ""P2"", ""rho_ATRi_R2"": ""P2"", ""rho_R2"": ""P2"", ""rho_WEE1i_R2"": ""P1""}",2,2,R3:3220;R3:3221,,True,True,R2_five_endpoint_transcript_labels_differ,unmeasured_or_unmatched_not_zero_not_nonhit
CHAF1A,R1:6987,CHAF1A;PRKDC,-0.890258939,False,0.06593406593406594,False,False,False,not_in_exact_three_way_symbol_support,"{""gamma_R2"": ""P1P2"", ""rho_ATMi_R2"": ""P1P2"", ""rho_ATRi_R2"": ""P1P2"", ""rho_R2"": ""P1P2"", ""rho_WEE1i_R2"": ""P1P2""}",0,0,,,True,False,no_exact_R3_WT_symbol,unmeasured_or_unmatched_not_zero_not_nonhit
CHAF1B_mis,R1:3825,CHAF1B_mis;PRKDC,-1.101353488,True,0.11172161172161173,False,False,False,not_in_exact_three_way_symbol_support,{},0,0,,,False,False,no_exact_R2_symbol;no_exact_R3_WT_symbol,unmeasured_or_unmatched_not_zero_not_nonhit
CHD1L,R1:50361,CHD1L;PRKDC,-0.172942037,False,0.01282051282051282,True,True,True,included_primary,"{""gamma_R2"": ""P1P2"", ""rho_ATMi_R2"": ""P1P2"", ""rho_ATRi_R2"": ""P1P2"", ""rho_R2"": ""P1P2"", ""rho_WEE1i_R2"": ""P1P2""}",1,1,R3:3271,,True,True,included_primary,
CHEK1_mis,R1:27006,CHEK1_mis;PRKDC,-0.402004284,False,0.15567765567765568,False,False,False,not_in_exact_three_way_symbol_support,{},0,0,,,False,False,no_exact_R2_symbol;no_exact_R3_WT_symbol,unmeasured_or_unmatched_not_zero_not_nonhit
CHEK2,R1:19379,CHEK2;PRKDC,-0.521587345,False,0.08608058608058608,True,False,False,no_paired_complete_R3_record,"{""gamma_R2"": ""P1P2"", ""rho_ATMi_R2"": ""P1P2"", ""rho_ATRi_R2"": ""P1P2"", ""rho_R2"": ""P1P2"", ""rho_WEE1i_R2"": ""P1P2""}",1,0,R3:3286,,True,True,no_original_R3_record_with_finite_parent_rho_and_parent_gamma,unmeasured_or_unmatched_not_zero_not_nonhit
CHRNA4,R1:15283,CHRNA4;PRKDC,-0.610462507,False,0.04945054945054945,True,True,True,included_primary,"{""gamma_R2"": ""P1P2"", ""rho_ATMi_R2"": ""P1P2"", ""rho_ATRi_R2"": ""P1P2"", ""rho_R2"": ""P1P2"", ""rho_WEE1i_R2"": ""P1P2""}",1,1,R3:3336,,True,True,included_primary,
CIB1,R1:69379,CIB1;PRKDC,-0.041598754,False,0.0018315018315018315,True,True,True,included_primary,"{""gamma_R2"": ""P1P2"", ""rho_ATMi_R2"": ""P1P2"", ""rho_ATRi_R2"": ""P1P2"", ""rho_R2"": ""P1P2"", ""rho_WEE1i_R2"": ""P1P2""}",1,1,R3:3373,,True,True,included_primary,
CINP,R1:9340,CINP;PRKDC,-0.784350734,False,0.0641025641025641,False,False,False,not_in_exact_three_way_symbol_support,"{""gamma_R2"": ""P1P2"", ""rho_ATMi_R2"": ""P1P2"", ""rho_ATRi_R2"": ""P1P2"", ""rho_R2"": ""P1P2"", ""rho_WEE1i_R2"": ""P1P2""}",0,0,,,True,False,no_exact_R3_WT_symbol,unmeasured_or_unmatched_not_zero_not_nonhit
CLSPN,R1:21563,CLSPN;PRKDC,-0.483325021,False,0.06593406593406594,False,False,False,not_in_exact_three_way_symbol_support,"{""gamma_R2"": ""P1P2"", ""rho_ATMi_R2"": ""P1P2"", ""rho_ATRi_R2"": ""P1P2"", ""rho_R2"": ""P1P2"", ""rho_WEE1i_R2"": ""P1P2""}",0,0,,,True,False,no_exact_R3_WT_symbol,unmeasured_or_unmatched_not_zero_not_nonhit
COPS2,R1:29528,COPS2;PRKDC,-0.369594643,False,0.040293040293040296,False,False,False,not_in_exact_three_way_symbol_support,"{""gamma_R2"": ""P1P2"", ""rho_ATMi_R2"": ""P1P2"", ""rho_ATRi_R2"": ""P1P2"", ""rho_R2"": ""P1P2"", ""rho_WEE1i_R2"": ""P1P2""}",0,0,,,True,False,no_exact_R3_WT_symbol,unmeasured_or_unmatched_not_zero_not_nonhit
COPS3,R1:44889,COPS3;PRKDC,-0.215885549,False,0.03296703296703297,False,False,False,not_in_exact_three_way_symbol_support,"{""gamma_R2"": ""P1P2"", ""rho_ATMi_R2"": ""P1P2"", ""rho_ATRi_R2"": ""P1P2"", ""rho_R2"": ""P1P2"", ""rho_WEE1i_R2"": ""P1P2""}",0,0,,,True,False,no_exact_R3_WT_symbol,unmeasured_or_unmatched_not_zero_not_nonhit
COPS4,R1:91906,COPS4;PRKDC,0.0,False,0.031135531135531136,False,False,False,not_in_exact_three_way_symbol_support,"{""gamma_R2"": ""P1P2"", ""rho_ATMi_R2"": ""P1P2"", ""rho_ATRi_R2"": ""P1P2"", ""rho_R2"": ""P1P2"", ""rho_WEE1i_R2"": ""P1P2""}",0,0,,,True,False,no_exact_R3_WT_symbol,unmeasured_or_unmatched_not_zero_not_nonhit
COPS5,R1:28780,COPS5;PRKDC,-0.378901363,False,0.11172161172161173,True,False,False,no_paired_complete_R3_record,"{""gamma_R2"": ""P1P2"", ""rho_ATMi_R2"": ""P1P2"", ""rho_ATRi_R2"": ""P1P2"", ""rho_R2"": ""P1P2"", ""rho_WEE1i_R2"": ""P1P2""}",1,0,R3:3732,,True,True,no_original_R3_record_with_finite_parent_rho_and_parent_gamma,unmeasured_or_unmatched_not_zero_not_nonhit
COPS6_mis,R1:47221,COPS6_mis;PRKDC,-0.19739184,False,0.009174311926605505,False,False,False,not_in_exact_three_way_symbol_support,{},0,0,,,False,False,no_exact_R2_symbol;no_exact_R3_WT_symbol,unmeasured_or_unmatched_not_zero_not_nonhit
COPS7A,R1:92287,COPS7A;PRKDC,0.0,False,0.01098901098901099,True,True,True,included_primary,"{""gamma_R2"": ""P1P2"", ""rho_ATMi_R2"": ""P1P2"", ""rho_ATRi_R2"": ""P1P2"", ""rho_R2"": ""P1P2"", ""rho_WEE1i_R2"": ""P1P2""}",1,1,R3:3734,,True,True,included_primary,
COPS7B,R1:92519,COPS7B;PRKDC,0.0,False,0.007326007326007326,True,True,False,R2_transcript_inconsistent,"{""gamma_R2"": ""P1"", ""rho_ATMi_R2"": ""P1"", ""rho_ATRi_R2"": ""P2"", ""rho_R2"": ""P2"", ""rho_WEE1i_R2"": ""P1""}",2,2,R3:3735;R3:3736,,True,True,R2_five_endpoint_transcript_labels_differ,unmeasured_or_unmatched_not_zero_not_nonhit
COPS8,R1:92719,COPS8;PRKDC,0.0,False,0.08974358974358974,True,True,True,included_primary,"{""gamma_R2"": ""P1P2"", ""rho_ATMi_R2"": ""P1P2"", ""rho_ATRi_R2"": ""P1P2"", ""rho_R2"": ""P1P2"", ""rho_WEE1i_R2"": ""P1P2""}",1,1,R3:3737,,True,True,included_primary,
CSNK1E,R1:92914,CSNK1E;PRKDC,0.0,False,0.0018315018315018315,True,True,True,included_primary,"{""gamma_R2"": ""P1P2"", ""rho_ATMi_R2"": ""P1P2"", ""rho_ATRi_R2"": ""P1P2"", ""rho_R2"": ""P1P2"", ""rho_WEE1i_R2"": ""P1P2""}",1,1,R3:3968,,True,True,included_primary,
CUL4A,R1:45041,CUL4A;PRKDC,-0.214535268,False,0.007326007326007326,True,True,True,included_primary,"{""gamma_R2"": ""P1P2"", ""rho_ATMi_R2"": ""P1P2"", ""rho_ATRi_R2"": ""P1P2"", ""rho_R2"": ""P1P2"", ""rho_WEE1i_R2"": ""P1P2""}",1,1,R3:4079,,True,True,included_primary,
CUL4B,R1:55051,CUL4B;PRKDC,-0.138062465,False,0.007326007326007326,True,True,True,included_primary,"{""gamma_R2"": ""P1P2"", ""rho_ATMi_R2"": ""P1P2"", ""rho_ATRi_R2"": ""P1P2"", ""rho_R2"": ""P1P2"", ""rho_WEE1i_R2"": ""P1P2""}",1,1,R3:4080,,True,True,included_primary,
CXorf57,R1:93475,CXorf57;PRKDC,0.0,False,0.009157509157509158,True,True,True,included_primary,"{""gamma_R2"": ""P1P2"", ""rho_ATMi_R2"": ""P1P2"", ""rho_ATRi_R2"": ""P1P2"", ""rho_R2"": ""P1P2"", ""rho_WEE1i_R2"": ""P1P2""}",1,1,R3:4137,,True,True,included_primary,
DCLRE1A,R1:42559,DCLRE1A;PRKDC,-0.235792913,False,0.0018315018315018315,True,True,True,included_primary,"{""gamma_R2"": ""P1P2"", ""rho_ATMi_R2"": ""P1P2"", ""rho_ATRi_R2"": ""P1P2"", ""rho_R2"": ""P1P2"", ""rho_WEE1i_R2"": ""P1P2""}",1,1,R3:4329,,True,True,included_primary,
DCLRE1B,R1:3031,DCLRE1B;PRKDC,-1.182921041,True,0.05311355311355311,True,True,True,included_primary,"{""gamma_R2"": ""P1P2"", ""rho_ATMi_R2"": ""P1P2"", ""rho_ATRi_R2"": ""P1P2"", ""rho_R2"": ""P1P2"", ""rho_WEE1i_R2"": ""P1P2""}",1,1,R3:4330,,True,True,included_primary,
DCLRE1C,R1:24498,DCLRE1C;PRKDC,-0.437087909,False,0.007326007326007326,True,True,True,included_primary,"{""gamma_R2"": ""P1P2"", ""rho_ATMi_R2"": ""P1P2"", ""rho_ATRi_R2"": ""P1P2"", ""rho_R2"": ""P1P2"", ""rho_WEE1i_R2"": ""P1P2""}",1,1,R3:4331,,True,True,included_primary,
DDB1_mis,R1:45461,DDB1_mis;PRKDC,-0.211299307,False,0.15018315018315018,False,False,False,not_in_exact_three_way_symbol_support,{},0,0,,,False,False,no_exact_R2_symbol;no_exact_R3_WT_symbol,unmeasured_or_unmatched_not_zero_not_nonhit
DDB2,R1:69311,DDB2;PRKDC,-0.042124514,False,0.009157509157509158,True,True,True,included_primary,"{""gamma_R2"": ""P1P2"", ""rho_ATMi_R2"": ""P1P2"", ""rho_ATRi_R2"": ""P1P2"", ""rho_R2"": ""P1P2"", ""rho_WEE1i_R2"": ""P1P2""}",1,1,R3:4357,,True,True,included_primary,
DDX1,R1:1150,DDX1;PRKDC,-1.505019396,True,0.07706422018348624,True,True,True,included_primary,"{""gamma_R2"": ""P1P2"", ""rho_ATMi_R2"": ""P1P2"", ""rho_ATRi_R2"": ""P1P2"", ""rho_R2"": ""P1P2"", ""rho_WEE1i_R2"": ""P1P2""}",1,1,R3:4375,,True,True,included_primary,
DDX11,R1:94482,DDX11;PRKDC,0.0,False,0.07142857142857142,True,True,True,included_primary,"{""gamma_R2"": ""P1P2"", ""rho_ATMi_R2"": ""P1P2"", ""rho_ATRi_R2"": ""P1P2"", ""rho_R2"": ""P1P2"", ""rho_WEE1i_R2"": ""P1P2""}",1,1,R3:4376,,True,True,included_primary,
DEK,R1:94656,DEK;PRKDC,0.0,False,0.01098901098901099,True,True,True,included_primary,"{""gamma_R2"": ""P1P2"", ""rho_ATMi_R2"": ""P1P2"", ""rho_ATRi_R2"": ""P1P2"", ""rho_R2"": ""P1P2"", ""rho_WEE1i_R2"": ""P1P2""}",1,1,R3:4458,,True,True,included_primary,
DHX9,R1:4464,DHX9;PRKDC,-1.04743955,True,0.06043956043956044,True,False,False,no_paired_complete_R3_record,"{""gamma_R2"": ""P1P2"", ""rho_ATMi_R2"": ""P1P2"", ""rho_ATRi_R2"": ""P1P2"", ""rho_R2"": ""P1P2"", ""rho_WEE1i_R2"": ""P1P2""}",1,0,R3:4553,,True,True,no_original_R3_record_with_finite_parent_rho_and_parent_gamma,unmeasured_or_unmatched_not_zero_not_nonhit
DMAP1_mis,R1:36087,DMAP1_mis;PRKDC,-0.296384658,False,0.09523809523809523,False,False,False,not_in_exact_three_way_symbol_support,{},0,0,,,False,False,no_exact_R2_symbol;no_exact_R3_WT_symbol,unmeasured_or_unmatched_not_zero_not_nonhit
DMC1,R1:95125,DMC1;PRKDC,0.0,False,0.0018315018315018315,True,True,True,included_primary,"{""gamma_R2"": ""P1P2"", ""rho_ATMi_R2"": ""P1P2"", ""rho_ATRi_R2"": ""P1P2"", ""rho_R2"": ""P1P2"", ""rho_WEE1i_R2"": ""P1P2""}",1,1,R3:4615,,True,True,included_primary,
DNA2_mis,R1:95301,DNA2_mis;PRKDC,0.0,False,0.1043956043956044,False,False,False,not_in_exact_three_way_symbol_support,{},0,0,,,False,False,no_exact_R2_symbol;no_exact_R3_WT_symbol,unmeasured_or_unmatched_not_zero_not_nonhit
DNTT,R1:95518,DNTT;PRKDC,0.0,False,0.01282051282051282,True,True,True,included_primary,"{""gamma_R2"": ""P1P2"", ""rho_ATMi_R2"": ""P1P2"", ""rho_ATRi_R2"": ""P1P2"", ""rho_R2"": ""P1P2"", ""rho_WEE1i_R2"": ""P1P2""}",1,1,R3:4726,,True,True,included_primary,
DOT1L,R1:3926,DOT1L;PRKDC,-1.091790952,True,0.06227106227106227,True,True,True,included_primary,"{""gamma_R2"": ""P1P2"", ""rho_ATMi_R2"": ""P1P2"", ""rho_ATRi_R2"": ""P1P2"", ""rho_R2"": ""P1P2"", ""rho_WEE1i_R2"": ""P1P2""}",1,1,R3:4755,,True,True,included_primary,
DTL,R1:74457,DTL;PRKDC,-0.009177105,False,0.08608058608058608,False,False,False,not_in_exact_three_way_symbol_support,"{""gamma_R2"": ""P1P2"", ""rho_ATMi_R2"": ""P1P2"", ""rho_ATRi_R2"": ""P1P2"", ""rho_R2"": ""P1P2"", ""rho_WEE1i_R2"": ""P1P2""}",0,0,,,True,False,no_exact_R3_WT_symbol,unmeasured_or_unmatched_not_zero_not_nonhit
DTX3L,R1:95853,DTX3L;PRKDC,0.0,False,0.003663003663003663,True,True,True,included_primary,"{""gamma_R2"": ""P1P2"", ""rho_ATMi_R2"": ""P1P2"", ""rho_ATRi_R2"": ""P1P2"", ""rho_R2"": ""P1P2"", ""rho_WEE1i_R2"": ""P1P2""}",1,1,R3:4855,,True,True,included_primary,
EEPD1,R1:27246,EEPD1;PRKDC,-0.398745933,False,0.003663003663003663,True,True,True,included_primary,"{""gamma_R2"": ""P1P2"", ""rho_ATMi_R2"": ""P1P2"", ""rho_ATRi_R2"": ""P1P2"", ""rho_R2"": ""P1P2"", ""rho_WEE1i_R2"": ""P1P2""}",1,1,R3:4999,,True,True,included_primary,
EGFR,R1:96259,EGFR;PRKDC,0.0,False,0.0018315018315018315,True,True,True,included_primary,"{""gamma_R2"": ""P1P2"", ""rho_ATMi_R2"": ""P1P2"", ""rho_ATRi_R2"": ""P1P2"", ""rho_R2"": ""P1P2"", ""rho_WEE1i_R2"": ""P1P2""}",1,1,R3:5041,,True,True,included_primary,
EID3,R1:20784,EID3;PRKDC,-0.496838371,False,0.003663003663003663,True,True,True,included_primary,"{""gamma_R2"": ""P1P2"", ""rho_ATMi_R2"": ""P1P2"", ""rho_ATRi_R2"": ""P1P2"", ""rho_R2"": ""P1P2"", ""rho_WEE1i_R2"": ""P1P2""}",1,1,R3:5065,,True,True,included_primary,
EME1,R1:26880,EME1;PRKDC,-0.403708554,False,0.031135531135531136,True,True,True,included_primary,"{""gamma_R2"": ""P1P2"", ""rho_ATMi_R2"": ""P1P2"", ""rho_ATRi_R2"": ""P1P2"", ""rho_R2"": ""P1P2"", ""rho_WEE1i_R2"": ""P1P2""}",1,1,R3:5160,,True,True,included_primary,
EME2,R1:65901,EME2;PRKDC,-0.06447293,False,0.005504587155963303,True,True,True,included_primary,"{""gamma_R2"": ""P1P2"", ""rho_ATMi_R2"": ""P1P2"", ""rho_ATRi_R2"": ""P1P2"", ""rho_R2"": ""P1P2"", ""rho_WEE1i_R2"": ""P1P2""}",1,1,R3:5161,,True,True,included_primary,
ENDOV,R1:96869,ENDOV;PRKDC,0.0,False,0.005494505494505495,True,True,True,included_primary,"{""gamma_R2"": ""P1P2"", ""rho_ATMi_R2"": ""P1P2"", ""rho_ATRi_R2"": ""P1P2"", ""rho_R2"": ""P1P2"", ""rho_WEE1i_R2"": ""P1P2""}",1,1,R3:5191,,True,True,included_primary,
EP300,R1:97078,EP300;PRKDC,0.0,False,0.003669724770642202,True,True,True,included_primary,"{""gamma_R2"": ""P1P2"", ""rho_ATMi_R2"": ""P1P2"", ""rho_ATRi_R2"": ""P1P2"", ""rho_R2"": ""P1P2"", ""rho_WEE1i_R2"": ""P1P2""}",1,1,R3:5229,,True,True,included_primary,
EP400,R1:14678,EP400;PRKDC,-0.625575608,False,0.07326007326007326,False,False,False,not_in_exact_three_way_symbol_support,"{""gamma_R2"": ""P1P2"", ""rho_ATMi_R2"": ""P1P2"", ""rho_ATRi_R2"": ""P1P2"", ""rho_R2"": ""P1P2"", ""rho_WEE1i_R2"": ""P1P2""}",0,0,,,True,False,no_exact_R3_WT_symbol,unmeasured_or_unmatched_not_zero_not_nonhit
EPC1,R1:12927,EPC1;PRKDC,-0.670666927,False,0.009174311926605505,True,True,True,included_primary,"{""gamma_R2"": ""P1P2"", ""rho_ATMi_R2"": ""P1P2"", ""rho_ATRi_R2"": ""P1P2"", ""rho_R2"": ""P1P2"", ""rho_WEE1i_R2"": ""P1P2""}",1,1,R3:5240,,True,True,included_primary,
EPC2,R1:21981,EPC2;PRKDC,-0.476255688,False,0.022018348623853212,True,True,True,included_primary,"{""gamma_R2"": ""P1P2"", ""rho_ATMi_R2"": ""P1P2"", ""rho_ATRi_R2"": ""P1P2"", ""rho_R2"": ""P1P2"", ""rho_WEE1i_R2"": ""P1P2""}",1,1,R3:5241,,True,True,included_primary,
ERCC1,R1:97697,ERCC1;PRKDC,0.0,False,0.031192660550458717,True,True,True,included_primary,"{""gamma_R2"": ""P1P2"", ""rho_ATMi_R2"": ""P1P2"", ""rho_ATRi_R2"": ""P1P2"", ""rho_R2"": ""P1P2"", ""rho_WEE1i_R2"": ""P1P2""}",1,1,R3:5299,,True,True,included_primary,
ERCC2_mis,R1:622,ERCC2_mis;PRKDC,-1.690798061,True,0.06593406593406594,False,False,False,not_in_exact_three_way_symbol_support,{},0,0,,,False,False,no_exact_R2_symbol;no_exact_R3_WT_symbol,unmeasured_or_unmatched_not_zero_not_nonhit
ERCC3_mis,R1:12408,ERCC3_mis;PRKDC,-0.68465537,False,0.05860805860805861,False,False,False,not_in_exact_three_way_symbol_support,{},0,0,,,False,False,no_exact_R2_symbol;no_exact_R3_WT_symbol,unmeasured_or_unmatched_not_zero_not_nonhit
ERCC4,R1:20666,ERCC4;PRKDC,-0.49904512,False,0.01098901098901099,True,True,False,R2_transcript_inconsistent,"{""gamma_R2"": ""P1"", ""rho_ATMi_R2"": ""P1"", ""rho_ATRi_R2"": ""P2"", ""rho_R2"": ""P1"", ""rho_WEE1i_R2"": ""P2""}",2,2,R3:5301;R3:5302,,True,True,R2_five_endpoint_transcript_labels_differ,unmeasured_or_unmatched_not_zero_not_nonhit
ERCC5,R1:98198,ERCC5;PRKDC,0.0,False,0.01282051282051282,True,True,True,included_primary,"{""gamma_R2"": ""P1P2"", ""rho_ATMi_R2"": ""P1P2"", ""rho_ATRi_R2"": ""P1P2"", ""rho_R2"": ""P1P2"", ""rho_WEE1i_R2"": ""P1P2""}",1,1,R3:5303,,True,True,included_primary,
ERCC6,R1:21348,ERCC6;PRKDC,-0.487347227,False,0.01098901098901099,True,True,True,included_primary,"{""gamma_R2"": ""P1P2"", ""rho_ATMi_R2"": ""P1P2"", ""rho_ATRi_R2"": ""P1P2"", ""rho_R2"": ""P1P2"", ""rho_WEE1i_R2"": ""P1P2""}",1,1,R3:5304,,True,True,included_primary,
ERCC6L2,R1:27921,ERCC6L2;PRKDC,-0.389879801,False,0.0,True,True,True,included_primary,"{""gamma_R2"": ""P1P2"", ""rho_ATMi_R2"": ""P1P2"", ""rho_ATRi_R2"": ""P1P2"", ""rho_R2"": ""P1P2"", ""rho_WEE1i_R2"": ""P1P2""}",1,1,R3:5306,,True,True,included_primary,
ERCC8,R1:98738,ERCC8;PRKDC,0.0,False,0.0018315018315018315,True,True,True,included_primary,"{""gamma_R2"": ""P1P2"", ""rho_ATMi_R2"": ""P1P2"", ""rho_ATRi_R2"": ""P1P2"", ""rho_R2"": ""P1P2"", ""rho_WEE1i_R2"": ""P1P2""}",1,1,R3:5307,,True,True,included_primary,
ESCO2,R1:17779,ESCO2;PRKDC,-0.55322342,False,0.08073394495412844,False,False,False,not_in_exact_three_way_symbol_support,"{""gamma_R2"": ""P1P2"", ""rho_ATMi_R2"": ""P1P2"", ""rho_ATRi_R2"": ""P1P2"", ""rho_R2"": ""P1P2"", ""rho_WEE1i_R2"": ""P1P2""}",0,0,,,True,False,no_exact_R3_WT_symbol,unmeasured_or_unmatched_not_zero_not_nonhit
ETAA1,R1:66316,ETAA1;PRKDC,-0.061623329,False,0.029304029304029304,True,True,True,included_primary,"{""gamma_R2"": ""P1P2"", ""rho_ATMi_R2"": ""P1P2"", ""rho_ATRi_R2"": ""P1P2"", ""rho_R2"": ""P1P2"", ""rho_WEE1i_R2"": ""P1P2""}",1,1,R3:5369,,True,True,included_primary,
EXD2,R1:99270,EXD2;PRKDC,0.0,False,0.003669724770642202,True,True,True,included_primary,"{""gamma_R2"": ""P1P2"", ""rho_ATMi_R2"": ""P1P2"", ""rho_ATRi_R2"": ""P1P2"", ""rho_R2"": ""P1P2"", ""rho_WEE1i_R2"": ""P1P2""}",1,1,R3:5405,,True,True,included_primary,
EXO1,R1:99511,EXO1;PRKDC,0.0,False,0.003669724770642202,True,True,True,included_primary,"{""gamma_R2"": ""P1P2"", ""rho_ATMi_R2"": ""P1P2"", ""rho_ATRi_R2"": ""P1P2"", ""rho_R2"": ""P1P2"", ""rho_WEE1i_R2"": ""P1P2""}",1,1,R3:5407,,True,True,included_primary,
EXO5,R1:99741,EXO5;PRKDC,0.0,False,0.003663003663003663,True,True,True,included_primary,"{""gamma_R2"": ""P1P2"", ""rho_ATMi_R2"": ""P1P2"", ""rho_ATRi_R2"": ""P1P2"", ""rho_R2"": ""P1P2"", ""rho_WEE1i_R2"": ""P1P2""}",1,1,R3:5408,,True,True,included_primary,
EYA1,R1:32323,EYA1;PRKDC,-0.336474545,False,0.0018315018315018315,True,True,False,R2_transcript_inconsistent,"{""gamma_R2"": ""P1"", ""rho_ATMi_R2"": ""P1"", ""rho_ATRi_R2"": ""P2"", ""rho_R2"": ""P1"", ""rho_WEE1i_R2"": ""P1""}",2,2,R3:5433;R3:5434,,True,True,R2_five_endpoint_transcript_labels_differ,unmeasured_or_unmatched_not_zero_not_nonhit
EYA2,R1:43806,EYA2;PRKDC,-0.225019262,False,0.007326007326007326,True,True,True,included_primary,"{""gamma_R2"": ""P1P2"", ""rho_ATMi_R2"": ""P1P2"", ""rho_ATRi_R2"": ""P1P2"", ""rho_R2"": ""P1P2"", ""rho_WEE1i_R2"": ""P1P2""}",1,1,R3:5435,,True,True,included_primary,
EYA3,R1:100274,EYA3;PRKDC,0.0,False,0.014652014652014652,True,True,True,included_primary,"{""gamma_R2"": ""P1P2"", ""rho_ATMi_R2"": ""P1P2"", ""rho_ATRi_R2"": ""P1P2"", ""rho_R2"": ""P1P2"", ""rho_WEE1i_R2"": ""P1P2""}",1,1,R3:5436,,True,True,included_primary,
EYA4,R1:42903,EYA4;PRKDC,-0.232704835,False,0.01282051282051282,True,True,True,included_primary,"{""gamma_R2"": ""P1P2"", ""rho_ATMi_R2"": ""P1P2"", ""rho_ATRi_R2"": ""P1P2"", ""rho_R2"": ""P1P2"", ""rho_WEE1i_R2"": ""P1P2""}",1,1,R3:5437,,True,True,included_primary,
FAM168A,R1:48025,FAM168A;PRKDC,-0.190945046,False,0.014652014652014652,True,True,True,included_primary,"{""gamma_R2"": ""P1P2"", ""rho_ATMi_R2"": ""P1P2"", ""rho_ATRi_R2"": ""P1P2"", ""rho_R2"": ""P1P2"", ""rho_WEE1i_R2"": ""P1P2""}",1,1,R3:5595,,True,True,included_primary,
FAM175A,R1:100675,FAM175A;PRKDC,0.0,False,0.04220183486238532,True,True,True,included_primary,"{""gamma_R2"": ""P1P2"", ""rho_ATMi_R2"": ""P1P2"", ""rho_ATRi_R2"": ""P1P2"", ""rho_R2"": ""P1P2"", ""rho_WEE1i_R2"": ""P1P2""}",1,1,R3:5609,,True,True,included_primary,
FAM178A,R1:39119,FAM178A;PRKDC,-0.266526383,False,0.007326007326007326,True,True,True,included_primary,"{""gamma_R2"": ""P1P2"", ""rho_ATMi_R2"": ""P1P2"", ""rho_ATRi_R2"": ""P1P2"", ""rho_R2"": ""P1P2"", ""rho_WEE1i_R2"": ""P1P2""}",1,1,R3:5614,,True,True,included_primary,
FAM35A,R1:39830,FAM35A;PRKDC,-0.259851614,False,0.06227106227106227,True,True,True,included_primary,"{""gamma_R2"": ""P1P2"", ""rho_ATMi_R2"": ""P1P2"", ""rho_ATRi_R2"": ""P1P2"", ""rho_R2"": ""P1P2"", ""rho_WEE1i_R2"": ""P1P2""}",1,1,R3:5715,,True,True,included_primary,
FAN1,R1:101244,FAN1;PRKDC,0.0,False,0.007326007326007326,True,True,True,included_primary,"{""gamma_R2"": ""P1P2"", ""rho_ATMi_R2"": ""P1P2"", ""rho_ATRi_R2"": ""P1P2"", ""rho_R2"": ""P1P2"", ""rho_WEE1i_R2"": ""P1P2""}",1,1,R3:5804,,True,True,included_primary,
FANCA,R1:24979,FANCA;PRKDC,-0.430060077,False,0.05128205128205128,True,True,True,included_primary,"{""gamma_R2"": ""P1P2"", ""rho_ATMi_R2"": ""P1P2"", ""rho_ATRi_R2"": ""P1P2"", ""rho_R2"": ""P1P2"", ""rho_WEE1i_R2"": ""P1P2""}",1,1,R3:5805,,True,True,included_primary,
FANCB,R1:26011,FANCB;PRKDC,-0.415887638,False,0.031135531135531136,True,True,True,included_primary,"{""gamma_R2"": ""P1P2"", ""rho_ATMi_R2"": ""P1P2"", ""rho_ATRi_R2"": ""P1P2"", ""rho_R2"": ""P1P2"", ""rho_WEE1i_R2"": ""P1P2""}",1,1,R3:5806,,True,True,included_primary,
FANCC,R1:101616,FANCC;PRKDC,0.0,False,0.07692307692307693,True,True,True,included_primary,"{""gamma_R2"": ""P1P2"", ""rho_ATMi_R2"": ""P1P2"", ""rho_ATRi_R2"": ""P1P2"", ""rho_R2"": ""P1P2"", ""rho_WEE1i_R2"": ""P1P2""}",1,1,R3:5807,,True,True,included_primary,
FANCD2,R1:13770,FANCD2;PRKDC,-0.648560786,False,0.07142857142857142,True,True,True,included_primary,"{""gamma_R2"": ""P1P2"", ""rho_ATMi_R2"": ""P1P2"", ""rho_ATRi_R2"": ""P1P2"", ""rho_R2"": ""P1P2"", ""rho_WEE1i_R2"": ""P1P2""}",1,1,R3:5808,,True,True,included_primary,
FANCE,R1:68395,FANCE;PRKDC,-0.047956565,False,0.029304029304029304,True,True,True,included_primary,"{""gamma_R2"": ""P1P2"", ""rho_ATMi_R2"": ""P1P2"", ""rho_ATRi_R2"": ""P1P2"", ""rho_R2"": ""P1P2"", ""rho_WEE1i_R2"": ""P1P2""}",1,1,R3:5810,,True,True,included_primary,
FANCF,R1:566,FANCF;PRKDC,-1.718334446,True,0.07875457875457875,True,True,True,included_primary,"{""gamma_R2"": ""P1P2"", ""rho_ATMi_R2"": ""P1P2"", ""rho_ATRi_R2"": ""P1P2"", ""rho_R2"": ""P1P2"", ""rho_WEE1i_R2"": ""P1P2""}",1,1,R3:5811,,True,True,included_primary,
FANCG,R1:102059,FANCG;PRKDC,0.0,False,0.012844036697247707,True,True,True,included_primary,"{""gamma_R2"": ""P1P2"", ""rho_ATMi_R2"": ""P1P2"", ""rho_ATRi_R2"": ""P1P2"", ""rho_R2"": ""P1P2"", ""rho_WEE1i_R2"": ""P1P2""}",1,1,R3:5812,,True,True,included_primary,
FANCI_mis,R1:33071,FANCI_mis;PRKDC,-0.327572866,False,0.02197802197802198,False,False,False,not_in_exact_three_way_symbol_support,{},0,0,,,False,False,no_exact_R2_symbol;no_exact_R3_WT_symbol,unmeasured_or_unmatched_not_zero_not_nonhit
FANCL,R1:55496,FANCL;PRKDC,-0.134924201,False,0.018315018315018316,True,True,True,included_primary,"{""gamma_R2"": ""P1P2"", ""rho_ATMi_R2"": ""P1P2"", ""rho_ATRi_R2"": ""P1P2"", ""rho_R2"": ""P1P2"", ""rho_WEE1i_R2"": ""P1P2""}",1,1,R3:5814,,True,True,included_primary,
FANCM,R1:13644,FANCM;PRKDC,-0.651790326,False,0.0641025641025641,True,True,True,included_primary,"{""gamma_R2"": ""P1P2"", ""rho_ATMi_R2"": ""P1P2"", ""rho_ATRi_R2"": ""P1P2"", ""rho_R2"": ""P1P2"", ""rho_WEE1i_R2"": ""P1P2""}",1,1,R3:5815,,True,True,included_primary,
FBXO18,R1:102699,FBXO18;PRKDC,0.0,False,0.0018315018315018315,True,True,True,included_primary,"{""gamma_R2"": ""P1P2"", ""rho_ATMi_R2"": ""P1P2"", ""rho_ATRi_R2"": ""P1P2"", ""rho_R2"": ""P1P2"", ""rho_WEE1i_R2"": ""P1P2""}",1,1,R3:5876,,True,True,included_primary,
FBXO6,R1:26859,FBXO6;PRKDC,-0.40395904,False,0.003663003663003663,True,True,True,included_primary,"{""gamma_R2"": ""P1P2"", ""rho_ATMi_R2"": ""P1P2"", ""rho_ATRi_R2"": ""P1P2"", ""rho_R2"": ""P1P2"", ""rho_WEE1i_R2"": ""P1P2""}",1,1,R3:5905,,True,True,included_primary,
FEN1,R1:103080,FEN1;PRKDC,0.0,False,0.02197802197802198,True,False,False,no_paired_complete_R3_record,"{""gamma_R2"": ""P1P2"", ""rho_ATMi_R2"": ""P1P2"", ""rho_ATRi_R2"": ""P1P2"", ""rho_R2"": ""P1P2"", ""rho_WEE1i_R2"": ""P1P2""}",1,0,R3:5963,,True,True,no_original_R3_record_with_finite_parent_rho_and_parent_gamma,unmeasured_or_unmatched_not_zero_not_nonhit
FGF10,R1:10950,FGF10;PRKDC,-0.73079918,False,0.023809523809523808,True,True,True,included_primary,"{""gamma_R2"": ""P1P2"", ""rho_ATMi_R2"": ""P1P2"", ""rho_ATRi_R2"": ""P1P2"", ""rho_R2"": ""P1P2"", ""rho_WEE1i_R2"": ""P1P2""}",1,1,R3:5992,,True,True,included_primary,
FH,R1:103420,FH;PRKDC,0.0,False,0.0,True,True,True,included_primary,"{""gamma_R2"": ""P1P2"", ""rho_ATMi_R2"": ""P1P2"", ""rho_ATRi_R2"": ""P1P2"", ""rho_R2"": ""P1P2"", ""rho_WEE1i_R2"": ""P1P2""}",1,1,R3:6029,,True,True,included_primary,
FIGN,R1:103590,FIGN;PRKDC,0.0,False,0.007326007326007326,True,True,True,included_primary,"{""gamma_R2"": ""P1P2"", ""rho_ATMi_R2"": ""P1P2"", ""rho_ATRi_R2"": ""P1P2"", ""rho_R2"": ""P1P2"", ""rho_WEE1i_R2"": ""P1P2""}",1,1,R3:6046,,True,True,included_primary,
FIGNL1,R1:42092,FIGNL1;PRKDC,-0.239807956,False,0.01098901098901099,True,True,True,included_primary,"{""gamma_R2"": ""P1P2"", ""rho_ATMi_R2"": ""P1P2"", ""rho_ATRi_R2"": ""P1P2"", ""rho_R2"": ""P1P2"", ""rho_WEE1i_R2"": ""P1P2""}",1,1,R3:6047,,True,True,included_primary,
FIGNL2,R1:9189,FIGNL2;PRKDC,-0.790207219,False,0.02564102564102564,True,True,True,included_primary,"{""gamma_R2"": ""P1P2"", ""rho_ATMi_R2"": ""P1P2"", ""rho_ATRi_R2"": ""P1P2"", ""rho_R2"": ""P1P2"", ""rho_WEE1i_R2"": ""P1P2""}",1,1,R3:6048,,True,True,included_primary,
FMN2,R1:104051,FMN2;PRKDC,0.0,False,0.003663003663003663,True,True,True,included_primary,"{""gamma_R2"": ""P1P2"", ""rho_ATMi_R2"": ""P1P2"", ""rho_ATRi_R2"": ""P1P2"", ""rho_R2"": ""P1P2"", ""rho_WEE1i_R2"": ""P1P2""}",1,1,R3:6101,,True,True,included_primary,
FOXM1,R1:13721,FOXM1;PRKDC,-0.649784173,False,0.040293040293040296,True,True,True,included_primary,"{""gamma_R2"": ""P1P2"", ""rho_ATMi_R2"": ""P1P2"", ""rho_ATRi_R2"": ""P1P2"", ""rho_R2"": ""P1P2"", ""rho_WEE1i_R2"": ""P1P2""}",1,1,R3:6174,,True,True,included_primary,
FTO,R1:17844,FTO;PRKDC,-0.551641802,False,0.01282051282051282,True,True,True,included_primary,"{""gamma_R2"": ""P1P2"", ""rho_ATMi_R2"": ""P1P2"", ""rho_ATRi_R2"": ""P1P2"", ""rho_R2"": ""P1P2"", ""rho_WEE1i_R2"": ""P1P2""}",1,1,R3:6265,,True,True,included_primary,
FUS,R1:74990,FUS;PRKDC,-0.005606829,False,0.0018315018315018315,True,True,True,included_primary,"{""gamma_R2"": ""P1P2"", ""rho_ATMi_R2"": ""P1P2"", ""rho_ATRi_R2"": ""P1P2"", ""rho_R2"": ""P1P2"", ""rho_WEE1i_R2"": ""P1P2""}",1,1,R3:6277,,True,True,included_primary,
FZR1,R1:9161,FZR1;PRKDC,-0.791700068,False,0.2326007326007326,True,True,True,included_primary,"{""gamma_R2"": ""P1P2"", ""rho_ATMi_R2"": ""P1P2"", ""rho_ATRi_R2"": ""P1P2"", ""rho_R2"": ""P1P2"", ""rho_WEE1i_R2"": ""P1P2""}",1,1,R3:6318,,True,True,included_primary,
GADD45A,R1:104769,GADD45A;PRKDC,0.0,False,0.003663003663003663,True,True,True,included_primary,"{""gamma_R2"": ""P1P2"", ""rho_ATMi_R2"": ""P1P2"", ""rho_ATRi_R2"": ""P1P2"", ""rho_R2"": ""P1P2"", ""rho_WEE1i_R2"": ""P1P2""}",1,1,R3:6360,,True,True,included_primary,
GEN1,R1:104984,GEN1;PRKDC,0.0,False,0.005494505494505495,True,True,True,included_primary,"{""gamma_R2"": ""P1P2"", ""rho_ATMi_R2"": ""P1P2"", ""rho_ATRi_R2"": ""P1P2"", ""rho_R2"": ""P1P2"", ""rho_WEE1i_R2"": ""P1P2""}",1,1,R3:6530,,True,True,included_primary,
GGN,R1:74222,GGN;PRKDC,-0.010846323,False,0.0,True,True,True,included_primary,"{""gamma_R2"": ""P1P2"", ""rho_ATMi_R2"": ""P1P2"", ""rho_ATRi_R2"": ""P1P2"", ""rho_R2"": ""P1P2"", ""rho_WEE1i_R2"": ""P1P2""}",1,1,R3:6556,,True,True,included_primary,
GINS2_mis,R1:142887,GINS2_mis;PRKDC,0.0,False,0.0,False,False,False,not_in_exact_three_way_symbol_support,{},0,0,,,False,False,no_exact_R2_symbol;no_exact_R3_WT_symbol,unmeasured_or_unmatched_not_zero_not_nonhit
GINS4_mis,R1:8536,GINS4_mis;PRKDC,-0.815407433,False,0.24175824175824176,False,False,False,not_in_exact_three_way_symbol_support,{},0,0,,,False,False,no_exact_R2_symbol;no_exact_R3_WT_symbol,unmeasured_or_unmatched_not_zero_not_nonhit
GLTSCR2_mis,R1:38129,GLTSCR2_mis;PRKDC,-0.275824562,False,0.01098901098901099,False,False,False,not_in_exact_three_way_symbol_support,{},0,0,,,False,False,no_exact_R2_symbol;no_exact_R3_WT_symbol,unmeasured_or_unmatched_not_zero_not_nonhit
GPS1,R1:105754,GPS1;PRKDC,0.0,False,0.023809523809523808,True,True,True,included_primary,"{""gamma_R2"": ""P1P2"", ""rho_ATMi_R2"": ""P1P2"", ""rho_ATRi_R2"": ""P1P2"", ""rho_R2"": ""P1P2"", ""rho_WEE1i_R2"": ""P1P2""}",1,1,R3:6951,,True,True,included_primary,
GTF2H1,R1:145480,GTF2H1;PRKDC,0.0,False,0.09706959706959707,True,False,False,no_paired_complete_R3_record,"{""gamma_R2"": ""P1P2"", ""rho_ATMi_R2"": ""P1P2"", ""rho_ATRi_R2"": ""P1P2"", ""rho_R2"": ""P1P2"", ""rho_WEE1i_R2"": ""P1P2""}",1,0,R3:7091,,True,True,no_original_R3_record_with_finite_parent_rho_and_parent_gamma,unmeasured_or_unmatched_not_zero_not_nonhit
GTF2H2C_mis,R1:105889,GTF2H2C_mis;PRKDC,0.0,False,0.0,False,False,False,not_in_exact_three_way_symbol_support,{},0,0,,,False,False,no_exact_R2_symbol;no_exact_R3_WT_symbol,unmeasured_or_unmatched_not_zero_not_nonhit
GTF2H2_mis,R1:144464,GTF2H2_mis;PRKDC,0.0,False,0.005494505494505495,False,False,False,not_in_exact_three_way_symbol_support,{},0,0,,,False,False,no_exact_R2_symbol;no_exact_R3_WT_symbol,unmeasured_or_unmatched_not_zero_not_nonhit
GTF2H3,R1:17345,GTF2H3;PRKDC,-0.562091536,False,0.10256410256410256,True,True,True,included_primary,"{""gamma_R2"": ""P1P2"", ""rho_ATMi_R2"": ""P1P2"", ""rho_ATRi_R2"": ""P1P2"", ""rho_R2"": ""P1P2"", ""rho_WEE1i_R2"": ""P1P2""}",1,1,R3:7095,,True,True,included_primary,
GTF2H4_mis,R1:4495,GTF2H4_mis;PRKDC,-1.044723324,True,0.12637362637362637,False,False,False,not_in_exact_three_way_symbol_support,{},0,0,,,False,False,no_exact_R2_symbol;no_exact_R3_WT_symbol,unmeasured_or_unmatched_not_zero_not_nonhit
GTF2H5,R1:569,GTF2H5;PRKDC,-1.716940024,True,0.12844036697247707,True,True,True,included_primary,"{""gamma_R2"": ""P1P2"", ""rho_ATMi_R2"": ""P1P2"", ""rho_ATRi_R2"": ""P1P2"", ""rho_R2"": ""P1P2"", ""rho_WEE1i_R2"": ""P1P2""}",1,1,R3:7097,,True,True,included_primary,
H2AFX,R1:106213,H2AFX;PRKDC,0.0,False,0.014652014652014652,True,True,True,included_primary,"{""gamma_R2"": ""P1P2"", ""rho_ATMi_R2"": ""P1P2"", ""rho_ATRi_R2"": ""P1P2"", ""rho_R2"": ""P1P2"", ""rho_WEE1i_R2"": ""P1P2""}",1,1,R3:7159,,True,True,included_primary,
HDAC10,R1:106378,HDAC10;PRKDC,0.0,False,0.0018315018315018315,True,True,True,included_primary,"{""gamma_R2"": ""P1P2"", ""rho_ATMi_R2"": ""P1P2"", ""rho_ATRi_R2"": ""P1P2"", ""rho_R2"": ""P1P2"", ""rho_WEE1i_R2"": ""P1P2""}",1,1,R3:7237,,True,True,included_primary,
HELB,R1:10804,HELB;PRKDC,-0.73480466,False,0.007339449541284404,True,True,True,included_primary,"{""gamma_R2"": ""P1P2"", ""rho_ATMi_R2"": ""P1P2"", ""rho_ATRi_R2"": ""P1P2"", ""rho_R2"": ""P1P2"", ""rho_WEE1i_R2"": ""P1P2""}",1,1,R3:7278,,True,True,included_primary,
HELQ,R1:21264,HELQ;PRKDC,-0.488919641,False,0.007326007326007326,True,True,True,included_primary,"{""gamma_R2"": ""P1P2"", ""rho_ATMi_R2"": ""P1P2"", ""rho_ATRi_R2"": ""P1P2"", ""rho_R2"": ""P1P2"", ""rho_WEE1i_R2"": ""P1P2""}",1,1,R3:7280,,True,True,included_primary,
HINFP_mis,R1:129846,HINFP_mis;PRKDC,0.0,False,0.14102564102564102,False,False,False,not_in_exact_three_way_symbol_support,{},0,0,,,False,False,no_exact_R2_symbol;no_exact_R3_WT_symbol,unmeasured_or_unmatched_not_zero_not_nonhit
HIST3H2A,R1:106805,HIST3H2A;PRKDC,0.0,False,0.007326007326007326,True,True,True,included_primary,"{""gamma_R2"": ""P1P2"", ""rho_ATMi_R2"": ""P1P2"", ""rho_ATRi_R2"": ""P1P2"", ""rho_R2"": ""P1P2"", ""rho_WEE1i_R2"": ""P1P2""}",1,1,R3:7429,,True,True,included_primary,
HIST3H3,R1:106948,HIST3H3;PRKDC,0.0,False,0.003669724770642202,True,True,True,included_primary,"{""gamma_R2"": ""P1P2"", ""rho_ATMi_R2"": ""P1P2"", ""rho_ATRi_R2"": ""P1P2"", ""rho_R2"": ""P1P2"", ""rho_WEE1i_R2"": ""P1P2""}",1,1,R3:7431,,True,True,included_primary,
HIST4H4,R1:58599,HIST4H4;PRKDC,-0.113747536,False,0.0018315018315018315,True,True,True,included_primary,"{""gamma_R2"": ""ENST00000539745.1"", ""rho_ATMi_R2"": ""ENST00000539745.1"", ""rho_ATRi_R2"": ""ENST00000539745.1"", ""rho_R2"": ""ENST00000539745.1"", ""rho_WEE1i_R2"": ""ENST00000539745.1""}",1,1,R3:7432,,True,True,included_primary,
HMGA1,R1:36918,HMGA1;PRKDC,-0.287581046,False,0.007326007326007326,True,True,True,included_primary,"{""gamma_R2"": ""P1P2"", ""rho_ATMi_R2"": ""P1P2"", ""rho_ATRi_R2"": ""P1P2"", ""rho_R2"": ""P1P2"", ""rho_WEE1i_R2"": ""P1P2""}",1,1,R3:7486,,True,True,included_primary,
HMGA2,R1:74882,HMGA2;PRKDC,-0.006325428,False,0.0018315018315018315,True,True,True,included_primary,"{""gamma_R2"": ""P1P2"", ""rho_ATMi_R2"": ""P1P2"", ""rho_ATRi_R2"": ""P1P2"", ""rho_R2"": ""P1P2"", ""rho_WEE1i_R2"": ""P1P2""}",1,1,R3:7487,,True,True,included_primary,
HMGB1,R1:46808,HMGB1;PRKDC,-0.200679473,False,0.003669724770642202,True,True,False,R2_transcript_inconsistent,"{""gamma_R2"": ""P1"", ""rho_ATMi_R2"": ""P2"", ""rho_ATRi_R2"": ""P2"", ""rho_R2"": ""P2"", ""rho_WEE1i_R2"": ""P1""}",2,2,R3:7488;R3:7489,,True,True,R2_five_endpoint_transcript_labels_differ,unmeasured_or_unmatched_not_zero_not_nonhit
HMGB2,R1:29572,HMGB2;PRKDC,-0.369132357,False,0.018315018315018316,True,True,True,included_primary,"{""gamma_R2"": ""P1P2"", ""rho_ATMi_R2"": ""P1P2"", ""rho_ATRi_R2"": ""P1P2"", ""rho_R2"": ""P1P2"", ""rho_WEE1i_R2"": ""P1P2""}",1,1,R3:7490,,True,True,included_primary,
HMGN1,R1:107833,HMGN1;PRKDC,0.0,False,0.005504587155963303,True,True,True,included_primary,"{""gamma_R2"": ""P1P2"", ""rho_ATMi_R2"": ""P1P2"", ""rho_ATRi_R2"": ""P1P2"", ""rho_R2"": ""P1P2"", ""rho_WEE1i_R2"": ""P1P2""}",1,1,R3:7497,,True,True,included_primary,
HSF1,R1:18292,HSF1;PRKDC,-0.542693189,False,0.005494505494505495,True,True,True,included_primary,"{""gamma_R2"": ""P1P2"", ""rho_ATMi_R2"": ""P1P2"", ""rho_ATRi_R2"": ""P1P2"", ""rho_R2"": ""P1P2"", ""rho_WEE1i_R2"": ""P1P2""}",1,1,R3:7677,,True,True,included_primary,
HUS1B,R1:15936,HUS1B;PRKDC,-0.594309254,False,0.007339449541284404,True,True,True,included_primary,"{""gamma_R2"": ""P1P2"", ""rho_ATMi_R2"": ""P1P2"", ""rho_ATRi_R2"": ""P1P2"", ""rho_R2"": ""P1P2"", ""rho_WEE1i_R2"": ""P1P2""}",1,1,R3:7746,,True,True,included_primary,
HUS1_mis,R1:150,HUS1_mis;PRKDC,-2.104204721,True,0.22893772893772893,False,False,False,not_in_exact_three_way_symbol_support,{},0,0,,,False,False,no_exact_R2_symbol;no_exact_R3_WT_symbol,unmeasured_or_unmatched_not_zero_not_nonhit
HUWE1,R1:16702,HUWE1;PRKDC,-0.576738781,False,0.047706422018348627,True,True,True,included_primary,"{""gamma_R2"": ""P1P2"", ""rho_ATMi_R2"": ""P1P2"", ""rho_ATRi_R2"": ""P1P2"", ""rho_R2"": ""P1P2"", ""rho_WEE1i_R2"": ""P1P2""}",1,1,R3:7747,,True,True,included_primary,
IGHMBP2,R1:65173,IGHMBP2;PRKDC,-0.069106371,False,0.009157509157509158,True,True,True,included_primary,"{""gamma_R2"": ""P1P2"", ""rho_ATMi_R2"": ""P1P2"", ""rho_ATRi_R2"": ""P1P2"", ""rho_R2"": ""P1P2"", ""rho_WEE1i_R2"": ""P1P2""}",1,1,R3:7895,,True,True,included_primary,
ING3,R1:10770,ING3;PRKDC,-0.736025781,False,0.08974358974358974,True,True,True,included_primary,"{""gamma_R2"": ""P1P2"", ""rho_ATMi_R2"": ""P1P2"", ""rho_ATRi_R2"": ""P1P2"", ""rho_R2"": ""P1P2"", ""rho_WEE1i_R2"": ""P1P2""}",1,1,R3:8052,,True,True,included_primary,
INIP,R1:108571,INIP;PRKDC,0.0,False,0.003663003663003663,True,True,True,included_primary,"{""gamma_R2"": ""P1P2"", ""rho_ATMi_R2"": ""P1P2"", ""rho_ATRi_R2"": ""P1P2"", ""rho_R2"": ""P1P2"", ""rho_WEE1i_R2"": ""P1P2""}",1,1,R3:8060,,True,True,included_primary,
INO80B_mis,R1:66930,INO80B_mis;PRKDC,-0.0576383,False,0.08058608058608059,False,False,False,not_in_exact_three_way_symbol_support,{},0,0,,,False,False,no_exact_R2_symbol;no_exact_R3_WT_symbol,unmeasured_or_unmatched_not_zero_not_nonhit
INO80C,R1:61253,INO80C;PRKDC,-0.095560417,False,0.014652014652014652,True,True,True,included_primary,"{""gamma_R2"": ""P1P2"", ""rho_ATMi_R2"": ""P1P2"", ""rho_ATRi_R2"": ""P1P2"", ""rho_R2"": ""P1P2"", ""rho_WEE1i_R2"": ""P1P2""}",1,1,R3:8064,,True,True,included_primary,
INO80D,R1:68192,INO80D;PRKDC,-0.049256402,False,0.0,True,True,True,included_primary,"{""gamma_R2"": ""P1P2"", ""rho_ATMi_R2"": ""P1P2"", ""rho_ATRi_R2"": ""P1P2"", ""rho_R2"": ""P1P2"", ""rho_WEE1i_R2"": ""P1P2""}",1,1,R3:8065,,True,True,included_primary,
INO80E,R1:8249,INO80E;PRKDC,-0.828659104,False,0.10989010989010989,True,True,True,included_primary,"{""gamma_R2"": ""P1P2"", ""rho_ATMi_R2"": ""P1P2"", ""rho_ATRi_R2"": ""P1P2"", ""rho_R2"": ""P1P2"", ""rho_WEE1i_R2"": ""P1P2""}",1,1,R3:8066,,True,True,included_primary,
INO80_mis,R1:26858,INO80_mis;PRKDC,-0.403964219,False,0.09706959706959707,False,False,False,not_in_exact_three_way_symbol_support,{},0,0,,,False,False,no_exact_R2_symbol;no_exact_R3_WT_symbol,unmeasured_or_unmatched_not_zero_not_nonhit
INTS3_mis,R1:140335,INTS3_mis;PRKDC,0.0,False,0.03486238532110092,False,False,False,not_in_exact_three_way_symbol_support,{},0,0,,,False,False,no_exact_R2_symbol;no_exact_R3_WT_symbol,unmeasured_or_unmatched_not_zero_not_nonhit
ISG15,R1:54752,ISG15;PRKDC,-0.140267971,False,0.03663003663003663,True,True,True,included_primary,"{""gamma_R2"": ""P1P2"", ""rho_ATMi_R2"": ""P1P2"", ""rho_ATRi_R2"": ""P1P2"", ""rho_R2"": ""P1P2"", ""rho_WEE1i_R2"": ""P1P2""}",1,1,R3:8179,,True,True,included_primary,
JMY,R1:109200,JMY;PRKDC,0.0,False,0.0018315018315018315,True,True,True,included_primary,"{""gamma_R2"": ""P1P2"", ""rho_ATMi_R2"": ""P1P2"", ""rho_ATRi_R2"": ""P1P2"", ""rho_R2"": ""P1P2"", ""rho_WEE1i_R2"": ""P1P2""}",1,1,R3:8290,,True,True,included_primary,
KAT5,R1:39148,KAT5;PRKDC,-0.266190141,False,0.029304029304029304,True,True,True,included_primary,"{""gamma_R2"": ""P1P2"", ""rho_ATMi_R2"": ""P1P2"", ""rho_ATRi_R2"": ""P1P2"", ""rho_R2"": ""P1P2"", ""rho_WEE1i_R2"": ""P1P2""}",1,1,R3:8319,,True,True,included_primary,
KDM1A,R1:37863,KDM1A;PRKDC,-0.278155177,False,0.0018315018315018315,True,True,True,included_primary,"{""gamma_R2"": ""P1P2"", ""rho_ATMi_R2"": ""P1P2"", ""rho_ATRi_R2"": ""P1P2"", ""rho_R2"": ""P1P2"", ""rho_WEE1i_R2"": ""P1P2""}",1,1,R3:8470,,True,True,included_primary,
KDM2A,R1:17559,KDM2A;PRKDC,-0.557695011,False,0.045787545787545784,True,True,True,included_primary,"{""gamma_R2"": ""P1P2"", ""rho_ATMi_R2"": ""P1P2"", ""rho_ATRi_R2"": ""P1P2"", ""rho_R2"": ""P1P2"", ""rho_WEE1i_R2"": ""P1P2""}",1,1,R3:8472,,True,True,included_primary,
KDM4D,R1:109699,KDM4D;PRKDC,0.0,False,0.005504587155963303,True,True,True,included_primary,"{""gamma_R2"": ""P1P2"", ""rho_ATMi_R2"": ""P1P2"", ""rho_ATRi_R2"": ""P1P2"", ""rho_R2"": ""P1P2"", ""rho_WEE1i_R2"": ""P1P2""}",1,1,R3:8480,,True,True,included_primary,
KIAA0101,R1:74777,KIAA0101;PRKDC,-0.006931023,False,0.020146520146520148,True,True,True,included_primary,"{""gamma_R2"": ""P1P2"", ""rho_ATMi_R2"": ""P1P2"", ""rho_ATRi_R2"": ""P1P2"", ""rho_R2"": ""P1P2"", ""rho_WEE1i_R2"": ""P1P2""}",1,1,R3:8507,,True,True,included_primary,
KIAA0430,R1:38513,KIAA0430;PRKDC,-0.272185852,False,0.003663003663003663,True,True,True,included_primary,"{""gamma_R2"": ""P1P2"", ""rho_ATMi_R2"": ""P1P2"", ""rho_ATRi_R2"": ""P1P2"", ""rho_R2"": ""P1P2"", ""rho_WEE1i_R2"": ""P1P2""}",1,1,R3:8523,,True,True,included_primary,
KIF22,R1:19213,KIF22;PRKDC,-0.524546719,False,0.03296703296703297,True,True,False,R2_transcript_inconsistent,"{""gamma_R2"": ""P1"", ""rho_ATMi_R2"": ""P1"", ""rho_ATRi_R2"": ""P1"", ""rho_R2"": ""P1"", ""rho_WEE1i_R2"": ""P2""}",2,2,R3:8616;R3:8617,,True,True,R2_five_endpoint_transcript_labels_differ,unmeasured_or_unmatched_not_zero_not_nonhit
KIN,R1:29300,KIN;PRKDC,-0.372466873,False,0.020146520146520148,True,True,True,included_primary,"{""gamma_R2"": ""P1P2"", ""rho_ATMi_R2"": ""P1P2"", ""rho_ATRi_R2"": ""P1P2"", ""rho_R2"": ""P1P2"", ""rho_WEE1i_R2"": ""P1P2""}",1,1,R3:8640,,True,True,included_primary,
KLHL15,R1:110166,KLHL15;PRKDC,0.0,False,0.01282051282051282,True,True,True,included_primary,"{""gamma_R2"": ""ENST00000328046.8"", ""rho_ATMi_R2"": ""ENST00000328046.8"", ""rho_ATRi_R2"": ""ENST00000328046.8"", ""rho_R2"": ""ENST00000328046.8"", ""rho_WEE1i_R2"": ""ENST00000328046.8""}",1,1,R3:8697,,True,True,included_primary,
LIG1,R1:3685,LIG1;PRKDC,-1.114918682,True,0.06776556776556776,False,False,False,not_in_exact_three_way_symbol_support,"{""gamma_R2"": ""P1P2"", ""rho_ATMi_R2"": ""P1P2"", ""rho_ATRi_R2"": ""P1P2"", ""rho_R2"": ""P1P2"", ""rho_WEE1i_R2"": ""P1P2""}",0,0,,,True,False,no_exact_R3_WT_symbol,unmeasured_or_unmatched_not_zero_not_nonhit
LIG3,R1:19890,LIG3;PRKDC,-0.512408576,False,0.054945054945054944,True,True,True,included_primary,"{""gamma_R2"": ""P1P2"", ""rho_ATMi_R2"": ""P1P2"", ""rho_ATRi_R2"": ""P1P2"", ""rho_R2"": ""P1P2"", ""rho_WEE1i_R2"": ""P1P2""}",1,1,R3:9150,,True,True,included_primary,
LIG4,R1:31035,LIG4;PRKDC,-0.351156607,False,0.003669724770642202,True,True,False,R2_transcript_inconsistent,"{""gamma_R2"": ""P1"", ""rho_ATMi_R2"": ""P2"", ""rho_ATRi_R2"": ""P2"", ""rho_R2"": ""P1"", ""rho_WEE1i_R2"": ""P2""}",2,2,R3:9151;R3:9152,,True,True,R2_five_endpoint_transcript_labels_differ,unmeasured_or_unmatched_not_zero_not_nonhit
MAD2L2,R1:34085,MAD2L2;PRKDC,-0.316838102,False,0.031135531135531136,True,True,True,included_primary,"{""gamma_R2"": ""P1P2"", ""rho_ATMi_R2"": ""P1P2"", ""rho_ATRi_R2"": ""P1P2"", ""rho_R2"": ""P1P2"", ""rho_WEE1i_R2"": ""P1P2""}",1,1,R3:9610,,True,True,included_primary,
MAGEF1,R1:110756,MAGEF1;PRKDC,0.0,False,0.0,True,True,True,included_primary,"{""gamma_R2"": ""P1P2"", ""rho_ATMi_R2"": ""P1P2"", ""rho_ATRi_R2"": ""P1P2"", ""rho_R2"": ""P1P2"", ""rho_WEE1i_R2"": ""P1P2""}",1,1,R3:9659,,True,True,included_primary,
MB21D1,R1:110916,MB21D1;PRKDC,0.0,False,0.0018315018315018315,True,True,True,included_primary,"{""gamma_R2"": ""P1P2"", ""rho_ATMi_R2"": ""P1P2"", ""rho_ATRi_R2"": ""P1P2"", ""rho_R2"": ""P1P2"", ""rho_WEE1i_R2"": ""P1P2""}",1,1,R3:9840,,True,True,included_primary,
MBD4,R1:27450,MBD4;PRKDC,-0.396132354,False,0.009157509157509158,True,True,True,included_primary,"{""gamma_R2"": ""P1P2"", ""rho_ATMi_R2"": ""P1P2"", ""rho_ATRi_R2"": ""P1P2"", ""rho_R2"": ""P1P2"", ""rho_WEE1i_R2"": ""P1P2""}",1,1,R3:9851,,True,True,included_primary,
MBTD1,R1:111228,MBTD1;PRKDC,0.0,False,0.005494505494505495,True,True,True,included_primary,"{""gamma_R2"": ""P1P2"", ""rho_ATMi_R2"": ""P1P2"", ""rho_ATRi_R2"": ""P1P2"", ""rho_R2"": ""P1P2"", ""rho_WEE1i_R2"": ""P1P2""}",1,1,R3:9866,,True,True,included_primary,
MC1R,R1:111350,MC1R;PRKDC,0.0,False,0.003663003663003663,True,True,True,included_primary,"{""gamma_R2"": ""P1P2"", ""rho_ATMi_R2"": ""P1P2"", ""rho_ATRi_R2"": ""P1P2"", ""rho_R2"": ""P1P2"", ""rho_WEE1i_R2"": ""P1P2""}",1,1,R3:9869,,True,True,included_primary,
MCM2_mis,R1:111483,MCM2_mis;PRKDC,0.0,False,0.0,False,False,False,not_in_exact_three_way_symbol_support,{},0,0,,,False,False,no_exact_R2_symbol;no_exact_R3_WT_symbol,unmeasured_or_unmatched_not_zero_not_nonhit
MCM3_mis,R1:133849,MCM3_mis;PRKDC,0.0,False,0.07692307692307693,False,False,False,not_in_exact_three_way_symbol_support,{},0,0,,,False,False,no_exact_R2_symbol;no_exact_R3_WT_symbol,unmeasured_or_unmatched_not_zero_not_nonhit
MCM4,R1:32,MCM4;PRKDC,-2.565027646,True,0.07326007326007326,True,True,True,included_primary,"{""gamma_R2"": ""P1P2"", ""rho_ATMi_R2"": ""P1P2"", ""rho_ATRi_R2"": ""P1P2"", ""rho_R2"": ""P1P2"", ""rho_WEE1i_R2"": ""P1P2""}",1,1,R3:9891,,True,True,included_primary,
MCM5,R1:43733,MCM5;PRKDC,-0.225555835,False,0.08623853211009175,False,False,False,not_in_exact_three_way_symbol_support,"{""gamma_R2"": ""P1P2"", ""rho_ATMi_R2"": ""P1P2"", ""rho_ATRi_R2"": ""P1P2"", ""rho_R2"": ""P1P2"", ""rho_WEE1i_R2"": ""P1P2""}",0,0,,,True,False,no_exact_R3_WT_symbol,unmeasured_or_unmatched_not_zero_not_nonhit
MCM6_mis,R1:11852,MCM6_mis;PRKDC,-0.701554732,False,0.009157509157509158,False,False,False,not_in_exact_three_way_symbol_support,{},0,0,,,False,False,no_exact_R2_symbol;no_exact_R3_WT_symbol,unmeasured_or_unmatched_not_zero_not_nonhit
MCM7,R1:8518,MCM7;PRKDC,-0.815967559,False,0.15567765567765568,True,True,True,included_primary,"{""gamma_R2"": ""P1P2"", ""rho_ATMi_R2"": ""P1P2"", ""rho_ATRi_R2"": ""P1P2"", ""rho_R2"": ""P1P2"", ""rho_WEE1i_R2"": ""P1P2""}",1,1,R3:9892,,True,True,included_primary,
MCM8,R1:55232,MCM8;PRKDC,-0.136909775,False,0.003663003663003663,True,True,True,included_primary,"{""gamma_R2"": ""P1P2"", ""rho_ATMi_R2"": ""P1P2"", ""rho_ATRi_R2"": ""P1P2"", ""rho_R2"": ""P1P2"", ""rho_WEE1i_R2"": ""P1P2""}",1,1,R3:9893,,True,True,included_primary,
MCM9,R1:74376,MCM9;PRKDC,-0.009774722,False,0.01282051282051282,True,True,True,included_primary,"{""gamma_R2"": ""P1P2"", ""rho_ATMi_R2"": ""P1P2"", ""rho_ATRi_R2"": ""P1P2"", ""rho_R2"": ""P1P2"", ""rho_WEE1i_R2"": ""P1P2""}",1,1,R3:9894,,True,True,included_primary,
MCMDC2,R1:40358,MCMDC2;PRKDC,-0.255060993,False,0.007326007326007326,True,True,True,included_primary,"{""gamma_R2"": ""P1P2"", ""rho_ATMi_R2"": ""P1P2"", ""rho_ATRi_R2"": ""P1P2"", ""rho_R2"": ""P1P2"", ""rho_WEE1i_R2"": ""P1P2""}",1,1,R3:9896,,True,True,included_primary,
MCRS1,R1:64809,MCRS1;PRKDC,-0.071500728,False,0.02564102564102564,True,True,True,included_primary,"{""gamma_R2"": ""P1P2"", ""rho_ATMi_R2"": ""P1P2"", ""rho_ATRi_R2"": ""P1P2"", ""rho_R2"": ""P1P2"", ""rho_WEE1i_R2"": ""P1P2""}",1,1,R3:9901,,True,True,included_primary,
MDC1,R1:46906,MDC1;PRKDC,-0.199962878,False,0.04212454212454213,True,True,True,included_primary,"{""gamma_R2"": ""P1P2"", ""rho_ATMi_R2"": ""P1P2"", ""rho_ATRi_R2"": ""P1P2"", ""rho_R2"": ""P1P2"", ""rho_WEE1i_R2"": ""P1P2""}",1,1,R3:9907,,True,True,included_primary,
MEAF6,R1:47438,MEAF6;PRKDC,-0.195549245,False,0.1446886446886447,True,True,True,included_primary,"{""gamma_R2"": ""P1P2"", ""rho_ATMi_R2"": ""P1P2"", ""rho_ATRi_R2"": ""P1P2"", ""rho_R2"": ""P1P2"", ""rho_WEE1i_R2"": ""P1P2""}",1,1,R3:9924,,True,True,included_primary,
MEIOB,R1:48485,MEIOB;PRKDC,-0.187347245,False,0.0018315018315018315,True,True,True,included_primary,"{""gamma_R2"": ""P1P2"", ""rho_ATMi_R2"": ""P1P2"", ""rho_ATRi_R2"": ""P1P2"", ""rho_R2"": ""P1P2"", ""rho_WEE1i_R2"": ""P1P2""}",1,1,R3:9965,,True,True,included_primary,
MEN1,R1:112644,MEN1;PRKDC,0.0,False,0.07692307692307693,True,True,True,included_primary,"{""gamma_R2"": ""P1P2"", ""rho_ATMi_R2"": ""P1P2"", ""rho_ATRi_R2"": ""P1P2"", ""rho_R2"": ""P1P2"", ""rho_WEE1i_R2"": ""P1P2""}",1,1,R3:9973,,True,True,included_primary,
MGME1,R1:51428,MGME1;PRKDC,-0.164454862,False,0.003663003663003663,True,True,True,included_primary,"{""gamma_R2"": ""P1P2"", ""rho_ATMi_R2"": ""P1P2"", ""rho_ATRi_R2"": ""P1P2"", ""rho_R2"": ""P1P2"", ""rho_WEE1i_R2"": ""P1P2""}",1,1,R3:10066,,True,True,included_primary,
MGMT,R1:70141,MGMT;PRKDC,-0.036632024,False,0.005494505494505495,True,True,True,included_primary,"{""gamma_R2"": ""P1P2"", ""rho_ATMi_R2"": ""P1P2"", ""rho_ATRi_R2"": ""P1P2"", ""rho_R2"": ""P1P2"", ""rho_WEE1i_R2"": ""P1P2""}",1,1,R3:10067,,True,True,included_primary,
MLH1,R1:112995,MLH1;PRKDC,0.0,False,0.009157509157509158,True,True,True,included_primary,"{""gamma_R2"": ""P1P2"", ""rho_ATMi_R2"": ""P1P2"", ""rho_ATRi_R2"": ""P1P2"", ""rho_R2"": ""P1P2"", ""rho_WEE1i_R2"": ""P1P2""}",1,1,R3:10149,,True,True,included_primary,
MLH3,R1:57568,MLH3;PRKDC,-0.12128774,False,0.005494505494505495,True,True,True,included_primary,"{""gamma_R2"": ""P1P2"", ""rho_ATMi_R2"": ""P1P2"", ""rho_ATRi_R2"": ""P1P2"", ""rho_R2"": ""P1P2"", ""rho_WEE1i_R2"": ""P1P2""}",1,1,R3:10150,,True,True,included_primary,
MMS19,R1:16489,MMS19;PRKDC,-0.582041896,False,0.0347985347985348,True,False,False,no_paired_complete_R3_record,"{""gamma_R2"": ""P1P2"", ""rho_ATMi_R2"": ""P1P2"", ""rho_ATRi_R2"": ""P1P2"", ""rho_R2"": ""P1P2"", ""rho_WEE1i_R2"": ""P1P2""}",1,0,R3:10202,,True,True,no_original_R3_record_with_finite_parent_rho_and_parent_gamma,unmeasured_or_unmatched_not_zero_not_nonhit
MMS22L,R1:1325,MMS22L;PRKDC,-1.46055203,True,0.06227106227106227,False,False,False,not_in_exact_three_way_symbol_support,"{""gamma_R2"": ""P1P2"", ""rho_ATMi_R2"": ""P1P2"", ""rho_ATRi_R2"": ""P1P2"", ""rho_R2"": ""P1P2"", ""rho_WEE1i_R2"": ""P1P2""}",0,0,,,True,False,no_exact_R3_WT_symbol,unmeasured_or_unmatched_not_zero_not_nonhit
MNAT1,R1:25393,MNAT1;PRKDC,-0.424214983,False,0.0641025641025641,False,False,False,not_in_exact_three_way_symbol_support,"{""gamma_R2"": ""P1P2"", ""rho_ATMi_R2"": ""P1P2"", ""rho_ATRi_R2"": ""P1P2"", ""rho_R2"": ""P1P2"", ""rho_WEE1i_R2"": ""P1P2""}",0,0,,,True,False,no_exact_R3_WT_symbol,unmeasured_or_unmatched_not_zero_not_nonhit
MORF4L1,R1:113647,MORF4L1;PRKDC,0.0,False,0.009157509157509158,True,True,True,included_primary,"{""gamma_R2"": ""P1P2"", ""rho_ATMi_R2"": ""P1P2"", ""rho_ATRi_R2"": ""P1P2"", ""rho_R2"": ""P1P2"", ""rho_WEE1i_R2"": ""P1P2""}",1,1,R3:10236,,True,True,included_primary,
MORF4L2,R1:43900,MORF4L2;PRKDC,-0.224263464,False,0.009157509157509158,True,True,True,included_primary,"{""gamma_R2"": ""P1"", ""rho_ATMi_R2"": ""P1"", ""rho_ATRi_R2"": ""P1"", ""rho_R2"": ""P1"", ""rho_WEE1i_R2"": ""P1""}",2,2,R3:10237;R3:10238,,True,True,included_primary,
MPG,R1:69972,MPG;PRKDC,-0.037810516,False,0.018315018315018316,True,True,True,included_primary,"{""gamma_R2"": ""P1P2"", ""rho_ATMi_R2"": ""P1P2"", ""rho_ATRi_R2"": ""P1P2"", ""rho_R2"": ""P1P2"", ""rho_WEE1i_R2"": ""P1P2""}",1,1,R3:10255,,True,True,included_primary,
MRE11A,R1:2281,MRE11A;PRKDC,-1.274046566,True,0.06593406593406594,False,False,False,not_in_exact_three_way_symbol_support,"{""gamma_R2"": ""P1P2"", ""rho_ATMi_R2"": ""P1P2"", ""rho_ATRi_R2"": ""P1P2"", ""rho_R2"": ""P1P2"", ""rho_WEE1i_R2"": ""P1P2""}",0,0,,,True,False,no_exact_R3_WT_symbol,unmeasured_or_unmatched_not_zero_not_nonhit
MRGBP,R1:67317,MRGBP;PRKDC,-0.055048916,False,0.02564102564102564,True,True,True,included_primary,"{""gamma_R2"": ""P1P2"", ""rho_ATMi_R2"": ""P1P2"", ""rho_ATRi_R2"": ""P1P2"", ""rho_R2"": ""P1P2"", ""rho_WEE1i_R2"": ""P1P2""}",1,1,R3:10294,,True,True,included_primary,
MSH2,R1:5203,MSH2;PRKDC,-0.995003157,False,0.014652014652014652,True,True,True,included_primary,"{""gamma_R2"": ""P1P2"", ""rho_ATMi_R2"": ""P1P2"", ""rho_ATRi_R2"": ""P1P2"", ""rho_R2"": ""P1P2"", ""rho_WEE1i_R2"": ""P1P2""}",1,1,R3:10416,,True,True,included_primary,
MSH3,R1:114421,MSH3;PRKDC,0.0,False,0.0018315018315018315,True,True,True,included_primary,"{""gamma_R2"": ""P1P2"", ""rho_ATMi_R2"": ""P1P2"", ""rho_ATRi_R2"": ""P1P2"", ""rho_R2"": ""P1P2"", ""rho_WEE1i_R2"": ""P1P2""}",1,1,R3:10417,,True,True,included_primary,
MSH4,R1:114582,MSH4;PRKDC,0.0,False,0.007326007326007326,True,True,True,included_primary,"{""gamma_R2"": ""P1P2"", ""rho_ATMi_R2"": ""P1P2"", ""rho_ATRi_R2"": ""P1P2"", ""rho_R2"": ""P1P2"", ""rho_WEE1i_R2"": ""P1P2""}",1,1,R3:10418,,True,True,included_primary,
MSH5,R1:30024,MSH5;PRKDC,-0.36362795,False,0.005494505494505495,True,True,True,included_primary,"{""gamma_R2"": ""P1P2"", ""rho_ATMi_R2"": ""P1P2"", ""rho_ATRi_R2"": ""P1P2"", ""rho_R2"": ""P1P2"", ""rho_WEE1i_R2"": ""P1P2""}",1,1,R3:10419,,True,True,included_primary,
MSH6,R1:49810,MSH6;PRKDC,-0.177170737,False,0.016483516483516484,True,True,True,included_primary,"{""gamma_R2"": ""P1P2"", ""rho_ATMi_R2"": ""P1P2"", ""rho_ATRi_R2"": ""P1P2"", ""rho_R2"": ""P1P2"", ""rho_WEE1i_R2"": ""P1P2""}",1,1,R3:10420,,True,True,included_primary,
MTA1,R1:114883,MTA1;PRKDC,0.0,False,0.060550458715596334,True,False,False,no_paired_complete_R3_record,"{""gamma_R2"": ""P1P2"", ""rho_ATMi_R2"": ""P1P2"", ""rho_ATRi_R2"": ""P1P2"", ""rho_R2"": ""P1P2"", ""rho_WEE1i_R2"": ""P1P2""}",1,0,R3:10458,,True,True,no_original_R3_record_with_finite_parent_rho_and_parent_gamma,unmeasured_or_unmatched_not_zero_not_nonhit
MUM1,R1:11241,MUM1;PRKDC,-0.721669946,False,0.044036697247706424,True,True,True,included_primary,"{""gamma_R2"": ""P1P2"", ""rho_ATMi_R2"": ""P1P2"", ""rho_ATRi_R2"": ""P1P2"", ""rho_R2"": ""P1P2"", ""rho_WEE1i_R2"": ""P1P2""}",1,1,R3:10553,,True,True,included_primary,
MUS81,R1:55247,MUS81;PRKDC,-0.136812796,False,0.01098901098901099,True,True,True,included_primary,"{""gamma_R2"": ""P1P2"", ""rho_ATMi_R2"": ""P1P2"", ""rho_ATRi_R2"": ""P1P2"", ""rho_R2"": ""P1P2"", ""rho_WEE1i_R2"": ""P1P2""}",1,1,R3:10556,,True,True,included_primary,
MUTYH,R1:17124,MUTYH;PRKDC,-0.566984776,False,0.0347985347985348,True,True,True,included_primary,"{""gamma_R2"": ""P1P2"", ""rho_ATMi_R2"": ""P1P2"", ""rho_ATRi_R2"": ""P1P2"", ""rho_R2"": ""P1P2"", ""rho_WEE1i_R2"": ""P1P2""}",1,1,R3:10560,,True,True,included_primary,
NABP1,R1:115311,NABP1;PRKDC,0.0,False,0.007326007326007326,True,True,True,included_primary,"{""gamma_R2"": ""P1P2"", ""rho_ATMi_R2"": ""P1P2"", ""rho_ATRi_R2"": ""P1P2"", ""rho_R2"": ""P1P2"", ""rho_WEE1i_R2"": ""P1P2""}",1,1,R3:10723,,True,True,included_primary,
NABP2,R1:37587,NABP2;PRKDC,-0.281131056,False,0.007326007326007326,True,True,False,R2_transcript_inconsistent,"{""gamma_R2"": ""P1"", ""rho_ATMi_R2"": ""P2"", ""rho_ATRi_R2"": ""P1"", ""rho_R2"": ""P1"", ""rho_WEE1i_R2"": ""P1""}",2,2,R3:10724;R3:10725,,True,True,R2_five_endpoint_transcript_labels_differ,unmeasured_or_unmatched_not_zero_not_nonhit
NBN,R1:16219,NBN;PRKDC,-0.588531656,False,0.003669724770642202,True,False,False,no_paired_complete_R3_record,"{""gamma_R2"": ""P1P2"", ""rho_ATMi_R2"": ""P1P2"", ""rho_ATRi_R2"": ""P1P2"", ""rho_R2"": ""P1P2"", ""rho_WEE1i_R2"": ""P1P2""}",1,0,R3:10786,,True,True,no_original_R3_record_with_finite_parent_rho_and_parent_gamma,unmeasured_or_unmatched_not_zero_not_nonhit
NDNL2,R1:46165,NDNL2;PRKDC,-0.205559462,False,0.04212454212454213,True,True,True,included_primary,"{""gamma_R2"": ""P1P2"", ""rho_ATMi_R2"": ""P1P2"", ""rho_ATRi_R2"": ""P1P2"", ""rho_R2"": ""P1P2"", ""rho_WEE1i_R2"": ""P1P2""}",1,1,R3:10848,,True,True,included_primary,
NEIL1,R1:115720,NEIL1;PRKDC,0.0,False,0.01098901098901099,True,True,True,included_primary,"{""gamma_R2"": ""P1P2"", ""rho_ATMi_R2"": ""P1P2"", ""rho_ATRi_R2"": ""P1P2"", ""rho_R2"": ""P1P2"", ""rho_WEE1i_R2"": ""P1P2""}",1,1,R3:10923,,True,True,included_primary,
NEIL2,R1:55829,NEIL2;PRKDC,-0.132685766,False,0.003663003663003663,True,True,True,included_primary,"{""gamma_R2"": ""P1P2"", ""rho_ATMi_R2"": ""P1P2"", ""rho_ATRi_R2"": ""P1P2"", ""rho_R2"": ""P1P2"", ""rho_WEE1i_R2"": ""P1P2""}",1,1,R3:10924,,True,True,included_primary,
NEIL3,R1:74861,NEIL3;PRKDC,-0.006425477,False,0.0018315018315018315,True,True,True,included_primary,"{""gamma_R2"": ""P1P2"", ""rho_ATMi_R2"": ""P1P2"", ""rho_ATRi_R2"": ""P1P2"", ""rho_R2"": ""P1P2"", ""rho_WEE1i_R2"": ""P1P2""}",1,1,R3:10925,,True,True,included_primary,
NFRKB,R1:7158,NFRKB;PRKDC,-0.882237741,False,0.13736263736263737,True,True,True,included_primary,"{""gamma_R2"": ""P1P2"", ""rho_ATMi_R2"": ""P1P2"", ""rho_ATRi_R2"": ""P1P2"", ""rho_R2"": ""P1P2"", ""rho_WEE1i_R2"": ""P1P2""}",1,1,R3:11002,,True,True,included_primary,
NHEJ1,R1:52738,NHEJ1;PRKDC,-0.154582705,False,0.003663003663003663,True,True,True,included_primary,"{""gamma_R2"": ""P1P2"", ""rho_ATMi_R2"": ""P1P2"", ""rho_ATRi_R2"": ""P1P2"", ""rho_R2"": ""P1P2"", ""rho_WEE1i_R2"": ""P1P2""}",1,1,R3:11017,,True,True,included_primary,
NIPBL,R1:61895,NIPBL;PRKDC,-0.090945637,False,0.01098901098901099,True,True,True,included_primary,"{""gamma_R2"": ""P1P2"", ""rho_ATMi_R2"": ""P1P2"", ""rho_ATRi_R2"": ""P1P2"", ""rho_R2"": ""P1P2"", ""rho_WEE1i_R2"": ""P1P2""}",1,1,R3:11043,,True,True,included_primary,
NONO,R1:116337,NONO;PRKDC,0.0,False,0.009174311926605505,True,True,True,included_primary,"{""gamma_R2"": ""P1P2"", ""rho_ATMi_R2"": ""P1P2"", ""rho_ATRi_R2"": ""P1P2"", ""rho_R2"": ""P1P2"", ""rho_WEE1i_R2"": ""P1P2""}",1,1,R3:11151,,True,True,included_primary,
NPAS2,R1:73391,NPAS2;PRKDC,-0.015971259,False,0.0,True,True,True,included_primary,"{""gamma_R2"": ""P1P2"", ""rho_ATMi_R2"": ""P1P2"", ""rho_ATRi_R2"": ""P1P2"", ""rho_R2"": ""P1P2"", ""rho_WEE1i_R2"": ""P1P2""}",1,1,R3:11181,,True,True,included_primary,
NPLOC4,R1:9244,NPLOC4;PRKDC,-0.788254489,False,0.10622710622710622,False,False,False,not_in_exact_three_way_symbol_support,"{""gamma_R2"": ""P1P2"", ""rho_ATMi_R2"": ""P1P2"", ""rho_ATRi_R2"": ""P1P2"", ""rho_R2"": ""P1P2"", ""rho_WEE1i_R2"": ""P1P2""}",0,0,,,True,False,no_exact_R3_WT_symbol,unmeasured_or_unmatched_not_zero_not_nonhit
NPM1,R1:33706,NPM1;PRKDC,-0.320856978,False,0.01282051282051282,True,True,True,included_primary,"{""gamma_R2"": ""P1P2"", ""rho_ATMi_R2"": ""P1P2"", ""rho_ATRi_R2"": ""P1P2"", ""rho_R2"": ""P1P2"", ""rho_WEE1i_R2"": ""P1P2""}",1,1,R3:11204,,True,True,included_primary,
NSMCE1_mis,R1:5141,NSMCE1_mis;PRKDC,-0.999262994,False,0.056776556776556776,False,False,False,not_in_exact_three_way_symbol_support,{},0,0,,,False,False,no_exact_R2_symbol;no_exact_R3_WT_symbol,unmeasured_or_unmatched_not_zero_not_nonhit
NSMCE2,R1:50721,NSMCE2;PRKDC,-0.169890392,False,0.029304029304029304,True,True,True,included_primary,"{""gamma_R2"": ""P1P2"", ""rho_ATMi_R2"": ""P1P2"", ""rho_ATRi_R2"": ""P1P2"", ""rho_R2"": ""P1P2"", ""rho_WEE1i_R2"": ""P1P2""}",1,1,R3:11307,,True,True,included_primary,
NSMCE4A,R1:116893,NSMCE4A;PRKDC,0.0,False,0.0018315018315018315,True,True,True,included_primary,"{""gamma_R2"": ""P1P2"", ""rho_ATMi_R2"": ""P1P2"", ""rho_ATRi_R2"": ""P1P2"", ""rho_R2"": ""P1P2"", ""rho_WEE1i_R2"": ""P1P2""}",1,1,R3:11308,,True,True,included_primary,
NTHL1,R1:61604,NTHL1;PRKDC,-0.093092308,False,0.0018315018315018315,True,True,True,included_primary,"{""gamma_R2"": ""P1P2"", ""rho_ATMi_R2"": ""P1P2"", ""rho_ATRi_R2"": ""P1P2"", ""rho_R2"": ""P1P2"", ""rho_WEE1i_R2"": ""P1P2""}",1,1,R3:11332,,True,True,included_primary,
NUCKS1,R1:61082,NUCKS1;PRKDC,-0.096668647,False,0.003663003663003663,True,True,True,included_primary,"{""gamma_R2"": ""P1P2"", ""rho_ATMi_R2"": ""P1P2"", ""rho_ATRi_R2"": ""P1P2"", ""rho_R2"": ""P1P2"", ""rho_WEE1i_R2"": ""P1P2""}",1,1,R3:11357,,True,True,included_primary,
NUDT1,R1:117249,NUDT1;PRKDC,0.0,False,0.005494505494505495,True,True,True,included_primary,"{""gamma_R2"": ""P1P2"", ""rho_ATMi_R2"": ""P1P2"", ""rho_ATRi_R2"": ""P1P2"", ""rho_R2"": ""P1P2"", ""rho_WEE1i_R2"": ""P1P2""}",1,1,R3:11360,,True,True,included_primary,
NUDT16,R1:117371,NUDT16;PRKDC,0.0,False,0.0018315018315018315,True,True,True,included_primary,"{""gamma_R2"": ""P1P2"", ""rho_ATMi_R2"": ""P1P2"", ""rho_ATRi_R2"": ""P1P2"", ""rho_R2"": ""P1P2"", ""rho_WEE1i_R2"": ""P1P2""}",1,1,R3:11367,,True,True,included_primary,
NUDT16L1,R1:117510,NUDT16L1;PRKDC,0.0,False,0.018315018315018316,True,True,True,included_primary,"{""gamma_R2"": ""P1P2"", ""rho_ATMi_R2"": ""P1P2"", ""rho_ATRi_R2"": ""P1P2"", ""rho_R2"": ""P1P2"", ""rho_WEE1i_R2"": ""P1P2""}",1,1,R3:11368,,True,True,included_primary,
OBFC1,R1:17250,OBFC1;PRKDC,-0.564298339,False,0.03663003663003663,True,True,True,included_primary,"{""gamma_R2"": ""P1P2"", ""rho_ATMi_R2"": ""P1P2"", ""rho_ATRi_R2"": ""P1P2"", ""rho_R2"": ""P1P2"", ""rho_WEE1i_R2"": ""P1P2""}",1,1,R3:11444,,True,True,included_primary,
OGG1,R1:64850,OGG1;PRKDC,-0.071294253,False,0.005494505494505495,True,True,True,included_primary,"{""gamma_R2"": ""P1P2"", ""rho_ATMi_R2"": ""P1P2"", ""rho_ATRi_R2"": ""P1P2"", ""rho_R2"": ""P1P2"", ""rho_WEE1i_R2"": ""P1P2""}",1,1,R3:11480,,True,True,included_primary,
OTUB1,R1:28804,OTUB1;PRKDC,-0.378512364,False,0.06227106227106227,True,True,True,included_primary,"{""gamma_R2"": ""P1P2"", ""rho_ATMi_R2"": ""P1P2"", ""rho_ATRi_R2"": ""P1P2"", ""rho_R2"": ""P1P2"", ""rho_WEE1i_R2"": ""P1P2""}",1,1,R3:11951,,True,True,included_primary,
PAGR1,R1:58248,PAGR1;PRKDC,-0.116294636,False,0.005494505494505495,True,True,True,included_primary,"{""gamma_R2"": ""P1P2"", ""rho_ATMi_R2"": ""P1P2"", ""rho_ATRi_R2"": ""P1P2"", ""rho_R2"": ""P1P2"", ""rho_WEE1i_R2"": ""P1P2""}",1,1,R3:12041,,True,True,included_primary,
PALB2,R1:38258,PALB2;PRKDC,-0.274705926,False,0.031135531135531136,False,False,False,not_in_exact_three_way_symbol_support,"{""gamma_R2"": ""P1P2"", ""rho_ATMi_R2"": ""P1P2"", ""rho_ATRi_R2"": ""P1P2"", ""rho_R2"": ""P1P2"", ""rho_WEE1i_R2"": ""P1P2""}",0,0,,,True,False,no_exact_R3_WT_symbol,unmeasured_or_unmatched_not_zero_not_nonhit
PAPD7,R1:27405,PAPD7;PRKDC,-0.396676612,False,0.0018315018315018315,True,True,True,included_primary,"{""gamma_R2"": ""ENST00000230859.6"", ""rho_ATMi_R2"": ""ENST00000230859.6"", ""rho_ATRi_R2"": ""ENST00000230859.6"", ""rho_R2"": ""ENST00000230859.6"", ""rho_WEE1i_R2"": ""ENST00000230859.6""}",1,1,R3:12076,,True,True,included_primary,
PARG,R1:118099,PARG;PRKDC,0.0,False,0.023853211009174313,True,True,True,included_primary,"{""gamma_R2"": ""ENST00000402038.3"", ""rho_ATMi_R2"": ""ENST00000402038.3"", ""rho_ATRi_R2"": ""ENST00000402038.3"", ""rho_R2"": ""ENST00000402038.3"", ""rho_WEE1i_R2"": ""ENST00000402038.3""}",1,1,R3:12098,,True,True,included_primary,
PARK7,R1:57744,PARK7;PRKDC,-0.120150896,False,0.0,False,False,False,not_in_exact_three_way_symbol_support,"{""gamma_R2"": ""P1P2"", ""rho_ATMi_R2"": ""P1P2"", ""rho_ATRi_R2"": ""P1P2"", ""rho_R2"": ""P1P2"", ""rho_WEE1i_R2"": ""P1P2""}",0,0,,,True,False,no_exact_R3_WT_symbol,unmeasured_or_unmatched_not_zero_not_nonhit
PARP1,R1:58415,PARP1;PRKDC,-0.115063531,False,0.005494505494505495,True,True,True,included_primary,"{""gamma_R2"": ""P1P2"", ""rho_ATMi_R2"": ""P1P2"", ""rho_ATRi_R2"": ""P1P2"", ""rho_R2"": ""P1P2"", ""rho_WEE1i_R2"": ""P1P2""}",1,1,R3:12103,,True,True,included_primary,
PARP10,R1:68763,PARP10;PRKDC,-0.045760626,False,0.007326007326007326,True,True,True,included_primary,"{""gamma_R2"": ""P1P2"", ""rho_ATMi_R2"": ""P1P2"", ""rho_ATRi_R2"": ""P1P2"", ""rho_R2"": ""P1P2"", ""rho_WEE1i_R2"": ""P1P2""}",1,1,R3:12104,,True,True,included_primary,
PARP2,R1:118522,PARP2;PRKDC,0.0,False,0.01098901098901099,True,True,True,included_primary,"{""gamma_R2"": ""P1P2"", ""rho_ATMi_R2"": ""P1P2"", ""rho_ATRi_R2"": ""P1P2"", ""rho_R2"": ""P1P2"", ""rho_WEE1i_R2"": ""P1P2""}",1,1,R3:12111,,True,True,included_primary,
PARP3,R1:71182,PARP3;PRKDC,-0.02997044,False,0.005494505494505495,True,False,False,no_paired_complete_R3_record,"{""gamma_R2"": ""P1P2"", ""rho_ATMi_R2"": ""P1P2"", ""rho_ATRi_R2"": ""P1P2"", ""rho_R2"": ""P1P2"", ""rho_WEE1i_R2"": ""P1P2""}",1,0,R3:12112,,True,True,no_original_R3_record_with_finite_parent_rho_and_parent_gamma,unmeasured_or_unmatched_not_zero_not_nonhit
PARP4,R1:118719,PARP4;PRKDC,0.0,False,0.003663003663003663,True,True,True,included_primary,"{""gamma_R2"": ""P1P2"", ""rho_ATMi_R2"": ""P1P2"", ""rho_ATRi_R2"": ""P1P2"", ""rho_R2"": ""P1P2"", ""rho_WEE1i_R2"": ""P1P2""}",1,1,R3:12113,,True,True,included_primary,
PARP9,R1:48904,PARP9;PRKDC,-0.184186894,False,0.005494505494505495,True,True,True,included_primary,"{""gamma_R2"": ""P1P2"", ""rho_ATMi_R2"": ""P1P2"", ""rho_ATRi_R2"": ""P1P2"", ""rho_R2"": ""P1P2"", ""rho_WEE1i_R2"": ""P1P2""}",1,1,R3:12116,,True,True,included_primary,
PARPBP,R1:118914,PARPBP;PRKDC,0.0,False,0.020146520146520148,True,True,True,included_primary,"{""gamma_R2"": ""P1P2"", ""rho_ATMi_R2"": ""P1P2"", ""rho_ATRi_R2"": ""P1P2"", ""rho_R2"": ""P1P2"", ""rho_WEE1i_R2"": ""P1P2""}",1,1,R3:12117,,True,True,included_primary,
PAXIP1,R1:65736,PAXIP1;PRKDC,-0.065410833,False,0.007326007326007326,True,True,True,included_primary,"{""gamma_R2"": ""P1P2"", ""rho_ATMi_R2"": ""P1P2"", ""rho_ATRi_R2"": ""P1P2"", ""rho_R2"": ""P1P2"", ""rho_WEE1i_R2"": ""P1P2""}",1,1,R3:12145,,True,True,included_primary,
PCNA,R1:246,PCNA;PRKDC,-1.975759841,True,0.12087912087912088,False,False,False,not_in_exact_three_way_symbol_support,"{""gamma_R2"": ""P1P2"", ""rho_ATMi_R2"": ""P1P2"", ""rho_ATRi_R2"": ""P1P2"", ""rho_R2"": ""P1P2"", ""rho_WEE1i_R2"": ""P1P2""}",0,0,,,True,False,no_exact_R3_WT_symbol,unmeasured_or_unmatched_not_zero_not_nonhit
PDS5A,R1:119175,PDS5A;PRKDC,0.0,False,0.0,True,True,True,included_primary,"{""gamma_R2"": ""P1P2"", ""rho_ATMi_R2"": ""P1P2"", ""rho_ATRi_R2"": ""P1P2"", ""rho_R2"": ""P1P2"", ""rho_WEE1i_R2"": ""P1P2""}",1,1,R3:12364,,True,True,included_primary,
PDS5B,R1:119304,PDS5B;PRKDC,0.0,False,0.005494505494505495,True,True,True,included_primary,"{""gamma_R2"": ""P1P2"", ""rho_ATMi_R2"": ""P1P2"", ""rho_ATRi_R2"": ""P1P2"", ""rho_R2"": ""P1P2"", ""rho_WEE1i_R2"": ""P1P2""}",1,1,R3:12365,,True,True,included_primary,
PIAS4,R1:73532,PIAS4;PRKDC,-0.015132087,False,0.09340659340659341,True,False,False,no_paired_complete_R3_record,"{""gamma_R2"": ""P1P2"", ""rho_ATMi_R2"": ""P1P2"", ""rho_ATRi_R2"": ""P1P2"", ""rho_R2"": ""P1P2"", ""rho_WEE1i_R2"": ""P1P2""}",1,0,R3:12560,,True,True,no_original_R3_record_with_finite_parent_rho_and_parent_gamma,unmeasured_or_unmatched_not_zero_not_nonhit
PIF1,R1:18202,PIF1;PRKDC,-0.544424052,False,0.023809523809523808,True,True,True,included_primary,"{""gamma_R2"": ""P1"", ""rho_ATMi_R2"": ""P1"", ""rho_ATRi_R2"": ""P1"", ""rho_R2"": ""P1"", ""rho_WEE1i_R2"": ""P1""}",2,2,R3:12569;R3:12570,,True,True,included_primary,
PML,R1:119548,PML;PRKDC,0.0,False,0.005494505494505495,True,True,True,included_primary,"{""gamma_R2"": ""P1P2"", ""rho_ATMi_R2"": ""P1P2"", ""rho_ATRi_R2"": ""P1P2"", ""rho_R2"": ""P1P2"", ""rho_WEE1i_R2"": ""P1P2""}",1,1,R3:12847,,True,True,included_primary,
PMS1,R1:48245,PMS1;PRKDC,-0.189197246,False,0.009157509157509158,True,True,True,included_primary,"{""gamma_R2"": ""P1P2"", ""rho_ATMi_R2"": ""P1P2"", ""rho_ATRi_R2"": ""P1P2"", ""rho_R2"": ""P1P2"", ""rho_WEE1i_R2"": ""P1P2""}",1,1,R3:12855,,True,True,included_primary,
PMS2,R1:72484,PMS2;PRKDC,-0.021902118,False,0.0018315018315018315,True,True,True,included_primary,"{""gamma_R2"": ""P1P2"", ""rho_ATMi_R2"": ""P1P2"", ""rho_ATRi_R2"": ""P1P2"", ""rho_R2"": ""P1P2"", ""rho_WEE1i_R2"": ""P1P2""}",1,1,R3:12856,,True,True,included_primary,
PNKP,R1:119843,PNKP;PRKDC,0.0,False,0.016483516483516484,True,True,True,included_primary,"{""gamma_R2"": ""P1P2"", ""rho_ATMi_R2"": ""P1P2"", ""rho_ATRi_R2"": ""P1P2"", ""rho_R2"": ""P1P2"", ""rho_WEE1i_R2"": ""P1P2""}",1,1,R3:12862,,True,True,included_primary,
POLA1,R1:3428,POLA1;PRKDC,-1.141478786,True,0.15567765567765568,True,False,False,no_paired_complete_R3_record,"{""gamma_R2"": ""P1P2"", ""rho_ATMi_R2"": ""P1P2"", ""rho_ATRi_R2"": ""P1P2"", ""rho_R2"": ""P1P2"", ""rho_WEE1i_R2"": ""P1P2""}",1,0,R3:12904,,True,True,no_original_R3_record_with_finite_parent_rho_and_parent_gamma,unmeasured_or_unmatched_not_zero_not_nonhit
POLB,R1:120014,POLB;PRKDC,0.0,False,0.0018315018315018315,True,True,True,included_primary,"{""gamma_R2"": ""P1P2"", ""rho_ATMi_R2"": ""P1P2"", ""rho_ATRi_R2"": ""P1P2"", ""rho_R2"": ""P1P2"", ""rho_WEE1i_R2"": ""P1P2""}",1,1,R3:12905,,True,True,included_primary,
POLD1_mis,R1:24017,POLD1_mis;PRKDC,-0.444481978,False,0.031135531135531136,False,False,False,not_in_exact_three_way_symbol_support,{},0,0,,,False,False,no_exact_R2_symbol;no_exact_R3_WT_symbol,unmeasured_or_unmatched_not_zero_not_nonhit
POLD2_mis,R1:40382,POLD2_mis;PRKDC,-0.254859394,False,0.04212454212454213,False,False,False,not_in_exact_three_way_symbol_support,{},0,0,,,False,False,no_exact_R2_symbol;no_exact_R3_WT_symbol,unmeasured_or_unmatched_not_zero_not_nonhit
POLD3_mis,R1:4083,POLD3_mis;PRKDC,-1.07968532,True,0.09340659340659341,False,False,False,not_in_exact_three_way_symbol_support,{},0,0,,,False,False,no_exact_R2_symbol;no_exact_R3_WT_symbol,unmeasured_or_unmatched_not_zero_not_nonhit
POLD4,R1:120124,POLD4;PRKDC,0.0,False,0.003663003663003663,True,True,True,included_primary,"{""gamma_R2"": ""P1P2"", ""rho_ATMi_R2"": ""P1P2"", ""rho_ATRi_R2"": ""P1P2"", ""rho_R2"": ""P1P2"", ""rho_WEE1i_R2"": ""P1P2""}",1,1,R3:12906,,True,True,included_primary,
POLE2_mis,R1:146045,POLE2_mis;PRKDC,0.0,False,0.003663003663003663,False,False,False,not_in_exact_three_way_symbol_support,{},0,0,,,False,False,no_exact_R2_symbol;no_exact_R3_WT_symbol,unmeasured_or_unmatched_not_zero_not_nonhit
POLE_mis,R1:141314,POLE_mis;PRKDC,0.0,False,0.0,False,False,False,not_in_exact_three_way_symbol_support,{},0,0,,,False,False,no_exact_R2_symbol;no_exact_R3_WT_symbol,unmeasured_or_unmatched_not_zero_not_nonhit
POLG,R1:120263,POLG;PRKDC,0.0,False,0.009157509157509158,True,True,True,included_primary,"{""gamma_R2"": ""P1P2"", ""rho_ATMi_R2"": ""P1P2"", ""rho_ATRi_R2"": ""P1P2"", ""rho_R2"": ""P1P2"", ""rho_WEE1i_R2"": ""P1P2""}",1,1,R3:12911,,True,True,included_primary,
POLG2,R1:33243,POLG2;PRKDC,-0.325768684,False,0.056776556776556776,True,True,True,included_primary,"{""gamma_R2"": ""P1P2"", ""rho_ATMi_R2"": ""P1P2"", ""rho_ATRi_R2"": ""P1P2"", ""rho_R2"": ""P1P2"", ""rho_WEE1i_R2"": ""P1P2""}",1,1,R3:12912,,True,True,included_primary,
POLH,R1:120442,POLH;PRKDC,0.0,False,0.009174311926605505,True,True,True,included_primary,"{""gamma_R2"": ""P1P2"", ""rho_ATMi_R2"": ""P1P2"", ""rho_ATRi_R2"": ""P1P2"", ""rho_R2"": ""P1P2"", ""rho_WEE1i_R2"": ""P1P2""}",1,1,R3:12913,,True,True,included_primary,
POLI,R1:120553,POLI;PRKDC,0.0,False,0.018315018315018316,True,True,True,included_primary,"{""gamma_R2"": ""P1P2"", ""rho_ATMi_R2"": ""P1P2"", ""rho_ATRi_R2"": ""P1P2"", ""rho_R2"": ""P1P2"", ""rho_WEE1i_R2"": ""P1P2""}",1,1,R3:12914,,True,True,included_primary,
POLK,R1:61986,POLK;PRKDC,-0.090306099,False,0.009157509157509158,True,True,True,included_primary,"{""gamma_R2"": ""P1P2"", ""rho_ATMi_R2"": ""P1P2"", ""rho_ATRi_R2"": ""P1P2"", ""rho_R2"": ""P1P2"", ""rho_WEE1i_R2"": ""P1P2""}",1,1,R3:12915,,True,True,included_primary,
POLL,R1:120737,POLL;PRKDC,0.0,False,0.005494505494505495,True,True,True,included_primary,"{""gamma_R2"": ""P1P2"", ""rho_ATMi_R2"": ""P1P2"", ""rho_ATRi_R2"": ""P1P2"", ""rho_R2"": ""P1P2"", ""rho_WEE1i_R2"": ""P1P2""}",1,1,R3:12916,,True,True,included_primary,
POLM,R1:120813,POLM;PRKDC,0.0,False,0.003663003663003663,True,True,False,R2_transcript_inconsistent,"{""gamma_R2"": ""P2"", ""rho_ATMi_R2"": ""P2"", ""rho_ATRi_R2"": ""P1"", ""rho_R2"": ""P2"", ""rho_WEE1i_R2"": ""P1""}",2,2,R3:12917;R3:12918,,True,True,R2_five_endpoint_transcript_labels_differ,unmeasured_or_unmatched_not_zero_not_nonhit
POLN,R1:120906,POLN;PRKDC,0.0,False,0.08058608058608059,False,False,False,not_in_exact_three_way_symbol_support,{},0,0,,,False,False,no_exact_R2_symbol;no_exact_R3_WT_symbol,unmeasured_or_unmatched_not_zero_not_nonhit
POLQ,R1:41958,POLQ;PRKDC,-0.240900744,False,0.007326007326007326,True,True,True,included_primary,"{""gamma_R2"": ""P1P2"", ""rho_ATMi_R2"": ""P1P2"", ""rho_ATRi_R2"": ""P1P2"", ""rho_R2"": ""P1P2"", ""rho_WEE1i_R2"": ""P1P2""}",1,1,R3:12919,,True,True,included_primary,
POLR1A,R1:121059,POLR1A;PRKDC,0.0,False,0.03296703296703297,False,False,False,not_in_exact_three_way_symbol_support,"{""gamma_R2"": ""P1P2"", ""rho_ATMi_R2"": ""P1P2"", ""rho_ATRi_R2"": ""P1P2"", ""rho_R2"": ""P1P2"", ""rho_WEE1i_R2"": ""P1P2""}",0,0,,,True,False,no_exact_R3_WT_symbol,unmeasured_or_unmatched_not_zero_not_nonhit
POLR1B_mis,R1:140767,POLR1B_mis;PRKDC,0.0,False,0.09174311926605505,False,False,False,not_in_exact_three_way_symbol_support,{},0,0,,,False,False,no_exact_R2_symbol;no_exact_R3_WT_symbol,unmeasured_or_unmatched_not_zero_not_nonhit
POLR2A_mis,R1:147355,POLR2A_mis;PRKDC,0.0,False,0.06593406593406594,False,False,False,not_in_exact_three_way_symbol_support,{},0,0,,,False,False,no_exact_R2_symbol;no_exact_R3_WT_symbol,unmeasured_or_unmatched_not_zero_not_nonhit
POLR2B_mis,R1:2636,POLR2B_mis;PRKDC,-1.228507553,True,0.08073394495412844,False,False,False,not_in_exact_three_way_symbol_support,{},0,0,,,False,False,no_exact_R2_symbol;no_exact_R3_WT_symbol,unmeasured_or_unmatched_not_zero_not_nonhit
POLR2C_mis,R1:130759,POLR2C_mis;PRKDC,0.0,False,0.0,False,False,False,not_in_exact_three_way_symbol_support,{},0,0,,,False,False,no_exact_R2_symbol;no_exact_R3_WT_symbol,unmeasured_or_unmatched_not_zero_not_nonhit
POLR2D_mis,R1:25277,POLR2D_mis;PRKDC,-0.425946101,False,0.08608058608058608,False,False,False,not_in_exact_three_way_symbol_support,{},0,0,,,False,False,no_exact_R2_symbol;no_exact_R3_WT_symbol,unmeasured_or_unmatched_not_zero_not_nonhit
POLR2E_mis,R1:10713,POLR2E_mis;PRKDC,-0.737621516,False,0.08241758241758242,False,False,False,not_in_exact_three_way_symbol_support,{},0,0,,,False,False,no_exact_R2_symbol;no_exact_R3_WT_symbol,unmeasured_or_unmatched_not_zero_not_nonhit
POLR2F,R1:8628,POLR2F;PRKDC,-0.811943723,False,0.0695970695970696,True,False,False,no_paired_complete_R3_record,"{""gamma_R2"": ""P1P2"", ""rho_ATMi_R2"": ""P1P2"", ""rho_ATRi_R2"": ""P1P2"", ""rho_R2"": ""P1P2"", ""rho_WEE1i_R2"": ""P1P2""}",1,0,R3:12929,,True,True,no_original_R3_record_with_finite_parent_rho_and_parent_gamma,unmeasured_or_unmatched_not_zero_not_nonhit
POLR2G_mis,R1:135375,POLR2G_mis;PRKDC,0.0,False,0.001834862385321101,False,False,False,not_in_exact_three_way_symbol_support,{},0,0,,,False,False,no_exact_R2_symbol;no_exact_R3_WT_symbol,unmeasured_or_unmatched_not_zero_not_nonhit
POLR2H_mis,R1:23223,POLR2H_mis;PRKDC,-0.456310028,False,0.001838235294117647,False,False,False,not_in_exact_three_way_symbol_support,{},0,0,,,False,False,no_exact_R2_symbol;no_exact_R3_WT_symbol,unmeasured_or_unmatched_not_zero_not_nonhit
POLR2I_mis,R1:146254,POLR2I_mis;PRKDC,0.0,False,0.0,False,False,False,not_in_exact_three_way_symbol_support,{},0,0,,,False,False,no_exact_R2_symbol;no_exact_R3_WT_symbol,unmeasured_or_unmatched_not_zero_not_nonhit
POLR2K_mis,R1:149412,POLR2K_mis;PRKDC,0.0,False,0.012844036697247707,False,False,False,not_in_exact_three_way_symbol_support,{},0,0,,,False,False,no_exact_R2_symbol;no_exact_R3_WT_symbol,unmeasured_or_unmatched_not_zero_not_nonhit
POLR2L,R1:121206,POLR2L;PRKDC,0.0,False,0.09523809523809523,True,True,True,included_primary,"{""gamma_R2"": ""P1P2"", ""rho_ATMi_R2"": ""P1P2"", ""rho_ATRi_R2"": ""P1P2"", ""rho_R2"": ""P1P2"", ""rho_WEE1i_R2"": ""P1P2""}",1,1,R3:12933,,True,True,included_primary,
PPIE_mis,R1:45022,PPIE_mis;PRKDC,-0.214722697,False,0.009174311926605505,False,False,False,not_in_exact_three_way_symbol_support,{},0,0,,,False,False,no_exact_R2_symbol;no_exact_R3_WT_symbol,unmeasured_or_unmatched_not_zero_not_nonhit
PPP4C,R1:27618,PPP4C;PRKDC,-0.394248584,False,0.1794871794871795,True,True,True,included_primary,"{""gamma_R2"": ""P1P2"", ""rho_ATMi_R2"": ""P1P2"", ""rho_ATRi_R2"": ""P1P2"", ""rho_R2"": ""P1P2"", ""rho_WEE1i_R2"": ""P1P2""}",1,1,R3:13122,,True,True,included_primary,
PPP4R2,R1:121298,PPP4R2;PRKDC,0.0,False,0.018315018315018316,True,True,True,included_primary,"{""gamma_R2"": ""P1P2"", ""rho_ATMi_R2"": ""P1P2"", ""rho_ATRi_R2"": ""P1P2"", ""rho_R2"": ""P1P2"", ""rho_WEE1i_R2"": ""P1P2""}",1,1,R3:13124,,True,True,included_primary,
PPP5C,R1:63844,PPP5C;PRKDC,-0.077775911,False,0.005494505494505495,True,True,True,included_primary,"{""gamma_R2"": ""P1P2"", ""rho_ATMi_R2"": ""P1P2"", ""rho_ATRi_R2"": ""P1P2"", ""rho_R2"": ""P1P2"", ""rho_WEE1i_R2"": ""P1P2""}",1,1,R3:13126,,True,True,included_primary,
PRDM9,R1:57350,PRDM9;PRKDC,-0.12273456,False,0.0018315018315018315,True,True,True,included_primary,"{""gamma_R2"": ""P1P2"", ""rho_ATMi_R2"": ""P1P2"", ""rho_ATRi_R2"": ""P1P2"", ""rho_R2"": ""P1P2"", ""rho_WEE1i_R2"": ""P1P2""}",1,1,R3:13183,,True,True,included_primary,
PRIMPOL,R1:75583,PRIMPOL;PRKDC,-0.002044561,False,0.0018315018315018315,True,True,True,included_primary,"{""gamma_R2"": ""P1P2"", ""rho_ATMi_R2"": ""P1P2"", ""rho_ATRi_R2"": ""P1P2"", ""rho_R2"": ""P1P2"", ""rho_WEE1i_R2"": ""P1P2""}",1,1,R3:13209,,True,True,included_primary,
PRKCG,R1:57394,PRKCG;PRKDC,-0.122502064,False,0.007326007326007326,True,True,True,included_primary,"{""gamma_R2"": ""P1P2"", ""rho_ATMi_R2"": ""P1P2"", ""rho_ATRi_R2"": ""P1P2"", ""rho_R2"": ""P1P2"", ""rho_WEE1i_R2"": ""P1P2""}",1,1,R3:13230,,True,True,included_primary,
PRMT6,R1:28457,PRKDC;PRMT6,-0.383316776,False,0.007326007326007326,True,True,True,included_primary,"{""gamma_R2"": ""P1P2"", ""rho_ATMi_R2"": ""P1P2"", ""rho_ATRi_R2"": ""P1P2"", ""rho_R2"": ""P1P2"", ""rho_WEE1i_R2"": ""P1P2""}",1,1,R3:13261,,True,True,included_primary,
PRPF19_mis,R1:7146,PRKDC;PRPF19_mis,-0.882907867,False,0.10091743119266056,False,False,False,not_in_exact_three_way_symbol_support,{},0,0,,,False,False,no_exact_R2_symbol;no_exact_R3_WT_symbol,unmeasured_or_unmatched_not_zero_not_nonhit
PSMD14_mis,R1:2291,PRKDC;PSMD14_mis,-1.273110834,True,0.06776556776556776,False,False,False,not_in_exact_three_way_symbol_support,{},0,0,,,False,False,no_exact_R2_symbol;no_exact_R3_WT_symbol,unmeasured_or_unmatched_not_zero_not_nonhit
PSME4,R1:17812,PRKDC;PSME4,-0.552407687,False,0.003663003663003663,True,True,True,included_primary,"{""gamma_R2"": ""P1P2"", ""rho_ATMi_R2"": ""P1P2"", ""rho_ATRi_R2"": ""P1P2"", ""rho_R2"": ""P1P2"", ""rho_WEE1i_R2"": ""P1P2""}",1,1,R3:13416,,True,True,included_primary,
PTTG1,R1:8284,PRKDC;PTTG1,-0.826672033,False,0.08608058608058608,True,False,False,no_paired_complete_R3_record,"{""gamma_R2"": ""P1P2"", ""rho_ATMi_R2"": ""P1P2"", ""rho_ATRi_R2"": ""P1P2"", ""rho_R2"": ""P1P2"", ""rho_WEE1i_R2"": ""P1P2""}",1,0,R3:13550,,True,True,no_original_R3_record_with_finite_parent_rho_and_parent_gamma,unmeasured_or_unmatched_not_zero_not_nonhit
RAB43,R1:121750,PRKDC;RAB43,0.0,False,0.007339449541284404,True,True,True,included_primary,"{""gamma_R2"": ""P1P2"", ""rho_ATMi_R2"": ""P1P2"", ""rho_ATRi_R2"": ""P1P2"", ""rho_R2"": ""P1P2"", ""rho_WEE1i_R2"": ""P1P2""}",1,1,R3:13682,,True,True,included_primary,
RAD1,R1:18460,PRKDC;RAD1,-0.539784258,False,0.10989010989010989,True,True,True,included_primary,"{""gamma_R2"": ""P1P2"", ""rho_ATMi_R2"": ""P1P2"", ""rho_ATRi_R2"": ""P1P2"", ""rho_R2"": ""P1P2"", ""rho_WEE1i_R2"": ""P1P2""}",1,1,R3:13712,,True,True,included_primary,
RAD17_mis,R1:19993,PRKDC;RAD17_mis,-0.510669724,False,0.027472527472527472,False,False,False,not_in_exact_three_way_symbol_support,{},0,0,,,False,False,no_exact_R2_symbol;no_exact_R3_WT_symbol,unmeasured_or_unmatched_not_zero_not_nonhit
RAD18,R1:121751,PRKDC;RAD18,0.0,False,0.003663003663003663,True,True,True,included_primary,"{""gamma_R2"": ""P1P2"", ""rho_ATMi_R2"": ""P1P2"", ""rho_ATRi_R2"": ""P1P2"", ""rho_R2"": ""P1P2"", ""rho_WEE1i_R2"": ""P1P2""}",1,1,R3:13714,,True,True,included_primary,
RAD21,R1:121752,PRKDC;RAD21,0.0,False,0.007326007326007326,True,True,True,included_primary,"{""gamma_R2"": ""P1P2"", ""rho_ATMi_R2"": ""P1P2"", ""rho_ATRi_R2"": ""P1P2"", ""rho_R2"": ""P1P2"", ""rho_WEE1i_R2"": ""P1P2""}",1,1,R3:13715,,True,True,included_primary,
RAD21L1,R1:48422,PRKDC;RAD21L1,-0.187925935,False,0.003663003663003663,True,True,True,included_primary,"{""gamma_R2"": ""P1P2"", ""rho_ATMi_R2"": ""P1P2"", ""rho_ATRi_R2"": ""P1P2"", ""rho_R2"": ""P1P2"", ""rho_WEE1i_R2"": ""P1P2""}",1,1,R3:13716,,True,True,included_primary,
RAD23A,R1:53649,PRKDC;RAD23A,-0.148135594,False,0.005494505494505495,True,True,True,included_primary,"{""gamma_R2"": ""P1P2"", ""rho_ATMi_R2"": ""P1P2"", ""rho_ATRi_R2"": ""P1P2"", ""rho_R2"": ""P1P2"", ""rho_WEE1i_R2"": ""P1P2""}",1,1,R3:13717,,True,True,included_primary,
RAD23B,R1:121753,PRKDC;RAD23B,0.0,False,0.0018315018315018315,True,True,True,included_primary,"{""gamma_R2"": ""P1P2"", ""rho_ATMi_R2"": ""P1P2"", ""rho_ATRi_R2"": ""P1P2"", ""rho_R2"": ""P1P2"", ""rho_WEE1i_R2"": ""P1P2""}",1,1,R3:13718,,True,True,included_primary,
RAD50,R1:22040,PRKDC;RAD50,-0.475314724,False,0.02564102564102564,True,True,True,included_primary,"{""gamma_R2"": ""P1P2"", ""rho_ATMi_R2"": ""P1P2"", ""rho_ATRi_R2"": ""P1P2"", ""rho_R2"": ""P1P2"", ""rho_WEE1i_R2"": ""P1P2""}",1,1,R3:13719,,True,True,included_primary,
RAD51,R1:1136,PRKDC;RAD51,-1.507364757,True,0.09357798165137615,False,False,False,not_in_exact_three_way_symbol_support,{},0,0,,,False,False,no_exact_R2_symbol;no_exact_R3_WT_symbol,unmeasured_or_unmatched_not_zero_not_nonhit
RAD51AP1,R1:121754,PRKDC;RAD51AP1,0.0,False,0.009157509157509158,True,True,True,included_primary,"{""gamma_R2"": ""P1P2"", ""rho_ATMi_R2"": ""P1P2"", ""rho_ATRi_R2"": ""P1P2"", ""rho_R2"": ""P1P2"", ""rho_WEE1i_R2"": ""P1P2""}",1,1,R3:13720,,True,True,included_primary,
RAD51B,R1:48920,PRKDC;RAD51B,-0.184070715,False,0.018315018315018316,True,True,True,included_primary,"{""gamma_R2"": ""P1P2"", ""rho_ATMi_R2"": ""P1P2"", ""rho_ATRi_R2"": ""P1P2"", ""rho_R2"": ""P1P2"", ""rho_WEE1i_R2"": ""P1P2""}",1,1,R3:13722,,True,True,included_primary,
RAD51C,R1:6480,PRKDC;RAD51C,-0.914135432,False,0.11926605504587157,False,False,False,not_in_exact_three_way_symbol_support,"{""gamma_R2"": ""P1P2"", ""rho_ATMi_R2"": ""P1P2"", ""rho_ATRi_R2"": ""P1P2"", ""rho_R2"": ""P1P2"", ""rho_WEE1i_R2"": ""P1P2""}",0,0,,,True,False,no_exact_R3_WT_symbol,unmeasured_or_unmatched_not_zero_not_nonhit
RAD51D,R1:14957,PRKDC;RAD51D,-0.617917546,False,0.023809523809523808,True,True,True,included_primary,"{""gamma_R2"": ""P1P2"", ""rho_ATMi_R2"": ""P1P2"", ""rho_ATRi_R2"": ""P1P2"", ""rho_R2"": ""P1P2"", ""rho_WEE1i_R2"": ""P1P2""}",1,1,R3:13723,,True,True,included_primary,
RAD52,R1:121755,PRKDC;RAD52,0.0,False,0.0018315018315018315,True,True,False,R2_transcript_inconsistent,"{""gamma_R2"": ""P2"", ""rho_ATMi_R2"": ""P1"", ""rho_ATRi_R2"": ""P1"", ""rho_R2"": ""P2"", ""rho_WEE1i_R2"": ""P2""}",2,2,R3:13724;R3:13725,,True,True,R2_five_endpoint_transcript_labels_differ,unmeasured_or_unmatched_not_zero_not_nonhit
RAD54B,R1:121756,PRKDC;RAD54B,0.0,False,0.009157509157509158,True,True,True,included_primary,"{""gamma_R2"": ""P1P2"", ""rho_ATMi_R2"": ""P1P2"", ""rho_ATRi_R2"": ""P1P2"", ""rho_R2"": ""P1P2"", ""rho_WEE1i_R2"": ""P1P2""}",1,1,R3:13726,,True,True,included_primary,
RAD54L,R1:121757,PRKDC;RAD54L,0.0,False,0.0,True,True,True,included_primary,"{""gamma_R2"": ""P1P2"", ""rho_ATMi_R2"": ""P1P2"", ""rho_ATRi_R2"": ""P1P2"", ""rho_R2"": ""P1P2"", ""rho_WEE1i_R2"": ""P1P2""}",1,1,R3:13727,,True,True,included_primary,
RAD9A_mis,R1:135199,PRKDC;RAD9A_mis,0.0,False,0.14285714285714285,False,False,False,not_in_exact_three_way_symbol_support,{},0,0,,,False,False,no_exact_R2_symbol;no_exact_R3_WT_symbol,unmeasured_or_unmatched_not_zero_not_nonhit
RAD9B,R1:7666,PRKDC;RAD9B,-0.857134952,False,0.1282051282051282,True,True,True,included_primary,"{""gamma_R2"": ""P1P2"", ""rho_ATMi_R2"": ""P1P2"", ""rho_ATRi_R2"": ""P1P2"", ""rho_R2"": ""P1P2"", ""rho_WEE1i_R2"": ""P1P2""}",1,1,R3:13729,,True,True,included_primary,
RBBP8,R1:18706,PRKDC;RBBP8,-0.535152096,False,0.01282051282051282,False,False,False,not_in_exact_three_way_symbol_support,"{""gamma_R2"": ""P1P2"", ""rho_ATMi_R2"": ""P1P2"", ""rho_ATRi_R2"": ""P1P2"", ""rho_R2"": ""P1P2"", ""rho_WEE1i_R2"": ""P1P2""}",0,0,,,True,False,no_exact_R3_WT_symbol,unmeasured_or_unmatched_not_zero_not_nonhit
RBM17_mis,R1:4880,PRKDC;RBM17_mis,-1.016527723,True,0.045787545787545784,False,False,False,not_in_exact_three_way_symbol_support,{},0,0,,,False,False,no_exact_R2_symbol;no_exact_R3_WT_symbol,unmeasured_or_unmatched_not_zero_not_nonhit
RBX1_mis,R1:10042,PRKDC;RBX1_mis,-0.758846762,False,0.11009174311926606,False,False,False,not_in_exact_three_way_symbol_support,{},0,0,,,False,False,no_exact_R2_symbol;no_exact_R3_WT_symbol,unmeasured_or_unmatched_not_zero_not_nonhit
RCHY1,R1:121758,PRKDC;RCHY1,0.0,False,0.007326007326007326,True,True,True,included_primary,"{""gamma_R2"": ""P1P2"", ""rho_ATMi_R2"": ""P1P2"", ""rho_ATRi_R2"": ""P1P2"", ""rho_R2"": ""P1P2"", ""rho_WEE1i_R2"": ""P1P2""}",1,1,R3:13920,,True,True,included_primary,
REC8,R1:121759,PRKDC;REC8,0.0,False,0.0018315018315018315,True,True,True,included_primary,"{""gamma_R2"": ""P1P2"", ""rho_ATMi_R2"": ""P1P2"", ""rho_ATRi_R2"": ""P1P2"", ""rho_R2"": ""P1P2"", ""rho_WEE1i_R2"": ""P1P2""}",1,1,R3:13941,,True,True,included_primary,
RECQL,R1:58562,PRKDC;RECQL,-0.114059735,False,0.009157509157509158,True,True,True,included_primary,"{""gamma_R2"": ""P1P2"", ""rho_ATMi_R2"": ""P1P2"", ""rho_ATRi_R2"": ""P1P2"", ""rho_R2"": ""P1P2"", ""rho_WEE1i_R2"": ""P1P2""}",1,1,R3:13943,,True,True,included_primary,
RECQL4_mis,R1:19732,PRKDC;RECQL4_mis,-0.515139908,False,0.02564102564102564,False,False,False,not_in_exact_three_way_symbol_support,{},0,0,,,False,False,no_exact_R2_symbol;no_exact_R3_WT_symbol,unmeasured_or_unmatched_not_zero_not_nonhit
RECQL5,R1:8444,PRKDC;RECQL5,-0.818881144,False,0.023809523809523808,True,True,True,included_primary,"{""gamma_R2"": ""P1P2"", ""rho_ATMi_R2"": ""P1P2"", ""rho_ATRi_R2"": ""P1P2"", ""rho_R2"": ""P1P2"", ""rho_WEE1i_R2"": ""P1P2""}",1,1,R3:13945,,True,True,included_primary,
REV1,R1:17711,PRKDC;REV1,-0.55471341,False,0.016483516483516484,True,True,True,included_primary,"{""gamma_R2"": ""P1P2"", ""rho_ATMi_R2"": ""P1P2"", ""rho_ATRi_R2"": ""P1P2"", ""rho_R2"": ""P1P2"", ""rho_WEE1i_R2"": ""P1P2""}",1,1,R3:13984,,True,True,included_primary,
REV3L,R1:121760,PRKDC;REV3L,0.0,False,0.009157509157509158,True,True,True,included_primary,"{""gamma_R2"": ""P1P2"", ""rho_ATMi_R2"": ""P1P2"", ""rho_ATRi_R2"": ""P1P2"", ""rho_R2"": ""P1P2"", ""rho_WEE1i_R2"": ""P1P2""}",1,1,R3:13985,,True,True,included_primary,
REXO4,R1:34921,PRKDC;REXO4,-0.30833954,False,0.0018315018315018315,True,True,True,included_primary,"{""gamma_R2"": ""P1P2"", ""rho_ATMi_R2"": ""P1P2"", ""rho_ATRi_R2"": ""P1P2"", ""rho_R2"": ""P1P2"", ""rho_WEE1i_R2"": ""P1P2""}",1,1,R3:13988,,True,True,included_primary,
RFC1,R1:121761,PRKDC;RFC1,0.0,False,0.07142857142857142,False,False,False,not_in_exact_three_way_symbol_support,"{""gamma_R2"": ""P1P2"", ""rho_ATMi_R2"": ""P1P2"", ""rho_ATRi_R2"": ""P1P2"", ""rho_R2"": ""P1P2"", ""rho_WEE1i_R2"": ""P1P2""}",0,0,,,True,False,no_exact_R3_WT_symbol,unmeasured_or_unmatched_not_zero_not_nonhit
RFC2_mis,R1:5493,PRKDC;RFC2_mis,-0.976648803,False,0.14102564102564102,False,False,False,not_in_exact_three_way_symbol_support,{},0,0,,,False,False,no_exact_R2_symbol;no_exact_R3_WT_symbol,unmeasured_or_unmatched_not_zero_not_nonhit
RFC3_mis,R1:133429,PRKDC;RFC3_mis,0.0,False,0.11355311355311355,False,False,False,not_in_exact_three_way_symbol_support,{},0,0,,,False,False,no_exact_R2_symbol;no_exact_R3_WT_symbol,unmeasured_or_unmatched_not_zero_not_nonhit
RFC4_mis,R1:121762,PRKDC;RFC4_mis,0.0,False,0.031135531135531136,False,False,False,not_in_exact_three_way_symbol_support,{},0,0,,,False,False,no_exact_R2_symbol;no_exact_R3_WT_symbol,unmeasured_or_unmatched_not_zero_not_nonhit
RFC5_mis,R1:148250,PRKDC;RFC5_mis,0.0,False,0.09157509157509157,False,False,False,not_in_exact_three_way_symbol_support,{},0,0,,,False,False,no_exact_R2_symbol;no_exact_R3_WT_symbol,unmeasured_or_unmatched_not_zero_not_nonhit
RFWD3,R1:121763,PRKDC;RFWD3,0.0,False,0.023809523809523808,True,True,True,included_primary,"{""gamma_R2"": ""P1P2"", ""rho_ATMi_R2"": ""P1P2"", ""rho_ATRi_R2"": ""P1P2"", ""rho_R2"": ""P1P2"", ""rho_WEE1i_R2"": ""P1P2""}",1,1,R3:14005,,True,True,included_primary,
RHNO1,R1:29972,PRKDC;RHNO1,-0.364218916,False,0.031135531135531136,True,True,True,included_primary,"{""gamma_R2"": ""P1P2"", ""rho_ATMi_R2"": ""P1P2"", ""rho_ATRi_R2"": ""P1P2"", ""rho_R2"": ""P1P2"", ""rho_WEE1i_R2"": ""P1P2""}",1,1,R3:14087,,True,True,included_primary,
RIF1,R1:45479,PRKDC;RIF1,-0.211148309,False,0.0641025641025641,True,True,True,included_primary,"{""gamma_R2"": ""P1P2"", ""rho_ATMi_R2"": ""P1P2"", ""rho_ATRi_R2"": ""P1P2"", ""rho_R2"": ""P1P2"", ""rho_WEE1i_R2"": ""P1P2""}",1,1,R3:14116,,True,True,included_primary,
RMI1,R1:121764,PRKDC;RMI1,0.0,False,0.025688073394495414,True,True,True,included_primary,"{""gamma_R2"": ""P1P2"", ""rho_ATMi_R2"": ""P1P2"", ""rho_ATRi_R2"": ""P1P2"", ""rho_R2"": ""P1P2"", ""rho_WEE1i_R2"": ""P1P2""}",1,1,R3:14161,,True,True,included_primary,
RMI2,R1:11927,PRKDC;RMI2,-0.69942997,False,0.029304029304029304,True,True,True,included_primary,"{""gamma_R2"": ""P1P2"", ""rho_ATMi_R2"": ""P1P2"", ""rho_ATRi_R2"": ""P1P2"", ""rho_R2"": ""P1P2"", ""rho_WEE1i_R2"": ""P1P2""}",1,1,R3:14162,,True,True,included_primary,
RNASEH2A,R1:23937,PRKDC;RNASEH2A,-0.445610362,False,0.031135531135531136,True,True,True,included_primary,"{""gamma_R2"": ""P1P2"", ""rho_ATMi_R2"": ""P1P2"", ""rho_ATRi_R2"": ""P1P2"", ""rho_R2"": ""P1P2"", ""rho_WEE1i_R2"": ""P1P2""}",1,1,R3:14178,,True,True,included_primary,
RNF111,R1:45752,PRKDC;RNF111,-0.209043035,False,0.0,True,True,True,included_primary,"{""gamma_R2"": ""P1P2"", ""rho_ATMi_R2"": ""P1P2"", ""rho_ATRi_R2"": ""P1P2"", ""rho_R2"": ""P1P2"", ""rho_WEE1i_R2"": ""P1P2""}",1,1,R3:14191,,True,True,included_primary,
RNF113A_mis,R1:19586,PRKDC;RNF113A_mis,-0.517831476,False,0.08990825688073395,False,False,False,not_in_exact_three_way_symbol_support,{},0,0,,,False,False,no_exact_R2_symbol;no_exact_R3_WT_symbol,unmeasured_or_unmatched_not_zero_not_nonhit
RNF138,R1:44055,PRKDC;RNF138,-0.223004786,False,0.005494505494505495,True,True,True,included_primary,"{""gamma_R2"": ""P1P2"", ""rho_ATMi_R2"": ""P1P2"", ""rho_ATRi_R2"": ""P1P2"", ""rho_R2"": ""P1P2"", ""rho_WEE1i_R2"": ""P1P2""}",1,1,R3:14207,,True,True,included_primary,
RNF168,R1:121765,PRKDC;RNF168,0.0,False,0.01282051282051282,True,True,True,included_primary,"{""gamma_R2"": ""P1P2"", ""rho_ATMi_R2"": ""P1P2"", ""rho_ATRi_R2"": ""P1P2"", ""rho_R2"": ""P1P2"", ""rho_WEE1i_R2"": ""P1P2""}",1,1,R3:14228,,True,True,included_primary,
RNF169,R1:64193,PRKDC;RNF169,-0.075356292,False,0.0018315018315018315,True,True,True,included_primary,"{""gamma_R2"": ""P1P2"", ""rho_ATMi_R2"": ""P1P2"", ""rho_ATRi_R2"": ""P1P2"", ""rho_R2"": ""P1P2"", ""rho_WEE1i_R2"": ""P1P2""}",1,1,R3:14229,,True,True,included_primary,
RNF8,R1:5088,PRKDC;RNF8,-1.00248375,True,0.07875457875457875,True,True,True,included_primary,"{""gamma_R2"": ""P1P2"", ""rho_ATMi_R2"": ""P1P2"", ""rho_ATRi_R2"": ""P1P2"", ""rho_R2"": ""P1P2"", ""rho_WEE1i_R2"": ""P1P2""}",1,1,R3:14278,,True,True,included_primary,
RPA1_mis,R1:53115,PRKDC;RPA1_mis,-0.151864271,False,0.05860805860805861,False,False,False,not_in_exact_three_way_symbol_support,{},0,0,,,False,False,no_exact_R2_symbol;no_exact_R3_WT_symbol,unmeasured_or_unmatched_not_zero_not_nonhit
RPA2_mis,R1:140793,PRKDC;RPA2_mis,0.0,False,0.0,False,False,False,not_in_exact_three_way_symbol_support,{},0,0,,,False,False,no_exact_R2_symbol;no_exact_R3_WT_symbol,unmeasured_or_unmatched_not_zero_not_nonhit
RPA3_mis,R1:129439,PRKDC;RPA3_mis,0.0,False,0.12637362637362637,False,False,False,not_in_exact_three_way_symbol_support,{},0,0,,,False,False,no_exact_R2_symbol;no_exact_R3_WT_symbol,unmeasured_or_unmatched_not_zero_not_nonhit
RPA4,R1:55768,PRKDC;RPA4,-0.133044892,False,0.009157509157509158,True,True,True,included_primary,"{""gamma_R2"": ""P1P2"", ""rho_ATMi_R2"": ""P1P2"", ""rho_ATRi_R2"": ""P1P2"", ""rho_R2"": ""P1P2"", ""rho_WEE1i_R2"": ""P1P2""}",1,1,R3:14311,,True,True,included_primary,
RPAIN,R1:5628,PRKDC;RPAIN,-0.967232139,False,0.08807339449541285,True,False,False,no_paired_complete_R3_record,"{""gamma_R2"": ""P1P2"", ""rho_ATMi_R2"": ""P1P2"", ""rho_ATRi_R2"": ""P1P2"", ""rho_R2"": ""P1P2"", ""rho_WEE1i_R2"": ""P1P2""}",1,0,R3:14312,,True,True,no_original_R3_record_with_finite_parent_rho_and_parent_gamma,unmeasured_or_unmatched_not_zero_not_nonhit
RPS27A_mis,R1:139615,PRKDC;RPS27A_mis,0.0,False,0.0,False,False,False,not_in_exact_three_way_symbol_support,{},0,0,,,False,False,no_exact_R2_symbol;no_exact_R3_WT_symbol,unmeasured_or_unmatched_not_zero_not_nonhit
RPS3_mis,R1:55135,PRKDC;RPS3_mis,-0.137581133,False,0.10091743119266056,False,False,False,not_in_exact_three_way_symbol_support,{},0,0,,,False,False,no_exact_R2_symbol;no_exact_R3_WT_symbol,unmeasured_or_unmatched_not_zero_not_nonhit
RRM1_mis,R1:54640,PRKDC;RRM1_mis,-0.14114145,False,0.0018315018315018315,False,False,False,not_in_exact_three_way_symbol_support,{},0,0,,,False,False,no_exact_R2_symbol;no_exact_R3_WT_symbol,unmeasured_or_unmatched_not_zero_not_nonhit
RRM2B,R1:121766,PRKDC;RRM2B,0.0,False,0.009157509157509158,True,True,True,included_primary,"{""gamma_R2"": ""P1P2"", ""rho_ATMi_R2"": ""P1P2"", ""rho_ATRi_R2"": ""P1P2"", ""rho_R2"": ""P1P2"", ""rho_WEE1i_R2"": ""P1P2""}",1,1,R3:14382,,True,True,included_primary,
RTEL1,R1:121767,PRKDC;RTEL1,0.0,False,0.02197802197802198,True,True,True,included_primary,"{""gamma_R2"": ""P1P2"", ""rho_ATMi_R2"": ""P1P2"", ""rho_ATRi_R2"": ""P1P2"", ""rho_R2"": ""P1P2"", ""rho_WEE1i_R2"": ""P1P2""}",1,1,R3:14422,,True,True,included_primary,
RUVBL1_mis,R1:1513,PRKDC;RUVBL1_mis,-1.415606244,True,0.12454212454212454,False,False,False,not_in_exact_three_way_symbol_support,{},0,0,,,False,False,no_exact_R2_symbol;no_exact_R3_WT_symbol,unmeasured_or_unmatched_not_zero_not_nonhit
RUVBL2_mis,R1:146101,PRKDC;RUVBL2_mis,0.0,False,0.001834862385321101,False,False,False,not_in_exact_three_way_symbol_support,{},0,0,,,False,False,no_exact_R2_symbol;no_exact_R3_WT_symbol,unmeasured_or_unmatched_not_zero_not_nonhit
SAMHD1,R1:121768,PRKDC;SAMHD1,0.0,False,0.0,True,True,True,included_primary,"{""gamma_R2"": ""P1P2"", ""rho_ATMi_R2"": ""P1P2"", ""rho_ATRi_R2"": ""P1P2"", ""rho_R2"": ""P1P2"", ""rho_WEE1i_R2"": ""P1P2""}",1,1,R3:14548,,True,True,included_primary,
SETD2,R1:10839,PRKDC;SETD2,-0.734118634,False,0.020146520146520148,True,True,True,included_primary,"{""gamma_R2"": ""P1P2"", ""rho_ATMi_R2"": ""P1P2"", ""rho_ATRi_R2"": ""P1P2"", ""rho_R2"": ""P1P2"", ""rho_WEE1i_R2"": ""P1P2""}",1,1,R3:14873,,True,True,included_primary,
SETMAR,R1:121769,PRKDC;SETMAR,0.0,False,0.003663003663003663,True,True,True,included_primary,"{""gamma_R2"": ""P1P2"", ""rho_ATMi_R2"": ""P1P2"", ""rho_ATRi_R2"": ""P1P2"", ""rho_R2"": ""P1P2"", ""rho_WEE1i_R2"": ""P1P2""}",1,1,R3:14884,,True,True,included_primary,
SETX,R1:121770,PRKDC;SETX,0.0,False,0.005494505494505495,True,True,True,included_primary,"{""gamma_R2"": ""P1P2"", ""rho_ATMi_R2"": ""P1P2"", ""rho_ATRi_R2"": ""P1P2"", ""rho_R2"": ""P1P2"", ""rho_WEE1i_R2"": ""P1P2""}",1,1,R3:14885,,True,True,included_primary,
SFPQ,R1:1626,PRKDC;SFPQ,-1.389637934,True,0.06422018348623854,False,False,False,not_in_exact_three_way_symbol_support,"{""gamma_R2"": ""P1P2"", ""rho_ATMi_R2"": ""P1P2"", ""rho_ATRi_R2"": ""P1P2"", ""rho_R2"": ""P1P2"", ""rho_WEE1i_R2"": ""P1P2""}",0,0,,,True,False,no_exact_R3_WT_symbol,unmeasured_or_unmatched_not_zero_not_nonhit
SFR1,R1:33306,PRKDC;SFR1,-0.325114387,False,0.003663003663003663,True,True,True,included_primary,"{""gamma_R2"": ""P1P2"", ""rho_ATMi_R2"": ""P1P2"", ""rho_ATRi_R2"": ""P1P2"", ""rho_R2"": ""P1P2"", ""rho_WEE1i_R2"": ""P1P2""}",1,1,R3:14899,,True,True,included_primary,
SHFM1_mis,R1:10712,PRKDC;SHFM1_mis,-0.737628743,False,0.17582417582417584,False,False,False,not_in_exact_three_way_symbol_support,{},0,0,,,False,False,no_exact_R2_symbol;no_exact_R3_WT_symbol,unmeasured_or_unmatched_not_zero_not_nonhit
SHPRH,R1:29313,PRKDC;SHPRH,-0.372350213,False,0.01834862385321101,True,True,True,included_primary,"{""gamma_R2"": ""P1P2"", ""rho_ATMi_R2"": ""P1P2"", ""rho_ATRi_R2"": ""P1P2"", ""rho_R2"": ""P1P2"", ""rho_WEE1i_R2"": ""P1P2""}",1,1,R3:15029,,True,True,included_primary,
SIRT1,R1:121771,PRKDC;SIRT1,0.0,False,0.0018315018315018315,True,True,True,included_primary,"{""gamma_R2"": ""P1P2"", ""rho_ATMi_R2"": ""P1P2"", ""rho_ATRi_R2"": ""P1P2"", ""rho_R2"": ""P1P2"", ""rho_WEE1i_R2"": ""P1P2""}",1,1,R3:15080,,True,True,included_primary,
SIRT6,R1:27288,PRKDC;SIRT6,-0.398202391,False,0.0018315018315018315,True,True,True,included_primary,"{""gamma_R2"": ""P1P2"", ""rho_ATMi_R2"": ""P1P2"", ""rho_ATRi_R2"": ""P1P2"", ""rho_R2"": ""P1P2"", ""rho_WEE1i_R2"": ""P1P2""}",1,1,R3:15085,,True,True,included_primary,
SLC30A9,R1:49005,PRKDC;SLC30A9,-0.183532377,False,0.014652014652014652,True,True,True,included_primary,"{""gamma_R2"": ""P1P2"", ""rho_ATMi_R2"": ""P1P2"", ""rho_ATRi_R2"": ""P1P2"", ""rho_R2"": ""P1P2"", ""rho_WEE1i_R2"": ""P1P2""}",1,1,R3:15323,,True,True,included_primary,
SLX1A,R1:18321,PRKDC;SLX1A,-0.542115743,False,0.014652014652014652,True,True,True,included_primary,"{""gamma_R2"": ""ENST00000251303.6"", ""rho_ATMi_R2"": ""ENST00000251303.6"", ""rho_ATRi_R2"": ""ENST00000251303.6"", ""rho_R2"": ""ENST00000251303.6"", ""rho_WEE1i_R2"": ""ENST00000251303.6""}",1,1,R3:15551,,True,True,included_primary,
SLX4,R1:36206,PRKDC;SLX4,-0.295062931,False,0.03669724770642202,True,True,True,included_primary,"{""gamma_R2"": ""P1P2"", ""rho_ATMi_R2"": ""P1P2"", ""rho_ATRi_R2"": ""P1P2"", ""rho_R2"": ""P1P2"", ""rho_WEE1i_R2"": ""P1P2""}",1,1,R3:15553,,True,True,included_primary,
SMARCAD1,R1:46648,PRKDC;SMARCAD1,-0.201842862,False,0.005494505494505495,True,True,True,included_primary,"{""gamma_R2"": ""P1P2"", ""rho_ATMi_R2"": ""P1P2"", ""rho_ATRi_R2"": ""P1P2"", ""rho_R2"": ""P1P2"", ""rho_WEE1i_R2"": ""P1P2""}",1,1,R3:15571,,True,True,included_primary,
SMARCAL1,R1:52865,PRKDC;SMARCAL1,-0.153691274,False,0.023809523809523808,True,True,True,included_primary,"{""gamma_R2"": ""P1P2"", ""rho_ATMi_R2"": ""P1P2"", ""rho_ATRi_R2"": ""P1P2"", ""rho_R2"": ""P1P2"", ""rho_WEE1i_R2"": ""P1P2""}",1,1,R3:15572,,True,True,included_primary,
SMARCB1,R1:121772,PRKDC;SMARCB1,0.0,False,0.003663003663003663,True,True,False,R2_transcript_inconsistent,"{""gamma_R2"": ""P2"", ""rho_ATMi_R2"": ""P2"", ""rho_ATRi_R2"": ""P2"", ""rho_R2"": ""P1"", ""rho_WEE1i_R2"": ""P1""}",2,2,R3:15573;R3:15574,,True,True,R2_five_endpoint_transcript_labels_differ,unmeasured_or_unmatched_not_zero_not_nonhit
SMC1A_mis,R1:130275,PRKDC;SMC1A_mis,0.0,False,0.05311355311355311,False,False,False,not_in_exact_three_way_symbol_support,{},0,0,,,False,False,no_exact_R2_symbol;no_exact_R3_WT_symbol,unmeasured_or_unmatched_not_zero_not_nonhit
SMC3,R1:36469,PRKDC;SMC3,-0.292128162,False,0.1391941391941392,False,False,False,not_in_exact_three_way_symbol_support,"{""gamma_R2"": ""P1P2"", ""rho_ATMi_R2"": ""P1P2"", ""rho_ATRi_R2"": ""P1P2"", ""rho_R2"": ""P1P2"", ""rho_WEE1i_R2"": ""P1P2""}",0,0,,,True,False,no_exact_R3_WT_symbol,unmeasured_or_unmatched_not_zero_not_nonhit
SMC5,R1:121773,PRKDC;SMC5,0.0,False,0.009157509157509158,True,True,True,included_primary,"{""gamma_R2"": ""P1P2"", ""rho_ATMi_R2"": ""P1P2"", ""rho_ATRi_R2"": ""P1P2"", ""rho_R2"": ""P1P2"", ""rho_WEE1i_R2"": ""P1P2""}",1,1,R3:15584,,True,True,included_primary,
SMC6,R1:20597,PRKDC;SMC6,-0.500176839,False,0.10256410256410256,False,False,False,not_in_exact_three_way_symbol_support,"{""gamma_R2"": ""P1P2"", ""rho_ATMi_R2"": ""P1P2"", ""rho_ATRi_R2"": ""P1P2"", ""rho_R2"": ""P1P2"", ""rho_WEE1i_R2"": ""P1P2""}",0,0,,,True,False,no_exact_R3_WT_symbol,unmeasured_or_unmatched_not_zero_not_nonhit
SMCHD1,R1:121774,PRKDC;SMCHD1,0.0,False,0.0018315018315018315,True,True,True,included_primary,"{""gamma_R2"": ""P1P2"", ""rho_ATMi_R2"": ""P1P2"", ""rho_ATRi_R2"": ""P1P2"", ""rho_R2"": ""P1P2"", ""rho_WEE1i_R2"": ""P1P2""}",1,1,R3:15585,,True,True,included_primary,
SMEK2,R1:121775,PRKDC;SMEK2,0.0,False,0.003663003663003663,True,True,True,included_primary,"{""gamma_R2"": ""P1P2"", ""rho_ATMi_R2"": ""P1P2"", ""rho_ATRi_R2"": ""P1P2"", ""rho_R2"": ""P1P2"", ""rho_WEE1i_R2"": ""P1P2""}",1,1,R3:15595,,True,True,included_primary,
SMG1,R1:26153,PRKDC;SMG1,-0.413889398,False,0.03663003663003663,True,True,True,included_primary,"{""gamma_R2"": ""P1P2"", ""rho_ATMi_R2"": ""P1P2"", ""rho_ATRi_R2"": ""P1P2"", ""rho_R2"": ""P1P2"", ""rho_WEE1i_R2"": ""P1P2""}",1,1,R3:15596,,True,True,included_primary,
SMUG1,R1:21466,PRKDC;SMUG1,-0.485150795,False,0.009174311926605505,True,True,True,included_primary,"{""gamma_R2"": ""P1P2"", ""rho_ATMi_R2"": ""P1P2"", ""rho_ATRi_R2"": ""P1P2"", ""rho_R2"": ""P1P2"", ""rho_WEE1i_R2"": ""P1P2""}",1,1,R3:15642,,True,True,included_primary,
SPATA22,R1:32382,PRKDC;SPATA22,-0.336007479,False,0.005494505494505495,True,True,True,included_primary,"{""gamma_R2"": ""P1P2"", ""rho_ATMi_R2"": ""P1P2"", ""rho_ATRi_R2"": ""P1P2"", ""rho_R2"": ""P1P2"", ""rho_WEE1i_R2"": ""P1P2""}",1,1,R3:15829,,True,True,included_primary,
SPIDR,R1:53390,PRKDC;SPIDR,-0.149913636,False,0.003663003663003663,True,True,True,included_primary,"{""gamma_R2"": ""P1P2"", ""rho_ATMi_R2"": ""P1P2"", ""rho_ATRi_R2"": ""P1P2"", ""rho_R2"": ""P1P2"", ""rho_WEE1i_R2"": ""P1P2""}",1,1,R3:15884,,True,True,included_primary,
SPIRE1,R1:69824,PRKDC;SPIRE1,-0.038917366,False,0.0018315018315018315,True,True,True,included_primary,"{""gamma_R2"": ""P1P2"", ""rho_ATMi_R2"": ""P1P2"", ""rho_ATRi_R2"": ""P1P2"", ""rho_R2"": ""P1P2"", ""rho_WEE1i_R2"": ""P1P2""}",1,1,R3:15905,,True,True,included_primary,
SPIRE2,R1:121776,PRKDC;SPIRE2,0.0,False,0.005504587155963303,True,True,True,included_primary,"{""gamma_R2"": ""P1P2"", ""rho_ATMi_R2"": ""P1P2"", ""rho_ATRi_R2"": ""P1P2"", ""rho_R2"": ""P1P2"", ""rho_WEE1i_R2"": ""P1P2""}",1,1,R3:15906,,True,True,included_primary,
SPO11,R1:121777,PRKDC;SPO11,0.0,False,0.003663003663003663,True,True,True,included_primary,"{""gamma_R2"": ""P1P2"", ""rho_ATMi_R2"": ""P1P2"", ""rho_ATRi_R2"": ""P1P2"", ""rho_R2"": ""P1P2"", ""rho_WEE1i_R2"": ""P1P2""}",1,1,R3:15911,,True,True,included_primary,
SPRTN,R1:121778,PRKDC;SPRTN,0.0,False,0.01282051282051282,True,True,True,included_primary,"{""gamma_R2"": ""P1P2"", ""rho_ATMi_R2"": ""P1P2"", ""rho_ATRi_R2"": ""P1P2"", ""rho_R2"": ""P1P2"", ""rho_WEE1i_R2"": ""P1P2""}",1,1,R3:15946,,True,True,included_primary,
SSRP1_mis,R1:142711,PRKDC;SSRP1_mis,0.0,False,0.1282051282051282,False,False,False,not_in_exact_three_way_symbol_support,{},0,0,,,False,False,no_exact_R2_symbol;no_exact_R3_WT_symbol,unmeasured_or_unmatched_not_zero_not_nonhit
STRA13,R1:31452,PRKDC;STRA13,-0.346041014,False,0.020146520146520148,True,True,True,included_primary,"{""gamma_R2"": ""P1P2"", ""rho_ATMi_R2"": ""P1P2"", ""rho_ATRi_R2"": ""P1P2"", ""rho_R2"": ""P1P2"", ""rho_WEE1i_R2"": ""P1P2""}",1,1,R3:16187,,True,True,included_primary,
STUB1,R1:36528,PRKDC;STUB1,-0.291607234,False,0.012844036697247707,True,True,True,included_primary,"{""gamma_R2"": ""P1P2"", ""rho_ATMi_R2"": ""P1P2"", ""rho_ATRi_R2"": ""P1P2"", ""rho_R2"": ""P1P2"", ""rho_WEE1i_R2"": ""P1P2""}",1,1,R3:16203,,True,True,included_primary,
SUMO1,R1:18840,PRKDC;SUMO1,-0.532046528,False,0.13736263736263737,True,True,True,included_primary,"{""gamma_R2"": ""P1P2"", ""rho_ATMi_R2"": ""P1P2"", ""rho_ATRi_R2"": ""P1P2"", ""rho_R2"": ""P1P2"", ""rho_WEE1i_R2"": ""P1P2""}",1,1,R3:16266,,True,True,included_primary,
SUPT16H,R1:67168,PRKDC;SUPT16H,-0.05610826,False,0.07339449541284404,False,False,False,not_in_exact_three_way_symbol_support,"{""gamma_R2"": ""P1P2"", ""rho_ATMi_R2"": ""P1P2"", ""rho_ATRi_R2"": ""P1P2"", ""rho_R2"": ""P1P2"", ""rho_WEE1i_R2"": ""P1P2""}",0,0,,,True,False,no_exact_R3_WT_symbol,unmeasured_or_unmatched_not_zero_not_nonhit
SUV420H1,R1:121779,PRKDC;SUV420H1,0.0,False,0.0018315018315018315,True,True,True,included_primary,"{""gamma_R2"": ""P1P2"", ""rho_ATMi_R2"": ""P1P2"", ""rho_ATRi_R2"": ""P1P2"", ""rho_R2"": ""P1P2"", ""rho_WEE1i_R2"": ""P1P2""}",1,1,R3:16293,,True,True,included_primary,
SUV420H2,R1:121780,PRKDC;SUV420H2,0.0,False,0.001834862385321101,True,True,True,included_primary,"{""gamma_R2"": ""P1P2"", ""rho_ATMi_R2"": ""P1P2"", ""rho_ATRi_R2"": ""P1P2"", ""rho_R2"": ""P1P2"", ""rho_WEE1i_R2"": ""P1P2""}",1,1,R3:16294,,True,True,included_primary,
SWI5,R1:121781,PRKDC;SWI5,0.0,False,0.01834862385321101,True,True,True,included_primary,"{""gamma_R2"": ""P1P2"", ""rho_ATMi_R2"": ""P1P2"", ""rho_ATRi_R2"": ""P1P2"", ""rho_R2"": ""P1P2"", ""rho_WEE1i_R2"": ""P1P2""}",1,1,R3:16306,,True,True,included_primary,
SWSAP1,R1:121782,PRKDC;SWSAP1,0.0,False,0.016483516483516484,True,True,True,included_primary,"{""gamma_R2"": ""P1P2"", ""rho_ATMi_R2"": ""P1P2"", ""rho_ATRi_R2"": ""P1P2"", ""rho_R2"": ""P1P2"", ""rho_WEE1i_R2"": ""P1P2""}",1,1,R3:16307,,True,True,included_primary,
SYCP1,R1:121783,PRKDC;SYCP1,0.0,False,0.005504587155963303,True,True,True,included_primary,"{""gamma_R2"": ""P1P2"", ""rho_ATMi_R2"": ""P1P2"", ""rho_ATRi_R2"": ""P1P2"", ""rho_R2"": ""P1P2"", ""rho_WEE1i_R2"": ""P1P2""}",1,1,R3:16317,,True,True,included_primary,
TAOK1,R1:121784,PRKDC;TAOK1,0.0,False,0.0,True,True,True,included_primary,"{""gamma_R2"": ""P1P2"", ""rho_ATMi_R2"": ""P1P2"", ""rho_ATRi_R2"": ""P1P2"", ""rho_R2"": ""P1P2"", ""rho_WEE1i_R2"": ""P1P2""}",1,1,R3:16447,,True,True,included_primary,
TAOK3,R1:26521,PRKDC;TAOK3,-0.408920548,False,0.014678899082568808,True,True,False,R2_transcript_inconsistent,"{""gamma_R2"": ""P2"", ""rho_ATMi_R2"": ""P2"", ""rho_ATRi_R2"": ""P2"", ""rho_R2"": ""P1"", ""rho_WEE1i_R2"": ""P1""}",2,2,R3:16449;R3:16450,,True,True,R2_five_endpoint_transcript_labels_differ,unmeasured_or_unmatched_not_zero_not_nonhit
TCEA1,R1:69989,PRKDC;TCEA1,-0.037678923,False,0.02197802197802198,True,True,True,included_primary,"{""gamma_R2"": ""P1P2"", ""rho_ATMi_R2"": ""P1P2"", ""rho_ATRi_R2"": ""P1P2"", ""rho_R2"": ""P1P2"", ""rho_WEE1i_R2"": ""P1P2""}",1,1,R3:16578,,True,True,included_primary,
TDG,R1:121785,PRKDC;TDG,0.0,False,0.003663003663003663,True,True,True,included_primary,"{""gamma_R2"": ""P1P2"", ""rho_ATMi_R2"": ""P1P2"", ""rho_ATRi_R2"": ""P1P2"", ""rho_R2"": ""P1P2"", ""rho_WEE1i_R2"": ""P1P2""}",1,1,R3:16640,,True,True,included_primary,
TDP1,R1:42218,PRKDC;TDP1,-0.238560948,False,0.003669724770642202,True,True,True,included_primary,"{""gamma_R2"": ""P1P2"", ""rho_ATMi_R2"": ""P1P2"", ""rho_ATRi_R2"": ""P1P2"", ""rho_R2"": ""P1P2"", ""rho_WEE1i_R2"": ""P1P2""}",1,1,R3:16643,,True,True,included_primary,
TDP2,R1:21671,PRKDC;TDP2,-0.481434871,False,0.06227106227106227,True,True,True,included_primary,"{""gamma_R2"": ""P1P2"", ""rho_ATMi_R2"": ""P1P2"", ""rho_ATRi_R2"": ""P1P2"", ""rho_R2"": ""P1P2"", ""rho_WEE1i_R2"": ""P1P2""}",1,1,R3:16644,,True,True,included_primary,
TERF2,R1:121786,PRKDC;TERF2,0.0,False,0.11721611721611722,False,False,False,not_in_exact_three_way_symbol_support,"{""gamma_R2"": ""P1P2"", ""rho_ATMi_R2"": ""P1P2"", ""rho_ATRi_R2"": ""P1P2"", ""rho_R2"": ""P1P2"", ""rho_WEE1i_R2"": ""P1P2""}",0,0,,,True,False,no_exact_R3_WT_symbol,unmeasured_or_unmatched_not_zero_not_nonhit
TERF2IP,R1:21233,PRKDC;TERF2IP,-0.489517278,False,0.005494505494505495,True,True,True,included_primary,"{""gamma_R2"": ""P1P2"", ""rho_ATMi_R2"": ""P1P2"", ""rho_ATRi_R2"": ""P1P2"", ""rho_R2"": ""P1P2"", ""rho_WEE1i_R2"": ""P1P2""}",1,1,R3:16686,,True,True,included_primary,
TEX12,R1:121787,PRKDC;TEX12,0.0,False,0.003663003663003663,True,True,True,included_primary,"{""gamma_R2"": ""P1P2"", ""rho_ATMi_R2"": ""P1P2"", ""rho_ATRi_R2"": ""P1P2"", ""rho_R2"": ""P1P2"", ""rho_WEE1i_R2"": ""P1P2""}",1,1,R3:16700,,True,True,included_primary,
TEX15,R1:121788,PRKDC;TEX15,0.0,False,0.003669724770642202,True,True,True,included_primary,"{""gamma_R2"": ""ENST00000256246.2"", ""rho_ATMi_R2"": ""ENST00000256246.2"", ""rho_ATRi_R2"": ""ENST00000256246.2"", ""rho_R2"": ""ENST00000256246.2"", ""rho_WEE1i_R2"": ""ENST00000256246.2""}",1,1,R3:16704,,True,True,included_primary,
TFIP11_mis,R1:34521,PRKDC;TFIP11_mis,-0.312437607,False,0.014652014652014652,False,False,False,not_in_exact_three_way_symbol_support,{},0,0,,,False,False,no_exact_R2_symbol;no_exact_R3_WT_symbol,unmeasured_or_unmatched_not_zero_not_nonhit
TFPT,R1:6141,PRKDC;TFPT,-0.935628435,False,0.06227106227106227,True,True,True,included_primary,"{""gamma_R2"": ""P1P2"", ""rho_ATMi_R2"": ""P1P2"", ""rho_ATRi_R2"": ""P1P2"", ""rho_R2"": ""P1P2"", ""rho_WEE1i_R2"": ""P1P2""}",1,1,R3:16750,,True,True,included_primary,
TICRR_mis,R1:3248,PRKDC;TICRR_mis,-1.159052174,True,0.08424908424908426,False,False,False,not_in_exact_three_way_symbol_support,{},0,0,,,False,False,no_exact_R2_symbol;no_exact_R3_WT_symbol,unmeasured_or_unmatched_not_zero_not_nonhit
TIMELESS_mis,R1:23932,PRKDC;TIMELESS_mis,-0.445707036,False,0.07692307692307693,False,False,False,not_in_exact_three_way_symbol_support,{},0,0,,,False,False,no_exact_R2_symbol;no_exact_R3_WT_symbol,unmeasured_or_unmatched_not_zero_not_nonhit
TMEM161A,R1:121789,PRKDC;TMEM161A,0.0,False,0.016483516483516484,True,True,True,included_primary,"{""gamma_R2"": ""P1P2"", ""rho_ATMi_R2"": ""P1P2"", ""rho_ATRi_R2"": ""P1P2"", ""rho_R2"": ""P1P2"", ""rho_WEE1i_R2"": ""P1P2""}",1,1,R3:17047,,True,True,included_primary,
TMEM189.UBE2V1,R1:121790,PRKDC;TMEM189.UBE2V1,0.0,False,0.022018348623853212,False,False,False,not_in_exact_three_way_symbol_support,{},0,0,,,False,False,no_exact_R2_symbol;no_exact_R3_WT_symbol,unmeasured_or_unmatched_not_zero_not_nonhit
TNKS1BP1,R1:121791,PRKDC;TNKS1BP1,0.0,False,0.0,True,True,False,R2_transcript_inconsistent,"{""gamma_R2"": ""P2"", ""rho_ATMi_R2"": ""P1"", ""rho_ATRi_R2"": ""P2"", ""rho_R2"": ""P1"", ""rho_WEE1i_R2"": ""P1""}",2,2,R3:17337;R3:17338,,True,True,R2_five_endpoint_transcript_labels_differ,unmeasured_or_unmatched_not_zero_not_nonhit
TNP1,R1:121792,PRKDC;TNP1,0.0,False,0.009157509157509158,True,True,True,included_primary,"{""gamma_R2"": ""P1P2"", ""rho_ATMi_R2"": ""P1P2"", ""rho_ATRi_R2"": ""P1P2"", ""rho_R2"": ""P1P2"", ""rho_WEE1i_R2"": ""P1P2""}",1,1,R3:17355,,True,True,included_primary,
TONSL_mis,R1:8960,PRKDC;TONSL_mis,-0.799415971,False,0.027522935779816515,False,False,False,not_in_exact_three_way_symbol_support,{},0,0,,,False,False,no_exact_R2_symbol;no_exact_R3_WT_symbol,unmeasured_or_unmatched_not_zero_not_nonhit
TOP3A,R1:19849,PRKDC;TOP3A,-0.513001478,False,0.08990825688073395,True,True,True,included_primary,"{""gamma_R2"": ""P1P2"", ""rho_ATMi_R2"": ""P1P2"", ""rho_ATRi_R2"": ""P1P2"", ""rho_R2"": ""P1P2"", ""rho_WEE1i_R2"": ""P1P2""}",1,1,R3:17386,,True,True,included_primary,
TOPBP1_mis,R1:5637,PRKDC;TOPBP1_mis,-0.966617776,False,0.1559633027522936,False,False,False,not_in_exact_three_way_symbol_support,{},0,0,,,False,False,no_exact_R2_symbol;no_exact_R3_WT_symbol,unmeasured_or_unmatched_not_zero_not_nonhit
TP53,R1:121793,PRKDC;TP53,0.0,False,0.003663003663003663,True,True,True,included_primary,"{""gamma_R2"": ""P1P2"", ""rho_ATMi_R2"": ""P1P2"", ""rho_ATRi_R2"": ""P1P2"", ""rho_R2"": ""P1P2"", ""rho_WEE1i_R2"": ""P1P2""}",1,1,R3:17401,,True,True,included_primary,
TP53BP1,R1:53107,PRKDC;TP53BP1,-0.151928587,False,0.003663003663003663,True,True,False,R2_transcript_inconsistent,"{""gamma_R2"": ""P2"", ""rho_ATMi_R2"": ""P1"", ""rho_ATRi_R2"": ""P1"", ""rho_R2"": ""P2"", ""rho_WEE1i_R2"": ""P1""}",2,2,R3:17403;R3:17404,,True,True,R2_five_endpoint_transcript_labels_differ,unmeasured_or_unmatched_not_zero_not_nonhit
TP73,R1:121794,PRKDC;TP73,0.0,False,0.003669724770642202,True,True,True,included_primary,"{""gamma_R2"": ""P1P2"", ""rho_ATMi_R2"": ""P1P2"", ""rho_ATRi_R2"": ""P1P2"", ""rho_R2"": ""P1P2"", ""rho_WEE1i_R2"": ""P1P2""}",1,1,R3:17415,,True,True,included_primary,
TREX1,R1:121795,PRKDC;TREX1,0.0,False,0.0018315018315018315,True,True,True,included_primary,"{""gamma_R2"": ""P1P2"", ""rho_ATMi_R2"": ""P1P2"", ""rho_ATRi_R2"": ""P1P2"", ""rho_R2"": ""P1P2"", ""rho_WEE1i_R2"": ""P1P2""}",1,1,R3:17515,,True,True,included_primary,
TREX2,R1:135257,PRKDC;TREX2,0.0,False,0.014652014652014652,False,False,False,not_in_exact_three_way_symbol_support,"{""gamma_R2"": ""P1P2"", ""rho_ATMi_R2"": ""P1P2"", ""rho_ATRi_R2"": ""P1P2"", ""rho_R2"": ""P1P2"", ""rho_WEE1i_R2"": ""P1P2""}",0,0,,,True,False,no_exact_R3_WT_symbol,unmeasured_or_unmatched_not_zero_not_nonhit
TRIM25,R1:121796,PRKDC;TRIM25,0.0,False,0.01834862385321101,True,True,True,included_primary,"{""gamma_R2"": ""P1P2"", ""rho_ATMi_R2"": ""P1P2"", ""rho_ATRi_R2"": ""P1P2"", ""rho_R2"": ""P1P2"", ""rho_WEE1i_R2"": ""P1P2""}",1,1,R3:17538,,True,True,included_primary,
TRIM28,R1:121797,PRKDC;TRIM28,0.0,False,0.0,True,True,True,included_primary,"{""gamma_R2"": ""P1P2"", ""rho_ATMi_R2"": ""P1P2"", ""rho_ATRi_R2"": ""P1P2"", ""rho_R2"": ""P1P2"", ""rho_WEE1i_R2"": ""P1P2""}",1,1,R3:17541,,True,True,included_primary,
TRIP12,R1:14114,PRKDC;TRIP12,-0.639971716,False,0.04212454212454213,True,True,True,included_primary,"{""gamma_R2"": ""P1P2"", ""rho_ATMi_R2"": ""P1P2"", ""rho_ATRi_R2"": ""P1P2"", ""rho_R2"": ""P1P2"", ""rho_WEE1i_R2"": ""P1P2""}",1,1,R3:17607,,True,True,included_primary,
TRIP13,R1:3641,PRKDC;TRIP13,-1.118745998,True,0.04395604395604396,True,True,True,included_primary,"{""gamma_R2"": ""P1P2"", ""rho_ATMi_R2"": ""P1P2"", ""rho_ATRi_R2"": ""P1P2"", ""rho_R2"": ""P1P2"", ""rho_WEE1i_R2"": ""P1P2""}",1,1,R3:17608,,True,True,included_primary,
TRRAP,R1:40244,PRKDC;TRRAP,-0.256137258,False,0.14285714285714285,True,True,True,included_primary,"{""gamma_R2"": ""P1P2"", ""rho_ATMi_R2"": ""P1P2"", ""rho_ATRi_R2"": ""P1P2"", ""rho_R2"": ""P1P2"", ""rho_WEE1i_R2"": ""P1P2""}",1,1,R3:17662,,True,True,included_primary,
TTC5,R1:121798,PRKDC;TTC5,0.0,False,0.005494505494505495,True,True,True,included_primary,"{""gamma_R2"": ""P1P2"", ""rho_ATMi_R2"": ""P1P2"", ""rho_ATRi_R2"": ""P1P2"", ""rho_R2"": ""P1P2"", ""rho_WEE1i_R2"": ""P1P2""}",1,1,R3:17775,,True,True,included_primary,
TWIST1,R1:121799,PRKDC;TWIST1,0.0,False,0.0018315018315018315,True,True,True,included_primary,"{""gamma_R2"": ""P1P2"", ""rho_ATMi_R2"": ""P1P2"", ""rho_ATRi_R2"": ""P1P2"", ""rho_R2"": ""P1P2"", ""rho_WEE1i_R2"": ""P1P2""}",1,1,R3:17857,,True,True,included_primary,
UBA52_mis,R1:36643,PRKDC;UBA52_mis,-0.290201191,False,0.005504587155963303,False,False,False,not_in_exact_three_way_symbol_support,{},0,0,,,False,False,no_exact_R2_symbol;no_exact_R3_WT_symbol,unmeasured_or_unmatched_not_zero_not_nonhit
UBB,R1:121800,PRKDC;UBB,0.0,False,0.018315018315018316,True,False,False,no_paired_complete_R3_record,"{""gamma_R2"": ""P1P2"", ""rho_ATMi_R2"": ""P1P2"", ""rho_ATRi_R2"": ""P1P2"", ""rho_R2"": ""P1P2"", ""rho_WEE1i_R2"": ""P1P2""}",1,0,R3:17920,,True,True,no_original_R3_record_with_finite_parent_rho_and_parent_gamma,unmeasured_or_unmatched_not_zero_not_nonhit
UBC,R1:121801,PRKDC;UBC,0.0,False,0.023809523809523808,True,True,True,included_primary,"{""gamma_R2"": ""P1P2"", ""rho_ATMi_R2"": ""P1P2"", ""rho_ATRi_R2"": ""P1P2"", ""rho_R2"": ""P1P2"", ""rho_WEE1i_R2"": ""P1P2""}",1,1,R3:17921,,True,True,included_primary,
UBE2A,R1:51602,PRKDC;UBE2A,-0.16327237,False,0.003663003663003663,True,True,True,included_primary,"{""gamma_R2"": ""P1P2"", ""rho_ATMi_R2"": ""P1P2"", ""rho_ATRi_R2"": ""P1P2"", ""rho_R2"": ""P1P2"", ""rho_WEE1i_R2"": ""P1P2""}",1,1,R3:17923,,True,True,included_primary,
UBE2B,R1:11859,PRKDC;UBE2B,-0.701380644,False,0.12477064220183487,True,True,True,included_primary,"{""gamma_R2"": ""P1P2"", ""rho_ATMi_R2"": ""P1P2"", ""rho_ATRi_R2"": ""P1P2"", ""rho_R2"": ""P1P2"", ""rho_WEE1i_R2"": ""P1P2""}",1,1,R3:17924,,True,True,included_primary,
UBE2D3,R1:6789,PRKDC;UBE2D3,-0.899603533,False,0.06972477064220184,True,True,True,included_primary,"{""gamma_R2"": ""P1P2"", ""rho_ATMi_R2"": ""P1P2"", ""rho_ATRi_R2"": ""P1P2"", ""rho_R2"": ""P1P2"", ""rho_WEE1i_R2"": ""P1P2""}",1,1,R3:17928,,True,True,included_primary,
UBE2L6,R1:121802,PRKDC;UBE2L6,0.0,False,0.001834862385321101,True,True,True,included_primary,"{""gamma_R2"": ""P1P2"", ""rho_ATMi_R2"": ""P1P2"", ""rho_ATRi_R2"": ""P1P2"", ""rho_R2"": ""P1P2"", ""rho_WEE1i_R2"": ""P1P2""}",1,1,R3:17941,,True,True,included_primary,
UBE2N,R1:4940,PRKDC;UBE2N,-1.012790086,True,0.025688073394495414,True,True,True,included_primary,"{""gamma_R2"": ""P1P2"", ""rho_ATMi_R2"": ""P1P2"", ""rho_ATRi_R2"": ""P1P2"", ""rho_R2"": ""P1P2"", ""rho_WEE1i_R2"": ""P1P2""}",1,1,R3:17943,,True,True,included_primary,
UBE2T,R1:121803,PRKDC;UBE2T,0.0,False,0.056776556776556776,True,True,True,included_primary,"{""gamma_R2"": ""P1P2"", ""rho_ATMi_R2"": ""P1P2"", ""rho_ATRi_R2"": ""P1P2"", ""rho_R2"": ""P1P2"", ""rho_WEE1i_R2"": ""P1P2""}",1,1,R3:17951,,True,True,included_primary,
UBE2U,R1:121804,PRKDC;UBE2U,0.0,False,0.003663003663003663,True,True,True,included_primary,"{""gamma_R2"": ""P1P2"", ""rho_ATMi_R2"": ""P1P2"", ""rho_ATRi_R2"": ""P1P2"", ""rho_R2"": ""P1P2"", ""rho_WEE1i_R2"": ""P1P2""}",1,1,R3:17952,,True,True,included_primary,
UBE2V1,R1:39821,PRKDC;UBE2V1,-0.259974802,False,0.007326007326007326,True,True,True,included_primary,"{""gamma_R2"": ""P1P2"", ""rho_ATMi_R2"": ""P1P2"", ""rho_ATRi_R2"": ""P1P2"", ""rho_R2"": ""P1P2"", ""rho_WEE1i_R2"": ""P1P2""}",1,1,R3:17953,,True,True,included_primary,
UBE2V2,R1:4749,PRKDC;UBE2V2,-1.026479898,True,0.0989010989010989,True,True,True,included_primary,"{""gamma_R2"": ""P1P2"", ""rho_ATMi_R2"": ""P1P2"", ""rho_ATRi_R2"": ""P1P2"", ""rho_R2"": ""P1P2"", ""rho_WEE1i_R2"": ""P1P2""}",1,1,R3:17954,,True,True,included_primary,
UBE2W,R1:121805,PRKDC;UBE2W,0.0,False,0.0018315018315018315,True,True,True,included_primary,"{""gamma_R2"": ""P1P2"", ""rho_ATMi_R2"": ""P1P2"", ""rho_ATRi_R2"": ""P1P2"", ""rho_R2"": ""P1P2"", ""rho_WEE1i_R2"": ""P1P2""}",1,1,R3:17955,,True,True,included_primary,
UBQLN4,R1:121806,PRKDC;UBQLN4,0.0,False,0.0018315018315018315,True,False,False,no_paired_complete_R3_record,"{""gamma_R2"": ""P1P2"", ""rho_ATMi_R2"": ""P1P2"", ""rho_ATRi_R2"": ""P1P2"", ""rho_R2"": ""P1P2"", ""rho_WEE1i_R2"": ""P1P2""}",1,0,R3:17979,,True,True,no_original_R3_record_with_finite_parent_rho_and_parent_gamma,unmeasured_or_unmatched_not_zero_not_nonhit
UBR5,R1:3457,PRKDC;UBR5,-1.137669476,True,0.027472527472527472,True,True,True,included_primary,"{""gamma_R2"": ""P1P2"", ""rho_ATMi_R2"": ""P1P2"", ""rho_ATRi_R2"": ""P1P2"", ""rho_R2"": ""P1P2"", ""rho_WEE1i_R2"": ""P1P2""}",1,1,R3:17984,,True,True,included_primary,
UCHL5,R1:22794,PRKDC;UCHL5,-0.463426103,False,0.05128205128205128,True,True,True,included_primary,"{""gamma_R2"": ""P1P2"", ""rho_ATMi_R2"": ""P1P2"", ""rho_ATRi_R2"": ""P1P2"", ""rho_R2"": ""P1P2"", ""rho_WEE1i_R2"": ""P1P2""}",1,1,R3:18002,,True,True,included_primary,
UFD1L,R1:18379,PRKDC;UFD1L,-0.541251769,False,0.04212454212454213,False,False,False,not_in_exact_three_way_symbol_support,"{""gamma_R2"": ""P1P2"", ""rho_ATMi_R2"": ""P1P2"", ""rho_ATRi_R2"": ""P1P2"", ""rho_R2"": ""P1P2"", ""rho_WEE1i_R2"": ""P1P2""}",0,0,,,True,False,no_exact_R3_WT_symbol,unmeasured_or_unmatched_not_zero_not_nonhit
UHRF1,R1:4116,PRKDC;UHRF1,-1.076685134,True,0.11172161172161173,True,True,True,included_primary,"{""gamma_R2"": ""P1P2"", ""rho_ATMi_R2"": ""P1P2"", ""rho_ATRi_R2"": ""P1P2"", ""rho_R2"": ""P1P2"", ""rho_WEE1i_R2"": ""P1P2""}",1,1,R3:18044,,True,True,included_primary,
UIMC1,R1:121807,PRKDC;UIMC1,0.0,False,0.005504587155963303,True,True,True,included_primary,"{""gamma_R2"": ""P1P2"", ""rho_ATMi_R2"": ""P1P2"", ""rho_ATRi_R2"": ""P1P2"", ""rho_R2"": ""P1P2"", ""rho_WEE1i_R2"": ""P1P2""}",1,1,R3:18048,,True,True,included_primary,
UNG,R1:19620,PRKDC;UNG,-0.517226991,False,0.005494505494505495,True,True,True,included_primary,"{""gamma_R2"": ""P1P2"", ""rho_ATMi_R2"": ""P1P2"", ""rho_ATRi_R2"": ""P1P2"", ""rho_R2"": ""P1P2"", ""rho_WEE1i_R2"": ""P1P2""}",1,1,R3:18080,,True,True,included_primary,
UPF1,R1:20449,PRKDC;UPF1,-0.502437215,False,0.07692307692307693,False,False,False,not_in_exact_three_way_symbol_support,"{""gamma_R2"": ""P1P2"", ""rho_ATMi_R2"": ""P1P2"", ""rho_ATRi_R2"": ""P1P2"", ""rho_R2"": ""P1P2"", ""rho_WEE1i_R2"": ""P1P2""}",0,0,,,True,False,no_exact_R3_WT_symbol,unmeasured_or_unmatched_not_zero_not_nonhit
USP1,R1:121808,PRKDC;USP1,0.0,False,0.009157509157509158,True,True,True,included_primary,"{""gamma_R2"": ""P1P2"", ""rho_ATMi_R2"": ""P1P2"", ""rho_ATRi_R2"": ""P1P2"", ""rho_R2"": ""P1P2"", ""rho_WEE1i_R2"": ""P1P2""}",1,1,R3:18128,,True,True,included_primary,
USP10,R1:42477,PRKDC;USP10,-0.236487994,False,0.027472527472527472,True,True,True,included_primary,"{""gamma_R2"": ""P1P2"", ""rho_ATMi_R2"": ""P1P2"", ""rho_ATRi_R2"": ""P1P2"", ""rho_R2"": ""P1P2"", ""rho_WEE1i_R2"": ""P1P2""}",1,1,R3:18129,,True,True,included_primary,
USP28,R1:64818,PRKDC;USP28,-0.071454259,False,0.0018315018315018315,True,True,True,included_primary,"{""gamma_R2"": ""P1P2"", ""rho_ATMi_R2"": ""P1P2"", ""rho_ATRi_R2"": ""P1P2"", ""rho_R2"": ""P1P2"", ""rho_WEE1i_R2"": ""P1P2""}",1,1,R3:18147,,True,True,included_primary,
USP3,R1:121809,PRKDC;USP3,0.0,False,0.0018315018315018315,True,True,True,included_primary,"{""gamma_R2"": ""P1P2"", ""rho_ATMi_R2"": ""P1P2"", ""rho_ATRi_R2"": ""P1P2"", ""rho_R2"": ""P1P2"", ""rho_WEE1i_R2"": ""P1P2""}",1,1,R3:18149,,True,True,included_primary,
USP43,R1:22751,PRKDC;USP43,-0.464020336,False,0.003663003663003663,True,True,True,included_primary,"{""gamma_R2"": ""P1P2"", ""rho_ATMi_R2"": ""P1P2"", ""rho_ATRi_R2"": ""P1P2"", ""rho_R2"": ""P1P2"", ""rho_WEE1i_R2"": ""P1P2""}",1,1,R3:18164,,True,True,included_primary,
USP45,R1:74159,PRKDC;USP45,-0.011244001,False,0.003663003663003663,True,True,True,included_primary,"{""gamma_R2"": ""P1P2"", ""rho_ATMi_R2"": ""P1P2"", ""rho_ATRi_R2"": ""P1P2"", ""rho_R2"": ""P1P2"", ""rho_WEE1i_R2"": ""P1P2""}",1,1,R3:18167,,True,True,included_primary,
USP47,R1:121810,PRKDC;USP47,0.0,False,0.0,True,True,True,included_primary,"{""gamma_R2"": ""P1P2"", ""rho_ATMi_R2"": ""P1P2"", ""rho_ATRi_R2"": ""P1P2"", ""rho_R2"": ""P1P2"", ""rho_WEE1i_R2"": ""P1P2""}",1,1,R3:18169,,True,True,included_primary,
USP51,R1:46683,PRKDC;USP51,-0.201564363,False,0.007326007326007326,True,True,True,included_primary,"{""gamma_R2"": ""P1P2"", ""rho_ATMi_R2"": ""P1P2"", ""rho_ATRi_R2"": ""P1P2"", ""rho_R2"": ""P1P2"", ""rho_WEE1i_R2"": ""P1P2""}",1,1,R3:18175,,True,True,included_primary,
USP7,R1:46774,PRKDC;USP7,-0.201008299,False,0.014652014652014652,True,True,True,included_primary,"{""gamma_R2"": ""P1P2"", ""rho_ATMi_R2"": ""P1P2"", ""rho_ATRi_R2"": ""P1P2"", ""rho_R2"": ""P1P2"", ""rho_WEE1i_R2"": ""P1P2""}",1,1,R3:18181,,True,True,included_primary,
UVRAG,R1:39300,PRKDC;UVRAG,-0.264635037,False,0.07142857142857142,True,True,True,included_primary,"{""gamma_R2"": ""P1P2"", ""rho_ATMi_R2"": ""P1P2"", ""rho_ATRi_R2"": ""P1P2"", ""rho_R2"": ""P1P2"", ""rho_WEE1i_R2"": ""P1P2""}",1,1,R3:18192,,True,True,included_primary,
UVSSA,R1:39835,PRKDC;UVSSA,-0.259796541,False,0.17582417582417584,True,False,False,no_paired_complete_R3_record,"{""gamma_R2"": ""P1P2"", ""rho_ATMi_R2"": ""P1P2"", ""rho_ATRi_R2"": ""P1P2"", ""rho_R2"": ""P1P2"", ""rho_WEE1i_R2"": ""P1P2""}",1,0,R3:18193,,True,True,no_original_R3_record_with_finite_parent_rho_and_parent_gamma,unmeasured_or_unmatched_not_zero_not_nonhit
VCP_mis,R1:651,PRKDC;VCP_mis,-1.675442923,True,0.13027522935779817,False,False,False,not_in_exact_three_way_symbol_support,{},0,0,,,False,False,no_exact_R2_symbol;no_exact_R3_WT_symbol,unmeasured_or_unmatched_not_zero_not_nonhit
VPS72_mis,R1:45654,PRKDC;VPS72_mis,-0.209799041,False,0.2,False,False,False,not_in_exact_three_way_symbol_support,{},0,0,,,False,False,no_exact_R2_symbol;no_exact_R3_WT_symbol,unmeasured_or_unmatched_not_zero_not_nonhit
WAS,R1:121811,PRKDC;WAS,0.0,False,0.0018315018315018315,True,True,True,included_primary,"{""gamma_R2"": ""P1P2"", ""rho_ATMi_R2"": ""P1P2"", ""rho_ATRi_R2"": ""P1P2"", ""rho_R2"": ""P1P2"", ""rho_WEE1i_R2"": ""P1P2""}",1,1,R3:18345,,True,True,included_primary,
WDHD1_mis,R1:137702,PRKDC;WDHD1_mis,0.0,False,0.1336996336996337,False,False,False,not_in_exact_three_way_symbol_support,{},0,0,,,False,False,no_exact_R2_symbol;no_exact_R3_WT_symbol,unmeasured_or_unmatched_not_zero_not_nonhit
WDR33_mis,R1:53210,PRKDC;WDR33_mis,-0.151122915,False,0.06043956043956044,False,False,False,not_in_exact_three_way_symbol_support,{},0,0,,,False,False,no_exact_R2_symbol;no_exact_R3_WT_symbol,unmeasured_or_unmatched_not_zero_not_nonhit
WDR48,R1:121812,PRKDC;WDR48,0.0,False,0.031135531135531136,True,True,True,included_primary,"{""gamma_R2"": ""P1P2"", ""rho_ATMi_R2"": ""P1P2"", ""rho_ATRi_R2"": ""P1P2"", ""rho_R2"": ""P1P2"", ""rho_WEE1i_R2"": ""P1P2""}",1,1,R3:18390,,True,True,included_primary,
WDR70_mis,R1:143368,PRKDC;WDR70_mis,0.0,False,0.15229357798165138,False,False,False,not_in_exact_three_way_symbol_support,{},0,0,,,False,False,no_exact_R2_symbol;no_exact_R3_WT_symbol,unmeasured_or_unmatched_not_zero_not_nonhit
WHSC1,R1:38417,PRKDC;WHSC1,-0.272981998,False,0.020146520146520148,True,True,True,included_primary,"{""gamma_R2"": ""P1P2"", ""rho_ATMi_R2"": ""P1P2"", ""rho_ATRi_R2"": ""P1P2"", ""rho_R2"": ""P1P2"", ""rho_WEE1i_R2"": ""P1P2""}",1,1,R3:18450,,True,True,included_primary,
WRAP53,R1:121813,PRKDC;WRAP53,0.0,False,0.01282051282051282,True,True,True,included_primary,"{""gamma_R2"": ""P1P2"", ""rho_ATMi_R2"": ""P1P2"", ""rho_ATRi_R2"": ""P1P2"", ""rho_R2"": ""P1P2"", ""rho_WEE1i_R2"": ""P1P2""}",1,1,R3:18493,,True,True,included_primary,
WRN,R1:23853,PRKDC;WRN,-0.446796298,False,0.0018315018315018315,True,True,True,included_primary,"{""gamma_R2"": ""P1P2"", ""rho_ATMi_R2"": ""P1P2"", ""rho_ATRi_R2"": ""P1P2"", ""rho_R2"": ""P1P2"", ""rho_WEE1i_R2"": ""P1P2""}",1,1,R3:18496,,True,True,included_primary,
WRNIP1,R1:121814,PRKDC;WRNIP1,0.0,False,0.0018315018315018315,True,True,True,included_primary,"{""gamma_R2"": ""P1P2"", ""rho_ATMi_R2"": ""P1P2"", ""rho_ATRi_R2"": ""P1P2"", ""rho_R2"": ""P1P2"", ""rho_WEE1i_R2"": ""P1P2""}",1,1,R3:18497,,True,True,included_primary,
XAB2_mis,R1:14908,PRKDC;XAB2_mis,-0.619277448,False,0.09724770642201835,False,False,False,not_in_exact_three_way_symbol_support,{},0,0,,,False,False,no_exact_R2_symbol;no_exact_R3_WT_symbol,unmeasured_or_unmatched_not_zero_not_nonhit
XPA,R1:121815,PRKDC;XPA,0.0,False,0.007326007326007326,True,True,True,included_primary,"{""gamma_R2"": ""P1P2"", ""rho_ATMi_R2"": ""P1P2"", ""rho_ATRi_R2"": ""P1P2"", ""rho_R2"": ""P1P2"", ""rho_WEE1i_R2"": ""P1P2""}",1,1,R3:18537,,True,True,included_primary,
XPC,R1:26361,PRKDC;XPC,-0.411108966,False,0.020146520146520148,True,True,False,R2_transcript_inconsistent,"{""gamma_R2"": ""P1"", ""rho_ATMi_R2"": ""P1"", ""rho_ATRi_R2"": ""P1"", ""rho_R2"": ""P1"", ""rho_WEE1i_R2"": ""P2""}",2,1,R3:18538;R3:18539,,True,True,R2_five_endpoint_transcript_labels_differ,unmeasured_or_unmatched_not_zero_not_nonhit
XRCC1,R1:56170,PRKDC;XRCC1,-0.130528234,False,0.023853211009174313,True,True,True,included_primary,"{""gamma_R2"": ""P1P2"", ""rho_ATMi_R2"": ""P1P2"", ""rho_ATRi_R2"": ""P1P2"", ""rho_R2"": ""P1P2"", ""rho_WEE1i_R2"": ""P1P2""}",1,1,R3:18548,,True,True,included_primary,
XRCC2,R1:30985,PRKDC;XRCC2,-0.3517076,False,0.014652014652014652,True,True,True,included_primary,"{""gamma_R2"": ""P1P2"", ""rho_ATMi_R2"": ""P1P2"", ""rho_ATRi_R2"": ""P1P2"", ""rho_R2"": ""P1P2"", ""rho_WEE1i_R2"": ""P1P2""}",1,1,R3:18549,,True,True,included_primary,
XRCC3,R1:121816,PRKDC;XRCC3,0.0,False,0.018315018315018316,True,True,True,included_primary,"{""gamma_R2"": ""P1P2"", ""rho_ATMi_R2"": ""P1P2"", ""rho_ATRi_R2"": ""P1P2"", ""rho_R2"": ""P1P2"", ""rho_WEE1i_R2"": ""P1P2""}",1,1,R3:18550,,True,True,included_primary,
XRCC4,R1:121817,PRKDC;XRCC4,0.0,False,0.003669724770642202,True,True,True,included_primary,"{""gamma_R2"": ""P1P2"", ""rho_ATMi_R2"": ""P1P2"", ""rho_ATRi_R2"": ""P1P2"", ""rho_R2"": ""P1P2"", ""rho_WEE1i_R2"": ""P1P2""}",1,1,R3:18551,,True,True,included_primary,
XRCC5_mis,R1:4461,PRKDC;XRCC5_mis,-1.047758718,True,0.01098901098901099,False,False,False,not_in_exact_three_way_symbol_support,{},0,0,,,False,False,no_exact_R2_symbol;no_exact_R3_WT_symbol,unmeasured_or_unmatched_not_zero_not_nonhit
XRCC6BP1,R1:16032,PRKDC;XRCC6BP1,-0.592003903,False,0.009174311926605505,True,True,True,included_primary,"{""gamma_R2"": ""P1P2"", ""rho_ATMi_R2"": ""P1P2"", ""rho_ATRi_R2"": ""P1P2"", ""rho_R2"": ""P1P2"", ""rho_WEE1i_R2"": ""P1P2""}",1,1,R3:18553,,True,True,included_primary,
XRCC6_mis,R1:18,PRKDC;XRCC6_mis,-2.725256818,True,0.0347985347985348,False,False,False,not_in_exact_three_way_symbol_support,{},0,0,,,False,False,no_exact_R2_symbol;no_exact_R3_WT_symbol,unmeasured_or_unmatched_not_zero_not_nonhit
YEATS4,R1:121818,PRKDC;YEATS4,0.0,False,0.029304029304029304,True,True,True,included_primary,"{""gamma_R2"": ""P1P2"", ""rho_ATMi_R2"": ""P1P2"", ""rho_ATRi_R2"": ""P1P2"", ""rho_R2"": ""P1P2"", ""rho_WEE1i_R2"": ""P1P2""}",1,1,R3:18572,,True,True,included_primary,
YY1,R1:121819,PRKDC;YY1,0.0,False,0.003663003663003663,True,True,True,included_primary,"{""gamma_R2"": ""P1P2"", ""rho_ATMi_R2"": ""P1P2"", ""rho_ATRi_R2"": ""P1P2"", ""rho_R2"": ""P1P2"", ""rho_WEE1i_R2"": ""P1P2""}",1,1,R3:18603,,True,True,included_primary,
ZBTB1,R1:121820,PRKDC;ZBTB1,0.0,False,0.001834862385321101,True,True,True,included_primary,"{""gamma_R2"": ""P1P2"", ""rho_ATMi_R2"": ""P1P2"", ""rho_ATRi_R2"": ""P1P2"", ""rho_R2"": ""P1P2"", ""rho_WEE1i_R2"": ""P1P2""}",1,1,R3:18622,,True,True,included_primary,
ZBTB7A,R1:121821,PRKDC;ZBTB7A,0.0,False,0.0018315018315018315,True,True,False,R2_transcript_inconsistent,"{""gamma_R2"": ""P2"", ""rho_ATMi_R2"": ""P1"", ""rho_ATRi_R2"": ""P2"", ""rho_R2"": ""P1"", ""rho_WEE1i_R2"": ""P1""}",2,2,R3:18659;R3:18660,,True,True,R2_five_endpoint_transcript_labels_differ,unmeasured_or_unmatched_not_zero_not_nonhit
ZFYVE26,R1:121822,PRKDC;ZFYVE26,0.0,False,0.011009174311926606,True,True,True,included_primary,"{""gamma_R2"": ""P1P2"", ""rho_ATMi_R2"": ""P1P2"", ""rho_ATRi_R2"": ""P1P2"", ""rho_R2"": ""P1P2"", ""rho_WEE1i_R2"": ""P1P2""}",1,1,R3:18787,,True,True,included_primary,
ZMPSTE24,R1:54176,PRKDC;ZMPSTE24,-0.144339462,False,0.001834862385321101,True,True,True,included_primary,"{""gamma_R2"": ""P1P2"", ""rho_ATMi_R2"": ""P1P2"", ""rho_ATRi_R2"": ""P1P2"", ""rho_R2"": ""P1P2"", ""rho_WEE1i_R2"": ""P1P2""}",1,1,R3:18821,,True,True,included_primary,
ZNF365,R1:12240,PRKDC;ZNF365,-0.69046466,False,0.007326007326007326,True,True,True,included_primary,"{""gamma_R2"": ""P1P2"", ""rho_ATMi_R2"": ""P1P2"", ""rho_ATRi_R2"": ""P1P2"", ""rho_R2"": ""P1P2"", ""rho_WEE1i_R2"": ""P1P2""}",1,1,R3:18996,,True,True,included_primary,
ZNF830_mis,R1:143799,PRKDC;ZNF830_mis,0.0,False,0.014652014652014652,False,False,False,not_in_exact_three_way_symbol_support,{},0,0,,,False,False,no_exact_R2_symbol;no_exact_R3_WT_symbol,unmeasured_or_unmatched_not_zero_not_nonhit
ZRANB3,R1:121823,PRKDC;ZRANB3,0.0,False,0.003663003663003663,True,True,True,included_primary,"{""gamma_R2"": ""P1P2"", ""rho_ATMi_R2"": ""P1P2"", ""rho_ATRi_R2"": ""P1P2"", ""rho_R2"": ""P1P2"", ""rho_WEE1i_R2"": ""P1P2""}",1,1,R3:19391,,True,True,included_primary,
ZSWIM7,R1:75441,PRKDC;ZSWIM7,-0.002992615,False,0.005494505494505495,True,True,True,included_primary,"{""gamma_R2"": ""P1P2"", ""rho_ATMi_R2"": ""P1P2"", ""rho_ATRi_R2"": ""P1P2"", ""rho_R2"": ""P1P2"", ""rho_WEE1i_R2"": ""P1P2""}",1,1,R3:19422,,True,True,included_primary,
