annotation_id	name	original_member_N	designed_member_N	count_observed_member_N	unique_observed_member_N	T0_only_eligible_member_N	original_eligible_member_N	old_status	T0_only_status	newly_supported_members	new_effects
R-HSA-1059683	Interleukin-6 signaling	11	11	11	11	11	11	COMPLETE_MEMBERSHIP	COMPLETE_MEMBERSHIP	0	NOT_COMPUTED_DEFINITION_CONFLICT
R-HSA-109581	Apoptosis	168	156	156	156	154	125	OBSERVED_PROJECTION	OBSERVED_PROJECTION	29	NOT_COMPUTED_DEFINITION_CONFLICT
R-HSA-109582	Hemostasis	720	594	594	594	589	579	OBSERVED_PROJECTION	OBSERVED_PROJECTION	10	NOT_COMPUTED_DEFINITION_CONFLICT
R-HSA-109606	Intrinsic Pathway for Apoptosis	55	53	53	53	53	53	OBSERVED_PROJECTION	OBSERVED_PROJECTION	0	NOT_COMPUTED_DEFINITION_CONFLICT
R-HSA-109703	PKB-mediated events	2	2	2	2	2	2	COMPLETE_MEMBERSHIP	COMPLETE_MEMBERSHIP	0	NOT_COMPUTED_DEFINITION_CONFLICT
R-HSA-109704	PI3K Cascade	44	44	44	44	44	44	COMPLETE_MEMBERSHIP	COMPLETE_MEMBERSHIP	0	NOT_COMPUTED_DEFINITION_CONFLICT
R-HSA-110056	MAPK3 (ERK1) activation	10	10	10	10	10	9	OBSERVED_PROJECTION	COMPLETE_MEMBERSHIP	1	NOT_COMPUTED_DEFINITION_CONFLICT
R-HSA-110312	Translesion synthesis by REV1	16	16	16	16	16	8	OBSERVED_PROJECTION	COMPLETE_MEMBERSHIP	8	NOT_COMPUTED_DEFINITION_CONFLICT
R-HSA-110313	Translesion synthesis by Y family DNA polymerases bypasses lesions on DNA template	39	37	37	37	37	23	OBSERVED_PROJECTION	OBSERVED_PROJECTION	14	NOT_COMPUTED_DEFINITION_CONFLICT
R-HSA-110314	Recognition of DNA damage by PCNA-containing replication complex	30	30	30	30	30	16	OBSERVED_PROJECTION	COMPLETE_MEMBERSHIP	14	NOT_COMPUTED_DEFINITION_CONFLICT
R-HSA-110320	Translesion Synthesis by POLH	19	18	18	18	18	8	OBSERVED_PROJECTION	OBSERVED_PROJECTION	10	NOT_COMPUTED_DEFINITION_CONFLICT
R-HSA-110328	Recognition and association of DNA glycosylase with site containing an affected pyrimidine	41	15	15	15	15	14	OBSERVED_PROJECTION	OBSERVED_PROJECTION	1	NOT_COMPUTED_DEFINITION_CONFLICT
R-HSA-110329	Cleavage of the damaged pyrimidine	41	15	15	15	15	14	OBSERVED_PROJECTION	OBSERVED_PROJECTION	1	NOT_COMPUTED_DEFINITION_CONFLICT
R-HSA-110330	Recognition and association of DNA glycosylase with site containing an affected purine	36	10	10	10	10	9	OBSERVED_PROJECTION	OBSERVED_PROJECTION	1	NOT_COMPUTED_DEFINITION_CONFLICT
R-HSA-110331	Cleavage of the damaged purine	36	10	10	10	10	9	OBSERVED_PROJECTION	OBSERVED_PROJECTION	1	NOT_COMPUTED_DEFINITION_CONFLICT
R-HSA-110357	Displacement of DNA glycosylase by APEX1	9	9	9	9	9	9	COMPLETE_MEMBERSHIP	COMPLETE_MEMBERSHIP	0	NOT_COMPUTED_DEFINITION_CONFLICT
R-HSA-110362	POLB-Dependent Long Patch Base Excision Repair	8	7	7	7	6	6	OBSERVED_PROJECTION	OBSERVED_PROJECTION	0	NOT_COMPUTED_DEFINITION_CONFLICT
R-HSA-110373	Resolution of AP sites via the multiple-nucleotide patch replacement pathway	25	24	24	24	23	12	OBSERVED_PROJECTION	OBSERVED_PROJECTION	11	NOT_COMPUTED_DEFINITION_CONFLICT
R-HSA-110381	Resolution of AP sites via the single-nucleotide replacement pathway	4	4	4	4	4	4	COMPLETE_MEMBERSHIP	COMPLETE_MEMBERSHIP	0	NOT_COMPUTED_DEFINITION_CONFLICT
R-HSA-111367	SLBP independent Processing of Histone Pre-mRNAs	10	10	10	10	10	4	OBSERVED_PROJECTION	COMPLETE_MEMBERSHIP	6	NOT_COMPUTED_DEFINITION_CONFLICT
R-HSA-111446	Activation of BIM and translocation to mitochondria	3	3	3	3	3	3	COMPLETE_MEMBERSHIP	COMPLETE_MEMBERSHIP	0	NOT_COMPUTED_DEFINITION_CONFLICT
R-HSA-111447	Activation of BAD and translocation to mitochondria	15	15	15	15	15	15	COMPLETE_MEMBERSHIP	COMPLETE_MEMBERSHIP	0	NOT_COMPUTED_DEFINITION_CONFLICT
R-HSA-111448	Activation of NOXA and translocation to mitochondria	5	5	5	5	5	5	COMPLETE_MEMBERSHIP	COMPLETE_MEMBERSHIP	0	NOT_COMPUTED_DEFINITION_CONFLICT
R-HSA-111452	Activation and oligomerization of BAK protein	2	2	2	2	2	2	COMPLETE_MEMBERSHIP	COMPLETE_MEMBERSHIP	0	NOT_COMPUTED_DEFINITION_CONFLICT
R-HSA-111453	BH3-only proteins associate with and inactivate anti-apoptotic BCL-2 members	9	9	9	9	9	9	COMPLETE_MEMBERSHIP	COMPLETE_MEMBERSHIP	0	NOT_COMPUTED_DEFINITION_CONFLICT
R-HSA-111457	Release of apoptotic factors from the mitochondria	7	5	5	5	5	5	OBSERVED_PROJECTION	OBSERVED_PROJECTION	0	NOT_COMPUTED_DEFINITION_CONFLICT
R-HSA-111458	Formation of apoptosome	11	11	11	11	11	11	COMPLETE_MEMBERSHIP	COMPLETE_MEMBERSHIP	0	NOT_COMPUTED_DEFINITION_CONFLICT
R-HSA-111459	Activation of caspases through apoptosome-mediated cleavage	6	6	6	6	6	6	COMPLETE_MEMBERSHIP	COMPLETE_MEMBERSHIP	0	NOT_COMPUTED_DEFINITION_CONFLICT
R-HSA-111461	Cytochrome c-mediated apoptotic response	13	13	13	13	13	13	COMPLETE_MEMBERSHIP	COMPLETE_MEMBERSHIP	0	NOT_COMPUTED_DEFINITION_CONFLICT
R-HSA-111463	SMAC (DIABLO) binds to IAPs	7	7	7	7	7	7	COMPLETE_MEMBERSHIP	COMPLETE_MEMBERSHIP	0	NOT_COMPUTED_DEFINITION_CONFLICT
R-HSA-111464	SMAC(DIABLO)-mediated dissociation of IAP:caspase complexes	7	7	7	7	7	7	COMPLETE_MEMBERSHIP	COMPLETE_MEMBERSHIP	0	NOT_COMPUTED_DEFINITION_CONFLICT
R-HSA-111465	Apoptotic cleavage of cellular proteins	38	37	37	37	37	35	OBSERVED_PROJECTION	OBSERVED_PROJECTION	2	NOT_COMPUTED_DEFINITION_CONFLICT
R-HSA-111469	SMAC, XIAP-regulated apoptotic response	8	7	7	7	7	7	OBSERVED_PROJECTION	OBSERVED_PROJECTION	0	NOT_COMPUTED_DEFINITION_CONFLICT
R-HSA-111471	Apoptotic factor-mediated response	20	18	18	18	18	18	OBSERVED_PROJECTION	OBSERVED_PROJECTION	0	NOT_COMPUTED_DEFINITION_CONFLICT
R-HSA-111885	Opioid Signalling	90	89	89	89	89	88	OBSERVED_PROJECTION	OBSERVED_PROJECTION	1	NOT_COMPUTED_DEFINITION_CONFLICT
R-HSA-111931	PKA-mediated phosphorylation of CREB	20	20	20	20	20	20	COMPLETE_MEMBERSHIP	COMPLETE_MEMBERSHIP	0	NOT_COMPUTED_DEFINITION_CONFLICT
R-HSA-111932	CaMK IV-mediated phosphorylation of CREB	10	10	10	10	10	9	OBSERVED_PROJECTION	COMPLETE_MEMBERSHIP	1	NOT_COMPUTED_DEFINITION_CONFLICT
R-HSA-111933	Calmodulin induced events	35	34	34	34	34	33	OBSERVED_PROJECTION	OBSERVED_PROJECTION	1	NOT_COMPUTED_DEFINITION_CONFLICT
R-HSA-111957	Cam-PDE 1 activation	4	4	4	4	4	4	COMPLETE_MEMBERSHIP	COMPLETE_MEMBERSHIP	0	NOT_COMPUTED_DEFINITION_CONFLICT
R-HSA-111995	phospho-PLA2 pathway	2	2	2	2	2	2	COMPLETE_MEMBERSHIP	COMPLETE_MEMBERSHIP	0	NOT_COMPUTED_DEFINITION_CONFLICT
R-HSA-111996	Ca-dependent events	37	36	36	36	36	35	OBSERVED_PROJECTION	OBSERVED_PROJECTION	1	NOT_COMPUTED_DEFINITION_CONFLICT
R-HSA-111997	CaM pathway	35	34	34	34	34	33	OBSERVED_PROJECTION	OBSERVED_PROJECTION	1	NOT_COMPUTED_DEFINITION_CONFLICT
R-HSA-112040	G-protein mediated events	54	53	53	53	53	52	OBSERVED_PROJECTION	OBSERVED_PROJECTION	1	NOT_COMPUTED_DEFINITION_CONFLICT
R-HSA-112043	PLC beta mediated events	49	48	48	48	48	47	OBSERVED_PROJECTION	OBSERVED_PROJECTION	1	NOT_COMPUTED_DEFINITION_CONFLICT
R-HSA-112122	ALKBH2 mediated reversal of alkylation damage	1	1	1	1	1	1	COMPLETE_MEMBERSHIP	COMPLETE_MEMBERSHIP	0	NOT_COMPUTED_DEFINITION_CONFLICT
R-HSA-112126	ALKBH3 mediated reversal of alkylation damage	4	4	4	4	4	4	COMPLETE_MEMBERSHIP	COMPLETE_MEMBERSHIP	0	NOT_COMPUTED_DEFINITION_CONFLICT
R-HSA-112303	Electric Transmission Across Gap Junctions	5	5	5	5	5	5	COMPLETE_MEMBERSHIP	COMPLETE_MEMBERSHIP	0	NOT_COMPUTED_DEFINITION_CONFLICT
R-HSA-112307	Transmission across Electrical Synapses	5	5	5	5	5	5	COMPLETE_MEMBERSHIP	COMPLETE_MEMBERSHIP	0	NOT_COMPUTED_DEFINITION_CONFLICT
R-HSA-112308	Presynaptic depolarization and calcium channel opening	12	12	12	12	12	12	COMPLETE_MEMBERSHIP	COMPLETE_MEMBERSHIP	0	NOT_COMPUTED_DEFINITION_CONFLICT
R-HSA-112310	Neurotransmitter release cycle	51	50	50	50	50	50	OBSERVED_PROJECTION	OBSERVED_PROJECTION	0	NOT_COMPUTED_DEFINITION_CONFLICT
R-HSA-112311	Neurotransmitter clearance	10	9	9	9	9	9	OBSERVED_PROJECTION	OBSERVED_PROJECTION	0	NOT_COMPUTED_DEFINITION_CONFLICT
R-HSA-112313	Neurotransmitter uptake and metabolism In glial cells	4	4	4	4	4	4	COMPLETE_MEMBERSHIP	COMPLETE_MEMBERSHIP	0	NOT_COMPUTED_DEFINITION_CONFLICT
R-HSA-112314	Neurotransmitter receptors and postsynaptic signal transmission	205	203	203	202	202	199	OBSERVED_PROJECTION	OBSERVED_PROJECTION	3	NOT_COMPUTED_DEFINITION_CONFLICT
R-HSA-112315	Transmission across Chemical Synapses	270	266	266	265	265	262	OBSERVED_PROJECTION	OBSERVED_PROJECTION	3	NOT_COMPUTED_DEFINITION_CONFLICT
R-HSA-112316	Neuronal System	412	408	408	407	407	402	OBSERVED_PROJECTION	OBSERVED_PROJECTION	5	NOT_COMPUTED_DEFINITION_CONFLICT
R-HSA-112382	Formation of RNA Pol II elongation complex	58	52	52	52	51	28	OBSERVED_PROJECTION	OBSERVED_PROJECTION	23	NOT_COMPUTED_DEFINITION_CONFLICT
R-HSA-112399	IRS-mediated signalling	48	48	48	48	48	48	COMPLETE_MEMBERSHIP	COMPLETE_MEMBERSHIP	0	NOT_COMPUTED_DEFINITION_CONFLICT
R-HSA-112409	RAF-independent MAPK1/3 activation	23	23	23	23	23	22	OBSERVED_PROJECTION	COMPLETE_MEMBERSHIP	1	NOT_COMPUTED_DEFINITION_CONFLICT
R-HSA-112411	MAPK1 (ERK2) activation	9	9	9	9	9	9	COMPLETE_MEMBERSHIP	COMPLETE_MEMBERSHIP	0	NOT_COMPUTED_DEFINITION_CONFLICT
R-HSA-112412	SOS-mediated signalling	7	7	7	7	7	7	COMPLETE_MEMBERSHIP	COMPLETE_MEMBERSHIP	0	NOT_COMPUTED_DEFINITION_CONFLICT
R-HSA-113418	Formation of the Early Elongation Complex	33	32	32	32	31	15	OBSERVED_PROJECTION	OBSERVED_PROJECTION	16	NOT_COMPUTED_DEFINITION_CONFLICT
R-HSA-113501	Inhibition of replication initiation of damaged DNA by RB1/E2F1	13	13	13	13	13	9	OBSERVED_PROJECTION	COMPLETE_MEMBERSHIP	4	NOT_COMPUTED_DEFINITION_CONFLICT
R-HSA-113507	E2F-enabled inhibition of pre-replication complex formation	9	9	9	9	9	7	OBSERVED_PROJECTION	COMPLETE_MEMBERSHIP	2	NOT_COMPUTED_DEFINITION_CONFLICT
R-HSA-113510	E2F mediated regulation of DNA replication	22	22	22	22	22	16	OBSERVED_PROJECTION	COMPLETE_MEMBERSHIP	6	NOT_COMPUTED_DEFINITION_CONFLICT
R-HSA-114294	Activation, translocation and oligomerization of BAX	2	2	2	2	2	2	COMPLETE_MEMBERSHIP	COMPLETE_MEMBERSHIP	0	NOT_COMPUTED_DEFINITION_CONFLICT
R-HSA-114452	Activation of BH3-only proteins	30	30	30	30	30	30	COMPLETE_MEMBERSHIP	COMPLETE_MEMBERSHIP	0	NOT_COMPUTED_DEFINITION_CONFLICT
R-HSA-114508	Effects of PIP2 hydrolysis	27	27	27	27	27	27	COMPLETE_MEMBERSHIP	COMPLETE_MEMBERSHIP	0	NOT_COMPUTED_DEFINITION_CONFLICT
R-HSA-114516	Disinhibition of SNARE formation	5	5	5	5	5	5	COMPLETE_MEMBERSHIP	COMPLETE_MEMBERSHIP	0	NOT_COMPUTED_DEFINITION_CONFLICT
R-HSA-114604	GPVI-mediated activation cascade	35	34	34	34	34	34	OBSERVED_PROJECTION	OBSERVED_PROJECTION	0	NOT_COMPUTED_DEFINITION_CONFLICT
R-HSA-114608	Platelet degranulation	128	124	124	124	122	120	OBSERVED_PROJECTION	OBSERVED_PROJECTION	2	NOT_COMPUTED_DEFINITION_CONFLICT
R-HSA-1168372	Downstream signaling events of B Cell Receptor (BCR)	68	67	67	67	65	37	OBSERVED_PROJECTION	OBSERVED_PROJECTION	28	NOT_COMPUTED_DEFINITION_CONFLICT
R-HSA-1169091	Activation of NF-kappaB in B cells	54	53	53	53	51	23	OBSERVED_PROJECTION	OBSERVED_PROJECTION	28	NOT_COMPUTED_DEFINITION_CONFLICT
R-HSA-1169092	Activation of RAS in B cells	5	5	5	5	5	5	COMPLETE_MEMBERSHIP	COMPLETE_MEMBERSHIP	0	NOT_COMPUTED_DEFINITION_CONFLICT
R-HSA-1169408	ISG15 antiviral mechanism	76	71	71	71	71	49	OBSERVED_PROJECTION	OBSERVED_PROJECTION	22	NOT_COMPUTED_DEFINITION_CONFLICT
R-HSA-1169410	Antimicrobial mechanism of IFN-stimulated genes	241	210	208	207	206	137	OBSERVED_PROJECTION	OBSERVED_PROJECTION	69	NOT_COMPUTED_DEFINITION_CONFLICT
R-HSA-1170546	Prolactin receptor signaling	15	15	15	15	14	11	OBSERVED_PROJECTION	OBSERVED_PROJECTION	3	NOT_COMPUTED_DEFINITION_CONFLICT
R-HSA-1181150	Signaling by NODAL	23	21	20	20	20	20	OBSERVED_PROJECTION	OBSERVED_PROJECTION	0	NOT_COMPUTED_DEFINITION_CONFLICT
R-HSA-1187000	Fertilization	26	26	26	26	26	26	COMPLETE_MEMBERSHIP	COMPLETE_MEMBERSHIP	0	NOT_COMPUTED_DEFINITION_CONFLICT
R-HSA-1221632	Meiotic synapsis	59	33	33	33	33	28	OBSERVED_PROJECTION	OBSERVED_PROJECTION	5	NOT_COMPUTED_DEFINITION_CONFLICT
R-HSA-1222387	Tolerance of reactive oxygen produced by macrophages	11	0	0	0	0	0	NO_SUPPORT	NO_SUPPORT	0	NOT_COMPUTED_DEFINITION_CONFLICT
R-HSA-1222449	Mtb iron assimilation by chelation	6	1	1	1	1	1	OBSERVED_PROJECTION	OBSERVED_PROJECTION	0	NOT_COMPUTED_DEFINITION_CONFLICT
R-HSA-1222499	Latent infection - Other responses of Mtb to phagocytosis	35	1	1	1	1	1	OBSERVED_PROJECTION	OBSERVED_PROJECTION	0	NOT_COMPUTED_DEFINITION_CONFLICT
R-HSA-1222538	Tolerance by Mtb to nitric oxide produced by macrophages	13	0	0	0	0	0	NO_SUPPORT	NO_SUPPORT	0	NOT_COMPUTED_DEFINITION_CONFLICT
R-HSA-1222541	Cell redox homeostasis	9	0	0	0	0	0	NO_SUPPORT	NO_SUPPORT	0	NOT_COMPUTED_DEFINITION_CONFLICT
R-HSA-1222556	ROS and RNS production in phagocytes	36	36	36	36	36	35	OBSERVED_PROJECTION	COMPLETE_MEMBERSHIP	1	NOT_COMPUTED_DEFINITION_CONFLICT
R-HSA-1226099	Signaling by FGFR in disease	63	61	61	61	61	52	OBSERVED_PROJECTION	OBSERVED_PROJECTION	9	NOT_COMPUTED_DEFINITION_CONFLICT
R-HSA-1227986	Signaling by ERBB2	50	49	49	49	49	48	OBSERVED_PROJECTION	OBSERVED_PROJECTION	1	NOT_COMPUTED_DEFINITION_CONFLICT
R-HSA-1227990	Signaling by ERBB2 in Cancer	26	25	25	25	25	25	OBSERVED_PROJECTION	OBSERVED_PROJECTION	0	NOT_COMPUTED_DEFINITION_CONFLICT
R-HSA-1234158	Regulation of gene expression by Hypoxia-inducible Factor	11	11	11	11	11	11	COMPLETE_MEMBERSHIP	COMPLETE_MEMBERSHIP	0	NOT_COMPUTED_DEFINITION_CONFLICT
R-HSA-1234174	Cellular response to hypoxia	62	59	59	59	57	30	OBSERVED_PROJECTION	OBSERVED_PROJECTION	27	NOT_COMPUTED_DEFINITION_CONFLICT
R-HSA-1234176	Oxygen-dependent proline hydroxylation of Hypoxia-inducible Factor Alpha	53	50	50	50	48	21	OBSERVED_PROJECTION	OBSERVED_PROJECTION	27	NOT_COMPUTED_DEFINITION_CONFLICT
R-HSA-1236382	Constitutive Signaling by Ligand-Responsive EGFR Cancer Variants	19	19	19	19	19	18	OBSERVED_PROJECTION	COMPLETE_MEMBERSHIP	1	NOT_COMPUTED_DEFINITION_CONFLICT
R-HSA-1236394	Signaling by ERBB4	58	58	58	58	58	57	OBSERVED_PROJECTION	COMPLETE_MEMBERSHIP	1	NOT_COMPUTED_DEFINITION_CONFLICT
R-HSA-1236973	Cross-presentation of particulate exogenous antigens (phagosomes)	8	8	8	8	8	8	COMPLETE_MEMBERSHIP	COMPLETE_MEMBERSHIP	0	NOT_COMPUTED_DEFINITION_CONFLICT
R-HSA-1236974	ER-Phagosome pathway	85	81	81	81	79	52	OBSERVED_PROJECTION	OBSERVED_PROJECTION	27	NOT_COMPUTED_DEFINITION_CONFLICT
R-HSA-1236975	Antigen processing-Cross presentation	101	96	96	96	94	67	OBSERVED_PROJECTION	OBSERVED_PROJECTION	27	NOT_COMPUTED_DEFINITION_CONFLICT
R-HSA-1236977	Endosomal/Vacuolar pathway	12	11	11	11	11	11	OBSERVED_PROJECTION	OBSERVED_PROJECTION	0	NOT_COMPUTED_DEFINITION_CONFLICT
R-HSA-1236978	Cross-presentation of soluble exogenous antigens (endosomes)	42	40	40	40	38	13	OBSERVED_PROJECTION	OBSERVED_PROJECTION	25	NOT_COMPUTED_DEFINITION_CONFLICT
R-HSA-1237044	Erythrocytes take up carbon dioxide and release oxygen	12	12	12	11	11	11	OBSERVED_PROJECTION	OBSERVED_PROJECTION	0	NOT_COMPUTED_DEFINITION_CONFLICT
R-HSA-1237112	Methionine salvage pathway	6	6	6	6	6	6	COMPLETE_MEMBERSHIP	COMPLETE_MEMBERSHIP	0	NOT_COMPUTED_DEFINITION_CONFLICT
R-HSA-1247673	Erythrocytes take up oxygen and release carbon dioxide	8	8	8	7	7	7	OBSERVED_PROJECTION	OBSERVED_PROJECTION	0	NOT_COMPUTED_DEFINITION_CONFLICT
R-HSA-1250196	SHC1 events in ERBB2 signaling	22	22	22	22	22	22	COMPLETE_MEMBERSHIP	COMPLETE_MEMBERSHIP	0	NOT_COMPUTED_DEFINITION_CONFLICT
R-HSA-1250342	PI3K events in ERBB4 signaling	10	10	10	10	10	10	COMPLETE_MEMBERSHIP	COMPLETE_MEMBERSHIP	0	NOT_COMPUTED_DEFINITION_CONFLICT
R-HSA-1250347	SHC1 events in ERBB4 signaling	14	14	14	14	14	14	COMPLETE_MEMBERSHIP	COMPLETE_MEMBERSHIP	0	NOT_COMPUTED_DEFINITION_CONFLICT
R-HSA-1251932	PLCG1 events in ERBB2 signaling	4	4	4	4	4	4	COMPLETE_MEMBERSHIP	COMPLETE_MEMBERSHIP	0	NOT_COMPUTED_DEFINITION_CONFLICT
R-HSA-1251985	Nuclear signaling by ERBB4	32	32	32	32	32	32	COMPLETE_MEMBERSHIP	COMPLETE_MEMBERSHIP	0	NOT_COMPUTED_DEFINITION_CONFLICT
R-HSA-1253288	Downregulation of ERBB4 signaling	9	9	9	9	9	8	OBSERVED_PROJECTION	COMPLETE_MEMBERSHIP	1	NOT_COMPUTED_DEFINITION_CONFLICT
R-HSA-1257604	PIP3 activates AKT signaling	284	264	264	263	260	230	OBSERVED_PROJECTION	OBSERVED_PROJECTION	30	NOT_COMPUTED_DEFINITION_CONFLICT
R-HSA-1266695	Interleukin-7 signaling	25	23	23	23	23	23	OBSERVED_PROJECTION	OBSERVED_PROJECTION	0	NOT_COMPUTED_DEFINITION_CONFLICT
R-HSA-1266738	Developmental Biology	1473	1383	1380	1379	1371	1235	OBSERVED_PROJECTION	OBSERVED_PROJECTION	136	NOT_COMPUTED_DEFINITION_CONFLICT
R-HSA-1268020	Mitochondrial protein import	65	60	60	60	58	47	OBSERVED_PROJECTION	OBSERVED_PROJECTION	11	NOT_COMPUTED_DEFINITION_CONFLICT
R-HSA-1280215	Cytokine Signaling in Immune system	852	800	798	795	791	686	OBSERVED_PROJECTION	OBSERVED_PROJECTION	105	NOT_COMPUTED_DEFINITION_CONFLICT
R-HSA-1280218	Adaptive Immune System	1159	988	988	984	978	869	OBSERVED_PROJECTION	OBSERVED_PROJECTION	109	NOT_COMPUTED_DEFINITION_CONFLICT
R-HSA-1295596	Spry regulation of FGF signaling	16	16	16	16	16	15	OBSERVED_PROJECTION	COMPLETE_MEMBERSHIP	1	NOT_COMPUTED_DEFINITION_CONFLICT
R-HSA-1296025	ATP sensitive Potassium channels	4	4	4	4	4	4	COMPLETE_MEMBERSHIP	COMPLETE_MEMBERSHIP	0	NOT_COMPUTED_DEFINITION_CONFLICT
R-HSA-1296041	Activation of G protein gated Potassium channels	29	29	29	28	28	28	OBSERVED_PROJECTION	OBSERVED_PROJECTION	0	NOT_COMPUTED_DEFINITION_CONFLICT
R-HSA-1296052	Ca2+ activated K+ channels	9	9	9	9	9	9	COMPLETE_MEMBERSHIP	COMPLETE_MEMBERSHIP	0	NOT_COMPUTED_DEFINITION_CONFLICT
R-HSA-1296053	Classical Kir channels	4	4	4	3	3	3	OBSERVED_PROJECTION	OBSERVED_PROJECTION	0	NOT_COMPUTED_DEFINITION_CONFLICT
R-HSA-1296059	G protein gated Potassium channels	29	29	29	28	28	28	OBSERVED_PROJECTION	OBSERVED_PROJECTION	0	NOT_COMPUTED_DEFINITION_CONFLICT
R-HSA-1296061	HCN channels	4	4	4	4	4	4	COMPLETE_MEMBERSHIP	COMPLETE_MEMBERSHIP	0	NOT_COMPUTED_DEFINITION_CONFLICT
R-HSA-1296065	Inwardly rectifying K+ channels	35	35	35	34	34	34	OBSERVED_PROJECTION	OBSERVED_PROJECTION	0	NOT_COMPUTED_DEFINITION_CONFLICT
R-HSA-1296067	Potassium transport channels	3	3	3	3	3	3	COMPLETE_MEMBERSHIP	COMPLETE_MEMBERSHIP	0	NOT_COMPUTED_DEFINITION_CONFLICT
R-HSA-1296071	Potassium Channels	103	103	103	102	102	101	OBSERVED_PROJECTION	OBSERVED_PROJECTION	1	NOT_COMPUTED_DEFINITION_CONFLICT
R-HSA-1296072	Voltage gated Potassium channels	43	43	43	43	43	42	OBSERVED_PROJECTION	COMPLETE_MEMBERSHIP	1	NOT_COMPUTED_DEFINITION_CONFLICT
R-HSA-1296346	Tandem pore domain potassium channels	12	12	12	12	12	12	COMPLETE_MEMBERSHIP	COMPLETE_MEMBERSHIP	0	NOT_COMPUTED_DEFINITION_CONFLICT
R-HSA-1299287	Tandem pore domain halothane-inhibited K+ channel (THIK)	1	1	1	1	1	1	COMPLETE_MEMBERSHIP	COMPLETE_MEMBERSHIP	0	NOT_COMPUTED_DEFINITION_CONFLICT
R-HSA-1299308	Tandem of pore domain in a weak inwardly rectifying K+ channels (TWIK)	3	3	3	3	3	3	COMPLETE_MEMBERSHIP	COMPLETE_MEMBERSHIP	0	NOT_COMPUTED_DEFINITION_CONFLICT
R-HSA-1299316	TWIK-releated acid-sensitive K+ channel (TASK)	2	2	2	2	2	2	COMPLETE_MEMBERSHIP	COMPLETE_MEMBERSHIP	0	NOT_COMPUTED_DEFINITION_CONFLICT
R-HSA-1299344	TWIK-related spinal cord K+ channel (TRESK)	1	1	1	1	1	1	COMPLETE_MEMBERSHIP	COMPLETE_MEMBERSHIP	0	NOT_COMPUTED_DEFINITION_CONFLICT
R-HSA-1299361	TWIK-related alkaline pH activated K+ channel (TALK)	2	2	2	2	2	2	COMPLETE_MEMBERSHIP	COMPLETE_MEMBERSHIP	0	NOT_COMPUTED_DEFINITION_CONFLICT
R-HSA-1299503	TWIK related potassium channel (TREK)	3	3	3	3	3	3	COMPLETE_MEMBERSHIP	COMPLETE_MEMBERSHIP	0	NOT_COMPUTED_DEFINITION_CONFLICT
R-HSA-1300642	Sperm Motility And Taxes	9	9	9	9	9	9	COMPLETE_MEMBERSHIP	COMPLETE_MEMBERSHIP	0	NOT_COMPUTED_DEFINITION_CONFLICT
R-HSA-1300645	Acrosome Reaction and Sperm:Oocyte Membrane Binding	6	6	6	6	6	6	COMPLETE_MEMBERSHIP	COMPLETE_MEMBERSHIP	0	NOT_COMPUTED_DEFINITION_CONFLICT
R-HSA-1306955	GRB7 events in ERBB2 signaling	5	5	5	5	5	5	COMPLETE_MEMBERSHIP	COMPLETE_MEMBERSHIP	0	NOT_COMPUTED_DEFINITION_CONFLICT
R-HSA-1307965	betaKlotho-mediated ligand binding	3	3	3	3	3	3	COMPLETE_MEMBERSHIP	COMPLETE_MEMBERSHIP	0	NOT_COMPUTED_DEFINITION_CONFLICT
R-HSA-1358803	Downregulation of ERBB2:ERBB3 signaling	13	13	13	13	13	12	OBSERVED_PROJECTION	COMPLETE_MEMBERSHIP	1	NOT_COMPUTED_DEFINITION_CONFLICT
R-HSA-1362277	Transcription of E2F targets under negative control by DREAM complex	19	19	19	19	19	15	OBSERVED_PROJECTION	COMPLETE_MEMBERSHIP	4	NOT_COMPUTED_DEFINITION_CONFLICT
R-HSA-1362300	Transcription of E2F targets under negative control by p107 (RBL1) and p130 (RBL2) in complex with HDAC1	16	16	16	16	16	13	OBSERVED_PROJECTION	COMPLETE_MEMBERSHIP	3	NOT_COMPUTED_DEFINITION_CONFLICT
R-HSA-1362409	Mitochondrial iron-sulfur cluster biogenesis	13	12	12	12	12	11	OBSERVED_PROJECTION	OBSERVED_PROJECTION	1	NOT_COMPUTED_DEFINITION_CONFLICT
R-HSA-1368108	BMAL1:CLOCK,NPAS2 activates circadian expression	26	23	23	23	23	23	OBSERVED_PROJECTION	OBSERVED_PROJECTION	0	NOT_COMPUTED_DEFINITION_CONFLICT
R-HSA-1369007	Mitochondrial ABC transporters	4	4	4	4	4	2	OBSERVED_PROJECTION	COMPLETE_MEMBERSHIP	2	NOT_COMPUTED_DEFINITION_CONFLICT
R-HSA-1369062	ABC transporters in lipid homeostasis	18	18	17	17	16	16	OBSERVED_PROJECTION	OBSERVED_PROJECTION	0	NOT_COMPUTED_DEFINITION_CONFLICT
R-HSA-139853	Elevation of cytosolic Ca2+ levels	16	16	16	16	16	16	COMPLETE_MEMBERSHIP	COMPLETE_MEMBERSHIP	0	NOT_COMPUTED_DEFINITION_CONFLICT
R-HSA-139910	Activation of BMF and translocation to mitochondria	3	3	3	3	3	3	COMPLETE_MEMBERSHIP	COMPLETE_MEMBERSHIP	0	NOT_COMPUTED_DEFINITION_CONFLICT
R-HSA-139915	Activation of PUMA and translocation to mitochondria	9	9	9	9	9	9	COMPLETE_MEMBERSHIP	COMPLETE_MEMBERSHIP	0	NOT_COMPUTED_DEFINITION_CONFLICT
R-HSA-140179	Amine Oxidase reactions	4	4	4	4	4	4	COMPLETE_MEMBERSHIP	COMPLETE_MEMBERSHIP	0	NOT_COMPUTED_DEFINITION_CONFLICT
R-HSA-140180	COX reactions	1	1	1	1	1	1	COMPLETE_MEMBERSHIP	COMPLETE_MEMBERSHIP	0	NOT_COMPUTED_DEFINITION_CONFLICT
R-HSA-140342	Apoptosis induced DNA fragmentation	13	7	7	7	7	6	OBSERVED_PROJECTION	OBSERVED_PROJECTION	1	NOT_COMPUTED_DEFINITION_CONFLICT
R-HSA-140534	Caspase activation via Death Receptors in the presence of ligand	18	16	16	16	16	16	OBSERVED_PROJECTION	OBSERVED_PROJECTION	0	NOT_COMPUTED_DEFINITION_CONFLICT
R-HSA-141333	Biogenic amines are oxidatively deaminated to aldehydes by MAOA and MAOB	2	2	2	2	2	2	COMPLETE_MEMBERSHIP	COMPLETE_MEMBERSHIP	0	NOT_COMPUTED_DEFINITION_CONFLICT
R-HSA-141334	PAOs oxidise polyamines to amines	2	2	2	2	2	2	COMPLETE_MEMBERSHIP	COMPLETE_MEMBERSHIP	0	NOT_COMPUTED_DEFINITION_CONFLICT
R-HSA-141405	Inhibition of the proteolytic activity of APC/C required for the onset of anaphase by mitotic spindle checkpoint components	21	21	21	21	21	12	OBSERVED_PROJECTION	COMPLETE_MEMBERSHIP	9	NOT_COMPUTED_DEFINITION_CONFLICT
R-HSA-141424	Amplification of signal from the kinetochores	94	89	89	89	84	51	OBSERVED_PROJECTION	OBSERVED_PROJECTION	33	NOT_COMPUTED_DEFINITION_CONFLICT
R-HSA-141430	Inactivation of APC/C via direct inhibition of the APC/C complex	21	21	21	21	21	12	OBSERVED_PROJECTION	COMPLETE_MEMBERSHIP	9	NOT_COMPUTED_DEFINITION_CONFLICT
R-HSA-141444	Amplification  of signal from unattached  kinetochores via a MAD2  inhibitory signal	94	89	89	89	84	51	OBSERVED_PROJECTION	OBSERVED_PROJECTION	33	NOT_COMPUTED_DEFINITION_CONFLICT
R-HSA-1428517	Aerobic respiration and respiratory electron transport	261	218	217	217	214	205	OBSERVED_PROJECTION	OBSERVED_PROJECTION	9	NOT_COMPUTED_DEFINITION_CONFLICT
R-HSA-1430728	Metabolism	2197	2067	2062	2057	2038	1886	OBSERVED_PROJECTION	OBSERVED_PROJECTION	152	NOT_COMPUTED_DEFINITION_CONFLICT
R-HSA-1433557	Signaling by SCF-KIT	43	43	43	43	43	43	COMPLETE_MEMBERSHIP	COMPLETE_MEMBERSHIP	0	NOT_COMPUTED_DEFINITION_CONFLICT
R-HSA-1433559	Regulation of KIT signaling	16	16	16	16	16	16	COMPLETE_MEMBERSHIP	COMPLETE_MEMBERSHIP	0	NOT_COMPUTED_DEFINITION_CONFLICT
R-HSA-1433617	Regulation of signaling by NODAL	12	10	10	10	10	10	OBSERVED_PROJECTION	OBSERVED_PROJECTION	0	NOT_COMPUTED_DEFINITION_CONFLICT
R-HSA-1442490	Collagen degradation	64	64	64	64	64	64	COMPLETE_MEMBERSHIP	COMPLETE_MEMBERSHIP	0	NOT_COMPUTED_DEFINITION_CONFLICT
R-HSA-1445148	Translocation of SLC2A4 (GLUT4) to the plasma membrane	72	70	70	70	70	69	OBSERVED_PROJECTION	OBSERVED_PROJECTION	1	NOT_COMPUTED_DEFINITION_CONFLICT
R-HSA-1461957	Beta defensins	39	32	32	32	30	30	OBSERVED_PROJECTION	OBSERVED_PROJECTION	0	NOT_COMPUTED_DEFINITION_CONFLICT
R-HSA-1461973	Defensins	49	41	40	40	38	38	OBSERVED_PROJECTION	OBSERVED_PROJECTION	0	NOT_COMPUTED_DEFINITION_CONFLICT
R-HSA-1462054	Alpha-defensins	10	9	8	8	8	8	OBSERVED_PROJECTION	OBSERVED_PROJECTION	0	NOT_COMPUTED_DEFINITION_CONFLICT
R-HSA-1474151	Tetrahydrobiopterin (BH4) synthesis, recycling, salvage and regulation	10	10	10	10	10	10	COMPLETE_MEMBERSHIP	COMPLETE_MEMBERSHIP	0	NOT_COMPUTED_DEFINITION_CONFLICT
R-HSA-1474165	Reproduction	127	96	96	96	96	84	OBSERVED_PROJECTION	OBSERVED_PROJECTION	12	NOT_COMPUTED_DEFINITION_CONFLICT
R-HSA-1474228	Degradation of the extracellular matrix	140	140	140	140	140	140	COMPLETE_MEMBERSHIP	COMPLETE_MEMBERSHIP	0	NOT_COMPUTED_DEFINITION_CONFLICT
R-HSA-1474244	Extracellular matrix organization	321	318	317	317	316	314	OBSERVED_PROJECTION	OBSERVED_PROJECTION	2	NOT_COMPUTED_DEFINITION_CONFLICT
R-HSA-1474290	Collagen formation	90	87	87	87	87	87	OBSERVED_PROJECTION	OBSERVED_PROJECTION	0	NOT_COMPUTED_DEFINITION_CONFLICT
R-HSA-1475029	Reversible hydration of carbon dioxide	12	12	12	12	12	12	COMPLETE_MEMBERSHIP	COMPLETE_MEMBERSHIP	0	NOT_COMPUTED_DEFINITION_CONFLICT
R-HSA-1480926	O2/CO2 exchange in erythrocytes	12	12	12	11	11	11	OBSERVED_PROJECTION	OBSERVED_PROJECTION	0	NOT_COMPUTED_DEFINITION_CONFLICT
R-HSA-1482788	Acyl chain remodelling of PC	27	26	25	25	24	24	OBSERVED_PROJECTION	OBSERVED_PROJECTION	0	NOT_COMPUTED_DEFINITION_CONFLICT
R-HSA-1482798	Acyl chain remodeling of CL	6	5	5	5	5	5	OBSERVED_PROJECTION	OBSERVED_PROJECTION	0	NOT_COMPUTED_DEFINITION_CONFLICT
R-HSA-1482801	Acyl chain remodelling of PS	22	21	20	20	19	19	OBSERVED_PROJECTION	OBSERVED_PROJECTION	0	NOT_COMPUTED_DEFINITION_CONFLICT
R-HSA-1482839	Acyl chain remodelling of PE	29	24	23	23	22	22	OBSERVED_PROJECTION	OBSERVED_PROJECTION	0	NOT_COMPUTED_DEFINITION_CONFLICT
R-HSA-1482883	Acyl chain remodeling of DAG and TAG	7	7	7	7	7	7	COMPLETE_MEMBERSHIP	COMPLETE_MEMBERSHIP	0	NOT_COMPUTED_DEFINITION_CONFLICT
R-HSA-1482922	Acyl chain remodelling of PI	17	16	16	16	15	15	OBSERVED_PROJECTION	OBSERVED_PROJECTION	0	NOT_COMPUTED_DEFINITION_CONFLICT
R-HSA-1482925	Acyl chain remodelling of PG	18	18	17	17	16	16	OBSERVED_PROJECTION	OBSERVED_PROJECTION	0	NOT_COMPUTED_DEFINITION_CONFLICT
R-HSA-1483076	Synthesis of CL	1	1	1	1	1	1	COMPLETE_MEMBERSHIP	COMPLETE_MEMBERSHIP	0	NOT_COMPUTED_DEFINITION_CONFLICT
R-HSA-1483101	Synthesis of PS	2	2	2	2	2	2	COMPLETE_MEMBERSHIP	COMPLETE_MEMBERSHIP	0	NOT_COMPUTED_DEFINITION_CONFLICT
R-HSA-1483115	Hydrolysis of LPC	9	9	8	8	8	8	OBSERVED_PROJECTION	OBSERVED_PROJECTION	0	NOT_COMPUTED_DEFINITION_CONFLICT
R-HSA-1483148	Synthesis of PG	8	8	8	8	8	8	COMPLETE_MEMBERSHIP	COMPLETE_MEMBERSHIP	0	NOT_COMPUTED_DEFINITION_CONFLICT
R-HSA-1483152	Hydrolysis of LPE	2	2	2	2	2	2	COMPLETE_MEMBERSHIP	COMPLETE_MEMBERSHIP	0	NOT_COMPUTED_DEFINITION_CONFLICT
R-HSA-1483166	Synthesis of PA	39	35	34	34	33	33	OBSERVED_PROJECTION	OBSERVED_PROJECTION	0	NOT_COMPUTED_DEFINITION_CONFLICT
R-HSA-1483191	Synthesis of PC	28	28	28	28	28	28	COMPLETE_MEMBERSHIP	COMPLETE_MEMBERSHIP	0	NOT_COMPUTED_DEFINITION_CONFLICT
R-HSA-1483196	PI and PC transport between ER and Golgi membranes	1	1	1	1	1	1	COMPLETE_MEMBERSHIP	COMPLETE_MEMBERSHIP	0	NOT_COMPUTED_DEFINITION_CONFLICT
R-HSA-1483206	Glycerophospholipid biosynthesis	129	118	117	117	116	116	OBSERVED_PROJECTION	OBSERVED_PROJECTION	0	NOT_COMPUTED_DEFINITION_CONFLICT
R-HSA-1483213	Synthesis of PE	13	12	12	12	12	12	OBSERVED_PROJECTION	OBSERVED_PROJECTION	0	NOT_COMPUTED_DEFINITION_CONFLICT
R-HSA-1483226	Synthesis of PI	5	5	5	5	5	5	COMPLETE_MEMBERSHIP	COMPLETE_MEMBERSHIP	0	NOT_COMPUTED_DEFINITION_CONFLICT
R-HSA-1483248	Synthesis of PIPs at the ER membrane	5	5	5	5	5	4	OBSERVED_PROJECTION	COMPLETE_MEMBERSHIP	1	NOT_COMPUTED_DEFINITION_CONFLICT
R-HSA-1483249	Inositol phosphate metabolism	78	76	76	76	76	60	OBSERVED_PROJECTION	OBSERVED_PROJECTION	16	NOT_COMPUTED_DEFINITION_CONFLICT
R-HSA-1483255	PI Metabolism	84	83	82	81	81	80	OBSERVED_PROJECTION	OBSERVED_PROJECTION	1	NOT_COMPUTED_DEFINITION_CONFLICT
R-HSA-1483257	Phospholipid metabolism	212	200	198	197	196	195	OBSERVED_PROJECTION	OBSERVED_PROJECTION	1	NOT_COMPUTED_DEFINITION_CONFLICT
R-HSA-1489509	DAG and IP3 signaling	41	40	40	40	40	39	OBSERVED_PROJECTION	OBSERVED_PROJECTION	1	NOT_COMPUTED_DEFINITION_CONFLICT
R-HSA-1500620	Meiosis	89	58	58	58	58	46	OBSERVED_PROJECTION	OBSERVED_PROJECTION	12	NOT_COMPUTED_DEFINITION_CONFLICT
R-HSA-1500931	Cell-Cell communication	335	286	286	285	283	250	OBSERVED_PROJECTION	OBSERVED_PROJECTION	33	NOT_COMPUTED_DEFINITION_CONFLICT
R-HSA-1502540	Signaling by Activin	17	17	17	17	17	17	COMPLETE_MEMBERSHIP	COMPLETE_MEMBERSHIP	0	NOT_COMPUTED_DEFINITION_CONFLICT
R-HSA-1538133	G0 and Early G1	27	27	27	27	27	21	OBSERVED_PROJECTION	COMPLETE_MEMBERSHIP	6	NOT_COMPUTED_DEFINITION_CONFLICT
R-HSA-156580	Phase II - Conjugation of compounds	106	100	99	98	97	95	OBSERVED_PROJECTION	OBSERVED_PROJECTION	2	NOT_COMPUTED_DEFINITION_CONFLICT
R-HSA-156581	Methylation	14	13	13	13	13	12	OBSERVED_PROJECTION	OBSERVED_PROJECTION	1	NOT_COMPUTED_DEFINITION_CONFLICT
R-HSA-156582	Acetylation	2	2	2	2	2	2	COMPLETE_MEMBERSHIP	COMPLETE_MEMBERSHIP	0	NOT_COMPUTED_DEFINITION_CONFLICT
R-HSA-156584	Cytosolic sulfonation of small molecules	18	17	17	17	17	16	OBSERVED_PROJECTION	OBSERVED_PROJECTION	1	NOT_COMPUTED_DEFINITION_CONFLICT
R-HSA-156587	Amino Acid conjugation	9	9	9	9	9	9	COMPLETE_MEMBERSHIP	COMPLETE_MEMBERSHIP	0	NOT_COMPUTED_DEFINITION_CONFLICT
R-HSA-156588	Glucuronidation	27	24	23	22	21	21	OBSERVED_PROJECTION	OBSERVED_PROJECTION	0	NOT_COMPUTED_DEFINITION_CONFLICT
R-HSA-156590	Glutathione conjugation	37	36	36	36	36	36	OBSERVED_PROJECTION	OBSERVED_PROJECTION	0	NOT_COMPUTED_DEFINITION_CONFLICT
R-HSA-1566948	Elastic fibre formation	44	44	43	43	42	42	OBSERVED_PROJECTION	OBSERVED_PROJECTION	0	NOT_COMPUTED_DEFINITION_CONFLICT
R-HSA-1566977	Fibronectin matrix formation	20	20	20	20	20	20	COMPLETE_MEMBERSHIP	COMPLETE_MEMBERSHIP	0	NOT_COMPUTED_DEFINITION_CONFLICT
R-HSA-156711	Polo-like kinase mediated events	16	16	16	16	15	13	OBSERVED_PROJECTION	OBSERVED_PROJECTION	2	NOT_COMPUTED_DEFINITION_CONFLICT
R-HSA-156827	L13a-mediated translational silencing of Ceruloplasmin expression	116	112	112	112	108	26	OBSERVED_PROJECTION	OBSERVED_PROJECTION	82	NOT_COMPUTED_DEFINITION_CONFLICT
R-HSA-156842	Eukaryotic Translation Elongation	99	94	94	94	91	23	OBSERVED_PROJECTION	OBSERVED_PROJECTION	68	NOT_COMPUTED_DEFINITION_CONFLICT
R-HSA-156902	Peptide chain elongation	94	90	90	90	87	20	OBSERVED_PROJECTION	OBSERVED_PROJECTION	67	NOT_COMPUTED_DEFINITION_CONFLICT
R-HSA-157118	Signaling by NOTCH	211	165	165	165	163	133	OBSERVED_PROJECTION	OBSERVED_PROJECTION	30	NOT_COMPUTED_DEFINITION_CONFLICT
R-HSA-157579	Telomere Maintenance	92	63	63	63	60	30	OBSERVED_PROJECTION	OBSERVED_PROJECTION	30	NOT_COMPUTED_DEFINITION_CONFLICT
R-HSA-157858	Gap junction trafficking and regulation	52	49	49	49	49	48	OBSERVED_PROJECTION	OBSERVED_PROJECTION	1	NOT_COMPUTED_DEFINITION_CONFLICT
R-HSA-15869	Metabolism of nucleotides	98	93	92	91	91	88	OBSERVED_PROJECTION	OBSERVED_PROJECTION	3	NOT_COMPUTED_DEFINITION_CONFLICT
R-HSA-1592230	Mitochondrial biogenesis	95	70	70	70	70	66	OBSERVED_PROJECTION	OBSERVED_PROJECTION	4	NOT_COMPUTED_DEFINITION_CONFLICT
R-HSA-159227	Transport of the SLBP independent Mature mRNA	35	33	33	33	33	17	OBSERVED_PROJECTION	OBSERVED_PROJECTION	16	NOT_COMPUTED_DEFINITION_CONFLICT
R-HSA-159230	Transport of the SLBP Dependant Mature mRNA	36	34	34	34	34	17	OBSERVED_PROJECTION	OBSERVED_PROJECTION	17	NOT_COMPUTED_DEFINITION_CONFLICT
R-HSA-159231	Transport of Mature mRNA Derived from an Intronless Transcript	42	40	40	40	40	19	OBSERVED_PROJECTION	OBSERVED_PROJECTION	21	NOT_COMPUTED_DEFINITION_CONFLICT
R-HSA-159234	Transport of Mature mRNAs Derived from Intronless Transcripts	43	41	41	41	41	19	OBSERVED_PROJECTION	OBSERVED_PROJECTION	22	NOT_COMPUTED_DEFINITION_CONFLICT
R-HSA-159236	Transport of Mature mRNA derived from an Intron-Containing Transcript	74	72	72	72	70	44	OBSERVED_PROJECTION	OBSERVED_PROJECTION	26	NOT_COMPUTED_DEFINITION_CONFLICT
R-HSA-1592389	Activation of Matrix Metalloproteinases	33	33	33	33	33	33	COMPLETE_MEMBERSHIP	COMPLETE_MEMBERSHIP	0	NOT_COMPUTED_DEFINITION_CONFLICT
R-HSA-159418	Recycling of bile acids and salts	18	18	18	18	18	18	COMPLETE_MEMBERSHIP	COMPLETE_MEMBERSHIP	0	NOT_COMPUTED_DEFINITION_CONFLICT
R-HSA-159424	Conjugation of carboxylic acids	9	9	9	9	9	9	COMPLETE_MEMBERSHIP	COMPLETE_MEMBERSHIP	0	NOT_COMPUTED_DEFINITION_CONFLICT
R-HSA-159740	Gamma-carboxylation of protein precursors	10	10	10	10	10	9	OBSERVED_PROJECTION	COMPLETE_MEMBERSHIP	1	NOT_COMPUTED_DEFINITION_CONFLICT
R-HSA-159763	Transport of gamma-carboxylated protein precursors from the endoplasmic reticulum to the Golgi apparatus	9	9	9	9	9	8	OBSERVED_PROJECTION	COMPLETE_MEMBERSHIP	1	NOT_COMPUTED_DEFINITION_CONFLICT
R-HSA-159782	Removal of aminoterminal propeptides from gamma-carboxylated proteins	10	10	10	10	10	9	OBSERVED_PROJECTION	COMPLETE_MEMBERSHIP	1	NOT_COMPUTED_DEFINITION_CONFLICT
R-HSA-159854	Gamma-carboxylation, transport, and amino-terminal cleavage of proteins	11	11	11	11	11	10	OBSERVED_PROJECTION	COMPLETE_MEMBERSHIP	1	NOT_COMPUTED_DEFINITION_CONFLICT
R-HSA-1606322	ZBP1(DAI) mediated induction of type I IFNs	21	21	21	21	21	21	COMPLETE_MEMBERSHIP	COMPLETE_MEMBERSHIP	0	NOT_COMPUTED_DEFINITION_CONFLICT
R-HSA-1606341	IRF3 mediated activation of type 1 IFN	5	5	5	5	5	5	COMPLETE_MEMBERSHIP	COMPLETE_MEMBERSHIP	0	NOT_COMPUTED_DEFINITION_CONFLICT
R-HSA-1614517	Sulfide oxidation to sulfate	6	5	5	5	4	4	OBSERVED_PROJECTION	OBSERVED_PROJECTION	0	NOT_COMPUTED_DEFINITION_CONFLICT
R-HSA-1614558	Degradation of cysteine and homocysteine	15	14	14	14	13	13	OBSERVED_PROJECTION	OBSERVED_PROJECTION	0	NOT_COMPUTED_DEFINITION_CONFLICT
R-HSA-1614603	Cysteine formation from homocysteine	2	2	2	2	2	2	COMPLETE_MEMBERSHIP	COMPLETE_MEMBERSHIP	0	NOT_COMPUTED_DEFINITION_CONFLICT
R-HSA-1614635	Sulfur amino acid metabolism	28	27	27	27	26	26	OBSERVED_PROJECTION	OBSERVED_PROJECTION	0	NOT_COMPUTED_DEFINITION_CONFLICT
R-HSA-162582	Signal Transduction	2622	2489	2487	2484	2470	2356	OBSERVED_PROJECTION	OBSERVED_PROJECTION	114	NOT_COMPUTED_DEFINITION_CONFLICT
R-HSA-162585	Uncoating of the HIV Virion	8	1	1	1	1	1	OBSERVED_PROJECTION	OBSERVED_PROJECTION	0	NOT_COMPUTED_DEFINITION_CONFLICT
R-HSA-162587	HIV Life Cycle	159	143	143	143	141	92	OBSERVED_PROJECTION	OBSERVED_PROJECTION	49	NOT_COMPUTED_DEFINITION_CONFLICT
R-HSA-162588	Budding and maturation of HIV virion	36	28	28	28	28	23	OBSERVED_PROJECTION	OBSERVED_PROJECTION	5	NOT_COMPUTED_DEFINITION_CONFLICT
R-HSA-162589	Reverse Transcription of HIV RNA	7	1	1	1	1	1	OBSERVED_PROJECTION	OBSERVED_PROJECTION	0	NOT_COMPUTED_DEFINITION_CONFLICT
R-HSA-162592	Integration of provirus	15	9	9	9	9	8	OBSERVED_PROJECTION	OBSERVED_PROJECTION	1	NOT_COMPUTED_DEFINITION_CONFLICT
R-HSA-162594	Early Phase of HIV Life Cycle	22	14	14	14	13	12	OBSERVED_PROJECTION	OBSERVED_PROJECTION	1	NOT_COMPUTED_DEFINITION_CONFLICT
R-HSA-162599	Late Phase of HIV Life Cycle	146	130	130	130	129	81	OBSERVED_PROJECTION	OBSERVED_PROJECTION	48	NOT_COMPUTED_DEFINITION_CONFLICT
R-HSA-162658	Golgi Cisternae Pericentriolar Stack Reorganization	14	14	14	14	13	10	OBSERVED_PROJECTION	OBSERVED_PROJECTION	3	NOT_COMPUTED_DEFINITION_CONFLICT
R-HSA-162699	Synthesis of dolichyl-phosphate mannose	3	3	3	3	3	3	COMPLETE_MEMBERSHIP	COMPLETE_MEMBERSHIP	0	NOT_COMPUTED_DEFINITION_CONFLICT
R-HSA-162710	Synthesis of glycosylphosphatidylinositol (GPI)	18	18	18	17	17	17	OBSERVED_PROJECTION	OBSERVED_PROJECTION	0	NOT_COMPUTED_DEFINITION_CONFLICT
R-HSA-162791	Attachment of GPI anchor to uPAR	7	7	7	7	7	7	COMPLETE_MEMBERSHIP	COMPLETE_MEMBERSHIP	0	NOT_COMPUTED_DEFINITION_CONFLICT
R-HSA-162906	HIV Infection	228	211	211	211	207	129	OBSERVED_PROJECTION	OBSERVED_PROJECTION	78	NOT_COMPUTED_DEFINITION_CONFLICT
R-HSA-162909	Host Interactions of HIV factors	126	113	113	113	111	64	OBSERVED_PROJECTION	OBSERVED_PROJECTION	47	NOT_COMPUTED_DEFINITION_CONFLICT
R-HSA-1630316	Glycosaminoglycan metabolism	136	133	133	133	131	131	OBSERVED_PROJECTION	OBSERVED_PROJECTION	0	NOT_COMPUTED_DEFINITION_CONFLICT
R-HSA-163125	Post-translational modification: synthesis of GPI-anchored proteins	93	88	88	87	87	87	OBSERVED_PROJECTION	OBSERVED_PROJECTION	0	NOT_COMPUTED_DEFINITION_CONFLICT
R-HSA-163210	Formation of ATP by chemiosmotic coupling	20	0	0	0	0	0	NO_SUPPORT	NO_SUPPORT	0	NOT_COMPUTED_DEFINITION_CONFLICT
R-HSA-163282	Mitochondrial transcription initiation	3	3	3	3	3	3	COMPLETE_MEMBERSHIP	COMPLETE_MEMBERSHIP	0	NOT_COMPUTED_DEFINITION_CONFLICT
R-HSA-1632852	Macroautophagy	145	138	137	137	135	124	OBSERVED_PROJECTION	OBSERVED_PROJECTION	11	NOT_COMPUTED_DEFINITION_CONFLICT
R-HSA-163316	Mitochondrial transcription termination	1	0	0	0	0	0	NO_SUPPORT	NO_SUPPORT	0	NOT_COMPUTED_DEFINITION_CONFLICT
R-HSA-163358	PKA-mediated phosphorylation of key metabolic factors	5	5	5	5	5	5	COMPLETE_MEMBERSHIP	COMPLETE_MEMBERSHIP	0	NOT_COMPUTED_DEFINITION_CONFLICT
R-HSA-163359	Glucagon signaling in metabolic regulation	33	33	33	33	33	33	COMPLETE_MEMBERSHIP	COMPLETE_MEMBERSHIP	0	NOT_COMPUTED_DEFINITION_CONFLICT
R-HSA-163560	Triglyceride catabolism	24	24	24	24	24	24	COMPLETE_MEMBERSHIP	COMPLETE_MEMBERSHIP	0	NOT_COMPUTED_DEFINITION_CONFLICT
R-HSA-163615	PKA activation	18	18	18	18	18	18	COMPLETE_MEMBERSHIP	COMPLETE_MEMBERSHIP	0	NOT_COMPUTED_DEFINITION_CONFLICT
R-HSA-163680	AMPK inhibits chREBP transcriptional activation activity	8	8	8	8	8	8	COMPLETE_MEMBERSHIP	COMPLETE_MEMBERSHIP	0	NOT_COMPUTED_DEFINITION_CONFLICT
R-HSA-163685	Integration of energy metabolism	108	107	107	107	107	107	OBSERVED_PROJECTION	OBSERVED_PROJECTION	0	NOT_COMPUTED_DEFINITION_CONFLICT
R-HSA-163754	Insulin effects increased synthesis of Xylulose-5-Phosphate	2	2	2	2	2	2	COMPLETE_MEMBERSHIP	COMPLETE_MEMBERSHIP	0	NOT_COMPUTED_DEFINITION_CONFLICT
R-HSA-163765	ChREBP activates metabolic gene expression	8	8	8	8	8	8	COMPLETE_MEMBERSHIP	COMPLETE_MEMBERSHIP	0	NOT_COMPUTED_DEFINITION_CONFLICT
R-HSA-163767	PP2A-mediated dephosphorylation of key metabolic factors	7	7	7	7	7	7	COMPLETE_MEMBERSHIP	COMPLETE_MEMBERSHIP	0	NOT_COMPUTED_DEFINITION_CONFLICT
R-HSA-1638074	Keratan sulfate/keratin metabolism	37	36	36	36	36	36	OBSERVED_PROJECTION	OBSERVED_PROJECTION	0	NOT_COMPUTED_DEFINITION_CONFLICT
R-HSA-1638091	Heparan sulfate/heparin (HS-GAG) metabolism	41	41	41	41	41	41	COMPLETE_MEMBERSHIP	COMPLETE_MEMBERSHIP	0	NOT_COMPUTED_DEFINITION_CONFLICT
R-HSA-163841	Gamma carboxylation, hypusinylation, hydroxylation, and arylsulfatase activation	61	58	58	57	57	52	OBSERVED_PROJECTION	OBSERVED_PROJECTION	5	NOT_COMPUTED_DEFINITION_CONFLICT
R-HSA-1640170	Cell Cycle	657	601	601	601	588	410	OBSERVED_PROJECTION	OBSERVED_PROJECTION	178	NOT_COMPUTED_DEFINITION_CONFLICT
R-HSA-1643685	Disease	2512	1971	1967	1962	1945	1660	OBSERVED_PROJECTION	OBSERVED_PROJECTION	285	NOT_COMPUTED_DEFINITION_CONFLICT
R-HSA-1643713	Signaling by EGFR in Cancer	25	25	25	25	25	24	OBSERVED_PROJECTION	COMPLETE_MEMBERSHIP	1	NOT_COMPUTED_DEFINITION_CONFLICT
R-HSA-164378	PKA activation in glucagon signalling	17	17	17	17	17	17	COMPLETE_MEMBERSHIP	COMPLETE_MEMBERSHIP	0	NOT_COMPUTED_DEFINITION_CONFLICT
R-HSA-164516	Minus-strand DNA synthesis	7	1	1	1	1	1	OBSERVED_PROJECTION	OBSERVED_PROJECTION	0	NOT_COMPUTED_DEFINITION_CONFLICT
R-HSA-164525	Plus-strand DNA synthesis	7	1	1	1	1	1	OBSERVED_PROJECTION	OBSERVED_PROJECTION	0	NOT_COMPUTED_DEFINITION_CONFLICT
R-HSA-164843	2-LTR circle formation	13	7	7	7	7	6	OBSERVED_PROJECTION	OBSERVED_PROJECTION	1	NOT_COMPUTED_DEFINITION_CONFLICT
R-HSA-164938	Nef-mediates down modulation of cell surface receptors by recruiting them to clathrin adapters	22	21	21	21	21	21	OBSERVED_PROJECTION	OBSERVED_PROJECTION	0	NOT_COMPUTED_DEFINITION_CONFLICT
R-HSA-164939	Nef mediated downregulation of CD28 cell surface expression	3	2	2	2	2	2	OBSERVED_PROJECTION	OBSERVED_PROJECTION	0	NOT_COMPUTED_DEFINITION_CONFLICT
R-HSA-164940	Nef mediated downregulation of MHC class I complex cell surface expression	11	10	10	10	10	10	OBSERVED_PROJECTION	OBSERVED_PROJECTION	0	NOT_COMPUTED_DEFINITION_CONFLICT
R-HSA-164944	Nef and signal transduction	9	8	8	8	8	8	OBSERVED_PROJECTION	OBSERVED_PROJECTION	0	NOT_COMPUTED_DEFINITION_CONFLICT
R-HSA-164952	The role of Nef in HIV-1 replication and disease pathogenesis	29	28	28	28	28	28	OBSERVED_PROJECTION	OBSERVED_PROJECTION	0	NOT_COMPUTED_DEFINITION_CONFLICT
R-HSA-165054	Rev-mediated nuclear export of HIV RNA	36	33	33	33	33	16	OBSERVED_PROJECTION	OBSERVED_PROJECTION	17	NOT_COMPUTED_DEFINITION_CONFLICT
R-HSA-1650814	Collagen biosynthesis and modifying enzymes	67	64	64	64	64	64	OBSERVED_PROJECTION	OBSERVED_PROJECTION	0	NOT_COMPUTED_DEFINITION_CONFLICT
R-HSA-165158	Activation of AKT2	4	4	4	4	4	4	COMPLETE_MEMBERSHIP	COMPLETE_MEMBERSHIP	0	NOT_COMPUTED_DEFINITION_CONFLICT
R-HSA-165159	MTOR signalling	52	51	51	51	51	46	OBSERVED_PROJECTION	OBSERVED_PROJECTION	5	NOT_COMPUTED_DEFINITION_CONFLICT
R-HSA-165160	PDE3B signalling	2	2	2	2	2	2	COMPLETE_MEMBERSHIP	COMPLETE_MEMBERSHIP	0	NOT_COMPUTED_DEFINITION_CONFLICT
R-HSA-165181	Inhibition of TSC complex formation by AKT (PKB)	5	5	5	5	5	5	COMPLETE_MEMBERSHIP	COMPLETE_MEMBERSHIP	0	NOT_COMPUTED_DEFINITION_CONFLICT
R-HSA-1655829	Regulation of cholesterol biosynthesis by SREBP (SREBF)	55	55	55	55	55	52	OBSERVED_PROJECTION	COMPLETE_MEMBERSHIP	3	NOT_COMPUTED_DEFINITION_CONFLICT
R-HSA-166016	Toll Like Receptor 4 (TLR4) Cascade	148	145	145	145	145	141	OBSERVED_PROJECTION	OBSERVED_PROJECTION	4	NOT_COMPUTED_DEFINITION_CONFLICT
R-HSA-166020	Transfer of LPS from LBP carrier to CD14	2	2	2	2	2	2	COMPLETE_MEMBERSHIP	COMPLETE_MEMBERSHIP	0	NOT_COMPUTED_DEFINITION_CONFLICT
R-HSA-1660499	Synthesis of PIPs at the plasma membrane	53	53	52	52	52	52	OBSERVED_PROJECTION	OBSERVED_PROJECTION	0	NOT_COMPUTED_DEFINITION_CONFLICT
R-HSA-1660514	Synthesis of PIPs at the Golgi membrane	18	18	17	17	17	16	OBSERVED_PROJECTION	OBSERVED_PROJECTION	1	NOT_COMPUTED_DEFINITION_CONFLICT
R-HSA-1660516	Synthesis of PIPs at the early endosome membrane	16	16	15	15	15	15	OBSERVED_PROJECTION	OBSERVED_PROJECTION	0	NOT_COMPUTED_DEFINITION_CONFLICT
R-HSA-1660517	Synthesis of PIPs at the late endosome membrane	11	11	11	11	11	11	COMPLETE_MEMBERSHIP	COMPLETE_MEMBERSHIP	0	NOT_COMPUTED_DEFINITION_CONFLICT
R-HSA-166058	MyD88:MAL(TIRAP) cascade initiated on plasma membrane	115	112	112	112	112	109	OBSERVED_PROJECTION	OBSERVED_PROJECTION	3	NOT_COMPUTED_DEFINITION_CONFLICT
R-HSA-1660661	Sphingolipid de novo biosynthesis	37	36	36	35	35	35	OBSERVED_PROJECTION	OBSERVED_PROJECTION	0	NOT_COMPUTED_DEFINITION_CONFLICT
R-HSA-1660662	Glycosphingolipid metabolism	58	56	56	56	56	56	OBSERVED_PROJECTION	OBSERVED_PROJECTION	0	NOT_COMPUTED_DEFINITION_CONFLICT
R-HSA-166166	MyD88-independent TLR4 cascade	110	109	109	109	109	105	OBSERVED_PROJECTION	OBSERVED_PROJECTION	4	NOT_COMPUTED_DEFINITION_CONFLICT
R-HSA-166187	Mitochondrial Uncoupling	7	7	7	7	7	7	COMPLETE_MEMBERSHIP	COMPLETE_MEMBERSHIP	0	NOT_COMPUTED_DEFINITION_CONFLICT
R-HSA-166208	mTORC1-mediated signalling	23	23	23	23	23	18	OBSERVED_PROJECTION	COMPLETE_MEMBERSHIP	5	NOT_COMPUTED_DEFINITION_CONFLICT
R-HSA-1663150	The activation of arylsulfatases	13	12	12	12	12	12	OBSERVED_PROJECTION	OBSERVED_PROJECTION	0	NOT_COMPUTED_DEFINITION_CONFLICT
R-HSA-166520	Signaling by NTRKs	134	134	134	134	134	134	COMPLETE_MEMBERSHIP	COMPLETE_MEMBERSHIP	0	NOT_COMPUTED_DEFINITION_CONFLICT
R-HSA-166658	Complement cascade	146	57	56	56	54	54	OBSERVED_PROJECTION	OBSERVED_PROJECTION	0	NOT_COMPUTED_DEFINITION_CONFLICT
R-HSA-166662	Lectin pathway of complement activation	15	8	8	8	8	8	OBSERVED_PROJECTION	OBSERVED_PROJECTION	0	NOT_COMPUTED_DEFINITION_CONFLICT
R-HSA-166663	Initial triggering of complement	111	22	22	22	21	21	OBSERVED_PROJECTION	OBSERVED_PROJECTION	0	NOT_COMPUTED_DEFINITION_CONFLICT
R-HSA-166665	Terminal pathway of complement	8	8	8	8	8	8	COMPLETE_MEMBERSHIP	COMPLETE_MEMBERSHIP	0	NOT_COMPUTED_DEFINITION_CONFLICT
R-HSA-166786	Creation of C4 and C2 activators	103	14	14	14	14	14	OBSERVED_PROJECTION	OBSERVED_PROJECTION	0	NOT_COMPUTED_DEFINITION_CONFLICT
R-HSA-167021	PLC-gamma1 signalling	3	3	3	3	3	3	COMPLETE_MEMBERSHIP	COMPLETE_MEMBERSHIP	0	NOT_COMPUTED_DEFINITION_CONFLICT
R-HSA-167044	Signalling to RAS	20	20	20	20	20	20	COMPLETE_MEMBERSHIP	COMPLETE_MEMBERSHIP	0	NOT_COMPUTED_DEFINITION_CONFLICT
R-HSA-167060	NGF processing	4	4	4	4	4	4	COMPLETE_MEMBERSHIP	COMPLETE_MEMBERSHIP	0	NOT_COMPUTED_DEFINITION_CONFLICT
R-HSA-167152	Formation of HIV elongation complex in the absence of HIV Tat	45	40	40	40	39	20	OBSERVED_PROJECTION	OBSERVED_PROJECTION	19	NOT_COMPUTED_DEFINITION_CONFLICT
R-HSA-167158	Formation of the HIV-1 Early Elongation Complex	33	32	32	32	31	15	OBSERVED_PROJECTION	OBSERVED_PROJECTION	16	NOT_COMPUTED_DEFINITION_CONFLICT
R-HSA-167160	RNA Pol II CTD phosphorylation and interaction with CE during HIV infection	27	26	26	26	25	11	OBSERVED_PROJECTION	OBSERVED_PROJECTION	14	NOT_COMPUTED_DEFINITION_CONFLICT
R-HSA-167161	HIV Transcription Initiation	48	47	47	47	46	26	OBSERVED_PROJECTION	OBSERVED_PROJECTION	20	NOT_COMPUTED_DEFINITION_CONFLICT
R-HSA-167162	RNA Polymerase II HIV Promoter Escape	48	47	47	47	46	26	OBSERVED_PROJECTION	OBSERVED_PROJECTION	20	NOT_COMPUTED_DEFINITION_CONFLICT
R-HSA-167169	HIV Transcription Elongation	44	38	38	38	37	18	OBSERVED_PROJECTION	OBSERVED_PROJECTION	19	NOT_COMPUTED_DEFINITION_CONFLICT
R-HSA-167172	Transcription of the HIV genome	72	66	66	66	65	39	OBSERVED_PROJECTION	OBSERVED_PROJECTION	26	NOT_COMPUTED_DEFINITION_CONFLICT
R-HSA-167200	Formation of HIV-1 elongation complex containing HIV-1 Tat	44	38	38	38	37	18	OBSERVED_PROJECTION	OBSERVED_PROJECTION	19	NOT_COMPUTED_DEFINITION_CONFLICT
R-HSA-167238	Pausing and recovery of Tat-mediated HIV elongation	32	26	26	26	26	11	OBSERVED_PROJECTION	OBSERVED_PROJECTION	15	NOT_COMPUTED_DEFINITION_CONFLICT
R-HSA-167242	Abortive elongation of HIV-1 transcript in the absence of Tat	23	22	22	22	22	10	OBSERVED_PROJECTION	OBSERVED_PROJECTION	12	NOT_COMPUTED_DEFINITION_CONFLICT
R-HSA-167243	Tat-mediated HIV elongation arrest and recovery	32	26	26	26	26	11	OBSERVED_PROJECTION	OBSERVED_PROJECTION	15	NOT_COMPUTED_DEFINITION_CONFLICT
R-HSA-167246	Tat-mediated elongation of the HIV-1 transcript	44	38	38	38	37	18	OBSERVED_PROJECTION	OBSERVED_PROJECTION	19	NOT_COMPUTED_DEFINITION_CONFLICT
R-HSA-167287	HIV elongation arrest and recovery	33	28	28	28	28	13	OBSERVED_PROJECTION	OBSERVED_PROJECTION	15	NOT_COMPUTED_DEFINITION_CONFLICT
R-HSA-167290	Pausing and recovery of HIV elongation	33	28	28	28	28	13	OBSERVED_PROJECTION	OBSERVED_PROJECTION	15	NOT_COMPUTED_DEFINITION_CONFLICT
R-HSA-167590	Nef Mediated CD4 Down-regulation	10	9	9	9	9	9	OBSERVED_PROJECTION	OBSERVED_PROJECTION	0	NOT_COMPUTED_DEFINITION_CONFLICT
R-HSA-167826	The fatty acid cycling model	5	5	5	5	5	5	COMPLETE_MEMBERSHIP	COMPLETE_MEMBERSHIP	0	NOT_COMPUTED_DEFINITION_CONFLICT
R-HSA-1679131	Trafficking and processing of endosomal TLR	13	13	13	13	13	13	COMPLETE_MEMBERSHIP	COMPLETE_MEMBERSHIP	0	NOT_COMPUTED_DEFINITION_CONFLICT
R-HSA-168138	Toll Like Receptor 9 (TLR9) Cascade	110	107	107	107	107	104	OBSERVED_PROJECTION	OBSERVED_PROJECTION	3	NOT_COMPUTED_DEFINITION_CONFLICT
R-HSA-168142	Toll Like Receptor 10 (TLR10) Cascade	98	96	96	96	96	93	OBSERVED_PROJECTION	OBSERVED_PROJECTION	3	NOT_COMPUTED_DEFINITION_CONFLICT
R-HSA-168164	Toll Like Receptor 3 (TLR3) Cascade	106	105	105	105	105	101	OBSERVED_PROJECTION	OBSERVED_PROJECTION	4	NOT_COMPUTED_DEFINITION_CONFLICT
R-HSA-168176	Toll Like Receptor 5 (TLR5) Cascade	98	96	96	96	96	93	OBSERVED_PROJECTION	OBSERVED_PROJECTION	3	NOT_COMPUTED_DEFINITION_CONFLICT
R-HSA-168179	Toll Like Receptor TLR1:TLR2 Cascade	118	115	115	115	115	112	OBSERVED_PROJECTION	OBSERVED_PROJECTION	3	NOT_COMPUTED_DEFINITION_CONFLICT
R-HSA-168181	Toll Like Receptor 7/8 (TLR7/8) Cascade	107	105	105	105	105	102	OBSERVED_PROJECTION	OBSERVED_PROJECTION	3	NOT_COMPUTED_DEFINITION_CONFLICT
R-HSA-168188	Toll Like Receptor TLR6:TLR2 Cascade	115	112	112	112	112	109	OBSERVED_PROJECTION	OBSERVED_PROJECTION	3	NOT_COMPUTED_DEFINITION_CONFLICT
R-HSA-168249	Innate Immune System	1198	1025	1020	1018	1008	952	OBSERVED_PROJECTION	OBSERVED_PROJECTION	56	NOT_COMPUTED_DEFINITION_CONFLICT
R-HSA-168255	Influenza Infection	171	156	156	155	152	57	OBSERVED_PROJECTION	OBSERVED_PROJECTION	95	NOT_COMPUTED_DEFINITION_CONFLICT
R-HSA-168256	Immune System	2494	2237	2231	2223	2207	2008	OBSERVED_PROJECTION	OBSERVED_PROJECTION	199	NOT_COMPUTED_DEFINITION_CONFLICT
R-HSA-168268	Virus Assembly and Release	10	2	2	2	2	2	OBSERVED_PROJECTION	OBSERVED_PROJECTION	0	NOT_COMPUTED_DEFINITION_CONFLICT
R-HSA-168270	Fusion and Uncoating of the Influenza Virion	8	0	0	0	0	0	NO_SUPPORT	NO_SUPPORT	0	NOT_COMPUTED_DEFINITION_CONFLICT
R-HSA-168271	Transport of Ribonucleoproteins into the Host Nucleus	37	30	30	30	30	14	OBSERVED_PROJECTION	OBSERVED_PROJECTION	16	NOT_COMPUTED_DEFINITION_CONFLICT
R-HSA-168273	Influenza Viral RNA Transcription and Replication	149	134	134	134	131	40	OBSERVED_PROJECTION	OBSERVED_PROJECTION	91	NOT_COMPUTED_DEFINITION_CONFLICT
R-HSA-168274	Export of Viral Ribonucleoproteins from Nucleus	39	31	31	30	30	13	OBSERVED_PROJECTION	OBSERVED_PROJECTION	17	NOT_COMPUTED_DEFINITION_CONFLICT
R-HSA-168275	Entry of Influenza Virion into Host Cell via Endocytosis	10	2	2	2	2	2	OBSERVED_PROJECTION	OBSERVED_PROJECTION	0	NOT_COMPUTED_DEFINITION_CONFLICT
R-HSA-168276	NS1 Mediated Effects on Host Pathways	44	41	41	41	41	24	OBSERVED_PROJECTION	OBSERVED_PROJECTION	17	NOT_COMPUTED_DEFINITION_CONFLICT
R-HSA-168277	Influenza Virus Induced Apoptosis	4	2	2	2	2	2	OBSERVED_PROJECTION	OBSERVED_PROJECTION	0	NOT_COMPUTED_DEFINITION_CONFLICT
R-HSA-168288	Fusion of the Influenza Virion to the Host Cell Endosome	8	0	0	0	0	0	NO_SUPPORT	NO_SUPPORT	0	NOT_COMPUTED_DEFINITION_CONFLICT
R-HSA-168298	Release	8	0	0	0	0	0	NO_SUPPORT	NO_SUPPORT	0	NOT_COMPUTED_DEFINITION_CONFLICT
R-HSA-168302	Budding	8	0	0	0	0	0	NO_SUPPORT	NO_SUPPORT	0	NOT_COMPUTED_DEFINITION_CONFLICT
R-HSA-168303	Packaging of Eight RNA Segments	8	0	0	0	0	0	NO_SUPPORT	NO_SUPPORT	0	NOT_COMPUTED_DEFINITION_CONFLICT
R-HSA-168305	Inhibition of Interferon Synthesis	1	0	0	0	0	0	NO_SUPPORT	NO_SUPPORT	0	NOT_COMPUTED_DEFINITION_CONFLICT
R-HSA-168315	Inhibition of Host mRNA Processing and RNA Silencing	3	2	2	2	2	1	OBSERVED_PROJECTION	OBSERVED_PROJECTION	1	NOT_COMPUTED_DEFINITION_CONFLICT
R-HSA-168316	Assembly of Viral Components at the Budding Site	6	2	2	2	2	2	OBSERVED_PROJECTION	OBSERVED_PROJECTION	0	NOT_COMPUTED_DEFINITION_CONFLICT
R-HSA-168325	Viral Messenger RNA Synthesis	49	41	41	41	41	17	OBSERVED_PROJECTION	OBSERVED_PROJECTION	24	NOT_COMPUTED_DEFINITION_CONFLICT
R-HSA-168330	Viral RNP Complexes in the Host Cell Nucleus	7	1	1	0	0	0	NO_SUPPORT	NO_SUPPORT	0	NOT_COMPUTED_DEFINITION_CONFLICT
R-HSA-168333	NEP/NS2 Interacts with the Cellular Export Machinery	38	30	30	30	30	13	OBSERVED_PROJECTION	OBSERVED_PROJECTION	17	NOT_COMPUTED_DEFINITION_CONFLICT
R-HSA-168336	Uncoating of the Influenza Virion	8	0	0	0	0	0	NO_SUPPORT	NO_SUPPORT	0	NOT_COMPUTED_DEFINITION_CONFLICT
R-HSA-168638	NOD1/2 Signaling Pathway	37	36	36	36	36	35	OBSERVED_PROJECTION	OBSERVED_PROJECTION	1	NOT_COMPUTED_DEFINITION_CONFLICT
R-HSA-168643	Nucleotide-binding domain, leucine rich repeat containing receptor (NLR) signaling pathways	61	56	56	56	56	54	OBSERVED_PROJECTION	OBSERVED_PROJECTION	2	NOT_COMPUTED_DEFINITION_CONFLICT
R-HSA-168799	Neurotoxicity of clostridium toxins	21	10	10	10	10	10	OBSERVED_PROJECTION	OBSERVED_PROJECTION	0	NOT_COMPUTED_DEFINITION_CONFLICT
R-HSA-168874	Transport of HA trimer, NA tetramer and M2 tetramer from the endoplasmic reticulum to the Golgi Apparatus	3	0	0	0	0	0	NO_SUPPORT	NO_SUPPORT	0	NOT_COMPUTED_DEFINITION_CONFLICT
R-HSA-168888	Inhibition of IFN-beta	1	0	0	0	0	0	NO_SUPPORT	NO_SUPPORT	0	NOT_COMPUTED_DEFINITION_CONFLICT
R-HSA-168898	Toll-like Receptor Cascades	174	167	167	167	167	163	OBSERVED_PROJECTION	OBSERVED_PROJECTION	4	NOT_COMPUTED_DEFINITION_CONFLICT
R-HSA-168927	TICAM1, RIP1-mediated IKK complex recruitment	19	19	19	19	19	18	OBSERVED_PROJECTION	COMPLETE_MEMBERSHIP	1	NOT_COMPUTED_DEFINITION_CONFLICT
R-HSA-168928	DDX58/IFIH1-mediated induction of interferon-alpha/beta	87	75	75	75	75	74	OBSERVED_PROJECTION	OBSERVED_PROJECTION	1	NOT_COMPUTED_DEFINITION_CONFLICT
R-HSA-169131	Inhibition of PKR	2	1	1	1	1	1	OBSERVED_PROJECTION	OBSERVED_PROJECTION	0	NOT_COMPUTED_DEFINITION_CONFLICT
R-HSA-169893	Prolonged ERK activation events	14	14	14	14	14	14	COMPLETE_MEMBERSHIP	COMPLETE_MEMBERSHIP	0	NOT_COMPUTED_DEFINITION_CONFLICT
R-HSA-169911	Regulation of Apoptosis	40	39	39	39	37	11	OBSERVED_PROJECTION	OBSERVED_PROJECTION	26	NOT_COMPUTED_DEFINITION_CONFLICT
R-HSA-170660	Adenylate cyclase activating pathway	10	10	10	10	10	10	COMPLETE_MEMBERSHIP	COMPLETE_MEMBERSHIP	0	NOT_COMPUTED_DEFINITION_CONFLICT
R-HSA-170670	Adenylate cyclase inhibitory pathway	14	14	14	14	14	14	COMPLETE_MEMBERSHIP	COMPLETE_MEMBERSHIP	0	NOT_COMPUTED_DEFINITION_CONFLICT
R-HSA-170822	Regulation of Glucokinase by Glucokinase Regulatory Protein	32	30	30	30	30	15	OBSERVED_PROJECTION	OBSERVED_PROJECTION	15	NOT_COMPUTED_DEFINITION_CONFLICT
R-HSA-170834	Signaling by TGF-beta Receptor Complex	94	94	94	94	94	91	OBSERVED_PROJECTION	COMPLETE_MEMBERSHIP	3	NOT_COMPUTED_DEFINITION_CONFLICT
R-HSA-170968	Frs2-mediated activation	12	12	12	12	12	12	COMPLETE_MEMBERSHIP	COMPLETE_MEMBERSHIP	0	NOT_COMPUTED_DEFINITION_CONFLICT
R-HSA-170984	ARMS-mediated activation	7	7	7	7	7	7	COMPLETE_MEMBERSHIP	COMPLETE_MEMBERSHIP	0	NOT_COMPUTED_DEFINITION_CONFLICT
R-HSA-171007	p38MAPK events	13	13	13	13	13	13	COMPLETE_MEMBERSHIP	COMPLETE_MEMBERSHIP	0	NOT_COMPUTED_DEFINITION_CONFLICT
R-HSA-171286	Synthesis and processing of ENV and VPU	3	1	1	1	1	1	OBSERVED_PROJECTION	OBSERVED_PROJECTION	0	NOT_COMPUTED_DEFINITION_CONFLICT
R-HSA-171306	Packaging Of Telomere Ends	32	6	6	6	6	5	OBSERVED_PROJECTION	OBSERVED_PROJECTION	1	NOT_COMPUTED_DEFINITION_CONFLICT
R-HSA-171319	Telomere Extension By Telomerase	23	23	23	23	22	15	OBSERVED_PROJECTION	OBSERVED_PROJECTION	7	NOT_COMPUTED_DEFINITION_CONFLICT
R-HSA-173107	Binding and entry of HIV virion	12	4	4	4	4	4	OBSERVED_PROJECTION	OBSERVED_PROJECTION	0	NOT_COMPUTED_DEFINITION_CONFLICT
R-HSA-173599	Formation of the active cofactor, UDP-glucuronate	5	5	5	5	5	5	COMPLETE_MEMBERSHIP	COMPLETE_MEMBERSHIP	0	NOT_COMPUTED_DEFINITION_CONFLICT
R-HSA-173623	Classical antibody-mediated complement activation	88	6	6	6	6	6	OBSERVED_PROJECTION	OBSERVED_PROJECTION	0	NOT_COMPUTED_DEFINITION_CONFLICT
R-HSA-173736	Alternative complement activation	5	5	5	5	5	5	COMPLETE_MEMBERSHIP	COMPLETE_MEMBERSHIP	0	NOT_COMPUTED_DEFINITION_CONFLICT
R-HSA-174048	APC/C:Cdc20 mediated degradation of Cyclin B	24	24	24	24	24	15	OBSERVED_PROJECTION	COMPLETE_MEMBERSHIP	9	NOT_COMPUTED_DEFINITION_CONFLICT
R-HSA-174084	Autodegradation of Cdh1 by Cdh1:APC/C	54	53	53	53	51	19	OBSERVED_PROJECTION	OBSERVED_PROJECTION	32	NOT_COMPUTED_DEFINITION_CONFLICT
R-HSA-174113	SCF-beta-TrCP mediated degradation of Emi1	42	41	41	41	39	9	OBSERVED_PROJECTION	OBSERVED_PROJECTION	30	NOT_COMPUTED_DEFINITION_CONFLICT
R-HSA-174143	APC/C-mediated degradation of cell cycle proteins	75	74	74	74	71	29	OBSERVED_PROJECTION	OBSERVED_PROJECTION	42	NOT_COMPUTED_DEFINITION_CONFLICT
R-HSA-174154	APC/C:Cdc20 mediated degradation of Securin	55	54	54	54	52	19	OBSERVED_PROJECTION	OBSERVED_PROJECTION	33	NOT_COMPUTED_DEFINITION_CONFLICT
R-HSA-174178	APC/C:Cdh1 mediated degradation of Cdc20 and other APC/C:Cdh1 targeted proteins in late mitosis/early G1	61	60	60	60	57	22	OBSERVED_PROJECTION	OBSERVED_PROJECTION	35	NOT_COMPUTED_DEFINITION_CONFLICT
R-HSA-174184	Cdc20:Phospho-APC/C mediated degradation of Cyclin A	60	59	59	59	57	20	OBSERVED_PROJECTION	OBSERVED_PROJECTION	37	NOT_COMPUTED_DEFINITION_CONFLICT
R-HSA-174362	Transport and metabolism of PAPS	7	7	7	7	7	7	COMPLETE_MEMBERSHIP	COMPLETE_MEMBERSHIP	0	NOT_COMPUTED_DEFINITION_CONFLICT
R-HSA-174403	Glutathione synthesis and recycling	13	12	12	12	12	12	OBSERVED_PROJECTION	OBSERVED_PROJECTION	0	NOT_COMPUTED_DEFINITION_CONFLICT
R-HSA-174411	Polymerase switching on the C-strand of the telomere	26	25	25	25	24	12	OBSERVED_PROJECTION	OBSERVED_PROJECTION	12	NOT_COMPUTED_DEFINITION_CONFLICT
R-HSA-174414	Processive synthesis on the C-strand of the telomere	19	19	19	19	18	10	OBSERVED_PROJECTION	OBSERVED_PROJECTION	8	NOT_COMPUTED_DEFINITION_CONFLICT
R-HSA-174417	Telomere C-strand (Lagging Strand) Synthesis	34	33	33	33	31	15	OBSERVED_PROJECTION	OBSERVED_PROJECTION	16	NOT_COMPUTED_DEFINITION_CONFLICT
R-HSA-174430	Telomere C-strand synthesis initiation	13	12	12	12	11	6	OBSERVED_PROJECTION	OBSERVED_PROJECTION	5	NOT_COMPUTED_DEFINITION_CONFLICT
R-HSA-174437	Removal of the Flap Intermediate from the C-strand	17	17	17	17	17	9	OBSERVED_PROJECTION	COMPLETE_MEMBERSHIP	8	NOT_COMPUTED_DEFINITION_CONFLICT
R-HSA-174490	Membrane binding and targetting of GAG proteins	15	14	14	14	14	11	OBSERVED_PROJECTION	OBSERVED_PROJECTION	3	NOT_COMPUTED_DEFINITION_CONFLICT
R-HSA-174495	Synthesis And Processing Of GAG, GAGPOL Polyproteins	15	14	14	14	14	11	OBSERVED_PROJECTION	OBSERVED_PROJECTION	3	NOT_COMPUTED_DEFINITION_CONFLICT
R-HSA-174577	Activation of C3 and C5	7	7	7	7	6	6	OBSERVED_PROJECTION	OBSERVED_PROJECTION	0	NOT_COMPUTED_DEFINITION_CONFLICT
R-HSA-174824	Plasma lipoprotein assembly, remodeling, and clearance	75	74	74	74	74	72	OBSERVED_PROJECTION	OBSERVED_PROJECTION	2	NOT_COMPUTED_DEFINITION_CONFLICT
R-HSA-175474	Assembly Of The HIV Virion	24	16	16	16	16	13	OBSERVED_PROJECTION	OBSERVED_PROJECTION	3	NOT_COMPUTED_DEFINITION_CONFLICT
R-HSA-175567	Integration of viral DNA into host genomic DNA	9	3	3	3	3	3	OBSERVED_PROJECTION	OBSERVED_PROJECTION	0	NOT_COMPUTED_DEFINITION_CONFLICT
R-HSA-176033	Interactions of Vpr with host cellular proteins	43	35	35	35	35	20	OBSERVED_PROJECTION	OBSERVED_PROJECTION	15	NOT_COMPUTED_DEFINITION_CONFLICT
R-HSA-176034	Interactions of Tat with host cellular proteins	3	2	2	2	2	2	OBSERVED_PROJECTION	OBSERVED_PROJECTION	0	NOT_COMPUTED_DEFINITION_CONFLICT
R-HSA-176187	Activation of ATR in response to replication stress	37	37	37	37	36	22	OBSERVED_PROJECTION	OBSERVED_PROJECTION	14	NOT_COMPUTED_DEFINITION_CONFLICT
R-HSA-176407	Conversion from APC/C:Cdc20 to APC/C:Cdh1 in late anaphase	20	20	20	20	20	13	OBSERVED_PROJECTION	COMPLETE_MEMBERSHIP	7	NOT_COMPUTED_DEFINITION_CONFLICT
R-HSA-176408	Regulation of APC/C activators between G1/S and early anaphase	68	67	67	67	64	24	OBSERVED_PROJECTION	OBSERVED_PROJECTION	40	NOT_COMPUTED_DEFINITION_CONFLICT
R-HSA-176409	APC/C:Cdc20 mediated degradation of mitotic proteins	63	62	62	62	60	23	OBSERVED_PROJECTION	OBSERVED_PROJECTION	37	NOT_COMPUTED_DEFINITION_CONFLICT
R-HSA-176412	Phosphorylation of the APC/C	20	20	20	20	19	12	OBSERVED_PROJECTION	OBSERVED_PROJECTION	7	NOT_COMPUTED_DEFINITION_CONFLICT
R-HSA-176417	Phosphorylation of Emi1	6	6	6	6	5	2	OBSERVED_PROJECTION	OBSERVED_PROJECTION	3	NOT_COMPUTED_DEFINITION_CONFLICT
R-HSA-176814	Activation of APC/C and APC/C:Cdc20 mediated degradation of mitotic proteins	64	63	63	63	60	23	OBSERVED_PROJECTION	OBSERVED_PROJECTION	37	NOT_COMPUTED_DEFINITION_CONFLICT
R-HSA-176974	Unwinding of DNA	12	12	12	12	12	6	OBSERVED_PROJECTION	COMPLETE_MEMBERSHIP	6	NOT_COMPUTED_DEFINITION_CONFLICT
R-HSA-177128	Conjugation of salicylate with glycine	8	8	8	8	8	8	COMPLETE_MEMBERSHIP	COMPLETE_MEMBERSHIP	0	NOT_COMPUTED_DEFINITION_CONFLICT
R-HSA-177135	Conjugation of benzoate with glycine	6	6	6	6	6	6	COMPLETE_MEMBERSHIP	COMPLETE_MEMBERSHIP	0	NOT_COMPUTED_DEFINITION_CONFLICT
R-HSA-177162	Conjugation of phenylacetate with glutamine	2	2	2	2	2	2	COMPLETE_MEMBERSHIP	COMPLETE_MEMBERSHIP	0	NOT_COMPUTED_DEFINITION_CONFLICT
R-HSA-177243	Interactions of Rev with host cellular proteins	38	35	35	35	35	17	OBSERVED_PROJECTION	OBSERVED_PROJECTION	18	NOT_COMPUTED_DEFINITION_CONFLICT
R-HSA-177504	Retrograde neurotrophin signalling	14	14	14	14	14	14	COMPLETE_MEMBERSHIP	COMPLETE_MEMBERSHIP	0	NOT_COMPUTED_DEFINITION_CONFLICT
R-HSA-177539	Autointegration results in viral DNA circles	9	3	3	3	3	3	OBSERVED_PROJECTION	OBSERVED_PROJECTION	0	NOT_COMPUTED_DEFINITION_CONFLICT
R-HSA-177929	Signaling by EGFR	53	53	53	53	53	52	OBSERVED_PROJECTION	COMPLETE_MEMBERSHIP	1	NOT_COMPUTED_DEFINITION_CONFLICT
R-HSA-1793185	Chondroitin sulfate/dermatan sulfate metabolism	37	37	37	37	36	36	OBSERVED_PROJECTION	OBSERVED_PROJECTION	0	NOT_COMPUTED_DEFINITION_CONFLICT
R-HSA-179409	APC-Cdc20 mediated degradation of Nek2A	26	26	26	26	26	16	OBSERVED_PROJECTION	COMPLETE_MEMBERSHIP	10	NOT_COMPUTED_DEFINITION_CONFLICT
R-HSA-179419	APC:Cdc20 mediated degradation of cell cycle proteins prior to satisfation of the cell cycle checkpoint	61	60	60	60	58	21	OBSERVED_PROJECTION	OBSERVED_PROJECTION	37	NOT_COMPUTED_DEFINITION_CONFLICT
R-HSA-179812	GRB2 events in EGFR signaling	13	13	13	13	13	13	COMPLETE_MEMBERSHIP	COMPLETE_MEMBERSHIP	0	NOT_COMPUTED_DEFINITION_CONFLICT
R-HSA-1799339	SRP-dependent cotranslational protein targeting to membrane	117	110	110	110	107	36	OBSERVED_PROJECTION	OBSERVED_PROJECTION	71	NOT_COMPUTED_DEFINITION_CONFLICT
R-HSA-180024	DARPP-32 events	24	24	24	24	24	24	COMPLETE_MEMBERSHIP	COMPLETE_MEMBERSHIP	0	NOT_COMPUTED_DEFINITION_CONFLICT
R-HSA-180292	GAB1 signalosome	17	17	17	17	17	17	COMPLETE_MEMBERSHIP	COMPLETE_MEMBERSHIP	0	NOT_COMPUTED_DEFINITION_CONFLICT
R-HSA-180336	SHC1 events in EGFR signaling	14	14	14	14	14	14	COMPLETE_MEMBERSHIP	COMPLETE_MEMBERSHIP	0	NOT_COMPUTED_DEFINITION_CONFLICT
R-HSA-180534	Vpu mediated degradation of CD4	40	38	38	38	36	8	OBSERVED_PROJECTION	OBSERVED_PROJECTION	28	NOT_COMPUTED_DEFINITION_CONFLICT
R-HSA-180585	Vif-mediated degradation of APOBEC3G	42	38	38	38	36	9	OBSERVED_PROJECTION	OBSERVED_PROJECTION	27	NOT_COMPUTED_DEFINITION_CONFLICT
R-HSA-180689	APOBEC3G mediated resistance to HIV-1 infection	11	5	5	5	5	5	OBSERVED_PROJECTION	OBSERVED_PROJECTION	0	NOT_COMPUTED_DEFINITION_CONFLICT
R-HSA-180746	Nuclear import of Rev protein	35	32	32	32	32	15	OBSERVED_PROJECTION	OBSERVED_PROJECTION	17	NOT_COMPUTED_DEFINITION_CONFLICT
R-HSA-180786	Extension of Telomeres	51	50	50	50	47	25	OBSERVED_PROJECTION	OBSERVED_PROJECTION	22	NOT_COMPUTED_DEFINITION_CONFLICT
R-HSA-180897	Vpr-mediated induction of apoptosis by mitochondrial outer membrane permeabilization	4	3	3	3	3	3	OBSERVED_PROJECTION	OBSERVED_PROJECTION	0	NOT_COMPUTED_DEFINITION_CONFLICT
R-HSA-180910	Vpr-mediated nuclear import of PICs	40	32	32	32	32	17	OBSERVED_PROJECTION	OBSERVED_PROJECTION	15	NOT_COMPUTED_DEFINITION_CONFLICT
R-HSA-1810476	RIP-mediated NFkB activation via ZBP1	17	17	17	17	17	17	COMPLETE_MEMBERSHIP	COMPLETE_MEMBERSHIP	0	NOT_COMPUTED_DEFINITION_CONFLICT
R-HSA-181429	Serotonin Neurotransmitter Release Cycle	18	17	17	17	17	17	OBSERVED_PROJECTION	OBSERVED_PROJECTION	0	NOT_COMPUTED_DEFINITION_CONFLICT
R-HSA-181430	Norepinephrine Neurotransmitter Release Cycle	18	17	17	17	17	17	OBSERVED_PROJECTION	OBSERVED_PROJECTION	0	NOT_COMPUTED_DEFINITION_CONFLICT
R-HSA-181431	Acetylcholine binding and downstream events	14	14	14	14	14	14	COMPLETE_MEMBERSHIP	COMPLETE_MEMBERSHIP	0	NOT_COMPUTED_DEFINITION_CONFLICT
R-HSA-181438	Toll Like Receptor 2 (TLR2) Cascade	118	115	115	115	115	112	OBSERVED_PROJECTION	OBSERVED_PROJECTION	3	NOT_COMPUTED_DEFINITION_CONFLICT
R-HSA-182218	Nef Mediated CD8 Down-regulation	8	7	7	7	7	7	OBSERVED_PROJECTION	OBSERVED_PROJECTION	0	NOT_COMPUTED_DEFINITION_CONFLICT
R-HSA-182971	EGFR downregulation	31	31	31	31	31	30	OBSERVED_PROJECTION	COMPLETE_MEMBERSHIP	1	NOT_COMPUTED_DEFINITION_CONFLICT
R-HSA-1834941	STING mediated induction of host immune responses	16	13	13	13	13	11	OBSERVED_PROJECTION	OBSERVED_PROJECTION	2	NOT_COMPUTED_DEFINITION_CONFLICT
R-HSA-1834949	Cytosolic sensors of pathogen-associated DNA	64	61	61	61	61	54	OBSERVED_PROJECTION	OBSERVED_PROJECTION	7	NOT_COMPUTED_DEFINITION_CONFLICT
R-HSA-1839117	Signaling by cytosolic FGFR1 fusion mutants	18	17	17	17	17	17	OBSERVED_PROJECTION	OBSERVED_PROJECTION	0	NOT_COMPUTED_DEFINITION_CONFLICT
R-HSA-1839120	Signaling by FGFR1 amplification mutants	1	1	1	1	1	1	COMPLETE_MEMBERSHIP	COMPLETE_MEMBERSHIP	0	NOT_COMPUTED_DEFINITION_CONFLICT
R-HSA-1839122	Signaling by activated point mutants of FGFR1	11	11	11	11	11	11	COMPLETE_MEMBERSHIP	COMPLETE_MEMBERSHIP	0	NOT_COMPUTED_DEFINITION_CONFLICT
R-HSA-1839124	FGFR1 mutant receptor activation	31	30	30	30	30	30	OBSERVED_PROJECTION	OBSERVED_PROJECTION	0	NOT_COMPUTED_DEFINITION_CONFLICT
R-HSA-1839126	FGFR2 mutant receptor activation	33	32	32	32	32	23	OBSERVED_PROJECTION	OBSERVED_PROJECTION	9	NOT_COMPUTED_DEFINITION_CONFLICT
R-HSA-1839128	FGFR4 mutant receptor activation	1	1	1	1	1	1	COMPLETE_MEMBERSHIP	COMPLETE_MEMBERSHIP	0	NOT_COMPUTED_DEFINITION_CONFLICT
R-HSA-1839130	Signaling by activated point mutants of FGFR3	12	12	12	12	12	12	COMPLETE_MEMBERSHIP	COMPLETE_MEMBERSHIP	0	NOT_COMPUTED_DEFINITION_CONFLICT
R-HSA-1852241	Organelle biogenesis and maintenance	329	279	279	279	276	252	OBSERVED_PROJECTION	OBSERVED_PROJECTION	24	NOT_COMPUTED_DEFINITION_CONFLICT
R-HSA-1855167	Synthesis of pyrophosphates in the cytosol	10	10	10	10	10	9	OBSERVED_PROJECTION	COMPLETE_MEMBERSHIP	1	NOT_COMPUTED_DEFINITION_CONFLICT
R-HSA-1855170	IPs transport between nucleus and cytosol	30	28	28	28	28	13	OBSERVED_PROJECTION	OBSERVED_PROJECTION	15	NOT_COMPUTED_DEFINITION_CONFLICT
R-HSA-1855183	Synthesis of IP2, IP, and Ins in the cytosol	14	14	14	14	14	14	COMPLETE_MEMBERSHIP	COMPLETE_MEMBERSHIP	0	NOT_COMPUTED_DEFINITION_CONFLICT
R-HSA-1855191	Synthesis of IPs in the nucleus	4	4	4	4	4	3	OBSERVED_PROJECTION	COMPLETE_MEMBERSHIP	1	NOT_COMPUTED_DEFINITION_CONFLICT
R-HSA-1855196	IP3 and IP4 transport between cytosol and nucleus	30	28	28	28	28	13	OBSERVED_PROJECTION	OBSERVED_PROJECTION	15	NOT_COMPUTED_DEFINITION_CONFLICT
R-HSA-1855204	Synthesis of IP3 and IP4 in the cytosol	26	26	26	26	26	26	COMPLETE_MEMBERSHIP	COMPLETE_MEMBERSHIP	0	NOT_COMPUTED_DEFINITION_CONFLICT
R-HSA-1855229	IP6 and IP7 transport between cytosol and nucleus	30	28	28	28	28	13	OBSERVED_PROJECTION	OBSERVED_PROJECTION	15	NOT_COMPUTED_DEFINITION_CONFLICT
R-HSA-1855231	Synthesis of IPs in the ER lumen	1	1	1	1	1	1	COMPLETE_MEMBERSHIP	COMPLETE_MEMBERSHIP	0	NOT_COMPUTED_DEFINITION_CONFLICT
R-HSA-186712	Regulation of beta-cell development	42	42	42	42	42	42	COMPLETE_MEMBERSHIP	COMPLETE_MEMBERSHIP	0	NOT_COMPUTED_DEFINITION_CONFLICT
R-HSA-186763	Downstream signal transduction	29	29	29	29	29	29	COMPLETE_MEMBERSHIP	COMPLETE_MEMBERSHIP	0	NOT_COMPUTED_DEFINITION_CONFLICT
R-HSA-186797	Signaling by PDGF	58	58	58	58	58	58	COMPLETE_MEMBERSHIP	COMPLETE_MEMBERSHIP	0	NOT_COMPUTED_DEFINITION_CONFLICT
R-HSA-187015	Activation of TRKA receptors	6	6	6	6	6	6	COMPLETE_MEMBERSHIP	COMPLETE_MEMBERSHIP	0	NOT_COMPUTED_DEFINITION_CONFLICT
R-HSA-187024	NGF-independant TRKA activation	5	5	5	5	5	5	COMPLETE_MEMBERSHIP	COMPLETE_MEMBERSHIP	0	NOT_COMPUTED_DEFINITION_CONFLICT
R-HSA-187037	Signaling by NTRK1 (TRKA)	115	115	115	115	115	115	COMPLETE_MEMBERSHIP	COMPLETE_MEMBERSHIP	0	NOT_COMPUTED_DEFINITION_CONFLICT
R-HSA-187042	TRKA activation by NGF	2	2	2	2	2	2	COMPLETE_MEMBERSHIP	COMPLETE_MEMBERSHIP	0	NOT_COMPUTED_DEFINITION_CONFLICT
R-HSA-187577	SCF(Skp2)-mediated degradation of p27/p21	50	48	48	48	46	18	OBSERVED_PROJECTION	OBSERVED_PROJECTION	28	NOT_COMPUTED_DEFINITION_CONFLICT
R-HSA-187687	Signalling to ERKs	34	34	34	34	34	34	COMPLETE_MEMBERSHIP	COMPLETE_MEMBERSHIP	0	NOT_COMPUTED_DEFINITION_CONFLICT
R-HSA-187706	Signalling to p38 via RIT and RIN	5	5	5	5	5	5	COMPLETE_MEMBERSHIP	COMPLETE_MEMBERSHIP	0	NOT_COMPUTED_DEFINITION_CONFLICT
R-HSA-189085	Digestion of dietary carbohydrate	11	9	9	9	9	9	OBSERVED_PROJECTION	OBSERVED_PROJECTION	0	NOT_COMPUTED_DEFINITION_CONFLICT
R-HSA-189200	Cellular hexose transport	22	20	20	20	20	20	OBSERVED_PROJECTION	OBSERVED_PROJECTION	0	NOT_COMPUTED_DEFINITION_CONFLICT
R-HSA-189445	Metabolism of porphyrins	28	28	28	28	27	27	OBSERVED_PROJECTION	OBSERVED_PROJECTION	0	NOT_COMPUTED_DEFINITION_CONFLICT
R-HSA-189451	Heme biosynthesis	14	14	14	14	13	13	OBSERVED_PROJECTION	OBSERVED_PROJECTION	0	NOT_COMPUTED_DEFINITION_CONFLICT
R-HSA-189483	Heme degradation	16	16	16	16	16	16	COMPLETE_MEMBERSHIP	COMPLETE_MEMBERSHIP	0	NOT_COMPUTED_DEFINITION_CONFLICT
R-HSA-190236	Signaling by FGFR	91	87	87	87	87	77	OBSERVED_PROJECTION	OBSERVED_PROJECTION	10	NOT_COMPUTED_DEFINITION_CONFLICT
R-HSA-190239	FGFR3 ligand binding and activation	13	13	13	13	13	13	COMPLETE_MEMBERSHIP	COMPLETE_MEMBERSHIP	0	NOT_COMPUTED_DEFINITION_CONFLICT
R-HSA-190241	FGFR2 ligand binding and activation	20	20	20	20	20	20	COMPLETE_MEMBERSHIP	COMPLETE_MEMBERSHIP	0	NOT_COMPUTED_DEFINITION_CONFLICT
R-HSA-190242	FGFR1 ligand binding and activation	18	17	17	17	17	17	OBSERVED_PROJECTION	OBSERVED_PROJECTION	0	NOT_COMPUTED_DEFINITION_CONFLICT
R-HSA-190322	FGFR4 ligand binding and activation	14	14	14	14	14	14	COMPLETE_MEMBERSHIP	COMPLETE_MEMBERSHIP	0	NOT_COMPUTED_DEFINITION_CONFLICT
R-HSA-190370	FGFR1b ligand binding and activation	8	8	8	8	8	8	COMPLETE_MEMBERSHIP	COMPLETE_MEMBERSHIP	0	NOT_COMPUTED_DEFINITION_CONFLICT
R-HSA-190371	FGFR3b ligand binding and activation	7	7	7	7	7	7	COMPLETE_MEMBERSHIP	COMPLETE_MEMBERSHIP	0	NOT_COMPUTED_DEFINITION_CONFLICT
R-HSA-190372	FGFR3c ligand binding and activation	13	13	13	13	13	13	COMPLETE_MEMBERSHIP	COMPLETE_MEMBERSHIP	0	NOT_COMPUTED_DEFINITION_CONFLICT
R-HSA-190373	FGFR1c ligand binding and activation	14	13	13	13	13	13	OBSERVED_PROJECTION	OBSERVED_PROJECTION	0	NOT_COMPUTED_DEFINITION_CONFLICT
R-HSA-190374	FGFR1c and Klotho ligand binding and activation	3	3	3	3	3	3	COMPLETE_MEMBERSHIP	COMPLETE_MEMBERSHIP	0	NOT_COMPUTED_DEFINITION_CONFLICT
R-HSA-190375	FGFR2c ligand binding and activation	13	13	13	13	13	13	COMPLETE_MEMBERSHIP	COMPLETE_MEMBERSHIP	0	NOT_COMPUTED_DEFINITION_CONFLICT
R-HSA-190377	FGFR2b ligand binding and activation	10	10	10	10	10	10	COMPLETE_MEMBERSHIP	COMPLETE_MEMBERSHIP	0	NOT_COMPUTED_DEFINITION_CONFLICT
R-HSA-190704	Oligomerization of connexins into connexons	3	3	3	3	3	3	COMPLETE_MEMBERSHIP	COMPLETE_MEMBERSHIP	0	NOT_COMPUTED_DEFINITION_CONFLICT
R-HSA-190827	Transport of connexins along the secretory pathway	3	3	3	3	3	3	COMPLETE_MEMBERSHIP	COMPLETE_MEMBERSHIP	0	NOT_COMPUTED_DEFINITION_CONFLICT
R-HSA-190828	Gap junction trafficking	49	47	47	47	47	46	OBSERVED_PROJECTION	OBSERVED_PROJECTION	1	NOT_COMPUTED_DEFINITION_CONFLICT
R-HSA-190840	Microtubule-dependent trafficking of connexons from Golgi to the plasma membrane	20	18	18	18	18	18	OBSERVED_PROJECTION	OBSERVED_PROJECTION	0	NOT_COMPUTED_DEFINITION_CONFLICT
R-HSA-190861	Gap junction assembly	38	36	36	36	36	36	OBSERVED_PROJECTION	OBSERVED_PROJECTION	0	NOT_COMPUTED_DEFINITION_CONFLICT
R-HSA-190872	Transport of connexons to the plasma membrane	21	19	19	19	19	19	OBSERVED_PROJECTION	OBSERVED_PROJECTION	0	NOT_COMPUTED_DEFINITION_CONFLICT
R-HSA-190873	Gap junction degradation	12	12	12	12	12	11	OBSERVED_PROJECTION	COMPLETE_MEMBERSHIP	1	NOT_COMPUTED_DEFINITION_CONFLICT
R-HSA-1912399	Pre-NOTCH Processing in the Endoplasmic Reticulum	6	6	6	6	6	5	OBSERVED_PROJECTION	COMPLETE_MEMBERSHIP	1	NOT_COMPUTED_DEFINITION_CONFLICT
R-HSA-1912408	Pre-NOTCH Transcription and Translation	78	34	34	34	34	33	OBSERVED_PROJECTION	OBSERVED_PROJECTION	1	NOT_COMPUTED_DEFINITION_CONFLICT
R-HSA-1912420	Pre-NOTCH Processing in Golgi	18	18	18	18	18	17	OBSERVED_PROJECTION	COMPLETE_MEMBERSHIP	1	NOT_COMPUTED_DEFINITION_CONFLICT
R-HSA-1912422	Pre-NOTCH Expression and Processing	94	50	50	50	50	49	OBSERVED_PROJECTION	OBSERVED_PROJECTION	1	NOT_COMPUTED_DEFINITION_CONFLICT
R-HSA-191273	Cholesterol biosynthesis	27	26	26	26	26	26	OBSERVED_PROJECTION	OBSERVED_PROJECTION	0	NOT_COMPUTED_DEFINITION_CONFLICT
R-HSA-191650	Regulation of gap junction activity	4	3	3	3	3	3	OBSERVED_PROJECTION	OBSERVED_PROJECTION	0	NOT_COMPUTED_DEFINITION_CONFLICT
R-HSA-191859	snRNP Assembly	54	51	51	51	50	24	OBSERVED_PROJECTION	OBSERVED_PROJECTION	26	NOT_COMPUTED_DEFINITION_CONFLICT
R-HSA-192105	Synthesis of bile acids and bile salts	34	34	34	34	34	34	COMPLETE_MEMBERSHIP	COMPLETE_MEMBERSHIP	0	NOT_COMPUTED_DEFINITION_CONFLICT
R-HSA-192456	Digestion of dietary lipid	7	7	7	7	7	7	COMPLETE_MEMBERSHIP	COMPLETE_MEMBERSHIP	0	NOT_COMPUTED_DEFINITION_CONFLICT
R-HSA-192814	vRNA Synthesis	6	1	1	1	1	1	OBSERVED_PROJECTION	OBSERVED_PROJECTION	0	NOT_COMPUTED_DEFINITION_CONFLICT
R-HSA-192823	Viral mRNA Translation	102	90	90	90	87	20	OBSERVED_PROJECTION	OBSERVED_PROJECTION	67	NOT_COMPUTED_DEFINITION_CONFLICT
R-HSA-192869	cRNA Synthesis	5	0	0	0	0	0	NO_SUPPORT	NO_SUPPORT	0	NOT_COMPUTED_DEFINITION_CONFLICT
R-HSA-192905	vRNP Assembly	7	2	2	2	2	2	OBSERVED_PROJECTION	OBSERVED_PROJECTION	0	NOT_COMPUTED_DEFINITION_CONFLICT
R-HSA-193048	Androgen biosynthesis	11	11	11	11	11	11	COMPLETE_MEMBERSHIP	COMPLETE_MEMBERSHIP	0	NOT_COMPUTED_DEFINITION_CONFLICT
R-HSA-193144	Estrogen biosynthesis	6	6	6	6	6	6	COMPLETE_MEMBERSHIP	COMPLETE_MEMBERSHIP	0	NOT_COMPUTED_DEFINITION_CONFLICT
R-HSA-193368	Synthesis of bile acids and bile salts via 7alpha-hydroxycholesterol	23	23	23	23	23	23	COMPLETE_MEMBERSHIP	COMPLETE_MEMBERSHIP	0	NOT_COMPUTED_DEFINITION_CONFLICT
R-HSA-193634	Axonal growth inhibition (RHOA activation)	9	9	9	9	9	9	COMPLETE_MEMBERSHIP	COMPLETE_MEMBERSHIP	0	NOT_COMPUTED_DEFINITION_CONFLICT
R-HSA-193639	p75NTR signals via NF-kB	16	16	16	16	16	15	OBSERVED_PROJECTION	COMPLETE_MEMBERSHIP	1	NOT_COMPUTED_DEFINITION_CONFLICT
R-HSA-193648	NRAGE signals death through JNK	59	59	59	59	59	57	OBSERVED_PROJECTION	COMPLETE_MEMBERSHIP	2	NOT_COMPUTED_DEFINITION_CONFLICT
R-HSA-193670	p75NTR negatively regulates cell cycle via SC1	6	6	6	6	6	6	COMPLETE_MEMBERSHIP	COMPLETE_MEMBERSHIP	0	NOT_COMPUTED_DEFINITION_CONFLICT
R-HSA-193681	Ceramide signalling	3	3	3	3	3	3	COMPLETE_MEMBERSHIP	COMPLETE_MEMBERSHIP	0	NOT_COMPUTED_DEFINITION_CONFLICT
R-HSA-193692	Regulated proteolysis of p75NTR	11	11	11	11	11	11	COMPLETE_MEMBERSHIP	COMPLETE_MEMBERSHIP	0	NOT_COMPUTED_DEFINITION_CONFLICT
R-HSA-193697	p75NTR regulates axonogenesis	10	10	10	10	10	10	COMPLETE_MEMBERSHIP	COMPLETE_MEMBERSHIP	0	NOT_COMPUTED_DEFINITION_CONFLICT
R-HSA-193704	p75 NTR receptor-mediated signalling	98	97	97	97	97	94	OBSERVED_PROJECTION	OBSERVED_PROJECTION	3	NOT_COMPUTED_DEFINITION_CONFLICT
R-HSA-193775	Synthesis of bile acids and bile salts via 24-hydroxycholesterol	13	13	13	13	13	13	COMPLETE_MEMBERSHIP	COMPLETE_MEMBERSHIP	0	NOT_COMPUTED_DEFINITION_CONFLICT
R-HSA-193807	Synthesis of bile acids and bile salts via 27-hydroxycholesterol	14	14	14	14	14	14	COMPLETE_MEMBERSHIP	COMPLETE_MEMBERSHIP	0	NOT_COMPUTED_DEFINITION_CONFLICT
R-HSA-193993	Mineralocorticoid biosynthesis	6	6	6	6	6	6	COMPLETE_MEMBERSHIP	COMPLETE_MEMBERSHIP	0	NOT_COMPUTED_DEFINITION_CONFLICT
R-HSA-194002	Glucocorticoid biosynthesis	10	10	10	10	10	10	COMPLETE_MEMBERSHIP	COMPLETE_MEMBERSHIP	0	NOT_COMPUTED_DEFINITION_CONFLICT
R-HSA-194068	Bile acid and bile salt metabolism	45	45	45	45	45	45	COMPLETE_MEMBERSHIP	COMPLETE_MEMBERSHIP	0	NOT_COMPUTED_DEFINITION_CONFLICT
R-HSA-194138	Signaling by VEGF	108	105	105	104	104	103	OBSERVED_PROJECTION	OBSERVED_PROJECTION	1	NOT_COMPUTED_DEFINITION_CONFLICT
R-HSA-194306	Neuropilin interactions with VEGF and VEGFR	4	4	4	4	4	4	COMPLETE_MEMBERSHIP	COMPLETE_MEMBERSHIP	0	NOT_COMPUTED_DEFINITION_CONFLICT
R-HSA-194313	VEGF ligand-receptor interactions	8	7	7	7	7	7	OBSERVED_PROJECTION	OBSERVED_PROJECTION	0	NOT_COMPUTED_DEFINITION_CONFLICT
R-HSA-194315	Signaling by Rho GTPases	673	624	624	624	616	564	OBSERVED_PROJECTION	OBSERVED_PROJECTION	52	NOT_COMPUTED_DEFINITION_CONFLICT
R-HSA-194441	Metabolism of non-coding RNA	54	51	51	51	50	24	OBSERVED_PROJECTION	OBSERVED_PROJECTION	26	NOT_COMPUTED_DEFINITION_CONFLICT
R-HSA-195253	Degradation of beta-catenin by the destruction complex	72	70	70	70	67	38	OBSERVED_PROJECTION	OBSERVED_PROJECTION	29	NOT_COMPUTED_DEFINITION_CONFLICT
R-HSA-195258	RHO GTPase Effectors	292	256	256	256	250	216	OBSERVED_PROJECTION	OBSERVED_PROJECTION	34	NOT_COMPUTED_DEFINITION_CONFLICT
R-HSA-195399	VEGF binds to VEGFR leading to receptor dimerization	8	7	7	7	7	7	OBSERVED_PROJECTION	OBSERVED_PROJECTION	0	NOT_COMPUTED_DEFINITION_CONFLICT
R-HSA-195721	Signaling by WNT	289	257	257	257	252	217	OBSERVED_PROJECTION	OBSERVED_PROJECTION	35	NOT_COMPUTED_DEFINITION_CONFLICT
R-HSA-196025	Formation of annular gap junctions	11	11	11	11	11	10	OBSERVED_PROJECTION	COMPLETE_MEMBERSHIP	1	NOT_COMPUTED_DEFINITION_CONFLICT
R-HSA-196071	Metabolism of steroid hormones	36	34	34	34	34	34	OBSERVED_PROJECTION	OBSERVED_PROJECTION	0	NOT_COMPUTED_DEFINITION_CONFLICT
R-HSA-196108	Pregnenolone biosynthesis	12	10	10	10	10	10	OBSERVED_PROJECTION	OBSERVED_PROJECTION	0	NOT_COMPUTED_DEFINITION_CONFLICT
R-HSA-196299	Beta-catenin phosphorylation cascade	17	17	17	17	16	16	OBSERVED_PROJECTION	OBSERVED_PROJECTION	0	NOT_COMPUTED_DEFINITION_CONFLICT
R-HSA-1963640	GRB2 events in ERBB2 signaling	16	16	16	16	16	16	COMPLETE_MEMBERSHIP	COMPLETE_MEMBERSHIP	0	NOT_COMPUTED_DEFINITION_CONFLICT
R-HSA-1963642	PI3K events in ERBB2 signaling	16	16	16	16	16	16	COMPLETE_MEMBERSHIP	COMPLETE_MEMBERSHIP	0	NOT_COMPUTED_DEFINITION_CONFLICT
R-HSA-196741	Cobalamin (Cbl, vitamin B12) transport and metabolism	22	20	20	20	20	19	OBSERVED_PROJECTION	OBSERVED_PROJECTION	1	NOT_COMPUTED_DEFINITION_CONFLICT
R-HSA-196757	Metabolism of folate and pterines	17	16	16	16	16	16	OBSERVED_PROJECTION	OBSERVED_PROJECTION	0	NOT_COMPUTED_DEFINITION_CONFLICT
R-HSA-196780	Biotin transport and metabolism	11	11	11	11	11	11	COMPLETE_MEMBERSHIP	COMPLETE_MEMBERSHIP	0	NOT_COMPUTED_DEFINITION_CONFLICT
R-HSA-196783	Coenzyme A biosynthesis	7	7	7	7	7	7	COMPLETE_MEMBERSHIP	COMPLETE_MEMBERSHIP	0	NOT_COMPUTED_DEFINITION_CONFLICT
R-HSA-196791	Vitamin D (calciferol) metabolism	12	12	12	12	12	9	OBSERVED_PROJECTION	COMPLETE_MEMBERSHIP	3	NOT_COMPUTED_DEFINITION_CONFLICT
R-HSA-196807	Nicotinate metabolism	29	26	26	26	25	25	OBSERVED_PROJECTION	OBSERVED_PROJECTION	0	NOT_COMPUTED_DEFINITION_CONFLICT
R-HSA-196819	Vitamin B1 (thiamin) metabolism	5	5	5	5	5	4	OBSERVED_PROJECTION	COMPLETE_MEMBERSHIP	1	NOT_COMPUTED_DEFINITION_CONFLICT
R-HSA-196836	Vitamin C (ascorbate) metabolism	8	8	8	8	8	8	COMPLETE_MEMBERSHIP	COMPLETE_MEMBERSHIP	0	NOT_COMPUTED_DEFINITION_CONFLICT
R-HSA-196843	Vitamin B2 (riboflavin) metabolism	7	7	7	7	7	7	COMPLETE_MEMBERSHIP	COMPLETE_MEMBERSHIP	0	NOT_COMPUTED_DEFINITION_CONFLICT
R-HSA-196849	Metabolism of water-soluble vitamins and cofactors	125	119	119	119	118	114	OBSERVED_PROJECTION	OBSERVED_PROJECTION	4	NOT_COMPUTED_DEFINITION_CONFLICT
R-HSA-196854	Metabolism of vitamins and cofactors	196	187	187	187	185	181	OBSERVED_PROJECTION	OBSERVED_PROJECTION	4	NOT_COMPUTED_DEFINITION_CONFLICT
R-HSA-1971475	Glycosaminoglycan-protein linkage region biosynthesis	29	28	28	28	28	28	OBSERVED_PROJECTION	OBSERVED_PROJECTION	0	NOT_COMPUTED_DEFINITION_CONFLICT
R-HSA-1980143	Signaling by NOTCH1	74	73	73	73	73	69	OBSERVED_PROJECTION	OBSERVED_PROJECTION	4	NOT_COMPUTED_DEFINITION_CONFLICT
R-HSA-1980145	Signaling by NOTCH2	36	32	32	32	32	31	OBSERVED_PROJECTION	OBSERVED_PROJECTION	1	NOT_COMPUTED_DEFINITION_CONFLICT
R-HSA-198203	PI3K/AKT activation	9	9	9	9	9	9	COMPLETE_MEMBERSHIP	COMPLETE_MEMBERSHIP	0	NOT_COMPUTED_DEFINITION_CONFLICT
R-HSA-198323	AKT phosphorylates targets in the cytosol	14	14	14	14	14	14	COMPLETE_MEMBERSHIP	COMPLETE_MEMBERSHIP	0	NOT_COMPUTED_DEFINITION_CONFLICT
R-HSA-198693	AKT phosphorylates targets in the nucleus	10	10	10	10	10	10	COMPLETE_MEMBERSHIP	COMPLETE_MEMBERSHIP	0	NOT_COMPUTED_DEFINITION_CONFLICT
R-HSA-198725	Nuclear Events (kinase and transcription factor activation)	61	61	61	61	61	61	COMPLETE_MEMBERSHIP	COMPLETE_MEMBERSHIP	0	NOT_COMPUTED_DEFINITION_CONFLICT
R-HSA-198745	Signalling to STAT3	3	3	3	3	3	3	COMPLETE_MEMBERSHIP	COMPLETE_MEMBERSHIP	0	NOT_COMPUTED_DEFINITION_CONFLICT
R-HSA-198753	ERK/MAPK targets	22	22	22	22	22	22	COMPLETE_MEMBERSHIP	COMPLETE_MEMBERSHIP	0	NOT_COMPUTED_DEFINITION_CONFLICT
R-HSA-198765	Signalling to ERK5	2	2	2	2	2	2	COMPLETE_MEMBERSHIP	COMPLETE_MEMBERSHIP	0	NOT_COMPUTED_DEFINITION_CONFLICT
R-HSA-198933	Immunoregulatory interactions between a Lymphoid and a non-Lymphoid cell	223	127	127	127	126	123	OBSERVED_PROJECTION	OBSERVED_PROJECTION	3	NOT_COMPUTED_DEFINITION_CONFLICT
R-HSA-1989781	PPARA activates gene expression	117	116	116	116	115	102	OBSERVED_PROJECTION	OBSERVED_PROJECTION	13	NOT_COMPUTED_DEFINITION_CONFLICT
R-HSA-199220	Vitamin B5 (pantothenate) metabolism	20	20	20	20	20	19	OBSERVED_PROJECTION	COMPLETE_MEMBERSHIP	1	NOT_COMPUTED_DEFINITION_CONFLICT
R-HSA-199418	Negative regulation of the PI3K/AKT network	121	121	121	121	120	120	OBSERVED_PROJECTION	OBSERVED_PROJECTION	0	NOT_COMPUTED_DEFINITION_CONFLICT
R-HSA-199920	CREB phosphorylation	7	7	7	7	7	7	COMPLETE_MEMBERSHIP	COMPLETE_MEMBERSHIP	0	NOT_COMPUTED_DEFINITION_CONFLICT
R-HSA-199977	ER to Golgi Anterograde Transport	156	154	154	154	154	136	OBSERVED_PROJECTION	OBSERVED_PROJECTION	18	NOT_COMPUTED_DEFINITION_CONFLICT
R-HSA-199991	Membrane Trafficking	634	625	624	624	621	583	OBSERVED_PROJECTION	OBSERVED_PROJECTION	38	NOT_COMPUTED_DEFINITION_CONFLICT
R-HSA-199992	trans-Golgi Network Vesicle Budding	72	72	72	72	72	68	OBSERVED_PROJECTION	COMPLETE_MEMBERSHIP	4	NOT_COMPUTED_DEFINITION_CONFLICT
R-HSA-200425	Carnitine shuttle	14	14	14	14	14	14	COMPLETE_MEMBERSHIP	COMPLETE_MEMBERSHIP	0	NOT_COMPUTED_DEFINITION_CONFLICT
R-HSA-201451	Signaling by BMP	31	31	31	31	31	31	COMPLETE_MEMBERSHIP	COMPLETE_MEMBERSHIP	0	NOT_COMPUTED_DEFINITION_CONFLICT
R-HSA-201556	Signaling by ALK	30	28	28	28	28	28	OBSERVED_PROJECTION	OBSERVED_PROJECTION	0	NOT_COMPUTED_DEFINITION_CONFLICT
R-HSA-201681	TCF dependent signaling in response to WNT	191	161	161	161	157	124	OBSERVED_PROJECTION	OBSERVED_PROJECTION	33	NOT_COMPUTED_DEFINITION_CONFLICT
R-HSA-201688	WNT mediated activation of DVL	8	8	8	8	8	8	COMPLETE_MEMBERSHIP	COMPLETE_MEMBERSHIP	0	NOT_COMPUTED_DEFINITION_CONFLICT
R-HSA-201722	Formation of the beta-catenin:TCF transactivating complex	62	33	33	33	33	29	OBSERVED_PROJECTION	OBSERVED_PROJECTION	4	NOT_COMPUTED_DEFINITION_CONFLICT
R-HSA-202040	G-protein activation	24	24	24	24	24	24	COMPLETE_MEMBERSHIP	COMPLETE_MEMBERSHIP	0	NOT_COMPUTED_DEFINITION_CONFLICT
R-HSA-202131	Metabolism of nitric oxide: NOS3 activation and regulation	17	17	17	17	17	17	COMPLETE_MEMBERSHIP	COMPLETE_MEMBERSHIP	0	NOT_COMPUTED_DEFINITION_CONFLICT
R-HSA-2022090	Assembly of collagen fibrils and other multimeric structures	61	61	61	61	61	61	COMPLETE_MEMBERSHIP	COMPLETE_MEMBERSHIP	0	NOT_COMPUTED_DEFINITION_CONFLICT
R-HSA-2022377	Metabolism of Angiotensinogen to Angiotensins	17	17	17	17	17	17	COMPLETE_MEMBERSHIP	COMPLETE_MEMBERSHIP	0	NOT_COMPUTED_DEFINITION_CONFLICT
R-HSA-2022854	Keratan sulfate biosynthesis	29	28	28	28	28	28	OBSERVED_PROJECTION	OBSERVED_PROJECTION	0	NOT_COMPUTED_DEFINITION_CONFLICT
R-HSA-2022857	Keratan sulfate degradation	15	15	15	15	15	15	COMPLETE_MEMBERSHIP	COMPLETE_MEMBERSHIP	0	NOT_COMPUTED_DEFINITION_CONFLICT
R-HSA-2022870	CS-GAG biosynthesis	21	21	21	21	21	21	COMPLETE_MEMBERSHIP	COMPLETE_MEMBERSHIP	0	NOT_COMPUTED_DEFINITION_CONFLICT
R-HSA-2022923	DS-GAG biosynthesis	12	12	12	12	12	12	COMPLETE_MEMBERSHIP	COMPLETE_MEMBERSHIP	0	NOT_COMPUTED_DEFINITION_CONFLICT
R-HSA-2022928	HS-GAG biosynthesis	33	33	33	33	33	33	COMPLETE_MEMBERSHIP	COMPLETE_MEMBERSHIP	0	NOT_COMPUTED_DEFINITION_CONFLICT
R-HSA-2023837	Signaling by FGFR2 amplification mutants	1	1	1	1	1	1	COMPLETE_MEMBERSHIP	COMPLETE_MEMBERSHIP	0	NOT_COMPUTED_DEFINITION_CONFLICT
R-HSA-202403	TCR signaling	113	102	102	102	100	72	OBSERVED_PROJECTION	OBSERVED_PROJECTION	28	NOT_COMPUTED_DEFINITION_CONFLICT
R-HSA-2024096	HS-GAG degradation	20	20	20	20	20	20	COMPLETE_MEMBERSHIP	COMPLETE_MEMBERSHIP	0	NOT_COMPUTED_DEFINITION_CONFLICT
R-HSA-2024101	CS/DS degradation	20	20	20	20	19	19	OBSERVED_PROJECTION	OBSERVED_PROJECTION	0	NOT_COMPUTED_DEFINITION_CONFLICT
R-HSA-202424	Downstream TCR signaling	91	81	81	81	79	51	OBSERVED_PROJECTION	OBSERVED_PROJECTION	28	NOT_COMPUTED_DEFINITION_CONFLICT
R-HSA-202427	Phosphorylation of CD3 and TCR zeta chains	29	20	20	20	20	20	OBSERVED_PROJECTION	OBSERVED_PROJECTION	0	NOT_COMPUTED_DEFINITION_CONFLICT
R-HSA-202430	Translocation of ZAP-70 to Immunological synapse	26	17	17	17	17	17	OBSERVED_PROJECTION	OBSERVED_PROJECTION	0	NOT_COMPUTED_DEFINITION_CONFLICT
R-HSA-202433	Generation of second messenger molecules	41	31	31	31	31	31	OBSERVED_PROJECTION	OBSERVED_PROJECTION	0	NOT_COMPUTED_DEFINITION_CONFLICT
R-HSA-2025928	Calcineurin activates NFAT	9	9	9	9	9	9	COMPLETE_MEMBERSHIP	COMPLETE_MEMBERSHIP	0	NOT_COMPUTED_DEFINITION_CONFLICT
R-HSA-202670	ERKs are inactivated	13	13	13	13	13	13	COMPLETE_MEMBERSHIP	COMPLETE_MEMBERSHIP	0	NOT_COMPUTED_DEFINITION_CONFLICT
R-HSA-202733	Cell surface interactions at the vascular wall	233	128	128	128	128	126	OBSERVED_PROJECTION	OBSERVED_PROJECTION	2	NOT_COMPUTED_DEFINITION_CONFLICT
R-HSA-2028269	Signaling by Hippo	20	20	20	20	20	20	COMPLETE_MEMBERSHIP	COMPLETE_MEMBERSHIP	0	NOT_COMPUTED_DEFINITION_CONFLICT
R-HSA-2029480	Fcgamma receptor (FCGR) dependent phagocytosis	168	84	84	84	84	83	OBSERVED_PROJECTION	OBSERVED_PROJECTION	1	NOT_COMPUTED_DEFINITION_CONFLICT
R-HSA-2029481	FCGR activation	94	12	12	12	12	12	OBSERVED_PROJECTION	OBSERVED_PROJECTION	0	NOT_COMPUTED_DEFINITION_CONFLICT
R-HSA-2029482	Regulation of actin dynamics for phagocytic cup formation	143	61	61	61	61	60	OBSERVED_PROJECTION	OBSERVED_PROJECTION	1	NOT_COMPUTED_DEFINITION_CONFLICT
R-HSA-2029485	Role of phospholipids in phagocytosis	107	23	23	23	23	23	OBSERVED_PROJECTION	OBSERVED_PROJECTION	0	NOT_COMPUTED_DEFINITION_CONFLICT
R-HSA-2032785	YAP1- and WWTR1 (TAZ)-stimulated gene expression	15	14	14	14	14	14	OBSERVED_PROJECTION	OBSERVED_PROJECTION	0	NOT_COMPUTED_DEFINITION_CONFLICT
R-HSA-2033514	FGFR3 mutant receptor activation	12	12	12	12	12	12	COMPLETE_MEMBERSHIP	COMPLETE_MEMBERSHIP	0	NOT_COMPUTED_DEFINITION_CONFLICT
R-HSA-2033515	t(4;14) translocations of FGFR3	1	1	1	1	1	1	COMPLETE_MEMBERSHIP	COMPLETE_MEMBERSHIP	0	NOT_COMPUTED_DEFINITION_CONFLICT
R-HSA-2033519	Activated point mutants of FGFR2	17	17	17	17	17	17	COMPLETE_MEMBERSHIP	COMPLETE_MEMBERSHIP	0	NOT_COMPUTED_DEFINITION_CONFLICT
R-HSA-203615	eNOS activation	13	13	13	13	13	13	COMPLETE_MEMBERSHIP	COMPLETE_MEMBERSHIP	0	NOT_COMPUTED_DEFINITION_CONFLICT
R-HSA-203641	NOSTRIN mediated eNOS trafficking	5	5	5	5	5	5	COMPLETE_MEMBERSHIP	COMPLETE_MEMBERSHIP	0	NOT_COMPUTED_DEFINITION_CONFLICT
R-HSA-203754	NOSIP mediated eNOS trafficking	2	2	2	2	2	2	COMPLETE_MEMBERSHIP	COMPLETE_MEMBERSHIP	0	NOT_COMPUTED_DEFINITION_CONFLICT
R-HSA-203927	MicroRNA (miRNA) biogenesis	26	23	23	23	23	14	OBSERVED_PROJECTION	OBSERVED_PROJECTION	9	NOT_COMPUTED_DEFINITION_CONFLICT
R-HSA-204005	COPII-mediated vesicle transport	69	69	69	69	69	64	OBSERVED_PROJECTION	COMPLETE_MEMBERSHIP	5	NOT_COMPUTED_DEFINITION_CONFLICT
R-HSA-204174	Regulation of pyruvate dehydrogenase (PDH) complex	15	15	15	15	15	14	OBSERVED_PROJECTION	COMPLETE_MEMBERSHIP	1	NOT_COMPUTED_DEFINITION_CONFLICT
R-HSA-2046104	alpha-linolenic (omega3) and linoleic (omega6) acid metabolism	13	13	13	13	13	13	COMPLETE_MEMBERSHIP	COMPLETE_MEMBERSHIP	0	NOT_COMPUTED_DEFINITION_CONFLICT
R-HSA-2046105	Linoleic acid (LA) metabolism	8	8	8	8	8	8	COMPLETE_MEMBERSHIP	COMPLETE_MEMBERSHIP	0	NOT_COMPUTED_DEFINITION_CONFLICT
R-HSA-2046106	alpha-linolenic acid (ALA) metabolism	13	13	13	13	13	13	COMPLETE_MEMBERSHIP	COMPLETE_MEMBERSHIP	0	NOT_COMPUTED_DEFINITION_CONFLICT
R-HSA-204626	Hypusine synthesis from eIF5A-lysine	4	4	4	4	4	4	COMPLETE_MEMBERSHIP	COMPLETE_MEMBERSHIP	0	NOT_COMPUTED_DEFINITION_CONFLICT
R-HSA-204998	Cell death signalling via NRAGE, NRIF and NADE	76	75	75	75	75	72	OBSERVED_PROJECTION	OBSERVED_PROJECTION	3	NOT_COMPUTED_DEFINITION_CONFLICT
R-HSA-205017	NFG and proNGF binds to p75NTR	3	3	3	3	3	3	COMPLETE_MEMBERSHIP	COMPLETE_MEMBERSHIP	0	NOT_COMPUTED_DEFINITION_CONFLICT
R-HSA-205025	NADE modulates death signalling	6	5	5	5	5	5	OBSERVED_PROJECTION	OBSERVED_PROJECTION	0	NOT_COMPUTED_DEFINITION_CONFLICT
R-HSA-205043	NRIF signals cell death from the nucleus	16	16	16	16	16	15	OBSERVED_PROJECTION	COMPLETE_MEMBERSHIP	1	NOT_COMPUTED_DEFINITION_CONFLICT
R-HSA-209543	p75NTR recruits signalling complexes	13	13	13	13	13	12	OBSERVED_PROJECTION	COMPLETE_MEMBERSHIP	1	NOT_COMPUTED_DEFINITION_CONFLICT
R-HSA-209560	NF-kB is activated and signals survival	13	13	13	13	13	12	OBSERVED_PROJECTION	COMPLETE_MEMBERSHIP	1	NOT_COMPUTED_DEFINITION_CONFLICT
R-HSA-209563	Axonal growth stimulation	4	4	4	4	4	4	COMPLETE_MEMBERSHIP	COMPLETE_MEMBERSHIP	0	NOT_COMPUTED_DEFINITION_CONFLICT
R-HSA-209776	Metabolism of amine-derived hormones	22	22	22	22	22	22	COMPLETE_MEMBERSHIP	COMPLETE_MEMBERSHIP	0	NOT_COMPUTED_DEFINITION_CONFLICT
R-HSA-209822	Glycoprotein hormones	10	9	9	9	9	9	OBSERVED_PROJECTION	OBSERVED_PROJECTION	0	NOT_COMPUTED_DEFINITION_CONFLICT
R-HSA-209905	Catecholamine biosynthesis	4	4	4	4	4	4	COMPLETE_MEMBERSHIP	COMPLETE_MEMBERSHIP	0	NOT_COMPUTED_DEFINITION_CONFLICT
R-HSA-209931	Serotonin and melatonin biosynthesis	5	5	5	5	5	5	COMPLETE_MEMBERSHIP	COMPLETE_MEMBERSHIP	0	NOT_COMPUTED_DEFINITION_CONFLICT
R-HSA-209952	Peptide hormone biosynthesis	12	11	11	11	11	11	OBSERVED_PROJECTION	OBSERVED_PROJECTION	0	NOT_COMPUTED_DEFINITION_CONFLICT
R-HSA-209968	Thyroxine biosynthesis	14	14	14	14	14	14	COMPLETE_MEMBERSHIP	COMPLETE_MEMBERSHIP	0	NOT_COMPUTED_DEFINITION_CONFLICT
R-HSA-210455	Astrocytic Glutamate-Glutamine Uptake And Metabolism	4	4	4	4	4	4	COMPLETE_MEMBERSHIP	COMPLETE_MEMBERSHIP	0	NOT_COMPUTED_DEFINITION_CONFLICT
R-HSA-210500	Glutamate Neurotransmitter Release Cycle	24	23	23	23	23	23	OBSERVED_PROJECTION	OBSERVED_PROJECTION	0	NOT_COMPUTED_DEFINITION_CONFLICT
R-HSA-210744	Regulation of gene expression in late stage (branching morphogenesis) pancreatic bud precursor cells	16	16	16	16	16	16	COMPLETE_MEMBERSHIP	COMPLETE_MEMBERSHIP	0	NOT_COMPUTED_DEFINITION_CONFLICT
R-HSA-210745	Regulation of gene expression in beta cells	21	21	21	21	21	21	COMPLETE_MEMBERSHIP	COMPLETE_MEMBERSHIP	0	NOT_COMPUTED_DEFINITION_CONFLICT
R-HSA-210746	Regulation of gene expression in endocrine-committed (NEUROG3+) progenitor cells	5	5	5	5	5	5	COMPLETE_MEMBERSHIP	COMPLETE_MEMBERSHIP	0	NOT_COMPUTED_DEFINITION_CONFLICT
R-HSA-210747	Regulation of gene expression in early pancreatic precursor cells	8	8	8	8	8	8	COMPLETE_MEMBERSHIP	COMPLETE_MEMBERSHIP	0	NOT_COMPUTED_DEFINITION_CONFLICT
R-HSA-210990	PECAM1 interactions	12	12	12	12	12	12	COMPLETE_MEMBERSHIP	COMPLETE_MEMBERSHIP	0	NOT_COMPUTED_DEFINITION_CONFLICT
R-HSA-210991	Basigin interactions	25	25	25	25	25	24	OBSERVED_PROJECTION	COMPLETE_MEMBERSHIP	1	NOT_COMPUTED_DEFINITION_CONFLICT
R-HSA-210993	Tie2 Signaling	18	18	18	18	18	18	COMPLETE_MEMBERSHIP	COMPLETE_MEMBERSHIP	0	NOT_COMPUTED_DEFINITION_CONFLICT
R-HSA-211000	Gene Silencing by RNA	104	48	48	47	47	38	OBSERVED_PROJECTION	OBSERVED_PROJECTION	9	NOT_COMPUTED_DEFINITION_CONFLICT
R-HSA-211163	AKT-mediated inactivation of FOXO1A	4	4	4	4	4	4	COMPLETE_MEMBERSHIP	COMPLETE_MEMBERSHIP	0	NOT_COMPUTED_DEFINITION_CONFLICT
R-HSA-211728	Regulation of PAK-2p34 activity by PS-GAP/RHG10	2	2	2	2	2	2	COMPLETE_MEMBERSHIP	COMPLETE_MEMBERSHIP	0	NOT_COMPUTED_DEFINITION_CONFLICT
R-HSA-211733	Regulation of activated PAK-2p34 by proteasome mediated degradation	37	36	36	36	34	8	OBSERVED_PROJECTION	OBSERVED_PROJECTION	26	NOT_COMPUTED_DEFINITION_CONFLICT
R-HSA-211736	Stimulation of the cell death response by PAK-2p34	2	2	2	2	2	2	COMPLETE_MEMBERSHIP	COMPLETE_MEMBERSHIP	0	NOT_COMPUTED_DEFINITION_CONFLICT
R-HSA-211859	Biological oxidations	217	207	206	205	204	202	OBSERVED_PROJECTION	OBSERVED_PROJECTION	2	NOT_COMPUTED_DEFINITION_CONFLICT
R-HSA-211897	Cytochrome P450 - arranged by substrate type	66	65	65	65	65	65	OBSERVED_PROJECTION	OBSERVED_PROJECTION	0	NOT_COMPUTED_DEFINITION_CONFLICT
R-HSA-211916	Vitamins	6	6	6	6	6	6	COMPLETE_MEMBERSHIP	COMPLETE_MEMBERSHIP	0	NOT_COMPUTED_DEFINITION_CONFLICT
R-HSA-211935	Fatty acids	16	16	16	16	16	16	COMPLETE_MEMBERSHIP	COMPLETE_MEMBERSHIP	0	NOT_COMPUTED_DEFINITION_CONFLICT
R-HSA-211945	Phase I - Functionalization of compounds	105	102	102	102	102	102	OBSERVED_PROJECTION	OBSERVED_PROJECTION	0	NOT_COMPUTED_DEFINITION_CONFLICT
R-HSA-211957	Aromatic amines can be N-hydroxylated or N-dealkylated by CYP1A2	1	1	1	1	1	1	COMPLETE_MEMBERSHIP	COMPLETE_MEMBERSHIP	0	NOT_COMPUTED_DEFINITION_CONFLICT
R-HSA-211958	Miscellaneous substrates	12	12	12	12	12	12	COMPLETE_MEMBERSHIP	COMPLETE_MEMBERSHIP	0	NOT_COMPUTED_DEFINITION_CONFLICT
R-HSA-211976	Endogenous sterols	26	25	25	25	25	25	OBSERVED_PROJECTION	OBSERVED_PROJECTION	0	NOT_COMPUTED_DEFINITION_CONFLICT
R-HSA-211979	Eicosanoids	12	12	12	12	12	12	COMPLETE_MEMBERSHIP	COMPLETE_MEMBERSHIP	0	NOT_COMPUTED_DEFINITION_CONFLICT
R-HSA-211981	Xenobiotics	24	24	24	24	24	24	COMPLETE_MEMBERSHIP	COMPLETE_MEMBERSHIP	0	NOT_COMPUTED_DEFINITION_CONFLICT
R-HSA-211994	Sterols are 12-hydroxylated by CYP8B1	1	1	1	1	1	1	COMPLETE_MEMBERSHIP	COMPLETE_MEMBERSHIP	0	NOT_COMPUTED_DEFINITION_CONFLICT
R-HSA-211999	CYP2E1 reactions	11	11	11	11	11	11	COMPLETE_MEMBERSHIP	COMPLETE_MEMBERSHIP	0	NOT_COMPUTED_DEFINITION_CONFLICT
R-HSA-212165	Epigenetic regulation of gene expression	294	251	251	250	249	220	OBSERVED_PROJECTION	OBSERVED_PROJECTION	29	NOT_COMPUTED_DEFINITION_CONFLICT
R-HSA-2122947	NOTCH1 Intracellular Domain Regulates Transcription	48	48	48	48	48	44	OBSERVED_PROJECTION	COMPLETE_MEMBERSHIP	4	NOT_COMPUTED_DEFINITION_CONFLICT
R-HSA-2122948	Activated NOTCH1 Transmits Signal to the Nucleus	31	30	30	30	30	29	OBSERVED_PROJECTION	OBSERVED_PROJECTION	1	NOT_COMPUTED_DEFINITION_CONFLICT
R-HSA-212300	PRC2 methylates histones and DNA	44	14	14	14	14	14	OBSERVED_PROJECTION	OBSERVED_PROJECTION	0	NOT_COMPUTED_DEFINITION_CONFLICT
R-HSA-212436	Generic Transcription Pathway	1230	1150	1149	1145	1137	1025	OBSERVED_PROJECTION	OBSERVED_PROJECTION	112	NOT_COMPUTED_DEFINITION_CONFLICT
R-HSA-212676	Dopamine Neurotransmitter Release Cycle	23	22	22	22	22	22	OBSERVED_PROJECTION	OBSERVED_PROJECTION	0	NOT_COMPUTED_DEFINITION_CONFLICT
R-HSA-212718	EGFR interacts with phospholipase C-gamma	9	9	9	9	9	9	COMPLETE_MEMBERSHIP	COMPLETE_MEMBERSHIP	0	NOT_COMPUTED_DEFINITION_CONFLICT
R-HSA-2129379	Molecules associated with elastic fibres	37	37	36	36	35	35	OBSERVED_PROJECTION	OBSERVED_PROJECTION	0	NOT_COMPUTED_DEFINITION_CONFLICT
R-HSA-2132295	MHC class II antigen presentation	127	123	123	123	122	110	OBSERVED_PROJECTION	OBSERVED_PROJECTION	12	NOT_COMPUTED_DEFINITION_CONFLICT
R-HSA-2142670	Synthesis of epoxy (EET) and dihydroxyeicosatrienoic acids (DHET)	8	8	8	8	8	8	COMPLETE_MEMBERSHIP	COMPLETE_MEMBERSHIP	0	NOT_COMPUTED_DEFINITION_CONFLICT
R-HSA-2142688	Synthesis of 5-eicosatetraenoic acids	9	9	9	9	7	7	OBSERVED_PROJECTION	OBSERVED_PROJECTION	0	NOT_COMPUTED_DEFINITION_CONFLICT
R-HSA-2142691	Synthesis of Leukotrienes (LT) and Eoxins (EX)	20	20	20	20	20	20	COMPLETE_MEMBERSHIP	COMPLETE_MEMBERSHIP	0	NOT_COMPUTED_DEFINITION_CONFLICT
R-HSA-2142696	Synthesis of Hepoxilins (HX) and Trioxilins (TrX)	1	1	1	1	1	1	COMPLETE_MEMBERSHIP	COMPLETE_MEMBERSHIP	0	NOT_COMPUTED_DEFINITION_CONFLICT
R-HSA-2142700	Biosynthesis of Lipoxins (LX)	6	6	6	6	6	6	COMPLETE_MEMBERSHIP	COMPLETE_MEMBERSHIP	0	NOT_COMPUTED_DEFINITION_CONFLICT
R-HSA-2142712	Synthesis of 12-eicosatetraenoic acid derivatives	7	7	7	7	7	7	COMPLETE_MEMBERSHIP	COMPLETE_MEMBERSHIP	0	NOT_COMPUTED_DEFINITION_CONFLICT
R-HSA-2142753	Arachidonate metabolism	59	58	58	58	56	56	OBSERVED_PROJECTION	OBSERVED_PROJECTION	0	NOT_COMPUTED_DEFINITION_CONFLICT
R-HSA-2142770	Synthesis of 15-eicosatetraenoic acid derivatives	6	6	6	6	6	6	COMPLETE_MEMBERSHIP	COMPLETE_MEMBERSHIP	0	NOT_COMPUTED_DEFINITION_CONFLICT
R-HSA-2142789	Ubiquinol biosynthesis	13	11	11	11	11	11	OBSERVED_PROJECTION	OBSERVED_PROJECTION	0	NOT_COMPUTED_DEFINITION_CONFLICT
R-HSA-2142816	Synthesis of (16-20)-hydroxyeicosatetraenoic acids (HETE)	9	9	9	9	9	9	COMPLETE_MEMBERSHIP	COMPLETE_MEMBERSHIP	0	NOT_COMPUTED_DEFINITION_CONFLICT
R-HSA-2142845	Hyaluronan metabolism	20	19	19	19	17	17	OBSERVED_PROJECTION	OBSERVED_PROJECTION	0	NOT_COMPUTED_DEFINITION_CONFLICT
R-HSA-2151201	Transcriptional activation of mitochondrial biogenesis	54	50	50	50	50	49	OBSERVED_PROJECTION	OBSERVED_PROJECTION	1	NOT_COMPUTED_DEFINITION_CONFLICT
R-HSA-2151209	Activation of PPARGC1A (PGC-1alpha) by phosphorylation	10	10	10	10	10	10	COMPLETE_MEMBERSHIP	COMPLETE_MEMBERSHIP	0	NOT_COMPUTED_DEFINITION_CONFLICT
R-HSA-2160456	Phenylketonuria	1	1	1	1	1	1	COMPLETE_MEMBERSHIP	COMPLETE_MEMBERSHIP	0	NOT_COMPUTED_DEFINITION_CONFLICT
R-HSA-216083	Integrin cell surface interactions	85	85	84	84	84	84	OBSERVED_PROJECTION	OBSERVED_PROJECTION	0	NOT_COMPUTED_DEFINITION_CONFLICT
R-HSA-2160916	Hyaluronan degradation	16	15	15	15	14	14	OBSERVED_PROJECTION	OBSERVED_PROJECTION	0	NOT_COMPUTED_DEFINITION_CONFLICT
R-HSA-2161517	Abacavir transmembrane transport	5	5	5	5	5	5	COMPLETE_MEMBERSHIP	COMPLETE_MEMBERSHIP	0	NOT_COMPUTED_DEFINITION_CONFLICT
R-HSA-2161522	Abacavir ADME	9	8	8	8	8	8	OBSERVED_PROJECTION	OBSERVED_PROJECTION	0	NOT_COMPUTED_DEFINITION_CONFLICT
R-HSA-2161541	Abacavir metabolism	4	3	3	3	3	3	OBSERVED_PROJECTION	OBSERVED_PROJECTION	0	NOT_COMPUTED_DEFINITION_CONFLICT
R-HSA-2162123	Synthesis of Prostaglandins (PG) and Thromboxanes (TX)	15	14	14	14	14	14	OBSERVED_PROJECTION	OBSERVED_PROJECTION	0	NOT_COMPUTED_DEFINITION_CONFLICT
R-HSA-2168880	Scavenging of heme from plasma	92	11	11	10	10	10	OBSERVED_PROJECTION	OBSERVED_PROJECTION	0	NOT_COMPUTED_DEFINITION_CONFLICT
R-HSA-2172127	DAP12 interactions	45	40	40	40	40	40	OBSERVED_PROJECTION	OBSERVED_PROJECTION	0	NOT_COMPUTED_DEFINITION_CONFLICT
R-HSA-217271	FMO oxidises nucleophiles	3	3	3	3	3	3	COMPLETE_MEMBERSHIP	COMPLETE_MEMBERSHIP	0	NOT_COMPUTED_DEFINITION_CONFLICT
R-HSA-2173782	Binding and Uptake of Ligands by Scavenger Receptors	126	44	44	43	43	41	OBSERVED_PROJECTION	OBSERVED_PROJECTION	2	NOT_COMPUTED_DEFINITION_CONFLICT
R-HSA-2173788	Downregulation of TGF-beta receptor signaling	26	26	26	26	26	24	OBSERVED_PROJECTION	COMPLETE_MEMBERSHIP	2	NOT_COMPUTED_DEFINITION_CONFLICT
R-HSA-2173789	TGF-beta receptor signaling activates SMADs	47	47	47	47	47	44	OBSERVED_PROJECTION	COMPLETE_MEMBERSHIP	3	NOT_COMPUTED_DEFINITION_CONFLICT
R-HSA-2173791	TGF-beta receptor signaling in EMT (epithelial to mesenchymal transition)	16	16	16	16	16	15	OBSERVED_PROJECTION	COMPLETE_MEMBERSHIP	1	NOT_COMPUTED_DEFINITION_CONFLICT
R-HSA-2173793	Transcriptional activity of SMAD2/SMAD3:SMAD4 heterotrimer	51	51	51	51	51	50	OBSERVED_PROJECTION	COMPLETE_MEMBERSHIP	1	NOT_COMPUTED_DEFINITION_CONFLICT
R-HSA-2173795	Downregulation of SMAD2/3:SMAD4 transcriptional activity	31	31	31	31	31	30	OBSERVED_PROJECTION	COMPLETE_MEMBERSHIP	1	NOT_COMPUTED_DEFINITION_CONFLICT
R-HSA-2173796	SMAD2/SMAD3:SMAD4 heterotrimer regulates transcription	36	36	36	36	36	35	OBSERVED_PROJECTION	COMPLETE_MEMBERSHIP	1	NOT_COMPUTED_DEFINITION_CONFLICT
R-HSA-2179392	EGFR Transactivation by Gastrin	9	9	9	9	9	9	COMPLETE_MEMBERSHIP	COMPLETE_MEMBERSHIP	0	NOT_COMPUTED_DEFINITION_CONFLICT
R-HSA-2187335	The retinoid cycle in cones (daylight vision)	7	7	7	6	6	6	OBSERVED_PROJECTION	OBSERVED_PROJECTION	0	NOT_COMPUTED_DEFINITION_CONFLICT
R-HSA-2187338	Visual phototransduction	99	98	97	96	95	94	OBSERVED_PROJECTION	OBSERVED_PROJECTION	1	NOT_COMPUTED_DEFINITION_CONFLICT
R-HSA-2197563	NOTCH2 intracellular domain regulates transcription	12	12	12	12	12	12	COMPLETE_MEMBERSHIP	COMPLETE_MEMBERSHIP	0	NOT_COMPUTED_DEFINITION_CONFLICT
R-HSA-2206280	MPS IX - Natowicz syndrome (Hyaluronan metabolism)	1	1	1	1	1	1	COMPLETE_MEMBERSHIP	COMPLETE_MEMBERSHIP	0	NOT_COMPUTED_DEFINITION_CONFLICT
R-HSA-2206281	Mucopolysaccharidoses	11	11	11	11	11	11	COMPLETE_MEMBERSHIP	COMPLETE_MEMBERSHIP	0	NOT_COMPUTED_DEFINITION_CONFLICT
R-HSA-2206282	MPS IIIB - Sanfilippo syndrome B	1	1	1	1	1	1	COMPLETE_MEMBERSHIP	COMPLETE_MEMBERSHIP	0	NOT_COMPUTED_DEFINITION_CONFLICT
R-HSA-2206285	MPS VI - Maroteaux-Lamy syndrome	1	1	1	1	1	1	COMPLETE_MEMBERSHIP	COMPLETE_MEMBERSHIP	0	NOT_COMPUTED_DEFINITION_CONFLICT
R-HSA-2206290	MPS IV - Morquio syndrome A	1	1	1	1	1	1	COMPLETE_MEMBERSHIP	COMPLETE_MEMBERSHIP	0	NOT_COMPUTED_DEFINITION_CONFLICT
R-HSA-2206291	MPS IIIC - Sanfilippo syndrome C	1	1	1	1	1	1	COMPLETE_MEMBERSHIP	COMPLETE_MEMBERSHIP	0	NOT_COMPUTED_DEFINITION_CONFLICT
R-HSA-2206292	MPS VII - Sly syndrome (Hyaluronan metabolism)	1	1	1	1	1	1	COMPLETE_MEMBERSHIP	COMPLETE_MEMBERSHIP	0	NOT_COMPUTED_DEFINITION_CONFLICT
R-HSA-2206296	MPS II - Hunter syndrome (HS-GAG degradation)	1	1	1	1	1	1	COMPLETE_MEMBERSHIP	COMPLETE_MEMBERSHIP	0	NOT_COMPUTED_DEFINITION_CONFLICT
R-HSA-2206302	MPS I - Hurler syndrome (HS-GAG degradation)	1	1	1	1	1	1	COMPLETE_MEMBERSHIP	COMPLETE_MEMBERSHIP	0	NOT_COMPUTED_DEFINITION_CONFLICT
R-HSA-2206305	MPS IIID - Sanfilippo syndrome D	1	1	1	1	1	1	COMPLETE_MEMBERSHIP	COMPLETE_MEMBERSHIP	0	NOT_COMPUTED_DEFINITION_CONFLICT
R-HSA-2206307	MPS IIIA - Sanfilippo syndrome A	1	1	1	1	1	1	COMPLETE_MEMBERSHIP	COMPLETE_MEMBERSHIP	0	NOT_COMPUTED_DEFINITION_CONFLICT
R-HSA-2206308	MPS IV - Morquio syndrome B (Keratin metabolism)	1	1	1	1	1	1	COMPLETE_MEMBERSHIP	COMPLETE_MEMBERSHIP	0	NOT_COMPUTED_DEFINITION_CONFLICT
R-HSA-2214320	Anchoring fibril formation	15	15	15	15	15	15	COMPLETE_MEMBERSHIP	COMPLETE_MEMBERSHIP	0	NOT_COMPUTED_DEFINITION_CONFLICT
R-HSA-2219528	PI3K/AKT Signaling in Cancer	113	113	113	112	112	112	OBSERVED_PROJECTION	OBSERVED_PROJECTION	0	NOT_COMPUTED_DEFINITION_CONFLICT
R-HSA-2219530	Constitutive Signaling by Aberrant PI3K in Cancer	86	86	86	86	86	86	COMPLETE_MEMBERSHIP	COMPLETE_MEMBERSHIP	0	NOT_COMPUTED_DEFINITION_CONFLICT
R-HSA-2243919	Crosslinking of collagen fibrils	18	18	18	18	18	18	COMPLETE_MEMBERSHIP	COMPLETE_MEMBERSHIP	0	NOT_COMPUTED_DEFINITION_CONFLICT
R-HSA-2262752	Cellular responses to stress	791	717	715	712	705	540	OBSERVED_PROJECTION	OBSERVED_PROJECTION	165	NOT_COMPUTED_DEFINITION_CONFLICT
R-HSA-2299718	Condensation of Prophase Chromosomes	42	12	12	12	11	6	OBSERVED_PROJECTION	OBSERVED_PROJECTION	5	NOT_COMPUTED_DEFINITION_CONFLICT
R-HSA-2393930	Phosphate bond hydrolysis by NUDT proteins	7	7	7	7	7	7	COMPLETE_MEMBERSHIP	COMPLETE_MEMBERSHIP	0	NOT_COMPUTED_DEFINITION_CONFLICT
R-HSA-2395516	Electron transport from NADPH to Ferredoxin	3	2	2	2	2	2	OBSERVED_PROJECTION	OBSERVED_PROJECTION	0	NOT_COMPUTED_DEFINITION_CONFLICT
R-HSA-2404192	Signaling by Type 1 Insulin-like Growth Factor 1 Receptor (IGF1R)	54	54	54	54	54	54	COMPLETE_MEMBERSHIP	COMPLETE_MEMBERSHIP	0	NOT_COMPUTED_DEFINITION_CONFLICT
R-HSA-2408508	Metabolism of ingested SeMet, Sec, MeSec into H2Se	8	8	8	8	8	8	COMPLETE_MEMBERSHIP	COMPLETE_MEMBERSHIP	0	NOT_COMPUTED_DEFINITION_CONFLICT
R-HSA-2408522	Selenoamino acid metabolism	122	109	109	109	106	38	OBSERVED_PROJECTION	OBSERVED_PROJECTION	68	NOT_COMPUTED_DEFINITION_CONFLICT
R-HSA-2408550	Metabolism of ingested H2SeO4 and H2SeO3 into H2Se	4	4	4	4	4	4	COMPLETE_MEMBERSHIP	COMPLETE_MEMBERSHIP	0	NOT_COMPUTED_DEFINITION_CONFLICT
R-HSA-2408552	Methylation of MeSeH for excretion	1	1	1	1	1	1	COMPLETE_MEMBERSHIP	COMPLETE_MEMBERSHIP	0	NOT_COMPUTED_DEFINITION_CONFLICT
R-HSA-2408557	Selenocysteine synthesis	98	93	93	93	90	22	OBSERVED_PROJECTION	OBSERVED_PROJECTION	68	NOT_COMPUTED_DEFINITION_CONFLICT
R-HSA-2424491	DAP12 signaling	29	29	29	29	29	29	COMPLETE_MEMBERSHIP	COMPLETE_MEMBERSHIP	0	NOT_COMPUTED_DEFINITION_CONFLICT
R-HSA-2426168	Activation of gene expression by SREBF (SREBP)	42	42	42	42	42	41	OBSERVED_PROJECTION	COMPLETE_MEMBERSHIP	1	NOT_COMPUTED_DEFINITION_CONFLICT
R-HSA-2428924	IGF1R signaling cascade	53	53	53	53	53	53	COMPLETE_MEMBERSHIP	COMPLETE_MEMBERSHIP	0	NOT_COMPUTED_DEFINITION_CONFLICT
R-HSA-2428928	IRS-related events triggered by IGF1R	52	52	52	52	52	52	COMPLETE_MEMBERSHIP	COMPLETE_MEMBERSHIP	0	NOT_COMPUTED_DEFINITION_CONFLICT
R-HSA-2428933	SHC-related events triggered by IGF1R	9	9	9	9	9	9	COMPLETE_MEMBERSHIP	COMPLETE_MEMBERSHIP	0	NOT_COMPUTED_DEFINITION_CONFLICT
R-HSA-2453864	Retinoid cycle disease events	13	13	13	12	12	12	OBSERVED_PROJECTION	OBSERVED_PROJECTION	0	NOT_COMPUTED_DEFINITION_CONFLICT
R-HSA-2453902	The canonical retinoid cycle in rods (twilight vision)	22	22	22	22	22	22	COMPLETE_MEMBERSHIP	COMPLETE_MEMBERSHIP	0	NOT_COMPUTED_DEFINITION_CONFLICT
R-HSA-2454202	Fc epsilon receptor (FCERI) signaling	197	117	117	117	115	87	OBSERVED_PROJECTION	OBSERVED_PROJECTION	28	NOT_COMPUTED_DEFINITION_CONFLICT
R-HSA-2465910	MASTL Facilitates Mitotic Progression	10	10	10	10	10	9	OBSERVED_PROJECTION	COMPLETE_MEMBERSHIP	1	NOT_COMPUTED_DEFINITION_CONFLICT
R-HSA-2466712	Biosynthesis of A2E, implicated in retinal degradation	1	1	1	1	1	1	COMPLETE_MEMBERSHIP	COMPLETE_MEMBERSHIP	0	NOT_COMPUTED_DEFINITION_CONFLICT
R-HSA-2467813	Separation of Sister Chromatids	178	169	169	169	162	95	OBSERVED_PROJECTION	OBSERVED_PROJECTION	67	NOT_COMPUTED_DEFINITION_CONFLICT
R-HSA-2468052	Establishment of Sister Chromatid Cohesion	11	10	10	10	10	9	OBSERVED_PROJECTION	OBSERVED_PROJECTION	1	NOT_COMPUTED_DEFINITION_CONFLICT
R-HSA-2470946	Cohesin Loading onto Chromatin	10	9	9	9	9	8	OBSERVED_PROJECTION	OBSERVED_PROJECTION	1	NOT_COMPUTED_DEFINITION_CONFLICT
R-HSA-2473224	Antagonism of Activin by Follistatin	4	4	4	4	4	4	COMPLETE_MEMBERSHIP	COMPLETE_MEMBERSHIP	0	NOT_COMPUTED_DEFINITION_CONFLICT
R-HSA-2474795	Diseases associated with visual transduction	13	13	13	12	12	12	OBSERVED_PROJECTION	OBSERVED_PROJECTION	0	NOT_COMPUTED_DEFINITION_CONFLICT
R-HSA-2485179	Activation of the phototransduction cascade	11	11	11	11	11	11	COMPLETE_MEMBERSHIP	COMPLETE_MEMBERSHIP	0	NOT_COMPUTED_DEFINITION_CONFLICT
R-HSA-2500257	Resolution of Sister Chromatid Cohesion	127	118	118	118	113	77	OBSERVED_PROJECTION	OBSERVED_PROJECTION	36	NOT_COMPUTED_DEFINITION_CONFLICT
R-HSA-2514853	Condensation of Prometaphase Chromosomes	11	11	11	11	11	6	OBSERVED_PROJECTION	COMPLETE_MEMBERSHIP	5	NOT_COMPUTED_DEFINITION_CONFLICT
R-HSA-2514856	The phototransduction cascade	34	34	33	33	33	32	OBSERVED_PROJECTION	OBSERVED_PROJECTION	1	NOT_COMPUTED_DEFINITION_CONFLICT
R-HSA-2514859	Inactivation, recovery and regulation of the phototransduction cascade	33	33	32	32	32	31	OBSERVED_PROJECTION	OBSERVED_PROJECTION	1	NOT_COMPUTED_DEFINITION_CONFLICT
R-HSA-2534343	Interaction With Cumulus Cells And The Zona Pellucida	11	11	11	11	11	11	COMPLETE_MEMBERSHIP	COMPLETE_MEMBERSHIP	0	NOT_COMPUTED_DEFINITION_CONFLICT
R-HSA-2555396	Mitotic Metaphase and Anaphase	223	213	213	213	206	126	OBSERVED_PROJECTION	OBSERVED_PROJECTION	80	NOT_COMPUTED_DEFINITION_CONFLICT
R-HSA-2559580	Oxidative Stress Induced Senescence	94	64	64	64	64	63	OBSERVED_PROJECTION	OBSERVED_PROJECTION	1	NOT_COMPUTED_DEFINITION_CONFLICT
R-HSA-2559582	Senescence-Associated Secretory Phenotype (SASP)	80	51	51	51	51	43	OBSERVED_PROJECTION	OBSERVED_PROJECTION	8	NOT_COMPUTED_DEFINITION_CONFLICT
R-HSA-2559583	Cellular Senescence	166	127	127	127	127	117	OBSERVED_PROJECTION	OBSERVED_PROJECTION	10	NOT_COMPUTED_DEFINITION_CONFLICT
R-HSA-2559584	Formation of Senescence-Associated Heterochromatin Foci (SAHF)	17	11	11	11	11	10	OBSERVED_PROJECTION	OBSERVED_PROJECTION	1	NOT_COMPUTED_DEFINITION_CONFLICT
R-HSA-2559585	Oncogene Induced Senescence	35	33	33	33	33	32	OBSERVED_PROJECTION	OBSERVED_PROJECTION	1	NOT_COMPUTED_DEFINITION_CONFLICT
R-HSA-2559586	DNA Damage/Telomere Stress Induced Senescence	60	27	27	27	27	24	OBSERVED_PROJECTION	OBSERVED_PROJECTION	3	NOT_COMPUTED_DEFINITION_CONFLICT
R-HSA-2562578	TRIF-mediated programmed cell death	9	9	9	9	9	9	COMPLETE_MEMBERSHIP	COMPLETE_MEMBERSHIP	0	NOT_COMPUTED_DEFINITION_CONFLICT
R-HSA-2564830	Cytosolic iron-sulfur cluster assembly	13	11	11	11	11	6	OBSERVED_PROJECTION	OBSERVED_PROJECTION	5	NOT_COMPUTED_DEFINITION_CONFLICT
R-HSA-2565942	Regulation of PLK1 Activity at G2/M Transition	87	84	84	84	82	63	OBSERVED_PROJECTION	OBSERVED_PROJECTION	19	NOT_COMPUTED_DEFINITION_CONFLICT
R-HSA-2586552	Signaling by Leptin	11	11	11	11	11	11	COMPLETE_MEMBERSHIP	COMPLETE_MEMBERSHIP	0	NOT_COMPUTED_DEFINITION_CONFLICT
R-HSA-2644602	Signaling by NOTCH1 PEST Domain Mutants in Cancer	58	57	57	57	57	53	OBSERVED_PROJECTION	OBSERVED_PROJECTION	4	NOT_COMPUTED_DEFINITION_CONFLICT
R-HSA-2644603	Signaling by NOTCH1 in Cancer	58	57	57	57	57	53	OBSERVED_PROJECTION	OBSERVED_PROJECTION	4	NOT_COMPUTED_DEFINITION_CONFLICT
R-HSA-2644605	FBXW7 Mutants and NOTCH1 in Cancer	5	5	5	5	5	3	OBSERVED_PROJECTION	COMPLETE_MEMBERSHIP	2	NOT_COMPUTED_DEFINITION_CONFLICT
R-HSA-2644606	Constitutive Signaling by NOTCH1 PEST Domain Mutants	58	57	57	57	57	53	OBSERVED_PROJECTION	OBSERVED_PROJECTION	4	NOT_COMPUTED_DEFINITION_CONFLICT
R-HSA-2644607	Loss of Function of FBXW7 in Cancer and NOTCH1 Signaling	5	5	5	5	5	3	OBSERVED_PROJECTION	COMPLETE_MEMBERSHIP	2	NOT_COMPUTED_DEFINITION_CONFLICT
R-HSA-264642	Acetylcholine Neurotransmitter Release Cycle	17	16	16	16	16	16	OBSERVED_PROJECTION	OBSERVED_PROJECTION	0	NOT_COMPUTED_DEFINITION_CONFLICT
R-HSA-264870	Caspase-mediated cleavage of cytoskeletal proteins	12	12	12	12	12	12	COMPLETE_MEMBERSHIP	COMPLETE_MEMBERSHIP	0	NOT_COMPUTED_DEFINITION_CONFLICT
R-HSA-264876	Insulin processing	25	23	23	23	23	23	OBSERVED_PROJECTION	OBSERVED_PROJECTION	0	NOT_COMPUTED_DEFINITION_CONFLICT
R-HSA-2660825	Signaling by NOTCH1 t(7;9)(NOTCH1:M1580_K2555) Translocation Mutant	7	7	7	7	7	7	COMPLETE_MEMBERSHIP	COMPLETE_MEMBERSHIP	0	NOT_COMPUTED_DEFINITION_CONFLICT
R-HSA-2660826	Constitutive Signaling by NOTCH1 t(7;9)(NOTCH1:M1580_K2555) Translocation Mutant	7	7	7	7	7	7	COMPLETE_MEMBERSHIP	COMPLETE_MEMBERSHIP	0	NOT_COMPUTED_DEFINITION_CONFLICT
R-HSA-2672351	Stimuli-sensing channels	106	106	106	106	106	105	OBSERVED_PROJECTION	COMPLETE_MEMBERSHIP	1	NOT_COMPUTED_DEFINITION_CONFLICT
R-HSA-2682334	EPH-Ephrin signaling	92	92	92	92	92	91	OBSERVED_PROJECTION	COMPLETE_MEMBERSHIP	1	NOT_COMPUTED_DEFINITION_CONFLICT
R-HSA-2691230	Signaling by NOTCH1 HD Domain Mutants in Cancer	15	14	14	14	14	13	OBSERVED_PROJECTION	OBSERVED_PROJECTION	1	NOT_COMPUTED_DEFINITION_CONFLICT
R-HSA-2691232	Constitutive Signaling by NOTCH1 HD Domain Mutants	15	14	14	14	14	13	OBSERVED_PROJECTION	OBSERVED_PROJECTION	1	NOT_COMPUTED_DEFINITION_CONFLICT
R-HSA-2730905	Role of LAT2/NTAL/LAB on calcium mobilization	95	16	16	16	16	16	OBSERVED_PROJECTION	OBSERVED_PROJECTION	0	NOT_COMPUTED_DEFINITION_CONFLICT
R-HSA-2855086	Ficolins bind to repetitive carbohydrate structures on the target cell surface	5	5	5	5	5	5	COMPLETE_MEMBERSHIP	COMPLETE_MEMBERSHIP	0	NOT_COMPUTED_DEFINITION_CONFLICT
R-HSA-2871796	FCERI mediated MAPK activation	111	32	32	32	32	32	OBSERVED_PROJECTION	OBSERVED_PROJECTION	0	NOT_COMPUTED_DEFINITION_CONFLICT
R-HSA-2871809	FCERI mediated Ca+2 mobilization	110	31	31	31	31	31	OBSERVED_PROJECTION	OBSERVED_PROJECTION	0	NOT_COMPUTED_DEFINITION_CONFLICT
R-HSA-2871837	FCERI mediated NF-kB activation	147	67	67	67	65	37	OBSERVED_PROJECTION	OBSERVED_PROJECTION	28	NOT_COMPUTED_DEFINITION_CONFLICT
R-HSA-2892245	POU5F1 (OCT4), SOX2, NANOG repress genes related to differentiation	10	10	10	10	10	10	COMPLETE_MEMBERSHIP	COMPLETE_MEMBERSHIP	0	NOT_COMPUTED_DEFINITION_CONFLICT
R-HSA-2892247	POU5F1 (OCT4), SOX2, NANOG activate genes related to proliferation	13	12	12	12	12	12	OBSERVED_PROJECTION	OBSERVED_PROJECTION	0	NOT_COMPUTED_DEFINITION_CONFLICT
R-HSA-2894858	Signaling by NOTCH1 HD+PEST Domain Mutants in Cancer	58	57	57	57	57	53	OBSERVED_PROJECTION	OBSERVED_PROJECTION	4	NOT_COMPUTED_DEFINITION_CONFLICT
R-HSA-2894862	Constitutive Signaling by NOTCH1 HD+PEST Domain Mutants	58	57	57	57	57	53	OBSERVED_PROJECTION	OBSERVED_PROJECTION	4	NOT_COMPUTED_DEFINITION_CONFLICT
R-HSA-2978092	Abnormal conversion of 2-oxoglutarate to 2-hydroxyglutarate	1	1	1	1	1	1	COMPLETE_MEMBERSHIP	COMPLETE_MEMBERSHIP	0	NOT_COMPUTED_DEFINITION_CONFLICT
R-HSA-2979096	NOTCH2 Activation and Transmission of Signal to the Nucleus	25	21	21	21	21	20	OBSERVED_PROJECTION	OBSERVED_PROJECTION	1	NOT_COMPUTED_DEFINITION_CONFLICT
R-HSA-2980736	Peptide hormone metabolism	86	83	83	83	83	82	OBSERVED_PROJECTION	OBSERVED_PROJECTION	1	NOT_COMPUTED_DEFINITION_CONFLICT
R-HSA-2980766	Nuclear Envelope Breakdown	53	51	51	51	50	33	OBSERVED_PROJECTION	OBSERVED_PROJECTION	17	NOT_COMPUTED_DEFINITION_CONFLICT
R-HSA-2980767	Activation of NIMA Kinases NEK9, NEK6, NEK7	7	7	7	7	6	4	OBSERVED_PROJECTION	OBSERVED_PROJECTION	2	NOT_COMPUTED_DEFINITION_CONFLICT
R-HSA-2990846	SUMOylation	176	170	170	170	168	135	OBSERVED_PROJECTION	OBSERVED_PROJECTION	33	NOT_COMPUTED_DEFINITION_CONFLICT
R-HSA-2995383	Initiation of Nuclear Envelope (NE) Reformation	19	19	19	19	19	16	OBSERVED_PROJECTION	COMPLETE_MEMBERSHIP	3	NOT_COMPUTED_DEFINITION_CONFLICT
R-HSA-2995410	Nuclear Envelope (NE) Reassembly	76	73	73	73	73	55	OBSERVED_PROJECTION	OBSERVED_PROJECTION	18	NOT_COMPUTED_DEFINITION_CONFLICT
R-HSA-3000157	Laminin interactions	30	30	30	30	30	30	COMPLETE_MEMBERSHIP	COMPLETE_MEMBERSHIP	0	NOT_COMPUTED_DEFINITION_CONFLICT
R-HSA-3000170	Syndecan interactions	27	27	26	26	26	25	OBSERVED_PROJECTION	OBSERVED_PROJECTION	1	NOT_COMPUTED_DEFINITION_CONFLICT
R-HSA-3000171	Non-integrin membrane-ECM interactions	80	80	79	79	79	77	OBSERVED_PROJECTION	OBSERVED_PROJECTION	2	NOT_COMPUTED_DEFINITION_CONFLICT
R-HSA-3000178	ECM proteoglycans	76	76	75	75	75	75	OBSERVED_PROJECTION	OBSERVED_PROJECTION	0	NOT_COMPUTED_DEFINITION_CONFLICT
R-HSA-3000471	Scavenging by Class B Receptors	10	10	10	10	10	10	COMPLETE_MEMBERSHIP	COMPLETE_MEMBERSHIP	0	NOT_COMPUTED_DEFINITION_CONFLICT
R-HSA-3000480	Scavenging by Class A Receptors	19	19	19	19	19	18	OBSERVED_PROJECTION	COMPLETE_MEMBERSHIP	1	NOT_COMPUTED_DEFINITION_CONFLICT
R-HSA-3000484	Scavenging by Class F Receptors	7	6	6	6	6	5	OBSERVED_PROJECTION	OBSERVED_PROJECTION	1	NOT_COMPUTED_DEFINITION_CONFLICT
R-HSA-3000497	Scavenging by Class H Receptors	4	4	4	4	4	4	COMPLETE_MEMBERSHIP	COMPLETE_MEMBERSHIP	0	NOT_COMPUTED_DEFINITION_CONFLICT
R-HSA-3065676	SUMO is conjugated to E1 (UBA2:SAE1)	5	5	5	5	5	5	COMPLETE_MEMBERSHIP	COMPLETE_MEMBERSHIP	0	NOT_COMPUTED_DEFINITION_CONFLICT
R-HSA-3065678	SUMO is transferred from E1 to E2 (UBE2I, UBC9)	7	7	7	7	7	6	OBSERVED_PROJECTION	COMPLETE_MEMBERSHIP	1	NOT_COMPUTED_DEFINITION_CONFLICT
R-HSA-3065679	SUMO is proteolytically processed	6	6	6	6	6	6	COMPLETE_MEMBERSHIP	COMPLETE_MEMBERSHIP	0	NOT_COMPUTED_DEFINITION_CONFLICT
R-HSA-3108214	SUMOylation of DNA damage response and repair proteins	77	73	73	73	73	52	OBSERVED_PROJECTION	OBSERVED_PROJECTION	21	NOT_COMPUTED_DEFINITION_CONFLICT
R-HSA-3108232	SUMO E3 ligases SUMOylate target proteins	170	164	164	164	162	129	OBSERVED_PROJECTION	OBSERVED_PROJECTION	33	NOT_COMPUTED_DEFINITION_CONFLICT
R-HSA-3134963	DEx/H-box helicases activate type I IFN and inflammatory cytokines production	7	7	7	7	7	7	COMPLETE_MEMBERSHIP	COMPLETE_MEMBERSHIP	0	NOT_COMPUTED_DEFINITION_CONFLICT
R-HSA-3134973	LRR FLII-interacting protein 1 (LRRFIP1) activates type I IFN production	5	5	5	5	5	5	COMPLETE_MEMBERSHIP	COMPLETE_MEMBERSHIP	0	NOT_COMPUTED_DEFINITION_CONFLICT
R-HSA-3134975	Regulation of innate immune responses to cytosolic DNA	15	14	14	14	14	12	OBSERVED_PROJECTION	OBSERVED_PROJECTION	2	NOT_COMPUTED_DEFINITION_CONFLICT
R-HSA-3214815	HDACs deacetylate histones	60	32	32	32	32	31	OBSERVED_PROJECTION	OBSERVED_PROJECTION	1	NOT_COMPUTED_DEFINITION_CONFLICT
R-HSA-3214841	PKMTs methylate histone lysines	46	38	38	38	38	36	OBSERVED_PROJECTION	OBSERVED_PROJECTION	2	NOT_COMPUTED_DEFINITION_CONFLICT
R-HSA-3214842	HDMs demethylate histones	26	21	21	21	21	21	OBSERVED_PROJECTION	OBSERVED_PROJECTION	0	NOT_COMPUTED_DEFINITION_CONFLICT
R-HSA-3214847	HATs acetylate histones	108	74	74	74	74	63	OBSERVED_PROJECTION	OBSERVED_PROJECTION	11	NOT_COMPUTED_DEFINITION_CONFLICT
R-HSA-3214858	RMTs methylate histone arginines	48	30	30	30	30	26	OBSERVED_PROJECTION	OBSERVED_PROJECTION	4	NOT_COMPUTED_DEFINITION_CONFLICT
R-HSA-3215018	Processing and activation of SUMO	10	10	10	10	10	9	OBSERVED_PROJECTION	COMPLETE_MEMBERSHIP	1	NOT_COMPUTED_DEFINITION_CONFLICT
R-HSA-3229121	Glycogen storage diseases	16	15	15	15	15	14	OBSERVED_PROJECTION	OBSERVED_PROJECTION	1	NOT_COMPUTED_DEFINITION_CONFLICT
R-HSA-3229133	Glycogen storage disease type Ib (SLC37A4)	1	1	1	1	1	1	COMPLETE_MEMBERSHIP	COMPLETE_MEMBERSHIP	0	NOT_COMPUTED_DEFINITION_CONFLICT
R-HSA-3232118	SUMOylation of transcription factors	20	20	20	20	20	18	OBSERVED_PROJECTION	COMPLETE_MEMBERSHIP	2	NOT_COMPUTED_DEFINITION_CONFLICT
R-HSA-3232142	SUMOylation of ubiquitinylation proteins	39	37	37	37	37	20	OBSERVED_PROJECTION	OBSERVED_PROJECTION	17	NOT_COMPUTED_DEFINITION_CONFLICT
R-HSA-3238698	WNT ligand biogenesis and trafficking	26	26	26	26	25	25	OBSERVED_PROJECTION	OBSERVED_PROJECTION	0	NOT_COMPUTED_DEFINITION_CONFLICT
R-HSA-3247509	Chromatin modifying enzymes	238	193	193	193	193	178	OBSERVED_PROJECTION	OBSERVED_PROJECTION	15	NOT_COMPUTED_DEFINITION_CONFLICT
R-HSA-3248023	Regulation by TREX1	1	1	1	1	1	1	COMPLETE_MEMBERSHIP	COMPLETE_MEMBERSHIP	0	NOT_COMPUTED_DEFINITION_CONFLICT
R-HSA-3249367	STAT6-mediated induction of chemokines	3	2	2	2	2	2	OBSERVED_PROJECTION	OBSERVED_PROJECTION	0	NOT_COMPUTED_DEFINITION_CONFLICT
R-HSA-3270619	IRF3-mediated induction of type I IFN	13	11	11	11	11	9	OBSERVED_PROJECTION	OBSERVED_PROJECTION	2	NOT_COMPUTED_DEFINITION_CONFLICT
R-HSA-3274531	Glycogen storage disease type Ia (G6PC)	1	0	0	0	0	0	NO_SUPPORT	NO_SUPPORT	0	NOT_COMPUTED_DEFINITION_CONFLICT
R-HSA-3282872	Severe congenital neutropenia type 4 (G6PC3)	1	1	1	1	1	1	COMPLETE_MEMBERSHIP	COMPLETE_MEMBERSHIP	0	NOT_COMPUTED_DEFINITION_CONFLICT
R-HSA-3295583	TRP channels	28	28	28	28	28	28	COMPLETE_MEMBERSHIP	COMPLETE_MEMBERSHIP	0	NOT_COMPUTED_DEFINITION_CONFLICT
R-HSA-3296197	Hydroxycarboxylic acid-binding receptors	3	3	3	3	3	3	COMPLETE_MEMBERSHIP	COMPLETE_MEMBERSHIP	0	NOT_COMPUTED_DEFINITION_CONFLICT
R-HSA-3296469	Defects in cobalamin (B12) metabolism	14	12	12	12	12	11	OBSERVED_PROJECTION	OBSERVED_PROJECTION	1	NOT_COMPUTED_DEFINITION_CONFLICT
R-HSA-3296482	Defects in vitamin and cofactor metabolism	22	20	20	20	20	19	OBSERVED_PROJECTION	OBSERVED_PROJECTION	1	NOT_COMPUTED_DEFINITION_CONFLICT
R-HSA-3299685	Detoxification of Reactive Oxygen Species	37	36	36	35	35	35	OBSERVED_PROJECTION	OBSERVED_PROJECTION	0	NOT_COMPUTED_DEFINITION_CONFLICT
R-HSA-3301854	Nuclear Pore Complex (NPC) Disassembly	36	34	34	34	34	17	OBSERVED_PROJECTION	OBSERVED_PROJECTION	17	NOT_COMPUTED_DEFINITION_CONFLICT
R-HSA-3304347	Loss of Function of SMAD4 in Cancer	3	3	3	3	3	3	COMPLETE_MEMBERSHIP	COMPLETE_MEMBERSHIP	0	NOT_COMPUTED_DEFINITION_CONFLICT
R-HSA-3304349	Loss of Function of SMAD2/3 in Cancer	7	7	7	7	7	7	COMPLETE_MEMBERSHIP	COMPLETE_MEMBERSHIP	0	NOT_COMPUTED_DEFINITION_CONFLICT
R-HSA-3304351	Signaling by TGF-beta Receptor Complex in Cancer	8	8	8	8	8	8	COMPLETE_MEMBERSHIP	COMPLETE_MEMBERSHIP	0	NOT_COMPUTED_DEFINITION_CONFLICT
R-HSA-3304356	SMAD2/3 Phosphorylation Motif Mutants in Cancer	6	6	6	6	6	6	COMPLETE_MEMBERSHIP	COMPLETE_MEMBERSHIP	0	NOT_COMPUTED_DEFINITION_CONFLICT
R-HSA-3311021	SMAD4 MH2 Domain Mutants in Cancer	3	3	3	3	3	3	COMPLETE_MEMBERSHIP	COMPLETE_MEMBERSHIP	0	NOT_COMPUTED_DEFINITION_CONFLICT
R-HSA-3315487	SMAD2/3 MH2 Domain Mutants in Cancer	3	3	3	3	3	3	COMPLETE_MEMBERSHIP	COMPLETE_MEMBERSHIP	0	NOT_COMPUTED_DEFINITION_CONFLICT
R-HSA-3322077	Glycogen synthesis	14	14	14	14	14	13	OBSERVED_PROJECTION	COMPLETE_MEMBERSHIP	1	NOT_COMPUTED_DEFINITION_CONFLICT
R-HSA-3323169	Defects in biotin (Btn) metabolism	8	8	8	8	8	8	COMPLETE_MEMBERSHIP	COMPLETE_MEMBERSHIP	0	NOT_COMPUTED_DEFINITION_CONFLICT
R-HSA-3359454	Defective TCN2 causes TCN2 deficiency	1	1	1	1	1	1	COMPLETE_MEMBERSHIP	COMPLETE_MEMBERSHIP	0	NOT_COMPUTED_DEFINITION_CONFLICT
R-HSA-3359457	Defective CBLIF causes IFD	1	0	0	0	0	0	NO_SUPPORT	NO_SUPPORT	0	NOT_COMPUTED_DEFINITION_CONFLICT
R-HSA-3359462	Defective AMN causes MGA1	3	2	2	2	2	1	OBSERVED_PROJECTION	OBSERVED_PROJECTION	1	NOT_COMPUTED_DEFINITION_CONFLICT
R-HSA-3359463	Defective CUBN causes MGA1	3	2	2	2	2	1	OBSERVED_PROJECTION	OBSERVED_PROJECTION	1	NOT_COMPUTED_DEFINITION_CONFLICT
R-HSA-3359467	Defective MTRR causes HMAE	2	2	2	2	2	2	COMPLETE_MEMBERSHIP	COMPLETE_MEMBERSHIP	0	NOT_COMPUTED_DEFINITION_CONFLICT
R-HSA-3359469	Defective MTR causes HMAG	2	2	2	2	2	2	COMPLETE_MEMBERSHIP	COMPLETE_MEMBERSHIP	0	NOT_COMPUTED_DEFINITION_CONFLICT
R-HSA-3359471	Defective MMAB causes MMA, cblB type	1	1	1	1	1	1	COMPLETE_MEMBERSHIP	COMPLETE_MEMBERSHIP	0	NOT_COMPUTED_DEFINITION_CONFLICT
R-HSA-3359473	Defective MMADHC causes MMAHCD	2	2	2	2	2	2	COMPLETE_MEMBERSHIP	COMPLETE_MEMBERSHIP	0	NOT_COMPUTED_DEFINITION_CONFLICT
R-HSA-3359474	Defective MMACHC causes MAHCC	1	1	1	1	1	1	COMPLETE_MEMBERSHIP	COMPLETE_MEMBERSHIP	0	NOT_COMPUTED_DEFINITION_CONFLICT
R-HSA-3359475	Defective MMAA causes MMA, cblA type	2	1	1	1	1	1	OBSERVED_PROJECTION	OBSERVED_PROJECTION	0	NOT_COMPUTED_DEFINITION_CONFLICT
R-HSA-3359478	Defective MUT causes MMAM	2	1	1	1	1	1	OBSERVED_PROJECTION	OBSERVED_PROJECTION	0	NOT_COMPUTED_DEFINITION_CONFLICT
R-HSA-3359485	Defective CD320 causes MMATC	2	2	2	2	2	2	COMPLETE_MEMBERSHIP	COMPLETE_MEMBERSHIP	0	NOT_COMPUTED_DEFINITION_CONFLICT
R-HSA-3371378	Regulation by c-FLIP	11	11	11	11	11	11	COMPLETE_MEMBERSHIP	COMPLETE_MEMBERSHIP	0	NOT_COMPUTED_DEFINITION_CONFLICT
R-HSA-3371453	Regulation of HSF1-mediated heat shock response	84	79	78	77	77	54	OBSERVED_PROJECTION	OBSERVED_PROJECTION	23	NOT_COMPUTED_DEFINITION_CONFLICT
R-HSA-3371497	HSP90 chaperone cycle for steroid hormone receptors (SHR) in the presence of ligand	57	55	54	53	53	44	OBSERVED_PROJECTION	OBSERVED_PROJECTION	9	NOT_COMPUTED_DEFINITION_CONFLICT
R-HSA-3371511	HSF1 activation	32	31	30	29	29	25	OBSERVED_PROJECTION	OBSERVED_PROJECTION	4	NOT_COMPUTED_DEFINITION_CONFLICT
R-HSA-3371556	Cellular response to heat stress	103	98	97	96	96	71	OBSERVED_PROJECTION	OBSERVED_PROJECTION	25	NOT_COMPUTED_DEFINITION_CONFLICT
R-HSA-3371568	Attenuation phase	29	28	27	26	26	26	OBSERVED_PROJECTION	OBSERVED_PROJECTION	0	NOT_COMPUTED_DEFINITION_CONFLICT
R-HSA-3371571	HSF1-dependent transactivation	39	38	37	36	36	35	OBSERVED_PROJECTION	OBSERVED_PROJECTION	1	NOT_COMPUTED_DEFINITION_CONFLICT
R-HSA-3371598	Defective BTD causes biotidinase deficiency	1	1	1	1	1	1	COMPLETE_MEMBERSHIP	COMPLETE_MEMBERSHIP	0	NOT_COMPUTED_DEFINITION_CONFLICT
R-HSA-3371599	Defective HLCS causes multiple carboxylase deficiency	7	7	7	7	7	7	COMPLETE_MEMBERSHIP	COMPLETE_MEMBERSHIP	0	NOT_COMPUTED_DEFINITION_CONFLICT
R-HSA-349425	Autodegradation of the E3 ubiquitin ligase COP1	39	37	37	37	35	9	OBSERVED_PROJECTION	OBSERVED_PROJECTION	26	NOT_COMPUTED_DEFINITION_CONFLICT
R-HSA-350054	Notch-HLH transcription pathway	28	28	28	28	28	26	OBSERVED_PROJECTION	COMPLETE_MEMBERSHIP	2	NOT_COMPUTED_DEFINITION_CONFLICT
R-HSA-350562	Regulation of ornithine decarboxylase (ODC)	38	37	37	37	35	10	OBSERVED_PROJECTION	OBSERVED_PROJECTION	25	NOT_COMPUTED_DEFINITION_CONFLICT
R-HSA-350864	Regulation of thyroid hormone activity	3	3	3	3	3	3	COMPLETE_MEMBERSHIP	COMPLETE_MEMBERSHIP	0	NOT_COMPUTED_DEFINITION_CONFLICT
R-HSA-351143	Agmatine biosynthesis	2	1	1	1	1	1	OBSERVED_PROJECTION	OBSERVED_PROJECTION	0	NOT_COMPUTED_DEFINITION_CONFLICT
R-HSA-351200	Interconversion of polyamines	3	3	3	3	3	3	COMPLETE_MEMBERSHIP	COMPLETE_MEMBERSHIP	0	NOT_COMPUTED_DEFINITION_CONFLICT
R-HSA-351202	Metabolism of polyamines	46	44	44	44	42	17	OBSERVED_PROJECTION	OBSERVED_PROJECTION	25	NOT_COMPUTED_DEFINITION_CONFLICT
R-HSA-351906	Apoptotic cleavage of cell adhesion  proteins	11	11	11	11	11	11	COMPLETE_MEMBERSHIP	COMPLETE_MEMBERSHIP	0	NOT_COMPUTED_DEFINITION_CONFLICT
R-HSA-352230	Amino acid transport across the plasma membrane	32	32	32	32	32	32	COMPLETE_MEMBERSHIP	COMPLETE_MEMBERSHIP	0	NOT_COMPUTED_DEFINITION_CONFLICT
R-HSA-352238	Breakdown of the nuclear lamina	3	3	3	3	3	3	COMPLETE_MEMBERSHIP	COMPLETE_MEMBERSHIP	0	NOT_COMPUTED_DEFINITION_CONFLICT
R-HSA-354192	Integrin signaling	27	27	27	27	27	27	COMPLETE_MEMBERSHIP	COMPLETE_MEMBERSHIP	0	NOT_COMPUTED_DEFINITION_CONFLICT
R-HSA-354194	GRB2:SOS provides linkage to MAPK signaling for Integrins	15	15	15	15	15	15	COMPLETE_MEMBERSHIP	COMPLETE_MEMBERSHIP	0	NOT_COMPUTED_DEFINITION_CONFLICT
R-HSA-3560782	Diseases associated with glycosaminoglycan metabolism	41	41	41	41	41	41	COMPLETE_MEMBERSHIP	COMPLETE_MEMBERSHIP	0	NOT_COMPUTED_DEFINITION_CONFLICT
R-HSA-3560783	Defective B4GALT7 causes EDS, progeroid type	20	20	20	20	20	20	COMPLETE_MEMBERSHIP	COMPLETE_MEMBERSHIP	0	NOT_COMPUTED_DEFINITION_CONFLICT
R-HSA-3560792	Defective SLC26A2 causes chondrodysplasias	1	1	1	1	1	1	COMPLETE_MEMBERSHIP	COMPLETE_MEMBERSHIP	0	NOT_COMPUTED_DEFINITION_CONFLICT
R-HSA-3560796	Defective PAPSS2 causes SEMD-PA	1	1	1	1	1	1	COMPLETE_MEMBERSHIP	COMPLETE_MEMBERSHIP	0	NOT_COMPUTED_DEFINITION_CONFLICT
R-HSA-3560801	Defective B3GAT3 causes JDSSDHD	20	20	20	20	20	20	COMPLETE_MEMBERSHIP	COMPLETE_MEMBERSHIP	0	NOT_COMPUTED_DEFINITION_CONFLICT
R-HSA-3595172	Defective CHST3 causes SEDCJD	8	8	8	8	8	8	COMPLETE_MEMBERSHIP	COMPLETE_MEMBERSHIP	0	NOT_COMPUTED_DEFINITION_CONFLICT
R-HSA-3595174	Defective CHST14 causes EDS, musculocontractural type	8	8	8	8	8	8	COMPLETE_MEMBERSHIP	COMPLETE_MEMBERSHIP	0	NOT_COMPUTED_DEFINITION_CONFLICT
R-HSA-3595177	Defective CHSY1 causes TPBS	8	8	8	8	8	8	COMPLETE_MEMBERSHIP	COMPLETE_MEMBERSHIP	0	NOT_COMPUTED_DEFINITION_CONFLICT
R-HSA-3642278	Loss of Function of TGFBR2 in Cancer	3	3	3	3	3	3	COMPLETE_MEMBERSHIP	COMPLETE_MEMBERSHIP	0	NOT_COMPUTED_DEFINITION_CONFLICT
R-HSA-3642279	TGFBR2 MSI Frameshift Mutants in Cancer	2	2	2	2	2	2	COMPLETE_MEMBERSHIP	COMPLETE_MEMBERSHIP	0	NOT_COMPUTED_DEFINITION_CONFLICT
R-HSA-3645790	TGFBR2 Kinase Domain Mutants in Cancer	3	3	3	3	3	3	COMPLETE_MEMBERSHIP	COMPLETE_MEMBERSHIP	0	NOT_COMPUTED_DEFINITION_CONFLICT
R-HSA-3656225	Defective CHST6 causes MCDC1	8	8	8	8	8	8	COMPLETE_MEMBERSHIP	COMPLETE_MEMBERSHIP	0	NOT_COMPUTED_DEFINITION_CONFLICT
R-HSA-3656234	Defective HEXA causes GM2G1 (Hyaluronan metabolism)	1	1	1	1	1	1	COMPLETE_MEMBERSHIP	COMPLETE_MEMBERSHIP	0	NOT_COMPUTED_DEFINITION_CONFLICT
R-HSA-3656237	Defective EXT2 causes exostoses 2	14	14	14	14	14	14	COMPLETE_MEMBERSHIP	COMPLETE_MEMBERSHIP	0	NOT_COMPUTED_DEFINITION_CONFLICT
R-HSA-3656243	Defective ST3GAL3 causes MCT12 and EIEE15	8	8	8	8	8	8	COMPLETE_MEMBERSHIP	COMPLETE_MEMBERSHIP	0	NOT_COMPUTED_DEFINITION_CONFLICT
R-HSA-3656244	Defective B4GALT1 causes B4GALT1-CDG (CDG-2d)	8	8	8	8	8	8	COMPLETE_MEMBERSHIP	COMPLETE_MEMBERSHIP	0	NOT_COMPUTED_DEFINITION_CONFLICT
R-HSA-3656248	Defective HEXB causes GM2G2 (Hyaluronan metabolism)	1	1	1	1	1	1	COMPLETE_MEMBERSHIP	COMPLETE_MEMBERSHIP	0	NOT_COMPUTED_DEFINITION_CONFLICT
R-HSA-3656253	Defective EXT1 causes exostoses 1, TRPS2 and CHDS	14	14	14	14	14	14	COMPLETE_MEMBERSHIP	COMPLETE_MEMBERSHIP	0	NOT_COMPUTED_DEFINITION_CONFLICT
R-HSA-3656532	TGFBR1 KD Mutants in Cancer	6	6	6	6	6	6	COMPLETE_MEMBERSHIP	COMPLETE_MEMBERSHIP	0	NOT_COMPUTED_DEFINITION_CONFLICT
R-HSA-3656534	Loss of Function of TGFBR1 in Cancer	7	7	7	7	7	7	COMPLETE_MEMBERSHIP	COMPLETE_MEMBERSHIP	0	NOT_COMPUTED_DEFINITION_CONFLICT
R-HSA-3656535	TGFBR1 LBD Mutants in Cancer	4	4	4	4	4	4	COMPLETE_MEMBERSHIP	COMPLETE_MEMBERSHIP	0	NOT_COMPUTED_DEFINITION_CONFLICT
R-HSA-3700989	Transcriptional Regulation by TP53	363	344	344	343	339	282	OBSERVED_PROJECTION	OBSERVED_PROJECTION	57	NOT_COMPUTED_DEFINITION_CONFLICT
R-HSA-372708	p130Cas linkage to MAPK signaling for integrins	15	15	15	15	15	15	COMPLETE_MEMBERSHIP	COMPLETE_MEMBERSHIP	0	NOT_COMPUTED_DEFINITION_CONFLICT
R-HSA-372790	Signaling by GPCR	708	690	690	688	686	683	OBSERVED_PROJECTION	OBSERVED_PROJECTION	3	NOT_COMPUTED_DEFINITION_CONFLICT
R-HSA-373076	Class A/1 (Rhodopsin-like receptors)	335	324	324	322	320	319	OBSERVED_PROJECTION	OBSERVED_PROJECTION	1	NOT_COMPUTED_DEFINITION_CONFLICT
R-HSA-373080	Class B/2 (Secretin family receptors)	94	90	90	90	90	90	OBSERVED_PROJECTION	OBSERVED_PROJECTION	0	NOT_COMPUTED_DEFINITION_CONFLICT
R-HSA-373752	Netrin-1 signaling	44	43	43	43	43	43	OBSERVED_PROJECTION	OBSERVED_PROJECTION	0	NOT_COMPUTED_DEFINITION_CONFLICT
R-HSA-373753	Nephrin family interactions	23	22	22	22	22	22	OBSERVED_PROJECTION	OBSERVED_PROJECTION	0	NOT_COMPUTED_DEFINITION_CONFLICT
R-HSA-373755	Semaphorin interactions	64	64	64	64	64	64	COMPLETE_MEMBERSHIP	COMPLETE_MEMBERSHIP	0	NOT_COMPUTED_DEFINITION_CONFLICT
R-HSA-373756	SDK interactions	2	2	2	2	2	2	COMPLETE_MEMBERSHIP	COMPLETE_MEMBERSHIP	0	NOT_COMPUTED_DEFINITION_CONFLICT
R-HSA-373760	L1CAM interactions	121	118	118	118	118	117	OBSERVED_PROJECTION	OBSERVED_PROJECTION	1	NOT_COMPUTED_DEFINITION_CONFLICT
R-HSA-375165	NCAM signaling for neurite out-growth	63	63	63	63	63	63	COMPLETE_MEMBERSHIP	COMPLETE_MEMBERSHIP	0	NOT_COMPUTED_DEFINITION_CONFLICT
R-HSA-375276	Peptide ligand-binding receptors	200	197	197	197	196	195	OBSERVED_PROJECTION	OBSERVED_PROJECTION	1	NOT_COMPUTED_DEFINITION_CONFLICT
R-HSA-375280	Amine ligand-binding receptors	43	41	41	41	41	41	OBSERVED_PROJECTION	OBSERVED_PROJECTION	0	NOT_COMPUTED_DEFINITION_CONFLICT
R-HSA-375281	Hormone ligand-binding receptors	13	12	12	12	12	12	OBSERVED_PROJECTION	OBSERVED_PROJECTION	0	NOT_COMPUTED_DEFINITION_CONFLICT
R-HSA-376172	DSCAM interactions	4	4	4	4	4	4	COMPLETE_MEMBERSHIP	COMPLETE_MEMBERSHIP	0	NOT_COMPUTED_DEFINITION_CONFLICT
R-HSA-376176	Signaling by ROBO receptors	210	201	201	201	195	98	OBSERVED_PROJECTION	OBSERVED_PROJECTION	97	NOT_COMPUTED_DEFINITION_CONFLICT
R-HSA-3769402	Deactivation of the beta-catenin transactivating complex	44	44	44	44	43	38	OBSERVED_PROJECTION	OBSERVED_PROJECTION	5	NOT_COMPUTED_DEFINITION_CONFLICT
R-HSA-3772470	Negative regulation of TCF-dependent signaling by WNT ligand antagonists	15	15	15	15	15	15	COMPLETE_MEMBERSHIP	COMPLETE_MEMBERSHIP	0	NOT_COMPUTED_DEFINITION_CONFLICT
R-HSA-3781860	Diseases associated with N-glycosylation of proteins	20	20	20	20	19	17	OBSERVED_PROJECTION	OBSERVED_PROJECTION	2	NOT_COMPUTED_DEFINITION_CONFLICT
R-HSA-3781865	Diseases of glycosylation	147	142	142	142	141	137	OBSERVED_PROJECTION	OBSERVED_PROJECTION	4	NOT_COMPUTED_DEFINITION_CONFLICT
R-HSA-3785653	Myoclonic epilepsy of Lafora	9	9	9	9	9	8	OBSERVED_PROJECTION	COMPLETE_MEMBERSHIP	1	NOT_COMPUTED_DEFINITION_CONFLICT
R-HSA-379397	Enzymatic degradation of dopamine by COMT	3	2	2	2	2	2	OBSERVED_PROJECTION	OBSERVED_PROJECTION	0	NOT_COMPUTED_DEFINITION_CONFLICT
R-HSA-379398	Enzymatic degradation of Dopamine by monoamine oxidase	2	2	2	2	2	2	COMPLETE_MEMBERSHIP	COMPLETE_MEMBERSHIP	0	NOT_COMPUTED_DEFINITION_CONFLICT
R-HSA-379401	Dopamine clearance from the synaptic cleft	4	3	3	3	3	3	OBSERVED_PROJECTION	OBSERVED_PROJECTION	0	NOT_COMPUTED_DEFINITION_CONFLICT
R-HSA-379716	Cytosolic tRNA aminoacylation	24	6	6	6	6	4	OBSERVED_PROJECTION	OBSERVED_PROJECTION	2	NOT_COMPUTED_DEFINITION_CONFLICT
R-HSA-379724	tRNA Aminoacylation	42	24	24	24	24	21	OBSERVED_PROJECTION	OBSERVED_PROJECTION	3	NOT_COMPUTED_DEFINITION_CONFLICT
R-HSA-379726	Mitochondrial tRNA aminoacylation	21	18	18	18	18	17	OBSERVED_PROJECTION	OBSERVED_PROJECTION	1	NOT_COMPUTED_DEFINITION_CONFLICT
R-HSA-380095	Tachykinin receptors bind tachykinins	5	5	5	5	5	5	COMPLETE_MEMBERSHIP	COMPLETE_MEMBERSHIP	0	NOT_COMPUTED_DEFINITION_CONFLICT
R-HSA-380108	Chemokine receptors bind chemokines	57	56	56	56	55	55	OBSERVED_PROJECTION	OBSERVED_PROJECTION	0	NOT_COMPUTED_DEFINITION_CONFLICT
R-HSA-380259	Loss of Nlp from mitotic centrosomes	69	66	66	66	64	52	OBSERVED_PROJECTION	OBSERVED_PROJECTION	12	NOT_COMPUTED_DEFINITION_CONFLICT
R-HSA-380270	Recruitment of mitotic centrosome proteins and complexes	81	78	78	78	76	59	OBSERVED_PROJECTION	OBSERVED_PROJECTION	17	NOT_COMPUTED_DEFINITION_CONFLICT
R-HSA-380284	Loss of proteins required for interphase microtubule organization from the centrosome	69	66	66	66	64	52	OBSERVED_PROJECTION	OBSERVED_PROJECTION	12	NOT_COMPUTED_DEFINITION_CONFLICT
R-HSA-380287	Centrosome maturation	81	78	78	78	76	59	OBSERVED_PROJECTION	OBSERVED_PROJECTION	17	NOT_COMPUTED_DEFINITION_CONFLICT
R-HSA-380320	Recruitment of NuMA to mitotic centrosomes	95	90	90	90	88	71	OBSERVED_PROJECTION	OBSERVED_PROJECTION	17	NOT_COMPUTED_DEFINITION_CONFLICT
R-HSA-380612	Metabolism of serotonin	2	2	2	2	2	2	COMPLETE_MEMBERSHIP	COMPLETE_MEMBERSHIP	0	NOT_COMPUTED_DEFINITION_CONFLICT
R-HSA-380615	Serotonin clearance from the synaptic cleft	3	3	3	3	3	3	COMPLETE_MEMBERSHIP	COMPLETE_MEMBERSHIP	0	NOT_COMPUTED_DEFINITION_CONFLICT
R-HSA-380972	Energy dependent regulation of mTOR by LKB1-AMPK	29	29	29	29	29	27	OBSERVED_PROJECTION	COMPLETE_MEMBERSHIP	2	NOT_COMPUTED_DEFINITION_CONFLICT
R-HSA-380994	ATF4 activates genes in response to endoplasmic reticulum  stress	27	26	26	26	25	14	OBSERVED_PROJECTION	OBSERVED_PROJECTION	11	NOT_COMPUTED_DEFINITION_CONFLICT
R-HSA-381033	ATF6 (ATF6-alpha) activates chaperones	12	12	12	12	12	10	OBSERVED_PROJECTION	COMPLETE_MEMBERSHIP	2	NOT_COMPUTED_DEFINITION_CONFLICT
R-HSA-381038	XBP1(S) activates chaperone genes	48	46	45	45	45	42	OBSERVED_PROJECTION	OBSERVED_PROJECTION	3	NOT_COMPUTED_DEFINITION_CONFLICT
R-HSA-381042	PERK regulates gene expression	32	31	31	31	30	15	OBSERVED_PROJECTION	OBSERVED_PROJECTION	15	NOT_COMPUTED_DEFINITION_CONFLICT
R-HSA-381070	IRE1alpha activates chaperones	50	48	47	47	47	43	OBSERVED_PROJECTION	OBSERVED_PROJECTION	4	NOT_COMPUTED_DEFINITION_CONFLICT
R-HSA-381119	Unfolded Protein Response (UPR)	93	90	89	89	88	70	OBSERVED_PROJECTION	OBSERVED_PROJECTION	18	NOT_COMPUTED_DEFINITION_CONFLICT
R-HSA-381183	ATF6 (ATF6-alpha) activates chaperone genes	10	10	10	10	10	8	OBSERVED_PROJECTION	COMPLETE_MEMBERSHIP	2	NOT_COMPUTED_DEFINITION_CONFLICT
R-HSA-381340	Transcriptional regulation of white adipocyte differentiation	84	84	84	84	84	73	OBSERVED_PROJECTION	COMPLETE_MEMBERSHIP	11	NOT_COMPUTED_DEFINITION_CONFLICT
R-HSA-381426	Regulation of Insulin-like Growth Factor (IGF) transport and uptake by Insulin-like Growth Factor Binding Proteins (IGFBPs)	124	122	122	122	120	118	OBSERVED_PROJECTION	OBSERVED_PROJECTION	2	NOT_COMPUTED_DEFINITION_CONFLICT
R-HSA-3814836	Glycogen storage disease type XV (GYG1)	2	2	2	2	2	2	COMPLETE_MEMBERSHIP	COMPLETE_MEMBERSHIP	0	NOT_COMPUTED_DEFINITION_CONFLICT
R-HSA-381676	Glucagon-like Peptide-1 (GLP1) regulates insulin secretion	42	42	42	42	42	42	COMPLETE_MEMBERSHIP	COMPLETE_MEMBERSHIP	0	NOT_COMPUTED_DEFINITION_CONFLICT
R-HSA-381753	Olfactory Signaling Pathway	423	377	375	373	373	373	OBSERVED_PROJECTION	OBSERVED_PROJECTION	0	NOT_COMPUTED_DEFINITION_CONFLICT
R-HSA-381771	Synthesis, secretion, and inactivation of Glucagon-like Peptide-1 (GLP-1)	21	21	21	21	21	20	OBSERVED_PROJECTION	COMPLETE_MEMBERSHIP	1	NOT_COMPUTED_DEFINITION_CONFLICT
R-HSA-382551	Transport of small molecules	721	711	710	709	703	663	OBSERVED_PROJECTION	OBSERVED_PROJECTION	40	NOT_COMPUTED_DEFINITION_CONFLICT
R-HSA-382556	ABC-family protein mediated transport	90	89	88	88	84	51	OBSERVED_PROJECTION	OBSERVED_PROJECTION	33	NOT_COMPUTED_DEFINITION_CONFLICT
R-HSA-3828062	Glycogen storage disease type 0 (muscle GYS1)	2	2	2	2	2	2	COMPLETE_MEMBERSHIP	COMPLETE_MEMBERSHIP	0	NOT_COMPUTED_DEFINITION_CONFLICT
R-HSA-383280	Nuclear Receptor transcription pathway	53	53	53	53	53	53	COMPLETE_MEMBERSHIP	COMPLETE_MEMBERSHIP	0	NOT_COMPUTED_DEFINITION_CONFLICT
R-HSA-3858494	Beta-catenin independent WNT signaling	134	132	132	132	130	103	OBSERVED_PROJECTION	OBSERVED_PROJECTION	27	NOT_COMPUTED_DEFINITION_CONFLICT
R-HSA-3858516	Glycogen storage disease type 0 (liver GYS2)	2	2	2	2	2	2	COMPLETE_MEMBERSHIP	COMPLETE_MEMBERSHIP	0	NOT_COMPUTED_DEFINITION_CONFLICT
R-HSA-3878781	Glycogen storage disease type IV (GBE1)	3	3	3	3	3	3	COMPLETE_MEMBERSHIP	COMPLETE_MEMBERSHIP	0	NOT_COMPUTED_DEFINITION_CONFLICT
R-HSA-388396	GPCR downstream signalling	633	625	625	623	621	618	OBSERVED_PROJECTION	OBSERVED_PROJECTION	3	NOT_COMPUTED_DEFINITION_CONFLICT
R-HSA-388479	Vasopressin-like receptors	6	6	6	6	6	6	COMPLETE_MEMBERSHIP	COMPLETE_MEMBERSHIP	0	NOT_COMPUTED_DEFINITION_CONFLICT
R-HSA-388841	Regulation of T cell activation by CD28 family	258	203	203	202	199	162	OBSERVED_PROJECTION	OBSERVED_PROJECTION	37	NOT_COMPUTED_DEFINITION_CONFLICT
R-HSA-388844	Receptor-type tyrosine-protein phosphatases	20	20	20	20	20	20	COMPLETE_MEMBERSHIP	COMPLETE_MEMBERSHIP	0	NOT_COMPUTED_DEFINITION_CONFLICT
R-HSA-389356	Co-stimulation by CD28	50	48	48	47	46	46	OBSERVED_PROJECTION	OBSERVED_PROJECTION	0	NOT_COMPUTED_DEFINITION_CONFLICT
R-HSA-389357	CD28 dependent PI3K/Akt signaling	29	27	27	26	26	26	OBSERVED_PROJECTION	OBSERVED_PROJECTION	0	NOT_COMPUTED_DEFINITION_CONFLICT
R-HSA-389359	CD28 dependent Vav1 pathway	12	12	12	12	12	12	COMPLETE_MEMBERSHIP	COMPLETE_MEMBERSHIP	0	NOT_COMPUTED_DEFINITION_CONFLICT
R-HSA-389397	Orexin and neuropeptides FF and QRFP bind to their respective receptors	8	8	8	8	8	8	COMPLETE_MEMBERSHIP	COMPLETE_MEMBERSHIP	0	NOT_COMPUTED_DEFINITION_CONFLICT
R-HSA-389513	Co-inhibition by CTLA4	21	21	21	21	20	20	OBSERVED_PROJECTION	OBSERVED_PROJECTION	0	NOT_COMPUTED_DEFINITION_CONFLICT
R-HSA-389542	NADPH regeneration	2	2	2	2	2	2	COMPLETE_MEMBERSHIP	COMPLETE_MEMBERSHIP	0	NOT_COMPUTED_DEFINITION_CONFLICT
R-HSA-389599	Alpha-oxidation of phytanate	6	6	6	6	6	6	COMPLETE_MEMBERSHIP	COMPLETE_MEMBERSHIP	0	NOT_COMPUTED_DEFINITION_CONFLICT
R-HSA-389661	Glyoxylate metabolism and glycine degradation	19	18	18	17	17	16	OBSERVED_PROJECTION	OBSERVED_PROJECTION	1	NOT_COMPUTED_DEFINITION_CONFLICT
R-HSA-389887	Beta-oxidation of pristanoyl-CoA	9	9	9	9	9	9	COMPLETE_MEMBERSHIP	COMPLETE_MEMBERSHIP	0	NOT_COMPUTED_DEFINITION_CONFLICT
R-HSA-3899300	SUMOylation of transcription cofactors	44	43	43	43	42	38	OBSERVED_PROJECTION	OBSERVED_PROJECTION	4	NOT_COMPUTED_DEFINITION_CONFLICT
R-HSA-389948	Co-inhibition by PD-1	205	152	152	152	150	113	OBSERVED_PROJECTION	OBSERVED_PROJECTION	37	NOT_COMPUTED_DEFINITION_CONFLICT
R-HSA-389957	Prefoldin mediated transfer of substrate  to CCT/TriC	28	28	28	28	28	16	OBSERVED_PROJECTION	COMPLETE_MEMBERSHIP	12	NOT_COMPUTED_DEFINITION_CONFLICT
R-HSA-389958	Cooperation of Prefoldin and TriC/CCT  in actin and tubulin folding	33	32	32	32	32	20	OBSERVED_PROJECTION	OBSERVED_PROJECTION	12	NOT_COMPUTED_DEFINITION_CONFLICT
R-HSA-389960	Formation of tubulin folding intermediates by CCT/TriC	26	25	25	25	25	17	OBSERVED_PROJECTION	OBSERVED_PROJECTION	8	NOT_COMPUTED_DEFINITION_CONFLICT
R-HSA-389977	Post-chaperonin tubulin folding pathway	23	22	22	22	22	20	OBSERVED_PROJECTION	OBSERVED_PROJECTION	2	NOT_COMPUTED_DEFINITION_CONFLICT
R-HSA-390247	Beta-oxidation of very long chain fatty acids	11	11	11	11	11	10	OBSERVED_PROJECTION	COMPLETE_MEMBERSHIP	1	NOT_COMPUTED_DEFINITION_CONFLICT
R-HSA-390450	Folding of actin by CCT/TriC	10	10	10	10	10	2	OBSERVED_PROJECTION	COMPLETE_MEMBERSHIP	8	NOT_COMPUTED_DEFINITION_CONFLICT
R-HSA-390466	Chaperonin-mediated protein folding	92	89	89	89	89	76	OBSERVED_PROJECTION	OBSERVED_PROJECTION	13	NOT_COMPUTED_DEFINITION_CONFLICT
R-HSA-390471	Association of TriC/CCT with target proteins during biosynthesis	39	37	37	37	37	28	OBSERVED_PROJECTION	OBSERVED_PROJECTION	9	NOT_COMPUTED_DEFINITION_CONFLICT
R-HSA-390522	Striated Muscle Contraction	36	36	36	36	36	36	COMPLETE_MEMBERSHIP	COMPLETE_MEMBERSHIP	0	NOT_COMPUTED_DEFINITION_CONFLICT
R-HSA-390648	Muscarinic acetylcholine receptors	5	4	4	4	4	4	OBSERVED_PROJECTION	OBSERVED_PROJECTION	0	NOT_COMPUTED_DEFINITION_CONFLICT
R-HSA-390650	Histamine receptors	4	4	4	4	4	4	COMPLETE_MEMBERSHIP	COMPLETE_MEMBERSHIP	0	NOT_COMPUTED_DEFINITION_CONFLICT
R-HSA-390651	Dopamine receptors	5	5	5	5	5	5	COMPLETE_MEMBERSHIP	COMPLETE_MEMBERSHIP	0	NOT_COMPUTED_DEFINITION_CONFLICT
R-HSA-390666	Serotonin receptors	12	12	12	12	12	12	COMPLETE_MEMBERSHIP	COMPLETE_MEMBERSHIP	0	NOT_COMPUTED_DEFINITION_CONFLICT
R-HSA-390696	Adrenoceptors	9	9	9	9	9	9	COMPLETE_MEMBERSHIP	COMPLETE_MEMBERSHIP	0	NOT_COMPUTED_DEFINITION_CONFLICT
R-HSA-3906995	Diseases associated with O-glycosylation of proteins	71	66	66	66	66	65	OBSERVED_PROJECTION	OBSERVED_PROJECTION	1	NOT_COMPUTED_DEFINITION_CONFLICT
R-HSA-390918	Peroxisomal lipid metabolism	28	28	28	28	28	27	OBSERVED_PROJECTION	COMPLETE_MEMBERSHIP	1	NOT_COMPUTED_DEFINITION_CONFLICT
R-HSA-391160	Signal regulatory protein family interactions	16	15	15	15	15	15	OBSERVED_PROJECTION	OBSERVED_PROJECTION	0	NOT_COMPUTED_DEFINITION_CONFLICT
R-HSA-391251	Protein folding	98	95	95	95	95	80	OBSERVED_PROJECTION	OBSERVED_PROJECTION	15	NOT_COMPUTED_DEFINITION_CONFLICT
R-HSA-391903	Eicosanoid ligand-binding receptors	15	15	15	15	15	15	COMPLETE_MEMBERSHIP	COMPLETE_MEMBERSHIP	0	NOT_COMPUTED_DEFINITION_CONFLICT
R-HSA-391906	Leukotriene receptors	5	5	5	5	5	5	COMPLETE_MEMBERSHIP	COMPLETE_MEMBERSHIP	0	NOT_COMPUTED_DEFINITION_CONFLICT
R-HSA-391908	Prostanoid ligand receptors	9	9	9	9	9	9	COMPLETE_MEMBERSHIP	COMPLETE_MEMBERSHIP	0	NOT_COMPUTED_DEFINITION_CONFLICT
R-HSA-392023	Adrenaline signalling through Alpha-2 adrenergic receptor	3	3	3	3	3	3	COMPLETE_MEMBERSHIP	COMPLETE_MEMBERSHIP	0	NOT_COMPUTED_DEFINITION_CONFLICT
R-HSA-392154	Nitric oxide stimulates guanylate cyclase	23	19	19	19	19	19	OBSERVED_PROJECTION	OBSERVED_PROJECTION	0	NOT_COMPUTED_DEFINITION_CONFLICT
R-HSA-392170	ADP signalling through P2Y purinoceptor 12	22	22	22	22	22	22	COMPLETE_MEMBERSHIP	COMPLETE_MEMBERSHIP	0	NOT_COMPUTED_DEFINITION_CONFLICT
R-HSA-392451	G beta:gamma signalling through PI3Kgamma	25	25	25	25	25	25	COMPLETE_MEMBERSHIP	COMPLETE_MEMBERSHIP	0	NOT_COMPUTED_DEFINITION_CONFLICT
R-HSA-392499	Metabolism of proteins	2133	1942	1941	1937	1916	1669	OBSERVED_PROJECTION	OBSERVED_PROJECTION	247	NOT_COMPUTED_DEFINITION_CONFLICT
R-HSA-392517	Rap1 signalling	16	16	16	16	16	16	COMPLETE_MEMBERSHIP	COMPLETE_MEMBERSHIP	0	NOT_COMPUTED_DEFINITION_CONFLICT
R-HSA-392518	Signal amplification	33	33	33	33	33	33	COMPLETE_MEMBERSHIP	COMPLETE_MEMBERSHIP	0	NOT_COMPUTED_DEFINITION_CONFLICT
R-HSA-392851	Prostacyclin signalling through prostacyclin receptor	19	19	19	19	19	19	COMPLETE_MEMBERSHIP	COMPLETE_MEMBERSHIP	0	NOT_COMPUTED_DEFINITION_CONFLICT
R-HSA-3928662	EPHB-mediated forward signaling	42	42	42	42	42	41	OBSERVED_PROJECTION	COMPLETE_MEMBERSHIP	1	NOT_COMPUTED_DEFINITION_CONFLICT
R-HSA-3928663	EPHA-mediated growth cone collapse	29	29	29	29	29	29	COMPLETE_MEMBERSHIP	COMPLETE_MEMBERSHIP	0	NOT_COMPUTED_DEFINITION_CONFLICT
R-HSA-3928664	Ephrin signaling	19	19	19	19	19	19	COMPLETE_MEMBERSHIP	COMPLETE_MEMBERSHIP	0	NOT_COMPUTED_DEFINITION_CONFLICT
R-HSA-3928665	EPH-ephrin mediated repulsion of cells	51	51	51	51	51	50	OBSERVED_PROJECTION	COMPLETE_MEMBERSHIP	1	NOT_COMPUTED_DEFINITION_CONFLICT
R-HSA-397014	Muscle contraction	204	199	199	198	198	198	OBSERVED_PROJECTION	OBSERVED_PROJECTION	0	NOT_COMPUTED_DEFINITION_CONFLICT
R-HSA-397795	G-protein beta:gamma signalling	32	32	32	32	32	32	COMPLETE_MEMBERSHIP	COMPLETE_MEMBERSHIP	0	NOT_COMPUTED_DEFINITION_CONFLICT
R-HSA-399710	Activation of AMPA receptors	4	4	4	4	4	4	COMPLETE_MEMBERSHIP	COMPLETE_MEMBERSHIP	0	NOT_COMPUTED_DEFINITION_CONFLICT
R-HSA-399719	Trafficking of AMPA receptors	31	31	31	31	31	31	COMPLETE_MEMBERSHIP	COMPLETE_MEMBERSHIP	0	NOT_COMPUTED_DEFINITION_CONFLICT
R-HSA-399721	Glutamate binding, activation of AMPA receptors and synaptic plasticity	31	31	31	31	31	31	COMPLETE_MEMBERSHIP	COMPLETE_MEMBERSHIP	0	NOT_COMPUTED_DEFINITION_CONFLICT
R-HSA-399954	Sema3A PAK dependent Axon repulsion	16	16	16	16	16	16	COMPLETE_MEMBERSHIP	COMPLETE_MEMBERSHIP	0	NOT_COMPUTED_DEFINITION_CONFLICT
R-HSA-399955	SEMA3A-Plexin repulsion signaling by inhibiting Integrin adhesion	14	14	14	14	14	14	COMPLETE_MEMBERSHIP	COMPLETE_MEMBERSHIP	0	NOT_COMPUTED_DEFINITION_CONFLICT
R-HSA-399956	CRMPs in Sema3A signaling	16	16	16	16	16	16	COMPLETE_MEMBERSHIP	COMPLETE_MEMBERSHIP	0	NOT_COMPUTED_DEFINITION_CONFLICT
R-HSA-399997	Acetylcholine regulates insulin secretion	10	9	9	9	9	9	OBSERVED_PROJECTION	OBSERVED_PROJECTION	0	NOT_COMPUTED_DEFINITION_CONFLICT
R-HSA-400042	Adrenaline,noradrenaline inhibits insulin secretion	28	28	28	28	28	28	COMPLETE_MEMBERSHIP	COMPLETE_MEMBERSHIP	0	NOT_COMPUTED_DEFINITION_CONFLICT
R-HSA-400206	Regulation of lipid metabolism by PPARalpha	119	118	118	118	117	104	OBSERVED_PROJECTION	OBSERVED_PROJECTION	13	NOT_COMPUTED_DEFINITION_CONFLICT
R-HSA-400451	Free fatty acids regulate insulin secretion	11	11	11	11	11	11	COMPLETE_MEMBERSHIP	COMPLETE_MEMBERSHIP	0	NOT_COMPUTED_DEFINITION_CONFLICT
R-HSA-400508	Incretin synthesis, secretion, and inactivation	24	24	24	24	24	23	OBSERVED_PROJECTION	COMPLETE_MEMBERSHIP	1	NOT_COMPUTED_DEFINITION_CONFLICT
R-HSA-400511	Synthesis, secretion, and inactivation of Glucose-dependent Insulinotropic Polypeptide (GIP)	13	13	13	13	13	12	OBSERVED_PROJECTION	COMPLETE_MEMBERSHIP	1	NOT_COMPUTED_DEFINITION_CONFLICT
R-HSA-400685	Sema4D in semaphorin signaling	24	24	24	24	24	24	COMPLETE_MEMBERSHIP	COMPLETE_MEMBERSHIP	0	NOT_COMPUTED_DEFINITION_CONFLICT
R-HSA-4043911	Defective PMM2 causes PMM2-CDG	1	1	1	1	1	1	COMPLETE_MEMBERSHIP	COMPLETE_MEMBERSHIP	0	NOT_COMPUTED_DEFINITION_CONFLICT
R-HSA-4043916	Defective MPI causes MPI-CDG	1	1	1	1	1	1	COMPLETE_MEMBERSHIP	COMPLETE_MEMBERSHIP	0	NOT_COMPUTED_DEFINITION_CONFLICT
R-HSA-4085001	Sialic acid metabolism	33	33	33	33	33	33	COMPLETE_MEMBERSHIP	COMPLETE_MEMBERSHIP	0	NOT_COMPUTED_DEFINITION_CONFLICT
R-HSA-4085011	Defective GNE causes sialuria, NK and IBM2	1	1	1	1	1	1	COMPLETE_MEMBERSHIP	COMPLETE_MEMBERSHIP	0	NOT_COMPUTED_DEFINITION_CONFLICT
R-HSA-4085023	Defective GFPT1 causes CMSTA1	1	1	1	1	1	1	COMPLETE_MEMBERSHIP	COMPLETE_MEMBERSHIP	0	NOT_COMPUTED_DEFINITION_CONFLICT
R-HSA-4085377	SUMOylation of SUMOylation proteins	35	33	33	33	33	16	OBSERVED_PROJECTION	OBSERVED_PROJECTION	17	NOT_COMPUTED_DEFINITION_CONFLICT
R-HSA-4086398	Ca2+ pathway	63	62	62	62	62	62	OBSERVED_PROJECTION	OBSERVED_PROJECTION	0	NOT_COMPUTED_DEFINITION_CONFLICT
R-HSA-4086400	PCP/CE pathway	79	78	78	78	76	49	OBSERVED_PROJECTION	OBSERVED_PROJECTION	27	NOT_COMPUTED_DEFINITION_CONFLICT
R-HSA-4090294	SUMOylation of intracellular receptors	30	30	30	30	30	28	OBSERVED_PROJECTION	COMPLETE_MEMBERSHIP	2	NOT_COMPUTED_DEFINITION_CONFLICT
R-HSA-416476	G alpha (q) signalling events	219	215	215	214	214	214	OBSERVED_PROJECTION	OBSERVED_PROJECTION	0	NOT_COMPUTED_DEFINITION_CONFLICT
R-HSA-416482	G alpha (12/13) signalling events	80	80	80	80	80	79	OBSERVED_PROJECTION	COMPLETE_MEMBERSHIP	1	NOT_COMPUTED_DEFINITION_CONFLICT
R-HSA-416550	Sema4D mediated inhibition of cell attachment and migration	8	8	8	8	8	8	COMPLETE_MEMBERSHIP	COMPLETE_MEMBERSHIP	0	NOT_COMPUTED_DEFINITION_CONFLICT
R-HSA-416572	Sema4D induced cell migration and growth-cone collapse	20	20	20	20	20	20	COMPLETE_MEMBERSHIP	COMPLETE_MEMBERSHIP	0	NOT_COMPUTED_DEFINITION_CONFLICT
R-HSA-416700	Other semaphorin interactions	19	19	19	19	19	19	COMPLETE_MEMBERSHIP	COMPLETE_MEMBERSHIP	0	NOT_COMPUTED_DEFINITION_CONFLICT
R-HSA-416993	Trafficking of GluR2-containing AMPA receptors	17	17	17	17	17	17	COMPLETE_MEMBERSHIP	COMPLETE_MEMBERSHIP	0	NOT_COMPUTED_DEFINITION_CONFLICT
R-HSA-417957	P2Y receptors	12	12	12	12	12	12	COMPLETE_MEMBERSHIP	COMPLETE_MEMBERSHIP	0	NOT_COMPUTED_DEFINITION_CONFLICT
R-HSA-417973	Adenosine P1 receptors	4	4	4	4	4	4	COMPLETE_MEMBERSHIP	COMPLETE_MEMBERSHIP	0	NOT_COMPUTED_DEFINITION_CONFLICT
R-HSA-418038	Nucleotide-like (purinergic) receptors	16	16	16	16	16	16	COMPLETE_MEMBERSHIP	COMPLETE_MEMBERSHIP	0	NOT_COMPUTED_DEFINITION_CONFLICT
R-HSA-418217	G beta:gamma signalling through PLC beta	20	20	20	20	20	20	COMPLETE_MEMBERSHIP	COMPLETE_MEMBERSHIP	0	NOT_COMPUTED_DEFINITION_CONFLICT
R-HSA-418346	Platelet homeostasis	87	83	83	83	81	81	OBSERVED_PROJECTION	OBSERVED_PROJECTION	0	NOT_COMPUTED_DEFINITION_CONFLICT
R-HSA-418359	Reduction of cytosolic Ca++ levels	12	12	12	12	12	12	COMPLETE_MEMBERSHIP	COMPLETE_MEMBERSHIP	0	NOT_COMPUTED_DEFINITION_CONFLICT
R-HSA-418360	Platelet calcium homeostasis	28	28	28	28	28	28	COMPLETE_MEMBERSHIP	COMPLETE_MEMBERSHIP	0	NOT_COMPUTED_DEFINITION_CONFLICT
R-HSA-418457	cGMP effects	16	15	15	15	15	15	OBSERVED_PROJECTION	OBSERVED_PROJECTION	0	NOT_COMPUTED_DEFINITION_CONFLICT
R-HSA-418555	G alpha (s) signalling events	158	155	155	155	155	155	OBSERVED_PROJECTION	OBSERVED_PROJECTION	0	NOT_COMPUTED_DEFINITION_CONFLICT
R-HSA-418592	ADP signalling through P2Y purinoceptor 1	25	25	25	25	25	25	COMPLETE_MEMBERSHIP	COMPLETE_MEMBERSHIP	0	NOT_COMPUTED_DEFINITION_CONFLICT
R-HSA-418594	G alpha (i) signalling events	316	312	312	311	309	307	OBSERVED_PROJECTION	OBSERVED_PROJECTION	2	NOT_COMPUTED_DEFINITION_CONFLICT
R-HSA-418597	G alpha (z) signalling events	48	48	48	48	48	48	COMPLETE_MEMBERSHIP	COMPLETE_MEMBERSHIP	0	NOT_COMPUTED_DEFINITION_CONFLICT
R-HSA-418885	DCC mediated attractive signaling	14	14	14	14	14	14	COMPLETE_MEMBERSHIP	COMPLETE_MEMBERSHIP	0	NOT_COMPUTED_DEFINITION_CONFLICT
R-HSA-418886	Netrin mediated repulsion signals	8	8	8	8	8	8	COMPLETE_MEMBERSHIP	COMPLETE_MEMBERSHIP	0	NOT_COMPUTED_DEFINITION_CONFLICT
R-HSA-418889	Caspase activation via Dependence Receptors in the absence of ligand	10	10	10	10	10	10	COMPLETE_MEMBERSHIP	COMPLETE_MEMBERSHIP	0	NOT_COMPUTED_DEFINITION_CONFLICT
R-HSA-418890	Role of second messengers in netrin-1 signaling	10	10	10	10	10	10	COMPLETE_MEMBERSHIP	COMPLETE_MEMBERSHIP	0	NOT_COMPUTED_DEFINITION_CONFLICT
R-HSA-418990	Adherens junctions interactions	239	195	195	194	192	159	OBSERVED_PROJECTION	OBSERVED_PROJECTION	33	NOT_COMPUTED_DEFINITION_CONFLICT
R-HSA-419037	NCAM1 interactions	42	42	42	42	42	42	COMPLETE_MEMBERSHIP	COMPLETE_MEMBERSHIP	0	NOT_COMPUTED_DEFINITION_CONFLICT
R-HSA-419408	Lysosphingolipid and LPA receptors	14	9	9	9	9	9	OBSERVED_PROJECTION	OBSERVED_PROJECTION	0	NOT_COMPUTED_DEFINITION_CONFLICT
R-HSA-419771	Opsins	9	9	9	8	8	8	OBSERVED_PROJECTION	OBSERVED_PROJECTION	0	NOT_COMPUTED_DEFINITION_CONFLICT
R-HSA-419812	Calcitonin-like ligand receptors	10	10	10	10	10	10	COMPLETE_MEMBERSHIP	COMPLETE_MEMBERSHIP	0	NOT_COMPUTED_DEFINITION_CONFLICT
R-HSA-420029	Tight junction interactions	31	28	28	28	28	28	OBSERVED_PROJECTION	OBSERVED_PROJECTION	0	NOT_COMPUTED_DEFINITION_CONFLICT
R-HSA-420092	Glucagon-type ligand receptors	33	33	33	33	33	33	COMPLETE_MEMBERSHIP	COMPLETE_MEMBERSHIP	0	NOT_COMPUTED_DEFINITION_CONFLICT
R-HSA-420499	Class C/3 (Metabotropic glutamate/pheromone receptors)	40	39	39	39	39	39	OBSERVED_PROJECTION	OBSERVED_PROJECTION	0	NOT_COMPUTED_DEFINITION_CONFLICT
R-HSA-420597	Nectin/Necl  trans heterodimerization	7	3	3	3	3	3	OBSERVED_PROJECTION	OBSERVED_PROJECTION	0	NOT_COMPUTED_DEFINITION_CONFLICT
R-HSA-421270	Cell-cell junction organization	272	225	225	224	222	189	OBSERVED_PROJECTION	OBSERVED_PROJECTION	33	NOT_COMPUTED_DEFINITION_CONFLICT
R-HSA-422085	Synthesis, secretion, and deacylation of Ghrelin	19	19	19	19	19	18	OBSERVED_PROJECTION	COMPLETE_MEMBERSHIP	1	NOT_COMPUTED_DEFINITION_CONFLICT
R-HSA-422356	Regulation of insulin secretion	78	77	77	77	77	77	OBSERVED_PROJECTION	OBSERVED_PROJECTION	0	NOT_COMPUTED_DEFINITION_CONFLICT
R-HSA-422475	Axon guidance	542	529	529	529	523	425	OBSERVED_PROJECTION	OBSERVED_PROJECTION	98	NOT_COMPUTED_DEFINITION_CONFLICT
R-HSA-425381	Bicarbonate transporters	10	10	10	10	10	10	COMPLETE_MEMBERSHIP	COMPLETE_MEMBERSHIP	0	NOT_COMPUTED_DEFINITION_CONFLICT
R-HSA-425397	Transport of vitamins, nucleosides, and related molecules	32	32	32	32	32	32	COMPLETE_MEMBERSHIP	COMPLETE_MEMBERSHIP	0	NOT_COMPUTED_DEFINITION_CONFLICT
R-HSA-425407	SLC-mediated transmembrane transport	244	241	241	241	239	238	OBSERVED_PROJECTION	OBSERVED_PROJECTION	1	NOT_COMPUTED_DEFINITION_CONFLICT
R-HSA-425410	Metal ion SLC transporters	44	44	44	44	44	43	OBSERVED_PROJECTION	COMPLETE_MEMBERSHIP	1	NOT_COMPUTED_DEFINITION_CONFLICT
R-HSA-425561	Sodium/Calcium exchangers	11	11	11	11	11	11	COMPLETE_MEMBERSHIP	COMPLETE_MEMBERSHIP	0	NOT_COMPUTED_DEFINITION_CONFLICT
R-HSA-425986	Sodium/Proton exchangers	9	9	9	9	9	9	COMPLETE_MEMBERSHIP	COMPLETE_MEMBERSHIP	0	NOT_COMPUTED_DEFINITION_CONFLICT
R-HSA-426048	Arachidonate production from DAG	5	5	5	5	5	5	COMPLETE_MEMBERSHIP	COMPLETE_MEMBERSHIP	0	NOT_COMPUTED_DEFINITION_CONFLICT
R-HSA-426117	Cation-coupled Chloride cotransporters	7	7	7	7	7	7	COMPLETE_MEMBERSHIP	COMPLETE_MEMBERSHIP	0	NOT_COMPUTED_DEFINITION_CONFLICT
R-HSA-426486	Small interfering RNA (siRNA) biogenesis	9	9	9	9	9	9	COMPLETE_MEMBERSHIP	COMPLETE_MEMBERSHIP	0	NOT_COMPUTED_DEFINITION_CONFLICT
R-HSA-426496	Post-transcriptional silencing by small RNAs	7	7	7	7	7	7	COMPLETE_MEMBERSHIP	COMPLETE_MEMBERSHIP	0	NOT_COMPUTED_DEFINITION_CONFLICT
R-HSA-427359	SIRT1 negatively regulates rRNA expression	39	8	8	8	8	7	OBSERVED_PROJECTION	OBSERVED_PROJECTION	1	NOT_COMPUTED_DEFINITION_CONFLICT
R-HSA-427389	ERCC6 (CSB) and EHMT2 (G9a) positively regulate rRNA expression	45	16	16	15	15	13	OBSERVED_PROJECTION	OBSERVED_PROJECTION	2	NOT_COMPUTED_DEFINITION_CONFLICT
R-HSA-427413	NoRC negatively regulates rRNA expression	76	43	43	43	42	30	OBSERVED_PROJECTION	OBSERVED_PROJECTION	12	NOT_COMPUTED_DEFINITION_CONFLICT
R-HSA-427589	Type II Na+/Pi cotransporters	3	3	3	3	3	3	COMPLETE_MEMBERSHIP	COMPLETE_MEMBERSHIP	0	NOT_COMPUTED_DEFINITION_CONFLICT
R-HSA-427601	Inorganic anion exchange by SLC26 transporters	8	8	8	8	8	8	COMPLETE_MEMBERSHIP	COMPLETE_MEMBERSHIP	0	NOT_COMPUTED_DEFINITION_CONFLICT
R-HSA-427652	Sodium-coupled phosphate cotransporters	6	6	6	6	6	6	COMPLETE_MEMBERSHIP	COMPLETE_MEMBERSHIP	0	NOT_COMPUTED_DEFINITION_CONFLICT
R-HSA-427975	Proton/oligopeptide cotransporters	3	3	3	3	3	3	COMPLETE_MEMBERSHIP	COMPLETE_MEMBERSHIP	0	NOT_COMPUTED_DEFINITION_CONFLICT
R-HSA-428157	Sphingolipid metabolism	107	101	101	100	100	100	OBSERVED_PROJECTION	OBSERVED_PROJECTION	0	NOT_COMPUTED_DEFINITION_CONFLICT
R-HSA-428359	Insulin-like Growth Factor-2 mRNA Binding Proteins (IGF2BPs/IMPs/VICKZs) bind RNA	8	7	7	7	7	7	OBSERVED_PROJECTION	OBSERVED_PROJECTION	0	NOT_COMPUTED_DEFINITION_CONFLICT
R-HSA-428540	Activation of RAC1	13	12	12	12	12	12	OBSERVED_PROJECTION	OBSERVED_PROJECTION	0	NOT_COMPUTED_DEFINITION_CONFLICT
R-HSA-428542	Regulation of commissural axon pathfinding by SLIT and ROBO	10	10	10	10	10	10	COMPLETE_MEMBERSHIP	COMPLETE_MEMBERSHIP	0	NOT_COMPUTED_DEFINITION_CONFLICT
R-HSA-428543	Inactivation of CDC42 and RAC1	8	8	8	8	8	8	COMPLETE_MEMBERSHIP	COMPLETE_MEMBERSHIP	0	NOT_COMPUTED_DEFINITION_CONFLICT
R-HSA-428559	Proton-coupled neutral amino acid transporters	2	2	2	2	2	2	COMPLETE_MEMBERSHIP	COMPLETE_MEMBERSHIP	0	NOT_COMPUTED_DEFINITION_CONFLICT
R-HSA-428643	Organic anion transport by SLC5/17/25 transporters	6	6	6	6	5	5	OBSERVED_PROJECTION	OBSERVED_PROJECTION	0	NOT_COMPUTED_DEFINITION_CONFLICT
R-HSA-428890	Role of ABL in ROBO-SLIT signaling	8	8	8	8	8	8	COMPLETE_MEMBERSHIP	COMPLETE_MEMBERSHIP	0	NOT_COMPUTED_DEFINITION_CONFLICT
R-HSA-428930	Thromboxane signalling through TP receptor	24	24	24	24	24	24	COMPLETE_MEMBERSHIP	COMPLETE_MEMBERSHIP	0	NOT_COMPUTED_DEFINITION_CONFLICT
R-HSA-429593	Inositol transporters	3	3	3	3	3	3	COMPLETE_MEMBERSHIP	COMPLETE_MEMBERSHIP	0	NOT_COMPUTED_DEFINITION_CONFLICT
R-HSA-429914	Deadenylation-dependent mRNA decay	56	50	50	50	49	29	OBSERVED_PROJECTION	OBSERVED_PROJECTION	20	NOT_COMPUTED_DEFINITION_CONFLICT
R-HSA-429947	Deadenylation of mRNA	25	22	22	22	22	16	OBSERVED_PROJECTION	OBSERVED_PROJECTION	6	NOT_COMPUTED_DEFINITION_CONFLICT
R-HSA-429958	mRNA decay by 3' to 5' exoribonuclease	16	13	13	13	12	3	OBSERVED_PROJECTION	OBSERVED_PROJECTION	9	NOT_COMPUTED_DEFINITION_CONFLICT
R-HSA-430039	mRNA decay by 5' to 3' exoribonuclease	15	15	15	15	15	10	OBSERVED_PROJECTION	COMPLETE_MEMBERSHIP	5	NOT_COMPUTED_DEFINITION_CONFLICT
R-HSA-430116	GP1b-IX-V activation signalling	12	12	12	12	12	12	COMPLETE_MEMBERSHIP	COMPLETE_MEMBERSHIP	0	NOT_COMPUTED_DEFINITION_CONFLICT
R-HSA-432030	Transport of glycerol from adipocytes to the liver by Aquaporins	2	2	2	2	2	2	COMPLETE_MEMBERSHIP	COMPLETE_MEMBERSHIP	0	NOT_COMPUTED_DEFINITION_CONFLICT
R-HSA-432040	Vasopressin regulates renal water homeostasis via Aquaporins	43	43	43	43	43	43	COMPLETE_MEMBERSHIP	COMPLETE_MEMBERSHIP	0	NOT_COMPUTED_DEFINITION_CONFLICT
R-HSA-432047	Passive transport by Aquaporins	13	13	13	13	13	13	COMPLETE_MEMBERSHIP	COMPLETE_MEMBERSHIP	0	NOT_COMPUTED_DEFINITION_CONFLICT
R-HSA-432142	Platelet sensitization by LDL	17	17	17	17	15	15	OBSERVED_PROJECTION	OBSERVED_PROJECTION	0	NOT_COMPUTED_DEFINITION_CONFLICT
R-HSA-432720	Lysosome Vesicle Biogenesis	35	35	35	35	35	32	OBSERVED_PROJECTION	COMPLETE_MEMBERSHIP	3	NOT_COMPUTED_DEFINITION_CONFLICT
R-HSA-432722	Golgi Associated Vesicle Biogenesis	56	56	56	56	56	56	COMPLETE_MEMBERSHIP	COMPLETE_MEMBERSHIP	0	NOT_COMPUTED_DEFINITION_CONFLICT
R-HSA-433137	Sodium-coupled sulphate, di- and tri-carboxylate transporters	2	2	2	2	2	2	COMPLETE_MEMBERSHIP	COMPLETE_MEMBERSHIP	0	NOT_COMPUTED_DEFINITION_CONFLICT
R-HSA-433692	Proton-coupled monocarboxylate transport	6	6	6	6	5	5	OBSERVED_PROJECTION	OBSERVED_PROJECTION	0	NOT_COMPUTED_DEFINITION_CONFLICT
R-HSA-4341670	Defective NEU1 causes sialidosis	3	3	3	3	3	3	COMPLETE_MEMBERSHIP	COMPLETE_MEMBERSHIP	0	NOT_COMPUTED_DEFINITION_CONFLICT
R-HSA-434313	Intracellular metabolism of fatty acids regulates insulin secretion	3	3	3	3	3	3	COMPLETE_MEMBERSHIP	COMPLETE_MEMBERSHIP	0	NOT_COMPUTED_DEFINITION_CONFLICT
R-HSA-434316	Fatty Acids bound to GPR40 (FFAR1) regulate insulin secretion	8	8	8	8	8	8	COMPLETE_MEMBERSHIP	COMPLETE_MEMBERSHIP	0	NOT_COMPUTED_DEFINITION_CONFLICT
R-HSA-435354	Zinc transporters	15	15	15	15	15	14	OBSERVED_PROJECTION	COMPLETE_MEMBERSHIP	1	NOT_COMPUTED_DEFINITION_CONFLICT
R-HSA-435368	Zinc efflux and compartmentalization by the SLC30 family	5	5	5	5	5	5	COMPLETE_MEMBERSHIP	COMPLETE_MEMBERSHIP	0	NOT_COMPUTED_DEFINITION_CONFLICT
R-HSA-437239	Recycling pathway of L1	49	46	46	46	46	45	OBSERVED_PROJECTION	OBSERVED_PROJECTION	1	NOT_COMPUTED_DEFINITION_CONFLICT
R-HSA-438064	Post NMDA receptor activation events	81	79	79	79	79	78	OBSERVED_PROJECTION	OBSERVED_PROJECTION	1	NOT_COMPUTED_DEFINITION_CONFLICT
R-HSA-438066	Unblocking of NMDA receptors, glutamate binding and activation	21	21	21	21	21	21	COMPLETE_MEMBERSHIP	COMPLETE_MEMBERSHIP	0	NOT_COMPUTED_DEFINITION_CONFLICT
R-HSA-4411364	Binding of TCF/LEF:CTNNB1 to target gene promoters	8	8	8	8	8	8	COMPLETE_MEMBERSHIP	COMPLETE_MEMBERSHIP	0	NOT_COMPUTED_DEFINITION_CONFLICT
R-HSA-4419969	Depolymerization of the Nuclear Lamina	15	15	15	15	15	14	OBSERVED_PROJECTION	COMPLETE_MEMBERSHIP	1	NOT_COMPUTED_DEFINITION_CONFLICT
R-HSA-4420097	VEGFA-VEGFR2 Pathway	99	97	97	96	96	95	OBSERVED_PROJECTION	OBSERVED_PROJECTION	1	NOT_COMPUTED_DEFINITION_CONFLICT
R-HSA-4420332	Defective B3GALT6 causes EDSP2 and SEMDJL1	20	20	20	20	20	20	COMPLETE_MEMBERSHIP	COMPLETE_MEMBERSHIP	0	NOT_COMPUTED_DEFINITION_CONFLICT
R-HSA-442380	Zinc influx into cells by the SLC39 gene family	10	10	10	10	10	9	OBSERVED_PROJECTION	COMPLETE_MEMBERSHIP	1	NOT_COMPUTED_DEFINITION_CONFLICT
R-HSA-442660	SLC-mediated transport of neurotransmitters	21	21	21	21	21	21	COMPLETE_MEMBERSHIP	COMPLETE_MEMBERSHIP	0	NOT_COMPUTED_DEFINITION_CONFLICT
R-HSA-442720	CREB1 phosphorylation through the activation of Adenylate Cyclase	12	12	12	12	12	12	COMPLETE_MEMBERSHIP	COMPLETE_MEMBERSHIP	0	NOT_COMPUTED_DEFINITION_CONFLICT
R-HSA-442729	CREB1 phosphorylation through the activation of CaMKII/CaMKK/CaMKIV cascasde	8	8	8	8	8	7	OBSERVED_PROJECTION	COMPLETE_MEMBERSHIP	1	NOT_COMPUTED_DEFINITION_CONFLICT
R-HSA-442742	CREB1 phosphorylation through NMDA receptor-mediated activation of RAS signaling	28	28	28	28	28	28	COMPLETE_MEMBERSHIP	COMPLETE_MEMBERSHIP	0	NOT_COMPUTED_DEFINITION_CONFLICT
R-HSA-442755	Activation of NMDA receptors and postsynaptic events	94	92	92	92	92	91	OBSERVED_PROJECTION	OBSERVED_PROJECTION	1	NOT_COMPUTED_DEFINITION_CONFLICT
R-HSA-442982	Ras activation upon Ca2+ influx through NMDA receptor	20	20	20	20	20	20	COMPLETE_MEMBERSHIP	COMPLETE_MEMBERSHIP	0	NOT_COMPUTED_DEFINITION_CONFLICT
R-HSA-444209	Free fatty acid receptors	5	5	5	5	5	5	COMPLETE_MEMBERSHIP	COMPLETE_MEMBERSHIP	0	NOT_COMPUTED_DEFINITION_CONFLICT
R-HSA-444257	RSK activation	7	7	7	7	7	7	COMPLETE_MEMBERSHIP	COMPLETE_MEMBERSHIP	0	NOT_COMPUTED_DEFINITION_CONFLICT
R-HSA-444411	Rhesus glycoproteins mediate ammonium transport	3	3	3	3	3	3	COMPLETE_MEMBERSHIP	COMPLETE_MEMBERSHIP	0	NOT_COMPUTED_DEFINITION_CONFLICT
R-HSA-444473	Formyl peptide receptors bind formyl peptides and many other ligands	9	8	8	8	8	8	OBSERVED_PROJECTION	OBSERVED_PROJECTION	0	NOT_COMPUTED_DEFINITION_CONFLICT
R-HSA-444821	Relaxin receptors	8	8	8	8	8	8	COMPLETE_MEMBERSHIP	COMPLETE_MEMBERSHIP	0	NOT_COMPUTED_DEFINITION_CONFLICT
R-HSA-445095	Interaction between L1 and Ankyrins	31	31	31	31	31	30	OBSERVED_PROJECTION	COMPLETE_MEMBERSHIP	1	NOT_COMPUTED_DEFINITION_CONFLICT
R-HSA-445144	Signal transduction by L1	21	21	21	21	21	21	COMPLETE_MEMBERSHIP	COMPLETE_MEMBERSHIP	0	NOT_COMPUTED_DEFINITION_CONFLICT
R-HSA-445355	Smooth Muscle Contraction	44	40	40	40	40	40	OBSERVED_PROJECTION	OBSERVED_PROJECTION	0	NOT_COMPUTED_DEFINITION_CONFLICT
R-HSA-445717	Aquaporin-mediated transport	52	52	52	52	52	52	COMPLETE_MEMBERSHIP	COMPLETE_MEMBERSHIP	0	NOT_COMPUTED_DEFINITION_CONFLICT
R-HSA-445989	TAK1-dependent IKK and NF-kappa-B activation	45	44	44	44	44	43	OBSERVED_PROJECTION	OBSERVED_PROJECTION	1	NOT_COMPUTED_DEFINITION_CONFLICT
R-HSA-446107	Type I hemidesmosome assembly	11	11	11	11	11	11	COMPLETE_MEMBERSHIP	COMPLETE_MEMBERSHIP	0	NOT_COMPUTED_DEFINITION_CONFLICT
R-HSA-446193	Biosynthesis of the N-glycan precursor (dolichol lipid-linked oligosaccharide, LLO) and transfer to a nascent protein	80	78	78	78	76	73	OBSERVED_PROJECTION	OBSERVED_PROJECTION	3	NOT_COMPUTED_DEFINITION_CONFLICT
R-HSA-446199	Synthesis of dolichyl-phosphate	7	7	7	7	7	6	OBSERVED_PROJECTION	COMPLETE_MEMBERSHIP	1	NOT_COMPUTED_DEFINITION_CONFLICT
R-HSA-446203	Asparagine N-linked glycosylation	312	307	307	307	305	277	OBSERVED_PROJECTION	OBSERVED_PROJECTION	28	NOT_COMPUTED_DEFINITION_CONFLICT
R-HSA-446205	Synthesis of GDP-mannose	6	6	6	6	6	6	COMPLETE_MEMBERSHIP	COMPLETE_MEMBERSHIP	0	NOT_COMPUTED_DEFINITION_CONFLICT
R-HSA-446210	Synthesis of UDP-N-acetyl-glucosamine	8	8	8	8	8	8	COMPLETE_MEMBERSHIP	COMPLETE_MEMBERSHIP	0	NOT_COMPUTED_DEFINITION_CONFLICT
R-HSA-446219	Synthesis of substrates in N-glycan biosythesis	65	63	63	63	62	61	OBSERVED_PROJECTION	OBSERVED_PROJECTION	1	NOT_COMPUTED_DEFINITION_CONFLICT
R-HSA-446343	Localization of the PINCH-ILK-PARVIN complex to focal adhesions	4	4	4	4	4	4	COMPLETE_MEMBERSHIP	COMPLETE_MEMBERSHIP	0	NOT_COMPUTED_DEFINITION_CONFLICT
R-HSA-446353	Cell-extracellular matrix interactions	18	18	18	18	18	17	OBSERVED_PROJECTION	COMPLETE_MEMBERSHIP	1	NOT_COMPUTED_DEFINITION_CONFLICT
R-HSA-446388	Regulation of cytoskeletal remodeling and cell spreading by IPP complex components	8	8	8	8	8	8	COMPLETE_MEMBERSHIP	COMPLETE_MEMBERSHIP	0	NOT_COMPUTED_DEFINITION_CONFLICT
R-HSA-446652	Interleukin-1 family signaling	140	137	137	137	135	106	OBSERVED_PROJECTION	OBSERVED_PROJECTION	29	NOT_COMPUTED_DEFINITION_CONFLICT
R-HSA-446728	Cell junction organization	299	252	252	251	249	216	OBSERVED_PROJECTION	OBSERVED_PROJECTION	33	NOT_COMPUTED_DEFINITION_CONFLICT
R-HSA-447038	NrCAM interactions	7	7	7	7	7	7	COMPLETE_MEMBERSHIP	COMPLETE_MEMBERSHIP	0	NOT_COMPUTED_DEFINITION_CONFLICT
R-HSA-447041	CHL1 interactions	9	9	9	9	9	9	COMPLETE_MEMBERSHIP	COMPLETE_MEMBERSHIP	0	NOT_COMPUTED_DEFINITION_CONFLICT
R-HSA-447043	Neurofascin interactions	7	7	7	7	7	7	COMPLETE_MEMBERSHIP	COMPLETE_MEMBERSHIP	0	NOT_COMPUTED_DEFINITION_CONFLICT
R-HSA-447115	Interleukin-12 family signaling	56	56	56	55	55	51	OBSERVED_PROJECTION	OBSERVED_PROJECTION	4	NOT_COMPUTED_DEFINITION_CONFLICT
R-HSA-448424	Interleukin-17 signaling	72	71	71	71	71	68	OBSERVED_PROJECTION	OBSERVED_PROJECTION	3	NOT_COMPUTED_DEFINITION_CONFLICT
R-HSA-448706	Interleukin-1 processing	9	9	9	9	9	9	COMPLETE_MEMBERSHIP	COMPLETE_MEMBERSHIP	0	NOT_COMPUTED_DEFINITION_CONFLICT
R-HSA-449147	Signaling by Interleukins	451	441	441	440	438	404	OBSERVED_PROJECTION	OBSERVED_PROJECTION	34	NOT_COMPUTED_DEFINITION_CONFLICT
R-HSA-449836	Other interleukin signaling	24	24	24	24	24	24	COMPLETE_MEMBERSHIP	COMPLETE_MEMBERSHIP	0	NOT_COMPUTED_DEFINITION_CONFLICT
R-HSA-450282	MAPK targets/ Nuclear events mediated by MAP kinases	31	31	31	31	31	31	COMPLETE_MEMBERSHIP	COMPLETE_MEMBERSHIP	0	NOT_COMPUTED_DEFINITION_CONFLICT
R-HSA-450294	MAP kinase activation	63	63	63	63	63	60	OBSERVED_PROJECTION	COMPLETE_MEMBERSHIP	3	NOT_COMPUTED_DEFINITION_CONFLICT
R-HSA-450302	activated TAK1 mediates p38 MAPK activation	23	23	23	23	23	22	OBSERVED_PROJECTION	COMPLETE_MEMBERSHIP	1	NOT_COMPUTED_DEFINITION_CONFLICT
R-HSA-450321	JNK (c-Jun kinases) phosphorylation and  activation mediated by activated human TAK1	22	22	22	22	22	21	OBSERVED_PROJECTION	COMPLETE_MEMBERSHIP	1	NOT_COMPUTED_DEFINITION_CONFLICT
R-HSA-450341	Activation of the AP-1 family of transcription factors	10	10	10	10	10	10	COMPLETE_MEMBERSHIP	COMPLETE_MEMBERSHIP	0	NOT_COMPUTED_DEFINITION_CONFLICT
R-HSA-450385	Butyrate Response Factor 1 (BRF1) binds and destabilizes mRNA	17	17	17	17	16	7	OBSERVED_PROJECTION	OBSERVED_PROJECTION	9	NOT_COMPUTED_DEFINITION_CONFLICT
R-HSA-450408	AUF1 (hnRNP D0) binds and destabilizes mRNA	42	41	41	40	38	10	OBSERVED_PROJECTION	OBSERVED_PROJECTION	28	NOT_COMPUTED_DEFINITION_CONFLICT
R-HSA-450513	Tristetraprolin (TTP, ZFP36) binds and destabilizes mRNA	17	17	17	17	16	7	OBSERVED_PROJECTION	OBSERVED_PROJECTION	9	NOT_COMPUTED_DEFINITION_CONFLICT
R-HSA-450520	HuR (ELAVL1) binds and stabilizes mRNA	10	10	10	10	10	8	OBSERVED_PROJECTION	COMPLETE_MEMBERSHIP	2	NOT_COMPUTED_DEFINITION_CONFLICT
R-HSA-450531	Regulation of mRNA stability by proteins that bind AU-rich elements	76	75	75	74	71	32	OBSERVED_PROJECTION	OBSERVED_PROJECTION	39	NOT_COMPUTED_DEFINITION_CONFLICT
R-HSA-450604	KSRP (KHSRP) binds and destabilizes mRNA	17	17	17	17	16	7	OBSERVED_PROJECTION	OBSERVED_PROJECTION	9	NOT_COMPUTED_DEFINITION_CONFLICT
R-HSA-451306	Ionotropic activity of kainate receptors	10	10	10	10	10	9	OBSERVED_PROJECTION	COMPLETE_MEMBERSHIP	1	NOT_COMPUTED_DEFINITION_CONFLICT
R-HSA-451307	Activation of Na-permeable kainate receptors	2	2	2	2	2	1	OBSERVED_PROJECTION	COMPLETE_MEMBERSHIP	1	NOT_COMPUTED_DEFINITION_CONFLICT
R-HSA-451308	Activation of Ca-permeable Kainate Receptor	10	10	10	10	10	9	OBSERVED_PROJECTION	COMPLETE_MEMBERSHIP	1	NOT_COMPUTED_DEFINITION_CONFLICT
R-HSA-451326	Activation of kainate receptors upon glutamate binding	30	30	30	30	30	29	OBSERVED_PROJECTION	COMPLETE_MEMBERSHIP	1	NOT_COMPUTED_DEFINITION_CONFLICT
R-HSA-451927	Interleukin-2 family signaling	44	44	44	44	44	44	COMPLETE_MEMBERSHIP	COMPLETE_MEMBERSHIP	0	NOT_COMPUTED_DEFINITION_CONFLICT
R-HSA-452723	Transcriptional regulation of pluripotent stem cells	31	30	30	30	30	30	OBSERVED_PROJECTION	OBSERVED_PROJECTION	0	NOT_COMPUTED_DEFINITION_CONFLICT
R-HSA-453274	Mitotic G2-G2/M phases	193	185	185	185	181	122	OBSERVED_PROJECTION	OBSERVED_PROJECTION	59	NOT_COMPUTED_DEFINITION_CONFLICT
R-HSA-453276	Regulation of mitotic cell cycle	75	74	74	74	71	29	OBSERVED_PROJECTION	OBSERVED_PROJECTION	42	NOT_COMPUTED_DEFINITION_CONFLICT
R-HSA-453279	Mitotic G1 phase and G1/S transition	139	137	137	137	135	82	OBSERVED_PROJECTION	OBSERVED_PROJECTION	53	NOT_COMPUTED_DEFINITION_CONFLICT
R-HSA-4549349	Defective ALG2 causes CDG-1i	1	1	1	1	1	1	COMPLETE_MEMBERSHIP	COMPLETE_MEMBERSHIP	0	NOT_COMPUTED_DEFINITION_CONFLICT
R-HSA-4549356	Defective DPAGT1 causes CDG-1j, CMSTA2	1	1	1	1	1	1	COMPLETE_MEMBERSHIP	COMPLETE_MEMBERSHIP	0	NOT_COMPUTED_DEFINITION_CONFLICT
R-HSA-4549380	Defective ALG1 causes CDG-1k	1	1	1	1	1	0	NO_SUPPORT	COMPLETE_MEMBERSHIP	1	NOT_COMPUTED_DEFINITION_CONFLICT
R-HSA-4551295	Defective ALG11 causes CDG-1p	1	1	1	1	0	0	NO_SUPPORT	NO_SUPPORT	0	NOT_COMPUTED_DEFINITION_CONFLICT
R-HSA-4551638	SUMOylation of chromatin organization proteins	58	55	55	55	55	38	OBSERVED_PROJECTION	OBSERVED_PROJECTION	17	NOT_COMPUTED_DEFINITION_CONFLICT
R-HSA-456926	Thrombin signalling through proteinase activated receptors (PARs)	32	32	32	32	32	32	COMPLETE_MEMBERSHIP	COMPLETE_MEMBERSHIP	0	NOT_COMPUTED_DEFINITION_CONFLICT
R-HSA-4570464	SUMOylation of RNA binding proteins	47	45	45	45	45	26	OBSERVED_PROJECTION	OBSERVED_PROJECTION	19	NOT_COMPUTED_DEFINITION_CONFLICT
R-HSA-4570571	Defective RFT1 causes CDG-1n	1	1	1	1	1	0	NO_SUPPORT	COMPLETE_MEMBERSHIP	1	NOT_COMPUTED_DEFINITION_CONFLICT
R-HSA-4608870	Asymmetric localization of PCP proteins	51	50	50	50	48	21	OBSERVED_PROJECTION	OBSERVED_PROJECTION	27	NOT_COMPUTED_DEFINITION_CONFLICT
R-HSA-4615885	SUMOylation of DNA replication proteins	46	44	44	44	43	20	OBSERVED_PROJECTION	OBSERVED_PROJECTION	23	NOT_COMPUTED_DEFINITION_CONFLICT
R-HSA-4641257	Degradation of AXIN	42	41	41	41	39	13	OBSERVED_PROJECTION	OBSERVED_PROJECTION	26	NOT_COMPUTED_DEFINITION_CONFLICT
R-HSA-4641258	Degradation of DVL	44	43	43	43	41	14	OBSERVED_PROJECTION	OBSERVED_PROJECTION	27	NOT_COMPUTED_DEFINITION_CONFLICT
R-HSA-4641262	Disassembly of the destruction complex and recruitment of AXIN to the membrane	31	31	31	31	30	30	OBSERVED_PROJECTION	OBSERVED_PROJECTION	0	NOT_COMPUTED_DEFINITION_CONFLICT
R-HSA-4641263	Regulation of FZD by ubiquitination	21	21	21	21	21	20	OBSERVED_PROJECTION	COMPLETE_MEMBERSHIP	1	NOT_COMPUTED_DEFINITION_CONFLICT
R-HSA-4641265	Repression of WNT target genes	14	13	13	13	13	13	OBSERVED_PROJECTION	OBSERVED_PROJECTION	0	NOT_COMPUTED_DEFINITION_CONFLICT
R-HSA-4655427	SUMOylation of DNA methylation proteins	16	16	16	16	16	15	OBSERVED_PROJECTION	COMPLETE_MEMBERSHIP	1	NOT_COMPUTED_DEFINITION_CONFLICT
R-HSA-4687000	Defective MPDU1 causes CDG-1f	1	1	1	1	1	1	COMPLETE_MEMBERSHIP	COMPLETE_MEMBERSHIP	0	NOT_COMPUTED_DEFINITION_CONFLICT
R-HSA-4717374	Defective DPM1 causes DPM1-CDG	3	3	3	3	3	3	COMPLETE_MEMBERSHIP	COMPLETE_MEMBERSHIP	0	NOT_COMPUTED_DEFINITION_CONFLICT
R-HSA-4719360	Defective DPM3 causes DPM3-CDG	3	3	3	3	3	3	COMPLETE_MEMBERSHIP	COMPLETE_MEMBERSHIP	0	NOT_COMPUTED_DEFINITION_CONFLICT
R-HSA-4719377	Defective DPM2 causes DPM2-CDG	3	3	3	3	3	3	COMPLETE_MEMBERSHIP	COMPLETE_MEMBERSHIP	0	NOT_COMPUTED_DEFINITION_CONFLICT
R-HSA-4720454	Defective ALG9 causes CDG-1l	1	1	1	1	1	1	COMPLETE_MEMBERSHIP	COMPLETE_MEMBERSHIP	0	NOT_COMPUTED_DEFINITION_CONFLICT
R-HSA-4720475	Defective ALG3 causes CDG-1d	1	1	1	1	1	1	COMPLETE_MEMBERSHIP	COMPLETE_MEMBERSHIP	0	NOT_COMPUTED_DEFINITION_CONFLICT
R-HSA-4720489	Defective ALG12 causes CDG-1g	1	1	1	1	1	1	COMPLETE_MEMBERSHIP	COMPLETE_MEMBERSHIP	0	NOT_COMPUTED_DEFINITION_CONFLICT
R-HSA-4724289	Defective ALG6 causes CDG-1c	1	1	1	1	1	1	COMPLETE_MEMBERSHIP	COMPLETE_MEMBERSHIP	0	NOT_COMPUTED_DEFINITION_CONFLICT
R-HSA-4724325	Defective ALG8 causes CDG-1h	1	1	1	1	1	1	COMPLETE_MEMBERSHIP	COMPLETE_MEMBERSHIP	0	NOT_COMPUTED_DEFINITION_CONFLICT
R-HSA-4755510	SUMOylation of immune response proteins	12	12	12	12	12	10	OBSERVED_PROJECTION	COMPLETE_MEMBERSHIP	2	NOT_COMPUTED_DEFINITION_CONFLICT
R-HSA-4755579	Defective SRD5A3 causes SRD5A3-CDG, KHRZ	1	1	1	1	1	1	COMPLETE_MEMBERSHIP	COMPLETE_MEMBERSHIP	0	NOT_COMPUTED_DEFINITION_CONFLICT
R-HSA-4755583	Defective DOLK causes DOLK-CDG	1	1	1	1	1	1	COMPLETE_MEMBERSHIP	COMPLETE_MEMBERSHIP	0	NOT_COMPUTED_DEFINITION_CONFLICT
R-HSA-4755609	Defective DHDDS causes RP59	2	2	2	2	2	1	OBSERVED_PROJECTION	COMPLETE_MEMBERSHIP	1	NOT_COMPUTED_DEFINITION_CONFLICT
R-HSA-4791275	Signaling by WNT in cancer	34	34	34	34	33	33	OBSERVED_PROJECTION	OBSERVED_PROJECTION	0	NOT_COMPUTED_DEFINITION_CONFLICT
R-HSA-4793950	Defective MAN1B1 causes MRT15	1	1	1	1	1	1	COMPLETE_MEMBERSHIP	COMPLETE_MEMBERSHIP	0	NOT_COMPUTED_DEFINITION_CONFLICT
R-HSA-4793952	Defective MGAT2 causes CDG-2a	1	1	1	1	1	1	COMPLETE_MEMBERSHIP	COMPLETE_MEMBERSHIP	0	NOT_COMPUTED_DEFINITION_CONFLICT
R-HSA-4793953	Defective B4GALT1 causes CDG-2d	1	1	1	1	1	1	COMPLETE_MEMBERSHIP	COMPLETE_MEMBERSHIP	0	NOT_COMPUTED_DEFINITION_CONFLICT
R-HSA-4793954	Defective MOGS causes CDG-2b	1	1	1	1	1	1	COMPLETE_MEMBERSHIP	COMPLETE_MEMBERSHIP	0	NOT_COMPUTED_DEFINITION_CONFLICT
R-HSA-480985	Synthesis of dolichyl-phosphate-glucose	2	2	2	2	2	2	COMPLETE_MEMBERSHIP	COMPLETE_MEMBERSHIP	0	NOT_COMPUTED_DEFINITION_CONFLICT
R-HSA-4839726	Chromatin organization	346	289	289	288	288	246	OBSERVED_PROJECTION	OBSERVED_PROJECTION	42	NOT_COMPUTED_DEFINITION_CONFLICT
R-HSA-4839735	Signaling by AXIN mutants	14	14	14	14	13	13	OBSERVED_PROJECTION	OBSERVED_PROJECTION	0	NOT_COMPUTED_DEFINITION_CONFLICT
R-HSA-4839743	Signaling by CTNNB1 phospho-site mutants	15	15	15	15	14	14	OBSERVED_PROJECTION	OBSERVED_PROJECTION	0	NOT_COMPUTED_DEFINITION_CONFLICT
R-HSA-4839744	Signaling by APC mutants	14	14	14	14	13	13	OBSERVED_PROJECTION	OBSERVED_PROJECTION	0	NOT_COMPUTED_DEFINITION_CONFLICT
R-HSA-4839748	Signaling by AMER1 mutants	14	14	14	14	13	13	OBSERVED_PROJECTION	OBSERVED_PROJECTION	0	NOT_COMPUTED_DEFINITION_CONFLICT
R-HSA-499943	Interconversion of nucleotide di- and triphosphates	30	29	28	28	28	25	OBSERVED_PROJECTION	OBSERVED_PROJECTION	3	NOT_COMPUTED_DEFINITION_CONFLICT
R-HSA-500657	Presynaptic function of Kainate receptors	21	21	21	21	21	21	COMPLETE_MEMBERSHIP	COMPLETE_MEMBERSHIP	0	NOT_COMPUTED_DEFINITION_CONFLICT
R-HSA-500753	Pyrimidine biosynthesis	3	3	3	3	3	3	COMPLETE_MEMBERSHIP	COMPLETE_MEMBERSHIP	0	NOT_COMPUTED_DEFINITION_CONFLICT
R-HSA-500792	GPCR ligand binding	469	453	453	451	449	448	OBSERVED_PROJECTION	OBSERVED_PROJECTION	1	NOT_COMPUTED_DEFINITION_CONFLICT
R-HSA-5083625	Defective GALNT3 causes HFTC	19	18	18	18	18	18	OBSERVED_PROJECTION	OBSERVED_PROJECTION	0	NOT_COMPUTED_DEFINITION_CONFLICT
R-HSA-5083627	Defective LARGE causes MDDGA6 and MDDGB6	2	0	0	0	0	0	NO_SUPPORT	NO_SUPPORT	0	NOT_COMPUTED_DEFINITION_CONFLICT
R-HSA-5083628	Defective POMGNT1 causes MDDGA3, MDDGB3 and MDDGC3	2	2	2	2	2	2	COMPLETE_MEMBERSHIP	COMPLETE_MEMBERSHIP	0	NOT_COMPUTED_DEFINITION_CONFLICT
R-HSA-5083629	Defective POMT2 causes MDDGA2, MDDGB2 and MDDGC2	3	3	3	3	3	3	COMPLETE_MEMBERSHIP	COMPLETE_MEMBERSHIP	0	NOT_COMPUTED_DEFINITION_CONFLICT
R-HSA-5083630	Defective LFNG causes SCDO3	5	5	5	5	5	4	OBSERVED_PROJECTION	COMPLETE_MEMBERSHIP	1	NOT_COMPUTED_DEFINITION_CONFLICT
R-HSA-5083632	Defective C1GALT1C1 causes TNPS	20	19	19	19	19	19	OBSERVED_PROJECTION	OBSERVED_PROJECTION	0	NOT_COMPUTED_DEFINITION_CONFLICT
R-HSA-5083633	Defective POMT1 causes MDDGA1, MDDGB1 and MDDGC1	3	3	3	3	3	3	COMPLETE_MEMBERSHIP	COMPLETE_MEMBERSHIP	0	NOT_COMPUTED_DEFINITION_CONFLICT
R-HSA-5083635	Defective B3GALTL causes PpS	38	36	36	36	36	36	OBSERVED_PROJECTION	OBSERVED_PROJECTION	0	NOT_COMPUTED_DEFINITION_CONFLICT
R-HSA-5083636	Defective GALNT12 causes CRCS1	19	18	18	18	18	18	OBSERVED_PROJECTION	OBSERVED_PROJECTION	0	NOT_COMPUTED_DEFINITION_CONFLICT
R-HSA-5099900	WNT5A-dependent internalization of FZD4	15	15	15	15	15	15	COMPLETE_MEMBERSHIP	COMPLETE_MEMBERSHIP	0	NOT_COMPUTED_DEFINITION_CONFLICT
R-HSA-512988	Interleukin-3, Interleukin-5 and GM-CSF signaling	48	48	48	48	48	47	OBSERVED_PROJECTION	COMPLETE_MEMBERSHIP	1	NOT_COMPUTED_DEFINITION_CONFLICT
R-HSA-5140745	WNT5A-dependent internalization of FZD2, FZD5 and ROR2	13	13	13	13	13	13	COMPLETE_MEMBERSHIP	COMPLETE_MEMBERSHIP	0	NOT_COMPUTED_DEFINITION_CONFLICT
R-HSA-5173105	O-linked glycosylation	127	114	114	114	114	114	OBSERVED_PROJECTION	OBSERVED_PROJECTION	0	NOT_COMPUTED_DEFINITION_CONFLICT
R-HSA-5173214	O-glycosylation of TSR domain-containing proteins	39	37	37	37	37	37	OBSERVED_PROJECTION	OBSERVED_PROJECTION	0	NOT_COMPUTED_DEFINITION_CONFLICT
R-HSA-5205647	Mitophagy	39	36	36	36	36	31	OBSERVED_PROJECTION	OBSERVED_PROJECTION	5	NOT_COMPUTED_DEFINITION_CONFLICT
R-HSA-5205685	PINK1-PRKN Mediated Mitophagy	32	29	29	29	29	24	OBSERVED_PROJECTION	OBSERVED_PROJECTION	5	NOT_COMPUTED_DEFINITION_CONFLICT
R-HSA-5210891	Uptake and function of anthrax toxins	14	11	11	11	11	11	OBSERVED_PROJECTION	OBSERVED_PROJECTION	0	NOT_COMPUTED_DEFINITION_CONFLICT
R-HSA-5213460	RIPK1-mediated regulated necrosis	34	31	31	31	31	29	OBSERVED_PROJECTION	OBSERVED_PROJECTION	2	NOT_COMPUTED_DEFINITION_CONFLICT
R-HSA-5218859	Regulated Necrosis	61	57	57	57	57	53	OBSERVED_PROJECTION	OBSERVED_PROJECTION	4	NOT_COMPUTED_DEFINITION_CONFLICT
R-HSA-5218900	CASP8 activity is inhibited	11	11	11	11	11	11	COMPLETE_MEMBERSHIP	COMPLETE_MEMBERSHIP	0	NOT_COMPUTED_DEFINITION_CONFLICT
R-HSA-5218920	VEGFR2 mediated vascular permeability	29	27	27	26	26	26	OBSERVED_PROJECTION	OBSERVED_PROJECTION	0	NOT_COMPUTED_DEFINITION_CONFLICT
R-HSA-5218921	VEGFR2 mediated cell proliferation	19	19	19	19	19	19	COMPLETE_MEMBERSHIP	COMPLETE_MEMBERSHIP	0	NOT_COMPUTED_DEFINITION_CONFLICT
R-HSA-5221030	TET1,2,3 and TDG demethylate DNA	4	4	4	4	4	4	COMPLETE_MEMBERSHIP	COMPLETE_MEMBERSHIP	0	NOT_COMPUTED_DEFINITION_CONFLICT
R-HSA-5223345	Miscellaneous transport and binding events	29	28	28	28	28	28	OBSERVED_PROJECTION	OBSERVED_PROJECTION	0	NOT_COMPUTED_DEFINITION_CONFLICT
R-HSA-5250913	Positive epigenetic regulation of rRNA expression	75	43	43	42	42	30	OBSERVED_PROJECTION	OBSERVED_PROJECTION	12	NOT_COMPUTED_DEFINITION_CONFLICT
R-HSA-5250924	B-WICH complex positively regulates rRNA expression	59	28	28	27	27	17	OBSERVED_PROJECTION	OBSERVED_PROJECTION	10	NOT_COMPUTED_DEFINITION_CONFLICT
R-HSA-5250941	Negative epigenetic regulation of rRNA expression	82	46	46	46	45	33	OBSERVED_PROJECTION	OBSERVED_PROJECTION	12	NOT_COMPUTED_DEFINITION_CONFLICT
R-HSA-5250955	Toxicity of botulinum toxin type D (botD)	6	5	5	5	5	5	OBSERVED_PROJECTION	OBSERVED_PROJECTION	0	NOT_COMPUTED_DEFINITION_CONFLICT
R-HSA-5250958	Toxicity of botulinum toxin type B (botB)	8	3	3	3	3	3	OBSERVED_PROJECTION	OBSERVED_PROJECTION	0	NOT_COMPUTED_DEFINITION_CONFLICT
R-HSA-5250968	Toxicity of botulinum toxin type A (botA)	9	4	4	4	4	4	OBSERVED_PROJECTION	OBSERVED_PROJECTION	0	NOT_COMPUTED_DEFINITION_CONFLICT
R-HSA-5250971	Toxicity of botulinum toxin type C (botC)	3	3	3	3	3	3	COMPLETE_MEMBERSHIP	COMPLETE_MEMBERSHIP	0	NOT_COMPUTED_DEFINITION_CONFLICT
R-HSA-5250981	Toxicity of botulinum toxin type F (botF)	6	5	5	5	5	5	OBSERVED_PROJECTION	OBSERVED_PROJECTION	0	NOT_COMPUTED_DEFINITION_CONFLICT
R-HSA-5250982	Toxicity of tetanus toxin (tetX)	2	1	1	1	1	1	OBSERVED_PROJECTION	OBSERVED_PROJECTION	0	NOT_COMPUTED_DEFINITION_CONFLICT
R-HSA-5250989	Toxicity of botulinum toxin type G (botG)	4	3	3	3	3	3	OBSERVED_PROJECTION	OBSERVED_PROJECTION	0	NOT_COMPUTED_DEFINITION_CONFLICT
R-HSA-5250992	Toxicity of botulinum toxin type E (botE)	5	3	3	3	3	3	OBSERVED_PROJECTION	OBSERVED_PROJECTION	0	NOT_COMPUTED_DEFINITION_CONFLICT
R-HSA-525793	Myogenesis	29	29	29	28	28	28	OBSERVED_PROJECTION	OBSERVED_PROJECTION	0	NOT_COMPUTED_DEFINITION_CONFLICT
R-HSA-5260271	Diseases of Immune System	40	37	37	37	37	37	OBSERVED_PROJECTION	OBSERVED_PROJECTION	0	NOT_COMPUTED_DEFINITION_CONFLICT
R-HSA-5263617	Metabolism of ingested MeSeO2H into MeSeH	1	1	1	1	1	1	COMPLETE_MEMBERSHIP	COMPLETE_MEMBERSHIP	0	NOT_COMPUTED_DEFINITION_CONFLICT
R-HSA-532668	N-glycan trimming in the ER and Calnexin/Calreticulin cycle	35	34	34	34	34	30	OBSERVED_PROJECTION	OBSERVED_PROJECTION	4	NOT_COMPUTED_DEFINITION_CONFLICT
R-HSA-5334118	DNA methylation	33	5	5	5	5	5	OBSERVED_PROJECTION	OBSERVED_PROJECTION	0	NOT_COMPUTED_DEFINITION_CONFLICT
R-HSA-5336415	Uptake and function of diphtheria toxin	6	6	6	6	6	6	COMPLETE_MEMBERSHIP	COMPLETE_MEMBERSHIP	0	NOT_COMPUTED_DEFINITION_CONFLICT
R-HSA-5339562	Uptake and actions of bacterial toxins	44	28	28	28	28	28	OBSERVED_PROJECTION	OBSERVED_PROJECTION	0	NOT_COMPUTED_DEFINITION_CONFLICT
R-HSA-5339700	Signaling by TCF7L2 mutants	3	3	3	3	3	3	COMPLETE_MEMBERSHIP	COMPLETE_MEMBERSHIP	0	NOT_COMPUTED_DEFINITION_CONFLICT
R-HSA-5339716	Signaling by GSK3beta mutants	15	15	15	15	14	14	OBSERVED_PROJECTION	OBSERVED_PROJECTION	0	NOT_COMPUTED_DEFINITION_CONFLICT
R-HSA-5339717	Signaling by LRP5 mutants	6	6	6	6	6	6	COMPLETE_MEMBERSHIP	COMPLETE_MEMBERSHIP	0	NOT_COMPUTED_DEFINITION_CONFLICT
R-HSA-5340573	LGK974 inhibits PORCN	1	1	1	1	1	1	COMPLETE_MEMBERSHIP	COMPLETE_MEMBERSHIP	0	NOT_COMPUTED_DEFINITION_CONFLICT
R-HSA-5340588	Signaling by RNF43 mutants	8	8	8	8	8	8	COMPLETE_MEMBERSHIP	COMPLETE_MEMBERSHIP	0	NOT_COMPUTED_DEFINITION_CONFLICT
R-HSA-5357609	Glycogen storage disease type II (GAA)	2	2	2	2	2	2	COMPLETE_MEMBERSHIP	COMPLETE_MEMBERSHIP	0	NOT_COMPUTED_DEFINITION_CONFLICT
R-HSA-5357769	Caspase activation via extrinsic apoptotic signalling pathway	28	26	26	26	26	26	OBSERVED_PROJECTION	OBSERVED_PROJECTION	0	NOT_COMPUTED_DEFINITION_CONFLICT
R-HSA-5357786	TNFR1-induced proapoptotic signaling	26	25	25	25	25	24	OBSERVED_PROJECTION	OBSERVED_PROJECTION	1	NOT_COMPUTED_DEFINITION_CONFLICT
R-HSA-5357801	Programmed Cell Death	202	187	187	187	185	153	OBSERVED_PROJECTION	OBSERVED_PROJECTION	32	NOT_COMPUTED_DEFINITION_CONFLICT
R-HSA-5357905	Regulation of TNFR1 signaling	50	46	46	46	46	44	OBSERVED_PROJECTION	OBSERVED_PROJECTION	2	NOT_COMPUTED_DEFINITION_CONFLICT
R-HSA-5357956	TNFR1-induced NF-kappa-B signaling pathway	33	32	32	32	32	30	OBSERVED_PROJECTION	OBSERVED_PROJECTION	2	NOT_COMPUTED_DEFINITION_CONFLICT
R-HSA-5358346	Hedgehog ligand biogenesis	52	51	51	51	49	21	OBSERVED_PROJECTION	OBSERVED_PROJECTION	28	NOT_COMPUTED_DEFINITION_CONFLICT
R-HSA-5358351	Signaling by Hedgehog	137	134	134	134	132	100	OBSERVED_PROJECTION	OBSERVED_PROJECTION	32	NOT_COMPUTED_DEFINITION_CONFLICT
R-HSA-5358493	Synthesis of diphthamide-EEF2	8	8	8	8	8	8	COMPLETE_MEMBERSHIP	COMPLETE_MEMBERSHIP	0	NOT_COMPUTED_DEFINITION_CONFLICT
R-HSA-5358508	Mismatch Repair	15	15	15	15	14	8	OBSERVED_PROJECTION	OBSERVED_PROJECTION	6	NOT_COMPUTED_DEFINITION_CONFLICT
R-HSA-5358565	Mismatch repair (MMR) directed by MSH2:MSH6 (MutSalpha)	14	14	14	14	13	7	OBSERVED_PROJECTION	OBSERVED_PROJECTION	6	NOT_COMPUTED_DEFINITION_CONFLICT
R-HSA-5358606	Mismatch repair (MMR) directed by MSH2:MSH3 (MutSbeta)	14	14	14	14	13	7	OBSERVED_PROJECTION	OBSERVED_PROJECTION	6	NOT_COMPUTED_DEFINITION_CONFLICT
R-HSA-5358747	CTNNB1 S33 mutants aren't phosphorylated	15	15	15	15	14	14	OBSERVED_PROJECTION	OBSERVED_PROJECTION	0	NOT_COMPUTED_DEFINITION_CONFLICT
R-HSA-5358749	CTNNB1 S37 mutants aren't phosphorylated	15	15	15	15	14	14	OBSERVED_PROJECTION	OBSERVED_PROJECTION	0	NOT_COMPUTED_DEFINITION_CONFLICT
R-HSA-5358751	CTNNB1 S45 mutants aren't phosphorylated	15	15	15	15	14	14	OBSERVED_PROJECTION	OBSERVED_PROJECTION	0	NOT_COMPUTED_DEFINITION_CONFLICT
R-HSA-5358752	CTNNB1 T41 mutants aren't phosphorylated	15	15	15	15	14	14	OBSERVED_PROJECTION	OBSERVED_PROJECTION	0	NOT_COMPUTED_DEFINITION_CONFLICT
R-HSA-5362517	Signaling by Retinoic Acid	41	41	41	41	41	40	OBSERVED_PROJECTION	COMPLETE_MEMBERSHIP	1	NOT_COMPUTED_DEFINITION_CONFLICT
R-HSA-5362768	Hh mutants are degraded by ERAD	43	42	42	42	40	12	OBSERVED_PROJECTION	OBSERVED_PROJECTION	28	NOT_COMPUTED_DEFINITION_CONFLICT
R-HSA-5362798	Release of Hh-Np from the secreting cell	8	8	8	8	8	8	COMPLETE_MEMBERSHIP	COMPLETE_MEMBERSHIP	0	NOT_COMPUTED_DEFINITION_CONFLICT
R-HSA-5365859	RA biosynthesis pathway	22	22	22	22	22	22	COMPLETE_MEMBERSHIP	COMPLETE_MEMBERSHIP	0	NOT_COMPUTED_DEFINITION_CONFLICT
R-HSA-5368286	Mitochondrial translation initiation	104	85	85	85	84	80	OBSERVED_PROJECTION	OBSERVED_PROJECTION	4	NOT_COMPUTED_DEFINITION_CONFLICT
R-HSA-5368287	Mitochondrial translation	137	95	95	95	94	89	OBSERVED_PROJECTION	OBSERVED_PROJECTION	5	NOT_COMPUTED_DEFINITION_CONFLICT
R-HSA-5368598	Negative regulation of TCF-dependent signaling by DVL-interacting proteins	5	5	5	5	5	5	COMPLETE_MEMBERSHIP	COMPLETE_MEMBERSHIP	0	NOT_COMPUTED_DEFINITION_CONFLICT
R-HSA-5387390	Hh mutants abrogate ligand secretion	46	45	45	45	43	15	OBSERVED_PROJECTION	OBSERVED_PROJECTION	28	NOT_COMPUTED_DEFINITION_CONFLICT
R-HSA-5389840	Mitochondrial translation elongation	104	85	85	85	84	80	OBSERVED_PROJECTION	OBSERVED_PROJECTION	4	NOT_COMPUTED_DEFINITION_CONFLICT
R-HSA-5419276	Mitochondrial translation termination	105	86	86	86	85	81	OBSERVED_PROJECTION	OBSERVED_PROJECTION	4	NOT_COMPUTED_DEFINITION_CONFLICT
R-HSA-5423599	Diseases of Mismatch Repair (MMR)	5	5	5	5	5	5	COMPLETE_MEMBERSHIP	COMPLETE_MEMBERSHIP	0	NOT_COMPUTED_DEFINITION_CONFLICT
R-HSA-5423646	Aflatoxin activation and detoxification	19	17	17	17	17	17	OBSERVED_PROJECTION	OBSERVED_PROJECTION	0	NOT_COMPUTED_DEFINITION_CONFLICT
R-HSA-5467333	APC truncation mutants are not K63 polyubiquitinated	1	1	1	1	1	1	COMPLETE_MEMBERSHIP	COMPLETE_MEMBERSHIP	0	NOT_COMPUTED_DEFINITION_CONFLICT
R-HSA-5467337	APC truncation mutants have impaired AXIN binding	14	14	14	14	13	13	OBSERVED_PROJECTION	OBSERVED_PROJECTION	0	NOT_COMPUTED_DEFINITION_CONFLICT
R-HSA-5467340	AXIN missense mutants destabilize the destruction complex	14	14	14	14	13	13	OBSERVED_PROJECTION	OBSERVED_PROJECTION	0	NOT_COMPUTED_DEFINITION_CONFLICT
R-HSA-5467343	Deletions in the AMER1 gene destabilize the destruction complex	1	1	1	1	1	1	COMPLETE_MEMBERSHIP	COMPLETE_MEMBERSHIP	0	NOT_COMPUTED_DEFINITION_CONFLICT
R-HSA-5467345	Deletions in the AXIN1 gene destabilize the destruction complex	1	1	1	1	1	1	COMPLETE_MEMBERSHIP	COMPLETE_MEMBERSHIP	0	NOT_COMPUTED_DEFINITION_CONFLICT
R-HSA-5467348	Truncations of AMER1 destabilize the destruction complex	14	14	14	14	13	13	OBSERVED_PROJECTION	OBSERVED_PROJECTION	0	NOT_COMPUTED_DEFINITION_CONFLICT
R-HSA-549127	SLC-mediated transport of organic cations	15	14	14	14	14	14	OBSERVED_PROJECTION	OBSERVED_PROJECTION	0	NOT_COMPUTED_DEFINITION_CONFLICT
R-HSA-5545483	Defective Mismatch Repair Associated With MLH1	2	2	2	2	2	2	COMPLETE_MEMBERSHIP	COMPLETE_MEMBERSHIP	0	NOT_COMPUTED_DEFINITION_CONFLICT
R-HSA-5545619	XAV939 stabilizes AXIN	2	2	2	2	2	2	COMPLETE_MEMBERSHIP	COMPLETE_MEMBERSHIP	0	NOT_COMPUTED_DEFINITION_CONFLICT
R-HSA-556833	Metabolism of lipids	759	727	725	723	719	697	OBSERVED_PROJECTION	OBSERVED_PROJECTION	22	NOT_COMPUTED_DEFINITION_CONFLICT
R-HSA-5576886	Phase 4 - resting membrane potential	19	19	19	18	18	18	OBSERVED_PROJECTION	OBSERVED_PROJECTION	0	NOT_COMPUTED_DEFINITION_CONFLICT
R-HSA-5576890	Phase 3 - rapid repolarisation	9	8	8	8	8	8	OBSERVED_PROJECTION	OBSERVED_PROJECTION	0	NOT_COMPUTED_DEFINITION_CONFLICT
R-HSA-5576891	Cardiac conduction	130	129	129	128	128	128	OBSERVED_PROJECTION	OBSERVED_PROJECTION	0	NOT_COMPUTED_DEFINITION_CONFLICT
R-HSA-5576892	Phase 0 - rapid depolarisation	32	32	32	32	32	32	COMPLETE_MEMBERSHIP	COMPLETE_MEMBERSHIP	0	NOT_COMPUTED_DEFINITION_CONFLICT
R-HSA-5576893	Phase 2 - plateau phase	15	14	14	14	14	14	OBSERVED_PROJECTION	OBSERVED_PROJECTION	0	NOT_COMPUTED_DEFINITION_CONFLICT
R-HSA-5576894	Phase 1 - inactivation of fast Na+ channels	7	7	7	7	7	7	COMPLETE_MEMBERSHIP	COMPLETE_MEMBERSHIP	0	NOT_COMPUTED_DEFINITION_CONFLICT
R-HSA-5578749	Transcriptional regulation by small RNAs	45	16	16	16	16	7	OBSERVED_PROJECTION	OBSERVED_PROJECTION	9	NOT_COMPUTED_DEFINITION_CONFLICT
R-HSA-5578768	Physiological factors	14	14	14	14	14	14	COMPLETE_MEMBERSHIP	COMPLETE_MEMBERSHIP	0	NOT_COMPUTED_DEFINITION_CONFLICT
R-HSA-5578775	Ion homeostasis	54	54	54	54	54	54	COMPLETE_MEMBERSHIP	COMPLETE_MEMBERSHIP	0	NOT_COMPUTED_DEFINITION_CONFLICT
R-HSA-5578995	Defective TPMT causes TPMT deficiency	1	1	1	1	1	1	COMPLETE_MEMBERSHIP	COMPLETE_MEMBERSHIP	0	NOT_COMPUTED_DEFINITION_CONFLICT
R-HSA-5578996	Defective CYP27A1 causes CTX	1	1	1	1	1	1	COMPLETE_MEMBERSHIP	COMPLETE_MEMBERSHIP	0	NOT_COMPUTED_DEFINITION_CONFLICT
R-HSA-5578997	Defective AHCY causes HMAHCHD	1	1	1	1	1	1	COMPLETE_MEMBERSHIP	COMPLETE_MEMBERSHIP	0	NOT_COMPUTED_DEFINITION_CONFLICT
R-HSA-5578998	Defective OPLAH causes OPLAHD	1	1	1	1	1	1	COMPLETE_MEMBERSHIP	COMPLETE_MEMBERSHIP	0	NOT_COMPUTED_DEFINITION_CONFLICT
R-HSA-5578999	Defective GCLC causes HAGGSD	2	2	2	2	2	2	COMPLETE_MEMBERSHIP	COMPLETE_MEMBERSHIP	0	NOT_COMPUTED_DEFINITION_CONFLICT
R-HSA-5579000	Defective CYP1B1 causes Glaucoma	1	1	1	1	1	1	COMPLETE_MEMBERSHIP	COMPLETE_MEMBERSHIP	0	NOT_COMPUTED_DEFINITION_CONFLICT
R-HSA-5579002	Defective UGT1A1 causes hyperbilirubinemia	1	1	1	1	1	1	COMPLETE_MEMBERSHIP	COMPLETE_MEMBERSHIP	0	NOT_COMPUTED_DEFINITION_CONFLICT
R-HSA-5579004	Defective CYP26C1 causes FFDD4	1	1	1	1	1	1	COMPLETE_MEMBERSHIP	COMPLETE_MEMBERSHIP	0	NOT_COMPUTED_DEFINITION_CONFLICT
R-HSA-5579005	Defective CYP4F22 causes ARCI5	1	1	1	1	1	1	COMPLETE_MEMBERSHIP	COMPLETE_MEMBERSHIP	0	NOT_COMPUTED_DEFINITION_CONFLICT
R-HSA-5579006	Defective GSS causes GSS deficiency	1	1	1	1	1	1	COMPLETE_MEMBERSHIP	COMPLETE_MEMBERSHIP	0	NOT_COMPUTED_DEFINITION_CONFLICT
R-HSA-5579007	Defective ACY1 causes encephalopathy	1	1	1	1	1	1	COMPLETE_MEMBERSHIP	COMPLETE_MEMBERSHIP	0	NOT_COMPUTED_DEFINITION_CONFLICT
R-HSA-5579009	Defective CYP11B2 causes CMO-1 deficiency	1	1	1	1	1	1	COMPLETE_MEMBERSHIP	COMPLETE_MEMBERSHIP	0	NOT_COMPUTED_DEFINITION_CONFLICT
R-HSA-5579010	Defective CYP24A1 causes HCAI	1	1	1	1	1	1	COMPLETE_MEMBERSHIP	COMPLETE_MEMBERSHIP	0	NOT_COMPUTED_DEFINITION_CONFLICT
R-HSA-5579011	Defective CYP2U1 causes SPG56	1	1	1	1	1	1	COMPLETE_MEMBERSHIP	COMPLETE_MEMBERSHIP	0	NOT_COMPUTED_DEFINITION_CONFLICT
R-HSA-5579012	Defective MAOA causes BRUNS	1	1	1	1	1	1	COMPLETE_MEMBERSHIP	COMPLETE_MEMBERSHIP	0	NOT_COMPUTED_DEFINITION_CONFLICT
R-HSA-5579013	Defective CYP7B1 causes SPG5A and CBAS3	1	1	1	1	1	1	COMPLETE_MEMBERSHIP	COMPLETE_MEMBERSHIP	0	NOT_COMPUTED_DEFINITION_CONFLICT
R-HSA-5579014	Defective CYP27B1 causes VDDR1A	1	1	1	1	1	1	COMPLETE_MEMBERSHIP	COMPLETE_MEMBERSHIP	0	NOT_COMPUTED_DEFINITION_CONFLICT
R-HSA-5579015	Defective CYP26B1 causes RHFCA	1	1	1	1	1	1	COMPLETE_MEMBERSHIP	COMPLETE_MEMBERSHIP	0	NOT_COMPUTED_DEFINITION_CONFLICT
R-HSA-5579016	Defective UGT1A4 causes hyperbilirubinemia	1	1	1	1	1	1	COMPLETE_MEMBERSHIP	COMPLETE_MEMBERSHIP	0	NOT_COMPUTED_DEFINITION_CONFLICT
R-HSA-5579017	Defective CYP11B1 causes AH4	1	1	1	1	1	1	COMPLETE_MEMBERSHIP	COMPLETE_MEMBERSHIP	0	NOT_COMPUTED_DEFINITION_CONFLICT
R-HSA-5579019	Defective FMO3 causes TMAU	1	1	1	1	1	1	COMPLETE_MEMBERSHIP	COMPLETE_MEMBERSHIP	0	NOT_COMPUTED_DEFINITION_CONFLICT
R-HSA-5579020	Defective SLC35D1 causes SCHBCKD	1	1	1	1	1	1	COMPLETE_MEMBERSHIP	COMPLETE_MEMBERSHIP	0	NOT_COMPUTED_DEFINITION_CONFLICT
R-HSA-5579021	Defective CYP21A2 causes AH3	1	1	1	1	1	1	COMPLETE_MEMBERSHIP	COMPLETE_MEMBERSHIP	0	NOT_COMPUTED_DEFINITION_CONFLICT
R-HSA-5579022	Defective GGT1 causes GLUTH	1	1	1	1	1	1	COMPLETE_MEMBERSHIP	COMPLETE_MEMBERSHIP	0	NOT_COMPUTED_DEFINITION_CONFLICT
R-HSA-5579024	Defective MAT1A causes MATD	1	1	1	1	1	1	COMPLETE_MEMBERSHIP	COMPLETE_MEMBERSHIP	0	NOT_COMPUTED_DEFINITION_CONFLICT
R-HSA-5579026	Defective CYP11A1 causes AICSR	4	3	3	3	3	3	OBSERVED_PROJECTION	OBSERVED_PROJECTION	0	NOT_COMPUTED_DEFINITION_CONFLICT
R-HSA-5579027	Defective CYP27B1 causes VDDR1B	1	1	1	1	1	1	COMPLETE_MEMBERSHIP	COMPLETE_MEMBERSHIP	0	NOT_COMPUTED_DEFINITION_CONFLICT
R-HSA-5579028	Defective CYP17A1 causes AH5	1	1	1	1	1	1	COMPLETE_MEMBERSHIP	COMPLETE_MEMBERSHIP	0	NOT_COMPUTED_DEFINITION_CONFLICT
R-HSA-5579029	Metabolic disorders of biological oxidation enzymes	34	33	33	33	33	33	OBSERVED_PROJECTION	OBSERVED_PROJECTION	0	NOT_COMPUTED_DEFINITION_CONFLICT
R-HSA-5579030	Defective CYP19A1 causes AEXS	1	1	1	1	1	1	COMPLETE_MEMBERSHIP	COMPLETE_MEMBERSHIP	0	NOT_COMPUTED_DEFINITION_CONFLICT
R-HSA-5579031	Defective ACTH causes obesity and POMCD	2	2	2	2	2	2	COMPLETE_MEMBERSHIP	COMPLETE_MEMBERSHIP	0	NOT_COMPUTED_DEFINITION_CONFLICT
R-HSA-5579032	Defective TBXAS1 causes GHDD	1	1	1	1	1	1	COMPLETE_MEMBERSHIP	COMPLETE_MEMBERSHIP	0	NOT_COMPUTED_DEFINITION_CONFLICT
R-HSA-5601884	PIWI-interacting RNA (piRNA) biogenesis	29	28	28	28	28	20	OBSERVED_PROJECTION	OBSERVED_PROJECTION	8	NOT_COMPUTED_DEFINITION_CONFLICT
R-HSA-5602358	Diseases associated with the TLR signaling cascade	35	32	32	32	32	32	OBSERVED_PROJECTION	OBSERVED_PROJECTION	0	NOT_COMPUTED_DEFINITION_CONFLICT
R-HSA-5602410	TLR3 deficiency - HSE	1	1	1	1	1	1	COMPLETE_MEMBERSHIP	COMPLETE_MEMBERSHIP	0	NOT_COMPUTED_DEFINITION_CONFLICT
R-HSA-5602415	UNC93B1 deficiency - HSE	2	2	2	2	2	2	COMPLETE_MEMBERSHIP	COMPLETE_MEMBERSHIP	0	NOT_COMPUTED_DEFINITION_CONFLICT
R-HSA-5602498	MyD88 deficiency (TLR2/4)	19	17	17	17	17	17	OBSERVED_PROJECTION	OBSERVED_PROJECTION	0	NOT_COMPUTED_DEFINITION_CONFLICT
R-HSA-5602566	TICAM1 deficiency - HSE	2	2	2	2	2	2	COMPLETE_MEMBERSHIP	COMPLETE_MEMBERSHIP	0	NOT_COMPUTED_DEFINITION_CONFLICT
R-HSA-5602571	TRAF3 deficiency - HSE	3	3	3	3	3	3	COMPLETE_MEMBERSHIP	COMPLETE_MEMBERSHIP	0	NOT_COMPUTED_DEFINITION_CONFLICT
R-HSA-5602636	IKBKB deficiency causes SCID	3	3	3	3	3	3	COMPLETE_MEMBERSHIP	COMPLETE_MEMBERSHIP	0	NOT_COMPUTED_DEFINITION_CONFLICT
R-HSA-5602680	MyD88 deficiency (TLR5)	3	2	2	2	2	2	OBSERVED_PROJECTION	OBSERVED_PROJECTION	0	NOT_COMPUTED_DEFINITION_CONFLICT
R-HSA-5603027	IKBKG deficiency causes anhidrotic ectodermal dysplasia with immunodeficiency (EDA-ID) (via TLR)	3	3	3	3	3	3	COMPLETE_MEMBERSHIP	COMPLETE_MEMBERSHIP	0	NOT_COMPUTED_DEFINITION_CONFLICT
R-HSA-5603029	IkBA variant leads to EDA-ID	7	7	7	7	7	7	COMPLETE_MEMBERSHIP	COMPLETE_MEMBERSHIP	0	NOT_COMPUTED_DEFINITION_CONFLICT
R-HSA-5603037	IRAK4 deficiency (TLR5)	5	4	4	4	4	4	OBSERVED_PROJECTION	OBSERVED_PROJECTION	0	NOT_COMPUTED_DEFINITION_CONFLICT
R-HSA-5603041	IRAK4 deficiency (TLR2/4)	20	18	18	18	18	18	OBSERVED_PROJECTION	OBSERVED_PROJECTION	0	NOT_COMPUTED_DEFINITION_CONFLICT
R-HSA-5607761	Dectin-1 mediated noncanonical NF-kB signaling	49	48	48	48	46	17	OBSERVED_PROJECTION	OBSERVED_PROJECTION	29	NOT_COMPUTED_DEFINITION_CONFLICT
R-HSA-5607763	CLEC7A (Dectin-1) induces NFAT activation	11	11	11	11	11	11	COMPLETE_MEMBERSHIP	COMPLETE_MEMBERSHIP	0	NOT_COMPUTED_DEFINITION_CONFLICT
R-HSA-5607764	CLEC7A (Dectin-1) signaling	87	86	86	86	84	55	OBSERVED_PROJECTION	OBSERVED_PROJECTION	29	NOT_COMPUTED_DEFINITION_CONFLICT
R-HSA-5609974	Defective PGM1 causes PGM1-CDG	1	1	1	1	1	1	COMPLETE_MEMBERSHIP	COMPLETE_MEMBERSHIP	0	NOT_COMPUTED_DEFINITION_CONFLICT
R-HSA-5609975	Diseases associated with glycosylation precursor biosynthesis	16	16	16	16	16	15	OBSERVED_PROJECTION	COMPLETE_MEMBERSHIP	1	NOT_COMPUTED_DEFINITION_CONFLICT
R-HSA-5609976	Defective GALK1 causes GALCT2	1	1	1	1	1	1	COMPLETE_MEMBERSHIP	COMPLETE_MEMBERSHIP	0	NOT_COMPUTED_DEFINITION_CONFLICT
R-HSA-5609977	Defective GALE causes EDG	1	1	1	1	1	1	COMPLETE_MEMBERSHIP	COMPLETE_MEMBERSHIP	0	NOT_COMPUTED_DEFINITION_CONFLICT
R-HSA-5609978	Defective GALT can cause GALCT	1	1	1	1	1	1	COMPLETE_MEMBERSHIP	COMPLETE_MEMBERSHIP	0	NOT_COMPUTED_DEFINITION_CONFLICT
R-HSA-561048	Organic anion transport by SLC22 transporters	5	5	5	5	5	5	COMPLETE_MEMBERSHIP	COMPLETE_MEMBERSHIP	0	NOT_COMPUTED_DEFINITION_CONFLICT
R-HSA-5610780	Degradation of GLI1 by the proteasome	47	46	46	46	44	15	OBSERVED_PROJECTION	OBSERVED_PROJECTION	29	NOT_COMPUTED_DEFINITION_CONFLICT
R-HSA-5610783	Degradation of GLI2 by the proteasome	47	46	46	46	44	15	OBSERVED_PROJECTION	OBSERVED_PROJECTION	29	NOT_COMPUTED_DEFINITION_CONFLICT
R-HSA-5610785	GLI3 is processed to GLI3R by the proteasome	47	46	46	46	44	15	OBSERVED_PROJECTION	OBSERVED_PROJECTION	29	NOT_COMPUTED_DEFINITION_CONFLICT
R-HSA-5610787	Hedgehog 'off' state	100	99	99	99	97	68	OBSERVED_PROJECTION	OBSERVED_PROJECTION	29	NOT_COMPUTED_DEFINITION_CONFLICT
R-HSA-5617472	Activation of anterior HOX genes in hindbrain development during early embryogenesis	91	61	61	61	61	50	OBSERVED_PROJECTION	OBSERVED_PROJECTION	11	NOT_COMPUTED_DEFINITION_CONFLICT
R-HSA-5617833	Cilium Assembly	234	209	209	209	206	186	OBSERVED_PROJECTION	OBSERVED_PROJECTION	20	NOT_COMPUTED_DEFINITION_CONFLICT
R-HSA-5619035	Defective SLC17A5 causes Salla disease (SD) and ISSD	1	1	1	1	1	1	COMPLETE_MEMBERSHIP	COMPLETE_MEMBERSHIP	0	NOT_COMPUTED_DEFINITION_CONFLICT
R-HSA-5619036	Defective SLC24A5 causes oculocutaneous albinism 6 (OCA6)	1	1	1	1	1	1	COMPLETE_MEMBERSHIP	COMPLETE_MEMBERSHIP	0	NOT_COMPUTED_DEFINITION_CONFLICT
R-HSA-5619037	Defective transport by SLC35A1 causes congenital disorder of glycosylation 2F (CDG2F)	1	1	1	1	1	1	COMPLETE_MEMBERSHIP	COMPLETE_MEMBERSHIP	0	NOT_COMPUTED_DEFINITION_CONFLICT
R-HSA-5619039	Defective SLC12A6 causes agenesis of the corpus callosum, with peripheral neuropathy (ACCPN)	1	1	1	1	1	1	COMPLETE_MEMBERSHIP	COMPLETE_MEMBERSHIP	0	NOT_COMPUTED_DEFINITION_CONFLICT
R-HSA-5619040	Defective SLC34A1 causes hypophosphatemic nephrolithiasis/osteoporosis 1 (NPHLOP1)	1	1	1	1	1	1	COMPLETE_MEMBERSHIP	COMPLETE_MEMBERSHIP	0	NOT_COMPUTED_DEFINITION_CONFLICT
R-HSA-5619041	Defective SLC36A2 causes iminoglycinuria (IG) and hyperglycinuria (HG)	1	1	1	1	1	1	COMPLETE_MEMBERSHIP	COMPLETE_MEMBERSHIP	0	NOT_COMPUTED_DEFINITION_CONFLICT
R-HSA-5619042	Defective RHAG causes regulator type Rh-null hemolytic anemia (RHN)	1	1	1	1	1	1	COMPLETE_MEMBERSHIP	COMPLETE_MEMBERSHIP	0	NOT_COMPUTED_DEFINITION_CONFLICT
R-HSA-5619043	Defective SLC2A1 causes GLUT1 deficiency syndrome 1 (GLUT1DS1)	1	1	1	1	1	1	COMPLETE_MEMBERSHIP	COMPLETE_MEMBERSHIP	0	NOT_COMPUTED_DEFINITION_CONFLICT
R-HSA-5619044	Defective transport of neurotransmitters by SLC6A19 causes Hartnup disorder (HND)	1	1	1	1	1	1	COMPLETE_MEMBERSHIP	COMPLETE_MEMBERSHIP	0	NOT_COMPUTED_DEFINITION_CONFLICT
R-HSA-5619045	Defective SLC34A2 causes pulmonary alveolar microlithiasis (PALM)	1	1	1	1	1	1	COMPLETE_MEMBERSHIP	COMPLETE_MEMBERSHIP	0	NOT_COMPUTED_DEFINITION_CONFLICT
R-HSA-5619046	Defective SLC26A4 causes Pendred syndrome (PDS)	1	1	1	1	1	1	COMPLETE_MEMBERSHIP	COMPLETE_MEMBERSHIP	0	NOT_COMPUTED_DEFINITION_CONFLICT
R-HSA-5619047	Defective SLC2A9 causes hypouricemia renal 2 (RHUC2)	1	1	1	1	1	1	COMPLETE_MEMBERSHIP	COMPLETE_MEMBERSHIP	0	NOT_COMPUTED_DEFINITION_CONFLICT
R-HSA-5619048	Defective SLC11A2 causes hypochromic microcytic anemia, with iron overload 1 (AHMIO1)	1	1	1	1	1	1	COMPLETE_MEMBERSHIP	COMPLETE_MEMBERSHIP	0	NOT_COMPUTED_DEFINITION_CONFLICT
R-HSA-5619049	Defective SLC40A1 causes hemochromatosis 4 (HFE4) (macrophages)	2	2	2	2	2	2	COMPLETE_MEMBERSHIP	COMPLETE_MEMBERSHIP	0	NOT_COMPUTED_DEFINITION_CONFLICT
R-HSA-5619050	Defective SLC4A1 causes hereditary spherocytosis type 4 (HSP4),  distal renal tubular acidosis (dRTA) and dRTA with hemolytic anemia (dRTA-HA)	1	1	1	1	1	1	COMPLETE_MEMBERSHIP	COMPLETE_MEMBERSHIP	0	NOT_COMPUTED_DEFINITION_CONFLICT
R-HSA-5619052	Defective SLC9A9 causes autism 16 (AUTS16)	1	1	1	1	1	1	COMPLETE_MEMBERSHIP	COMPLETE_MEMBERSHIP	0	NOT_COMPUTED_DEFINITION_CONFLICT
R-HSA-5619053	Defective SLC22A5 causes systemic primary carnitine deficiency (CDSP)	1	1	1	1	1	1	COMPLETE_MEMBERSHIP	COMPLETE_MEMBERSHIP	0	NOT_COMPUTED_DEFINITION_CONFLICT
R-HSA-5619054	Defective SLC4A4 causes renal tubular acidosis, proximal, with ocular abnormalities and mental retardation (pRTA-OA)	1	1	1	1	1	1	COMPLETE_MEMBERSHIP	COMPLETE_MEMBERSHIP	0	NOT_COMPUTED_DEFINITION_CONFLICT
R-HSA-5619055	Defective SLC24A4 causes hypomineralized amelogenesis imperfecta (AI)	1	1	1	1	1	1	COMPLETE_MEMBERSHIP	COMPLETE_MEMBERSHIP	0	NOT_COMPUTED_DEFINITION_CONFLICT
R-HSA-5619056	Defective HK1 causes hexokinase deficiency (HK deficiency)	1	1	1	1	1	1	COMPLETE_MEMBERSHIP	COMPLETE_MEMBERSHIP	0	NOT_COMPUTED_DEFINITION_CONFLICT
R-HSA-5619058	Defective SLCO1B3 causes hyperbilirubinemia, Rotor type (HBLRR)	1	1	1	1	1	1	COMPLETE_MEMBERSHIP	COMPLETE_MEMBERSHIP	0	NOT_COMPUTED_DEFINITION_CONFLICT
R-HSA-5619060	Defective CP causes aceruloplasminemia (ACERULOP)	2	2	2	2	2	2	COMPLETE_MEMBERSHIP	COMPLETE_MEMBERSHIP	0	NOT_COMPUTED_DEFINITION_CONFLICT
R-HSA-5619061	Defective SLC33A1 causes spastic paraplegia 42 (SPG42)	1	1	1	1	1	1	COMPLETE_MEMBERSHIP	COMPLETE_MEMBERSHIP	0	NOT_COMPUTED_DEFINITION_CONFLICT
R-HSA-5619062	Defective SLC1A3 causes episodic ataxia 6 (EA6)	1	1	1	1	1	1	COMPLETE_MEMBERSHIP	COMPLETE_MEMBERSHIP	0	NOT_COMPUTED_DEFINITION_CONFLICT
R-HSA-5619063	Defective SLC29A3 causes histiocytosis-lymphadenopathy plus syndrome (HLAS)	1	1	1	1	1	1	COMPLETE_MEMBERSHIP	COMPLETE_MEMBERSHIP	0	NOT_COMPUTED_DEFINITION_CONFLICT
R-HSA-5619066	Defective SLC22A18 causes lung cancer (LNCR) and embryonal rhabdomyosarcoma 1 (RMSE1)	1	0	0	0	0	0	NO_SUPPORT	NO_SUPPORT	0	NOT_COMPUTED_DEFINITION_CONFLICT
R-HSA-5619067	Defective SLC1A1 is implicated in schizophrenia 18 (SCZD18) and dicarboxylic aminoaciduria (DCBXA)	1	1	1	1	1	1	COMPLETE_MEMBERSHIP	COMPLETE_MEMBERSHIP	0	NOT_COMPUTED_DEFINITION_CONFLICT
R-HSA-5619068	Defective SLC2A10 causes arterial tortuosity syndrome (ATS)	1	1	1	1	1	1	COMPLETE_MEMBERSHIP	COMPLETE_MEMBERSHIP	0	NOT_COMPUTED_DEFINITION_CONFLICT
R-HSA-5619070	Defective SLC16A1 causes symptomatic deficiency in lactate transport (SDLT)	2	2	2	2	2	2	COMPLETE_MEMBERSHIP	COMPLETE_MEMBERSHIP	0	NOT_COMPUTED_DEFINITION_CONFLICT
R-HSA-5619071	Defective SLC22A12 causes renal hypouricemia 1 (RHUC1)	1	1	1	1	1	1	COMPLETE_MEMBERSHIP	COMPLETE_MEMBERSHIP	0	NOT_COMPUTED_DEFINITION_CONFLICT
R-HSA-5619072	Defective SLC35A2 causes congenital disorder of glycosylation 2M (CDG2M)	1	1	1	1	1	1	COMPLETE_MEMBERSHIP	COMPLETE_MEMBERSHIP	0	NOT_COMPUTED_DEFINITION_CONFLICT
R-HSA-5619073	Defective GCK causes maturity-onset diabetes of the young 2 (MODY2)	1	1	1	1	1	1	COMPLETE_MEMBERSHIP	COMPLETE_MEMBERSHIP	0	NOT_COMPUTED_DEFINITION_CONFLICT
R-HSA-5619076	Defective SLC17A8 causes autosomal dominant deafness 25 (DFNA25)	1	1	1	1	1	1	COMPLETE_MEMBERSHIP	COMPLETE_MEMBERSHIP	0	NOT_COMPUTED_DEFINITION_CONFLICT
R-HSA-5619077	Defective SLC24A1 causes congenital stationary night blindness 1D (CSNB1D)	1	1	1	1	1	1	COMPLETE_MEMBERSHIP	COMPLETE_MEMBERSHIP	0	NOT_COMPUTED_DEFINITION_CONFLICT
R-HSA-5619078	Defective SLC35C1 causes congenital disorder of glycosylation 2C (CDG2C)	1	1	1	1	1	1	COMPLETE_MEMBERSHIP	COMPLETE_MEMBERSHIP	0	NOT_COMPUTED_DEFINITION_CONFLICT
R-HSA-5619081	Defective neurotransmitter clearance by SLC6A3 causes Parkinsonism-dystonia infantile (PKDYS)	1	1	1	1	1	1	COMPLETE_MEMBERSHIP	COMPLETE_MEMBERSHIP	0	NOT_COMPUTED_DEFINITION_CONFLICT
R-HSA-5619083	Defective SLC35A3 causes arthrogryposis, mental retardation, and seizures (AMRS)	1	1	1	1	1	1	COMPLETE_MEMBERSHIP	COMPLETE_MEMBERSHIP	0	NOT_COMPUTED_DEFINITION_CONFLICT
R-HSA-5619084	ABC transporter disorders	65	64	64	64	61	33	OBSERVED_PROJECTION	OBSERVED_PROJECTION	28	NOT_COMPUTED_DEFINITION_CONFLICT
R-HSA-5619085	Defective SLC26A3 causes congenital secretory chloride diarrhea 1 (DIAR1)	1	1	1	1	1	1	COMPLETE_MEMBERSHIP	COMPLETE_MEMBERSHIP	0	NOT_COMPUTED_DEFINITION_CONFLICT
R-HSA-5619087	Defective SLC12A3 causes Gitelman syndrome (GS)	1	1	1	1	1	1	COMPLETE_MEMBERSHIP	COMPLETE_MEMBERSHIP	0	NOT_COMPUTED_DEFINITION_CONFLICT
R-HSA-5619088	Defective SLC39A4 causes acrodermatitis enteropathica, zinc-deficiency type (AEZ)	1	1	1	1	1	1	COMPLETE_MEMBERSHIP	COMPLETE_MEMBERSHIP	0	NOT_COMPUTED_DEFINITION_CONFLICT
R-HSA-5619089	Defective SLC6A5 causes hyperekplexia 3 (HKPX3)	1	1	1	1	1	1	COMPLETE_MEMBERSHIP	COMPLETE_MEMBERSHIP	0	NOT_COMPUTED_DEFINITION_CONFLICT
R-HSA-5619092	Defective SLC9A6 causes  X-linked, syndromic mental retardation,, Christianson type (MRXSCH)	1	1	1	1	1	1	COMPLETE_MEMBERSHIP	COMPLETE_MEMBERSHIP	0	NOT_COMPUTED_DEFINITION_CONFLICT
R-HSA-5619094	Variant SLC6A14 may confer susceptibility towards obesity	1	1	1	1	1	1	COMPLETE_MEMBERSHIP	COMPLETE_MEMBERSHIP	0	NOT_COMPUTED_DEFINITION_CONFLICT
R-HSA-5619095	Defective SLCO2A1 causes primary, autosomal recessive hypertrophic osteoarthropathy 2 (PHOAR2)	1	1	1	1	1	1	COMPLETE_MEMBERSHIP	COMPLETE_MEMBERSHIP	0	NOT_COMPUTED_DEFINITION_CONFLICT
R-HSA-5619096	Defective SLC5A5 causes thyroid dyshormonogenesis 1 (TDH1)	1	1	1	1	1	1	COMPLETE_MEMBERSHIP	COMPLETE_MEMBERSHIP	0	NOT_COMPUTED_DEFINITION_CONFLICT
R-HSA-5619097	Defective SLC34A3 causes Hereditary hypophosphatemic rickets with hypercalciuria (HHRH)	1	1	1	1	1	1	COMPLETE_MEMBERSHIP	COMPLETE_MEMBERSHIP	0	NOT_COMPUTED_DEFINITION_CONFLICT
R-HSA-5619098	Defective SLC2A2 causes Fanconi-Bickel syndrome (FBS)	1	1	1	1	1	1	COMPLETE_MEMBERSHIP	COMPLETE_MEMBERSHIP	0	NOT_COMPUTED_DEFINITION_CONFLICT
R-HSA-5619099	Defective AVP does not bind AVPR1A,B and causes neurohypophyseal diabetes insipidus (NDI)	3	3	3	3	3	3	COMPLETE_MEMBERSHIP	COMPLETE_MEMBERSHIP	0	NOT_COMPUTED_DEFINITION_CONFLICT
R-HSA-5619101	Variant SLC6A20 affecting neurotransmitter transport contributes towards hyperglycinuria (HG) and iminoglycinuria (IG)	1	1	1	1	1	1	COMPLETE_MEMBERSHIP	COMPLETE_MEMBERSHIP	0	NOT_COMPUTED_DEFINITION_CONFLICT
R-HSA-5619102	SLC transporter disorders	98	95	95	95	95	80	OBSERVED_PROJECTION	OBSERVED_PROJECTION	15	NOT_COMPUTED_DEFINITION_CONFLICT
R-HSA-5619104	Defective SLC12A1 causes Bartter syndrome 1 (BS1)	1	1	1	1	1	1	COMPLETE_MEMBERSHIP	COMPLETE_MEMBERSHIP	0	NOT_COMPUTED_DEFINITION_CONFLICT
R-HSA-5619107	Defective TPR may confer susceptibility towards thyroid papillary carcinoma (TPC)	32	30	30	30	30	15	OBSERVED_PROJECTION	OBSERVED_PROJECTION	15	NOT_COMPUTED_DEFINITION_CONFLICT
R-HSA-5619108	Defective SLC27A4 causes ichthyosis prematurity syndrome (IPS)	1	1	1	1	1	1	COMPLETE_MEMBERSHIP	COMPLETE_MEMBERSHIP	0	NOT_COMPUTED_DEFINITION_CONFLICT
R-HSA-5619109	Defective SLC6A2 causes orthostatic intolerance (OI)	1	1	1	1	1	1	COMPLETE_MEMBERSHIP	COMPLETE_MEMBERSHIP	0	NOT_COMPUTED_DEFINITION_CONFLICT
R-HSA-5619110	Defective SLCO1B1 causes hyperbilirubinemia, Rotor type (HBLRR)	1	1	1	1	1	1	COMPLETE_MEMBERSHIP	COMPLETE_MEMBERSHIP	0	NOT_COMPUTED_DEFINITION_CONFLICT
R-HSA-5619111	Defective SLC20A2 causes idiopathic basal ganglia calcification 1 (IBGC1)	1	1	1	1	1	1	COMPLETE_MEMBERSHIP	COMPLETE_MEMBERSHIP	0	NOT_COMPUTED_DEFINITION_CONFLICT
R-HSA-5619113	Defective SLC3A1 causes cystinuria (CSNU)	2	2	2	2	2	2	COMPLETE_MEMBERSHIP	COMPLETE_MEMBERSHIP	0	NOT_COMPUTED_DEFINITION_CONFLICT
R-HSA-5619114	Defective SLC5A7 in the neurotransmitter release cycle causes distal hereditary motor neuronopathy 7A (HMN7A)	1	1	1	1	1	1	COMPLETE_MEMBERSHIP	COMPLETE_MEMBERSHIP	0	NOT_COMPUTED_DEFINITION_CONFLICT
R-HSA-5619115	Disorders of transmembrane transporters	163	159	159	159	156	113	OBSERVED_PROJECTION	OBSERVED_PROJECTION	43	NOT_COMPUTED_DEFINITION_CONFLICT
R-HSA-5619507	Activation of HOX genes during differentiation	91	61	61	61	61	50	OBSERVED_PROJECTION	OBSERVED_PROJECTION	11	NOT_COMPUTED_DEFINITION_CONFLICT
R-HSA-5620912	Anchoring of the basal body to the plasma membrane	97	91	91	91	89	77	OBSERVED_PROJECTION	OBSERVED_PROJECTION	12	NOT_COMPUTED_DEFINITION_CONFLICT
R-HSA-5620916	VxPx cargo-targeting to cilium	21	20	20	20	20	19	OBSERVED_PROJECTION	OBSERVED_PROJECTION	1	NOT_COMPUTED_DEFINITION_CONFLICT
R-HSA-5620920	Cargo trafficking to the periciliary membrane	71	69	69	69	68	60	OBSERVED_PROJECTION	OBSERVED_PROJECTION	8	NOT_COMPUTED_DEFINITION_CONFLICT
R-HSA-5620922	BBSome-mediated cargo-targeting to cilium	23	23	23	23	23	17	OBSERVED_PROJECTION	COMPLETE_MEMBERSHIP	6	NOT_COMPUTED_DEFINITION_CONFLICT
R-HSA-5620924	Intraflagellar transport	54	44	44	44	44	44	OBSERVED_PROJECTION	OBSERVED_PROJECTION	0	NOT_COMPUTED_DEFINITION_CONFLICT
R-HSA-5620971	Pyroptosis	27	26	26	26	26	24	OBSERVED_PROJECTION	OBSERVED_PROJECTION	2	NOT_COMPUTED_DEFINITION_CONFLICT
R-HSA-5621480	Dectin-2 family	30	28	28	28	28	28	OBSERVED_PROJECTION	OBSERVED_PROJECTION	0	NOT_COMPUTED_DEFINITION_CONFLICT
R-HSA-5621481	C-type lectin receptors (CLRs)	131	128	128	128	126	97	OBSERVED_PROJECTION	OBSERVED_PROJECTION	29	NOT_COMPUTED_DEFINITION_CONFLICT
R-HSA-5621575	CD209 (DC-SIGN) signaling	21	21	21	21	21	21	COMPLETE_MEMBERSHIP	COMPLETE_MEMBERSHIP	0	NOT_COMPUTED_DEFINITION_CONFLICT
R-HSA-5624138	Trafficking of myristoylated proteins to the cilium	5	5	5	5	4	3	OBSERVED_PROJECTION	OBSERVED_PROJECTION	1	NOT_COMPUTED_DEFINITION_CONFLICT
R-HSA-5624958	ARL13B-mediated ciliary trafficking of INPP5E	3	3	3	3	3	3	COMPLETE_MEMBERSHIP	COMPLETE_MEMBERSHIP	0	NOT_COMPUTED_DEFINITION_CONFLICT
R-HSA-5625740	RHO GTPases activate PKNs	62	34	34	34	34	34	OBSERVED_PROJECTION	OBSERVED_PROJECTION	0	NOT_COMPUTED_DEFINITION_CONFLICT
R-HSA-5625886	Activated PKN1 stimulates transcription of AR (androgen receptor) regulated genes KLK2 and KLK3	35	7	7	7	7	7	OBSERVED_PROJECTION	OBSERVED_PROJECTION	0	NOT_COMPUTED_DEFINITION_CONFLICT
R-HSA-5625900	RHO GTPases activate CIT	19	19	19	19	19	19	COMPLETE_MEMBERSHIP	COMPLETE_MEMBERSHIP	0	NOT_COMPUTED_DEFINITION_CONFLICT
R-HSA-5625970	RHO GTPases activate KTN1	11	11	11	11	11	11	COMPLETE_MEMBERSHIP	COMPLETE_MEMBERSHIP	0	NOT_COMPUTED_DEFINITION_CONFLICT
R-HSA-5626467	RHO GTPases activate IQGAPs	32	30	30	30	30	29	OBSERVED_PROJECTION	OBSERVED_PROJECTION	1	NOT_COMPUTED_DEFINITION_CONFLICT
R-HSA-5626978	TNFR1-mediated ceramide production	6	5	5	5	5	5	OBSERVED_PROJECTION	OBSERVED_PROJECTION	0	NOT_COMPUTED_DEFINITION_CONFLICT
R-HSA-5627083	RHO GTPases regulate CFTR trafficking	3	3	3	3	2	2	OBSERVED_PROJECTION	OBSERVED_PROJECTION	0	NOT_COMPUTED_DEFINITION_CONFLICT
R-HSA-5627117	RHO GTPases Activate ROCKs	19	19	19	19	19	19	COMPLETE_MEMBERSHIP	COMPLETE_MEMBERSHIP	0	NOT_COMPUTED_DEFINITION_CONFLICT
R-HSA-5627123	RHO GTPases activate PAKs	21	21	21	21	21	21	COMPLETE_MEMBERSHIP	COMPLETE_MEMBERSHIP	0	NOT_COMPUTED_DEFINITION_CONFLICT
R-HSA-5628897	TP53 Regulates Metabolic Genes	86	79	79	79	79	76	OBSERVED_PROJECTION	OBSERVED_PROJECTION	3	NOT_COMPUTED_DEFINITION_CONFLICT
R-HSA-5632681	Ligand-receptor interactions	8	8	8	8	8	8	COMPLETE_MEMBERSHIP	COMPLETE_MEMBERSHIP	0	NOT_COMPUTED_DEFINITION_CONFLICT
R-HSA-5632684	Hedgehog 'on' state	73	70	70	70	68	40	OBSERVED_PROJECTION	OBSERVED_PROJECTION	28	NOT_COMPUTED_DEFINITION_CONFLICT
R-HSA-5632927	Defective Mismatch Repair Associated With MSH3	2	2	2	2	2	2	COMPLETE_MEMBERSHIP	COMPLETE_MEMBERSHIP	0	NOT_COMPUTED_DEFINITION_CONFLICT
R-HSA-5632928	Defective Mismatch Repair Associated With MSH2	3	3	3	3	3	3	COMPLETE_MEMBERSHIP	COMPLETE_MEMBERSHIP	0	NOT_COMPUTED_DEFINITION_CONFLICT
R-HSA-5632968	Defective Mismatch Repair Associated With MSH6	2	2	2	2	2	2	COMPLETE_MEMBERSHIP	COMPLETE_MEMBERSHIP	0	NOT_COMPUTED_DEFINITION_CONFLICT
R-HSA-5632987	Defective Mismatch Repair Associated With PMS2	2	2	2	2	2	2	COMPLETE_MEMBERSHIP	COMPLETE_MEMBERSHIP	0	NOT_COMPUTED_DEFINITION_CONFLICT
R-HSA-5633007	Regulation of TP53 Activity	161	158	158	157	154	124	OBSERVED_PROJECTION	OBSERVED_PROJECTION	30	NOT_COMPUTED_DEFINITION_CONFLICT
R-HSA-5633008	TP53 Regulates Transcription of Cell Death Genes	44	42	42	42	42	38	OBSERVED_PROJECTION	OBSERVED_PROJECTION	4	NOT_COMPUTED_DEFINITION_CONFLICT
R-HSA-5633231	Defective ALG14 causes ALG14-CMS	2	2	2	2	2	2	COMPLETE_MEMBERSHIP	COMPLETE_MEMBERSHIP	0	NOT_COMPUTED_DEFINITION_CONFLICT
R-HSA-5635838	Activation of SMO	18	16	16	16	16	16	OBSERVED_PROJECTION	OBSERVED_PROJECTION	0	NOT_COMPUTED_DEFINITION_CONFLICT
R-HSA-5635851	GLI proteins bind promoters of Hh responsive genes to promote transcription	7	7	7	7	7	7	COMPLETE_MEMBERSHIP	COMPLETE_MEMBERSHIP	0	NOT_COMPUTED_DEFINITION_CONFLICT
R-HSA-5637810	Constitutive Signaling by EGFRvIII	15	15	15	15	15	15	COMPLETE_MEMBERSHIP	COMPLETE_MEMBERSHIP	0	NOT_COMPUTED_DEFINITION_CONFLICT
R-HSA-5637812	Signaling by EGFRvIII in Cancer	15	15	15	15	15	15	COMPLETE_MEMBERSHIP	COMPLETE_MEMBERSHIP	0	NOT_COMPUTED_DEFINITION_CONFLICT
R-HSA-5637815	Signaling by Ligand-Responsive EGFR Variants in Cancer	19	19	19	19	19	18	OBSERVED_PROJECTION	COMPLETE_MEMBERSHIP	1	NOT_COMPUTED_DEFINITION_CONFLICT
R-HSA-5638302	Signaling by Overexpressed Wild-Type EGFR in Cancer	8	8	8	8	8	8	COMPLETE_MEMBERSHIP	COMPLETE_MEMBERSHIP	0	NOT_COMPUTED_DEFINITION_CONFLICT
R-HSA-5638303	Inhibition of Signaling by Overexpressed EGFR	8	8	8	8	8	8	COMPLETE_MEMBERSHIP	COMPLETE_MEMBERSHIP	0	NOT_COMPUTED_DEFINITION_CONFLICT
R-HSA-5649702	APEX1-Independent Resolution of AP Sites via the Single Nucleotide Replacement Pathway	7	7	7	7	7	7	COMPLETE_MEMBERSHIP	COMPLETE_MEMBERSHIP	0	NOT_COMPUTED_DEFINITION_CONFLICT
R-HSA-5651801	PCNA-Dependent Long Patch Base Excision Repair	21	21	21	21	20	9	OBSERVED_PROJECTION	OBSERVED_PROJECTION	11	NOT_COMPUTED_DEFINITION_CONFLICT
R-HSA-5652084	Fructose metabolism	7	6	6	6	6	6	OBSERVED_PROJECTION	OBSERVED_PROJECTION	0	NOT_COMPUTED_DEFINITION_CONFLICT
R-HSA-5652227	Fructose biosynthesis	2	2	2	2	2	2	COMPLETE_MEMBERSHIP	COMPLETE_MEMBERSHIP	0	NOT_COMPUTED_DEFINITION_CONFLICT
R-HSA-5653656	Vesicle-mediated transport	757	666	665	664	661	621	OBSERVED_PROJECTION	OBSERVED_PROJECTION	40	NOT_COMPUTED_DEFINITION_CONFLICT
R-HSA-5653890	Lactose synthesis	3	3	3	3	3	3	COMPLETE_MEMBERSHIP	COMPLETE_MEMBERSHIP	0	NOT_COMPUTED_DEFINITION_CONFLICT
R-HSA-5654219	Phospholipase C-mediated cascade: FGFR1	16	16	16	16	16	16	COMPLETE_MEMBERSHIP	COMPLETE_MEMBERSHIP	0	NOT_COMPUTED_DEFINITION_CONFLICT
R-HSA-5654221	Phospholipase C-mediated cascade; FGFR2	18	18	18	18	18	18	COMPLETE_MEMBERSHIP	COMPLETE_MEMBERSHIP	0	NOT_COMPUTED_DEFINITION_CONFLICT
R-HSA-5654227	Phospholipase C-mediated cascade; FGFR3	13	13	13	13	13	13	COMPLETE_MEMBERSHIP	COMPLETE_MEMBERSHIP	0	NOT_COMPUTED_DEFINITION_CONFLICT
R-HSA-5654228	Phospholipase C-mediated cascade; FGFR4	15	15	15	15	15	15	COMPLETE_MEMBERSHIP	COMPLETE_MEMBERSHIP	0	NOT_COMPUTED_DEFINITION_CONFLICT
R-HSA-5654687	Downstream signaling of activated FGFR1	31	31	31	31	31	31	COMPLETE_MEMBERSHIP	COMPLETE_MEMBERSHIP	0	NOT_COMPUTED_DEFINITION_CONFLICT
R-HSA-5654688	SHC-mediated cascade:FGFR1	21	21	21	21	21	21	COMPLETE_MEMBERSHIP	COMPLETE_MEMBERSHIP	0	NOT_COMPUTED_DEFINITION_CONFLICT
R-HSA-5654689	PI-3K cascade:FGFR1	21	21	21	21	21	21	COMPLETE_MEMBERSHIP	COMPLETE_MEMBERSHIP	0	NOT_COMPUTED_DEFINITION_CONFLICT
R-HSA-5654693	FRS-mediated FGFR1 signaling	23	23	23	23	23	23	COMPLETE_MEMBERSHIP	COMPLETE_MEMBERSHIP	0	NOT_COMPUTED_DEFINITION_CONFLICT
R-HSA-5654695	PI-3K cascade:FGFR2	23	23	23	23	23	23	COMPLETE_MEMBERSHIP	COMPLETE_MEMBERSHIP	0	NOT_COMPUTED_DEFINITION_CONFLICT
R-HSA-5654696	Downstream signaling of activated FGFR2	30	30	30	30	30	30	COMPLETE_MEMBERSHIP	COMPLETE_MEMBERSHIP	0	NOT_COMPUTED_DEFINITION_CONFLICT
R-HSA-5654699	SHC-mediated cascade:FGFR2	23	23	23	23	23	23	COMPLETE_MEMBERSHIP	COMPLETE_MEMBERSHIP	0	NOT_COMPUTED_DEFINITION_CONFLICT
R-HSA-5654700	FRS-mediated FGFR2 signaling	25	25	25	25	25	25	COMPLETE_MEMBERSHIP	COMPLETE_MEMBERSHIP	0	NOT_COMPUTED_DEFINITION_CONFLICT
R-HSA-5654704	SHC-mediated cascade:FGFR3	18	18	18	18	18	18	COMPLETE_MEMBERSHIP	COMPLETE_MEMBERSHIP	0	NOT_COMPUTED_DEFINITION_CONFLICT
R-HSA-5654706	FRS-mediated FGFR3 signaling	20	20	20	20	20	20	COMPLETE_MEMBERSHIP	COMPLETE_MEMBERSHIP	0	NOT_COMPUTED_DEFINITION_CONFLICT
R-HSA-5654708	Downstream signaling of activated FGFR3	25	25	25	25	25	25	COMPLETE_MEMBERSHIP	COMPLETE_MEMBERSHIP	0	NOT_COMPUTED_DEFINITION_CONFLICT
R-HSA-5654710	PI-3K cascade:FGFR3	18	18	18	18	18	18	COMPLETE_MEMBERSHIP	COMPLETE_MEMBERSHIP	0	NOT_COMPUTED_DEFINITION_CONFLICT
R-HSA-5654712	FRS-mediated FGFR4 signaling	22	22	22	22	22	22	COMPLETE_MEMBERSHIP	COMPLETE_MEMBERSHIP	0	NOT_COMPUTED_DEFINITION_CONFLICT
R-HSA-5654716	Downstream signaling of activated FGFR4	27	27	27	27	27	27	COMPLETE_MEMBERSHIP	COMPLETE_MEMBERSHIP	0	NOT_COMPUTED_DEFINITION_CONFLICT
R-HSA-5654719	SHC-mediated cascade:FGFR4	20	20	20	20	20	20	COMPLETE_MEMBERSHIP	COMPLETE_MEMBERSHIP	0	NOT_COMPUTED_DEFINITION_CONFLICT
R-HSA-5654720	PI-3K cascade:FGFR4	20	20	20	20	20	20	COMPLETE_MEMBERSHIP	COMPLETE_MEMBERSHIP	0	NOT_COMPUTED_DEFINITION_CONFLICT
R-HSA-5654726	Negative regulation of FGFR1 signaling	33	32	32	32	32	31	OBSERVED_PROJECTION	OBSERVED_PROJECTION	1	NOT_COMPUTED_DEFINITION_CONFLICT
R-HSA-5654727	Negative regulation of FGFR2 signaling	34	34	34	34	34	33	OBSERVED_PROJECTION	COMPLETE_MEMBERSHIP	1	NOT_COMPUTED_DEFINITION_CONFLICT
R-HSA-5654732	Negative regulation of FGFR3 signaling	29	29	29	29	29	28	OBSERVED_PROJECTION	COMPLETE_MEMBERSHIP	1	NOT_COMPUTED_DEFINITION_CONFLICT
R-HSA-5654733	Negative regulation of FGFR4 signaling	31	31	31	31	31	30	OBSERVED_PROJECTION	COMPLETE_MEMBERSHIP	1	NOT_COMPUTED_DEFINITION_CONFLICT
R-HSA-5654736	Signaling by FGFR1	52	51	51	51	51	50	OBSERVED_PROJECTION	OBSERVED_PROJECTION	1	NOT_COMPUTED_DEFINITION_CONFLICT
R-HSA-5654738	Signaling by FGFR2	75	72	72	72	72	62	OBSERVED_PROJECTION	OBSERVED_PROJECTION	10	NOT_COMPUTED_DEFINITION_CONFLICT
R-HSA-5654741	Signaling by FGFR3	40	40	40	40	40	39	OBSERVED_PROJECTION	COMPLETE_MEMBERSHIP	1	NOT_COMPUTED_DEFINITION_CONFLICT
R-HSA-5654743	Signaling by FGFR4	41	41	41	41	41	40	OBSERVED_PROJECTION	COMPLETE_MEMBERSHIP	1	NOT_COMPUTED_DEFINITION_CONFLICT
R-HSA-5655253	Signaling by FGFR2 in disease	43	42	42	42	42	33	OBSERVED_PROJECTION	OBSERVED_PROJECTION	9	NOT_COMPUTED_DEFINITION_CONFLICT
R-HSA-5655291	Signaling by FGFR4 in disease	11	11	11	11	11	11	COMPLETE_MEMBERSHIP	COMPLETE_MEMBERSHIP	0	NOT_COMPUTED_DEFINITION_CONFLICT
R-HSA-5655302	Signaling by FGFR1 in disease	38	37	37	37	37	37	OBSERVED_PROJECTION	OBSERVED_PROJECTION	0	NOT_COMPUTED_DEFINITION_CONFLICT
R-HSA-5655332	Signaling by FGFR3 in disease	22	22	22	22	22	22	COMPLETE_MEMBERSHIP	COMPLETE_MEMBERSHIP	0	NOT_COMPUTED_DEFINITION_CONFLICT
R-HSA-5655799	Defective SLC40A1 causes hemochromatosis 4 (HFE4) (duodenum)	2	2	2	2	2	2	COMPLETE_MEMBERSHIP	COMPLETE_MEMBERSHIP	0	NOT_COMPUTED_DEFINITION_CONFLICT
R-HSA-5655862	Translesion synthesis by POLK	17	17	17	17	17	9	OBSERVED_PROJECTION	COMPLETE_MEMBERSHIP	8	NOT_COMPUTED_DEFINITION_CONFLICT
R-HSA-5656121	Translesion synthesis by POLI	17	17	17	17	17	9	OBSERVED_PROJECTION	COMPLETE_MEMBERSHIP	8	NOT_COMPUTED_DEFINITION_CONFLICT
R-HSA-5656169	Termination of translesion DNA synthesis	32	31	31	31	31	19	OBSERVED_PROJECTION	OBSERVED_PROJECTION	12	NOT_COMPUTED_DEFINITION_CONFLICT
R-HSA-5656364	Defective SLC5A1 causes congenital glucose/galactose malabsorption (GGM)	1	1	1	1	1	1	COMPLETE_MEMBERSHIP	COMPLETE_MEMBERSHIP	0	NOT_COMPUTED_DEFINITION_CONFLICT
R-HSA-5657560	Hereditary fructose intolerance	1	1	1	1	1	1	COMPLETE_MEMBERSHIP	COMPLETE_MEMBERSHIP	0	NOT_COMPUTED_DEFINITION_CONFLICT
R-HSA-5657562	Essential fructosuria	1	1	1	1	1	1	COMPLETE_MEMBERSHIP	COMPLETE_MEMBERSHIP	0	NOT_COMPUTED_DEFINITION_CONFLICT
R-HSA-5657655	MGMT-mediated DNA damage reversal	1	1	1	1	1	1	COMPLETE_MEMBERSHIP	COMPLETE_MEMBERSHIP	0	NOT_COMPUTED_DEFINITION_CONFLICT
R-HSA-5658034	HHAT G278V doesn't palmitoylate Hh-Np	4	4	4	4	4	4	COMPLETE_MEMBERSHIP	COMPLETE_MEMBERSHIP	0	NOT_COMPUTED_DEFINITION_CONFLICT
R-HSA-5658208	Defective SLC5A2 causes renal glucosuria (GLYS1)	1	1	1	1	1	1	COMPLETE_MEMBERSHIP	COMPLETE_MEMBERSHIP	0	NOT_COMPUTED_DEFINITION_CONFLICT
R-HSA-5658442	Regulation of RAS by GAPs	55	54	54	54	52	25	OBSERVED_PROJECTION	OBSERVED_PROJECTION	27	NOT_COMPUTED_DEFINITION_CONFLICT
R-HSA-5658471	Defective transport by SLC5A7 causes distal hereditary motor neuronopathy 7A (HMN7A)	1	1	1	1	1	1	COMPLETE_MEMBERSHIP	COMPLETE_MEMBERSHIP	0	NOT_COMPUTED_DEFINITION_CONFLICT
R-HSA-5658623	FGFRL1 modulation of FGFR1 signaling	13	13	13	13	13	13	COMPLETE_MEMBERSHIP	COMPLETE_MEMBERSHIP	0	NOT_COMPUTED_DEFINITION_CONFLICT
R-HSA-5659735	Defective transport of amino acids by SLC6A19 causes Hartnup disorder (HND)	1	1	1	1	1	1	COMPLETE_MEMBERSHIP	COMPLETE_MEMBERSHIP	0	NOT_COMPUTED_DEFINITION_CONFLICT
R-HSA-5659898	Intestinal saccharidase deficiencies	2	2	2	2	2	2	COMPLETE_MEMBERSHIP	COMPLETE_MEMBERSHIP	0	NOT_COMPUTED_DEFINITION_CONFLICT
R-HSA-5659996	RPIA deficiency: failed conversion of R5P to RU5P	1	1	1	1	1	1	COMPLETE_MEMBERSHIP	COMPLETE_MEMBERSHIP	0	NOT_COMPUTED_DEFINITION_CONFLICT
R-HSA-5660489	MTF1 activates gene expression	3	3	3	3	3	3	COMPLETE_MEMBERSHIP	COMPLETE_MEMBERSHIP	0	NOT_COMPUTED_DEFINITION_CONFLICT
R-HSA-5660526	Response to metal ions	14	14	14	14	14	14	COMPLETE_MEMBERSHIP	COMPLETE_MEMBERSHIP	0	NOT_COMPUTED_DEFINITION_CONFLICT
R-HSA-5660668	CLEC7A/inflammasome pathway	6	6	6	6	6	6	COMPLETE_MEMBERSHIP	COMPLETE_MEMBERSHIP	0	NOT_COMPUTED_DEFINITION_CONFLICT
R-HSA-5660686	Variant SLC6A20 affecting amino acid transport contributes towards hyperglycinuria (HG) and iminoglycinuria (IG)	1	1	1	1	1	1	COMPLETE_MEMBERSHIP	COMPLETE_MEMBERSHIP	0	NOT_COMPUTED_DEFINITION_CONFLICT
R-HSA-5660724	Defective transport of neurotransmitters by SLC6A3 causes Parkinsonism-dystonia infantile (PKDYS)	1	1	1	1	1	1	COMPLETE_MEMBERSHIP	COMPLETE_MEMBERSHIP	0	NOT_COMPUTED_DEFINITION_CONFLICT
R-HSA-5660862	Defective amino acid transport by SLC7A7 causes lysinuric protein intolerance (LPI)	2	2	2	2	2	2	COMPLETE_MEMBERSHIP	COMPLETE_MEMBERSHIP	0	NOT_COMPUTED_DEFINITION_CONFLICT
R-HSA-5660883	Defective amino acid transport by SLC7A9 causes cystinuria (CSNU)	2	2	2	2	2	2	COMPLETE_MEMBERSHIP	COMPLETE_MEMBERSHIP	0	NOT_COMPUTED_DEFINITION_CONFLICT
R-HSA-5661231	Metallothioneins bind metals	11	11	11	11	11	11	COMPLETE_MEMBERSHIP	COMPLETE_MEMBERSHIP	0	NOT_COMPUTED_DEFINITION_CONFLICT
R-HSA-5661270	Formation of xylulose-5-phosphate	5	5	5	5	5	5	COMPLETE_MEMBERSHIP	COMPLETE_MEMBERSHIP	0	NOT_COMPUTED_DEFINITION_CONFLICT
R-HSA-5662702	Melanin biosynthesis	5	5	5	5	5	5	COMPLETE_MEMBERSHIP	COMPLETE_MEMBERSHIP	0	NOT_COMPUTED_DEFINITION_CONFLICT
R-HSA-5662853	Essential pentosuria	1	1	1	1	1	1	COMPLETE_MEMBERSHIP	COMPLETE_MEMBERSHIP	0	NOT_COMPUTED_DEFINITION_CONFLICT
R-HSA-5663020	Defective SLC35A1 in sialic acid metabolism causes congenital disorder of glycosylation 2F (CDG2F)	1	1	1	1	1	1	COMPLETE_MEMBERSHIP	COMPLETE_MEMBERSHIP	0	NOT_COMPUTED_DEFINITION_CONFLICT
R-HSA-5663084	Diseases of carbohydrate metabolism	34	33	33	33	33	32	OBSERVED_PROJECTION	OBSERVED_PROJECTION	1	NOT_COMPUTED_DEFINITION_CONFLICT
R-HSA-5663202	Diseases of signal transduction by growth factor receptors and second messengers	454	443	443	442	439	395	OBSERVED_PROJECTION	OBSERVED_PROJECTION	44	NOT_COMPUTED_DEFINITION_CONFLICT
R-HSA-5663205	Infectious disease	1696	1186	1182	1178	1166	919	OBSERVED_PROJECTION	OBSERVED_PROJECTION	247	NOT_COMPUTED_DEFINITION_CONFLICT
R-HSA-5663213	RHO GTPases Activate WASPs and WAVEs	36	36	36	36	36	35	OBSERVED_PROJECTION	COMPLETE_MEMBERSHIP	1	NOT_COMPUTED_DEFINITION_CONFLICT
R-HSA-5663220	RHO GTPases Activate Formins	140	132	132	132	127	93	OBSERVED_PROJECTION	OBSERVED_PROJECTION	34	NOT_COMPUTED_DEFINITION_CONFLICT
R-HSA-5666185	RHO GTPases Activate Rhotekin and Rhophilins	9	9	9	9	9	9	COMPLETE_MEMBERSHIP	COMPLETE_MEMBERSHIP	0	NOT_COMPUTED_DEFINITION_CONFLICT
R-HSA-5668541	TNFR2 non-canonical NF-kB pathway	88	86	86	85	83	53	OBSERVED_PROJECTION	OBSERVED_PROJECTION	30	NOT_COMPUTED_DEFINITION_CONFLICT
R-HSA-5668599	RHO GTPases Activate NADPH Oxidases	24	24	24	24	24	24	COMPLETE_MEMBERSHIP	COMPLETE_MEMBERSHIP	0	NOT_COMPUTED_DEFINITION_CONFLICT
R-HSA-5668914	Diseases of metabolism	273	264	264	264	263	256	OBSERVED_PROJECTION	OBSERVED_PROJECTION	7	NOT_COMPUTED_DEFINITION_CONFLICT
R-HSA-5669034	TNFs bind their physiological receptors	29	28	28	28	28	27	OBSERVED_PROJECTION	OBSERVED_PROJECTION	1	NOT_COMPUTED_DEFINITION_CONFLICT
R-HSA-5673000	RAF activation	34	33	33	33	32	32	OBSERVED_PROJECTION	OBSERVED_PROJECTION	0	NOT_COMPUTED_DEFINITION_CONFLICT
R-HSA-5673001	RAF/MAP kinase cascade	265	262	261	261	258	228	OBSERVED_PROJECTION	OBSERVED_PROJECTION	30	NOT_COMPUTED_DEFINITION_CONFLICT
R-HSA-5674135	MAP2K and MAPK activation	40	40	40	40	40	38	OBSERVED_PROJECTION	COMPLETE_MEMBERSHIP	2	NOT_COMPUTED_DEFINITION_CONFLICT
R-HSA-5674400	Constitutive Signaling by AKT1 E17K in Cancer	26	26	26	25	25	25	OBSERVED_PROJECTION	OBSERVED_PROJECTION	0	NOT_COMPUTED_DEFINITION_CONFLICT
R-HSA-5674404	PTEN Loss of Function in Cancer	1	1	1	1	1	1	COMPLETE_MEMBERSHIP	COMPLETE_MEMBERSHIP	0	NOT_COMPUTED_DEFINITION_CONFLICT
R-HSA-5674499	Negative feedback regulation of MAPK pathway	6	6	6	6	6	6	COMPLETE_MEMBERSHIP	COMPLETE_MEMBERSHIP	0	NOT_COMPUTED_DEFINITION_CONFLICT
R-HSA-5675221	Negative regulation of MAPK pathway	43	43	43	43	42	41	OBSERVED_PROJECTION	OBSERVED_PROJECTION	1	NOT_COMPUTED_DEFINITION_CONFLICT
R-HSA-5675482	Regulation of necroptotic cell death	32	31	31	31	31	29	OBSERVED_PROJECTION	OBSERVED_PROJECTION	2	NOT_COMPUTED_DEFINITION_CONFLICT
R-HSA-5676590	NIK-->noncanonical NF-kB signaling	46	45	45	45	43	14	OBSERVED_PROJECTION	OBSERVED_PROJECTION	29	NOT_COMPUTED_DEFINITION_CONFLICT
R-HSA-5676594	TNF receptor superfamily (TNFSF) members mediating non-canonical NF-kB pathway	17	17	17	16	16	16	OBSERVED_PROJECTION	OBSERVED_PROJECTION	0	NOT_COMPUTED_DEFINITION_CONFLICT
R-HSA-5676934	Protein repair	6	6	6	6	6	6	COMPLETE_MEMBERSHIP	COMPLETE_MEMBERSHIP	0	NOT_COMPUTED_DEFINITION_CONFLICT
R-HSA-5678420	Defective ABCC9 causes CMD10, ATFB12 and Cantu syndrome	2	2	2	2	2	2	COMPLETE_MEMBERSHIP	COMPLETE_MEMBERSHIP	0	NOT_COMPUTED_DEFINITION_CONFLICT
R-HSA-5678520	Defective ABCB11 causes PFIC2 and BRIC2	1	1	1	1	1	1	COMPLETE_MEMBERSHIP	COMPLETE_MEMBERSHIP	0	NOT_COMPUTED_DEFINITION_CONFLICT
R-HSA-5678771	Defective ABCB4 causes PFIC3, ICP3 and GBD1	1	1	1	1	1	1	COMPLETE_MEMBERSHIP	COMPLETE_MEMBERSHIP	0	NOT_COMPUTED_DEFINITION_CONFLICT
R-HSA-5678895	Defective CFTR causes cystic fibrosis	48	47	47	47	44	16	OBSERVED_PROJECTION	OBSERVED_PROJECTION	28	NOT_COMPUTED_DEFINITION_CONFLICT
R-HSA-5679001	Defective ABCC2 causes DJS	1	1	1	1	1	1	COMPLETE_MEMBERSHIP	COMPLETE_MEMBERSHIP	0	NOT_COMPUTED_DEFINITION_CONFLICT
R-HSA-5679090	Defective ABCG8 causes GBD4 and sitosterolemia	2	2	2	2	2	2	COMPLETE_MEMBERSHIP	COMPLETE_MEMBERSHIP	0	NOT_COMPUTED_DEFINITION_CONFLICT
R-HSA-5679096	Defective ABCG5 causes sitosterolemia	2	2	2	2	2	2	COMPLETE_MEMBERSHIP	COMPLETE_MEMBERSHIP	0	NOT_COMPUTED_DEFINITION_CONFLICT
R-HSA-5682113	Defective ABCA1 causes TGD	2	2	2	2	2	2	COMPLETE_MEMBERSHIP	COMPLETE_MEMBERSHIP	0	NOT_COMPUTED_DEFINITION_CONFLICT
R-HSA-5682294	Defective ABCA12 causes ARCI4B	1	1	1	1	1	1	COMPLETE_MEMBERSHIP	COMPLETE_MEMBERSHIP	0	NOT_COMPUTED_DEFINITION_CONFLICT
R-HSA-5682910	LGI-ADAM interactions	14	14	14	14	14	14	COMPLETE_MEMBERSHIP	COMPLETE_MEMBERSHIP	0	NOT_COMPUTED_DEFINITION_CONFLICT
R-HSA-5683057	MAPK family signaling cascades	314	308	307	307	304	272	OBSERVED_PROJECTION	OBSERVED_PROJECTION	32	NOT_COMPUTED_DEFINITION_CONFLICT
R-HSA-5683177	Defective ABCC8 can cause hypo- and hyper-glycemias	2	2	2	2	2	2	COMPLETE_MEMBERSHIP	COMPLETE_MEMBERSHIP	0	NOT_COMPUTED_DEFINITION_CONFLICT
R-HSA-5683329	Defective ABCD4 causes MAHCJ	2	2	2	2	2	2	COMPLETE_MEMBERSHIP	COMPLETE_MEMBERSHIP	0	NOT_COMPUTED_DEFINITION_CONFLICT
R-HSA-5683371	Defective ABCB6 causes MCOPCB7	1	1	1	1	1	1	COMPLETE_MEMBERSHIP	COMPLETE_MEMBERSHIP	0	NOT_COMPUTED_DEFINITION_CONFLICT
R-HSA-5683678	Defective ABCA3 causes SMDP3_5683678	1	1	1	1	1	1	COMPLETE_MEMBERSHIP	COMPLETE_MEMBERSHIP	0	NOT_COMPUTED_DEFINITION_CONFLICT
R-HSA-5683826	Surfactant metabolism	30	28	28	28	28	27	OBSERVED_PROJECTION	OBSERVED_PROJECTION	1	NOT_COMPUTED_DEFINITION_CONFLICT
R-HSA-5684045	Defective ABCD1 causes ALD	1	1	1	1	1	1	COMPLETE_MEMBERSHIP	COMPLETE_MEMBERSHIP	0	NOT_COMPUTED_DEFINITION_CONFLICT
R-HSA-5684264	MAP3K8 (TPL2)-dependent MAPK1/3 activation	16	16	16	16	16	13	OBSERVED_PROJECTION	COMPLETE_MEMBERSHIP	3	NOT_COMPUTED_DEFINITION_CONFLICT
R-HSA-5684996	MAPK1/MAPK3 signaling	271	268	267	267	264	233	OBSERVED_PROJECTION	OBSERVED_PROJECTION	31	NOT_COMPUTED_DEFINITION_CONFLICT
R-HSA-5685938	HDR through Single Strand Annealing (SSA)	38	37	37	37	34	21	OBSERVED_PROJECTION	OBSERVED_PROJECTION	13	NOT_COMPUTED_DEFINITION_CONFLICT
R-HSA-5685939	HDR through MMEJ (alt-NHEJ)	12	11	11	11	11	9	OBSERVED_PROJECTION	OBSERVED_PROJECTION	2	NOT_COMPUTED_DEFINITION_CONFLICT
R-HSA-5685942	HDR through Homologous Recombination (HRR)	69	66	66	66	64	40	OBSERVED_PROJECTION	OBSERVED_PROJECTION	24	NOT_COMPUTED_DEFINITION_CONFLICT
R-HSA-5686938	Regulation of TLR by endogenous ligand	22	21	21	21	21	21	OBSERVED_PROJECTION	OBSERVED_PROJECTION	0	NOT_COMPUTED_DEFINITION_CONFLICT
R-HSA-5687128	MAPK6/MAPK4 signaling	80	76	76	76	74	46	OBSERVED_PROJECTION	OBSERVED_PROJECTION	28	NOT_COMPUTED_DEFINITION_CONFLICT
R-HSA-5687583	Defective SLC34A2 causes PALM	1	1	1	1	1	1	COMPLETE_MEMBERSHIP	COMPLETE_MEMBERSHIP	0	NOT_COMPUTED_DEFINITION_CONFLICT
R-HSA-5687613	Diseases associated with surfactant metabolism	10	10	10	10	10	10	COMPLETE_MEMBERSHIP	COMPLETE_MEMBERSHIP	0	NOT_COMPUTED_DEFINITION_CONFLICT
R-HSA-5687868	Defective SFTPA2 causes IPF	1	1	1	1	1	1	COMPLETE_MEMBERSHIP	COMPLETE_MEMBERSHIP	0	NOT_COMPUTED_DEFINITION_CONFLICT
R-HSA-5688031	Defective pro-SFTPB causes SMDP1 and RDS	1	1	1	1	1	1	COMPLETE_MEMBERSHIP	COMPLETE_MEMBERSHIP	0	NOT_COMPUTED_DEFINITION_CONFLICT
R-HSA-5688354	Defective pro-SFTPC causes SMDP2 and RDS	1	1	1	1	1	1	COMPLETE_MEMBERSHIP	COMPLETE_MEMBERSHIP	0	NOT_COMPUTED_DEFINITION_CONFLICT
R-HSA-5688399	Defective ABCA3 causes SMDP3_5688399	1	1	1	1	1	1	COMPLETE_MEMBERSHIP	COMPLETE_MEMBERSHIP	0	NOT_COMPUTED_DEFINITION_CONFLICT
R-HSA-5688426	Deubiquitination	269	218	218	218	215	175	OBSERVED_PROJECTION	OBSERVED_PROJECTION	40	NOT_COMPUTED_DEFINITION_CONFLICT
R-HSA-5688849	Defective CSF2RB causes SMDP5	8	8	8	8	8	8	COMPLETE_MEMBERSHIP	COMPLETE_MEMBERSHIP	0	NOT_COMPUTED_DEFINITION_CONFLICT
R-HSA-5688890	Defective CSF2RA causes SMDP4	8	8	8	8	8	8	COMPLETE_MEMBERSHIP	COMPLETE_MEMBERSHIP	0	NOT_COMPUTED_DEFINITION_CONFLICT
R-HSA-5689603	UCH proteinases	82	70	70	70	68	36	OBSERVED_PROJECTION	OBSERVED_PROJECTION	32	NOT_COMPUTED_DEFINITION_CONFLICT
R-HSA-5689877	Josephin domain DUBs	12	11	11	11	11	9	OBSERVED_PROJECTION	OBSERVED_PROJECTION	2	NOT_COMPUTED_DEFINITION_CONFLICT
R-HSA-5689880	Ub-specific processing proteases	191	144	144	144	141	109	OBSERVED_PROJECTION	OBSERVED_PROJECTION	32	NOT_COMPUTED_DEFINITION_CONFLICT
R-HSA-5689896	Ovarian tumor domain proteases	39	38	38	38	38	35	OBSERVED_PROJECTION	OBSERVED_PROJECTION	3	NOT_COMPUTED_DEFINITION_CONFLICT
R-HSA-5689901	Metalloprotease DUBs	31	17	17	17	17	13	OBSERVED_PROJECTION	OBSERVED_PROJECTION	4	NOT_COMPUTED_DEFINITION_CONFLICT
R-HSA-5690338	Defective ABCC6 causes PXE	1	1	1	1	1	1	COMPLETE_MEMBERSHIP	COMPLETE_MEMBERSHIP	0	NOT_COMPUTED_DEFINITION_CONFLICT
R-HSA-5690714	CD22 mediated BCR regulation	70	5	5	5	5	5	OBSERVED_PROJECTION	OBSERVED_PROJECTION	0	NOT_COMPUTED_DEFINITION_CONFLICT
R-HSA-5693532	DNA Double-Strand Break Repair	191	167	167	167	162	107	OBSERVED_PROJECTION	OBSERVED_PROJECTION	55	NOT_COMPUTED_DEFINITION_CONFLICT
R-HSA-5693537	Resolution of D-Loop Structures	36	33	33	33	33	24	OBSERVED_PROJECTION	OBSERVED_PROJECTION	9	NOT_COMPUTED_DEFINITION_CONFLICT
R-HSA-5693538	Homology Directed Repair	123	99	99	99	96	68	OBSERVED_PROJECTION	OBSERVED_PROJECTION	28	NOT_COMPUTED_DEFINITION_CONFLICT
R-HSA-5693548	Sensing of DNA Double Strand Breaks	6	5	5	5	5	5	OBSERVED_PROJECTION	OBSERVED_PROJECTION	0	NOT_COMPUTED_DEFINITION_CONFLICT
R-HSA-5693554	Resolution of D-loop Structures through Synthesis-Dependent Strand Annealing (SDSA)	27	25	25	25	25	16	OBSERVED_PROJECTION	OBSERVED_PROJECTION	9	NOT_COMPUTED_DEFINITION_CONFLICT
R-HSA-5693565	Recruitment and ATM-mediated phosphorylation of repair and signaling proteins at DNA double strand breaks	61	39	39	39	39	34	OBSERVED_PROJECTION	OBSERVED_PROJECTION	5	NOT_COMPUTED_DEFINITION_CONFLICT
R-HSA-5693567	HDR through Homologous Recombination (HRR) or Single Strand Annealing (SSA)	117	93	93	93	90	62	OBSERVED_PROJECTION	OBSERVED_PROJECTION	28	NOT_COMPUTED_DEFINITION_CONFLICT
R-HSA-5693568	Resolution of D-loop Structures through Holliday Junction Intermediates	35	32	32	32	32	23	OBSERVED_PROJECTION	OBSERVED_PROJECTION	9	NOT_COMPUTED_DEFINITION_CONFLICT
R-HSA-5693571	Nonhomologous End-Joining (NHEJ)	51	29	29	29	29	25	OBSERVED_PROJECTION	OBSERVED_PROJECTION	4	NOT_COMPUTED_DEFINITION_CONFLICT
R-HSA-5693579	Homologous DNA Pairing and Strand Exchange	43	41	41	41	39	22	OBSERVED_PROJECTION	OBSERVED_PROJECTION	17	NOT_COMPUTED_DEFINITION_CONFLICT
R-HSA-5693606	DNA Double Strand Break Response	100	77	77	77	75	44	OBSERVED_PROJECTION	OBSERVED_PROJECTION	31	NOT_COMPUTED_DEFINITION_CONFLICT
R-HSA-5693607	Processing of DNA double-strand break ends	80	58	58	58	56	39	OBSERVED_PROJECTION	OBSERVED_PROJECTION	17	NOT_COMPUTED_DEFINITION_CONFLICT
R-HSA-5693616	Presynaptic phase of homologous DNA pairing and strand exchange	40	38	38	38	36	20	OBSERVED_PROJECTION	OBSERVED_PROJECTION	16	NOT_COMPUTED_DEFINITION_CONFLICT
R-HSA-5694530	Cargo concentration in the ER	33	33	33	33	33	33	COMPLETE_MEMBERSHIP	COMPLETE_MEMBERSHIP	0	NOT_COMPUTED_DEFINITION_CONFLICT
R-HSA-5696394	DNA Damage Recognition in GG-NER	38	38	38	38	38	28	OBSERVED_PROJECTION	COMPLETE_MEMBERSHIP	10	NOT_COMPUTED_DEFINITION_CONFLICT
R-HSA-5696395	Formation of Incision Complex in GG-NER	43	43	43	43	42	32	OBSERVED_PROJECTION	OBSERVED_PROJECTION	10	NOT_COMPUTED_DEFINITION_CONFLICT
R-HSA-5696397	Gap-filling DNA repair synthesis and ligation in GG-NER	25	25	25	25	24	12	OBSERVED_PROJECTION	OBSERVED_PROJECTION	12	NOT_COMPUTED_DEFINITION_CONFLICT
R-HSA-5696398	Nucleotide Excision Repair	108	107	107	106	103	63	OBSERVED_PROJECTION	OBSERVED_PROJECTION	40	NOT_COMPUTED_DEFINITION_CONFLICT
R-HSA-5696399	Global Genome Nucleotide Excision Repair (GG-NER)	84	84	84	84	82	56	OBSERVED_PROJECTION	OBSERVED_PROJECTION	26	NOT_COMPUTED_DEFINITION_CONFLICT
R-HSA-5696400	Dual Incision in GG-NER	41	41	41	41	40	26	OBSERVED_PROJECTION	OBSERVED_PROJECTION	14	NOT_COMPUTED_DEFINITION_CONFLICT
R-HSA-597592	Post-translational protein modification	1475	1375	1374	1370	1359	1227	OBSERVED_PROJECTION	OBSERVED_PROJECTION	132	NOT_COMPUTED_DEFINITION_CONFLICT
R-HSA-606279	Deposition of new CENPA-containing nucleosomes at the centromere	53	24	24	24	23	11	OBSERVED_PROJECTION	OBSERVED_PROJECTION	12	NOT_COMPUTED_DEFINITION_CONFLICT
R-HSA-611105	Respiratory electron transport	159	141	140	140	137	130	OBSERVED_PROJECTION	OBSERVED_PROJECTION	7	NOT_COMPUTED_DEFINITION_CONFLICT
R-HSA-622312	Inflammasomes	25	21	21	21	21	20	OBSERVED_PROJECTION	OBSERVED_PROJECTION	1	NOT_COMPUTED_DEFINITION_CONFLICT
R-HSA-622323	Presynaptic nicotinic acetylcholine receptors	12	12	12	12	12	12	COMPLETE_MEMBERSHIP	COMPLETE_MEMBERSHIP	0	NOT_COMPUTED_DEFINITION_CONFLICT
R-HSA-622327	Postsynaptic nicotinic acetylcholine receptors	14	14	14	14	14	14	COMPLETE_MEMBERSHIP	COMPLETE_MEMBERSHIP	0	NOT_COMPUTED_DEFINITION_CONFLICT
R-HSA-629587	Highly sodium permeable postsynaptic acetylcholine nicotinic receptors	7	7	7	7	7	7	COMPLETE_MEMBERSHIP	COMPLETE_MEMBERSHIP	0	NOT_COMPUTED_DEFINITION_CONFLICT
R-HSA-629594	Highly calcium permeable postsynaptic nicotinic acetylcholine receptors	11	11	11	11	11	11	COMPLETE_MEMBERSHIP	COMPLETE_MEMBERSHIP	0	NOT_COMPUTED_DEFINITION_CONFLICT
R-HSA-629597	Highly calcium permeable nicotinic acetylcholine receptors	9	9	9	9	9	9	COMPLETE_MEMBERSHIP	COMPLETE_MEMBERSHIP	0	NOT_COMPUTED_DEFINITION_CONFLICT
R-HSA-674695	RNA Polymerase II Pre-transcription Events	82	76	76	76	75	45	OBSERVED_PROJECTION	OBSERVED_PROJECTION	30	NOT_COMPUTED_DEFINITION_CONFLICT
R-HSA-6781823	Formation of TC-NER Pre-Incision Complex	51	50	50	49	47	23	OBSERVED_PROJECTION	OBSERVED_PROJECTION	24	NOT_COMPUTED_DEFINITION_CONFLICT
R-HSA-6781827	Transcription-Coupled Nucleotide Excision Repair (TC-NER)	76	75	75	74	71	35	OBSERVED_PROJECTION	OBSERVED_PROJECTION	36	NOT_COMPUTED_DEFINITION_CONFLICT
R-HSA-6782135	Dual incision in TC-NER	63	62	62	61	59	29	OBSERVED_PROJECTION	OBSERVED_PROJECTION	30	NOT_COMPUTED_DEFINITION_CONFLICT
R-HSA-6782210	Gap-filling DNA repair synthesis and ligation in TC-NER	62	61	61	60	57	27	OBSERVED_PROJECTION	OBSERVED_PROJECTION	30	NOT_COMPUTED_DEFINITION_CONFLICT
R-HSA-6782315	tRNA modification in the nucleus and cytosol	45	39	39	39	39	32	OBSERVED_PROJECTION	OBSERVED_PROJECTION	7	NOT_COMPUTED_DEFINITION_CONFLICT
R-HSA-6782861	Synthesis of wybutosine at G37 of tRNA(Phe)	6	5	5	5	5	4	OBSERVED_PROJECTION	OBSERVED_PROJECTION	1	NOT_COMPUTED_DEFINITION_CONFLICT
R-HSA-6783310	Fanconi Anemia Pathway	38	33	33	33	32	25	OBSERVED_PROJECTION	OBSERVED_PROJECTION	7	NOT_COMPUTED_DEFINITION_CONFLICT
R-HSA-6783589	Interleukin-6 family signaling	24	24	24	24	24	24	COMPLETE_MEMBERSHIP	COMPLETE_MEMBERSHIP	0	NOT_COMPUTED_DEFINITION_CONFLICT
R-HSA-6783783	Interleukin-10 signaling	45	44	44	44	44	44	OBSERVED_PROJECTION	OBSERVED_PROJECTION	0	NOT_COMPUTED_DEFINITION_CONFLICT
R-HSA-6783984	Glycine degradation	7	6	6	6	6	5	OBSERVED_PROJECTION	OBSERVED_PROJECTION	1	NOT_COMPUTED_DEFINITION_CONFLICT
R-HSA-6784531	tRNA processing in the nucleus	59	55	55	55	54	24	OBSERVED_PROJECTION	OBSERVED_PROJECTION	30	NOT_COMPUTED_DEFINITION_CONFLICT
R-HSA-6785470	tRNA processing in the mitochondrion	42	4	4	4	3	3	OBSERVED_PROJECTION	OBSERVED_PROJECTION	0	NOT_COMPUTED_DEFINITION_CONFLICT
R-HSA-6785631	ERBB2 Regulates Cell Motility	15	15	15	15	15	15	COMPLETE_MEMBERSHIP	COMPLETE_MEMBERSHIP	0	NOT_COMPUTED_DEFINITION_CONFLICT
R-HSA-6785807	Interleukin-4 and Interleukin-13 signaling	111	107	107	107	107	106	OBSERVED_PROJECTION	OBSERVED_PROJECTION	1	NOT_COMPUTED_DEFINITION_CONFLICT
R-HSA-6787450	tRNA modification in the mitochondrion	12	10	10	10	9	9	OBSERVED_PROJECTION	OBSERVED_PROJECTION	0	NOT_COMPUTED_DEFINITION_CONFLICT
R-HSA-6787639	GDP-fucose biosynthesis	6	4	4	4	3	3	OBSERVED_PROJECTION	OBSERVED_PROJECTION	0	NOT_COMPUTED_DEFINITION_CONFLICT
R-HSA-6788467	IL-6-type cytokine receptor ligand interactions	17	17	17	17	17	17	COMPLETE_MEMBERSHIP	COMPLETE_MEMBERSHIP	0	NOT_COMPUTED_DEFINITION_CONFLICT
R-HSA-6790901	rRNA modification in the nucleus and cytosol	63	55	55	55	52	2	OBSERVED_PROJECTION	OBSERVED_PROJECTION	50	NOT_COMPUTED_DEFINITION_CONFLICT
R-HSA-6791055	TALDO1 deficiency: failed conversion of SH7P, GA3P to Fru(6)P, E4P	1	1	1	1	1	1	COMPLETE_MEMBERSHIP	COMPLETE_MEMBERSHIP	0	NOT_COMPUTED_DEFINITION_CONFLICT
R-HSA-6791226	Major pathway of rRNA processing in the nucleolus and cytosol	189	177	177	177	171	37	OBSERVED_PROJECTION	OBSERVED_PROJECTION	134	NOT_COMPUTED_DEFINITION_CONFLICT
R-HSA-6791312	TP53 Regulates Transcription of Cell Cycle Genes	49	47	47	47	47	42	OBSERVED_PROJECTION	OBSERVED_PROJECTION	5	NOT_COMPUTED_DEFINITION_CONFLICT
R-HSA-6791461	RPIA deficiency: failed conversion of RU5P to R5P	1	1	1	1	1	1	COMPLETE_MEMBERSHIP	COMPLETE_MEMBERSHIP	0	NOT_COMPUTED_DEFINITION_CONFLICT
R-HSA-6791462	TALDO1 deficiency: failed conversion of  Fru(6)P, E4P to SH7P, GA3P	1	1	1	1	1	1	COMPLETE_MEMBERSHIP	COMPLETE_MEMBERSHIP	0	NOT_COMPUTED_DEFINITION_CONFLICT
R-HSA-6791465	Pentose phosphate pathway disease	2	2	2	2	2	2	COMPLETE_MEMBERSHIP	COMPLETE_MEMBERSHIP	0	NOT_COMPUTED_DEFINITION_CONFLICT
R-HSA-6793080	rRNA modification in the mitochondrion	15	8	8	8	8	8	OBSERVED_PROJECTION	OBSERVED_PROJECTION	0	NOT_COMPUTED_DEFINITION_CONFLICT
R-HSA-6794361	Neurexins and neuroligins	57	57	57	57	57	56	OBSERVED_PROJECTION	COMPLETE_MEMBERSHIP	1	NOT_COMPUTED_DEFINITION_CONFLICT
R-HSA-6794362	Protein-protein interactions at synapses	88	88	88	88	88	87	OBSERVED_PROJECTION	COMPLETE_MEMBERSHIP	1	NOT_COMPUTED_DEFINITION_CONFLICT
R-HSA-6796648	TP53 Regulates Transcription of DNA Repair Genes	62	57	57	57	56	34	OBSERVED_PROJECTION	OBSERVED_PROJECTION	22	NOT_COMPUTED_DEFINITION_CONFLICT
R-HSA-6798163	Choline catabolism	8	8	8	8	8	8	COMPLETE_MEMBERSHIP	COMPLETE_MEMBERSHIP	0	NOT_COMPUTED_DEFINITION_CONFLICT
R-HSA-6798695	Neutrophil degranulation	478	463	460	459	455	425	OBSERVED_PROJECTION	OBSERVED_PROJECTION	30	NOT_COMPUTED_DEFINITION_CONFLICT
R-HSA-6799198	Complex I biogenesis	68	59	58	58	55	50	OBSERVED_PROJECTION	OBSERVED_PROJECTION	5	NOT_COMPUTED_DEFINITION_CONFLICT
R-HSA-6799990	Metal sequestration by antimicrobial proteins	6	6	6	6	6	6	COMPLETE_MEMBERSHIP	COMPLETE_MEMBERSHIP	0	NOT_COMPUTED_DEFINITION_CONFLICT
R-HSA-6802946	Signaling by moderate kinase activity BRAF mutants	45	44	44	44	44	43	OBSERVED_PROJECTION	OBSERVED_PROJECTION	1	NOT_COMPUTED_DEFINITION_CONFLICT
R-HSA-6802948	Signaling by high-kinase activity BRAF mutants	36	36	36	36	36	35	OBSERVED_PROJECTION	COMPLETE_MEMBERSHIP	1	NOT_COMPUTED_DEFINITION_CONFLICT
R-HSA-6802949	Signaling by RAS mutants	45	44	44	44	44	43	OBSERVED_PROJECTION	OBSERVED_PROJECTION	1	NOT_COMPUTED_DEFINITION_CONFLICT
R-HSA-6802952	Signaling by BRAF and RAF1 fusions	65	63	63	63	63	62	OBSERVED_PROJECTION	OBSERVED_PROJECTION	1	NOT_COMPUTED_DEFINITION_CONFLICT
R-HSA-6802953	RAS signaling downstream of NF1 loss-of-function variants	7	7	7	7	7	7	COMPLETE_MEMBERSHIP	COMPLETE_MEMBERSHIP	0	NOT_COMPUTED_DEFINITION_CONFLICT
R-HSA-6802955	Paradoxical activation of RAF signaling by kinase inactive BRAF	45	44	44	44	44	43	OBSERVED_PROJECTION	OBSERVED_PROJECTION	1	NOT_COMPUTED_DEFINITION_CONFLICT
R-HSA-6802957	Oncogenic MAPK signaling	82	79	79	79	79	78	OBSERVED_PROJECTION	OBSERVED_PROJECTION	1	NOT_COMPUTED_DEFINITION_CONFLICT
R-HSA-6803157	Antimicrobial peptides	95	85	84	83	80	80	OBSERVED_PROJECTION	OBSERVED_PROJECTION	0	NOT_COMPUTED_DEFINITION_CONFLICT
R-HSA-6803204	TP53 Regulates Transcription of Genes Involved in Cytochrome C Release	20	19	19	19	19	18	OBSERVED_PROJECTION	OBSERVED_PROJECTION	1	NOT_COMPUTED_DEFINITION_CONFLICT
R-HSA-6803205	TP53 regulates transcription of several additional cell death genes whose specific roles in p53-dependent apoptosis remain uncertain	14	14	14	14	14	11	OBSERVED_PROJECTION	COMPLETE_MEMBERSHIP	3	NOT_COMPUTED_DEFINITION_CONFLICT
R-HSA-6803207	TP53 Regulates Transcription of Caspase Activators and Caspases	12	11	11	11	11	11	OBSERVED_PROJECTION	OBSERVED_PROJECTION	0	NOT_COMPUTED_DEFINITION_CONFLICT
R-HSA-6803211	TP53 Regulates Transcription of Death Receptors and Ligands	12	12	12	12	12	12	COMPLETE_MEMBERSHIP	COMPLETE_MEMBERSHIP	0	NOT_COMPUTED_DEFINITION_CONFLICT
R-HSA-6803529	FGFR2 alternative splicing	28	25	25	25	25	16	OBSERVED_PROJECTION	OBSERVED_PROJECTION	9	NOT_COMPUTED_DEFINITION_CONFLICT
R-HSA-6803544	Ion influx/efflux at host-pathogen interface	4	4	4	4	4	4	COMPLETE_MEMBERSHIP	COMPLETE_MEMBERSHIP	0	NOT_COMPUTED_DEFINITION_CONFLICT
R-HSA-6804114	TP53 Regulates Transcription of Genes Involved in G2 Cell Cycle Arrest	18	18	18	18	18	15	OBSERVED_PROJECTION	COMPLETE_MEMBERSHIP	3	NOT_COMPUTED_DEFINITION_CONFLICT
R-HSA-6804115	TP53 regulates transcription of additional cell cycle genes whose exact role in the p53 pathway remain uncertain	21	19	19	19	19	18	OBSERVED_PROJECTION	OBSERVED_PROJECTION	1	NOT_COMPUTED_DEFINITION_CONFLICT
R-HSA-6804116	TP53 Regulates Transcription of Genes Involved in G1 Cell Cycle Arrest	14	14	14	14	14	13	OBSERVED_PROJECTION	COMPLETE_MEMBERSHIP	1	NOT_COMPUTED_DEFINITION_CONFLICT
R-HSA-6804754	Regulation of TP53 Expression	2	2	2	2	2	2	COMPLETE_MEMBERSHIP	COMPLETE_MEMBERSHIP	0	NOT_COMPUTED_DEFINITION_CONFLICT
R-HSA-6804756	Regulation of TP53 Activity through Phosphorylation	93	92	92	92	90	62	OBSERVED_PROJECTION	OBSERVED_PROJECTION	28	NOT_COMPUTED_DEFINITION_CONFLICT
R-HSA-6804757	Regulation of TP53 Degradation	36	36	36	35	34	31	OBSERVED_PROJECTION	OBSERVED_PROJECTION	3	NOT_COMPUTED_DEFINITION_CONFLICT
R-HSA-6804758	Regulation of TP53 Activity through Acetylation	30	29	29	29	29	28	OBSERVED_PROJECTION	OBSERVED_PROJECTION	1	NOT_COMPUTED_DEFINITION_CONFLICT
R-HSA-6804759	Regulation of TP53 Activity through Association with Co-factors	14	14	14	14	14	14	COMPLETE_MEMBERSHIP	COMPLETE_MEMBERSHIP	0	NOT_COMPUTED_DEFINITION_CONFLICT
R-HSA-6804760	Regulation of TP53 Activity through Methylation	19	18	18	18	18	17	OBSERVED_PROJECTION	OBSERVED_PROJECTION	1	NOT_COMPUTED_DEFINITION_CONFLICT
R-HSA-6805567	Keratinization	217	197	196	196	196	196	OBSERVED_PROJECTION	OBSERVED_PROJECTION	0	NOT_COMPUTED_DEFINITION_CONFLICT
R-HSA-6806003	Regulation of TP53 Expression and Degradation	37	37	37	36	35	32	OBSERVED_PROJECTION	OBSERVED_PROJECTION	3	NOT_COMPUTED_DEFINITION_CONFLICT
R-HSA-6806664	Metabolism of vitamin K	3	3	3	3	3	3	COMPLETE_MEMBERSHIP	COMPLETE_MEMBERSHIP	0	NOT_COMPUTED_DEFINITION_CONFLICT
R-HSA-6806667	Metabolism of fat-soluble vitamins	48	47	47	47	46	46	OBSERVED_PROJECTION	OBSERVED_PROJECTION	0	NOT_COMPUTED_DEFINITION_CONFLICT
R-HSA-6806834	Signaling by MET	79	79	78	78	78	77	OBSERVED_PROJECTION	OBSERVED_PROJECTION	1	NOT_COMPUTED_DEFINITION_CONFLICT
R-HSA-6806942	MET Receptor Activation	6	6	6	6	6	6	COMPLETE_MEMBERSHIP	COMPLETE_MEMBERSHIP	0	NOT_COMPUTED_DEFINITION_CONFLICT
R-HSA-6807004	Negative regulation of MET activity	21	21	21	21	21	20	OBSERVED_PROJECTION	COMPLETE_MEMBERSHIP	1	NOT_COMPUTED_DEFINITION_CONFLICT
R-HSA-6807047	Cholesterol biosynthesis via desmosterol (Bloch pathway)	10	10	10	10	10	10	COMPLETE_MEMBERSHIP	COMPLETE_MEMBERSHIP	0	NOT_COMPUTED_DEFINITION_CONFLICT
R-HSA-6807062	Zymostenol biosynthesis via lathosterol (Kandutsch-Russell pathway)	8	8	8	8	8	8	COMPLETE_MEMBERSHIP	COMPLETE_MEMBERSHIP	0	NOT_COMPUTED_DEFINITION_CONFLICT
R-HSA-6807070	PTEN Regulation	145	127	127	127	125	95	OBSERVED_PROJECTION	OBSERVED_PROJECTION	30	NOT_COMPUTED_DEFINITION_CONFLICT
R-HSA-6807505	RNA polymerase II transcribes snRNA genes	81	68	68	68	68	43	OBSERVED_PROJECTION	OBSERVED_PROJECTION	25	NOT_COMPUTED_DEFINITION_CONFLICT
R-HSA-6807878	COPI-mediated anterograde transport	102	100	100	100	100	85	OBSERVED_PROJECTION	OBSERVED_PROJECTION	15	NOT_COMPUTED_DEFINITION_CONFLICT
R-HSA-6809371	Formation of the cornified envelope	129	128	127	127	127	127	OBSERVED_PROJECTION	OBSERVED_PROJECTION	0	NOT_COMPUTED_DEFINITION_CONFLICT
R-HSA-6809583	Retinoid metabolism disease events	1	1	1	1	1	1	COMPLETE_MEMBERSHIP	COMPLETE_MEMBERSHIP	0	NOT_COMPUTED_DEFINITION_CONFLICT
R-HSA-6811434	COPI-dependent Golgi-to-ER retrograde traffic	102	99	99	99	98	89	OBSERVED_PROJECTION	OBSERVED_PROJECTION	9	NOT_COMPUTED_DEFINITION_CONFLICT
R-HSA-6811436	COPI-independent Golgi-to-ER retrograde traffic	53	51	51	51	51	43	OBSERVED_PROJECTION	OBSERVED_PROJECTION	8	NOT_COMPUTED_DEFINITION_CONFLICT
R-HSA-6811438	Intra-Golgi traffic	44	43	43	43	43	42	OBSERVED_PROJECTION	OBSERVED_PROJECTION	1	NOT_COMPUTED_DEFINITION_CONFLICT
R-HSA-6811440	Retrograde transport at the Trans-Golgi-Network	49	48	48	48	48	47	OBSERVED_PROJECTION	OBSERVED_PROJECTION	1	NOT_COMPUTED_DEFINITION_CONFLICT
R-HSA-6811442	Intra-Golgi and retrograde Golgi-to-ER traffic	205	201	201	201	200	181	OBSERVED_PROJECTION	OBSERVED_PROJECTION	19	NOT_COMPUTED_DEFINITION_CONFLICT
R-HSA-6811555	PI5P Regulates TP53 Acetylation	9	8	8	8	8	8	OBSERVED_PROJECTION	OBSERVED_PROJECTION	0	NOT_COMPUTED_DEFINITION_CONFLICT
R-HSA-6811558	PI5P, PP2A and IER3 Regulate PI3K/AKT Signaling	114	114	114	114	113	113	OBSERVED_PROJECTION	OBSERVED_PROJECTION	0	NOT_COMPUTED_DEFINITION_CONFLICT
R-HSA-6814122	Cooperation of PDCL (PhLP1) and TRiC/CCT in G-protein beta folding	38	38	38	38	38	30	OBSERVED_PROJECTION	COMPLETE_MEMBERSHIP	8	NOT_COMPUTED_DEFINITION_CONFLICT
R-HSA-6814848	Glycerophospholipid catabolism	7	7	7	7	7	7	COMPLETE_MEMBERSHIP	COMPLETE_MEMBERSHIP	0	NOT_COMPUTED_DEFINITION_CONFLICT
R-HSA-68616	Assembly of the ORC complex at the origin of replication	37	9	9	9	9	7	OBSERVED_PROJECTION	OBSERVED_PROJECTION	2	NOT_COMPUTED_DEFINITION_CONFLICT
R-HSA-68689	CDC6 association with the ORC:origin complex	8	8	8	8	8	6	OBSERVED_PROJECTION	COMPLETE_MEMBERSHIP	2	NOT_COMPUTED_DEFINITION_CONFLICT
R-HSA-68867	Assembly of the pre-replicative complex	101	72	72	72	70	31	OBSERVED_PROJECTION	OBSERVED_PROJECTION	39	NOT_COMPUTED_DEFINITION_CONFLICT
R-HSA-68875	Mitotic Prophase	111	79	79	79	78	56	OBSERVED_PROJECTION	OBSERVED_PROJECTION	22	NOT_COMPUTED_DEFINITION_CONFLICT
R-HSA-68877	Mitotic Prometaphase	204	192	192	192	186	132	OBSERVED_PROJECTION	OBSERVED_PROJECTION	54	NOT_COMPUTED_DEFINITION_CONFLICT
R-HSA-68881	Mitotic Metaphase/Anaphase Transition	2	2	2	2	1	0	NO_SUPPORT	OBSERVED_PROJECTION	1	NOT_COMPUTED_DEFINITION_CONFLICT
R-HSA-68882	Mitotic Anaphase	222	212	212	212	205	126	OBSERVED_PROJECTION	OBSERVED_PROJECTION	79	NOT_COMPUTED_DEFINITION_CONFLICT
R-HSA-68884	Mitotic Telophase/Cytokinesis	13	12	12	12	11	9	OBSERVED_PROJECTION	OBSERVED_PROJECTION	2	NOT_COMPUTED_DEFINITION_CONFLICT
R-HSA-68886	M Phase	373	328	328	328	320	213	OBSERVED_PROJECTION	OBSERVED_PROJECTION	107	NOT_COMPUTED_DEFINITION_CONFLICT
R-HSA-68911	G2 Phase	5	5	5	5	5	4	OBSERVED_PROJECTION	COMPLETE_MEMBERSHIP	1	NOT_COMPUTED_DEFINITION_CONFLICT
R-HSA-68949	Orc1 removal from chromatin	58	57	57	57	55	20	OBSERVED_PROJECTION	OBSERVED_PROJECTION	35	NOT_COMPUTED_DEFINITION_CONFLICT
R-HSA-68952	DNA replication initiation	8	8	8	8	8	2	OBSERVED_PROJECTION	COMPLETE_MEMBERSHIP	6	NOT_COMPUTED_DEFINITION_CONFLICT
R-HSA-68962	Activation of the pre-replicative complex	33	33	33	33	33	17	OBSERVED_PROJECTION	COMPLETE_MEMBERSHIP	16	NOT_COMPUTED_DEFINITION_CONFLICT
R-HSA-69002	DNA Replication Pre-Initiation	118	89	89	89	87	38	OBSERVED_PROJECTION	OBSERVED_PROJECTION	49	NOT_COMPUTED_DEFINITION_CONFLICT
R-HSA-69017	CDK-mediated phosphorylation and removal of Cdc6	60	59	59	59	57	23	OBSERVED_PROJECTION	OBSERVED_PROJECTION	34	NOT_COMPUTED_DEFINITION_CONFLICT
R-HSA-69052	Switching of origins to a post-replicative state	79	78	78	78	76	35	OBSERVED_PROJECTION	OBSERVED_PROJECTION	41	NOT_COMPUTED_DEFINITION_CONFLICT
R-HSA-69091	Polymerase switching	14	14	14	14	14	4	OBSERVED_PROJECTION	COMPLETE_MEMBERSHIP	10	NOT_COMPUTED_DEFINITION_CONFLICT
R-HSA-69109	Leading Strand Synthesis	14	14	14	14	14	4	OBSERVED_PROJECTION	COMPLETE_MEMBERSHIP	10	NOT_COMPUTED_DEFINITION_CONFLICT
R-HSA-69166	Removal of the Flap Intermediate	14	14	14	14	14	3	OBSERVED_PROJECTION	COMPLETE_MEMBERSHIP	11	NOT_COMPUTED_DEFINITION_CONFLICT
R-HSA-69183	Processive synthesis on the lagging strand	15	15	15	15	14	3	OBSERVED_PROJECTION	OBSERVED_PROJECTION	11	NOT_COMPUTED_DEFINITION_CONFLICT
R-HSA-69186	Lagging Strand Synthesis	20	20	20	20	19	5	OBSERVED_PROJECTION	OBSERVED_PROJECTION	14	NOT_COMPUTED_DEFINITION_CONFLICT
R-HSA-69190	DNA strand elongation	32	32	32	32	31	11	OBSERVED_PROJECTION	OBSERVED_PROJECTION	20	NOT_COMPUTED_DEFINITION_CONFLICT
R-HSA-69200	Phosphorylation of proteins involved in G1/S transition by active Cyclin E:Cdk2 complexes	4	4	4	4	4	4	COMPLETE_MEMBERSHIP	COMPLETE_MEMBERSHIP	0	NOT_COMPUTED_DEFINITION_CONFLICT
R-HSA-69202	Cyclin E associated events during G1/S transition	73	71	71	71	69	37	OBSERVED_PROJECTION	OBSERVED_PROJECTION	32	NOT_COMPUTED_DEFINITION_CONFLICT
R-HSA-69205	G1/S-Specific Transcription	29	29	29	29	29	20	OBSERVED_PROJECTION	COMPLETE_MEMBERSHIP	9	NOT_COMPUTED_DEFINITION_CONFLICT
R-HSA-69206	G1/S Transition	121	119	119	119	117	65	OBSERVED_PROJECTION	OBSERVED_PROJECTION	52	NOT_COMPUTED_DEFINITION_CONFLICT
R-HSA-69231	Cyclin D associated events in G1	47	46	46	46	46	41	OBSERVED_PROJECTION	OBSERVED_PROJECTION	5	NOT_COMPUTED_DEFINITION_CONFLICT
R-HSA-69236	G1 Phase	47	46	46	46	46	41	OBSERVED_PROJECTION	OBSERVED_PROJECTION	5	NOT_COMPUTED_DEFINITION_CONFLICT
R-HSA-69239	Synthesis of DNA	108	107	107	107	104	44	OBSERVED_PROJECTION	OBSERVED_PROJECTION	60	NOT_COMPUTED_DEFINITION_CONFLICT
R-HSA-69242	S Phase	150	147	147	147	144	79	OBSERVED_PROJECTION	OBSERVED_PROJECTION	65	NOT_COMPUTED_DEFINITION_CONFLICT
R-HSA-69273	Cyclin A/B1/B2 associated events during G2/M transition	32	30	30	30	29	19	OBSERVED_PROJECTION	OBSERVED_PROJECTION	10	NOT_COMPUTED_DEFINITION_CONFLICT
R-HSA-69275	G2/M Transition	191	183	183	183	179	120	OBSERVED_PROJECTION	OBSERVED_PROJECTION	59	NOT_COMPUTED_DEFINITION_CONFLICT
R-HSA-69278	Cell Cycle, Mitotic	521	474	474	474	465	316	OBSERVED_PROJECTION	OBSERVED_PROJECTION	149	NOT_COMPUTED_DEFINITION_CONFLICT
R-HSA-69306	DNA Replication	153	123	123	123	120	58	OBSERVED_PROJECTION	OBSERVED_PROJECTION	62	NOT_COMPUTED_DEFINITION_CONFLICT
R-HSA-69416	Dimerization of procaspase-8	11	11	11	11	11	11	COMPLETE_MEMBERSHIP	COMPLETE_MEMBERSHIP	0	NOT_COMPUTED_DEFINITION_CONFLICT
R-HSA-69473	G2/M DNA damage checkpoint	79	57	57	57	55	40	OBSERVED_PROJECTION	OBSERVED_PROJECTION	15	NOT_COMPUTED_DEFINITION_CONFLICT
R-HSA-69478	G2/M DNA replication checkpoint	7	7	7	7	7	4	OBSERVED_PROJECTION	COMPLETE_MEMBERSHIP	3	NOT_COMPUTED_DEFINITION_CONFLICT
R-HSA-69481	G2/M Checkpoints	139	116	116	116	112	63	OBSERVED_PROJECTION	OBSERVED_PROJECTION	49	NOT_COMPUTED_DEFINITION_CONFLICT
R-HSA-69541	Stabilization of p53	44	42	42	42	40	14	OBSERVED_PROJECTION	OBSERVED_PROJECTION	26	NOT_COMPUTED_DEFINITION_CONFLICT
R-HSA-69560	Transcriptional activation of p53 responsive genes	4	4	4	4	4	4	COMPLETE_MEMBERSHIP	COMPLETE_MEMBERSHIP	0	NOT_COMPUTED_DEFINITION_CONFLICT
R-HSA-69563	p53-Dependent G1 DNA Damage Response	53	51	51	51	49	22	OBSERVED_PROJECTION	OBSERVED_PROJECTION	27	NOT_COMPUTED_DEFINITION_CONFLICT
R-HSA-69580	p53-Dependent G1/S DNA damage checkpoint	53	51	51	51	49	22	OBSERVED_PROJECTION	OBSERVED_PROJECTION	27	NOT_COMPUTED_DEFINITION_CONFLICT
R-HSA-69601	Ubiquitin-Mediated Degradation of Phosphorylated Cdc25A	51	50	50	50	48	19	OBSERVED_PROJECTION	OBSERVED_PROJECTION	29	NOT_COMPUTED_DEFINITION_CONFLICT
R-HSA-69613	p53-Independent G1/S DNA Damage Checkpoint	51	50	50	50	48	19	OBSERVED_PROJECTION	OBSERVED_PROJECTION	29	NOT_COMPUTED_DEFINITION_CONFLICT
R-HSA-69615	G1/S DNA Damage Checkpoints	67	65	65	65	63	33	OBSERVED_PROJECTION	OBSERVED_PROJECTION	30	NOT_COMPUTED_DEFINITION_CONFLICT
R-HSA-69618	Mitotic Spindle Checkpoint	111	106	106	106	101	62	OBSERVED_PROJECTION	OBSERVED_PROJECTION	39	NOT_COMPUTED_DEFINITION_CONFLICT
R-HSA-69620	Cell Cycle Checkpoints	273	244	244	244	235	144	OBSERVED_PROJECTION	OBSERVED_PROJECTION	91	NOT_COMPUTED_DEFINITION_CONFLICT
R-HSA-69656	Cyclin A:Cdk2-associated events at S phase entry	75	73	73	73	71	39	OBSERVED_PROJECTION	OBSERVED_PROJECTION	32	NOT_COMPUTED_DEFINITION_CONFLICT
R-HSA-69895	Transcriptional  activation of  cell cycle inhibitor p21	4	4	4	4	4	4	COMPLETE_MEMBERSHIP	COMPLETE_MEMBERSHIP	0	NOT_COMPUTED_DEFINITION_CONFLICT
R-HSA-70171	Glycolysis	73	71	71	71	71	55	OBSERVED_PROJECTION	OBSERVED_PROJECTION	16	NOT_COMPUTED_DEFINITION_CONFLICT
R-HSA-70221	Glycogen breakdown (glycogenolysis)	15	15	15	15	15	15	COMPLETE_MEMBERSHIP	COMPLETE_MEMBERSHIP	0	NOT_COMPUTED_DEFINITION_CONFLICT
R-HSA-70263	Gluconeogenesis	26	25	25	25	25	24	OBSERVED_PROJECTION	OBSERVED_PROJECTION	1	NOT_COMPUTED_DEFINITION_CONFLICT
R-HSA-70268	Pyruvate metabolism	49	48	48	48	48	46	OBSERVED_PROJECTION	OBSERVED_PROJECTION	2	NOT_COMPUTED_DEFINITION_CONFLICT
R-HSA-70326	Glucose metabolism	84	81	81	81	81	65	OBSERVED_PROJECTION	OBSERVED_PROJECTION	16	NOT_COMPUTED_DEFINITION_CONFLICT
R-HSA-70350	Fructose catabolism	5	4	4	4	4	4	OBSERVED_PROJECTION	OBSERVED_PROJECTION	0	NOT_COMPUTED_DEFINITION_CONFLICT
R-HSA-70370	Galactose catabolism	6	6	6	6	6	6	COMPLETE_MEMBERSHIP	COMPLETE_MEMBERSHIP	0	NOT_COMPUTED_DEFINITION_CONFLICT
R-HSA-70635	Urea cycle	12	12	12	12	12	12	COMPLETE_MEMBERSHIP	COMPLETE_MEMBERSHIP	0	NOT_COMPUTED_DEFINITION_CONFLICT
R-HSA-70688	Proline catabolism	3	3	3	3	3	3	COMPLETE_MEMBERSHIP	COMPLETE_MEMBERSHIP	0	NOT_COMPUTED_DEFINITION_CONFLICT
R-HSA-70895	Branched-chain amino acid catabolism	23	23	23	23	22	21	OBSERVED_PROJECTION	OBSERVED_PROJECTION	1	NOT_COMPUTED_DEFINITION_CONFLICT
R-HSA-70921	Histidine catabolism	9	8	8	8	8	8	OBSERVED_PROJECTION	OBSERVED_PROJECTION	0	NOT_COMPUTED_DEFINITION_CONFLICT
R-HSA-71032	Propionyl-CoA catabolism	5	4	4	4	4	3	OBSERVED_PROJECTION	OBSERVED_PROJECTION	1	NOT_COMPUTED_DEFINITION_CONFLICT
R-HSA-71064	Lysine catabolism	12	12	12	12	12	11	OBSERVED_PROJECTION	COMPLETE_MEMBERSHIP	1	NOT_COMPUTED_DEFINITION_CONFLICT
R-HSA-71240	Tryptophan catabolism	14	12	12	12	12	12	OBSERVED_PROJECTION	OBSERVED_PROJECTION	0	NOT_COMPUTED_DEFINITION_CONFLICT
R-HSA-71262	Carnitine synthesis	4	4	4	4	4	4	COMPLETE_MEMBERSHIP	COMPLETE_MEMBERSHIP	0	NOT_COMPUTED_DEFINITION_CONFLICT
R-HSA-71288	Creatine metabolism	10	10	10	10	10	10	COMPLETE_MEMBERSHIP	COMPLETE_MEMBERSHIP	0	NOT_COMPUTED_DEFINITION_CONFLICT
R-HSA-71291	Metabolism of amino acids and derivatives	367	344	344	343	336	242	OBSERVED_PROJECTION	OBSERVED_PROJECTION	94	NOT_COMPUTED_DEFINITION_CONFLICT
R-HSA-71336	Pentose phosphate pathway	15	14	14	14	14	13	OBSERVED_PROJECTION	OBSERVED_PROJECTION	1	NOT_COMPUTED_DEFINITION_CONFLICT
R-HSA-71384	Ethanol oxidation	12	12	12	12	12	12	COMPLETE_MEMBERSHIP	COMPLETE_MEMBERSHIP	0	NOT_COMPUTED_DEFINITION_CONFLICT
R-HSA-71387	Metabolism of carbohydrates and carbohydrate derivatives	298	290	290	290	288	270	OBSERVED_PROJECTION	OBSERVED_PROJECTION	18	NOT_COMPUTED_DEFINITION_CONFLICT
R-HSA-71403	Citric acid cycle (TCA cycle)	34	30	30	30	30	28	OBSERVED_PROJECTION	OBSERVED_PROJECTION	2	NOT_COMPUTED_DEFINITION_CONFLICT
R-HSA-71737	Pyrophosphate hydrolysis	3	3	3	3	3	3	COMPLETE_MEMBERSHIP	COMPLETE_MEMBERSHIP	0	NOT_COMPUTED_DEFINITION_CONFLICT
R-HSA-72086	mRNA Capping	30	28	28	28	27	13	OBSERVED_PROJECTION	OBSERVED_PROJECTION	14	NOT_COMPUTED_DEFINITION_CONFLICT
R-HSA-72163	mRNA Splicing - Major Pathway	204	196	196	195	190	98	OBSERVED_PROJECTION	OBSERVED_PROJECTION	92	NOT_COMPUTED_DEFINITION_CONFLICT
R-HSA-72165	mRNA Splicing - Minor Pathway	53	48	48	48	48	14	OBSERVED_PROJECTION	OBSERVED_PROJECTION	34	NOT_COMPUTED_DEFINITION_CONFLICT
R-HSA-72172	mRNA Splicing	215	204	204	203	198	101	OBSERVED_PROJECTION	OBSERVED_PROJECTION	97	NOT_COMPUTED_DEFINITION_CONFLICT
R-HSA-72187	mRNA 3'-end processing	152	150	150	149	147	87	OBSERVED_PROJECTION	OBSERVED_PROJECTION	60	NOT_COMPUTED_DEFINITION_CONFLICT
R-HSA-72200	mRNA Editing: C to U Conversion	8	8	8	7	7	7	OBSERVED_PROJECTION	OBSERVED_PROJECTION	0	NOT_COMPUTED_DEFINITION_CONFLICT
R-HSA-72202	Transport of Mature Transcript to Cytoplasm	83	81	81	81	79	46	OBSERVED_PROJECTION	OBSERVED_PROJECTION	33	NOT_COMPUTED_DEFINITION_CONFLICT
R-HSA-72203	Processing of Capped Intron-Containing Pre-mRNA	296	283	283	282	277	149	OBSERVED_PROJECTION	OBSERVED_PROJECTION	128	NOT_COMPUTED_DEFINITION_CONFLICT
R-HSA-72306	tRNA processing	150	102	102	102	100	63	OBSERVED_PROJECTION	OBSERVED_PROJECTION	37	NOT_COMPUTED_DEFINITION_CONFLICT
R-HSA-72312	rRNA processing	244	198	198	198	190	48	OBSERVED_PROJECTION	OBSERVED_PROJECTION	142	NOT_COMPUTED_DEFINITION_CONFLICT
R-HSA-72613	Eukaryotic Translation Initiation	124	120	120	120	116	29	OBSERVED_PROJECTION	OBSERVED_PROJECTION	87	NOT_COMPUTED_DEFINITION_CONFLICT
R-HSA-72649	Translation initiation complex formation	60	59	59	59	58	14	OBSERVED_PROJECTION	OBSERVED_PROJECTION	44	NOT_COMPUTED_DEFINITION_CONFLICT
R-HSA-72662	Activation of the mRNA upon binding of the cap-binding complex and eIFs, and subsequent binding to 43S	61	60	60	60	59	15	OBSERVED_PROJECTION	OBSERVED_PROJECTION	44	NOT_COMPUTED_DEFINITION_CONFLICT
R-HSA-72689	Formation of a pool of free 40S subunits	106	102	102	102	98	23	OBSERVED_PROJECTION	OBSERVED_PROJECTION	75	NOT_COMPUTED_DEFINITION_CONFLICT
R-HSA-72695	Formation of the ternary complex, and subsequently, the 43S complex	53	52	52	52	51	11	OBSERVED_PROJECTION	OBSERVED_PROJECTION	40	NOT_COMPUTED_DEFINITION_CONFLICT
R-HSA-72702	Ribosomal scanning and start codon recognition	60	59	59	59	58	15	OBSERVED_PROJECTION	OBSERVED_PROJECTION	43	NOT_COMPUTED_DEFINITION_CONFLICT
R-HSA-72706	GTP hydrolysis and joining of the 60S ribosomal subunit	117	113	113	113	109	28	OBSERVED_PROJECTION	OBSERVED_PROJECTION	81	NOT_COMPUTED_DEFINITION_CONFLICT
R-HSA-72731	Recycling of eIF2:GDP	8	8	8	8	8	0	NO_SUPPORT	COMPLETE_MEMBERSHIP	8	NOT_COMPUTED_DEFINITION_CONFLICT
R-HSA-72737	Cap-dependent Translation Initiation	124	120	120	120	116	29	OBSERVED_PROJECTION	OBSERVED_PROJECTION	87	NOT_COMPUTED_DEFINITION_CONFLICT
R-HSA-72764	Eukaryotic Translation Termination	98	93	93	93	90	22	OBSERVED_PROJECTION	OBSERVED_PROJECTION	68	NOT_COMPUTED_DEFINITION_CONFLICT
R-HSA-72766	Translation	398	325	325	325	317	187	OBSERVED_PROJECTION	OBSERVED_PROJECTION	130	NOT_COMPUTED_DEFINITION_CONFLICT
R-HSA-727802	Transport of nucleotide sugars	9	9	9	9	9	9	COMPLETE_MEMBERSHIP	COMPLETE_MEMBERSHIP	0	NOT_COMPUTED_DEFINITION_CONFLICT
R-HSA-73614	Pyrimidine salvage	11	10	10	10	10	10	OBSERVED_PROJECTION	OBSERVED_PROJECTION	0	NOT_COMPUTED_DEFINITION_CONFLICT
R-HSA-73621	Pyrimidine catabolism	12	12	12	12	12	12	COMPLETE_MEMBERSHIP	COMPLETE_MEMBERSHIP	0	NOT_COMPUTED_DEFINITION_CONFLICT
R-HSA-73728	RNA Polymerase I Promoter Opening	33	4	4	4	4	4	OBSERVED_PROJECTION	OBSERVED_PROJECTION	0	NOT_COMPUTED_DEFINITION_CONFLICT
R-HSA-73762	RNA Polymerase I Transcription Initiation	48	44	44	43	42	29	OBSERVED_PROJECTION	OBSERVED_PROJECTION	13	NOT_COMPUTED_DEFINITION_CONFLICT
R-HSA-73772	RNA Polymerase I Promoter Escape	61	29	29	29	28	17	OBSERVED_PROJECTION	OBSERVED_PROJECTION	11	NOT_COMPUTED_DEFINITION_CONFLICT
R-HSA-73776	RNA Polymerase II Promoter Escape	48	47	47	47	46	26	OBSERVED_PROJECTION	OBSERVED_PROJECTION	20	NOT_COMPUTED_DEFINITION_CONFLICT
R-HSA-73779	RNA Polymerase II Transcription Pre-Initiation And Promoter Opening	48	47	47	47	46	26	OBSERVED_PROJECTION	OBSERVED_PROJECTION	20	NOT_COMPUTED_DEFINITION_CONFLICT
R-HSA-73780	RNA Polymerase III Chain Elongation	18	18	18	18	18	14	OBSERVED_PROJECTION	COMPLETE_MEMBERSHIP	4	NOT_COMPUTED_DEFINITION_CONFLICT
R-HSA-73817	Purine ribonucleoside monophosphate biosynthesis	11	9	9	9	9	9	OBSERVED_PROJECTION	OBSERVED_PROJECTION	0	NOT_COMPUTED_DEFINITION_CONFLICT
R-HSA-73843	5-Phosphoribose 1-diphosphate biosynthesis	3	3	3	3	3	3	COMPLETE_MEMBERSHIP	COMPLETE_MEMBERSHIP	0	NOT_COMPUTED_DEFINITION_CONFLICT
R-HSA-73856	RNA Polymerase II Transcription Termination	29	29	29	29	29	12	OBSERVED_PROJECTION	COMPLETE_MEMBERSHIP	17	NOT_COMPUTED_DEFINITION_CONFLICT
R-HSA-73857	RNA Polymerase II Transcription	1322	1228	1227	1223	1215	1072	OBSERVED_PROJECTION	OBSERVED_PROJECTION	143	NOT_COMPUTED_DEFINITION_CONFLICT
R-HSA-73863	RNA Polymerase I Transcription Termination	33	27	27	27	26	14	OBSERVED_PROJECTION	OBSERVED_PROJECTION	12	NOT_COMPUTED_DEFINITION_CONFLICT
R-HSA-73864	RNA Polymerase I Transcription	82	48	48	47	46	33	OBSERVED_PROJECTION	OBSERVED_PROJECTION	13	NOT_COMPUTED_DEFINITION_CONFLICT
R-HSA-73884	Base Excision Repair	71	44	44	44	43	31	OBSERVED_PROJECTION	OBSERVED_PROJECTION	12	NOT_COMPUTED_DEFINITION_CONFLICT
R-HSA-73886	Chromosome Maintenance	119	86	86	86	82	41	OBSERVED_PROJECTION	OBSERVED_PROJECTION	41	NOT_COMPUTED_DEFINITION_CONFLICT
R-HSA-73887	Death Receptor Signaling	157	152	152	152	152	148	OBSERVED_PROJECTION	OBSERVED_PROJECTION	4	NOT_COMPUTED_DEFINITION_CONFLICT
R-HSA-73893	DNA Damage Bypass	48	46	46	46	46	30	OBSERVED_PROJECTION	OBSERVED_PROJECTION	16	NOT_COMPUTED_DEFINITION_CONFLICT
R-HSA-73894	DNA Repair	346	304	304	303	295	209	OBSERVED_PROJECTION	OBSERVED_PROJECTION	86	NOT_COMPUTED_DEFINITION_CONFLICT
R-HSA-73927	Depurination	36	10	10	10	10	9	OBSERVED_PROJECTION	OBSERVED_PROJECTION	1	NOT_COMPUTED_DEFINITION_CONFLICT
R-HSA-73928	Depyrimidination	41	15	15	15	15	14	OBSERVED_PROJECTION	OBSERVED_PROJECTION	1	NOT_COMPUTED_DEFINITION_CONFLICT
R-HSA-73929	Base-Excision Repair, AP Site Formation	43	17	17	17	17	16	OBSERVED_PROJECTION	OBSERVED_PROJECTION	1	NOT_COMPUTED_DEFINITION_CONFLICT
R-HSA-73930	Abasic sugar-phosphate removal via the single-nucleotide replacement pathway	2	2	2	2	2	2	COMPLETE_MEMBERSHIP	COMPLETE_MEMBERSHIP	0	NOT_COMPUTED_DEFINITION_CONFLICT
R-HSA-73933	Resolution of Abasic Sites (AP sites)	38	37	37	37	36	25	OBSERVED_PROJECTION	OBSERVED_PROJECTION	11	NOT_COMPUTED_DEFINITION_CONFLICT
R-HSA-73942	DNA Damage Reversal	8	8	8	8	8	8	COMPLETE_MEMBERSHIP	COMPLETE_MEMBERSHIP	0	NOT_COMPUTED_DEFINITION_CONFLICT
R-HSA-73943	Reversal of alkylation damage by DNA dioxygenases	7	7	7	7	7	7	COMPLETE_MEMBERSHIP	COMPLETE_MEMBERSHIP	0	NOT_COMPUTED_DEFINITION_CONFLICT
R-HSA-73980	RNA Polymerase III Transcription Termination	23	23	23	23	23	19	OBSERVED_PROJECTION	COMPLETE_MEMBERSHIP	4	NOT_COMPUTED_DEFINITION_CONFLICT
R-HSA-74158	RNA Polymerase III Transcription	41	41	41	41	41	36	OBSERVED_PROJECTION	COMPLETE_MEMBERSHIP	5	NOT_COMPUTED_DEFINITION_CONFLICT
R-HSA-74160	Gene expression (Transcription)	1550	1411	1410	1404	1396	1240	OBSERVED_PROJECTION	OBSERVED_PROJECTION	156	NOT_COMPUTED_DEFINITION_CONFLICT
R-HSA-74182	Ketone body metabolism	10	10	10	10	10	10	COMPLETE_MEMBERSHIP	COMPLETE_MEMBERSHIP	0	NOT_COMPUTED_DEFINITION_CONFLICT
R-HSA-74217	Purine salvage	13	12	12	12	12	12	OBSERVED_PROJECTION	OBSERVED_PROJECTION	0	NOT_COMPUTED_DEFINITION_CONFLICT
R-HSA-74259	Purine catabolism	17	17	17	16	16	16	OBSERVED_PROJECTION	OBSERVED_PROJECTION	0	NOT_COMPUTED_DEFINITION_CONFLICT
R-HSA-74713	IRS activation	5	5	5	5	5	5	COMPLETE_MEMBERSHIP	COMPLETE_MEMBERSHIP	0	NOT_COMPUTED_DEFINITION_CONFLICT
R-HSA-74749	Signal attenuation	10	10	10	10	10	10	COMPLETE_MEMBERSHIP	COMPLETE_MEMBERSHIP	0	NOT_COMPUTED_DEFINITION_CONFLICT
R-HSA-74751	Insulin receptor signalling cascade	54	54	54	54	54	54	COMPLETE_MEMBERSHIP	COMPLETE_MEMBERSHIP	0	NOT_COMPUTED_DEFINITION_CONFLICT
R-HSA-74752	Signaling by Insulin receptor	82	82	82	82	82	81	OBSERVED_PROJECTION	COMPLETE_MEMBERSHIP	1	NOT_COMPUTED_DEFINITION_CONFLICT
R-HSA-749476	RNA Polymerase III Abortive And Retractive Initiation	41	41	41	41	41	36	OBSERVED_PROJECTION	COMPLETE_MEMBERSHIP	5	NOT_COMPUTED_DEFINITION_CONFLICT
R-HSA-75035	Chk1/Chk2(Cds1) mediated inactivation of Cyclin B:Cdk1 complex	15	15	15	15	15	13	OBSERVED_PROJECTION	COMPLETE_MEMBERSHIP	2	NOT_COMPUTED_DEFINITION_CONFLICT
R-HSA-75064	mRNA Editing: A to I Conversion	2	2	2	2	2	2	COMPLETE_MEMBERSHIP	COMPLETE_MEMBERSHIP	0	NOT_COMPUTED_DEFINITION_CONFLICT
R-HSA-75067	Processing of Capped Intronless Pre-mRNA	29	29	29	29	29	12	OBSERVED_PROJECTION	COMPLETE_MEMBERSHIP	17	NOT_COMPUTED_DEFINITION_CONFLICT
R-HSA-75072	mRNA Editing	10	10	10	9	9	9	OBSERVED_PROJECTION	OBSERVED_PROJECTION	0	NOT_COMPUTED_DEFINITION_CONFLICT
R-HSA-75094	Formation of the Editosome	8	8	8	7	7	7	OBSERVED_PROJECTION	OBSERVED_PROJECTION	0	NOT_COMPUTED_DEFINITION_CONFLICT
R-HSA-75102	C6 deamination of adenosine	2	2	2	2	2	2	COMPLETE_MEMBERSHIP	COMPLETE_MEMBERSHIP	0	NOT_COMPUTED_DEFINITION_CONFLICT
R-HSA-75105	Fatty acyl-CoA biosynthesis	37	32	32	32	32	32	OBSERVED_PROJECTION	OBSERVED_PROJECTION	0	NOT_COMPUTED_DEFINITION_CONFLICT
R-HSA-75108	Activation, myristolyation of BID and translocation to mitochondria	4	4	4	4	4	4	COMPLETE_MEMBERSHIP	COMPLETE_MEMBERSHIP	0	NOT_COMPUTED_DEFINITION_CONFLICT
R-HSA-75109	Triglyceride biosynthesis	14	13	13	13	13	13	OBSERVED_PROJECTION	OBSERVED_PROJECTION	0	NOT_COMPUTED_DEFINITION_CONFLICT
R-HSA-75153	Apoptotic execution phase	52	45	45	45	45	42	OBSERVED_PROJECTION	OBSERVED_PROJECTION	3	NOT_COMPUTED_DEFINITION_CONFLICT
R-HSA-75157	FasL/ CD95L signaling	5	5	5	5	5	5	COMPLETE_MEMBERSHIP	COMPLETE_MEMBERSHIP	0	NOT_COMPUTED_DEFINITION_CONFLICT
R-HSA-75158	TRAIL  signaling	8	8	8	8	8	8	COMPLETE_MEMBERSHIP	COMPLETE_MEMBERSHIP	0	NOT_COMPUTED_DEFINITION_CONFLICT
R-HSA-75205	Dissolution of Fibrin Clot	13	13	13	13	13	13	COMPLETE_MEMBERSHIP	COMPLETE_MEMBERSHIP	0	NOT_COMPUTED_DEFINITION_CONFLICT
R-HSA-75815	Ubiquitin-dependent degradation of Cyclin D	39	38	38	38	36	10	OBSERVED_PROJECTION	OBSERVED_PROJECTION	26	NOT_COMPUTED_DEFINITION_CONFLICT
R-HSA-75876	Synthesis of very long-chain fatty acyl-CoAs	24	20	20	20	20	20	OBSERVED_PROJECTION	OBSERVED_PROJECTION	0	NOT_COMPUTED_DEFINITION_CONFLICT
R-HSA-75892	Platelet Adhesion to exposed collagen	16	16	16	16	16	16	COMPLETE_MEMBERSHIP	COMPLETE_MEMBERSHIP	0	NOT_COMPUTED_DEFINITION_CONFLICT
R-HSA-75893	TNF signaling	59	55	55	55	55	53	OBSERVED_PROJECTION	OBSERVED_PROJECTION	2	NOT_COMPUTED_DEFINITION_CONFLICT
R-HSA-75896	Plasmalogen biosynthesis	3	3	3	3	3	3	COMPLETE_MEMBERSHIP	COMPLETE_MEMBERSHIP	0	NOT_COMPUTED_DEFINITION_CONFLICT
R-HSA-75944	Transcription from mitochondrial promoters	4	3	3	3	3	3	OBSERVED_PROJECTION	OBSERVED_PROJECTION	0	NOT_COMPUTED_DEFINITION_CONFLICT
R-HSA-75953	RNA Polymerase II Transcription Initiation	48	47	47	47	46	26	OBSERVED_PROJECTION	OBSERVED_PROJECTION	20	NOT_COMPUTED_DEFINITION_CONFLICT
R-HSA-75955	RNA Polymerase II Transcription Elongation	58	52	52	52	51	28	OBSERVED_PROJECTION	OBSERVED_PROJECTION	23	NOT_COMPUTED_DEFINITION_CONFLICT
R-HSA-76002	Platelet activation, signaling and aggregation	262	257	257	257	255	253	OBSERVED_PROJECTION	OBSERVED_PROJECTION	2	NOT_COMPUTED_DEFINITION_CONFLICT
R-HSA-76005	Response to elevated platelet cytosolic Ca2+	133	129	129	129	127	125	OBSERVED_PROJECTION	OBSERVED_PROJECTION	2	NOT_COMPUTED_DEFINITION_CONFLICT
R-HSA-76009	Platelet Aggregation (Plug Formation)	39	39	39	39	39	39	COMPLETE_MEMBERSHIP	COMPLETE_MEMBERSHIP	0	NOT_COMPUTED_DEFINITION_CONFLICT
R-HSA-76042	RNA Polymerase II Transcription Initiation And Promoter Clearance	48	47	47	47	46	26	OBSERVED_PROJECTION	OBSERVED_PROJECTION	20	NOT_COMPUTED_DEFINITION_CONFLICT
R-HSA-76046	RNA Polymerase III Transcription Initiation	36	36	36	36	36	31	OBSERVED_PROJECTION	COMPLETE_MEMBERSHIP	5	NOT_COMPUTED_DEFINITION_CONFLICT
R-HSA-76061	RNA Polymerase III Transcription Initiation From Type 1 Promoter	28	28	28	28	28	23	OBSERVED_PROJECTION	COMPLETE_MEMBERSHIP	5	NOT_COMPUTED_DEFINITION_CONFLICT
R-HSA-76066	RNA Polymerase III Transcription Initiation From Type 2 Promoter	27	27	27	27	27	22	OBSERVED_PROJECTION	COMPLETE_MEMBERSHIP	5	NOT_COMPUTED_DEFINITION_CONFLICT
R-HSA-76071	RNA Polymerase III Transcription Initiation From Type 3 Promoter	28	28	28	28	28	24	OBSERVED_PROJECTION	COMPLETE_MEMBERSHIP	4	NOT_COMPUTED_DEFINITION_CONFLICT
R-HSA-77042	Formation of editosomes by ADAR proteins	2	2	2	2	2	2	COMPLETE_MEMBERSHIP	COMPLETE_MEMBERSHIP	0	NOT_COMPUTED_DEFINITION_CONFLICT
R-HSA-77075	RNA Pol II CTD phosphorylation and interaction with CE	28	26	26	26	25	11	OBSERVED_PROJECTION	OBSERVED_PROJECTION	14	NOT_COMPUTED_DEFINITION_CONFLICT
R-HSA-77108	Utilization of Ketone Bodies	4	4	4	4	4	4	COMPLETE_MEMBERSHIP	COMPLETE_MEMBERSHIP	0	NOT_COMPUTED_DEFINITION_CONFLICT
R-HSA-77111	Synthesis of Ketone Bodies	8	8	8	8	8	8	COMPLETE_MEMBERSHIP	COMPLETE_MEMBERSHIP	0	NOT_COMPUTED_DEFINITION_CONFLICT
R-HSA-77285	Beta oxidation of myristoyl-CoA to lauroyl-CoA	3	3	3	3	3	3	COMPLETE_MEMBERSHIP	COMPLETE_MEMBERSHIP	0	NOT_COMPUTED_DEFINITION_CONFLICT
R-HSA-77286	mitochondrial fatty acid beta-oxidation of saturated fatty acids	11	10	10	10	10	10	OBSERVED_PROJECTION	OBSERVED_PROJECTION	0	NOT_COMPUTED_DEFINITION_CONFLICT
R-HSA-77288	mitochondrial fatty acid beta-oxidation of unsaturated fatty acids	6	6	6	6	6	6	COMPLETE_MEMBERSHIP	COMPLETE_MEMBERSHIP	0	NOT_COMPUTED_DEFINITION_CONFLICT
R-HSA-77289	Mitochondrial Fatty Acid Beta-Oxidation	38	35	35	35	35	33	OBSERVED_PROJECTION	OBSERVED_PROJECTION	2	NOT_COMPUTED_DEFINITION_CONFLICT
R-HSA-77305	Beta oxidation of palmitoyl-CoA to myristoyl-CoA	3	3	3	3	3	3	COMPLETE_MEMBERSHIP	COMPLETE_MEMBERSHIP	0	NOT_COMPUTED_DEFINITION_CONFLICT
R-HSA-77310	Beta oxidation of lauroyl-CoA to decanoyl-CoA-CoA	5	5	5	5	5	5	COMPLETE_MEMBERSHIP	COMPLETE_MEMBERSHIP	0	NOT_COMPUTED_DEFINITION_CONFLICT
R-HSA-77346	Beta oxidation of decanoyl-CoA to octanoyl-CoA-CoA	6	6	6	6	6	6	COMPLETE_MEMBERSHIP	COMPLETE_MEMBERSHIP	0	NOT_COMPUTED_DEFINITION_CONFLICT
R-HSA-77348	Beta oxidation of octanoyl-CoA to hexanoyl-CoA	5	5	5	5	5	5	COMPLETE_MEMBERSHIP	COMPLETE_MEMBERSHIP	0	NOT_COMPUTED_DEFINITION_CONFLICT
R-HSA-77350	Beta oxidation of hexanoyl-CoA to butanoyl-CoA	5	5	5	5	5	5	COMPLETE_MEMBERSHIP	COMPLETE_MEMBERSHIP	0	NOT_COMPUTED_DEFINITION_CONFLICT
R-HSA-77352	Beta oxidation of butanoyl-CoA to acetyl-CoA	5	4	4	4	4	4	OBSERVED_PROJECTION	OBSERVED_PROJECTION	0	NOT_COMPUTED_DEFINITION_CONFLICT
R-HSA-77387	Insulin receptor recycling	30	30	30	30	30	29	OBSERVED_PROJECTION	COMPLETE_MEMBERSHIP	1	NOT_COMPUTED_DEFINITION_CONFLICT
R-HSA-774815	Nucleosome assembly	53	24	24	24	23	11	OBSERVED_PROJECTION	OBSERVED_PROJECTION	12	NOT_COMPUTED_DEFINITION_CONFLICT
R-HSA-77588	SLBP Dependent Processing of Replication-Dependent Histone Pre-mRNAs	11	11	11	11	11	4	OBSERVED_PROJECTION	COMPLETE_MEMBERSHIP	7	NOT_COMPUTED_DEFINITION_CONFLICT
R-HSA-77595	Processing of Intronless Pre-mRNAs	20	20	20	20	20	10	OBSERVED_PROJECTION	COMPLETE_MEMBERSHIP	10	NOT_COMPUTED_DEFINITION_CONFLICT
R-HSA-804914	Transport of fatty acids	8	8	8	8	8	8	COMPLETE_MEMBERSHIP	COMPLETE_MEMBERSHIP	0	NOT_COMPUTED_DEFINITION_CONFLICT
R-HSA-83936	Transport of nucleosides and free purine and pyrimidine bases across the plasma membrane	12	12	12	12	12	12	COMPLETE_MEMBERSHIP	COMPLETE_MEMBERSHIP	0	NOT_COMPUTED_DEFINITION_CONFLICT
R-HSA-844455	The NLRP1 inflammasome	3	3	3	3	3	3	COMPLETE_MEMBERSHIP	COMPLETE_MEMBERSHIP	0	NOT_COMPUTED_DEFINITION_CONFLICT
R-HSA-844456	The NLRP3 inflammasome	17	16	16	16	16	15	OBSERVED_PROJECTION	OBSERVED_PROJECTION	1	NOT_COMPUTED_DEFINITION_CONFLICT
R-HSA-844615	The AIM2 inflammasome	3	3	3	3	3	3	COMPLETE_MEMBERSHIP	COMPLETE_MEMBERSHIP	0	NOT_COMPUTED_DEFINITION_CONFLICT
R-HSA-844623	The IPAF inflammasome	5	2	2	2	2	2	OBSERVED_PROJECTION	OBSERVED_PROJECTION	0	NOT_COMPUTED_DEFINITION_CONFLICT
R-HSA-877300	Interferon gamma signaling	99	94	94	94	94	94	OBSERVED_PROJECTION	OBSERVED_PROJECTION	0	NOT_COMPUTED_DEFINITION_CONFLICT
R-HSA-877312	Regulation of IFNG signaling	14	14	14	14	14	14	COMPLETE_MEMBERSHIP	COMPLETE_MEMBERSHIP	0	NOT_COMPUTED_DEFINITION_CONFLICT
R-HSA-879415	Advanced glycosylation endproduct receptor signaling	13	13	13	13	13	12	OBSERVED_PROJECTION	COMPLETE_MEMBERSHIP	1	NOT_COMPUTED_DEFINITION_CONFLICT
R-HSA-879518	Organic anion transport by SLCO transporters	11	11	11	11	11	11	COMPLETE_MEMBERSHIP	COMPLETE_MEMBERSHIP	0	NOT_COMPUTED_DEFINITION_CONFLICT
R-HSA-880009	Interconversion of 2-oxoglutarate and 2-hydroxyglutarate	3	3	3	3	3	3	COMPLETE_MEMBERSHIP	COMPLETE_MEMBERSHIP	0	NOT_COMPUTED_DEFINITION_CONFLICT
R-HSA-881907	Gastrin-CREB signalling pathway via PKC and MAPK	18	18	18	18	18	18	COMPLETE_MEMBERSHIP	COMPLETE_MEMBERSHIP	0	NOT_COMPUTED_DEFINITION_CONFLICT
R-HSA-8847453	Synthesis of PIPs in the nucleus	4	3	3	3	3	3	OBSERVED_PROJECTION	OBSERVED_PROJECTION	0	NOT_COMPUTED_DEFINITION_CONFLICT
R-HSA-8847993	ERBB2 Activates PTK6 Signaling	13	13	13	13	13	13	COMPLETE_MEMBERSHIP	COMPLETE_MEMBERSHIP	0	NOT_COMPUTED_DEFINITION_CONFLICT
R-HSA-8848021	Signaling by PTK6	55	54	54	54	54	52	OBSERVED_PROJECTION	OBSERVED_PROJECTION	2	NOT_COMPUTED_DEFINITION_CONFLICT
R-HSA-8848584	Wax and plasmalogen biosynthesis	7	7	7	7	7	7	COMPLETE_MEMBERSHIP	COMPLETE_MEMBERSHIP	0	NOT_COMPUTED_DEFINITION_CONFLICT
R-HSA-8849175	Threonine catabolism	3	2	2	2	2	2	OBSERVED_PROJECTION	OBSERVED_PROJECTION	0	NOT_COMPUTED_DEFINITION_CONFLICT
R-HSA-8849468	PTK6 Regulates Proteins Involved in RNA Processing	5	5	5	5	5	4	OBSERVED_PROJECTION	COMPLETE_MEMBERSHIP	1	NOT_COMPUTED_DEFINITION_CONFLICT
R-HSA-8849469	PTK6 Regulates RTKs and Their Effectors AKT1 and DOK1	9	9	9	9	9	8	OBSERVED_PROJECTION	COMPLETE_MEMBERSHIP	1	NOT_COMPUTED_DEFINITION_CONFLICT
R-HSA-8849470	PTK6 Regulates Cell Cycle	6	6	6	6	6	6	COMPLETE_MEMBERSHIP	COMPLETE_MEMBERSHIP	0	NOT_COMPUTED_DEFINITION_CONFLICT
R-HSA-8849471	PTK6 Regulates RHO GTPases, RAS GTPase and MAP kinases	14	14	14	14	14	14	COMPLETE_MEMBERSHIP	COMPLETE_MEMBERSHIP	0	NOT_COMPUTED_DEFINITION_CONFLICT
R-HSA-8849472	PTK6 Down-Regulation	3	3	3	3	3	3	COMPLETE_MEMBERSHIP	COMPLETE_MEMBERSHIP	0	NOT_COMPUTED_DEFINITION_CONFLICT
R-HSA-8849473	PTK6 Expression	5	5	5	5	5	5	COMPLETE_MEMBERSHIP	COMPLETE_MEMBERSHIP	0	NOT_COMPUTED_DEFINITION_CONFLICT
R-HSA-8849474	PTK6 Activates STAT3	4	4	4	4	4	4	COMPLETE_MEMBERSHIP	COMPLETE_MEMBERSHIP	0	NOT_COMPUTED_DEFINITION_CONFLICT
R-HSA-8849932	Synaptic adhesion-like molecules	21	21	21	21	21	21	COMPLETE_MEMBERSHIP	COMPLETE_MEMBERSHIP	0	NOT_COMPUTED_DEFINITION_CONFLICT
R-HSA-8850843	Phosphate bond hydrolysis by NTPDase proteins	8	8	8	8	8	8	COMPLETE_MEMBERSHIP	COMPLETE_MEMBERSHIP	0	NOT_COMPUTED_DEFINITION_CONFLICT
R-HSA-8851680	Butyrophilin (BTN) family interactions	12	12	12	12	12	12	COMPLETE_MEMBERSHIP	COMPLETE_MEMBERSHIP	0	NOT_COMPUTED_DEFINITION_CONFLICT
R-HSA-8851708	Signaling by FGFR2 IIIa TM	19	18	18	18	18	9	OBSERVED_PROJECTION	OBSERVED_PROJECTION	9	NOT_COMPUTED_DEFINITION_CONFLICT
R-HSA-8851805	MET activates RAS signaling	11	11	11	11	11	11	COMPLETE_MEMBERSHIP	COMPLETE_MEMBERSHIP	0	NOT_COMPUTED_DEFINITION_CONFLICT
R-HSA-8851907	MET activates PI3K/AKT signaling	6	6	6	6	6	6	COMPLETE_MEMBERSHIP	COMPLETE_MEMBERSHIP	0	NOT_COMPUTED_DEFINITION_CONFLICT
R-HSA-8852135	Protein ubiquitination	77	62	62	62	62	56	OBSERVED_PROJECTION	OBSERVED_PROJECTION	6	NOT_COMPUTED_DEFINITION_CONFLICT
R-HSA-8852276	The role of GTSE1 in G2/M progression after G2 checkpoint	66	63	63	63	60	32	OBSERVED_PROJECTION	OBSERVED_PROJECTION	28	NOT_COMPUTED_DEFINITION_CONFLICT
R-HSA-8852405	Signaling by MST1	5	5	5	5	5	5	COMPLETE_MEMBERSHIP	COMPLETE_MEMBERSHIP	0	NOT_COMPUTED_DEFINITION_CONFLICT
R-HSA-8853333	Signaling by FGFR2 fusions	1	1	1	1	1	1	COMPLETE_MEMBERSHIP	COMPLETE_MEMBERSHIP	0	NOT_COMPUTED_DEFINITION_CONFLICT
R-HSA-8853334	Signaling by FGFR3 fusions in cancer	1	1	1	1	1	1	COMPLETE_MEMBERSHIP	COMPLETE_MEMBERSHIP	0	NOT_COMPUTED_DEFINITION_CONFLICT
R-HSA-8853336	Signaling by plasma membrane FGFR1 fusions	3	3	3	3	3	3	COMPLETE_MEMBERSHIP	COMPLETE_MEMBERSHIP	0	NOT_COMPUTED_DEFINITION_CONFLICT
R-HSA-8853383	Lysosomal oligosaccharide catabolism	4	4	4	4	4	4	COMPLETE_MEMBERSHIP	COMPLETE_MEMBERSHIP	0	NOT_COMPUTED_DEFINITION_CONFLICT
R-HSA-8853659	RET signaling	41	41	41	41	41	41	COMPLETE_MEMBERSHIP	COMPLETE_MEMBERSHIP	0	NOT_COMPUTED_DEFINITION_CONFLICT
R-HSA-8853884	Transcriptional Regulation by VENTX	41	39	39	39	39	33	OBSERVED_PROJECTION	OBSERVED_PROJECTION	6	NOT_COMPUTED_DEFINITION_CONFLICT
R-HSA-8854050	FBXL7 down-regulates AURKA during mitotic entry and in early mitosis	42	41	41	41	39	10	OBSERVED_PROJECTION	OBSERVED_PROJECTION	29	NOT_COMPUTED_DEFINITION_CONFLICT
R-HSA-8854214	TBC/RABGAPs	45	44	43	43	42	41	OBSERVED_PROJECTION	OBSERVED_PROJECTION	1	NOT_COMPUTED_DEFINITION_CONFLICT
R-HSA-8854518	AURKA Activation by TPX2	72	69	69	69	67	53	OBSERVED_PROJECTION	OBSERVED_PROJECTION	14	NOT_COMPUTED_DEFINITION_CONFLICT
R-HSA-8854521	Interaction between PHLDA1 and AURKA	2	2	2	2	2	1	OBSERVED_PROJECTION	COMPLETE_MEMBERSHIP	1	NOT_COMPUTED_DEFINITION_CONFLICT
R-HSA-8854691	Interleukin-20 family signaling	26	26	26	26	26	26	COMPLETE_MEMBERSHIP	COMPLETE_MEMBERSHIP	0	NOT_COMPUTED_DEFINITION_CONFLICT
R-HSA-8856688	Golgi-to-ER retrograde transport	136	133	133	133	132	115	OBSERVED_PROJECTION	OBSERVED_PROJECTION	17	NOT_COMPUTED_DEFINITION_CONFLICT
R-HSA-8856825	Cargo recognition for clathrin-mediated endocytosis	105	103	103	103	102	95	OBSERVED_PROJECTION	OBSERVED_PROJECTION	7	NOT_COMPUTED_DEFINITION_CONFLICT
R-HSA-8856828	Clathrin-mediated endocytosis	145	143	143	143	142	134	OBSERVED_PROJECTION	OBSERVED_PROJECTION	8	NOT_COMPUTED_DEFINITION_CONFLICT
R-HSA-8857538	PTK6 promotes HIF1A stabilization	7	6	6	6	6	6	OBSERVED_PROJECTION	OBSERVED_PROJECTION	0	NOT_COMPUTED_DEFINITION_CONFLICT
R-HSA-8862803	Deregulated CDK5 triggers multiple neurodegenerative pathways in Alzheimer's disease models	22	22	22	22	22	22	COMPLETE_MEMBERSHIP	COMPLETE_MEMBERSHIP	0	NOT_COMPUTED_DEFINITION_CONFLICT
R-HSA-8863678	Neurodegenerative Diseases	22	22	22	22	22	22	COMPLETE_MEMBERSHIP	COMPLETE_MEMBERSHIP	0	NOT_COMPUTED_DEFINITION_CONFLICT
R-HSA-8863795	Downregulation of ERBB2 signaling	29	28	28	28	28	27	OBSERVED_PROJECTION	OBSERVED_PROJECTION	1	NOT_COMPUTED_DEFINITION_CONFLICT
R-HSA-8864260	Transcriptional regulation by the AP-2 (TFAP2) family of transcription factors	36	35	35	35	35	33	OBSERVED_PROJECTION	OBSERVED_PROJECTION	2	NOT_COMPUTED_DEFINITION_CONFLICT
R-HSA-8865999	MET activates PTPN11	5	5	5	5	5	5	COMPLETE_MEMBERSHIP	COMPLETE_MEMBERSHIP	0	NOT_COMPUTED_DEFINITION_CONFLICT
R-HSA-8866376	Reelin signalling pathway	5	5	5	5	5	5	COMPLETE_MEMBERSHIP	COMPLETE_MEMBERSHIP	0	NOT_COMPUTED_DEFINITION_CONFLICT
R-HSA-8866423	VLDL assembly	5	5	5	5	5	5	COMPLETE_MEMBERSHIP	COMPLETE_MEMBERSHIP	0	NOT_COMPUTED_DEFINITION_CONFLICT
R-HSA-8866427	VLDLR internalisation and degradation	16	16	16	16	16	15	OBSERVED_PROJECTION	COMPLETE_MEMBERSHIP	1	NOT_COMPUTED_DEFINITION_CONFLICT
R-HSA-8866652	Synthesis of active ubiquitin: roles of E1 and E2 enzymes	30	29	29	29	29	28	OBSERVED_PROJECTION	OBSERVED_PROJECTION	1	NOT_COMPUTED_DEFINITION_CONFLICT
R-HSA-8866654	E3 ubiquitin ligases ubiquitinate target proteins	57	43	43	43	43	37	OBSERVED_PROJECTION	OBSERVED_PROJECTION	6	NOT_COMPUTED_DEFINITION_CONFLICT
R-HSA-8866904	Negative regulation of activity of TFAP2 (AP-2) family transcription factors	10	10	10	10	10	9	OBSERVED_PROJECTION	COMPLETE_MEMBERSHIP	1	NOT_COMPUTED_DEFINITION_CONFLICT
R-HSA-8866906	TFAP2 (AP-2) family regulates transcription of other transcription factors	4	4	4	4	4	4	COMPLETE_MEMBERSHIP	COMPLETE_MEMBERSHIP	0	NOT_COMPUTED_DEFINITION_CONFLICT
R-HSA-8866907	Activation of the TFAP2 (AP-2) family of transcription factors	12	12	12	12	12	12	COMPLETE_MEMBERSHIP	COMPLETE_MEMBERSHIP	0	NOT_COMPUTED_DEFINITION_CONFLICT
R-HSA-8866910	TFAP2 (AP-2) family regulates transcription of growth factors and their receptors	13	12	12	12	12	12	OBSERVED_PROJECTION	OBSERVED_PROJECTION	0	NOT_COMPUTED_DEFINITION_CONFLICT
R-HSA-8866911	TFAP2 (AP-2) family regulates transcription of cell cycle factors	5	5	5	5	5	5	COMPLETE_MEMBERSHIP	COMPLETE_MEMBERSHIP	0	NOT_COMPUTED_DEFINITION_CONFLICT
R-HSA-8868766	rRNA processing in the mitochondrion	45	11	11	11	10	10	OBSERVED_PROJECTION	OBSERVED_PROJECTION	0	NOT_COMPUTED_DEFINITION_CONFLICT
R-HSA-8868773	rRNA processing in the nucleus and cytosol	199	187	187	187	180	38	OBSERVED_PROJECTION	OBSERVED_PROJECTION	142	NOT_COMPUTED_DEFINITION_CONFLICT
R-HSA-8869496	TFAP2A acts as a transcriptional repressor during retinoic acid induced cell differentiation	5	5	5	5	5	4	OBSERVED_PROJECTION	COMPLETE_MEMBERSHIP	1	NOT_COMPUTED_DEFINITION_CONFLICT
R-HSA-8873719	RAB geranylgeranylation	65	63	62	62	62	59	OBSERVED_PROJECTION	OBSERVED_PROJECTION	3	NOT_COMPUTED_DEFINITION_CONFLICT
R-HSA-8874081	MET activates PTK2 signaling	30	30	30	30	30	30	COMPLETE_MEMBERSHIP	COMPLETE_MEMBERSHIP	0	NOT_COMPUTED_DEFINITION_CONFLICT
R-HSA-8874177	ATF6B (ATF6-beta) activates chaperones	4	4	4	4	4	3	OBSERVED_PROJECTION	COMPLETE_MEMBERSHIP	1	NOT_COMPUTED_DEFINITION_CONFLICT
R-HSA-8874211	CREB3 factors activate genes	9	9	9	9	9	9	COMPLETE_MEMBERSHIP	COMPLETE_MEMBERSHIP	0	NOT_COMPUTED_DEFINITION_CONFLICT
R-HSA-8875360	InlB-mediated entry of Listeria monocytogenes into host cell	16	15	15	15	15	14	OBSERVED_PROJECTION	OBSERVED_PROJECTION	1	NOT_COMPUTED_DEFINITION_CONFLICT
R-HSA-8875513	MET interacts with TNS proteins	5	5	5	5	5	5	COMPLETE_MEMBERSHIP	COMPLETE_MEMBERSHIP	0	NOT_COMPUTED_DEFINITION_CONFLICT
R-HSA-8875555	MET activates RAP1 and RAC1	11	11	11	11	11	11	COMPLETE_MEMBERSHIP	COMPLETE_MEMBERSHIP	0	NOT_COMPUTED_DEFINITION_CONFLICT
R-HSA-8875656	MET receptor recycling	10	10	9	9	9	9	OBSERVED_PROJECTION	OBSERVED_PROJECTION	0	NOT_COMPUTED_DEFINITION_CONFLICT
R-HSA-8875791	MET activates STAT3	3	3	3	3	3	3	COMPLETE_MEMBERSHIP	COMPLETE_MEMBERSHIP	0	NOT_COMPUTED_DEFINITION_CONFLICT
R-HSA-8875878	MET promotes cell motility	41	41	41	41	41	41	COMPLETE_MEMBERSHIP	COMPLETE_MEMBERSHIP	0	NOT_COMPUTED_DEFINITION_CONFLICT
R-HSA-8876198	RAB GEFs exchange GTP for GDP on RABs	90	87	86	86	86	84	OBSERVED_PROJECTION	OBSERVED_PROJECTION	2	NOT_COMPUTED_DEFINITION_CONFLICT
R-HSA-8876384	Listeria monocytogenes entry into host cells	22	20	20	20	20	19	OBSERVED_PROJECTION	OBSERVED_PROJECTION	1	NOT_COMPUTED_DEFINITION_CONFLICT
R-HSA-8876493	InlA-mediated entry of Listeria monocytogenes into host cells	10	9	9	9	9	8	OBSERVED_PROJECTION	OBSERVED_PROJECTION	1	NOT_COMPUTED_DEFINITION_CONFLICT
R-HSA-8876725	Protein methylation	17	13	13	13	13	11	OBSERVED_PROJECTION	OBSERVED_PROJECTION	2	NOT_COMPUTED_DEFINITION_CONFLICT
R-HSA-8877330	RUNX1 and FOXP3 control the development of regulatory T lymphocytes (Tregs)	10	10	10	10	10	10	COMPLETE_MEMBERSHIP	COMPLETE_MEMBERSHIP	0	NOT_COMPUTED_DEFINITION_CONFLICT
R-HSA-8877627	Vitamin E transport	1	1	1	1	1	1	COMPLETE_MEMBERSHIP	COMPLETE_MEMBERSHIP	0	NOT_COMPUTED_DEFINITION_CONFLICT
R-HSA-8878159	Transcriptional regulation by RUNX3	86	84	84	84	82	56	OBSERVED_PROJECTION	OBSERVED_PROJECTION	26	NOT_COMPUTED_DEFINITION_CONFLICT
R-HSA-8878166	Transcriptional regulation by RUNX2	106	105	105	104	102	72	OBSERVED_PROJECTION	OBSERVED_PROJECTION	30	NOT_COMPUTED_DEFINITION_CONFLICT
R-HSA-8878171	Transcriptional regulation by RUNX1	202	163	163	163	161	129	OBSERVED_PROJECTION	OBSERVED_PROJECTION	32	NOT_COMPUTED_DEFINITION_CONFLICT
R-HSA-888568	GABA synthesis	2	2	2	2	2	2	COMPLETE_MEMBERSHIP	COMPLETE_MEMBERSHIP	0	NOT_COMPUTED_DEFINITION_CONFLICT
R-HSA-888590	GABA synthesis, release, reuptake and degradation	19	19	19	19	19	19	COMPLETE_MEMBERSHIP	COMPLETE_MEMBERSHIP	0	NOT_COMPUTED_DEFINITION_CONFLICT
R-HSA-888593	Reuptake of GABA	4	4	4	4	4	4	COMPLETE_MEMBERSHIP	COMPLETE_MEMBERSHIP	0	NOT_COMPUTED_DEFINITION_CONFLICT
R-HSA-8931838	DAG1 glycosylations	18	12	12	12	12	12	OBSERVED_PROJECTION	OBSERVED_PROJECTION	0	NOT_COMPUTED_DEFINITION_CONFLICT
R-HSA-8931987	RUNX1 regulates estrogen receptor mediated transcription	6	6	6	6	6	6	COMPLETE_MEMBERSHIP	COMPLETE_MEMBERSHIP	0	NOT_COMPUTED_DEFINITION_CONFLICT
R-HSA-8932504	DAG1 core M2 glycosylations	5	5	5	5	5	5	COMPLETE_MEMBERSHIP	COMPLETE_MEMBERSHIP	0	NOT_COMPUTED_DEFINITION_CONFLICT
R-HSA-8932505	DAG1 core M3 glycosylations	6	5	5	5	5	5	OBSERVED_PROJECTION	OBSERVED_PROJECTION	0	NOT_COMPUTED_DEFINITION_CONFLICT
R-HSA-8932506	DAG1 core M1 glycosylations	4	4	4	4	4	4	COMPLETE_MEMBERSHIP	COMPLETE_MEMBERSHIP	0	NOT_COMPUTED_DEFINITION_CONFLICT
R-HSA-8934593	Regulation of RUNX1 Expression and Activity	27	17	17	17	17	17	OBSERVED_PROJECTION	OBSERVED_PROJECTION	0	NOT_COMPUTED_DEFINITION_CONFLICT
R-HSA-8934903	Receptor Mediated Mitophagy	11	11	11	11	11	11	COMPLETE_MEMBERSHIP	COMPLETE_MEMBERSHIP	0	NOT_COMPUTED_DEFINITION_CONFLICT
R-HSA-8935690	Digestion	23	21	21	21	21	21	OBSERVED_PROJECTION	OBSERVED_PROJECTION	0	NOT_COMPUTED_DEFINITION_CONFLICT
R-HSA-8935964	RUNX1 regulates expression of components of tight junctions	5	5	5	5	5	5	COMPLETE_MEMBERSHIP	COMPLETE_MEMBERSHIP	0	NOT_COMPUTED_DEFINITION_CONFLICT
R-HSA-8936459	RUNX1 regulates genes involved in megakaryocyte differentiation and platelet function	65	36	36	36	36	34	OBSERVED_PROJECTION	OBSERVED_PROJECTION	2	NOT_COMPUTED_DEFINITION_CONFLICT
R-HSA-8937144	Aryl hydrocarbon receptor signalling	7	7	7	7	7	7	COMPLETE_MEMBERSHIP	COMPLETE_MEMBERSHIP	0	NOT_COMPUTED_DEFINITION_CONFLICT
R-HSA-8939211	ESR-mediated signaling	192	160	160	160	160	149	OBSERVED_PROJECTION	OBSERVED_PROJECTION	11	NOT_COMPUTED_DEFINITION_CONFLICT
R-HSA-8939236	RUNX1 regulates transcription of genes involved in differentiation of HSCs	85	56	56	56	54	25	OBSERVED_PROJECTION	OBSERVED_PROJECTION	29	NOT_COMPUTED_DEFINITION_CONFLICT
R-HSA-8939242	RUNX1 regulates transcription of genes involved in differentiation of keratinocytes	8	8	8	8	8	8	COMPLETE_MEMBERSHIP	COMPLETE_MEMBERSHIP	0	NOT_COMPUTED_DEFINITION_CONFLICT
R-HSA-8939243	RUNX1 interacts with co-factors whose precise effect on RUNX1 targets is not known	37	37	37	37	37	36	OBSERVED_PROJECTION	COMPLETE_MEMBERSHIP	1	NOT_COMPUTED_DEFINITION_CONFLICT
R-HSA-8939245	RUNX1 regulates transcription of genes involved in BCR signaling	6	6	6	6	6	6	COMPLETE_MEMBERSHIP	COMPLETE_MEMBERSHIP	0	NOT_COMPUTED_DEFINITION_CONFLICT
R-HSA-8939246	RUNX1 regulates transcription of genes involved in differentiation of myeloid cells	7	7	7	7	7	7	COMPLETE_MEMBERSHIP	COMPLETE_MEMBERSHIP	0	NOT_COMPUTED_DEFINITION_CONFLICT
R-HSA-8939247	RUNX1 regulates transcription of genes involved in interleukin signaling	5	5	5	5	5	5	COMPLETE_MEMBERSHIP	COMPLETE_MEMBERSHIP	0	NOT_COMPUTED_DEFINITION_CONFLICT
R-HSA-8939256	RUNX1 regulates transcription of genes involved in WNT signaling	6	6	6	6	6	6	COMPLETE_MEMBERSHIP	COMPLETE_MEMBERSHIP	0	NOT_COMPUTED_DEFINITION_CONFLICT
R-HSA-8939902	Regulation of RUNX2 expression and activity	59	58	58	58	56	28	OBSERVED_PROJECTION	OBSERVED_PROJECTION	28	NOT_COMPUTED_DEFINITION_CONFLICT
R-HSA-8940973	RUNX2 regulates osteoblast differentiation	24	24	24	24	24	23	OBSERVED_PROJECTION	COMPLETE_MEMBERSHIP	1	NOT_COMPUTED_DEFINITION_CONFLICT
R-HSA-8941237	Invadopodia formation	4	4	4	4	4	4	COMPLETE_MEMBERSHIP	COMPLETE_MEMBERSHIP	0	NOT_COMPUTED_DEFINITION_CONFLICT
R-HSA-8941284	RUNX2 regulates chondrocyte maturation	5	5	5	5	5	5	COMPLETE_MEMBERSHIP	COMPLETE_MEMBERSHIP	0	NOT_COMPUTED_DEFINITION_CONFLICT
R-HSA-8941326	RUNX2 regulates bone development	31	31	31	30	30	29	OBSERVED_PROJECTION	OBSERVED_PROJECTION	1	NOT_COMPUTED_DEFINITION_CONFLICT
R-HSA-8941332	RUNX2 regulates genes involved in cell migration	8	8	8	8	8	8	COMPLETE_MEMBERSHIP	COMPLETE_MEMBERSHIP	0	NOT_COMPUTED_DEFINITION_CONFLICT
R-HSA-8941333	RUNX2 regulates genes involved in differentiation of myeloid cells	4	4	4	4	4	4	COMPLETE_MEMBERSHIP	COMPLETE_MEMBERSHIP	0	NOT_COMPUTED_DEFINITION_CONFLICT
R-HSA-8941413	Events associated with phagocytolytic activity of PMN cells	2	2	2	2	2	2	COMPLETE_MEMBERSHIP	COMPLETE_MEMBERSHIP	0	NOT_COMPUTED_DEFINITION_CONFLICT
R-HSA-8941855	RUNX3 regulates CDKN1A transcription	7	7	7	7	7	7	COMPLETE_MEMBERSHIP	COMPLETE_MEMBERSHIP	0	NOT_COMPUTED_DEFINITION_CONFLICT
R-HSA-8941856	RUNX3 regulates NOTCH signaling	14	14	14	14	14	14	COMPLETE_MEMBERSHIP	COMPLETE_MEMBERSHIP	0	NOT_COMPUTED_DEFINITION_CONFLICT
R-HSA-8941858	Regulation of RUNX3 expression and activity	45	44	44	44	42	16	OBSERVED_PROJECTION	OBSERVED_PROJECTION	26	NOT_COMPUTED_DEFINITION_CONFLICT
R-HSA-8942233	Intestinal infectious diseases	3	1	1	1	1	1	OBSERVED_PROJECTION	OBSERVED_PROJECTION	0	NOT_COMPUTED_DEFINITION_CONFLICT
R-HSA-8943723	Regulation of PTEN mRNA translation	28	11	11	11	11	11	OBSERVED_PROJECTION	OBSERVED_PROJECTION	0	NOT_COMPUTED_DEFINITION_CONFLICT
R-HSA-8943724	Regulation of PTEN gene transcription	61	61	61	61	61	57	OBSERVED_PROJECTION	COMPLETE_MEMBERSHIP	4	NOT_COMPUTED_DEFINITION_CONFLICT
R-HSA-8948216	Collagen chain trimerization	44	44	44	44	44	44	COMPLETE_MEMBERSHIP	COMPLETE_MEMBERSHIP	0	NOT_COMPUTED_DEFINITION_CONFLICT
R-HSA-8948700	Competing endogenous RNAs (ceRNAs) regulate PTEN translation	19	10	10	10	10	10	OBSERVED_PROJECTION	OBSERVED_PROJECTION	0	NOT_COMPUTED_DEFINITION_CONFLICT
R-HSA-8948747	Regulation of PTEN localization	9	9	9	9	9	8	OBSERVED_PROJECTION	COMPLETE_MEMBERSHIP	1	NOT_COMPUTED_DEFINITION_CONFLICT
R-HSA-8948751	Regulation of PTEN stability and activity	56	55	55	55	53	27	OBSERVED_PROJECTION	OBSERVED_PROJECTION	26	NOT_COMPUTED_DEFINITION_CONFLICT
R-HSA-8949215	Mitochondrial calcium ion transport	23	20	20	20	20	19	OBSERVED_PROJECTION	OBSERVED_PROJECTION	1	NOT_COMPUTED_DEFINITION_CONFLICT
R-HSA-8949275	RUNX3 Regulates Immune Response and Cell Migration	6	6	6	6	6	6	COMPLETE_MEMBERSHIP	COMPLETE_MEMBERSHIP	0	NOT_COMPUTED_DEFINITION_CONFLICT
R-HSA-8949613	Cristae formation	33	11	11	11	11	8	OBSERVED_PROJECTION	OBSERVED_PROJECTION	3	NOT_COMPUTED_DEFINITION_CONFLICT
R-HSA-8949664	Processing of SMDT1	16	13	13	13	13	12	OBSERVED_PROJECTION	OBSERVED_PROJECTION	1	NOT_COMPUTED_DEFINITION_CONFLICT
R-HSA-8950505	Gene and protein expression by JAK-STAT signaling after Interleukin-12 stimulation	37	37	37	36	36	32	OBSERVED_PROJECTION	OBSERVED_PROJECTION	4	NOT_COMPUTED_DEFINITION_CONFLICT
R-HSA-8951430	RUNX3 regulates WNT signaling	8	8	8	8	8	8	COMPLETE_MEMBERSHIP	COMPLETE_MEMBERSHIP	0	NOT_COMPUTED_DEFINITION_CONFLICT
R-HSA-8951664	Neddylation	234	227	227	225	222	173	OBSERVED_PROJECTION	OBSERVED_PROJECTION	49	NOT_COMPUTED_DEFINITION_CONFLICT
R-HSA-8951671	RUNX3 regulates YAP1-mediated transcription	8	7	7	7	7	7	OBSERVED_PROJECTION	OBSERVED_PROJECTION	0	NOT_COMPUTED_DEFINITION_CONFLICT
R-HSA-8951911	RUNX3 regulates RUNX1-mediated transcription	3	3	3	3	3	3	COMPLETE_MEMBERSHIP	COMPLETE_MEMBERSHIP	0	NOT_COMPUTED_DEFINITION_CONFLICT
R-HSA-8951936	RUNX3 regulates p14-ARF	10	10	10	10	10	10	COMPLETE_MEMBERSHIP	COMPLETE_MEMBERSHIP	0	NOT_COMPUTED_DEFINITION_CONFLICT
R-HSA-8952158	RUNX3 regulates BCL2L11 (BIM) transcription	5	5	5	5	5	5	COMPLETE_MEMBERSHIP	COMPLETE_MEMBERSHIP	0	NOT_COMPUTED_DEFINITION_CONFLICT
R-HSA-8953750	Transcriptional Regulation by E2F6	34	34	34	34	34	28	OBSERVED_PROJECTION	COMPLETE_MEMBERSHIP	6	NOT_COMPUTED_DEFINITION_CONFLICT
R-HSA-8953854	Metabolism of RNA	793	707	707	704	686	362	OBSERVED_PROJECTION	OBSERVED_PROJECTION	324	NOT_COMPUTED_DEFINITION_CONFLICT
R-HSA-8953897	Cellular responses to stimuli	901	827	825	821	814	649	OBSERVED_PROJECTION	OBSERVED_PROJECTION	165	NOT_COMPUTED_DEFINITION_CONFLICT
R-HSA-8955332	Carboxyterminal post-translational modifications of tubulin	46	43	43	43	43	43	OBSERVED_PROJECTION	OBSERVED_PROJECTION	0	NOT_COMPUTED_DEFINITION_CONFLICT
R-HSA-8956319	Nucleotide catabolism	35	35	35	34	34	34	OBSERVED_PROJECTION	OBSERVED_PROJECTION	0	NOT_COMPUTED_DEFINITION_CONFLICT
R-HSA-8956320	Nucleotide biosynthesis	14	12	12	12	12	12	OBSERVED_PROJECTION	OBSERVED_PROJECTION	0	NOT_COMPUTED_DEFINITION_CONFLICT
R-HSA-8956321	Nucleotide salvage	23	21	21	21	21	21	OBSERVED_PROJECTION	OBSERVED_PROJECTION	0	NOT_COMPUTED_DEFINITION_CONFLICT
R-HSA-8957275	Post-translational protein phosphorylation	107	105	105	105	103	101	OBSERVED_PROJECTION	OBSERVED_PROJECTION	2	NOT_COMPUTED_DEFINITION_CONFLICT
R-HSA-8957322	Metabolism of steroids	155	152	152	152	152	146	OBSERVED_PROJECTION	OBSERVED_PROJECTION	6	NOT_COMPUTED_DEFINITION_CONFLICT
R-HSA-8963676	Intestinal absorption	5	5	5	5	5	5	COMPLETE_MEMBERSHIP	COMPLETE_MEMBERSHIP	0	NOT_COMPUTED_DEFINITION_CONFLICT
R-HSA-8963678	Intestinal lipid absorption	1	1	1	1	1	1	COMPLETE_MEMBERSHIP	COMPLETE_MEMBERSHIP	0	NOT_COMPUTED_DEFINITION_CONFLICT
R-HSA-8963684	Tyrosine catabolism	5	5	5	5	5	5	COMPLETE_MEMBERSHIP	COMPLETE_MEMBERSHIP	0	NOT_COMPUTED_DEFINITION_CONFLICT
R-HSA-8963691	Phenylalanine and tyrosine metabolism	11	10	10	10	10	10	OBSERVED_PROJECTION	OBSERVED_PROJECTION	0	NOT_COMPUTED_DEFINITION_CONFLICT
R-HSA-8963693	Aspartate and asparagine metabolism	12	11	11	11	11	11	OBSERVED_PROJECTION	OBSERVED_PROJECTION	0	NOT_COMPUTED_DEFINITION_CONFLICT
R-HSA-8963743	Digestion and absorption	28	26	26	26	26	26	OBSERVED_PROJECTION	OBSERVED_PROJECTION	0	NOT_COMPUTED_DEFINITION_CONFLICT
R-HSA-8963888	Chylomicron assembly	10	10	10	10	10	10	COMPLETE_MEMBERSHIP	COMPLETE_MEMBERSHIP	0	NOT_COMPUTED_DEFINITION_CONFLICT
R-HSA-8963889	Assembly of active LPL and LIPC lipase complexes	19	18	18	18	18	18	OBSERVED_PROJECTION	OBSERVED_PROJECTION	0	NOT_COMPUTED_DEFINITION_CONFLICT
R-HSA-8963896	HDL assembly	8	8	8	8	8	8	COMPLETE_MEMBERSHIP	COMPLETE_MEMBERSHIP	0	NOT_COMPUTED_DEFINITION_CONFLICT
R-HSA-8963898	Plasma lipoprotein assembly	19	19	19	19	19	19	COMPLETE_MEMBERSHIP	COMPLETE_MEMBERSHIP	0	NOT_COMPUTED_DEFINITION_CONFLICT
R-HSA-8963899	Plasma lipoprotein remodeling	34	33	33	33	33	33	OBSERVED_PROJECTION	OBSERVED_PROJECTION	0	NOT_COMPUTED_DEFINITION_CONFLICT
R-HSA-8963901	Chylomicron remodeling	10	10	10	10	10	10	COMPLETE_MEMBERSHIP	COMPLETE_MEMBERSHIP	0	NOT_COMPUTED_DEFINITION_CONFLICT
R-HSA-8964011	HDL clearance	5	5	5	5	5	4	OBSERVED_PROJECTION	COMPLETE_MEMBERSHIP	1	NOT_COMPUTED_DEFINITION_CONFLICT
R-HSA-8964026	Chylomicron clearance	5	5	5	5	5	5	COMPLETE_MEMBERSHIP	COMPLETE_MEMBERSHIP	0	NOT_COMPUTED_DEFINITION_CONFLICT
R-HSA-8964038	LDL clearance	19	19	19	19	19	19	COMPLETE_MEMBERSHIP	COMPLETE_MEMBERSHIP	0	NOT_COMPUTED_DEFINITION_CONFLICT
R-HSA-8964041	LDL remodeling	6	6	6	6	6	6	COMPLETE_MEMBERSHIP	COMPLETE_MEMBERSHIP	0	NOT_COMPUTED_DEFINITION_CONFLICT
R-HSA-8964043	Plasma lipoprotein clearance	37	37	37	37	37	35	OBSERVED_PROJECTION	COMPLETE_MEMBERSHIP	2	NOT_COMPUTED_DEFINITION_CONFLICT
R-HSA-8964046	VLDL clearance	6	6	6	6	6	6	COMPLETE_MEMBERSHIP	COMPLETE_MEMBERSHIP	0	NOT_COMPUTED_DEFINITION_CONFLICT
R-HSA-8964058	HDL remodeling	10	10	10	10	10	10	COMPLETE_MEMBERSHIP	COMPLETE_MEMBERSHIP	0	NOT_COMPUTED_DEFINITION_CONFLICT
R-HSA-8964208	Phenylalanine metabolism	6	5	5	5	5	5	OBSERVED_PROJECTION	OBSERVED_PROJECTION	0	NOT_COMPUTED_DEFINITION_CONFLICT
R-HSA-8964315	G beta:gamma signalling through BTK	18	18	18	18	18	18	COMPLETE_MEMBERSHIP	COMPLETE_MEMBERSHIP	0	NOT_COMPUTED_DEFINITION_CONFLICT
R-HSA-8964539	Glutamate and glutamine metabolism	14	12	12	12	12	12	OBSERVED_PROJECTION	OBSERVED_PROJECTION	0	NOT_COMPUTED_DEFINITION_CONFLICT
R-HSA-8964540	Alanine metabolism	2	2	2	2	2	2	COMPLETE_MEMBERSHIP	COMPLETE_MEMBERSHIP	0	NOT_COMPUTED_DEFINITION_CONFLICT
R-HSA-8964572	Lipid particle organization	6	6	6	6	6	6	COMPLETE_MEMBERSHIP	COMPLETE_MEMBERSHIP	0	NOT_COMPUTED_DEFINITION_CONFLICT
R-HSA-8964616	G beta:gamma signalling through CDC42	20	20	20	20	20	20	COMPLETE_MEMBERSHIP	COMPLETE_MEMBERSHIP	0	NOT_COMPUTED_DEFINITION_CONFLICT
R-HSA-8978868	Fatty acid metabolism	176	167	167	167	165	162	OBSERVED_PROJECTION	OBSERVED_PROJECTION	3	NOT_COMPUTED_DEFINITION_CONFLICT
R-HSA-8978934	Metabolism of cofactors	25	23	23	23	23	23	OBSERVED_PROJECTION	OBSERVED_PROJECTION	0	NOT_COMPUTED_DEFINITION_CONFLICT
R-HSA-8979227	Triglyceride metabolism	38	37	37	37	37	37	OBSERVED_PROJECTION	OBSERVED_PROJECTION	0	NOT_COMPUTED_DEFINITION_CONFLICT
R-HSA-8980692	RHOA GTPase cycle	149	144	144	144	143	139	OBSERVED_PROJECTION	OBSERVED_PROJECTION	4	NOT_COMPUTED_DEFINITION_CONFLICT
R-HSA-8981373	Intestinal hexose absorption	4	4	4	4	4	4	COMPLETE_MEMBERSHIP	COMPLETE_MEMBERSHIP	0	NOT_COMPUTED_DEFINITION_CONFLICT
R-HSA-8981607	Intracellular oxygen transport	3	3	3	3	3	3	COMPLETE_MEMBERSHIP	COMPLETE_MEMBERSHIP	0	NOT_COMPUTED_DEFINITION_CONFLICT
R-HSA-8982491	Glycogen metabolism	26	26	26	26	26	25	OBSERVED_PROJECTION	COMPLETE_MEMBERSHIP	1	NOT_COMPUTED_DEFINITION_CONFLICT
R-HSA-8983432	Interleukin-15 signaling	14	14	14	14	14	14	COMPLETE_MEMBERSHIP	COMPLETE_MEMBERSHIP	0	NOT_COMPUTED_DEFINITION_CONFLICT
R-HSA-8983711	OAS antiviral response	15	8	8	8	8	7	OBSERVED_PROJECTION	OBSERVED_PROJECTION	1	NOT_COMPUTED_DEFINITION_CONFLICT
R-HSA-8984722	Interleukin-35 Signalling	12	12	12	12	12	12	COMPLETE_MEMBERSHIP	COMPLETE_MEMBERSHIP	0	NOT_COMPUTED_DEFINITION_CONFLICT
R-HSA-8985586	SLIT2:ROBO1 increases RHOA activity	4	4	4	4	4	4	COMPLETE_MEMBERSHIP	COMPLETE_MEMBERSHIP	0	NOT_COMPUTED_DEFINITION_CONFLICT
R-HSA-8985801	Regulation of cortical dendrite branching	4	4	4	4	4	4	COMPLETE_MEMBERSHIP	COMPLETE_MEMBERSHIP	0	NOT_COMPUTED_DEFINITION_CONFLICT
R-HSA-8985947	Interleukin-9 signaling	9	9	9	9	9	9	COMPLETE_MEMBERSHIP	COMPLETE_MEMBERSHIP	0	NOT_COMPUTED_DEFINITION_CONFLICT
R-HSA-8986944	Transcriptional Regulation by MECP2	63	61	61	61	61	60	OBSERVED_PROJECTION	OBSERVED_PROJECTION	1	NOT_COMPUTED_DEFINITION_CONFLICT
R-HSA-9005891	Loss of function of MECP2 in Rett syndrome	13	13	13	13	13	13	COMPLETE_MEMBERSHIP	COMPLETE_MEMBERSHIP	0	NOT_COMPUTED_DEFINITION_CONFLICT
R-HSA-9005895	Pervasive developmental disorders	13	13	13	13	13	13	COMPLETE_MEMBERSHIP	COMPLETE_MEMBERSHIP	0	NOT_COMPUTED_DEFINITION_CONFLICT
R-HSA-9006115	Signaling by NTRK2 (TRKB)	25	25	25	25	25	25	COMPLETE_MEMBERSHIP	COMPLETE_MEMBERSHIP	0	NOT_COMPUTED_DEFINITION_CONFLICT
R-HSA-9006335	Signaling by Erythropoietin	25	25	25	25	25	25	COMPLETE_MEMBERSHIP	COMPLETE_MEMBERSHIP	0	NOT_COMPUTED_DEFINITION_CONFLICT
R-HSA-9006821	Alternative Lengthening of Telomeres (ALT)	2	2	2	2	2	2	COMPLETE_MEMBERSHIP	COMPLETE_MEMBERSHIP	0	NOT_COMPUTED_DEFINITION_CONFLICT
R-HSA-9006925	Intracellular signaling by second messengers	324	303	303	302	299	268	OBSERVED_PROJECTION	OBSERVED_PROJECTION	31	NOT_COMPUTED_DEFINITION_CONFLICT
R-HSA-9006927	Signaling by Non-Receptor Tyrosine Kinases	55	54	54	54	54	52	OBSERVED_PROJECTION	OBSERVED_PROJECTION	2	NOT_COMPUTED_DEFINITION_CONFLICT
R-HSA-9006931	Signaling by Nuclear Receptors	270	234	234	234	234	222	OBSERVED_PROJECTION	OBSERVED_PROJECTION	12	NOT_COMPUTED_DEFINITION_CONFLICT
R-HSA-9006934	Signaling by Receptor Tyrosine Kinases	536	526	525	524	524	512	OBSERVED_PROJECTION	OBSERVED_PROJECTION	12	NOT_COMPUTED_DEFINITION_CONFLICT
R-HSA-9006936	Signaling by TGFB family members	161	158	158	158	158	155	OBSERVED_PROJECTION	OBSERVED_PROJECTION	3	NOT_COMPUTED_DEFINITION_CONFLICT
R-HSA-9007101	Rab regulation of trafficking	123	120	119	119	118	115	OBSERVED_PROJECTION	OBSERVED_PROJECTION	3	NOT_COMPUTED_DEFINITION_CONFLICT
R-HSA-9007892	Interleukin-38 signaling	4	4	4	4	4	4	COMPLETE_MEMBERSHIP	COMPLETE_MEMBERSHIP	0	NOT_COMPUTED_DEFINITION_CONFLICT
R-HSA-9008059	Interleukin-37 signaling	21	20	20	20	20	20	OBSERVED_PROJECTION	OBSERVED_PROJECTION	0	NOT_COMPUTED_DEFINITION_CONFLICT
R-HSA-9009391	Extra-nuclear estrogen signaling	75	75	75	75	75	74	OBSERVED_PROJECTION	COMPLETE_MEMBERSHIP	1	NOT_COMPUTED_DEFINITION_CONFLICT
R-HSA-901032	ER Quality Control Compartment (ERQC)	21	20	20	20	20	18	OBSERVED_PROJECTION	OBSERVED_PROJECTION	2	NOT_COMPUTED_DEFINITION_CONFLICT
R-HSA-901042	Calnexin/calreticulin cycle	26	25	25	25	25	23	OBSERVED_PROJECTION	OBSERVED_PROJECTION	2	NOT_COMPUTED_DEFINITION_CONFLICT
R-HSA-9010553	Regulation of expression of SLITs and ROBOs	164	156	156	156	150	53	OBSERVED_PROJECTION	OBSERVED_PROJECTION	97	NOT_COMPUTED_DEFINITION_CONFLICT
R-HSA-9010642	ROBO receptors bind AKAP5	9	9	9	9	9	9	COMPLETE_MEMBERSHIP	COMPLETE_MEMBERSHIP	0	NOT_COMPUTED_DEFINITION_CONFLICT
R-HSA-9012546	Interleukin-18 signaling	8	8	8	8	8	8	COMPLETE_MEMBERSHIP	COMPLETE_MEMBERSHIP	0	NOT_COMPUTED_DEFINITION_CONFLICT
R-HSA-9012852	Signaling by NOTCH3	49	48	48	48	48	46	OBSERVED_PROJECTION	OBSERVED_PROJECTION	2	NOT_COMPUTED_DEFINITION_CONFLICT
R-HSA-9012999	RHO GTPase cycle	450	437	437	437	434	414	OBSERVED_PROJECTION	OBSERVED_PROJECTION	20	NOT_COMPUTED_DEFINITION_CONFLICT
R-HSA-9013026	RHOB GTPase cycle	70	68	68	68	67	65	OBSERVED_PROJECTION	OBSERVED_PROJECTION	2	NOT_COMPUTED_DEFINITION_CONFLICT
R-HSA-9013106	RHOC GTPase cycle	74	70	70	70	69	68	OBSERVED_PROJECTION	OBSERVED_PROJECTION	1	NOT_COMPUTED_DEFINITION_CONFLICT
R-HSA-9013148	CDC42 GTPase cycle	155	152	152	152	151	148	OBSERVED_PROJECTION	OBSERVED_PROJECTION	3	NOT_COMPUTED_DEFINITION_CONFLICT
R-HSA-9013149	RAC1 GTPase cycle	184	180	180	180	179	177	OBSERVED_PROJECTION	OBSERVED_PROJECTION	2	NOT_COMPUTED_DEFINITION_CONFLICT
R-HSA-9013404	RAC2 GTPase cycle	88	86	86	86	85	83	OBSERVED_PROJECTION	OBSERVED_PROJECTION	2	NOT_COMPUTED_DEFINITION_CONFLICT
R-HSA-9013405	RHOD GTPase cycle	53	51	51	51	50	49	OBSERVED_PROJECTION	OBSERVED_PROJECTION	1	NOT_COMPUTED_DEFINITION_CONFLICT
R-HSA-9013406	RHOQ GTPase cycle	59	59	59	59	58	58	OBSERVED_PROJECTION	OBSERVED_PROJECTION	0	NOT_COMPUTED_DEFINITION_CONFLICT
R-HSA-9013407	RHOH GTPase cycle	37	35	35	35	35	34	OBSERVED_PROJECTION	OBSERVED_PROJECTION	1	NOT_COMPUTED_DEFINITION_CONFLICT
R-HSA-9013408	RHOG GTPase cycle	74	72	72	72	71	70	OBSERVED_PROJECTION	OBSERVED_PROJECTION	1	NOT_COMPUTED_DEFINITION_CONFLICT
R-HSA-9013409	RHOJ GTPase cycle	55	54	54	54	54	54	OBSERVED_PROJECTION	OBSERVED_PROJECTION	0	NOT_COMPUTED_DEFINITION_CONFLICT
R-HSA-9013418	RHOBTB2 GTPase cycle	23	23	23	23	23	17	OBSERVED_PROJECTION	COMPLETE_MEMBERSHIP	6	NOT_COMPUTED_DEFINITION_CONFLICT
R-HSA-9013419	RHOT2 GTPase cycle	7	7	7	7	7	7	COMPLETE_MEMBERSHIP	COMPLETE_MEMBERSHIP	0	NOT_COMPUTED_DEFINITION_CONFLICT
R-HSA-9013420	RHOU GTPase cycle	40	40	40	40	40	40	COMPLETE_MEMBERSHIP	COMPLETE_MEMBERSHIP	0	NOT_COMPUTED_DEFINITION_CONFLICT
R-HSA-9013422	RHOBTB1 GTPase cycle	23	23	23	23	23	17	OBSERVED_PROJECTION	COMPLETE_MEMBERSHIP	6	NOT_COMPUTED_DEFINITION_CONFLICT
R-HSA-9013423	RAC3 GTPase cycle	94	92	92	92	91	90	OBSERVED_PROJECTION	OBSERVED_PROJECTION	1	NOT_COMPUTED_DEFINITION_CONFLICT
R-HSA-9013424	RHOV GTPase cycle	37	37	37	37	37	37	COMPLETE_MEMBERSHIP	COMPLETE_MEMBERSHIP	0	NOT_COMPUTED_DEFINITION_CONFLICT
R-HSA-9013425	RHOT1 GTPase cycle	5	5	5	5	5	5	COMPLETE_MEMBERSHIP	COMPLETE_MEMBERSHIP	0	NOT_COMPUTED_DEFINITION_CONFLICT
R-HSA-9013507	NOTCH3 Activation and Transmission of Signal to the Nucleus	25	24	24	24	24	22	OBSERVED_PROJECTION	OBSERVED_PROJECTION	2	NOT_COMPUTED_DEFINITION_CONFLICT
R-HSA-9013508	NOTCH3 Intracellular Domain Regulates Transcription	25	25	25	25	25	24	OBSERVED_PROJECTION	COMPLETE_MEMBERSHIP	1	NOT_COMPUTED_DEFINITION_CONFLICT
R-HSA-9013694	Signaling by NOTCH4	72	71	71	71	69	41	OBSERVED_PROJECTION	OBSERVED_PROJECTION	28	NOT_COMPUTED_DEFINITION_CONFLICT
R-HSA-9013695	NOTCH4 Intracellular Domain Regulates Transcription	20	20	20	20	20	20	COMPLETE_MEMBERSHIP	COMPLETE_MEMBERSHIP	0	NOT_COMPUTED_DEFINITION_CONFLICT
R-HSA-9013700	NOTCH4 Activation and Transmission of Signal to the Nucleus	11	11	11	11	11	11	COMPLETE_MEMBERSHIP	COMPLETE_MEMBERSHIP	0	NOT_COMPUTED_DEFINITION_CONFLICT
R-HSA-9013957	TLR3-mediated TICAM1-dependent programmed cell death	6	6	6	6	6	6	COMPLETE_MEMBERSHIP	COMPLETE_MEMBERSHIP	0	NOT_COMPUTED_DEFINITION_CONFLICT
R-HSA-9013973	TICAM1-dependent activation of IRF3/IRF7	13	13	13	13	13	11	OBSERVED_PROJECTION	COMPLETE_MEMBERSHIP	2	NOT_COMPUTED_DEFINITION_CONFLICT
R-HSA-9014325	TICAM1,TRAF6-dependent induction of TAK1 complex	11	11	11	11	11	10	OBSERVED_PROJECTION	COMPLETE_MEMBERSHIP	1	NOT_COMPUTED_DEFINITION_CONFLICT
R-HSA-9014826	Interleukin-36 pathway	7	7	7	7	7	7	COMPLETE_MEMBERSHIP	COMPLETE_MEMBERSHIP	0	NOT_COMPUTED_DEFINITION_CONFLICT
R-HSA-9014843	Interleukin-33 signaling	3	3	3	3	3	3	COMPLETE_MEMBERSHIP	COMPLETE_MEMBERSHIP	0	NOT_COMPUTED_DEFINITION_CONFLICT
R-HSA-9017802	Noncanonical activation of NOTCH3	8	8	8	8	8	7	OBSERVED_PROJECTION	COMPLETE_MEMBERSHIP	1	NOT_COMPUTED_DEFINITION_CONFLICT
R-HSA-9018519	Estrogen-dependent gene expression	121	89	89	89	89	79	OBSERVED_PROJECTION	OBSERVED_PROJECTION	10	NOT_COMPUTED_DEFINITION_CONFLICT
R-HSA-9018676	Biosynthesis of D-series resolvins	4	4	4	4	4	4	COMPLETE_MEMBERSHIP	COMPLETE_MEMBERSHIP	0	NOT_COMPUTED_DEFINITION_CONFLICT
R-HSA-9018677	Biosynthesis of DHA-derived SPMs	17	17	17	17	17	17	COMPLETE_MEMBERSHIP	COMPLETE_MEMBERSHIP	0	NOT_COMPUTED_DEFINITION_CONFLICT
R-HSA-9018678	Biosynthesis of specialized proresolving mediators (SPMs)	19	19	19	19	19	19	COMPLETE_MEMBERSHIP	COMPLETE_MEMBERSHIP	0	NOT_COMPUTED_DEFINITION_CONFLICT
R-HSA-9018679	Biosynthesis of EPA-derived SPMs	6	6	6	6	6	6	COMPLETE_MEMBERSHIP	COMPLETE_MEMBERSHIP	0	NOT_COMPUTED_DEFINITION_CONFLICT
R-HSA-9018681	Biosynthesis of protectins	4	4	4	4	4	4	COMPLETE_MEMBERSHIP	COMPLETE_MEMBERSHIP	0	NOT_COMPUTED_DEFINITION_CONFLICT
R-HSA-9018682	Biosynthesis of maresins	8	8	8	8	8	8	COMPLETE_MEMBERSHIP	COMPLETE_MEMBERSHIP	0	NOT_COMPUTED_DEFINITION_CONFLICT
R-HSA-9018683	Biosynthesis of DPA-derived SPMs	4	4	4	4	4	4	COMPLETE_MEMBERSHIP	COMPLETE_MEMBERSHIP	0	NOT_COMPUTED_DEFINITION_CONFLICT
R-HSA-9018896	Biosynthesis of E-series 18(S)-resolvins	5	5	5	5	5	5	COMPLETE_MEMBERSHIP	COMPLETE_MEMBERSHIP	0	NOT_COMPUTED_DEFINITION_CONFLICT
R-HSA-9020265	Biosynthesis of aspirin-triggered D-series resolvins	3	3	3	3	3	3	COMPLETE_MEMBERSHIP	COMPLETE_MEMBERSHIP	0	NOT_COMPUTED_DEFINITION_CONFLICT
R-HSA-9020558	Interleukin-2 signaling	12	12	12	12	12	12	COMPLETE_MEMBERSHIP	COMPLETE_MEMBERSHIP	0	NOT_COMPUTED_DEFINITION_CONFLICT
R-HSA-9020591	Interleukin-12 signaling	46	46	46	45	45	41	OBSERVED_PROJECTION	OBSERVED_PROJECTION	4	NOT_COMPUTED_DEFINITION_CONFLICT
R-HSA-9020702	Interleukin-1 signaling	102	100	100	100	98	69	OBSERVED_PROJECTION	OBSERVED_PROJECTION	29	NOT_COMPUTED_DEFINITION_CONFLICT
R-HSA-9020933	Interleukin-23 signaling	9	9	9	9	9	9	COMPLETE_MEMBERSHIP	COMPLETE_MEMBERSHIP	0	NOT_COMPUTED_DEFINITION_CONFLICT
R-HSA-9020956	Interleukin-27 signaling	11	11	11	11	11	11	COMPLETE_MEMBERSHIP	COMPLETE_MEMBERSHIP	0	NOT_COMPUTED_DEFINITION_CONFLICT
R-HSA-9020958	Interleukin-21 signaling	10	10	10	10	10	10	COMPLETE_MEMBERSHIP	COMPLETE_MEMBERSHIP	0	NOT_COMPUTED_DEFINITION_CONFLICT
R-HSA-9022534	Loss of MECP2 binding ability to 5hmC-DNA	1	1	1	1	1	1	COMPLETE_MEMBERSHIP	COMPLETE_MEMBERSHIP	0	NOT_COMPUTED_DEFINITION_CONFLICT
R-HSA-9022535	Loss of phosphorylation of MECP2 at T308	4	4	4	4	4	4	COMPLETE_MEMBERSHIP	COMPLETE_MEMBERSHIP	0	NOT_COMPUTED_DEFINITION_CONFLICT
R-HSA-9022537	Loss of MECP2 binding ability to the NCoR/SMRT complex	7	7	7	7	7	7	COMPLETE_MEMBERSHIP	COMPLETE_MEMBERSHIP	0	NOT_COMPUTED_DEFINITION_CONFLICT
R-HSA-9022538	Loss of MECP2 binding ability to 5mC-DNA	4	4	4	4	4	4	COMPLETE_MEMBERSHIP	COMPLETE_MEMBERSHIP	0	NOT_COMPUTED_DEFINITION_CONFLICT
R-HSA-9022692	Regulation of MECP2 expression and activity	32	31	31	31	31	30	OBSERVED_PROJECTION	OBSERVED_PROJECTION	1	NOT_COMPUTED_DEFINITION_CONFLICT
R-HSA-9022699	MECP2 regulates neuronal receptors and channels	18	18	18	18	18	18	COMPLETE_MEMBERSHIP	COMPLETE_MEMBERSHIP	0	NOT_COMPUTED_DEFINITION_CONFLICT
R-HSA-9022702	MECP2 regulates transcription of neuronal ligands	8	8	8	8	8	8	COMPLETE_MEMBERSHIP	COMPLETE_MEMBERSHIP	0	NOT_COMPUTED_DEFINITION_CONFLICT
R-HSA-9022707	MECP2 regulates transcription factors	5	5	5	5	5	5	COMPLETE_MEMBERSHIP	COMPLETE_MEMBERSHIP	0	NOT_COMPUTED_DEFINITION_CONFLICT
R-HSA-9022927	MECP2 regulates transcription of genes involved in GABA signaling	3	3	3	3	3	3	COMPLETE_MEMBERSHIP	COMPLETE_MEMBERSHIP	0	NOT_COMPUTED_DEFINITION_CONFLICT
R-HSA-9023661	Biosynthesis of E-series 18(R)-resolvins	4	4	4	4	4	4	COMPLETE_MEMBERSHIP	COMPLETE_MEMBERSHIP	0	NOT_COMPUTED_DEFINITION_CONFLICT
R-HSA-9024446	NR1H2 and NR1H3-mediated signaling	54	47	47	47	47	47	OBSERVED_PROJECTION	OBSERVED_PROJECTION	0	NOT_COMPUTED_DEFINITION_CONFLICT
R-HSA-9024909	BDNF activates NTRK2 (TRKB) signaling	2	2	2	2	2	2	COMPLETE_MEMBERSHIP	COMPLETE_MEMBERSHIP	0	NOT_COMPUTED_DEFINITION_CONFLICT
R-HSA-9025046	NTF3 activates NTRK2 (TRKB) signaling	2	2	2	2	2	2	COMPLETE_MEMBERSHIP	COMPLETE_MEMBERSHIP	0	NOT_COMPUTED_DEFINITION_CONFLICT
R-HSA-9025094	Biosynthesis of DPAn-3 SPMs	4	4	4	4	4	4	COMPLETE_MEMBERSHIP	COMPLETE_MEMBERSHIP	0	NOT_COMPUTED_DEFINITION_CONFLICT
R-HSA-9025106	Biosynthesis of DPAn-6 SPMs	2	2	2	2	2	2	COMPLETE_MEMBERSHIP	COMPLETE_MEMBERSHIP	0	NOT_COMPUTED_DEFINITION_CONFLICT
R-HSA-9026286	Biosynthesis of DPAn-3-derived protectins and resolvins	2	2	2	2	2	2	COMPLETE_MEMBERSHIP	COMPLETE_MEMBERSHIP	0	NOT_COMPUTED_DEFINITION_CONFLICT
R-HSA-9026290	Biosynthesis of DPAn-3-derived maresins	2	2	2	2	2	2	COMPLETE_MEMBERSHIP	COMPLETE_MEMBERSHIP	0	NOT_COMPUTED_DEFINITION_CONFLICT
R-HSA-9026357	NTF4 activates NTRK2 (TRKB) signaling	2	2	2	2	2	2	COMPLETE_MEMBERSHIP	COMPLETE_MEMBERSHIP	0	NOT_COMPUTED_DEFINITION_CONFLICT
R-HSA-9026395	Biosynthesis of DHA-derived sulfido conjugates	2	2	2	2	2	2	COMPLETE_MEMBERSHIP	COMPLETE_MEMBERSHIP	0	NOT_COMPUTED_DEFINITION_CONFLICT
R-HSA-9026403	Biosynthesis of DPAn-3-derived 13-series resolvins	1	1	1	1	1	1	COMPLETE_MEMBERSHIP	COMPLETE_MEMBERSHIP	0	NOT_COMPUTED_DEFINITION_CONFLICT
R-HSA-9026519	Activated NTRK2 signals through RAS	9	9	9	9	9	9	COMPLETE_MEMBERSHIP	COMPLETE_MEMBERSHIP	0	NOT_COMPUTED_DEFINITION_CONFLICT
R-HSA-9026527	Activated NTRK2 signals through PLCG1	4	4	4	4	4	4	COMPLETE_MEMBERSHIP	COMPLETE_MEMBERSHIP	0	NOT_COMPUTED_DEFINITION_CONFLICT
R-HSA-9026762	Biosynthesis of maresin conjugates in tissue regeneration (MCTR)	2	2	2	2	2	2	COMPLETE_MEMBERSHIP	COMPLETE_MEMBERSHIP	0	NOT_COMPUTED_DEFINITION_CONFLICT
R-HSA-9026766	Biosynthesis of protectin and resolvin conjugates in tissue regeneration (PCTR and RCTR)	1	1	1	1	1	1	COMPLETE_MEMBERSHIP	COMPLETE_MEMBERSHIP	0	NOT_COMPUTED_DEFINITION_CONFLICT
R-HSA-9027276	Erythropoietin activates Phosphoinositide-3-kinase (PI3K)	12	12	12	12	12	12	COMPLETE_MEMBERSHIP	COMPLETE_MEMBERSHIP	0	NOT_COMPUTED_DEFINITION_CONFLICT
R-HSA-9027277	Erythropoietin activates Phospholipase C gamma (PLCG)	7	7	7	7	7	7	COMPLETE_MEMBERSHIP	COMPLETE_MEMBERSHIP	0	NOT_COMPUTED_DEFINITION_CONFLICT
R-HSA-9027283	Erythropoietin activates STAT5	7	7	7	7	7	7	COMPLETE_MEMBERSHIP	COMPLETE_MEMBERSHIP	0	NOT_COMPUTED_DEFINITION_CONFLICT
R-HSA-9027284	Erythropoietin activates RAS	14	14	14	14	14	14	COMPLETE_MEMBERSHIP	COMPLETE_MEMBERSHIP	0	NOT_COMPUTED_DEFINITION_CONFLICT
R-HSA-9027307	Biosynthesis of maresin-like SPMs	6	6	6	6	6	6	COMPLETE_MEMBERSHIP	COMPLETE_MEMBERSHIP	0	NOT_COMPUTED_DEFINITION_CONFLICT
R-HSA-9027604	Biosynthesis of electrophilic ω-3 PUFA oxo-derivatives	2	2	2	2	2	2	COMPLETE_MEMBERSHIP	COMPLETE_MEMBERSHIP	0	NOT_COMPUTED_DEFINITION_CONFLICT
R-HSA-9028335	Activated NTRK2 signals through PI3K	7	7	7	7	7	7	COMPLETE_MEMBERSHIP	COMPLETE_MEMBERSHIP	0	NOT_COMPUTED_DEFINITION_CONFLICT
R-HSA-9028731	Activated NTRK2 signals through FRS2 and FRS3	11	11	11	11	11	11	COMPLETE_MEMBERSHIP	COMPLETE_MEMBERSHIP	0	NOT_COMPUTED_DEFINITION_CONFLICT
R-HSA-9029558	NR1H2 & NR1H3 regulate gene expression linked to lipogenesis	9	9	9	9	9	9	COMPLETE_MEMBERSHIP	COMPLETE_MEMBERSHIP	0	NOT_COMPUTED_DEFINITION_CONFLICT
R-HSA-9029569	NR1H3 & NR1H2 regulate gene expression linked to cholesterol transport and efflux	44	37	37	37	37	37	OBSERVED_PROJECTION	OBSERVED_PROJECTION	0	NOT_COMPUTED_DEFINITION_CONFLICT
R-HSA-9031525	NR1H2 & NR1H3 regulate gene expression to limit cholesterol uptake	5	5	5	5	5	5	COMPLETE_MEMBERSHIP	COMPLETE_MEMBERSHIP	0	NOT_COMPUTED_DEFINITION_CONFLICT
R-HSA-9031528	NR1H2 & NR1H3 regulate gene expression linked to triglyceride lipolysis in adipose	5	5	5	5	5	5	COMPLETE_MEMBERSHIP	COMPLETE_MEMBERSHIP	0	NOT_COMPUTED_DEFINITION_CONFLICT
R-HSA-9031628	NGF-stimulated transcription	39	39	39	39	39	39	COMPLETE_MEMBERSHIP	COMPLETE_MEMBERSHIP	0	NOT_COMPUTED_DEFINITION_CONFLICT
R-HSA-9032500	Activated NTRK2 signals through FYN	7	7	7	7	7	7	COMPLETE_MEMBERSHIP	COMPLETE_MEMBERSHIP	0	NOT_COMPUTED_DEFINITION_CONFLICT
R-HSA-9032759	NTRK2 activates RAC1	5	5	5	5	5	5	COMPLETE_MEMBERSHIP	COMPLETE_MEMBERSHIP	0	NOT_COMPUTED_DEFINITION_CONFLICT
R-HSA-9032845	Activated NTRK2 signals through CDK5	6	6	6	6	6	6	COMPLETE_MEMBERSHIP	COMPLETE_MEMBERSHIP	0	NOT_COMPUTED_DEFINITION_CONFLICT
R-HSA-9033241	Peroxisomal protein import	63	63	63	63	63	61	OBSERVED_PROJECTION	COMPLETE_MEMBERSHIP	2	NOT_COMPUTED_DEFINITION_CONFLICT
R-HSA-9033500	TYSND1 cleaves peroxisomal proteins	7	7	7	7	7	7	COMPLETE_MEMBERSHIP	COMPLETE_MEMBERSHIP	0	NOT_COMPUTED_DEFINITION_CONFLICT
R-HSA-9033658	Blood group systems biosynthesis	20	20	20	20	20	20	COMPLETE_MEMBERSHIP	COMPLETE_MEMBERSHIP	0	NOT_COMPUTED_DEFINITION_CONFLICT
R-HSA-9033807	ABO blood group biosynthesis	3	3	3	3	3	3	COMPLETE_MEMBERSHIP	COMPLETE_MEMBERSHIP	0	NOT_COMPUTED_DEFINITION_CONFLICT
R-HSA-9034013	NTF3 activates NTRK3 signaling	2	2	2	2	2	2	COMPLETE_MEMBERSHIP	COMPLETE_MEMBERSHIP	0	NOT_COMPUTED_DEFINITION_CONFLICT
R-HSA-9034015	Signaling by NTRK3 (TRKC)	17	17	17	17	17	17	COMPLETE_MEMBERSHIP	COMPLETE_MEMBERSHIP	0	NOT_COMPUTED_DEFINITION_CONFLICT
R-HSA-9034793	Activated NTRK3 signals through PLCG1	3	3	3	3	3	3	COMPLETE_MEMBERSHIP	COMPLETE_MEMBERSHIP	0	NOT_COMPUTED_DEFINITION_CONFLICT
R-HSA-9034864	Activated NTRK3 signals through RAS	8	8	8	8	8	8	COMPLETE_MEMBERSHIP	COMPLETE_MEMBERSHIP	0	NOT_COMPUTED_DEFINITION_CONFLICT
R-HSA-9035034	RHOF GTPase cycle	42	41	41	41	41	40	OBSERVED_PROJECTION	OBSERVED_PROJECTION	1	NOT_COMPUTED_DEFINITION_CONFLICT
R-HSA-9035968	Defective GGT1 in aflatoxin detoxification causes GLUTH	1	1	1	1	1	1	COMPLETE_MEMBERSHIP	COMPLETE_MEMBERSHIP	0	NOT_COMPUTED_DEFINITION_CONFLICT
R-HSA-9036092	Defective AVP does not bind AVPR2 and causes neurohypophyseal diabetes insipidus (NDI)	2	2	2	2	2	2	COMPLETE_MEMBERSHIP	COMPLETE_MEMBERSHIP	0	NOT_COMPUTED_DEFINITION_CONFLICT
R-HSA-9036866	Expression and Processing of Neurotrophins	4	4	4	4	4	4	COMPLETE_MEMBERSHIP	COMPLETE_MEMBERSHIP	0	NOT_COMPUTED_DEFINITION_CONFLICT
R-HSA-9037628	Rhesus blood group biosynthesis	2	2	2	2	2	2	COMPLETE_MEMBERSHIP	COMPLETE_MEMBERSHIP	0	NOT_COMPUTED_DEFINITION_CONFLICT
R-HSA-9037629	Lewis blood group biosynthesis	16	16	16	16	16	16	COMPLETE_MEMBERSHIP	COMPLETE_MEMBERSHIP	0	NOT_COMPUTED_DEFINITION_CONFLICT
R-HSA-909733	Interferon alpha/beta signaling	78	72	72	72	72	69	OBSERVED_PROJECTION	OBSERVED_PROJECTION	3	NOT_COMPUTED_DEFINITION_CONFLICT
R-HSA-912446	Meiotic recombination	57	26	26	26	26	18	OBSERVED_PROJECTION	OBSERVED_PROJECTION	8	NOT_COMPUTED_DEFINITION_CONFLICT
R-HSA-912526	Interleukin receptor SHC signaling	27	27	27	27	27	27	COMPLETE_MEMBERSHIP	COMPLETE_MEMBERSHIP	0	NOT_COMPUTED_DEFINITION_CONFLICT
R-HSA-912631	Regulation of signaling by CBL	22	22	22	22	22	21	OBSERVED_PROJECTION	COMPLETE_MEMBERSHIP	1	NOT_COMPUTED_DEFINITION_CONFLICT
R-HSA-912694	Regulation of IFNA/IFNB signaling	25	21	21	21	21	21	OBSERVED_PROJECTION	OBSERVED_PROJECTION	0	NOT_COMPUTED_DEFINITION_CONFLICT
R-HSA-913531	Interferon Signaling	361	321	319	318	317	247	OBSERVED_PROJECTION	OBSERVED_PROJECTION	70	NOT_COMPUTED_DEFINITION_CONFLICT
R-HSA-913709	O-linked glycosylation of mucins	65	62	62	62	62	62	OBSERVED_PROJECTION	OBSERVED_PROJECTION	0	NOT_COMPUTED_DEFINITION_CONFLICT
R-HSA-916853	Degradation of GABA	2	2	2	2	2	2	COMPLETE_MEMBERSHIP	COMPLETE_MEMBERSHIP	0	NOT_COMPUTED_DEFINITION_CONFLICT
R-HSA-917729	Endosomal Sorting Complex Required For Transport (ESCRT)	31	31	31	31	31	25	OBSERVED_PROJECTION	COMPLETE_MEMBERSHIP	6	NOT_COMPUTED_DEFINITION_CONFLICT
R-HSA-917937	Iron uptake and transport	59	59	59	59	59	55	OBSERVED_PROJECTION	COMPLETE_MEMBERSHIP	4	NOT_COMPUTED_DEFINITION_CONFLICT
R-HSA-917977	Transferrin endocytosis and recycling	31	31	31	31	31	30	OBSERVED_PROJECTION	COMPLETE_MEMBERSHIP	1	NOT_COMPUTED_DEFINITION_CONFLICT
R-HSA-918233	TRAF3-dependent IRF activation pathway	18	14	14	14	14	14	OBSERVED_PROJECTION	OBSERVED_PROJECTION	0	NOT_COMPUTED_DEFINITION_CONFLICT
R-HSA-927802	Nonsense-Mediated Decay (NMD)	120	116	116	116	112	40	OBSERVED_PROJECTION	OBSERVED_PROJECTION	72	NOT_COMPUTED_DEFINITION_CONFLICT
R-HSA-933541	TRAF6 mediated IRF7 activation	30	25	25	25	25	25	OBSERVED_PROJECTION	OBSERVED_PROJECTION	0	NOT_COMPUTED_DEFINITION_CONFLICT
R-HSA-933542	TRAF6 mediated NF-kB activation	25	24	24	24	24	24	OBSERVED_PROJECTION	OBSERVED_PROJECTION	0	NOT_COMPUTED_DEFINITION_CONFLICT
R-HSA-933543	NF-kB activation through FADD/RIP-1 pathway mediated by caspase-8 and -10	13	12	12	12	12	12	OBSERVED_PROJECTION	OBSERVED_PROJECTION	0	NOT_COMPUTED_DEFINITION_CONFLICT
R-HSA-936440	Negative regulators of DDX58/IFIH1 signaling	35	34	34	34	34	33	OBSERVED_PROJECTION	OBSERVED_PROJECTION	1	NOT_COMPUTED_DEFINITION_CONFLICT
R-HSA-936837	Ion transport by P-type ATPases	55	55	55	55	55	55	COMPLETE_MEMBERSHIP	COMPLETE_MEMBERSHIP	0	NOT_COMPUTED_DEFINITION_CONFLICT
R-HSA-936964	Activation of IRF3, IRF7 mediated by TBK1, IKKε (IKBKE)	18	18	18	18	18	16	OBSERVED_PROJECTION	COMPLETE_MEMBERSHIP	2	NOT_COMPUTED_DEFINITION_CONFLICT
R-HSA-937039	IRAK1 recruits IKK complex	14	14	14	14	14	13	OBSERVED_PROJECTION	COMPLETE_MEMBERSHIP	1	NOT_COMPUTED_DEFINITION_CONFLICT
R-HSA-937041	IKK complex recruitment mediated by RIP1	23	23	23	23	23	22	OBSERVED_PROJECTION	COMPLETE_MEMBERSHIP	1	NOT_COMPUTED_DEFINITION_CONFLICT
R-HSA-937042	IRAK2 mediated activation of TAK1 complex	10	10	10	10	10	9	OBSERVED_PROJECTION	COMPLETE_MEMBERSHIP	1	NOT_COMPUTED_DEFINITION_CONFLICT
R-HSA-937061	TRIF (TICAM1)-mediated TLR4 signaling	110	109	109	109	109	105	OBSERVED_PROJECTION	OBSERVED_PROJECTION	4	NOT_COMPUTED_DEFINITION_CONFLICT
R-HSA-937072	TRAF6-mediated induction of TAK1 complex within TLR4 complex	16	16	16	16	16	15	OBSERVED_PROJECTION	COMPLETE_MEMBERSHIP	1	NOT_COMPUTED_DEFINITION_CONFLICT
R-HSA-947581	Molybdenum cofactor biosynthesis	6	6	6	6	6	5	OBSERVED_PROJECTION	COMPLETE_MEMBERSHIP	1	NOT_COMPUTED_DEFINITION_CONFLICT
R-HSA-948021	Transport to the Golgi and subsequent modification	187	185	185	185	185	167	OBSERVED_PROJECTION	OBSERVED_PROJECTION	18	NOT_COMPUTED_DEFINITION_CONFLICT
R-HSA-9603381	Activated NTRK3 signals through PI3K	6	6	6	6	6	6	COMPLETE_MEMBERSHIP	COMPLETE_MEMBERSHIP	0	NOT_COMPUTED_DEFINITION_CONFLICT
R-HSA-9603505	NTRK3 as a dependence receptor	3	3	3	3	3	3	COMPLETE_MEMBERSHIP	COMPLETE_MEMBERSHIP	0	NOT_COMPUTED_DEFINITION_CONFLICT
R-HSA-9603798	Class I peroxisomal membrane protein import	20	20	19	19	19	19	OBSERVED_PROJECTION	OBSERVED_PROJECTION	0	NOT_COMPUTED_DEFINITION_CONFLICT
R-HSA-9604323	Negative regulation of NOTCH4 signaling	44	43	43	43	41	13	OBSERVED_PROJECTION	OBSERVED_PROJECTION	28	NOT_COMPUTED_DEFINITION_CONFLICT
R-HSA-9605308	Diseases of Base Excision Repair	5	5	5	5	5	5	COMPLETE_MEMBERSHIP	COMPLETE_MEMBERSHIP	0	NOT_COMPUTED_DEFINITION_CONFLICT
R-HSA-9605310	Defective Base Excision Repair Associated with MUTYH	1	1	1	1	1	1	COMPLETE_MEMBERSHIP	COMPLETE_MEMBERSHIP	0	NOT_COMPUTED_DEFINITION_CONFLICT
R-HSA-9607240	FLT3 Signaling	38	38	38	38	38	37	OBSERVED_PROJECTION	COMPLETE_MEMBERSHIP	1	NOT_COMPUTED_DEFINITION_CONFLICT
R-HSA-9608287	Defective MUTYH substrate binding	1	1	1	1	1	1	COMPLETE_MEMBERSHIP	COMPLETE_MEMBERSHIP	0	NOT_COMPUTED_DEFINITION_CONFLICT
R-HSA-9608290	Defective MUTYH substrate processing	1	1	1	1	1	1	COMPLETE_MEMBERSHIP	COMPLETE_MEMBERSHIP	0	NOT_COMPUTED_DEFINITION_CONFLICT
R-HSA-9609507	Protein localization	164	157	156	156	154	140	OBSERVED_PROJECTION	OBSERVED_PROJECTION	14	NOT_COMPUTED_DEFINITION_CONFLICT
R-HSA-9609523	Insertion of tail-anchored proteins into the endoplasmic reticulum membrane	22	20	20	20	20	19	OBSERVED_PROJECTION	OBSERVED_PROJECTION	1	NOT_COMPUTED_DEFINITION_CONFLICT
R-HSA-9609646	HCMV Infection	260	99	99	99	99	77	OBSERVED_PROJECTION	OBSERVED_PROJECTION	22	NOT_COMPUTED_DEFINITION_CONFLICT
R-HSA-9609690	HCMV Early Events	206	75	75	75	75	59	OBSERVED_PROJECTION	OBSERVED_PROJECTION	16	NOT_COMPUTED_DEFINITION_CONFLICT
R-HSA-9609736	Assembly and cell surface presentation of NMDA receptors	44	42	42	42	42	42	OBSERVED_PROJECTION	OBSERVED_PROJECTION	0	NOT_COMPUTED_DEFINITION_CONFLICT
R-HSA-9610379	HCMV Late Events	171	54	54	54	54	33	OBSERVED_PROJECTION	OBSERVED_PROJECTION	21	NOT_COMPUTED_DEFINITION_CONFLICT
R-HSA-9612973	Autophagy	160	153	152	152	150	137	OBSERVED_PROJECTION	OBSERVED_PROJECTION	13	NOT_COMPUTED_DEFINITION_CONFLICT
R-HSA-9613354	Lipophagy	9	9	9	9	9	9	COMPLETE_MEMBERSHIP	COMPLETE_MEMBERSHIP	0	NOT_COMPUTED_DEFINITION_CONFLICT
R-HSA-9613829	Chaperone Mediated Autophagy	22	22	22	22	20	19	OBSERVED_PROJECTION	OBSERVED_PROJECTION	1	NOT_COMPUTED_DEFINITION_CONFLICT
R-HSA-9614085	FOXO-mediated transcription	66	65	65	65	65	64	OBSERVED_PROJECTION	OBSERVED_PROJECTION	1	NOT_COMPUTED_DEFINITION_CONFLICT
R-HSA-9614399	Regulation of localization of FOXO transcription factors	12	12	12	12	12	12	COMPLETE_MEMBERSHIP	COMPLETE_MEMBERSHIP	0	NOT_COMPUTED_DEFINITION_CONFLICT
R-HSA-9614657	FOXO-mediated transcription of cell death genes	16	16	16	16	16	15	OBSERVED_PROJECTION	COMPLETE_MEMBERSHIP	1	NOT_COMPUTED_DEFINITION_CONFLICT
R-HSA-9615017	FOXO-mediated transcription of oxidative stress, metabolic and neuronal genes	30	29	29	29	29	29	OBSERVED_PROJECTION	OBSERVED_PROJECTION	0	NOT_COMPUTED_DEFINITION_CONFLICT
R-HSA-9615710	Late endosomal microautophagy	34	34	34	34	32	27	OBSERVED_PROJECTION	OBSERVED_PROJECTION	5	NOT_COMPUTED_DEFINITION_CONFLICT
R-HSA-9615933	Postmitotic nuclear pore complex (NPC) reformation	27	26	26	26	26	12	OBSERVED_PROJECTION	OBSERVED_PROJECTION	14	NOT_COMPUTED_DEFINITION_CONFLICT
R-HSA-9616222	Transcriptional regulation of granulopoiesis	58	30	30	30	30	30	OBSERVED_PROJECTION	OBSERVED_PROJECTION	0	NOT_COMPUTED_DEFINITION_CONFLICT
R-HSA-9616333	Defective Base Excision Repair Associated with NTHL1	1	1	1	1	1	1	COMPLETE_MEMBERSHIP	COMPLETE_MEMBERSHIP	0	NOT_COMPUTED_DEFINITION_CONFLICT
R-HSA-9616334	Defective Base Excision Repair Associated with NEIL1	1	1	1	1	1	1	COMPLETE_MEMBERSHIP	COMPLETE_MEMBERSHIP	0	NOT_COMPUTED_DEFINITION_CONFLICT
R-HSA-9617324	Negative regulation of NMDA receptor-mediated neuronal transmission	21	21	21	21	21	21	COMPLETE_MEMBERSHIP	COMPLETE_MEMBERSHIP	0	NOT_COMPUTED_DEFINITION_CONFLICT
R-HSA-9617629	Regulation of FOXO transcriptional activity by acetylation	10	10	10	10	10	10	COMPLETE_MEMBERSHIP	COMPLETE_MEMBERSHIP	0	NOT_COMPUTED_DEFINITION_CONFLICT
R-HSA-9617828	FOXO-mediated transcription of cell cycle genes	17	17	17	17	17	17	COMPLETE_MEMBERSHIP	COMPLETE_MEMBERSHIP	0	NOT_COMPUTED_DEFINITION_CONFLICT
R-HSA-9619229	Activation of RAC1 downstream of NMDARs	7	7	7	7	7	6	OBSERVED_PROJECTION	COMPLETE_MEMBERSHIP	1	NOT_COMPUTED_DEFINITION_CONFLICT
R-HSA-9619483	Activation of AMPK downstream of NMDARs	29	27	27	27	27	26	OBSERVED_PROJECTION	OBSERVED_PROJECTION	1	NOT_COMPUTED_DEFINITION_CONFLICT
R-HSA-9619665	EGR2 and SOX10-mediated initiation of Schwann cell myelination	29	27	27	27	27	27	OBSERVED_PROJECTION	OBSERVED_PROJECTION	0	NOT_COMPUTED_DEFINITION_CONFLICT
R-HSA-9620244	Long-term potentiation	23	23	23	23	23	23	COMPLETE_MEMBERSHIP	COMPLETE_MEMBERSHIP	0	NOT_COMPUTED_DEFINITION_CONFLICT
R-HSA-9623433	NR1H2 & NR1H3 regulate gene expression to control bile acid homeostasis	9	9	9	9	9	9	COMPLETE_MEMBERSHIP	COMPLETE_MEMBERSHIP	0	NOT_COMPUTED_DEFINITION_CONFLICT
R-HSA-9627069	Regulation of the apoptosome activity	11	11	11	11	11	11	COMPLETE_MEMBERSHIP	COMPLETE_MEMBERSHIP	0	NOT_COMPUTED_DEFINITION_CONFLICT
R-HSA-9629232	Defective Base Excision Repair Associated with NEIL3	1	1	1	1	1	1	COMPLETE_MEMBERSHIP	COMPLETE_MEMBERSHIP	0	NOT_COMPUTED_DEFINITION_CONFLICT
R-HSA-9629569	Protein hydroxylation	20	18	18	17	17	13	OBSERVED_PROJECTION	OBSERVED_PROJECTION	4	NOT_COMPUTED_DEFINITION_CONFLICT
R-HSA-9630221	Defective NTHL1 substrate processing	1	1	1	1	1	1	COMPLETE_MEMBERSHIP	COMPLETE_MEMBERSHIP	0	NOT_COMPUTED_DEFINITION_CONFLICT
R-HSA-9630222	Defective NTHL1 substrate binding	1	1	1	1	1	1	COMPLETE_MEMBERSHIP	COMPLETE_MEMBERSHIP	0	NOT_COMPUTED_DEFINITION_CONFLICT
R-HSA-9630747	Diseases of Cellular Senescence	3	3	3	3	3	3	COMPLETE_MEMBERSHIP	COMPLETE_MEMBERSHIP	0	NOT_COMPUTED_DEFINITION_CONFLICT
R-HSA-9630750	Evasion of Oncogene Induced Senescence Due to p16INK4A Defects	3	3	3	3	3	3	COMPLETE_MEMBERSHIP	COMPLETE_MEMBERSHIP	0	NOT_COMPUTED_DEFINITION_CONFLICT
R-HSA-9630791	Evasion of Oncogene Induced Senescence Due to Defective p16INK4A binding to CDK4	2	2	2	2	2	2	COMPLETE_MEMBERSHIP	COMPLETE_MEMBERSHIP	0	NOT_COMPUTED_DEFINITION_CONFLICT
R-HSA-9630794	Evasion of Oncogene Induced Senescence Due to Defective p16INK4A binding to CDK4 and CDK6	3	3	3	3	3	3	COMPLETE_MEMBERSHIP	COMPLETE_MEMBERSHIP	0	NOT_COMPUTED_DEFINITION_CONFLICT
R-HSA-9632693	Evasion of Oxidative Stress Induced Senescence Due to p16INK4A Defects	3	3	3	3	3	3	COMPLETE_MEMBERSHIP	COMPLETE_MEMBERSHIP	0	NOT_COMPUTED_DEFINITION_CONFLICT
R-HSA-9632697	Evasion of Oxidative Stress Induced Senescence Due to Defective p16INK4A binding to CDK4	2	2	2	2	2	2	COMPLETE_MEMBERSHIP	COMPLETE_MEMBERSHIP	0	NOT_COMPUTED_DEFINITION_CONFLICT
R-HSA-9632700	Evasion of Oxidative Stress Induced Senescence Due to Defective p16INK4A binding to CDK4 and CDK6	3	3	3	3	3	3	COMPLETE_MEMBERSHIP	COMPLETE_MEMBERSHIP	0	NOT_COMPUTED_DEFINITION_CONFLICT
R-HSA-9632974	NR1H2 & NR1H3 regulate gene expression linked to gluconeogenesis	5	5	5	5	5	5	COMPLETE_MEMBERSHIP	COMPLETE_MEMBERSHIP	0	NOT_COMPUTED_DEFINITION_CONFLICT
R-HSA-9633012	Response of EIF2AK4 (GCN2) to amino acid deficiency	106	101	101	101	98	27	OBSERVED_PROJECTION	OBSERVED_PROJECTION	71	NOT_COMPUTED_DEFINITION_CONFLICT
R-HSA-9634285	Constitutive Signaling by Overexpressed ERBB2	11	10	10	10	10	10	OBSERVED_PROJECTION	OBSERVED_PROJECTION	0	NOT_COMPUTED_DEFINITION_CONFLICT
R-HSA-9634597	GPER1 signaling	45	45	45	45	45	45	COMPLETE_MEMBERSHIP	COMPLETE_MEMBERSHIP	0	NOT_COMPUTED_DEFINITION_CONFLICT
R-HSA-9634600	Regulation of glycolysis by fructose 2,6-bisphosphate metabolism	12	12	12	12	12	12	COMPLETE_MEMBERSHIP	COMPLETE_MEMBERSHIP	0	NOT_COMPUTED_DEFINITION_CONFLICT
R-HSA-9634635	Estrogen-stimulated signaling through PRKCZ	6	6	6	6	6	6	COMPLETE_MEMBERSHIP	COMPLETE_MEMBERSHIP	0	NOT_COMPUTED_DEFINITION_CONFLICT
R-HSA-9634638	Estrogen-dependent nuclear events downstream of ESR-membrane signaling	24	24	24	24	24	23	OBSERVED_PROJECTION	COMPLETE_MEMBERSHIP	1	NOT_COMPUTED_DEFINITION_CONFLICT
R-HSA-9634815	Transcriptional Regulation by NPAS4	35	33	33	33	33	32	OBSERVED_PROJECTION	OBSERVED_PROJECTION	1	NOT_COMPUTED_DEFINITION_CONFLICT
R-HSA-9635465	Suppression of apoptosis	12	7	7	7	7	6	OBSERVED_PROJECTION	OBSERVED_PROJECTION	1	NOT_COMPUTED_DEFINITION_CONFLICT
R-HSA-9635486	Infection with Mycobacterium tuberculosis	82	27	27	27	27	24	OBSERVED_PROJECTION	OBSERVED_PROJECTION	3	NOT_COMPUTED_DEFINITION_CONFLICT
R-HSA-9635644	Inhibition of membrane repair	3	1	1	1	1	1	OBSERVED_PROJECTION	OBSERVED_PROJECTION	0	NOT_COMPUTED_DEFINITION_CONFLICT
R-HSA-9636003	NEIL3-mediated resolution of ICLs	1	1	1	1	1	1	COMPLETE_MEMBERSHIP	COMPLETE_MEMBERSHIP	0	NOT_COMPUTED_DEFINITION_CONFLICT
R-HSA-9636249	Inhibition of nitric oxide production	4	3	3	3	3	2	OBSERVED_PROJECTION	OBSERVED_PROJECTION	1	NOT_COMPUTED_DEFINITION_CONFLICT
R-HSA-9636383	Prevention of phagosomal-lysosomal fusion	18	9	9	9	9	8	OBSERVED_PROJECTION	OBSERVED_PROJECTION	1	NOT_COMPUTED_DEFINITION_CONFLICT
R-HSA-9636467	Blockage of phagosome acidification	2	1	1	1	1	1	OBSERVED_PROJECTION	OBSERVED_PROJECTION	0	NOT_COMPUTED_DEFINITION_CONFLICT
R-HSA-9636569	Suppression of autophagy	4	2	2	2	2	2	OBSERVED_PROJECTION	OBSERVED_PROJECTION	0	NOT_COMPUTED_DEFINITION_CONFLICT
R-HSA-9636667	Manipulation of host energy metabolism	3	2	2	2	2	2	OBSERVED_PROJECTION	OBSERVED_PROJECTION	0	NOT_COMPUTED_DEFINITION_CONFLICT
R-HSA-9637628	Modulation by Mtb of host immune system	11	7	7	7	7	6	OBSERVED_PROJECTION	OBSERVED_PROJECTION	1	NOT_COMPUTED_DEFINITION_CONFLICT
R-HSA-9637679	Escape of Mtb from the phagocyte	1	0	0	0	0	0	NO_SUPPORT	NO_SUPPORT	0	NOT_COMPUTED_DEFINITION_CONFLICT
R-HSA-9637687	Suppression of phagosomal maturation	23	13	13	13	13	11	OBSERVED_PROJECTION	OBSERVED_PROJECTION	2	NOT_COMPUTED_DEFINITION_CONFLICT
R-HSA-9637690	Response of Mtb to phagocytosis	39	23	23	23	23	20	OBSERVED_PROJECTION	OBSERVED_PROJECTION	3	NOT_COMPUTED_DEFINITION_CONFLICT
R-HSA-9637698	Phagocyte cell death caused by cytosolic Mtb	1	0	0	0	0	0	NO_SUPPORT	NO_SUPPORT	0	NOT_COMPUTED_DEFINITION_CONFLICT
R-HSA-9638334	Iron assimilation using enterobactin	21	0	0	0	0	0	NO_SUPPORT	NO_SUPPORT	0	NOT_COMPUTED_DEFINITION_CONFLICT
R-HSA-9638482	Metal ion assimilation from the host	52	2	2	1	1	1	OBSERVED_PROJECTION	OBSERVED_PROJECTION	0	NOT_COMPUTED_DEFINITION_CONFLICT
R-HSA-9638630	Attachment of bacteria to epithelial cells	29	23	23	23	23	23	OBSERVED_PROJECTION	OBSERVED_PROJECTION	0	NOT_COMPUTED_DEFINITION_CONFLICT
R-HSA-9638737	Action of antimicrobials and antimicrobial resistance	31	0	0	0	0	0	NO_SUPPORT	NO_SUPPORT	0	NOT_COMPUTED_DEFINITION_CONFLICT
R-HSA-9638771	Action of antimicrobials	6	0	0	0	0	0	NO_SUPPORT	NO_SUPPORT	0	NOT_COMPUTED_DEFINITION_CONFLICT
R-HSA-9639288	Amino acids regulate mTORC1	55	51	51	51	51	47	OBSERVED_PROJECTION	OBSERVED_PROJECTION	4	NOT_COMPUTED_DEFINITION_CONFLICT
R-HSA-9639775	Antimicrobial action and antimicrobial resistance in Mtb	4	0	0	0	0	0	NO_SUPPORT	NO_SUPPORT	0	NOT_COMPUTED_DEFINITION_CONFLICT
R-HSA-9640148	Infection with Enterobacteria	158	39	39	38	37	36	OBSERVED_PROJECTION	OBSERVED_PROJECTION	1	NOT_COMPUTED_DEFINITION_CONFLICT
R-HSA-9640463	Wax biosynthesis	4	4	4	4	4	4	COMPLETE_MEMBERSHIP	COMPLETE_MEMBERSHIP	0	NOT_COMPUTED_DEFINITION_CONFLICT
R-HSA-9645135	STAT5 Activation	7	7	7	7	7	7	COMPLETE_MEMBERSHIP	COMPLETE_MEMBERSHIP	0	NOT_COMPUTED_DEFINITION_CONFLICT
R-HSA-9645460	Alpha-protein kinase 1 signaling pathway	11	11	11	11	11	10	OBSERVED_PROJECTION	COMPLETE_MEMBERSHIP	1	NOT_COMPUTED_DEFINITION_CONFLICT
R-HSA-9645722	Defective Intrinsic Pathway for Apoptosis Due to p14ARF Loss of Function	2	2	2	2	2	2	COMPLETE_MEMBERSHIP	COMPLETE_MEMBERSHIP	0	NOT_COMPUTED_DEFINITION_CONFLICT
R-HSA-9645723	Diseases of programmed cell death	78	44	44	44	44	40	OBSERVED_PROJECTION	OBSERVED_PROJECTION	4	NOT_COMPUTED_DEFINITION_CONFLICT
R-HSA-9646303	Evasion of Oncogene Induced Senescence Due to p14ARF Defects	1	1	1	1	1	1	COMPLETE_MEMBERSHIP	COMPLETE_MEMBERSHIP	0	NOT_COMPUTED_DEFINITION_CONFLICT
R-HSA-9646304	Evasion of Oxidative Stress Induced Senescence Due to p14ARF Defects	1	1	1	1	1	1	COMPLETE_MEMBERSHIP	COMPLETE_MEMBERSHIP	0	NOT_COMPUTED_DEFINITION_CONFLICT
R-HSA-9646399	Aggrephagy	44	41	41	41	39	36	OBSERVED_PROJECTION	OBSERVED_PROJECTION	3	NOT_COMPUTED_DEFINITION_CONFLICT
R-HSA-964739	N-glycan trimming and elongation in the cis-Golgi	5	5	5	5	5	5	COMPLETE_MEMBERSHIP	COMPLETE_MEMBERSHIP	0	NOT_COMPUTED_DEFINITION_CONFLICT
R-HSA-9648002	RAS processing	24	23	22	22	22	20	OBSERVED_PROJECTION	OBSERVED_PROJECTION	2	NOT_COMPUTED_DEFINITION_CONFLICT
R-HSA-9648025	EML4 and NUDC in mitotic spindle formation	117	110	110	110	105	72	OBSERVED_PROJECTION	OBSERVED_PROJECTION	33	NOT_COMPUTED_DEFINITION_CONFLICT
R-HSA-964827	Progressive trimming of alpha-1,2-linked mannose residues from Man9/8/7GlcNAc2 to produce Man5GlcNAc2	3	3	3	3	3	3	COMPLETE_MEMBERSHIP	COMPLETE_MEMBERSHIP	0	NOT_COMPUTED_DEFINITION_CONFLICT
R-HSA-9648895	Response of EIF2AK1 (HRI) to heme deficiency	15	15	15	15	15	10	OBSERVED_PROJECTION	COMPLETE_MEMBERSHIP	5	NOT_COMPUTED_DEFINITION_CONFLICT
R-HSA-964975	Vitamin B6 activation to pyridoxal phosphate	3	3	3	3	3	3	COMPLETE_MEMBERSHIP	COMPLETE_MEMBERSHIP	0	NOT_COMPUTED_DEFINITION_CONFLICT
R-HSA-9649913	RAS GTPase cycle mutants	3	3	3	3	3	3	COMPLETE_MEMBERSHIP	COMPLETE_MEMBERSHIP	0	NOT_COMPUTED_DEFINITION_CONFLICT
R-HSA-9649948	Signaling downstream of RAS mutants	45	44	44	44	44	43	OBSERVED_PROJECTION	OBSERVED_PROJECTION	1	NOT_COMPUTED_DEFINITION_CONFLICT
R-HSA-9652169	Signaling by MAP2K mutants	4	4	4	4	4	4	COMPLETE_MEMBERSHIP	COMPLETE_MEMBERSHIP	0	NOT_COMPUTED_DEFINITION_CONFLICT
R-HSA-9652282	Drug-mediated inhibition of ERBB2 signaling	4	3	3	3	3	3	OBSERVED_PROJECTION	OBSERVED_PROJECTION	0	NOT_COMPUTED_DEFINITION_CONFLICT
R-HSA-9652817	Signaling by MAPK mutants	7	7	7	7	7	7	COMPLETE_MEMBERSHIP	COMPLETE_MEMBERSHIP	0	NOT_COMPUTED_DEFINITION_CONFLICT
R-HSA-9656223	Signaling by RAF1 mutants	41	41	41	41	41	40	OBSERVED_PROJECTION	COMPLETE_MEMBERSHIP	1	NOT_COMPUTED_DEFINITION_CONFLICT
R-HSA-9656249	Defective Base Excision Repair Associated with OGG1	1	1	1	1	1	1	COMPLETE_MEMBERSHIP	COMPLETE_MEMBERSHIP	0	NOT_COMPUTED_DEFINITION_CONFLICT
R-HSA-9656255	Defective OGG1 Substrate Binding	1	1	1	1	1	1	COMPLETE_MEMBERSHIP	COMPLETE_MEMBERSHIP	0	NOT_COMPUTED_DEFINITION_CONFLICT
R-HSA-9656256	Defective OGG1 Substrate Processing	1	1	1	1	1	1	COMPLETE_MEMBERSHIP	COMPLETE_MEMBERSHIP	0	NOT_COMPUTED_DEFINITION_CONFLICT
R-HSA-9657050	Defective OGG1 Localization	1	1	1	1	1	1	COMPLETE_MEMBERSHIP	COMPLETE_MEMBERSHIP	0	NOT_COMPUTED_DEFINITION_CONFLICT
R-HSA-9657688	Defective factor XII causes hereditary angioedema	3	3	3	3	3	3	COMPLETE_MEMBERSHIP	COMPLETE_MEMBERSHIP	0	NOT_COMPUTED_DEFINITION_CONFLICT
R-HSA-9657689	Defective SERPING1 causes hereditary angioedema	3	3	3	3	3	3	COMPLETE_MEMBERSHIP	COMPLETE_MEMBERSHIP	0	NOT_COMPUTED_DEFINITION_CONFLICT
R-HSA-9658195	Leishmania infection	245	161	161	161	161	159	OBSERVED_PROJECTION	OBSERVED_PROJECTION	2	NOT_COMPUTED_DEFINITION_CONFLICT
R-HSA-9659379	Sensory processing of sound	77	74	74	74	74	72	OBSERVED_PROJECTION	OBSERVED_PROJECTION	2	NOT_COMPUTED_DEFINITION_CONFLICT
R-HSA-9659787	Aberrant regulation of mitotic G1/S transition in cancer due to RB1 defects	17	17	17	17	17	17	COMPLETE_MEMBERSHIP	COMPLETE_MEMBERSHIP	0	NOT_COMPUTED_DEFINITION_CONFLICT
R-HSA-9660537	Signaling by MRAS-complex mutants	8	8	8	8	8	8	COMPLETE_MEMBERSHIP	COMPLETE_MEMBERSHIP	0	NOT_COMPUTED_DEFINITION_CONFLICT
R-HSA-9660821	ADORA2B mediated anti-inflammatory cytokines production	43	43	43	43	43	43	COMPLETE_MEMBERSHIP	COMPLETE_MEMBERSHIP	0	NOT_COMPUTED_DEFINITION_CONFLICT
R-HSA-9660826	Purinergic signaling in leishmaniasis infection	27	26	26	26	26	25	OBSERVED_PROJECTION	OBSERVED_PROJECTION	1	NOT_COMPUTED_DEFINITION_CONFLICT
R-HSA-9661069	Defective binding of RB1 mutants to E2F1,(E2F2, E2F3)	17	17	17	17	17	17	COMPLETE_MEMBERSHIP	COMPLETE_MEMBERSHIP	0	NOT_COMPUTED_DEFINITION_CONFLICT
R-HSA-9661070	Defective translocation of RB1 mutants to the nucleus	1	1	1	1	1	1	COMPLETE_MEMBERSHIP	COMPLETE_MEMBERSHIP	0	NOT_COMPUTED_DEFINITION_CONFLICT
R-HSA-9662001	Defective factor VIII causes hemophilia A	7	7	7	7	7	7	COMPLETE_MEMBERSHIP	COMPLETE_MEMBERSHIP	0	NOT_COMPUTED_DEFINITION_CONFLICT
R-HSA-9662360	Sensory processing of sound by inner hair cells of the cochlea	69	66	66	66	66	64	OBSERVED_PROJECTION	OBSERVED_PROJECTION	2	NOT_COMPUTED_DEFINITION_CONFLICT
R-HSA-9662361	Sensory processing of sound by outer hair cells of the cochlea	55	52	52	52	52	51	OBSERVED_PROJECTION	OBSERVED_PROJECTION	1	NOT_COMPUTED_DEFINITION_CONFLICT
R-HSA-9662834	CD163 mediating an anti-inflammatory response	9	9	9	9	9	9	COMPLETE_MEMBERSHIP	COMPLETE_MEMBERSHIP	0	NOT_COMPUTED_DEFINITION_CONFLICT
R-HSA-9662851	Anti-inflammatory response favouring Leishmania parasite infection	159	76	76	76	76	76	OBSERVED_PROJECTION	OBSERVED_PROJECTION	0	NOT_COMPUTED_DEFINITION_CONFLICT
R-HSA-9663199	Defective DNA double strand break response due to BRCA1 loss of function	2	2	2	2	2	0	NO_SUPPORT	COMPLETE_MEMBERSHIP	2	NOT_COMPUTED_DEFINITION_CONFLICT
R-HSA-9663891	Selective autophagy	90	85	85	85	83	76	OBSERVED_PROJECTION	OBSERVED_PROJECTION	7	NOT_COMPUTED_DEFINITION_CONFLICT
R-HSA-9664323	FCGR3A-mediated IL10 synthesis	121	38	38	38	38	38	OBSERVED_PROJECTION	OBSERVED_PROJECTION	0	NOT_COMPUTED_DEFINITION_CONFLICT
R-HSA-9664407	Parasite infection	142	59	59	59	59	58	OBSERVED_PROJECTION	OBSERVED_PROJECTION	1	NOT_COMPUTED_DEFINITION_CONFLICT
R-HSA-9664417	Leishmania phagocytosis	142	59	59	59	59	58	OBSERVED_PROJECTION	OBSERVED_PROJECTION	1	NOT_COMPUTED_DEFINITION_CONFLICT
R-HSA-9664420	Killing mechanisms	12	12	12	12	12	12	COMPLETE_MEMBERSHIP	COMPLETE_MEMBERSHIP	0	NOT_COMPUTED_DEFINITION_CONFLICT
R-HSA-9664422	FCGR3A-mediated phagocytosis	142	59	59	59	59	58	OBSERVED_PROJECTION	OBSERVED_PROJECTION	1	NOT_COMPUTED_DEFINITION_CONFLICT
R-HSA-9664424	Cell recruitment (pro-inflammatory response)	27	26	26	26	26	25	OBSERVED_PROJECTION	OBSERVED_PROJECTION	1	NOT_COMPUTED_DEFINITION_CONFLICT
R-HSA-9664433	Leishmania parasite growth and survival	159	76	76	76	76	76	OBSERVED_PROJECTION	OBSERVED_PROJECTION	0	NOT_COMPUTED_DEFINITION_CONFLICT
R-HSA-9664535	LTC4-CYSLTR mediated IL4 production	6	6	6	6	6	6	COMPLETE_MEMBERSHIP	COMPLETE_MEMBERSHIP	0	NOT_COMPUTED_DEFINITION_CONFLICT
R-HSA-9664565	Signaling by ERBB2 KD Mutants	25	24	24	24	24	24	OBSERVED_PROJECTION	OBSERVED_PROJECTION	0	NOT_COMPUTED_DEFINITION_CONFLICT
R-HSA-9664873	Pexophagy	11	11	11	11	11	10	OBSERVED_PROJECTION	COMPLETE_MEMBERSHIP	1	NOT_COMPUTED_DEFINITION_CONFLICT
R-HSA-9665230	Drug resistance in ERBB2 KD mutants	4	3	3	3	3	3	OBSERVED_PROJECTION	OBSERVED_PROJECTION	0	NOT_COMPUTED_DEFINITION_CONFLICT
R-HSA-9665233	Resistance of ERBB2 KD mutants to trastuzumab	4	3	3	3	3	3	OBSERVED_PROJECTION	OBSERVED_PROJECTION	0	NOT_COMPUTED_DEFINITION_CONFLICT
R-HSA-9665244	Resistance of ERBB2 KD mutants to sapitinib	4	3	3	3	3	3	OBSERVED_PROJECTION	OBSERVED_PROJECTION	0	NOT_COMPUTED_DEFINITION_CONFLICT
R-HSA-9665245	Resistance of ERBB2 KD mutants to tesevatinib	4	3	3	3	3	3	OBSERVED_PROJECTION	OBSERVED_PROJECTION	0	NOT_COMPUTED_DEFINITION_CONFLICT
R-HSA-9665246	Resistance of ERBB2 KD mutants to neratinib	4	3	3	3	3	3	OBSERVED_PROJECTION	OBSERVED_PROJECTION	0	NOT_COMPUTED_DEFINITION_CONFLICT
R-HSA-9665247	Resistance of ERBB2 KD mutants to osimertinib	4	3	3	3	3	3	OBSERVED_PROJECTION	OBSERVED_PROJECTION	0	NOT_COMPUTED_DEFINITION_CONFLICT
R-HSA-9665249	Resistance of ERBB2 KD mutants to afatinib	4	3	3	3	3	3	OBSERVED_PROJECTION	OBSERVED_PROJECTION	0	NOT_COMPUTED_DEFINITION_CONFLICT
R-HSA-9665250	Resistance of ERBB2 KD mutants to AEE788	4	3	3	3	3	3	OBSERVED_PROJECTION	OBSERVED_PROJECTION	0	NOT_COMPUTED_DEFINITION_CONFLICT
R-HSA-9665251	Resistance of ERBB2 KD mutants to lapatinib	4	3	3	3	3	3	OBSERVED_PROJECTION	OBSERVED_PROJECTION	0	NOT_COMPUTED_DEFINITION_CONFLICT
R-HSA-9665348	Signaling by ERBB2 ECD mutants	16	15	15	15	15	15	OBSERVED_PROJECTION	OBSERVED_PROJECTION	0	NOT_COMPUTED_DEFINITION_CONFLICT
R-HSA-9665686	Signaling by ERBB2 TMD/JMD mutants	22	21	21	21	21	21	OBSERVED_PROJECTION	OBSERVED_PROJECTION	0	NOT_COMPUTED_DEFINITION_CONFLICT
R-HSA-9665737	Drug resistance in ERBB2 TMD/JMD mutants	4	3	3	3	3	3	OBSERVED_PROJECTION	OBSERVED_PROJECTION	0	NOT_COMPUTED_DEFINITION_CONFLICT
R-HSA-9667769	Acetylcholine inhibits contraction of outer hair cells	5	5	5	5	5	5	COMPLETE_MEMBERSHIP	COMPLETE_MEMBERSHIP	0	NOT_COMPUTED_DEFINITION_CONFLICT
R-HSA-9668250	Defective factor IX causes hemophilia B	9	9	9	9	9	9	COMPLETE_MEMBERSHIP	COMPLETE_MEMBERSHIP	0	NOT_COMPUTED_DEFINITION_CONFLICT
R-HSA-9668328	Sealing of the nuclear envelope (NE) by ESCRT-III	32	30	30	30	30	28	OBSERVED_PROJECTION	OBSERVED_PROJECTION	2	NOT_COMPUTED_DEFINITION_CONFLICT
R-HSA-9669914	Dasatinib-resistant KIT mutants	1	1	1	1	1	1	COMPLETE_MEMBERSHIP	COMPLETE_MEMBERSHIP	0	NOT_COMPUTED_DEFINITION_CONFLICT
R-HSA-9669917	Imatinib-resistant KIT mutants	1	1	1	1	1	1	COMPLETE_MEMBERSHIP	COMPLETE_MEMBERSHIP	0	NOT_COMPUTED_DEFINITION_CONFLICT
R-HSA-9669921	KIT mutants bind TKIs	1	1	1	1	1	1	COMPLETE_MEMBERSHIP	COMPLETE_MEMBERSHIP	0	NOT_COMPUTED_DEFINITION_CONFLICT
R-HSA-9669924	Masitinib-resistant KIT mutants	1	1	1	1	1	1	COMPLETE_MEMBERSHIP	COMPLETE_MEMBERSHIP	0	NOT_COMPUTED_DEFINITION_CONFLICT
R-HSA-9669926	Nilotinib-resistant KIT mutants	1	1	1	1	1	1	COMPLETE_MEMBERSHIP	COMPLETE_MEMBERSHIP	0	NOT_COMPUTED_DEFINITION_CONFLICT
R-HSA-9669929	Regorafenib-resistant KIT mutants	1	1	1	1	1	1	COMPLETE_MEMBERSHIP	COMPLETE_MEMBERSHIP	0	NOT_COMPUTED_DEFINITION_CONFLICT
R-HSA-9669933	Signaling by kinase domain mutants of KIT	1	1	1	1	1	1	COMPLETE_MEMBERSHIP	COMPLETE_MEMBERSHIP	0	NOT_COMPUTED_DEFINITION_CONFLICT
R-HSA-9669934	Sunitinib-resistant KIT mutants	1	1	1	1	1	1	COMPLETE_MEMBERSHIP	COMPLETE_MEMBERSHIP	0	NOT_COMPUTED_DEFINITION_CONFLICT
R-HSA-9669935	Signaling by juxtamembrane domain KIT mutants	1	1	1	1	1	1	COMPLETE_MEMBERSHIP	COMPLETE_MEMBERSHIP	0	NOT_COMPUTED_DEFINITION_CONFLICT
R-HSA-9669936	Sorafenib-resistant KIT mutants	1	1	1	1	1	1	COMPLETE_MEMBERSHIP	COMPLETE_MEMBERSHIP	0	NOT_COMPUTED_DEFINITION_CONFLICT
R-HSA-9669937	Drug resistance of KIT mutants	1	1	1	1	1	1	COMPLETE_MEMBERSHIP	COMPLETE_MEMBERSHIP	0	NOT_COMPUTED_DEFINITION_CONFLICT
R-HSA-9669938	Signaling by KIT in disease	20	20	20	20	20	20	COMPLETE_MEMBERSHIP	COMPLETE_MEMBERSHIP	0	NOT_COMPUTED_DEFINITION_CONFLICT
R-HSA-9670095	Inhibition of DNA recombination at telomere	47	19	19	19	19	10	OBSERVED_PROJECTION	OBSERVED_PROJECTION	9	NOT_COMPUTED_DEFINITION_CONFLICT
R-HSA-9670439	Signaling by phosphorylated juxtamembrane, extracellular and kinase domain KIT mutants	20	20	20	20	20	20	COMPLETE_MEMBERSHIP	COMPLETE_MEMBERSHIP	0	NOT_COMPUTED_DEFINITION_CONFLICT
R-HSA-9670613	Defective Inhibition of DNA Recombination at Telomere Due to DAXX Mutations	2	2	2	2	2	2	COMPLETE_MEMBERSHIP	COMPLETE_MEMBERSHIP	0	NOT_COMPUTED_DEFINITION_CONFLICT
R-HSA-9670615	Defective Inhibition of DNA Recombination at Telomere Due to ATRX Mutations	2	2	2	2	2	2	COMPLETE_MEMBERSHIP	COMPLETE_MEMBERSHIP	0	NOT_COMPUTED_DEFINITION_CONFLICT
R-HSA-9670621	Defective Inhibition of DNA Recombination at Telomere	2	2	2	2	2	2	COMPLETE_MEMBERSHIP	COMPLETE_MEMBERSHIP	0	NOT_COMPUTED_DEFINITION_CONFLICT
R-HSA-9671555	Signaling by PDGFR in disease	20	20	20	20	20	19	OBSERVED_PROJECTION	COMPLETE_MEMBERSHIP	1	NOT_COMPUTED_DEFINITION_CONFLICT
R-HSA-9671793	Diseases of hemostasis	24	24	24	24	24	24	COMPLETE_MEMBERSHIP	COMPLETE_MEMBERSHIP	0	NOT_COMPUTED_DEFINITION_CONFLICT
R-HSA-9672383	Defective factor IX causes thrombophilia	3	3	3	3	3	3	COMPLETE_MEMBERSHIP	COMPLETE_MEMBERSHIP	0	NOT_COMPUTED_DEFINITION_CONFLICT
R-HSA-9672387	Defective F8 accelerates dissociation of the A2 domain	1	1	1	1	1	1	COMPLETE_MEMBERSHIP	COMPLETE_MEMBERSHIP	0	NOT_COMPUTED_DEFINITION_CONFLICT
R-HSA-9672391	Defective F8 cleavage by thrombin	3	3	3	3	3	3	COMPLETE_MEMBERSHIP	COMPLETE_MEMBERSHIP	0	NOT_COMPUTED_DEFINITION_CONFLICT
R-HSA-9672393	Defective F8 binding to von Willebrand factor	2	2	2	2	2	2	COMPLETE_MEMBERSHIP	COMPLETE_MEMBERSHIP	0	NOT_COMPUTED_DEFINITION_CONFLICT
R-HSA-9672395	Defective F8 binding to the cell membrane	1	1	1	1	1	1	COMPLETE_MEMBERSHIP	COMPLETE_MEMBERSHIP	0	NOT_COMPUTED_DEFINITION_CONFLICT
R-HSA-9672396	Defective cofactor function of FVIIIa variant	3	3	3	3	3	3	COMPLETE_MEMBERSHIP	COMPLETE_MEMBERSHIP	0	NOT_COMPUTED_DEFINITION_CONFLICT
R-HSA-9672397	Defective F8 secretion	1	1	1	1	1	1	COMPLETE_MEMBERSHIP	COMPLETE_MEMBERSHIP	0	NOT_COMPUTED_DEFINITION_CONFLICT
R-HSA-9673013	Diseases of Telomere Maintenance	2	2	2	2	2	2	COMPLETE_MEMBERSHIP	COMPLETE_MEMBERSHIP	0	NOT_COMPUTED_DEFINITION_CONFLICT
R-HSA-9673163	Oleoyl-phe metabolism	1	1	1	1	1	1	COMPLETE_MEMBERSHIP	COMPLETE_MEMBERSHIP	0	NOT_COMPUTED_DEFINITION_CONFLICT
R-HSA-9673202	Defective F9 variant does not activate FX	3	3	3	3	3	3	COMPLETE_MEMBERSHIP	COMPLETE_MEMBERSHIP	0	NOT_COMPUTED_DEFINITION_CONFLICT
R-HSA-9673218	Defective F9 secretion	1	1	1	1	1	1	COMPLETE_MEMBERSHIP	COMPLETE_MEMBERSHIP	0	NOT_COMPUTED_DEFINITION_CONFLICT
R-HSA-9673221	Defective F9 activation	6	6	6	6	6	6	COMPLETE_MEMBERSHIP	COMPLETE_MEMBERSHIP	0	NOT_COMPUTED_DEFINITION_CONFLICT
R-HSA-9673240	Defective gamma-carboxylation of F9	2	2	2	2	2	2	COMPLETE_MEMBERSHIP	COMPLETE_MEMBERSHIP	0	NOT_COMPUTED_DEFINITION_CONFLICT
R-HSA-9673324	WNT5:FZD7-mediated leishmania damping	12	12	12	12	12	12	COMPLETE_MEMBERSHIP	COMPLETE_MEMBERSHIP	0	NOT_COMPUTED_DEFINITION_CONFLICT
R-HSA-9673766	Signaling by cytosolic PDGFRA and PDGFRB fusion proteins	3	3	3	3	3	2	OBSERVED_PROJECTION	COMPLETE_MEMBERSHIP	1	NOT_COMPUTED_DEFINITION_CONFLICT
R-HSA-9673767	Signaling by PDGFRA transmembrane, juxtamembrane and kinase domain mutants	12	12	12	12	12	12	COMPLETE_MEMBERSHIP	COMPLETE_MEMBERSHIP	0	NOT_COMPUTED_DEFINITION_CONFLICT
R-HSA-9673768	Signaling by membrane-tethered fusions of PDGFRA or PDGFRB	5	5	5	5	5	5	COMPLETE_MEMBERSHIP	COMPLETE_MEMBERSHIP	0	NOT_COMPUTED_DEFINITION_CONFLICT
R-HSA-9673770	Signaling by PDGFRA extracellular domain mutants	12	12	12	12	12	12	COMPLETE_MEMBERSHIP	COMPLETE_MEMBERSHIP	0	NOT_COMPUTED_DEFINITION_CONFLICT
R-HSA-9674396	Imatinib-resistant PDGFR mutants	1	1	1	1	1	1	COMPLETE_MEMBERSHIP	COMPLETE_MEMBERSHIP	0	NOT_COMPUTED_DEFINITION_CONFLICT
R-HSA-9674401	Sunitinib-resistant PDGFR mutants	1	1	1	1	1	1	COMPLETE_MEMBERSHIP	COMPLETE_MEMBERSHIP	0	NOT_COMPUTED_DEFINITION_CONFLICT
R-HSA-9674403	Regorafenib-resistant PDGFR mutants	1	1	1	1	1	1	COMPLETE_MEMBERSHIP	COMPLETE_MEMBERSHIP	0	NOT_COMPUTED_DEFINITION_CONFLICT
R-HSA-9674404	Sorafenib-resistant PDGFR mutants	1	1	1	1	1	1	COMPLETE_MEMBERSHIP	COMPLETE_MEMBERSHIP	0	NOT_COMPUTED_DEFINITION_CONFLICT
R-HSA-9674415	Drug resistance of PDGFR mutants	1	1	1	1	1	1	COMPLETE_MEMBERSHIP	COMPLETE_MEMBERSHIP	0	NOT_COMPUTED_DEFINITION_CONFLICT
R-HSA-9674428	PDGFR mutants bind TKIs	1	1	1	1	1	1	COMPLETE_MEMBERSHIP	COMPLETE_MEMBERSHIP	0	NOT_COMPUTED_DEFINITION_CONFLICT
R-HSA-9674519	Defective F8 sulfation at Y1699	3	3	3	3	3	3	COMPLETE_MEMBERSHIP	COMPLETE_MEMBERSHIP	0	NOT_COMPUTED_DEFINITION_CONFLICT
R-HSA-9674555	Signaling by CSF3 (G-CSF)	30	28	28	28	28	27	OBSERVED_PROJECTION	OBSERVED_PROJECTION	1	NOT_COMPUTED_DEFINITION_CONFLICT
R-HSA-9675108	Nervous system development	568	553	553	553	547	449	OBSERVED_PROJECTION	OBSERVED_PROJECTION	98	NOT_COMPUTED_DEFINITION_CONFLICT
R-HSA-9675126	Diseases of mitotic cell cycle	38	38	38	38	38	32	OBSERVED_PROJECTION	COMPLETE_MEMBERSHIP	6	NOT_COMPUTED_DEFINITION_CONFLICT
R-HSA-9675132	Diseases of cellular response to stress	3	3	3	3	3	3	COMPLETE_MEMBERSHIP	COMPLETE_MEMBERSHIP	0	NOT_COMPUTED_DEFINITION_CONFLICT
R-HSA-9675135	Diseases of DNA repair	51	49	49	49	47	30	OBSERVED_PROJECTION	OBSERVED_PROJECTION	17	NOT_COMPUTED_DEFINITION_CONFLICT
R-HSA-9675136	Diseases of DNA Double-Strand Break Repair	41	39	39	39	37	20	OBSERVED_PROJECTION	OBSERVED_PROJECTION	17	NOT_COMPUTED_DEFINITION_CONFLICT
R-HSA-9675143	Diseases of the neuronal system	13	13	13	12	12	12	OBSERVED_PROJECTION	OBSERVED_PROJECTION	0	NOT_COMPUTED_DEFINITION_CONFLICT
R-HSA-9675151	Disorders of Developmental Biology	18	18	18	18	18	16	OBSERVED_PROJECTION	COMPLETE_MEMBERSHIP	2	NOT_COMPUTED_DEFINITION_CONFLICT
R-HSA-9678108	SARS-CoV-1 Infection	163	140	140	140	140	105	OBSERVED_PROJECTION	OBSERVED_PROJECTION	35	NOT_COMPUTED_DEFINITION_CONFLICT
R-HSA-9678110	Attachment and Entry_9678110	11	4	4	4	4	3	OBSERVED_PROJECTION	OBSERVED_PROJECTION	1	NOT_COMPUTED_DEFINITION_CONFLICT
R-HSA-9679191	Potential therapeutics for SARS	164	98	97	97	97	94	OBSERVED_PROJECTION	OBSERVED_PROJECTION	3	NOT_COMPUTED_DEFINITION_CONFLICT
R-HSA-9679504	Translation of Replicase and Assembly of the Replication Transcription Complex_9679504	18	13	13	13	13	11	OBSERVED_PROJECTION	OBSERVED_PROJECTION	2	NOT_COMPUTED_DEFINITION_CONFLICT
R-HSA-9679506	SARS-CoV Infections	508	407	406	406	405	340	OBSERVED_PROJECTION	OBSERVED_PROJECTION	65	NOT_COMPUTED_DEFINITION_CONFLICT
R-HSA-9679509	Virion Assembly and Release_9679509	7	0	0	0	0	0	NO_SUPPORT	NO_SUPPORT	0	NOT_COMPUTED_DEFINITION_CONFLICT
R-HSA-9679514	SARS-CoV-1 Genome Replication and Transcription	8	4	4	4	4	4	OBSERVED_PROJECTION	OBSERVED_PROJECTION	0	NOT_COMPUTED_DEFINITION_CONFLICT
R-HSA-9680187	Signaling by extracellular domain mutants of KIT	1	1	1	1	1	1	COMPLETE_MEMBERSHIP	COMPLETE_MEMBERSHIP	0	NOT_COMPUTED_DEFINITION_CONFLICT
R-HSA-9680350	Signaling by CSF1 (M-CSF) in myeloid cells	31	31	31	31	31	29	OBSERVED_PROJECTION	COMPLETE_MEMBERSHIP	2	NOT_COMPUTED_DEFINITION_CONFLICT
R-HSA-9682385	FLT3 signaling in disease	28	28	28	28	28	27	OBSERVED_PROJECTION	COMPLETE_MEMBERSHIP	1	NOT_COMPUTED_DEFINITION_CONFLICT
R-HSA-9682706	Replication of the SARS-CoV-1 genome	7	4	4	4	4	4	OBSERVED_PROJECTION	OBSERVED_PROJECTION	0	NOT_COMPUTED_DEFINITION_CONFLICT
R-HSA-9682708	Transcription of SARS-CoV-1 sgRNAs	4	0	0	0	0	0	NO_SUPPORT	NO_SUPPORT	0	NOT_COMPUTED_DEFINITION_CONFLICT
R-HSA-9683439	Assembly of the SARS-CoV-1 Replication-Transcription Complex (RTC)	2	0	0	0	0	0	NO_SUPPORT	NO_SUPPORT	0	NOT_COMPUTED_DEFINITION_CONFLICT
R-HSA-9683610	Maturation of nucleoprotein_9683610	12	11	11	11	11	10	OBSERVED_PROJECTION	OBSERVED_PROJECTION	1	NOT_COMPUTED_DEFINITION_CONFLICT
R-HSA-9683612	Maturation of protein M_9683612	1	0	0	0	0	0	NO_SUPPORT	NO_SUPPORT	0	NOT_COMPUTED_DEFINITION_CONFLICT
R-HSA-9683673	Maturation of protein 3a_9683673	10	9	9	9	9	9	OBSERVED_PROJECTION	OBSERVED_PROJECTION	0	NOT_COMPUTED_DEFINITION_CONFLICT
R-HSA-9683683	Maturation of protein E_9683683	5	4	4	4	4	3	OBSERVED_PROJECTION	OBSERVED_PROJECTION	1	NOT_COMPUTED_DEFINITION_CONFLICT
R-HSA-9683686	Maturation of spike protein_9683686	6	5	5	5	5	5	OBSERVED_PROJECTION	OBSERVED_PROJECTION	0	NOT_COMPUTED_DEFINITION_CONFLICT
R-HSA-9683701	Translation of Structural Proteins_9683701	35	29	29	29	29	27	OBSERVED_PROJECTION	OBSERVED_PROJECTION	2	NOT_COMPUTED_DEFINITION_CONFLICT
R-HSA-9684325	Maturation of replicase proteins_9684325	2	0	0	0	0	0	NO_SUPPORT	NO_SUPPORT	0	NOT_COMPUTED_DEFINITION_CONFLICT
R-HSA-9684482	IFIT antiviral response	74	61	61	61	60	22	OBSERVED_PROJECTION	OBSERVED_PROJECTION	38	NOT_COMPUTED_DEFINITION_CONFLICT
R-HSA-9686114	Non-canonical inflammasome activation	15	14	14	14	13	13	OBSERVED_PROJECTION	OBSERVED_PROJECTION	0	NOT_COMPUTED_DEFINITION_CONFLICT
R-HSA-9686347	Microbial modulation of RIPK1-mediated regulated necrosis	9	4	4	4	4	4	OBSERVED_PROJECTION	OBSERVED_PROJECTION	0	NOT_COMPUTED_DEFINITION_CONFLICT
R-HSA-9687136	Aberrant regulation of mitotic exit in cancer due to RB1 defects	20	20	20	20	20	14	OBSERVED_PROJECTION	COMPLETE_MEMBERSHIP	6	NOT_COMPUTED_DEFINITION_CONFLICT
R-HSA-9687139	Aberrant regulation of mitotic cell cycle due to RB1 defects	36	36	36	36	36	30	OBSERVED_PROJECTION	COMPLETE_MEMBERSHIP	6	NOT_COMPUTED_DEFINITION_CONFLICT
R-HSA-9690406	Transcriptional regulation of testis differentiation	13	13	13	13	13	13	COMPLETE_MEMBERSHIP	COMPLETE_MEMBERSHIP	0	NOT_COMPUTED_DEFINITION_CONFLICT
R-HSA-9690722	Viral strategies to evade IFIT action	14	5	5	5	5	4	OBSERVED_PROJECTION	OBSERVED_PROJECTION	1	NOT_COMPUTED_DEFINITION_CONFLICT
R-HSA-9692912	SARS-CoV-1 targets PDZ proteins in cell-cell junction	2	0	0	0	0	0	NO_SUPPORT	NO_SUPPORT	0	NOT_COMPUTED_DEFINITION_CONFLICT
R-HSA-9692913	SARS-CoV-1-mediated effects on programmed cell death	6	3	3	3	3	3	OBSERVED_PROJECTION	OBSERVED_PROJECTION	0	NOT_COMPUTED_DEFINITION_CONFLICT
R-HSA-9692914	SARS-CoV-1-host interactions	118	95	95	95	95	63	OBSERVED_PROJECTION	OBSERVED_PROJECTION	32	NOT_COMPUTED_DEFINITION_CONFLICT
R-HSA-9692916	SARS-CoV-1 activates/modulates innate immune responses	60	39	39	39	39	37	OBSERVED_PROJECTION	OBSERVED_PROJECTION	2	NOT_COMPUTED_DEFINITION_CONFLICT
R-HSA-9693928	Defective RIPK1-mediated regulated necrosis	12	7	7	7	7	7	OBSERVED_PROJECTION	OBSERVED_PROJECTION	0	NOT_COMPUTED_DEFINITION_CONFLICT
R-HSA-9694271	Assembly of the SARS-CoV-2 Replication-Transcription Complex (RTC)	2	0	0	0	0	0	NO_SUPPORT	NO_SUPPORT	0	NOT_COMPUTED_DEFINITION_CONFLICT
R-HSA-9694301	Maturation of replicase proteins_9694301	3	1	1	1	1	1	OBSERVED_PROJECTION	OBSERVED_PROJECTION	0	NOT_COMPUTED_DEFINITION_CONFLICT
R-HSA-9694322	Virion Assembly and Release_9694322	7	0	0	0	0	0	NO_SUPPORT	NO_SUPPORT	0	NOT_COMPUTED_DEFINITION_CONFLICT
R-HSA-9694493	Maturation of protein E_9694493	5	4	4	4	4	3	OBSERVED_PROJECTION	OBSERVED_PROJECTION	1	NOT_COMPUTED_DEFINITION_CONFLICT
R-HSA-9694516	SARS-CoV-2 Infection	317	289	289	289	288	228	OBSERVED_PROJECTION	OBSERVED_PROJECTION	60	NOT_COMPUTED_DEFINITION_CONFLICT
R-HSA-9694548	Maturation of spike protein_9694548	42	41	41	41	41	38	OBSERVED_PROJECTION	OBSERVED_PROJECTION	3	NOT_COMPUTED_DEFINITION_CONFLICT
R-HSA-9694594	Maturation of protein M_9694594	1	0	0	0	0	0	NO_SUPPORT	NO_SUPPORT	0	NOT_COMPUTED_DEFINITION_CONFLICT
R-HSA-9694614	Attachment and Entry_9694614	26	19	19	19	19	18	OBSERVED_PROJECTION	OBSERVED_PROJECTION	1	NOT_COMPUTED_DEFINITION_CONFLICT
R-HSA-9694631	Maturation of nucleoprotein_9694631	16	15	15	15	15	14	OBSERVED_PROJECTION	OBSERVED_PROJECTION	1	NOT_COMPUTED_DEFINITION_CONFLICT
R-HSA-9694635	Translation of Structural Proteins_9694635	67	61	61	61	61	56	OBSERVED_PROJECTION	OBSERVED_PROJECTION	5	NOT_COMPUTED_DEFINITION_CONFLICT
R-HSA-9694676	Translation of Replicase and Assembly of the Replication Transcription Complex_9694676	17	14	14	14	14	12	OBSERVED_PROJECTION	OBSERVED_PROJECTION	2	NOT_COMPUTED_DEFINITION_CONFLICT
R-HSA-9694682	SARS-CoV-2 Genome Replication and Transcription	8	4	4	4	4	4	OBSERVED_PROJECTION	OBSERVED_PROJECTION	0	NOT_COMPUTED_DEFINITION_CONFLICT
R-HSA-9694686	Replication of the SARS-CoV-2 genome	7	4	4	4	4	4	OBSERVED_PROJECTION	OBSERVED_PROJECTION	0	NOT_COMPUTED_DEFINITION_CONFLICT
R-HSA-9694719	Maturation of protein 3a_9694719	10	9	9	9	9	9	OBSERVED_PROJECTION	OBSERVED_PROJECTION	0	NOT_COMPUTED_DEFINITION_CONFLICT
R-HSA-9694786	Transcription of SARS-CoV-2 sgRNAs	4	0	0	0	0	0	NO_SUPPORT	NO_SUPPORT	0	NOT_COMPUTED_DEFINITION_CONFLICT
R-HSA-9696264	RND3 GTPase cycle	42	42	42	42	42	40	OBSERVED_PROJECTION	COMPLETE_MEMBERSHIP	2	NOT_COMPUTED_DEFINITION_CONFLICT
R-HSA-9696270	RND2 GTPase cycle	43	41	41	41	41	38	OBSERVED_PROJECTION	OBSERVED_PROJECTION	3	NOT_COMPUTED_DEFINITION_CONFLICT
R-HSA-9696273	RND1 GTPase cycle	42	42	42	42	42	39	OBSERVED_PROJECTION	COMPLETE_MEMBERSHIP	3	NOT_COMPUTED_DEFINITION_CONFLICT
R-HSA-9697154	Disorders of Nervous System Development	13	13	13	13	13	13	COMPLETE_MEMBERSHIP	COMPLETE_MEMBERSHIP	0	NOT_COMPUTED_DEFINITION_CONFLICT
R-HSA-9699150	Defective DNA double strand break response due to BARD1 loss of function	2	2	2	2	2	0	NO_SUPPORT	COMPLETE_MEMBERSHIP	2	NOT_COMPUTED_DEFINITION_CONFLICT
R-HSA-9700206	Signaling by ALK in cancer	93	90	90	90	90	85	OBSERVED_PROJECTION	OBSERVED_PROJECTION	5	NOT_COMPUTED_DEFINITION_CONFLICT
R-HSA-9700645	ALK mutants bind TKIs	12	12	12	12	12	12	COMPLETE_MEMBERSHIP	COMPLETE_MEMBERSHIP	0	NOT_COMPUTED_DEFINITION_CONFLICT
R-HSA-9700649	Drug resistance of ALK mutants	1	1	1	1	1	1	COMPLETE_MEMBERSHIP	COMPLETE_MEMBERSHIP	0	NOT_COMPUTED_DEFINITION_CONFLICT
R-HSA-9701190	Defective homologous recombination repair (HRR) due to BRCA2 loss of function	41	39	39	39	37	20	OBSERVED_PROJECTION	OBSERVED_PROJECTION	17	NOT_COMPUTED_DEFINITION_CONFLICT
R-HSA-9701192	Defective homologous recombination repair (HRR) due to BRCA1 loss of function	25	23	23	23	23	14	OBSERVED_PROJECTION	OBSERVED_PROJECTION	9	NOT_COMPUTED_DEFINITION_CONFLICT
R-HSA-9701193	Defective homologous recombination repair (HRR) due to PALB2 loss of function	25	23	23	23	23	14	OBSERVED_PROJECTION	OBSERVED_PROJECTION	9	NOT_COMPUTED_DEFINITION_CONFLICT
R-HSA-9701898	STAT3 nuclear events downstream of ALK signaling	11	11	11	11	11	11	COMPLETE_MEMBERSHIP	COMPLETE_MEMBERSHIP	0	NOT_COMPUTED_DEFINITION_CONFLICT
R-HSA-9702506	Drug resistance of FLT3 mutants	1	1	1	1	1	1	COMPLETE_MEMBERSHIP	COMPLETE_MEMBERSHIP	0	NOT_COMPUTED_DEFINITION_CONFLICT
R-HSA-9702509	FLT3 mutants bind TKIs	1	1	1	1	1	1	COMPLETE_MEMBERSHIP	COMPLETE_MEMBERSHIP	0	NOT_COMPUTED_DEFINITION_CONFLICT
R-HSA-9702518	STAT5 activation downstream of FLT3 ITD mutants	10	10	10	10	10	10	COMPLETE_MEMBERSHIP	COMPLETE_MEMBERSHIP	0	NOT_COMPUTED_DEFINITION_CONFLICT
R-HSA-9702569	KW2449-resistant FLT3 mutants	1	1	1	1	1	1	COMPLETE_MEMBERSHIP	COMPLETE_MEMBERSHIP	0	NOT_COMPUTED_DEFINITION_CONFLICT
R-HSA-9702577	semaxanib-resistant FLT3 mutants	1	1	1	1	1	1	COMPLETE_MEMBERSHIP	COMPLETE_MEMBERSHIP	0	NOT_COMPUTED_DEFINITION_CONFLICT
R-HSA-9702581	crenolanib-resistant FLT3 mutants	1	1	1	1	1	1	COMPLETE_MEMBERSHIP	COMPLETE_MEMBERSHIP	0	NOT_COMPUTED_DEFINITION_CONFLICT
R-HSA-9702590	gilteritinib-resistant FLT3 mutants	1	1	1	1	1	1	COMPLETE_MEMBERSHIP	COMPLETE_MEMBERSHIP	0	NOT_COMPUTED_DEFINITION_CONFLICT
R-HSA-9702596	lestaurtinib-resistant FLT3 mutants	1	1	1	1	1	1	COMPLETE_MEMBERSHIP	COMPLETE_MEMBERSHIP	0	NOT_COMPUTED_DEFINITION_CONFLICT
R-HSA-9702600	midostaurin-resistant FLT3 mutants	1	1	1	1	1	1	COMPLETE_MEMBERSHIP	COMPLETE_MEMBERSHIP	0	NOT_COMPUTED_DEFINITION_CONFLICT
R-HSA-9702605	pexidartinib-resistant FLT3 mutants	1	1	1	1	1	1	COMPLETE_MEMBERSHIP	COMPLETE_MEMBERSHIP	0	NOT_COMPUTED_DEFINITION_CONFLICT
R-HSA-9702614	ponatinib-resistant FLT3 mutants	1	1	1	1	1	1	COMPLETE_MEMBERSHIP	COMPLETE_MEMBERSHIP	0	NOT_COMPUTED_DEFINITION_CONFLICT
R-HSA-9702620	quizartinib-resistant FLT3 mutants	1	1	1	1	1	1	COMPLETE_MEMBERSHIP	COMPLETE_MEMBERSHIP	0	NOT_COMPUTED_DEFINITION_CONFLICT
R-HSA-9702624	sorafenib-resistant FLT3 mutants	1	1	1	1	1	1	COMPLETE_MEMBERSHIP	COMPLETE_MEMBERSHIP	0	NOT_COMPUTED_DEFINITION_CONFLICT
R-HSA-9702632	sunitinib-resistant FLT3 mutants	1	1	1	1	1	1	COMPLETE_MEMBERSHIP	COMPLETE_MEMBERSHIP	0	NOT_COMPUTED_DEFINITION_CONFLICT
R-HSA-9702636	tandutinib-resistant FLT3 mutants	1	1	1	1	1	1	COMPLETE_MEMBERSHIP	COMPLETE_MEMBERSHIP	0	NOT_COMPUTED_DEFINITION_CONFLICT
R-HSA-9702998	linifanib-resistant FLT3 mutants	1	1	1	1	1	1	COMPLETE_MEMBERSHIP	COMPLETE_MEMBERSHIP	0	NOT_COMPUTED_DEFINITION_CONFLICT
R-HSA-9703009	tamatinib-resistant FLT3 mutants	1	1	1	1	1	1	COMPLETE_MEMBERSHIP	COMPLETE_MEMBERSHIP	0	NOT_COMPUTED_DEFINITION_CONFLICT
R-HSA-9703465	Signaling by FLT3 fusion proteins	19	19	19	19	19	19	COMPLETE_MEMBERSHIP	COMPLETE_MEMBERSHIP	0	NOT_COMPUTED_DEFINITION_CONFLICT
R-HSA-9703648	Signaling by FLT3 ITD and TKD mutants	16	16	16	16	16	16	COMPLETE_MEMBERSHIP	COMPLETE_MEMBERSHIP	0	NOT_COMPUTED_DEFINITION_CONFLICT
R-HSA-9704331	Defective HDR through Homologous Recombination Repair (HRR) due to PALB2 loss of BRCA1 binding function	25	23	23	23	23	14	OBSERVED_PROJECTION	OBSERVED_PROJECTION	9	NOT_COMPUTED_DEFINITION_CONFLICT
R-HSA-9704646	Defective HDR through Homologous Recombination Repair (HRR) due to PALB2 loss of BRCA2/RAD51/RAD51C binding function	25	23	23	23	23	14	OBSERVED_PROJECTION	OBSERVED_PROJECTION	9	NOT_COMPUTED_DEFINITION_CONFLICT
R-HSA-9705462	Inactivation of CSF3 (G-CSF) signaling	25	23	23	23	23	22	OBSERVED_PROJECTION	OBSERVED_PROJECTION	1	NOT_COMPUTED_DEFINITION_CONFLICT
R-HSA-9705671	SARS-CoV-2 activates/modulates innate and adaptive immune responses	138	115	115	115	115	99	OBSERVED_PROJECTION	OBSERVED_PROJECTION	16	NOT_COMPUTED_DEFINITION_CONFLICT
R-HSA-9705677	SARS-CoV-2 targets PDZ proteins in cell-cell junction	6	3	3	3	3	3	OBSERVED_PROJECTION	OBSERVED_PROJECTION	0	NOT_COMPUTED_DEFINITION_CONFLICT
R-HSA-9705683	SARS-CoV-2-host interactions	218	190	190	190	189	136	OBSERVED_PROJECTION	OBSERVED_PROJECTION	53	NOT_COMPUTED_DEFINITION_CONFLICT
R-HSA-9706019	RHOBTB3 ATPase cycle	10	10	10	10	10	10	COMPLETE_MEMBERSHIP	COMPLETE_MEMBERSHIP	0	NOT_COMPUTED_DEFINITION_CONFLICT
R-HSA-9706369	Negative regulation of FLT3	15	15	15	15	15	14	OBSERVED_PROJECTION	COMPLETE_MEMBERSHIP	1	NOT_COMPUTED_DEFINITION_CONFLICT
R-HSA-9706374	FLT3 signaling through SRC family kinases	6	6	6	6	6	6	COMPLETE_MEMBERSHIP	COMPLETE_MEMBERSHIP	0	NOT_COMPUTED_DEFINITION_CONFLICT
R-HSA-9706377	FLT3 signaling by CBL mutants	7	7	7	7	7	6	OBSERVED_PROJECTION	COMPLETE_MEMBERSHIP	1	NOT_COMPUTED_DEFINITION_CONFLICT
R-HSA-9706574	RHOBTB GTPase Cycle	35	35	35	35	35	27	OBSERVED_PROJECTION	COMPLETE_MEMBERSHIP	8	NOT_COMPUTED_DEFINITION_CONFLICT
R-HSA-9707564	Cytoprotection by HMOX1	59	55	55	54	54	53	OBSERVED_PROJECTION	OBSERVED_PROJECTION	1	NOT_COMPUTED_DEFINITION_CONFLICT
R-HSA-9707587	Regulation of HMOX1 expression and activity	5	5	5	5	5	5	COMPLETE_MEMBERSHIP	COMPLETE_MEMBERSHIP	0	NOT_COMPUTED_DEFINITION_CONFLICT
R-HSA-9707616	Heme signaling	47	46	46	45	45	44	OBSERVED_PROJECTION	OBSERVED_PROJECTION	1	NOT_COMPUTED_DEFINITION_CONFLICT
R-HSA-9708296	tRNA-derived small RNA (tsRNA or tRNA-related fragment, tRF) biogenesis	28	3	3	2	2	2	OBSERVED_PROJECTION	OBSERVED_PROJECTION	0	NOT_COMPUTED_DEFINITION_CONFLICT
R-HSA-9708530	Regulation of BACH1 activity	16	11	11	11	11	8	OBSERVED_PROJECTION	OBSERVED_PROJECTION	3	NOT_COMPUTED_DEFINITION_CONFLICT
R-HSA-9709275	Impaired BRCA2 translocation to the nucleus	2	1	1	1	1	0	NO_SUPPORT	OBSERVED_PROJECTION	1	NOT_COMPUTED_DEFINITION_CONFLICT
R-HSA-9709570	Impaired BRCA2 binding to RAD51	35	33	33	33	31	17	OBSERVED_PROJECTION	OBSERVED_PROJECTION	14	NOT_COMPUTED_DEFINITION_CONFLICT
R-HSA-9709603	Impaired BRCA2 binding to PALB2	24	23	23	23	23	14	OBSERVED_PROJECTION	OBSERVED_PROJECTION	9	NOT_COMPUTED_DEFINITION_CONFLICT
R-HSA-9709957	Sensory Perception	641	591	588	585	584	581	OBSERVED_PROJECTION	OBSERVED_PROJECTION	3	NOT_COMPUTED_DEFINITION_CONFLICT
R-HSA-9710421	Defective pyroptosis	41	12	12	12	12	8	OBSERVED_PROJECTION	OBSERVED_PROJECTION	4	NOT_COMPUTED_DEFINITION_CONFLICT
R-HSA-9711097	Cellular response to starvation	161	152	152	152	149	74	OBSERVED_PROJECTION	OBSERVED_PROJECTION	75	NOT_COMPUTED_DEFINITION_CONFLICT
R-HSA-9711123	Cellular response to chemical stress	204	191	191	189	187	153	OBSERVED_PROJECTION	OBSERVED_PROJECTION	34	NOT_COMPUTED_DEFINITION_CONFLICT
R-HSA-9715370	Miro GTPase Cycle	8	8	8	8	8	8	COMPLETE_MEMBERSHIP	COMPLETE_MEMBERSHIP	0	NOT_COMPUTED_DEFINITION_CONFLICT
R-HSA-9716542	Signaling by Rho GTPases, Miro GTPases and RHOBTB3	689	640	640	640	632	580	OBSERVED_PROJECTION	OBSERVED_PROJECTION	52	NOT_COMPUTED_DEFINITION_CONFLICT
R-HSA-9717189	Sensory perception of taste	47	47	47	47	47	47	COMPLETE_MEMBERSHIP	COMPLETE_MEMBERSHIP	0	NOT_COMPUTED_DEFINITION_CONFLICT
R-HSA-9717207	Sensory perception of sweet, bitter, and umami (glutamate) taste	41	41	41	41	41	41	COMPLETE_MEMBERSHIP	COMPLETE_MEMBERSHIP	0	NOT_COMPUTED_DEFINITION_CONFLICT
R-HSA-9717264	ASP-3026-resistant ALK mutants	1	1	1	1	1	1	COMPLETE_MEMBERSHIP	COMPLETE_MEMBERSHIP	0	NOT_COMPUTED_DEFINITION_CONFLICT
R-HSA-9717301	NVP-TAE684-resistant ALK mutants	1	1	1	1	1	1	COMPLETE_MEMBERSHIP	COMPLETE_MEMBERSHIP	0	NOT_COMPUTED_DEFINITION_CONFLICT
R-HSA-9717316	alectinib-resistant ALK mutants	1	1	1	1	1	1	COMPLETE_MEMBERSHIP	COMPLETE_MEMBERSHIP	0	NOT_COMPUTED_DEFINITION_CONFLICT
R-HSA-9717319	brigatinib-resistant ALK mutants	1	1	1	1	1	1	COMPLETE_MEMBERSHIP	COMPLETE_MEMBERSHIP	0	NOT_COMPUTED_DEFINITION_CONFLICT
R-HSA-9717323	ceritinib-resistant ALK mutants	1	1	1	1	1	1	COMPLETE_MEMBERSHIP	COMPLETE_MEMBERSHIP	0	NOT_COMPUTED_DEFINITION_CONFLICT
R-HSA-9717326	crizotinib-resistant ALK mutants	1	1	1	1	1	1	COMPLETE_MEMBERSHIP	COMPLETE_MEMBERSHIP	0	NOT_COMPUTED_DEFINITION_CONFLICT
R-HSA-9717329	lorlatinib-resistant ALK mutants	1	1	1	1	1	1	COMPLETE_MEMBERSHIP	COMPLETE_MEMBERSHIP	0	NOT_COMPUTED_DEFINITION_CONFLICT
R-HSA-9723905	Loss of function of TP53 in cancer due to loss of tetramerization ability	1	1	1	1	1	1	COMPLETE_MEMBERSHIP	COMPLETE_MEMBERSHIP	0	NOT_COMPUTED_DEFINITION_CONFLICT
R-HSA-9723907	Loss of Function of TP53 in Cancer	1	1	1	1	1	1	COMPLETE_MEMBERSHIP	COMPLETE_MEMBERSHIP	0	NOT_COMPUTED_DEFINITION_CONFLICT
R-HSA-9725370	Signaling by ALK fusions and activated point mutants	93	90	90	90	90	85	OBSERVED_PROJECTION	OBSERVED_PROJECTION	5	NOT_COMPUTED_DEFINITION_CONFLICT
R-HSA-9725371	Nuclear events stimulated by ALK signaling in cancer	35	34	34	34	34	31	OBSERVED_PROJECTION	OBSERVED_PROJECTION	3	NOT_COMPUTED_DEFINITION_CONFLICT
R-HSA-9725554	Differentiation of Keratinocytes in Interfollicular Epidermis in Mammalian Skin	1	1	1	1	1	1	COMPLETE_MEMBERSHIP	COMPLETE_MEMBERSHIP	0	NOT_COMPUTED_DEFINITION_CONFLICT
R-HSA-9726840	SHOC2 M1731 mutant abolishes MRAS complex function	8	8	8	8	8	8	COMPLETE_MEMBERSHIP	COMPLETE_MEMBERSHIP	0	NOT_COMPUTED_DEFINITION_CONFLICT
R-HSA-9726842	Gain-of-function MRAS complexes activate RAF signaling	8	8	8	8	8	8	COMPLETE_MEMBERSHIP	COMPLETE_MEMBERSHIP	0	NOT_COMPUTED_DEFINITION_CONFLICT
R-HSA-9727281	Translation of Accessory Proteins	5	0	0	0	0	0	NO_SUPPORT	NO_SUPPORT	0	NOT_COMPUTED_DEFINITION_CONFLICT
R-HSA-9729555	Sensory perception of sour taste	2	2	2	2	2	2	COMPLETE_MEMBERSHIP	COMPLETE_MEMBERSHIP	0	NOT_COMPUTED_DEFINITION_CONFLICT
R-HSA-9730414	MITF-M-regulated melanocyte development	160	151	151	151	149	142	OBSERVED_PROJECTION	OBSERVED_PROJECTION	7	NOT_COMPUTED_DEFINITION_CONFLICT
R-HSA-9730628	Sensory perception of salty taste	6	6	6	6	6	6	COMPLETE_MEMBERSHIP	COMPLETE_MEMBERSHIP	0	NOT_COMPUTED_DEFINITION_CONFLICT
R-HSA-9732724	IFNG signaling activates MAPKs	8	8	8	8	8	8	COMPLETE_MEMBERSHIP	COMPLETE_MEMBERSHIP	0	NOT_COMPUTED_DEFINITION_CONFLICT
R-HSA-9733458	Induction of Cell-Cell Fusion	20	13	13	13	13	13	OBSERVED_PROJECTION	OBSERVED_PROJECTION	0	NOT_COMPUTED_DEFINITION_CONFLICT
R-HSA-9733709	Cardiogenesis	27	26	26	26	26	25	OBSERVED_PROJECTION	OBSERVED_PROJECTION	1	NOT_COMPUTED_DEFINITION_CONFLICT
R-HSA-9734009	Defective Intrinsic Pathway for Apoptosis	25	25	25	25	25	25	COMPLETE_MEMBERSHIP	COMPLETE_MEMBERSHIP	0	NOT_COMPUTED_DEFINITION_CONFLICT
R-HSA-9734091	Drug-mediated inhibition of MET activation	2	2	2	2	2	2	COMPLETE_MEMBERSHIP	COMPLETE_MEMBERSHIP	0	NOT_COMPUTED_DEFINITION_CONFLICT
R-HSA-9734195	Defective APRT disrupts adenine salvage	1	1	1	1	1	1	COMPLETE_MEMBERSHIP	COMPLETE_MEMBERSHIP	0	NOT_COMPUTED_DEFINITION_CONFLICT
R-HSA-9734207	Nucleotide salvage defects	3	3	3	3	3	3	COMPLETE_MEMBERSHIP	COMPLETE_MEMBERSHIP	0	NOT_COMPUTED_DEFINITION_CONFLICT
R-HSA-9734281	Defective HPRT1 disrupts guanine and hypoxanthine salvage	1	1	1	1	1	1	COMPLETE_MEMBERSHIP	COMPLETE_MEMBERSHIP	0	NOT_COMPUTED_DEFINITION_CONFLICT
R-HSA-9734735	Defective ADA disrupts (deoxy)adenosine deamination	1	1	1	1	1	1	COMPLETE_MEMBERSHIP	COMPLETE_MEMBERSHIP	0	NOT_COMPUTED_DEFINITION_CONFLICT
R-HSA-9734767	Developmental Cell Lineages	34	34	33	33	33	33	OBSERVED_PROJECTION	OBSERVED_PROJECTION	0	NOT_COMPUTED_DEFINITION_CONFLICT
R-HSA-9734779	Developmental Cell Lineages of the Integumentary System	5	5	5	5	5	5	COMPLETE_MEMBERSHIP	COMPLETE_MEMBERSHIP	0	NOT_COMPUTED_DEFINITION_CONFLICT
R-HSA-9735763	Defective PNP disrupts phosphorolysis of (deoxy)guanosine and (deoxy)inosine	1	1	1	1	1	1	COMPLETE_MEMBERSHIP	COMPLETE_MEMBERSHIP	0	NOT_COMPUTED_DEFINITION_CONFLICT
R-HSA-9735786	Nucleotide catabolism defects	1	1	1	1	1	1	COMPLETE_MEMBERSHIP	COMPLETE_MEMBERSHIP	0	NOT_COMPUTED_DEFINITION_CONFLICT
R-HSA-9735804	Diseases of nucleotide metabolism	4	4	4	4	4	4	COMPLETE_MEMBERSHIP	COMPLETE_MEMBERSHIP	0	NOT_COMPUTED_DEFINITION_CONFLICT
R-HSA-9735869	SARS-CoV-1 modulates host translation machinery	41	37	37	37	37	8	OBSERVED_PROJECTION	OBSERVED_PROJECTION	29	NOT_COMPUTED_DEFINITION_CONFLICT
R-HSA-9735871	SARS-CoV-1 targets host intracellular signalling and regulatory pathways	19	16	16	16	16	14	OBSERVED_PROJECTION	OBSERVED_PROJECTION	2	NOT_COMPUTED_DEFINITION_CONFLICT
R-HSA-9748784	Drug ADME	110	105	103	102	99	99	OBSERVED_PROJECTION	OBSERVED_PROJECTION	0	NOT_COMPUTED_DEFINITION_CONFLICT
R-HSA-9748787	Azathioprine ADME	23	23	22	22	22	22	OBSERVED_PROJECTION	OBSERVED_PROJECTION	0	NOT_COMPUTED_DEFINITION_CONFLICT
R-HSA-9749641	Aspirin ADME	44	41	40	39	38	38	OBSERVED_PROJECTION	OBSERVED_PROJECTION	0	NOT_COMPUTED_DEFINITION_CONFLICT
R-HSA-975110	TRAF6 mediated IRF7 activation in TLR7/8 or 9 signaling	13	13	13	13	13	12	OBSERVED_PROJECTION	COMPLETE_MEMBERSHIP	1	NOT_COMPUTED_DEFINITION_CONFLICT
R-HSA-975138	TRAF6 mediated induction of NFkB and MAP kinases upon TLR7/8 or 9 activation	102	101	101	101	101	98	OBSERVED_PROJECTION	OBSERVED_PROJECTION	3	NOT_COMPUTED_DEFINITION_CONFLICT
R-HSA-975144	IRAK1 recruits IKK complex upon TLR7/8 or 9 stimulation	14	14	14	14	14	13	OBSERVED_PROJECTION	COMPLETE_MEMBERSHIP	1	NOT_COMPUTED_DEFINITION_CONFLICT
R-HSA-975155	MyD88 dependent cascade initiated on endosome	103	102	102	102	102	99	OBSERVED_PROJECTION	OBSERVED_PROJECTION	3	NOT_COMPUTED_DEFINITION_CONFLICT
R-HSA-975163	IRAK2 mediated activation of TAK1 complex upon TLR7/8 or 9 stimulation	15	15	15	15	15	14	OBSERVED_PROJECTION	COMPLETE_MEMBERSHIP	1	NOT_COMPUTED_DEFINITION_CONFLICT
R-HSA-9752946	Expression and translocation of olfactory receptors	415	369	367	365	365	365	OBSERVED_PROJECTION	OBSERVED_PROJECTION	0	NOT_COMPUTED_DEFINITION_CONFLICT
R-HSA-9753281	Paracetamol ADME	30	29	29	29	28	28	OBSERVED_PROJECTION	OBSERVED_PROJECTION	0	NOT_COMPUTED_DEFINITION_CONFLICT
R-HSA-9753510	Signaling by RAS GAP mutants	3	3	3	3	3	3	COMPLETE_MEMBERSHIP	COMPLETE_MEMBERSHIP	0	NOT_COMPUTED_DEFINITION_CONFLICT
R-HSA-9753512	Signaling by RAS GTPase mutants	3	3	3	3	3	3	COMPLETE_MEMBERSHIP	COMPLETE_MEMBERSHIP	0	NOT_COMPUTED_DEFINITION_CONFLICT
R-HSA-9754119	Drug-mediated inhibition of CDK4/CDK6 activity	5	5	5	5	5	5	COMPLETE_MEMBERSHIP	COMPLETE_MEMBERSHIP	0	NOT_COMPUTED_DEFINITION_CONFLICT
R-HSA-9754189	Germ layer formation at gastrulation	17	16	16	16	16	16	OBSERVED_PROJECTION	OBSERVED_PROJECTION	0	NOT_COMPUTED_DEFINITION_CONFLICT
R-HSA-9754560	SARS-CoV-2 modulates autophagy	14	11	11	11	11	11	OBSERVED_PROJECTION	OBSERVED_PROJECTION	0	NOT_COMPUTED_DEFINITION_CONFLICT
R-HSA-9754678	SARS-CoV-2 modulates host translation machinery	55	50	50	50	49	11	OBSERVED_PROJECTION	OBSERVED_PROJECTION	38	NOT_COMPUTED_DEFINITION_CONFLICT
R-HSA-9754706	Atorvastatin ADME	9	9	9	9	7	7	OBSERVED_PROJECTION	OBSERVED_PROJECTION	0	NOT_COMPUTED_DEFINITION_CONFLICT
R-HSA-9755088	Ribavirin ADME	11	11	10	10	10	10	OBSERVED_PROJECTION	OBSERVED_PROJECTION	0	NOT_COMPUTED_DEFINITION_CONFLICT
R-HSA-9755511	KEAP1-NFE2L2 pathway	120	112	112	112	110	77	OBSERVED_PROJECTION	OBSERVED_PROJECTION	33	NOT_COMPUTED_DEFINITION_CONFLICT
R-HSA-975574	Reactions specific to the hybrid N-glycan synthesis pathway	1	1	1	1	1	1	COMPLETE_MEMBERSHIP	COMPLETE_MEMBERSHIP	0	NOT_COMPUTED_DEFINITION_CONFLICT
R-HSA-975576	N-glycan antennae elongation in the medial/trans-Golgi	26	26	26	26	26	26	COMPLETE_MEMBERSHIP	COMPLETE_MEMBERSHIP	0	NOT_COMPUTED_DEFINITION_CONFLICT
R-HSA-975577	N-Glycan antennae elongation	15	15	15	15	15	15	COMPLETE_MEMBERSHIP	COMPLETE_MEMBERSHIP	0	NOT_COMPUTED_DEFINITION_CONFLICT
R-HSA-9755779	SARS-CoV-2 targets host intracellular signalling and regulatory pathways	15	12	12	12	12	12	OBSERVED_PROJECTION	OBSERVED_PROJECTION	0	NOT_COMPUTED_DEFINITION_CONFLICT
R-HSA-975578	Reactions specific to the complex N-glycan synthesis pathway	10	10	10	10	10	10	COMPLETE_MEMBERSHIP	COMPLETE_MEMBERSHIP	0	NOT_COMPUTED_DEFINITION_CONFLICT
R-HSA-975634	Retinoid metabolism and transport	44	43	43	43	42	42	OBSERVED_PROJECTION	OBSERVED_PROJECTION	0	NOT_COMPUTED_DEFINITION_CONFLICT
R-HSA-9757110	Prednisone ADME	10	10	10	10	10	10	COMPLETE_MEMBERSHIP	COMPLETE_MEMBERSHIP	0	NOT_COMPUTED_DEFINITION_CONFLICT
R-HSA-9758274	Regulation of NF-kappa B signaling	18	18	18	18	18	17	OBSERVED_PROJECTION	COMPLETE_MEMBERSHIP	1	NOT_COMPUTED_DEFINITION_CONFLICT
R-HSA-975871	MyD88 cascade initiated on plasma membrane	98	96	96	96	96	93	OBSERVED_PROJECTION	OBSERVED_PROJECTION	3	NOT_COMPUTED_DEFINITION_CONFLICT
R-HSA-9758881	Uptake of dietary cobalamins into enterocytes	10	9	9	9	9	8	OBSERVED_PROJECTION	OBSERVED_PROJECTION	1	NOT_COMPUTED_DEFINITION_CONFLICT
R-HSA-9758890	Transport of RCbl within the body	8	8	8	8	8	8	COMPLETE_MEMBERSHIP	COMPLETE_MEMBERSHIP	0	NOT_COMPUTED_DEFINITION_CONFLICT
R-HSA-9758919	Epithelial-Mesenchymal Transition (EMT) during gastrulation	7	6	6	6	6	6	OBSERVED_PROJECTION	OBSERVED_PROJECTION	0	NOT_COMPUTED_DEFINITION_CONFLICT
R-HSA-9758920	Formation of lateral plate mesoderm	5	5	5	5	5	5	COMPLETE_MEMBERSHIP	COMPLETE_MEMBERSHIP	0	NOT_COMPUTED_DEFINITION_CONFLICT
R-HSA-9758941	Gastrulation	120	115	115	115	113	86	OBSERVED_PROJECTION	OBSERVED_PROJECTION	27	NOT_COMPUTED_DEFINITION_CONFLICT
R-HSA-9759194	Nuclear events mediated by NFE2L2	88	87	87	87	85	56	OBSERVED_PROJECTION	OBSERVED_PROJECTION	29	NOT_COMPUTED_DEFINITION_CONFLICT
R-HSA-9759218	Cobalamin (Cbl) metabolism	7	6	6	6	6	6	OBSERVED_PROJECTION	OBSERVED_PROJECTION	0	NOT_COMPUTED_DEFINITION_CONFLICT
R-HSA-9759475	Regulation of CDH11 Expression and Function	30	28	28	28	28	27	OBSERVED_PROJECTION	OBSERVED_PROJECTION	1	NOT_COMPUTED_DEFINITION_CONFLICT
R-HSA-9759476	Regulation of Homotypic Cell-Cell Adhesion	194	155	155	155	153	120	OBSERVED_PROJECTION	OBSERVED_PROJECTION	33	NOT_COMPUTED_DEFINITION_CONFLICT
R-HSA-975956	Nonsense Mediated Decay (NMD) independent of the Exon Junction Complex (EJC)	100	96	96	96	93	23	OBSERVED_PROJECTION	OBSERVED_PROJECTION	70	NOT_COMPUTED_DEFINITION_CONFLICT
R-HSA-975957	Nonsense Mediated Decay (NMD) enhanced by the Exon Junction Complex (EJC)	120	116	116	116	112	40	OBSERVED_PROJECTION	OBSERVED_PROJECTION	72	NOT_COMPUTED_DEFINITION_CONFLICT
R-HSA-9759774	Diseases of mitochondrial beta oxidation	2	1	1	1	1	1	OBSERVED_PROJECTION	OBSERVED_PROJECTION	0	NOT_COMPUTED_DEFINITION_CONFLICT
R-HSA-9759785	Diseases of propionyl-CoA catabolism	2	1	1	1	1	1	OBSERVED_PROJECTION	OBSERVED_PROJECTION	0	NOT_COMPUTED_DEFINITION_CONFLICT
R-HSA-9759811	Regulation of CDH11 mRNA translation by microRNAs	11	9	9	9	9	9	OBSERVED_PROJECTION	OBSERVED_PROJECTION	0	NOT_COMPUTED_DEFINITION_CONFLICT
R-HSA-9760173	Secretion of toxins	34	0	0	0	0	0	NO_SUPPORT	NO_SUPPORT	0	NOT_COMPUTED_DEFINITION_CONFLICT
R-HSA-9761174	Formation of intermediate mesoderm	8	8	8	8	8	7	OBSERVED_PROJECTION	COMPLETE_MEMBERSHIP	1	NOT_COMPUTED_DEFINITION_CONFLICT
R-HSA-9762114	GSK3B and BTRC:CUL1-mediated-degradation of NFE2L2	42	41	41	41	39	10	OBSERVED_PROJECTION	OBSERVED_PROJECTION	29	NOT_COMPUTED_DEFINITION_CONFLICT
R-HSA-9762292	Regulation of CDH11 function	11	11	11	11	11	11	COMPLETE_MEMBERSHIP	COMPLETE_MEMBERSHIP	0	NOT_COMPUTED_DEFINITION_CONFLICT
R-HSA-9762293	Regulation of CDH11 gene transcription	10	10	10	10	10	9	OBSERVED_PROJECTION	COMPLETE_MEMBERSHIP	1	NOT_COMPUTED_DEFINITION_CONFLICT
R-HSA-9763198	Impaired BRCA2 binding to SEM1 (DSS1)	2	1	1	1	1	0	NO_SUPPORT	OBSERVED_PROJECTION	1	NOT_COMPUTED_DEFINITION_CONFLICT
R-HSA-9764260	Regulation of Expression and Function of Type II Classical Cadherins	33	31	31	31	31	30	OBSERVED_PROJECTION	OBSERVED_PROJECTION	1	NOT_COMPUTED_DEFINITION_CONFLICT
R-HSA-9764265	Regulation of CDH1 Expression and Function	176	139	139	139	137	105	OBSERVED_PROJECTION	OBSERVED_PROJECTION	32	NOT_COMPUTED_DEFINITION_CONFLICT
R-HSA-9764274	Regulation of Expression and Function of Type I Classical Cadherins	176	139	139	139	137	105	OBSERVED_PROJECTION	OBSERVED_PROJECTION	32	NOT_COMPUTED_DEFINITION_CONFLICT
R-HSA-9764302	Regulation of CDH19 Expression and Function	7	7	7	7	7	7	COMPLETE_MEMBERSHIP	COMPLETE_MEMBERSHIP	0	NOT_COMPUTED_DEFINITION_CONFLICT
R-HSA-9764560	Regulation of CDH1 Gene Transcription	73	43	43	43	43	43	OBSERVED_PROJECTION	OBSERVED_PROJECTION	0	NOT_COMPUTED_DEFINITION_CONFLICT
R-HSA-9764561	Regulation of CDH1 Function	61	58	58	58	56	28	OBSERVED_PROJECTION	OBSERVED_PROJECTION	28	NOT_COMPUTED_DEFINITION_CONFLICT
R-HSA-9764562	Regulation of CDH1 mRNA translation by microRNAs	15	11	11	11	11	11	OBSERVED_PROJECTION	OBSERVED_PROJECTION	0	NOT_COMPUTED_DEFINITION_CONFLICT
R-HSA-9764725	Negative Regulation of CDH1 Gene Transcription	63	33	33	33	33	33	OBSERVED_PROJECTION	OBSERVED_PROJECTION	0	NOT_COMPUTED_DEFINITION_CONFLICT
R-HSA-9764790	Positive Regulation of CDH1 Gene Transcription	12	12	12	12	12	12	COMPLETE_MEMBERSHIP	COMPLETE_MEMBERSHIP	0	NOT_COMPUTED_DEFINITION_CONFLICT
R-HSA-9766229	Degradation of CDH1	54	51	51	51	49	22	OBSERVED_PROJECTION	OBSERVED_PROJECTION	27	NOT_COMPUTED_DEFINITION_CONFLICT
R-HSA-9768727	Regulation of CDH1 posttranslational processing and trafficking to plasma membrane	32	32	32	32	32	28	OBSERVED_PROJECTION	COMPLETE_MEMBERSHIP	4	NOT_COMPUTED_DEFINITION_CONFLICT
R-HSA-9768759	Regulation of NPAS4 gene expression	14	13	13	13	13	13	OBSERVED_PROJECTION	OBSERVED_PROJECTION	0	NOT_COMPUTED_DEFINITION_CONFLICT
R-HSA-9768777	Regulation of NPAS4 gene transcription	5	5	5	5	5	5	COMPLETE_MEMBERSHIP	COMPLETE_MEMBERSHIP	0	NOT_COMPUTED_DEFINITION_CONFLICT
R-HSA-9768778	Regulation of NPAS4 mRNA translation	10	9	9	9	9	9	OBSERVED_PROJECTION	OBSERVED_PROJECTION	0	NOT_COMPUTED_DEFINITION_CONFLICT
R-HSA-9768919	NPAS4 regulates expression of target genes	22	21	21	21	21	20	OBSERVED_PROJECTION	OBSERVED_PROJECTION	1	NOT_COMPUTED_DEFINITION_CONFLICT
R-HSA-9769726	Defects of Coagulation cascade	21	21	21	21	21	21	COMPLETE_MEMBERSHIP	COMPLETE_MEMBERSHIP	0	NOT_COMPUTED_DEFINITION_CONFLICT
R-HSA-9769733	Fibrin formation	13	13	13	13	13	13	COMPLETE_MEMBERSHIP	COMPLETE_MEMBERSHIP	0	NOT_COMPUTED_DEFINITION_CONFLICT
R-HSA-9769735	Initiation of coagulation cascade	23	23	23	23	23	23	COMPLETE_MEMBERSHIP	COMPLETE_MEMBERSHIP	0	NOT_COMPUTED_DEFINITION_CONFLICT
R-HSA-9769739	Regulation of clotting cascade	51	51	51	51	51	51	COMPLETE_MEMBERSHIP	COMPLETE_MEMBERSHIP	0	NOT_COMPUTED_DEFINITION_CONFLICT
R-HSA-9769740	Coagulation pathway	58	58	58	58	58	58	COMPLETE_MEMBERSHIP	COMPLETE_MEMBERSHIP	0	NOT_COMPUTED_DEFINITION_CONFLICT
R-HSA-9769743	Amplification and propagation of coagulation cascade	18	18	18	18	18	18	COMPLETE_MEMBERSHIP	COMPLETE_MEMBERSHIP	0	NOT_COMPUTED_DEFINITION_CONFLICT
R-HSA-9770562	mRNA Polyadenylation	127	125	125	124	123	69	OBSERVED_PROJECTION	OBSERVED_PROJECTION	54	NOT_COMPUTED_DEFINITION_CONFLICT
R-HSA-977068	Termination of O-glycan biosynthesis	26	25	25	25	25	25	OBSERVED_PROJECTION	OBSERVED_PROJECTION	0	NOT_COMPUTED_DEFINITION_CONFLICT
R-HSA-977225	Amyloid fiber formation	80	52	52	52	51	50	OBSERVED_PROJECTION	OBSERVED_PROJECTION	1	NOT_COMPUTED_DEFINITION_CONFLICT
R-HSA-9772572	Early SARS-CoV-2 Infection Events	46	37	37	37	37	34	OBSERVED_PROJECTION	OBSERVED_PROJECTION	3	NOT_COMPUTED_DEFINITION_CONFLICT
R-HSA-9772573	Late SARS-CoV-2 Infection Events	84	74	74	74	74	69	OBSERVED_PROJECTION	OBSERVED_PROJECTION	5	NOT_COMPUTED_DEFINITION_CONFLICT
R-HSA-9772755	Formation of WDR5-containing histone-modifying complexes	42	40	40	40	40	36	OBSERVED_PROJECTION	OBSERVED_PROJECTION	4	NOT_COMPUTED_DEFINITION_CONFLICT
R-HSA-977347	Serine metabolism	11	11	11	11	11	11	COMPLETE_MEMBERSHIP	COMPLETE_MEMBERSHIP	0	NOT_COMPUTED_DEFINITION_CONFLICT
R-HSA-977443	GABA receptor activation	60	60	60	59	59	58	OBSERVED_PROJECTION	OBSERVED_PROJECTION	1	NOT_COMPUTED_DEFINITION_CONFLICT
R-HSA-977444	GABA B receptor activation	43	43	43	42	42	42	OBSERVED_PROJECTION	OBSERVED_PROJECTION	0	NOT_COMPUTED_DEFINITION_CONFLICT
R-HSA-977606	Regulation of Complement cascade	128	46	45	45	43	43	OBSERVED_PROJECTION	OBSERVED_PROJECTION	0	NOT_COMPUTED_DEFINITION_CONFLICT
R-HSA-9793242	SUMOylation of nuclear envelope proteins	3	3	3	3	3	2	OBSERVED_PROJECTION	COMPLETE_MEMBERSHIP	1	NOT_COMPUTED_DEFINITION_CONFLICT
R-HSA-9793380	Formation of paraxial mesoderm	59	57	57	57	55	29	OBSERVED_PROJECTION	OBSERVED_PROJECTION	26	NOT_COMPUTED_DEFINITION_CONFLICT
R-HSA-9793528	Ciprofloxacin ADME	5	5	5	5	5	5	COMPLETE_MEMBERSHIP	COMPLETE_MEMBERSHIP	0	NOT_COMPUTED_DEFINITION_CONFLICT
R-HSA-9796292	Formation of axial mesoderm	14	13	13	13	13	13	OBSERVED_PROJECTION	OBSERVED_PROJECTION	0	NOT_COMPUTED_DEFINITION_CONFLICT
R-HSA-9816359	Maternal to zygotic transition (MZT)	109	70	70	70	70	62	OBSERVED_PROJECTION	OBSERVED_PROJECTION	8	NOT_COMPUTED_DEFINITION_CONFLICT
R-HSA-9818025	NFE2L2 regulating TCA cycle genes	3	3	3	3	3	3	COMPLETE_MEMBERSHIP	COMPLETE_MEMBERSHIP	0	NOT_COMPUTED_DEFINITION_CONFLICT
R-HSA-9818026	NFE2L2 regulating inflammation associated genes	6	6	6	6	6	6	COMPLETE_MEMBERSHIP	COMPLETE_MEMBERSHIP	0	NOT_COMPUTED_DEFINITION_CONFLICT
R-HSA-9818027	NFE2L2 regulating anti-oxidant/detoxification enzymes	20	20	20	20	20	20	COMPLETE_MEMBERSHIP	COMPLETE_MEMBERSHIP	0	NOT_COMPUTED_DEFINITION_CONFLICT
R-HSA-9818028	NFE2L2 regulates pentose phosphate pathway genes	8	8	8	8	8	8	COMPLETE_MEMBERSHIP	COMPLETE_MEMBERSHIP	0	NOT_COMPUTED_DEFINITION_CONFLICT
R-HSA-9818030	NFE2L2 regulating tumorigenic genes	11	11	11	11	11	11	COMPLETE_MEMBERSHIP	COMPLETE_MEMBERSHIP	0	NOT_COMPUTED_DEFINITION_CONFLICT
R-HSA-9818032	NFE2L2 regulating MDR associated enzymes	8	8	8	8	8	8	COMPLETE_MEMBERSHIP	COMPLETE_MEMBERSHIP	0	NOT_COMPUTED_DEFINITION_CONFLICT
R-HSA-9818035	NFE2L2 regulating ER-stress associated genes	5	5	5	5	5	5	COMPLETE_MEMBERSHIP	COMPLETE_MEMBERSHIP	0	NOT_COMPUTED_DEFINITION_CONFLICT
R-HSA-9818564	Epigenetic regulation of gene expression by MLL3 and MLL4 complexes	103	75	75	75	75	66	OBSERVED_PROJECTION	OBSERVED_PROJECTION	9	NOT_COMPUTED_DEFINITION_CONFLICT
R-HSA-9818749	Regulation of NFE2L2 gene expression	8	8	8	8	8	8	COMPLETE_MEMBERSHIP	COMPLETE_MEMBERSHIP	0	NOT_COMPUTED_DEFINITION_CONFLICT
R-HSA-9819196	Zygotic genome activation (ZGA)	18	11	11	11	11	11	OBSERVED_PROJECTION	OBSERVED_PROJECTION	0	NOT_COMPUTED_DEFINITION_CONFLICT
R-HSA-9820448	Developmental Cell Lineages of the Exocrine Pancreas	29	29	28	28	28	28	OBSERVED_PROJECTION	OBSERVED_PROJECTION	0	NOT_COMPUTED_DEFINITION_CONFLICT
R-HSA-9820841	M-decay: degradation of maternal mRNAs by maternally stored factors	46	44	44	44	44	36	OBSERVED_PROJECTION	OBSERVED_PROJECTION	8	NOT_COMPUTED_DEFINITION_CONFLICT
R-HSA-9820865	Z-decay: degradation of maternal mRNAs by zygotically expressed factors	12	10	10	10	10	5	OBSERVED_PROJECTION	OBSERVED_PROJECTION	5	NOT_COMPUTED_DEFINITION_CONFLICT
R-HSA-9820952	Respiratory Syncytial Virus Infection Pathway	133	112	112	112	112	95	OBSERVED_PROJECTION	OBSERVED_PROJECTION	17	NOT_COMPUTED_DEFINITION_CONFLICT
R-HSA-9820960	Respiratory syncytial virus (RSV) attachment and entry	32	23	23	23	23	23	OBSERVED_PROJECTION	OBSERVED_PROJECTION	0	NOT_COMPUTED_DEFINITION_CONFLICT
R-HSA-9820962	Assembly and release of respiratory syncytial virus (RSV) virions	11	2	2	2	2	2	OBSERVED_PROJECTION	OBSERVED_PROJECTION	0	NOT_COMPUTED_DEFINITION_CONFLICT
R-HSA-9820965	Respiratory syncytial virus (RSV) genome replication, transcription and translation	30	17	17	17	17	14	OBSERVED_PROJECTION	OBSERVED_PROJECTION	3	NOT_COMPUTED_DEFINITION_CONFLICT
R-HSA-9821002	Chromatin modifications during the maternal to zygotic transition (MZT)	39	10	10	10	10	10	OBSERVED_PROJECTION	OBSERVED_PROJECTION	0	NOT_COMPUTED_DEFINITION_CONFLICT
R-HSA-9821993	Replacement of protamines by nucleosomes in the male pronucleus	24	6	6	6	6	6	OBSERVED_PROJECTION	OBSERVED_PROJECTION	0	NOT_COMPUTED_DEFINITION_CONFLICT
R-HSA-9823587	Defects of platelet adhesion to exposed collagen	8	8	8	8	8	8	COMPLETE_MEMBERSHIP	COMPLETE_MEMBERSHIP	0	NOT_COMPUTED_DEFINITION_CONFLICT
R-HSA-9823730	Formation of definitive endoderm	18	14	14	14	14	14	OBSERVED_PROJECTION	OBSERVED_PROJECTION	0	NOT_COMPUTED_DEFINITION_CONFLICT
R-HSA-9823739	Formation of the anterior neural plate	11	11	11	11	11	11	COMPLETE_MEMBERSHIP	COMPLETE_MEMBERSHIP	0	NOT_COMPUTED_DEFINITION_CONFLICT
R-HSA-9824272	Somitogenesis	45	44	44	44	42	16	OBSERVED_PROJECTION	OBSERVED_PROJECTION	26	NOT_COMPUTED_DEFINITION_CONFLICT
R-HSA-9824439	Bacterial Infection Pathways	292	104	104	103	102	99	OBSERVED_PROJECTION	OBSERVED_PROJECTION	3	NOT_COMPUTED_DEFINITION_CONFLICT
R-HSA-9824443	Parasitic Infection Pathways	245	161	161	161	161	159	OBSERVED_PROJECTION	OBSERVED_PROJECTION	2	NOT_COMPUTED_DEFINITION_CONFLICT
R-HSA-9824446	Viral Infection Pathways	1269	968	964	961	950	706	OBSERVED_PROJECTION	OBSERVED_PROJECTION	244	NOT_COMPUTED_DEFINITION_CONFLICT
R-HSA-9824585	Regulation of MITF-M-dependent genes involved in pigmentation	42	42	42	42	42	41	OBSERVED_PROJECTION	COMPLETE_MEMBERSHIP	1	NOT_COMPUTED_DEFINITION_CONFLICT
R-HSA-9824594	Regulation of MITF-M-dependent genes involved in apoptosis	19	18	18	18	18	18	OBSERVED_PROJECTION	OBSERVED_PROJECTION	0	NOT_COMPUTED_DEFINITION_CONFLICT
R-HSA-9824856	Defective regulation of TLR7 by endogenous ligand	1	1	1	1	1	1	COMPLETE_MEMBERSHIP	COMPLETE_MEMBERSHIP	0	NOT_COMPUTED_DEFINITION_CONFLICT
R-HSA-9824878	Regulation of TBK1, IKKε (IKBKE)-mediated activation of IRF3, IRF7	14	14	14	14	14	12	OBSERVED_PROJECTION	COMPLETE_MEMBERSHIP	2	NOT_COMPUTED_DEFINITION_CONFLICT
R-HSA-9825892	Regulation of MITF-M-dependent genes involved in cell cycle and proliferation	18	18	18	18	17	17	OBSERVED_PROJECTION	OBSERVED_PROJECTION	0	NOT_COMPUTED_DEFINITION_CONFLICT
R-HSA-9825895	Regulation of MITF-M-dependent genes involved in DNA replication, damage repair and senescence	6	6	6	6	5	2	OBSERVED_PROJECTION	OBSERVED_PROJECTION	3	NOT_COMPUTED_DEFINITION_CONFLICT
R-HSA-982772	Growth hormone receptor signaling	24	24	24	24	23	23	OBSERVED_PROJECTION	OBSERVED_PROJECTION	0	NOT_COMPUTED_DEFINITION_CONFLICT
R-HSA-9827857	Specification of primordial germ cells	12	12	12	12	12	12	COMPLETE_MEMBERSHIP	COMPLETE_MEMBERSHIP	0	NOT_COMPUTED_DEFINITION_CONFLICT
R-HSA-9828211	Regulation of TBK1, IKKε-mediated activation of IRF3, IRF7 upon TLR3 ligation	11	11	11	11	11	9	OBSERVED_PROJECTION	COMPLETE_MEMBERSHIP	2	NOT_COMPUTED_DEFINITION_CONFLICT
R-HSA-9828642	Respiratory syncytial virus genome transcription	7	1	1	1	1	1	OBSERVED_PROJECTION	OBSERVED_PROJECTION	0	NOT_COMPUTED_DEFINITION_CONFLICT
R-HSA-9828721	Translation of respiratory syncytial virus mRNAs	12	0	0	0	0	0	NO_SUPPORT	NO_SUPPORT	0	NOT_COMPUTED_DEFINITION_CONFLICT
R-HSA-9828806	Maturation of hRSV A proteins	24	14	14	14	14	11	OBSERVED_PROJECTION	OBSERVED_PROJECTION	3	NOT_COMPUTED_DEFINITION_CONFLICT
R-HSA-9830364	Formation of the nephric duct	18	18	18	18	18	17	OBSERVED_PROJECTION	COMPLETE_MEMBERSHIP	1	NOT_COMPUTED_DEFINITION_CONFLICT
R-HSA-9830369	Kidney development	46	46	46	46	46	45	OBSERVED_PROJECTION	COMPLETE_MEMBERSHIP	1	NOT_COMPUTED_DEFINITION_CONFLICT
R-HSA-9830674	Formation of the ureteric bud	21	21	21	21	21	20	OBSERVED_PROJECTION	COMPLETE_MEMBERSHIP	1	NOT_COMPUTED_DEFINITION_CONFLICT
R-HSA-983168	Antigen processing: Ubiquitination & Proteasome degradation	296	288	288	286	284	243	OBSERVED_PROJECTION	OBSERVED_PROJECTION	41	NOT_COMPUTED_DEFINITION_CONFLICT
R-HSA-983169	Class I MHC mediated antigen processing & presentation	378	365	365	363	361	317	OBSERVED_PROJECTION	OBSERVED_PROJECTION	44	NOT_COMPUTED_DEFINITION_CONFLICT
R-HSA-983170	Antigen Presentation: Folding, assembly and peptide loading of class I MHC	31	29	29	29	29	27	OBSERVED_PROJECTION	OBSERVED_PROJECTION	2	NOT_COMPUTED_DEFINITION_CONFLICT
R-HSA-983189	Kinesins	63	60	60	60	59	56	OBSERVED_PROJECTION	OBSERVED_PROJECTION	3	NOT_COMPUTED_DEFINITION_CONFLICT
R-HSA-9831926	Nephron development	13	13	13	13	13	12	OBSERVED_PROJECTION	COMPLETE_MEMBERSHIP	1	NOT_COMPUTED_DEFINITION_CONFLICT
R-HSA-983231	Factors involved in megakaryocyte development and platelet production	160	148	148	148	147	141	OBSERVED_PROJECTION	OBSERVED_PROJECTION	6	NOT_COMPUTED_DEFINITION_CONFLICT
R-HSA-9832991	Formation of the posterior neural plate	10	10	10	10	10	10	COMPLETE_MEMBERSHIP	COMPLETE_MEMBERSHIP	0	NOT_COMPUTED_DEFINITION_CONFLICT
R-HSA-9833109	Evasion by RSV of host interferon responses	37	27	27	27	27	25	OBSERVED_PROJECTION	OBSERVED_PROJECTION	2	NOT_COMPUTED_DEFINITION_CONFLICT
R-HSA-9833110	RSV-host interactions	109	89	89	89	89	75	OBSERVED_PROJECTION	OBSERVED_PROJECTION	14	NOT_COMPUTED_DEFINITION_CONFLICT
R-HSA-9833482	PKR-mediated signaling	81	69	68	67	67	59	OBSERVED_PROJECTION	OBSERVED_PROJECTION	8	NOT_COMPUTED_DEFINITION_CONFLICT
R-HSA-9833576	CDH11 homotypic and heterotypic interactions	7	7	7	7	7	7	COMPLETE_MEMBERSHIP	COMPLETE_MEMBERSHIP	0	NOT_COMPUTED_DEFINITION_CONFLICT
R-HSA-9834752	Respiratory syncytial virus genome replication	9	2	2	2	2	2	OBSERVED_PROJECTION	OBSERVED_PROJECTION	0	NOT_COMPUTED_DEFINITION_CONFLICT
R-HSA-9834899	Specification of the neural plate border	17	17	17	17	17	17	COMPLETE_MEMBERSHIP	COMPLETE_MEMBERSHIP	0	NOT_COMPUTED_DEFINITION_CONFLICT
R-HSA-9836573	Mitochondrial RNA degradation	25	10	10	10	10	10	OBSERVED_PROJECTION	OBSERVED_PROJECTION	0	NOT_COMPUTED_DEFINITION_CONFLICT
R-HSA-983695	Antigen activates B Cell Receptor (BCR) leading to generation of second messengers	95	30	30	30	30	30	OBSERVED_PROJECTION	OBSERVED_PROJECTION	0	NOT_COMPUTED_DEFINITION_CONFLICT
R-HSA-983705	Signaling by the B Cell Receptor (BCR)	162	96	96	96	94	66	OBSERVED_PROJECTION	OBSERVED_PROJECTION	28	NOT_COMPUTED_DEFINITION_CONFLICT
R-HSA-9837092	FASTK family proteins regulate processing and stability of mitochondrial RNAs	19	4	4	4	4	4	OBSERVED_PROJECTION	OBSERVED_PROJECTION	0	NOT_COMPUTED_DEFINITION_CONFLICT
R-HSA-983712	Ion channel transport	183	183	183	183	183	181	OBSERVED_PROJECTION	COMPLETE_MEMBERSHIP	2	NOT_COMPUTED_DEFINITION_CONFLICT
R-HSA-9837999	Mitochondrial protein degradation	98	83	83	83	79	74	OBSERVED_PROJECTION	OBSERVED_PROJECTION	5	NOT_COMPUTED_DEFINITION_CONFLICT
R-HSA-9839373	Signaling by TGFBR3	49	46	46	46	46	46	OBSERVED_PROJECTION	OBSERVED_PROJECTION	0	NOT_COMPUTED_DEFINITION_CONFLICT
R-HSA-9839383	TGFBR3 PTM regulation	11	11	11	11	11	11	COMPLETE_MEMBERSHIP	COMPLETE_MEMBERSHIP	0	NOT_COMPUTED_DEFINITION_CONFLICT
R-HSA-9839389	TGFBR3 regulates TGF-beta signaling	8	8	8	8	8	8	COMPLETE_MEMBERSHIP	COMPLETE_MEMBERSHIP	0	NOT_COMPUTED_DEFINITION_CONFLICT
R-HSA-9839394	TGFBR3 expression	28	25	25	25	25	25	OBSERVED_PROJECTION	OBSERVED_PROJECTION	0	NOT_COMPUTED_DEFINITION_CONFLICT
R-HSA-9839397	TGFBR3 regulates FGF2 signaling	3	3	3	3	3	3	COMPLETE_MEMBERSHIP	COMPLETE_MEMBERSHIP	0	NOT_COMPUTED_DEFINITION_CONFLICT
R-HSA-9839406	TGFBR3 regulates activin signaling	4	4	4	4	4	4	COMPLETE_MEMBERSHIP	COMPLETE_MEMBERSHIP	0	NOT_COMPUTED_DEFINITION_CONFLICT
R-HSA-9839923	Dengue Virus Infection	368	332	329	326	323	226	OBSERVED_PROJECTION	OBSERVED_PROJECTION	97	NOT_COMPUTED_DEFINITION_CONFLICT
R-HSA-9840309	Glycosphingolipid biosynthesis	19	19	19	19	19	19	COMPLETE_MEMBERSHIP	COMPLETE_MEMBERSHIP	0	NOT_COMPUTED_DEFINITION_CONFLICT
R-HSA-9840310	Glycosphingolipid catabolism	39	37	37	37	37	37	OBSERVED_PROJECTION	OBSERVED_PROJECTION	0	NOT_COMPUTED_DEFINITION_CONFLICT
R-HSA-9840373	Cellular response to mitochondrial stress	9	8	8	8	8	4	OBSERVED_PROJECTION	OBSERVED_PROJECTION	4	NOT_COMPUTED_DEFINITION_CONFLICT
R-HSA-9841251	Mitochondrial unfolded protein response (UPRmt)	18	18	17	16	15	12	OBSERVED_PROJECTION	OBSERVED_PROJECTION	3	NOT_COMPUTED_DEFINITION_CONFLICT
R-HSA-9841922	MLL4 and MLL3 complexes regulate expression of PPARG target genes in adipogenesis and hepatic steatosis	103	75	75	75	75	66	OBSERVED_PROJECTION	OBSERVED_PROJECTION	9	NOT_COMPUTED_DEFINITION_CONFLICT
R-HSA-9842640	Signaling by LTK in cancer	7	7	7	7	7	7	COMPLETE_MEMBERSHIP	COMPLETE_MEMBERSHIP	0	NOT_COMPUTED_DEFINITION_CONFLICT
R-HSA-9842663	Signaling by LTK	12	10	10	10	10	10	OBSERVED_PROJECTION	OBSERVED_PROJECTION	0	NOT_COMPUTED_DEFINITION_CONFLICT
R-HSA-9842860	Regulation of endogenous retroelements	111	80	80	80	80	77	OBSERVED_PROJECTION	OBSERVED_PROJECTION	3	NOT_COMPUTED_DEFINITION_CONFLICT
R-HSA-9843743	Transcriptional regulation of brown and beige adipocyte differentiation	31	30	30	30	30	28	OBSERVED_PROJECTION	OBSERVED_PROJECTION	2	NOT_COMPUTED_DEFINITION_CONFLICT
R-HSA-9843745	Adipogenesis	110	109	109	109	109	96	OBSERVED_PROJECTION	OBSERVED_PROJECTION	13	NOT_COMPUTED_DEFINITION_CONFLICT
R-HSA-9843940	Regulation of endogenous retroelements by KRAB-ZFP proteins	76	48	48	48	48	46	OBSERVED_PROJECTION	OBSERVED_PROJECTION	2	NOT_COMPUTED_DEFINITION_CONFLICT
R-HSA-9843970	Regulation of endogenous retroelements by the Human Silencing Hub (HUSH) complex	39	9	9	9	9	9	OBSERVED_PROJECTION	OBSERVED_PROJECTION	0	NOT_COMPUTED_DEFINITION_CONFLICT
R-HSA-9844594	Transcriptional regulation of brown and beige adipocyte differentiation by EBF2	31	30	30	30	30	28	OBSERVED_PROJECTION	OBSERVED_PROJECTION	2	NOT_COMPUTED_DEFINITION_CONFLICT
R-HSA-9845323	Regulation of endogenous retroelements by Piwi-interacting RNAs (piRNAs)	66	37	37	37	37	35	OBSERVED_PROJECTION	OBSERVED_PROJECTION	2	NOT_COMPUTED_DEFINITION_CONFLICT
R-HSA-9845576	Glycosphingolipid transport	8	7	7	7	7	6	OBSERVED_PROJECTION	OBSERVED_PROJECTION	1	NOT_COMPUTED_DEFINITION_CONFLICT
R-HSA-9845614	Sphingolipid catabolism	12	9	9	9	9	9	OBSERVED_PROJECTION	OBSERVED_PROJECTION	0	NOT_COMPUTED_DEFINITION_CONFLICT
R-HSA-9845619	Enhanced cleavage of VWF variant by ADAMTS13	4	4	4	4	4	4	COMPLETE_MEMBERSHIP	COMPLETE_MEMBERSHIP	0	NOT_COMPUTED_DEFINITION_CONFLICT
R-HSA-9845620	Enhanced binding of GP1BA variant to VWF multimer:collagen	7	7	7	7	7	7	COMPLETE_MEMBERSHIP	COMPLETE_MEMBERSHIP	0	NOT_COMPUTED_DEFINITION_CONFLICT
R-HSA-9845621	Defective VWF cleavage by ADAMTS13 variant	4	4	4	4	4	4	COMPLETE_MEMBERSHIP	COMPLETE_MEMBERSHIP	0	NOT_COMPUTED_DEFINITION_CONFLICT
R-HSA-9845622	Defective VWF binding to collagen type I	3	3	3	3	3	3	COMPLETE_MEMBERSHIP	COMPLETE_MEMBERSHIP	0	NOT_COMPUTED_DEFINITION_CONFLICT
R-HSA-9846298	Defective binding of VWF variant to GPIb:IX:V	7	7	7	7	7	7	COMPLETE_MEMBERSHIP	COMPLETE_MEMBERSHIP	0	NOT_COMPUTED_DEFINITION_CONFLICT
R-HSA-9851151	MDK and PTN in ALK signaling	4	4	4	4	4	4	COMPLETE_MEMBERSHIP	COMPLETE_MEMBERSHIP	0	NOT_COMPUTED_DEFINITION_CONFLICT
R-HSA-9851695	Epigenetic regulation of adipogenesis genes by MLL3 and MLL4 complexes	103	75	75	75	75	66	OBSERVED_PROJECTION	OBSERVED_PROJECTION	9	NOT_COMPUTED_DEFINITION_CONFLICT
R-HSA-9853506	OGDH complex synthesizes succinyl-CoA from 2-OG	4	3	3	3	3	2	OBSERVED_PROJECTION	OBSERVED_PROJECTION	1	NOT_COMPUTED_DEFINITION_CONFLICT
R-HSA-9853846	Defective ANO6 does not expose PS, PE on the platelet membrane	1	1	1	1	1	1	COMPLETE_MEMBERSHIP	COMPLETE_MEMBERSHIP	0	NOT_COMPUTED_DEFINITION_CONFLICT
R-HSA-9854311	Maturation of TCA enzymes and regulation of TCA cycle	20	17	17	17	17	16	OBSERVED_PROJECTION	OBSERVED_PROJECTION	1	NOT_COMPUTED_DEFINITION_CONFLICT
R-HSA-9854907	Regulation of MITF-M dependent genes involved in metabolism	3	3	3	3	3	3	COMPLETE_MEMBERSHIP	COMPLETE_MEMBERSHIP	0	NOT_COMPUTED_DEFINITION_CONFLICT
R-HSA-9854909	Regulation of MITF-M dependent genes involved in invasion	4	4	4	4	4	4	COMPLETE_MEMBERSHIP	COMPLETE_MEMBERSHIP	0	NOT_COMPUTED_DEFINITION_CONFLICT
R-HSA-9855142	Cellular responses to mechanical stimuli	103	103	103	102	102	102	OBSERVED_PROJECTION	OBSERVED_PROJECTION	0	NOT_COMPUTED_DEFINITION_CONFLICT
R-HSA-9855719	Regulation of FXIIa and plasma kallikrein activity	9	9	9	9	9	9	COMPLETE_MEMBERSHIP	COMPLETE_MEMBERSHIP	0	NOT_COMPUTED_DEFINITION_CONFLICT
R-HSA-9856530	High laminar flow shear stress activates signaling by PIEZO1 and PECAM1:CDH5:KDR in endothelial cells	69	69	69	68	68	68	OBSERVED_PROJECTION	OBSERVED_PROJECTION	0	NOT_COMPUTED_DEFINITION_CONFLICT
R-HSA-9856532	Mechanical load activates signaling by PIEZO1 and integrins in osteocytes	17	17	17	17	17	17	COMPLETE_MEMBERSHIP	COMPLETE_MEMBERSHIP	0	NOT_COMPUTED_DEFINITION_CONFLICT
R-HSA-9856649	Transcriptional and post-translational regulation of MITF-M expression and activity	62	54	54	54	54	52	OBSERVED_PROJECTION	OBSERVED_PROJECTION	2	NOT_COMPUTED_DEFINITION_CONFLICT
R-HSA-9856651	MITF-M-dependent gene expression	109	108	108	108	106	101	OBSERVED_PROJECTION	OBSERVED_PROJECTION	5	NOT_COMPUTED_DEFINITION_CONFLICT
R-HSA-9856872	Malate-aspartate shuttle	9	9	9	9	9	9	COMPLETE_MEMBERSHIP	COMPLETE_MEMBERSHIP	0	NOT_COMPUTED_DEFINITION_CONFLICT
R-HSA-9857377	Regulation of MITF-M-dependent genes involved in lysosome biogenesis and autophagy	17	17	17	17	17	16	OBSERVED_PROJECTION	COMPLETE_MEMBERSHIP	1	NOT_COMPUTED_DEFINITION_CONFLICT
R-HSA-9857492	Protein lipoylation	10	10	10	10	10	8	OBSERVED_PROJECTION	COMPLETE_MEMBERSHIP	2	NOT_COMPUTED_DEFINITION_CONFLICT
R-HSA-9858328	OADH complex synthesizes glutaryl-CoA from 2-OA	3	3	3	3	3	2	OBSERVED_PROJECTION	COMPLETE_MEMBERSHIP	1	NOT_COMPUTED_DEFINITION_CONFLICT
R-HSA-9859138	BCKDH synthesizes BCAA-CoA from KIC, KMVA, KIV	4	4	4	4	4	3	OBSERVED_PROJECTION	COMPLETE_MEMBERSHIP	1	NOT_COMPUTED_DEFINITION_CONFLICT
R-HSA-9860276	SLC15A4:TASL-dependent IRF5 activation	6	5	5	5	5	5	OBSERVED_PROJECTION	OBSERVED_PROJECTION	0	NOT_COMPUTED_DEFINITION_CONFLICT
R-HSA-9860927	Turbulent (oscillatory, disturbed) flow shear stress activates signaling by PIEZO1 and integrins in endothelial cells	31	31	31	31	31	31	COMPLETE_MEMBERSHIP	COMPLETE_MEMBERSHIP	0	NOT_COMPUTED_DEFINITION_CONFLICT
R-HSA-9860931	Response of endothelial cells to shear stress	93	93	93	92	92	92	OBSERVED_PROJECTION	OBSERVED_PROJECTION	0	NOT_COMPUTED_DEFINITION_CONFLICT
R-HSA-9861559	PDH complex synthesizes acetyl-CoA from PYR	6	6	6	6	6	5	OBSERVED_PROJECTION	COMPLETE_MEMBERSHIP	1	NOT_COMPUTED_DEFINITION_CONFLICT
R-HSA-9861718	Regulation of pyruvate metabolism	33	33	33	33	33	31	OBSERVED_PROJECTION	COMPLETE_MEMBERSHIP	2	NOT_COMPUTED_DEFINITION_CONFLICT
R-HSA-9864848	Complex IV assembly	48	43	43	43	43	42	OBSERVED_PROJECTION	OBSERVED_PROJECTION	1	NOT_COMPUTED_DEFINITION_CONFLICT
R-HSA-9865113	Loss-of-function mutations in DBT cause MSUD2	4	4	4	4	4	3	OBSERVED_PROJECTION	COMPLETE_MEMBERSHIP	1	NOT_COMPUTED_DEFINITION_CONFLICT
R-HSA-9865114	Maple Syrup Urine Disease	5	5	5	5	5	4	OBSERVED_PROJECTION	COMPLETE_MEMBERSHIP	1	NOT_COMPUTED_DEFINITION_CONFLICT
R-HSA-9865118	Diseases of branched-chain amino acid catabolism	13	13	13	13	13	12	OBSERVED_PROJECTION	COMPLETE_MEMBERSHIP	1	NOT_COMPUTED_DEFINITION_CONFLICT
R-HSA-9865125	Loss-of-function mutations in BCKDHA or BCKDHB cause MSUD	3	3	3	3	3	3	COMPLETE_MEMBERSHIP	COMPLETE_MEMBERSHIP	0	NOT_COMPUTED_DEFINITION_CONFLICT
R-HSA-9865881	Complex III assembly	26	22	22	22	22	20	OBSERVED_PROJECTION	OBSERVED_PROJECTION	2	NOT_COMPUTED_DEFINITION_CONFLICT
R-HSA-9907570	Loss-of-function mutations in DLD cause MSUD3/DLDD	4	4	4	4	4	3	OBSERVED_PROJECTION	COMPLETE_MEMBERSHIP	1	NOT_COMPUTED_DEFINITION_CONFLICT
R-HSA-9907900	Proteasome assembly	52	51	51	51	48	21	OBSERVED_PROJECTION	OBSERVED_PROJECTION	27	NOT_COMPUTED_DEFINITION_CONFLICT
R-HSA-9909396	Circadian clock	112	106	106	106	104	75	OBSERVED_PROJECTION	OBSERVED_PROJECTION	29	NOT_COMPUTED_DEFINITION_CONFLICT
R-HSA-9909438	3-Methylcrotonyl-CoA carboxylase deficiency	2	2	2	2	2	2	COMPLETE_MEMBERSHIP	COMPLETE_MEMBERSHIP	0	NOT_COMPUTED_DEFINITION_CONFLICT
R-HSA-9909505	Modulation of host responses by IFN-stimulated genes	19	18	18	18	18	16	OBSERVED_PROJECTION	OBSERVED_PROJECTION	2	NOT_COMPUTED_DEFINITION_CONFLICT
R-HSA-9909615	Regulation of PD-L1(CD274) Post-translational modification	86	85	85	85	83	48	OBSERVED_PROJECTION	OBSERVED_PROJECTION	35	NOT_COMPUTED_DEFINITION_CONFLICT
R-HSA-9909620	Regulation of PD-L1(CD274) translation	24	9	9	9	9	9	OBSERVED_PROJECTION	OBSERVED_PROJECTION	0	NOT_COMPUTED_DEFINITION_CONFLICT
R-HSA-9909648	Regulation of PD-L1(CD274) expression	178	134	134	134	132	95	OBSERVED_PROJECTION	OBSERVED_PROJECTION	37	NOT_COMPUTED_DEFINITION_CONFLICT
R-HSA-9909649	Regulation of PD-L1(CD274) transcription	70	42	42	42	42	40	OBSERVED_PROJECTION	OBSERVED_PROJECTION	2	NOT_COMPUTED_DEFINITION_CONFLICT
R-HSA-9911233	Expression of NOTCH2NL genes	5	1	1	1	1	1	OBSERVED_PROJECTION	OBSERVED_PROJECTION	0	NOT_COMPUTED_DEFINITION_CONFLICT
R-HSA-9912481	Branched-chain ketoacid dehydrogenase kinase deficiency	5	5	5	5	5	4	OBSERVED_PROJECTION	COMPLETE_MEMBERSHIP	1	NOT_COMPUTED_DEFINITION_CONFLICT
R-HSA-9912529	H139Hfs13* PPM1K causes a mild variant of  MSUD	5	5	5	5	5	4	OBSERVED_PROJECTION	COMPLETE_MEMBERSHIP	1	NOT_COMPUTED_DEFINITION_CONFLICT
R-HSA-9912633	Antigen processing: Ub, ATP-independent proteasomal degradation	19	19	19	19	18	7	OBSERVED_PROJECTION	OBSERVED_PROJECTION	11	NOT_COMPUTED_DEFINITION_CONFLICT
R-HSA-9913143	Antimicrobial resistance	29	0	0	0	0	0	NO_SUPPORT	NO_SUPPORT	0	NOT_COMPUTED_DEFINITION_CONFLICT
R-HSA-9913351	Formation of the dystrophin-glycoprotein complex (DGC)	36	36	36	36	36	35	OBSERVED_PROJECTION	COMPLETE_MEMBERSHIP	1	NOT_COMPUTED_DEFINITION_CONFLICT
R-HSA-9913635	Strand-asynchronous mitochondrial DNA replication	10	9	9	9	9	9	OBSERVED_PROJECTION	OBSERVED_PROJECTION	0	NOT_COMPUTED_DEFINITION_CONFLICT
R-HSA-991365	Activation of GABAB receptors	43	43	43	42	42	42	OBSERVED_PROJECTION	OBSERVED_PROJECTION	0	NOT_COMPUTED_DEFINITION_CONFLICT
R-HSA-9914274	3-methylglutaconic aciduria	1	1	1	1	1	1	COMPLETE_MEMBERSHIP	COMPLETE_MEMBERSHIP	0	NOT_COMPUTED_DEFINITION_CONFLICT
R-HSA-9914355	Isovaleric acidemia	1	1	1	1	1	1	COMPLETE_MEMBERSHIP	COMPLETE_MEMBERSHIP	0	NOT_COMPUTED_DEFINITION_CONFLICT
R-HSA-9915355	Beta-ketothiolase deficiency	1	1	1	1	1	1	COMPLETE_MEMBERSHIP	COMPLETE_MEMBERSHIP	0	NOT_COMPUTED_DEFINITION_CONFLICT
R-HSA-9916720	Mitochondrial short-chain enoyl-CoA hydratase deficiency 1	1	1	1	1	1	1	COMPLETE_MEMBERSHIP	COMPLETE_MEMBERSHIP	0	NOT_COMPUTED_DEFINITION_CONFLICT
R-HSA-9916722	3-hydroxyisobutyryl-CoA hydrolase deficiency	1	1	1	1	1	1	COMPLETE_MEMBERSHIP	COMPLETE_MEMBERSHIP	0	NOT_COMPUTED_DEFINITION_CONFLICT
R-HSA-9917777	Epigenetic regulation by WDR5-containing histone modifying complexes	135	105	105	105	105	94	OBSERVED_PROJECTION	OBSERVED_PROJECTION	11	NOT_COMPUTED_DEFINITION_CONFLICT
R-HSA-9918432	Maturation of DENV proteins	52	52	52	52	52	42	OBSERVED_PROJECTION	COMPLETE_MEMBERSHIP	10	NOT_COMPUTED_DEFINITION_CONFLICT
R-HSA-9918436	Defective visual phototransduction due to OPN1MW loss of function	1	1	1	0	0	0	NO_SUPPORT	NO_SUPPORT	0	NOT_COMPUTED_DEFINITION_CONFLICT
R-HSA-9918438	Defective visual phototransduction due to RDH5 loss of function	2	2	2	2	2	2	COMPLETE_MEMBERSHIP	COMPLETE_MEMBERSHIP	0	NOT_COMPUTED_DEFINITION_CONFLICT
R-HSA-9918440	Defective visual phototransduction due to RDH12 loss of function	1	1	1	1	1	1	COMPLETE_MEMBERSHIP	COMPLETE_MEMBERSHIP	0	NOT_COMPUTED_DEFINITION_CONFLICT
R-HSA-9918442	Defective visual phototransduction due to LRAT loss of function	2	2	2	2	2	2	COMPLETE_MEMBERSHIP	COMPLETE_MEMBERSHIP	0	NOT_COMPUTED_DEFINITION_CONFLICT
R-HSA-9918443	Defective visual phototransduction due to OPN1SW loss of function	1	1	1	1	1	1	COMPLETE_MEMBERSHIP	COMPLETE_MEMBERSHIP	0	NOT_COMPUTED_DEFINITION_CONFLICT
R-HSA-9918449	Defective visual phototransduction due to STRA6 loss of function	3	3	3	3	3	3	COMPLETE_MEMBERSHIP	COMPLETE_MEMBERSHIP	0	NOT_COMPUTED_DEFINITION_CONFLICT
R-HSA-9918450	Defective visual phototransduction due to OPN1LW loss of function	1	1	1	1	1	1	COMPLETE_MEMBERSHIP	COMPLETE_MEMBERSHIP	0	NOT_COMPUTED_DEFINITION_CONFLICT
R-HSA-9918454	Defective visual phototransduction due to ABCA4 loss of function	1	1	1	1	1	1	COMPLETE_MEMBERSHIP	COMPLETE_MEMBERSHIP	0	NOT_COMPUTED_DEFINITION_CONFLICT
R-HSA-9918476	Assembly and Release of Dengue Virus Virions	9	8	8	8	8	6	OBSERVED_PROJECTION	OBSERVED_PROJECTION	2	NOT_COMPUTED_DEFINITION_CONFLICT
R-HSA-9918481	Dengue Virus-Host Interactions	258	223	221	219	216	139	OBSERVED_PROJECTION	OBSERVED_PROJECTION	77	NOT_COMPUTED_DEFINITION_CONFLICT
R-HSA-9918485	Dengue Virus Attachment and Entry	45	44	44	44	44	41	OBSERVED_PROJECTION	OBSERVED_PROJECTION	3	NOT_COMPUTED_DEFINITION_CONFLICT
R-HSA-9918487	Dengue Virus Genome Translation and Replication	83	81	80	79	79	60	OBSERVED_PROJECTION	OBSERVED_PROJECTION	19	NOT_COMPUTED_DEFINITION_CONFLICT
R-HSA-9920588	Dengue virus activates/modulates innate and adaptive immune responses	32	28	27	27	26	23	OBSERVED_PROJECTION	OBSERVED_PROJECTION	3	NOT_COMPUTED_DEFINITION_CONFLICT
R-HSA-9920951	Dengue virus modulates apoptosis	16	15	15	14	14	13	OBSERVED_PROJECTION	OBSERVED_PROJECTION	1	NOT_COMPUTED_DEFINITION_CONFLICT
R-HSA-9924644	Developmental Lineages of the Mammary Gland	5	5	5	5	5	5	COMPLETE_MEMBERSHIP	COMPLETE_MEMBERSHIP	0	NOT_COMPUTED_DEFINITION_CONFLICT
R-HSA-9925563	Developmental Lineage of Pancreatic Ductal Cells	24	24	23	23	23	23	OBSERVED_PROJECTION	OBSERVED_PROJECTION	0	NOT_COMPUTED_DEFINITION_CONFLICT
R-HSA-9926550	Regulation of MITF-M-dependent genes involved in extracellular matrix, focal adhesion and epithelial-to-mesenchymal transition	12	12	12	12	12	12	COMPLETE_MEMBERSHIP	COMPLETE_MEMBERSHIP	0	NOT_COMPUTED_DEFINITION_CONFLICT
R-HSA-9927020	Heme assimilation	14	2	2	1	1	1	OBSERVED_PROJECTION	OBSERVED_PROJECTION	0	NOT_COMPUTED_DEFINITION_CONFLICT
R-HSA-9927353	Co-inhibition by BTLA	5	5	5	5	5	5	COMPLETE_MEMBERSHIP	COMPLETE_MEMBERSHIP	0	NOT_COMPUTED_DEFINITION_CONFLICT
R-HSA-9927354	Co-stimulation by ICOS	11	11	11	11	11	11	COMPLETE_MEMBERSHIP	COMPLETE_MEMBERSHIP	0	NOT_COMPUTED_DEFINITION_CONFLICT
R-HSA-9927418	Developmental Lineage of Mammary Gland Luminal Epithelial Cells	3	3	3	3	3	3	COMPLETE_MEMBERSHIP	COMPLETE_MEMBERSHIP	0	NOT_COMPUTED_DEFINITION_CONFLICT
R-HSA-9927426	Developmental Lineage of Mammary Gland Alveolar Cells	1	1	1	1	1	1	COMPLETE_MEMBERSHIP	COMPLETE_MEMBERSHIP	0	NOT_COMPUTED_DEFINITION_CONFLICT
R-HSA-9927432	Developmental Lineage of Mammary Gland Myoepithelial Cells	3	3	3	3	3	3	COMPLETE_MEMBERSHIP	COMPLETE_MEMBERSHIP	0	NOT_COMPUTED_DEFINITION_CONFLICT
R-HSA-9929356	GSK3B-mediated proteasomal degradation of PD-L1(CD274)	44	43	43	43	41	11	OBSERVED_PROJECTION	OBSERVED_PROJECTION	30	NOT_COMPUTED_DEFINITION_CONFLICT
R-HSA-9929491	SPOP-mediated proteasomal degradation of PD-L1(CD274)	46	45	45	45	43	16	OBSERVED_PROJECTION	OBSERVED_PROJECTION	27	NOT_COMPUTED_DEFINITION_CONFLICT
R-HSA-9930044	Nuclear RNA decay	35	32	32	32	31	19	OBSERVED_PROJECTION	OBSERVED_PROJECTION	12	NOT_COMPUTED_DEFINITION_CONFLICT
R-HSA-9930449	Defective cleavage of FV variant at a.a.534	3	3	3	3	3	3	COMPLETE_MEMBERSHIP	COMPLETE_MEMBERSHIP	0	NOT_COMPUTED_DEFINITION_CONFLICT
R-HSA-9930479	Defective cleavage of FV variant at R334	3	3	3	3	3	3	COMPLETE_MEMBERSHIP	COMPLETE_MEMBERSHIP	0	NOT_COMPUTED_DEFINITION_CONFLICT
R-HSA-9930483	Defective FV causes thrombophilia	3	3	3	3	3	3	COMPLETE_MEMBERSHIP	COMPLETE_MEMBERSHIP	0	NOT_COMPUTED_DEFINITION_CONFLICT
R-HSA-9931269	AMPK-induced ERAD and lysosome mediated degradation of PD-L1(CD274)	55	54	54	54	52	24	OBSERVED_PROJECTION	OBSERVED_PROJECTION	28	NOT_COMPUTED_DEFINITION_CONFLICT
R-HSA-9931295	PD-L1(CD274) glycosylation and translocation to plasma membrane	21	21	21	21	21	17	OBSERVED_PROJECTION	COMPLETE_MEMBERSHIP	4	NOT_COMPUTED_DEFINITION_CONFLICT
R-HSA-9931509	Expression of BMAL (ARNTL), CLOCK, and NPAS2	35	34	34	34	34	34	OBSERVED_PROJECTION	OBSERVED_PROJECTION	0	NOT_COMPUTED_DEFINITION_CONFLICT
R-HSA-9931510	Phosphorylated BMAL1:CLOCK (ARNTL:CLOCK) activates expression of core clock genes	22	20	20	20	20	20	OBSERVED_PROJECTION	OBSERVED_PROJECTION	0	NOT_COMPUTED_DEFINITION_CONFLICT
R-HSA-9931512	Phosphorylation of CLOCK, acetylation of BMAL1 (ARNTL) at target gene promoters	11	10	10	10	10	10	OBSERVED_PROJECTION	OBSERVED_PROJECTION	0	NOT_COMPUTED_DEFINITION_CONFLICT
R-HSA-9931521	The CRY:PER:kinase complex represses transactivation by the BMAL:CLOCK (ARNTL:CLOCK) complex	14	13	13	13	13	13	OBSERVED_PROJECTION	OBSERVED_PROJECTION	0	NOT_COMPUTED_DEFINITION_CONFLICT
R-HSA-9931529	Phosphorylation and nuclear translocation of BMAL1 (ARNTL) and CLOCK	5	4	4	4	4	4	OBSERVED_PROJECTION	OBSERVED_PROJECTION	0	NOT_COMPUTED_DEFINITION_CONFLICT
R-HSA-9931530	Phosphorylation and nuclear translocation of the CRY:PER:kinase complex	14	14	14	14	14	14	COMPLETE_MEMBERSHIP	COMPLETE_MEMBERSHIP	0	NOT_COMPUTED_DEFINITION_CONFLICT
R-HSA-9931929	Defective GALM causes GALAC4	1	1	1	1	1	1	COMPLETE_MEMBERSHIP	COMPLETE_MEMBERSHIP	0	NOT_COMPUTED_DEFINITION_CONFLICT
R-HSA-9931953	Biofilm formation	36	23	23	23	23	23	OBSERVED_PROJECTION	OBSERVED_PROJECTION	0	NOT_COMPUTED_DEFINITION_CONFLICT
R-HSA-9932298	Degradation of CRY and PER proteins	49	47	47	47	45	16	OBSERVED_PROJECTION	OBSERVED_PROJECTION	29	NOT_COMPUTED_DEFINITION_CONFLICT
R-HSA-9932444	ATP-dependent chromatin remodelers	165	127	127	126	126	96	OBSERVED_PROJECTION	OBSERVED_PROJECTION	30	NOT_COMPUTED_DEFINITION_CONFLICT
R-HSA-9932451	SWI/SNF chromatin remodelers	32	30	30	30	30	29	OBSERVED_PROJECTION	OBSERVED_PROJECTION	1	NOT_COMPUTED_DEFINITION_CONFLICT
R-HSA-9933387	RORA,B,C and NR1D1 (REV-ERBA) regulate gene expression	25	25	25	25	25	25	COMPLETE_MEMBERSHIP	COMPLETE_MEMBERSHIP	0	NOT_COMPUTED_DEFINITION_CONFLICT
R-HSA-9933937	Formation of the canonical BAF (cBAF) complex	18	18	18	18	18	17	OBSERVED_PROJECTION	COMPLETE_MEMBERSHIP	1	NOT_COMPUTED_DEFINITION_CONFLICT
R-HSA-9933939	Formation of the polybromo-BAF (pBAF) complex	18	18	18	18	18	17	OBSERVED_PROJECTION	COMPLETE_MEMBERSHIP	1	NOT_COMPUTED_DEFINITION_CONFLICT
R-HSA-9933946	Formation of the embryonic stem cell BAF (esBAF) complex	19	19	19	19	19	18	OBSERVED_PROJECTION	COMPLETE_MEMBERSHIP	1	NOT_COMPUTED_DEFINITION_CONFLICT
R-HSA-9933947	Formation of the non-canonical BAF (ncBAF) complex	17	15	15	15	15	14	OBSERVED_PROJECTION	OBSERVED_PROJECTION	1	NOT_COMPUTED_DEFINITION_CONFLICT
R-HSA-9934037	Formation of neuronal progenitor and neuronal BAF (npBAF and nBAF)	25	25	25	25	25	24	OBSERVED_PROJECTION	COMPLETE_MEMBERSHIP	1	NOT_COMPUTED_DEFINITION_CONFLICT
R-HSA-9935598	FXIIa, PKa-dependent activation of coagulation pathway	9	9	9	9	9	9	COMPLETE_MEMBERSHIP	COMPLETE_MEMBERSHIP	0	NOT_COMPUTED_DEFINITION_CONFLICT
R-HSA-9936686	Aggregated β-amyloid interacts with fibrinogen	4	4	4	4	4	4	COMPLETE_MEMBERSHIP	COMPLETE_MEMBERSHIP	0	NOT_COMPUTED_DEFINITION_CONFLICT
R-HSA-9936900	Aggregated β-amyloid induces FXII autocatalysis	2	2	2	2	2	2	COMPLETE_MEMBERSHIP	COMPLETE_MEMBERSHIP	0	NOT_COMPUTED_DEFINITION_CONFLICT
R-HSA-9937008	Mitochondrial mRNA modification	24	9	9	9	9	9	OBSERVED_PROJECTION	OBSERVED_PROJECTION	0	NOT_COMPUTED_DEFINITION_CONFLICT
R-HSA-9937080	Developmental Lineage of Multipotent Pancreatic Progenitor Cells	5	5	5	5	5	5	COMPLETE_MEMBERSHIP	COMPLETE_MEMBERSHIP	0	NOT_COMPUTED_DEFINITION_CONFLICT
R-HSA-9937383	Mitochondrial ribosome-associated quality control	114	85	85	85	84	79	OBSERVED_PROJECTION	OBSERVED_PROJECTION	5	NOT_COMPUTED_DEFINITION_CONFLICT
R-HSA-9937848	CHD chromatin remodelers	134	98	98	97	97	68	OBSERVED_PROJECTION	OBSERVED_PROJECTION	29	NOT_COMPUTED_DEFINITION_CONFLICT
R-HSA-9937850	NuRD complex assembly	65	36	36	36	36	34	OBSERVED_PROJECTION	OBSERVED_PROJECTION	2	NOT_COMPUTED_DEFINITION_CONFLICT
R-HSA-9938024	Somatic hypermutation of immunoglobulin genes	169	160	160	159	158	112	OBSERVED_PROJECTION	OBSERVED_PROJECTION	46	NOT_COMPUTED_DEFINITION_CONFLICT
R-HSA-9938026	Immunoglobulin maturation	384	280	280	279	277	220	OBSERVED_PROJECTION	OBSERVED_PROJECTION	57	NOT_COMPUTED_DEFINITION_CONFLICT
R-HSA-9938027	Affinity selection of immunoglobulins	384	280	280	279	277	220	OBSERVED_PROJECTION	OBSERVED_PROJECTION	57	NOT_COMPUTED_DEFINITION_CONFLICT
R-HSA-9938206	Developmental Lineage of Mammary Stem Cells	1	1	1	1	1	1	COMPLETE_MEMBERSHIP	COMPLETE_MEMBERSHIP	0	NOT_COMPUTED_DEFINITION_CONFLICT
R-HSA-9939291	Matriglycan biosynthesis on DAG1	12	7	7	7	7	7	OBSERVED_PROJECTION	OBSERVED_PROJECTION	0	NOT_COMPUTED_DEFINITION_CONFLICT
R-HSA-9940465	ChAHP complex assembly	32	5	5	5	5	5	OBSERVED_PROJECTION	OBSERVED_PROJECTION	0	NOT_COMPUTED_DEFINITION_CONFLICT
R-HSA-9940951	Interaction of NuRD complexes with transcription factors	59	30	30	30	30	29	OBSERVED_PROJECTION	OBSERVED_PROJECTION	1	NOT_COMPUTED_DEFINITION_CONFLICT
R-HSA-9942503	Differentiation of naive CD4+ T cells to T helper 1 cells (Th1 cells)	13	13	13	13	13	13	COMPLETE_MEMBERSHIP	COMPLETE_MEMBERSHIP	0	NOT_COMPUTED_DEFINITION_CONFLICT
R-HSA-9943411	CHD1 and CHD2 subfamily	71	41	41	40	40	15	OBSERVED_PROJECTION	OBSERVED_PROJECTION	25	NOT_COMPUTED_DEFINITION_CONFLICT
R-HSA-9943962	CHD6, CHD7, CHD8, CHD9 subfamily	50	17	17	17	17	15	OBSERVED_PROJECTION	OBSERVED_PROJECTION	2	NOT_COMPUTED_DEFINITION_CONFLICT
R-HSA-9943965	CHD3, CHD4, CHD5 subfamily	69	40	40	40	40	38	OBSERVED_PROJECTION	OBSERVED_PROJECTION	2	NOT_COMPUTED_DEFINITION_CONFLICT
R-HSA-9944971	Loss of Function of KMT2D in Kabuki Syndrome	5	5	5	5	5	3	OBSERVED_PROJECTION	COMPLETE_MEMBERSHIP	2	NOT_COMPUTED_DEFINITION_CONFLICT
R-HSA-9944997	Loss of Function of KMT2D in MLL4 Complex Formation in Kabuki Syndrome	5	5	5	5	5	3	OBSERVED_PROJECTION	COMPLETE_MEMBERSHIP	2	NOT_COMPUTED_DEFINITION_CONFLICT
R-HSA-9945266	Differentiation of T cells	88	88	88	88	88	84	OBSERVED_PROJECTION	COMPLETE_MEMBERSHIP	4	NOT_COMPUTED_DEFINITION_CONFLICT
R-HSA-9945556	Transcriptional regulation of multiciliogenesis	33	26	26	26	26	26	OBSERVED_PROJECTION	OBSERVED_PROJECTION	0	NOT_COMPUTED_DEFINITION_CONFLICT
R-HSA-9946127	Defects of contact activation system and kallikrein-kinin system	5	5	5	5	5	5	COMPLETE_MEMBERSHIP	COMPLETE_MEMBERSHIP	0	NOT_COMPUTED_DEFINITION_CONFLICT
R-HSA-9948001	CASP4 inflammasome assembly	10	9	9	9	8	8	OBSERVED_PROJECTION	OBSERVED_PROJECTION	0	NOT_COMPUTED_DEFINITION_CONFLICT
R-HSA-9948011	CASP5 inflammasome assembly	1	1	1	1	1	1	COMPLETE_MEMBERSHIP	COMPLETE_MEMBERSHIP	0	NOT_COMPUTED_DEFINITION_CONFLICT
R-HSA-9948299	Ribosome-associated quality control	149	141	141	141	135	39	OBSERVED_PROJECTION	OBSERVED_PROJECTION	96	NOT_COMPUTED_DEFINITION_CONFLICT
R-HSA-9953038	MPS I - Hurler syndrome (CS/DS degradation)	1	1	1	1	1	1	COMPLETE_MEMBERSHIP	COMPLETE_MEMBERSHIP	0	NOT_COMPUTED_DEFINITION_CONFLICT
R-HSA-9953078	MPS II - Hunter syndrome (CS/DS degradation)	1	1	1	1	1	1	COMPLETE_MEMBERSHIP	COMPLETE_MEMBERSHIP	0	NOT_COMPUTED_DEFINITION_CONFLICT
R-HSA-9953080	MPS VII - Sly syndrome (CS/DS degradation)	1	1	1	1	1	1	COMPLETE_MEMBERSHIP	COMPLETE_MEMBERSHIP	0	NOT_COMPUTED_DEFINITION_CONFLICT
R-HSA-9953097	MPS IX - Natowicz syndrome (CS/DS degradation)	1	1	1	1	1	1	COMPLETE_MEMBERSHIP	COMPLETE_MEMBERSHIP	0	NOT_COMPUTED_DEFINITION_CONFLICT
R-HSA-9953111	MPS IV - Morquio syndrome B (CS/DS degradation)	1	1	1	1	1	1	COMPLETE_MEMBERSHIP	COMPLETE_MEMBERSHIP	0	NOT_COMPUTED_DEFINITION_CONFLICT
R-HSA-9953170	GBP-mediated host defense	15	14	13	13	13	11	OBSERVED_PROJECTION	OBSERVED_PROJECTION	2	NOT_COMPUTED_DEFINITION_CONFLICT
R-HSA-9954709	Ribosome Quality Control (RQC) complex extracts and degrades nascent peptide	106	99	99	99	93	26	OBSERVED_PROJECTION	OBSERVED_PROJECTION	67	NOT_COMPUTED_DEFINITION_CONFLICT
R-HSA-9954714	PELO:HBS1L and ABCE1 dissociate a ribosome on a non-stop mRNA	95	91	91	91	88	20	OBSERVED_PROJECTION	OBSERVED_PROJECTION	68	NOT_COMPUTED_DEFINITION_CONFLICT
R-HSA-9954716	ZNF598 and the Ribosome-associated Quality Trigger (RQT) complex dissociate a ribosome stalled on a no-go mRNA	101	97	97	97	94	27	OBSERVED_PROJECTION	OBSERVED_PROJECTION	67	NOT_COMPUTED_DEFINITION_CONFLICT
R-HSA-9955298	SLC-mediated transport of organic anions	38	38	38	38	36	36	OBSERVED_PROJECTION	OBSERVED_PROJECTION	0	NOT_COMPUTED_DEFINITION_CONFLICT
R-HSA-9955542	CPS1 variants cause CPS1 deficiency	1	1	1	1	1	1	COMPLETE_MEMBERSHIP	COMPLETE_MEMBERSHIP	0	NOT_COMPUTED_DEFINITION_CONFLICT
R-HSA-9955693	NAGS variants cause NAGS deficiency	1	1	1	1	1	1	COMPLETE_MEMBERSHIP	COMPLETE_MEMBERSHIP	0	NOT_COMPUTED_DEFINITION_CONFLICT
R-HSA-9955698	Diseases of the urea cycle	8	8	8	8	8	8	COMPLETE_MEMBERSHIP	COMPLETE_MEMBERSHIP	0	NOT_COMPUTED_DEFINITION_CONFLICT
R-HSA-9956508	SLC25A15 variants cause hyperornithinemia-hyperammonemia-homocitrullinemia syndrome	1	1	1	1	1	1	COMPLETE_MEMBERSHIP	COMPLETE_MEMBERSHIP	0	NOT_COMPUTED_DEFINITION_CONFLICT
R-HSA-9956514	ARG1 variants cause hyperargininemia	1	1	1	1	1	1	COMPLETE_MEMBERSHIP	COMPLETE_MEMBERSHIP	0	NOT_COMPUTED_DEFINITION_CONFLICT
R-HSA-9956520	ASS1 variants cause citrullinemia	2	2	2	2	2	2	COMPLETE_MEMBERSHIP	COMPLETE_MEMBERSHIP	0	NOT_COMPUTED_DEFINITION_CONFLICT
R-HSA-9956522	OTC variants cause OTC deficiency	1	1	1	1	1	1	COMPLETE_MEMBERSHIP	COMPLETE_MEMBERSHIP	0	NOT_COMPUTED_DEFINITION_CONFLICT
R-HSA-9956529	ASL variants cause argininosuccinate aciduria	1	1	1	1	1	1	COMPLETE_MEMBERSHIP	COMPLETE_MEMBERSHIP	0	NOT_COMPUTED_DEFINITION_CONFLICT
R-HSA-9956551	OTC leader sequence variants cause OTC deficiency	1	1	1	1	1	1	COMPLETE_MEMBERSHIP	COMPLETE_MEMBERSHIP	0	NOT_COMPUTED_DEFINITION_CONFLICT
R-HSA-9956553	OTC main chain variants cause OTC deficiency	1	1	1	1	1	1	COMPLETE_MEMBERSHIP	COMPLETE_MEMBERSHIP	0	NOT_COMPUTED_DEFINITION_CONFLICT
R-HSA-9956593	Enterobacterial factors antagonize host defense	17	14	14	14	13	12	OBSERVED_PROJECTION	OBSERVED_PROJECTION	1	NOT_COMPUTED_DEFINITION_CONFLICT
R-HSA-9958517	SLC-mediated bile acid transport	7	7	7	7	7	7	COMPLETE_MEMBERSHIP	COMPLETE_MEMBERSHIP	0	NOT_COMPUTED_DEFINITION_CONFLICT
R-HSA-9958790	SLC-mediated transport of inorganic anions	35	35	35	35	35	35	COMPLETE_MEMBERSHIP	COMPLETE_MEMBERSHIP	0	NOT_COMPUTED_DEFINITION_CONFLICT
R-HSA-9958810	SRC activates STAT3 in a quantitative manner, through Cadherin-11 (CDH11), RAC1 and gp130 (IL6ST)	23	23	23	23	23	22	OBSERVED_PROJECTION	COMPLETE_MEMBERSHIP	1	NOT_COMPUTED_DEFINITION_CONFLICT
R-HSA-9958825	Activation of STAT3 by cadherin engagement	76	75	75	75	73	46	OBSERVED_PROJECTION	OBSERVED_PROJECTION	27	NOT_COMPUTED_DEFINITION_CONFLICT
R-HSA-9958863	SLC-mediated transport of amino acids	37	37	37	37	37	37	COMPLETE_MEMBERSHIP	COMPLETE_MEMBERSHIP	0	NOT_COMPUTED_DEFINITION_CONFLICT
R-HSA-9959399	SLC-mediated transport of oligopeptides	4	4	4	4	4	4	COMPLETE_MEMBERSHIP	COMPLETE_MEMBERSHIP	0	NOT_COMPUTED_DEFINITION_CONFLICT
R-HSA-9960519	CASP4-mediated substrate cleavage	5	5	5	5	5	5	COMPLETE_MEMBERSHIP	COMPLETE_MEMBERSHIP	0	NOT_COMPUTED_DEFINITION_CONFLICT
R-HSA-9960525	CASP5-mediated substrate cleavage	5	5	5	5	5	5	COMPLETE_MEMBERSHIP	COMPLETE_MEMBERSHIP	0	NOT_COMPUTED_DEFINITION_CONFLICT
R-HSA-9968295	Somatic hypermutation of immunoglobulin genes by error-prone mismatch repair (MMR)	22	22	22	22	22	16	OBSERVED_PROJECTION	COMPLETE_MEMBERSHIP	6	NOT_COMPUTED_DEFINITION_CONFLICT
R-HSA-9968297	Somatic hypermutation of immunoglobulin genes by error-prone base excision repair (BER)	19	19	19	19	19	13	OBSERVED_PROJECTION	COMPLETE_MEMBERSHIP	6	NOT_COMPUTED_DEFINITION_CONFLICT
R-HSA-9968551	Regulation of GBP-mediated host defense	4	4	4	4	4	4	COMPLETE_MEMBERSHIP	COMPLETE_MEMBERSHIP	0	NOT_COMPUTED_DEFINITION_CONFLICT
R-HSA-9968734	Differentiation of Circulating Monocytes	2	2	2	2	2	2	COMPLETE_MEMBERSHIP	COMPLETE_MEMBERSHIP	0	NOT_COMPUTED_DEFINITION_CONFLICT
R-HSA-9969896	Lanosterol biosynthesis	14	13	13	13	13	13	OBSERVED_PROJECTION	OBSERVED_PROJECTION	0	NOT_COMPUTED_DEFINITION_CONFLICT
R-HSA-9969901	Cholesterol biosynthesis from zymosterol (modified Kandutsch-Russell pathway)	4	4	4	4	4	4	COMPLETE_MEMBERSHIP	COMPLETE_MEMBERSHIP	0	NOT_COMPUTED_DEFINITION_CONFLICT
R-HSA-9970672	FXIIa activates plasma kallikrein-kinin system	37	10	10	10	10	10	OBSERVED_PROJECTION	OBSERVED_PROJECTION	0	NOT_COMPUTED_DEFINITION_CONFLICT
R-HSA-997272	Inhibition  of voltage gated Ca2+ channels via Gbeta/gamma subunits	29	29	29	28	28	28	OBSERVED_PROJECTION	OBSERVED_PROJECTION	0	NOT_COMPUTED_DEFINITION_CONFLICT
R-HSA-9974237	Negative Regulation of DNA Double Strand Break Response	44	43	43	43	41	12	OBSERVED_PROJECTION	OBSERVED_PROJECTION	29	NOT_COMPUTED_DEFINITION_CONFLICT
R-HSA-9975921	Assembly of the 9+0 primary cilium	201	183	183	183	180	160	OBSERVED_PROJECTION	OBSERVED_PROJECTION	20	NOT_COMPUTED_DEFINITION_CONFLICT
R-HSA-9975924	Assembly of the 9+2 motile cilia	33	26	26	26	26	26	OBSERVED_PROJECTION	OBSERVED_PROJECTION	0	NOT_COMPUTED_DEFINITION_CONFLICT
R-HSA-9976102	Differentiation of naive CD4+ T cells to T helper 2 cells (Th2 cells)	77	77	77	77	77	73	OBSERVED_PROJECTION	COMPLETE_MEMBERSHIP	4	NOT_COMPUTED_DEFINITION_CONFLICT
R-HSA-9979719	Processing of antigen in germinal center B cells	96	92	92	92	91	80	OBSERVED_PROJECTION	OBSERVED_PROJECTION	11	NOT_COMPUTED_DEFINITION_CONFLICT
R-HSA-9981148	Developmental Lineage of Pancreatic Endocrine Mid Progenitor Cells	25	25	24	24	24	24	OBSERVED_PROJECTION	OBSERVED_PROJECTION	0	NOT_COMPUTED_DEFINITION_CONFLICT
R-HSA-9988426	Negative transcriptional regulation of urea cycle enzymes	4	4	4	4	4	4	COMPLETE_MEMBERSHIP	COMPLETE_MEMBERSHIP	0	NOT_COMPUTED_DEFINITION_CONFLICT
