transform	support	omitted	beta_WT	beta_KO	theta_KO_minus_WT	gamma_WT	gamma_KO
zero_only_0.5	S0_old_genes_old_transcripts	A549_parent__CRISPRi_v3__vehicle__rep1;A549_parent__CRISPRi_v3__DNAPKi__rep1;A549_PRDX1KO__CRISPRi_v3__vehicle__rep1;A549_PRDX1KO__CRISPRi_v3__DNAPKi__rep1	0.21015219557772902	1.0997060374895167	0.8895538419117877	-1.9209762535903492	-1.173502099635273
zero_only_0.5	S0_old_genes_old_transcripts	A549_parent__CRISPRi_v3__vehicle__rep1;A549_parent__CRISPRi_v3__DNAPKi__rep1;A549_PRDX1KO__CRISPRi_v3__vehicle__rep1;A549_PRDX1KO__CRISPRi_v3__DNAPKi__rep2	0.21015219557772902	1.1038216299152495	0.8936694343375204	-1.9209762535903492	-1.173502099635273
zero_only_0.5	S0_old_genes_old_transcripts	A549_parent__CRISPRi_v3__vehicle__rep1;A549_parent__CRISPRi_v3__DNAPKi__rep1;A549_PRDX1KO__CRISPRi_v3__vehicle__rep1;A549_PRDX1KO__CRISPRi_v3__DNAPKi__rep3	0.21015219557772902	1.1512761664698372	0.9411239708921082	-1.9209762535903492	-1.173502099635273
zero_only_0.5	S0_old_genes_old_transcripts	A549_parent__CRISPRi_v3__vehicle__rep1;A549_parent__CRISPRi_v3__DNAPKi__rep1;A549_PRDX1KO__CRISPRi_v3__vehicle__rep2;A549_PRDX1KO__CRISPRi_v3__DNAPKi__rep1	0.21015219557772902	1.025504741535677	0.815352545957948	-1.9209762535903492	-1.0993008036814333
zero_only_0.5	S0_old_genes_old_transcripts	A549_parent__CRISPRi_v3__vehicle__rep1;A549_parent__CRISPRi_v3__DNAPKi__rep1;A549_PRDX1KO__CRISPRi_v3__vehicle__rep2;A549_PRDX1KO__CRISPRi_v3__DNAPKi__rep2	0.21015219557772902	1.0296203339614098	0.8194681383836808	-1.9209762535903492	-1.0993008036814333
zero_only_0.5	S0_old_genes_old_transcripts	A549_parent__CRISPRi_v3__vehicle__rep1;A549_parent__CRISPRi_v3__DNAPKi__rep1;A549_PRDX1KO__CRISPRi_v3__vehicle__rep2;A549_PRDX1KO__CRISPRi_v3__DNAPKi__rep3	0.21015219557772902	1.0770748705159976	0.8669226749382686	-1.9209762535903492	-1.0993008036814333
zero_only_0.5	S0_old_genes_old_transcripts	A549_parent__CRISPRi_v3__vehicle__rep1;A549_parent__CRISPRi_v3__DNAPKi__rep1;A549_PRDX1KO__CRISPRi_v3__vehicle__rep3;A549_PRDX1KO__CRISPRi_v3__DNAPKi__rep1	0.21015219557772902	1.0552414094015812	0.8450892138238522	-1.9209762535903492	-1.1290374715473375
zero_only_0.5	S0_old_genes_old_transcripts	A549_parent__CRISPRi_v3__vehicle__rep1;A549_parent__CRISPRi_v3__DNAPKi__rep1;A549_PRDX1KO__CRISPRi_v3__vehicle__rep3;A549_PRDX1KO__CRISPRi_v3__DNAPKi__rep2	0.21015219557772902	1.059357001827314	0.8492048062495849	-1.9209762535903492	-1.1290374715473375
zero_only_0.5	S0_old_genes_old_transcripts	A549_parent__CRISPRi_v3__vehicle__rep1;A549_parent__CRISPRi_v3__DNAPKi__rep1;A549_PRDX1KO__CRISPRi_v3__vehicle__rep3;A549_PRDX1KO__CRISPRi_v3__DNAPKi__rep3	0.21015219557772902	1.1068115383819017	0.8966593428041727	-1.9209762535903492	-1.1290374715473375
zero_only_0.5	S0_old_genes_old_transcripts	A549_parent__CRISPRi_v3__vehicle__rep1;A549_parent__CRISPRi_v3__DNAPKi__rep2;A549_PRDX1KO__CRISPRi_v3__vehicle__rep1;A549_PRDX1KO__CRISPRi_v3__DNAPKi__rep1	0.23538523070844053	1.0997060374895167	0.8643208067810761	-1.9209762535903492	-1.173502099635273
zero_only_0.5	S0_old_genes_old_transcripts	A549_parent__CRISPRi_v3__vehicle__rep1;A549_parent__CRISPRi_v3__DNAPKi__rep2;A549_PRDX1KO__CRISPRi_v3__vehicle__rep1;A549_PRDX1KO__CRISPRi_v3__DNAPKi__rep2	0.23538523070844053	1.1038216299152495	0.8684363992068089	-1.9209762535903492	-1.173502099635273
zero_only_0.5	S0_old_genes_old_transcripts	A549_parent__CRISPRi_v3__vehicle__rep1;A549_parent__CRISPRi_v3__DNAPKi__rep2;A549_PRDX1KO__CRISPRi_v3__vehicle__rep1;A549_PRDX1KO__CRISPRi_v3__DNAPKi__rep3	0.23538523070844053	1.1512761664698372	0.9158909357613967	-1.9209762535903492	-1.173502099635273
zero_only_0.5	S0_old_genes_old_transcripts	A549_parent__CRISPRi_v3__vehicle__rep1;A549_parent__CRISPRi_v3__DNAPKi__rep2;A549_PRDX1KO__CRISPRi_v3__vehicle__rep2;A549_PRDX1KO__CRISPRi_v3__DNAPKi__rep1	0.23538523070844053	1.025504741535677	0.7901195108272365	-1.9209762535903492	-1.0993008036814333
zero_only_0.5	S0_old_genes_old_transcripts	A549_parent__CRISPRi_v3__vehicle__rep1;A549_parent__CRISPRi_v3__DNAPKi__rep2;A549_PRDX1KO__CRISPRi_v3__vehicle__rep2;A549_PRDX1KO__CRISPRi_v3__DNAPKi__rep2	0.23538523070844053	1.0296203339614098	0.7942351032529693	-1.9209762535903492	-1.0993008036814333
zero_only_0.5	S0_old_genes_old_transcripts	A549_parent__CRISPRi_v3__vehicle__rep1;A549_parent__CRISPRi_v3__DNAPKi__rep2;A549_PRDX1KO__CRISPRi_v3__vehicle__rep2;A549_PRDX1KO__CRISPRi_v3__DNAPKi__rep3	0.23538523070844053	1.0770748705159976	0.8416896398075571	-1.9209762535903492	-1.0993008036814333
zero_only_0.5	S0_old_genes_old_transcripts	A549_parent__CRISPRi_v3__vehicle__rep1;A549_parent__CRISPRi_v3__DNAPKi__rep2;A549_PRDX1KO__CRISPRi_v3__vehicle__rep3;A549_PRDX1KO__CRISPRi_v3__DNAPKi__rep1	0.23538523070844053	1.0552414094015812	0.8198561786931406	-1.9209762535903492	-1.1290374715473375
zero_only_0.5	S0_old_genes_old_transcripts	A549_parent__CRISPRi_v3__vehicle__rep1;A549_parent__CRISPRi_v3__DNAPKi__rep2;A549_PRDX1KO__CRISPRi_v3__vehicle__rep3;A549_PRDX1KO__CRISPRi_v3__DNAPKi__rep2	0.23538523070844053	1.059357001827314	0.8239717711188734	-1.9209762535903492	-1.1290374715473375
zero_only_0.5	S0_old_genes_old_transcripts	A549_parent__CRISPRi_v3__vehicle__rep1;A549_parent__CRISPRi_v3__DNAPKi__rep2;A549_PRDX1KO__CRISPRi_v3__vehicle__rep3;A549_PRDX1KO__CRISPRi_v3__DNAPKi__rep3	0.23538523070844053	1.1068115383819017	0.8714263076734612	-1.9209762535903492	-1.1290374715473375
zero_only_0.5	S0_old_genes_old_transcripts	A549_parent__CRISPRi_v3__vehicle__rep1;A549_parent__CRISPRi_v3__DNAPKi__rep3;A549_PRDX1KO__CRISPRi_v3__vehicle__rep1;A549_PRDX1KO__CRISPRi_v3__DNAPKi__rep1	0.23725677744398777	1.0997060374895167	0.8624492600455289	-1.9209762535903492	-1.173502099635273
zero_only_0.5	S0_old_genes_old_transcripts	A549_parent__CRISPRi_v3__vehicle__rep1;A549_parent__CRISPRi_v3__DNAPKi__rep3;A549_PRDX1KO__CRISPRi_v3__vehicle__rep1;A549_PRDX1KO__CRISPRi_v3__DNAPKi__rep2	0.23725677744398777	1.1038216299152495	0.8665648524712617	-1.9209762535903492	-1.173502099635273
zero_only_0.5	S0_old_genes_old_transcripts	A549_parent__CRISPRi_v3__vehicle__rep1;A549_parent__CRISPRi_v3__DNAPKi__rep3;A549_PRDX1KO__CRISPRi_v3__vehicle__rep1;A549_PRDX1KO__CRISPRi_v3__DNAPKi__rep3	0.23725677744398777	1.1512761664698372	0.9140193890258494	-1.9209762535903492	-1.173502099635273
zero_only_0.5	S0_old_genes_old_transcripts	A549_parent__CRISPRi_v3__vehicle__rep1;A549_parent__CRISPRi_v3__DNAPKi__rep3;A549_PRDX1KO__CRISPRi_v3__vehicle__rep2;A549_PRDX1KO__CRISPRi_v3__DNAPKi__rep1	0.23725677744398777	1.025504741535677	0.7882479640916893	-1.9209762535903492	-1.0993008036814333
zero_only_0.5	S0_old_genes_old_transcripts	A549_parent__CRISPRi_v3__vehicle__rep1;A549_parent__CRISPRi_v3__DNAPKi__rep3;A549_PRDX1KO__CRISPRi_v3__vehicle__rep2;A549_PRDX1KO__CRISPRi_v3__DNAPKi__rep2	0.23725677744398777	1.0296203339614098	0.7923635565174221	-1.9209762535903492	-1.0993008036814333
zero_only_0.5	S0_old_genes_old_transcripts	A549_parent__CRISPRi_v3__vehicle__rep1;A549_parent__CRISPRi_v3__DNAPKi__rep3;A549_PRDX1KO__CRISPRi_v3__vehicle__rep2;A549_PRDX1KO__CRISPRi_v3__DNAPKi__rep3	0.23725677744398777	1.0770748705159976	0.8398180930720098	-1.9209762535903492	-1.0993008036814333
zero_only_0.5	S0_old_genes_old_transcripts	A549_parent__CRISPRi_v3__vehicle__rep1;A549_parent__CRISPRi_v3__DNAPKi__rep3;A549_PRDX1KO__CRISPRi_v3__vehicle__rep3;A549_PRDX1KO__CRISPRi_v3__DNAPKi__rep1	0.23725677744398777	1.0552414094015812	0.8179846319575934	-1.9209762535903492	-1.1290374715473375
zero_only_0.5	S0_old_genes_old_transcripts	A549_parent__CRISPRi_v3__vehicle__rep1;A549_parent__CRISPRi_v3__DNAPKi__rep3;A549_PRDX1KO__CRISPRi_v3__vehicle__rep3;A549_PRDX1KO__CRISPRi_v3__DNAPKi__rep2	0.23725677744398777	1.059357001827314	0.8221002243833262	-1.9209762535903492	-1.1290374715473375
zero_only_0.5	S0_old_genes_old_transcripts	A549_parent__CRISPRi_v3__vehicle__rep1;A549_parent__CRISPRi_v3__DNAPKi__rep3;A549_PRDX1KO__CRISPRi_v3__vehicle__rep3;A549_PRDX1KO__CRISPRi_v3__DNAPKi__rep3	0.23725677744398777	1.1068115383819017	0.869554760937914	-1.9209762535903492	-1.1290374715473375
zero_only_0.5	S0_old_genes_old_transcripts	A549_parent__CRISPRi_v3__vehicle__rep2;A549_parent__CRISPRi_v3__DNAPKi__rep1;A549_PRDX1KO__CRISPRi_v3__vehicle__rep1;A549_PRDX1KO__CRISPRi_v3__DNAPKi__rep1	0.1883892811189396	1.0997060374895167	0.9113167563705771	-1.8992133391315598	-1.173502099635273
zero_only_0.5	S0_old_genes_old_transcripts	A549_parent__CRISPRi_v3__vehicle__rep2;A549_parent__CRISPRi_v3__DNAPKi__rep1;A549_PRDX1KO__CRISPRi_v3__vehicle__rep1;A549_PRDX1KO__CRISPRi_v3__DNAPKi__rep2	0.1883892811189396	1.1038216299152495	0.9154323487963099	-1.8992133391315598	-1.173502099635273
zero_only_0.5	S0_old_genes_old_transcripts	A549_parent__CRISPRi_v3__vehicle__rep2;A549_parent__CRISPRi_v3__DNAPKi__rep1;A549_PRDX1KO__CRISPRi_v3__vehicle__rep1;A549_PRDX1KO__CRISPRi_v3__DNAPKi__rep3	0.1883892811189396	1.1512761664698372	0.9628868853508976	-1.8992133391315598	-1.173502099635273
zero_only_0.5	S0_old_genes_old_transcripts	A549_parent__CRISPRi_v3__vehicle__rep2;A549_parent__CRISPRi_v3__DNAPKi__rep1;A549_PRDX1KO__CRISPRi_v3__vehicle__rep2;A549_PRDX1KO__CRISPRi_v3__DNAPKi__rep1	0.1883892811189396	1.025504741535677	0.8371154604167375	-1.8992133391315598	-1.0993008036814333
zero_only_0.5	S0_old_genes_old_transcripts	A549_parent__CRISPRi_v3__vehicle__rep2;A549_parent__CRISPRi_v3__DNAPKi__rep1;A549_PRDX1KO__CRISPRi_v3__vehicle__rep2;A549_PRDX1KO__CRISPRi_v3__DNAPKi__rep2	0.1883892811189396	1.0296203339614098	0.8412310528424702	-1.8992133391315598	-1.0993008036814333
zero_only_0.5	S0_old_genes_old_transcripts	A549_parent__CRISPRi_v3__vehicle__rep2;A549_parent__CRISPRi_v3__DNAPKi__rep1;A549_PRDX1KO__CRISPRi_v3__vehicle__rep2;A549_PRDX1KO__CRISPRi_v3__DNAPKi__rep3	0.1883892811189396	1.0770748705159976	0.888685589397058	-1.8992133391315598	-1.0993008036814333
zero_only_0.5	S0_old_genes_old_transcripts	A549_parent__CRISPRi_v3__vehicle__rep2;A549_parent__CRISPRi_v3__DNAPKi__rep1;A549_PRDX1KO__CRISPRi_v3__vehicle__rep3;A549_PRDX1KO__CRISPRi_v3__DNAPKi__rep1	0.1883892811189396	1.0552414094015812	0.8668521282826416	-1.8992133391315598	-1.1290374715473375
zero_only_0.5	S0_old_genes_old_transcripts	A549_parent__CRISPRi_v3__vehicle__rep2;A549_parent__CRISPRi_v3__DNAPKi__rep1;A549_PRDX1KO__CRISPRi_v3__vehicle__rep3;A549_PRDX1KO__CRISPRi_v3__DNAPKi__rep2	0.1883892811189396	1.059357001827314	0.8709677207083744	-1.8992133391315598	-1.1290374715473375
zero_only_0.5	S0_old_genes_old_transcripts	A549_parent__CRISPRi_v3__vehicle__rep2;A549_parent__CRISPRi_v3__DNAPKi__rep1;A549_PRDX1KO__CRISPRi_v3__vehicle__rep3;A549_PRDX1KO__CRISPRi_v3__DNAPKi__rep3	0.1883892811189396	1.1068115383819017	0.9184222572629621	-1.8992133391315598	-1.1290374715473375
zero_only_0.5	S0_old_genes_old_transcripts	A549_parent__CRISPRi_v3__vehicle__rep2;A549_parent__CRISPRi_v3__DNAPKi__rep2;A549_PRDX1KO__CRISPRi_v3__vehicle__rep1;A549_PRDX1KO__CRISPRi_v3__DNAPKi__rep1	0.2136223162496511	1.0997060374895167	0.8860837212398656	-1.8992133391315598	-1.173502099635273
zero_only_0.5	S0_old_genes_old_transcripts	A549_parent__CRISPRi_v3__vehicle__rep2;A549_parent__CRISPRi_v3__DNAPKi__rep2;A549_PRDX1KO__CRISPRi_v3__vehicle__rep1;A549_PRDX1KO__CRISPRi_v3__DNAPKi__rep2	0.2136223162496511	1.1038216299152495	0.8901993136655983	-1.8992133391315598	-1.173502099635273
zero_only_0.5	S0_old_genes_old_transcripts	A549_parent__CRISPRi_v3__vehicle__rep2;A549_parent__CRISPRi_v3__DNAPKi__rep2;A549_PRDX1KO__CRISPRi_v3__vehicle__rep1;A549_PRDX1KO__CRISPRi_v3__DNAPKi__rep3	0.2136223162496511	1.1512761664698372	0.9376538502201861	-1.8992133391315598	-1.173502099635273
zero_only_0.5	S0_old_genes_old_transcripts	A549_parent__CRISPRi_v3__vehicle__rep2;A549_parent__CRISPRi_v3__DNAPKi__rep2;A549_PRDX1KO__CRISPRi_v3__vehicle__rep2;A549_PRDX1KO__CRISPRi_v3__DNAPKi__rep1	0.2136223162496511	1.025504741535677	0.8118824252860259	-1.8992133391315598	-1.0993008036814333
zero_only_0.5	S0_old_genes_old_transcripts	A549_parent__CRISPRi_v3__vehicle__rep2;A549_parent__CRISPRi_v3__DNAPKi__rep2;A549_PRDX1KO__CRISPRi_v3__vehicle__rep2;A549_PRDX1KO__CRISPRi_v3__DNAPKi__rep2	0.2136223162496511	1.0296203339614098	0.8159980177117587	-1.8992133391315598	-1.0993008036814333
zero_only_0.5	S0_old_genes_old_transcripts	A549_parent__CRISPRi_v3__vehicle__rep2;A549_parent__CRISPRi_v3__DNAPKi__rep2;A549_PRDX1KO__CRISPRi_v3__vehicle__rep2;A549_PRDX1KO__CRISPRi_v3__DNAPKi__rep3	0.2136223162496511	1.0770748705159976	0.8634525542663465	-1.8992133391315598	-1.0993008036814333
zero_only_0.5	S0_old_genes_old_transcripts	A549_parent__CRISPRi_v3__vehicle__rep2;A549_parent__CRISPRi_v3__DNAPKi__rep2;A549_PRDX1KO__CRISPRi_v3__vehicle__rep3;A549_PRDX1KO__CRISPRi_v3__DNAPKi__rep1	0.2136223162496511	1.0552414094015812	0.8416190931519301	-1.8992133391315598	-1.1290374715473375
zero_only_0.5	S0_old_genes_old_transcripts	A549_parent__CRISPRi_v3__vehicle__rep2;A549_parent__CRISPRi_v3__DNAPKi__rep2;A549_PRDX1KO__CRISPRi_v3__vehicle__rep3;A549_PRDX1KO__CRISPRi_v3__DNAPKi__rep2	0.2136223162496511	1.059357001827314	0.8457346855776628	-1.8992133391315598	-1.1290374715473375
zero_only_0.5	S0_old_genes_old_transcripts	A549_parent__CRISPRi_v3__vehicle__rep2;A549_parent__CRISPRi_v3__DNAPKi__rep2;A549_PRDX1KO__CRISPRi_v3__vehicle__rep3;A549_PRDX1KO__CRISPRi_v3__DNAPKi__rep3	0.2136223162496511	1.1068115383819017	0.8931892221322506	-1.8992133391315598	-1.1290374715473375
zero_only_0.5	S0_old_genes_old_transcripts	A549_parent__CRISPRi_v3__vehicle__rep2;A549_parent__CRISPRi_v3__DNAPKi__rep3;A549_PRDX1KO__CRISPRi_v3__vehicle__rep1;A549_PRDX1KO__CRISPRi_v3__DNAPKi__rep1	0.21549386298519835	1.0997060374895167	0.8842121745043183	-1.8992133391315598	-1.173502099635273
zero_only_0.5	S0_old_genes_old_transcripts	A549_parent__CRISPRi_v3__vehicle__rep2;A549_parent__CRISPRi_v3__DNAPKi__rep3;A549_PRDX1KO__CRISPRi_v3__vehicle__rep1;A549_PRDX1KO__CRISPRi_v3__DNAPKi__rep2	0.21549386298519835	1.1038216299152495	0.8883277669300511	-1.8992133391315598	-1.173502099635273
zero_only_0.5	S0_old_genes_old_transcripts	A549_parent__CRISPRi_v3__vehicle__rep2;A549_parent__CRISPRi_v3__DNAPKi__rep3;A549_PRDX1KO__CRISPRi_v3__vehicle__rep1;A549_PRDX1KO__CRISPRi_v3__DNAPKi__rep3	0.21549386298519835	1.1512761664698372	0.9357823034846389	-1.8992133391315598	-1.173502099635273
zero_only_0.5	S0_old_genes_old_transcripts	A549_parent__CRISPRi_v3__vehicle__rep2;A549_parent__CRISPRi_v3__DNAPKi__rep3;A549_PRDX1KO__CRISPRi_v3__vehicle__rep2;A549_PRDX1KO__CRISPRi_v3__DNAPKi__rep1	0.21549386298519835	1.025504741535677	0.8100108785504787	-1.8992133391315598	-1.0993008036814333
zero_only_0.5	S0_old_genes_old_transcripts	A549_parent__CRISPRi_v3__vehicle__rep2;A549_parent__CRISPRi_v3__DNAPKi__rep3;A549_PRDX1KO__CRISPRi_v3__vehicle__rep2;A549_PRDX1KO__CRISPRi_v3__DNAPKi__rep2	0.21549386298519835	1.0296203339614098	0.8141264709762115	-1.8992133391315598	-1.0993008036814333
zero_only_0.5	S0_old_genes_old_transcripts	A549_parent__CRISPRi_v3__vehicle__rep2;A549_parent__CRISPRi_v3__DNAPKi__rep3;A549_PRDX1KO__CRISPRi_v3__vehicle__rep2;A549_PRDX1KO__CRISPRi_v3__DNAPKi__rep3	0.21549386298519835	1.0770748705159976	0.8615810075307992	-1.8992133391315598	-1.0993008036814333
zero_only_0.5	S0_old_genes_old_transcripts	A549_parent__CRISPRi_v3__vehicle__rep2;A549_parent__CRISPRi_v3__DNAPKi__rep3;A549_PRDX1KO__CRISPRi_v3__vehicle__rep3;A549_PRDX1KO__CRISPRi_v3__DNAPKi__rep1	0.21549386298519835	1.0552414094015812	0.8397475464163828	-1.8992133391315598	-1.1290374715473375
zero_only_0.5	S0_old_genes_old_transcripts	A549_parent__CRISPRi_v3__vehicle__rep2;A549_parent__CRISPRi_v3__DNAPKi__rep3;A549_PRDX1KO__CRISPRi_v3__vehicle__rep3;A549_PRDX1KO__CRISPRi_v3__DNAPKi__rep2	0.21549386298519835	1.059357001827314	0.8438631388421156	-1.8992133391315598	-1.1290374715473375
zero_only_0.5	S0_old_genes_old_transcripts	A549_parent__CRISPRi_v3__vehicle__rep2;A549_parent__CRISPRi_v3__DNAPKi__rep3;A549_PRDX1KO__CRISPRi_v3__vehicle__rep3;A549_PRDX1KO__CRISPRi_v3__DNAPKi__rep3	0.21549386298519835	1.1068115383819017	0.8913176753967034	-1.8992133391315598	-1.1290374715473375
zero_only_0.5	S0_old_genes_old_transcripts	A549_parent__CRISPRi_v3__vehicle__rep3;A549_parent__CRISPRi_v3__DNAPKi__rep1;A549_PRDX1KO__CRISPRi_v3__vehicle__rep1;A549_PRDX1KO__CRISPRi_v3__DNAPKi__rep1	0.20324524852782	1.0997060374895167	0.8964607889616967	-1.9140693065404402	-1.173502099635273
zero_only_0.5	S0_old_genes_old_transcripts	A549_parent__CRISPRi_v3__vehicle__rep3;A549_parent__CRISPRi_v3__DNAPKi__rep1;A549_PRDX1KO__CRISPRi_v3__vehicle__rep1;A549_PRDX1KO__CRISPRi_v3__DNAPKi__rep2	0.20324524852782	1.1038216299152495	0.9005763813874295	-1.9140693065404402	-1.173502099635273
zero_only_0.5	S0_old_genes_old_transcripts	A549_parent__CRISPRi_v3__vehicle__rep3;A549_parent__CRISPRi_v3__DNAPKi__rep1;A549_PRDX1KO__CRISPRi_v3__vehicle__rep1;A549_PRDX1KO__CRISPRi_v3__DNAPKi__rep3	0.20324524852782	1.1512761664698372	0.9480309179420172	-1.9140693065404402	-1.173502099635273
zero_only_0.5	S0_old_genes_old_transcripts	A549_parent__CRISPRi_v3__vehicle__rep3;A549_parent__CRISPRi_v3__DNAPKi__rep1;A549_PRDX1KO__CRISPRi_v3__vehicle__rep2;A549_PRDX1KO__CRISPRi_v3__DNAPKi__rep1	0.20324524852782	1.025504741535677	0.8222594930078571	-1.9140693065404402	-1.0993008036814333
zero_only_0.5	S0_old_genes_old_transcripts	A549_parent__CRISPRi_v3__vehicle__rep3;A549_parent__CRISPRi_v3__DNAPKi__rep1;A549_PRDX1KO__CRISPRi_v3__vehicle__rep2;A549_PRDX1KO__CRISPRi_v3__DNAPKi__rep2	0.20324524852782	1.0296203339614098	0.8263750854335898	-1.9140693065404402	-1.0993008036814333
zero_only_0.5	S0_old_genes_old_transcripts	A549_parent__CRISPRi_v3__vehicle__rep3;A549_parent__CRISPRi_v3__DNAPKi__rep1;A549_PRDX1KO__CRISPRi_v3__vehicle__rep2;A549_PRDX1KO__CRISPRi_v3__DNAPKi__rep3	0.20324524852782	1.0770748705159976	0.8738296219881776	-1.9140693065404402	-1.0993008036814333
zero_only_0.5	S0_old_genes_old_transcripts	A549_parent__CRISPRi_v3__vehicle__rep3;A549_parent__CRISPRi_v3__DNAPKi__rep1;A549_PRDX1KO__CRISPRi_v3__vehicle__rep3;A549_PRDX1KO__CRISPRi_v3__DNAPKi__rep1	0.20324524852782	1.0552414094015812	0.8519961608737612	-1.9140693065404402	-1.1290374715473375
zero_only_0.5	S0_old_genes_old_transcripts	A549_parent__CRISPRi_v3__vehicle__rep3;A549_parent__CRISPRi_v3__DNAPKi__rep1;A549_PRDX1KO__CRISPRi_v3__vehicle__rep3;A549_PRDX1KO__CRISPRi_v3__DNAPKi__rep2	0.20324524852782	1.059357001827314	0.856111753299494	-1.9140693065404402	-1.1290374715473375
zero_only_0.5	S0_old_genes_old_transcripts	A549_parent__CRISPRi_v3__vehicle__rep3;A549_parent__CRISPRi_v3__DNAPKi__rep1;A549_PRDX1KO__CRISPRi_v3__vehicle__rep3;A549_PRDX1KO__CRISPRi_v3__DNAPKi__rep3	0.20324524852782	1.1068115383819017	0.9035662898540817	-1.9140693065404402	-1.1290374715473375
zero_only_0.5	S0_old_genes_old_transcripts	A549_parent__CRISPRi_v3__vehicle__rep3;A549_parent__CRISPRi_v3__DNAPKi__rep2;A549_PRDX1KO__CRISPRi_v3__vehicle__rep1;A549_PRDX1KO__CRISPRi_v3__DNAPKi__rep1	0.2284782836585315	1.0997060374895167	0.8712277538309852	-1.9140693065404402	-1.173502099635273
zero_only_0.5	S0_old_genes_old_transcripts	A549_parent__CRISPRi_v3__vehicle__rep3;A549_parent__CRISPRi_v3__DNAPKi__rep2;A549_PRDX1KO__CRISPRi_v3__vehicle__rep1;A549_PRDX1KO__CRISPRi_v3__DNAPKi__rep2	0.2284782836585315	1.1038216299152495	0.875343346256718	-1.9140693065404402	-1.173502099635273
zero_only_0.5	S0_old_genes_old_transcripts	A549_parent__CRISPRi_v3__vehicle__rep3;A549_parent__CRISPRi_v3__DNAPKi__rep2;A549_PRDX1KO__CRISPRi_v3__vehicle__rep1;A549_PRDX1KO__CRISPRi_v3__DNAPKi__rep3	0.2284782836585315	1.1512761664698372	0.9227978828113057	-1.9140693065404402	-1.173502099635273
zero_only_0.5	S0_old_genes_old_transcripts	A549_parent__CRISPRi_v3__vehicle__rep3;A549_parent__CRISPRi_v3__DNAPKi__rep2;A549_PRDX1KO__CRISPRi_v3__vehicle__rep2;A549_PRDX1KO__CRISPRi_v3__DNAPKi__rep1	0.2284782836585315	1.025504741535677	0.7970264578771455	-1.9140693065404402	-1.0993008036814333
zero_only_0.5	S0_old_genes_old_transcripts	A549_parent__CRISPRi_v3__vehicle__rep3;A549_parent__CRISPRi_v3__DNAPKi__rep2;A549_PRDX1KO__CRISPRi_v3__vehicle__rep2;A549_PRDX1KO__CRISPRi_v3__DNAPKi__rep2	0.2284782836585315	1.0296203339614098	0.8011420503028783	-1.9140693065404402	-1.0993008036814333
zero_only_0.5	S0_old_genes_old_transcripts	A549_parent__CRISPRi_v3__vehicle__rep3;A549_parent__CRISPRi_v3__DNAPKi__rep2;A549_PRDX1KO__CRISPRi_v3__vehicle__rep2;A549_PRDX1KO__CRISPRi_v3__DNAPKi__rep3	0.2284782836585315	1.0770748705159976	0.8485965868574661	-1.9140693065404402	-1.0993008036814333
zero_only_0.5	S0_old_genes_old_transcripts	A549_parent__CRISPRi_v3__vehicle__rep3;A549_parent__CRISPRi_v3__DNAPKi__rep2;A549_PRDX1KO__CRISPRi_v3__vehicle__rep3;A549_PRDX1KO__CRISPRi_v3__DNAPKi__rep1	0.2284782836585315	1.0552414094015812	0.8267631257430497	-1.9140693065404402	-1.1290374715473375
zero_only_0.5	S0_old_genes_old_transcripts	A549_parent__CRISPRi_v3__vehicle__rep3;A549_parent__CRISPRi_v3__DNAPKi__rep2;A549_PRDX1KO__CRISPRi_v3__vehicle__rep3;A549_PRDX1KO__CRISPRi_v3__DNAPKi__rep2	0.2284782836585315	1.059357001827314	0.8308787181687824	-1.9140693065404402	-1.1290374715473375
zero_only_0.5	S0_old_genes_old_transcripts	A549_parent__CRISPRi_v3__vehicle__rep3;A549_parent__CRISPRi_v3__DNAPKi__rep2;A549_PRDX1KO__CRISPRi_v3__vehicle__rep3;A549_PRDX1KO__CRISPRi_v3__DNAPKi__rep3	0.2284782836585315	1.1068115383819017	0.8783332547233702	-1.9140693065404402	-1.1290374715473375
zero_only_0.5	S0_old_genes_old_transcripts	A549_parent__CRISPRi_v3__vehicle__rep3;A549_parent__CRISPRi_v3__DNAPKi__rep3;A549_PRDX1KO__CRISPRi_v3__vehicle__rep1;A549_PRDX1KO__CRISPRi_v3__DNAPKi__rep1	0.23034983039407875	1.0997060374895167	0.8693562070954379	-1.9140693065404402	-1.173502099635273
zero_only_0.5	S0_old_genes_old_transcripts	A549_parent__CRISPRi_v3__vehicle__rep3;A549_parent__CRISPRi_v3__DNAPKi__rep3;A549_PRDX1KO__CRISPRi_v3__vehicle__rep1;A549_PRDX1KO__CRISPRi_v3__DNAPKi__rep2	0.23034983039407875	1.1038216299152495	0.8734717995211707	-1.9140693065404402	-1.173502099635273
zero_only_0.5	S0_old_genes_old_transcripts	A549_parent__CRISPRi_v3__vehicle__rep3;A549_parent__CRISPRi_v3__DNAPKi__rep3;A549_PRDX1KO__CRISPRi_v3__vehicle__rep1;A549_PRDX1KO__CRISPRi_v3__DNAPKi__rep3	0.23034983039407875	1.1512761664698372	0.9209263360757585	-1.9140693065404402	-1.173502099635273
zero_only_0.5	S0_old_genes_old_transcripts	A549_parent__CRISPRi_v3__vehicle__rep3;A549_parent__CRISPRi_v3__DNAPKi__rep3;A549_PRDX1KO__CRISPRi_v3__vehicle__rep2;A549_PRDX1KO__CRISPRi_v3__DNAPKi__rep1	0.23034983039407875	1.025504741535677	0.7951549111415983	-1.9140693065404402	-1.0993008036814333
zero_only_0.5	S0_old_genes_old_transcripts	A549_parent__CRISPRi_v3__vehicle__rep3;A549_parent__CRISPRi_v3__DNAPKi__rep3;A549_PRDX1KO__CRISPRi_v3__vehicle__rep2;A549_PRDX1KO__CRISPRi_v3__DNAPKi__rep2	0.23034983039407875	1.0296203339614098	0.7992705035673311	-1.9140693065404402	-1.0993008036814333
zero_only_0.5	S0_old_genes_old_transcripts	A549_parent__CRISPRi_v3__vehicle__rep3;A549_parent__CRISPRi_v3__DNAPKi__rep3;A549_PRDX1KO__CRISPRi_v3__vehicle__rep2;A549_PRDX1KO__CRISPRi_v3__DNAPKi__rep3	0.23034983039407875	1.0770748705159976	0.8467250401219188	-1.9140693065404402	-1.0993008036814333
zero_only_0.5	S0_old_genes_old_transcripts	A549_parent__CRISPRi_v3__vehicle__rep3;A549_parent__CRISPRi_v3__DNAPKi__rep3;A549_PRDX1KO__CRISPRi_v3__vehicle__rep3;A549_PRDX1KO__CRISPRi_v3__DNAPKi__rep1	0.23034983039407875	1.0552414094015812	0.8248915790075024	-1.9140693065404402	-1.1290374715473375
zero_only_0.5	S0_old_genes_old_transcripts	A549_parent__CRISPRi_v3__vehicle__rep3;A549_parent__CRISPRi_v3__DNAPKi__rep3;A549_PRDX1KO__CRISPRi_v3__vehicle__rep3;A549_PRDX1KO__CRISPRi_v3__DNAPKi__rep2	0.23034983039407875	1.059357001827314	0.8290071714332352	-1.9140693065404402	-1.1290374715473375
zero_only_0.5	S0_old_genes_old_transcripts	A549_parent__CRISPRi_v3__vehicle__rep3;A549_parent__CRISPRi_v3__DNAPKi__rep3;A549_PRDX1KO__CRISPRi_v3__vehicle__rep3;A549_PRDX1KO__CRISPRi_v3__DNAPKi__rep3	0.23034983039407875	1.1068115383819017	0.876461707987823	-1.9140693065404402	-1.1290374715473375
zero_only_0.5	S1_old_genes_T0_transcripts	A549_parent__CRISPRi_v3__vehicle__rep1;A549_parent__CRISPRi_v3__DNAPKi__rep1;A549_PRDX1KO__CRISPRi_v3__vehicle__rep1;A549_PRDX1KO__CRISPRi_v3__DNAPKi__rep1	0.28250473928329634	0.7583505873190094	0.47584584803571306	-1.2778854779069	-0.5089703130466406
zero_only_0.5	S1_old_genes_T0_transcripts	A549_parent__CRISPRi_v3__vehicle__rep1;A549_parent__CRISPRi_v3__DNAPKi__rep1;A549_PRDX1KO__CRISPRi_v3__vehicle__rep1;A549_PRDX1KO__CRISPRi_v3__DNAPKi__rep2	0.28250473928329634	0.7585779070095328	0.4760731677262364	-1.2778854779069	-0.5089703130466406
zero_only_0.5	S1_old_genes_T0_transcripts	A549_parent__CRISPRi_v3__vehicle__rep1;A549_parent__CRISPRi_v3__DNAPKi__rep1;A549_PRDX1KO__CRISPRi_v3__vehicle__rep1;A549_PRDX1KO__CRISPRi_v3__DNAPKi__rep3	0.28250473928329634	0.7823612477310475	0.4998565084477512	-1.2778854779069	-0.5089703130466406
zero_only_0.5	S1_old_genes_T0_transcripts	A549_parent__CRISPRi_v3__vehicle__rep1;A549_parent__CRISPRi_v3__DNAPKi__rep1;A549_PRDX1KO__CRISPRi_v3__vehicle__rep2;A549_PRDX1KO__CRISPRi_v3__DNAPKi__rep1	0.28250473928329634	0.6373655030495611	0.35486076376626474	-1.2778854779069	-0.3879852287771923
zero_only_0.5	S1_old_genes_T0_transcripts	A549_parent__CRISPRi_v3__vehicle__rep1;A549_parent__CRISPRi_v3__DNAPKi__rep1;A549_PRDX1KO__CRISPRi_v3__vehicle__rep2;A549_PRDX1KO__CRISPRi_v3__DNAPKi__rep2	0.28250473928329634	0.6375928227400844	0.3550880834567881	-1.2778854779069	-0.3879852287771923
zero_only_0.5	S1_old_genes_T0_transcripts	A549_parent__CRISPRi_v3__vehicle__rep1;A549_parent__CRISPRi_v3__DNAPKi__rep1;A549_PRDX1KO__CRISPRi_v3__vehicle__rep2;A549_PRDX1KO__CRISPRi_v3__DNAPKi__rep3	0.28250473928329634	0.6613761634615992	0.3788714241783029	-1.2778854779069	-0.3879852287771923
zero_only_0.5	S1_old_genes_T0_transcripts	A549_parent__CRISPRi_v3__vehicle__rep1;A549_parent__CRISPRi_v3__DNAPKi__rep1;A549_PRDX1KO__CRISPRi_v3__vehicle__rep3;A549_PRDX1KO__CRISPRi_v3__DNAPKi__rep1	0.28250473928329634	0.85203368823918	0.5695289489558837	-1.2778854779069	-0.6026534139668113
zero_only_0.5	S1_old_genes_T0_transcripts	A549_parent__CRISPRi_v3__vehicle__rep1;A549_parent__CRISPRi_v3__DNAPKi__rep1;A549_PRDX1KO__CRISPRi_v3__vehicle__rep3;A549_PRDX1KO__CRISPRi_v3__DNAPKi__rep2	0.28250473928329634	0.8522610079297034	0.569756268646407	-1.2778854779069	-0.6026534139668113
zero_only_0.5	S1_old_genes_T0_transcripts	A549_parent__CRISPRi_v3__vehicle__rep1;A549_parent__CRISPRi_v3__DNAPKi__rep1;A549_PRDX1KO__CRISPRi_v3__vehicle__rep3;A549_PRDX1KO__CRISPRi_v3__DNAPKi__rep3	0.28250473928329634	0.8760443486512182	0.5935396093679218	-1.2778854779069	-0.6026534139668113
zero_only_0.5	S1_old_genes_T0_transcripts	A549_parent__CRISPRi_v3__vehicle__rep1;A549_parent__CRISPRi_v3__DNAPKi__rep2;A549_PRDX1KO__CRISPRi_v3__vehicle__rep1;A549_PRDX1KO__CRISPRi_v3__DNAPKi__rep1	0.2944948271364597	0.7583505873190094	0.4638557601825497	-1.2778854779069	-0.5089703130466406
zero_only_0.5	S1_old_genes_T0_transcripts	A549_parent__CRISPRi_v3__vehicle__rep1;A549_parent__CRISPRi_v3__DNAPKi__rep2;A549_PRDX1KO__CRISPRi_v3__vehicle__rep1;A549_PRDX1KO__CRISPRi_v3__DNAPKi__rep2	0.2944948271364597	0.7585779070095328	0.46408307987307307	-1.2778854779069	-0.5089703130466406
zero_only_0.5	S1_old_genes_T0_transcripts	A549_parent__CRISPRi_v3__vehicle__rep1;A549_parent__CRISPRi_v3__DNAPKi__rep2;A549_PRDX1KO__CRISPRi_v3__vehicle__rep1;A549_PRDX1KO__CRISPRi_v3__DNAPKi__rep3	0.2944948271364597	0.7823612477310475	0.48786642059458785	-1.2778854779069	-0.5089703130466406
zero_only_0.5	S1_old_genes_T0_transcripts	A549_parent__CRISPRi_v3__vehicle__rep1;A549_parent__CRISPRi_v3__DNAPKi__rep2;A549_PRDX1KO__CRISPRi_v3__vehicle__rep2;A549_PRDX1KO__CRISPRi_v3__DNAPKi__rep1	0.2944948271364597	0.6373655030495611	0.3428706759131014	-1.2778854779069	-0.3879852287771923
zero_only_0.5	S1_old_genes_T0_transcripts	A549_parent__CRISPRi_v3__vehicle__rep1;A549_parent__CRISPRi_v3__DNAPKi__rep2;A549_PRDX1KO__CRISPRi_v3__vehicle__rep2;A549_PRDX1KO__CRISPRi_v3__DNAPKi__rep2	0.2944948271364597	0.6375928227400844	0.34309799560362475	-1.2778854779069	-0.3879852287771923
zero_only_0.5	S1_old_genes_T0_transcripts	A549_parent__CRISPRi_v3__vehicle__rep1;A549_parent__CRISPRi_v3__DNAPKi__rep2;A549_PRDX1KO__CRISPRi_v3__vehicle__rep2;A549_PRDX1KO__CRISPRi_v3__DNAPKi__rep3	0.2944948271364597	0.6613761634615992	0.36688133632513953	-1.2778854779069	-0.3879852287771923
zero_only_0.5	S1_old_genes_T0_transcripts	A549_parent__CRISPRi_v3__vehicle__rep1;A549_parent__CRISPRi_v3__DNAPKi__rep2;A549_PRDX1KO__CRISPRi_v3__vehicle__rep3;A549_PRDX1KO__CRISPRi_v3__DNAPKi__rep1	0.2944948271364597	0.85203368823918	0.5575388611027203	-1.2778854779069	-0.6026534139668113
zero_only_0.5	S1_old_genes_T0_transcripts	A549_parent__CRISPRi_v3__vehicle__rep1;A549_parent__CRISPRi_v3__DNAPKi__rep2;A549_PRDX1KO__CRISPRi_v3__vehicle__rep3;A549_PRDX1KO__CRISPRi_v3__DNAPKi__rep2	0.2944948271364597	0.8522610079297034	0.5577661807932437	-1.2778854779069	-0.6026534139668113
zero_only_0.5	S1_old_genes_T0_transcripts	A549_parent__CRISPRi_v3__vehicle__rep1;A549_parent__CRISPRi_v3__DNAPKi__rep2;A549_PRDX1KO__CRISPRi_v3__vehicle__rep3;A549_PRDX1KO__CRISPRi_v3__DNAPKi__rep3	0.2944948271364597	0.8760443486512182	0.5815495215147585	-1.2778854779069	-0.6026534139668113
zero_only_0.5	S1_old_genes_T0_transcripts	A549_parent__CRISPRi_v3__vehicle__rep1;A549_parent__CRISPRi_v3__DNAPKi__rep3;A549_PRDX1KO__CRISPRi_v3__vehicle__rep1;A549_PRDX1KO__CRISPRi_v3__DNAPKi__rep1	0.34299307939972357	0.7583505873190094	0.41535750791928583	-1.2778854779069	-0.5089703130466406
zero_only_0.5	S1_old_genes_T0_transcripts	A549_parent__CRISPRi_v3__vehicle__rep1;A549_parent__CRISPRi_v3__DNAPKi__rep3;A549_PRDX1KO__CRISPRi_v3__vehicle__rep1;A549_PRDX1KO__CRISPRi_v3__DNAPKi__rep2	0.34299307939972357	0.7585779070095328	0.4155848276098092	-1.2778854779069	-0.5089703130466406
zero_only_0.5	S1_old_genes_T0_transcripts	A549_parent__CRISPRi_v3__vehicle__rep1;A549_parent__CRISPRi_v3__DNAPKi__rep3;A549_PRDX1KO__CRISPRi_v3__vehicle__rep1;A549_PRDX1KO__CRISPRi_v3__DNAPKi__rep3	0.34299307939972357	0.7823612477310475	0.43936816833132397	-1.2778854779069	-0.5089703130466406
zero_only_0.5	S1_old_genes_T0_transcripts	A549_parent__CRISPRi_v3__vehicle__rep1;A549_parent__CRISPRi_v3__DNAPKi__rep3;A549_PRDX1KO__CRISPRi_v3__vehicle__rep2;A549_PRDX1KO__CRISPRi_v3__DNAPKi__rep1	0.34299307939972357	0.6373655030495611	0.2943724236498375	-1.2778854779069	-0.3879852287771923
zero_only_0.5	S1_old_genes_T0_transcripts	A549_parent__CRISPRi_v3__vehicle__rep1;A549_parent__CRISPRi_v3__DNAPKi__rep3;A549_PRDX1KO__CRISPRi_v3__vehicle__rep2;A549_PRDX1KO__CRISPRi_v3__DNAPKi__rep2	0.34299307939972357	0.6375928227400844	0.2945997433403609	-1.2778854779069	-0.3879852287771923
zero_only_0.5	S1_old_genes_T0_transcripts	A549_parent__CRISPRi_v3__vehicle__rep1;A549_parent__CRISPRi_v3__DNAPKi__rep3;A549_PRDX1KO__CRISPRi_v3__vehicle__rep2;A549_PRDX1KO__CRISPRi_v3__DNAPKi__rep3	0.34299307939972357	0.6613761634615992	0.31838308406187565	-1.2778854779069	-0.3879852287771923
zero_only_0.5	S1_old_genes_T0_transcripts	A549_parent__CRISPRi_v3__vehicle__rep1;A549_parent__CRISPRi_v3__DNAPKi__rep3;A549_PRDX1KO__CRISPRi_v3__vehicle__rep3;A549_PRDX1KO__CRISPRi_v3__DNAPKi__rep1	0.34299307939972357	0.85203368823918	0.5090406088394565	-1.2778854779069	-0.6026534139668113
zero_only_0.5	S1_old_genes_T0_transcripts	A549_parent__CRISPRi_v3__vehicle__rep1;A549_parent__CRISPRi_v3__DNAPKi__rep3;A549_PRDX1KO__CRISPRi_v3__vehicle__rep3;A549_PRDX1KO__CRISPRi_v3__DNAPKi__rep2	0.34299307939972357	0.8522610079297034	0.5092679285299798	-1.2778854779069	-0.6026534139668113
zero_only_0.5	S1_old_genes_T0_transcripts	A549_parent__CRISPRi_v3__vehicle__rep1;A549_parent__CRISPRi_v3__DNAPKi__rep3;A549_PRDX1KO__CRISPRi_v3__vehicle__rep3;A549_PRDX1KO__CRISPRi_v3__DNAPKi__rep3	0.34299307939972357	0.8760443486512182	0.5330512692514946	-1.2778854779069	-0.6026534139668113
zero_only_0.5	S1_old_genes_T0_transcripts	A549_parent__CRISPRi_v3__vehicle__rep2;A549_parent__CRISPRi_v3__DNAPKi__rep1;A549_PRDX1KO__CRISPRi_v3__vehicle__rep1;A549_PRDX1KO__CRISPRi_v3__DNAPKi__rep1	0.194719226502447	0.7583505873190094	0.5636313608165624	-1.1900999651260507	-0.5089703130466406
zero_only_0.5	S1_old_genes_T0_transcripts	A549_parent__CRISPRi_v3__vehicle__rep2;A549_parent__CRISPRi_v3__DNAPKi__rep1;A549_PRDX1KO__CRISPRi_v3__vehicle__rep1;A549_PRDX1KO__CRISPRi_v3__DNAPKi__rep2	0.194719226502447	0.7585779070095328	0.5638586805070858	-1.1900999651260507	-0.5089703130466406
zero_only_0.5	S1_old_genes_T0_transcripts	A549_parent__CRISPRi_v3__vehicle__rep2;A549_parent__CRISPRi_v3__DNAPKi__rep1;A549_PRDX1KO__CRISPRi_v3__vehicle__rep1;A549_PRDX1KO__CRISPRi_v3__DNAPKi__rep3	0.194719226502447	0.7823612477310475	0.5876420212286005	-1.1900999651260507	-0.5089703130466406
zero_only_0.5	S1_old_genes_T0_transcripts	A549_parent__CRISPRi_v3__vehicle__rep2;A549_parent__CRISPRi_v3__DNAPKi__rep1;A549_PRDX1KO__CRISPRi_v3__vehicle__rep2;A549_PRDX1KO__CRISPRi_v3__DNAPKi__rep1	0.194719226502447	0.6373655030495611	0.4426462765471141	-1.1900999651260507	-0.3879852287771923
zero_only_0.5	S1_old_genes_T0_transcripts	A549_parent__CRISPRi_v3__vehicle__rep2;A549_parent__CRISPRi_v3__DNAPKi__rep1;A549_PRDX1KO__CRISPRi_v3__vehicle__rep2;A549_PRDX1KO__CRISPRi_v3__DNAPKi__rep2	0.194719226502447	0.6375928227400844	0.44287359623763745	-1.1900999651260507	-0.3879852287771923
zero_only_0.5	S1_old_genes_T0_transcripts	A549_parent__CRISPRi_v3__vehicle__rep2;A549_parent__CRISPRi_v3__DNAPKi__rep1;A549_PRDX1KO__CRISPRi_v3__vehicle__rep2;A549_PRDX1KO__CRISPRi_v3__DNAPKi__rep3	0.194719226502447	0.6613761634615992	0.4666569369591522	-1.1900999651260507	-0.3879852287771923
zero_only_0.5	S1_old_genes_T0_transcripts	A549_parent__CRISPRi_v3__vehicle__rep2;A549_parent__CRISPRi_v3__DNAPKi__rep1;A549_PRDX1KO__CRISPRi_v3__vehicle__rep3;A549_PRDX1KO__CRISPRi_v3__DNAPKi__rep1	0.194719226502447	0.85203368823918	0.657314461736733	-1.1900999651260507	-0.6026534139668113
zero_only_0.5	S1_old_genes_T0_transcripts	A549_parent__CRISPRi_v3__vehicle__rep2;A549_parent__CRISPRi_v3__DNAPKi__rep1;A549_PRDX1KO__CRISPRi_v3__vehicle__rep3;A549_PRDX1KO__CRISPRi_v3__DNAPKi__rep2	0.194719226502447	0.8522610079297034	0.6575417814272564	-1.1900999651260507	-0.6026534139668113
zero_only_0.5	S1_old_genes_T0_transcripts	A549_parent__CRISPRi_v3__vehicle__rep2;A549_parent__CRISPRi_v3__DNAPKi__rep1;A549_PRDX1KO__CRISPRi_v3__vehicle__rep3;A549_PRDX1KO__CRISPRi_v3__DNAPKi__rep3	0.194719226502447	0.8760443486512182	0.6813251221487712	-1.1900999651260507	-0.6026534139668113
zero_only_0.5	S1_old_genes_T0_transcripts	A549_parent__CRISPRi_v3__vehicle__rep2;A549_parent__CRISPRi_v3__DNAPKi__rep2;A549_PRDX1KO__CRISPRi_v3__vehicle__rep1;A549_PRDX1KO__CRISPRi_v3__DNAPKi__rep1	0.20670931435561035	0.7583505873190094	0.551641272963399	-1.1900999651260507	-0.5089703130466406
zero_only_0.5	S1_old_genes_T0_transcripts	A549_parent__CRISPRi_v3__vehicle__rep2;A549_parent__CRISPRi_v3__DNAPKi__rep2;A549_PRDX1KO__CRISPRi_v3__vehicle__rep1;A549_PRDX1KO__CRISPRi_v3__DNAPKi__rep2	0.20670931435561035	0.7585779070095328	0.5518685926539224	-1.1900999651260507	-0.5089703130466406
zero_only_0.5	S1_old_genes_T0_transcripts	A549_parent__CRISPRi_v3__vehicle__rep2;A549_parent__CRISPRi_v3__DNAPKi__rep2;A549_PRDX1KO__CRISPRi_v3__vehicle__rep1;A549_PRDX1KO__CRISPRi_v3__DNAPKi__rep3	0.20670931435561035	0.7823612477310475	0.5756519333754372	-1.1900999651260507	-0.5089703130466406
zero_only_0.5	S1_old_genes_T0_transcripts	A549_parent__CRISPRi_v3__vehicle__rep2;A549_parent__CRISPRi_v3__DNAPKi__rep2;A549_PRDX1KO__CRISPRi_v3__vehicle__rep2;A549_PRDX1KO__CRISPRi_v3__DNAPKi__rep1	0.20670931435561035	0.6373655030495611	0.4306561886939507	-1.1900999651260507	-0.3879852287771923
zero_only_0.5	S1_old_genes_T0_transcripts	A549_parent__CRISPRi_v3__vehicle__rep2;A549_parent__CRISPRi_v3__DNAPKi__rep2;A549_PRDX1KO__CRISPRi_v3__vehicle__rep2;A549_PRDX1KO__CRISPRi_v3__DNAPKi__rep2	0.20670931435561035	0.6375928227400844	0.4308835083844741	-1.1900999651260507	-0.3879852287771923
zero_only_0.5	S1_old_genes_T0_transcripts	A549_parent__CRISPRi_v3__vehicle__rep2;A549_parent__CRISPRi_v3__DNAPKi__rep2;A549_PRDX1KO__CRISPRi_v3__vehicle__rep2;A549_PRDX1KO__CRISPRi_v3__DNAPKi__rep3	0.20670931435561035	0.6613761634615992	0.45466684910598887	-1.1900999651260507	-0.3879852287771923
zero_only_0.5	S1_old_genes_T0_transcripts	A549_parent__CRISPRi_v3__vehicle__rep2;A549_parent__CRISPRi_v3__DNAPKi__rep2;A549_PRDX1KO__CRISPRi_v3__vehicle__rep3;A549_PRDX1KO__CRISPRi_v3__DNAPKi__rep1	0.20670931435561035	0.85203368823918	0.6453243738835697	-1.1900999651260507	-0.6026534139668113
zero_only_0.5	S1_old_genes_T0_transcripts	A549_parent__CRISPRi_v3__vehicle__rep2;A549_parent__CRISPRi_v3__DNAPKi__rep2;A549_PRDX1KO__CRISPRi_v3__vehicle__rep3;A549_PRDX1KO__CRISPRi_v3__DNAPKi__rep2	0.20670931435561035	0.8522610079297034	0.645551693574093	-1.1900999651260507	-0.6026534139668113
zero_only_0.5	S1_old_genes_T0_transcripts	A549_parent__CRISPRi_v3__vehicle__rep2;A549_parent__CRISPRi_v3__DNAPKi__rep2;A549_PRDX1KO__CRISPRi_v3__vehicle__rep3;A549_PRDX1KO__CRISPRi_v3__DNAPKi__rep3	0.20670931435561035	0.8760443486512182	0.6693350342956078	-1.1900999651260507	-0.6026534139668113
zero_only_0.5	S1_old_genes_T0_transcripts	A549_parent__CRISPRi_v3__vehicle__rep2;A549_parent__CRISPRi_v3__DNAPKi__rep3;A549_PRDX1KO__CRISPRi_v3__vehicle__rep1;A549_PRDX1KO__CRISPRi_v3__DNAPKi__rep1	0.2552075666188742	0.7583505873190094	0.5031430207001352	-1.1900999651260507	-0.5089703130466406
zero_only_0.5	S1_old_genes_T0_transcripts	A549_parent__CRISPRi_v3__vehicle__rep2;A549_parent__CRISPRi_v3__DNAPKi__rep3;A549_PRDX1KO__CRISPRi_v3__vehicle__rep1;A549_PRDX1KO__CRISPRi_v3__DNAPKi__rep2	0.2552075666188742	0.7585779070095328	0.5033703403906585	-1.1900999651260507	-0.5089703130466406
zero_only_0.5	S1_old_genes_T0_transcripts	A549_parent__CRISPRi_v3__vehicle__rep2;A549_parent__CRISPRi_v3__DNAPKi__rep3;A549_PRDX1KO__CRISPRi_v3__vehicle__rep1;A549_PRDX1KO__CRISPRi_v3__DNAPKi__rep3	0.2552075666188742	0.7823612477310475	0.5271536811121733	-1.1900999651260507	-0.5089703130466406
zero_only_0.5	S1_old_genes_T0_transcripts	A549_parent__CRISPRi_v3__vehicle__rep2;A549_parent__CRISPRi_v3__DNAPKi__rep3;A549_PRDX1KO__CRISPRi_v3__vehicle__rep2;A549_PRDX1KO__CRISPRi_v3__DNAPKi__rep1	0.2552075666188742	0.6373655030495611	0.38215793643068685	-1.1900999651260507	-0.3879852287771923
zero_only_0.5	S1_old_genes_T0_transcripts	A549_parent__CRISPRi_v3__vehicle__rep2;A549_parent__CRISPRi_v3__DNAPKi__rep3;A549_PRDX1KO__CRISPRi_v3__vehicle__rep2;A549_PRDX1KO__CRISPRi_v3__DNAPKi__rep2	0.2552075666188742	0.6375928227400844	0.3823852561212102	-1.1900999651260507	-0.3879852287771923
zero_only_0.5	S1_old_genes_T0_transcripts	A549_parent__CRISPRi_v3__vehicle__rep2;A549_parent__CRISPRi_v3__DNAPKi__rep3;A549_PRDX1KO__CRISPRi_v3__vehicle__rep2;A549_PRDX1KO__CRISPRi_v3__DNAPKi__rep3	0.2552075666188742	0.6613761634615992	0.406168596842725	-1.1900999651260507	-0.3879852287771923
zero_only_0.5	S1_old_genes_T0_transcripts	A549_parent__CRISPRi_v3__vehicle__rep2;A549_parent__CRISPRi_v3__DNAPKi__rep3;A549_PRDX1KO__CRISPRi_v3__vehicle__rep3;A549_PRDX1KO__CRISPRi_v3__DNAPKi__rep1	0.2552075666188742	0.85203368823918	0.5968261216203058	-1.1900999651260507	-0.6026534139668113
zero_only_0.5	S1_old_genes_T0_transcripts	A549_parent__CRISPRi_v3__vehicle__rep2;A549_parent__CRISPRi_v3__DNAPKi__rep3;A549_PRDX1KO__CRISPRi_v3__vehicle__rep3;A549_PRDX1KO__CRISPRi_v3__DNAPKi__rep2	0.2552075666188742	0.8522610079297034	0.5970534413108292	-1.1900999651260507	-0.6026534139668113
zero_only_0.5	S1_old_genes_T0_transcripts	A549_parent__CRISPRi_v3__vehicle__rep2;A549_parent__CRISPRi_v3__DNAPKi__rep3;A549_PRDX1KO__CRISPRi_v3__vehicle__rep3;A549_PRDX1KO__CRISPRi_v3__DNAPKi__rep3	0.2552075666188742	0.8760443486512182	0.6208367820323439	-1.1900999651260507	-0.6026534139668113
zero_only_0.5	S1_old_genes_T0_transcripts	A549_parent__CRISPRi_v3__vehicle__rep3;A549_parent__CRISPRi_v3__DNAPKi__rep1;A549_PRDX1KO__CRISPRi_v3__vehicle__rep1;A549_PRDX1KO__CRISPRi_v3__DNAPKi__rep1	0.29156871606276635	0.7583505873190094	0.46678187125624304	-1.28694945468637	-0.5089703130466406
zero_only_0.5	S1_old_genes_T0_transcripts	A549_parent__CRISPRi_v3__vehicle__rep3;A549_parent__CRISPRi_v3__DNAPKi__rep1;A549_PRDX1KO__CRISPRi_v3__vehicle__rep1;A549_PRDX1KO__CRISPRi_v3__DNAPKi__rep2	0.29156871606276635	0.7585779070095328	0.4670091909467664	-1.28694945468637	-0.5089703130466406
zero_only_0.5	S1_old_genes_T0_transcripts	A549_parent__CRISPRi_v3__vehicle__rep3;A549_parent__CRISPRi_v3__DNAPKi__rep1;A549_PRDX1KO__CRISPRi_v3__vehicle__rep1;A549_PRDX1KO__CRISPRi_v3__DNAPKi__rep3	0.29156871606276635	0.7823612477310475	0.4907925316682812	-1.28694945468637	-0.5089703130466406
zero_only_0.5	S1_old_genes_T0_transcripts	A549_parent__CRISPRi_v3__vehicle__rep3;A549_parent__CRISPRi_v3__DNAPKi__rep1;A549_PRDX1KO__CRISPRi_v3__vehicle__rep2;A549_PRDX1KO__CRISPRi_v3__DNAPKi__rep1	0.29156871606276635	0.6373655030495611	0.3457967869867947	-1.28694945468637	-0.3879852287771923
zero_only_0.5	S1_old_genes_T0_transcripts	A549_parent__CRISPRi_v3__vehicle__rep3;A549_parent__CRISPRi_v3__DNAPKi__rep1;A549_PRDX1KO__CRISPRi_v3__vehicle__rep2;A549_PRDX1KO__CRISPRi_v3__DNAPKi__rep2	0.29156871606276635	0.6375928227400844	0.3460241066773181	-1.28694945468637	-0.3879852287771923
zero_only_0.5	S1_old_genes_T0_transcripts	A549_parent__CRISPRi_v3__vehicle__rep3;A549_parent__CRISPRi_v3__DNAPKi__rep1;A549_PRDX1KO__CRISPRi_v3__vehicle__rep2;A549_PRDX1KO__CRISPRi_v3__DNAPKi__rep3	0.29156871606276635	0.6613761634615992	0.36980744739883287	-1.28694945468637	-0.3879852287771923
zero_only_0.5	S1_old_genes_T0_transcripts	A549_parent__CRISPRi_v3__vehicle__rep3;A549_parent__CRISPRi_v3__DNAPKi__rep1;A549_PRDX1KO__CRISPRi_v3__vehicle__rep3;A549_PRDX1KO__CRISPRi_v3__DNAPKi__rep1	0.29156871606276635	0.85203368823918	0.5604649721764137	-1.28694945468637	-0.6026534139668113
zero_only_0.5	S1_old_genes_T0_transcripts	A549_parent__CRISPRi_v3__vehicle__rep3;A549_parent__CRISPRi_v3__DNAPKi__rep1;A549_PRDX1KO__CRISPRi_v3__vehicle__rep3;A549_PRDX1KO__CRISPRi_v3__DNAPKi__rep2	0.29156871606276635	0.8522610079297034	0.560692291866937	-1.28694945468637	-0.6026534139668113
zero_only_0.5	S1_old_genes_T0_transcripts	A549_parent__CRISPRi_v3__vehicle__rep3;A549_parent__CRISPRi_v3__DNAPKi__rep1;A549_PRDX1KO__CRISPRi_v3__vehicle__rep3;A549_PRDX1KO__CRISPRi_v3__DNAPKi__rep3	0.29156871606276635	0.8760443486512182	0.5844756325884518	-1.28694945468637	-0.6026534139668113
zero_only_0.5	S1_old_genes_T0_transcripts	A549_parent__CRISPRi_v3__vehicle__rep3;A549_parent__CRISPRi_v3__DNAPKi__rep2;A549_PRDX1KO__CRISPRi_v3__vehicle__rep1;A549_PRDX1KO__CRISPRi_v3__DNAPKi__rep1	0.3035588039159297	0.7583505873190094	0.4547917834030797	-1.28694945468637	-0.5089703130466406
zero_only_0.5	S1_old_genes_T0_transcripts	A549_parent__CRISPRi_v3__vehicle__rep3;A549_parent__CRISPRi_v3__DNAPKi__rep2;A549_PRDX1KO__CRISPRi_v3__vehicle__rep1;A549_PRDX1KO__CRISPRi_v3__DNAPKi__rep2	0.3035588039159297	0.7585779070095328	0.45501910309360305	-1.28694945468637	-0.5089703130466406
zero_only_0.5	S1_old_genes_T0_transcripts	A549_parent__CRISPRi_v3__vehicle__rep3;A549_parent__CRISPRi_v3__DNAPKi__rep2;A549_PRDX1KO__CRISPRi_v3__vehicle__rep1;A549_PRDX1KO__CRISPRi_v3__DNAPKi__rep3	0.3035588039159297	0.7823612477310475	0.47880244381511783	-1.28694945468637	-0.5089703130466406
zero_only_0.5	S1_old_genes_T0_transcripts	A549_parent__CRISPRi_v3__vehicle__rep3;A549_parent__CRISPRi_v3__DNAPKi__rep2;A549_PRDX1KO__CRISPRi_v3__vehicle__rep2;A549_PRDX1KO__CRISPRi_v3__DNAPKi__rep1	0.3035588039159297	0.6373655030495611	0.33380669913363137	-1.28694945468637	-0.3879852287771923
zero_only_0.5	S1_old_genes_T0_transcripts	A549_parent__CRISPRi_v3__vehicle__rep3;A549_parent__CRISPRi_v3__DNAPKi__rep2;A549_PRDX1KO__CRISPRi_v3__vehicle__rep2;A549_PRDX1KO__CRISPRi_v3__DNAPKi__rep2	0.3035588039159297	0.6375928227400844	0.33403401882415473	-1.28694945468637	-0.3879852287771923
zero_only_0.5	S1_old_genes_T0_transcripts	A549_parent__CRISPRi_v3__vehicle__rep3;A549_parent__CRISPRi_v3__DNAPKi__rep2;A549_PRDX1KO__CRISPRi_v3__vehicle__rep2;A549_PRDX1KO__CRISPRi_v3__DNAPKi__rep3	0.3035588039159297	0.6613761634615992	0.3578173595456695	-1.28694945468637	-0.3879852287771923
zero_only_0.5	S1_old_genes_T0_transcripts	A549_parent__CRISPRi_v3__vehicle__rep3;A549_parent__CRISPRi_v3__DNAPKi__rep2;A549_PRDX1KO__CRISPRi_v3__vehicle__rep3;A549_PRDX1KO__CRISPRi_v3__DNAPKi__rep1	0.3035588039159297	0.85203368823918	0.5484748843232503	-1.28694945468637	-0.6026534139668113
zero_only_0.5	S1_old_genes_T0_transcripts	A549_parent__CRISPRi_v3__vehicle__rep3;A549_parent__CRISPRi_v3__DNAPKi__rep2;A549_PRDX1KO__CRISPRi_v3__vehicle__rep3;A549_PRDX1KO__CRISPRi_v3__DNAPKi__rep2	0.3035588039159297	0.8522610079297034	0.5487022040137737	-1.28694945468637	-0.6026534139668113
zero_only_0.5	S1_old_genes_T0_transcripts	A549_parent__CRISPRi_v3__vehicle__rep3;A549_parent__CRISPRi_v3__DNAPKi__rep2;A549_PRDX1KO__CRISPRi_v3__vehicle__rep3;A549_PRDX1KO__CRISPRi_v3__DNAPKi__rep3	0.3035588039159297	0.8760443486512182	0.5724855447352885	-1.28694945468637	-0.6026534139668113
zero_only_0.5	S1_old_genes_T0_transcripts	A549_parent__CRISPRi_v3__vehicle__rep3;A549_parent__CRISPRi_v3__DNAPKi__rep3;A549_PRDX1KO__CRISPRi_v3__vehicle__rep1;A549_PRDX1KO__CRISPRi_v3__DNAPKi__rep1	0.3520570561791936	0.7583505873190094	0.4062935311398158	-1.28694945468637	-0.5089703130466406
zero_only_0.5	S1_old_genes_T0_transcripts	A549_parent__CRISPRi_v3__vehicle__rep3;A549_parent__CRISPRi_v3__DNAPKi__rep3;A549_PRDX1KO__CRISPRi_v3__vehicle__rep1;A549_PRDX1KO__CRISPRi_v3__DNAPKi__rep2	0.3520570561791936	0.7585779070095328	0.4065208508303392	-1.28694945468637	-0.5089703130466406
zero_only_0.5	S1_old_genes_T0_transcripts	A549_parent__CRISPRi_v3__vehicle__rep3;A549_parent__CRISPRi_v3__DNAPKi__rep3;A549_PRDX1KO__CRISPRi_v3__vehicle__rep1;A549_PRDX1KO__CRISPRi_v3__DNAPKi__rep3	0.3520570561791936	0.7823612477310475	0.43030419155185395	-1.28694945468637	-0.5089703130466406
zero_only_0.5	S1_old_genes_T0_transcripts	A549_parent__CRISPRi_v3__vehicle__rep3;A549_parent__CRISPRi_v3__DNAPKi__rep3;A549_PRDX1KO__CRISPRi_v3__vehicle__rep2;A549_PRDX1KO__CRISPRi_v3__DNAPKi__rep1	0.3520570561791936	0.6373655030495611	0.2853084468703675	-1.28694945468637	-0.3879852287771923
zero_only_0.5	S1_old_genes_T0_transcripts	A549_parent__CRISPRi_v3__vehicle__rep3;A549_parent__CRISPRi_v3__DNAPKi__rep3;A549_PRDX1KO__CRISPRi_v3__vehicle__rep2;A549_PRDX1KO__CRISPRi_v3__DNAPKi__rep2	0.3520570561791936	0.6375928227400844	0.28553576656089086	-1.28694945468637	-0.3879852287771923
zero_only_0.5	S1_old_genes_T0_transcripts	A549_parent__CRISPRi_v3__vehicle__rep3;A549_parent__CRISPRi_v3__DNAPKi__rep3;A549_PRDX1KO__CRISPRi_v3__vehicle__rep2;A549_PRDX1KO__CRISPRi_v3__DNAPKi__rep3	0.3520570561791936	0.6613761634615992	0.30931910728240564	-1.28694945468637	-0.3879852287771923
zero_only_0.5	S1_old_genes_T0_transcripts	A549_parent__CRISPRi_v3__vehicle__rep3;A549_parent__CRISPRi_v3__DNAPKi__rep3;A549_PRDX1KO__CRISPRi_v3__vehicle__rep3;A549_PRDX1KO__CRISPRi_v3__DNAPKi__rep1	0.3520570561791936	0.85203368823918	0.49997663205998644	-1.28694945468637	-0.6026534139668113
zero_only_0.5	S1_old_genes_T0_transcripts	A549_parent__CRISPRi_v3__vehicle__rep3;A549_parent__CRISPRi_v3__DNAPKi__rep3;A549_PRDX1KO__CRISPRi_v3__vehicle__rep3;A549_PRDX1KO__CRISPRi_v3__DNAPKi__rep2	0.3520570561791936	0.8522610079297034	0.5002039517505098	-1.28694945468637	-0.6026534139668113
zero_only_0.5	S1_old_genes_T0_transcripts	A549_parent__CRISPRi_v3__vehicle__rep3;A549_parent__CRISPRi_v3__DNAPKi__rep3;A549_PRDX1KO__CRISPRi_v3__vehicle__rep3;A549_PRDX1KO__CRISPRi_v3__DNAPKi__rep3	0.3520570561791936	0.8760443486512182	0.5239872924720246	-1.28694945468637	-0.6026534139668113
zero_only_0.5	S2_T0_genes_T0_transcripts	A549_parent__CRISPRi_v3__vehicle__rep1;A549_parent__CRISPRi_v3__DNAPKi__rep1;A549_PRDX1KO__CRISPRi_v3__vehicle__rep1;A549_PRDX1KO__CRISPRi_v3__DNAPKi__rep1	0.4572164635424114	-1.7305324464640015	-2.187748910006413	2.164007521304474	3.782272578659314
zero_only_0.5	S2_T0_genes_T0_transcripts	A549_parent__CRISPRi_v3__vehicle__rep1;A549_parent__CRISPRi_v3__DNAPKi__rep1;A549_PRDX1KO__CRISPRi_v3__vehicle__rep1;A549_PRDX1KO__CRISPRi_v3__DNAPKi__rep2	0.4572164635424114	-1.7782394757914628	-2.235455939333874	2.164007521304474	3.782272578659314
zero_only_0.5	S2_T0_genes_T0_transcripts	A549_parent__CRISPRi_v3__vehicle__rep1;A549_parent__CRISPRi_v3__DNAPKi__rep1;A549_PRDX1KO__CRISPRi_v3__vehicle__rep1;A549_PRDX1KO__CRISPRi_v3__DNAPKi__rep3	0.4572164635424114	-1.7255965962013278	-2.182813059743739	2.164007521304474	3.782272578659314
zero_only_0.5	S2_T0_genes_T0_transcripts	A549_parent__CRISPRi_v3__vehicle__rep1;A549_parent__CRISPRi_v3__DNAPKi__rep1;A549_PRDX1KO__CRISPRi_v3__vehicle__rep2;A549_PRDX1KO__CRISPRi_v3__DNAPKi__rep1	0.4572164635424114	-1.7972452302539845	-2.254461693796396	2.164007521304474	3.848985362449297
zero_only_0.5	S2_T0_genes_T0_transcripts	A549_parent__CRISPRi_v3__vehicle__rep1;A549_parent__CRISPRi_v3__DNAPKi__rep1;A549_PRDX1KO__CRISPRi_v3__vehicle__rep2;A549_PRDX1KO__CRISPRi_v3__DNAPKi__rep2	0.4572164635424114	-1.8449522595814458	-2.3021687231238572	2.164007521304474	3.848985362449297
zero_only_0.5	S2_T0_genes_T0_transcripts	A549_parent__CRISPRi_v3__vehicle__rep1;A549_parent__CRISPRi_v3__DNAPKi__rep1;A549_PRDX1KO__CRISPRi_v3__vehicle__rep2;A549_PRDX1KO__CRISPRi_v3__DNAPKi__rep3	0.4572164635424114	-1.7923093799913108	-2.249525843533722	2.164007521304474	3.848985362449297
zero_only_0.5	S2_T0_genes_T0_transcripts	A549_parent__CRISPRi_v3__vehicle__rep1;A549_parent__CRISPRi_v3__DNAPKi__rep1;A549_PRDX1KO__CRISPRi_v3__vehicle__rep3;A549_PRDX1KO__CRISPRi_v3__DNAPKi__rep1	0.4572164635424114	-1.4174701658517068	-1.8746866293941182	2.164007521304474	3.4692102980470194
zero_only_0.5	S2_T0_genes_T0_transcripts	A549_parent__CRISPRi_v3__vehicle__rep1;A549_parent__CRISPRi_v3__DNAPKi__rep1;A549_PRDX1KO__CRISPRi_v3__vehicle__rep3;A549_PRDX1KO__CRISPRi_v3__DNAPKi__rep2	0.4572164635424114	-1.4651771951791681	-1.9223936587215795	2.164007521304474	3.4692102980470194
zero_only_0.5	S2_T0_genes_T0_transcripts	A549_parent__CRISPRi_v3__vehicle__rep1;A549_parent__CRISPRi_v3__DNAPKi__rep1;A549_PRDX1KO__CRISPRi_v3__vehicle__rep3;A549_PRDX1KO__CRISPRi_v3__DNAPKi__rep3	0.4572164635424114	-1.412534315589033	-1.8697507791314445	2.164007521304474	3.4692102980470194
zero_only_0.5	S2_T0_genes_T0_transcripts	A549_parent__CRISPRi_v3__vehicle__rep1;A549_parent__CRISPRi_v3__DNAPKi__rep2;A549_PRDX1KO__CRISPRi_v3__vehicle__rep1;A549_PRDX1KO__CRISPRi_v3__DNAPKi__rep1	0.20269940895378458	-1.7305324464640015	-1.933231855417786	2.164007521304474	3.782272578659314
zero_only_0.5	S2_T0_genes_T0_transcripts	A549_parent__CRISPRi_v3__vehicle__rep1;A549_parent__CRISPRi_v3__DNAPKi__rep2;A549_PRDX1KO__CRISPRi_v3__vehicle__rep1;A549_PRDX1KO__CRISPRi_v3__DNAPKi__rep2	0.20269940895378458	-1.7782394757914628	-1.9809388847452474	2.164007521304474	3.782272578659314
zero_only_0.5	S2_T0_genes_T0_transcripts	A549_parent__CRISPRi_v3__vehicle__rep1;A549_parent__CRISPRi_v3__DNAPKi__rep2;A549_PRDX1KO__CRISPRi_v3__vehicle__rep1;A549_PRDX1KO__CRISPRi_v3__DNAPKi__rep3	0.20269940895378458	-1.7255965962013278	-1.9282960051551123	2.164007521304474	3.782272578659314
zero_only_0.5	S2_T0_genes_T0_transcripts	A549_parent__CRISPRi_v3__vehicle__rep1;A549_parent__CRISPRi_v3__DNAPKi__rep2;A549_PRDX1KO__CRISPRi_v3__vehicle__rep2;A549_PRDX1KO__CRISPRi_v3__DNAPKi__rep1	0.20269940895378458	-1.7972452302539845	-1.999944639207769	2.164007521304474	3.848985362449297
zero_only_0.5	S2_T0_genes_T0_transcripts	A549_parent__CRISPRi_v3__vehicle__rep1;A549_parent__CRISPRi_v3__DNAPKi__rep2;A549_PRDX1KO__CRISPRi_v3__vehicle__rep2;A549_PRDX1KO__CRISPRi_v3__DNAPKi__rep2	0.20269940895378458	-1.8449522595814458	-2.0476516685352304	2.164007521304474	3.848985362449297
zero_only_0.5	S2_T0_genes_T0_transcripts	A549_parent__CRISPRi_v3__vehicle__rep1;A549_parent__CRISPRi_v3__DNAPKi__rep2;A549_PRDX1KO__CRISPRi_v3__vehicle__rep2;A549_PRDX1KO__CRISPRi_v3__DNAPKi__rep3	0.20269940895378458	-1.7923093799913108	-1.9950087889450954	2.164007521304474	3.848985362449297
zero_only_0.5	S2_T0_genes_T0_transcripts	A549_parent__CRISPRi_v3__vehicle__rep1;A549_parent__CRISPRi_v3__DNAPKi__rep2;A549_PRDX1KO__CRISPRi_v3__vehicle__rep3;A549_PRDX1KO__CRISPRi_v3__DNAPKi__rep1	0.20269940895378458	-1.4174701658517068	-1.6201695748054914	2.164007521304474	3.4692102980470194
zero_only_0.5	S2_T0_genes_T0_transcripts	A549_parent__CRISPRi_v3__vehicle__rep1;A549_parent__CRISPRi_v3__DNAPKi__rep2;A549_PRDX1KO__CRISPRi_v3__vehicle__rep3;A549_PRDX1KO__CRISPRi_v3__DNAPKi__rep2	0.20269940895378458	-1.4651771951791681	-1.6678766041329527	2.164007521304474	3.4692102980470194
zero_only_0.5	S2_T0_genes_T0_transcripts	A549_parent__CRISPRi_v3__vehicle__rep1;A549_parent__CRISPRi_v3__DNAPKi__rep2;A549_PRDX1KO__CRISPRi_v3__vehicle__rep3;A549_PRDX1KO__CRISPRi_v3__DNAPKi__rep3	0.20269940895378458	-1.412534315589033	-1.6152337245428177	2.164007521304474	3.4692102980470194
zero_only_0.5	S2_T0_genes_T0_transcripts	A549_parent__CRISPRi_v3__vehicle__rep1;A549_parent__CRISPRi_v3__DNAPKi__rep3;A549_PRDX1KO__CRISPRi_v3__vehicle__rep1;A549_PRDX1KO__CRISPRi_v3__DNAPKi__rep1	0.13826082498369896	-1.7305324464640015	-1.8687932714477005	2.164007521304474	3.782272578659314
zero_only_0.5	S2_T0_genes_T0_transcripts	A549_parent__CRISPRi_v3__vehicle__rep1;A549_parent__CRISPRi_v3__DNAPKi__rep3;A549_PRDX1KO__CRISPRi_v3__vehicle__rep1;A549_PRDX1KO__CRISPRi_v3__DNAPKi__rep2	0.13826082498369896	-1.7782394757914628	-1.9165003007751618	2.164007521304474	3.782272578659314
zero_only_0.5	S2_T0_genes_T0_transcripts	A549_parent__CRISPRi_v3__vehicle__rep1;A549_parent__CRISPRi_v3__DNAPKi__rep3;A549_PRDX1KO__CRISPRi_v3__vehicle__rep1;A549_PRDX1KO__CRISPRi_v3__DNAPKi__rep3	0.13826082498369896	-1.7255965962013278	-1.8638574211850267	2.164007521304474	3.782272578659314
zero_only_0.5	S2_T0_genes_T0_transcripts	A549_parent__CRISPRi_v3__vehicle__rep1;A549_parent__CRISPRi_v3__DNAPKi__rep3;A549_PRDX1KO__CRISPRi_v3__vehicle__rep2;A549_PRDX1KO__CRISPRi_v3__DNAPKi__rep1	0.13826082498369896	-1.7972452302539845	-1.9355060552376835	2.164007521304474	3.848985362449297
zero_only_0.5	S2_T0_genes_T0_transcripts	A549_parent__CRISPRi_v3__vehicle__rep1;A549_parent__CRISPRi_v3__DNAPKi__rep3;A549_PRDX1KO__CRISPRi_v3__vehicle__rep2;A549_PRDX1KO__CRISPRi_v3__DNAPKi__rep2	0.13826082498369896	-1.8449522595814458	-1.9832130845651448	2.164007521304474	3.848985362449297
zero_only_0.5	S2_T0_genes_T0_transcripts	A549_parent__CRISPRi_v3__vehicle__rep1;A549_parent__CRISPRi_v3__DNAPKi__rep3;A549_PRDX1KO__CRISPRi_v3__vehicle__rep2;A549_PRDX1KO__CRISPRi_v3__DNAPKi__rep3	0.13826082498369896	-1.7923093799913108	-1.9305702049750098	2.164007521304474	3.848985362449297
zero_only_0.5	S2_T0_genes_T0_transcripts	A549_parent__CRISPRi_v3__vehicle__rep1;A549_parent__CRISPRi_v3__DNAPKi__rep3;A549_PRDX1KO__CRISPRi_v3__vehicle__rep3;A549_PRDX1KO__CRISPRi_v3__DNAPKi__rep1	0.13826082498369896	-1.4174701658517068	-1.5557309908354058	2.164007521304474	3.4692102980470194
zero_only_0.5	S2_T0_genes_T0_transcripts	A549_parent__CRISPRi_v3__vehicle__rep1;A549_parent__CRISPRi_v3__DNAPKi__rep3;A549_PRDX1KO__CRISPRi_v3__vehicle__rep3;A549_PRDX1KO__CRISPRi_v3__DNAPKi__rep2	0.13826082498369896	-1.4651771951791681	-1.603438020162867	2.164007521304474	3.4692102980470194
zero_only_0.5	S2_T0_genes_T0_transcripts	A549_parent__CRISPRi_v3__vehicle__rep1;A549_parent__CRISPRi_v3__DNAPKi__rep3;A549_PRDX1KO__CRISPRi_v3__vehicle__rep3;A549_PRDX1KO__CRISPRi_v3__DNAPKi__rep3	0.13826082498369896	-1.412534315589033	-1.550795140572732	2.164007521304474	3.4692102980470194
zero_only_0.5	S2_T0_genes_T0_transcripts	A549_parent__CRISPRi_v3__vehicle__rep2;A549_parent__CRISPRi_v3__DNAPKi__rep1;A549_PRDX1KO__CRISPRi_v3__vehicle__rep1;A549_PRDX1KO__CRISPRi_v3__DNAPKi__rep1	0.20646311331861433	-1.7305324464640015	-1.9369955597826158	2.414760871528271	3.782272578659314
zero_only_0.5	S2_T0_genes_T0_transcripts	A549_parent__CRISPRi_v3__vehicle__rep2;A549_parent__CRISPRi_v3__DNAPKi__rep1;A549_PRDX1KO__CRISPRi_v3__vehicle__rep1;A549_PRDX1KO__CRISPRi_v3__DNAPKi__rep2	0.20646311331861433	-1.7782394757914628	-1.9847025891100771	2.414760871528271	3.782272578659314
zero_only_0.5	S2_T0_genes_T0_transcripts	A549_parent__CRISPRi_v3__vehicle__rep2;A549_parent__CRISPRi_v3__DNAPKi__rep1;A549_PRDX1KO__CRISPRi_v3__vehicle__rep1;A549_PRDX1KO__CRISPRi_v3__DNAPKi__rep3	0.20646311331861433	-1.7255965962013278	-1.932059709519942	2.414760871528271	3.782272578659314
zero_only_0.5	S2_T0_genes_T0_transcripts	A549_parent__CRISPRi_v3__vehicle__rep2;A549_parent__CRISPRi_v3__DNAPKi__rep1;A549_PRDX1KO__CRISPRi_v3__vehicle__rep2;A549_PRDX1KO__CRISPRi_v3__DNAPKi__rep1	0.20646311331861433	-1.7972452302539845	-2.003708343572599	2.414760871528271	3.848985362449297
zero_only_0.5	S2_T0_genes_T0_transcripts	A549_parent__CRISPRi_v3__vehicle__rep2;A549_parent__CRISPRi_v3__DNAPKi__rep1;A549_PRDX1KO__CRISPRi_v3__vehicle__rep2;A549_PRDX1KO__CRISPRi_v3__DNAPKi__rep2	0.20646311331861433	-1.8449522595814458	-2.05141537290006	2.414760871528271	3.848985362449297
zero_only_0.5	S2_T0_genes_T0_transcripts	A549_parent__CRISPRi_v3__vehicle__rep2;A549_parent__CRISPRi_v3__DNAPKi__rep1;A549_PRDX1KO__CRISPRi_v3__vehicle__rep2;A549_PRDX1KO__CRISPRi_v3__DNAPKi__rep3	0.20646311331861433	-1.7923093799913108	-1.9987724933099251	2.414760871528271	3.848985362449297
zero_only_0.5	S2_T0_genes_T0_transcripts	A549_parent__CRISPRi_v3__vehicle__rep2;A549_parent__CRISPRi_v3__DNAPKi__rep1;A549_PRDX1KO__CRISPRi_v3__vehicle__rep3;A549_PRDX1KO__CRISPRi_v3__DNAPKi__rep1	0.20646311331861433	-1.4174701658517068	-1.6239332791703212	2.414760871528271	3.4692102980470194
zero_only_0.5	S2_T0_genes_T0_transcripts	A549_parent__CRISPRi_v3__vehicle__rep2;A549_parent__CRISPRi_v3__DNAPKi__rep1;A549_PRDX1KO__CRISPRi_v3__vehicle__rep3;A549_PRDX1KO__CRISPRi_v3__DNAPKi__rep2	0.20646311331861433	-1.4651771951791681	-1.6716403084977824	2.414760871528271	3.4692102980470194
zero_only_0.5	S2_T0_genes_T0_transcripts	A549_parent__CRISPRi_v3__vehicle__rep2;A549_parent__CRISPRi_v3__DNAPKi__rep1;A549_PRDX1KO__CRISPRi_v3__vehicle__rep3;A549_PRDX1KO__CRISPRi_v3__DNAPKi__rep3	0.20646311331861433	-1.412534315589033	-1.6189974289076474	2.414760871528271	3.4692102980470194
zero_only_0.5	S2_T0_genes_T0_transcripts	A549_parent__CRISPRi_v3__vehicle__rep2;A549_parent__CRISPRi_v3__DNAPKi__rep2;A549_PRDX1KO__CRISPRi_v3__vehicle__rep1;A549_PRDX1KO__CRISPRi_v3__DNAPKi__rep1	-0.0480539412700125	-1.7305324464640015	-1.682478505193989	2.414760871528271	3.782272578659314
zero_only_0.5	S2_T0_genes_T0_transcripts	A549_parent__CRISPRi_v3__vehicle__rep2;A549_parent__CRISPRi_v3__DNAPKi__rep2;A549_PRDX1KO__CRISPRi_v3__vehicle__rep1;A549_PRDX1KO__CRISPRi_v3__DNAPKi__rep2	-0.0480539412700125	-1.7782394757914628	-1.7301855345214503	2.414760871528271	3.782272578659314
zero_only_0.5	S2_T0_genes_T0_transcripts	A549_parent__CRISPRi_v3__vehicle__rep2;A549_parent__CRISPRi_v3__DNAPKi__rep2;A549_PRDX1KO__CRISPRi_v3__vehicle__rep1;A549_PRDX1KO__CRISPRi_v3__DNAPKi__rep3	-0.0480539412700125	-1.7255965962013278	-1.6775426549313153	2.414760871528271	3.782272578659314
zero_only_0.5	S2_T0_genes_T0_transcripts	A549_parent__CRISPRi_v3__vehicle__rep2;A549_parent__CRISPRi_v3__DNAPKi__rep2;A549_PRDX1KO__CRISPRi_v3__vehicle__rep2;A549_PRDX1KO__CRISPRi_v3__DNAPKi__rep1	-0.0480539412700125	-1.7972452302539845	-1.749191288983972	2.414760871528271	3.848985362449297
zero_only_0.5	S2_T0_genes_T0_transcripts	A549_parent__CRISPRi_v3__vehicle__rep2;A549_parent__CRISPRi_v3__DNAPKi__rep2;A549_PRDX1KO__CRISPRi_v3__vehicle__rep2;A549_PRDX1KO__CRISPRi_v3__DNAPKi__rep2	-0.0480539412700125	-1.8449522595814458	-1.7968983183114333	2.414760871528271	3.848985362449297
zero_only_0.5	S2_T0_genes_T0_transcripts	A549_parent__CRISPRi_v3__vehicle__rep2;A549_parent__CRISPRi_v3__DNAPKi__rep2;A549_PRDX1KO__CRISPRi_v3__vehicle__rep2;A549_PRDX1KO__CRISPRi_v3__DNAPKi__rep3	-0.0480539412700125	-1.7923093799913108	-1.7442554387212983	2.414760871528271	3.848985362449297
zero_only_0.5	S2_T0_genes_T0_transcripts	A549_parent__CRISPRi_v3__vehicle__rep2;A549_parent__CRISPRi_v3__DNAPKi__rep2;A549_PRDX1KO__CRISPRi_v3__vehicle__rep3;A549_PRDX1KO__CRISPRi_v3__DNAPKi__rep1	-0.0480539412700125	-1.4174701658517068	-1.3694162245816943	2.414760871528271	3.4692102980470194
zero_only_0.5	S2_T0_genes_T0_transcripts	A549_parent__CRISPRi_v3__vehicle__rep2;A549_parent__CRISPRi_v3__DNAPKi__rep2;A549_PRDX1KO__CRISPRi_v3__vehicle__rep3;A549_PRDX1KO__CRISPRi_v3__DNAPKi__rep2	-0.0480539412700125	-1.4651771951791681	-1.4171232539091556	2.414760871528271	3.4692102980470194
zero_only_0.5	S2_T0_genes_T0_transcripts	A549_parent__CRISPRi_v3__vehicle__rep2;A549_parent__CRISPRi_v3__DNAPKi__rep2;A549_PRDX1KO__CRISPRi_v3__vehicle__rep3;A549_PRDX1KO__CRISPRi_v3__DNAPKi__rep3	-0.0480539412700125	-1.412534315589033	-1.3644803743190206	2.414760871528271	3.4692102980470194
zero_only_0.5	S2_T0_genes_T0_transcripts	A549_parent__CRISPRi_v3__vehicle__rep2;A549_parent__CRISPRi_v3__DNAPKi__rep3;A549_PRDX1KO__CRISPRi_v3__vehicle__rep1;A549_PRDX1KO__CRISPRi_v3__DNAPKi__rep1	-0.11249252524009812	-1.7305324464640015	-1.6180399212239034	2.414760871528271	3.782272578659314
zero_only_0.5	S2_T0_genes_T0_transcripts	A549_parent__CRISPRi_v3__vehicle__rep2;A549_parent__CRISPRi_v3__DNAPKi__rep3;A549_PRDX1KO__CRISPRi_v3__vehicle__rep1;A549_PRDX1KO__CRISPRi_v3__DNAPKi__rep2	-0.11249252524009812	-1.7782394757914628	-1.6657469505513647	2.414760871528271	3.782272578659314
zero_only_0.5	S2_T0_genes_T0_transcripts	A549_parent__CRISPRi_v3__vehicle__rep2;A549_parent__CRISPRi_v3__DNAPKi__rep3;A549_PRDX1KO__CRISPRi_v3__vehicle__rep1;A549_PRDX1KO__CRISPRi_v3__DNAPKi__rep3	-0.11249252524009812	-1.7255965962013278	-1.6131040709612297	2.414760871528271	3.782272578659314
zero_only_0.5	S2_T0_genes_T0_transcripts	A549_parent__CRISPRi_v3__vehicle__rep2;A549_parent__CRISPRi_v3__DNAPKi__rep3;A549_PRDX1KO__CRISPRi_v3__vehicle__rep2;A549_PRDX1KO__CRISPRi_v3__DNAPKi__rep1	-0.11249252524009812	-1.7972452302539845	-1.6847527050138864	2.414760871528271	3.848985362449297
zero_only_0.5	S2_T0_genes_T0_transcripts	A549_parent__CRISPRi_v3__vehicle__rep2;A549_parent__CRISPRi_v3__DNAPKi__rep3;A549_PRDX1KO__CRISPRi_v3__vehicle__rep2;A549_PRDX1KO__CRISPRi_v3__DNAPKi__rep2	-0.11249252524009812	-1.8449522595814458	-1.7324597343413477	2.414760871528271	3.848985362449297
zero_only_0.5	S2_T0_genes_T0_transcripts	A549_parent__CRISPRi_v3__vehicle__rep2;A549_parent__CRISPRi_v3__DNAPKi__rep3;A549_PRDX1KO__CRISPRi_v3__vehicle__rep2;A549_PRDX1KO__CRISPRi_v3__DNAPKi__rep3	-0.11249252524009812	-1.7923093799913108	-1.6798168547512127	2.414760871528271	3.848985362449297
zero_only_0.5	S2_T0_genes_T0_transcripts	A549_parent__CRISPRi_v3__vehicle__rep2;A549_parent__CRISPRi_v3__DNAPKi__rep3;A549_PRDX1KO__CRISPRi_v3__vehicle__rep3;A549_PRDX1KO__CRISPRi_v3__DNAPKi__rep1	-0.11249252524009812	-1.4174701658517068	-1.3049776406116087	2.414760871528271	3.4692102980470194
zero_only_0.5	S2_T0_genes_T0_transcripts	A549_parent__CRISPRi_v3__vehicle__rep2;A549_parent__CRISPRi_v3__DNAPKi__rep3;A549_PRDX1KO__CRISPRi_v3__vehicle__rep3;A549_PRDX1KO__CRISPRi_v3__DNAPKi__rep2	-0.11249252524009812	-1.4651771951791681	-1.35268466993907	2.414760871528271	3.4692102980470194
zero_only_0.5	S2_T0_genes_T0_transcripts	A549_parent__CRISPRi_v3__vehicle__rep2;A549_parent__CRISPRi_v3__DNAPKi__rep3;A549_PRDX1KO__CRISPRi_v3__vehicle__rep3;A549_PRDX1KO__CRISPRi_v3__DNAPKi__rep3	-0.11249252524009812	-1.412534315589033	-1.300041790348935	2.414760871528271	3.4692102980470194
zero_only_0.5	S2_T0_genes_T0_transcripts	A549_parent__CRISPRi_v3__vehicle__rep3;A549_parent__CRISPRi_v3__DNAPKi__rep1;A549_PRDX1KO__CRISPRi_v3__vehicle__rep1;A549_PRDX1KO__CRISPRi_v3__DNAPKi__rep1	0.2062289472737806	-1.7305324464640015	-1.936761393737782	2.414995037573105	3.782272578659314
zero_only_0.5	S2_T0_genes_T0_transcripts	A549_parent__CRISPRi_v3__vehicle__rep3;A549_parent__CRISPRi_v3__DNAPKi__rep1;A549_PRDX1KO__CRISPRi_v3__vehicle__rep1;A549_PRDX1KO__CRISPRi_v3__DNAPKi__rep2	0.2062289472737806	-1.7782394757914628	-1.9844684230652434	2.414995037573105	3.782272578659314
zero_only_0.5	S2_T0_genes_T0_transcripts	A549_parent__CRISPRi_v3__vehicle__rep3;A549_parent__CRISPRi_v3__DNAPKi__rep1;A549_PRDX1KO__CRISPRi_v3__vehicle__rep1;A549_PRDX1KO__CRISPRi_v3__DNAPKi__rep3	0.2062289472737806	-1.7255965962013278	-1.9318255434751084	2.414995037573105	3.782272578659314
zero_only_0.5	S2_T0_genes_T0_transcripts	A549_parent__CRISPRi_v3__vehicle__rep3;A549_parent__CRISPRi_v3__DNAPKi__rep1;A549_PRDX1KO__CRISPRi_v3__vehicle__rep2;A549_PRDX1KO__CRISPRi_v3__DNAPKi__rep1	0.2062289472737806	-1.7972452302539845	-2.003474177527765	2.414995037573105	3.848985362449297
zero_only_0.5	S2_T0_genes_T0_transcripts	A549_parent__CRISPRi_v3__vehicle__rep3;A549_parent__CRISPRi_v3__DNAPKi__rep1;A549_PRDX1KO__CRISPRi_v3__vehicle__rep2;A549_PRDX1KO__CRISPRi_v3__DNAPKi__rep2	0.2062289472737806	-1.8449522595814458	-2.0511812068552264	2.414995037573105	3.848985362449297
zero_only_0.5	S2_T0_genes_T0_transcripts	A549_parent__CRISPRi_v3__vehicle__rep3;A549_parent__CRISPRi_v3__DNAPKi__rep1;A549_PRDX1KO__CRISPRi_v3__vehicle__rep2;A549_PRDX1KO__CRISPRi_v3__DNAPKi__rep3	0.2062289472737806	-1.7923093799913108	-1.9985383272650914	2.414995037573105	3.848985362449297
zero_only_0.5	S2_T0_genes_T0_transcripts	A549_parent__CRISPRi_v3__vehicle__rep3;A549_parent__CRISPRi_v3__DNAPKi__rep1;A549_PRDX1KO__CRISPRi_v3__vehicle__rep3;A549_PRDX1KO__CRISPRi_v3__DNAPKi__rep1	0.2062289472737806	-1.4174701658517068	-1.6236991131254874	2.414995037573105	3.4692102980470194
zero_only_0.5	S2_T0_genes_T0_transcripts	A549_parent__CRISPRi_v3__vehicle__rep3;A549_parent__CRISPRi_v3__DNAPKi__rep1;A549_PRDX1KO__CRISPRi_v3__vehicle__rep3;A549_PRDX1KO__CRISPRi_v3__DNAPKi__rep2	0.2062289472737806	-1.4651771951791681	-1.6714061424529487	2.414995037573105	3.4692102980470194
zero_only_0.5	S2_T0_genes_T0_transcripts	A549_parent__CRISPRi_v3__vehicle__rep3;A549_parent__CRISPRi_v3__DNAPKi__rep1;A549_PRDX1KO__CRISPRi_v3__vehicle__rep3;A549_PRDX1KO__CRISPRi_v3__DNAPKi__rep3	0.2062289472737806	-1.412534315589033	-1.6187632628628137	2.414995037573105	3.4692102980470194
zero_only_0.5	S2_T0_genes_T0_transcripts	A549_parent__CRISPRi_v3__vehicle__rep3;A549_parent__CRISPRi_v3__DNAPKi__rep2;A549_PRDX1KO__CRISPRi_v3__vehicle__rep1;A549_PRDX1KO__CRISPRi_v3__DNAPKi__rep1	-0.04828810731484623	-1.7305324464640015	-1.6822443391491553	2.414995037573105	3.782272578659314
zero_only_0.5	S2_T0_genes_T0_transcripts	A549_parent__CRISPRi_v3__vehicle__rep3;A549_parent__CRISPRi_v3__DNAPKi__rep2;A549_PRDX1KO__CRISPRi_v3__vehicle__rep1;A549_PRDX1KO__CRISPRi_v3__DNAPKi__rep2	-0.04828810731484623	-1.7782394757914628	-1.7299513684766166	2.414995037573105	3.782272578659314
zero_only_0.5	S2_T0_genes_T0_transcripts	A549_parent__CRISPRi_v3__vehicle__rep3;A549_parent__CRISPRi_v3__DNAPKi__rep2;A549_PRDX1KO__CRISPRi_v3__vehicle__rep1;A549_PRDX1KO__CRISPRi_v3__DNAPKi__rep3	-0.04828810731484623	-1.7255965962013278	-1.6773084888864815	2.414995037573105	3.782272578659314
zero_only_0.5	S2_T0_genes_T0_transcripts	A549_parent__CRISPRi_v3__vehicle__rep3;A549_parent__CRISPRi_v3__DNAPKi__rep2;A549_PRDX1KO__CRISPRi_v3__vehicle__rep2;A549_PRDX1KO__CRISPRi_v3__DNAPKi__rep1	-0.04828810731484623	-1.7972452302539845	-1.7489571229391383	2.414995037573105	3.848985362449297
zero_only_0.5	S2_T0_genes_T0_transcripts	A549_parent__CRISPRi_v3__vehicle__rep3;A549_parent__CRISPRi_v3__DNAPKi__rep2;A549_PRDX1KO__CRISPRi_v3__vehicle__rep2;A549_PRDX1KO__CRISPRi_v3__DNAPKi__rep2	-0.04828810731484623	-1.8449522595814458	-1.7966641522665996	2.414995037573105	3.848985362449297
zero_only_0.5	S2_T0_genes_T0_transcripts	A549_parent__CRISPRi_v3__vehicle__rep3;A549_parent__CRISPRi_v3__DNAPKi__rep2;A549_PRDX1KO__CRISPRi_v3__vehicle__rep2;A549_PRDX1KO__CRISPRi_v3__DNAPKi__rep3	-0.04828810731484623	-1.7923093799913108	-1.7440212726764646	2.414995037573105	3.848985362449297
zero_only_0.5	S2_T0_genes_T0_transcripts	A549_parent__CRISPRi_v3__vehicle__rep3;A549_parent__CRISPRi_v3__DNAPKi__rep2;A549_PRDX1KO__CRISPRi_v3__vehicle__rep3;A549_PRDX1KO__CRISPRi_v3__DNAPKi__rep1	-0.04828810731484623	-1.4174701658517068	-1.3691820585368606	2.414995037573105	3.4692102980470194
zero_only_0.5	S2_T0_genes_T0_transcripts	A549_parent__CRISPRi_v3__vehicle__rep3;A549_parent__CRISPRi_v3__DNAPKi__rep2;A549_PRDX1KO__CRISPRi_v3__vehicle__rep3;A549_PRDX1KO__CRISPRi_v3__DNAPKi__rep2	-0.04828810731484623	-1.4651771951791681	-1.4168890878643219	2.414995037573105	3.4692102980470194
zero_only_0.5	S2_T0_genes_T0_transcripts	A549_parent__CRISPRi_v3__vehicle__rep3;A549_parent__CRISPRi_v3__DNAPKi__rep2;A549_PRDX1KO__CRISPRi_v3__vehicle__rep3;A549_PRDX1KO__CRISPRi_v3__DNAPKi__rep3	-0.04828810731484623	-1.412534315589033	-1.3642462082741869	2.414995037573105	3.4692102980470194
zero_only_0.5	S2_T0_genes_T0_transcripts	A549_parent__CRISPRi_v3__vehicle__rep3;A549_parent__CRISPRi_v3__DNAPKi__rep3;A549_PRDX1KO__CRISPRi_v3__vehicle__rep1;A549_PRDX1KO__CRISPRi_v3__DNAPKi__rep1	-0.11272669128493185	-1.7305324464640015	-1.6178057551790697	2.414995037573105	3.782272578659314
zero_only_0.5	S2_T0_genes_T0_transcripts	A549_parent__CRISPRi_v3__vehicle__rep3;A549_parent__CRISPRi_v3__DNAPKi__rep3;A549_PRDX1KO__CRISPRi_v3__vehicle__rep1;A549_PRDX1KO__CRISPRi_v3__DNAPKi__rep2	-0.11272669128493185	-1.7782394757914628	-1.665512784506531	2.414995037573105	3.782272578659314
zero_only_0.5	S2_T0_genes_T0_transcripts	A549_parent__CRISPRi_v3__vehicle__rep3;A549_parent__CRISPRi_v3__DNAPKi__rep3;A549_PRDX1KO__CRISPRi_v3__vehicle__rep1;A549_PRDX1KO__CRISPRi_v3__DNAPKi__rep3	-0.11272669128493185	-1.7255965962013278	-1.612869904916396	2.414995037573105	3.782272578659314
zero_only_0.5	S2_T0_genes_T0_transcripts	A549_parent__CRISPRi_v3__vehicle__rep3;A549_parent__CRISPRi_v3__DNAPKi__rep3;A549_PRDX1KO__CRISPRi_v3__vehicle__rep2;A549_PRDX1KO__CRISPRi_v3__DNAPKi__rep1	-0.11272669128493185	-1.7972452302539845	-1.6845185389690527	2.414995037573105	3.848985362449297
zero_only_0.5	S2_T0_genes_T0_transcripts	A549_parent__CRISPRi_v3__vehicle__rep3;A549_parent__CRISPRi_v3__DNAPKi__rep3;A549_PRDX1KO__CRISPRi_v3__vehicle__rep2;A549_PRDX1KO__CRISPRi_v3__DNAPKi__rep2	-0.11272669128493185	-1.8449522595814458	-1.732225568296514	2.414995037573105	3.848985362449297
zero_only_0.5	S2_T0_genes_T0_transcripts	A549_parent__CRISPRi_v3__vehicle__rep3;A549_parent__CRISPRi_v3__DNAPKi__rep3;A549_PRDX1KO__CRISPRi_v3__vehicle__rep2;A549_PRDX1KO__CRISPRi_v3__DNAPKi__rep3	-0.11272669128493185	-1.7923093799913108	-1.679582688706379	2.414995037573105	3.848985362449297
zero_only_0.5	S2_T0_genes_T0_transcripts	A549_parent__CRISPRi_v3__vehicle__rep3;A549_parent__CRISPRi_v3__DNAPKi__rep3;A549_PRDX1KO__CRISPRi_v3__vehicle__rep3;A549_PRDX1KO__CRISPRi_v3__DNAPKi__rep1	-0.11272669128493185	-1.4174701658517068	-1.304743474566775	2.414995037573105	3.4692102980470194
zero_only_0.5	S2_T0_genes_T0_transcripts	A549_parent__CRISPRi_v3__vehicle__rep3;A549_parent__CRISPRi_v3__DNAPKi__rep3;A549_PRDX1KO__CRISPRi_v3__vehicle__rep3;A549_PRDX1KO__CRISPRi_v3__DNAPKi__rep2	-0.11272669128493185	-1.4651771951791681	-1.3524505038942363	2.414995037573105	3.4692102980470194
zero_only_0.5	S2_T0_genes_T0_transcripts	A549_parent__CRISPRi_v3__vehicle__rep3;A549_parent__CRISPRi_v3__DNAPKi__rep3;A549_PRDX1KO__CRISPRi_v3__vehicle__rep3;A549_PRDX1KO__CRISPRi_v3__DNAPKi__rep3	-0.11272669128493185	-1.412534315589033	-1.2998076243041012	2.414995037573105	3.4692102980470194
count_plus_1	S0_old_genes_old_transcripts	A549_parent__CRISPRi_v3__vehicle__rep1;A549_parent__CRISPRi_v3__DNAPKi__rep1;A549_PRDX1KO__CRISPRi_v3__vehicle__rep1;A549_PRDX1KO__CRISPRi_v3__DNAPKi__rep1	0.2103937996450016	1.0990230257880502	0.8886292261430486	-1.9156201592299467	-1.1729165585968495
count_plus_1	S0_old_genes_old_transcripts	A549_parent__CRISPRi_v3__vehicle__rep1;A549_parent__CRISPRi_v3__DNAPKi__rep1;A549_PRDX1KO__CRISPRi_v3__vehicle__rep1;A549_PRDX1KO__CRISPRi_v3__DNAPKi__rep2	0.2103937996450016	1.103378946589873	0.8929851469448713	-1.9156201592299467	-1.1729165585968495
count_plus_1	S0_old_genes_old_transcripts	A549_parent__CRISPRi_v3__vehicle__rep1;A549_parent__CRISPRi_v3__DNAPKi__rep1;A549_PRDX1KO__CRISPRi_v3__vehicle__rep1;A549_PRDX1KO__CRISPRi_v3__DNAPKi__rep3	0.2103937996450016	1.149489410048877	0.9390956104038755	-1.9156201592299467	-1.1729165585968495
count_plus_1	S0_old_genes_old_transcripts	A549_parent__CRISPRi_v3__vehicle__rep1;A549_parent__CRISPRi_v3__DNAPKi__rep1;A549_PRDX1KO__CRISPRi_v3__vehicle__rep2;A549_PRDX1KO__CRISPRi_v3__DNAPKi__rep1	0.2103937996450016	1.0244462132884578	0.8140524136434562	-1.9156201592299467	-1.098339746097257
count_plus_1	S0_old_genes_old_transcripts	A549_parent__CRISPRi_v3__vehicle__rep1;A549_parent__CRISPRi_v3__DNAPKi__rep1;A549_PRDX1KO__CRISPRi_v3__vehicle__rep2;A549_PRDX1KO__CRISPRi_v3__DNAPKi__rep2	0.2103937996450016	1.0288021340902804	0.8184083344452788	-1.9156201592299467	-1.098339746097257
count_plus_1	S0_old_genes_old_transcripts	A549_parent__CRISPRi_v3__vehicle__rep1;A549_parent__CRISPRi_v3__DNAPKi__rep1;A549_PRDX1KO__CRISPRi_v3__vehicle__rep2;A549_PRDX1KO__CRISPRi_v3__DNAPKi__rep3	0.2103937996450016	1.0749125975492846	0.864518797904283	-1.9156201592299467	-1.098339746097257
count_plus_1	S0_old_genes_old_transcripts	A549_parent__CRISPRi_v3__vehicle__rep1;A549_parent__CRISPRi_v3__DNAPKi__rep1;A549_PRDX1KO__CRISPRi_v3__vehicle__rep3;A549_PRDX1KO__CRISPRi_v3__DNAPKi__rep1	0.2103937996450016	1.0549735796163882	0.8445797799713866	-1.9156201592299467	-1.1288671124251874
count_plus_1	S0_old_genes_old_transcripts	A549_parent__CRISPRi_v3__vehicle__rep1;A549_parent__CRISPRi_v3__DNAPKi__rep1;A549_PRDX1KO__CRISPRi_v3__vehicle__rep3;A549_PRDX1KO__CRISPRi_v3__DNAPKi__rep2	0.2103937996450016	1.0593295004182108	0.8489357007732092	-1.9156201592299467	-1.1288671124251874
count_plus_1	S0_old_genes_old_transcripts	A549_parent__CRISPRi_v3__vehicle__rep1;A549_parent__CRISPRi_v3__DNAPKi__rep1;A549_PRDX1KO__CRISPRi_v3__vehicle__rep3;A549_PRDX1KO__CRISPRi_v3__DNAPKi__rep3	0.2103937996450016	1.105439963877215	0.8950461642322134	-1.9156201592299467	-1.1288671124251874
count_plus_1	S0_old_genes_old_transcripts	A549_parent__CRISPRi_v3__vehicle__rep1;A549_parent__CRISPRi_v3__DNAPKi__rep2;A549_PRDX1KO__CRISPRi_v3__vehicle__rep1;A549_PRDX1KO__CRISPRi_v3__DNAPKi__rep1	0.23732874724899	1.0990230257880502	0.8616942785390602	-1.9156201592299467	-1.1729165585968495
count_plus_1	S0_old_genes_old_transcripts	A549_parent__CRISPRi_v3__vehicle__rep1;A549_parent__CRISPRi_v3__DNAPKi__rep2;A549_PRDX1KO__CRISPRi_v3__vehicle__rep1;A549_PRDX1KO__CRISPRi_v3__DNAPKi__rep2	0.23732874724899	1.103378946589873	0.8660501993408829	-1.9156201592299467	-1.1729165585968495
count_plus_1	S0_old_genes_old_transcripts	A549_parent__CRISPRi_v3__vehicle__rep1;A549_parent__CRISPRi_v3__DNAPKi__rep2;A549_PRDX1KO__CRISPRi_v3__vehicle__rep1;A549_PRDX1KO__CRISPRi_v3__DNAPKi__rep3	0.23732874724899	1.149489410048877	0.9121606627998871	-1.9156201592299467	-1.1729165585968495
count_plus_1	S0_old_genes_old_transcripts	A549_parent__CRISPRi_v3__vehicle__rep1;A549_parent__CRISPRi_v3__DNAPKi__rep2;A549_PRDX1KO__CRISPRi_v3__vehicle__rep2;A549_PRDX1KO__CRISPRi_v3__DNAPKi__rep1	0.23732874724899	1.0244462132884578	0.7871174660394678	-1.9156201592299467	-1.098339746097257
count_plus_1	S0_old_genes_old_transcripts	A549_parent__CRISPRi_v3__vehicle__rep1;A549_parent__CRISPRi_v3__DNAPKi__rep2;A549_PRDX1KO__CRISPRi_v3__vehicle__rep2;A549_PRDX1KO__CRISPRi_v3__DNAPKi__rep2	0.23732874724899	1.0288021340902804	0.7914733868412904	-1.9156201592299467	-1.098339746097257
count_plus_1	S0_old_genes_old_transcripts	A549_parent__CRISPRi_v3__vehicle__rep1;A549_parent__CRISPRi_v3__DNAPKi__rep2;A549_PRDX1KO__CRISPRi_v3__vehicle__rep2;A549_PRDX1KO__CRISPRi_v3__DNAPKi__rep3	0.23732874724899	1.0749125975492846	0.8375838503002946	-1.9156201592299467	-1.098339746097257
count_plus_1	S0_old_genes_old_transcripts	A549_parent__CRISPRi_v3__vehicle__rep1;A549_parent__CRISPRi_v3__DNAPKi__rep2;A549_PRDX1KO__CRISPRi_v3__vehicle__rep3;A549_PRDX1KO__CRISPRi_v3__DNAPKi__rep1	0.23732874724899	1.0549735796163882	0.8176448323673982	-1.9156201592299467	-1.1288671124251874
count_plus_1	S0_old_genes_old_transcripts	A549_parent__CRISPRi_v3__vehicle__rep1;A549_parent__CRISPRi_v3__DNAPKi__rep2;A549_PRDX1KO__CRISPRi_v3__vehicle__rep3;A549_PRDX1KO__CRISPRi_v3__DNAPKi__rep2	0.23732874724899	1.0593295004182108	0.8220007531692208	-1.9156201592299467	-1.1288671124251874
count_plus_1	S0_old_genes_old_transcripts	A549_parent__CRISPRi_v3__vehicle__rep1;A549_parent__CRISPRi_v3__DNAPKi__rep2;A549_PRDX1KO__CRISPRi_v3__vehicle__rep3;A549_PRDX1KO__CRISPRi_v3__DNAPKi__rep3	0.23732874724899	1.105439963877215	0.868111216628225	-1.9156201592299467	-1.1288671124251874
count_plus_1	S0_old_genes_old_transcripts	A549_parent__CRISPRi_v3__vehicle__rep1;A549_parent__CRISPRi_v3__DNAPKi__rep3;A549_PRDX1KO__CRISPRi_v3__vehicle__rep1;A549_PRDX1KO__CRISPRi_v3__DNAPKi__rep1	0.2356818328318533	1.0990230257880502	0.8633411929561969	-1.9156201592299467	-1.1729165585968495
count_plus_1	S0_old_genes_old_transcripts	A549_parent__CRISPRi_v3__vehicle__rep1;A549_parent__CRISPRi_v3__DNAPKi__rep3;A549_PRDX1KO__CRISPRi_v3__vehicle__rep1;A549_PRDX1KO__CRISPRi_v3__DNAPKi__rep2	0.2356818328318533	1.103378946589873	0.8676971137580196	-1.9156201592299467	-1.1729165585968495
count_plus_1	S0_old_genes_old_transcripts	A549_parent__CRISPRi_v3__vehicle__rep1;A549_parent__CRISPRi_v3__DNAPKi__rep3;A549_PRDX1KO__CRISPRi_v3__vehicle__rep1;A549_PRDX1KO__CRISPRi_v3__DNAPKi__rep3	0.2356818328318533	1.149489410048877	0.9138075772170238	-1.9156201592299467	-1.1729165585968495
count_plus_1	S0_old_genes_old_transcripts	A549_parent__CRISPRi_v3__vehicle__rep1;A549_parent__CRISPRi_v3__DNAPKi__rep3;A549_PRDX1KO__CRISPRi_v3__vehicle__rep2;A549_PRDX1KO__CRISPRi_v3__DNAPKi__rep1	0.2356818328318533	1.0244462132884578	0.7887643804566045	-1.9156201592299467	-1.098339746097257
count_plus_1	S0_old_genes_old_transcripts	A549_parent__CRISPRi_v3__vehicle__rep1;A549_parent__CRISPRi_v3__DNAPKi__rep3;A549_PRDX1KO__CRISPRi_v3__vehicle__rep2;A549_PRDX1KO__CRISPRi_v3__DNAPKi__rep2	0.2356818328318533	1.0288021340902804	0.7931203012584271	-1.9156201592299467	-1.098339746097257
count_plus_1	S0_old_genes_old_transcripts	A549_parent__CRISPRi_v3__vehicle__rep1;A549_parent__CRISPRi_v3__DNAPKi__rep3;A549_PRDX1KO__CRISPRi_v3__vehicle__rep2;A549_PRDX1KO__CRISPRi_v3__DNAPKi__rep3	0.2356818328318533	1.0749125975492846	0.8392307647174313	-1.9156201592299467	-1.098339746097257
count_plus_1	S0_old_genes_old_transcripts	A549_parent__CRISPRi_v3__vehicle__rep1;A549_parent__CRISPRi_v3__DNAPKi__rep3;A549_PRDX1KO__CRISPRi_v3__vehicle__rep3;A549_PRDX1KO__CRISPRi_v3__DNAPKi__rep1	0.2356818328318533	1.0549735796163882	0.8192917467845349	-1.9156201592299467	-1.1288671124251874
count_plus_1	S0_old_genes_old_transcripts	A549_parent__CRISPRi_v3__vehicle__rep1;A549_parent__CRISPRi_v3__DNAPKi__rep3;A549_PRDX1KO__CRISPRi_v3__vehicle__rep3;A549_PRDX1KO__CRISPRi_v3__DNAPKi__rep2	0.2356818328318533	1.0593295004182108	0.8236476675863575	-1.9156201592299467	-1.1288671124251874
count_plus_1	S0_old_genes_old_transcripts	A549_parent__CRISPRi_v3__vehicle__rep1;A549_parent__CRISPRi_v3__DNAPKi__rep3;A549_PRDX1KO__CRISPRi_v3__vehicle__rep3;A549_PRDX1KO__CRISPRi_v3__DNAPKi__rep3	0.2356818328318533	1.105439963877215	0.8697581310453617	-1.9156201592299467	-1.1288671124251874
count_plus_1	S0_old_genes_old_transcripts	A549_parent__CRISPRi_v3__vehicle__rep2;A549_parent__CRISPRi_v3__DNAPKi__rep1;A549_PRDX1KO__CRISPRi_v3__vehicle__rep1;A549_PRDX1KO__CRISPRi_v3__DNAPKi__rep1	0.19548678758127203	1.0990230257880502	0.9035362382067782	-1.900713147166217	-1.1729165585968495
count_plus_1	S0_old_genes_old_transcripts	A549_parent__CRISPRi_v3__vehicle__rep2;A549_parent__CRISPRi_v3__DNAPKi__rep1;A549_PRDX1KO__CRISPRi_v3__vehicle__rep1;A549_PRDX1KO__CRISPRi_v3__DNAPKi__rep2	0.19548678758127203	1.103378946589873	0.9078921590086009	-1.900713147166217	-1.1729165585968495
count_plus_1	S0_old_genes_old_transcripts	A549_parent__CRISPRi_v3__vehicle__rep2;A549_parent__CRISPRi_v3__DNAPKi__rep1;A549_PRDX1KO__CRISPRi_v3__vehicle__rep1;A549_PRDX1KO__CRISPRi_v3__DNAPKi__rep3	0.19548678758127203	1.149489410048877	0.954002622467605	-1.900713147166217	-1.1729165585968495
count_plus_1	S0_old_genes_old_transcripts	A549_parent__CRISPRi_v3__vehicle__rep2;A549_parent__CRISPRi_v3__DNAPKi__rep1;A549_PRDX1KO__CRISPRi_v3__vehicle__rep2;A549_PRDX1KO__CRISPRi_v3__DNAPKi__rep1	0.19548678758127203	1.0244462132884578	0.8289594257071857	-1.900713147166217	-1.098339746097257
count_plus_1	S0_old_genes_old_transcripts	A549_parent__CRISPRi_v3__vehicle__rep2;A549_parent__CRISPRi_v3__DNAPKi__rep1;A549_PRDX1KO__CRISPRi_v3__vehicle__rep2;A549_PRDX1KO__CRISPRi_v3__DNAPKi__rep2	0.19548678758127203	1.0288021340902804	0.8333153465090084	-1.900713147166217	-1.098339746097257
count_plus_1	S0_old_genes_old_transcripts	A549_parent__CRISPRi_v3__vehicle__rep2;A549_parent__CRISPRi_v3__DNAPKi__rep1;A549_PRDX1KO__CRISPRi_v3__vehicle__rep2;A549_PRDX1KO__CRISPRi_v3__DNAPKi__rep3	0.19548678758127203	1.0749125975492846	0.8794258099680126	-1.900713147166217	-1.098339746097257
count_plus_1	S0_old_genes_old_transcripts	A549_parent__CRISPRi_v3__vehicle__rep2;A549_parent__CRISPRi_v3__DNAPKi__rep1;A549_PRDX1KO__CRISPRi_v3__vehicle__rep3;A549_PRDX1KO__CRISPRi_v3__DNAPKi__rep1	0.19548678758127203	1.0549735796163882	0.8594867920351161	-1.900713147166217	-1.1288671124251874
count_plus_1	S0_old_genes_old_transcripts	A549_parent__CRISPRi_v3__vehicle__rep2;A549_parent__CRISPRi_v3__DNAPKi__rep1;A549_PRDX1KO__CRISPRi_v3__vehicle__rep3;A549_PRDX1KO__CRISPRi_v3__DNAPKi__rep2	0.19548678758127203	1.0593295004182108	0.8638427128369388	-1.900713147166217	-1.1288671124251874
count_plus_1	S0_old_genes_old_transcripts	A549_parent__CRISPRi_v3__vehicle__rep2;A549_parent__CRISPRi_v3__DNAPKi__rep1;A549_PRDX1KO__CRISPRi_v3__vehicle__rep3;A549_PRDX1KO__CRISPRi_v3__DNAPKi__rep3	0.19548678758127203	1.105439963877215	0.909953176295943	-1.900713147166217	-1.1288671124251874
count_plus_1	S0_old_genes_old_transcripts	A549_parent__CRISPRi_v3__vehicle__rep2;A549_parent__CRISPRi_v3__DNAPKi__rep2;A549_PRDX1KO__CRISPRi_v3__vehicle__rep1;A549_PRDX1KO__CRISPRi_v3__DNAPKi__rep1	0.22242173518526043	1.0990230257880502	0.8766012906027898	-1.900713147166217	-1.1729165585968495
count_plus_1	S0_old_genes_old_transcripts	A549_parent__CRISPRi_v3__vehicle__rep2;A549_parent__CRISPRi_v3__DNAPKi__rep2;A549_PRDX1KO__CRISPRi_v3__vehicle__rep1;A549_PRDX1KO__CRISPRi_v3__DNAPKi__rep2	0.22242173518526043	1.103378946589873	0.8809572114046125	-1.900713147166217	-1.1729165585968495
count_plus_1	S0_old_genes_old_transcripts	A549_parent__CRISPRi_v3__vehicle__rep2;A549_parent__CRISPRi_v3__DNAPKi__rep2;A549_PRDX1KO__CRISPRi_v3__vehicle__rep1;A549_PRDX1KO__CRISPRi_v3__DNAPKi__rep3	0.22242173518526043	1.149489410048877	0.9270676748636166	-1.900713147166217	-1.1729165585968495
count_plus_1	S0_old_genes_old_transcripts	A549_parent__CRISPRi_v3__vehicle__rep2;A549_parent__CRISPRi_v3__DNAPKi__rep2;A549_PRDX1KO__CRISPRi_v3__vehicle__rep2;A549_PRDX1KO__CRISPRi_v3__DNAPKi__rep1	0.22242173518526043	1.0244462132884578	0.8020244781031973	-1.900713147166217	-1.098339746097257
count_plus_1	S0_old_genes_old_transcripts	A549_parent__CRISPRi_v3__vehicle__rep2;A549_parent__CRISPRi_v3__DNAPKi__rep2;A549_PRDX1KO__CRISPRi_v3__vehicle__rep2;A549_PRDX1KO__CRISPRi_v3__DNAPKi__rep2	0.22242173518526043	1.0288021340902804	0.80638039890502	-1.900713147166217	-1.098339746097257
count_plus_1	S0_old_genes_old_transcripts	A549_parent__CRISPRi_v3__vehicle__rep2;A549_parent__CRISPRi_v3__DNAPKi__rep2;A549_PRDX1KO__CRISPRi_v3__vehicle__rep2;A549_PRDX1KO__CRISPRi_v3__DNAPKi__rep3	0.22242173518526043	1.0749125975492846	0.8524908623640242	-1.900713147166217	-1.098339746097257
count_plus_1	S0_old_genes_old_transcripts	A549_parent__CRISPRi_v3__vehicle__rep2;A549_parent__CRISPRi_v3__DNAPKi__rep2;A549_PRDX1KO__CRISPRi_v3__vehicle__rep3;A549_PRDX1KO__CRISPRi_v3__DNAPKi__rep1	0.22242173518526043	1.0549735796163882	0.8325518444311277	-1.900713147166217	-1.1288671124251874
count_plus_1	S0_old_genes_old_transcripts	A549_parent__CRISPRi_v3__vehicle__rep2;A549_parent__CRISPRi_v3__DNAPKi__rep2;A549_PRDX1KO__CRISPRi_v3__vehicle__rep3;A549_PRDX1KO__CRISPRi_v3__DNAPKi__rep2	0.22242173518526043	1.0593295004182108	0.8369077652329504	-1.900713147166217	-1.1288671124251874
count_plus_1	S0_old_genes_old_transcripts	A549_parent__CRISPRi_v3__vehicle__rep2;A549_parent__CRISPRi_v3__DNAPKi__rep2;A549_PRDX1KO__CRISPRi_v3__vehicle__rep3;A549_PRDX1KO__CRISPRi_v3__DNAPKi__rep3	0.22242173518526043	1.105439963877215	0.8830182286919546	-1.900713147166217	-1.1288671124251874
count_plus_1	S0_old_genes_old_transcripts	A549_parent__CRISPRi_v3__vehicle__rep2;A549_parent__CRISPRi_v3__DNAPKi__rep3;A549_PRDX1KO__CRISPRi_v3__vehicle__rep1;A549_PRDX1KO__CRISPRi_v3__DNAPKi__rep1	0.22077482076812371	1.0990230257880502	0.8782482050199265	-1.900713147166217	-1.1729165585968495
count_plus_1	S0_old_genes_old_transcripts	A549_parent__CRISPRi_v3__vehicle__rep2;A549_parent__CRISPRi_v3__DNAPKi__rep3;A549_PRDX1KO__CRISPRi_v3__vehicle__rep1;A549_PRDX1KO__CRISPRi_v3__DNAPKi__rep2	0.22077482076812371	1.103378946589873	0.8826041258217492	-1.900713147166217	-1.1729165585968495
count_plus_1	S0_old_genes_old_transcripts	A549_parent__CRISPRi_v3__vehicle__rep2;A549_parent__CRISPRi_v3__DNAPKi__rep3;A549_PRDX1KO__CRISPRi_v3__vehicle__rep1;A549_PRDX1KO__CRISPRi_v3__DNAPKi__rep3	0.22077482076812371	1.149489410048877	0.9287145892807533	-1.900713147166217	-1.1729165585968495
count_plus_1	S0_old_genes_old_transcripts	A549_parent__CRISPRi_v3__vehicle__rep2;A549_parent__CRISPRi_v3__DNAPKi__rep3;A549_PRDX1KO__CRISPRi_v3__vehicle__rep2;A549_PRDX1KO__CRISPRi_v3__DNAPKi__rep1	0.22077482076812371	1.0244462132884578	0.803671392520334	-1.900713147166217	-1.098339746097257
count_plus_1	S0_old_genes_old_transcripts	A549_parent__CRISPRi_v3__vehicle__rep2;A549_parent__CRISPRi_v3__DNAPKi__rep3;A549_PRDX1KO__CRISPRi_v3__vehicle__rep2;A549_PRDX1KO__CRISPRi_v3__DNAPKi__rep2	0.22077482076812371	1.0288021340902804	0.8080273133221567	-1.900713147166217	-1.098339746097257
count_plus_1	S0_old_genes_old_transcripts	A549_parent__CRISPRi_v3__vehicle__rep2;A549_parent__CRISPRi_v3__DNAPKi__rep3;A549_PRDX1KO__CRISPRi_v3__vehicle__rep2;A549_PRDX1KO__CRISPRi_v3__DNAPKi__rep3	0.22077482076812371	1.0749125975492846	0.8541377767811609	-1.900713147166217	-1.098339746097257
count_plus_1	S0_old_genes_old_transcripts	A549_parent__CRISPRi_v3__vehicle__rep2;A549_parent__CRISPRi_v3__DNAPKi__rep3;A549_PRDX1KO__CRISPRi_v3__vehicle__rep3;A549_PRDX1KO__CRISPRi_v3__DNAPKi__rep1	0.22077482076812371	1.0549735796163882	0.8341987588482644	-1.900713147166217	-1.1288671124251874
count_plus_1	S0_old_genes_old_transcripts	A549_parent__CRISPRi_v3__vehicle__rep2;A549_parent__CRISPRi_v3__DNAPKi__rep3;A549_PRDX1KO__CRISPRi_v3__vehicle__rep3;A549_PRDX1KO__CRISPRi_v3__DNAPKi__rep2	0.22077482076812371	1.0593295004182108	0.8385546796500871	-1.900713147166217	-1.1288671124251874
count_plus_1	S0_old_genes_old_transcripts	A549_parent__CRISPRi_v3__vehicle__rep2;A549_parent__CRISPRi_v3__DNAPKi__rep3;A549_PRDX1KO__CRISPRi_v3__vehicle__rep3;A549_PRDX1KO__CRISPRi_v3__DNAPKi__rep3	0.22077482076812371	1.105439963877215	0.8846651431090913	-1.900713147166217	-1.1288671124251874
count_plus_1	S0_old_genes_old_transcripts	A549_parent__CRISPRi_v3__vehicle__rep3;A549_parent__CRISPRi_v3__DNAPKi__rep1;A549_PRDX1KO__CRISPRi_v3__vehicle__rep1;A549_PRDX1KO__CRISPRi_v3__DNAPKi__rep1	0.21179984071027436	1.0990230257880502	0.8872231850777759	-1.9170262002952194	-1.1729165585968495
count_plus_1	S0_old_genes_old_transcripts	A549_parent__CRISPRi_v3__vehicle__rep3;A549_parent__CRISPRi_v3__DNAPKi__rep1;A549_PRDX1KO__CRISPRi_v3__vehicle__rep1;A549_PRDX1KO__CRISPRi_v3__DNAPKi__rep2	0.21179984071027436	1.103378946589873	0.8915791058795985	-1.9170262002952194	-1.1729165585968495
count_plus_1	S0_old_genes_old_transcripts	A549_parent__CRISPRi_v3__vehicle__rep3;A549_parent__CRISPRi_v3__DNAPKi__rep1;A549_PRDX1KO__CRISPRi_v3__vehicle__rep1;A549_PRDX1KO__CRISPRi_v3__DNAPKi__rep3	0.21179984071027436	1.149489410048877	0.9376895693386027	-1.9170262002952194	-1.1729165585968495
count_plus_1	S0_old_genes_old_transcripts	A549_parent__CRISPRi_v3__vehicle__rep3;A549_parent__CRISPRi_v3__DNAPKi__rep1;A549_PRDX1KO__CRISPRi_v3__vehicle__rep2;A549_PRDX1KO__CRISPRi_v3__DNAPKi__rep1	0.21179984071027436	1.0244462132884578	0.8126463725781834	-1.9170262002952194	-1.098339746097257
count_plus_1	S0_old_genes_old_transcripts	A549_parent__CRISPRi_v3__vehicle__rep3;A549_parent__CRISPRi_v3__DNAPKi__rep1;A549_PRDX1KO__CRISPRi_v3__vehicle__rep2;A549_PRDX1KO__CRISPRi_v3__DNAPKi__rep2	0.21179984071027436	1.0288021340902804	0.8170022933800061	-1.9170262002952194	-1.098339746097257
count_plus_1	S0_old_genes_old_transcripts	A549_parent__CRISPRi_v3__vehicle__rep3;A549_parent__CRISPRi_v3__DNAPKi__rep1;A549_PRDX1KO__CRISPRi_v3__vehicle__rep2;A549_PRDX1KO__CRISPRi_v3__DNAPKi__rep3	0.21179984071027436	1.0749125975492846	0.8631127568390102	-1.9170262002952194	-1.098339746097257
count_plus_1	S0_old_genes_old_transcripts	A549_parent__CRISPRi_v3__vehicle__rep3;A549_parent__CRISPRi_v3__DNAPKi__rep1;A549_PRDX1KO__CRISPRi_v3__vehicle__rep3;A549_PRDX1KO__CRISPRi_v3__DNAPKi__rep1	0.21179984071027436	1.0549735796163882	0.8431737389061138	-1.9170262002952194	-1.1288671124251874
count_plus_1	S0_old_genes_old_transcripts	A549_parent__CRISPRi_v3__vehicle__rep3;A549_parent__CRISPRi_v3__DNAPKi__rep1;A549_PRDX1KO__CRISPRi_v3__vehicle__rep3;A549_PRDX1KO__CRISPRi_v3__DNAPKi__rep2	0.21179984071027436	1.0593295004182108	0.8475296597079365	-1.9170262002952194	-1.1288671124251874
count_plus_1	S0_old_genes_old_transcripts	A549_parent__CRISPRi_v3__vehicle__rep3;A549_parent__CRISPRi_v3__DNAPKi__rep1;A549_PRDX1KO__CRISPRi_v3__vehicle__rep3;A549_PRDX1KO__CRISPRi_v3__DNAPKi__rep3	0.21179984071027436	1.105439963877215	0.8936401231669406	-1.9170262002952194	-1.1288671124251874
count_plus_1	S0_old_genes_old_transcripts	A549_parent__CRISPRi_v3__vehicle__rep3;A549_parent__CRISPRi_v3__DNAPKi__rep2;A549_PRDX1KO__CRISPRi_v3__vehicle__rep1;A549_PRDX1KO__CRISPRi_v3__DNAPKi__rep1	0.23873478831426276	1.0990230257880502	0.8602882374737875	-1.9170262002952194	-1.1729165585968495
count_plus_1	S0_old_genes_old_transcripts	A549_parent__CRISPRi_v3__vehicle__rep3;A549_parent__CRISPRi_v3__DNAPKi__rep2;A549_PRDX1KO__CRISPRi_v3__vehicle__rep1;A549_PRDX1KO__CRISPRi_v3__DNAPKi__rep2	0.23873478831426276	1.103378946589873	0.8646441582756101	-1.9170262002952194	-1.1729165585968495
count_plus_1	S0_old_genes_old_transcripts	A549_parent__CRISPRi_v3__vehicle__rep3;A549_parent__CRISPRi_v3__DNAPKi__rep2;A549_PRDX1KO__CRISPRi_v3__vehicle__rep1;A549_PRDX1KO__CRISPRi_v3__DNAPKi__rep3	0.23873478831426276	1.149489410048877	0.9107546217346143	-1.9170262002952194	-1.1729165585968495
count_plus_1	S0_old_genes_old_transcripts	A549_parent__CRISPRi_v3__vehicle__rep3;A549_parent__CRISPRi_v3__DNAPKi__rep2;A549_PRDX1KO__CRISPRi_v3__vehicle__rep2;A549_PRDX1KO__CRISPRi_v3__DNAPKi__rep1	0.23873478831426276	1.0244462132884578	0.785711424974195	-1.9170262002952194	-1.098339746097257
count_plus_1	S0_old_genes_old_transcripts	A549_parent__CRISPRi_v3__vehicle__rep3;A549_parent__CRISPRi_v3__DNAPKi__rep2;A549_PRDX1KO__CRISPRi_v3__vehicle__rep2;A549_PRDX1KO__CRISPRi_v3__DNAPKi__rep2	0.23873478831426276	1.0288021340902804	0.7900673457760177	-1.9170262002952194	-1.098339746097257
count_plus_1	S0_old_genes_old_transcripts	A549_parent__CRISPRi_v3__vehicle__rep3;A549_parent__CRISPRi_v3__DNAPKi__rep2;A549_PRDX1KO__CRISPRi_v3__vehicle__rep2;A549_PRDX1KO__CRISPRi_v3__DNAPKi__rep3	0.23873478831426276	1.0749125975492846	0.8361778092350218	-1.9170262002952194	-1.098339746097257
count_plus_1	S0_old_genes_old_transcripts	A549_parent__CRISPRi_v3__vehicle__rep3;A549_parent__CRISPRi_v3__DNAPKi__rep2;A549_PRDX1KO__CRISPRi_v3__vehicle__rep3;A549_PRDX1KO__CRISPRi_v3__DNAPKi__rep1	0.23873478831426276	1.0549735796163882	0.8162387913021254	-1.9170262002952194	-1.1288671124251874
count_plus_1	S0_old_genes_old_transcripts	A549_parent__CRISPRi_v3__vehicle__rep3;A549_parent__CRISPRi_v3__DNAPKi__rep2;A549_PRDX1KO__CRISPRi_v3__vehicle__rep3;A549_PRDX1KO__CRISPRi_v3__DNAPKi__rep2	0.23873478831426276	1.0593295004182108	0.8205947121039481	-1.9170262002952194	-1.1288671124251874
count_plus_1	S0_old_genes_old_transcripts	A549_parent__CRISPRi_v3__vehicle__rep3;A549_parent__CRISPRi_v3__DNAPKi__rep2;A549_PRDX1KO__CRISPRi_v3__vehicle__rep3;A549_PRDX1KO__CRISPRi_v3__DNAPKi__rep3	0.23873478831426276	1.105439963877215	0.8667051755629522	-1.9170262002952194	-1.1288671124251874
count_plus_1	S0_old_genes_old_transcripts	A549_parent__CRISPRi_v3__vehicle__rep3;A549_parent__CRISPRi_v3__DNAPKi__rep3;A549_PRDX1KO__CRISPRi_v3__vehicle__rep1;A549_PRDX1KO__CRISPRi_v3__DNAPKi__rep1	0.23708787389712604	1.0990230257880502	0.8619351518909242	-1.9170262002952194	-1.1729165585968495
count_plus_1	S0_old_genes_old_transcripts	A549_parent__CRISPRi_v3__vehicle__rep3;A549_parent__CRISPRi_v3__DNAPKi__rep3;A549_PRDX1KO__CRISPRi_v3__vehicle__rep1;A549_PRDX1KO__CRISPRi_v3__DNAPKi__rep2	0.23708787389712604	1.103378946589873	0.8662910726927469	-1.9170262002952194	-1.1729165585968495
count_plus_1	S0_old_genes_old_transcripts	A549_parent__CRISPRi_v3__vehicle__rep3;A549_parent__CRISPRi_v3__DNAPKi__rep3;A549_PRDX1KO__CRISPRi_v3__vehicle__rep1;A549_PRDX1KO__CRISPRi_v3__DNAPKi__rep3	0.23708787389712604	1.149489410048877	0.912401536151751	-1.9170262002952194	-1.1729165585968495
count_plus_1	S0_old_genes_old_transcripts	A549_parent__CRISPRi_v3__vehicle__rep3;A549_parent__CRISPRi_v3__DNAPKi__rep3;A549_PRDX1KO__CRISPRi_v3__vehicle__rep2;A549_PRDX1KO__CRISPRi_v3__DNAPKi__rep1	0.23708787389712604	1.0244462132884578	0.7873583393913317	-1.9170262002952194	-1.098339746097257
count_plus_1	S0_old_genes_old_transcripts	A549_parent__CRISPRi_v3__vehicle__rep3;A549_parent__CRISPRi_v3__DNAPKi__rep3;A549_PRDX1KO__CRISPRi_v3__vehicle__rep2;A549_PRDX1KO__CRISPRi_v3__DNAPKi__rep2	0.23708787389712604	1.0288021340902804	0.7917142601931544	-1.9170262002952194	-1.098339746097257
count_plus_1	S0_old_genes_old_transcripts	A549_parent__CRISPRi_v3__vehicle__rep3;A549_parent__CRISPRi_v3__DNAPKi__rep3;A549_PRDX1KO__CRISPRi_v3__vehicle__rep2;A549_PRDX1KO__CRISPRi_v3__DNAPKi__rep3	0.23708787389712604	1.0749125975492846	0.8378247236521585	-1.9170262002952194	-1.098339746097257
count_plus_1	S0_old_genes_old_transcripts	A549_parent__CRISPRi_v3__vehicle__rep3;A549_parent__CRISPRi_v3__DNAPKi__rep3;A549_PRDX1KO__CRISPRi_v3__vehicle__rep3;A549_PRDX1KO__CRISPRi_v3__DNAPKi__rep1	0.23708787389712604	1.0549735796163882	0.8178857057192621	-1.9170262002952194	-1.1288671124251874
count_plus_1	S0_old_genes_old_transcripts	A549_parent__CRISPRi_v3__vehicle__rep3;A549_parent__CRISPRi_v3__DNAPKi__rep3;A549_PRDX1KO__CRISPRi_v3__vehicle__rep3;A549_PRDX1KO__CRISPRi_v3__DNAPKi__rep2	0.23708787389712604	1.0593295004182108	0.8222416265210848	-1.9170262002952194	-1.1288671124251874
count_plus_1	S0_old_genes_old_transcripts	A549_parent__CRISPRi_v3__vehicle__rep3;A549_parent__CRISPRi_v3__DNAPKi__rep3;A549_PRDX1KO__CRISPRi_v3__vehicle__rep3;A549_PRDX1KO__CRISPRi_v3__DNAPKi__rep3	0.23708787389712604	1.105439963877215	0.868352089980089	-1.9170262002952194	-1.1288671124251874
count_plus_1	S1_old_genes_T0_transcripts	A549_parent__CRISPRi_v3__vehicle__rep1;A549_parent__CRISPRi_v3__DNAPKi__rep1;A549_PRDX1KO__CRISPRi_v3__vehicle__rep1;A549_PRDX1KO__CRISPRi_v3__DNAPKi__rep1	0.26655083912397914	0.7875969583232664	0.5210461191992872	-1.31557072353079	-0.541825861591891
count_plus_1	S1_old_genes_T0_transcripts	A549_parent__CRISPRi_v3__vehicle__rep1;A549_parent__CRISPRi_v3__DNAPKi__rep1;A549_PRDX1KO__CRISPRi_v3__vehicle__rep1;A549_PRDX1KO__CRISPRi_v3__DNAPKi__rep2	0.26655083912397914	0.7882663699387479	0.5217155308147687	-1.31557072353079	-0.541825861591891
count_plus_1	S1_old_genes_T0_transcripts	A549_parent__CRISPRi_v3__vehicle__rep1;A549_parent__CRISPRi_v3__DNAPKi__rep1;A549_PRDX1KO__CRISPRi_v3__vehicle__rep1;A549_PRDX1KO__CRISPRi_v3__DNAPKi__rep3	0.26655083912397914	0.8107809085556796	0.5442300694317005	-1.31557072353079	-0.541825861591891
count_plus_1	S1_old_genes_T0_transcripts	A549_parent__CRISPRi_v3__vehicle__rep1;A549_parent__CRISPRi_v3__DNAPKi__rep1;A549_PRDX1KO__CRISPRi_v3__vehicle__rep2;A549_PRDX1KO__CRISPRi_v3__DNAPKi__rep1	0.26655083912397914	0.6754089179352459	0.4088580788112668	-1.31557072353079	-0.42963782120387056
count_plus_1	S1_old_genes_T0_transcripts	A549_parent__CRISPRi_v3__vehicle__rep1;A549_parent__CRISPRi_v3__DNAPKi__rep1;A549_PRDX1KO__CRISPRi_v3__vehicle__rep2;A549_PRDX1KO__CRISPRi_v3__DNAPKi__rep2	0.26655083912397914	0.6760783295507274	0.4095274904267483	-1.31557072353079	-0.42963782120387056
count_plus_1	S1_old_genes_T0_transcripts	A549_parent__CRISPRi_v3__vehicle__rep1;A549_parent__CRISPRi_v3__DNAPKi__rep1;A549_PRDX1KO__CRISPRi_v3__vehicle__rep2;A549_PRDX1KO__CRISPRi_v3__DNAPKi__rep3	0.26655083912397914	0.6985928681676592	0.43204202904368005	-1.31557072353079	-0.42963782120387056
count_plus_1	S1_old_genes_T0_transcripts	A549_parent__CRISPRi_v3__vehicle__rep1;A549_parent__CRISPRi_v3__DNAPKi__rep1;A549_PRDX1KO__CRISPRi_v3__vehicle__rep3;A549_PRDX1KO__CRISPRi_v3__DNAPKi__rep1	0.26655083912397914	0.8665736286060641	0.600022789482085	-1.31557072353079	-0.6208025318746888
count_plus_1	S1_old_genes_T0_transcripts	A549_parent__CRISPRi_v3__vehicle__rep1;A549_parent__CRISPRi_v3__DNAPKi__rep1;A549_PRDX1KO__CRISPRi_v3__vehicle__rep3;A549_PRDX1KO__CRISPRi_v3__DNAPKi__rep2	0.26655083912397914	0.8672430402215456	0.6006922010975665	-1.31557072353079	-0.6208025318746888
count_plus_1	S1_old_genes_T0_transcripts	A549_parent__CRISPRi_v3__vehicle__rep1;A549_parent__CRISPRi_v3__DNAPKi__rep1;A549_PRDX1KO__CRISPRi_v3__vehicle__rep3;A549_PRDX1KO__CRISPRi_v3__DNAPKi__rep3	0.26655083912397914	0.8897575788384774	0.6232067397144982	-1.31557072353079	-0.6208025318746888
count_plus_1	S1_old_genes_T0_transcripts	A549_parent__CRISPRi_v3__vehicle__rep1;A549_parent__CRISPRi_v3__DNAPKi__rep2;A549_PRDX1KO__CRISPRi_v3__vehicle__rep1;A549_PRDX1KO__CRISPRi_v3__DNAPKi__rep1	0.2800096262347074	0.7875969583232664	0.507587332088559	-1.31557072353079	-0.541825861591891
count_plus_1	S1_old_genes_T0_transcripts	A549_parent__CRISPRi_v3__vehicle__rep1;A549_parent__CRISPRi_v3__DNAPKi__rep2;A549_PRDX1KO__CRISPRi_v3__vehicle__rep1;A549_PRDX1KO__CRISPRi_v3__DNAPKi__rep2	0.2800096262347074	0.7882663699387479	0.5082567437040405	-1.31557072353079	-0.541825861591891
count_plus_1	S1_old_genes_T0_transcripts	A549_parent__CRISPRi_v3__vehicle__rep1;A549_parent__CRISPRi_v3__DNAPKi__rep2;A549_PRDX1KO__CRISPRi_v3__vehicle__rep1;A549_PRDX1KO__CRISPRi_v3__DNAPKi__rep3	0.2800096262347074	0.8107809085556796	0.5307712823209723	-1.31557072353079	-0.541825861591891
count_plus_1	S1_old_genes_T0_transcripts	A549_parent__CRISPRi_v3__vehicle__rep1;A549_parent__CRISPRi_v3__DNAPKi__rep2;A549_PRDX1KO__CRISPRi_v3__vehicle__rep2;A549_PRDX1KO__CRISPRi_v3__DNAPKi__rep1	0.2800096262347074	0.6754089179352459	0.39539929170053856	-1.31557072353079	-0.42963782120387056
count_plus_1	S1_old_genes_T0_transcripts	A549_parent__CRISPRi_v3__vehicle__rep1;A549_parent__CRISPRi_v3__DNAPKi__rep2;A549_PRDX1KO__CRISPRi_v3__vehicle__rep2;A549_PRDX1KO__CRISPRi_v3__DNAPKi__rep2	0.2800096262347074	0.6760783295507274	0.39606870331602007	-1.31557072353079	-0.42963782120387056
count_plus_1	S1_old_genes_T0_transcripts	A549_parent__CRISPRi_v3__vehicle__rep1;A549_parent__CRISPRi_v3__DNAPKi__rep2;A549_PRDX1KO__CRISPRi_v3__vehicle__rep2;A549_PRDX1KO__CRISPRi_v3__DNAPKi__rep3	0.2800096262347074	0.6985928681676592	0.4185832419329518	-1.31557072353079	-0.42963782120387056
count_plus_1	S1_old_genes_T0_transcripts	A549_parent__CRISPRi_v3__vehicle__rep1;A549_parent__CRISPRi_v3__DNAPKi__rep2;A549_PRDX1KO__CRISPRi_v3__vehicle__rep3;A549_PRDX1KO__CRISPRi_v3__DNAPKi__rep1	0.2800096262347074	0.8665736286060641	0.5865640023713568	-1.31557072353079	-0.6208025318746888
count_plus_1	S1_old_genes_T0_transcripts	A549_parent__CRISPRi_v3__vehicle__rep1;A549_parent__CRISPRi_v3__DNAPKi__rep2;A549_PRDX1KO__CRISPRi_v3__vehicle__rep3;A549_PRDX1KO__CRISPRi_v3__DNAPKi__rep2	0.2800096262347074	0.8672430402215456	0.5872334139868383	-1.31557072353079	-0.6208025318746888
count_plus_1	S1_old_genes_T0_transcripts	A549_parent__CRISPRi_v3__vehicle__rep1;A549_parent__CRISPRi_v3__DNAPKi__rep2;A549_PRDX1KO__CRISPRi_v3__vehicle__rep3;A549_PRDX1KO__CRISPRi_v3__DNAPKi__rep3	0.2800096262347074	0.8897575788384774	0.60974795260377	-1.31557072353079	-0.6208025318746888
count_plus_1	S1_old_genes_T0_transcripts	A549_parent__CRISPRi_v3__vehicle__rep1;A549_parent__CRISPRi_v3__DNAPKi__rep3;A549_PRDX1KO__CRISPRi_v3__vehicle__rep1;A549_PRDX1KO__CRISPRi_v3__DNAPKi__rep1	0.31724728191758456	0.7875969583232664	0.4703496764056818	-1.31557072353079	-0.541825861591891
count_plus_1	S1_old_genes_T0_transcripts	A549_parent__CRISPRi_v3__vehicle__rep1;A549_parent__CRISPRi_v3__DNAPKi__rep3;A549_PRDX1KO__CRISPRi_v3__vehicle__rep1;A549_PRDX1KO__CRISPRi_v3__DNAPKi__rep2	0.31724728191758456	0.7882663699387479	0.4710190880211633	-1.31557072353079	-0.541825861591891
count_plus_1	S1_old_genes_T0_transcripts	A549_parent__CRISPRi_v3__vehicle__rep1;A549_parent__CRISPRi_v3__DNAPKi__rep3;A549_PRDX1KO__CRISPRi_v3__vehicle__rep1;A549_PRDX1KO__CRISPRi_v3__DNAPKi__rep3	0.31724728191758456	0.8107809085556796	0.4935336266380951	-1.31557072353079	-0.541825861591891
count_plus_1	S1_old_genes_T0_transcripts	A549_parent__CRISPRi_v3__vehicle__rep1;A549_parent__CRISPRi_v3__DNAPKi__rep3;A549_PRDX1KO__CRISPRi_v3__vehicle__rep2;A549_PRDX1KO__CRISPRi_v3__DNAPKi__rep1	0.31724728191758456	0.6754089179352459	0.3581616360176614	-1.31557072353079	-0.42963782120387056
count_plus_1	S1_old_genes_T0_transcripts	A549_parent__CRISPRi_v3__vehicle__rep1;A549_parent__CRISPRi_v3__DNAPKi__rep3;A549_PRDX1KO__CRISPRi_v3__vehicle__rep2;A549_PRDX1KO__CRISPRi_v3__DNAPKi__rep2	0.31724728191758456	0.6760783295507274	0.3588310476331429	-1.31557072353079	-0.42963782120387056
count_plus_1	S1_old_genes_T0_transcripts	A549_parent__CRISPRi_v3__vehicle__rep1;A549_parent__CRISPRi_v3__DNAPKi__rep3;A549_PRDX1KO__CRISPRi_v3__vehicle__rep2;A549_PRDX1KO__CRISPRi_v3__DNAPKi__rep3	0.31724728191758456	0.6985928681676592	0.38134558625007464	-1.31557072353079	-0.42963782120387056
count_plus_1	S1_old_genes_T0_transcripts	A549_parent__CRISPRi_v3__vehicle__rep1;A549_parent__CRISPRi_v3__DNAPKi__rep3;A549_PRDX1KO__CRISPRi_v3__vehicle__rep3;A549_PRDX1KO__CRISPRi_v3__DNAPKi__rep1	0.31724728191758456	0.8665736286060641	0.5493263466884796	-1.31557072353079	-0.6208025318746888
count_plus_1	S1_old_genes_T0_transcripts	A549_parent__CRISPRi_v3__vehicle__rep1;A549_parent__CRISPRi_v3__DNAPKi__rep3;A549_PRDX1KO__CRISPRi_v3__vehicle__rep3;A549_PRDX1KO__CRISPRi_v3__DNAPKi__rep2	0.31724728191758456	0.8672430402215456	0.5499957583039611	-1.31557072353079	-0.6208025318746888
count_plus_1	S1_old_genes_T0_transcripts	A549_parent__CRISPRi_v3__vehicle__rep1;A549_parent__CRISPRi_v3__DNAPKi__rep3;A549_PRDX1KO__CRISPRi_v3__vehicle__rep3;A549_PRDX1KO__CRISPRi_v3__DNAPKi__rep3	0.31724728191758456	0.8897575788384774	0.5725102969208928	-1.31557072353079	-0.6208025318746888
count_plus_1	S1_old_genes_T0_transcripts	A549_parent__CRISPRi_v3__vehicle__rep2;A549_parent__CRISPRi_v3__DNAPKi__rep1;A549_PRDX1KO__CRISPRi_v3__vehicle__rep1;A549_PRDX1KO__CRISPRi_v3__DNAPKi__rep1	0.19361389118073213	0.7875969583232664	0.5939830671425342	-1.242633775587543	-0.541825861591891
count_plus_1	S1_old_genes_T0_transcripts	A549_parent__CRISPRi_v3__vehicle__rep2;A549_parent__CRISPRi_v3__DNAPKi__rep1;A549_PRDX1KO__CRISPRi_v3__vehicle__rep1;A549_PRDX1KO__CRISPRi_v3__DNAPKi__rep2	0.19361389118073213	0.7882663699387479	0.5946524787580157	-1.242633775587543	-0.541825861591891
count_plus_1	S1_old_genes_T0_transcripts	A549_parent__CRISPRi_v3__vehicle__rep2;A549_parent__CRISPRi_v3__DNAPKi__rep1;A549_PRDX1KO__CRISPRi_v3__vehicle__rep1;A549_PRDX1KO__CRISPRi_v3__DNAPKi__rep3	0.19361389118073213	0.8107809085556796	0.6171670173749475	-1.242633775587543	-0.541825861591891
count_plus_1	S1_old_genes_T0_transcripts	A549_parent__CRISPRi_v3__vehicle__rep2;A549_parent__CRISPRi_v3__DNAPKi__rep1;A549_PRDX1KO__CRISPRi_v3__vehicle__rep2;A549_PRDX1KO__CRISPRi_v3__DNAPKi__rep1	0.19361389118073213	0.6754089179352459	0.4817950267545138	-1.242633775587543	-0.42963782120387056
count_plus_1	S1_old_genes_T0_transcripts	A549_parent__CRISPRi_v3__vehicle__rep2;A549_parent__CRISPRi_v3__DNAPKi__rep1;A549_PRDX1KO__CRISPRi_v3__vehicle__rep2;A549_PRDX1KO__CRISPRi_v3__DNAPKi__rep2	0.19361389118073213	0.6760783295507274	0.4824644383699953	-1.242633775587543	-0.42963782120387056
count_plus_1	S1_old_genes_T0_transcripts	A549_parent__CRISPRi_v3__vehicle__rep2;A549_parent__CRISPRi_v3__DNAPKi__rep1;A549_PRDX1KO__CRISPRi_v3__vehicle__rep2;A549_PRDX1KO__CRISPRi_v3__DNAPKi__rep3	0.19361389118073213	0.6985928681676592	0.5049789769869271	-1.242633775587543	-0.42963782120387056
count_plus_1	S1_old_genes_T0_transcripts	A549_parent__CRISPRi_v3__vehicle__rep2;A549_parent__CRISPRi_v3__DNAPKi__rep1;A549_PRDX1KO__CRISPRi_v3__vehicle__rep3;A549_PRDX1KO__CRISPRi_v3__DNAPKi__rep1	0.19361389118073213	0.8665736286060641	0.672959737425332	-1.242633775587543	-0.6208025318746888
count_plus_1	S1_old_genes_T0_transcripts	A549_parent__CRISPRi_v3__vehicle__rep2;A549_parent__CRISPRi_v3__DNAPKi__rep1;A549_PRDX1KO__CRISPRi_v3__vehicle__rep3;A549_PRDX1KO__CRISPRi_v3__DNAPKi__rep2	0.19361389118073213	0.8672430402215456	0.6736291490408135	-1.242633775587543	-0.6208025318746888
count_plus_1	S1_old_genes_T0_transcripts	A549_parent__CRISPRi_v3__vehicle__rep2;A549_parent__CRISPRi_v3__DNAPKi__rep1;A549_PRDX1KO__CRISPRi_v3__vehicle__rep3;A549_PRDX1KO__CRISPRi_v3__DNAPKi__rep3	0.19361389118073213	0.8897575788384774	0.6961436876577453	-1.242633775587543	-0.6208025318746888
count_plus_1	S1_old_genes_T0_transcripts	A549_parent__CRISPRi_v3__vehicle__rep2;A549_parent__CRISPRi_v3__DNAPKi__rep2;A549_PRDX1KO__CRISPRi_v3__vehicle__rep1;A549_PRDX1KO__CRISPRi_v3__DNAPKi__rep1	0.20707267829146037	0.7875969583232664	0.580524280031806	-1.242633775587543	-0.541825861591891
count_plus_1	S1_old_genes_T0_transcripts	A549_parent__CRISPRi_v3__vehicle__rep2;A549_parent__CRISPRi_v3__DNAPKi__rep2;A549_PRDX1KO__CRISPRi_v3__vehicle__rep1;A549_PRDX1KO__CRISPRi_v3__DNAPKi__rep2	0.20707267829146037	0.7882663699387479	0.5811936916472875	-1.242633775587543	-0.541825861591891
count_plus_1	S1_old_genes_T0_transcripts	A549_parent__CRISPRi_v3__vehicle__rep2;A549_parent__CRISPRi_v3__DNAPKi__rep2;A549_PRDX1KO__CRISPRi_v3__vehicle__rep1;A549_PRDX1KO__CRISPRi_v3__DNAPKi__rep3	0.20707267829146037	0.8107809085556796	0.6037082302642193	-1.242633775587543	-0.541825861591891
count_plus_1	S1_old_genes_T0_transcripts	A549_parent__CRISPRi_v3__vehicle__rep2;A549_parent__CRISPRi_v3__DNAPKi__rep2;A549_PRDX1KO__CRISPRi_v3__vehicle__rep2;A549_PRDX1KO__CRISPRi_v3__DNAPKi__rep1	0.20707267829146037	0.6754089179352459	0.46833623964378557	-1.242633775587543	-0.42963782120387056
count_plus_1	S1_old_genes_T0_transcripts	A549_parent__CRISPRi_v3__vehicle__rep2;A549_parent__CRISPRi_v3__DNAPKi__rep2;A549_PRDX1KO__CRISPRi_v3__vehicle__rep2;A549_PRDX1KO__CRISPRi_v3__DNAPKi__rep2	0.20707267829146037	0.6760783295507274	0.4690056512592671	-1.242633775587543	-0.42963782120387056
count_plus_1	S1_old_genes_T0_transcripts	A549_parent__CRISPRi_v3__vehicle__rep2;A549_parent__CRISPRi_v3__DNAPKi__rep2;A549_PRDX1KO__CRISPRi_v3__vehicle__rep2;A549_PRDX1KO__CRISPRi_v3__DNAPKi__rep3	0.20707267829146037	0.6985928681676592	0.49152018987619883	-1.242633775587543	-0.42963782120387056
count_plus_1	S1_old_genes_T0_transcripts	A549_parent__CRISPRi_v3__vehicle__rep2;A549_parent__CRISPRi_v3__DNAPKi__rep2;A549_PRDX1KO__CRISPRi_v3__vehicle__rep3;A549_PRDX1KO__CRISPRi_v3__DNAPKi__rep1	0.20707267829146037	0.8665736286060641	0.6595009503146038	-1.242633775587543	-0.6208025318746888
count_plus_1	S1_old_genes_T0_transcripts	A549_parent__CRISPRi_v3__vehicle__rep2;A549_parent__CRISPRi_v3__DNAPKi__rep2;A549_PRDX1KO__CRISPRi_v3__vehicle__rep3;A549_PRDX1KO__CRISPRi_v3__DNAPKi__rep2	0.20707267829146037	0.8672430402215456	0.6601703619300853	-1.242633775587543	-0.6208025318746888
count_plus_1	S1_old_genes_T0_transcripts	A549_parent__CRISPRi_v3__vehicle__rep2;A549_parent__CRISPRi_v3__DNAPKi__rep2;A549_PRDX1KO__CRISPRi_v3__vehicle__rep3;A549_PRDX1KO__CRISPRi_v3__DNAPKi__rep3	0.20707267829146037	0.8897575788384774	0.682684900547017	-1.242633775587543	-0.6208025318746888
count_plus_1	S1_old_genes_T0_transcripts	A549_parent__CRISPRi_v3__vehicle__rep2;A549_parent__CRISPRi_v3__DNAPKi__rep3;A549_PRDX1KO__CRISPRi_v3__vehicle__rep1;A549_PRDX1KO__CRISPRi_v3__DNAPKi__rep1	0.24431033397433755	0.7875969583232664	0.5432866243489288	-1.242633775587543	-0.541825861591891
count_plus_1	S1_old_genes_T0_transcripts	A549_parent__CRISPRi_v3__vehicle__rep2;A549_parent__CRISPRi_v3__DNAPKi__rep3;A549_PRDX1KO__CRISPRi_v3__vehicle__rep1;A549_PRDX1KO__CRISPRi_v3__DNAPKi__rep2	0.24431033397433755	0.7882663699387479	0.5439560359644103	-1.242633775587543	-0.541825861591891
count_plus_1	S1_old_genes_T0_transcripts	A549_parent__CRISPRi_v3__vehicle__rep2;A549_parent__CRISPRi_v3__DNAPKi__rep3;A549_PRDX1KO__CRISPRi_v3__vehicle__rep1;A549_PRDX1KO__CRISPRi_v3__DNAPKi__rep3	0.24431033397433755	0.8107809085556796	0.5664705745813421	-1.242633775587543	-0.541825861591891
count_plus_1	S1_old_genes_T0_transcripts	A549_parent__CRISPRi_v3__vehicle__rep2;A549_parent__CRISPRi_v3__DNAPKi__rep3;A549_PRDX1KO__CRISPRi_v3__vehicle__rep2;A549_PRDX1KO__CRISPRi_v3__DNAPKi__rep1	0.24431033397433755	0.6754089179352459	0.4310985839609084	-1.242633775587543	-0.42963782120387056
count_plus_1	S1_old_genes_T0_transcripts	A549_parent__CRISPRi_v3__vehicle__rep2;A549_parent__CRISPRi_v3__DNAPKi__rep3;A549_PRDX1KO__CRISPRi_v3__vehicle__rep2;A549_PRDX1KO__CRISPRi_v3__DNAPKi__rep2	0.24431033397433755	0.6760783295507274	0.4317679955763899	-1.242633775587543	-0.42963782120387056
count_plus_1	S1_old_genes_T0_transcripts	A549_parent__CRISPRi_v3__vehicle__rep2;A549_parent__CRISPRi_v3__DNAPKi__rep3;A549_PRDX1KO__CRISPRi_v3__vehicle__rep2;A549_PRDX1KO__CRISPRi_v3__DNAPKi__rep3	0.24431033397433755	0.6985928681676592	0.45428253419332165	-1.242633775587543	-0.42963782120387056
count_plus_1	S1_old_genes_T0_transcripts	A549_parent__CRISPRi_v3__vehicle__rep2;A549_parent__CRISPRi_v3__DNAPKi__rep3;A549_PRDX1KO__CRISPRi_v3__vehicle__rep3;A549_PRDX1KO__CRISPRi_v3__DNAPKi__rep1	0.24431033397433755	0.8665736286060641	0.6222632946317266	-1.242633775587543	-0.6208025318746888
count_plus_1	S1_old_genes_T0_transcripts	A549_parent__CRISPRi_v3__vehicle__rep2;A549_parent__CRISPRi_v3__DNAPKi__rep3;A549_PRDX1KO__CRISPRi_v3__vehicle__rep3;A549_PRDX1KO__CRISPRi_v3__DNAPKi__rep2	0.24431033397433755	0.8672430402215456	0.6229327062472081	-1.242633775587543	-0.6208025318746888
count_plus_1	S1_old_genes_T0_transcripts	A549_parent__CRISPRi_v3__vehicle__rep2;A549_parent__CRISPRi_v3__DNAPKi__rep3;A549_PRDX1KO__CRISPRi_v3__vehicle__rep3;A549_PRDX1KO__CRISPRi_v3__DNAPKi__rep3	0.24431033397433755	0.8897575788384774	0.6454472448641398	-1.242633775587543	-0.6208025318746888
count_plus_1	S1_old_genes_T0_transcripts	A549_parent__CRISPRi_v3__vehicle__rep3;A549_parent__CRISPRi_v3__DNAPKi__rep1;A549_PRDX1KO__CRISPRi_v3__vehicle__rep1;A549_PRDX1KO__CRISPRi_v3__DNAPKi__rep1	0.2755478412373189	0.7875969583232664	0.5120491170859475	-1.3245677256441297	-0.541825861591891
count_plus_1	S1_old_genes_T0_transcripts	A549_parent__CRISPRi_v3__vehicle__rep3;A549_parent__CRISPRi_v3__DNAPKi__rep1;A549_PRDX1KO__CRISPRi_v3__vehicle__rep1;A549_PRDX1KO__CRISPRi_v3__DNAPKi__rep2	0.2755478412373189	0.7882663699387479	0.512718528701429	-1.3245677256441297	-0.541825861591891
count_plus_1	S1_old_genes_T0_transcripts	A549_parent__CRISPRi_v3__vehicle__rep3;A549_parent__CRISPRi_v3__DNAPKi__rep1;A549_PRDX1KO__CRISPRi_v3__vehicle__rep1;A549_PRDX1KO__CRISPRi_v3__DNAPKi__rep3	0.2755478412373189	0.8107809085556796	0.5352330673183607	-1.3245677256441297	-0.541825861591891
count_plus_1	S1_old_genes_T0_transcripts	A549_parent__CRISPRi_v3__vehicle__rep3;A549_parent__CRISPRi_v3__DNAPKi__rep1;A549_PRDX1KO__CRISPRi_v3__vehicle__rep2;A549_PRDX1KO__CRISPRi_v3__DNAPKi__rep1	0.2755478412373189	0.6754089179352459	0.39986107669792703	-1.3245677256441297	-0.42963782120387056
count_plus_1	S1_old_genes_T0_transcripts	A549_parent__CRISPRi_v3__vehicle__rep3;A549_parent__CRISPRi_v3__DNAPKi__rep1;A549_PRDX1KO__CRISPRi_v3__vehicle__rep2;A549_PRDX1KO__CRISPRi_v3__DNAPKi__rep2	0.2755478412373189	0.6760783295507274	0.40053048831340854	-1.3245677256441297	-0.42963782120387056
count_plus_1	S1_old_genes_T0_transcripts	A549_parent__CRISPRi_v3__vehicle__rep3;A549_parent__CRISPRi_v3__DNAPKi__rep1;A549_PRDX1KO__CRISPRi_v3__vehicle__rep2;A549_PRDX1KO__CRISPRi_v3__DNAPKi__rep3	0.2755478412373189	0.6985928681676592	0.4230450269303403	-1.3245677256441297	-0.42963782120387056
count_plus_1	S1_old_genes_T0_transcripts	A549_parent__CRISPRi_v3__vehicle__rep3;A549_parent__CRISPRi_v3__DNAPKi__rep1;A549_PRDX1KO__CRISPRi_v3__vehicle__rep3;A549_PRDX1KO__CRISPRi_v3__DNAPKi__rep1	0.2755478412373189	0.8665736286060641	0.5910257873687452	-1.3245677256441297	-0.6208025318746888
count_plus_1	S1_old_genes_T0_transcripts	A549_parent__CRISPRi_v3__vehicle__rep3;A549_parent__CRISPRi_v3__DNAPKi__rep1;A549_PRDX1KO__CRISPRi_v3__vehicle__rep3;A549_PRDX1KO__CRISPRi_v3__DNAPKi__rep2	0.2755478412373189	0.8672430402215456	0.5916951989842267	-1.3245677256441297	-0.6208025318746888
count_plus_1	S1_old_genes_T0_transcripts	A549_parent__CRISPRi_v3__vehicle__rep3;A549_parent__CRISPRi_v3__DNAPKi__rep1;A549_PRDX1KO__CRISPRi_v3__vehicle__rep3;A549_PRDX1KO__CRISPRi_v3__DNAPKi__rep3	0.2755478412373189	0.8897575788384774	0.6142097376011585	-1.3245677256441297	-0.6208025318746888
count_plus_1	S1_old_genes_T0_transcripts	A549_parent__CRISPRi_v3__vehicle__rep3;A549_parent__CRISPRi_v3__DNAPKi__rep2;A549_PRDX1KO__CRISPRi_v3__vehicle__rep1;A549_PRDX1KO__CRISPRi_v3__DNAPKi__rep1	0.28900662834804713	0.7875969583232664	0.49859032997521924	-1.3245677256441297	-0.541825861591891
count_plus_1	S1_old_genes_T0_transcripts	A549_parent__CRISPRi_v3__vehicle__rep3;A549_parent__CRISPRi_v3__DNAPKi__rep2;A549_PRDX1KO__CRISPRi_v3__vehicle__rep1;A549_PRDX1KO__CRISPRi_v3__DNAPKi__rep2	0.28900662834804713	0.7882663699387479	0.49925974159070075	-1.3245677256441297	-0.541825861591891
count_plus_1	S1_old_genes_T0_transcripts	A549_parent__CRISPRi_v3__vehicle__rep3;A549_parent__CRISPRi_v3__DNAPKi__rep2;A549_PRDX1KO__CRISPRi_v3__vehicle__rep1;A549_PRDX1KO__CRISPRi_v3__DNAPKi__rep3	0.28900662834804713	0.8107809085556796	0.5217742802076325	-1.3245677256441297	-0.541825861591891
count_plus_1	S1_old_genes_T0_transcripts	A549_parent__CRISPRi_v3__vehicle__rep3;A549_parent__CRISPRi_v3__DNAPKi__rep2;A549_PRDX1KO__CRISPRi_v3__vehicle__rep2;A549_PRDX1KO__CRISPRi_v3__DNAPKi__rep1	0.28900662834804713	0.6754089179352459	0.3864022895871988	-1.3245677256441297	-0.42963782120387056
count_plus_1	S1_old_genes_T0_transcripts	A549_parent__CRISPRi_v3__vehicle__rep3;A549_parent__CRISPRi_v3__DNAPKi__rep2;A549_PRDX1KO__CRISPRi_v3__vehicle__rep2;A549_PRDX1KO__CRISPRi_v3__DNAPKi__rep2	0.28900662834804713	0.6760783295507274	0.3870717012026803	-1.3245677256441297	-0.42963782120387056
count_plus_1	S1_old_genes_T0_transcripts	A549_parent__CRISPRi_v3__vehicle__rep3;A549_parent__CRISPRi_v3__DNAPKi__rep2;A549_PRDX1KO__CRISPRi_v3__vehicle__rep2;A549_PRDX1KO__CRISPRi_v3__DNAPKi__rep3	0.28900662834804713	0.6985928681676592	0.40958623981961206	-1.3245677256441297	-0.42963782120387056
count_plus_1	S1_old_genes_T0_transcripts	A549_parent__CRISPRi_v3__vehicle__rep3;A549_parent__CRISPRi_v3__DNAPKi__rep2;A549_PRDX1KO__CRISPRi_v3__vehicle__rep3;A549_PRDX1KO__CRISPRi_v3__DNAPKi__rep1	0.28900662834804713	0.8665736286060641	0.577567000258017	-1.3245677256441297	-0.6208025318746888
count_plus_1	S1_old_genes_T0_transcripts	A549_parent__CRISPRi_v3__vehicle__rep3;A549_parent__CRISPRi_v3__DNAPKi__rep2;A549_PRDX1KO__CRISPRi_v3__vehicle__rep3;A549_PRDX1KO__CRISPRi_v3__DNAPKi__rep2	0.28900662834804713	0.8672430402215456	0.5782364118734985	-1.3245677256441297	-0.6208025318746888
count_plus_1	S1_old_genes_T0_transcripts	A549_parent__CRISPRi_v3__vehicle__rep3;A549_parent__CRISPRi_v3__DNAPKi__rep2;A549_PRDX1KO__CRISPRi_v3__vehicle__rep3;A549_PRDX1KO__CRISPRi_v3__DNAPKi__rep3	0.28900662834804713	0.8897575788384774	0.6007509504904303	-1.3245677256441297	-0.6208025318746888
count_plus_1	S1_old_genes_T0_transcripts	A549_parent__CRISPRi_v3__vehicle__rep3;A549_parent__CRISPRi_v3__DNAPKi__rep3;A549_PRDX1KO__CRISPRi_v3__vehicle__rep1;A549_PRDX1KO__CRISPRi_v3__DNAPKi__rep1	0.3262442840309243	0.7875969583232664	0.46135267429234206	-1.3245677256441297	-0.541825861591891
count_plus_1	S1_old_genes_T0_transcripts	A549_parent__CRISPRi_v3__vehicle__rep3;A549_parent__CRISPRi_v3__DNAPKi__rep3;A549_PRDX1KO__CRISPRi_v3__vehicle__rep1;A549_PRDX1KO__CRISPRi_v3__DNAPKi__rep2	0.3262442840309243	0.7882663699387479	0.46202208590782357	-1.3245677256441297	-0.541825861591891
count_plus_1	S1_old_genes_T0_transcripts	A549_parent__CRISPRi_v3__vehicle__rep3;A549_parent__CRISPRi_v3__DNAPKi__rep3;A549_PRDX1KO__CRISPRi_v3__vehicle__rep1;A549_PRDX1KO__CRISPRi_v3__DNAPKi__rep3	0.3262442840309243	0.8107809085556796	0.4845366245247553	-1.3245677256441297	-0.541825861591891
count_plus_1	S1_old_genes_T0_transcripts	A549_parent__CRISPRi_v3__vehicle__rep3;A549_parent__CRISPRi_v3__DNAPKi__rep3;A549_PRDX1KO__CRISPRi_v3__vehicle__rep2;A549_PRDX1KO__CRISPRi_v3__DNAPKi__rep1	0.3262442840309243	0.6754089179352459	0.3491646339043216	-1.3245677256441297	-0.42963782120387056
count_plus_1	S1_old_genes_T0_transcripts	A549_parent__CRISPRi_v3__vehicle__rep3;A549_parent__CRISPRi_v3__DNAPKi__rep3;A549_PRDX1KO__CRISPRi_v3__vehicle__rep2;A549_PRDX1KO__CRISPRi_v3__DNAPKi__rep2	0.3262442840309243	0.6760783295507274	0.3498340455198031	-1.3245677256441297	-0.42963782120387056
count_plus_1	S1_old_genes_T0_transcripts	A549_parent__CRISPRi_v3__vehicle__rep3;A549_parent__CRISPRi_v3__DNAPKi__rep3;A549_PRDX1KO__CRISPRi_v3__vehicle__rep2;A549_PRDX1KO__CRISPRi_v3__DNAPKi__rep3	0.3262442840309243	0.6985928681676592	0.3723485841367349	-1.3245677256441297	-0.42963782120387056
count_plus_1	S1_old_genes_T0_transcripts	A549_parent__CRISPRi_v3__vehicle__rep3;A549_parent__CRISPRi_v3__DNAPKi__rep3;A549_PRDX1KO__CRISPRi_v3__vehicle__rep3;A549_PRDX1KO__CRISPRi_v3__DNAPKi__rep1	0.3262442840309243	0.8665736286060641	0.5403293445751398	-1.3245677256441297	-0.6208025318746888
count_plus_1	S1_old_genes_T0_transcripts	A549_parent__CRISPRi_v3__vehicle__rep3;A549_parent__CRISPRi_v3__DNAPKi__rep3;A549_PRDX1KO__CRISPRi_v3__vehicle__rep3;A549_PRDX1KO__CRISPRi_v3__DNAPKi__rep2	0.3262442840309243	0.8672430402215456	0.5409987561906213	-1.3245677256441297	-0.6208025318746888
count_plus_1	S1_old_genes_T0_transcripts	A549_parent__CRISPRi_v3__vehicle__rep3;A549_parent__CRISPRi_v3__DNAPKi__rep3;A549_PRDX1KO__CRISPRi_v3__vehicle__rep3;A549_PRDX1KO__CRISPRi_v3__DNAPKi__rep3	0.3262442840309243	0.8897575788384774	0.5635132948075531	-1.3245677256441297	-0.6208025318746888
count_plus_1	S2_T0_genes_T0_transcripts	A549_parent__CRISPRi_v3__vehicle__rep1;A549_parent__CRISPRi_v3__DNAPKi__rep1;A549_PRDX1KO__CRISPRi_v3__vehicle__rep1;A549_PRDX1KO__CRISPRi_v3__DNAPKi__rep1	0.3817828607867537	-1.4145944229782126	-1.7963772837649663	1.8340333821159014	3.40769536280127
count_plus_1	S2_T0_genes_T0_transcripts	A549_parent__CRISPRi_v3__vehicle__rep1;A549_parent__CRISPRi_v3__DNAPKi__rep1;A549_PRDX1KO__CRISPRi_v3__vehicle__rep1;A549_PRDX1KO__CRISPRi_v3__DNAPKi__rep2	0.3817828607867537	-1.45371842829906	-1.8355012890858138	1.8340333821159014	3.40769536280127
count_plus_1	S2_T0_genes_T0_transcripts	A549_parent__CRISPRi_v3__vehicle__rep1;A549_parent__CRISPRi_v3__DNAPKi__rep1;A549_PRDX1KO__CRISPRi_v3__vehicle__rep1;A549_PRDX1KO__CRISPRi_v3__DNAPKi__rep3	0.3817828607867537	-1.40981271609833	-1.7915955768850838	1.8340333821159014	3.40769536280127
count_plus_1	S2_T0_genes_T0_transcripts	A549_parent__CRISPRi_v3__vehicle__rep1;A549_parent__CRISPRi_v3__DNAPKi__rep1;A549_PRDX1KO__CRISPRi_v3__vehicle__rep2;A549_PRDX1KO__CRISPRi_v3__DNAPKi__rep1	0.3817828607867537	-1.480957320659666	-1.8627401814464197	1.8340333821159014	3.4740582604827233
count_plus_1	S2_T0_genes_T0_transcripts	A549_parent__CRISPRi_v3__vehicle__rep1;A549_parent__CRISPRi_v3__DNAPKi__rep1;A549_PRDX1KO__CRISPRi_v3__vehicle__rep2;A549_PRDX1KO__CRISPRi_v3__DNAPKi__rep2	0.3817828607867537	-1.5200813259805135	-1.9018641867672672	1.8340333821159014	3.4740582604827233
count_plus_1	S2_T0_genes_T0_transcripts	A549_parent__CRISPRi_v3__vehicle__rep1;A549_parent__CRISPRi_v3__DNAPKi__rep1;A549_PRDX1KO__CRISPRi_v3__vehicle__rep2;A549_PRDX1KO__CRISPRi_v3__DNAPKi__rep3	0.3817828607867537	-1.4761756137797835	-1.8579584745665372	1.8340333821159014	3.4740582604827233
count_plus_1	S2_T0_genes_T0_transcripts	A549_parent__CRISPRi_v3__vehicle__rep1;A549_parent__CRISPRi_v3__DNAPKi__rep1;A549_PRDX1KO__CRISPRi_v3__vehicle__rep3;A549_PRDX1KO__CRISPRi_v3__DNAPKi__rep1	0.3817828607867537	-1.1075930187838763	-1.48937587957063	1.8340333821159014	3.1006939586069335
count_plus_1	S2_T0_genes_T0_transcripts	A549_parent__CRISPRi_v3__vehicle__rep1;A549_parent__CRISPRi_v3__DNAPKi__rep1;A549_PRDX1KO__CRISPRi_v3__vehicle__rep3;A549_PRDX1KO__CRISPRi_v3__DNAPKi__rep2	0.3817828607867537	-1.1467170241047238	-1.5284998848914775	1.8340333821159014	3.1006939586069335
count_plus_1	S2_T0_genes_T0_transcripts	A549_parent__CRISPRi_v3__vehicle__rep1;A549_parent__CRISPRi_v3__DNAPKi__rep1;A549_PRDX1KO__CRISPRi_v3__vehicle__rep3;A549_PRDX1KO__CRISPRi_v3__DNAPKi__rep3	0.3817828607867537	-1.1028113119039937	-1.4845941726907474	1.8340333821159014	3.1006939586069335
count_plus_1	S2_T0_genes_T0_transcripts	A549_parent__CRISPRi_v3__vehicle__rep1;A549_parent__CRISPRi_v3__DNAPKi__rep2;A549_PRDX1KO__CRISPRi_v3__vehicle__rep1;A549_PRDX1KO__CRISPRi_v3__DNAPKi__rep1	0.17007349182967602	-1.4145944229782126	-1.5846679148078886	1.8340333821159014	3.40769536280127
count_plus_1	S2_T0_genes_T0_transcripts	A549_parent__CRISPRi_v3__vehicle__rep1;A549_parent__CRISPRi_v3__DNAPKi__rep2;A549_PRDX1KO__CRISPRi_v3__vehicle__rep1;A549_PRDX1KO__CRISPRi_v3__DNAPKi__rep2	0.17007349182967602	-1.45371842829906	-1.623791920128736	1.8340333821159014	3.40769536280127
count_plus_1	S2_T0_genes_T0_transcripts	A549_parent__CRISPRi_v3__vehicle__rep1;A549_parent__CRISPRi_v3__DNAPKi__rep2;A549_PRDX1KO__CRISPRi_v3__vehicle__rep1;A549_PRDX1KO__CRISPRi_v3__DNAPKi__rep3	0.17007349182967602	-1.40981271609833	-1.579886207928006	1.8340333821159014	3.40769536280127
count_plus_1	S2_T0_genes_T0_transcripts	A549_parent__CRISPRi_v3__vehicle__rep1;A549_parent__CRISPRi_v3__DNAPKi__rep2;A549_PRDX1KO__CRISPRi_v3__vehicle__rep2;A549_PRDX1KO__CRISPRi_v3__DNAPKi__rep1	0.17007349182967602	-1.480957320659666	-1.651030812489342	1.8340333821159014	3.4740582604827233
count_plus_1	S2_T0_genes_T0_transcripts	A549_parent__CRISPRi_v3__vehicle__rep1;A549_parent__CRISPRi_v3__DNAPKi__rep2;A549_PRDX1KO__CRISPRi_v3__vehicle__rep2;A549_PRDX1KO__CRISPRi_v3__DNAPKi__rep2	0.17007349182967602	-1.5200813259805135	-1.6901548178101895	1.8340333821159014	3.4740582604827233
count_plus_1	S2_T0_genes_T0_transcripts	A549_parent__CRISPRi_v3__vehicle__rep1;A549_parent__CRISPRi_v3__DNAPKi__rep2;A549_PRDX1KO__CRISPRi_v3__vehicle__rep2;A549_PRDX1KO__CRISPRi_v3__DNAPKi__rep3	0.17007349182967602	-1.4761756137797835	-1.6462491056094595	1.8340333821159014	3.4740582604827233
count_plus_1	S2_T0_genes_T0_transcripts	A549_parent__CRISPRi_v3__vehicle__rep1;A549_parent__CRISPRi_v3__DNAPKi__rep2;A549_PRDX1KO__CRISPRi_v3__vehicle__rep3;A549_PRDX1KO__CRISPRi_v3__DNAPKi__rep1	0.17007349182967602	-1.1075930187838763	-1.2776665106135523	1.8340333821159014	3.1006939586069335
count_plus_1	S2_T0_genes_T0_transcripts	A549_parent__CRISPRi_v3__vehicle__rep1;A549_parent__CRISPRi_v3__DNAPKi__rep2;A549_PRDX1KO__CRISPRi_v3__vehicle__rep3;A549_PRDX1KO__CRISPRi_v3__DNAPKi__rep2	0.17007349182967602	-1.1467170241047238	-1.3167905159343998	1.8340333821159014	3.1006939586069335
count_plus_1	S2_T0_genes_T0_transcripts	A549_parent__CRISPRi_v3__vehicle__rep1;A549_parent__CRISPRi_v3__DNAPKi__rep2;A549_PRDX1KO__CRISPRi_v3__vehicle__rep3;A549_PRDX1KO__CRISPRi_v3__DNAPKi__rep3	0.17007349182967602	-1.1028113119039937	-1.2728848037336697	1.8340333821159014	3.1006939586069335
count_plus_1	S2_T0_genes_T0_transcripts	A549_parent__CRISPRi_v3__vehicle__rep1;A549_parent__CRISPRi_v3__DNAPKi__rep3;A549_PRDX1KO__CRISPRi_v3__vehicle__rep1;A549_PRDX1KO__CRISPRi_v3__DNAPKi__rep1	0.13598414701768213	-1.4145944229782126	-1.5505785699958947	1.8340333821159014	3.40769536280127
count_plus_1	S2_T0_genes_T0_transcripts	A549_parent__CRISPRi_v3__vehicle__rep1;A549_parent__CRISPRi_v3__DNAPKi__rep3;A549_PRDX1KO__CRISPRi_v3__vehicle__rep1;A549_PRDX1KO__CRISPRi_v3__DNAPKi__rep2	0.13598414701768213	-1.45371842829906	-1.5897025753167422	1.8340333821159014	3.40769536280127
count_plus_1	S2_T0_genes_T0_transcripts	A549_parent__CRISPRi_v3__vehicle__rep1;A549_parent__CRISPRi_v3__DNAPKi__rep3;A549_PRDX1KO__CRISPRi_v3__vehicle__rep1;A549_PRDX1KO__CRISPRi_v3__DNAPKi__rep3	0.13598414701768213	-1.40981271609833	-1.5457968631160122	1.8340333821159014	3.40769536280127
count_plus_1	S2_T0_genes_T0_transcripts	A549_parent__CRISPRi_v3__vehicle__rep1;A549_parent__CRISPRi_v3__DNAPKi__rep3;A549_PRDX1KO__CRISPRi_v3__vehicle__rep2;A549_PRDX1KO__CRISPRi_v3__DNAPKi__rep1	0.13598414701768213	-1.480957320659666	-1.6169414676773481	1.8340333821159014	3.4740582604827233
count_plus_1	S2_T0_genes_T0_transcripts	A549_parent__CRISPRi_v3__vehicle__rep1;A549_parent__CRISPRi_v3__DNAPKi__rep3;A549_PRDX1KO__CRISPRi_v3__vehicle__rep2;A549_PRDX1KO__CRISPRi_v3__DNAPKi__rep2	0.13598414701768213	-1.5200813259805135	-1.6560654729981956	1.8340333821159014	3.4740582604827233
count_plus_1	S2_T0_genes_T0_transcripts	A549_parent__CRISPRi_v3__vehicle__rep1;A549_parent__CRISPRi_v3__DNAPKi__rep3;A549_PRDX1KO__CRISPRi_v3__vehicle__rep2;A549_PRDX1KO__CRISPRi_v3__DNAPKi__rep3	0.13598414701768213	-1.4761756137797835	-1.6121597607974656	1.8340333821159014	3.4740582604827233
count_plus_1	S2_T0_genes_T0_transcripts	A549_parent__CRISPRi_v3__vehicle__rep1;A549_parent__CRISPRi_v3__DNAPKi__rep3;A549_PRDX1KO__CRISPRi_v3__vehicle__rep3;A549_PRDX1KO__CRISPRi_v3__DNAPKi__rep1	0.13598414701768213	-1.1075930187838763	-1.2435771658015584	1.8340333821159014	3.1006939586069335
count_plus_1	S2_T0_genes_T0_transcripts	A549_parent__CRISPRi_v3__vehicle__rep1;A549_parent__CRISPRi_v3__DNAPKi__rep3;A549_PRDX1KO__CRISPRi_v3__vehicle__rep3;A549_PRDX1KO__CRISPRi_v3__DNAPKi__rep2	0.13598414701768213	-1.1467170241047238	-1.282701171122406	1.8340333821159014	3.1006939586069335
count_plus_1	S2_T0_genes_T0_transcripts	A549_parent__CRISPRi_v3__vehicle__rep1;A549_parent__CRISPRi_v3__DNAPKi__rep3;A549_PRDX1KO__CRISPRi_v3__vehicle__rep3;A549_PRDX1KO__CRISPRi_v3__DNAPKi__rep3	0.13598414701768213	-1.1028113119039937	-1.2387954589216759	1.8340333821159014	3.1006939586069335
count_plus_1	S2_T0_genes_T0_transcripts	A549_parent__CRISPRi_v3__vehicle__rep2;A549_parent__CRISPRi_v3__DNAPKi__rep1;A549_PRDX1KO__CRISPRi_v3__vehicle__rep1;A549_PRDX1KO__CRISPRi_v3__DNAPKi__rep1	0.17134855547216432	-1.4145944229782126	-1.585942978450377	2.044467687430491	3.40769536280127
count_plus_1	S2_T0_genes_T0_transcripts	A549_parent__CRISPRi_v3__vehicle__rep2;A549_parent__CRISPRi_v3__DNAPKi__rep1;A549_PRDX1KO__CRISPRi_v3__vehicle__rep1;A549_PRDX1KO__CRISPRi_v3__DNAPKi__rep2	0.17134855547216432	-1.45371842829906	-1.6250669837712244	2.044467687430491	3.40769536280127
count_plus_1	S2_T0_genes_T0_transcripts	A549_parent__CRISPRi_v3__vehicle__rep2;A549_parent__CRISPRi_v3__DNAPKi__rep1;A549_PRDX1KO__CRISPRi_v3__vehicle__rep1;A549_PRDX1KO__CRISPRi_v3__DNAPKi__rep3	0.17134855547216432	-1.40981271609833	-1.5811612715704944	2.044467687430491	3.40769536280127
count_plus_1	S2_T0_genes_T0_transcripts	A549_parent__CRISPRi_v3__vehicle__rep2;A549_parent__CRISPRi_v3__DNAPKi__rep1;A549_PRDX1KO__CRISPRi_v3__vehicle__rep2;A549_PRDX1KO__CRISPRi_v3__DNAPKi__rep1	0.17134855547216432	-1.480957320659666	-1.6523058761318303	2.044467687430491	3.4740582604827233
count_plus_1	S2_T0_genes_T0_transcripts	A549_parent__CRISPRi_v3__vehicle__rep2;A549_parent__CRISPRi_v3__DNAPKi__rep1;A549_PRDX1KO__CRISPRi_v3__vehicle__rep2;A549_PRDX1KO__CRISPRi_v3__DNAPKi__rep2	0.17134855547216432	-1.5200813259805135	-1.6914298814526778	2.044467687430491	3.4740582604827233
count_plus_1	S2_T0_genes_T0_transcripts	A549_parent__CRISPRi_v3__vehicle__rep2;A549_parent__CRISPRi_v3__DNAPKi__rep1;A549_PRDX1KO__CRISPRi_v3__vehicle__rep2;A549_PRDX1KO__CRISPRi_v3__DNAPKi__rep3	0.17134855547216432	-1.4761756137797835	-1.6475241692519478	2.044467687430491	3.4740582604827233
count_plus_1	S2_T0_genes_T0_transcripts	A549_parent__CRISPRi_v3__vehicle__rep2;A549_parent__CRISPRi_v3__DNAPKi__rep1;A549_PRDX1KO__CRISPRi_v3__vehicle__rep3;A549_PRDX1KO__CRISPRi_v3__DNAPKi__rep1	0.17134855547216432	-1.1075930187838763	-1.2789415742560406	2.044467687430491	3.1006939586069335
count_plus_1	S2_T0_genes_T0_transcripts	A549_parent__CRISPRi_v3__vehicle__rep2;A549_parent__CRISPRi_v3__DNAPKi__rep1;A549_PRDX1KO__CRISPRi_v3__vehicle__rep3;A549_PRDX1KO__CRISPRi_v3__DNAPKi__rep2	0.17134855547216432	-1.1467170241047238	-1.318065579576888	2.044467687430491	3.1006939586069335
count_plus_1	S2_T0_genes_T0_transcripts	A549_parent__CRISPRi_v3__vehicle__rep2;A549_parent__CRISPRi_v3__DNAPKi__rep1;A549_PRDX1KO__CRISPRi_v3__vehicle__rep3;A549_PRDX1KO__CRISPRi_v3__DNAPKi__rep3	0.17134855547216432	-1.1028113119039937	-1.274159867376158	2.044467687430491	3.1006939586069335
count_plus_1	S2_T0_genes_T0_transcripts	A549_parent__CRISPRi_v3__vehicle__rep2;A549_parent__CRISPRi_v3__DNAPKi__rep2;A549_PRDX1KO__CRISPRi_v3__vehicle__rep1;A549_PRDX1KO__CRISPRi_v3__DNAPKi__rep1	-0.04036081348491338	-1.4145944229782126	-1.3742336094932992	2.044467687430491	3.40769536280127
count_plus_1	S2_T0_genes_T0_transcripts	A549_parent__CRISPRi_v3__vehicle__rep2;A549_parent__CRISPRi_v3__DNAPKi__rep2;A549_PRDX1KO__CRISPRi_v3__vehicle__rep1;A549_PRDX1KO__CRISPRi_v3__DNAPKi__rep2	-0.04036081348491338	-1.45371842829906	-1.4133576148141467	2.044467687430491	3.40769536280127
count_plus_1	S2_T0_genes_T0_transcripts	A549_parent__CRISPRi_v3__vehicle__rep2;A549_parent__CRISPRi_v3__DNAPKi__rep2;A549_PRDX1KO__CRISPRi_v3__vehicle__rep1;A549_PRDX1KO__CRISPRi_v3__DNAPKi__rep3	-0.04036081348491338	-1.40981271609833	-1.3694519026134166	2.044467687430491	3.40769536280127
count_plus_1	S2_T0_genes_T0_transcripts	A549_parent__CRISPRi_v3__vehicle__rep2;A549_parent__CRISPRi_v3__DNAPKi__rep2;A549_PRDX1KO__CRISPRi_v3__vehicle__rep2;A549_PRDX1KO__CRISPRi_v3__DNAPKi__rep1	-0.04036081348491338	-1.480957320659666	-1.4405965071747526	2.044467687430491	3.4740582604827233
count_plus_1	S2_T0_genes_T0_transcripts	A549_parent__CRISPRi_v3__vehicle__rep2;A549_parent__CRISPRi_v3__DNAPKi__rep2;A549_PRDX1KO__CRISPRi_v3__vehicle__rep2;A549_PRDX1KO__CRISPRi_v3__DNAPKi__rep2	-0.04036081348491338	-1.5200813259805135	-1.4797205124956	2.044467687430491	3.4740582604827233
count_plus_1	S2_T0_genes_T0_transcripts	A549_parent__CRISPRi_v3__vehicle__rep2;A549_parent__CRISPRi_v3__DNAPKi__rep2;A549_PRDX1KO__CRISPRi_v3__vehicle__rep2;A549_PRDX1KO__CRISPRi_v3__DNAPKi__rep3	-0.04036081348491338	-1.4761756137797835	-1.43581480029487	2.044467687430491	3.4740582604827233
count_plus_1	S2_T0_genes_T0_transcripts	A549_parent__CRISPRi_v3__vehicle__rep2;A549_parent__CRISPRi_v3__DNAPKi__rep2;A549_PRDX1KO__CRISPRi_v3__vehicle__rep3;A549_PRDX1KO__CRISPRi_v3__DNAPKi__rep1	-0.04036081348491338	-1.1075930187838763	-1.067232205298963	2.044467687430491	3.1006939586069335
count_plus_1	S2_T0_genes_T0_transcripts	A549_parent__CRISPRi_v3__vehicle__rep2;A549_parent__CRISPRi_v3__DNAPKi__rep2;A549_PRDX1KO__CRISPRi_v3__vehicle__rep3;A549_PRDX1KO__CRISPRi_v3__DNAPKi__rep2	-0.04036081348491338	-1.1467170241047238	-1.1063562106198104	2.044467687430491	3.1006939586069335
count_plus_1	S2_T0_genes_T0_transcripts	A549_parent__CRISPRi_v3__vehicle__rep2;A549_parent__CRISPRi_v3__DNAPKi__rep2;A549_PRDX1KO__CRISPRi_v3__vehicle__rep3;A549_PRDX1KO__CRISPRi_v3__DNAPKi__rep3	-0.04036081348491338	-1.1028113119039937	-1.0624504984190803	2.044467687430491	3.1006939586069335
count_plus_1	S2_T0_genes_T0_transcripts	A549_parent__CRISPRi_v3__vehicle__rep2;A549_parent__CRISPRi_v3__DNAPKi__rep3;A549_PRDX1KO__CRISPRi_v3__vehicle__rep1;A549_PRDX1KO__CRISPRi_v3__DNAPKi__rep1	-0.07445015829690727	-1.4145944229782126	-1.3401442646813053	2.044467687430491	3.40769536280127
count_plus_1	S2_T0_genes_T0_transcripts	A549_parent__CRISPRi_v3__vehicle__rep2;A549_parent__CRISPRi_v3__DNAPKi__rep3;A549_PRDX1KO__CRISPRi_v3__vehicle__rep1;A549_PRDX1KO__CRISPRi_v3__DNAPKi__rep2	-0.07445015829690727	-1.45371842829906	-1.3792682700021528	2.044467687430491	3.40769536280127
count_plus_1	S2_T0_genes_T0_transcripts	A549_parent__CRISPRi_v3__vehicle__rep2;A549_parent__CRISPRi_v3__DNAPKi__rep3;A549_PRDX1KO__CRISPRi_v3__vehicle__rep1;A549_PRDX1KO__CRISPRi_v3__DNAPKi__rep3	-0.07445015829690727	-1.40981271609833	-1.3353625578014228	2.044467687430491	3.40769536280127
count_plus_1	S2_T0_genes_T0_transcripts	A549_parent__CRISPRi_v3__vehicle__rep2;A549_parent__CRISPRi_v3__DNAPKi__rep3;A549_PRDX1KO__CRISPRi_v3__vehicle__rep2;A549_PRDX1KO__CRISPRi_v3__DNAPKi__rep1	-0.07445015829690727	-1.480957320659666	-1.4065071623627587	2.044467687430491	3.4740582604827233
count_plus_1	S2_T0_genes_T0_transcripts	A549_parent__CRISPRi_v3__vehicle__rep2;A549_parent__CRISPRi_v3__DNAPKi__rep3;A549_PRDX1KO__CRISPRi_v3__vehicle__rep2;A549_PRDX1KO__CRISPRi_v3__DNAPKi__rep2	-0.07445015829690727	-1.5200813259805135	-1.4456311676836062	2.044467687430491	3.4740582604827233
count_plus_1	S2_T0_genes_T0_transcripts	A549_parent__CRISPRi_v3__vehicle__rep2;A549_parent__CRISPRi_v3__DNAPKi__rep3;A549_PRDX1KO__CRISPRi_v3__vehicle__rep2;A549_PRDX1KO__CRISPRi_v3__DNAPKi__rep3	-0.07445015829690727	-1.4761756137797835	-1.4017254554828762	2.044467687430491	3.4740582604827233
count_plus_1	S2_T0_genes_T0_transcripts	A549_parent__CRISPRi_v3__vehicle__rep2;A549_parent__CRISPRi_v3__DNAPKi__rep3;A549_PRDX1KO__CRISPRi_v3__vehicle__rep3;A549_PRDX1KO__CRISPRi_v3__DNAPKi__rep1	-0.07445015829690727	-1.1075930187838763	-1.033142860486969	2.044467687430491	3.1006939586069335
count_plus_1	S2_T0_genes_T0_transcripts	A549_parent__CRISPRi_v3__vehicle__rep2;A549_parent__CRISPRi_v3__DNAPKi__rep3;A549_PRDX1KO__CRISPRi_v3__vehicle__rep3;A549_PRDX1KO__CRISPRi_v3__DNAPKi__rep2	-0.07445015829690727	-1.1467170241047238	-1.0722668658078165	2.044467687430491	3.1006939586069335
count_plus_1	S2_T0_genes_T0_transcripts	A549_parent__CRISPRi_v3__vehicle__rep2;A549_parent__CRISPRi_v3__DNAPKi__rep3;A549_PRDX1KO__CRISPRi_v3__vehicle__rep3;A549_PRDX1KO__CRISPRi_v3__DNAPKi__rep3	-0.07445015829690727	-1.1028113119039937	-1.0283611536070865	2.044467687430491	3.1006939586069335
count_plus_1	S2_T0_genes_T0_transcripts	A549_parent__CRISPRi_v3__vehicle__rep3;A549_parent__CRISPRi_v3__DNAPKi__rep1;A549_PRDX1KO__CRISPRi_v3__vehicle__rep1;A549_PRDX1KO__CRISPRi_v3__DNAPKi__rep1	0.17654504214854505	-1.4145944229782126	-1.5911394651267576	2.03927120075411	3.40769536280127
count_plus_1	S2_T0_genes_T0_transcripts	A549_parent__CRISPRi_v3__vehicle__rep3;A549_parent__CRISPRi_v3__DNAPKi__rep1;A549_PRDX1KO__CRISPRi_v3__vehicle__rep1;A549_PRDX1KO__CRISPRi_v3__DNAPKi__rep2	0.17654504214854505	-1.45371842829906	-1.6302634704476051	2.03927120075411	3.40769536280127
count_plus_1	S2_T0_genes_T0_transcripts	A549_parent__CRISPRi_v3__vehicle__rep3;A549_parent__CRISPRi_v3__DNAPKi__rep1;A549_PRDX1KO__CRISPRi_v3__vehicle__rep1;A549_PRDX1KO__CRISPRi_v3__DNAPKi__rep3	0.17654504214854505	-1.40981271609833	-1.586357758246875	2.03927120075411	3.40769536280127
count_plus_1	S2_T0_genes_T0_transcripts	A549_parent__CRISPRi_v3__vehicle__rep3;A549_parent__CRISPRi_v3__DNAPKi__rep1;A549_PRDX1KO__CRISPRi_v3__vehicle__rep2;A549_PRDX1KO__CRISPRi_v3__DNAPKi__rep1	0.17654504214854505	-1.480957320659666	-1.657502362808211	2.03927120075411	3.4740582604827233
count_plus_1	S2_T0_genes_T0_transcripts	A549_parent__CRISPRi_v3__vehicle__rep3;A549_parent__CRISPRi_v3__DNAPKi__rep1;A549_PRDX1KO__CRISPRi_v3__vehicle__rep2;A549_PRDX1KO__CRISPRi_v3__DNAPKi__rep2	0.17654504214854505	-1.5200813259805135	-1.6966263681290585	2.03927120075411	3.4740582604827233
count_plus_1	S2_T0_genes_T0_transcripts	A549_parent__CRISPRi_v3__vehicle__rep3;A549_parent__CRISPRi_v3__DNAPKi__rep1;A549_PRDX1KO__CRISPRi_v3__vehicle__rep2;A549_PRDX1KO__CRISPRi_v3__DNAPKi__rep3	0.17654504214854505	-1.4761756137797835	-1.6527206559283285	2.03927120075411	3.4740582604827233
count_plus_1	S2_T0_genes_T0_transcripts	A549_parent__CRISPRi_v3__vehicle__rep3;A549_parent__CRISPRi_v3__DNAPKi__rep1;A549_PRDX1KO__CRISPRi_v3__vehicle__rep3;A549_PRDX1KO__CRISPRi_v3__DNAPKi__rep1	0.17654504214854505	-1.1075930187838763	-1.2841380609324213	2.03927120075411	3.1006939586069335
count_plus_1	S2_T0_genes_T0_transcripts	A549_parent__CRISPRi_v3__vehicle__rep3;A549_parent__CRISPRi_v3__DNAPKi__rep1;A549_PRDX1KO__CRISPRi_v3__vehicle__rep3;A549_PRDX1KO__CRISPRi_v3__DNAPKi__rep2	0.17654504214854505	-1.1467170241047238	-1.3232620662532688	2.03927120075411	3.1006939586069335
count_plus_1	S2_T0_genes_T0_transcripts	A549_parent__CRISPRi_v3__vehicle__rep3;A549_parent__CRISPRi_v3__DNAPKi__rep1;A549_PRDX1KO__CRISPRi_v3__vehicle__rep3;A549_PRDX1KO__CRISPRi_v3__DNAPKi__rep3	0.17654504214854505	-1.1028113119039937	-1.2793563540525388	2.03927120075411	3.1006939586069335
count_plus_1	S2_T0_genes_T0_transcripts	A549_parent__CRISPRi_v3__vehicle__rep3;A549_parent__CRISPRi_v3__DNAPKi__rep2;A549_PRDX1KO__CRISPRi_v3__vehicle__rep1;A549_PRDX1KO__CRISPRi_v3__DNAPKi__rep1	-0.03516432680853265	-1.4145944229782126	-1.37943009616968	2.03927120075411	3.40769536280127
count_plus_1	S2_T0_genes_T0_transcripts	A549_parent__CRISPRi_v3__vehicle__rep3;A549_parent__CRISPRi_v3__DNAPKi__rep2;A549_PRDX1KO__CRISPRi_v3__vehicle__rep1;A549_PRDX1KO__CRISPRi_v3__DNAPKi__rep2	-0.03516432680853265	-1.45371842829906	-1.4185541014905274	2.03927120075411	3.40769536280127
count_plus_1	S2_T0_genes_T0_transcripts	A549_parent__CRISPRi_v3__vehicle__rep3;A549_parent__CRISPRi_v3__DNAPKi__rep2;A549_PRDX1KO__CRISPRi_v3__vehicle__rep1;A549_PRDX1KO__CRISPRi_v3__DNAPKi__rep3	-0.03516432680853265	-1.40981271609833	-1.3746483892897974	2.03927120075411	3.40769536280127
count_plus_1	S2_T0_genes_T0_transcripts	A549_parent__CRISPRi_v3__vehicle__rep3;A549_parent__CRISPRi_v3__DNAPKi__rep2;A549_PRDX1KO__CRISPRi_v3__vehicle__rep2;A549_PRDX1KO__CRISPRi_v3__DNAPKi__rep1	-0.03516432680853265	-1.480957320659666	-1.4457929938511334	2.03927120075411	3.4740582604827233
count_plus_1	S2_T0_genes_T0_transcripts	A549_parent__CRISPRi_v3__vehicle__rep3;A549_parent__CRISPRi_v3__DNAPKi__rep2;A549_PRDX1KO__CRISPRi_v3__vehicle__rep2;A549_PRDX1KO__CRISPRi_v3__DNAPKi__rep2	-0.03516432680853265	-1.5200813259805135	-1.4849169991719808	2.03927120075411	3.4740582604827233
count_plus_1	S2_T0_genes_T0_transcripts	A549_parent__CRISPRi_v3__vehicle__rep3;A549_parent__CRISPRi_v3__DNAPKi__rep2;A549_PRDX1KO__CRISPRi_v3__vehicle__rep2;A549_PRDX1KO__CRISPRi_v3__DNAPKi__rep3	-0.03516432680853265	-1.4761756137797835	-1.4410112869712508	2.03927120075411	3.4740582604827233
count_plus_1	S2_T0_genes_T0_transcripts	A549_parent__CRISPRi_v3__vehicle__rep3;A549_parent__CRISPRi_v3__DNAPKi__rep2;A549_PRDX1KO__CRISPRi_v3__vehicle__rep3;A549_PRDX1KO__CRISPRi_v3__DNAPKi__rep1	-0.03516432680853265	-1.1075930187838763	-1.0724286919753436	2.03927120075411	3.1006939586069335
count_plus_1	S2_T0_genes_T0_transcripts	A549_parent__CRISPRi_v3__vehicle__rep3;A549_parent__CRISPRi_v3__DNAPKi__rep2;A549_PRDX1KO__CRISPRi_v3__vehicle__rep3;A549_PRDX1KO__CRISPRi_v3__DNAPKi__rep2	-0.03516432680853265	-1.1467170241047238	-1.111552697296191	2.03927120075411	3.1006939586069335
count_plus_1	S2_T0_genes_T0_transcripts	A549_parent__CRISPRi_v3__vehicle__rep3;A549_parent__CRISPRi_v3__DNAPKi__rep2;A549_PRDX1KO__CRISPRi_v3__vehicle__rep3;A549_PRDX1KO__CRISPRi_v3__DNAPKi__rep3	-0.03516432680853265	-1.1028113119039937	-1.067646985095461	2.03927120075411	3.1006939586069335
count_plus_1	S2_T0_genes_T0_transcripts	A549_parent__CRISPRi_v3__vehicle__rep3;A549_parent__CRISPRi_v3__DNAPKi__rep3;A549_PRDX1KO__CRISPRi_v3__vehicle__rep1;A549_PRDX1KO__CRISPRi_v3__DNAPKi__rep1	-0.06925367162052654	-1.4145944229782126	-1.345340751357686	2.03927120075411	3.40769536280127
count_plus_1	S2_T0_genes_T0_transcripts	A549_parent__CRISPRi_v3__vehicle__rep3;A549_parent__CRISPRi_v3__DNAPKi__rep3;A549_PRDX1KO__CRISPRi_v3__vehicle__rep1;A549_PRDX1KO__CRISPRi_v3__DNAPKi__rep2	-0.06925367162052654	-1.45371842829906	-1.3844647566785335	2.03927120075411	3.40769536280127
count_plus_1	S2_T0_genes_T0_transcripts	A549_parent__CRISPRi_v3__vehicle__rep3;A549_parent__CRISPRi_v3__DNAPKi__rep3;A549_PRDX1KO__CRISPRi_v3__vehicle__rep1;A549_PRDX1KO__CRISPRi_v3__DNAPKi__rep3	-0.06925367162052654	-1.40981271609833	-1.3405590444778035	2.03927120075411	3.40769536280127
count_plus_1	S2_T0_genes_T0_transcripts	A549_parent__CRISPRi_v3__vehicle__rep3;A549_parent__CRISPRi_v3__DNAPKi__rep3;A549_PRDX1KO__CRISPRi_v3__vehicle__rep2;A549_PRDX1KO__CRISPRi_v3__DNAPKi__rep1	-0.06925367162052654	-1.480957320659666	-1.4117036490391395	2.03927120075411	3.4740582604827233
count_plus_1	S2_T0_genes_T0_transcripts	A549_parent__CRISPRi_v3__vehicle__rep3;A549_parent__CRISPRi_v3__DNAPKi__rep3;A549_PRDX1KO__CRISPRi_v3__vehicle__rep2;A549_PRDX1KO__CRISPRi_v3__DNAPKi__rep2	-0.06925367162052654	-1.5200813259805135	-1.450827654359987	2.03927120075411	3.4740582604827233
count_plus_1	S2_T0_genes_T0_transcripts	A549_parent__CRISPRi_v3__vehicle__rep3;A549_parent__CRISPRi_v3__DNAPKi__rep3;A549_PRDX1KO__CRISPRi_v3__vehicle__rep2;A549_PRDX1KO__CRISPRi_v3__DNAPKi__rep3	-0.06925367162052654	-1.4761756137797835	-1.406921942159257	2.03927120075411	3.4740582604827233
count_plus_1	S2_T0_genes_T0_transcripts	A549_parent__CRISPRi_v3__vehicle__rep3;A549_parent__CRISPRi_v3__DNAPKi__rep3;A549_PRDX1KO__CRISPRi_v3__vehicle__rep3;A549_PRDX1KO__CRISPRi_v3__DNAPKi__rep1	-0.06925367162052654	-1.1075930187838763	-1.0383393471633497	2.03927120075411	3.1006939586069335
count_plus_1	S2_T0_genes_T0_transcripts	A549_parent__CRISPRi_v3__vehicle__rep3;A549_parent__CRISPRi_v3__DNAPKi__rep3;A549_PRDX1KO__CRISPRi_v3__vehicle__rep3;A549_PRDX1KO__CRISPRi_v3__DNAPKi__rep2	-0.06925367162052654	-1.1467170241047238	-1.0774633524841972	2.03927120075411	3.1006939586069335
count_plus_1	S2_T0_genes_T0_transcripts	A549_parent__CRISPRi_v3__vehicle__rep3;A549_parent__CRISPRi_v3__DNAPKi__rep3;A549_PRDX1KO__CRISPRi_v3__vehicle__rep3;A549_PRDX1KO__CRISPRi_v3__DNAPKi__rep3	-0.06925367162052654	-1.1028113119039937	-1.0335576402834672	2.03927120075411	3.1006939586069335
