transform	support	removed_pathway	removed_gene	beta_WT	beta_KO	theta_KO_minus_WT	gamma_WT	gamma_KO
zero_only_0.5	S0_old_genes_old_transcripts	M	AURKAIP1	0.23547375932139225	1.0765768288032842	0.841103069481892	-1.905426115217109	-1.1296940525447703
zero_only_0.5	S0_old_genes_old_transcripts	M	CHCHD1	0.22127924018905398	1.086793330260953	0.865514090071899	-1.9318771809172754	-1.1450000356991143
zero_only_0.5	S0_old_genes_old_transcripts	M	DAP3	0.21884427083946467	1.076789873312008	0.8579456024725434	-1.9086027111665556	-1.131629058262835
zero_only_0.5	S0_old_genes_old_transcripts	M	ERAL1	0.21856580805707782	1.0790400840229353	0.8604742759658575	-1.9146068066574817	-1.1365553542283187
zero_only_0.5	S0_old_genes_old_transcripts	M	GADD45GIP1	0.2173961244678544	1.0771056346911216	0.8597095102232672	-1.9093695400163817	-1.1346590319607746
zero_only_0.5	S0_old_genes_old_transcripts	M	GFM1	0.22133686988770562	1.1046677782547287	0.8833309083670231	-1.9155451492039137	-1.1262857178041703
zero_only_0.5	S0_old_genes_old_transcripts	M	GFM2	0.21804456053474408	1.0814413808556664	0.8633968203209224	-1.9141761138399878	-1.1428136049719255
zero_only_0.5	S0_old_genes_old_transcripts	M	MALSU1	0.22120197919432227	1.0763816500378844	0.8551796708435622	-1.9103000226531293	-1.1351745149291874
zero_only_0.5	S0_old_genes_old_transcripts	M	MIEF1	0.21998311756449374	1.09322895327012	0.8732458357056263	-1.9268799214197627	-1.150811124873344
zero_only_0.5	S0_old_genes_old_transcripts	M	MRPL1	0.2173715921663566	1.0830697335119166	0.86569814134556	-1.9173842299300263	-1.1433748963711567
zero_only_0.5	S0_old_genes_old_transcripts	M	MRPL10	0.2069796240286368	1.0787673212059612	0.8717876971773244	-1.9043455648537049	-1.1330686305161493
zero_only_0.5	S0_old_genes_old_transcripts	M	MRPL11	0.2244290957313788	1.0757767141381265	0.8513476184067477	-1.9112360228047152	-1.131724925569125
zero_only_0.5	S0_old_genes_old_transcripts	M	MRPL13	0.21966725322627978	1.0712243272706288	0.851557074044349	-1.9053464686563715	-1.124090931639223
zero_only_0.5	S0_old_genes_old_transcripts	M	MRPL14	0.22287875088843578	1.0823436423697492	0.8594648914813134	-1.913473928428784	-1.138298668820183
zero_only_0.5	S0_old_genes_old_transcripts	M	MRPL15	0.21718773195039498	1.0738552131643189	0.8566674812139239	-1.9102437649231105	-1.1302645689044106
zero_only_0.5	S0_old_genes_old_transcripts	M	MRPL16	0.2168404086975093	1.0819727604766605	0.8651323517791512	-1.9163283709940724	-1.1414058186894986
zero_only_0.5	S0_old_genes_old_transcripts	M	MRPL17	0.22217759004410098	1.0779179094538298	0.8557403194097288	-1.9112735623584243	-1.130829876778214
zero_only_0.5	S0_old_genes_old_transcripts	M	MRPL18	0.22173195335734386	1.0760621471800118	0.854330193822668	-1.9049915570174196	-1.1273076077216182
zero_only_0.5	S0_old_genes_old_transcripts	M	MRPL19	0.205109099455286	1.070860263357887	0.865751163902601	-1.8807469293905956	-1.1171995813091669
zero_only_0.5	S0_old_genes_old_transcripts	M	MRPL2	0.22521474241962203	1.0765050352310044	0.8512902928113824	-1.9105211126973842	-1.1320187336090695
zero_only_0.5	S0_old_genes_old_transcripts	M	MRPL20	0.212345923408092	1.0804632823590143	0.8681173589509223	-1.90832671810186	-1.132306532174475
zero_only_0.5	S0_old_genes_old_transcripts	M	MRPL22	0.21142105059175176	1.078129288202963	0.8667082376112112	-1.902100240591062	-1.1269436018596044
zero_only_0.5	S0_old_genes_old_transcripts	M	MRPL23	0.2192684428802476	1.0779694831585016	0.858701040278254	-1.9088459119511874	-1.1308641194111482
zero_only_0.5	S0_old_genes_old_transcripts	M	MRPL24	0.21372767644777046	1.0767160261983442	0.8629883497505737	-1.9069522144200537	-1.131043239717064
zero_only_0.5	S0_old_genes_old_transcripts	M	MRPL27	0.21485496468243137	1.0728544575563743	0.857999492873943	-1.908059210803927	-1.1259536097376799
zero_only_0.5	S0_old_genes_old_transcripts	M	MRPL28	0.22373328505986967	1.0780887338673288	0.8543554488074592	-1.9059214676490277	-1.1366598662082332
zero_only_0.5	S0_old_genes_old_transcripts	M	MRPL3	0.21707773617514725	1.0773604705482134	0.8602827343730661	-1.9139833914509108	-1.1307965556477484
zero_only_0.5	S0_old_genes_old_transcripts	M	MRPL30	0.21558480165192706	1.086918667413057	0.87133386576113	-1.9326377456340063	-1.1441086159904585
zero_only_0.5	S0_old_genes_old_transcripts	M	MRPL32	0.2206137449649126	1.078626611026272	0.8580128660613595	-1.91098546689676	-1.1384006302481215
zero_only_0.5	S0_old_genes_old_transcripts	M	MRPL33	0.21490835340632786	1.0805853349720707	0.8656769815657428	-1.9145294072684016	-1.1412487983701962
zero_only_0.5	S0_old_genes_old_transcripts	M	MRPL35	0.22597397306183886	1.0708304120116454	0.8448564389498066	-1.9075169940025145	-1.1252714238484662
zero_only_0.5	S0_old_genes_old_transcripts	M	MRPL36	0.21759421898973974	1.0745954193566982	0.8570012003669585	-1.911751721377414	-1.1311147219472237
zero_only_0.5	S0_old_genes_old_transcripts	M	MRPL37	0.21241437196164692	1.0758455283635522	0.8634311564019053	-1.9063523743033164	-1.1325566333466144
zero_only_0.5	S0_old_genes_old_transcripts	M	MRPL38	0.22395326139731564	1.082593003417328	0.8586397420200123	-1.9145355221048241	-1.1412204618893664
zero_only_0.5	S0_old_genes_old_transcripts	M	MRPL39	0.21682859564818924	1.0753208751532246	0.8584922795050354	-1.9099539986355918	-1.1287274821385325
zero_only_0.5	S0_old_genes_old_transcripts	M	MRPL4	0.21720546321121725	1.0784010366296692	0.861195573418452	-1.911015843687632	-1.130724284090249
zero_only_0.5	S0_old_genes_old_transcripts	M	MRPL40	0.21788949007987446	1.0811835996396064	0.863294109559732	-1.9168930472351784	-1.141351602449777
zero_only_0.5	S0_old_genes_old_transcripts	M	MRPL41	0.20956696996275315	1.0767625772926255	0.8671956073298723	-1.8992938361477594	-1.127446801557221
zero_only_0.5	S0_old_genes_old_transcripts	M	MRPL42	0.21791503376415156	1.0733320014530596	0.8554169676889081	-1.9069666220777943	-1.128695807237545
zero_only_0.5	S0_old_genes_old_transcripts	M	MRPL43	0.22018920078693438	1.0780817304570094	0.857892529670075	-1.9121416910798255	-1.134009812017239
zero_only_0.5	S0_old_genes_old_transcripts	M	MRPL44	0.22013915462103806	1.081251046001627	0.8611118913805889	-1.9167294153057728	-1.1386490657602866
zero_only_0.5	S0_old_genes_old_transcripts	M	MRPL45	0.22089499619541475	1.0947029601954696	0.8738079640000549	-1.9331906320463914	-1.1587131377571875
zero_only_0.5	S0_old_genes_old_transcripts	M	MRPL46	0.2171512239746305	1.0782554692950534	0.861104245320423	-1.9102719086524993	-1.128047274851606
zero_only_0.5	S0_old_genes_old_transcripts	M	MRPL47	0.22296448981332873	1.0809642607151884	0.8579997709018596	-1.9176609127845259	-1.1444438161198542
zero_only_0.5	S0_old_genes_old_transcripts	M	MRPL48	0.22036645618890738	1.074060607887648	0.8536941516987406	-1.9080889190424755	-1.1319115682765233
zero_only_0.5	S0_old_genes_old_transcripts	M	MRPL50	0.21555150723846572	1.0810441425648387	0.865492635326373	-1.9160390192763705	-1.1357631968887707
zero_only_0.5	S0_old_genes_old_transcripts	M	MRPL51	0.22402642062822653	1.0770356403396386	0.8530092197114121	-1.916580644241047	-1.1346502132156382
zero_only_0.5	S0_old_genes_old_transcripts	M	MRPL52	0.21755441683009513	1.0773468317899784	0.8597924149598832	-1.9161156980012213	-1.1336745723380872
zero_only_0.5	S0_old_genes_old_transcripts	M	MRPL53	0.2206236612553849	1.0827574564163784	0.8621337951609935	-1.9229124949032623	-1.1417050727263498
zero_only_0.5	S0_old_genes_old_transcripts	M	MRPL54	0.21642129587879433	1.0816782795792212	0.8652569837004269	-1.9111987190341397	-1.1397120215193062
zero_only_0.5	S0_old_genes_old_transcripts	M	MRPL55	0.21175807451178552	1.0754776872706246	0.8637196127588391	-1.9044734319011896	-1.1314042435723692
zero_only_0.5	S0_old_genes_old_transcripts	M	MRPL9	0.21558413173113067	1.0750755139190449	0.8594913821879142	-1.9081501294149226	-1.1299357162078292
zero_only_0.5	S0_old_genes_old_transcripts	M	MRPS10	0.21798831041523759	1.0797491180624328	0.8617608076471952	-1.9162308585381815	-1.137024430451501
zero_only_0.5	S0_old_genes_old_transcripts	M	MRPS11	0.2158745607023962	1.0733104475663704	0.8574358868639742	-1.9093137049033542	-1.1315605727724862
zero_only_0.5	S0_old_genes_old_transcripts	M	MRPS12	0.21101506241478618	1.0816046909737747	0.8705896285589885	-1.9112305855620804	-1.1406913971037107
zero_only_0.5	S0_old_genes_old_transcripts	M	MRPS14	0.22025763684326582	1.0738889147146162	0.8536312778713504	-1.8799841254144263	-1.1092030427255954
zero_only_0.5	S0_old_genes_old_transcripts	M	MRPS15	0.2170779838936312	1.0737793293025462	0.856701345408915	-1.909773433858291	-1.129548342535233
zero_only_0.5	S0_old_genes_old_transcripts	M	MRPS16	0.2165201177550795	1.085668480567021	0.8691483628119414	-1.9140528265284622	-1.1369179768183861
zero_only_0.5	S0_old_genes_old_transcripts	M	MRPS17	0.21915089312807257	1.0747027775233247	0.8555518843952521	-1.9104923788361	-1.1326748530852433
zero_only_0.5	S0_old_genes_old_transcripts	M	MRPS18A	0.21276201229038882	1.0695530352621425	0.8567910229717537	-1.9033366475351317	-1.1264383993331055
zero_only_0.5	S0_old_genes_old_transcripts	M	MRPS18B	0.2190615726274332	1.0754623085169634	0.8564007358895303	-1.9156467623095974	-1.1317430914471287
zero_only_0.5	S0_old_genes_old_transcripts	M	MRPS18C	0.21974242048145043	1.0756805169681458	0.8559380964866954	-1.9121335295237638	-1.12927527748168
zero_only_0.5	S0_old_genes_old_transcripts	M	MRPS2	0.2148517992301331	1.0918815680132128	0.8770297687830797	-1.9194066616142862	-1.151712644030282
zero_only_0.5	S0_old_genes_old_transcripts	M	MRPS21	0.21843479235145513	1.0768834308406834	0.8584486384892283	-1.9144462512596556	-1.1302412272970934
zero_only_0.5	S0_old_genes_old_transcripts	M	MRPS22	0.2162954638204686	1.075478438601379	0.8591829747809103	-1.9127782195006304	-1.1310889590231517
zero_only_0.5	S0_old_genes_old_transcripts	M	MRPS23	0.21501056832902088	1.0775328042650507	0.8625222359360298	-1.9084802992026213	-1.1333337617220265
zero_only_0.5	S0_old_genes_old_transcripts	M	MRPS24	0.22318232157531281	1.0759491009391144	0.8527667793638016	-1.9129809214171227	-1.1343758507698647
zero_only_0.5	S0_old_genes_old_transcripts	M	MRPS25	0.21468588694391433	1.075617339842091	0.8609314528981766	-1.910092292892058	-1.130647378089264
zero_only_0.5	S0_old_genes_old_transcripts	M	MRPS26	0.21988304018189098	1.0726732273628186	0.8527901871809276	-1.9059972932886353	-1.129985754685488
zero_only_0.5	S0_old_genes_old_transcripts	M	MRPS27	0.21820412909776388	1.0734810293052335	0.8552769002074696	-1.9130669910098541	-1.1285269554020592
zero_only_0.5	S0_old_genes_old_transcripts	M	MRPS28	0.21889748409995025	1.0787098340352008	0.8598123499352506	-1.9056020369071889	-1.1277390212916734
zero_only_0.5	S0_old_genes_old_transcripts	M	MRPS30	0.21530587226353326	1.074778329688245	0.8594724574247117	-1.9037905684189458	-1.1250229978175126
zero_only_0.5	S0_old_genes_old_transcripts	M	MRPS31	0.22232290363854545	1.0818606564929603	0.8595377528544148	-1.9181671747156654	-1.1362584888476608
zero_only_0.5	S0_old_genes_old_transcripts	M	MRPS33	0.21347009938660855	1.0604807150462212	0.8470106156596127	-1.879816027654683	-1.1010762614895588
zero_only_0.5	S0_old_genes_old_transcripts	M	MRPS34	0.2086332734867895	1.0785256701774202	0.8698923966906307	-1.889249789861803	-1.1245483215331087
zero_only_0.5	S0_old_genes_old_transcripts	M	MRPS35	0.21999415998944905	1.0729810563506383	0.8529868963611893	-1.9089648415461666	-1.1269833255621724
zero_only_0.5	S0_old_genes_old_transcripts	M	MRPS5	0.21417252829269784	1.0747942496567653	0.8606217213640674	-1.911855614933962	-1.1308563988313656
zero_only_0.5	S0_old_genes_old_transcripts	M	MRPS6	0.2183170400406118	1.082474173826241	0.8641571337856291	-1.9182726054710428	-1.1423533255606833
zero_only_0.5	S0_old_genes_old_transcripts	M	MRPS7	0.2172054042034921	1.0845648364610576	0.8673594322575655	-1.9284330103368674	-1.1497102257231768
zero_only_0.5	S0_old_genes_old_transcripts	M	MRPS9	0.21173975393324618	1.0704349684860766	0.8586952145528304	-1.90517116365969	-1.128806401269688
zero_only_0.5	S0_old_genes_old_transcripts	M	MRRF	0.21735639487332592	1.0947648577602591	0.8774084628869332	-1.936532042221509	-1.154772386332455
zero_only_0.5	S0_old_genes_old_transcripts	M	MTFMT	0.2199286711054671	1.0857653223178585	0.8658366512123914	-1.9290989409258197	-1.1480677772999814
zero_only_0.5	S0_old_genes_old_transcripts	M	MTIF2	0.2206083644382293	1.0839590586792016	0.8633506942409723	-1.9198055823593743	-1.1462112737085366
zero_only_0.5	S0_old_genes_old_transcripts	M	MTIF3	0.22569392277788203	1.0809850915188244	0.8552911687409424	-1.8895908334649238	-1.1261494373392893
zero_only_0.5	S0_old_genes_old_transcripts	M	MTRF1	0.2206757569026827	1.094728688122879	0.8740529312201963	-1.9364427526689907	-1.1524338385314938
zero_only_0.5	S0_old_genes_old_transcripts	M	MTRF1L	0.22044893657848585	1.076532448032678	0.856083511454192	-1.9104245821984378	-1.1312200990150167
zero_only_0.5	S0_old_genes_old_transcripts	M	PTCD3	0.22147756812488262	1.0787288591057107	0.8572512909808281	-1.9151275624870707	-1.141436027120443
zero_only_0.5	S0_old_genes_old_transcripts	M	TSFM	0.21775034872466192	1.0766718813051706	0.8589215325805086	-1.9108140490186072	-1.1307028993312451
zero_only_0.5	S0_old_genes_old_transcripts	M	TUFM	0.21387580527359784	1.0760983867635237	0.8622225814899258	-1.9068939595689562	-1.1316647985985824
zero_only_0.5	S0_old_genes_old_transcripts	C	EEF1A1	0.3194660123955606	1.1040756249348296	0.784609612539269	-2.0377708657334574	-1.2449451576154502
zero_only_0.5	S0_old_genes_old_transcripts	C	EEF1A2	0.22213111453169399	1.0813794738842144	0.8592483593525204	-1.8805738345227447	-1.1159485740160018
zero_only_0.5	S0_old_genes_old_transcripts	C	EEF1B2	0.21622746117136882	1.0771191008668604	0.8608916396954915	-1.9169042091737127	-1.1127601046983218
zero_only_0.5	S0_old_genes_old_transcripts	C	EEF1D	0.2111009573499223	1.07889418751734	0.8677932301674176	-1.8787545578805487	-1.1299613953771144
zero_only_0.5	S0_old_genes_old_transcripts	C	EEF2	0.22339047091314823	1.0627665447816683	0.8393760738685201	-1.8935954206139467	-1.0926305312012075
zero_only_0.5	S0_old_genes_old_transcripts	C	RPL10L	0.22649110130740935	1.064294412029001	0.8378033107215916	-1.8773701241607659	-1.0982947488762456
zero_only_0.5	S0_old_genes_old_transcripts	C	RPL13A	0.2149892056185838	1.1262992597785322	0.9113100541599484	-1.9013865199904914	-1.2029737188485738
zero_only_0.5	S0_old_genes_old_transcripts	C	RPL22	0.22148338733862527	1.0843555943140462	0.8628722069754209	-1.8886859772239688	-1.1233001064718584
zero_only_0.5	S0_old_genes_old_transcripts	C	RPL22L1	0.20503301535918372	1.0789166863105883	0.8738836709514046	-2.007346253200176	-1.1849616901200641
zero_only_0.5	S0_old_genes_old_transcripts	C	RPL26L1	0.22328807749391588	1.071093777809376	0.8478057003154602	-1.8890151100007093	-1.1244985383743606
zero_only_0.5	S0_old_genes_old_transcripts	C	RPL28	0.20998821618106978	1.1052397370069431	0.8952515208258733	-1.9945606763880748	-1.1858072626208735
zero_only_0.5	S0_old_genes_old_transcripts	C	RPL29	0.16939550292828853	1.1213338738258358	0.9519383708975473	-2.0155153095009686	-1.2418257646965571
zero_only_0.5	S0_old_genes_old_transcripts	C	RPL36AL	0.21420283897264092	1.078941945518293	0.864739106545652	-1.9023830539563307	-1.1418782978479696
zero_only_0.5	S0_old_genes_old_transcripts	C	RPL39L	0.2293015652616508	1.0783255979150903	0.8490240326534395	-1.885366891443437	-1.1249851111133826
zero_only_0.5	S0_old_genes_old_transcripts	C	RPL3L	0.21599830453245827	1.0807507078707024	0.8647524033382441	-1.853008586002439	-1.1160074424739532
zero_only_0.5	S0_old_genes_old_transcripts	C	RPL41	0.21648958317051625	1.0544657705615867	0.8379761873910705	-1.9261866155842902	-1.113317347275212
zero_only_0.5	S0_old_genes_old_transcripts	C	RPS27	0.21586799868493722	1.0691376622835544	0.8532696635986172	-1.8940520216616175	-1.110782898592309
zero_only_0.5	S0_old_genes_old_transcripts	C	RPS27L	0.20585389224510742	1.0734690779844414	0.8676151857393339	-1.8686095578527822	-1.1178671359629255
zero_only_0.5	S0_old_genes_old_transcripts	C	RPS29	0.2045310848117614	1.0712918949976664	0.866760810185905	-1.8768047170124507	-1.1005396889656551
zero_only_0.5	S0_old_genes_old_transcripts	C	RPS3	0.1909642591363121	1.0324356085509911	0.841471349414679	-1.848647150772244	-1.079530329250644
zero_only_0.5	S0_old_genes_old_transcripts	C	RPS4Y1	0.23008111594556602	1.0613064882827272	0.8312253723371612	-1.8925572884407285	-1.088229878519295
zero_only_0.5	S0_old_genes_old_transcripts	C	RPS4Y2	0.21493310149401723	1.0668003882328316	0.8518672867388144	-1.8765805657781793	-1.0987319846986765
zero_only_0.5	S0_old_genes_old_transcripts	C	UBA52	0.21374502352078184	1.0876972267945635	0.8739522032737816	-1.9569762541172797	-1.1309984996743494
zero_only_0.5	S1_old_genes_T0_transcripts	M	AURKAIP1	0.29785601518693916	0.7551934450957787	0.4573374299088395	-1.2456514480360994	-0.49561691285363707
zero_only_0.5	S1_old_genes_T0_transcripts	M	CHCHD1	0.2836614960546009	0.7654099465534473	0.4817484504988464	-1.2721025137362658	-0.5109228960079812
zero_only_0.5	S1_old_genes_T0_transcripts	M	DAP3	0.2812265267050119	0.7554064896045025	0.4741799628994906	-1.248828043985546	-0.49755191857170183
zero_only_0.5	S1_old_genes_T0_transcripts	M	ERAL1	0.2809480639226247	0.7576567003154298	0.47670863639280503	-1.2548321394764719	-0.5024782145371854
zero_only_0.5	S1_old_genes_T0_transcripts	M	GADD45GIP1	0.2797783803334014	0.7557222509836162	0.4759438706502148	-1.249594872835372	-0.5005818922696414
zero_only_0.5	S1_old_genes_T0_transcripts	M	GFM1	0.28371912575325264	0.7832843945472233	0.4995652687939707	-1.2557704820229043	-0.4922085781130371
zero_only_0.5	S1_old_genes_T0_transcripts	M	GFM2	0.2804268164002913	0.7600579971481609	0.4796311807478696	-1.2544014466589783	-0.5087364652807924
zero_only_0.5	S1_old_genes_T0_transcripts	M	MALSU1	0.2835842350598692	0.754998266330379	0.47141403127050985	-1.2505253554721196	-0.5010973752380543
zero_only_0.5	S1_old_genes_T0_transcripts	M	MIEF1	0.28236537343004087	0.7718455695626146	0.48948019613257376	-1.267105254238753	-0.5167339851822106
zero_only_0.5	S1_old_genes_T0_transcripts	M	MRPL1	0.2797538480319033	0.7616863498044109	0.48193250177250757	-1.2576095627490165	-0.5092977566800235
zero_only_0.5	S1_old_genes_T0_transcripts	M	MRPL10	0.26936187989418414	0.7573839374984557	0.48802205760427153	-1.2445708976726957	-0.4989914908250162
zero_only_0.5	S1_old_genes_T0_transcripts	M	MRPL11	0.28681135159692595	0.754393330430621	0.467581978833695	-1.2514613556237055	-0.497647785877992
zero_only_0.5	S1_old_genes_T0_transcripts	M	MRPL13	0.2820495090918267	0.7498409435631235	0.4677914344712968	-1.245571801475362	-0.49001379194808986
zero_only_0.5	S1_old_genes_T0_transcripts	M	MRPL14	0.2852610067539826	0.7609602586622436	0.475699251908261	-1.2536992612477744	-0.5042215291290498
zero_only_0.5	S1_old_genes_T0_transcripts	M	MRPL15	0.2795699878159418	0.7524718294568135	0.4729018416408717	-1.250469097742101	-0.49618742921327746
zero_only_0.5	S1_old_genes_T0_transcripts	M	MRPL16	0.27922266456305633	0.7605893767691551	0.4813667122060987	-1.256553703813063	-0.5073286789983655
zero_only_0.5	S1_old_genes_T0_transcripts	M	MRPL17	0.2845598459096482	0.7565345257463242	0.47197467983667596	-1.251498895177415	-0.4967527370870806
zero_only_0.5	S1_old_genes_T0_transcripts	M	MRPL18	0.2841142092228909	0.7546787634725063	0.4705645542496154	-1.24521688983641	-0.493230468030485
zero_only_0.5	S1_old_genes_T0_transcripts	M	MRPL19	0.2674913553208328	0.7494768796503815	0.48198552432954866	-1.2209722622095858	-0.4831224416180338
zero_only_0.5	S1_old_genes_T0_transcripts	M	MRPL2	0.28759699828516916	0.7551216515234991	0.4675246532383299	-1.2507464455163748	-0.49794159391793635
zero_only_0.5	S1_old_genes_T0_transcripts	M	MRPL20	0.274728179273639	0.7590798986515089	0.4843517193778699	-1.2485520509208503	-0.49822939248334197
zero_only_0.5	S1_old_genes_T0_transcripts	M	MRPL22	0.2738033064572989	0.7567459044954575	0.48294259803815864	-1.242325573410053	-0.49286646216847135
zero_only_0.5	S1_old_genes_T0_transcripts	M	MRPL23	0.2816506987457945	0.756586099450996	0.47493540070520146	-1.249071244770178	-0.49678697972001495
zero_only_0.5	S1_old_genes_T0_transcripts	M	MRPL24	0.2761099323133177	0.7553326424908386	0.47922271017752094	-1.2471775472390445	-0.49696610002593083
zero_only_0.5	S1_old_genes_T0_transcripts	M	MRPL27	0.27723722054797795	0.7514710738488689	0.47423385330089096	-1.2482845436229173	-0.4918764700465467
zero_only_0.5	S1_old_genes_T0_transcripts	M	MRPL28	0.28611554092541647	0.7567053501598235	0.4705898092344071	-1.246146800468018	-0.5025827265171
zero_only_0.5	S1_old_genes_T0_transcripts	M	MRPL3	0.2794599920406944	0.7559770868407079	0.4765170948000135	-1.2542087242699012	-0.4967194159566152
zero_only_0.5	S1_old_genes_T0_transcripts	M	MRPL30	0.2779670575174741	0.7655352837055515	0.4875682261880774	-1.2728630784529964	-0.5100314762993253
zero_only_0.5	S1_old_genes_T0_transcripts	M	MRPL32	0.2829960008304594	0.7572432273187667	0.4742472264883073	-1.2512107997157507	-0.5043234905569883
zero_only_0.5	S1_old_genes_T0_transcripts	M	MRPL33	0.277290609271875	0.7592019512645651	0.48191134199269015	-1.2547547400873922	-0.5071716586790628
zero_only_0.5	S1_old_genes_T0_transcripts	M	MRPL35	0.288356228927386	0.7494470283041398	0.4610907993767538	-1.247742326821505	-0.4911942841573332
zero_only_0.5	S1_old_genes_T0_transcripts	M	MRPL36	0.27997647485528665	0.7532120356491927	0.47323556079390605	-1.2519770541964046	-0.4970375822560905
zero_only_0.5	S1_old_genes_T0_transcripts	M	MRPL37	0.27479662782719383	0.7544621446560467	0.47966551682885283	-1.2465777071223068	-0.4984794936554811
zero_only_0.5	S1_old_genes_T0_transcripts	M	MRPL38	0.28633551726286277	0.7612096197098224	0.4748741024469596	-1.2547608549238147	-0.5071433221982333
zero_only_0.5	S1_old_genes_T0_transcripts	M	MRPL39	0.27921085151373615	0.753937491445719	0.47472663993198283	-1.250179331454582	-0.4946503424473993
zero_only_0.5	S1_old_genes_T0_transcripts	M	MRPL4	0.27958771907676405	0.7570176529221636	0.47742993384539956	-1.2512411765066227	-0.4966471443991158
zero_only_0.5	S1_old_genes_T0_transcripts	M	MRPL40	0.2802717459454216	0.7598002159321008	0.4795284699866792	-1.2571183800541692	-0.5072744627586439
zero_only_0.5	S1_old_genes_T0_transcripts	M	MRPL41	0.27194922582830017	0.7553791935851201	0.4834299677568199	-1.23951916896675	-0.49336966186608794
zero_only_0.5	S1_old_genes_T0_transcripts	M	MRPL42	0.28029728962969847	0.7519486177455542	0.47165132811585575	-1.247191954896785	-0.4946186675464119
zero_only_0.5	S1_old_genes_T0_transcripts	M	MRPL43	0.2825714566524816	0.756698346749504	0.47412689009702236	-1.2523670238988163	-0.4999326723261058
zero_only_0.5	S1_old_genes_T0_transcripts	M	MRPL44	0.28252141048658486	0.7598676622941214	0.47734625180753654	-1.256954748124763	-0.5045719260691535
zero_only_0.5	S1_old_genes_T0_transcripts	M	MRPL45	0.28327725206096177	0.773319576487964	0.49004232442700224	-1.273415964865382	-0.5246359980660544
zero_only_0.5	S1_old_genes_T0_transcripts	M	MRPL46	0.2795334798401773	0.7568720855875481	0.47733860574737086	-1.2504972414714897	-0.4939701351604729
zero_only_0.5	S1_old_genes_T0_transcripts	M	MRPL47	0.28534674567887597	0.7595808770076826	0.47423413132880665	-1.2578862456035163	-0.5103666764287208
zero_only_0.5	S1_old_genes_T0_transcripts	M	MRPL48	0.2827487120544543	0.7526772241801426	0.4699285121256883	-1.2483142518614658	-0.4978344285853902
zero_only_0.5	S1_old_genes_T0_transcripts	M	MRPL50	0.27793376310401263	0.7596607588573333	0.4817269957533207	-1.2562643520953607	-0.5016860571976375
zero_only_0.5	S1_old_genes_T0_transcripts	M	MRPL51	0.28640867649377366	0.7556522566321329	0.4692435801383592	-1.2568059770600373	-0.5005730735245049
zero_only_0.5	S1_old_genes_T0_transcripts	M	MRPL52	0.27993667269564226	0.7559634480824728	0.4760267753868306	-1.256341030820212	-0.49959743264695416
zero_only_0.5	S1_old_genes_T0_transcripts	M	MRPL53	0.28300591712093237	0.761374072708873	0.47836815558794066	-1.263137827722253	-0.5076279330352167
zero_only_0.5	S1_old_genes_T0_transcripts	M	MRPL54	0.27880355174434124	0.7602948958717157	0.4814913441273745	-1.25142405185313	-0.5056348818281728
zero_only_0.5	S1_old_genes_T0_transcripts	M	MRPL55	0.27414033037733254	0.754094303563119	0.4799539731857865	-1.2446987647201802	-0.4973271038812359
zero_only_0.5	S1_old_genes_T0_transcripts	M	MRPL9	0.2779663875966776	0.7536921302115392	0.47572574261486167	-1.248375462233913	-0.4958585765166959
zero_only_0.5	S1_old_genes_T0_transcripts	M	MRPS10	0.2803705662807847	0.7583657343549275	0.4779951680741428	-1.2564561913571723	-0.502947290760368
zero_only_0.5	S1_old_genes_T0_transcripts	M	MRPS11	0.27825681656794343	0.751927063858865	0.47367024729092155	-1.249539037722345	-0.49748343308135334
zero_only_0.5	S1_old_genes_T0_transcripts	M	MRPS12	0.2733973182803331	0.7602213072662691	0.48682398898593604	-1.2514559183810707	-0.5066142574125775
zero_only_0.5	S1_old_genes_T0_transcripts	M	MRPS14	0.28263989270881273	0.7525055310071109	0.4698656382982982	-1.2202094582334166	-0.47512590303446245
zero_only_0.5	S1_old_genes_T0_transcripts	M	MRPS15	0.27946023975917833	0.7523959455950407	0.4729357058358624	-1.2499987666772814	-0.4954712028440999
zero_only_0.5	S1_old_genes_T0_transcripts	M	MRPS16	0.27890237362062664	0.7642850968595154	0.48538272323888876	-1.2542781593474528	-0.5028408371272529
zero_only_0.5	S1_old_genes_T0_transcripts	M	MRPS17	0.2815331489936196	0.7533193938158194	0.4717862448221998	-1.2507177116550903	-0.49859771339411013
zero_only_0.5	S1_old_genes_T0_transcripts	M	MRPS18A	0.27514426815593584	0.7481696515546371	0.47302538339870126	-1.2435619803541225	-0.4923612596419724
zero_only_0.5	S1_old_genes_T0_transcripts	M	MRPS18B	0.28144382849298	0.754078924809458	0.47263509631647804	-1.2558720951285878	-0.49766595175599543
zero_only_0.5	S1_old_genes_T0_transcripts	M	MRPS18C	0.28212467634699734	0.7542971332606401	0.47217245691364274	-1.2523588623427542	-0.49519813779054694
zero_only_0.5	S1_old_genes_T0_transcripts	M	MRPS2	0.27723405509568	0.7704981843057073	0.49326412921002727	-1.2596319944332766	-0.517635504339149
zero_only_0.5	S1_old_genes_T0_transcripts	M	MRPS21	0.28081704821700204	0.7555000471331778	0.4746829989161757	-1.254671584078646	-0.49616408760596026
zero_only_0.5	S1_old_genes_T0_transcripts	M	MRPS22	0.2786777196860155	0.7540950548938733	0.4754173352078578	-1.2530035523196208	-0.49701181933201855
zero_only_0.5	S1_old_genes_T0_transcripts	M	MRPS23	0.2773928241945679	0.7561494205575449	0.47875659636297696	-1.2487056320216119	-0.4992566220308932
zero_only_0.5	S1_old_genes_T0_transcripts	M	MRPS24	0.2855645774408597	0.7545657172316089	0.4690011397907492	-1.253206254236113	-0.5002987110787315
zero_only_0.5	S1_old_genes_T0_transcripts	M	MRPS25	0.27706814280946157	0.7542339561345854	0.47716581332512387	-1.2503176257110487	-0.4965702383981309
zero_only_0.5	S1_old_genes_T0_transcripts	M	MRPS26	0.2822652960474381	0.7512898436553131	0.46902454760787504	-1.2462226261076257	-0.49590861499435485
zero_only_0.5	S1_old_genes_T0_transcripts	M	MRPS27	0.2805863849633109	0.752097645597728	0.47151126063441706	-1.2532923238288447	-0.49444981571092594
zero_only_0.5	S1_old_genes_T0_transcripts	M	MRPS28	0.28127973996549727	0.7573264503276954	0.47604671036219814	-1.2458273697261795	-0.4936618816005402
zero_only_0.5	S1_old_genes_T0_transcripts	M	MRPS30	0.2776881281290803	0.7533949459807396	0.47570681785165936	-1.2440159012379362	-0.4909458581263794
zero_only_0.5	S1_old_genes_T0_transcripts	M	MRPS31	0.28470515950409225	0.7604772727854545	0.47577211328136226	-1.2583925075346558	-0.5021813491565275
zero_only_0.5	S1_old_genes_T0_transcripts	M	MRPS33	0.2758523552521558	0.7390973313387157	0.4632449760865599	-1.2200413604736735	-0.4669991217984256
zero_only_0.5	S1_old_genes_T0_transcripts	M	MRPS34	0.2710155293523365	0.7571422864699145	0.486126757117578	-1.2294751226807936	-0.49047118184197547
zero_only_0.5	S1_old_genes_T0_transcripts	M	MRPS35	0.2823764158549962	0.7515976726431327	0.46922125678813653	-1.249190174365157	-0.492906185871039
zero_only_0.5	S1_old_genes_T0_transcripts	M	MRPS5	0.27655478415824497	0.7534108659492597	0.4768560817910147	-1.2520809477529524	-0.49677925914023235
zero_only_0.5	S1_old_genes_T0_transcripts	M	MRPS6	0.28069929590615905	0.7610907901187355	0.48039149421257643	-1.2584979382900334	-0.5082761858695499
zero_only_0.5	S1_old_genes_T0_transcripts	M	MRPS7	0.2795876600690391	0.7631814527535523	0.4835937926845132	-1.2686583431558578	-0.5156330860320436
zero_only_0.5	S1_old_genes_T0_transcripts	M	MRPS9	0.2741220097987932	0.7490515847785713	0.47492957497977806	-1.2453964964786808	-0.49472926157855474
zero_only_0.5	S1_old_genes_T0_transcripts	M	MRRF	0.27973865073887316	0.7733814740527538	0.49364282331388065	-1.2767573750405	-0.520695246641322
zero_only_0.5	S1_old_genes_T0_transcripts	M	MTFMT	0.2823109269710139	0.7643819386103531	0.4820710116393392	-1.26932427374481	-0.5139906376088483
zero_only_0.5	S1_old_genes_T0_transcripts	M	MTIF2	0.2829906203037764	0.762575674971696	0.47958505466791956	-1.2600309151783649	-0.5121341340174035
zero_only_0.5	S1_old_genes_T0_transcripts	M	MTIF3	0.28807617864342894	0.7596017078113189	0.4715255291678899	-1.2298161662839142	-0.49207229764815635
zero_only_0.5	S1_old_genes_T0_transcripts	M	MTRF1	0.28305801276822984	0.7733453044153733	0.49028729164714346	-1.2766680854879815	-0.5183566988403605
zero_only_0.5	S1_old_genes_T0_transcripts	M	MTRF1L	0.282831192444033	0.7551490643251726	0.4723178718811396	-1.2506499150174284	-0.4971429593238837
zero_only_0.5	S1_old_genes_T0_transcripts	M	PTCD3	0.28385982399042986	0.757345475398205	0.4734856514077751	-1.2553528953060613	-0.5073588874293097
zero_only_0.5	S1_old_genes_T0_transcripts	M	TSFM	0.28013260459020894	0.7552884975976649	0.475155893007456	-1.2510393818375978	-0.4966257596401119
zero_only_0.5	S1_old_genes_T0_transcripts	M	TUFM	0.27625806113914464	0.7547150030560181	0.4784569419168735	-1.2471192923879466	-0.49758765890744916
zero_only_0.5	S1_old_genes_T0_transcripts	C	EEF1A1	0.3846838253459053	0.7680839056042557	0.3834000802583504	-1.348006440953311	-0.5820463297565382
zero_only_0.5	S1_old_genes_T0_transcripts	C	EEF1A2	0.2873489274820389	0.7453877545536404	0.4580388270716015	-1.1908094097425987	-0.4530497461570899
zero_only_0.5	S1_old_genes_T0_transcripts	C	EEF1B2	0.2814452741217133	0.7411273815362864	0.45968210741457316	-1.2271397843935663	-0.4498612768394098
zero_only_0.5	S1_old_genes_T0_transcripts	C	EEF1D	0.2763187703002668	0.7429024681867662	0.4665836978864994	-1.1889901331004022	-0.46706256751820246
zero_only_0.5	S1_old_genes_T0_transcripts	C	EEF2	0.28709824147805585	0.7960026154253184	0.5089043739472625	-1.3768640870023838	-0.5997034672108359
zero_only_0.5	S1_old_genes_T0_transcripts	C	RPL10L	0.2917089142577542	0.7283026926984272	0.436593778440673	-1.1876056993806197	-0.4353959210173336
zero_only_0.5	S1_old_genes_T0_transcripts	C	RPL13A	0.32791674786861913	0.797963713648083	0.4700469657794639	-1.3354320657001308	-0.5680097640654179
zero_only_0.5	S1_old_genes_T0_transcripts	C	RPL22	0.2867012002889702	0.7483638749834723	0.4616626746945021	-1.1989215524438226	-0.4604012786129464
zero_only_0.5	S1_old_genes_T0_transcripts	C	RPL22L1	0.2702508283095282	0.7429249669800145	0.47267413867048635	-1.3175818284200296	-0.5220628622611523
zero_only_0.5	S1_old_genes_T0_transcripts	C	RPL26L1	0.2885058904442607	0.735102058478802	0.4465961680345412	-1.199250685220563	-0.46159971051544885
zero_only_0.5	S1_old_genes_T0_transcripts	C	RPL28	0.27520602913141423	0.7692480176763693	0.49404198854495507	-1.3047962516079281	-0.5229084347619618
zero_only_0.5	S1_old_genes_T0_transcripts	C	RPL29	0.23461331587863288	0.7853421544952619	0.550728838616629	-1.3257508847208221	-0.578926936837645
zero_only_0.5	S1_old_genes_T0_transcripts	C	RPL36AL	0.27942065192298554	0.7429502261877192	0.4635295742647337	-1.2126186291761842	-0.47897946998905777
zero_only_0.5	S1_old_genes_T0_transcripts	C	RPL39L	0.2945193782119958	0.7423338785845166	0.4478145003725208	-1.195602466663291	-0.4620862832544708
zero_only_0.5	S1_old_genes_T0_transcripts	C	RPL3L	0.28121611748280306	0.7447589885401285	0.4635428710573254	-1.1632441612222926	-0.45310861461504126
zero_only_0.5	S1_old_genes_T0_transcripts	C	RPL41	0.2817073961208607	0.7184740512310129	0.4367666551101522	-1.2364221908041437	-0.45041851941630023
zero_only_0.5	S1_old_genes_T0_transcripts	C	RPS27	0.281085811635282	0.7331459429529805	0.4520601313176985	-1.2042875968814712	-0.44788407073339737
zero_only_0.5	S1_old_genes_T0_transcripts	C	RPS27L	0.27107170519545254	0.7374773586538675	0.466405653458415	-1.178845133072636	-0.4549683081040137
zero_only_0.5	S1_old_genes_T0_transcripts	C	RPS29	0.16862911275768977	0.7806051249229826	0.6119760121652928	-1.2653594753522128	-0.5584973040367327
zero_only_0.5	S1_old_genes_T0_transcripts	C	RPS3	0.22732945893340994	0.8224321030771171	0.5951026441437072	-1.3511907854410188	-0.618314453567626
zero_only_0.5	S1_old_genes_T0_transcripts	C	RPS4Y1	0.2952989288959105	0.7253147689521533	0.4300158400562428	-1.2027928636605818	-0.4253310506603831
zero_only_0.5	S1_old_genes_T0_transcripts	C	RPS4Y2	0.2801509144443618	0.7308086689022578	0.450657754457896	-1.1868161409980331	-0.43583315683976465
zero_only_0.5	S1_old_genes_T0_transcripts	C	UBA52	0.2975177347641914	0.8395201005076256	0.5420023657434342	-1.3895059498900815	-0.6105524676241697
zero_only_0.5	S2_T0_genes_T0_transcripts	M	AURKAIP1	0.11582561007063852	-1.6640790308626041	-1.7799046409332426	2.335048151284332	3.702570729382084
zero_only_0.5	S2_T0_genes_T0_transcripts	M	CHCHD1	0.10239423712821072	-1.6544118036768536	-1.7568060408050643	2.310019185890627	3.688087648547866
zero_only_0.5	S2_T0_genes_T0_transcripts	M	DAP3	0.10009018010924464	-1.6638774403597263	-1.763967620468971	2.33204234006335	3.700739756229507
zero_only_0.5	S2_T0_genes_T0_transcripts	M	ERAL1	0.09982668844419074	-1.661748208719278	-1.7615748971634688	2.3263610454052697	3.696078314885823
zero_only_0.5	S2_T0_genes_T0_transcripts	M	GADD45GIP1	0.09871989106944223	-1.6635786553988443	-1.7622985464682865	2.331316738571041	3.6978726843432845
zero_only_0.5	S2_T0_genes_T0_transcripts	M	GFM1	0.10244876845596806	-1.6374983475107001	-1.7399471159666682	2.325473151382839	3.705795820319426
zero_only_0.5	S2_T0_genes_T0_transcripts	M	GFM2	0.0993334649821982	-1.659476013866802	-1.7588094788490003	2.326768582694941	3.690156529235959
zero_only_0.5	S2_T0_genes_T0_transcripts	M	MALSU1	0.10232112995040055	-1.6642637161459932	-1.7665848460963938	2.330436281882506	3.697384915512958
zero_only_0.5	S2_T0_genes_T0_transcripts	M	MIEF1	0.1011677985157231	-1.6483221819047382	-1.7494899804204613	2.3147477755226813	3.682588983522789
zero_only_0.5	S2_T0_genes_T0_transcripts	M	MRPL1	0.0986966777088849	-1.6579352070522853	-1.7566318847611702	2.3237329459645815	3.689625414793676
zero_only_0.5	S2_T0_genes_T0_transcripts	M	MRPL10	0.08886341753555893	-1.6620063068686735	-1.7508697244042324	2.336070607542176	3.6993775803338975
zero_only_0.5	S2_T0_genes_T0_transcripts	M	MRPL11	0.10537474559836824	-1.66483612861028	-1.7702108742086482	2.3295506043197154	3.7006490430794683
zero_only_0.5	S2_T0_genes_T0_transcripts	M	MRPL13	0.10086891613117732	-1.6691437634956539	-1.7700126796268312	2.3351235157719112	3.7078726072281927
zero_only_0.5	S2_T0_genes_T0_transcripts	M	MRPL14	0.10390775262870111	-1.658622261036272	-1.762530013664973	2.3274330162023165	3.6944287268849196
zero_only_0.5	S2_T0_genes_T0_transcripts	M	MRPL15	0.09852270245077044	-1.6666543230801198	-1.7651770255308903	2.330489515003383	3.7020308859450055
zero_only_0.5	S2_T0_genes_T0_transcripts	M	MRPL16	0.09819405249105095	-1.6589732030426352	-1.7571672555336861	2.324732038291075	3.6914886280838464
zero_only_0.5	S2_T0_genes_T0_transcripts	M	MRPL17	0.10324428860395507	-1.6628100513223036	-1.7660543399262587	2.329515083021581	3.7014959709676436
zero_only_0.5	S2_T0_genes_T0_transcripts	M	MRPL18	0.10282261087885125	-1.6645660414308625	-1.7673886523097138	2.3354593461399515	3.704828870720121
zero_only_0.5	S2_T0_genes_T0_transcripts	M	MRPL19	0.08709345879948494	-1.6694882540797544	-1.7565817128792394	2.358400499163183	3.7143934548523325
zero_only_0.5	S2_T0_genes_T0_transcripts	M	MRPL2	0.10611815321735119	-1.6641469645654068	-1.770265117782758	2.33022707839977	3.7003710311707048
zero_only_0.5	S2_T0_genes_T0_transcripts	M	MRPL20	0.09394120619568902	-1.6604015264227736	-1.7543427326184626	2.3323034947912333	3.7000987056464494
zero_only_0.5	S2_T0_genes_T0_transcripts	M	MRPL21	0.08295027099186214	-1.6631482973045868	-1.746098568296449	2.329099388537775	3.6893628752105014
zero_only_0.5	S2_T0_genes_T0_transcripts	M	MRPL22	0.09306605772431364	-1.6626100370220471	-1.7556760947463608	2.3381952154466115	3.705173306374498
zero_only_0.5	S2_T0_genes_T0_transcripts	M	MRPL23	0.10049154720159947	-1.6627612503974531	-1.7632527975990526	2.331812214589719	3.70146356933648
zero_only_0.5	S2_T0_genes_T0_transcripts	M	MRPL24	0.0952486714375338	-1.6639473171984624	-1.7591959886359962	2.3336041004256316	3.701294079154538
zero_only_0.5	S2_T0_genes_T0_transcripts	M	MRPL27	0.0963153527778573	-1.667601274623121	-1.7639166274009783	2.332556619976375	3.706110073113525
zero_only_0.5	S2_T0_genes_T0_transcripts	M	MRPL28	0.1047163441027461	-1.6626484110170567	-1.7673647551198028	2.3345794307035916	3.6959794218295605
zero_only_0.5	S2_T0_genes_T0_transcripts	M	MRPL3	0.09841862042688021	-1.6633375203942848	-1.761756140821165	2.326950943665251	3.7015275006394814
zero_only_0.5	S2_T0_genes_T0_transcripts	M	MRPL30	0.0970059512006074	-1.6542932050813142	-1.7512991562819216	2.309299511750064	3.688931142465734
zero_only_0.5	S2_T0_genes_T0_transcripts	M	MRPL32	0.10176452121719581	-1.6621394519849377	-1.7639039732021335	2.32978768947993	3.6943322472541817
zero_only_0.5	S2_T0_genes_T0_transcripts	M	MRPL33	0.09636587114025641	-1.6602860357781606	-1.756651906918417	2.326434283536871	3.6916372064504985
zero_only_0.5	S2_T0_genes_T0_transcripts	M	MRPL34	0.11982961954113058	-1.6602804406711238	-1.7801100602122544	2.346758959082031	3.6996292994619653
zero_only_0.5	S2_T0_genes_T0_transcripts	M	MRPL35	0.10683656500783467	-1.669516500514908	-1.7763530655227426	2.3330696853368518	3.7067555823420277
zero_only_0.5	S2_T0_genes_T0_transcripts	M	MRPL36	0.09890733534821461	-1.6659539129195884	-1.764861248267803	2.329062631476731	3.7012264400550308
zero_only_0.5	S2_T0_genes_T0_transcripts	M	MRPL37	0.09400597471948213	-1.6647710140743937	-1.7587769887938758	2.3341716910737267	3.6998620507738873
zero_only_0.5	S2_T0_genes_T0_transcripts	M	MRPL38	0.10492449375538371	-1.6583863064966278	-1.7633108002520115	2.3264284974550957	3.6916640194646173
zero_only_0.5	S2_T0_genes_T0_transcripts	M	MRPL39	0.09818287455190955	-1.6652674601228754	-1.763450334674785	2.330763702458241	3.7034853336374485
zero_only_0.5	S2_T0_genes_T0_transcripts	M	MRPL4	0.09853948041799931	-1.6623528987258096	-1.760892379143809	2.329758945849858	3.7015958866293732
zero_only_0.5	S2_T0_genes_T0_transcripts	M	MRPL40	0.09918673164855729	-1.6597199358776957	-1.758906667526253	2.3241977209876636	3.6915399294719693
zero_only_0.5	S2_T0_genes_T0_transcripts	M	MRPL41	0.09131165884956083	-1.6639032688511848	-1.7552149277007456	2.340850737930598	3.704697160424066
zero_only_0.5	S2_T0_genes_T0_transcripts	M	MRPL42	0.09921090201647598	-1.6671494051294844	-1.7663603071459604	2.333590467373145	3.7035153055867713
zero_only_0.5	S2_T0_genes_T0_transcripts	M	MRPL43	0.10136280199502323	-1.6626550378999396	-1.7640178398949629	2.3286936278873522	3.6984869999887806
zero_only_0.5	S2_T0_genes_T0_transcripts	M	MRPL44	0.10131544648320734	-1.659656115664173	-1.7609715621473803	2.32435255550151	3.694097168489983
zero_only_0.5	S2_T0_genes_T0_transcripts	M	MRPL45	0.1020306514138003	-1.646927422663548	-1.7489580740773483	2.3087763504136127	3.6751118100413027
zero_only_0.5	S2_T0_genes_T0_transcripts	M	MRPL46	0.09848815726940163	-1.6624906398596404	-1.760978797129042	2.3304628843777255	3.704128970640132
zero_only_0.5	S2_T0_genes_T0_transcripts	M	MRPL47	0.1039888819339767	-1.6599274823868244	-1.7639163643208011	2.3234711385323674	3.6886139638486717
zero_only_0.5	S2_T0_genes_T0_transcripts	M	MRPL48	0.10153052753667513	-1.6664599710838521	-1.7679904986205273	2.332528508954953	3.7004724349262323
zero_only_0.5	S2_T0_genes_T0_transcripts	M	MRPL49	0.09890721931763657	-1.6827299423697153	-1.7816371616873519	2.3765690966955413	3.7478811649453396
zero_only_0.5	S2_T0_genes_T0_transcripts	M	MRPL50	0.09697444680937561	-1.6598518952602732	-1.7568263420696488	2.325005833464815	3.696827883121095
zero_only_0.5	S2_T0_genes_T0_transcripts	M	MRPL51	0.10499371969430893	-1.6636448866131515	-1.7686386063074604	2.3244933281218967	3.697881028962339
zero_only_0.5	S2_T0_genes_T0_transcripts	M	MRPL52	0.09886967308962724	-1.6633504258859468	-1.762220098975574	2.324933277252053	3.698804216029268
zero_only_0.5	S2_T0_genes_T0_transcripts	M	MRPL53	0.1017739043737711	-1.6582306950566656	-1.7600045994304367	2.3185018995382944	3.691205462973708
zero_only_0.5	S2_T0_genes_T0_transcripts	M	MRPL54	0.09779747261957716	-1.6592518516337598	-1.757049324253337	2.329585902511228	3.6930913608900497
zero_only_0.5	S2_T0_genes_T0_transcripts	M	MRPL55	0.09338496207875302	-1.665119078764476	-1.758504040843229	2.3359496150671366	3.700952484108657
zero_only_0.5	S2_T0_genes_T0_transcripts	M	MRPL9	0.09700531729705819	-1.6654996298928526	-1.7625049471899108	2.332470589462744	3.7023420583890827
zero_only_0.5	S2_T0_genes_T0_transcripts	M	MRPS10	0.09928023906266414	-1.6610772947894317	-1.7603575338520958	2.324824308141811	3.695634457814425
zero_only_0.5	S2_T0_genes_T0_transcripts	M	MRPS11	0.09728013180750228	-1.6671698002050612	-1.7644499320125635	2.331369571796272	3.700804559704246
zero_only_0.5	S2_T0_genes_T0_transcripts	M	MRPS12	0.09268189686868844	-1.6593214838625703	-1.7520033807312587	2.329555749237477	3.692164639906958
zero_only_0.5	S2_T0_genes_T0_transcripts	M	MRPS14	0.10142755869348719	-1.6666224334411281	-1.7680499921346153	2.359122292172891	3.7219600720066794
zero_only_0.5	S2_T0_genes_T0_transcripts	M	MRPS15	0.09841885482716606	-1.6667261271643783	-1.7651449819915443	2.3309345594518147	3.702708605520141
zero_only_0.5	S2_T0_genes_T0_transcripts	M	MRPS16	0.09789098149176212	-1.6554761775807898	-1.753367159072552	2.3268852416563837	3.6957351881339324
zero_only_0.5	S2_T0_genes_T0_transcripts	M	MRPS17	0.10038031732857178	-1.6658523266974057	-1.7662326440259775	2.3302542674298037	3.6997501869351854
zero_only_0.5	S2_T0_genes_T0_transcripts	M	MRPS18A	0.09433492470796878	-1.670725201095082	-1.7650601258030507	2.3370252819941593	3.705651347474842
zero_only_0.5	S2_T0_genes_T0_transcripts	M	MRPS18B	0.10029579900538632	-1.6651336307034237	-1.76542942970881	2.325377001347354	3.700631853861573
zero_only_0.5	S2_T0_genes_T0_transcripts	M	MRPS18C	0.10094004213606933	-1.6649271538894017	-1.765867196025471	2.3287013506500784	3.7029669896568356
zero_only_0.5	S2_T0_genes_T0_transcripts	M	MRPS2	0.09631235751116662	-1.64959712709407	-1.7459094846052365	2.3218192471665726	3.681735933137729
zero_only_0.5	S2_T0_genes_T0_transcripts	M	MRPS21	0.09970271659370855	-1.6637889128057108	-1.7634916293994194	2.3265129687924597	3.7020529726271985
zero_only_0.5	S2_T0_genes_T0_transcripts	M	MRPS22	0.09767840572567899	-1.6651183678278483	-1.7627967735535273	2.328091321424655	3.7012508178756587
zero_only_0.5	S2_T0_genes_T0_transcripts	M	MRPS23	0.09646259063699691	-1.6631744519310403	-1.7596370425680372	2.3321581707389	3.6991267034939277
zero_only_0.5	S2_T0_genes_T0_transcripts	M	MRPS24	0.10419500231090773	-1.6646730099168723	-1.76886801222778	2.327899517460663	3.698140640738984
zero_only_0.5	S2_T0_genes_T0_transcripts	M	MRPS25	0.09615536524033796	-1.6649869343957766	-1.7611422996361146	2.3306328433768524	3.7016686578991225
zero_only_0.5	S2_T0_genes_T0_transcripts	M	MRPS26	0.10107310163756189	-1.6677727612578837	-1.7688458628954455	2.3345076817112744	3.7022947101521577
zero_only_0.5	S2_T0_genes_T0_transcripts	M	MRPS27	0.09948445459021737	-1.6670083895274268	-1.7664928441176442	2.3278180752653888	3.703675079366585
zero_only_0.5	S2_T0_genes_T0_transcripts	M	MRPS28	0.10014053244174637	-1.6620607033313286	-1.762201235773075	2.334881687749633	3.704420651428025
zero_only_0.5	S2_T0_genes_T0_transcripts	M	MRPS30	0.09674201801589	-1.6657808364768338	-1.7625228544927238	2.336595765458938	3.706990652134757
zero_only_0.5	S2_T0_genes_T0_transcripts	M	MRPS31	0.10338178963955791	-1.6590792799304377	-1.7624610695699956	2.322992094984622	3.696359219762144
zero_only_0.5	S2_T0_genes_T0_transcripts	M	MRPS33	0.09500494260546688	-1.6793097621596105	-1.7743147047650774	2.3592813524186704	3.729649929520349
zero_only_0.5	S2_T0_genes_T0_transcripts	M	MRPS34	0.0904281611088642	-1.6622349659064333	-1.7526631270152975	2.350354781728062	3.707439808188818
zero_only_0.5	S2_T0_genes_T0_transcripts	M	MRPS35	0.10117824726191937	-1.667481482215646	-1.7686597294775654	2.3316996790589863	3.705135718354865
zero_only_0.5	S2_T0_genes_T0_transcripts	M	MRPS5	0.09566960651660583	-1.6657657724206003	-1.7614353789372061	2.328964323595266	3.7014708748313274
zero_only_0.5	S2_T0_genes_T0_transcripts	M	MRPS6	0.0995912950522655	-1.6584987474000226	-1.758090042452288	2.322892332549426	3.6905920624422963
zero_only_0.5	S2_T0_genes_T0_transcripts	M	MRPS7	0.09853942458273313	-1.656520485982131	-1.755059910564864	2.3132781860097213	3.6836306945466033
zero_only_0.5	S2_T0_genes_T0_transcripts	M	MRPS9	0.09336762647755492	-1.6698906836358764	-1.7632583101134314	2.335289395768771	3.703410657470334
zero_only_0.5	S2_T0_genes_T0_transcripts	M	MRRF	0.09868229747461932	-1.6468688529248214	-1.7455511503994408	2.305614585946834	3.6788406931098665
zero_only_0.5	S2_T0_genes_T0_transcripts	M	MTFMT	0.10111627928567657	-1.6553845423756957	-1.7565008216613722	2.3126480581406055	3.6851848392911317
zero_only_0.5	S2_T0_genes_T0_transcripts	M	MTIF2	0.1017594299661404	-1.6570936950660369	-1.7588531250321773	2.321441773773371	3.6869415308615308
zero_only_0.5	S2_T0_genes_T0_transcripts	M	MTIF3	0.10657157119075755	-1.6599077715188666	-1.7664793427096241	2.3500320738025287	3.7059247738775927
zero_only_0.5	S2_T0_genes_T0_transcripts	M	MTRF1	0.10182319917981619	-1.6469030779580427	-1.7487262771378589	2.305699074985777	3.6810535125344326
zero_only_0.5	S2_T0_genes_T0_transcripts	M	MTRF1L	0.10160857349670582	-1.6641210255702754	-1.7657295990669812	2.3303184190869453	3.701126728420991
zero_only_0.5	S2_T0_genes_T0_transcripts	M	NDUFAB1	0.052986155896954656	-1.6812123520953905	-1.7341985079923452	2.4121127435245255	3.7542449671454223
zero_only_0.5	S2_T0_genes_T0_transcripts	M	OXA1L	0.09323322731820927	-1.6807250680181256	-1.7739582953363349	2.3588395969208413	3.752902921750268
zero_only_0.5	S2_T0_genes_T0_transcripts	M	PTCD3	0.10258190227179131	-1.6620427011140717	-1.764624603385863	2.3258682872009273	3.691460043762093
zero_only_0.5	S2_T0_genes_T0_transcripts	M	TSFM	0.09905507101136735	-1.663989088710283	-1.7630441597216504	2.329949891343129	3.7016161216701517
zero_only_0.5	S2_T0_genes_T0_transcripts	M	TUFM	0.09538883634799422	-1.664531750212055	-1.7599205865600491	2.333659223295487	3.7007059374171867
zero_only_0.5	S2_T0_genes_T0_transcripts	C	EEF1A1	0.12174398142354814	-1.6875684604139112	-1.8093124418374593	2.349449641662015	3.7283984957129794
zero_only_0.5	S2_T0_genes_T0_transcripts	C	EEF1A2	0.09795100639015786	-1.693116408448506	-1.7910674148386638	2.3878755826246327	3.7599309939261776
zero_only_0.5	S2_T0_genes_T0_transcripts	C	EEF1B2	0.09650789112430047	-1.694157832963859	-1.7906657240881594	2.378994824376619	3.7607103975371667
zero_only_0.5	S2_T0_genes_T0_transcripts	C	EEF1D	0.09525474574572534	-1.6937239228937422	-1.7889786686394675	2.3883202946927256	3.7565056375934622
zero_only_0.5	S2_T0_genes_T0_transcripts	C	EEF1G	0.0941415572431703	-1.656465501480588	-1.7506070587237583	2.3150941235059226	3.6754605493478296
zero_only_0.5	S2_T0_genes_T0_transcripts	C	EEF2	0.0978897275891848	-1.680743886902095	-1.7786336144912798	2.342395550405575	3.7240823065574844
zero_only_0.5	S2_T0_genes_T0_transcripts	C	FAU	0.10797623135870715	-1.6358963562079598	-1.743872587566667	2.342757589661342	3.64715494687374
zero_only_0.5	S2_T0_genes_T0_transcripts	C	RPL10	0.11503739363445309	-1.6655030179147432	-1.7805404115491963	2.3119330804648515	3.701279799951554
zero_only_0.5	S2_T0_genes_T0_transcripts	C	RPL10A	0.1010431631524451	-1.6196206037371348	-1.72066376688958	2.292374261759704	3.6606593235989875
zero_only_0.5	S2_T0_genes_T0_transcripts	C	RPL10L	0.09901678093533395	-1.6972927569020024	-1.7963095378373364	2.388658711824228	3.7642463734047853
zero_only_0.5	S2_T0_genes_T0_transcripts	C	RPL11	0.13386774595821826	-1.6563044094560238	-1.790172155414242	2.306465304814551	3.6796701676347974
zero_only_0.5	S2_T0_genes_T0_transcripts	C	RPL12	0.11543028456940796	-1.6629017075794557	-1.7783319921488636	2.2972681278387728	3.701011856686651
zero_only_0.5	S2_T0_genes_T0_transcripts	C	RPL13	0.10329383936437608	-1.6544386757233656	-1.7577325150877416	2.318187701078076	3.6882221008359024
zero_only_0.5	S2_T0_genes_T0_transcripts	C	RPL13A	0.10786758470687818	-1.6802645073365308	-1.788132092043409	2.352523377835014	3.731829656215253
zero_only_0.5	S2_T0_genes_T0_transcripts	C	RPL14	0.1133466005409165	-1.6307091786909838	-1.7440557792319002	2.3122938749770094	3.6617694603073394
zero_only_0.5	S2_T0_genes_T0_transcripts	C	RPL15	0.09398060539093134	-1.6617619346992907	-1.755742540090222	2.3131486697323687	3.704683873631536
zero_only_0.5	S2_T0_genes_T0_transcripts	C	RPL17	0.06554330203866332	-1.6505016023991952	-1.7160449044378585	2.330295640566977	3.6695889921358074
zero_only_0.5	S2_T0_genes_T0_transcripts	C	RPL18	0.10693719563348392	-1.6480865035229746	-1.7550236991564585	2.3244903358965896	3.682251214801129
zero_only_0.5	S2_T0_genes_T0_transcripts	C	RPL18A	0.09281208011045816	-1.6445065158764578	-1.737318595986916	2.325177877023665	3.6950667239291675
zero_only_0.5	S2_T0_genes_T0_transcripts	C	RPL19	0.12202791313801775	-1.646401916458763	-1.7684298295967809	2.3102297400675207	3.6666491227900844
zero_only_0.5	S2_T0_genes_T0_transcripts	C	RPL21	0.11236661935639258	-1.6439281702478064	-1.756294789604199	2.308570810881213	3.6803849489952736
zero_only_0.5	S2_T0_genes_T0_transcripts	C	RPL22	0.09779267307629702	-1.6923889123434361	-1.7901815854197332	2.385892614408778	3.7581339526591906
zero_only_0.5	S2_T0_genes_T0_transcripts	C	RPL22L1	0.0937714710368791	-1.6937184231887255	-1.7874898942256046	2.35688676917015	3.7430611211007405
zero_only_0.5	S2_T0_genes_T0_transcripts	C	RPL23	0.08466737141748837	-1.638794225078187	-1.7234615964956754	2.332900580812727	3.6624792133473303
zero_only_0.5	S2_T0_genes_T0_transcripts	C	RPL23A	0.10515809393907016	-1.638479457059736	-1.7436375509988062	2.33572859609804	3.6673395210281186
zero_only_0.5	S2_T0_genes_T0_transcripts	C	RPL24	0.09754420920985574	-1.6500189225950046	-1.7475631318048603	2.3139644122529943	3.6920985194617653
zero_only_0.5	S2_T0_genes_T0_transcripts	C	RPL26	0.09853178572610144	-1.6666634750078546	-1.765195260733956	2.2878346176327584	3.701553091101832
zero_only_0.5	S2_T0_genes_T0_transcripts	C	RPL26L1	0.09823381955870136	-1.695630689711245	-1.7938645092699463	2.3858121597300204	3.75784100263858
zero_only_0.5	S2_T0_genes_T0_transcripts	C	RPL27A	0.1010431631524451	-1.6377275845058543	-1.7387707476582994	2.286424155814482	3.6798811667664104
zero_only_0.5	S2_T0_genes_T0_transcripts	C	RPL28	0.09498274234889337	-1.687283899685173	-1.7822666420340663	2.3600121323908865	3.7428544256005427
zero_only_0.5	S2_T0_genes_T0_transcripts	C	RPL29	0.08506007910932567	-1.683349777351666	-1.7684098564609916	2.3548898887410674	3.7291610139820435
zero_only_0.5	S2_T0_genes_T0_transcripts	C	RPL3	0.08407774699212034	-1.665250168368885	-1.7493279153610053	2.329900974473974	3.6989823742780894
zero_only_0.5	S2_T0_genes_T0_transcripts	C	RPL30	0.07741354407413858	-1.6509046153145248	-1.7283181593886634	2.3272420990119733	3.681241449718322
zero_only_0.5	S2_T0_genes_T0_transcripts	C	RPL31	0.10429204800678438	-1.6390154222481752	-1.7433074702549596	2.3336300943028085	3.6733969364429915
zero_only_0.5	S2_T0_genes_T0_transcripts	C	RPL32	0.12125580185985374	-1.6619926451155917	-1.7832484469754455	2.3271114838572102	3.6904231179267963
zero_only_0.5	S2_T0_genes_T0_transcripts	C	RPL34	0.1010431631524451	-1.6268263526852	-1.7278695158376451	2.296606913379369	3.656967623569149
zero_only_0.5	S2_T0_genes_T0_transcripts	C	RPL35	0.15411648292363278	-1.6421035271737696	-1.7962200100974024	2.2928013437046406	3.6824042873456437
zero_only_0.5	S2_T0_genes_T0_transcripts	C	RPL35A	0.1102484476975194	-1.6582997250986304	-1.7685481727961498	2.3100716461493866	3.686376511931174
zero_only_0.5	S2_T0_genes_T0_transcripts	C	RPL36	0.09400793698487941	-1.6361548315048373	-1.7301627684897167	2.3527037505518513	3.6667684012104145
zero_only_0.5	S2_T0_genes_T0_transcripts	C	RPL36AL	0.09601298347572396	-1.6937122487157308	-1.7897252321914547	2.3825444400964235	3.753592616989475
zero_only_0.5	S2_T0_genes_T0_transcripts	C	RPL37	0.07701547924200458	-1.677098154980484	-1.7541136342224886	2.33873040327145	3.7153784879684753
zero_only_0.5	S2_T0_genes_T0_transcripts	C	RPL37A	0.08776552426088546	-1.6614324100350064	-1.7491979342958919	2.316893714091736	3.6952218703535733
zero_only_0.5	S2_T0_genes_T0_transcripts	C	RPL38	0.1292457922047232	-1.636312929279287	-1.7655587214840103	2.3021544499523157	3.668592926587807
zero_only_0.5	S2_T0_genes_T0_transcripts	C	RPL39	0.12625558878969567	-1.6488945782268623	-1.775150167016558	2.2794483157651593	3.679651786232367
zero_only_0.5	S2_T0_genes_T0_transcripts	C	RPL39L	0.09970378323525875	-1.6938629114631816	-1.7935666946984403	2.3867039464884643	3.7577220626357075
zero_only_0.5	S2_T0_genes_T0_transcripts	C	RPL3L	0.09645187505701269	-1.6932701068073648	-1.7897219818643775	2.3946137544851522	3.759916603858679
zero_only_0.5	S2_T0_genes_T0_transcripts	C	RPL4	0.12215590284926403	-1.6696700636095065	-1.7918259664587706	2.3066315730961726	3.7037454212981453
zero_only_0.5	S2_T0_genes_T0_transcripts	C	RPL41	0.0965719653907593	-1.6996953137051487	-1.796267279095908	2.376725791698478	3.7605741826850383
zero_only_0.5	S2_T0_genes_T0_transcripts	C	RPL5	0.06887418226456976	-1.6637005038116008	-1.7325746860761706	2.31920709217607	3.6954709464144004
zero_only_0.5	S2_T0_genes_T0_transcripts	C	RPL6	0.12374421136335112	-1.639221918476038	-1.762966129839389	2.295453184713283	3.65413147146656
zero_only_0.5	S2_T0_genes_T0_transcripts	C	RPL7	0.09130223578114993	-1.6613310311391518	-1.7526332669203017	2.3368571354545318	3.6979983251676263
zero_only_0.5	S2_T0_genes_T0_transcripts	C	RPL8	0.08503602206026972	-1.6309095528539683	-1.715945574914238	2.30337353743133	3.6647632935320553
zero_only_0.5	S2_T0_genes_T0_transcripts	C	RPL9	0.1047468668561482	-1.6702000064095555	-1.7749468732657037	2.3046112406667882	3.669454250583396
zero_only_0.5	S2_T0_genes_T0_transcripts	C	RPLP0	0.08157341105368321	-1.663068301184984	-1.7446417122386673	2.319737361647613	3.7003529415870235
zero_only_0.5	S2_T0_genes_T0_transcripts	C	RPLP1	0.08477532084585704	-1.6557853324894731	-1.7405606533353302	2.319143474912901	3.6952960366298995
zero_only_0.5	S2_T0_genes_T0_transcripts	C	RPLP2	0.09571070172584761	-1.6550354123470181	-1.7507461140728657	2.326889428052657	3.690301676532548
zero_only_0.5	S2_T0_genes_T0_transcripts	C	RPS10	0.1273296210889736	-1.6783335956011114	-1.805663216690085	2.3334026184062306	3.745786005855618
zero_only_0.5	S2_T0_genes_T0_transcripts	C	RPS11	0.08343246869998744	-1.65342420690846	-1.7368566756084474	2.321561750203626	3.689935432032259
zero_only_0.5	S2_T0_genes_T0_transcripts	C	RPS12	0.08402484245135788	-1.6735780901470578	-1.7576029325984157	2.3097684739097795	3.7070017013663086
zero_only_0.5	S2_T0_genes_T0_transcripts	C	RPS13	0.07993042345562618	-1.6763777421661872	-1.7563081656218134	2.3206291106612422	3.7068618250869436
zero_only_0.5	S2_T0_genes_T0_transcripts	C	RPS14	0.1220678726050668	-1.6401694699739258	-1.7622373425789926	2.332131723248924	3.6772978123953926
zero_only_0.5	S2_T0_genes_T0_transcripts	C	RPS15	0.08546371545812104	-1.6673476639721438	-1.7528113794302649	2.3171877176697073	3.69528148875325
zero_only_0.5	S2_T0_genes_T0_transcripts	C	RPS15A	0.09894558232817108	-1.6612417131482422	-1.7601872954764133	2.330591413911101	3.6883371390823307
zero_only_0.5	S2_T0_genes_T0_transcripts	C	RPS16	0.066256802327338	-1.644235388678315	-1.710492191005653	2.3413272692214906	3.66882053286269
zero_only_0.5	S2_T0_genes_T0_transcripts	C	RPS17	0.11865385760490099	-1.6681793543302157	-1.7868332119351167	2.3160534701543574	3.713714700627457
zero_only_0.5	S2_T0_genes_T0_transcripts	C	RPS18	0.11215427426355618	-1.682958822827592	-1.7951130970911482	2.3049814472947343	3.6818698411489983
zero_only_0.5	S2_T0_genes_T0_transcripts	C	RPS19	0.07369154132869316	-1.6414710145267972	-1.7151625558554904	2.3239394589641518	3.673304944558346
zero_only_0.5	S2_T0_genes_T0_transcripts	C	RPS2	0.10392319122156923	-1.668693085637162	-1.7726162768587312	2.3339813154901434	3.706376886117768
zero_only_0.5	S2_T0_genes_T0_transcripts	C	RPS20	0.11787397987919945	-1.6305715368768365	-1.748445516756036	2.3133067133675342	3.6594982221919095
zero_only_0.5	S2_T0_genes_T0_transcripts	C	RPS21	0.09725788053640727	-1.6555009162761514	-1.7527587968125586	2.321511750436266	3.694077505511209
zero_only_0.5	S2_T0_genes_T0_transcripts	C	RPS23	0.099245286014777	-1.6483503194649396	-1.7475956054797166	2.2991085136328477	3.6607777084414113
zero_only_0.5	S2_T0_genes_T0_transcripts	C	RPS24	0.05979979542613201	-1.6362554737260604	-1.6960552691521924	2.345295240677189	3.65255844399066
zero_only_0.5	S2_T0_genes_T0_transcripts	C	RPS25	0.1047468668561482	-1.6597584559368195	-1.7645053227929677	2.286883630765504	3.6952688729859307
zero_only_0.5	S2_T0_genes_T0_transcripts	C	RPS26	0.1010431631524451	-1.644378649671515	-1.74542181282396	2.30328958024459	3.6586326428676745
zero_only_0.5	S2_T0_genes_T0_transcripts	C	RPS27	0.09642002251650705	-1.6961088512842224	-1.7925288738007294	2.3845809146573536	3.761193714585303
zero_only_0.5	S2_T0_genes_T0_transcripts	C	RPS27A	0.09363575574503802	-1.6501056201624675	-1.7437413759075056	2.3113357212482395	3.6771898488089363
zero_only_0.5	S2_T0_genes_T0_transcripts	C	RPS27L	0.09397212983121417	-1.6950500607795616	-1.7890221906107757	2.390800183588402	3.7594620121169298
zero_only_0.5	S2_T0_genes_T0_transcripts	C	RPS28	0.06998783762498828	-1.6810935212625995	-1.7510813588875878	2.32490835267184	3.7191164592341286
zero_only_0.5	S2_T0_genes_T0_transcripts	C	RPS29	0.06893060723531619	-1.6845077179137777	-1.753438325149094	2.3696522332533956	3.7341549242222647
zero_only_0.5	S2_T0_genes_T0_transcripts	C	RPS3	0.08327958074493846	-1.674283345476101	-1.7575629262210395	2.348671246342797	3.719532954336936
zero_only_0.5	S2_T0_genes_T0_transcripts	C	RPS3A	0.07857616615074914	-1.6578209106799577	-1.7363970768307069	2.3297248483495543	3.6919926873329048
zero_only_0.5	S2_T0_genes_T0_transcripts	C	RPS4X	0.110902905231125	-1.6584692345388405	-1.7693721397699655	2.333765851891073	3.697498705458928
zero_only_0.5	S2_T0_genes_T0_transcripts	C	RPS4Y1	0.09989434006910525	-1.698023138262203	-1.7979174783313083	2.384946293889126	3.7667066750475953
zero_only_0.5	S2_T0_genes_T0_transcripts	C	RPS4Y2	0.09619149209206057	-1.6966801849410662	-1.7928716770331268	2.3888517149844164	3.7641394935370798
zero_only_0.5	S2_T0_genes_T0_transcripts	C	RPS5	0.0870520239722099	-1.647225592093343	-1.7342776160655529	2.3209114204885846	3.6580993699800457
zero_only_0.5	S2_T0_genes_T0_transcripts	C	RPS6	0.11767965610181275	-1.6468769751617462	-1.764556631263559	2.3074476464963913	3.6690422493749097
zero_only_0.5	S2_T0_genes_T0_transcripts	C	RPS7	0.10183621798708486	-1.671411487153748	-1.7732477051408329	2.327990303518164	3.7075459886051596
zero_only_0.5	S2_T0_genes_T0_transcripts	C	RPS8	0.09844894197414522	-1.6480245872454011	-1.7464735292195464	2.310800156342266	3.6663389198042764
zero_only_0.5	S2_T0_genes_T0_transcripts	C	RPS9	0.09878035682187392	-1.654648244346944	-1.7534286011688178	2.325397189441589	3.682440410360509
zero_only_0.5	S2_T0_genes_T0_transcripts	C	RPSA	0.0958022835254857	-1.660285106210631	-1.7560873897361167	2.3134785981266375	3.67023123392773
zero_only_0.5	S2_T0_genes_T0_transcripts	C	UBA52	0.1004367148369063	-1.6701062794375319	-1.7705429942744382	2.339305317255249	3.72143032867867
count_plus_1	S0_old_genes_old_transcripts	M	AURKAIP1	0.2400498157119817	1.0756328250313711	0.8355830093193894	-1.9052420142788717	-1.129134007883455
count_plus_1	S0_old_genes_old_transcripts	M	CHCHD1	0.2265607644225598	1.0858286746587542	0.8592679102361944	-1.9315186548423908	-1.1444111026794923
count_plus_1	S0_old_genes_old_transcripts	M	DAP3	0.2241209490274274	1.0758365001267511	0.8517155510993237	-1.9082782778991652	-1.131053873074079
count_plus_1	S0_old_genes_old_transcripts	M	ERAL1	0.2238473953160678	1.07808190301662	0.8542345077005522	-1.9142704094834015	-1.135973309381037
count_plus_1	S0_old_genes_old_transcripts	M	GADD45GIP1	0.2226798945897519	1.0761502496854232	0.8534703550956713	-1.9090441601254862	-1.1340797277257244
count_plus_1	S0_old_genes_old_transcripts	M	GFM1	0.22555814507068073	1.1031499822541322	0.8775918371834515	-1.915087247558016	-1.1257397166807515
count_plus_1	S0_old_genes_old_transcripts	M	GFM2	0.2233265450877806	1.0804853553886375	0.8571588103008569	-1.9138788916175344	-1.1422263133729176
count_plus_1	S0_old_genes_old_transcripts	M	MALSU1	0.22646138787920744	1.0754323835653787	0.8489709956861713	-1.910006053506983	-1.1346000458672472
count_plus_1	S0_old_genes_old_transcripts	M	MIEF1	0.22525869391574593	1.0922544498389757	0.8669957559232297	-1.9265297918497977	-1.1502110149202505
count_plus_1	S0_old_genes_old_transcripts	M	MRPL1	0.22265599898890764	1.0821077332836757	0.8594517342947681	-1.9170468818050188	-1.1427858808954285
count_plus_1	S0_old_genes_old_transcripts	M	MRPL10	0.21229568837114599	1.0778104793626146	0.8655147909914687	-1.904041689472839	-1.132490335135576
count_plus_1	S0_old_genes_old_transcripts	M	MRPL11	0.22966088066867085	1.074836113670258	0.8451752330015871	-1.9109510939315497	-1.1311632993663243
count_plus_1	S0_old_genes_old_transcripts	M	MRPL13	0.22493579466767244	1.0702942143377947	0.8453584196701223	-1.9050446997019843	-1.1235430945380243
count_plus_1	S0_old_genes_old_transcripts	M	MRPL14	0.22814484095142396	1.0813838010591725	0.8532389601077486	-1.91314668982639	-1.13771632170485
count_plus_1	S0_old_genes_old_transcripts	M	MRPL15	0.2224720845616528	1.0729131548964788	0.850441070334826	-1.9099476698641153	-1.129699405514789
count_plus_1	S0_old_genes_old_transcripts	M	MRPL16	0.2221269375531778	1.0810112314138227	0.8588842938606449	-1.9159930616386958	-1.140818815472418
count_plus_1	S0_old_genes_old_transcripts	M	MRPL17	0.22743710679556517	1.076967936256379	0.8495308294608139	-1.9109594611293268	-1.1302609775588532
count_plus_1	S0_old_genes_old_transcripts	M	MRPL18	0.2269846692812958	1.075119597572225	0.8481349282909292	-1.904705467976136	-1.1267493791598242
count_plus_1	S0_old_genes_old_transcripts	M	MRPL19	0.2105320100169077	1.0699280135517286	0.8593960035348209	-1.8806519688908365	-1.1166544286080264
count_plus_1	S0_old_genes_old_transcripts	M	MRPL2	0.2304657999987556	1.0755532988911858	0.8450874988924302	-1.9101988410899442	-1.131445110012337
count_plus_1	S0_old_genes_old_transcripts	M	MRPL20	0.21765314119691603	1.0795081513234632	0.8618550101265472	-1.9080360216352403	-1.1317352545594739
count_plus_1	S0_old_genes_old_transcripts	M	MRPL22	0.21673982216017484	1.077185429235975	0.8604456070758002	-1.9018659807792488	-1.1263913375224004
count_plus_1	S0_old_genes_old_transcripts	M	MRPL23	0.22454661564041256	1.0770154988497558	0.8524688832093432	-1.9085245482744555	-1.1302901653739172
count_plus_1	S0_old_genes_old_transcripts	M	MRPL24	0.21902566701000992	1.0757640372938484	0.8567383702838385	-1.9066464339925124	-1.1304704065619908
count_plus_1	S0_old_genes_old_transcripts	M	MRPL27	0.22014946579247785	1.0719111432345771	0.8517616774420993	-1.9077561050623975	-1.1253904950918905
count_plus_1	S0_old_genes_old_transcripts	M	MRPL28	0.22883370423851224	1.0771447471071547	0.8483110428686425	-1.9057831587545269	-1.136089689077437
count_plus_1	S0_old_genes_old_transcripts	M	MRPL3	0.2223637727740695	1.0764009133075327	0.8540371405334632	-1.9136383545482742	-1.1302145160947887
count_plus_1	S0_old_genes_old_transcripts	M	MRPL30	0.2208725070835711	1.0859536608996083	0.8650811538160372	-1.9322781764504044	-1.1435200295599373
count_plus_1	S0_old_genes_old_transcripts	M	MRPL32	0.2258806870368013	1.0776754104006812	0.8517947233638798	-1.9106826937268537	-1.1378219764937416
count_plus_1	S0_old_genes_old_transcripts	M	MRPL33	0.220197503185108	1.0796243374158447	0.8594268342307367	-1.914194120433094	-1.1406619863833185
count_plus_1	S0_old_genes_old_transcripts	M	MRPL35	0.2311962330484918	1.0699092215629942	0.8387129885145024	-1.9072193050714161	-1.1247311991900948
count_plus_1	S0_old_genes_old_transcripts	M	MRPL36	0.22287514723147028	1.0736459366359865	0.8507707894045162	-1.9114365981522428	-1.1305423769449343
count_plus_1	S0_old_genes_old_transcripts	M	MRPL37	0.2177203306336708	1.0748988052103534	0.8571784745766826	-1.906066753074941	-1.1319868945818228
count_plus_1	S0_old_genes_old_transcripts	M	MRPL38	0.22922468670375928	1.0816318685246147	0.8524071818208554	-1.9141946679978323	-1.140634564292748
count_plus_1	S0_old_genes_old_transcripts	M	MRPL39	0.22211038832734697	1.0743736300225624	0.8522632416952154	-1.9096473967425514	-1.1281609157512662
count_plus_1	S0_old_genes_old_transcripts	M	MRPL4	0.22248944538354842	1.0774468946674667	0.8549574492839183	-1.9106996207167848	-1.130150842266817
count_plus_1	S0_old_genes_old_transcripts	M	MRPL40	0.22317372014177628	1.0802216665969315	0.8570479464551553	-1.9165496748194424	-1.1407644066699896
count_plus_1	S0_old_genes_old_transcripts	M	MRPL41	0.21490843991662922	1.0758169212145687	0.8609084812979395	-1.899078417651826	-1.1268880868752948
count_plus_1	S0_old_genes_old_transcripts	M	MRPL42	0.22319562119093894	1.0723845201171218	0.8491888989261829	-1.9066688349483814	-1.1281264992258282
count_plus_1	S0_old_genes_old_transcripts	M	MRPL43	0.22545680677231328	1.0771311896233047	0.8516743828509914	-1.9118317116293193	-1.1334377098907342
count_plus_1	S0_old_genes_old_transcripts	M	MRPL44	0.22540169587577252	1.08029240451001	0.8548907086342374	-1.9164060703561614	-1.1380666228827043
count_plus_1	S0_old_genes_old_transcripts	M	MRPL45	0.22617498162894756	1.093730636892586	0.8675556552636385	-1.932829174030676	-1.1581073835486237
count_plus_1	S0_old_genes_old_transcripts	M	MRPL46	0.22243551041541587	1.0773074611273643	0.8548719507119484	-1.9099618492584427	-1.127485426626004
count_plus_1	S0_old_genes_old_transcripts	M	MRPL47	0.22819671807440423	1.0800092862355621	0.8518125681611579	-1.9173440309455427	-1.1438534691556574
count_plus_1	S0_old_genes_old_transcripts	M	MRPL48	0.22561758574165847	1.0731189335830966	0.8475013478414382	-1.9077975849245348	-1.131345984040322
count_plus_1	S0_old_genes_old_transcripts	M	MRPL50	0.22083983539784846	1.0800837299910175	0.8592438945931691	-1.9157053299038358	-1.1351809714558008
count_plus_1	S0_old_genes_old_transcripts	M	MRPL51	0.22928689242179612	1.0760827726710769	0.8467958802492808	-1.9162467156101974	-1.1340733430170928
count_plus_1	S0_old_genes_old_transcripts	M	MRPL52	0.22283623801696772	1.0763958209189002	0.8535595829019325	-1.9157897073067052	-1.1331011029924987
count_plus_1	S0_old_genes_old_transcripts	M	MRPL53	0.22590126450444847	1.081796097455549	0.8558948329511005	-1.922565173931122	-1.1411187725161853
count_plus_1	S0_old_genes_old_transcripts	M	MRPL54	0.2217085141780013	1.0807173331653326	0.8590088189873313	-1.9108690320823492	-1.1391269197313538
count_plus_1	S0_old_genes_old_transcripts	M	MRPL55	0.21706102698519336	1.0745238162550514	0.8574627892698581	-1.9041677447697565	-1.1308275525900808
count_plus_1	S0_old_genes_old_transcripts	M	MRPL9	0.22087184375179492	1.0741238586268353	0.8532520148750404	-1.9078294731449548	-1.1293622010307764
count_plus_1	S0_old_genes_old_transcripts	M	MRPS10	0.2232693973232447	1.0787939386382515	0.8555245413150068	-1.9159049729417545	-1.1364458307860046
count_plus_1	S0_old_genes_old_transcripts	M	MRPS11	0.22116854274574949	1.0723710233518284	0.851202480606079	-1.9090194885491814	-1.1309963222814468
count_plus_1	S0_old_genes_old_transcripts	M	MRPS12	0.21632616956473005	1.0806450988613978	0.8643189292966678	-1.9109358407729955	-1.1401056938301366
count_plus_1	S0_old_genes_old_transcripts	M	MRPS14	0.22551709429786548	1.0729867030054452	0.8474696087075797	-1.8801835757456038	-1.1087287645938728
count_plus_1	S0_old_genes_old_transcripts	M	MRPS15	0.2223628078293547	1.0728288676295907	0.850466059800236	-1.9094579461229082	-1.128975647133976
count_plus_1	S0_old_genes_old_transcripts	M	MRPS16	0.22180707159838065	1.0847026030019769	0.8628955314035962	-1.9137533660355903	-1.136339478722956
count_plus_1	S0_old_genes_old_transcripts	M	MRPS17	0.22442901097818768	1.0737531583005497	0.849324147322362	-1.910166046737756	-1.1321010732661545
count_plus_1	S0_old_genes_old_transcripts	M	MRPS18A	0.2180717797004701	1.0686149602975306	0.8505431805970605	-1.903069553463735	-1.1258770545632146
count_plus_1	S0_old_genes_old_transcripts	M	MRPS18B	0.2243330694838752	1.0745186616095288	0.8501855921256536	-1.9153340487089616	-1.1311775980744154
count_plus_1	S0_old_genes_old_transcripts	M	MRPS18C	0.2250176329207645	1.0747301020198758	0.8497124690991114	-1.9118072863342077	-1.1287047690265406
count_plus_1	S0_old_genes_old_transcripts	M	MRPS2	0.22014155878074648	1.0909120532417507	0.8707704944610042	-1.9190688752970322	-1.1511163644927849
count_plus_1	S0_old_genes_old_transcripts	M	MRPS21	0.2237086200133609	1.0759351687132148	0.8522265486998539	-1.914136224132677	-1.1296748741361045
count_plus_1	S0_old_genes_old_transcripts	M	MRPS22	0.22157820546024531	1.0745292181699178	0.8529510127096724	-1.912461508148165	-1.1305175112519061
count_plus_1	S0_old_genes_old_transcripts	M	MRPS23	0.22030005459235924	1.0765772532382283	0.856277198645869	-1.9081554449192821	-1.132755529457245
count_plus_1	S0_old_genes_old_transcripts	M	MRPS24	0.2284468853582815	1.074994138974659	0.8465472536163774	-1.9126497257442872	-1.1337963282327492
count_plus_1	S0_old_genes_old_transcripts	M	MRPS25	0.21998262758175713	1.0746658497448673	0.8546832221631102	-1.909794937735532	-1.130074384476081
count_plus_1	S0_old_genes_old_transcripts	M	MRPS26	0.22515559056928391	1.0717253000680595	0.8465697094987756	-1.9056862910468086	-1.12941404572243
count_plus_1	S0_old_genes_old_transcripts	M	MRPS27	0.22348491129292825	1.0725307330968938	0.8490458218039656	-1.9127407659261446	-1.1279549165147658
count_plus_1	S0_old_genes_old_transcripts	M	MRPS28	0.22417309056118584	1.0777567244318038	0.853583633870618	-1.9053053294320372	-1.127171673688463
count_plus_1	S0_old_genes_old_transcripts	M	MRPS30	0.22059701807614074	1.0738302338592727	0.8532332157831319	-1.9034970438961685	-1.1244575647898465
count_plus_1	S0_old_genes_old_transcripts	M	MRPS31	0.22758840792729673	1.0809042029884217	0.853315795061125	-1.917833234191036	-1.1356821144370186
count_plus_1	S0_old_genes_old_transcripts	M	MRPS33	0.21877402109886734	1.0596225672680346	0.8408485461691673	-1.8797713222045258	-1.1006145928032538
count_plus_1	S0_old_genes_old_transcripts	M	MRPS34	0.21401089608704038	1.0775755393074324	0.8635646432203921	-1.8890994781585655	-1.1239877781187155
count_plus_1	S0_old_genes_old_transcripts	M	MRPS35	0.22526974868720306	1.0720331510123113	0.8467634023251083	-1.9086398666363376	-1.1264139223608192
count_plus_1	S0_old_genes_old_transcripts	M	MRPS5	0.21946526551311885	1.0738424127726383	0.8543771472595194	-1.9115279895329196	-1.130281866859764
count_plus_1	S0_old_genes_old_transcripts	M	MRPS6	0.22359942473729233	1.081512208851295	0.8579127841140026	-1.9179328863640228	-1.1417659954472947
count_plus_1	S0_old_genes_old_transcripts	M	MRPS7	0.22249100530753463	1.0836016856525843	0.8611106803450497	-1.9280790106112673	-1.1491149201997777
count_plus_1	S0_old_genes_old_transcripts	M	MRPS9	0.21705293928399438	1.0695003589221725	0.8524474196381782	-1.9048955479286485	-1.1282467397395506
count_plus_1	S0_old_genes_old_transcripts	M	MRRF	0.222642598007591	1.0937950228358688	0.8711524248282778	-1.936170188281689	-1.1541766153083493
count_plus_1	S0_old_genes_old_transcripts	M	MTFMT	0.22521342460304727	1.0848012548918402	0.8595878302887929	-1.9287426948811464	-1.1474780560179638
count_plus_1	S0_old_genes_old_transcripts	M	MTIF2	0.2258884535480814	1.082995961311085	0.8571075077630037	-1.91945878314577	-1.1456201256387732
count_plus_1	S0_old_genes_old_transcripts	M	MTIF3	0.23078645502625372	1.0800293924423747	0.849242937416121	-1.8894557825371117	-1.125586283373183
count_plus_1	S0_old_genes_old_transcripts	M	MTRF1	0.2259589943775202	1.0937573895433739	0.8677983951658537	-1.9360798399631944	-1.1518381209852464
count_plus_1	S0_old_genes_old_transcripts	M	MTRF1L	0.22571811606943082	1.075580667442725	0.8498625513732943	-1.9101001180257222	-1.1306468076877465
count_plus_1	S0_old_genes_old_transcripts	M	PTCD3	0.22674004861962715	1.0777732465663066	0.8510331979466794	-1.9148015231690212	-1.1408496832494508
count_plus_1	S0_old_genes_old_transcripts	M	TSFM	0.22303483497340082	1.0757223436118193	0.8526875086384185	-1.9104992983930051	-1.1301338874615978
count_plus_1	S0_old_genes_old_transcripts	M	TUFM	0.2191741376463423	1.0751454432014886	0.8559713055551463	-1.9065960422483839	-1.1310898449291957
count_plus_1	S0_old_genes_old_transcripts	C	EEF1A1	0.3200594541207842	1.102751051132563	0.7826915970117789	-2.032536705341164	-1.2430693361061498
count_plus_1	S0_old_genes_old_transcripts	C	EEF1A2	0.22752534045601513	1.080410442421336	0.852885101965321	-1.880504477118104	-1.1154255983730446
count_plus_1	S0_old_genes_old_transcripts	C	EEF1B2	0.221653244099141	1.076172216327353	0.854518972228212	-1.9168309290534586	-1.1122740394691615
count_plus_1	S0_old_genes_old_transcripts	C	EEF1D	0.2165056412549773	1.0779356503443407	0.8614300090893634	-1.8787014490426643	-1.129439576619753
count_plus_1	S0_old_genes_old_transcripts	C	EEF2	0.22878754457818573	1.06181032537046	0.8330227807922743	-1.8935303350968566	-1.0921280431451783
count_plus_1	S0_old_genes_old_transcripts	C	RPL10L	0.2318867165418388	1.0633414796263956	0.8314547630845568	-1.8773212480691486	-1.0977951153158683
count_plus_1	S0_old_genes_old_transcripts	C	RPL13A	0.220414091248766	1.1252559863045293	0.9048418950557633	-1.9013405872170828	-1.2023096047536104
count_plus_1	S0_old_genes_old_transcripts	C	RPL22	0.2268865017703292	1.0833987348204976	0.8565122330501684	-1.8886295205288008	-1.1227820591891935
count_plus_1	S0_old_genes_old_transcripts	C	RPL22L1	0.21055944916853875	1.078005352518434	0.8674459033498954	-2.0070901581022236	-1.1843784511624869
count_plus_1	S0_old_genes_old_transcripts	C	RPL26L1	0.2286849588757338	1.0701362988058087	0.8414513399300749	-1.8889509074568336	-1.1239758162614217
count_plus_1	S0_old_genes_old_transcripts	C	RPL28	0.2154968775685422	1.1042601564720202	0.8887632789034781	-1.9943042304590408	-1.1852256891342297
count_plus_1	S0_old_genes_old_transcripts	C	RPL29	0.17572467009100645	1.1202687233841655	0.944544053293159	-2.015144300832024	-1.2410111996821125
count_plus_1	S0_old_genes_old_transcripts	C	RPL36AL	0.21960488138843282	1.0779784073000926	0.8583735259116598	-1.9023117081674932	-1.141346415099724
count_plus_1	S0_old_genes_old_transcripts	C	RPL39L	0.23469550926758287	1.0773652867012598	0.8426697774336769	-1.885311626123246	-1.1244653569907892
count_plus_1	S0_old_genes_old_transcripts	C	RPL3L	0.22140315222631024	1.079794774601067	0.8583916223747567	-1.8530106514582931	-1.1155089054796474
count_plus_1	S0_old_genes_old_transcripts	C	RPL41	0.221954430269099	1.0535876066615757	0.8316331763924767	-1.9260925548116985	-1.112849053664723
count_plus_1	S0_old_genes_old_transcripts	C	RPS27	0.22127217103960573	1.0681789166827675	0.8469067456431618	-1.8939904064539672	-1.1102685629122722
count_plus_1	S0_old_genes_old_transcripts	C	RPS27L	0.21125923071892094	1.0725125480310718	0.8612533173121508	-1.8685597828383183	-1.117354131718062
count_plus_1	S0_old_genes_old_transcripts	C	RPS29	0.2099461230385682	1.070339724818973	0.8603936017804048	-1.876762263907358	-1.1000514899044873
count_plus_1	S0_old_genes_old_transcripts	C	RPS3	0.19658030646014302	1.0318628861998316	0.8352825797396886	-1.8491161329072006	-1.0794016338577084
count_plus_1	S0_old_genes_old_transcripts	C	RPS4Y1	0.23547474663689405	1.0603698669521187	0.8248951203152246	-1.892508986570756	-1.0877653509809724
count_plus_1	S0_old_genes_old_transcripts	C	RPS4Y2	0.22033821944114718	1.065853117353953	0.8455148979128058	-1.876539557548026	-1.0982417298180018
count_plus_1	S0_old_genes_old_transcripts	C	UBA52	0.2192128733160803	1.0867763959619037	0.8675635226458234	-1.9566676988635137	-1.1305457049426584
count_plus_1	S1_old_genes_T0_transcripts	M	AURKAIP1	0.28337127995164024	0.7823554060170129	0.4989841260653727	-1.2883795869692316	-0.5265149404005072
count_plus_1	S1_old_genes_T0_transcripts	M	CHCHD1	0.2698822286622182	0.7925512556443959	0.5226690269821777	-1.3146562275327507	-0.5417920351965444
count_plus_1	S1_old_genes_T0_transcripts	M	DAP3	0.26744241326708607	0.7825590811123931	0.5151166678453071	-1.291415850589525	-0.5284348055911311
count_plus_1	S1_old_genes_T0_transcripts	M	ERAL1	0.267168859555726	0.7848044840022619	0.5176356244465359	-1.2974079821737614	-0.533354241898089
count_plus_1	S1_old_genes_T0_transcripts	M	GADD45GIP1	0.26600135882941056	0.7828728306710651	0.5168714718416545	-1.292181732815846	-0.5314606602427766
count_plus_1	S1_old_genes_T0_transcripts	M	GFM1	0.2688796093103393	0.8098725632397741	0.5409929539294348	-1.2982248202483757	-0.5231206491978035
count_plus_1	S1_old_genes_T0_transcripts	M	GFM2	0.26664800932743926	0.7872079363742797	0.5205599270468404	-1.297016464307894	-0.5396072458899697
count_plus_1	S1_old_genes_T0_transcripts	M	MALSU1	0.2697828521188659	0.7821549645510206	0.5123721124321547	-1.2931436261973426	-0.5319809783842991
count_plus_1	S1_old_genes_T0_transcripts	M	MIEF1	0.26858015815540437	0.7989770308246177	0.5303968726692133	-1.3096673645401575	-0.5475919474373027
count_plus_1	S1_old_genes_T0_transcripts	M	MRPL1	0.2659774632285661	0.7888303142693178	0.5228528510407517	-1.3001844544953787	-0.5401668134124806
count_plus_1	S1_old_genes_T0_transcripts	M	MRPL10	0.2556171526108043	0.7845330603482564	0.5289159077374521	-1.2871792621631988	-0.529871267652628
count_plus_1	S1_old_genes_T0_transcripts	M	MRPL11	0.2729823449083292	0.7815586946559001	0.5085763497475709	-1.2940886666219094	-0.5285442318833764
count_plus_1	S1_old_genes_T0_transcripts	M	MRPL13	0.2682572589073311	0.7770167953234365	0.5087595364161054	-1.2881822723923442	-0.5209240270550765
count_plus_1	S1_old_genes_T0_transcripts	M	MRPL14	0.2714663051910824	0.7881063820448143	0.5166400768537319	-1.2962842625167499	-0.5350972542219022
count_plus_1	S1_old_genes_T0_transcripts	M	MRPL15	0.26579354880131123	0.7796357358821207	0.5138421870808094	-1.293085242554475	-0.5270803380318412
count_plus_1	S1_old_genes_T0_transcripts	M	MRPL16	0.26544840179283635	0.7877338123994647	0.5222854106066284	-1.2991306343290554	-0.53819974798947
count_plus_1	S1_old_genes_T0_transcripts	M	MRPL17	0.2707585710352234	0.7836905172420212	0.5129319462067978	-1.2940970338196864	-0.5276419100759054
count_plus_1	S1_old_genes_T0_transcripts	M	MRPL18	0.27030613352095423	0.7818421785578666	0.5115360450369124	-1.2878430406664956	-0.5241303116768762
count_plus_1	S1_old_genes_T0_transcripts	M	MRPL19	0.25385347425656624	0.7766505945373706	0.5227971202808044	-1.2637895415811964	-0.5140353611250784
count_plus_1	S1_old_genes_T0_transcripts	M	MRPL2	0.27378726423841415	0.7822758798768277	0.5084886156384135	-1.293336413780304	-0.5288260425293893
count_plus_1	S1_old_genes_T0_transcripts	M	MRPL20	0.26097460543657436	0.7862307323091051	0.5252561268725308	-1.2911735943256	-0.5291161870765262
count_plus_1	S1_old_genes_T0_transcripts	M	MRPL22	0.2600612863998335	0.783908010221617	0.5238467238217835	-1.2850035534696087	-0.5237722700394526
count_plus_1	S1_old_genes_T0_transcripts	M	MRPL23	0.2678680798800711	0.7837380798353977	0.5158699999553266	-1.2916621209648154	-0.5276710978909692
count_plus_1	S1_old_genes_T0_transcripts	M	MRPL24	0.26234713124966846	0.7824866182794904	0.5201394870298219	-1.289784006682872	-0.5278513390790429
count_plus_1	S1_old_genes_T0_transcripts	M	MRPL27	0.2634709300321363	0.778633724220219	0.5151627941880828	-1.2908936777527573	-0.5227714276089427
count_plus_1	S1_old_genes_T0_transcripts	M	MRPL28	0.2721551684781708	0.7838673280927966	0.5117121596146258	-1.2889207314448867	-0.533470621594489
count_plus_1	S1_old_genes_T0_transcripts	M	MRPL3	0.26568523701372815	0.7831234942931747	0.5174382572794466	-1.296775927238634	-0.5275954486118408
count_plus_1	S1_old_genes_T0_transcripts	M	MRPL30	0.2641939713232295	0.79267624188525	0.5284822705620205	-1.3154157491407643	-0.5409009620769892
count_plus_1	S1_old_genes_T0_transcripts	M	MRPL32	0.26920215127645986	0.784397991386323	0.5151958401098632	-1.2938202664172136	-0.5352029090107937
count_plus_1	S1_old_genes_T0_transcripts	M	MRPL33	0.26351896742476655	0.7863469184014864	0.5228279509767199	-1.2973316931234538	-0.5380429189003706
count_plus_1	S1_old_genes_T0_transcripts	M	MRPL35	0.27451769728815056	0.776631802548636	0.5021141052604854	-1.290356877761776	-0.5221121317071468
count_plus_1	S1_old_genes_T0_transcripts	M	MRPL36	0.26619661147112905	0.7803685176216284	0.5141719061504993	-1.2945741708426026	-0.5279233094619864
count_plus_1	S1_old_genes_T0_transcripts	M	MRPL37	0.26104179487332946	0.7816213861959952	0.5205795913226657	-1.2892043257653008	-0.5293678270988748
count_plus_1	S1_old_genes_T0_transcripts	M	MRPL38	0.27254615094341805	0.7883544495102566	0.5158082985668385	-1.2973322406881924	-0.5380154968098002
count_plus_1	S1_old_genes_T0_transcripts	M	MRPL39	0.26543185256700563	0.7810962110082041	0.5156643584411985	-1.2927849694329114	-0.5255418482683184
count_plus_1	S1_old_genes_T0_transcripts	M	MRPL4	0.2658109096232071	0.7841694756531085	0.5183585660299014	-1.2938371934071446	-0.527531774783869
count_plus_1	S1_old_genes_T0_transcripts	M	MRPL40	0.2664951843814347	0.7869442475825734	0.5204490632011387	-1.299687247509802	-0.5381453391870418
count_plus_1	S1_old_genes_T0_transcripts	M	MRPL41	0.25822990415628755	0.7825395022002106	0.5243095980439231	-1.282215990342186	-0.524269019392347
count_plus_1	S1_old_genes_T0_transcripts	M	MRPL42	0.2665170854305974	0.7791071011027636	0.5125900156721662	-1.289806407638741	-0.5255074317428805
count_plus_1	S1_old_genes_T0_transcripts	M	MRPL43	0.2687782710119715	0.7838537706089468	0.5150754995969753	-1.294969284319679	-0.5308186424077864
count_plus_1	S1_old_genes_T0_transcripts	M	MRPL44	0.26872316011543107	0.7870149854956519	0.5182918253802208	-1.2995436430465213	-0.5354475553997566
count_plus_1	S1_old_genes_T0_transcripts	M	MRPL45	0.2694964458686062	0.8004532178782279	0.5309567720096217	-1.315966746721036	-0.555488316065676
count_plus_1	S1_old_genes_T0_transcripts	M	MRPL46	0.26575697465507453	0.7840300421130061	0.5182730674579316	-1.2930994219488023	-0.524866359143056
count_plus_1	S1_old_genes_T0_transcripts	M	MRPL47	0.271518182314063	0.786731867221204	0.515213684907141	-1.3004816036359026	-0.5412344016727095
count_plus_1	S1_old_genes_T0_transcripts	M	MRPL48	0.2689390499813171	0.7798415145687383	0.5109024645874212	-1.2909351576148946	-0.528726916557374
count_plus_1	S1_old_genes_T0_transcripts	M	MRPL50	0.264161299637507	0.7868063109766593	0.5226450113391523	-1.2988429025941954	-0.5325619039728531
count_plus_1	S1_old_genes_T0_transcripts	M	MRPL51	0.27260835666145455	0.7828053536567185	0.510196996995264	-1.299384288300557	-0.531454275534145
count_plus_1	S1_old_genes_T0_transcripts	M	MRPL52	0.26615770225662616	0.783118401904542	0.5169606996479158	-1.2989272799970648	-0.5304820355095508
count_plus_1	S1_old_genes_T0_transcripts	M	MRPL53	0.2692227287441069	0.7885186784411908	0.5192959496970839	-1.305702746621482	-0.5384997050332374
count_plus_1	S1_old_genes_T0_transcripts	M	MRPL54	0.26502997841765974	0.7874399141509745	0.5224099357333147	-1.2940066047727088	-0.5365078522484059
count_plus_1	S1_old_genes_T0_transcripts	M	MRPL55	0.26038249122485213	0.7812463972406932	0.5208639060158411	-1.2873053174601163	-0.5282084851071329
count_plus_1	S1_old_genes_T0_transcripts	M	MRPL9	0.26419330799145335	0.7808464396124771	0.5166531316210238	-1.2909670458353144	-0.5267431335478285
count_plus_1	S1_old_genes_T0_transcripts	M	MRPS10	0.26659086156290324	0.7855165196238932	0.51892565806099	-1.2990425456321142	-0.5338267633030567
count_plus_1	S1_old_genes_T0_transcripts	M	MRPS11	0.26449000698540803	0.7790936043374701	0.5146035973520621	-1.2921570612395412	-0.528377254798499
count_plus_1	S1_old_genes_T0_transcripts	M	MRPS12	0.2596476338043887	0.7873676798470398	0.5277200460426511	-1.2940734134633554	-0.5374866263471887
count_plus_1	S1_old_genes_T0_transcripts	M	MRPS14	0.2688385585375239	0.7797092839910871	0.5108707254535632	-1.2633211484359634	-0.5061096971109249
count_plus_1	S1_old_genes_T0_transcripts	M	MRPS15	0.2656842720690131	0.7795514486152324	0.5138671765462193	-1.2925955188132678	-0.5263565796510281
count_plus_1	S1_old_genes_T0_transcripts	M	MRPS16	0.2651285358380392	0.7914251839876187	0.5262966481495795	-1.2968909387259502	-0.5337204112400081
count_plus_1	S1_old_genes_T0_transcripts	M	MRPS17	0.2677504752178461	0.7804757392861915	0.5127252640683454	-1.2933036194281156	-0.5294820057832066
count_plus_1	S1_old_genes_T0_transcripts	M	MRPS18A	0.2613932439401284	0.7753375412831723	0.5139442973430439	-1.2862071261540948	-0.5232579870802668
count_plus_1	S1_old_genes_T0_transcripts	M	MRPS18B	0.26765453372353365	0.7812412425951707	0.513586708871637	-1.2984716213993215	-0.5285585305914675
count_plus_1	S1_old_genes_T0_transcripts	M	MRPS18C	0.26833909716042326	0.7814526830055177	0.5131135858450945	-1.2949448590245676	-0.5260857015435926
count_plus_1	S1_old_genes_T0_transcripts	M	MRPS2	0.26346302302040536	0.7976346342273924	0.5341716112069871	-1.302206447987392	-0.5484972970098368
count_plus_1	S1_old_genes_T0_transcripts	M	MRPS21	0.2670300842530191	0.7826577496988567	0.5156276654458376	-1.2972737968230366	-0.5270558066531564
count_plus_1	S1_old_genes_T0_transcripts	M	MRPS22	0.26489966969990375	0.7812517991555596	0.5163521294556559	-1.295599080838525	-0.5278984437689582
count_plus_1	S1_old_genes_T0_transcripts	M	MRPS23	0.2636215188320178	0.7832998342238702	0.5196783153918524	-1.2912930176096418	-0.5301364619742971
count_plus_1	S1_old_genes_T0_transcripts	M	MRPS24	0.27176834959793994	0.7817167199603007	0.5099483703623607	-1.2957872984346468	-0.5311772607498014
count_plus_1	S1_old_genes_T0_transcripts	M	MRPS25	0.2633040918214157	0.7813884307305092	0.5180843389090936	-1.2929325104258917	-0.527455316993133
count_plus_1	S1_old_genes_T0_transcripts	M	MRPS26	0.26847705480894235	0.7784478810537014	0.5099708262447591	-1.2888238637371683	-0.5267949782394823
count_plus_1	S1_old_genes_T0_transcripts	M	MRPS27	0.2668063755325868	0.7792533140825357	0.5124469385499489	-1.2958783386165045	-0.525335849031818
count_plus_1	S1_old_genes_T0_transcripts	M	MRPS28	0.26749455480084416	0.7844793054174459	0.5169847506166018	-1.288442902122397	-0.524552606205515
count_plus_1	S1_old_genes_T0_transcripts	M	MRPS30	0.2639184823157992	0.7805528148449147	0.5166343325291155	-1.2866346165865283	-0.5218384973068986
count_plus_1	S1_old_genes_T0_transcripts	M	MRPS31	0.27090987216695517	0.7876267839740635	0.5167169118071083	-1.3009708068813959	-0.5330630469540708
count_plus_1	S1_old_genes_T0_transcripts	M	MRPS33	0.26209548533852556	0.7663451482536765	0.5042496629151509	-1.2629088948948854	-0.49799552532030594
count_plus_1	S1_old_genes_T0_transcripts	M	MRPS34	0.2573323603266987	0.7842981202930742	0.5269657599663755	-1.2722370508489251	-0.5213687106357677
count_plus_1	S1_old_genes_T0_transcripts	M	MRPS35	0.2685912129268616	0.7787557319979531	0.5101645190710915	-1.2917774393266974	-0.5237948548778714
count_plus_1	S1_old_genes_T0_transcripts	M	MRPS5	0.2627867297527775	0.7805649937582801	0.5177782640055026	-1.2946655622232797	-0.5276627993768163
count_plus_1	S1_old_genes_T0_transcripts	M	MRPS6	0.266920888976951	0.788234789836937	0.521313900859986	-1.3010704590543827	-0.5391469279643468
count_plus_1	S1_old_genes_T0_transcripts	M	MRPS7	0.26581246954719306	0.7903242666382261	0.524511797091033	-1.311216583301627	-0.5464958527168298
count_plus_1	S1_old_genes_T0_transcripts	M	MRPS9	0.2603744035236526	0.7762229399078144	0.5158485363841618	-1.288033120619008	-0.5256276722566028
count_plus_1	S1_old_genes_T0_transcripts	M	MRRF	0.26596406224724933	0.8005176038215105	0.5345535415742612	-1.3193077609720487	-0.5515575478254011
count_plus_1	S1_old_genes_T0_transcripts	M	MTFMT	0.2685348888427058	0.7915238358774821	0.5229889470347763	-1.3118802675715062	-0.544858988535016
count_plus_1	S1_old_genes_T0_transcripts	M	MTIF2	0.26920991778773995	0.789718542296727	0.520508624508987	-1.3025963558361298	-0.5430010581558254
count_plus_1	S1_old_genes_T0_transcripts	M	MTIF3	0.27410791926591227	0.7867519734280165	0.5126440541621042	-1.2725933552274715	-0.522967215890235
count_plus_1	S1_old_genes_T0_transcripts	M	MTRF1	0.26928045861717886	0.8004799705290159	0.531199511911837	-1.3192174126535543	-0.5492190535022987
count_plus_1	S1_old_genes_T0_transcripts	M	MTRF1L	0.26903958030908937	0.7823032484283672	0.5132636681192778	-1.293237690716082	-0.5280277402047986
count_plus_1	S1_old_genes_T0_transcripts	M	PTCD3	0.2700615128592857	0.7844958275519484	0.5144343146926627	-1.2979390958593808	-0.5382306157665029
count_plus_1	S1_old_genes_T0_transcripts	M	TSFM	0.26635629921305926	0.7824449245974611	0.5160886253844018	-1.2936368710833648	-0.5275148199786498
count_plus_1	S1_old_genes_T0_transcripts	M	TUFM	0.26249560188600063	0.7818680241871306	0.51937242230113	-1.2897336149387435	-0.5284707774462478
count_plus_1	S1_old_genes_T0_transcripts	C	EEF1A1	0.36535007582588175	0.7961428403448249	0.4307927645189431	-1.3876350767901766	-0.6130584928285223
count_plus_1	S1_old_genes_T0_transcripts	C	EEF1A2	0.27281596216111276	0.7738022316335982	0.5009862694724854	-1.2356028485671167	-0.48541475509541715
count_plus_1	S1_old_genes_T0_transcripts	C	EEF1B2	0.2669438658042388	0.7695640055396147	0.5026201397353759	-1.2719293005024712	-0.4822631961915339
count_plus_1	S1_old_genes_T0_transcripts	C	EEF1D	0.26179626296007474	0.7713274395566023	0.5095311765965276	-1.2337998204916767	-0.4994287333421254
count_plus_1	S1_old_genes_T0_transcripts	C	EEF2	0.26993911345379684	0.8200072837627396	0.5500681703089427	-1.4064019387319031	-0.6268104620339253
count_plus_1	S1_old_genes_T0_transcripts	C	RPL10L	0.27717733824693647	0.7567332688386574	0.47955593059172097	-1.232419619518161	-0.46778427203824074
count_plus_1	S1_old_genes_T0_transcripts	C	RPL13A	0.30897920129884837	0.826169986038948	0.5171907847400996	-1.3745359525920113	-0.5999670263517979
count_plus_1	S1_old_genes_T0_transcripts	C	RPL22	0.2721771234754269	0.7767905240327598	0.504613400557333	-1.2437278919778132	-0.4927712159115662
count_plus_1	S1_old_genes_T0_transcripts	C	RPL22L1	0.25585007087363676	0.771397141730696	0.5155470708570592	-1.3621885295512364	-0.5543676078848594
count_plus_1	S1_old_genes_T0_transcripts	C	RPL26L1	0.2739755805808314	0.7635280880180705	0.4895525074372391	-1.244049278905846	-0.49396497298379466
count_plus_1	S1_old_genes_T0_transcripts	C	RPL28	0.26078749927363987	0.7976519456842821	0.5368644464106422	-1.3494026019080532	-0.5552148458566021
count_plus_1	S1_old_genes_T0_transcripts	C	RPL29	0.22101529179610369	0.8136605125964272	0.5926452208003236	-1.3702426722810364	-0.6110003564044849
count_plus_1	S1_old_genes_T0_transcripts	C	RPL36AL	0.2648955030935305	0.7713701965123543	0.5064746934188238	-1.2574100796165055	-0.5113355718220964
count_plus_1	S1_old_genes_T0_transcripts	C	RPL39L	0.2799861309726803	0.7707570759135216	0.4907709449408413	-1.2404099975722587	-0.4944545137131619
count_plus_1	S1_old_genes_T0_transcripts	C	RPL3L	0.26669377393140803	0.7731865638133288	0.5064927898819208	-1.208109022907306	-0.48549806220201996
count_plus_1	S1_old_genes_T0_transcripts	C	RPL41	0.26724505197419657	0.7469793958738378	0.4797343438996412	-1.2811909262607108	-0.4828382103870958
count_plus_1	S1_old_genes_T0_transcripts	C	RPS27	0.2665627927447036	0.7615707058950294	0.4950079131503258	-1.24908877790298	-0.48025771963464475
count_plus_1	S1_old_genes_T0_transcripts	C	RPS27L	0.25654985242401873	0.7659043372433336	0.5093544848193149	-1.2236581542873308	-0.4873432884404348
count_plus_1	S1_old_genes_T0_transcripts	C	RPS29	0.17272246394056745	0.8079227261776164	0.635200262237049	-1.3094006659265016	-0.588998491712245
count_plus_1	S1_old_genes_T0_transcripts	C	RPS3	0.2228155180755479	0.8363160112754933	0.6135004931999454	-1.3835560143645216	-0.635079195761172
count_plus_1	S1_old_genes_T0_transcripts	C	RPS4Y1	0.28076536834199195	0.7537616561643804	0.47299628782238845	-1.2476073580197689	-0.45775450770334475
count_plus_1	S1_old_genes_T0_transcripts	C	RPS4Y2	0.2656288411462445	0.7592449065662149	0.4936160654199704	-1.231637928997038	-0.4682308865403743
count_plus_1	S1_old_genes_T0_transcripts	C	UBA52	0.28164712869337294	0.8591964682499473	0.5775493395565744	-1.4239159321731245	-0.6335379276339926
count_plus_1	S2_T0_genes_T0_transcripts	M	AURKAIP1	0.10707075245001141	-1.3472864825880193	-1.4543572350380307	1.9764688640417298	3.32995698275902
count_plus_1	S2_T0_genes_T0_transcripts	M	CHCHD1	0.09430691897184884	-1.3376387969190984	-1.4319457158909472	1.9516049460891534	3.3155012371455665
count_plus_1	S2_T0_genes_T0_transcripts	M	DAP3	0.09199827644742209	-1.3470937577665834	-1.4390920342140054	1.9735958404010225	3.3281403361270314
count_plus_1	S2_T0_genes_T0_transcripts	M	ERAL1	0.09173942992484552	-1.3449690754621924	-1.4367085053870379	1.9679258664288417	3.3234853856430293
count_plus_1	S2_T0_genes_T0_transcripts	M	GADD45GIP1	0.09063469805478297	-1.3467968764637552	-1.4374315745185382	1.9728711346384822	3.3252771618330024
count_plus_1	S2_T0_genes_T0_transcripts	M	GFM1	0.09335820388619975	-1.321248742420246	-1.4146069463064457	1.9671529443797444	3.333168785187386
count_plus_1	S2_T0_genes_T0_transcripts	M	GFM2	0.0912465823970039	-1.3426948409596378	-1.4339414233566417	1.9682963349470817	3.3175685646614643
count_plus_1	S2_T0_genes_T0_transcripts	M	MALSU1	0.0942128852534081	-1.3474761476311086	-1.4416890328845167	1.9719609559549147	3.3247848177851096
count_plus_1	S2_T0_genes_T0_transcripts	M	MIEF1	0.09307485225572343	-1.331558493522759	-1.4246333457784823	1.9563255906412844	3.310013148143558
count_plus_1	S2_T0_genes_T0_transcripts	M	MRPL1	0.0906120871636622	-1.341159687682612	-1.4317717748462742	1.9652986668126875	3.3170390814143573
count_plus_1	S2_T0_genes_T0_transcripts	M	MRPL10	0.08080878249309142	-1.3452259064466272	-1.4260346889397186	1.977604655256041	3.326781103208626
count_plus_1	S2_T0_genes_T0_transcripts	M	MRPL11	0.0972403623015019	-1.348040360004986	-1.4452807223064879	1.9710667241553255	3.328036792968778
count_plus_1	S2_T0_genes_T0_transcripts	M	MRPL13	0.0927693131822771	-1.3523380712012947	-1.4451073843835718	1.9766555703080326	3.3352473093654487
count_plus_1	S2_T0_genes_T0_transcripts	M	MRPL14	0.0958058300959359	-1.3418446988197767	-1.4376505289157127	1.9689891710505294	3.321836083659205
count_plus_1	S2_T0_genes_T0_transcripts	M	MRPL15	0.09043806060884085	-1.3498599338984545	-1.4402979945072953	1.9720162006922517	3.3294219828498006
count_plus_1	S2_T0_genes_T0_transcripts	M	MRPL16	0.09011146989114227	-1.3421972378390317	-1.432308707730174	1.966295829980822	3.3189003906318293
count_plus_1	S2_T0_genes_T0_transcripts	M	MRPL17	0.09513614616350985	-1.3460231515363992	-1.441159297699909	1.9710588068068908	3.328890602851117
count_plus_1	S2_T0_genes_T0_transcripts	M	MRPL18	0.09470803324678201	-1.3477721171730175	-1.4424801504197995	1.97697656376905	3.332213405637294
count_plus_1	S2_T0_genes_T0_transcripts	M	MRPL19	0.07913992555574767	-1.3526845837730561	-1.4318245093288038	1.9997368639787958	3.341765616912114
count_plus_1	S2_T0_genes_T0_transcripts	M	MRPL2	0.09800200639878565	-1.34736173312927	-1.4453637395280556	1.9717785332957696	3.3277701334327663
count_plus_1	S2_T0_genes_T0_transcripts	M	MRPL20	0.08587820022070147	-1.3436195071718458	-1.4294977073925472	1.9738250721346295	3.32749558805483
count_plus_1	S2_T0_genes_T0_transcripts	M	MRPL21	0.07523049617508804	-1.3462397995740139	-1.4214702957491019	1.9702969204181235	3.316770712449528
count_plus_1	S2_T0_genes_T0_transcripts	M	MRPL22	0.08501398435797869	-1.345817351727748	-1.4308313360857268	1.9796633903639544	3.332552197724319
count_plus_1	S2_T0_genes_T0_transcripts	M	MRPL23	0.09240105775863405	-1.345978146071698	-1.438379203830332	1.9733628103684897	3.328862984273422
count_plus_1	S2_T0_genes_T0_transcripts	M	MRPL24	0.08717693432341456	-1.347162324748255	-1.4343392590716695	1.975139950764307	3.328692433471803
count_plus_1	S2_T0_genes_T0_transcripts	M	MRPL27	0.08824031381650332	-1.3508080739656303	-1.4390483877821336	1.9740899394293614	3.3334992314220058
count_plus_1	S2_T0_genes_T0_transcripts	M	MRPL28	0.09645765772242676	-1.345855846645342	-1.4423135043677688	1.9759568133550887	3.3233752629195537
count_plus_1	S2_T0_genes_T0_transcripts	M	MRPL3	0.09033557203564291	-1.346559689380467	-1.43689526141611	1.9685239399158436	3.3289345663870047
count_plus_1	S2_T0_genes_T0_transcripts	M	MRPL30	0.08892448191990221	-1.3375205303686117	-1.426445012288514	1.9508862589761946	3.3163444031081557
count_plus_1	S2_T0_genes_T0_transcripts	M	MRPL32	0.09366340488639979	-1.3453537136364138	-1.4390171185228136	1.9713206942414891	3.3217361092353084
count_plus_1	S2_T0_genes_T0_transcripts	M	MRPL33	0.08828576855361447	-1.34350956764357	-1.4317953361971845	1.9679980539173054	3.3190487880494715
count_plus_1	S2_T0_genes_T0_transcripts	M	MRPL34	0.10814705659596058	-1.3434485704942705	-1.451595627090231	1.984415381365206	3.3268788915421563
count_plus_1	S2_T0_genes_T0_transcripts	M	MRPL35	0.09869316885445123	-1.3527023654398165	-1.4513955342942677	1.9745978792057741	3.3341230813075757
count_plus_1	S2_T0_genes_T0_transcripts	M	MRPL36	0.09081945324264584	-1.3491665490266618	-1.4399860022693076	1.9706073223120888	3.328624332464287
count_plus_1	S2_T0_genes_T0_transcripts	M	MRPL37	0.08594177732214758	-1.3479810389777986	-1.4339228162999462	1.9756884660411487	3.327257477065941
count_plus_1	S2_T0_genes_T0_transcripts	M	MRPL38	0.0968276196250275	-1.3416099683148426	-1.43843758793987	1.9679975357915305	3.319074735834098
count_plus_1	S2_T0_genes_T0_transcripts	M	MRPL39	0.09009581040863646	-1.3484779789404393	-1.4385737893490758	1.9723003300976032	3.3308777581099083
count_plus_1	S2_T0_genes_T0_transcripts	M	MRPL4	0.0904544880532141	-1.3455699435775208	-1.436024431630735	1.9713046773047802	3.328994816890894
count_plus_1	S2_T0_genes_T0_transcripts	M	MRPL40	0.09110197384594532	-1.3429443529345861	-1.4340463267805315	1.9657691422399006	3.318951874229827
count_plus_1	S2_T0_genes_T0_transcripts	M	MRPL41	0.08328106352537512	-1.347112284049079	-1.4303933475744541	1.9823010845060325	3.332082155325881
count_plus_1	S2_T0_genes_T0_transcripts	M	MRPL42	0.09112269741934709	-1.3503601474531144	-1.4414828448724615	1.975118754160904	3.3309103242845164
count_plus_1	S2_T0_genes_T0_transcripts	M	MRPL43	0.09326231388344297	-1.3458686752322113	-1.4391309891156543	1.9702334514950706	3.3258846625800897
count_plus_1	S2_T0_genes_T0_transcripts	M	MRPL44	0.09321016593832976	-1.3428774181351133	-1.436087584073443	1.9659050260331123	3.32150461587801
count_plus_1	S2_T0_genes_T0_transcripts	M	MRPL45	0.09394187718864622	-1.3301616713645035	-1.4241035485531497	1.9503648849217434	3.302541315462946
count_plus_1	S2_T0_genes_T0_transcripts	M	MRPL46	0.09040345281455098	-1.345701880690735	-1.436105333505286	1.9720027836309537	3.3315169306155332
count_plus_1	S2_T0_genes_T0_transcripts	M	MRPL47	0.09585491812628266	-1.3431453149969563	-1.439000233123239	1.965017493432407	3.3160288903724204
count_plus_1	S2_T0_genes_T0_transcripts	M	MRPL48	0.09341444882217864	-1.349665218582086	-1.4430796674042647	1.9740506896673393	3.3278639300514476
count_plus_1	S2_T0_genes_T0_transcripts	M	MRPL49	0.0894447885918539	-1.3624139956021168	-1.4518587841939707	2.0122532137660616	3.3714279266080767
count_plus_1	S2_T0_genes_T0_transcripts	M	MRPL50	0.0888935667764228	-1.3430748735939444	-1.4319684403703672	1.9665680922675706	3.32423512475508
count_plus_1	S2_T0_genes_T0_transcripts	M	MRPL51	0.0968864809496206	-1.3468607256816312	-1.4437472066312518	1.9660558133196155	3.3252832032777286
count_plus_1	S2_T0_genes_T0_transcripts	M	MRPL52	0.0907826359213959	-1.3465645079847657	-1.4373471439061616	1.9664882512842112	3.3262031723332584
count_plus_1	S2_T0_genes_T0_transcripts	M	MRPL53	0.09368287603858194	-1.341454568896323	-1.435137444934905	1.9600770570589554	3.3186165603108453
count_plus_1	S2_T0_genes_T0_transcripts	M	MRPL54	0.08971554239635315	-1.3424753351064207	-1.4321908775027739	1.9711443740771493	3.320501324236277
count_plus_1	S2_T0_genes_T0_transcripts	M	MRPL55	0.08531792010638384	-1.3483358672365795	-1.4336537873429633	1.9774853771256247	3.3283544888430736
count_plus_1	S2_T0_genes_T0_transcripts	M	MRPL9	0.08892385425112481	-1.3487143217665034	-1.4376381760176282	1.9740205158673725	3.329741058060479
count_plus_1	S2_T0_genes_T0_transcripts	M	MRPS10	0.0911925070929267	-1.3442953213255944	-1.435487828418521	1.9663791827263146	3.323038268614672
count_plus_1	S2_T0_genes_T0_transcripts	M	MRPS11	0.08920460168626443	-1.3503729185858657	-1.4395775202721302	1.9728944797859538	3.328194792791028
count_plus_1	S2_T0_genes_T0_transcripts	M	MRPS12	0.08462257114938643	-1.3425436858456279	-1.4271662569950143	1.9710811572515916	3.3195751724008704
count_plus_1	S2_T0_genes_T0_transcripts	M	MRPS14	0.09331936014418085	-1.3497903399888949	-1.4431097001330757	2.000180074696866	3.3492651699577647
count_plus_1	S2_T0_genes_T0_transcripts	M	MRPS15	0.09033465896967652	-1.3499396895918538	-1.4402743485615304	1.972479595200061	3.33010682948971
count_plus_1	S2_T0_genes_T0_transcripts	M	MRPS16	0.08980880103068989	-1.338704327088951	-1.4285131281196408	1.9684151118418247	3.3231389028248692
count_plus_1	S2_T0_genes_T0_transcripts	M	MRPS17	0.09228977592771148	-1.3490650919677205	-1.441354867895432	1.9718095645107434	3.3271494370205517
count_plus_1	S2_T0_genes_T0_transcripts	M	MRPS18A	0.0862743312778278	-1.3539270427662768	-1.4402013740441046	1.9785245258883113	3.3330388310620434
count_plus_1	S2_T0_genes_T0_transcripts	M	MRPS18B	0.09219899257825448	-1.3483407447506215	-1.440539737328876	1.966919412107882	3.3280232630084337
count_plus_1	S2_T0_genes_T0_transcripts	M	MRPS18C	0.09284675152929012	-1.3481406721042726	-1.4409874236335627	1.9702565636022724	3.3303631442580364
count_plus_1	S2_T0_genes_T0_transcripts	M	MRPS2	0.0882328319129293	-1.3328287182599179	-1.4210615501728472	1.9633853826482015	3.3091564732792245
count_plus_1	S2_T0_genes_T0_transcripts	M	MRPS21	0.091608115659918	-1.347000393942833	-1.438608509602751	1.9680528375133985	3.3294451953371587
count_plus_1	S2_T0_genes_T0_transcripts	M	MRPS22	0.08959223952363748	-1.3483307557472437	-1.4379229952708812	1.9696375150041194	3.328647861292099
count_plus_1	S2_T0_genes_T0_transcripts	M	MRPS23	0.08838280644434615	-1.3463928300912076	-1.4347756365355537	1.9737120694572567	3.326530166646186
count_plus_1	S2_T0_genes_T0_transcripts	M	MRPS24	0.09609163555618672	-1.3478908306846922	-1.443982466240879	1.969459416633596	3.325545324794096
count_plus_1	S2_T0_genes_T0_transcripts	M	MRPS25	0.08808244540205701	-1.3482014699558937	-1.4362839153579507	1.9721607214160732	3.3290671640477183
count_plus_1	S2_T0_genes_T0_transcripts	M	MRPS26	0.09297729209993122	-1.3509839255640554	-1.4439612176639867	1.9760484731215324	3.3296920007178397
count_plus_1	S2_T0_genes_T0_transcripts	M	MRPS27	0.09139643429004662	-1.3502217953862345	-1.4416182296762812	1.9693732710851708	3.3310726821186405
count_plus_1	S2_T0_genes_T0_transcripts	M	MRPS28	0.09204761467291434	-1.3452767713273937	-1.437324386000308	1.9764089529290576	3.3318138151155714
count_plus_1	S2_T0_genes_T0_transcripts	M	MRPS30	0.08866380414943054	-1.3489921602562407	-1.4376559644056712	1.9781200188124601	3.334382004180929
count_plus_1	S2_T0_genes_T0_transcripts	M	MRPS31	0.09527931282579294	-1.3422985120480138	-1.4375778248738067	1.9645545914366722	3.323760924944895
count_plus_1	S2_T0_genes_T0_transcripts	M	MRPS33	0.08693881776233248	-1.362435973804939	-1.4493747915672714	2.0005701640690687	3.3569430959531887
count_plus_1	S2_T0_genes_T0_transcripts	M	MRPS34	0.08243177474038887	-1.3454482153160465	-1.4278799900564354	1.991743521875999	3.33482653350415
count_plus_1	S2_T0_genes_T0_transcripts	M	MRPS35	0.09308531268462916	-1.35069262574584	-1.4437779384304692	1.9732536919185368	3.3325308271245255
count_plus_1	S2_T0_genes_T0_transcripts	M	MRPS5	0.08759289849839869	-1.3489806361231635	-1.4365735346215622	1.9705208444465023	3.3288708366308994
count_plus_1	S2_T0_genes_T0_transcripts	M	MRPS6	0.09150479109761767	-1.3417231946723929	-1.4332279857700105	1.9644602969073932	3.3180041343115163
count_plus_1	S2_T0_genes_T0_transcripts	M	MRPS7	0.09045596411031953	-1.3397460553335376	-1.4302020194438572	1.9548596632110766	3.3110503130403495
count_plus_1	S2_T0_genes_T0_transcripts	M	MRPS9	0.08531026722782897	-1.3530892462182282	-1.4383995134460572	1.976796703168824	3.3307965483145425
count_plus_1	S2_T0_genes_T0_transcripts	M	MRRF	0.09059940666521182	-1.330100747031075	-1.4207001536962869	1.9472034950928276	3.3062607520774003
count_plus_1	S2_T0_genes_T0_transcripts	M	MTFMT	0.09303201677704154	-1.3386109790641347	-1.4316429958411763	1.9542316608911905	3.312599173771529
count_plus_1	S2_T0_genes_T0_transcripts	M	MTIF2	0.09367075384330947	-1.3403192138502247	-1.4339899676935342	1.9630164375870311	3.314357215420654
count_plus_1	S2_T0_genes_T0_transcripts	M	MTIF3	0.09830542190867675	-1.3431262897690046	-1.4414317116776814	1.991406373646837	3.333313969392396
count_plus_1	S2_T0_genes_T0_transcripts	M	MTRF1	0.09373750215503707	-1.3301363570282745	-1.4238738591833116	1.9472889859748441	3.308473520899261
count_plus_1	S2_T0_genes_T0_transcripts	M	MTRF1L	0.09350957429361939	-1.3473358360052323	-1.4408454102988517	1.9718719486683658	3.3285255162775402
count_plus_1	S2_T0_genes_T0_transcripts	M	NDUFAB1	0.05102141194668297	-1.3636869150518218	-1.4147083269985048	2.045938963011908	3.3807172237358434
count_plus_1	S2_T0_genes_T0_transcripts	M	OXA1L	0.08529265864610647	-1.3623642290811735	-1.44765688772728	1.9998987933287817	3.378502291004583
count_plus_1	S2_T0_genes_T0_transcripts	M	PTCD3	0.09447656423358985	-1.3452611374796937	-1.4397377017132835	1.9674233072424485	3.3188711824127024
count_plus_1	S2_T0_genes_T0_transcripts	M	TSFM	0.09097055562210699	-1.3472017768344768	-1.4381723324565838	1.9714942296111522	3.3290108601474446
count_plus_1	S2_T0_genes_T0_transcripts	M	TUFM	0.08731742266747	-1.347747661093714	-1.435065083761184	1.9751876332748806	3.3281062982426204
count_plus_1	S2_T0_genes_T0_transcripts	C	EEF1A1	0.11238532645556853	-1.3672166078167325	-1.479601934272301	1.98780324291946	3.3518225996821025
count_plus_1	S2_T0_genes_T0_transcripts	C	EEF1A2	0.08976587644862422	-1.3726776455016996	-1.4624435219503238	2.0249666764850978	3.3830244022390836
count_plus_1	S2_T0_genes_T0_transcripts	C	EEF1B2	0.08833047511694447	-1.3737136563246728	-1.4620441314416173	2.016086877123122	3.3837947833044772
count_plus_1	S2_T0_genes_T0_transcripts	C	EEF1D	0.08707217219948316	-1.3732825946760752	-1.4603547668755583	2.0254074166813156	3.37959876311211
count_plus_1	S2_T0_genes_T0_transcripts	C	EEF1G	0.08703607732729379	-1.3383951397433287	-1.4254312170706225	1.953002993860503	3.301128454896437
count_plus_1	S2_T0_genes_T0_transcripts	C	EEF2	0.08906264676461406	-1.3613830772034636	-1.4504457239680777	1.9832157877781498	3.3484610072096697
count_plus_1	S2_T0_genes_T0_transcripts	C	FAU	0.09964686162429492	-1.32494065318143	-1.424587514805725	1.9802589211567683	3.281311875895766
count_plus_1	S2_T0_genes_T0_transcripts	C	RPL10	0.10352878959941281	-1.3486283497087421	-1.452157139308155	1.9565700817886955	3.328410303938477
count_plus_1	S2_T0_genes_T0_transcripts	C	RPL10A	0.09285710254940893	-1.309803832933775	-1.4026609354831838	1.9404512914732241	3.2947483925322705
count_plus_1	S2_T0_genes_T0_transcripts	C	RPL10L	0.090831990602938	-1.3768500586293508	-1.4676820492322888	2.0257447991415085	3.387334075875282
count_plus_1	S2_T0_genes_T0_transcripts	C	RPL11	0.12261828470007563	-1.3396207578104193	-1.462239042510495	1.9471370983944047	3.3068116211520024
count_plus_1	S2_T0_genes_T0_transcripts	C	RPL12	0.10399201465740715	-1.3435120656246053	-1.4475040802820125	1.942105555905194	3.3252851030965656
count_plus_1	S2_T0_genes_T0_transcripts	C	RPL13	0.09488834930754253	-1.3381909117648383	-1.4330792610723808	1.9601316738125845	3.3159934476921213
count_plus_1	S2_T0_genes_T0_transcripts	C	RPL13A	0.09860577934896009	-1.359876638869281	-1.458482418218241	1.99100525105679	3.355022735931969
count_plus_1	S2_T0_genes_T0_transcripts	C	RPL14	0.10350328446761603	-1.32055389551055	-1.424057179978166	1.9571651064029196	3.2958723975588016
count_plus_1	S2_T0_genes_T0_transcripts	C	RPL15	0.08761622292245042	-1.3450253087508304	-1.4326415316732808	1.9577854048221854	3.331738010602333
count_plus_1	S2_T0_genes_T0_transcripts	C	RPL17	0.06391717221156767	-1.338050290097434	-1.4019674623090017	1.9717502155525883	3.303609687530974
count_plus_1	S2_T0_genes_T0_transcripts	C	RPL18	0.098338171599885	-1.3346206626212997	-1.4329588342211848	1.9659705438804007	3.313258410997379
count_plus_1	S2_T0_genes_T0_transcripts	C	RPL18A	0.0861498204175204	-1.3291439895521213	-1.4152938099696417	1.9667638008679247	3.3233559578842446
count_plus_1	S2_T0_genes_T0_transcripts	C	RPL19	0.11032453600866621	-1.3327461752358132	-1.4430707112444794	1.9549938890760026	3.297556361361116
count_plus_1	S2_T0_genes_T0_transcripts	C	RPL21	0.10116793804157931	-1.3279754163390072	-1.4291433543805865	1.953125344565898	3.3082523724699127
count_plus_1	S2_T0_genes_T0_transcripts	C	RPL22	0.08960971588101252	-1.3719471740263485	-1.461556889907361	2.022980554762483	3.381226156261803
count_plus_1	S2_T0_genes_T0_transcripts	C	RPL22L1	0.08561865857835382	-1.373265556366852	-1.458884214945206	1.9940235100223123	3.3661692604461084
count_plus_1	S2_T0_genes_T0_transcripts	C	RPL23	0.07795944398263721	-1.3281315052636842	-1.4060909492463214	1.973971588113307	3.2965759166617525
count_plus_1	S2_T0_genes_T0_transcripts	C	RPL23A	0.09587142932354409	-1.3258113603129535	-1.4216827896364976	1.9768088008825693	3.298942745609526
count_plus_1	S2_T0_genes_T0_transcripts	C	RPL24	0.08809635359065959	-1.333554070138633	-1.4216504237292926	1.956947411050871	3.3193832452295626
count_plus_1	S2_T0_genes_T0_transcripts	C	RPL26	0.08915339884570539	-1.3469988471709642	-1.4361522460166696	1.9344547170129442	3.3255904029861716
count_plus_1	S2_T0_genes_T0_transcripts	C	RPL26L1	0.0900493387290009	-1.3751891028299386	-1.4652384415589395	2.0229019935134076	3.3809343489774797
count_plus_1	S2_T0_genes_T0_transcripts	C	RPL27A	0.09285710254940804	-1.323485333896799	-1.416342436446207	1.9345161405824371	3.3094481034545273
count_plus_1	S2_T0_genes_T0_transcripts	C	RPL28	0.08682558552057529	-1.3668477154004206	-1.453673300920996	1.9971489590017573	3.365962157830794
count_plus_1	S2_T0_genes_T0_transcripts	C	RPL29	0.07710349035940123	-1.3629345101552293	-1.4400380005146305	1.9920547195772502	3.352325699696867
count_plus_1	S2_T0_genes_T0_transcripts	C	RPL3	0.07875116377809466	-1.3454031400065012	-1.4241543037845958	1.968324602393114	3.322813637834353
count_plus_1	S2_T0_genes_T0_transcripts	C	RPL30	0.07177011381793008	-1.3349612123999206	-1.4067313262178507	1.9683073873961852	3.309212642611083
count_plus_1	S2_T0_genes_T0_transcripts	C	RPL31	0.09515035520147963	-1.326115503351743	-1.4212658585532227	1.9732259275256743	3.304444407867912
count_plus_1	S2_T0_genes_T0_transcripts	C	RPL32	0.10960134702292734	-1.3438401929226225	-1.4534415399455498	1.9682021926619298	3.316082994453096
count_plus_1	S2_T0_genes_T0_transcripts	C	RPL34	0.09285710254940893	-1.3167095701394436	-1.4095666726888525	1.9446430420157754	3.2910814666027877
count_plus_1	S2_T0_genes_T0_transcripts	C	RPL35	0.1359691208317142	-1.326475537311826	-1.4624446581435402	1.94081980014061	3.310578169051639
count_plus_1	S2_T0_genes_T0_transcripts	C	RPL35A	0.10026450995681602	-1.342493521004235	-1.442758030961051	1.955308412192287	3.3160053406916203
count_plus_1	S2_T0_genes_T0_transcripts	C	RPL36	0.08632510263765925	-1.3255963268404543	-1.4119214294781135	1.990356951781946	3.3008180189724796
count_plus_1	S2_T0_genes_T0_transcripts	C	RPL36AL	0.08782976423210442	-1.373272142975781	-1.4611019072078855	2.019636020006358	3.3766882025947846
count_plus_1	S2_T0_genes_T0_transcripts	C	RPL37	0.0726369854433444	-1.3567501924467904	-1.4293871778901348	1.9763000305439746	3.338647346972583
count_plus_1	S2_T0_genes_T0_transcripts	C	RPL37A	0.08025673794358923	-1.3433706488802022	-1.4236273868237914	1.9599144034833968	3.3209777227392903
count_plus_1	S2_T0_genes_T0_transcripts	C	RPL38	0.11473447512573687	-1.3232423300814626	-1.4379768052071995	1.9501221646583824	3.299457188443716
count_plus_1	S2_T0_genes_T0_transcripts	C	RPL39	0.1135421488483761	-1.333102291311416	-1.4466444401597922	1.927578841872664	3.307697075522975
count_plus_1	S2_T0_genes_T0_transcripts	C	RPL39L	0.09151858438034166	-1.3734220168999398	-1.4649406012802815	2.0237915956171735	3.3808146834658572
count_plus_1	S2_T0_genes_T0_transcripts	C	RPL3L	0.08826934154802979	-1.372828142079987	-1.4610974836280168	2.031687389424163	3.383004038279692
count_plus_1	S2_T0_genes_T0_transcripts	C	RPL4	0.11067736562544628	-1.3499504803738689	-1.4606278459993152	1.9512412287824215	3.3278475531985934
count_plus_1	S2_T0_genes_T0_transcripts	C	RPL41	0.08840409840293573	-1.3792343386874184	-1.4676384370903541	2.0138229241599963	3.383654224278896
count_plus_1	S2_T0_genes_T0_transcripts	C	RPL5	0.0647399683605121	-1.344087308090026	-1.408827276450538	1.960250278264167	3.319563512033454
count_plus_1	S2_T0_genes_T0_transcripts	C	RPL6	0.11200497292512157	-1.3258289013839204	-1.437833874309042	1.9435350513819127	3.2882603431869417
count_plus_1	S2_T0_genes_T0_transcripts	C	RPL7	0.08317299201564898	-1.3459498985066842	-1.4291228905223332	1.9780918845304511	3.3269999273190765
count_plus_1	S2_T0_genes_T0_transcripts	C	RPL8	0.0795794636578484	-1.318103585205646	-1.3976830488634944	1.948729783773946	3.295732053816499
count_plus_1	S2_T0_genes_T0_transcripts	C	RPL9	0.09502363032985706	-1.352271684170582	-1.447295314500439	1.952537009046973	3.300350264058287
count_plus_1	S2_T0_genes_T0_transcripts	C	RPLP0	0.07817756875690884	-1.3442091452699434	-1.4223867140268522	1.959551552615356	3.3251878788750404
count_plus_1	S2_T0_genes_T0_transcripts	C	RPLP1	0.07984016487226198	-1.337831171310515	-1.417671336182777	1.9579308885359024	3.3210613151506356
count_plus_1	S2_T0_genes_T0_transcripts	C	RPLP2	0.08809635359066048	-1.3369075157823	-1.4250038693729605	1.9653848481323508	3.315847238031482
count_plus_1	S2_T0_genes_T0_transcripts	C	RPS10	0.11680448447122016	-1.358062029939847	-1.474866514411067	1.9730552167835964	3.3690175685530437
count_plus_1	S2_T0_genes_T0_transcripts	C	RPS11	0.07854665116527304	-1.337211016969158	-1.415757668134431	1.9629977322262935	3.317536911858064
count_plus_1	S2_T0_genes_T0_transcripts	C	RPS12	0.07881483077834073	-1.3534415368178419	-1.4322563675961826	1.9516753676642309	3.3305362349641126
count_plus_1	S2_T0_genes_T0_transcripts	C	RPS13	0.07524640809695171	-1.3587385465586892	-1.433984954655641	1.9651159679193677	3.3338332634053636
count_plus_1	S2_T0_genes_T0_transcripts	C	RPS14	0.11028894212627538	-1.3246503732161412	-1.4349393153424166	1.9731391303979278	3.305493287837661
count_plus_1	S2_T0_genes_T0_transcripts	C	RPS15	0.07957946365784796	-1.3503334106744846	-1.4299128743323326	1.9596852529062438	3.32248963533998
count_plus_1	S2_T0_genes_T0_transcripts	C	RPS15A	0.08828628138674732	-1.3445238230985788	-1.432810104485326	1.971664882107636	3.3156528810421384
count_plus_1	S2_T0_genes_T0_transcripts	C	RPS16	0.06428582285434858	-1.3328094104704755	-1.397095233324824	1.9828303406324093	3.302828193520031
count_plus_1	S2_T0_genes_T0_transcripts	C	RPS17	0.10695841707554887	-1.348242643159748	-1.455201060235297	1.9574805011608825	3.3374631457989983
count_plus_1	S2_T0_genes_T0_transcripts	C	RPS18	0.10212562232914602	-1.3644550420120445	-1.4665806643411905	1.9499715238648108	3.310537904659477
count_plus_1	S2_T0_genes_T0_transcripts	C	RPS19	0.07205197670343289	-1.3257892041721564	-1.3978411808755893	1.9621056562959196	3.3013393745973305
count_plus_1	S2_T0_genes_T0_transcripts	C	RPS2	0.09563121712654521	-1.3489076436205343	-1.4445388607470795	1.9717538144048161	3.3303679555543173
count_plus_1	S2_T0_genes_T0_transcripts	C	RPS20	0.10650339208375037	-1.3204015647729257	-1.426904956856676	1.9552495821310085	3.293636732161449
count_plus_1	S2_T0_genes_T0_transcripts	C	RPS21	0.0895493810824326	-1.3364364214540907	-1.4259858025365233	1.9600786300997295	3.3186502165359757
count_plus_1	S2_T0_genes_T0_transcripts	C	RPS23	0.09131992662615396	-1.336888584620013	-1.4282085112461669	1.9442211569045176	3.294910560463454
count_plus_1	S2_T0_genes_T0_transcripts	C	RPS24	0.05777180913445301	-1.3257468527089626	-1.3835186618434157	1.9831834331911833	3.2867095585593313
count_plus_1	S2_T0_genes_T0_transcripts	C	RPS25	0.09502363032985706	-1.3416976207013653	-1.4367212510312224	1.9349962009240875	3.320989069964132
count_plus_1	S2_T0_genes_T0_transcripts	C	RPS26	0.09439427847266346	-1.3333091496559795	-1.427703428128643	1.9497507671319134	3.292774879840495
count_plus_1	S2_T0_genes_T0_transcripts	C	RPS27	0.0882373239246137	-1.3756675740155706	-1.4639048979401843	2.0216701159807755	3.384285010907272
count_plus_1	S2_T0_genes_T0_transcripts	C	RPS27A	0.08698687106525549	-1.3366366645332386	-1.423623535598494	1.9576461687177522	3.3087207967610754
count_plus_1	S2_T0_genes_T0_transcripts	C	RPS27L	0.08578971629066778	-1.374608241908208	-1.4603979581988757	2.0278864906423784	3.382552982976968
count_plus_1	S2_T0_genes_T0_transcripts	C	RPS28	0.06818385033543839	-1.3607667021327536	-1.428950552468192	1.9636834413802813	3.3424765142307886
count_plus_1	S2_T0_genes_T0_transcripts	C	RPS29	0.06529857688360252	-1.3643370801687156	-1.429635657052318	2.00692721001947	3.3577039332883025
count_plus_1	S2_T0_genes_T0_transcripts	C	RPS3	0.07754354567215405	-1.3573964993670136	-1.4349400450391676	1.9888003470679538	3.3464397611874546
count_plus_1	S2_T0_genes_T0_transcripts	C	RPS3A	0.07268704028213913	-1.3415501368990719	-1.414237177181211	1.9707303409174424	3.3196317775513107
count_plus_1	S2_T0_genes_T0_transcripts	C	RPS4X	0.10201112939334989	-1.3394237630432433	-1.4414348924365932	1.9723817031889967	3.322187277822943
count_plus_1	S2_T0_genes_T0_transcripts	C	RPS4Y1	0.09170906462617356	-1.3775764528386185	-1.469285517464792	2.0220322408411153	3.3897857960460347
count_plus_1	S2_T0_genes_T0_transcripts	C	RPS4Y2	0.0880090246449905	-1.3762361027403913	-1.4642451273853818	2.025935879046672	3.387224903441427
count_plus_1	S2_T0_genes_T0_transcripts	C	RPS5	0.07936133888357633	-1.33381094356751	-1.4131722824510864	1.965445612676754	3.28938301370688
count_plus_1	S2_T0_genes_T0_transcripts	C	RPS6	0.10566981224806637	-1.3332882364591616	-1.438958048707228	1.9530112298696558	3.3000956269453634
count_plus_1	S2_T0_genes_T0_transcripts	C	RPS7	0.09375897443270453	-1.351653856783639	-1.4454128312163435	1.9666535212419332	3.33147624480204
count_plus_1	S2_T0_genes_T0_transcripts	C	RPS8	0.09105922541174172	-1.3357996138855035	-1.4268588392972452	1.9555254121612449	3.3004127130033254
count_plus_1	S2_T0_genes_T0_transcripts	C	RPS9	0.0906368726589788	-1.3381573741415638	-1.4287942468005426	1.9669653441250219	3.309894165798838
count_plus_1	S2_T0_genes_T0_transcripts	C	RPSA	0.08974771244642143	-1.343753529398147	-1.4335012418445685	1.9560294835753065	3.3012795271104016
count_plus_1	S2_T0_genes_T0_transcripts	C	UBA52	0.0919246060454002	-1.3518034987732572	-1.4437281048186574	1.9789345893814065	3.346816515618543
