source_path	public_path	classification	reason	license_or_rights_status	sha256	source_sha256
.gitignore	.gitignore	PUBLIC_INCLUDE	Project code, documentation, or fixed protocol; user authorized public release; public packaging or path-only adaptation, frozen science unchanged	Project release permission; no public software reuse license selected	e97d78568d4cfae502f181cc783d278af5b43ffe50218449ecab28c90ce8d51e	0668a5034ed91c5bc822f7f801d4a429c34eb0cb7fe6109137b114254edb4b5f
00_START_HERE_先读这里.md		LOCAL_ARCHIVE_ONLY	Internal packaging/history record retained in original V3; not a recruiter-facing source	Local archive; not published	20821131371e4fb0fbed55e8be160dc2a815ddaaebd2d25fedc42084f8fe8371	20821131371e4fb0fbed55e8be160dc2a815ddaaebd2d25fedc42084f8fe8371
FINAL_UPGRADE_REPORT_CN.md		LOCAL_ARCHIVE_ONLY	Internal packaging/history record retained in original V3; not a recruiter-facing source	Local archive; not published	a1b61789c6138a3b2dad7dc86f637f93324b874e615cbebf9652a139760daaf7	a1b61789c6138a3b2dad7dc86f637f93324b874e615cbebf9652a139760daaf7
Makefile	Makefile	PUBLIC_INCLUDE	Project code, documentation, or fixed protocol; user authorized public release; public packaging or path-only adaptation, frozen science unchanged	Project release permission; no public software reuse license selected	c1874e1d4b4fdb5cf3c1749bbe74df43a5c60100055dc530d5624aa16be33d09	09d8c8020ca739fa8c9453b475045aeb413963d24abe8980ed10ed223269af25
README.md	README.md	PUBLIC_INCLUDE	Project code, documentation, or fixed protocol; user authorized public release; public packaging or path-only adaptation, frozen science unchanged	Project release permission; no public software reuse license selected	9a4f014fccc09d1c473bff1b8b3ae77685aa6498af052b96146fd7201c4171aa	f748b6872393c0fc71de4607711c22f26fe511ca9494658556a808c195b9fcef
RELEASE_INDEX.tsv		LOCAL_ARCHIVE_ONLY	Internal packaging/history record retained in original V3; not a recruiter-facing source	Local archive; not published	f06a530d9149b0257d763f355b845698ff53c78d4fed664444ac142ff9f52cd9	f06a530d9149b0257d763f355b845698ff53c78d4fed664444ac142ff9f52cd9
UPGRADE_CHANGELOG.md		LOCAL_ARCHIVE_ONLY	Internal packaging/history record retained in original V3; not a recruiter-facing source	Local archive; not published	8401512c42e95f6fa788272a0d8de4c9fed511f6e19c4411128c96d6e52dfc0c	8401512c42e95f6fa788272a0d8de4c9fed511f6e19c4411128c96d6e52dfc0c
config/canonical_claims.json	config/canonical_claims.json	PUBLIC_INCLUDE	Project code, documentation, or fixed protocol; user authorized public release	Project release permission; no public software reuse license selected	e44bc2560f056c3412bc801e89ba10f408aa32635c3eeb0ce2369b1347c32c27	e44bc2560f056c3412bc801e89ba10f408aa32635c3eeb0ce2369b1347c32c27
config/count_analysis_source_contract.md	config/count_analysis_source_contract.md	PUBLIC_INCLUDE	Project code, documentation, or fixed protocol; user authorized public release	Project release permission; no public software reuse license selected	d58f1a51a559f40b89ace1b78afb15967a5a91288a446743863e13225fec639d	d58f1a51a559f40b89ace1b78afb15967a5a91288a446743863e13225fec639d
config/cross_program_frozen.json	config/cross_program_frozen.json	PUBLIC_INCLUDE	Project code, documentation, or fixed protocol; user authorized public release	Project release permission; no public software reuse license selected	1234ea0a21e376b7382736dd53a42edd755970257a89cb785fbdb25d10d03ae1	1234ea0a21e376b7382736dd53a42edd755970257a89cb785fbdb25d10d03ae1
config/discovery_frozen.json		PUBLIC_METADATA_ONLY	Third-party raw-count/design-wide object: embedded data redistribution scope not independently established	Unresolved for embedded scientific data; archive code license is not assumed to cover it	d5b18082027c8219eb322c401fba3b45c40fbb5a0725f6d328049ad40de27168	d5b18082027c8219eb322c401fba3b45c40fbb5a0725f6d328049ad40de27168
config/figure_sources.json	config/figure_sources.json	PUBLIC_INCLUDE	Project code, documentation, or fixed protocol; user authorized public release	Project release permission; no public software reuse license selected	fdbffc8b754f05f45c08131c8dc7bb686f729c51c6a4f9f4e9e1e65264a171fa	fdbffc8b754f05f45c08131c8dc7bb686f729c51c6a4f9f4e9e1e65264a171fa
config/final_support_decision.json	config/final_support_decision.json	PUBLIC_INCLUDE	Project code, documentation, or fixed protocol; user authorized public release	Project release permission; no public software reuse license selected	e2a62613947816aa99b657559944bcecac8f748418b1e33e6e85cb322243aa12	e2a62613947816aa99b657559944bcecac8f748418b1e33e6e85cb322243aa12
config/portfolio_facts.json	config/portfolio_facts.json	PUBLIC_INCLUDE	Project code, documentation, or fixed protocol; user authorized public release; public packaging or path-only adaptation, frozen science unchanged	Project release permission; no public software reuse license selected	28df04423501bbf95ad58cb87ee2bc69454d75c97be0f381e000833e92c09d56	39606932d433b54c97517e042d44ea80691b7e7cb5b301e084d7a06875e8dfec
config/release_identity.json		LOCAL_ARCHIVE_ONLY	Internal packaging/history record retained in original V3; not a recruiter-facing source	Local archive; not published	e06d1869e5bafdbdc13d325a65a932b49f1869c3b05ea6e3d99646ca528cc26a	e06d1869e5bafdbdc13d325a65a932b49f1869c3b05ea6e3d99646ca528cc26a
config/temporal_balance_frozen.json	config/temporal_balance_frozen.json	PUBLIC_INCLUDE	Project code, documentation, or fixed protocol; user authorized public release	Project release permission; no public software reuse license selected	c7a1a2b16de1bf1ce959f3806c3a122d351933698f070e2007149061b3ace356	c7a1a2b16de1bf1ce959f3806c3a122d351933698f070e2007149061b3ace356
config/temporal_frozen.json	config/temporal_frozen.json	PUBLIC_INCLUDE	Project code, documentation, or fixed protocol; user authorized public release	Project release permission; no public software reuse license selected	a65ac1f87da7bc6b4f6b794f9f1e5206b70fb646399b1e6463cf1b6ce51498ef	a65ac1f87da7bc6b4f6b794f9f1e5206b70fb646399b1e6463cf1b6ce51498ef
config/v3_factorial_support.json	config/v3_factorial_support.json	PUBLIC_INCLUDE	Project code, documentation, or fixed protocol; user authorized public release	Project release permission; no public software reuse license selected	b2ec0fe761d7df576c355707e41cc9d7836b9d551fe43da6443716d7063c3219	b2ec0fe761d7df576c355707e41cc9d7836b9d551fe43da6443716d7063c3219
data/annotations/reactome_frozen.gmt.zip	data/annotations/reactome_frozen.gmt.zip	PUBLIC_INCLUDE	Project code, documentation, or fixed protocol; user authorized public release	Reactome data CC0; official license verified 2026-09-26	8c1dbc8578431da5d2d5118262718c60b553a9be3398e93658daa069e4a9afd4	8c1dbc8578431da5d2d5118262718c60b553a9be3398e93658daa069e4a9afd4
data/derived/SUM_fixed_gene_sample_values.tsv.gz	data/derived/SUM_fixed_gene_sample_values.tsv.gz	PUBLIC_DERIVED_ONLY	Frozen project comparison, aggregation, or source-bound derived table; preserve exact values	User-authorized project secondary-analysis output; DDRi/SPIDR underlying publisher material CC BY 4.0; SUM underlying archive CC BY 4.0; see docs/data_provenance.md	0026b635cc55d34243a3b3fb14d5d4284a023b8f242b9d0ad90253b8f2823f74	0026b635cc55d34243a3b3fb14d5d4284a023b8f242b9d0ad90253b8f2823f74
data/derived/final_count_export.tsv.gz		PUBLIC_METADATA_ONLY	Third-party raw-count/design-wide object: embedded data redistribution scope not independently established	Unresolved for embedded scientific data; archive code license is not assumed to cover it	27c21511a56891c8671843215d824f448a59d4119c9ef24475641ca56c595cfb	27c21511a56891c8671843215d824f448a59d4119c9ef24475641ca56c595cfb
data/derived/parent_Fig5d_normalized_values.tsv	data/derived/parent_Fig5d_normalized_values.tsv	PUBLIC_DERIVED_ONLY	Frozen project comparison, aggregation, or source-bound derived table; preserve exact values	User-authorized project secondary-analysis output; DDRi/SPIDR underlying publisher material CC BY 4.0; SUM underlying archive CC BY 4.0; see docs/data_provenance.md	49bf504ff9b6dd43c835fb45efab46d7daa5805414add51afb640ca857ab2bef	49bf504ff9b6dd43c835fb45efab46d7daa5805414add51afb640ca857ab2bef
data/derived/v3_factorial_sample_values.tsv.gz		PUBLIC_METADATA_ONLY	Third-party raw-count/design-wide object: embedded data redistribution scope not independently established	Unresolved for embedded scientific data; archive code license is not assumed to cover it	18cf84357a5f4d0d9a5f065d69fcc03d15e527ba33874727b41272db7e55d7e6	18cf84357a5f4d0d9a5f065d69fcc03d15e527ba33874727b41272db7e55d7e6
data/historical_sources/expected/lock/hypothesis_membership.csv	data/historical_sources/expected/lock/hypothesis_membership.csv	PUBLIC_DERIVED_ONLY	Frozen project comparison, aggregation, or source-bound derived table; preserve exact values	User-authorized project secondary-analysis output; DDRi/SPIDR underlying publisher material CC BY 4.0; SUM underlying archive CC BY 4.0; see docs/data_provenance.md	aa7dc921e828d53676bfdd0aebe960ea7146c5d66a16a52820f250138e445a13	aa7dc921e828d53676bfdd0aebe960ea7146c5d66a16a52820f250138e445a13
data/historical_sources/expected/lock/primary380_manifest.csv	data/historical_sources/expected/lock/primary380_manifest.csv	PUBLIC_DERIVED_ONLY	Frozen project comparison, aggregation, or source-bound derived table; preserve exact values	User-authorized project secondary-analysis output; DDRi/SPIDR underlying publisher material CC BY 4.0; SUM underlying archive CC BY 4.0; see docs/data_provenance.md	27bb61ef383edf3ef0050744bb0fc3335caa2c5ebb9bd48359689ca6c96ee9cd	27bb61ef383edf3ef0050744bb0fc3335caa2c5ebb9bd48359689ca6c96ee9cd
data/historical_sources/expected/lock/r3_record_identity_manifest.csv	data/historical_sources/expected/lock/r3_record_identity_manifest.csv	PUBLIC_DERIVED_ONLY	Frozen project comparison, aggregation, or source-bound derived table; preserve exact values	User-authorized project secondary-analysis output; DDRi/SPIDR underlying publisher material CC BY 4.0; SUM underlying archive CC BY 4.0; see docs/data_provenance.md	8af5c9403aaf5964fee9059afa507aea859a90cba7078f674f118ea8abe6616e	8af5c9403aaf5964fee9059afa507aea859a90cba7078f674f118ea8abe6616e
data/historical_sources/expected/lock/support400_manifest.csv	data/historical_sources/expected/lock/support400_manifest.csv	PUBLIC_DERIVED_ONLY	Frozen project comparison, aggregation, or source-bound derived table; preserve exact values	User-authorized project secondary-analysis output; DDRi/SPIDR underlying publisher material CC BY 4.0; SUM underlying archive CC BY 4.0; see docs/data_provenance.md	3481ad1bdbe75072071abc5d97dcc98194f457379c912bebbbc67db7d72f7b62	3481ad1bdbe75072071abc5d97dcc98194f457379c912bebbbc67db7d72f7b62
data/historical_sources/expected/processed/S1_manifest.csv	data/historical_sources/expected/processed/S1_manifest.csv	PUBLIC_DERIVED_ONLY	Frozen project comparison, aggregation, or source-bound derived table; preserve exact values	User-authorized project secondary-analysis output; DDRi/SPIDR underlying publisher material CC BY 4.0; SUM underlying archive CC BY 4.0; see docs/data_provenance.md	3481ad1bdbe75072071abc5d97dcc98194f457379c912bebbbc67db7d72f7b62	3481ad1bdbe75072071abc5d97dcc98194f457379c912bebbbc67db7d72f7b62
data/historical_sources/expected/processed/S2_manifest.csv	data/historical_sources/expected/processed/S2_manifest.csv	PUBLIC_DERIVED_ONLY	Frozen project comparison, aggregation, or source-bound derived table; preserve exact values	User-authorized project secondary-analysis output; DDRi/SPIDR underlying publisher material CC BY 4.0; SUM underlying archive CC BY 4.0; see docs/data_provenance.md	cded95fccd2d3b79dbe720c50c4e6dbe0084496a60fea70efe0ee867f8f40228	cded95fccd2d3b79dbe720c50c4e6dbe0084496a60fea70efe0ee867f8f40228
data/historical_sources/expected/processed/S3_manifest.csv	data/historical_sources/expected/processed/S3_manifest.csv	PUBLIC_DERIVED_ONLY	Frozen project comparison, aggregation, or source-bound derived table; preserve exact values	User-authorized project secondary-analysis output; DDRi/SPIDR underlying publisher material CC BY 4.0; SUM underlying archive CC BY 4.0; see docs/data_provenance.md	27bb61ef383edf3ef0050744bb0fc3335caa2c5ebb9bd48359689ca6c96ee9cd	27bb61ef383edf3ef0050744bb0fc3335caa2c5ebb9bd48359689ca6c96ee9cd
data/historical_sources/expected/processed/canonical_all_source_partners.csv	data/historical_sources/expected/processed/canonical_all_source_partners.csv	PUBLIC_DERIVED_ONLY	Frozen project comparison, aggregation, or source-bound derived table; preserve exact values	User-authorized project secondary-analysis output; DDRi/SPIDR underlying publisher material CC BY 4.0; SUM underlying archive CC BY 4.0; see docs/data_provenance.md	b8fbbf8a1b02cbef961751fae6fbe4d59c99cde565f6f446dbfd9fba72394a36	b8fbbf8a1b02cbef961751fae6fbe4d59c99cde565f6f446dbfd9fba72394a36
data/historical_sources/expected/processed/canonical_primary_panel.csv	data/historical_sources/expected/processed/canonical_primary_panel.csv	PUBLIC_DERIVED_ONLY	Frozen project comparison, aggregation, or source-bound derived table; preserve exact values	User-authorized project secondary-analysis output; DDRi/SPIDR underlying publisher material CC BY 4.0; SUM underlying archive CC BY 4.0; see docs/data_provenance.md	c74513541fec8f996e8278eaceab1aeef18b2bb378c096641345b10b811d3477	c74513541fec8f996e8278eaceab1aeef18b2bb378c096641345b10b811d3477
data/historical_sources/expected/processed/canonical_support400_panel.csv	data/historical_sources/expected/processed/canonical_support400_panel.csv	PUBLIC_DERIVED_ONLY	Frozen project comparison, aggregation, or source-bound derived table; preserve exact values	User-authorized project secondary-analysis output; DDRi/SPIDR underlying publisher material CC BY 4.0; SUM underlying archive CC BY 4.0; see docs/data_provenance.md	16c548ab830463e935e21eae566ae80773b2484655596b9cd9493d9dda156425	16c548ab830463e935e21eae566ae80773b2484655596b9cd9493d9dda156425
data/historical_sources/expected/processed/original_r3_records.csv	data/historical_sources/expected/processed/original_r3_records.csv	PUBLIC_DERIVED_ONLY	Frozen project comparison, aggregation, or source-bound derived table; preserve exact values	User-authorized project secondary-analysis output; DDRi/SPIDR underlying publisher material CC BY 4.0; SUM underlying archive CC BY 4.0; see docs/data_provenance.md	fa8bbf9685d7994baf59fa3b6b4a171428857ffc9d914fc69f51d78a796fefc8	fa8bbf9685d7994baf59fa3b6b4a171428857ffc9d914fc69f51d78a796fefc8
data/historical_sources/expected/processed/source_fragility.csv	data/historical_sources/expected/processed/source_fragility.csv	PUBLIC_DERIVED_ONLY	Frozen project comparison, aggregation, or source-bound derived table; preserve exact values	User-authorized project secondary-analysis output; DDRi/SPIDR underlying publisher material CC BY 4.0; SUM underlying archive CC BY 4.0; see docs/data_provenance.md	ee6fab1923738ab61fe97d76fd78c739eaac29cfaaca1e956e4326c2fcd2170c	ee6fab1923738ab61fe97d76fd78c739eaac29cfaaca1e956e4326c2fcd2170c
data/historical_sources/expected/processed/support_flow.csv	data/historical_sources/expected/processed/support_flow.csv	PUBLIC_DERIVED_ONLY	Frozen project comparison, aggregation, or source-bound derived table; preserve exact values	User-authorized project secondary-analysis output; DDRi/SPIDR underlying publisher material CC BY 4.0; SUM underlying archive CC BY 4.0; see docs/data_provenance.md	98b2f1239120868c9fa43699c59c3ad5415612d4a22ba882461c2e64366f354c	98b2f1239120868c9fa43699c59c3ad5415612d4a22ba882461c2e64366f354c
data/historical_sources/expected/results/analysis_summary.json	data/historical_sources/expected/results/analysis_summary.json	PUBLIC_DERIVED_ONLY	Frozen project comparison, aggregation, or source-bound derived table; preserve exact values	User-authorized project secondary-analysis output; DDRi/SPIDR underlying publisher material CC BY 4.0; SUM underlying archive CC BY 4.0; see docs/data_provenance.md	3d99b5b57ed0657f90176a537bcf1de0a3963f47ccf6e0744eb2df96072f4b79	3d99b5b57ed0657f90176a537bcf1de0a3963f47ccf6e0744eb2df96072f4b79
data/historical_sources/expected/results/matched_control_pairs.csv	data/historical_sources/expected/results/matched_control_pairs.csv	PUBLIC_DERIVED_ONLY	Frozen project comparison, aggregation, or source-bound derived table; preserve exact values	User-authorized project secondary-analysis output; DDRi/SPIDR underlying publisher material CC BY 4.0; SUM underlying archive CC BY 4.0; see docs/data_provenance.md	fa82da3e3dac9eeebef5d1a2d0aa2b25db7f7a242d96f3086c82f982171a7470	fa82da3e3dac9eeebef5d1a2d0aa2b25db7f7a242d96f3086c82f982171a7470
data/historical_sources/expected/results/matched_source_cases.csv	data/historical_sources/expected/results/matched_source_cases.csv	PUBLIC_DERIVED_ONLY	Frozen project comparison, aggregation, or source-bound derived table; preserve exact values	User-authorized project secondary-analysis output; DDRi/SPIDR underlying publisher material CC BY 4.0; SUM underlying archive CC BY 4.0; see docs/data_provenance.md	48c6f250eb2668b25a80e5c305f953714ccc1dae5d5283425fe220253355a08d	48c6f250eb2668b25a80e5c305f953714ccc1dae5d5283425fe220253355a08d
data/historical_sources/expected/results/pairwise_effects.csv	data/historical_sources/expected/results/pairwise_effects.csv	PUBLIC_DERIVED_ONLY	Frozen project comparison, aggregation, or source-bound derived table; preserve exact values	User-authorized project secondary-analysis output; DDRi/SPIDR underlying publisher material CC BY 4.0; SUM underlying archive CC BY 4.0; see docs/data_provenance.md	c9140fad774ffd9da19a2c06897059fc3d1264c2fcad408e12e6e0cbd3985b39	c9140fad774ffd9da19a2c06897059fc3d1264c2fcad408e12e6e0cbd3985b39
data/historical_sources/stage0/Stage0_Report.md	data/historical_sources/stage0/Stage0_Report.md	PUBLIC_INCLUDE	Project code, documentation, or fixed protocol; user authorized public release	Project release permission; no public software reuse license selected	b26ed627d40a969c80cac812635314c9663669794e826a8da7e4b74cf367d49d	b26ed627d40a969c80cac812635314c9663669794e826a8da7e4b74cf367d49d
data/historical_sources/stage0/manifest.csv	data/historical_sources/stage0/manifest.csv	PUBLIC_INCLUDE	Project code, documentation, or fixed protocol; user authorized public release	Project release permission; no public software reuse license selected	712fc167fe7f4cf6c22bf1842627988b31af1cea12154af14eedbec447aeeb1c	712fc167fe7f4cf6c22bf1842627988b31af1cea12154af14eedbec447aeeb1c
data/historical_sources/stage0/qualified_support.csv	data/historical_sources/stage0/qualified_support.csv	PUBLIC_INCLUDE	Project code, documentation, or fixed protocol; user authorized public release	Project release permission; no public software reuse license selected	32da2012445f57fa2bc4d8bc58481b52b38aa1f07d1667d5e323e8edc47a9c8a	32da2012445f57fa2bc4d8bc58481b52b38aa1f07d1667d5e323e8edc47a9c8a
data/historical_sources/stage0/raw/DDRi_Dataset1_v2.xlsx		PUBLIC_METADATA_ONLY	Original publisher file supplied through exact retrieval; no source workbook private save-path metadata in Git	Publisher CC BY 4.0 verified 2026-09-26; source attribution retained	d71242b0a5c18f4eeb53e1f5d4db5580432f8ecf2d5e9c88d66977e30220f367	d71242b0a5c18f4eeb53e1f5d4db5580432f8ecf2d5e9c88d66977e30220f367
data/historical_sources/stage0/raw/DDRi_Dataset3_v3.xlsx		PUBLIC_METADATA_ONLY	Original publisher file supplied through exact retrieval; no source workbook private save-path metadata in Git	Publisher CC BY 4.0 verified 2026-09-26; source attribution retained	1a6dc8dfdd36b7b9fedb2cc4f878e7ec362845c6a4c714fb61f6e5f9f6edd7fc	1a6dc8dfdd36b7b9fedb2cc4f878e7ec362845c6a4c714fb61f6e5f9f6edd7fc
data/historical_sources/stage0/raw/SPIDR_Table3_GEMINI.csv		PUBLIC_METADATA_ONLY	Original publisher file supplied through exact retrieval; no source workbook private save-path metadata in Git	Publisher CC BY 4.0 verified 2026-09-26; source attribution retained	341e2625e3383c8ba7e446bd230eae7502c066da95a91563311cda16dcd34d13	341e2625e3383c8ba7e446bd230eae7502c066da95a91563311cda16dcd34d13
data/historical_sources/stage0/schema_map.json	data/historical_sources/stage0/schema_map.json	PUBLIC_INCLUDE	Project code, documentation, or fixed protocol; user authorized public release	Project release permission; no public software reuse license selected	4b7f1bbc781261f86746359153d375fd0bd70827533897f18a7f6eb08d7ea23f	4b7f1bbc781261f86746359153d375fd0bd70827533897f18a7f6eb08d7ea23f
data/historical_sources/stage0/screen_metadata.csv	data/historical_sources/stage0/screen_metadata.csv	PUBLIC_INCLUDE	Project code, documentation, or fixed protocol; user authorized public release	Project release permission; no public software reuse license selected	4ccbc6aea36d0e2d1187eda38a5963e6fccc40334d539311098c32122627f96a	4ccbc6aea36d0e2d1187eda38a5963e6fccc40334d539311098c32122627f96a
data/historical_sources/supplied_lock/CODEX_EXECUTE_STAGE1.md	data/historical_sources/supplied_lock/CODEX_EXECUTE_STAGE1.md	PUBLIC_INCLUDE	Project code, documentation, or fixed protocol; user authorized public release	Project release permission; no public software reuse license selected	4fde7cdd1bc9be6393ff75a80e73f9ba9d7d688952e051dc4a2582ef755c45ee	4fde7cdd1bc9be6393ff75a80e73f9ba9d7d688952e051dc4a2582ef755c45ee
data/historical_sources/supplied_lock/DDR_TargetBridge_Stage1_Analysis_Lock.json	data/historical_sources/supplied_lock/DDR_TargetBridge_Stage1_Analysis_Lock.json	PUBLIC_INCLUDE	Project code, documentation, or fixed protocol; user authorized public release	Project release permission; no public software reuse license selected	78fc36d21050c539f9fdb383d9daacf966738599aa0fe0aa3bc37e50c9d213f1	78fc36d21050c539f9fdb383d9daacf966738599aa0fe0aa3bc37e50c9d213f1
data/historical_sources/supplied_lock/DDR_TargetBridge_Stage1_Protocol.md	data/historical_sources/supplied_lock/DDR_TargetBridge_Stage1_Protocol.md	PUBLIC_INCLUDE	Project code, documentation, or fixed protocol; user authorized public release; public packaging or path-only adaptation, frozen science unchanged	Project release permission; no public software reuse license selected	85424f9983afa92a125d23ddb47e68d54fce2058612e01a53244fc9b04ba691c	2dd1da1e8885b283283b6dbd5b09aeae2486ba51d49041f247a9db64ef157aca
data_metadata/SUM_all_fixed_pathway_members.tsv	data_metadata/SUM_all_fixed_pathway_members.tsv	PUBLIC_INCLUDE	Project code, documentation, or fixed protocol; user authorized public release	Project provenance/identity metadata; original source ownership attributed	4a1827ed611b01d5ce123637a11bd762909507d8bc36fe5643111bce24f0b8aa	4a1827ed611b01d5ce123637a11bd762909507d8bc36fe5643111bce24f0b8aa
data_metadata/count_input_manifest.tsv	data_metadata/count_input_manifest.tsv	PUBLIC_INCLUDE	Project code, documentation, or fixed protocol; user authorized public release	Project provenance/identity metadata; original source ownership attributed	338a3ac3eb12e3ef99c2ab1307dbe7a4d4adf5bd8b755eea4b33cd7e8ba81051	338a3ac3eb12e3ef99c2ab1307dbe7a4d4adf5bd8b755eea4b33cd7e8ba81051
data_metadata/count_output_manifest.tsv		LOCAL_ARCHIVE_ONLY	Internal packaging/history record retained in original V3; not a recruiter-facing source	Local archive; not published	50ea1924ae329e34e6074cccc0a3c0d2d8e7c7135c43a6ce0b32e89da20545d4	50ea1924ae329e34e6074cccc0a3c0d2d8e7c7135c43a6ce0b32e89da20545d4
data_metadata/discovery_output_inventory.tsv		LOCAL_ARCHIVE_ONLY	Internal packaging/history record retained in original V3; not a recruiter-facing source	Local archive; not published	53efa02cd9cb3ed90e2f8f37efc28df56283048b3561816da62c175deddf2212	53efa02cd9cb3ed90e2f8f37efc28df56283048b3561816da62c175deddf2212
data_metadata/final_input_manifest.json	data_metadata/final_input_manifest.json	PUBLIC_INCLUDE	Project code, documentation, or fixed protocol; user authorized public release	Project provenance/identity metadata; original source ownership attributed	e63b9568f810d259953f06598db3932bacd62d23842f33cc47fa36d79f527cfa	e63b9568f810d259953f06598db3932bacd62d23842f33cc47fa36d79f527cfa
data_metadata/final_sources.md	data_metadata/final_sources.md	PUBLIC_INCLUDE	Project code, documentation, or fixed protocol; user authorized public release	Project provenance/identity metadata; original source ownership attributed	150b6b25e0477f83d962167dfe70e4b025105eadb9c8249d56b2925c9498651d	150b6b25e0477f83d962167dfe70e4b025105eadb9c8249d56b2925c9498651d
data_metadata/fixed_ntc.tsv	data_metadata/fixed_ntc.tsv	PUBLIC_INCLUDE	Project code, documentation, or fixed protocol; user authorized public release	Project provenance/identity metadata; original source ownership attributed	e28c63dac3f39094fb42c62e6fa8112da467e30ffc6129874d00e26ab90d0966	e28c63dac3f39094fb42c62e6fa8112da467e30ffc6129874d00e26ab90d0966
data_metadata/historical_completeness.tsv		LOCAL_ARCHIVE_ONLY	Internal packaging/history record retained in original V3; not a recruiter-facing source	Local archive; not published	25b055b68dc66e7a6581bfbec6e90b96e0ebdc63e6ed96c642abc3fcec644df7	25b055b68dc66e7a6581bfbec6e90b96e0ebdc63e6ed96c642abc3fcec644df7
data_metadata/historical_input_manifest.json	data_metadata/historical_input_manifest.json	PUBLIC_INCLUDE	Project code, documentation, or fixed protocol; user authorized public release; public packaging or path-only adaptation, frozen science unchanged	Project provenance/identity metadata; original source ownership attributed	b8df2caa8a95dcdb55f50123f0264c35841a010035f0b2ee34dddae0509261e2	89ee55614ce3f33b36f810b300298a0c88a6f34c72f5021a157965a133f156e1
data_metadata/original_screen_metadata.csv	data_metadata/original_screen_metadata.csv	PUBLIC_INCLUDE	Project code, documentation, or fixed protocol; user authorized public release	Project provenance/identity metadata; original source ownership attributed	4ccbc6aea36d0e2d1187eda38a5963e6fccc40334d539311098c32122627f96a	4ccbc6aea36d0e2d1187eda38a5963e6fccc40334d539311098c32122627f96a
data_metadata/parent_assay_normalization.tsv	data_metadata/parent_assay_normalization.tsv	PUBLIC_INCLUDE	Project code, documentation, or fixed protocol; user authorized public release	Project provenance/identity metadata; original source ownership attributed	53680890d0e4828bcdaf136d0321386689dbbfc16dcd173adb0bf754339c11ac	53680890d0e4828bcdaf136d0321386689dbbfc16dcd173adb0bf754339c11ac
data_metadata/parent_assay_source_cells.tsv	data_metadata/parent_assay_source_cells.tsv	PUBLIC_INCLUDE	Project code, documentation, or fixed protocol; user authorized public release	Project provenance/identity metadata; original source ownership attributed	5a7529766fa33940190c8ccdf4d16f24c15b0ec8ef24407d111338967e5b9705	5a7529766fa33940190c8ccdf4d16f24c15b0ec8ef24407d111338967e5b9705
data_metadata/parent_figure_duplicate_map.tsv	data_metadata/parent_figure_duplicate_map.tsv	PUBLIC_INCLUDE	Project code, documentation, or fixed protocol; user authorized public release	Project provenance/identity metadata; original source ownership attributed	4e51c7f5bccd75ddca11befb2e0862de22cc0c1cbef42a2abfae0ab453266309	4e51c7f5bccd75ddca11befb2e0862de22cc0c1cbef42a2abfae0ab453266309
data_metadata/reactome_membership_frozen.json	data_metadata/reactome_membership_frozen.json	PUBLIC_INCLUDE	Project code, documentation, or fixed protocol; user authorized public release	Reactome data CC0; official license verified 2026-09-26	dabbc9798bfe61baacab378ddae5f0993112b84bf763c3a1f70b578caabacac4	dabbc9798bfe61baacab378ddae5f0993112b84bf763c3a1f70b578caabacac4
data_metadata/source_studies.tsv	data_metadata/source_studies.tsv	PUBLIC_INCLUDE	Project code, documentation, or fixed protocol; user authorized public release	Project provenance/identity metadata; original source ownership attributed	5005d1a39ba6a744b0e495236e395617dda873bdfa6900f2edcc26ac0e31e3b5	5005d1a39ba6a744b0e495236e395617dda873bdfa6900f2edcc26ac0e31e3b5
data_metadata/support_qualification_receipt.json	data_metadata/support_qualification_receipt.json	PUBLIC_INCLUDE	Project code, documentation, or fixed protocol; user authorized public release	Project provenance/identity metadata; original source ownership attributed	7bdc71107641acb6618095ae31a556fb74fde48ff8a21caf13d007b6b8cfe4a3	7bdc71107641acb6618095ae31a556fb74fde48ff8a21caf13d007b6b8cfe4a3
docs/ANALYSIS_VALUE.md	docs/ANALYSIS_VALUE.md	PUBLIC_INCLUDE	Project code, documentation, or fixed protocol; user authorized public release	Project release permission; no public software reuse license selected	f856cff6959f22b7d7743d3eab868ba890405e65fe8336bf77622dc69ceea457	f856cff6959f22b7d7743d3eab868ba890405e65fe8336bf77622dc69ceea457
docs/ARCHIVE_MAP.md		LOCAL_ARCHIVE_ONLY	Internal packaging/history record retained in original V3; not a recruiter-facing source	Local archive; not published	39ec518e9b85b1dde23984f2bf964195660f8b3303d4619e9ff8580c6256739c	39ec518e9b85b1dde23984f2bf964195660f8b3303d4619e9ff8580c6256739c
docs/BUILDING.md	docs/BUILDING.md	PUBLIC_INCLUDE	Project code, documentation, or fixed protocol; user authorized public release; public packaging or path-only adaptation, frozen science unchanged	Project release permission; no public software reuse license selected	b4b84b88b17862721f71226056a1b588d91c1340b3cdf3dca79cb63abdd47a7f	315ed3e6d8bf64e9cef4293bc20ff00b6d573dd342e7623d07cef75dcd21215f
docs/CONTRIBUTION_MAP.md	docs/contribution_map.md	PUBLIC_INCLUDE	Project code, documentation, or fixed protocol; user authorized public release; public packaging or path-only adaptation, frozen science unchanged	Project release permission; no public software reuse license selected	702a2677359511526b3e83a87d2c807d727c87ff4cb3a5140f585649f99b7fa0	454d3111a154080f7a5015178c68d7989ce0d6d6a0d78358c38c533f11101763
docs/DECISION_HISTORY.md	docs/decision_history.md	PUBLIC_INCLUDE	Project code, documentation, or fixed protocol; user authorized public release	Project release permission; no public software reuse license selected	1c37aa03f0b1bec8cf61861fce14a27b5b05038c227a112a4e2955619b291281	1c37aa03f0b1bec8cf61861fce14a27b5b05038c227a112a4e2955619b291281
docs/METHODS.md	docs/METHODS.md	PUBLIC_INCLUDE	Project code, documentation, or fixed protocol; user authorized public release	Project release permission; no public software reuse license selected	3167a8a763b295cf9c7a5a1bfc6bb188350718eeeeec24ae81be142e855c4179	3167a8a763b295cf9c7a5a1bfc6bb188350718eeeeec24ae81be142e855c4179
docs/PERSONAL_RESPONSIBILITY.md	docs/PERSONAL_RESPONSIBILITY.md	PUBLIC_INCLUDE	Project code, documentation, or fixed protocol; user authorized public release	Project release permission; no public software reuse license selected	6b6510302039d11326fff8301b9908367d729717e478291dd56ffb2611e03ff3	6b6510302039d11326fff8301b9908367d729717e478291dd56ffb2611e03ff3
docs/PUBLIC_RELEASE_CHECKLIST.md		LOCAL_ARCHIVE_ONLY	Internal packaging/history record retained in original V3; not a recruiter-facing source	Local archive; not published	c610faee09d1bc90630232bfa6ffeea560dc05184d1e33837353630f866e2e60	c610faee09d1bc90630232bfa6ffeea560dc05184d1e33837353630f866e2e60
docs/README_CN.md		LOCAL_ARCHIVE_ONLY	Internal packaging/history record retained in original V3; not a recruiter-facing source	Local archive; not published	56520fb2776298259eaf12516f9c11a84cbeb45cb2d5637b1633b1a759c61f9f	56520fb2776298259eaf12516f9c11a84cbeb45cb2d5637b1633b1a759c61f9f
docs/REPRODUCIBILITY.md	docs/reproducibility.md	PUBLIC_INCLUDE	Project code, documentation, or fixed protocol; user authorized public release; public packaging or path-only adaptation, frozen science unchanged	Project release permission; no public software reuse license selected	43f712e7f67221316f05b9a0fc2b3e433aca721aac1c260476e75b2793256b63	bc960414ac4cd702f310b856c339534cccd96d9a27124dd74474bebfbc124ef8
docs/RIGHTS_AND_ATTRIBUTION.md	docs/RIGHTS_AND_ATTRIBUTION.md	PUBLIC_INCLUDE	Project code, documentation, or fixed protocol; user authorized public release; public packaging or path-only adaptation, frozen science unchanged	Project release permission; no public software reuse license selected	7a0b7e8c15d3724253e4be9eb2a46bb796aae00949a57996c0a65ad4634f6955	f3d80954014853e52cd34d7c9585022f022ef149b08afaeaf902a613d165808d
docs/SCIENTIFIC_CLAIM_LEDGER.json	docs/SCIENTIFIC_CLAIM_LEDGER.json	PUBLIC_INCLUDE	Project code, documentation, or fixed protocol; user authorized public release	Project release permission; no public software reuse license selected	703640a0e86f393d7116a2ede798e43c8ba8fa0d6b8215ac7106eb5e763d87d1	703640a0e86f393d7116a2ede798e43c8ba8fa0d6b8215ac7106eb5e763d87d1
docs/SCIENTIFIC_CLAIM_LEDGER.md	docs/SCIENTIFIC_CLAIM_LEDGER.md	PUBLIC_INCLUDE	Project code, documentation, or fixed protocol; user authorized public release; public packaging or path-only adaptation, frozen science unchanged	Project release permission; no public software reuse license selected	1fb4672ca8e71e603f5be606a86d64efa963f64992f352b1a35d88874587c9a1	3b6d23e181709034035f995d3ceeb6168a5100a9cc57899f488096639aa0959b
docs/SOURCES.md	docs/SOURCES.md	PUBLIC_INCLUDE	Project code, documentation, or fixed protocol; user authorized public release; public packaging or path-only adaptation, frozen science unchanged	Project release permission; no public software reuse license selected	ddc80edfe713775b33153596d194c4f82b58d4e315bc6e18a5357e09f211580f	e12cea59d30a8e3926b3d88f398c2f2d97af790732cb43895abf3c1840219d67
environment/observed_environment.json	environment/observed_environment.json	PUBLIC_INCLUDE	Project code, documentation, or fixed protocol; user authorized public release	Project release permission; no public software reuse license selected	89881f90c20d73682b337518e184f6fcd6d723ef9c2d32dc79fcc4ac0a457ec7	89881f90c20d73682b337518e184f6fcd6d723ef9c2d32dc79fcc4ac0a457ec7
environment/requirements-core.txt	environment/requirements-core.txt	PUBLIC_INCLUDE	Project code, documentation, or fixed protocol; user authorized public release	Project release permission; no public software reuse license selected	c40dbe22539de3b896dc53b9ef297da510891dcc7897be40a1e7bf7a468735f7	c40dbe22539de3b896dc53b9ef297da510891dcc7897be40a1e7bf7a468735f7
environment/requirements-presentation.txt	environment/requirements-presentation.txt	PUBLIC_INCLUDE	Project code, documentation, or fixed protocol; user authorized public release	Project release permission; no public software reuse license selected	00ffd781d6452cf944f3ccfb0cecb5e70769f549f11d6e9a3521ad96b81bc93e	00ffd781d6452cf944f3ccfb0cecb5e70769f549f11d6e9a3521ad96b81bc93e
figures/01_components.png	figures/01_components.png	PUBLIC_INCLUDE	Project code, documentation, or fixed protocol; user authorized public release	Project release permission; no public software reuse license selected	36adc3c9c1e37becfaff9fbad1175041f0bcfe41abaa5c86333b219169871aac	36adc3c9c1e37becfaff9fbad1175041f0bcfe41abaa5c86333b219169871aac
figures/01_components.svg	figures/01_components.svg	PUBLIC_INCLUDE	Project code, documentation, or fixed protocol; user authorized public release	Project release permission; no public software reuse license selected	dc805f6e0e37e1f73038f465b5cda8bb31267d8f78e5a70c55d883e1f3b2c2c5	dc805f6e0e37e1f73038f465b5cda8bb31267d8f78e5a70c55d883e1f3b2c2c5
figures/02_comparator_members.png	figures/02_comparator_members.png	PUBLIC_INCLUDE	Project code, documentation, or fixed protocol; user authorized public release	Project release permission; no public software reuse license selected	24c42f86596ab0da6e66a8916e92c042c971c791ff35562826fb14b39711aadc	24c42f86596ab0da6e66a8916e92c042c971c791ff35562826fb14b39711aadc
figures/02_comparator_members.svg	figures/02_comparator_members.svg	PUBLIC_INCLUDE	Project code, documentation, or fixed protocol; user authorized public release	Project release permission; no public software reuse license selected	215480e232dcc5c8f9684315942e1a78e896ac1196fe449448a7f42478f6ba10	215480e232dcc5c8f9684315942e1a78e896ac1196fe449448a7f42478f6ba10
figures/03_count_floor.png	figures/03_count_floor.png	PUBLIC_INCLUDE	Project code, documentation, or fixed protocol; user authorized public release	Project release permission; no public software reuse license selected	0e1cde25c5d2c234a9e1af0b011c7269ee2bd91522bd821164a7ef2f8b949240	0e1cde25c5d2c234a9e1af0b011c7269ee2bd91522bd821164a7ef2f8b949240
figures/03_count_floor.svg	figures/03_count_floor.svg	PUBLIC_INCLUDE	Project code, documentation, or fixed protocol; user authorized public release	Project release permission; no public software reuse license selected	ced6635839e4f14079853d57234f767cdc46cc4456aff7322f6e3b5ac29007d1	ced6635839e4f14079853d57234f767cdc46cc4456aff7322f6e3b5ac29007d1
figures/04_samples_C.png	figures/04_samples_C.png	PUBLIC_INCLUDE	Project code, documentation, or fixed protocol; user authorized public release	Project release permission; no public software reuse license selected	dc57ed24077ee8ddb0f226cf74eaeb7d6cd401b6216c4ce8087ed8ea2370b7d9	dc57ed24077ee8ddb0f226cf74eaeb7d6cd401b6216c4ce8087ed8ea2370b7d9
figures/04_samples_C.svg	figures/04_samples_C.svg	PUBLIC_INCLUDE	Project code, documentation, or fixed protocol; user authorized public release	Project release permission; no public software reuse license selected	10c338d4552bc7e5a6ad3862a5189c9f5c798037b7bc4ab2e358149c2973e415	10c338d4552bc7e5a6ad3862a5189c9f5c798037b7bc4ab2e358149c2973e415
figures/04_samples_M.png	figures/04_samples_M.png	PUBLIC_INCLUDE	Project code, documentation, or fixed protocol; user authorized public release	Project release permission; no public software reuse license selected	d16340d7c9013ede45e19741d336a49af9fd6d1b6863ae35daa95c804ee36dd5	d16340d7c9013ede45e19741d336a49af9fd6d1b6863ae35daa95c804ee36dd5
figures/04_samples_M.svg	figures/04_samples_M.svg	PUBLIC_INCLUDE	Project code, documentation, or fixed protocol; user authorized public release	Project release permission; no public software reuse license selected	1b7bf818d17623f2c98e3d75dbfcdb1a866cd49a01b574ee56a5a24fa22afee4	1b7bf818d17623f2c98e3d75dbfcdb1a866cd49a01b574ee56a5a24fa22afee4
figures/FIGURE_SOURCES.json	figures/FIGURE_SOURCES.json	PUBLIC_INCLUDE	Project code, documentation, or fixed protocol; user authorized public release	Project release permission; no public software reuse license selected	822e4743a0908215af2078cd45e076c01287888e6a76f9fea5a1788615712ed6	822e4743a0908215af2078cd45e076c01287888e6a76f9fea5a1788615712ed6
portfolio/INTERVIEW_CN_EN.md	portfolio/INTERVIEW_CN_EN.md	PUBLIC_INCLUDE	Project code, documentation, or fixed protocol; user authorized public release	Project release permission; no public software reuse license selected	9bbdd3712f04c182729ceea4d44ea86525ee2cbc282408b2a2b7ffb406af98ad	9bbdd3712f04c182729ceea4d44ea86525ee2cbc282408b2a2b7ffb406af98ad
portfolio/PI_SUMMARY.md	portfolio/PI_SUMMARY.md	PUBLIC_INCLUDE	Project code, documentation, or fixed protocol; user authorized public release	Project release permission; no public software reuse license selected	711404f976ad20c5742752ad9ed9dfa286eaf97746b366636e3fecbb90662509	711404f976ad20c5742752ad9ed9dfa286eaf97746b366636e3fecbb90662509
portfolio/PROJECT_BRIEF.docx	portfolio/PROJECT_BRIEF.docx	PUBLIC_INCLUDE	Project code, documentation, or fixed protocol; user authorized public release	Project release permission; no public software reuse license selected	2bbdc3b812e65ab9538303a88102e2844e5c6464b1819270a4aa07b6c9c326c5	2bbdc3b812e65ab9538303a88102e2844e5c6464b1819270a4aa07b6c9c326c5
portfolio/PROJECT_BRIEF.md	portfolio/PROJECT_BRIEF.md	PUBLIC_INCLUDE	Project code, documentation, or fixed protocol; user authorized public release	Project release permission; no public software reuse license selected	4d0ac7e52b825d760474b2ee44d347b365bf700d891cd7223eb9824ff86ebe95	4d0ac7e52b825d760474b2ee44d347b365bf700d891cd7223eb9824ff86ebe95
portfolio/PROJECT_BRIEF.pdf	portfolio/PROJECT_BRIEF.pdf	PUBLIC_INCLUDE	Project code, documentation, or fixed protocol; user authorized public release	Project release permission; no public software reuse license selected	8108867350bdfa42d131cf9314c2958b84b216529d7dc11b3ec4feed927328b2	8108867350bdfa42d131cf9314c2958b84b216529d7dc11b3ec4feed927328b2
portfolio/RESUME_BULLETS.md	portfolio/RESUME_BULLETS.md	PUBLIC_INCLUDE	Project code, documentation, or fixed protocol; user authorized public release	Project release permission; no public software reuse license selected	89791306aa63e32d9b3afc15512a726b518bdf24ce60bae366fd4393f73e09a3	89791306aa63e32d9b3afc15512a726b518bdf24ce60bae366fd4393f73e09a3
portfolio_tests/test_release.py		LOCAL_ARCHIVE_ONLY	Internal packaging/history record retained in original V3; not a recruiter-facing source	Local archive; not published	2a8323c78d2980c7592c8e12f7f68942456a2802bd4c853b955c568675b5bdab	2a8323c78d2980c7592c8e12f7f68942456a2802bd4c853b955c568675b5bdab
presentation/DDR_TargetBridge.pdf	presentation/DDR_TargetBridge.pdf	PUBLIC_INCLUDE	Project code, documentation, or fixed protocol; user authorized public release; public packaging or path-only adaptation, frozen science unchanged	Project release permission; no public software reuse license selected	d3fe172ca1b6414eb472c862b21b61247507e6eeeff8fc8ae2ca2aa7d7ffe30d	9df0be6e659ed508c2cc1eae7162bcd53aad1c512c7a21aab272d9ec53433788
presentation/DDR_TargetBridge.pptx		LOCAL_ARCHIVE_ONLY	Original editable deck has V3-internal reproduction labels; public PDF contains corrected distribution instructions	Project release permission; no public software reuse license selected	c76afb180ae7d422769ed8658221eac52122cf1d1f2acdd4233e2f902b4ed23f	c76afb180ae7d422769ed8658221eac52122cf1d1f2acdd4233e2f902b4ed23f
presentation/SLIDE_NOTES_CN.md	presentation/SLIDE_NOTES_CN.md	PUBLIC_INCLUDE	Project code, documentation, or fixed protocol; user authorized public release	Project release permission; no public software reuse license selected	1af8394fbea64cff3e3959b602f68086252d68df21e0c933ed7bc7f02e6ae926	1af8394fbea64cff3e3959b602f68086252d68df21e0c933ed7bc7f02e6ae926
provenance/ORIGINAL_ARCHIVES.json		LOCAL_ARCHIVE_ONLY	Internal packaging/history record retained in original V3; not a recruiter-facing source	Local archive; not published	f0782a79143b98f16fc55ebf30ab413e2be11877c9d70d3142f0b4a7f3a2beac	f0782a79143b98f16fc55ebf30ab413e2be11877c9d70d3142f0b4a7f3a2beac
provenance/RELEASE_MANIFEST.tsv		LOCAL_ARCHIVE_ONLY	Internal packaging/history record retained in original V3; not a recruiter-facing source	Local archive; not published	78eb314fd6a978dd4455b242efbd7ba16fcae8ba349d1a581bc92ee4d3958ae3	78eb314fd6a978dd4455b242efbd7ba16fcae8ba349d1a581bc92ee4d3958ae3
provenance/SOURCE_RIGHTS_V2.md	provenance/SOURCE_RIGHTS_V2.md	PUBLIC_INCLUDE	Project code, documentation, or fixed protocol; user authorized public release	Project release permission; no public software reuse license selected	ed95197130ff4cf22ccf76465049c6db8297bb0c0a7d425996b13b4f7117747a	ed95197130ff4cf22ccf76465049c6db8297bb0c0a7d425996b13b4f7117747a
provenance/V2_ARCHIVE_CATALOG.tsv		LOCAL_ARCHIVE_ONLY	Internal packaging/history record retained in original V3; not a recruiter-facing source	Local archive; not published	f72dabbc99a083492bbf9959ab0915371e20eefbf1fbf3a8e53dca026b7f7f03	f72dabbc99a083492bbf9959ab0915371e20eefbf1fbf3a8e53dca026b7f7f03
provenance/build/FINAL_BUILD_RECEIPT.json		LOCAL_ARCHIVE_ONLY	Internal packaging/history record retained in original V3; not a recruiter-facing source	Local archive; not published	6ffc6c197d982506686dbc0e4a1fc96d315e19f975b437119b56e1153612dee3	6ffc6c197d982506686dbc0e4a1fc96d315e19f975b437119b56e1153612dee3
provenance/build/SCIENTIFIC_BYTE_PARITY.tsv		LOCAL_ARCHIVE_ONLY	Internal packaging/history record retained in original V3; not a recruiter-facing source	Local archive; not published	eebc632b8d6a8e13e7be32077ba7f5e9c59efa21a1488caa8b459285608f7f73	eebc632b8d6a8e13e7be32077ba7f5e9c59efa21a1488caa8b459285608f7f73
provenance/build/VISUAL_REVIEW.md		LOCAL_ARCHIVE_ONLY	Internal packaging/history record retained in original V3; not a recruiter-facing source	Local archive; not published	7b852506013eb487c1b4c18527f2d760ef0c54d91991a0060d07905f97d09910	7b852506013eb487c1b4c18527f2d760ef0c54d91991a0060d07905f97d09910
provenance/build/disclosure_reproduction.json		LOCAL_ARCHIVE_ONLY	Internal packaging/history record retained in original V3; not a recruiter-facing source	Local archive; not published	f3b4108cccc50750970700661b5345ff7d81cda47e34584269cb9350279943b1	f3b4108cccc50750970700661b5345ff7d81cda47e34584269cb9350279943b1
provenance/build/historical_reproduction.json		LOCAL_ARCHIVE_ONLY	Internal packaging/history record retained in original V3; not a recruiter-facing source	Local archive; not published	7a55596a88bf718d80c23b7b3e3056e945f41b1c80281ef76f7e52a49e4a9ae1	7a55596a88bf718d80c23b7b3e3056e945f41b1c80281ef76f7e52a49e4a9ae1
provenance/build/relocation_core_runner.json		LOCAL_ARCHIVE_ONLY	Internal packaging/history record retained in original V3; not a recruiter-facing source	Local archive; not published	6fd0f6ec194688c255146f308a366bfb4317d5ad5e92b8b277a2615ebecdfe59	6fd0f6ec194688c255146f308a366bfb4317d5ad5e92b8b277a2615ebecdfe59
provenance/build/relocation_disclosure_reproduction.json		LOCAL_ARCHIVE_ONLY	Internal packaging/history record retained in original V3; not a recruiter-facing source	Local archive; not published	f3b4108cccc50750970700661b5345ff7d81cda47e34584269cb9350279943b1	f3b4108cccc50750970700661b5345ff7d81cda47e34584269cb9350279943b1
provenance/build/relocation_historical_reproduction.json		LOCAL_ARCHIVE_ONLY	Internal packaging/history record retained in original V3; not a recruiter-facing source	Local archive; not published	7a55596a88bf718d80c23b7b3e3056e945f41b1c80281ef76f7e52a49e4a9ae1	7a55596a88bf718d80c23b7b3e3056e945f41b1c80281ef76f7e52a49e4a9ae1
provenance/build/relocation_historical_runner.json		LOCAL_ARCHIVE_ONLY	Internal packaging/history record retained in original V3; not a recruiter-facing source	Local archive; not published	e6de1c4d7e4870a0fd5f495e58770dcd6462f54936b1eda6f1204e92c29d1843	e6de1c4d7e4870a0fd5f495e58770dcd6462f54936b1eda6f1204e92c29d1843
provenance/build/relocation_terminal_reproduction.json		LOCAL_ARCHIVE_ONLY	Internal packaging/history record retained in original V3; not a recruiter-facing source	Local archive; not published	c3fd0dd8d2b5cf039669012edae6a6159621d098f8b965382a4ad6b48d892b45	c3fd0dd8d2b5cf039669012edae6a6159621d098f8b965382a4ad6b48d892b45
provenance/build/terminal_reproduction.json		LOCAL_ARCHIVE_ONLY	Internal packaging/history record retained in original V3; not a recruiter-facing source	Local archive; not published	c3fd0dd8d2b5cf039669012edae6a6159621d098f8b965382a4ad6b48d892b45	c3fd0dd8d2b5cf039669012edae6a6159621d098f8b965382a4ad6b48d892b45
provenance/legacy_catalogues/V2_artifact_index.tsv		LOCAL_ARCHIVE_ONLY	Internal packaging/history record retained in original V3; not a recruiter-facing source	Local archive; not published	719747535df3760794b8ef748d03c465a759c93130152f21f2633acfad81f1b9	719747535df3760794b8ef748d03c465a759c93130152f21f2633acfad81f1b9
provenance/legacy_catalogues/V2_figures_to_sources.tsv		LOCAL_ARCHIVE_ONLY	Internal packaging/history record retained in original V3; not a recruiter-facing source	Local archive; not published	84e757de4a2023cc61a1d27d55e1f2cfdba82fec517b032a3309beb033cca520	84e757de4a2023cc61a1d27d55e1f2cfdba82fec517b032a3309beb033cca520
provenance/legacy_config/canonical_claims_V2.json	provenance/legacy_config/canonical_claims_V2.json	PUBLIC_INCLUDE	Project code, documentation, or fixed protocol; user authorized public release	Project release permission; no public software reuse license selected	8c32fd631f404d84dfd660fe282c2ec44de2943e29f8b0459d549d4d290f2e8a	8c32fd631f404d84dfd660fe282c2ec44de2943e29f8b0459d549d4d290f2e8a
provenance/legacy_config/figure_sources_V2.json	provenance/legacy_config/figure_sources_V2.json	PUBLIC_INCLUDE	Project code, documentation, or fixed protocol; user authorized public release	Project release permission; no public software reuse license selected	b8c13c27123796bad5b44b92c5af83b41cf7f6cb208ccdbd3eb3b45f4d444bce	b8c13c27123796bad5b44b92c5af83b41cf7f6cb208ccdbd3eb3b45f4d444bce
provenance/locks/received_exploratory_balance.json	provenance/locks/received_exploratory_balance.json	PUBLIC_INCLUDE	Project code, documentation, or fixed protocol; user authorized public release	Project release permission; no public software reuse license selected	4b2d2f58ef25c059088b1369d7137c02a72c52341649b760e2bbe1a3f359416e	4b2d2f58ef25c059088b1369d7137c02a72c52341649b760e2bbe1a3f359416e
provenance/review_basis/FINAL_AUDIT_CN_received.md		EXCLUDE_PRIVATE	Internal simulated editorial review, not scientific source evidence	Internal editorial material	a192e989ac7882691ade84e6d709069f616c1f6df4eb7b7fbf02b43f44f7188e	a192e989ac7882691ade84e6d709069f616c1f6df4eb7b7fbf02b43f44f7188e
provenance/revision2/historical_reproduction/retained_source_called12.csv	provenance/revision2/historical_reproduction/retained_source_called12.csv	PUBLIC_INCLUDE	Project code, documentation, or fixed protocol; user authorized public release	Project release permission; no public software reuse license selected	15b02370d5189f80b258c4105c8a60d2ac706132321a4017f21b2c814dbcb95e	15b02370d5189f80b258c4105c8a60d2ac706132321a4017f21b2c814dbcb95e
provenance/source_ownership.tsv	provenance/source_ownership.tsv	PUBLIC_INCLUDE	Project code, documentation, or fixed protocol; user authorized public release	Project release permission; no public software reuse license selected	71665a26a7639b11283627e157fefa0c6b6481592492bd327a0da7500365f1f0	71665a26a7639b11283627e157fefa0c6b6481592492bd327a0da7500365f1f0
reports/CASE_STUDY.docx	reports/CASE_STUDY.docx	PUBLIC_INCLUDE	Project code, documentation, or fixed protocol; user authorized public release	Project release permission; no public software reuse license selected	31f2a3fb56fa78a88cee899631373082c0d648a59d7878d8f28d663bb5c9023a	31f2a3fb56fa78a88cee899631373082c0d648a59d7878d8f28d663bb5c9023a
reports/CASE_STUDY.md	reports/CASE_STUDY.md	PUBLIC_INCLUDE	Project code, documentation, or fixed protocol; user authorized public release	Project release permission; no public software reuse license selected	10f8540dd75529f0c520bdb897b03d5454fe788fcb64a09b4286e5865b1f2cda	10f8540dd75529f0c520bdb897b03d5454fe788fcb64a09b4286e5865b1f2cda
reports/CASE_STUDY.pdf	reports/DDR_TargetBridge_Case_Study.pdf	PUBLIC_INCLUDE	Project code, documentation, or fixed protocol; user authorized public release	Project release permission; no public software reuse license selected	74bd27ccc1580a1c6053df0c6c94b4bab0aac861d3a88bc501f9b6413cf13016	74bd27ccc1580a1c6053df0c6c94b4bab0aac861d3a88bc501f9b6413cf13016
reports/CONTEXTUAL_SUPPLEMENT.docx	reports/CONTEXTUAL_SUPPLEMENT.docx	PUBLIC_INCLUDE	Project code, documentation, or fixed protocol; user authorized public release	Project release permission; no public software reuse license selected	f3ea813e61e54ad6597b0dbd3e89d6f137bc44679c66adf98725fb53905a5c6f	f3ea813e61e54ad6597b0dbd3e89d6f137bc44679c66adf98725fb53905a5c6f
reports/CONTEXTUAL_SUPPLEMENT.md	reports/CONTEXTUAL_SUPPLEMENT.md	PUBLIC_INCLUDE	Project code, documentation, or fixed protocol; user authorized public release	Project release permission; no public software reuse license selected	53331be9763656cf2f5b125f0aaad07bc85743c07dae331e497557688946f2af	53331be9763656cf2f5b125f0aaad07bc85743c07dae331e497557688946f2af
reports/CONTEXTUAL_SUPPLEMENT.pdf	reports/CONTEXTUAL_SUPPLEMENT.pdf	PUBLIC_INCLUDE	Project code, documentation, or fixed protocol; user authorized public release	Project release permission; no public software reuse license selected	b3766cc3661d62f879d7aab49ae4280864ad4eed0e99758aee5ee4135eda30f2	b3766cc3661d62f879d7aab49ae4280864ad4eed0e99758aee5ee4135eda30f2
results/canonical/cross_program/R2_contrasts.tsv	results/canonical/cross_program/R2_contrasts.tsv	PUBLIC_DERIVED_ONLY	Frozen project comparison, aggregation, or source-bound derived table; preserve exact values	User-authorized project secondary-analysis output; DDRi/SPIDR underlying publisher material CC BY 4.0; SUM underlying archive CC BY 4.0; see docs/data_provenance.md	22f1646a71c30b57ff23d6ac1b7550471a5f820882e15d6533874e3aa23f9a5e	22f1646a71c30b57ff23d6ac1b7550471a5f820882e15d6533874e3aa23f9a5e
results/canonical/cross_program/R2_modules.tsv	results/canonical/cross_program/R2_modules.tsv	PUBLIC_DERIVED_ONLY	Frozen project comparison, aggregation, or source-bound derived table; preserve exact values	User-authorized project secondary-analysis output; DDRi/SPIDR underlying publisher material CC BY 4.0; SUM underlying archive CC BY 4.0; see docs/data_provenance.md	3a735fd783ff07956f210f9b39a2270b7fa7dced563f10d964dd97ac50c4cc2d	3a735fd783ff07956f210f9b39a2270b7fa7dced563f10d964dd97ac50c4cc2d
results/canonical/cross_program/discovery_contrasts.tsv	results/canonical/cross_program/discovery_contrasts.tsv	PUBLIC_DERIVED_ONLY	Frozen project comparison, aggregation, or source-bound derived table; preserve exact values	User-authorized project secondary-analysis output; DDRi/SPIDR underlying publisher material CC BY 4.0; SUM underlying archive CC BY 4.0; see docs/data_provenance.md	9e9bf013565de893b1c5295908e5ff2cdb8dfddf3a7d6460534d0b1a27417e29	9e9bf013565de893b1c5295908e5ff2cdb8dfddf3a7d6460534d0b1a27417e29
results/canonical/discovery/discovery_summary.json	results/canonical/discovery/discovery_summary.json	PUBLIC_DERIVED_ONLY	Frozen project comparison, aggregation, or source-bound derived table; preserve exact values	User-authorized project secondary-analysis output; DDRi/SPIDR underlying publisher material CC BY 4.0; SUM underlying archive CC BY 4.0; see docs/data_provenance.md	daa6bd90b2e88cd23aeccf055c990fa2c99d9a6abe059cad8e27a1ea0dbf3221	daa6bd90b2e88cd23aeccf055c990fa2c99d9a6abe059cad8e27a1ea0dbf3221
results/canonical/factorial/factorial_summary.json	results/canonical/factorial/factorial_summary.json	PUBLIC_DERIVED_ONLY	Frozen project comparison, aggregation, or source-bound derived table; preserve exact values	User-authorized project secondary-analysis output; DDRi/SPIDR underlying publisher material CC BY 4.0; SUM underlying archive CC BY 4.0; see docs/data_provenance.md	00567cd47bed9bd7ab444876595cfa210e34673ad67642a41c1dd6e1adf318a0	00567cd47bed9bd7ab444876595cfa210e34673ad67642a41c1dd6e1adf318a0
results/canonical/readout_boundaries/Fig5d_estimands.tsv	results/canonical/readout_boundaries/Fig5d_estimands.tsv	PUBLIC_DERIVED_ONLY	Frozen project comparison, aggregation, or source-bound derived table; preserve exact values	User-authorized project secondary-analysis output; DDRi/SPIDR underlying publisher material CC BY 4.0; SUM underlying archive CC BY 4.0; see docs/data_provenance.md	cc995172d4d99741bd34274b23da6aa018ae84fb650dba4ad72035b12971d800	cc995172d4d99741bd34274b23da6aa018ae84fb650dba4ad72035b12971d800
results/canonical/readout_boundaries/Fig5d_groups.tsv	results/canonical/readout_boundaries/Fig5d_groups.tsv	PUBLIC_DERIVED_ONLY	Frozen project comparison, aggregation, or source-bound derived table; preserve exact values	User-authorized project secondary-analysis output; DDRi/SPIDR underlying publisher material CC BY 4.0; SUM underlying archive CC BY 4.0; see docs/data_provenance.md	ce9984690cbd814a57cb555aaba8dec90623ebab451ce912e508f8d1b0da2405	ce9984690cbd814a57cb555aaba8dec90623ebab451ce912e508f8d1b0da2405
results/canonical/support_views/all_pathway_qualification.tsv	results/canonical/support_views/all_pathway_qualification.tsv	PUBLIC_DERIVED_ONLY	Frozen project comparison, aggregation, or source-bound derived table; preserve exact values	User-authorized project secondary-analysis output; DDRi/SPIDR underlying publisher material CC BY 4.0; SUM underlying archive CC BY 4.0; see docs/data_provenance.md	2bc50848c209dcee3b91f76764e984789c74c5af61f5bd4369385aafd7429c2e	2bc50848c209dcee3b91f76764e984789c74c5af61f5bd4369385aafd7429c2e
results/canonical/support_views/count_floor.tsv	results/canonical/support_views/count_floor.tsv	PUBLIC_DERIVED_ONLY	Frozen project comparison, aggregation, or source-bound derived table; preserve exact values	User-authorized project secondary-analysis output; DDRi/SPIDR underlying publisher material CC BY 4.0; SUM underlying archive CC BY 4.0; see docs/data_provenance.md	e3ed54eaba15818182d1e46972ade1cc79f8fc4b57ab9fb3b1bf70f887f3d634	e3ed54eaba15818182d1e46972ade1cc79f8fc4b57ab9fb3b1bf70f887f3d634
results/canonical/support_views/decision_grid.tsv	results/canonical/support_views/decision_grid.tsv	PUBLIC_DERIVED_ONLY	Frozen project comparison, aggregation, or source-bound derived table; preserve exact values	User-authorized project secondary-analysis output; DDRi/SPIDR underlying publisher material CC BY 4.0; SUM underlying archive CC BY 4.0; see docs/data_provenance.md	43b9aaf4538dba0a28650c5bfd714a2cc07285b5d1d848fd21132b948c1078ca	43b9aaf4538dba0a28650c5bfd714a2cc07285b5d1d848fd21132b948c1078ca
results/canonical/support_views/pathway_membership.tsv	results/canonical/support_views/pathway_membership.tsv	PUBLIC_DERIVED_ONLY	Frozen project comparison, aggregation, or source-bound derived table; preserve exact values	User-authorized project secondary-analysis output; DDRi/SPIDR underlying publisher material CC BY 4.0; SUM underlying archive CC BY 4.0; see docs/data_provenance.md	56662cc451deace0af64f7741cbdbd8b4449ef4c61d4647492a97fc3553d40b4	56662cc451deace0af64f7741cbdbd8b4449ef4c61d4647492a97fc3553d40b4
results/canonical/support_views/pathway_sample_values.tsv	results/canonical/support_views/pathway_sample_values.tsv	PUBLIC_DERIVED_ONLY	Frozen project comparison, aggregation, or source-bound derived table; preserve exact values	User-authorized project secondary-analysis output; DDRi/SPIDR underlying publisher material CC BY 4.0; SUM underlying archive CC BY 4.0; see docs/data_provenance.md	df67cfdf420d4ff3c2db7245e158c05ec8ea26e359a045045ca7ae826c211c8f	df67cfdf420d4ff3c2db7245e158c05ec8ea26e359a045045ca7ae826c211c8f
results/canonical/temporal/fixed_balance_all_times.tsv	results/canonical/temporal/fixed_balance_all_times.tsv	PUBLIC_DERIVED_ONLY	Frozen project comparison, aggregation, or source-bound derived table; preserve exact values	User-authorized project secondary-analysis output; DDRi/SPIDR underlying publisher material CC BY 4.0; SUM underlying archive CC BY 4.0; see docs/data_provenance.md	ca68ec61ed11ef87aad49a141ac6077ad87608c7e65817d570b3ea7ad85bf976	ca68ec61ed11ef87aad49a141ac6077ad87608c7e65817d570b3ea7ad85bf976
results/extended/cross_program/PARP1_exclusion.tsv	results/extended/cross_program/PARP1_exclusion.tsv	PUBLIC_DERIVED_ONLY	Frozen project comparison, aggregation, or source-bound derived table; preserve exact values	User-authorized project secondary-analysis output; DDRi/SPIDR underlying publisher material CC BY 4.0; SUM underlying archive CC BY 4.0; see docs/data_provenance.md	05ca0961b2ecdc01b39e102f30a5364263108f9a10bd65d353da03c3544eaeed	05ca0961b2ecdc01b39e102f30a5364263108f9a10bd65d353da03c3544eaeed
results/extended/cross_program/R2_members.tsv	results/extended/cross_program/R2_members.tsv	PUBLIC_DERIVED_ONLY	Frozen project comparison, aggregation, or source-bound derived table; preserve exact values	User-authorized project secondary-analysis output; DDRi/SPIDR underlying publisher material CC BY 4.0; SUM underlying archive CC BY 4.0; see docs/data_provenance.md	21f7d1ee3bea6b9ef2947c016895bce01a368a704b5e435aa5a24fa4005cd37d	21f7d1ee3bea6b9ef2947c016895bce01a368a704b5e435aa5a24fa4005cd37d
results/extended/original_rule/G_unique_manifest.csv	results/extended/original_rule/G_unique_manifest.csv	PUBLIC_DERIVED_ONLY	Frozen project comparison, aggregation, or source-bound derived table; preserve exact values	User-authorized project secondary-analysis output; DDRi/SPIDR underlying publisher material CC BY 4.0; SUM underlying archive CC BY 4.0; see docs/data_provenance.md	9ef79942f2d39ed6d185fcda7b709da67938019363461275076d75c9cc4d9820	9ef79942f2d39ed6d185fcda7b709da67938019363461275076d75c9cc4d9820
results/extended/original_rule/G_unique_paired_scores.csv	results/extended/original_rule/G_unique_paired_scores.csv	PUBLIC_DERIVED_ONLY	Frozen project comparison, aggregation, or source-bound derived table; preserve exact values	User-authorized project secondary-analysis output; DDRi/SPIDR underlying publisher material CC BY 4.0; SUM underlying archive CC BY 4.0; see docs/data_provenance.md	f495b7948e4f13681115c6e5fd89e55a55e85f7a384de6693f4ca26a61194df5	f495b7948e4f13681115c6e5fd89e55a55e85f7a384de6693f4ca26a61194df5
results/extended/original_rule/P380_paired_scores.csv	results/extended/original_rule/P380_paired_scores.csv	PUBLIC_DERIVED_ONLY	Frozen project comparison, aggregation, or source-bound derived table; preserve exact values	User-authorized project secondary-analysis output; DDRi/SPIDR underlying publisher material CC BY 4.0; SUM underlying archive CC BY 4.0; see docs/data_provenance.md	60e4294e9fd1f3acc15caacfc287c13bb54c76b1442e11fe40a85ec4dd2615a5	60e4294e9fd1f3acc15caacfc287c13bb54c76b1442e11fe40a85ec4dd2615a5
results/extended/original_rule/S1_manifest.csv	results/extended/original_rule/S1_manifest.csv	PUBLIC_DERIVED_ONLY	Frozen project comparison, aggregation, or source-bound derived table; preserve exact values	User-authorized project secondary-analysis output; DDRi/SPIDR underlying publisher material CC BY 4.0; SUM underlying archive CC BY 4.0; see docs/data_provenance.md	3481ad1bdbe75072071abc5d97dcc98194f457379c912bebbbc67db7d72f7b62	3481ad1bdbe75072071abc5d97dcc98194f457379c912bebbbc67db7d72f7b62
results/extended/original_rule/S2_manifest.csv	results/extended/original_rule/S2_manifest.csv	PUBLIC_DERIVED_ONLY	Frozen project comparison, aggregation, or source-bound derived table; preserve exact values	User-authorized project secondary-analysis output; DDRi/SPIDR underlying publisher material CC BY 4.0; SUM underlying archive CC BY 4.0; see docs/data_provenance.md	cded95fccd2d3b79dbe720c50c4e6dbe0084496a60fea70efe0ee867f8f40228	cded95fccd2d3b79dbe720c50c4e6dbe0084496a60fea70efe0ee867f8f40228
results/extended/original_rule/S3_manifest.csv	results/extended/original_rule/S3_manifest.csv	PUBLIC_DERIVED_ONLY	Frozen project comparison, aggregation, or source-bound derived table; preserve exact values	User-authorized project secondary-analysis output; DDRi/SPIDR underlying publisher material CC BY 4.0; SUM underlying archive CC BY 4.0; see docs/data_provenance.md	27bb61ef383edf3ef0050744bb0fc3335caa2c5ebb9bd48359689ca6c96ee9cd	27bb61ef383edf3ef0050744bb0fc3335caa2c5ebb9bd48359689ca6c96ee9cd
results/extended/original_rule/all12_R3_original_records.csv	results/extended/original_rule/all12_R3_original_records.csv	PUBLIC_DERIVED_ONLY	Frozen project comparison, aggregation, or source-bound derived table; preserve exact values	User-authorized project secondary-analysis output; DDRi/SPIDR underlying publisher material CC BY 4.0; SUM underlying archive CC BY 4.0; see docs/data_provenance.md	21406b380e8ab373c67b9b45d0f92feb08fce4573db23dc2f4f23b033a8ef34a	21406b380e8ab373c67b9b45d0f92feb08fce4573db23dc2f4f23b033a8ef34a
results/extended/original_rule/all12_evidence.csv	results/extended/original_rule/all12_evidence.csv	PUBLIC_DERIVED_ONLY	Frozen project comparison, aggregation, or source-bound derived table; preserve exact values	User-authorized project secondary-analysis output; DDRi/SPIDR underlying publisher material CC BY 4.0; SUM underlying archive CC BY 4.0; see docs/data_provenance.md	a2c6cee224c74b51541f041fc768de1f8cc405514009d9bf1c99831e4f787131	a2c6cee224c74b51541f041fc768de1f8cc405514009d9bf1c99831e4f787131
results/extended/original_rule/analysis_summary.json	results/extended/original_rule/analysis_summary.json	PUBLIC_DERIVED_ONLY	Frozen project comparison, aggregation, or source-bound derived table; preserve exact values	User-authorized project secondary-analysis output; DDRi/SPIDR underlying publisher material CC BY 4.0; SUM underlying archive CC BY 4.0; see docs/data_provenance.md	3d99b5b57ed0657f90176a537bcf1de0a3963f47ccf6e0744eb2df96072f4b79	3d99b5b57ed0657f90176a537bcf1de0a3963f47ccf6e0744eb2df96072f4b79
results/extended/original_rule/assay_control_records.csv	results/extended/original_rule/assay_control_records.csv	PUBLIC_DERIVED_ONLY	Frozen project comparison, aggregation, or source-bound derived table; preserve exact values	User-authorized project secondary-analysis output; DDRi/SPIDR underlying publisher material CC BY 4.0; SUM underlying archive CC BY 4.0; see docs/data_provenance.md	50825fa662fa68ecbed7eca68b39f2e961e802fd5c737b0d3bfaebdac735a907	50825fa662fa68ecbed7eca68b39f2e961e802fd5c737b0d3bfaebdac735a907
results/extended/original_rule/assay_controls.csv	results/extended/original_rule/assay_controls.csv	PUBLIC_DERIVED_ONLY	Frozen project comparison, aggregation, or source-bound derived table; preserve exact values	User-authorized project secondary-analysis output; DDRi/SPIDR underlying publisher material CC BY 4.0; SUM underlying archive CC BY 4.0; see docs/data_provenance.md	a799a7dfccfb5193d52d2f14c956c6eac7c98c52691b3c483f0445126ddb5951	a799a7dfccfb5193d52d2f14c956c6eac7c98c52691b3c483f0445126ddb5951
results/extended/original_rule/canonical_all_source_partners.csv	results/extended/original_rule/canonical_all_source_partners.csv	PUBLIC_DERIVED_ONLY	Frozen project comparison, aggregation, or source-bound derived table; preserve exact values	User-authorized project secondary-analysis output; DDRi/SPIDR underlying publisher material CC BY 4.0; SUM underlying archive CC BY 4.0; see docs/data_provenance.md	b8fbbf8a1b02cbef961751fae6fbe4d59c99cde565f6f446dbfd9fba72394a36	b8fbbf8a1b02cbef961751fae6fbe4d59c99cde565f6f446dbfd9fba72394a36
results/extended/original_rule/canonical_primary_panel.csv	results/extended/original_rule/canonical_primary_panel.csv	PUBLIC_DERIVED_ONLY	Frozen project comparison, aggregation, or source-bound derived table; preserve exact values	User-authorized project secondary-analysis output; DDRi/SPIDR underlying publisher material CC BY 4.0; SUM underlying archive CC BY 4.0; see docs/data_provenance.md	c74513541fec8f996e8278eaceab1aeef18b2bb378c096641345b10b811d3477	c74513541fec8f996e8278eaceab1aeef18b2bb378c096641345b10b811d3477
results/extended/original_rule/canonical_support400_panel.csv	results/extended/original_rule/canonical_support400_panel.csv	PUBLIC_DERIVED_ONLY	Frozen project comparison, aggregation, or source-bound derived table; preserve exact values	User-authorized project secondary-analysis output; DDRi/SPIDR underlying publisher material CC BY 4.0; SUM underlying archive CC BY 4.0; see docs/data_provenance.md	16c548ab830463e935e21eae566ae80773b2484655596b9cd9493d9dda156425	16c548ab830463e935e21eae566ae80773b2484655596b9cd9493d9dda156425
results/extended/original_rule/closure_diagnostics_summary.json	results/extended/original_rule/closure_diagnostics_summary.json	PUBLIC_DERIVED_ONLY	Frozen project comparison, aggregation, or source-bound derived table; preserve exact values	User-authorized project secondary-analysis output; DDRi/SPIDR underlying publisher material CC BY 4.0; SUM underlying archive CC BY 4.0; see docs/data_provenance.md	75f17e1704729aaba48db1a156a83d1348b68faf971b53757c00df73c6107c88	75f17e1704729aaba48db1a156a83d1348b68faf971b53757c00df73c6107c88
results/extended/original_rule/destination_agreement.csv	results/extended/original_rule/destination_agreement.csv	PUBLIC_DERIVED_ONLY	Frozen project comparison, aggregation, or source-bound derived table; preserve exact values	User-authorized project secondary-analysis output; DDRi/SPIDR underlying publisher material CC BY 4.0; SUM underlying archive CC BY 4.0; see docs/data_provenance.md	33aba663326a2f27ff6c21c7c233adfedb403b52a5fab4ef85f0a57e0842d07a	33aba663326a2f27ff6c21c7c233adfedb403b52a5fab4ef85f0a57e0842d07a
results/extended/original_rule/destination_sign_counts.csv	results/extended/original_rule/destination_sign_counts.csv	PUBLIC_DERIVED_ONLY	Frozen project comparison, aggregation, or source-bound derived table; preserve exact values	User-authorized project secondary-analysis output; DDRi/SPIDR underlying publisher material CC BY 4.0; SUM underlying archive CC BY 4.0; see docs/data_provenance.md	767b570a6720e37b40030a76a839066016efea19613a989abd8737b78ad92ec5	767b570a6720e37b40030a76a839066016efea19613a989abd8737b78ad92ec5
results/extended/original_rule/effect_reference_grid.csv	results/extended/original_rule/effect_reference_grid.csv	PUBLIC_DERIVED_ONLY	Frozen project comparison, aggregation, or source-bound derived table; preserve exact values	User-authorized project secondary-analysis output; DDRi/SPIDR underlying publisher material CC BY 4.0; SUM underlying archive CC BY 4.0; see docs/data_provenance.md	eef82802d406bbff462ba37c5b5168b1b3fa00fb2240a0a0b1ea2b17cea3f6e5	eef82802d406bbff462ba37c5b5168b1b3fa00fb2240a0a0b1ea2b17cea3f6e5
results/extended/original_rule/gene_evidence_table.csv	results/extended/original_rule/gene_evidence_table.csv	PUBLIC_DERIVED_ONLY	Frozen project comparison, aggregation, or source-bound derived table; preserve exact values	User-authorized project secondary-analysis output; DDRi/SPIDR underlying publisher material CC BY 4.0; SUM underlying archive CC BY 4.0; see docs/data_provenance.md	e345511c22384db37455a4c0b16d868c6b67f7b0289ceb4b581703c06a26fbf0	e345511c22384db37455a4c0b16d868c6b67f7b0289ceb4b581703c06a26fbf0
results/extended/original_rule/influence_diagnostics.csv	results/extended/original_rule/influence_diagnostics.csv	PUBLIC_DERIVED_ONLY	Frozen project comparison, aggregation, or source-bound derived table; preserve exact values	User-authorized project secondary-analysis output; DDRi/SPIDR underlying publisher material CC BY 4.0; SUM underlying archive CC BY 4.0; see docs/data_provenance.md	e95447875168aa7bbad14e1e3241f1d97db0f50658f3cdc6e4427d1ca7689f52	e95447875168aa7bbad14e1e3241f1d97db0f50658f3cdc6e4427d1ca7689f52
results/extended/original_rule/literal_label_annotations.csv	results/extended/original_rule/literal_label_annotations.csv	PUBLIC_DERIVED_ONLY	Frozen project comparison, aggregation, or source-bound derived table; preserve exact values	User-authorized project secondary-analysis output; DDRi/SPIDR underlying publisher material CC BY 4.0; SUM underlying archive CC BY 4.0; see docs/data_provenance.md	f331f02d7c7a56c9ac6485c39141501cad57452e400426982e1daed0a3e532a3	f331f02d7c7a56c9ac6485c39141501cad57452e400426982e1daed0a3e532a3
results/extended/original_rule/matched_control_pairs.csv	results/extended/original_rule/matched_control_pairs.csv	PUBLIC_DERIVED_ONLY	Frozen project comparison, aggregation, or source-bound derived table; preserve exact values	User-authorized project secondary-analysis output; DDRi/SPIDR underlying publisher material CC BY 4.0; SUM underlying archive CC BY 4.0; see docs/data_provenance.md	fa82da3e3dac9eeebef5d1a2d0aa2b25db7f7a242d96f3086c82f982171a7470	fa82da3e3dac9eeebef5d1a2d0aa2b25db7f7a242d96f3086c82f982171a7470
results/extended/original_rule/matched_source_cases.csv	results/extended/original_rule/matched_source_cases.csv	PUBLIC_DERIVED_ONLY	Frozen project comparison, aggregation, or source-bound derived table; preserve exact values	User-authorized project secondary-analysis output; DDRi/SPIDR underlying publisher material CC BY 4.0; SUM underlying archive CC BY 4.0; see docs/data_provenance.md	48c6f250eb2668b25a80e5c305f953714ccc1dae5d5283425fe220253355a08d	48c6f250eb2668b25a80e5c305f953714ccc1dae5d5283425fe220253355a08d
results/extended/original_rule/omitted_source_called24.csv	results/extended/original_rule/omitted_source_called24.csv	PUBLIC_DERIVED_ONLY	Frozen project comparison, aggregation, or source-bound derived table; preserve exact values	User-authorized project secondary-analysis output; DDRi/SPIDR underlying publisher material CC BY 4.0; SUM underlying archive CC BY 4.0; see docs/data_provenance.md	44f76de8755e75916ea618ba60bfefdca8a749ffe73f656483bedf879c762544	44f76de8755e75916ea618ba60bfefdca8a749ffe73f656483bedf879c762544
results/extended/original_rule/pairwise_effects.csv	results/extended/original_rule/pairwise_effects.csv	PUBLIC_DERIVED_ONLY	Frozen project comparison, aggregation, or source-bound derived table; preserve exact values	User-authorized project secondary-analysis output; DDRi/SPIDR underlying publisher material CC BY 4.0; SUM underlying archive CC BY 4.0; see docs/data_provenance.md	c9140fad774ffd9da19a2c06897059fc3d1264c2fcad408e12e6e0cbd3985b39	c9140fad774ffd9da19a2c06897059fc3d1264c2fcad408e12e6e0cbd3985b39
results/extended/original_rule/record_envelopes.csv	results/extended/original_rule/record_envelopes.csv	PUBLIC_DERIVED_ONLY	Frozen project comparison, aggregation, or source-bound derived table; preserve exact values	User-authorized project secondary-analysis output; DDRi/SPIDR underlying publisher material CC BY 4.0; SUM underlying archive CC BY 4.0; see docs/data_provenance.md	61f8e73c49c03bbfee490c7660bc0213f6cf7fbb6991d9e1e5368ba3e4fe27e3	61f8e73c49c03bbfee490c7660bc0213f6cf7fbb6991d9e1e5368ba3e4fe27e3
results/extended/original_rule/sentinel_PRDX1.csv	results/extended/original_rule/sentinel_PRDX1.csv	PUBLIC_DERIVED_ONLY	Frozen project comparison, aggregation, or source-bound derived table; preserve exact values	User-authorized project secondary-analysis output; DDRi/SPIDR underlying publisher material CC BY 4.0; SUM underlying archive CC BY 4.0; see docs/data_provenance.md	e63d4bcdbd54ef97e075942f1e196bb850562ee788a9031f1f7e7a8e41c59c74	e63d4bcdbd54ef97e075942f1e196bb850562ee788a9031f1f7e7a8e41c59c74
results/extended/original_rule/sentinel_PRDX1_original_R2.csv	results/extended/original_rule/sentinel_PRDX1_original_R2.csv	PUBLIC_DERIVED_ONLY	Frozen project comparison, aggregation, or source-bound derived table; preserve exact values	User-authorized project secondary-analysis output; DDRi/SPIDR underlying publisher material CC BY 4.0; SUM underlying archive CC BY 4.0; see docs/data_provenance.md	7423e8c7cd5e3bf77146bbe8668b70a54564029029038f5930ffbfad8bce4dd4	7423e8c7cd5e3bf77146bbe8668b70a54564029029038f5930ffbfad8bce4dd4
results/extended/original_rule/sentinel_PRDX1_original_R3.csv	results/extended/original_rule/sentinel_PRDX1_original_R3.csv	PUBLIC_DERIVED_ONLY	Frozen project comparison, aggregation, or source-bound derived table; preserve exact values	User-authorized project secondary-analysis output; DDRi/SPIDR underlying publisher material CC BY 4.0; SUM underlying archive CC BY 4.0; see docs/data_provenance.md	e8754baad9abb2e92b8d5a9659eb52559daca4ae38c71317ea8e4257067fa1e7	e8754baad9abb2e92b8d5a9659eb52559daca4ae38c71317ea8e4257067fa1e7
results/extended/original_rule/source_fragility.csv	results/extended/original_rule/source_fragility.csv	PUBLIC_DERIVED_ONLY	Frozen project comparison, aggregation, or source-bound derived table; preserve exact values	User-authorized project secondary-analysis output; DDRi/SPIDR underlying publisher material CC BY 4.0; SUM underlying archive CC BY 4.0; see docs/data_provenance.md	ee6fab1923738ab61fe97d76fd78c739eaac29cfaaca1e956e4326c2fcd2170c	ee6fab1923738ab61fe97d76fd78c739eaac29cfaaca1e956e4326c2fcd2170c
results/extended/original_rule/source_retained_omitted_descriptives.csv	results/extended/original_rule/source_retained_omitted_descriptives.csv	PUBLIC_DERIVED_ONLY	Frozen project comparison, aggregation, or source-bound derived table; preserve exact values	User-authorized project secondary-analysis output; DDRi/SPIDR underlying publisher material CC BY 4.0; SUM underlying archive CC BY 4.0; see docs/data_provenance.md	08bdb502f817496f66fd4f39daaedbbc10fb0a6a6749c197771ca16fe36087e9	08bdb502f817496f66fd4f39daaedbbc10fb0a6a6749c197771ca16fe36087e9
results/extended/original_rule/specificity_diagnostics.csv	results/extended/original_rule/specificity_diagnostics.csv	PUBLIC_DERIVED_ONLY	Frozen project comparison, aggregation, or source-bound derived table; preserve exact values	User-authorized project secondary-analysis output; DDRi/SPIDR underlying publisher material CC BY 4.0; SUM underlying archive CC BY 4.0; see docs/data_provenance.md	37d615071e349de553a82ca9fcbfc54ee32d6068b7d48bbce4698ac270ef27cf	37d615071e349de553a82ca9fcbfc54ee32d6068b7d48bbce4698ac270ef27cf
results/extended/original_rule/support_attrition.csv	results/extended/original_rule/support_attrition.csv	PUBLIC_DERIVED_ONLY	Frozen project comparison, aggregation, or source-bound derived table; preserve exact values	User-authorized project secondary-analysis output; DDRi/SPIDR underlying publisher material CC BY 4.0; SUM underlying archive CC BY 4.0; see docs/data_provenance.md	277c0996bab5bb511e1514547a0ef816298233b8a6191387c052bb93b4d56d7f	277c0996bab5bb511e1514547a0ef816298233b8a6191387c052bb93b4d56d7f
results/extended/original_rule/support_flow.csv	results/extended/original_rule/support_flow.csv	PUBLIC_DERIVED_ONLY	Frozen project comparison, aggregation, or source-bound derived table; preserve exact values	User-authorized project secondary-analysis output; DDRi/SPIDR underlying publisher material CC BY 4.0; SUM underlying archive CC BY 4.0; see docs/data_provenance.md	98b2f1239120868c9fa43699c59c3ad5415612d4a22ba882461c2e64366f354c	98b2f1239120868c9fa43699c59c3ad5415612d4a22ba882461c2e64366f354c
results/extended/original_rule/support_retention.csv	results/extended/original_rule/support_retention.csv	PUBLIC_DERIVED_ONLY	Frozen project comparison, aggregation, or source-bound derived table; preserve exact values	User-authorized project secondary-analysis output; DDRi/SPIDR underlying publisher material CC BY 4.0; SUM underlying archive CC BY 4.0; see docs/data_provenance.md	9a429695ec961f47496b6c53872caa067a737f34fa1133a51ffdd8e52ccf4c9b	9a429695ec961f47496b6c53872caa067a737f34fa1133a51ffdd8e52ccf4c9b
results/extended/readout_boundaries/all_extended6_groups.tsv	results/extended/readout_boundaries/all_extended6_groups.tsv	PUBLIC_DERIVED_ONLY	Frozen project comparison, aggregation, or source-bound derived table; preserve exact values	User-authorized project secondary-analysis output; DDRi/SPIDR underlying publisher material CC BY 4.0; SUM underlying archive CC BY 4.0; see docs/data_provenance.md	81b7f624f3f26561f731f7d6b9cd34bcd3556c3a1ffa467a1798e46df2bcb65c	81b7f624f3f26561f731f7d6b9cd34bcd3556c3a1ffa467a1798e46df2bcb65c
results/extended/readout_boundaries/extended6_interactions.tsv	results/extended/readout_boundaries/extended6_interactions.tsv	PUBLIC_DERIVED_ONLY	Frozen project comparison, aggregation, or source-bound derived table; preserve exact values	User-authorized project secondary-analysis output; DDRi/SPIDR underlying publisher material CC BY 4.0; SUM underlying archive CC BY 4.0; see docs/data_provenance.md	b5e3cadb913fbac3c10d5810dd8f0fb65f31e78dd4c2be5aaf9a89ae3ccd830d	b5e3cadb913fbac3c10d5810dd8f0fb65f31e78dd4c2be5aaf9a89ae3ccd830d
results/extended/support_views/all_member_losses.tsv.gz	results/extended/support_views/all_member_losses.tsv.gz	PUBLIC_DERIVED_ONLY	Frozen project comparison, aggregation, or source-bound derived table; preserve exact values	User-authorized project secondary-analysis output; DDRi/SPIDR underlying publisher material CC BY 4.0; SUM underlying archive CC BY 4.0; see docs/data_provenance.md	f400ccacf718a4e9804ee985117455632e428bbf75a35ca05dc665235b8cac7f	f400ccacf718a4e9804ee985117455632e428bbf75a35ca05dc665235b8cac7f
results/extended/support_views/gene_transcript_effects.tsv	results/extended/support_views/gene_transcript_effects.tsv	PUBLIC_DERIVED_ONLY	Frozen project comparison, aggregation, or source-bound derived table; preserve exact values	User-authorized project secondary-analysis output; DDRi/SPIDR underlying publisher material CC BY 4.0; SUM underlying archive CC BY 4.0; see docs/data_provenance.md	db03db1b963333e8e687f78f9da18862aba1e87bee823d024338de155febfb77	db03db1b963333e8e687f78f9da18862aba1e87bee823d024338de155febfb77
results/extended/support_views/joint_sample_influence.tsv	results/extended/support_views/joint_sample_influence.tsv	PUBLIC_DERIVED_ONLY	Frozen project comparison, aggregation, or source-bound derived table; preserve exact values	User-authorized project secondary-analysis output; DDRi/SPIDR underlying publisher material CC BY 4.0; SUM underlying archive CC BY 4.0; see docs/data_provenance.md	44e56379b8baa2ad1ab5dbc66dd9087cb9b9725b5ab4aad3effc6d178032940c	44e56379b8baa2ad1ab5dbc66dd9087cb9b9725b5ab4aad3effc6d178032940c
results/extended/support_views/member_sample_values.tsv.gz	results/extended/support_views/member_sample_values.tsv.gz	PUBLIC_DERIVED_ONLY	Frozen project comparison, aggregation, or source-bound derived table; preserve exact values	User-authorized project secondary-analysis output; DDRi/SPIDR underlying publisher material CC BY 4.0; SUM underlying archive CC BY 4.0; see docs/data_provenance.md	24281bf6fe6fe11b461d622193be04eec9ed563c416c09cf63f9c2818186da6f	24281bf6fe6fe11b461d622193be04eec9ed563c416c09cf63f9c2818186da6f
results/extended/support_views/old_common_projection.tsv	results/extended/support_views/old_common_projection.tsv	PUBLIC_DERIVED_ONLY	Frozen project comparison, aggregation, or source-bound derived table; preserve exact values	User-authorized project secondary-analysis output; DDRi/SPIDR underlying publisher material CC BY 4.0; SUM underlying archive CC BY 4.0; see docs/data_provenance.md	d7943b374f9bd23d29e54558fe874a62a40ec70cba059d4fe7334a3aaa041784	d7943b374f9bd23d29e54558fe874a62a40ec70cba059d4fe7334a3aaa041784
results/extended/support_views/old_projection_regression.tsv	results/extended/support_views/old_projection_regression.tsv	PUBLIC_DERIVED_ONLY	Frozen project comparison, aggregation, or source-bound derived table; preserve exact values	User-authorized project secondary-analysis output; DDRi/SPIDR underlying publisher material CC BY 4.0; SUM underlying archive CC BY 4.0; see docs/data_provenance.md	b39d06fefe9e16b2eafe0e539cd722df7d27c57d5e3fd69a8b5a0bc63d8d0ca7	b39d06fefe9e16b2eafe0e539cd722df7d27c57d5e3fd69a8b5a0bc63d8d0ca7
results/extended/support_views/sequential_decomposition.tsv	results/extended/support_views/sequential_decomposition.tsv	PUBLIC_DERIVED_ONLY	Frozen project comparison, aggregation, or source-bound derived table; preserve exact values	User-authorized project secondary-analysis output; DDRi/SPIDR underlying publisher material CC BY 4.0; SUM underlying archive CC BY 4.0; see docs/data_provenance.md	97e4bc26e4227257463e0255c486b8b01ae18c23c75550133edfd80a0a1c0e8b	97e4bc26e4227257463e0255c486b8b01ae18c23c75550133edfd80a0a1c0e8b
results/extended/support_views/single_member_influence.tsv	results/extended/support_views/single_member_influence.tsv	PUBLIC_DERIVED_ONLY	Frozen project comparison, aggregation, or source-bound derived table; preserve exact values	User-authorized project secondary-analysis output; DDRi/SPIDR underlying publisher material CC BY 4.0; SUM underlying archive CC BY 4.0; see docs/data_provenance.md	e2d46cc1c918185ea2c5b5d5cb20054820cd0e58b60b5c1559a966c4a85990c7	e2d46cc1c918185ea2c5b5d5cb20054820cd0e58b60b5c1559a966c4a85990c7
results/extended/temporal/all_L2_trajectories.tsv.gz	results/extended/temporal/all_L2_trajectories.tsv.gz	PUBLIC_DERIVED_ONLY	Frozen project comparison, aggregation, or source-bound derived table; preserve exact values	User-authorized project secondary-analysis output; DDRi/SPIDR underlying publisher material CC BY 4.0; SUM underlying archive CC BY 4.0; see docs/data_provenance.md	7c15129403dae8a20942228731090223f758551176987cd67064544795734778	7c15129403dae8a20942228731090223f758551176987cd67064544795734778
revision/code/build_document.py	revision/code/build_document.py	PUBLIC_INCLUDE	Project code, documentation, or fixed protocol; user authorized public release	Project release permission; no public software reuse license selected	51ab9ef5d216cbeb74094b6db1e7672504843ce8abff4131619a23d7f82903f5	51ab9ef5d216cbeb74094b6db1e7672504843ce8abff4131619a23d7f82903f5
revision/code/build_figures.py	revision/code/build_figures.py	PUBLIC_INCLUDE	Project code, documentation, or fixed protocol; user authorized public release	Project release permission; no public software reuse license selected	c225ce47a3f9358fe03b8b3aaf5ca16e5e6011b98532dcadd002501987133bb3	c225ce47a3f9358fe03b8b3aaf5ca16e5e6011b98532dcadd002501987133bb3
revision/code/revise_existing_outputs.py	revision/code/revise_existing_outputs.py	PUBLIC_INCLUDE	Project code, documentation, or fixed protocol; user authorized public release	Project release permission; no public software reuse license selected	f003349cc60bde9250270019c0a7aa43cd3e316f9fce7929cf8ac3779fbab364	f003349cc60bde9250270019c0a7aa43cd3e316f9fce7929cf8ac3779fbab364
revision/code/verify_delivery.py	revision/code/verify_delivery.py	PUBLIC_INCLUDE	Project code, documentation, or fixed protocol; user authorized public release	Project release permission; no public software reuse license selected	bc8c6e804f03bfcb3c78d93a1de9ee706bd74324c78ec970837f0195f04ed058	bc8c6e804f03bfcb3c78d93a1de9ee706bd74324c78ec970837f0195f04ed058
revision/data/context/Fig5d_full_source_values.tsv	revision/data/context/Fig5d_full_source_values.tsv	PUBLIC_DERIVED_ONLY	Frozen project comparison, aggregation, or source-bound derived table; preserve exact values	User-authorized project secondary-analysis output; DDRi/SPIDR underlying publisher material CC BY 4.0; SUM underlying archive CC BY 4.0; see docs/data_provenance.md	49bf504ff9b6dd43c835fb45efab46d7daa5805414add51afb640ca857ab2bef	49bf504ff9b6dd43c835fb45efab46d7daa5805414add51afb640ca857ab2bef
revision/data/context/normalization_denominator_ledger.tsv	revision/data/context/normalization_denominator_ledger.tsv	PUBLIC_DERIVED_ONLY	Frozen project comparison, aggregation, or source-bound derived table; preserve exact values	User-authorized project secondary-analysis output; DDRi/SPIDR underlying publisher material CC BY 4.0; SUM underlying archive CC BY 4.0; see docs/data_provenance.md	53680890d0e4828bcdaf136d0321386689dbbfc16dcd173adb0bf754339c11ac	53680890d0e4828bcdaf136d0321386689dbbfc16dcd173adb0bf754339c11ac
revision/data/crossover/PROTOCOL_LOCK.json	revision/data/crossover/PROTOCOL_LOCK.json	PUBLIC_DERIVED_ONLY	Frozen project comparison, aggregation, or source-bound derived table; preserve exact values	User-authorized project secondary-analysis output; DDRi/SPIDR underlying publisher material CC BY 4.0; SUM underlying archive CC BY 4.0; see docs/data_provenance.md	1234ea0a21e376b7382736dd53a42edd755970257a89cb785fbdb25d10d03ae1	1234ea0a21e376b7382736dd53a42edd755970257a89cb785fbdb25d10d03ae1
revision/data/crossover/R2_contrasts.tsv	revision/data/crossover/R2_contrasts.tsv	PUBLIC_DERIVED_ONLY	Frozen project comparison, aggregation, or source-bound derived table; preserve exact values	User-authorized project secondary-analysis output; DDRi/SPIDR underlying publisher material CC BY 4.0; SUM underlying archive CC BY 4.0; see docs/data_provenance.md	22f1646a71c30b57ff23d6ac1b7550471a5f820882e15d6533874e3aa23f9a5e	22f1646a71c30b57ff23d6ac1b7550471a5f820882e15d6533874e3aa23f9a5e
revision/data/crossover/R2_frozen_background_values.tsv.gz	revision/data/crossover/R2_frozen_background_values.tsv.gz	PUBLIC_DERIVED_ONLY	Frozen project comparison, aggregation, or source-bound derived table; preserve exact values	User-authorized project secondary-analysis output; DDRi/SPIDR underlying publisher material CC BY 4.0; SUM underlying archive CC BY 4.0; see docs/data_provenance.md	91bfc9d304e280ebd7cacef0f21d0345bdd65b59354e6437a6b09df539e3a989	91bfc9d304e280ebd7cacef0f21d0345bdd65b59354e6437a6b09df539e3a989
revision/data/crossover/R2_member_evidence.tsv	revision/data/crossover/R2_member_evidence.tsv	PUBLIC_DERIVED_ONLY	Frozen project comparison, aggregation, or source-bound derived table; preserve exact values	User-authorized project secondary-analysis output; DDRi/SPIDR underlying publisher material CC BY 4.0; SUM underlying archive CC BY 4.0; see docs/data_provenance.md	21f7d1ee3bea6b9ef2947c016895bce01a368a704b5e435aa5a24fa4005cd37d	21f7d1ee3bea6b9ef2947c016895bce01a368a704b5e435aa5a24fa4005cd37d
revision/data/crossover/R2_modules.tsv	revision/data/crossover/R2_modules.tsv	PUBLIC_DERIVED_ONLY	Frozen project comparison, aggregation, or source-bound derived table; preserve exact values	User-authorized project secondary-analysis output; DDRi/SPIDR underlying publisher material CC BY 4.0; SUM underlying archive CC BY 4.0; see docs/data_provenance.md	3a735fd783ff07956f210f9b39a2270b7fa7dced563f10d964dd97ac50c4cc2d	3a735fd783ff07956f210f9b39a2270b7fa7dced563f10d964dd97ac50c4cc2d
revision/data/crossover/common_background.tsv	revision/data/crossover/common_background.tsv	PUBLIC_DERIVED_ONLY	Frozen project comparison, aggregation, or source-bound derived table; preserve exact values	User-authorized project secondary-analysis output; DDRi/SPIDR underlying publisher material CC BY 4.0; SUM underlying archive CC BY 4.0; see docs/data_provenance.md	2260d4d945cb5d4d77c3d196ab7e03dd9d7bf1b07118eab9d37a388f8be83bbe	2260d4d945cb5d4d77c3d196ab7e03dd9d7bf1b07118eab9d37a388f8be83bbe
revision/data/crossover/members.tsv	revision/data/crossover/members.tsv	PUBLIC_DERIVED_ONLY	Frozen project comparison, aggregation, or source-bound derived table; preserve exact values	User-authorized project secondary-analysis output; DDRi/SPIDR underlying publisher material CC BY 4.0; SUM underlying archive CC BY 4.0; see docs/data_provenance.md	e8cb582618a007125819535190e4977420304256bddf57efbc2da75c32cb25f1	e8cb582618a007125819535190e4977420304256bddf57efbc2da75c32cb25f1
revision/data/terminal/count_floor.tsv	revision/data/terminal/count_floor.tsv	PUBLIC_DERIVED_ONLY	Frozen project comparison, aggregation, or source-bound derived table; preserve exact values	User-authorized project secondary-analysis output; DDRi/SPIDR underlying publisher material CC BY 4.0; SUM underlying archive CC BY 4.0; see docs/data_provenance.md	e3ed54eaba15818182d1e46972ade1cc79f8fc4b57ab9fb3b1bf70f887f3d634	e3ed54eaba15818182d1e46972ade1cc79f8fc4b57ab9fb3b1bf70f887f3d634
revision/data/terminal/decision_grid.tsv	revision/data/terminal/decision_grid.tsv	PUBLIC_DERIVED_ONLY	Frozen project comparison, aggregation, or source-bound derived table; preserve exact values	User-authorized project secondary-analysis output; DDRi/SPIDR underlying publisher material CC BY 4.0; SUM underlying archive CC BY 4.0; see docs/data_provenance.md	43b9aaf4538dba0a28650c5bfd714a2cc07285b5d1d848fd21132b948c1078ca	43b9aaf4538dba0a28650c5bfd714a2cc07285b5d1d848fd21132b948c1078ca
revision/data/terminal/gene_transcript_effects.tsv	revision/data/terminal/gene_transcript_effects.tsv	PUBLIC_DERIVED_ONLY	Frozen project comparison, aggregation, or source-bound derived table; preserve exact values	User-authorized project secondary-analysis output; DDRi/SPIDR underlying publisher material CC BY 4.0; SUM underlying archive CC BY 4.0; see docs/data_provenance.md	db03db1b963333e8e687f78f9da18862aba1e87bee823d024338de155febfb77	db03db1b963333e8e687f78f9da18862aba1e87bee823d024338de155febfb77
revision/data/terminal/member_sample_values.tsv.gz	revision/data/terminal/member_sample_values.tsv.gz	PUBLIC_DERIVED_ONLY	Frozen project comparison, aggregation, or source-bound derived table; preserve exact values	User-authorized project secondary-analysis output; DDRi/SPIDR underlying publisher material CC BY 4.0; SUM underlying archive CC BY 4.0; see docs/data_provenance.md	24281bf6fe6fe11b461d622193be04eec9ed563c416c09cf63f9c2818186da6f	24281bf6fe6fe11b461d622193be04eec9ed563c416c09cf63f9c2818186da6f
revision/data/terminal/pathway_membership.tsv	revision/data/terminal/pathway_membership.tsv	PUBLIC_DERIVED_ONLY	Frozen project comparison, aggregation, or source-bound derived table; preserve exact values	User-authorized project secondary-analysis output; DDRi/SPIDR underlying publisher material CC BY 4.0; SUM underlying archive CC BY 4.0; see docs/data_provenance.md	56662cc451deace0af64f7741cbdbd8b4449ef4c61d4647492a97fc3553d40b4	56662cc451deace0af64f7741cbdbd8b4449ef4c61d4647492a97fc3553d40b4
revision/data/terminal/pathway_sample_values.tsv	revision/data/terminal/pathway_sample_values.tsv	PUBLIC_DERIVED_ONLY	Frozen project comparison, aggregation, or source-bound derived table; preserve exact values	User-authorized project secondary-analysis output; DDRi/SPIDR underlying publisher material CC BY 4.0; SUM underlying archive CC BY 4.0; see docs/data_provenance.md	df67cfdf420d4ff3c2db7245e158c05ec8ea26e359a045045ca7ae826c211c8f	df67cfdf420d4ff3c2db7245e158c05ec8ea26e359a045045ca7ae826c211c8f
revision/provenance/WORK_DONE.json		LOCAL_ARCHIVE_ONLY	Internal packaging/history record retained in original V3; not a recruiter-facing source	Local archive; not published	cb4a4a6d1a23e8c332e62c19f9e5c29eefd3ea593839371ee91a2a29822ef52c	cb4a4a6d1a23e8c332e62c19f9e5c29eefd3ea593839371ee91a2a29822ef52c
revision/provenance/access_scope.json		LOCAL_ARCHIVE_ONLY	Internal packaging/history record retained in original V3; not a recruiter-facing source	Local archive; not published	8120006f5c25e985edf9a0228662940b3d35f8dc18cb4786973fc572bfae76c7	8120006f5c25e985edf9a0228662940b3d35f8dc18cb4786973fc572bfae76c7
revision/provenance/review_DDR_TargetBridge_20260922.docx		EXCLUDE_PRIVATE	Internal simulated editorial review, not scientific source evidence	Internal editorial material	d348ea3eb48f161a5adc4fd0de0b7d6dca5a2ec1adf70021a9e7eebc0dbef8ab	d348ea3eb48f161a5adc4fd0de0b7d6dca5a2ec1adf70021a9e7eebc0dbef8ab
revision/provenance/second_run_stdout.json		LOCAL_ARCHIVE_ONLY	Internal packaging/history record retained in original V3; not a recruiter-facing source	Local archive; not published	f3b4108cccc50750970700661b5345ff7d81cda47e34584269cb9350279943b1	f3b4108cccc50750970700661b5345ff7d81cda47e34584269cb9350279943b1
revision/provenance/source_manifest.json		LOCAL_ARCHIVE_ONLY	Internal packaging/history record retained in original V3; not a recruiter-facing source	Local archive; not published	16a8734f79b6e11ced3e741fe8c13149a8cce1a5b1e481cd9d021a1f85c42cc3	16a8734f79b6e11ced3e741fe8c13149a8cce1a5b1e481cd9d021a1f85c42cc3
revision/provenance/test_run.txt		LOCAL_ARCHIVE_ONLY	Internal packaging/history record retained in original V3; not a recruiter-facing source	Local archive; not published	23a97a16c6863feb2dd0083412c2a153e706f1d74862831655d45ebc7dfb2f62	23a97a16c6863feb2dd0083412c2a153e706f1d74862831655d45ebc7dfb2f62
revision/results/revision/R2_contrasts_reranked.tsv	revision/results/revision/R2_contrasts_reranked.tsv	PUBLIC_DERIVED_ONLY	Frozen project comparison, aggregation, or source-bound derived table; preserve exact values	User-authorized project secondary-analysis output; DDRi/SPIDR underlying publisher material CC BY 4.0; SUM underlying archive CC BY 4.0; see docs/data_provenance.md	badd0ce77bf49c9df6431fc2dc18d1bd35aee37fc7c59bdaa1057775c3c1ddd2	badd0ce77bf49c9df6431fc2dc18d1bd35aee37fc7c59bdaa1057775c3c1ddd2
revision/results/revision/R2_member_locations_reranked.tsv	revision/results/revision/R2_member_locations_reranked.tsv	PUBLIC_DERIVED_ONLY	Frozen project comparison, aggregation, or source-bound derived table; preserve exact values	User-authorized project secondary-analysis output; DDRi/SPIDR underlying publisher material CC BY 4.0; SUM underlying archive CC BY 4.0; see docs/data_provenance.md	398b7bb273132955041ef242cad8808cd9c9057997c356cd862c3ec959714c72	398b7bb273132955041ef242cad8808cd9c9057997c356cd862c3ec959714c72
revision/results/revision/R2_modules_reranked.tsv	revision/results/revision/R2_modules_reranked.tsv	PUBLIC_DERIVED_ONLY	Frozen project comparison, aggregation, or source-bound derived table; preserve exact values	User-authorized project secondary-analysis output; DDRi/SPIDR underlying publisher material CC BY 4.0; SUM underlying archive CC BY 4.0; see docs/data_provenance.md	45dadd956fecd00149470345d7171d7aad276e9448640c84eedd9869d9691d77	45dadd956fecd00149470345d7171d7aad276e9448640c84eedd9869d9691d77
revision/results/revision/REVISION_RECEIPT.json	revision/results/revision/REVISION_RECEIPT.json	PUBLIC_DERIVED_ONLY	Frozen project comparison, aggregation, or source-bound derived table; preserve exact values	User-authorized project secondary-analysis output; DDRi/SPIDR underlying publisher material CC BY 4.0; SUM underlying archive CC BY 4.0; see docs/data_provenance.md	f3b4108cccc50750970700661b5345ff7d81cda47e34584269cb9350279943b1	f3b4108cccc50750970700661b5345ff7d81cda47e34584269cb9350279943b1
revision/results/revision/component_steps.tsv	revision/results/revision/component_steps.tsv	PUBLIC_DERIVED_ONLY	Frozen project comparison, aggregation, or source-bound derived table; preserve exact values	User-authorized project secondary-analysis output; DDRi/SPIDR underlying publisher material CC BY 4.0; SUM underlying archive CC BY 4.0; see docs/data_provenance.md	80101f0494da3ce61e998e2708c7b2396d10902ffdf319c49a0262c2904f6f96	80101f0494da3ce61e998e2708c7b2396d10902ffdf319c49a0262c2904f6f96
revision/results/revision/retained_added_gene_values.tsv	revision/results/revision/retained_added_gene_values.tsv	PUBLIC_DERIVED_ONLY	Frozen project comparison, aggregation, or source-bound derived table; preserve exact values	User-authorized project secondary-analysis output; DDRi/SPIDR underlying publisher material CC BY 4.0; SUM underlying archive CC BY 4.0; see docs/data_provenance.md	de7ce08c1e8bcf969789fb0a4ec8d9e7b2ff239190c8a62963752cd1c7669ef0	de7ce08c1e8bcf969789fb0a4ec8d9e7b2ff239190c8a62963752cd1c7669ef0
revision/results/revision/retained_added_mixture.tsv	revision/results/revision/retained_added_mixture.tsv	PUBLIC_DERIVED_ONLY	Frozen project comparison, aggregation, or source-bound derived table; preserve exact values	User-authorized project secondary-analysis output; DDRi/SPIDR underlying publisher material CC BY 4.0; SUM underlying archive CC BY 4.0; see docs/data_provenance.md	219a69a79f3f08842b767346d55da80f91802ed603afcdd9c64a9de061aa1372	219a69a79f3f08842b767346d55da80f91802ed603afcdd9c64a9de061aa1372
revision/results/revision/revision_regression_checks.tsv	revision/results/revision/revision_regression_checks.tsv	PUBLIC_DERIVED_ONLY	Frozen project comparison, aggregation, or source-bound derived table; preserve exact values	User-authorized project secondary-analysis output; DDRi/SPIDR underlying publisher material CC BY 4.0; SUM underlying archive CC BY 4.0; see docs/data_provenance.md	bd9526e42a6394f95cfc279e9a0ef445f22d7d76ee7a95b5ef4d6cd985297409	bd9526e42a6394f95cfc279e9a0ef445f22d7d76ee7a95b5ef4d6cd985297409
revision/results/revision/six_frozen_results_UNCHANGED.tsv	revision/results/revision/six_frozen_results_UNCHANGED.tsv	PUBLIC_DERIVED_ONLY	Frozen project comparison, aggregation, or source-bound derived table; preserve exact values	User-authorized project secondary-analysis output; DDRi/SPIDR underlying publisher material CC BY 4.0; SUM underlying archive CC BY 4.0; see docs/data_provenance.md	1dddfad93b09ddd821e20b1932dd9bd2161dd384cf758723b4860d14c42cd1be	1dddfad93b09ddd821e20b1932dd9bd2161dd384cf758723b4860d14c42cd1be
revision/tests/test_revision.py	revision/tests/test_revision.py	PUBLIC_INCLUDE	Project code, documentation, or fixed protocol; user authorized public release; public packaging or path-only adaptation, frozen science unchanged	Project release permission; no public software reuse license selected	efd585f4787d06a200d5c7f454c3881f43dc3919ddde004b6f0e3d4d43def9c6	80287e182a207bfec42f77a31adc02c30e4fb48af3310a237f0e2707be651b70
src/targetbridge/__init__.py	src/targetbridge/__init__.py	PUBLIC_INCLUDE	Project code, documentation, or fixed protocol; user authorized public release	Project release permission; no public software reuse license selected	5fe9228bd32d2ce470fbde49b7640b8fc448fcbcbeb647aea29d55aa6bf097b4	5fe9228bd32d2ce470fbde49b7640b8fc448fcbcbeb647aea29d55aa6bf097b4
src/targetbridge/paths.py	src/targetbridge/paths.py	PUBLIC_INCLUDE	Project code, documentation, or fixed protocol; user authorized public release	Project release permission; no public software reuse license selected	437351593dc87a66a2b2c8f5bb43730d3c7eb76aa0bacf182a4898788a5cac74	437351593dc87a66a2b2c8f5bb43730d3c7eb76aa0bacf182a4898788a5cac74
src/targetbridge/vendor/__init__.py	src/targetbridge/vendor/__init__.py	PUBLIC_INCLUDE	Project code, documentation, or fixed protocol; user authorized public release	Project release permission; no public software reuse license selected	49ceaf574e3705790c3a0314dc5cd253604313a642c65b68e9f2cb5c4668419f	49ceaf574e3705790c3a0314dc5cd253604313a642c65b68e9f2cb5c4668419f
src/targetbridge/vendor/counts_core.py	src/targetbridge/vendor/counts_core.py	PUBLIC_INCLUDE	Project code, documentation, or fixed protocol; user authorized public release	Project release permission; no public software reuse license selected	02a9e68a6026854656919204f7c7738dd8109859f476ebb86b3686b4eb15893f	02a9e68a6026854656919204f7c7738dd8109859f476ebb86b3686b4eb15893f
src/targetbridge/vendor/final_execute_decision.py	src/targetbridge/vendor/final_execute_decision.py	PUBLIC_INCLUDE	Project code, documentation, or fixed protocol; user authorized public release	Project release permission; no public software reuse license selected	53fdb6dec4edfa81b643f5fa96a4ce17976831874b54d2d5f99b581b2403db25	53fdb6dec4edfa81b643f5fa96a4ce17976831874b54d2d5f99b581b2403db25
src/targetbridge/vendor/final_independent_check.py	src/targetbridge/vendor/final_independent_check.py	PUBLIC_INCLUDE	Project code, documentation, or fixed protocol; user authorized public release	Project release permission; no public software reuse license selected	5aede60c05eba380dab07de584458e84b5a3f863448512c6b3e8bd1d63698619	5aede60c05eba380dab07de584458e84b5a3f863448512c6b3e8bd1d63698619
tests/test_portable_core.py	tests/test_portable_core.py	PUBLIC_INCLUDE	Project code, documentation, or fixed protocol; user authorized public release	Project release permission; no public software reuse license selected	45804a057a16d6f1908f09af9a36f4ac6658fca42d3778a3400f92c5cab80d98	45804a057a16d6f1908f09af9a36f4ac6658fca42d3778a3400f92c5cab80d98
tests/vendor_original/test_decision_source.py	tests/vendor_original/test_decision_source.py	PUBLIC_INCLUDE	Project code, documentation, or fixed protocol; user authorized public release	Project release permission; no public software reuse license selected	45ab419a185dae84a686326878aafe1841aea1a2e97431ce22425381e37d6bf3	45ab419a185dae84a686326878aafe1841aea1a2e97431ce22425381e37d6bf3
tools/build_documents.py	tools/build_documents.py	PUBLIC_INCLUDE	Project code, documentation, or fixed protocol; user authorized public release	Project release permission; no public software reuse license selected	0cee9a5f6243fda6b465bae020b332644d9139f71b0e40681cefdccb66bfa1f1	0cee9a5f6243fda6b465bae020b332644d9139f71b0e40681cefdccb66bfa1f1
tools/build_figures.py	tools/build_figures.py	PUBLIC_INCLUDE	Project code, documentation, or fixed protocol; user authorized public release	Project release permission; no public software reuse license selected	cf1913cb88a09d5dcc6a071967eed2447896739fa62bbe3d06e7038972a237c8	cf1913cb88a09d5dcc6a071967eed2447896739fa62bbe3d06e7038972a237c8
tools/check_presentation.py		LOCAL_ARCHIVE_ONLY	Internal packaging/history record retained in original V3; not a recruiter-facing source	Local archive; not published	dfbcddedeae0bc849ff891264253abd4a23895b75557b0c0e8a13f3315703709	dfbcddedeae0bc849ff891264253abd4a23895b75557b0c0e8a13f3315703709
tools/check_public_release.py		LOCAL_ARCHIVE_ONLY	Internal packaging/history record retained in original V3; not a recruiter-facing source	Local archive; not published	1fb836f35ab3e76129f21ecd4eab6de3dd1b5b901cdbd2269573a098413eddea	1fb836f35ab3e76129f21ecd4eab6de3dd1b5b901cdbd2269573a098413eddea
tools/explain_result.py	tools/explain_result.py	PUBLIC_INCLUDE	Project code, documentation, or fixed protocol; user authorized public release	Project release permission; no public software reuse license selected	cbbea494a82a43588a1b1444220d4041b5675cfcf54817028794cf26303ef84f	cbbea494a82a43588a1b1444220d4041b5675cfcf54817028794cf26303ef84f
tools/export_pdf.py	tools/export_pdf.py	PUBLIC_INCLUDE	Project code, documentation, or fixed protocol; user authorized public release	Project release permission; no public software reuse license selected	626e71d57f241b1b586089b38c58d2c751fc4a4cc78a3d61613c435009d3c0e4	626e71d57f241b1b586089b38c58d2c751fc4a4cc78a3d61613c435009d3c0e4
tools/restore_history.py		LOCAL_ARCHIVE_ONLY	Internal packaging/history record retained in original V3; not a recruiter-facing source	Local archive; not published	3152d267cdeb48d2a12052f028dd8a5f094c116f1987cffe4afafb798989af41	3152d267cdeb48d2a12052f028dd8a5f094c116f1987cffe4afafb798989af41
tools/run.py	tools/run.py	PUBLIC_INCLUDE	Project code, documentation, or fixed protocol; user authorized public release; public packaging or path-only adaptation, frozen science unchanged	Project release permission; no public software reuse license selected	b95c3c27ea8a9e4dce899e45db3dbffe01c13e2dd310388b0317bcf62985fe56	8c3adf5e7d499a5b6c67767b3c19ea5a5dbd8d3636f938ebecde3135f21e57d4
tools/verify_release.py	tools/verify_release.py	PUBLIC_INCLUDE	Project code, documentation, or fixed protocol; user authorized public release	Project release permission; no public software reuse license selected	d814e3f0e312841a0be8931a16b0520069165cc88ec80c1d18bba8023fb22dbb	d814e3f0e312841a0be8931a16b0520069165cc88ec80c1d18bba8023fb22dbb
tools/verify_revision.py		LOCAL_ARCHIVE_ONLY	Internal packaging/history record retained in original V3; not a recruiter-facing source	Local archive; not published	2ea21eeff3f3985c33f91c1a3e5d5c4197989bc861a4bca1abdfa074fcf64577	2ea21eeff3f3985c33f91c1a3e5d5c4197989bc861a4bca1abdfa074fcf64577
workflows/reproduce_final.py	workflows/reproduce_final.py	PUBLIC_INCLUDE	Project code, documentation, or fixed protocol; user authorized public release	Project release permission; no public software reuse license selected	9a9605cadcf08d5993b51e1d1c6e0bc0943e38ca37ad34b83ac3b84c943c0bd8	9a9605cadcf08d5993b51e1d1c6e0bc0943e38ca37ad34b83ac3b84c943c0bd8
workflows/reproduce_historical.py	workflows/reproduce_historical.py	PUBLIC_INCLUDE	Project code, documentation, or fixed protocol; user authorized public release	Project release permission; no public software reuse license selected	085e98c8bf26d64af8e4ec595fdaf1688bca0ede02e4fb7f560605b492b3b482	085e98c8bf26d64af8e4ec595fdaf1688bca0ede02e4fb7f560605b492b3b482
workflows/vendor_crossover/guard.py	workflows/vendor_crossover/guard.py	PUBLIC_INCLUDE	Project code, documentation, or fixed protocol; user authorized public release	Project release permission; no public software reuse license selected	13982d94ca4a372f476d72fca7c965fe3af8b004ec6cc4ebc9cc05a8bd333764	13982d94ca4a372f476d72fca7c965fe3af8b004ec6cc4ebc9cc05a8bd333764
workflows/vendor_crossover/xlsx_readonly.py	workflows/vendor_crossover/xlsx_readonly.py	PUBLIC_INCLUDE	Project code, documentation, or fixed protocol; user authorized public release	Project release permission; no public software reuse license selected	9b9fac394dd2a7cdab6b26793d12d3ff9ebc810b1c148f932774933ea43cbf7e	9b9fac394dd2a7cdab6b26793d12d3ff9ebc810b1c148f932774933ea43cbf7e
workflows/vendor_prkdc/analyze.py	workflows/vendor_prkdc/analyze.py	PUBLIC_INCLUDE	Project code, documentation, or fixed protocol; user authorized public release	Project release permission; no public software reuse license selected	72fee8b61a1b9c2f34d4fbe4620cfca910db24378703bad009facadf28df9433	72fee8b61a1b9c2f34d4fbe4620cfca910db24378703bad009facadf28df9433
workflows/vendor_prkdc/extract_xlsx.py	workflows/vendor_prkdc/extract_xlsx.py	PUBLIC_INCLUDE	Project code, documentation, or fixed protocol; user authorized public release	Project release permission; no public software reuse license selected	056e8ccdb3b9f0f40ce62c801f113f5a2b3fd3adbdc501b83202db8c22e8a657	056e8ccdb3b9f0f40ce62c801f113f5a2b3fd3adbdc501b83202db8c22e8a657
workflows/vendor_prkdc/metrics.py	workflows/vendor_prkdc/metrics.py	PUBLIC_INCLUDE	Project code, documentation, or fixed protocol; user authorized public release	Project release permission; no public software reuse license selected	0ac541f6ba29420d09969f05e5170863db0ba51851bafcda709ba7fffe4f36a8	0ac541f6ba29420d09969f05e5170863db0ba51851bafcda709ba7fffe4f36a8
workflows/vendor_prkdc/preflight.py	workflows/vendor_prkdc/preflight.py	PUBLIC_INCLUDE	Project code, documentation, or fixed protocol; user authorized public release	Project release permission; no public software reuse license selected	2f17330b8bc942a6ccaf080299803203d199ff97d51a4ca1fabfc670aac11e8a	2f17330b8bc942a6ccaf080299803203d199ff97d51a4ca1fabfc670aac11e8a
workflows/vendor_prkdc/tests/test_metrics.py	workflows/vendor_prkdc/tests/test_metrics.py	PUBLIC_INCLUDE	Project code, documentation, or fixed protocol; user authorized public release	Project release permission; no public software reuse license selected	02cc6fdf2dac02fcab61922005da51259fe62fd7fba320f35a8ccac1345a3441	02cc6fdf2dac02fcab61922005da51259fe62fd7fba320f35a8ccac1345a3441
GENERATED_FOR_PUBLIC_RELEASE/.gitattributes	.gitattributes	PUBLIC_INCLUDE	Public release documentation, test or adapter; no new scientific result	Owner-authorized project publication; third-party terms where attributed	d03234acb3fc65df3442a31c31446e5cc9a16dca5476ec9212da1726b555fd2e	
GENERATED_FOR_PUBLIC_RELEASE/.github/workflows/ci.yml	.github/workflows/ci.yml	PUBLIC_INCLUDE	Public release documentation, test or adapter; no new scientific result	Owner-authorized project publication; third-party terms where attributed	2247067d8ce106bc4b0a0d02f77f76bb30d86ab09cac21e9c674f2486ac0fdcd	
GENERATED_FOR_PUBLIC_RELEASE/CITATION.cff.template	CITATION.cff.template	PUBLIC_INCLUDE	Public release documentation, test or adapter; no new scientific result	Owner-authorized project publication; third-party terms where attributed	bb4aa94561588b1778b56bae8279511512f5935477f71aaa530ffd8410471f88	
GENERATED_FOR_PUBLIC_RELEASE/PUBLIC_RELEASE_AUDIT.md	PUBLIC_RELEASE_AUDIT.md	PUBLIC_INCLUDE	Public release documentation, test or adapter; no new scientific result	Owner-authorized project publication; third-party terms where attributed	5ecbc27579e040ec00091752187978ed227b163ea2a4334cda0483ae26d55cd1	
GENERATED_FOR_PUBLIC_RELEASE/PUBLIC_RELEASE_RECEIPT.json	PUBLIC_RELEASE_RECEIPT.json	PUBLIC_INCLUDE	Public release documentation, test or adapter; no new scientific result	Owner-authorized project publication; third-party terms where attributed	a50ac15a9bcb200214a7d046fe7cce097bb4357cf4ac314094613b15e3add5d8	
GENERATED_FOR_PUBLIC_RELEASE/data_metadata/external_inputs.json	data_metadata/external_inputs.json	PUBLIC_INCLUDE	Public release documentation, test or adapter; no new scientific result	Owner-authorized project publication; third-party terms where attributed	a6326c0c716fd5d3583644f4d00c2f48ccb834e402bbe505811b4734bc02ab76	
GENERATED_FOR_PUBLIC_RELEASE/data_metadata/sources.tsv	data_metadata/sources.tsv	PUBLIC_INCLUDE	Public release documentation, test or adapter; no new scientific result	Owner-authorized project publication; third-party terms where attributed	74e551cdb432e8c14b41a925ac74e3c383391dfa299aa30afca5e0a0a14df8c3	
GENERATED_FOR_PUBLIC_RELEASE/docs/LICENSE_DECISION_REQUIRED.md	docs/LICENSE_DECISION_REQUIRED.md	PUBLIC_INCLUDE	Public release documentation, test or adapter; no new scientific result	Owner-authorized project publication; third-party terms where attributed	2fc546d240a97c72dea24a966402037cf837e863380d7772fb571b9875eed61b	
GENERATED_FOR_PUBLIC_RELEASE/docs/PUBLIC_RELEASE_CHECKLIST.md	docs/PUBLIC_RELEASE_CHECKLIST.md	PUBLIC_INCLUDE	Public release documentation, test or adapter; no new scientific result	Owner-authorized project publication; third-party terms where attributed	cd90512d317aa78798a4085de4f412e67b2f0e62ab07f27f4e84c30ca05594a1	
GENERATED_FOR_PUBLIC_RELEASE/docs/data_provenance.md	docs/data_provenance.md	PUBLIC_INCLUDE	Public release documentation, test or adapter; no new scientific result	Owner-authorized project publication; third-party terms where attributed	88130d561a5e4b74817faed678625fff31746765d9ff2f9f33f830657ae5cadb	
GENERATED_FOR_PUBLIC_RELEASE/docs/provenance/README.md	docs/provenance/README.md	PUBLIC_INCLUDE	Public release documentation, test or adapter; no new scientific result	Owner-authorized project publication; third-party terms where attributed	ab6193eb831feda40ceab4c0aad86f1c1d460829e57cb3cca168846621efd58f	
GENERATED_FOR_PUBLIC_RELEASE/docs/retrieval.md	docs/retrieval.md	PUBLIC_INCLUDE	Public release documentation, test or adapter; no new scientific result	Owner-authorized project publication; third-party terms where attributed	46e958a953b594f433483f83207fba07f504fcb8b49473a41103e24edf4d8c87	
GENERATED_FOR_PUBLIC_RELEASE/docs/scientific_claims.md	docs/scientific_claims.md	PUBLIC_INCLUDE	Public release documentation, test or adapter; no new scientific result	Owner-authorized project publication; third-party terms where attributed	1fb4672ca8e71e603f5be606a86d64efa963f64992f352b1a35d88874587c9a1	
GENERATED_FOR_PUBLIC_RELEASE/public_tests/test_public.py	public_tests/test_public.py	PUBLIC_INCLUDE	Public release documentation, test or adapter; no new scientific result	Owner-authorized project publication; third-party terms where attributed	6826a5b30e3692bb49ba9de466ade0eb359536a616baefb8950db2886dbb3f68	
GENERATED_FOR_PUBLIC_RELEASE/reports/CASE_STUDY.pdf	reports/CASE_STUDY.pdf	PUBLIC_INCLUDE	Public release documentation, test or adapter; no new scientific result	Owner-authorized project publication; third-party terms where attributed	74bd27ccc1580a1c6053df0c6c94b4bab0aac861d3a88bc501f9b6413cf13016	
GENERATED_FOR_PUBLIC_RELEASE/revision/provenance/source_manifest.json	revision/provenance/source_manifest.json	PUBLIC_INCLUDE	Public release documentation, test or adapter; no new scientific result	Owner-authorized project publication; third-party terms where attributed	2ffb3f09363acaaa2753c1ee6fe845da84eead9d859f5be1405943e914f6058e	
GENERATED_FOR_PUBLIC_RELEASE/tools/public_gate.py	tools/public_gate.py	PUBLIC_INCLUDE	Public release documentation, test or adapter; no new scientific result	Owner-authorized project publication; third-party terms where attributed	70e56ed3cb6cf2ccc9220202d7c5d3768445d1eae981fad2e4427054cfcf85f7	
GENERATED_FOR_PUBLIC_RELEASE/workflows/reproduce_public_core.py	workflows/reproduce_public_core.py	PUBLIC_INCLUDE	Public release documentation, test or adapter; no new scientific result	Owner-authorized project publication; third-party terms where attributed	23496f694d592fccabe8eb3495fac63f4a86b2272d1408e01b1308955cc0fdc5	
